timestamp,open,high,low,close,volume
2025-01-13 00:00:00,0.3187,0.3187,0.3177,0.3183,25401.79
2025-01-13 00:01:00,0.3184,0.3184,0.3179,0.3184,6658.52
2025-01-13 00:02:00,0.3185,0.3185,0.3182,0.3182,4447.76
2025-01-13 00:03:00,0.3182,0.3188,0.3182,0.3188,1765.15
2025-01-13 00:04:00,0.3185,0.3188,0.3184,0.3188,4023.5
2025-01-13 00:05:00,0.3186,0.3188,0.3182,0.3182,18639.63
2025-01-13 00:06:00,0.3184,0.3185,0.3182,0.3183,2121.65
2025-01-13 00:07:00,0.3184,0.319,0.3184,0.3188,18919.2
2025-01-13 00:08:00,0.3189,0.3192,0.3187,0.3189,22589.34
2025-01-13 00:09:00,0.3189,0.319,0.3187,0.3187,11824.53
2025-01-13 00:10:00,0.3188,0.3188,0.3187,0.3187,2894.51
2025-01-13 00:11:00,0.3188,0.319,0.3187,0.319,1781.87
2025-01-13 00:12:00,0.319,0.319,0.319,0.319,20.16
2025-01-13 00:13:00,0.3192,0.3192,0.3186,0.3186,17130.73
2025-01-13 00:14:00,0.3186,0.3186,0.3185,0.3186,4734.09
2025-01-13 00:15:00,0.3189,0.3189,0.3188,0.3188,371.85
2025-01-13 00:16:00,0.3195,0.3196,0.3194,0.3194,483.49
2025-01-13 00:17:00,0.3194,0.3194,0.3185,0.3185,7347.7
2025-01-13 00:18:00,0.3186,0.3189,0.3185,0.3189,3648.95
2025-01-13 00:19:00,0.3188,0.3188,0.3186,0.3186,1524.6
2025-01-13 00:20:00,0.3185,0.3185,0.3185,0.3185,1075.2
2025-01-13 00:21:00,0.3183,0.3183,0.3182,0.3182,832.31
2025-01-13 00:22:00,0.3182,0.3188,0.3182,0.3188,2089.36
2025-01-13 00:23:00,0.3189,0.3191,0.3189,0.3191,111.79
2025-01-13 00:24:00,0.3195,0.3195,0.3195,0.3195,4491.45
2025-01-13 00:25:00,0.3195,0.3203,0.3195,0.3201,36561.01
2025-01-13 00:26:00,0.3203,0.3212,0.3203,0.3212,6859.58
2025-01-13 00:27:00,0.3212,0.3219,0.3211,0.3218,14741.2
2025-01-13 00:28:00,0.3218,0.3232,0.3218,0.3222,106181.24
2025-01-13 00:29:00,0.3222,0.323,0.3221,0.3225,20139.73
2025-01-13 00:30:00,0.3224,0.3238,0.3224,0.3237,10829.93
2025-01-13 00:31:00,0.3236,0.3246,0.3236,0.3246,16781.46
2025-01-13 00:32:00,0.3246,0.3255,0.3246,0.3249,18000.45
2025-01-13 00:33:00,0.3248,0.3252,0.3246,0.3252,5477.08
2025-01-13 00:34:00,0.3257,0.3258,0.3249,0.325,8728.07
2025-01-13 00:35:00,0.325,0.3257,0.325,0.3255,26451.29
2025-01-13 00:36:00,0.3258,0.326,0.3256,0.326,6062.8
2025-01-13 00:37:00,0.326,0.3263,0.326,0.3262,2384.07
2025-01-13 00:38:00,0.3259,0.326,0.3251,0.3253,17824.24
2025-01-13 00:39:00,0.3261,0.3261,0.3252,0.3254,19456.24
2025-01-13 00:40:00,0.3255,0.3261,0.3255,0.3258,4689.9
2025-01-13 00:41:00,0.326,0.3263,0.3258,0.3261,16077.51
2025-01-13 00:42:00,0.3261,0.3265,0.326,0.326,3796.32
2025-01-13 00:43:00,0.3256,0.3257,0.3255,0.3256,4110.85
2025-01-13 00:44:00,0.3254,0.3258,0.3246,0.3252,18210.2
2025-01-13 00:45:00,0.3251,0.3252,0.3243,0.3244,36176.12
2025-01-13 00:46:00,0.3243,0.3245,0.3241,0.3245,13125.27
2025-01-13 00:47:00,0.3247,0.3247,0.324,0.3242,2833.28
2025-01-13 00:48:00,0.3241,0.3241,0.3238,0.3238,789.9
2025-01-13 00:49:00,0.3239,0.3242,0.3239,0.3242,1679.43
2025-01-13 00:50:00,0.3246,0.325,0.3246,0.325,6758.58
2025-01-13 00:51:00,0.3247,0.3247,0.3247,0.3247,895.4
2025-01-13 00:52:00,0.3242,0.3243,0.3242,0.3243,1181.34
2025-01-13 00:53:00,0.3241,0.3244,0.3241,0.3244,118.68
2025-01-13 00:54:00,0.3246,0.3246,0.3246,0.3246,603.8
2025-01-13 00:55:00,0.3243,0.3243,0.3236,0.3236,1685.98
2025-01-13 00:56:00,0.3235,0.3238,0.3235,0.3238,3109.04
2025-01-13 00:57:00,0.3239,0.3239,0.3236,0.3237,11933.11
2025-01-13 00:58:00,0.3236,0.3236,0.3235,0.3235,17656.25
2025-01-13 00:59:00,0.3235,0.3237,0.3235,0.3237,209.61
2025-01-13 01:00:00,0.3239,0.3244,0.3238,0.3243,6839.67
2025-01-13 01:01:00,0.3245,0.3246,0.3236,0.3238,5724.75
2025-01-13 01:02:00,0.3242,0.3242,0.3228,0.3229,3727.52
2025-01-13 01:03:00,0.323,0.3234,0.3226,0.3229,12535.73
2025-01-13 01:04:00,0.3229,0.3234,0.3225,0.3232,15807.34
2025-01-13 01:05:00,0.3231,0.3231,0.3225,0.3225,5912.73
2025-01-13 01:06:00,0.3225,0.3225,0.322,0.3221,65459.77
2025-01-13 01:07:00,0.322,0.3221,0.3218,0.322,13005.89
2025-01-13 01:08:00,0.322,0.322,0.3216,0.3216,3237.77
2025-01-13 01:09:00,0.3216,0.3222,0.3216,0.3221,3939.26
2025-01-13 01:10:00,0.3221,0.3222,0.322,0.3222,4250.39
2025-01-13 01:11:00,0.3223,0.3223,0.3216,0.3216,2813.26
2025-01-13 01:12:00,0.3216,0.3219,0.3214,0.3217,5271.66
2025-01-13 01:13:00,0.3217,0.3217,0.3209,0.321,14859.05
2025-01-13 01:14:00,0.3209,0.321,0.3208,0.3208,10474.16
2025-01-13 01:15:00,0.3208,0.3208,0.3205,0.3205,10162.91
2025-01-13 01:16:00,0.3205,0.3208,0.3197,0.3198,8724.45
2025-01-13 01:17:00,0.32,0.3202,0.3199,0.32,1301.66
2025-01-13 01:18:00,0.3199,0.3201,0.3197,0.32,8880.87
2025-01-13 01:19:00,0.3202,0.3202,0.3199,0.3199,2177.18
2025-01-13 01:20:00,0.32,0.3203,0.3198,0.3201,6966.19
2025-01-13 01:21:00,0.32,0.3205,0.3199,0.3204,7145.21
2025-01-13 01:22:00,0.3203,0.3203,0.3201,0.3202,19773.18
2025-01-13 01:23:00,0.3206,0.3206,0.3206,0.3206,188.76
2025-01-13 01:24:00,0.3208,0.3214,0.3208,0.3213,26916.64
2025-01-13 01:25:00,0.3214,0.3216,0.3213,0.3213,4535.25
2025-01-13 01:26:00,0.3212,0.3218,0.3212,0.3217,3387.67
2025-01-13 01:27:00,0.3219,0.3219,0.3216,0.3216,1009.1
2025-01-13 01:28:00,0.3217,0.3217,0.3212,0.3213,13004.14
2025-01-13 01:29:00,0.3213,0.3213,0.321,0.321,2272.54
2025-01-13 01:30:00,0.3211,0.3212,0.3204,0.3207,42115.35
2025-01-13 01:31:00,0.3208,0.3208,0.3204,0.3208,4569.96
2025-01-13 01:32:00,0.3209,0.3216,0.3209,0.3213,3740.27
2025-01-13 01:33:00,0.3215,0.3217,0.3215,0.3217,1360.35
2025-01-13 01:34:00,0.3217,0.3217,0.3214,0.3214,1272.62
2025-01-13 01:35:00,0.3214,0.3214,0.3211,0.3211,818.33
2025-01-13 01:36:00,0.3209,0.3209,0.3206,0.3206,857.16
2025-01-13 01:37:00,0.3205,0.3205,0.3202,0.3203,2294.7
2025-01-13 01:38:00,0.3201,0.3201,0.3194,0.3197,6016.53
2025-01-13 01:39:00,0.3198,0.3198,0.3195,0.3195,3234.39
2025-01-13 01:40:00,0.3194,0.3194,0.3187,0.319,6265.38
2025-01-13 01:41:00,0.3189,0.3189,0.3183,0.3185,25651.18
2025-01-13 01:42:00,0.3184,0.3187,0.3182,0.3186,6751.08
2025-01-13 01:43:00,0.3188,0.3188,0.3186,0.3187,7603.41
2025-01-13 01:44:00,0.3187,0.3189,0.3186,0.3187,13456.84
2025-01-13 01:45:00,0.3186,0.3192,0.3185,0.3192,1556.28
2025-01-13 01:46:00,0.3192,0.3192,0.3189,0.3189,5390.02
2025-01-13 01:47:00,0.319,0.319,0.3182,0.3182,1920.71
2025-01-13 01:48:00,0.3183,0.3186,0.3182,0.3183,6781.55
2025-01-13 01:49:00,0.3181,0.3181,0.3164,0.3165,9943.37
2025-01-13 01:50:00,0.3165,0.3174,0.3162,0.3166,72611.81
2025-01-13 01:51:00,0.3168,0.317,0.3165,0.317,27261.34
2025-01-13 01:52:00,0.3169,0.3171,0.3166,0.3166,36389.76
2025-01-13 01:53:00,0.3166,0.3171,0.3162,0.3162,15269.86
2025-01-13 01:54:00,0.3163,0.3164,0.316,0.316,13092.44
2025-01-13 01:55:00,0.316,0.3168,0.316,0.3165,27830.58
2025-01-13 01:56:00,0.3166,0.3169,0.3165,0.3168,11403.92
2025-01-13 01:57:00,0.3168,0.317,0.3168,0.3168,6544.09
2025-01-13 01:58:00,0.3166,0.3167,0.3165,0.3167,2666.11
2025-01-13 01:59:00,0.3169,0.3169,0.3169,0.3169,1854.8
2025-01-13 02:00:00,0.3172,0.318,0.3172,0.3175,25447.27
2025-01-13 02:01:00,0.3174,0.3178,0.3174,0.3174,6116.05
2025-01-13 02:02:00,0.3174,0.3174,0.3169,0.3169,10216.4
2025-01-13 02:03:00,0.3169,0.3172,0.3169,0.3172,12278.67
2025-01-13 02:04:00,0.3172,0.3172,0.3167,0.317,2008.51
2025-01-13 02:05:00,0.3168,0.3168,0.3161,0.3163,18851.76
2025-01-13 02:06:00,0.3166,0.3166,0.3162,0.3162,23590.96
2025-01-13 02:07:00,0.3166,0.3169,0.3163,0.3163,5160.9
2025-01-13 02:08:00,0.3161,0.3163,0.3161,0.3162,20053.55
2025-01-13 02:09:00,0.3164,0.3166,0.3164,0.3164,5754.85
2025-01-13 02:10:00,0.3167,0.3169,0.3167,0.3169,1257.78
2025-01-13 02:11:00,0.3167,0.3169,0.3166,0.3169,320.37
2025-01-13 02:12:00,0.3169,0.3171,0.3169,0.3171,3370.52
2025-01-13 02:13:00,0.317,0.317,0.3169,0.317,317.09
2025-01-13 02:14:00,0.3171,0.3174,0.317,0.317,5373.42
2025-01-13 02:15:00,0.3171,0.3175,0.3171,0.3175,297.04
2025-01-13 02:16:00,0.3178,0.318,0.3177,0.3177,4627.33
2025-01-13 02:17:00,0.3177,0.3177,0.3177,0.3177,62.95
2025-01-13 02:18:00,0.3179,0.3179,0.3178,0.3179,590.3
2025-01-13 02:19:00,0.3174,0.3174,0.3172,0.3173,887.37
2025-01-13 02:20:00,0.317,0.3172,0.3168,0.317,9586.34
2025-01-13 02:21:00,0.317,0.317,0.3166,0.3166,4737.34
2025-01-13 02:22:00,0.3166,0.3166,0.3161,0.3162,8402.39
2025-01-13 02:23:00,0.3161,0.3162,0.3159,0.3162,38393.66
2025-01-13 02:24:00,0.316,0.3162,0.3158,0.3161,2758.98
2025-01-13 02:25:00,0.3161,0.3161,0.3158,0.3161,25219.83
2025-01-13 02:26:00,0.3162,0.3165,0.3162,0.3163,8421.13
2025-01-13 02:27:00,0.3163,0.3164,0.3162,0.3164,228.26
2025-01-13 02:28:00,0.3162,0.3164,0.3161,0.3164,11774.32
2025-01-13 02:29:00,0.3163,0.3163,0.3159,0.3159,11497.78
2025-01-13 02:30:00,0.3158,0.3159,0.3153,0.3153,25881.9
2025-01-13 02:31:00,0.3153,0.3153,0.3142,0.3145,36753.14
2025-01-13 02:32:00,0.3145,0.3147,0.3143,0.3143,50086.77
2025-01-13 02:33:00,0.3143,0.3146,0.3143,0.3143,14354.96
2025-01-13 02:34:00,0.3146,0.3154,0.3146,0.3152,37462.18
2025-01-13 02:35:00,0.3149,0.3149,0.3146,0.3147,7286.49
2025-01-13 02:36:00,0.3147,0.3147,0.3145,0.3145,1244.79
2025-01-13 02:37:00,0.3145,0.3145,0.314,0.314,20195.53
2025-01-13 02:38:00,0.3142,0.3142,0.3138,0.314,3793.08
2025-01-13 02:39:00,0.314,0.3142,0.3136,0.3139,42196.85
2025-01-13 02:40:00,0.3138,0.3138,0.3133,0.3135,25459.99
2025-01-13 02:41:00,0.3135,0.3137,0.3134,0.3136,26766.6
2025-01-13 02:42:00,0.3135,0.3137,0.3133,0.3136,3917.82
2025-01-13 02:43:00,0.3135,0.3141,0.3135,0.3141,6528.95
2025-01-13 02:44:00,0.3137,0.3137,0.3132,0.3132,5530.2
2025-01-13 02:45:00,0.3132,0.3135,0.3128,0.3128,14423.24
2025-01-13 02:46:00,0.3128,0.313,0.3125,0.3128,37197.55
2025-01-13 02:47:00,0.3128,0.3128,0.3122,0.3124,27804.69
2025-01-13 02:48:00,0.3127,0.3128,0.3122,0.3123,12322.54
2025-01-13 02:49:00,0.3125,0.3125,0.312,0.3121,21624.12
2025-01-13 02:50:00,0.3121,0.3121,0.3116,0.3116,49008.33
2025-01-13 02:51:00,0.3115,0.3118,0.3112,0.3118,46294.83
2025-01-13 02:52:00,0.3118,0.3118,0.3113,0.3113,3750.05
2025-01-13 02:53:00,0.3112,0.3117,0.3112,0.3113,34628.57
2025-01-13 02:54:00,0.3114,0.3124,0.3114,0.3123,3303.35
2025-01-13 02:55:00,0.3121,0.3124,0.312,0.3124,4085.81
2025-01-13 02:56:00,0.3126,0.3127,0.3126,0.3127,1979.0
2025-01-13 02:57:00,0.3129,0.3132,0.3129,0.3132,5586.19
2025-01-13 02:58:00,0.3132,0.3134,0.3132,0.3134,15571.13
2025-01-13 02:59:00,0.3136,0.3136,0.3135,0.3135,208.94
2025-01-13 03:00:00,0.3134,0.3138,0.3133,0.3134,1321.78
2025-01-13 03:01:00,0.3137,0.314,0.3137,0.314,7300.57
2025-01-13 03:02:00,0.3142,0.3142,0.314,0.314,10524.55
2025-01-13 03:03:00,0.3147,0.3147,0.3142,0.3146,28237.36
2025-01-13 03:04:00,0.3148,0.315,0.3147,0.315,2100.71
2025-01-13 03:05:00,0.3143,0.3143,0.3138,0.3141,77574.41
2025-01-13 03:06:00,0.3145,0.3145,0.3141,0.3144,333.1
2025-01-13 03:07:00,0.3142,0.3142,0.314,0.314,280.97
2025-01-13 03:08:00,0.3142,0.3142,0.3141,0.3141,24462.23
2025-01-13 03:09:00,0.314,0.314,0.3136,0.3138,2105.41
2025-01-13 03:10:00,0.3137,0.3137,0.313,0.3131,7696.38
2025-01-13 03:11:00,0.3129,0.3131,0.3129,0.3129,1292.67
2025-01-13 03:12:00,0.3132,0.3133,0.3131,0.3131,1504.96
2025-01-13 03:13:00,0.313,0.3132,0.313,0.3132,755.04
2025-01-13 03:14:00,0.313,0.3133,0.313,0.3131,55636.98
2025-01-13 03:15:00,0.313,0.313,0.313,0.313,7635.78
2025-01-13 03:16:00,0.3124,0.3125,0.3122,0.3125,1812.24
2025-01-13 03:17:00,0.3132,0.3133,0.3129,0.3129,51610.16
2025-01-13 03:18:00,0.3129,0.3129,0.3124,0.3124,38283.18
2025-01-13 03:19:00,0.3122,0.3128,0.3122,0.3126,1691.78
2025-01-13 03:20:00,0.3124,0.3124,0.3121,0.3124,2739.21
2025-01-13 03:21:00,0.3126,0.3126,0.3121,0.3121,1293.9
2025-01-13 03:22:00,0.312,0.312,0.3115,0.3115,42542.69
2025-01-13 03:23:00,0.3115,0.3118,0.3114,0.3114,9798.88
2025-01-13 03:24:00,0.3116,0.3122,0.3116,0.3122,111225.96
2025-01-13 03:25:00,0.312,0.312,0.3116,0.3117,1967.17
2025-01-13 03:26:00,0.3119,0.3126,0.3119,0.3125,1141.15
2025-01-13 03:27:00,0.3128,0.3128,0.3127,0.3127,10106.42
2025-01-13 03:28:00,0.3124,0.3124,0.3124,0.3124,186.57
2025-01-13 03:29:00,0.3124,0.3124,0.3124,0.3124,0.0
2025-01-13 03:30:00,0.3124,0.3124,0.3124,0.3124,320.1
2025-01-13 03:31:00,0.3128,0.3131,0.3128,0.313,10643.88
2025-01-13 03:32:00,0.3127,0.3127,0.3127,0.3127,21.7
2025-01-13 03:33:00,0.3123,0.3123,0.3118,0.312,4702.15
2025-01-13 03:34:00,0.3121,0.3123,0.3121,0.3123,2296.48
2025-01-13 03:35:00,0.3126,0.3128,0.3126,0.3128,184.51
2025-01-13 03:36:00,0.3127,0.3127,0.3125,0.3125,3313.11
2025-01-13 03:37:00,0.3126,0.3126,0.3126,0.3126,16.8
2025-01-13 03:38:00,0.3126,0.3126,0.3125,0.3126,630.09
2025-01-13 03:39:00,0.3125,0.3125,0.3123,0.3124,3569.27
2025-01-13 03:40:00,0.3121,0.3121,0.3121,0.3121,1448.76
2025-01-13 03:41:00,0.3118,0.3118,0.3116,0.3118,2410.13
2025-01-13 03:42:00,0.3115,0.3116,0.3114,0.3116,2202.13
2025-01-13 03:43:00,0.3117,0.312,0.3117,0.312,941.95
2025-01-13 03:44:00,0.3117,0.3117,0.3117,0.3117,32.58
2025-01-13 03:45:00,0.3116,0.3116,0.3086,0.3093,283241.15
2025-01-13 03:46:00,0.3094,0.3097,0.3088,0.3094,46233.48
2025-01-13 03:47:00,0.3095,0.3095,0.308,0.3081,74575.44
2025-01-13 03:48:00,0.3082,0.309,0.308,0.309,41259.24
2025-01-13 03:49:00,0.309,0.3098,0.309,0.3091,16132.72
2025-01-13 03:50:00,0.3092,0.3093,0.3088,0.309,13744.36
2025-01-13 03:51:00,0.3091,0.3096,0.3087,0.3096,12323.28
2025-01-13 03:52:00,0.3095,0.31,0.3093,0.3099,9113.92
2025-01-13 03:53:00,0.3101,0.3103,0.3101,0.3103,6093.73
2025-01-13 03:54:00,0.3101,0.3101,0.3101,0.3101,7508.63
2025-01-13 03:55:00,0.31,0.3101,0.3096,0.31,1599.44
2025-01-13 03:56:00,0.3097,0.3099,0.3096,0.3098,431.58
2025-01-13 03:57:00,0.3097,0.3099,0.3097,0.3099,6392.79
2025-01-13 03:58:00,0.3098,0.3098,0.3098,0.3098,377.52
2025-01-13 03:59:00,0.3099,0.31,0.3096,0.3096,336.5
2025-01-13 04:00:00,0.3093,0.3095,0.309,0.309,9865.61
2025-01-13 04:01:00,0.3091,0.3095,0.309,0.309,9354.74
2025-01-13 04:02:00,0.3092,0.3098,0.3092,0.3098,1524.45
2025-01-13 04:03:00,0.3103,0.3108,0.3103,0.3108,6403.3
2025-01-13 04:04:00,0.3105,0.3107,0.3105,0.3107,516.02
2025-01-13 04:05:00,0.3108,0.3108,0.3106,0.3108,2757.96
2025-01-13 04:06:00,0.3108,0.3109,0.3105,0.3105,1792.88
2025-01-13 04:07:00,0.3107,0.3107,0.3102,0.3103,2966.14
2025-01-13 04:08:00,0.3109,0.311,0.3107,0.3109,7800.96
2025-01-13 04:09:00,0.311,0.3111,0.311,0.311,7452.75
2025-01-13 04:10:00,0.3109,0.3112,0.3105,0.3112,17169.99
2025-01-13 04:11:00,0.3115,0.3115,0.3115,0.3115,2438.76
2025-01-13 04:12:00,0.3119,0.3119,0.3117,0.3117,702.0
2025-01-13 04:13:00,0.3118,0.312,0.3118,0.312,32650.83
2025-01-13 04:14:00,0.312,0.312,0.312,0.312,0.0
2025-01-13 04:15:00,0.3118,0.3119,0.3118,0.3119,997.36
2025-01-13 04:16:00,0.3119,0.3125,0.3119,0.3125,2331.92
2025-01-13 04:17:00,0.3128,0.3128,0.3126,0.3126,1560.62
2025-01-13 04:18:00,0.3125,0.3125,0.3125,0.3125,1490.59
2025-01-13 04:19:00,0.3125,0.3125,0.3125,0.3125,0.0
2025-01-13 04:20:00,0.3125,0.3125,0.3125,0.3125,0.0
2025-01-13 04:21:00,0.3126,0.3128,0.3126,0.3128,270.84
2025-01-13 04:22:00,0.313,0.313,0.3125,0.3125,140.02
2025-01-13 04:23:00,0.3125,0.3127,0.3125,0.3127,1599.38
2025-01-13 04:24:00,0.3132,0.3135,0.3132,0.3135,6331.69
2025-01-13 04:25:00,0.3136,0.3143,0.3136,0.3143,20098.07
2025-01-13 04:26:00,0.3145,0.3146,0.314,0.3143,17915.5
2025-01-13 04:27:00,0.3143,0.3143,0.3141,0.3141,9231.26
2025-01-13 04:28:00,0.3142,0.3142,0.3142,0.3142,106.0
2025-01-13 04:29:00,0.3142,0.3143,0.3139,0.3139,5244.13
2025-01-13 04:30:00,0.3137,0.3138,0.3135,0.3137,12451.84
2025-01-13 04:31:00,0.3137,0.3141,0.3137,0.3141,5485.68
2025-01-13 04:32:00,0.314,0.3144,0.314,0.3143,8980.47
2025-01-13 04:33:00,0.3142,0.3142,0.3137,0.3137,7053.96
2025-01-13 04:34:00,0.3136,0.3136,0.3134,0.3134,15436.92
2025-01-13 04:35:00,0.3134,0.3134,0.3127,0.3127,1973.34
2025-01-13 04:36:00,0.313,0.313,0.3127,0.3127,735.03
2025-01-13 04:37:00,0.3126,0.3126,0.3124,0.3124,3964.74
2025-01-13 04:38:00,0.3125,0.3125,0.3125,0.3125,755.04
2025-01-13 04:39:00,0.3125,0.3128,0.3124,0.3128,2048.09
2025-01-13 04:40:00,0.3128,0.313,0.3128,0.3129,1449.78
2025-01-13 04:41:00,0.3129,0.3129,0.3125,0.3126,1607.67
2025-01-13 04:42:00,0.3126,0.3126,0.3126,0.3126,0.0
2025-01-13 04:43:00,0.3126,0.3128,0.3126,0.3128,1293.37
2025-01-13 04:44:00,0.3127,0.3127,0.3123,0.3124,6498.85
2025-01-13 04:45:00,0.3123,0.3124,0.3119,0.3121,19690.77
2025-01-13 04:46:00,0.3121,0.3126,0.3121,0.3124,2586.0
2025-01-13 04:47:00,0.3122,0.3122,0.3117,0.3118,7529.76
2025-01-13 04:48:00,0.3118,0.312,0.3118,0.312,2897.21
2025-01-13 04:49:00,0.312,0.312,0.312,0.312,2520.0
2025-01-13 04:50:00,0.3122,0.3123,0.3122,0.3123,3222.45
2025-01-13 04:51:00,0.3124,0.3125,0.3124,0.3125,2751.16
2025-01-13 04:52:00,0.3125,0.3125,0.3123,0.3123,1737.42
2025-01-13 04:53:00,0.312,0.312,0.312,0.312,896.35
2025-01-13 04:54:00,0.312,0.3122,0.3118,0.3118,5518.54
2025-01-13 04:55:00,0.3118,0.3118,0.3115,0.3115,744.88
2025-01-13 04:56:00,0.3114,0.3123,0.3114,0.3123,133836.08
2025-01-13 04:57:00,0.3122,0.3133,0.3122,0.3125,256287.05
2025-01-13 04:58:00,0.3125,0.3131,0.3125,0.3131,149050.77
2025-01-13 04:59:00,0.3132,0.3133,0.3129,0.3129,16861.4
2025-01-13 05:00:00,0.3129,0.3133,0.3127,0.3133,12406.14
2025-01-13 05:01:00,0.3131,0.3131,0.3123,0.3127,14134.47
2025-01-13 05:02:00,0.3126,0.3128,0.3125,0.3128,691.3
2025-01-13 05:03:00,0.3124,0.3124,0.3121,0.3122,5219.24
2025-01-13 05:04:00,0.3119,0.312,0.3118,0.3119,11960.77
2025-01-13 05:05:00,0.3118,0.3119,0.3118,0.3118,2237.7
2025-01-13 05:06:00,0.3112,0.3116,0.3108,0.3108,16406.54
2025-01-13 05:07:00,0.3108,0.3117,0.3108,0.3117,30382.05
2025-01-13 05:08:00,0.3115,0.3117,0.3115,0.3116,3450.97
2025-01-13 05:09:00,0.3117,0.3117,0.3113,0.3113,5538.52
2025-01-13 05:10:00,0.3111,0.3112,0.3111,0.3112,1522.43
2025-01-13 05:11:00,0.3112,0.3113,0.3111,0.3111,5193.93
2025-01-13 05:12:00,0.3111,0.3111,0.3108,0.311,4478.85
2025-01-13 05:13:00,0.311,0.311,0.3108,0.3109,3364.56
2025-01-13 05:14:00,0.3108,0.3111,0.3108,0.311,1066.23
2025-01-13 05:15:00,0.3111,0.3119,0.3111,0.3119,4012.91
2025-01-13 05:16:00,0.3117,0.312,0.3116,0.3118,75496.43
2025-01-13 05:17:00,0.3118,0.3119,0.3117,0.3118,4467.37
2025-01-13 05:18:00,0.3117,0.3119,0.3116,0.3118,45558.34
2025-01-13 05:19:00,0.3119,0.3124,0.3119,0.3121,7107.21
2025-01-13 05:20:00,0.3117,0.3121,0.3117,0.312,7011.64
2025-01-13 05:21:00,0.3122,0.3126,0.312,0.3124,5839.26
2025-01-13 05:22:00,0.3123,0.3123,0.3123,0.3123,269.61
2025-01-13 05:23:00,0.312,0.312,0.3117,0.3118,8877.62
2025-01-13 05:24:00,0.3117,0.3118,0.3116,0.3116,38887.95
2025-01-13 05:25:00,0.3116,0.3116,0.3115,0.3116,22998.16
2025-01-13 05:26:00,0.3115,0.3116,0.311,0.311,159571.7
2025-01-13 05:27:00,0.3111,0.3118,0.3111,0.3115,31425.76
2025-01-13 05:28:00,0.3116,0.3117,0.3116,0.3117,10520.42
2025-01-13 05:29:00,0.3117,0.3119,0.3117,0.3119,807.96
2025-01-13 05:30:00,0.3116,0.3116,0.3111,0.3111,579.4
2025-01-13 05:31:00,0.3119,0.3119,0.3114,0.3114,2371.57
2025-01-13 05:32:00,0.3114,0.3114,0.3112,0.3112,2850.9
2025-01-13 05:33:00,0.3109,0.3109,0.3106,0.3106,2917.13
2025-01-13 05:34:00,0.3106,0.3106,0.3106,0.3106,22.38
2025-01-13 05:35:00,0.3105,0.311,0.3105,0.311,1411.96
2025-01-13 05:36:00,0.3109,0.3109,0.3106,0.3106,4198.07
2025-01-13 05:37:00,0.3107,0.3109,0.3107,0.3109,884.42
2025-01-13 05:38:00,0.3105,0.3105,0.3101,0.3101,7178.86
2025-01-13 05:39:00,0.3103,0.3103,0.3103,0.3103,188.76
2025-01-13 05:40:00,0.3105,0.3105,0.3101,0.3102,17020.5
2025-01-13 05:41:00,0.31,0.3106,0.31,0.3106,6765.99
2025-01-13 05:42:00,0.3108,0.3111,0.3107,0.3107,28960.8
2025-01-13 05:43:00,0.3106,0.3106,0.3103,0.3103,4335.0
2025-01-13 05:44:00,0.3103,0.3103,0.3103,0.3103,3510.43
2025-01-13 05:45:00,0.31,0.31,0.3094,0.3096,14243.83
2025-01-13 05:46:00,0.3096,0.3098,0.3096,0.3096,13774.21
2025-01-13 05:47:00,0.3097,0.3099,0.3088,0.3089,55229.28
2025-01-13 05:48:00,0.309,0.3092,0.3087,0.3088,23045.74
2025-01-13 05:49:00,0.3088,0.3089,0.3084,0.3089,37141.08
2025-01-13 05:50:00,0.3091,0.3095,0.309,0.3093,48845.28
2025-01-13 05:51:00,0.3094,0.3098,0.3091,0.3098,34783.39
2025-01-13 05:52:00,0.3098,0.31,0.3096,0.31,15530.6
2025-01-13 05:53:00,0.3101,0.3104,0.3101,0.3104,3080.87
2025-01-13 05:54:00,0.3104,0.3107,0.3103,0.3106,7968.41
2025-01-13 05:55:00,0.3105,0.3105,0.3103,0.3103,3853.24
2025-01-13 05:56:00,0.3103,0.3103,0.31,0.31,6127.2
2025-01-13 05:57:00,0.3101,0.3101,0.3099,0.3101,430.72
2025-01-13 05:58:00,0.3096,0.3097,0.3096,0.3096,2734.89
2025-01-13 05:59:00,0.3095,0.3099,0.3095,0.3099,1531.0
2025-01-13 06:00:00,0.31,0.31,0.3099,0.3099,703.48
2025-01-13 06:01:00,0.3096,0.3096,0.3096,0.3096,307.16
2025-01-13 06:02:00,0.3093,0.3094,0.3093,0.3094,719.19
2025-01-13 06:03:00,0.309,0.3094,0.309,0.3093,8681.47
2025-01-13 06:04:00,0.3094,0.3097,0.3091,0.3097,4646.83
2025-01-13 06:05:00,0.3105,0.3105,0.3105,0.3105,4706.2
2025-01-13 06:06:00,0.3106,0.3111,0.3106,0.3111,2793.64
2025-01-13 06:07:00,0.3109,0.3113,0.3109,0.3113,2774.65
2025-01-13 06:08:00,0.3113,0.3113,0.3112,0.3113,2022.1
2025-01-13 06:09:00,0.3111,0.3111,0.3107,0.3107,7138.99
2025-01-13 06:10:00,0.3109,0.3111,0.3107,0.3111,1876.42
2025-01-13 06:11:00,0.311,0.311,0.3108,0.3109,820.4
2025-01-13 06:12:00,0.3109,0.3109,0.3109,0.3109,361.68
2025-01-13 06:13:00,0.3108,0.3111,0.3108,0.3111,10592.12
2025-01-13 06:14:00,0.3112,0.3113,0.3112,0.3113,3216.35
2025-01-13 06:15:00,0.3108,0.3108,0.3104,0.3105,7295.16
2025-01-13 06:16:00,0.3106,0.3106,0.3102,0.3102,1562.92
2025-01-13 06:17:00,0.3103,0.3103,0.3099,0.3099,1208.99
2025-01-13 06:18:00,0.3099,0.31,0.3099,0.3099,694.42
2025-01-13 06:19:00,0.3102,0.3105,0.3102,0.3105,3267.71
2025-01-13 06:20:00,0.3098,0.31,0.3098,0.3099,2252.31
2025-01-13 06:21:00,0.31,0.3102,0.3099,0.3102,3719.05
2025-01-13 06:22:00,0.3102,0.3107,0.3102,0.3107,749.63
2025-01-13 06:23:00,0.3107,0.3107,0.3106,0.3106,211.53
2025-01-13 06:24:00,0.3106,0.3106,0.3106,0.3106,0.0
2025-01-13 06:25:00,0.3109,0.3109,0.3103,0.3103,8266.35
2025-01-13 06:26:00,0.3102,0.3102,0.3101,0.3101,481.8
2025-01-13 06:27:00,0.3101,0.3101,0.3097,0.3097,6599.17
2025-01-13 06:28:00,0.3092,0.3092,0.3088,0.3088,1863.76
2025-01-13 06:29:00,0.3089,0.3092,0.3089,0.3092,1824.31
2025-01-13 06:30:00,0.3091,0.3098,0.3091,0.3098,2743.02
2025-01-13 06:31:00,0.3095,0.3096,0.3095,0.3096,230.23
2025-01-13 06:32:00,0.3089,0.3089,0.3083,0.3083,1448.01
2025-01-13 06:33:00,0.3084,0.3085,0.3081,0.3085,49756.97
2025-01-13 06:34:00,0.3085,0.3086,0.3082,0.3082,26241.01
2025-01-13 06:35:00,0.3081,0.3081,0.3073,0.3075,50989.4
2025-01-13 06:36:00,0.3076,0.3079,0.307,0.307,81349.66
2025-01-13 06:37:00,0.307,0.3075,0.3068,0.3072,76557.1
2025-01-13 06:38:00,0.3071,0.3075,0.3069,0.3072,24815.42
2025-01-13 06:39:00,0.3073,0.3078,0.3073,0.3076,1859.99
2025-01-13 06:40:00,0.3075,0.3077,0.3071,0.3077,18672.36
2025-01-13 06:41:00,0.308,0.308,0.3074,0.3074,212.15
2025-01-13 06:42:00,0.3074,0.3075,0.3072,0.3073,1434.22
2025-01-13 06:43:00,0.3072,0.3075,0.3067,0.3074,19715.39
2025-01-13 06:44:00,0.3069,0.3073,0.3069,0.3072,3823.84
2025-01-13 06:45:00,0.3071,0.3072,0.3067,0.3067,2639.52
2025-01-13 06:46:00,0.3066,0.3067,0.3061,0.3063,64870.53
2025-01-13 06:47:00,0.3062,0.3064,0.3055,0.3055,167716.14
2025-01-13 06:48:00,0.3056,0.3062,0.3056,0.306,21907.26
2025-01-13 06:49:00,0.306,0.3068,0.3057,0.306,29356.38
2025-01-13 06:50:00,0.3061,0.3066,0.3059,0.3059,7380.83
2025-01-13 06:51:00,0.306,0.3061,0.3044,0.3048,135905.46
2025-01-13 06:52:00,0.305,0.3055,0.3045,0.3049,73993.65
2025-01-13 06:53:00,0.3055,0.3055,0.3045,0.3047,35266.11
2025-01-13 06:54:00,0.3045,0.3045,0.3038,0.3043,28778.25
2025-01-13 06:55:00,0.3043,0.3044,0.3036,0.3039,29823.88
2025-01-13 06:56:00,0.3041,0.3046,0.3037,0.3044,39388.74
2025-01-13 06:57:00,0.3041,0.305,0.3041,0.3045,33225.81
2025-01-13 06:58:00,0.3047,0.3053,0.3047,0.3048,4531.51
2025-01-13 06:59:00,0.3047,0.3051,0.3046,0.3049,39445.58
2025-01-13 07:00:00,0.305,0.3057,0.305,0.305,13136.64
2025-01-13 07:01:00,0.3054,0.3062,0.3052,0.3058,229676.32
2025-01-13 07:02:00,0.3057,0.3059,0.3049,0.3055,591525.09
2025-01-13 07:03:00,0.3054,0.3054,0.3047,0.305,20071.69
2025-01-13 07:04:00,0.3051,0.3056,0.3051,0.3053,8630.2
2025-01-13 07:05:00,0.3048,0.3048,0.3036,0.3039,32708.64
2025-01-13 07:06:00,0.3038,0.3042,0.3037,0.3037,47436.25
2025-01-13 07:07:00,0.3037,0.3041,0.3036,0.3039,15606.98
2025-01-13 07:08:00,0.3041,0.3055,0.3041,0.3054,29144.99
2025-01-13 07:09:00,0.3053,0.3059,0.3052,0.3059,23702.28
2025-01-13 07:10:00,0.3061,0.3068,0.3061,0.3067,42611.65
2025-01-13 07:11:00,0.3067,0.3069,0.3064,0.3064,18714.66
2025-01-13 07:12:00,0.3064,0.3065,0.3063,0.3064,1845.03
2025-01-13 07:13:00,0.3064,0.3064,0.3061,0.3062,3748.43
2025-01-13 07:14:00,0.3063,0.3065,0.3057,0.3057,10381.23
2025-01-13 07:15:00,0.3054,0.3054,0.305,0.3053,7907.25
2025-01-13 07:16:00,0.3052,0.3053,0.3049,0.3049,45368.85
2025-01-13 07:17:00,0.3051,0.3057,0.3051,0.3057,2278.73
2025-01-13 07:18:00,0.3057,0.3061,0.3057,0.3061,6842.45
2025-01-13 07:19:00,0.306,0.3063,0.3058,0.3058,13815.17
2025-01-13 07:20:00,0.3058,0.3061,0.3056,0.306,3914.31
2025-01-13 07:21:00,0.3065,0.3066,0.3059,0.3062,50554.97
2025-01-13 07:22:00,0.3065,0.3067,0.3064,0.3067,3760.89
2025-01-13 07:23:00,0.3068,0.3068,0.3067,0.3067,915.91
2025-01-13 07:24:00,0.3066,0.307,0.3066,0.307,4170.31
2025-01-13 07:25:00,0.307,0.307,0.3067,0.3067,10568.58
2025-01-13 07:26:00,0.3067,0.3067,0.3066,0.3066,3834.54
2025-01-13 07:27:00,0.3066,0.3069,0.3066,0.3066,5269.96
2025-01-13 07:28:00,0.3068,0.307,0.3068,0.307,2753.95
2025-01-13 07:29:00,0.3071,0.3071,0.307,0.3071,1055.19
2025-01-13 07:30:00,0.307,0.307,0.3063,0.3063,3311.43
2025-01-13 07:31:00,0.3062,0.3062,0.3057,0.3057,13401.97
2025-01-13 07:32:00,0.3058,0.3068,0.3057,0.3066,6719.53
2025-01-13 07:33:00,0.3066,0.3069,0.3066,0.3068,5010.0
2025-01-13 07:34:00,0.3065,0.3069,0.3065,0.3066,14823.27
2025-01-13 07:35:00,0.3066,0.3075,0.3066,0.3075,3924.68
2025-01-13 07:36:00,0.3077,0.308,0.3077,0.3078,27812.29
2025-01-13 07:37:00,0.3078,0.3079,0.3078,0.3079,3643.43
2025-01-13 07:38:00,0.3079,0.3079,0.3076,0.3076,1215.75
2025-01-13 07:39:00,0.3077,0.3077,0.3075,0.3075,1613.06
2025-01-13 07:40:00,0.3074,0.3076,0.3073,0.3076,11095.37
2025-01-13 07:41:00,0.3077,0.3077,0.3077,0.3077,3927.41
2025-01-13 07:42:00,0.3079,0.308,0.3079,0.308,306.25
2025-01-13 07:43:00,0.308,0.308,0.308,0.308,2538.29
2025-01-13 07:44:00,0.3079,0.3081,0.3079,0.3081,2001.0
2025-01-13 07:45:00,0.3078,0.3078,0.3075,0.3075,6196.05
2025-01-13 07:46:00,0.3074,0.3074,0.3071,0.3074,7004.66
2025-01-13 07:47:00,0.3072,0.3074,0.3072,0.3074,409.08
2025-01-13 07:48:00,0.3075,0.3076,0.3072,0.3072,1430.03
2025-01-13 07:49:00,0.307,0.307,0.3067,0.3067,1672.06
2025-01-13 07:50:00,0.3067,0.3068,0.3066,0.3068,6927.26
2025-01-13 07:51:00,0.3069,0.3071,0.3068,0.3069,2757.83
2025-01-13 07:52:00,0.3068,0.3069,0.3064,0.3069,27327.53
2025-01-13 07:53:00,0.3069,0.3069,0.3067,0.3067,6074.45
2025-01-13 07:54:00,0.3067,0.307,0.3067,0.307,2363.2
2025-01-13 07:55:00,0.307,0.307,0.3069,0.3069,6525.7
2025-01-13 07:56:00,0.3071,0.3071,0.307,0.307,2344.42
2025-01-13 07:57:00,0.3071,0.3071,0.307,0.307,260.89
2025-01-13 07:58:00,0.3069,0.307,0.3069,0.307,12159.72
2025-01-13 07:59:00,0.3071,0.3072,0.307,0.3072,2904.37
2025-01-13 08:00:00,0.3075,0.3085,0.3075,0.3077,15323.7
2025-01-13 08:01:00,0.3078,0.3078,0.3072,0.3074,3768.91
2025-01-13 08:02:00,0.3075,0.3075,0.3072,0.3073,45557.96
2025-01-13 08:03:00,0.3073,0.3074,0.3067,0.3068,69668.34
2025-01-13 08:04:00,0.3068,0.3068,0.3064,0.3064,9636.3
2025-01-13 08:05:00,0.3065,0.3065,0.3057,0.3057,10100.42
2025-01-13 08:06:00,0.3058,0.306,0.3056,0.3056,14761.51
2025-01-13 08:07:00,0.3057,0.3057,0.3055,0.3056,6415.24
2025-01-13 08:08:00,0.3056,0.3056,0.3055,0.3055,3628.62
2025-01-13 08:09:00,0.3056,0.3059,0.3055,0.3059,8071.17
2025-01-13 08:10:00,0.3058,0.3058,0.3052,0.3053,5250.19
2025-01-13 08:11:00,0.3051,0.3053,0.3051,0.3052,4728.18
2025-01-13 08:12:00,0.3052,0.3054,0.3049,0.3049,8692.53
2025-01-13 08:13:00,0.3049,0.3051,0.3049,0.305,1724.0
2025-01-13 08:14:00,0.305,0.3051,0.3048,0.3051,5152.95
2025-01-13 08:15:00,0.3056,0.3057,0.3051,0.3053,8092.39
2025-01-13 08:16:00,0.3052,0.3053,0.3049,0.3049,7377.47
2025-01-13 08:17:00,0.3048,0.3048,0.3041,0.3042,4772.59
2025-01-13 08:18:00,0.3042,0.3043,0.304,0.304,4538.8
2025-01-13 08:19:00,0.3041,0.3041,0.3037,0.3039,22673.44
2025-01-13 08:20:00,0.3039,0.3046,0.3039,0.3044,17800.59
2025-01-13 08:21:00,0.3044,0.3044,0.3042,0.3043,4493.37
2025-01-13 08:22:00,0.3042,0.3044,0.303,0.3035,103878.13
2025-01-13 08:23:00,0.3035,0.3035,0.3023,0.3028,80282.15
2025-01-13 08:24:00,0.3027,0.304,0.3027,0.3038,16124.43
2025-01-13 08:25:00,0.3037,0.3041,0.3034,0.3039,13842.23
2025-01-13 08:26:00,0.3041,0.3045,0.3041,0.3044,12800.0
2025-01-13 08:27:00,0.3044,0.3046,0.304,0.304,9318.66
2025-01-13 08:28:00,0.3041,0.3044,0.304,0.3041,4701.58
2025-01-13 08:29:00,0.304,0.304,0.3037,0.3039,23668.83
2025-01-13 08:30:00,0.3039,0.3041,0.3036,0.3038,7721.92
2025-01-13 08:31:00,0.304,0.3043,0.3039,0.3039,42068.49
2025-01-13 08:32:00,0.3035,0.3037,0.3034,0.3034,6051.52
2025-01-13 08:33:00,0.303,0.303,0.3026,0.3026,4815.16
2025-01-13 08:34:00,0.3026,0.3034,0.3025,0.3034,6142.82
2025-01-13 08:35:00,0.3033,0.3039,0.3033,0.3038,1852.02
2025-01-13 08:36:00,0.3041,0.3043,0.304,0.3042,4391.27
2025-01-13 08:37:00,0.3037,0.3039,0.3034,0.3034,11323.87
2025-01-13 08:38:00,0.3035,0.3035,0.3033,0.3034,5547.01
2025-01-13 08:39:00,0.3033,0.3036,0.3032,0.3035,9094.05
2025-01-13 08:40:00,0.3035,0.3036,0.3034,0.3036,5388.42
2025-01-13 08:41:00,0.3036,0.3036,0.3033,0.3033,11477.87
2025-01-13 08:42:00,0.3033,0.3036,0.3032,0.3034,19221.76
2025-01-13 08:43:00,0.3034,0.3038,0.3032,0.3038,6338.9
2025-01-13 08:44:00,0.3039,0.3039,0.3035,0.3036,8760.88
2025-01-13 08:45:00,0.3036,0.304,0.3035,0.304,6724.76
2025-01-13 08:46:00,0.3039,0.3039,0.3033,0.3035,2222.41
2025-01-13 08:47:00,0.3033,0.3033,0.3029,0.3031,28809.33
2025-01-13 08:48:00,0.303,0.3032,0.3029,0.3029,4027.11
2025-01-13 08:49:00,0.3029,0.303,0.3027,0.3027,4260.37
2025-01-13 08:50:00,0.3027,0.3028,0.3025,0.3025,2797.63
2025-01-13 08:51:00,0.3026,0.3026,0.3025,0.3026,10381.57
2025-01-13 08:52:00,0.3027,0.3027,0.3025,0.3026,10615.03
2025-01-13 08:53:00,0.3027,0.3027,0.3026,0.3026,3070.95
2025-01-13 08:54:00,0.3026,0.3026,0.3022,0.3022,16565.1
2025-01-13 08:55:00,0.3023,0.3029,0.3023,0.3029,8755.93
2025-01-13 08:56:00,0.3028,0.3028,0.3026,0.3028,13324.72
2025-01-13 08:57:00,0.303,0.3033,0.303,0.3033,9197.7
2025-01-13 08:58:00,0.3033,0.3033,0.3031,0.3032,3472.75
2025-01-13 08:59:00,0.303,0.303,0.3029,0.303,13748.7
2025-01-13 09:00:00,0.3027,0.3031,0.3027,0.3029,8251.84
2025-01-13 09:01:00,0.3029,0.3031,0.3029,0.303,4378.58
2025-01-13 09:02:00,0.303,0.3038,0.303,0.3038,2512.26
2025-01-13 09:03:00,0.3037,0.3037,0.3033,0.3035,8739.65
2025-01-13 09:04:00,0.3033,0.3033,0.3024,0.3027,22697.13
2025-01-13 09:05:00,0.3028,0.3031,0.3027,0.3029,83097.67
2025-01-13 09:06:00,0.3029,0.303,0.3014,0.3015,126035.6
2025-01-13 09:07:00,0.3015,0.3017,0.3003,0.3003,166560.63
2025-01-13 09:08:00,0.3003,0.3009,0.2995,0.2995,311449.99
2025-01-13 09:09:00,0.2994,0.3006,0.2993,0.3003,123790.25
2025-01-13 09:10:00,0.3005,0.3009,0.3002,0.3004,150592.27
2025-01-13 09:11:00,0.3005,0.3008,0.2998,0.2999,55864.87
2025-01-13 09:12:00,0.2998,0.3,0.2993,0.2997,20402.42
2025-01-13 09:13:00,0.2997,0.2999,0.2993,0.2994,48724.09
2025-01-13 09:14:00,0.2994,0.2994,0.2986,0.299,158791.72
2025-01-13 09:15:00,0.2989,0.2993,0.2985,0.2992,55790.69
2025-01-13 09:16:00,0.299,0.299,0.2982,0.299,120880.41
2025-01-13 09:17:00,0.2988,0.2988,0.298,0.2984,69641.59
2025-01-13 09:18:00,0.2982,0.2992,0.2981,0.2987,38925.67
2025-01-13 09:19:00,0.2987,0.2989,0.2981,0.2982,95925.81
2025-01-13 09:20:00,0.2982,0.2985,0.2975,0.2979,26899.22
2025-01-13 09:21:00,0.2982,0.2985,0.298,0.298,21775.52
2025-01-13 09:22:00,0.298,0.2981,0.2975,0.2976,19402.13
2025-01-13 09:23:00,0.2977,0.298,0.2976,0.2976,31361.25
2025-01-13 09:24:00,0.2976,0.2981,0.2969,0.2977,53013.66
2025-01-13 09:25:00,0.2974,0.2983,0.2974,0.2983,25923.41
2025-01-13 09:26:00,0.2983,0.2989,0.298,0.2985,62351.09
2025-01-13 09:27:00,0.2984,0.2987,0.2979,0.2987,23302.64
2025-01-13 09:28:00,0.2985,0.2985,0.2977,0.2977,45051.81
2025-01-13 09:29:00,0.2977,0.2979,0.2966,0.297,99932.4
2025-01-13 09:30:00,0.2971,0.2976,0.2969,0.297,63581.04
2025-01-13 09:31:00,0.2969,0.298,0.2967,0.2974,151992.66
2025-01-13 09:32:00,0.2976,0.298,0.2968,0.2979,38390.19
2025-01-13 09:33:00,0.298,0.298,0.2959,0.2965,217254.42
2025-01-13 09:34:00,0.2964,0.2975,0.2962,0.2962,63646.13
2025-01-13 09:35:00,0.2963,0.2978,0.2963,0.2978,51672.63
2025-01-13 09:36:00,0.2978,0.2985,0.2976,0.2979,15960.12
2025-01-13 09:37:00,0.2982,0.2989,0.298,0.2989,10827.53
2025-01-13 09:38:00,0.299,0.2999,0.299,0.2996,14882.88
2025-01-13 09:39:00,0.2998,0.2998,0.299,0.2995,17793.58
2025-01-13 09:40:00,0.2996,0.2999,0.2993,0.2994,8247.1
2025-01-13 09:41:00,0.2992,0.2994,0.2989,0.2989,18503.88
2025-01-13 09:42:00,0.2989,0.299,0.2983,0.2985,26416.14
2025-01-13 09:43:00,0.2983,0.2985,0.2982,0.2983,7015.59
2025-01-13 09:44:00,0.2982,0.2986,0.2981,0.2983,8508.49
2025-01-13 09:45:00,0.2983,0.2984,0.2979,0.2979,17265.02
2025-01-13 09:46:00,0.2979,0.2984,0.2975,0.2976,214960.88
2025-01-13 09:47:00,0.2977,0.2981,0.2977,0.298,6971.76
2025-01-13 09:48:00,0.2982,0.2984,0.2981,0.2982,22921.43
2025-01-13 09:49:00,0.2983,0.2986,0.2979,0.2983,21766.96
2025-01-13 09:50:00,0.2983,0.2985,0.2981,0.2984,6746.47
2025-01-13 09:51:00,0.2984,0.2984,0.2978,0.2979,12256.53
2025-01-13 09:52:00,0.2978,0.2978,0.2974,0.2978,34623.73
2025-01-13 09:53:00,0.298,0.2984,0.298,0.2983,12733.86
2025-01-13 09:54:00,0.2983,0.2983,0.2976,0.2976,16635.06
2025-01-13 09:55:00,0.2975,0.2975,0.2967,0.2967,53011.7
2025-01-13 09:56:00,0.2967,0.297,0.2966,0.2968,32908.94
2025-01-13 09:57:00,0.2967,0.2971,0.2966,0.2968,25368.44
2025-01-13 09:58:00,0.297,0.2972,0.297,0.2972,5742.63
2025-01-13 09:59:00,0.2973,0.2974,0.2972,0.2973,9742.87
2025-01-13 10:00:00,0.2973,0.2973,0.2962,0.2962,28143.0
2025-01-13 10:01:00,0.2962,0.2963,0.2957,0.2962,19586.1
2025-01-13 10:02:00,0.2963,0.2963,0.2953,0.2957,31911.13
2025-01-13 10:03:00,0.2958,0.296,0.2949,0.2949,38250.12
2025-01-13 10:04:00,0.2948,0.2957,0.2946,0.2956,132006.64
2025-01-13 10:05:00,0.2956,0.2959,0.2953,0.2953,13564.01
2025-01-13 10:06:00,0.2952,0.2958,0.2951,0.2954,21976.47
2025-01-13 10:07:00,0.2955,0.2958,0.2955,0.2956,8932.44
2025-01-13 10:08:00,0.2957,0.296,0.295,0.2951,21515.61
2025-01-13 10:09:00,0.2951,0.296,0.2951,0.296,9204.94
2025-01-13 10:10:00,0.296,0.2965,0.296,0.2962,29277.77
2025-01-13 10:11:00,0.296,0.2964,0.2959,0.2963,11837.1
2025-01-13 10:12:00,0.2961,0.2961,0.2958,0.2959,8854.5
2025-01-13 10:13:00,0.2959,0.296,0.2954,0.2954,15232.18
2025-01-13 10:14:00,0.2955,0.2955,0.2952,0.2952,10386.76
2025-01-13 10:15:00,0.2951,0.2952,0.2946,0.2951,84846.74
2025-01-13 10:16:00,0.2951,0.2959,0.295,0.2958,32665.42
2025-01-13 10:17:00,0.2959,0.2959,0.2948,0.2949,37791.54
2025-01-13 10:18:00,0.295,0.2968,0.2949,0.2957,526695.41
2025-01-13 10:19:00,0.2956,0.2961,0.2948,0.2955,484261.14
2025-01-13 10:20:00,0.2954,0.2954,0.2946,0.2946,28407.72
2025-01-13 10:21:00,0.2947,0.2949,0.2942,0.2946,68858.09
2025-01-13 10:22:00,0.2945,0.2946,0.2939,0.2942,107635.41
2025-01-13 10:23:00,0.2941,0.2941,0.2936,0.2937,52531.97
2025-01-13 10:24:00,0.2936,0.2936,0.2926,0.2928,96583.62
2025-01-13 10:25:00,0.2929,0.2934,0.2927,0.2929,93674.52
2025-01-13 10:26:00,0.2929,0.2934,0.2926,0.2927,27074.91
2025-01-13 10:27:00,0.2927,0.2931,0.2926,0.2926,33397.99
2025-01-13 10:28:00,0.2926,0.2931,0.2922,0.2923,144859.15
2025-01-13 10:29:00,0.2923,0.2927,0.2922,0.2924,38980.55
2025-01-13 10:30:00,0.2926,0.2926,0.2914,0.2915,78790.04
2025-01-13 10:31:00,0.2917,0.2923,0.2917,0.2922,99431.65
2025-01-13 10:32:00,0.2916,0.2918,0.291,0.2912,39727.28
2025-01-13 10:33:00,0.2912,0.2915,0.2911,0.2911,34391.22
2025-01-13 10:34:00,0.2911,0.2919,0.291,0.2916,51960.56
2025-01-13 10:35:00,0.2917,0.2924,0.2917,0.2919,40245.1
2025-01-13 10:36:00,0.2919,0.2928,0.2918,0.2922,69449.51
2025-01-13 10:37:00,0.2922,0.2925,0.2921,0.2921,29270.3
2025-01-13 10:38:00,0.2922,0.2925,0.2918,0.2918,41581.84
2025-01-13 10:39:00,0.2918,0.2921,0.2917,0.2918,19835.36
2025-01-13 10:40:00,0.2917,0.2923,0.2916,0.2923,28303.83
2025-01-13 10:41:00,0.2922,0.2922,0.2915,0.2915,15376.42
2025-01-13 10:42:00,0.2913,0.2916,0.291,0.291,38723.34
2025-01-13 10:43:00,0.2912,0.2914,0.2911,0.2911,17380.86
2025-01-13 10:44:00,0.2911,0.2911,0.291,0.291,18921.64
2025-01-13 10:45:00,0.291,0.2912,0.2907,0.2911,71409.22
2025-01-13 10:46:00,0.291,0.2918,0.2909,0.2915,38537.83
2025-01-13 10:47:00,0.2915,0.2919,0.2911,0.2912,115245.55
2025-01-13 10:48:00,0.291,0.291,0.2906,0.2906,32878.55
2025-01-13 10:49:00,0.2905,0.2908,0.2904,0.2906,40871.84
2025-01-13 10:50:00,0.2907,0.2908,0.2902,0.2903,51351.29
2025-01-13 10:51:00,0.2903,0.2905,0.2902,0.2903,32669.95
2025-01-13 10:52:00,0.2903,0.2903,0.2896,0.2898,287165.71
2025-01-13 10:53:00,0.29,0.29,0.2898,0.2899,23706.83
2025-01-13 10:54:00,0.2899,0.2903,0.2899,0.29,13383.03
2025-01-13 10:55:00,0.29,0.2902,0.2898,0.2901,30414.31
2025-01-13 10:56:00,0.2901,0.2913,0.2901,0.2911,48648.69
2025-01-13 10:57:00,0.2911,0.2919,0.291,0.2918,50817.3
2025-01-13 10:58:00,0.2919,0.2923,0.2919,0.292,48500.53
2025-01-13 10:59:00,0.2919,0.2919,0.2913,0.2913,32481.35
2025-01-13 11:00:00,0.2913,0.2913,0.2906,0.2907,35845.76
2025-01-13 11:01:00,0.2907,0.291,0.2905,0.2905,10177.4
2025-01-13 11:02:00,0.2904,0.2912,0.2903,0.2906,25075.23
2025-01-13 11:03:00,0.2907,0.291,0.2905,0.2909,10717.93
2025-01-13 11:04:00,0.2908,0.2908,0.2904,0.2906,16270.93
2025-01-13 11:05:00,0.2907,0.2913,0.2907,0.291,13843.9
2025-01-13 11:06:00,0.2906,0.2908,0.2897,0.2897,18535.15
2025-01-13 11:07:00,0.2899,0.2901,0.2899,0.29,9270.84
2025-01-13 11:08:00,0.2901,0.2901,0.2895,0.2896,16591.64
2025-01-13 11:09:00,0.2895,0.2897,0.2891,0.2891,20877.36
2025-01-13 11:10:00,0.2891,0.2893,0.2887,0.2888,53365.6
2025-01-13 11:11:00,0.2888,0.2889,0.2886,0.2888,40269.4
2025-01-13 11:12:00,0.2887,0.2894,0.2885,0.2894,84706.18
2025-01-13 11:13:00,0.2894,0.2894,0.2891,0.2894,23068.25
2025-01-13 11:14:00,0.2895,0.2896,0.2891,0.2892,40112.46
2025-01-13 11:15:00,0.2892,0.2892,0.2888,0.2889,78794.86
2025-01-13 11:16:00,0.2885,0.2888,0.2883,0.2888,40030.1
2025-01-13 11:17:00,0.2888,0.289,0.2884,0.2885,17369.6
2025-01-13 11:18:00,0.2884,0.2891,0.2884,0.2891,12196.58
2025-01-13 11:19:00,0.289,0.2891,0.2887,0.2888,23854.29
2025-01-13 11:20:00,0.2888,0.2894,0.2888,0.2893,29592.62
2025-01-13 11:21:00,0.2892,0.2901,0.2892,0.2897,50997.71
2025-01-13 11:22:00,0.2898,0.2904,0.2898,0.2904,31967.77
2025-01-13 11:23:00,0.2905,0.2905,0.2901,0.2901,6110.07
2025-01-13 11:24:00,0.2901,0.2901,0.2893,0.2893,5586.05
2025-01-13 11:25:00,0.2895,0.2895,0.2889,0.289,19303.07
2025-01-13 11:26:00,0.289,0.289,0.2882,0.2884,24580.22
2025-01-13 11:27:00,0.2884,0.2884,0.2879,0.2879,18019.66
2025-01-13 11:28:00,0.2879,0.288,0.2878,0.2878,15584.95
2025-01-13 11:29:00,0.2878,0.2878,0.2875,0.2876,15479.14
2025-01-13 11:30:00,0.2877,0.2881,0.2875,0.2878,46475.42
2025-01-13 11:31:00,0.2878,0.2881,0.2875,0.2875,14249.88
2025-01-13 11:32:00,0.2878,0.2878,0.2868,0.287,154178.34
2025-01-13 11:33:00,0.2871,0.2876,0.2865,0.2873,209175.5
2025-01-13 11:34:00,0.2872,0.2875,0.2867,0.2867,33090.48
2025-01-13 11:35:00,0.2866,0.2878,0.2863,0.2878,86131.22
2025-01-13 11:36:00,0.2877,0.2878,0.2864,0.2871,135043.08
2025-01-13 11:37:00,0.2872,0.2875,0.2868,0.2869,20514.2
2025-01-13 11:38:00,0.2869,0.2871,0.2861,0.2861,22426.3
2025-01-13 11:39:00,0.2861,0.2867,0.2858,0.2859,28934.4
2025-01-13 11:40:00,0.286,0.286,0.2855,0.2856,52273.69
2025-01-13 11:41:00,0.2856,0.2858,0.2852,0.2852,59349.63
2025-01-13 11:42:00,0.2853,0.2854,0.285,0.2851,74235.69
2025-01-13 11:43:00,0.2853,0.2859,0.2853,0.2856,34293.88
2025-01-13 11:44:00,0.2855,0.2856,0.285,0.2856,40738.22
2025-01-13 11:45:00,0.2858,0.287,0.2857,0.2866,29761.56
2025-01-13 11:46:00,0.2865,0.2874,0.2863,0.2872,23791.0
2025-01-13 11:47:00,0.2868,0.2878,0.2868,0.2877,24613.84
2025-01-13 11:48:00,0.2873,0.2874,0.287,0.2874,25223.26
2025-01-13 11:49:00,0.2874,0.2875,0.2871,0.2873,13181.52
2025-01-13 11:50:00,0.2873,0.2876,0.287,0.2871,7715.17
2025-01-13 11:51:00,0.2871,0.2875,0.2871,0.2873,4530.57
2025-01-13 11:52:00,0.2872,0.2872,0.2868,0.2869,8504.26
2025-01-13 11:53:00,0.2867,0.2869,0.286,0.2862,10979.87
2025-01-13 11:54:00,0.2861,0.2861,0.2855,0.2855,12413.75
2025-01-13 11:55:00,0.2857,0.2857,0.2853,0.2853,14212.39
2025-01-13 11:56:00,0.2854,0.2856,0.2853,0.2854,15744.89
2025-01-13 11:57:00,0.2854,0.2858,0.2847,0.285,28119.75
2025-01-13 11:58:00,0.2849,0.2849,0.284,0.2843,47437.71
2025-01-13 11:59:00,0.2843,0.2845,0.2839,0.284,46949.94
2025-01-13 12:00:00,0.2841,0.2851,0.2841,0.2849,50316.36
2025-01-13 12:01:00,0.2848,0.2854,0.2844,0.2852,44567.9
2025-01-13 12:02:00,0.2852,0.2852,0.2842,0.2845,42670.3
2025-01-13 12:03:00,0.2844,0.2844,0.2839,0.2839,18665.21
2025-01-13 12:04:00,0.284,0.2843,0.2833,0.2834,53792.14
2025-01-13 12:05:00,0.2834,0.2849,0.2834,0.2842,112866.26
2025-01-13 12:06:00,0.2842,0.2857,0.2842,0.2857,32556.61
2025-01-13 12:07:00,0.2857,0.2867,0.2855,0.2864,24780.24
2025-01-13 12:08:00,0.2863,0.2869,0.2863,0.2863,72792.37
2025-01-13 12:09:00,0.2864,0.287,0.2861,0.287,38079.84
2025-01-13 12:10:00,0.287,0.2879,0.287,0.2877,77274.46
2025-01-13 12:11:00,0.2878,0.2881,0.2875,0.2881,26017.19
2025-01-13 12:12:00,0.2881,0.2883,0.2879,0.2882,8770.34
2025-01-13 12:13:00,0.2881,0.2882,0.2879,0.288,22202.81
2025-01-13 12:14:00,0.2878,0.2879,0.287,0.287,2862.95
2025-01-13 12:15:00,0.287,0.2874,0.2867,0.2873,19221.82
2025-01-13 12:16:00,0.2873,0.2873,0.2865,0.2865,15479.72
2025-01-13 12:17:00,0.2865,0.2866,0.2861,0.2862,15073.0
2025-01-13 12:18:00,0.2864,0.2865,0.286,0.286,22712.99
2025-01-13 12:19:00,0.2862,0.2875,0.2862,0.2873,6084.19
2025-01-13 12:20:00,0.2872,0.2885,0.2872,0.2885,19594.24
2025-01-13 12:21:00,0.2886,0.2887,0.2883,0.2886,23556.62
2025-01-13 12:22:00,0.289,0.289,0.2885,0.2885,5545.95
2025-01-13 12:23:00,0.2885,0.2888,0.2885,0.2887,1954.27
2025-01-13 12:24:00,0.2886,0.2886,0.2874,0.2874,21212.38
2025-01-13 12:25:00,0.2874,0.2876,0.2874,0.2876,6131.74
2025-01-13 12:26:00,0.2875,0.2878,0.2875,0.2876,18538.77
2025-01-13 12:27:00,0.2876,0.2876,0.2872,0.2872,25239.53
2025-01-13 12:28:00,0.2872,0.288,0.2872,0.288,20441.89
2025-01-13 12:29:00,0.2878,0.2878,0.2875,0.2878,3993.1
2025-01-13 12:30:00,0.2874,0.2874,0.2872,0.2874,2791.96
2025-01-13 12:31:00,0.2875,0.2876,0.2871,0.2873,33949.97
2025-01-13 12:32:00,0.2873,0.2874,0.2868,0.2871,26502.49
2025-01-13 12:33:00,0.287,0.287,0.2863,0.2867,33216.2
2025-01-13 12:34:00,0.2868,0.2872,0.2866,0.2868,12948.1
2025-01-13 12:35:00,0.2867,0.2869,0.2864,0.2864,2236.53
2025-01-13 12:36:00,0.2865,0.2865,0.286,0.2864,10447.13
2025-01-13 12:37:00,0.2862,0.2862,0.2856,0.2858,42314.93
2025-01-13 12:38:00,0.2857,0.2862,0.2853,0.2862,28295.09
2025-01-13 12:39:00,0.286,0.2863,0.2855,0.2855,13907.66
2025-01-13 12:40:00,0.2856,0.286,0.2854,0.2856,15978.6
2025-01-13 12:41:00,0.2856,0.2863,0.2856,0.2858,21933.61
2025-01-13 12:42:00,0.2857,0.2865,0.2856,0.2865,7614.73
2025-01-13 12:43:00,0.2869,0.2876,0.2864,0.2875,25165.13
2025-01-13 12:44:00,0.2876,0.2883,0.2873,0.2881,10386.15
2025-01-13 12:45:00,0.2881,0.2881,0.2872,0.2873,16278.01
2025-01-13 12:46:00,0.2873,0.2876,0.2871,0.2875,10570.24
2025-01-13 12:47:00,0.2872,0.2872,0.2866,0.2868,10059.45
2025-01-13 12:48:00,0.2866,0.2871,0.2865,0.2871,18352.47
2025-01-13 12:49:00,0.287,0.2875,0.2868,0.2869,50962.06
2025-01-13 12:50:00,0.2869,0.2877,0.2869,0.2876,7521.72
2025-01-13 12:51:00,0.2875,0.2875,0.2872,0.2874,6485.82
2025-01-13 12:52:00,0.2874,0.2874,0.2871,0.2873,26506.47
2025-01-13 12:53:00,0.2874,0.2883,0.2874,0.2883,18380.09
2025-01-13 12:54:00,0.2883,0.2883,0.2879,0.2881,29278.41
2025-01-13 12:55:00,0.288,0.2881,0.2874,0.2874,9479.42
2025-01-13 12:56:00,0.2875,0.2878,0.2873,0.2878,5777.78
2025-01-13 12:57:00,0.2881,0.2886,0.2881,0.2886,4443.9
2025-01-13 12:58:00,0.2885,0.2885,0.288,0.2881,10808.79
2025-01-13 12:59:00,0.2879,0.2882,0.2879,0.2879,1511.5
2025-01-13 13:00:00,0.2879,0.2883,0.2871,0.2871,15169.56
2025-01-13 13:01:00,0.287,0.2874,0.2868,0.2868,53655.41
2025-01-13 13:02:00,0.2866,0.287,0.2866,0.2868,32701.11
2025-01-13 13:03:00,0.2869,0.2873,0.2869,0.287,16031.98
2025-01-13 13:04:00,0.2871,0.288,0.2871,0.2879,11449.77
2025-01-13 13:05:00,0.288,0.2892,0.288,0.2889,30338.84
2025-01-13 13:06:00,0.289,0.2897,0.2889,0.2897,30456.66
2025-01-13 13:07:00,0.2895,0.2899,0.2895,0.2899,1179.13
2025-01-13 13:08:00,0.29,0.291,0.2898,0.291,17901.9
2025-01-13 13:09:00,0.291,0.2919,0.291,0.2919,34564.44
2025-01-13 13:10:00,0.2918,0.2919,0.291,0.2912,26213.93
2025-01-13 13:11:00,0.2911,0.2917,0.2911,0.2917,17378.01
2025-01-13 13:12:00,0.2915,0.2916,0.2915,0.2916,1782.79
2025-01-13 13:13:00,0.2913,0.2916,0.2912,0.2914,16913.58
2025-01-13 13:14:00,0.2914,0.2914,0.291,0.2914,1012.37
2025-01-13 13:15:00,0.2914,0.2921,0.2913,0.2921,19585.87
2025-01-13 13:16:00,0.2921,0.2923,0.2917,0.2917,11319.22
2025-01-13 13:17:00,0.2918,0.293,0.2918,0.2929,29392.99
2025-01-13 13:18:00,0.293,0.2942,0.293,0.2941,13932.34
2025-01-13 13:19:00,0.2942,0.2945,0.2942,0.2945,14167.67
2025-01-13 13:20:00,0.2942,0.2942,0.2938,0.2942,13652.38
2025-01-13 13:21:00,0.294,0.294,0.2932,0.2933,7882.24
2025-01-13 13:22:00,0.293,0.2935,0.2926,0.2935,12733.51
2025-01-13 13:23:00,0.2935,0.2942,0.2935,0.294,8588.05
2025-01-13 13:24:00,0.2941,0.2941,0.2936,0.2937,6944.72
2025-01-13 13:25:00,0.2935,0.2935,0.293,0.2932,2225.0
2025-01-13 13:26:00,0.2932,0.2939,0.2932,0.2939,17631.7
2025-01-13 13:27:00,0.2939,0.2939,0.293,0.293,9477.64
2025-01-13 13:28:00,0.2929,0.2932,0.2928,0.2931,11963.07
2025-01-13 13:29:00,0.2926,0.2926,0.2922,0.2922,4413.55
2025-01-13 13:30:00,0.2921,0.2921,0.291,0.291,7319.94
2025-01-13 13:31:00,0.2913,0.2916,0.2912,0.2914,11944.17
2025-01-13 13:32:00,0.2916,0.2925,0.2916,0.2923,23422.83
2025-01-13 13:33:00,0.2925,0.2925,0.2921,0.2922,6001.85
2025-01-13 13:34:00,0.2922,0.2923,0.2918,0.2921,5391.17
2025-01-13 13:35:00,0.292,0.2924,0.2919,0.292,23450.95
2025-01-13 13:36:00,0.292,0.292,0.2914,0.2915,18366.29
2025-01-13 13:37:00,0.2914,0.2916,0.2912,0.2916,26277.69
2025-01-13 13:38:00,0.2916,0.2916,0.2906,0.2906,16339.26
2025-01-13 13:39:00,0.2906,0.2912,0.2906,0.2906,25704.5
2025-01-13 13:40:00,0.2906,0.2906,0.2899,0.2899,20346.75
2025-01-13 13:41:00,0.2903,0.2906,0.2902,0.2906,7323.78
2025-01-13 13:42:00,0.2905,0.2905,0.2899,0.2899,8025.46
2025-01-13 13:43:00,0.29,0.2902,0.2899,0.29,9725.64
2025-01-13 13:44:00,0.29,0.2903,0.29,0.2901,7857.75
2025-01-13 13:45:00,0.2897,0.2899,0.2892,0.2899,10312.34
2025-01-13 13:46:00,0.2898,0.2899,0.2889,0.289,5531.8
2025-01-13 13:47:00,0.2889,0.289,0.2887,0.2888,14590.53
2025-01-13 13:48:00,0.2888,0.2891,0.2887,0.2891,18476.62
2025-01-13 13:49:00,0.2889,0.2889,0.2882,0.2882,16564.51
2025-01-13 13:50:00,0.2887,0.2893,0.2887,0.2893,41734.05
2025-01-13 13:51:00,0.2894,0.2894,0.2888,0.289,8159.51
2025-01-13 13:52:00,0.289,0.289,0.2887,0.2889,9852.72
2025-01-13 13:53:00,0.2887,0.2894,0.2887,0.2892,10599.6
2025-01-13 13:54:00,0.2895,0.2895,0.2892,0.2894,2440.88
2025-01-13 13:55:00,0.2892,0.2895,0.2891,0.2893,3234.76
2025-01-13 13:56:00,0.2892,0.2895,0.2892,0.2894,4162.59
2025-01-13 13:57:00,0.2894,0.2894,0.2892,0.2893,5340.96
2025-01-13 13:58:00,0.2893,0.2897,0.2893,0.2897,5504.45
2025-01-13 13:59:00,0.2897,0.2897,0.2891,0.2891,10704.17
2025-01-13 14:00:00,0.2892,0.2892,0.2888,0.2892,8409.39
2025-01-13 14:01:00,0.2888,0.2888,0.2884,0.2888,8256.91
2025-01-13 14:02:00,0.2888,0.2889,0.2882,0.2882,13255.23
2025-01-13 14:03:00,0.288,0.288,0.2873,0.2873,64211.55
2025-01-13 14:04:00,0.2876,0.289,0.2876,0.2889,21782.15
2025-01-13 14:05:00,0.289,0.2892,0.288,0.288,7890.07
2025-01-13 14:06:00,0.2882,0.2891,0.2882,0.2891,12599.93
2025-01-13 14:07:00,0.2892,0.2892,0.2884,0.2884,11314.34
2025-01-13 14:08:00,0.2889,0.2895,0.2889,0.2893,12308.4
2025-01-13 14:09:00,0.2891,0.2894,0.2889,0.2889,4302.24
2025-01-13 14:10:00,0.2891,0.2894,0.2882,0.2882,19558.81
2025-01-13 14:11:00,0.288,0.2881,0.2877,0.2878,10720.88
2025-01-13 14:12:00,0.2877,0.2882,0.2875,0.2882,5121.06
2025-01-13 14:13:00,0.2879,0.2887,0.2879,0.2885,3566.06
2025-01-13 14:14:00,0.2886,0.2887,0.2884,0.2884,11471.32
2025-01-13 14:15:00,0.2886,0.2888,0.2885,0.2885,3783.72
2025-01-13 14:16:00,0.2884,0.2885,0.2881,0.2882,3470.21
2025-01-13 14:17:00,0.2884,0.2886,0.2883,0.2885,2667.75
2025-01-13 14:18:00,0.2887,0.2887,0.2882,0.2885,23108.52
2025-01-13 14:19:00,0.2886,0.2886,0.2884,0.2885,6301.99
2025-01-13 14:20:00,0.2883,0.2893,0.2882,0.2893,20768.9
2025-01-13 14:21:00,0.2894,0.2894,0.2882,0.2882,16057.05
2025-01-13 14:22:00,0.2882,0.2887,0.2882,0.2886,30023.55
2025-01-13 14:23:00,0.2883,0.2886,0.2882,0.2886,3135.37
2025-01-13 14:24:00,0.2888,0.2891,0.2885,0.2885,2646.89
2025-01-13 14:25:00,0.2883,0.2884,0.2877,0.2877,6291.19
2025-01-13 14:26:00,0.2878,0.288,0.2874,0.2876,27500.13
2025-01-13 14:27:00,0.2874,0.2877,0.2873,0.2876,9564.94
2025-01-13 14:28:00,0.2876,0.2876,0.2873,0.2875,16239.42
2025-01-13 14:29:00,0.2875,0.2885,0.2875,0.2884,9179.25
2025-01-13 14:30:00,0.288,0.2883,0.2878,0.2883,2213.77
2025-01-13 14:31:00,0.2885,0.2885,0.287,0.2871,12417.91
2025-01-13 14:32:00,0.2872,0.2879,0.2872,0.2874,42995.58
2025-01-13 14:33:00,0.2873,0.2873,0.285,0.2851,230315.57
2025-01-13 14:34:00,0.2851,0.2859,0.2825,0.2841,756208.99
2025-01-13 14:35:00,0.2839,0.2857,0.2814,0.2824,742214.78
2025-01-13 14:36:00,0.2824,0.287,0.282,0.2861,341853.37
2025-01-13 14:37:00,0.2861,0.2878,0.2855,0.2874,306005.86
2025-01-13 14:38:00,0.2873,0.2894,0.2872,0.2894,93799.71
2025-01-13 14:39:00,0.2894,0.2899,0.2883,0.2884,142959.08
2025-01-13 14:40:00,0.2884,0.2908,0.2882,0.2902,62850.99
2025-01-13 14:41:00,0.2903,0.2915,0.2903,0.2905,137136.73
2025-01-13 14:42:00,0.2904,0.2917,0.2901,0.2916,85411.35
2025-01-13 14:43:00,0.2917,0.2927,0.2911,0.2927,221623.08
2025-01-13 14:44:00,0.2928,0.2933,0.2924,0.2925,285734.93
2025-01-13 14:45:00,0.2925,0.2934,0.2922,0.2928,37648.7
2025-01-13 14:46:00,0.2927,0.2929,0.2915,0.292,137195.0
2025-01-13 14:47:00,0.292,0.2928,0.2915,0.292,25050.93
2025-01-13 14:48:00,0.2921,0.2937,0.2921,0.2937,104974.14
2025-01-13 14:49:00,0.2937,0.2938,0.2929,0.2935,66189.97
2025-01-13 14:50:00,0.2935,0.2941,0.2933,0.2941,14052.14
2025-01-13 14:51:00,0.294,0.2949,0.2935,0.2949,54562.54
2025-01-13 14:52:00,0.2949,0.2963,0.2946,0.2962,65723.68
2025-01-13 14:53:00,0.2962,0.2963,0.2952,0.2954,67169.19
2025-01-13 14:54:00,0.2954,0.2963,0.2954,0.2963,33383.12
2025-01-13 14:55:00,0.2962,0.2963,0.295,0.2954,32685.25
2025-01-13 14:56:00,0.2958,0.2966,0.2954,0.2962,22518.98
2025-01-13 14:57:00,0.2961,0.2961,0.2952,0.2954,25245.66
2025-01-13 14:58:00,0.2954,0.2954,0.2944,0.2944,36626.85
2025-01-13 14:59:00,0.2942,0.2944,0.2937,0.2944,39878.28
2025-01-13 15:00:00,0.2943,0.2948,0.2935,0.2948,23238.48
2025-01-13 15:01:00,0.2945,0.2945,0.2932,0.2942,15873.08
2025-01-13 15:02:00,0.2943,0.2961,0.2943,0.2959,58070.67
2025-01-13 15:03:00,0.296,0.2961,0.295,0.2951,84324.63
2025-01-13 15:04:00,0.2954,0.2957,0.2951,0.2952,64666.0
2025-01-13 15:05:00,0.2953,0.2963,0.295,0.2962,61086.29
2025-01-13 15:06:00,0.2964,0.2975,0.2962,0.2975,69115.77
2025-01-13 15:07:00,0.2973,0.2973,0.2968,0.2969,63803.02
2025-01-13 15:08:00,0.297,0.2977,0.2967,0.2976,91983.36
2025-01-13 15:09:00,0.2975,0.2978,0.2973,0.2976,45374.91
2025-01-13 15:10:00,0.2978,0.2979,0.297,0.2972,19653.93
2025-01-13 15:11:00,0.2972,0.2972,0.2962,0.2964,150058.64
2025-01-13 15:12:00,0.2964,0.2974,0.2964,0.2971,31862.75
2025-01-13 15:13:00,0.2975,0.2977,0.2969,0.2977,17318.29
2025-01-13 15:14:00,0.2977,0.2981,0.2976,0.2977,18355.3
2025-01-13 15:15:00,0.2976,0.2976,0.2967,0.2967,35303.36
2025-01-13 15:16:00,0.2967,0.2969,0.2963,0.2968,39501.6
2025-01-13 15:17:00,0.2967,0.2977,0.2964,0.2976,25945.2
2025-01-13 15:18:00,0.2977,0.2984,0.2976,0.2984,29639.78
2025-01-13 15:19:00,0.2984,0.2987,0.298,0.298,31340.39
2025-01-13 15:20:00,0.298,0.2984,0.2978,0.2982,13932.5
2025-01-13 15:21:00,0.2986,0.2992,0.2985,0.2992,28090.88
2025-01-13 15:22:00,0.299,0.2993,0.2987,0.2987,19276.81
2025-01-13 15:23:00,0.2987,0.2995,0.2987,0.2995,27618.23
2025-01-13 15:24:00,0.2994,0.2994,0.2979,0.2981,17311.25
2025-01-13 15:25:00,0.2978,0.2978,0.2969,0.2969,19085.94
2025-01-13 15:26:00,0.297,0.2971,0.296,0.2962,21132.01
2025-01-13 15:27:00,0.297,0.297,0.2962,0.2962,38821.38
2025-01-13 15:28:00,0.296,0.2963,0.2955,0.2955,16549.76
2025-01-13 15:29:00,0.2956,0.2964,0.2953,0.2964,19484.04
2025-01-13 15:30:00,0.2964,0.2965,0.295,0.2953,43738.18
2025-01-13 15:31:00,0.2959,0.2967,0.2959,0.2965,15103.85
2025-01-13 15:32:00,0.2967,0.2974,0.2967,0.297,6648.57
2025-01-13 15:33:00,0.2972,0.2975,0.297,0.2975,8871.63
2025-01-13 15:34:00,0.297,0.297,0.2964,0.2964,1022.3
2025-01-13 15:35:00,0.2964,0.2969,0.2964,0.2969,3180.13
2025-01-13 15:36:00,0.2978,0.2978,0.2967,0.2967,15484.62
2025-01-13 15:37:00,0.2968,0.2978,0.2966,0.2978,56011.81
2025-01-13 15:38:00,0.2975,0.2975,0.2969,0.2972,5638.01
2025-01-13 15:39:00,0.2975,0.298,0.2975,0.298,17174.55
2025-01-13 15:40:00,0.2986,0.2988,0.2977,0.2983,15375.18
2025-01-13 15:41:00,0.2986,0.2994,0.2986,0.2992,7517.61
2025-01-13 15:42:00,0.2989,0.2991,0.2989,0.2991,3237.92
2025-01-13 15:43:00,0.2992,0.2992,0.2983,0.2983,4585.16
2025-01-13 15:44:00,0.2987,0.2987,0.2983,0.2983,2714.28
2025-01-13 15:45:00,0.2984,0.2985,0.2978,0.2979,7808.11
2025-01-13 15:46:00,0.2975,0.2975,0.2971,0.2971,19544.42
2025-01-13 15:47:00,0.2972,0.2972,0.2965,0.2965,7190.65
2025-01-13 15:48:00,0.2967,0.2967,0.2963,0.2966,12474.88
2025-01-13 15:49:00,0.2968,0.297,0.2965,0.2969,2197.53
2025-01-13 15:50:00,0.297,0.2971,0.2969,0.2969,1139.62
2025-01-13 15:51:00,0.2968,0.2971,0.2967,0.2969,1343.61
2025-01-13 15:52:00,0.2967,0.2967,0.2962,0.2963,21971.26
2025-01-13 15:53:00,0.2963,0.2971,0.2963,0.2967,24018.05
2025-01-13 15:54:00,0.2963,0.2963,0.296,0.2961,1129.97
2025-01-13 15:55:00,0.2962,0.2963,0.296,0.2963,859.97
2025-01-13 15:56:00,0.2961,0.2965,0.2961,0.2965,12161.74
2025-01-13 15:57:00,0.2966,0.2968,0.2966,0.2967,413.99
2025-01-13 15:58:00,0.2968,0.2971,0.2968,0.2969,9666.55
2025-01-13 15:59:00,0.2969,0.2969,0.2961,0.2962,8080.85
2025-01-13 16:00:00,0.2962,0.2962,0.2947,0.2951,57564.31
2025-01-13 16:01:00,0.2952,0.2964,0.2952,0.2964,18356.22
2025-01-13 16:02:00,0.2966,0.2968,0.2962,0.2966,23329.68
2025-01-13 16:03:00,0.2966,0.2971,0.2963,0.2967,9217.41
2025-01-13 16:04:00,0.2969,0.2971,0.2965,0.2966,4035.42
2025-01-13 16:05:00,0.2969,0.2974,0.2969,0.2969,9814.37
2025-01-13 16:06:00,0.2968,0.297,0.2964,0.2967,11853.48
2025-01-13 16:07:00,0.297,0.2976,0.297,0.2976,10492.25
2025-01-13 16:08:00,0.2977,0.2977,0.297,0.297,15615.27
2025-01-13 16:09:00,0.2969,0.2971,0.2959,0.2959,4608.61
2025-01-13 16:10:00,0.2962,0.2965,0.2955,0.2956,4885.05
2025-01-13 16:11:00,0.2958,0.2959,0.2954,0.2957,11159.84
2025-01-13 16:12:00,0.2959,0.2959,0.2952,0.2952,6379.57
2025-01-13 16:13:00,0.2952,0.2955,0.295,0.295,13240.37
2025-01-13 16:14:00,0.295,0.2962,0.2949,0.2962,8778.49
2025-01-13 16:15:00,0.2962,0.2965,0.296,0.2965,16498.13
2025-01-13 16:16:00,0.2966,0.2967,0.2962,0.2967,5715.99
2025-01-13 16:17:00,0.2962,0.2962,0.2952,0.2953,28838.97
2025-01-13 16:18:00,0.2957,0.2957,0.2951,0.2951,9800.24
2025-01-13 16:19:00,0.2951,0.2952,0.2948,0.2948,4977.9
2025-01-13 16:20:00,0.295,0.2954,0.2947,0.2954,5359.65
2025-01-13 16:21:00,0.2949,0.2949,0.2944,0.2945,6648.35
2025-01-13 16:22:00,0.2945,0.2947,0.2941,0.2944,35293.0
2025-01-13 16:23:00,0.2945,0.2955,0.2943,0.2953,124479.75
2025-01-13 16:24:00,0.2953,0.2956,0.2953,0.2953,27810.46
2025-01-13 16:25:00,0.2953,0.2965,0.2953,0.2965,12832.75
2025-01-13 16:26:00,0.2962,0.2964,0.2956,0.2956,9581.63
2025-01-13 16:27:00,0.2959,0.2959,0.2955,0.2955,8792.06
2025-01-13 16:28:00,0.2955,0.2957,0.2954,0.2955,5258.6
2025-01-13 16:29:00,0.2951,0.2955,0.295,0.2953,9603.46
2025-01-13 16:30:00,0.2953,0.2965,0.2949,0.2962,82610.63
2025-01-13 16:31:00,0.2963,0.2971,0.2961,0.2969,53642.18
2025-01-13 16:32:00,0.297,0.297,0.2965,0.2965,19469.94
2025-01-13 16:33:00,0.2966,0.2968,0.2966,0.2967,5999.74
2025-01-13 16:34:00,0.2966,0.297,0.2966,0.297,15494.66
2025-01-13 16:35:00,0.2965,0.2971,0.2965,0.2971,14133.07
2025-01-13 16:36:00,0.2972,0.2973,0.2968,0.297,11352.49
2025-01-13 16:37:00,0.2969,0.2969,0.2966,0.2967,13162.79
2025-01-13 16:38:00,0.2966,0.2967,0.2966,0.2967,1893.94
2025-01-13 16:39:00,0.2968,0.2968,0.2962,0.2963,13375.54
2025-01-13 16:40:00,0.2963,0.2967,0.2963,0.2963,4660.37
2025-01-13 16:41:00,0.2963,0.2969,0.2963,0.2969,8138.85
2025-01-13 16:42:00,0.2968,0.2968,0.2963,0.2963,9773.34
2025-01-13 16:43:00,0.2964,0.2964,0.2963,0.2963,4760.19
2025-01-13 16:44:00,0.2966,0.2971,0.2964,0.2971,7577.06
2025-01-13 16:45:00,0.297,0.2977,0.2969,0.2977,9048.78
2025-01-13 16:46:00,0.2977,0.2977,0.2969,0.2969,14548.62
2025-01-13 16:47:00,0.2972,0.2975,0.2972,0.2972,2126.93
2025-01-13 16:48:00,0.2967,0.2969,0.2967,0.2969,343.77
2025-01-13 16:49:00,0.2966,0.2966,0.2963,0.2963,5628.72
2025-01-13 16:50:00,0.2964,0.2965,0.2958,0.2958,5898.24
2025-01-13 16:51:00,0.2958,0.2962,0.2956,0.2956,1100.06
2025-01-13 16:52:00,0.2957,0.2959,0.2956,0.2959,7029.5
2025-01-13 16:53:00,0.2956,0.2956,0.2952,0.2953,32014.75
2025-01-13 16:54:00,0.2954,0.2955,0.2951,0.2951,14789.24
2025-01-13 16:55:00,0.2952,0.2952,0.2947,0.2947,19020.5
2025-01-13 16:56:00,0.2948,0.2951,0.2943,0.2944,11728.88
2025-01-13 16:57:00,0.2944,0.2946,0.2943,0.2945,4341.42
2025-01-13 16:58:00,0.2944,0.2944,0.2937,0.2938,34056.07
2025-01-13 16:59:00,0.2938,0.2939,0.2935,0.2935,12055.11
2025-01-13 17:00:00,0.2933,0.2937,0.2933,0.2937,46470.26
2025-01-13 17:01:00,0.294,0.2946,0.2939,0.2939,20648.55
2025-01-13 17:02:00,0.2939,0.2945,0.2935,0.2945,24384.92
2025-01-13 17:03:00,0.2943,0.2943,0.294,0.2942,6087.73
2025-01-13 17:04:00,0.294,0.2944,0.2937,0.2939,21195.89
2025-01-13 17:05:00,0.2936,0.2936,0.2933,0.2936,8782.22
2025-01-13 17:06:00,0.2937,0.2937,0.2929,0.2929,21823.1
2025-01-13 17:07:00,0.2928,0.2933,0.2928,0.2933,8484.43
2025-01-13 17:08:00,0.2933,0.2942,0.2933,0.2937,11670.12
2025-01-13 17:09:00,0.2939,0.2947,0.2938,0.2947,31443.68
2025-01-13 17:10:00,0.2949,0.2949,0.2946,0.2948,24216.54
2025-01-13 17:11:00,0.295,0.2953,0.2948,0.2952,4745.22
2025-01-13 17:12:00,0.2953,0.2954,0.2945,0.2945,8846.96
2025-01-13 17:13:00,0.2944,0.2944,0.2938,0.2939,33873.77
2025-01-13 17:14:00,0.2939,0.2943,0.2939,0.2943,11209.31
2025-01-13 17:15:00,0.2943,0.2943,0.2939,0.2942,20298.84
2025-01-13 17:16:00,0.2942,0.2942,0.294,0.2942,2078.04
2025-01-13 17:17:00,0.2949,0.2952,0.2949,0.2951,4766.32
2025-01-13 17:18:00,0.2948,0.2948,0.2942,0.2942,6451.44
2025-01-13 17:19:00,0.2942,0.2951,0.2942,0.295,5499.07
2025-01-13 17:20:00,0.295,0.295,0.2947,0.2947,3752.14
2025-01-13 17:21:00,0.2944,0.2946,0.2943,0.2946,4449.38
2025-01-13 17:22:00,0.2944,0.2944,0.2937,0.2944,84039.67
2025-01-13 17:23:00,0.2945,0.2945,0.2944,0.2944,2684.32
2025-01-13 17:24:00,0.2946,0.2946,0.2939,0.2939,27536.11
2025-01-13 17:25:00,0.2939,0.2943,0.2939,0.2943,1528.73
2025-01-13 17:26:00,0.2943,0.2947,0.2943,0.2946,10072.01
2025-01-13 17:27:00,0.2946,0.2956,0.2946,0.2955,4279.03
2025-01-13 17:28:00,0.2954,0.2955,0.295,0.2955,10128.58
2025-01-13 17:29:00,0.2957,0.2962,0.2957,0.296,4746.05
2025-01-13 17:30:00,0.2952,0.2952,0.2946,0.2946,11899.81
2025-01-13 17:31:00,0.2947,0.2951,0.2946,0.2951,12798.12
2025-01-13 17:32:00,0.2951,0.2952,0.2946,0.2946,3951.1
2025-01-13 17:33:00,0.2949,0.2957,0.2948,0.2957,20116.0
2025-01-13 17:34:00,0.2956,0.2956,0.2956,0.2956,1861.38
2025-01-13 17:35:00,0.2959,0.296,0.2956,0.2957,7848.02
2025-01-13 17:36:00,0.2953,0.2954,0.2951,0.2954,6308.83
2025-01-13 17:37:00,0.2953,0.2953,0.2943,0.2943,12338.67
2025-01-13 17:38:00,0.2943,0.2946,0.2942,0.2943,15570.31
2025-01-13 17:39:00,0.2943,0.2943,0.2935,0.2938,18848.72
2025-01-13 17:40:00,0.2935,0.2935,0.2933,0.2933,4669.45
2025-01-13 17:41:00,0.2931,0.2931,0.2927,0.2929,7363.64
2025-01-13 17:42:00,0.2928,0.2933,0.2927,0.2933,5122.02
2025-01-13 17:43:00,0.2928,0.2928,0.2923,0.2923,3858.62
2025-01-13 17:44:00,0.2924,0.2926,0.2921,0.2922,18074.16
2025-01-13 17:45:00,0.2923,0.2931,0.2922,0.293,57332.44
2025-01-13 17:46:00,0.2927,0.2933,0.2927,0.2933,10942.21
2025-01-13 17:47:00,0.2933,0.2935,0.2928,0.2928,25837.86
2025-01-13 17:48:00,0.2931,0.2931,0.2922,0.2922,9252.46
2025-01-13 17:49:00,0.292,0.292,0.2915,0.2916,10426.25
2025-01-13 17:50:00,0.2917,0.2919,0.2915,0.2919,19393.81
2025-01-13 17:51:00,0.2921,0.2921,0.2911,0.2911,21067.1
2025-01-13 17:52:00,0.2912,0.2913,0.2908,0.2908,8927.5
2025-01-13 17:53:00,0.2907,0.2908,0.2907,0.2907,48516.75
2025-01-13 17:54:00,0.2907,0.2909,0.2907,0.2909,14547.69
2025-01-13 17:55:00,0.2908,0.2914,0.2908,0.2913,10768.22
2025-01-13 17:56:00,0.2914,0.2915,0.2912,0.2912,37908.06
2025-01-13 17:57:00,0.2913,0.2917,0.2913,0.2917,14442.76
2025-01-13 17:58:00,0.2917,0.2918,0.2915,0.2918,6053.2
2025-01-13 17:59:00,0.292,0.292,0.2916,0.2918,11311.44
2025-01-13 18:00:00,0.2918,0.2926,0.2918,0.2925,53114.02
2025-01-13 18:01:00,0.2932,0.2932,0.2927,0.293,11178.99
2025-01-13 18:02:00,0.2933,0.2933,0.293,0.2932,15233.14
2025-01-13 18:03:00,0.2937,0.2943,0.2935,0.2941,21878.11
2025-01-13 18:04:00,0.2944,0.2944,0.2938,0.2941,34164.01
2025-01-13 18:05:00,0.2941,0.2941,0.2935,0.2936,16000.02
2025-01-13 18:06:00,0.2934,0.2942,0.2934,0.2941,11198.21
2025-01-13 18:07:00,0.2941,0.2942,0.2934,0.2935,11857.94
2025-01-13 18:08:00,0.2941,0.2943,0.2939,0.2939,13533.83
2025-01-13 18:09:00,0.2937,0.2937,0.2932,0.2932,2170.68
2025-01-13 18:10:00,0.2935,0.2935,0.2929,0.2932,11471.56
2025-01-13 18:11:00,0.293,0.293,0.2923,0.2926,12800.14
2025-01-13 18:12:00,0.2925,0.2925,0.292,0.2923,11578.38
2025-01-13 18:13:00,0.2921,0.2921,0.2917,0.2918,8742.49
2025-01-13 18:14:00,0.2919,0.2919,0.2917,0.2918,566.28
2025-01-13 18:15:00,0.2917,0.2918,0.2914,0.2918,7798.03
2025-01-13 18:16:00,0.2915,0.2915,0.2911,0.2911,466.46
2025-01-13 18:17:00,0.2909,0.2911,0.2908,0.2908,11176.55
2025-01-13 18:18:00,0.2906,0.2906,0.29,0.29,74547.03
2025-01-13 18:19:00,0.29,0.2903,0.2894,0.2896,100826.45
2025-01-13 18:20:00,0.2896,0.2898,0.2888,0.2891,41831.05
2025-01-13 18:21:00,0.289,0.2891,0.2882,0.2884,62653.69
2025-01-13 18:22:00,0.2884,0.2887,0.2883,0.2885,23316.39
2025-01-13 18:23:00,0.2886,0.2895,0.2885,0.2891,30418.35
2025-01-13 18:24:00,0.289,0.289,0.2887,0.2887,16528.94
2025-01-13 18:25:00,0.2887,0.2891,0.2886,0.2887,252955.68
2025-01-13 18:26:00,0.2888,0.289,0.2884,0.289,36299.45
2025-01-13 18:27:00,0.2889,0.2893,0.288,0.288,28576.78
2025-01-13 18:28:00,0.2882,0.2883,0.2877,0.2877,36583.52
2025-01-13 18:29:00,0.2878,0.2881,0.2874,0.2874,13943.04
2025-01-13 18:30:00,0.2877,0.2892,0.2876,0.2892,66096.45
2025-01-13 18:31:00,0.2892,0.2894,0.2886,0.2891,65682.69
2025-01-13 18:32:00,0.2894,0.2899,0.2893,0.2897,20603.28
2025-01-13 18:33:00,0.2899,0.2903,0.2898,0.2903,6112.78
2025-01-13 18:34:00,0.2905,0.2907,0.29,0.29,4033.61
2025-01-13 18:35:00,0.2907,0.2909,0.2905,0.2908,21192.48
2025-01-13 18:36:00,0.2909,0.2914,0.2907,0.2912,21273.01
2025-01-13 18:37:00,0.2913,0.2917,0.2908,0.2909,18235.04
2025-01-13 18:38:00,0.2912,0.2913,0.2906,0.2913,41636.7
2025-01-13 18:39:00,0.291,0.2915,0.291,0.2911,2590.9
2025-01-13 18:40:00,0.2913,0.2918,0.2912,0.2916,5764.27
2025-01-13 18:41:00,0.2913,0.2913,0.2903,0.2903,20502.94
2025-01-13 18:42:00,0.2903,0.2903,0.2899,0.2901,33563.18
2025-01-13 18:43:00,0.2898,0.2901,0.2895,0.2897,30969.78
2025-01-13 18:44:00,0.2897,0.2902,0.2897,0.2899,1595.53
2025-01-13 18:45:00,0.2899,0.2899,0.2891,0.2895,18504.48
2025-01-13 18:46:00,0.2896,0.2907,0.2896,0.2907,10997.88
2025-01-13 18:47:00,0.2907,0.2913,0.2905,0.2912,9235.65
2025-01-13 18:48:00,0.2912,0.2912,0.2908,0.2912,7809.19
2025-01-13 18:49:00,0.2911,0.292,0.2911,0.2918,20281.91
2025-01-13 18:50:00,0.2918,0.2922,0.2914,0.2914,14555.23
2025-01-13 18:51:00,0.2914,0.2918,0.2912,0.2915,5683.47
2025-01-13 18:52:00,0.2915,0.2916,0.2908,0.2908,11365.01
2025-01-13 18:53:00,0.291,0.291,0.2906,0.291,8845.25
2025-01-13 18:54:00,0.2907,0.2907,0.2903,0.2903,6468.02
2025-01-13 18:55:00,0.2904,0.2913,0.2904,0.2912,20816.8
2025-01-13 18:56:00,0.2912,0.2915,0.2912,0.2913,10219.22
2025-01-13 18:57:00,0.2915,0.2919,0.2915,0.2916,20594.06
2025-01-13 18:58:00,0.2915,0.2915,0.2912,0.2912,10822.05
2025-01-13 18:59:00,0.2909,0.2914,0.2909,0.2911,6629.68
2025-01-13 19:00:00,0.2911,0.2911,0.2901,0.2901,10356.56
2025-01-13 19:01:00,0.2902,0.2913,0.2902,0.2909,4996.81
2025-01-13 19:02:00,0.2909,0.2913,0.2909,0.2913,18504.26
2025-01-13 19:03:00,0.2912,0.292,0.2912,0.292,19770.76
2025-01-13 19:04:00,0.2918,0.2923,0.2918,0.2919,16853.29
2025-01-13 19:05:00,0.2922,0.2925,0.2922,0.2925,7807.69
2025-01-13 19:06:00,0.2926,0.293,0.2924,0.2924,6124.16
2025-01-13 19:07:00,0.292,0.2931,0.292,0.2929,34840.24
2025-01-13 19:08:00,0.2929,0.2932,0.2922,0.2929,27993.78
2025-01-13 19:09:00,0.2929,0.2932,0.2925,0.2925,34183.26
2025-01-13 19:10:00,0.2924,0.2931,0.2923,0.2931,46464.85
2025-01-13 19:11:00,0.2928,0.2929,0.2924,0.2926,14330.76
2025-01-13 19:12:00,0.2925,0.2928,0.2922,0.2922,17603.5
2025-01-13 19:13:00,0.2924,0.2926,0.2916,0.2916,13809.98
2025-01-13 19:14:00,0.2918,0.292,0.2915,0.2915,16608.22
2025-01-13 19:15:00,0.291,0.2912,0.2906,0.2912,13421.76
2025-01-13 19:16:00,0.2913,0.2913,0.2905,0.2905,6710.75
2025-01-13 19:17:00,0.2905,0.2907,0.2896,0.2896,17701.0
2025-01-13 19:18:00,0.2896,0.2901,0.2893,0.2901,16726.04
2025-01-13 19:19:00,0.2903,0.2903,0.2894,0.2896,13290.57
2025-01-13 19:20:00,0.2893,0.2894,0.2885,0.2887,25730.05
2025-01-13 19:21:00,0.289,0.289,0.2884,0.2884,22330.82
2025-01-13 19:22:00,0.2887,0.2892,0.2887,0.2891,12913.96
2025-01-13 19:23:00,0.289,0.2891,0.2884,0.2884,12963.34
2025-01-13 19:24:00,0.2886,0.289,0.2885,0.2889,19089.58
2025-01-13 19:25:00,0.2891,0.2896,0.2891,0.2895,9828.67
2025-01-13 19:26:00,0.2895,0.2898,0.2895,0.2896,12433.69
2025-01-13 19:27:00,0.2896,0.2904,0.2896,0.2901,25873.6
2025-01-13 19:28:00,0.2901,0.2902,0.2897,0.2901,7963.62
2025-01-13 19:29:00,0.2901,0.2906,0.2901,0.2903,12846.01
2025-01-13 19:30:00,0.2903,0.2913,0.2903,0.2908,13333.71
2025-01-13 19:31:00,0.2906,0.2907,0.2899,0.2902,12483.81
2025-01-13 19:32:00,0.2902,0.2907,0.29,0.2907,30099.64
2025-01-13 19:33:00,0.2907,0.2909,0.2901,0.2901,8727.72
2025-01-13 19:34:00,0.29,0.2909,0.29,0.2909,17754.88
2025-01-13 19:35:00,0.2904,0.2907,0.2903,0.2907,1135.47
2025-01-13 19:36:00,0.2909,0.2914,0.2909,0.2911,5381.11
2025-01-13 19:37:00,0.2905,0.2913,0.2905,0.2912,5335.32
2025-01-13 19:38:00,0.2913,0.2921,0.2913,0.292,11671.44
2025-01-13 19:39:00,0.292,0.2923,0.292,0.2923,5562.64
2025-01-13 19:40:00,0.2924,0.2926,0.2924,0.2926,3383.67
2025-01-13 19:41:00,0.2928,0.2933,0.2928,0.2932,1134.9
2025-01-13 19:42:00,0.2932,0.2933,0.2931,0.2932,5876.3
2025-01-13 19:43:00,0.2932,0.2933,0.2925,0.2927,21511.23
2025-01-13 19:44:00,0.2927,0.2935,0.2927,0.2935,7501.65
2025-01-13 19:45:00,0.2932,0.2943,0.2932,0.2939,32101.96
2025-01-13 19:46:00,0.2938,0.2945,0.2936,0.2937,39576.61
2025-01-13 19:47:00,0.2938,0.2945,0.2938,0.2944,6849.91
2025-01-13 19:48:00,0.2946,0.2949,0.2941,0.2941,16691.01
2025-01-13 19:49:00,0.2942,0.2942,0.2934,0.2936,9753.83
2025-01-13 19:50:00,0.2932,0.2936,0.2929,0.2932,29149.78
2025-01-13 19:51:00,0.2929,0.2929,0.2924,0.2926,11863.34
2025-01-13 19:52:00,0.2926,0.2928,0.2919,0.292,15437.98
2025-01-13 19:53:00,0.2919,0.2923,0.2919,0.2919,16397.27
2025-01-13 19:54:00,0.2918,0.2922,0.2918,0.2921,8763.05
2025-01-13 19:55:00,0.2925,0.2932,0.2925,0.2931,3577.41
2025-01-13 19:56:00,0.293,0.2931,0.2927,0.2927,3738.7
2025-01-13 19:57:00,0.2934,0.2934,0.2933,0.2933,290.26
2025-01-13 19:58:00,0.2932,0.2933,0.293,0.2932,3639.43
2025-01-13 19:59:00,0.2928,0.2929,0.2928,0.2929,3043.53
2025-01-13 20:00:00,0.2929,0.2933,0.2927,0.2929,5747.76
2025-01-13 20:01:00,0.2923,0.2925,0.2921,0.2923,7521.91
2025-01-13 20:02:00,0.2919,0.2929,0.2919,0.2929,6629.45
2025-01-13 20:03:00,0.2932,0.2932,0.2919,0.2919,10875.33
2025-01-13 20:04:00,0.2919,0.2923,0.2915,0.2916,8795.35
2025-01-13 20:05:00,0.2915,0.2922,0.2915,0.2921,11166.9
2025-01-13 20:06:00,0.2917,0.2918,0.2915,0.2915,4110.65
2025-01-13 20:07:00,0.2914,0.2915,0.2912,0.2912,4542.85
2025-01-13 20:08:00,0.2912,0.2928,0.2912,0.2924,30375.94
2025-01-13 20:09:00,0.2923,0.2923,0.2915,0.2916,3537.83
2025-01-13 20:10:00,0.2916,0.2917,0.2911,0.2917,7514.36
2025-01-13 20:11:00,0.2915,0.2915,0.2911,0.2912,2169.81
2025-01-13 20:12:00,0.2912,0.2914,0.2911,0.2911,291.93
2025-01-13 20:13:00,0.2911,0.292,0.2911,0.292,9526.66
2025-01-13 20:14:00,0.292,0.292,0.2915,0.2917,6552.98
2025-01-13 20:15:00,0.2914,0.2918,0.2913,0.2918,5512.01
2025-01-13 20:16:00,0.292,0.2921,0.2916,0.2918,8263.46
2025-01-13 20:17:00,0.292,0.2925,0.292,0.2924,7132.33
2025-01-13 20:18:00,0.2923,0.2923,0.2923,0.2923,35.92
2025-01-13 20:19:00,0.2927,0.2927,0.2925,0.2925,12445.63
2025-01-13 20:20:00,0.2926,0.293,0.2926,0.293,461.52
2025-01-13 20:21:00,0.2932,0.2932,0.293,0.293,5049.13
2025-01-13 20:22:00,0.2932,0.2938,0.2932,0.2934,18848.84
2025-01-13 20:23:00,0.2935,0.2935,0.2924,0.2926,5218.33
2025-01-13 20:24:00,0.2923,0.2925,0.2923,0.2924,9227.18
2025-01-13 20:25:00,0.2925,0.2928,0.2925,0.2927,3734.45
2025-01-13 20:26:00,0.2926,0.293,0.2926,0.293,470.21
2025-01-13 20:27:00,0.2932,0.2932,0.2932,0.2932,5001.99
2025-01-13 20:28:00,0.2933,0.2933,0.2929,0.2929,5640.99
2025-01-13 20:29:00,0.2929,0.2932,0.2928,0.2931,10007.64
2025-01-13 20:30:00,0.2933,0.2943,0.2933,0.2943,13187.34
2025-01-13 20:31:00,0.2941,0.2945,0.2941,0.2942,25938.77
2025-01-13 20:32:00,0.2943,0.2949,0.2943,0.2946,31882.0
2025-01-13 20:33:00,0.2946,0.2952,0.2946,0.2952,7360.19
2025-01-13 20:34:00,0.2952,0.2961,0.295,0.2961,34244.31
2025-01-13 20:35:00,0.2959,0.2964,0.2959,0.2964,31379.82
2025-01-13 20:36:00,0.2965,0.2968,0.2964,0.2968,9167.16
2025-01-13 20:37:00,0.2967,0.2969,0.2964,0.2969,35278.91
2025-01-13 20:38:00,0.297,0.2975,0.297,0.2971,25379.67
2025-01-13 20:39:00,0.2971,0.2971,0.2961,0.2963,14860.77
2025-01-13 20:40:00,0.2961,0.2967,0.2959,0.2967,19094.05
2025-01-13 20:41:00,0.2969,0.2972,0.2968,0.297,29531.02
2025-01-13 20:42:00,0.297,0.2977,0.2969,0.2977,17940.26
2025-01-13 20:43:00,0.2977,0.2981,0.2976,0.2979,29728.31
2025-01-13 20:44:00,0.2978,0.2983,0.2977,0.298,18970.02
2025-01-13 20:45:00,0.298,0.2997,0.298,0.2995,74439.52
2025-01-13 20:46:00,0.2998,0.3001,0.2992,0.2993,263542.8
2025-01-13 20:47:00,0.2993,0.3003,0.2992,0.3003,10092.63
2025-01-13 20:48:00,0.3002,0.3004,0.2999,0.3003,230121.17
2025-01-13 20:49:00,0.3003,0.3008,0.3003,0.3007,13993.81
2025-01-13 20:50:00,0.3006,0.3007,0.2997,0.3002,30998.2
2025-01-13 20:51:00,0.3001,0.3018,0.3001,0.3015,150688.2
2025-01-13 20:52:00,0.3017,0.3027,0.3017,0.3024,148263.19
2025-01-13 20:53:00,0.3023,0.3026,0.3014,0.3014,16431.75
2025-01-13 20:54:00,0.3013,0.3021,0.3012,0.3019,20455.48
2025-01-13 20:55:00,0.3022,0.3026,0.302,0.3024,72679.87
2025-01-13 20:56:00,0.3023,0.3023,0.3017,0.3022,138957.84
2025-01-13 20:57:00,0.3019,0.3023,0.3018,0.3023,20572.93
2025-01-13 20:58:00,0.3022,0.3022,0.3017,0.302,7086.21
2025-01-13 20:59:00,0.3018,0.302,0.3015,0.3018,100899.31
2025-01-13 21:00:00,0.302,0.3024,0.3016,0.3022,16330.26
2025-01-13 21:01:00,0.3021,0.3026,0.302,0.3024,29079.92
2025-01-13 21:02:00,0.3024,0.3026,0.3019,0.3025,14249.46
2025-01-13 21:03:00,0.3027,0.3027,0.3016,0.3017,12490.41
2025-01-13 21:04:00,0.3015,0.3015,0.3006,0.3013,34222.13
2025-01-13 21:05:00,0.3014,0.3028,0.3014,0.3027,40434.16
2025-01-13 21:06:00,0.3027,0.3027,0.3021,0.3021,28056.22
2025-01-13 21:07:00,0.3015,0.3015,0.3011,0.3012,9565.91
2025-01-13 21:08:00,0.3013,0.3021,0.3012,0.3021,48319.52
2025-01-13 21:09:00,0.302,0.3027,0.302,0.3021,38258.29
2025-01-13 21:10:00,0.302,0.3025,0.3017,0.3025,35092.54
2025-01-13 21:11:00,0.3024,0.3027,0.3019,0.3019,52962.53
2025-01-13 21:12:00,0.3018,0.3022,0.3012,0.3022,105440.73
2025-01-13 21:13:00,0.3022,0.3025,0.3015,0.3019,36037.24
2025-01-13 21:14:00,0.3018,0.3025,0.3017,0.302,62311.23
2025-01-13 21:15:00,0.3019,0.3021,0.3014,0.3021,22408.8
2025-01-13 21:16:00,0.3022,0.3028,0.3018,0.3018,22475.14
2025-01-13 21:17:00,0.3019,0.3022,0.3015,0.3017,143903.58
2025-01-13 21:18:00,0.3017,0.3022,0.3017,0.302,81767.42
2025-01-13 21:19:00,0.3021,0.3021,0.3013,0.3014,24156.1
2025-01-13 21:20:00,0.3016,0.303,0.3016,0.3027,32029.49
2025-01-13 21:21:00,0.3028,0.3028,0.302,0.3024,34619.51
2025-01-13 21:22:00,0.3025,0.3025,0.3019,0.3019,98882.55
2025-01-13 21:23:00,0.302,0.3021,0.3017,0.302,50255.78
2025-01-13 21:24:00,0.3022,0.3036,0.3022,0.3036,206037.4
2025-01-13 21:25:00,0.3036,0.3043,0.3036,0.3041,13286.26
2025-01-13 21:26:00,0.304,0.304,0.303,0.3031,7456.2
2025-01-13 21:27:00,0.3028,0.3031,0.3026,0.303,24361.53
2025-01-13 21:28:00,0.3029,0.3029,0.3026,0.3027,3999.7
2025-01-13 21:29:00,0.3027,0.3028,0.3026,0.3027,3888.23
2025-01-13 21:30:00,0.3031,0.3036,0.3031,0.3036,8427.43
2025-01-13 21:31:00,0.3036,0.3038,0.303,0.303,25348.75
2025-01-13 21:32:00,0.3029,0.3029,0.3024,0.3027,29226.77
2025-01-13 21:33:00,0.3026,0.3027,0.3022,0.3022,19753.88
2025-01-13 21:34:00,0.3023,0.3029,0.302,0.3022,24913.0
2025-01-13 21:35:00,0.3023,0.3025,0.3018,0.3022,25948.17
2025-01-13 21:36:00,0.302,0.3021,0.3015,0.3019,39617.03
2025-01-13 21:37:00,0.302,0.3031,0.302,0.3031,12238.66
2025-01-13 21:38:00,0.3031,0.3031,0.303,0.3031,3279.35
2025-01-13 21:39:00,0.3034,0.3044,0.3034,0.3043,27937.52
2025-01-13 21:40:00,0.3044,0.3049,0.3043,0.3049,56693.41
2025-01-13 21:41:00,0.305,0.3055,0.305,0.3054,42664.47
2025-01-13 21:42:00,0.3054,0.3056,0.3046,0.3046,20423.99
2025-01-13 21:43:00,0.3046,0.3057,0.3046,0.3054,28411.01
2025-01-13 21:44:00,0.3053,0.3053,0.3052,0.3053,2093.5
2025-01-13 21:45:00,0.3053,0.3056,0.305,0.3056,53198.25
2025-01-13 21:46:00,0.3057,0.3057,0.3051,0.3053,26766.46
2025-01-13 21:47:00,0.3047,0.3047,0.3042,0.3042,7609.97
2025-01-13 21:48:00,0.3042,0.3042,0.3038,0.3038,7777.02
2025-01-13 21:49:00,0.3044,0.3051,0.3043,0.3051,3704.69
2025-01-13 21:50:00,0.3049,0.3049,0.3043,0.3045,13647.64
2025-01-13 21:51:00,0.3042,0.3043,0.3042,0.3043,2137.19
2025-01-13 21:52:00,0.3044,0.3045,0.3041,0.3044,57192.26
2025-01-13 21:53:00,0.3047,0.3048,0.3044,0.3044,7823.28
2025-01-13 21:54:00,0.3044,0.3045,0.3036,0.3036,11077.79
2025-01-13 21:55:00,0.3037,0.3037,0.3035,0.3037,2128.15
2025-01-13 21:56:00,0.3037,0.3039,0.3036,0.3039,2707.97
2025-01-13 21:57:00,0.3043,0.3044,0.3039,0.3041,15532.22
2025-01-13 21:58:00,0.3042,0.3044,0.3041,0.3044,8592.93
2025-01-13 21:59:00,0.3043,0.3045,0.3042,0.3045,7292.58
2025-01-13 22:00:00,0.3048,0.3055,0.3046,0.3054,9963.26
2025-01-13 22:01:00,0.3053,0.3057,0.3049,0.3057,4628.02
2025-01-13 22:02:00,0.3058,0.3059,0.3058,0.3059,2355.02
2025-01-13 22:03:00,0.3058,0.3059,0.3051,0.3051,10327.54
2025-01-13 22:04:00,0.3053,0.3055,0.3053,0.3054,25207.84
2025-01-13 22:05:00,0.3055,0.3055,0.3045,0.305,13949.76
2025-01-13 22:06:00,0.3052,0.3056,0.3052,0.3054,44851.32
2025-01-13 22:07:00,0.3059,0.3064,0.3059,0.3064,11625.67
2025-01-13 22:08:00,0.3063,0.3063,0.3059,0.306,20011.06
2025-01-13 22:09:00,0.306,0.3064,0.3058,0.3064,45854.07
2025-01-13 22:10:00,0.3065,0.3069,0.3064,0.3069,68839.63
2025-01-13 22:11:00,0.3068,0.307,0.3067,0.3069,56258.23
2025-01-13 22:12:00,0.3069,0.3073,0.3066,0.307,100076.83
2025-01-13 22:13:00,0.3068,0.3068,0.3063,0.3065,7795.42
2025-01-13 22:14:00,0.3064,0.3069,0.3063,0.3069,19008.2
2025-01-13 22:15:00,0.3067,0.3067,0.3057,0.3059,21319.11
2025-01-13 22:16:00,0.3062,0.3071,0.306,0.3071,12319.25
2025-01-13 22:17:00,0.3068,0.307,0.3062,0.3065,20774.34
2025-01-13 22:18:00,0.3066,0.3068,0.3066,0.3067,15732.74
2025-01-13 22:19:00,0.3067,0.3071,0.3067,0.307,9972.43
2025-01-13 22:20:00,0.3074,0.3076,0.3071,0.3072,30841.64
2025-01-13 22:21:00,0.3071,0.3071,0.3063,0.3067,15359.97
2025-01-13 22:22:00,0.3067,0.3074,0.3067,0.307,23198.64
2025-01-13 22:23:00,0.307,0.3076,0.307,0.3074,43036.08
2025-01-13 22:24:00,0.3076,0.308,0.3076,0.3077,22966.0
2025-01-13 22:25:00,0.3076,0.3079,0.3076,0.3079,2669.82
2025-01-13 22:26:00,0.3077,0.308,0.3076,0.3078,13155.87
2025-01-13 22:27:00,0.308,0.308,0.3079,0.308,4078.37
2025-01-13 22:28:00,0.3079,0.3079,0.3078,0.3078,1809.42
2025-01-13 22:29:00,0.3076,0.3076,0.3074,0.3075,2772.58
2025-01-13 22:30:00,0.3072,0.3073,0.3069,0.3069,6379.75
2025-01-13 22:31:00,0.3066,0.3071,0.3065,0.3071,22995.57
2025-01-13 22:32:00,0.3073,0.3075,0.3066,0.3068,14620.95
2025-01-13 22:33:00,0.3067,0.3069,0.306,0.306,2672.09
2025-01-13 22:34:00,0.3059,0.3062,0.3059,0.3059,3219.51
2025-01-13 22:35:00,0.306,0.3064,0.306,0.3061,10942.82
2025-01-13 22:36:00,0.3058,0.3058,0.3049,0.3049,7901.19
2025-01-13 22:37:00,0.3049,0.305,0.3044,0.305,26705.9
2025-01-13 22:38:00,0.3048,0.3051,0.3048,0.3051,8124.35
2025-01-13 22:39:00,0.3052,0.3054,0.3052,0.3052,4349.04
2025-01-13 22:40:00,0.305,0.3052,0.3048,0.3052,14404.94
2025-01-13 22:41:00,0.305,0.3055,0.3049,0.3055,3494.28
2025-01-13 22:42:00,0.3056,0.3058,0.3056,0.3058,6598.51
2025-01-13 22:43:00,0.3057,0.306,0.3057,0.306,1509.05
2025-01-13 22:44:00,0.306,0.306,0.306,0.306,0.0
2025-01-13 22:45:00,0.306,0.3061,0.306,0.3061,952.21
2025-01-13 22:46:00,0.3061,0.3063,0.3061,0.3061,11850.2
2025-01-13 22:47:00,0.3063,0.3065,0.3063,0.3065,2619.6
2025-01-13 22:48:00,0.3066,0.3067,0.3066,0.3067,2619.6
2025-01-13 22:49:00,0.3067,0.3069,0.3067,0.3069,4004.07
2025-01-13 22:50:00,0.3067,0.3067,0.3063,0.3063,3956.55
2025-01-13 22:51:00,0.3063,0.3063,0.3061,0.3062,850.6
2025-01-13 22:52:00,0.3061,0.3061,0.306,0.306,45540.88
2025-01-13 22:53:00,0.3061,0.3061,0.3061,0.3061,653.6
2025-01-13 22:54:00,0.3061,0.3062,0.3061,0.3062,1477.98
2025-01-13 22:55:00,0.3062,0.3069,0.3062,0.3069,43392.14
2025-01-13 22:56:00,0.3068,0.3068,0.3067,0.3067,9220.19
2025-01-13 22:57:00,0.3065,0.3067,0.3064,0.3067,7793.82
2025-01-13 22:58:00,0.3066,0.3069,0.3066,0.3067,3563.26
2025-01-13 22:59:00,0.3065,0.3071,0.3065,0.3068,22454.72
2025-01-13 23:00:00,0.3069,0.3071,0.3066,0.3066,6893.2
2025-01-13 23:01:00,0.3064,0.3065,0.306,0.306,30451.12
2025-01-13 23:02:00,0.306,0.3062,0.306,0.3062,59362.2
2025-01-13 23:03:00,0.3063,0.3065,0.306,0.3065,45370.66
2025-01-13 23:04:00,0.3066,0.307,0.3065,0.307,476.58
2025-01-13 23:05:00,0.3065,0.3065,0.3064,0.3064,418.3
2025-01-13 23:06:00,0.3061,0.3061,0.3061,0.3061,488.26
2025-01-13 23:07:00,0.306,0.306,0.306,0.306,11276.8
2025-01-13 23:08:00,0.3061,0.3063,0.3061,0.3063,5891.15
2025-01-13 23:09:00,0.3064,0.3064,0.3063,0.3063,1306.8
2025-01-13 23:10:00,0.3064,0.3066,0.3064,0.3066,11274.54
2025-01-13 23:11:00,0.3067,0.3068,0.3064,0.3066,5729.05
2025-01-13 23:12:00,0.3068,0.3068,0.3066,0.3068,5272.12
2025-01-13 23:13:00,0.3065,0.3065,0.3065,0.3065,1260.0
2025-01-13 23:14:00,0.3068,0.3068,0.3068,0.3068,327.39
2025-01-13 23:15:00,0.3071,0.3071,0.3071,0.3071,40.6
2025-01-13 23:16:00,0.307,0.307,0.3067,0.307,14916.56
2025-01-13 23:17:00,0.3072,0.3072,0.3071,0.3071,287.24
2025-01-13 23:18:00,0.3069,0.3072,0.3069,0.3072,7146.91
2025-01-13 23:19:00,0.3071,0.3074,0.3071,0.3074,24490.36
2025-01-13 23:20:00,0.3074,0.3076,0.3074,0.3076,17529.03
2025-01-13 23:21:00,0.3074,0.3076,0.3074,0.3075,11098.71
2025-01-13 23:22:00,0.3073,0.3077,0.3073,0.3076,15578.49
2025-01-13 23:23:00,0.3075,0.3075,0.3073,0.3073,488.57
2025-01-13 23:24:00,0.3072,0.3073,0.307,0.307,3624.95
2025-01-13 23:25:00,0.3069,0.3069,0.3061,0.3063,11770.35
2025-01-13 23:26:00,0.3062,0.3063,0.3061,0.3063,5046.46
2025-01-13 23:27:00,0.3062,0.3062,0.306,0.306,2570.9
2025-01-13 23:28:00,0.3061,0.3061,0.3057,0.3061,71969.57
2025-01-13 23:29:00,0.306,0.306,0.3058,0.3059,7686.31
2025-01-13 23:30:00,0.306,0.3064,0.3059,0.3062,49646.12
2025-01-13 23:31:00,0.306,0.3061,0.3058,0.306,9072.69
2025-01-13 23:32:00,0.3061,0.3061,0.3059,0.3059,3397.28
2025-01-13 23:33:00,0.3058,0.306,0.3058,0.306,6861.12
2025-01-13 23:34:00,0.3059,0.3059,0.3057,0.3057,3897.77
2025-01-13 23:35:00,0.3058,0.3061,0.3058,0.3061,2454.72
2025-01-13 23:36:00,0.3062,0.3065,0.3061,0.3065,10085.23
2025-01-13 23:37:00,0.3064,0.3064,0.3062,0.3062,1496.78
2025-01-13 23:38:00,0.3061,0.3061,0.306,0.3061,1958.29
2025-01-13 23:39:00,0.306,0.3062,0.306,0.3062,2777.05
2025-01-13 23:40:00,0.3064,0.3064,0.3064,0.3064,45.0
2025-01-13 23:41:00,0.3063,0.3063,0.3058,0.3058,1832.89
2025-01-13 23:42:00,0.3059,0.3062,0.3059,0.3062,5334.95
2025-01-13 23:43:00,0.3062,0.3062,0.3062,0.3062,0.0
2025-01-13 23:44:00,0.3062,0.3062,0.3062,0.3062,48.98
2025-01-13 23:45:00,0.306,0.3061,0.3059,0.3061,5880.76
2025-01-13 23:46:00,0.3061,0.3061,0.3059,0.3059,1396.48
2025-01-13 23:47:00,0.3058,0.306,0.3058,0.306,5390.76
2025-01-13 23:48:00,0.3055,0.3058,0.3053,0.3056,19942.92
2025-01-13 23:49:00,0.3055,0.3055,0.3054,0.3055,3969.5
2025-01-13 23:50:00,0.3054,0.3057,0.3054,0.3054,17173.79
2025-01-13 23:51:00,0.3055,0.3063,0.3055,0.3063,37682.22
2025-01-13 23:52:00,0.3061,0.3063,0.3059,0.3061,18015.72
2025-01-13 23:53:00,0.3059,0.3061,0.3058,0.306,15439.45
2025-01-13 23:54:00,0.3058,0.3062,0.3057,0.3062,29754.25
2025-01-13 23:55:00,0.3061,0.3063,0.3057,0.3061,18122.95
2025-01-13 23:56:00,0.3062,0.3063,0.306,0.3063,12468.85
2025-01-13 23:57:00,0.3062,0.3062,0.3059,0.3059,2704.28
2025-01-13 23:58:00,0.3057,0.3059,0.3057,0.3058,12032.75
2025-01-13 23:59:00,0.3058,0.306,0.3058,0.3059,10773.15
2025-01-14 00:00:00,0.3058,0.3065,0.3058,0.3064,14793.76
2025-01-14 00:01:00,0.3065,0.307,0.3062,0.3066,29423.66
2025-01-14 00:02:00,0.3067,0.307,0.3061,0.3063,8666.21
2025-01-14 00:03:00,0.3062,0.3066,0.3062,0.3064,9076.76
2025-01-14 00:04:00,0.3065,0.3065,0.3056,0.3058,14269.21
2025-01-14 00:05:00,0.3058,0.3058,0.3056,0.3057,4905.18
2025-01-14 00:06:00,0.3058,0.3058,0.3055,0.3055,5186.54
2025-01-14 00:07:00,0.3054,0.3055,0.3054,0.3054,2340.01
2025-01-14 00:08:00,0.3054,0.3055,0.3053,0.3055,10898.7
2025-01-14 00:09:00,0.3055,0.3055,0.3053,0.3053,811.35
2025-01-14 00:10:00,0.3053,0.3056,0.3051,0.3052,6547.59
2025-01-14 00:11:00,0.3052,0.3058,0.3052,0.3058,2128.9
2025-01-14 00:12:00,0.3053,0.3053,0.3053,0.3053,7724.38
2025-01-14 00:13:00,0.3054,0.3055,0.3054,0.3055,1798.28
2025-01-14 00:14:00,0.3051,0.3052,0.3051,0.3052,531.05
2025-01-14 00:15:00,0.3053,0.3055,0.3048,0.3048,2609.55
2025-01-14 00:16:00,0.3048,0.3051,0.3048,0.305,12115.1
2025-01-14 00:17:00,0.3048,0.3048,0.3048,0.3048,1805.1
2025-01-14 00:18:00,0.3046,0.3056,0.3046,0.3056,7217.9
2025-01-14 00:19:00,0.3057,0.3059,0.3057,0.3059,1050.66
2025-01-14 00:20:00,0.3052,0.3065,0.3052,0.3064,5733.5
2025-01-14 00:21:00,0.3063,0.3063,0.3063,0.3063,318.07
2025-01-14 00:22:00,0.3067,0.3071,0.3067,0.3067,2799.72
2025-01-14 00:23:00,0.3067,0.3074,0.3067,0.307,8019.02
2025-01-14 00:24:00,0.307,0.307,0.3062,0.3064,24179.09
2025-01-14 00:25:00,0.3067,0.3067,0.3062,0.3062,28268.2
2025-01-14 00:26:00,0.3062,0.3063,0.3058,0.3059,50193.37
2025-01-14 00:27:00,0.3058,0.3058,0.3058,0.3058,250.0
2025-01-14 00:28:00,0.3058,0.3058,0.3056,0.3056,411.3
2025-01-14 00:29:00,0.3057,0.3057,0.3057,0.3057,1635.32
2025-01-14 00:30:00,0.3056,0.3058,0.3053,0.3053,2498.22
2025-01-14 00:31:00,0.3052,0.3052,0.305,0.305,3794.95
2025-01-14 00:32:00,0.3047,0.3047,0.3046,0.3047,2622.07
2025-01-14 00:33:00,0.3045,0.3046,0.3045,0.3046,404.66
2025-01-14 00:34:00,0.3047,0.3048,0.3046,0.3046,2044.85
2025-01-14 00:35:00,0.3044,0.3049,0.3043,0.3049,16968.92
2025-01-14 00:36:00,0.3047,0.3048,0.3047,0.3047,1328.47
2025-01-14 00:37:00,0.3043,0.3045,0.3043,0.3045,5853.46
2025-01-14 00:38:00,0.3045,0.3046,0.3044,0.3044,1120.83
2025-01-14 00:39:00,0.3044,0.3044,0.3044,0.3044,353.65
2025-01-14 00:40:00,0.3046,0.3054,0.3046,0.3054,10824.07
2025-01-14 00:41:00,0.3053,0.3054,0.3053,0.3054,394.46
2025-01-14 00:42:00,0.3055,0.3055,0.3052,0.3052,11392.04
2025-01-14 00:43:00,0.3051,0.3051,0.3048,0.3048,2210.48
2025-01-14 00:44:00,0.3047,0.3047,0.3044,0.3045,14276.8
2025-01-14 00:45:00,0.3046,0.3046,0.3042,0.3044,11762.68
2025-01-14 00:46:00,0.3045,0.3046,0.3043,0.3045,16828.68
2025-01-14 00:47:00,0.3043,0.3044,0.3041,0.3041,3450.42
2025-01-14 00:48:00,0.3041,0.3044,0.3036,0.3036,10635.95
2025-01-14 00:49:00,0.3038,0.3041,0.3037,0.3037,5357.72
2025-01-14 00:50:00,0.3039,0.3048,0.3039,0.3048,4442.15
2025-01-14 00:51:00,0.3049,0.305,0.3049,0.305,1463.35
2025-01-14 00:52:00,0.3051,0.3051,0.3048,0.3048,2620.17
2025-01-14 00:53:00,0.3046,0.3046,0.3046,0.3046,517.2
2025-01-14 00:54:00,0.3046,0.3046,0.3046,0.3046,254.41
2025-01-14 00:55:00,0.3046,0.3046,0.3046,0.3046,0.0
2025-01-14 00:56:00,0.3045,0.3045,0.3045,0.3045,323.73
2025-01-14 00:57:00,0.3041,0.3041,0.3036,0.3038,5974.42
2025-01-14 00:58:00,0.3039,0.3039,0.3039,0.3039,18.1
2025-01-14 00:59:00,0.3037,0.3039,0.3037,0.3039,4781.67
2025-01-14 01:00:00,0.304,0.3049,0.304,0.3048,1750.58
2025-01-14 01:01:00,0.305,0.3059,0.3049,0.3056,14503.42
2025-01-14 01:02:00,0.3056,0.3062,0.3056,0.3061,2048.03
2025-01-14 01:03:00,0.3061,0.3063,0.3061,0.3063,779.57
2025-01-14 01:04:00,0.3064,0.3065,0.3062,0.3062,313.13
2025-01-14 01:05:00,0.3064,0.3065,0.3063,0.3063,3213.73
2025-01-14 01:06:00,0.3062,0.3066,0.3061,0.3065,7527.01
2025-01-14 01:07:00,0.3065,0.307,0.3065,0.3069,32316.86
2025-01-14 01:08:00,0.307,0.3078,0.307,0.3075,38079.76
2025-01-14 01:09:00,0.3073,0.3076,0.3073,0.3076,961.63
2025-01-14 01:10:00,0.3076,0.308,0.3076,0.3079,14477.21
2025-01-14 01:11:00,0.3079,0.3081,0.3078,0.3078,2793.18
2025-01-14 01:12:00,0.3077,0.3084,0.3077,0.308,33444.35
2025-01-14 01:13:00,0.3082,0.3082,0.3079,0.3081,1758.47
2025-01-14 01:14:00,0.3082,0.3085,0.3082,0.3083,10265.29
2025-01-14 01:15:00,0.3084,0.3087,0.3084,0.3086,5628.63
2025-01-14 01:16:00,0.3082,0.3082,0.3073,0.3074,18297.19
2025-01-14 01:17:00,0.3072,0.3073,0.3068,0.3071,1057.13
2025-01-14 01:18:00,0.3069,0.3069,0.3067,0.3068,1382.21
2025-01-14 01:19:00,0.3067,0.3067,0.3066,0.3066,871.1
2025-01-14 01:20:00,0.3064,0.3066,0.3062,0.3066,977.67
2025-01-14 01:21:00,0.3069,0.307,0.3066,0.3066,27418.6
2025-01-14 01:22:00,0.3067,0.3067,0.3066,0.3066,311.05
2025-01-14 01:23:00,0.3066,0.3066,0.3065,0.3065,8947.27
2025-01-14 01:24:00,0.3065,0.307,0.3065,0.307,6522.78
2025-01-14 01:25:00,0.3072,0.3073,0.3072,0.3073,484.04
2025-01-14 01:26:00,0.3072,0.3072,0.3068,0.3068,2431.68
2025-01-14 01:27:00,0.3069,0.3072,0.3066,0.3072,13625.82
2025-01-14 01:28:00,0.3072,0.3075,0.3072,0.3075,12668.11
2025-01-14 01:29:00,0.3074,0.3074,0.3072,0.3073,965.39
2025-01-14 01:30:00,0.3073,0.3073,0.3067,0.307,3232.39
2025-01-14 01:31:00,0.3072,0.3074,0.307,0.307,476.68
2025-01-14 01:32:00,0.3069,0.3069,0.3064,0.3064,1329.47
2025-01-14 01:33:00,0.3063,0.3063,0.3062,0.3062,4860.02
2025-01-14 01:34:00,0.3061,0.3061,0.3059,0.3061,1240.37
2025-01-14 01:35:00,0.3062,0.3062,0.3058,0.3061,1838.64
2025-01-14 01:36:00,0.3059,0.3059,0.3056,0.3056,390.0
2025-01-14 01:37:00,0.3058,0.3058,0.3056,0.3056,3304.87
2025-01-14 01:38:00,0.3055,0.3055,0.305,0.3051,70276.03
2025-01-14 01:39:00,0.3052,0.3053,0.3052,0.3053,6201.48
2025-01-14 01:40:00,0.3053,0.3054,0.3053,0.3054,917.2
2025-01-14 01:41:00,0.3054,0.3054,0.3048,0.3048,1640.93
2025-01-14 01:42:00,0.3048,0.3048,0.3047,0.3048,539.79
2025-01-14 01:43:00,0.3049,0.3052,0.3049,0.305,1011.61
2025-01-14 01:44:00,0.305,0.305,0.305,0.305,0.0
2025-01-14 01:45:00,0.3051,0.3051,0.3051,0.3051,68.15
2025-01-14 01:46:00,0.3055,0.3055,0.3048,0.3048,2331.82
2025-01-14 01:47:00,0.3047,0.3047,0.3045,0.3045,5005.11
2025-01-14 01:48:00,0.3041,0.3041,0.3041,0.3041,97.6
2025-01-14 01:49:00,0.3039,0.3044,0.3039,0.3044,1345.61
2025-01-14 01:50:00,0.3045,0.305,0.3045,0.305,2126.76
2025-01-14 01:51:00,0.3048,0.3048,0.3044,0.3044,5349.96
2025-01-14 01:52:00,0.3046,0.3046,0.3043,0.3043,465.4
2025-01-14 01:53:00,0.3045,0.3045,0.3044,0.3044,5942.9
2025-01-14 01:54:00,0.3043,0.3043,0.3042,0.3042,1611.08
2025-01-14 01:55:00,0.3043,0.3043,0.3043,0.3043,218.85
2025-01-14 01:56:00,0.3042,0.3042,0.3041,0.3041,447.78
2025-01-14 01:57:00,0.304,0.304,0.304,0.304,87.15
2025-01-14 01:58:00,0.3042,0.3042,0.3042,0.3042,103.1
2025-01-14 01:59:00,0.3047,0.3049,0.3047,0.3047,4589.68
2025-01-14 02:00:00,0.3047,0.3055,0.3047,0.3055,1228.67
2025-01-14 02:01:00,0.3059,0.3059,0.3056,0.3056,858.0
2025-01-14 02:02:00,0.306,0.306,0.3056,0.3058,7170.89
2025-01-14 02:03:00,0.3056,0.3057,0.3054,0.3054,24011.26
2025-01-14 02:04:00,0.3056,0.3059,0.3056,0.3056,762.28
2025-01-14 02:05:00,0.3056,0.3056,0.3056,0.3056,0.0
2025-01-14 02:06:00,0.3051,0.3051,0.3046,0.3046,1953.05
2025-01-14 02:07:00,0.3046,0.3046,0.3045,0.3045,1659.54
2025-01-14 02:08:00,0.3048,0.305,0.3048,0.305,377.52
2025-01-14 02:09:00,0.3051,0.3051,0.3051,0.3051,327.89
2025-01-14 02:10:00,0.3052,0.3052,0.3052,0.3052,295.79
2025-01-14 02:11:00,0.3052,0.3061,0.3052,0.306,230.44
2025-01-14 02:12:00,0.3061,0.3061,0.3059,0.3059,229.76
2025-01-14 02:13:00,0.3059,0.3061,0.3058,0.3059,1107.75
2025-01-14 02:14:00,0.3059,0.3059,0.3057,0.3057,205.78
2025-01-14 02:15:00,0.3064,0.3064,0.3061,0.3061,662.15
2025-01-14 02:16:00,0.3061,0.3068,0.3061,0.3068,2025.71
2025-01-14 02:17:00,0.307,0.3073,0.307,0.3071,8113.07
2025-01-14 02:18:00,0.3067,0.3068,0.3066,0.3068,4829.51
2025-01-14 02:19:00,0.307,0.3078,0.3069,0.3078,7322.13
2025-01-14 02:20:00,0.3077,0.3077,0.3071,0.3071,21765.04
2025-01-14 02:21:00,0.3076,0.3086,0.3076,0.3084,17176.53
2025-01-14 02:22:00,0.3085,0.3091,0.3084,0.3091,26411.02
2025-01-14 02:23:00,0.3091,0.3092,0.309,0.309,11109.63
2025-01-14 02:24:00,0.3089,0.3092,0.3088,0.309,5026.74
2025-01-14 02:25:00,0.309,0.3093,0.309,0.3093,7719.33
2025-01-14 02:26:00,0.3092,0.3092,0.3088,0.3089,1606.14
2025-01-14 02:27:00,0.3085,0.3085,0.3085,0.3085,4498.1
2025-01-14 02:28:00,0.3084,0.3085,0.3081,0.3082,2257.81
2025-01-14 02:29:00,0.308,0.3084,0.308,0.3082,5802.48
2025-01-14 02:30:00,0.3082,0.3083,0.3072,0.3072,17680.77
2025-01-14 02:31:00,0.3072,0.3072,0.3069,0.3069,5466.91
2025-01-14 02:32:00,0.3066,0.3068,0.3063,0.3066,4919.47
2025-01-14 02:33:00,0.3067,0.3068,0.3065,0.3066,1849.73
2025-01-14 02:34:00,0.3066,0.3067,0.3066,0.3067,248.76
2025-01-14 02:35:00,0.3066,0.3066,0.3066,0.3066,60.0
2025-01-14 02:36:00,0.3069,0.307,0.3066,0.3067,511.32
2025-01-14 02:37:00,0.3067,0.3067,0.3067,0.3067,377.52
2025-01-14 02:38:00,0.3072,0.3075,0.3072,0.3074,15461.73
2025-01-14 02:39:00,0.3073,0.3074,0.3073,0.3073,5000.17
2025-01-14 02:40:00,0.3071,0.3071,0.3071,0.3071,59.0
2025-01-14 02:41:00,0.3076,0.3076,0.3074,0.3074,470.94
2025-01-14 02:42:00,0.3072,0.3072,0.3068,0.3069,3659.48
2025-01-14 02:43:00,0.3068,0.3068,0.3067,0.3067,1093.16
2025-01-14 02:44:00,0.3067,0.3069,0.3065,0.3065,4132.56
2025-01-14 02:45:00,0.3067,0.3069,0.3066,0.3066,1697.05
2025-01-14 02:46:00,0.3063,0.3063,0.3062,0.3063,1961.65
2025-01-14 02:47:00,0.3063,0.3064,0.3061,0.3063,3674.01
2025-01-14 02:48:00,0.3066,0.3066,0.3061,0.3061,665.33
2025-01-14 02:49:00,0.3061,0.3061,0.3061,0.3061,0.0
2025-01-14 02:50:00,0.306,0.306,0.306,0.306,6443.83
2025-01-14 02:51:00,0.3063,0.3064,0.306,0.3064,5453.96
2025-01-14 02:52:00,0.3064,0.3065,0.3063,0.3063,3229.05
2025-01-14 02:53:00,0.3063,0.3063,0.3062,0.3062,247.32
2025-01-14 02:54:00,0.3061,0.3063,0.3061,0.3063,1387.91
2025-01-14 02:55:00,0.3063,0.3063,0.3063,0.3063,50.0
2025-01-14 02:56:00,0.3063,0.3063,0.3063,0.3063,0.0
2025-01-14 02:57:00,0.3067,0.3067,0.3067,0.3067,19.58
2025-01-14 02:58:00,0.3067,0.3067,0.3067,0.3067,0.0
2025-01-14 02:59:00,0.3065,0.3065,0.3063,0.3063,260.49
2025-01-14 03:00:00,0.3063,0.3068,0.3063,0.3068,1051.8
2025-01-14 03:01:00,0.307,0.3075,0.307,0.3075,1008.64
2025-01-14 03:02:00,0.3069,0.3069,0.3065,0.3065,184.6
2025-01-14 03:03:00,0.3065,0.3068,0.3064,0.3064,17688.61
2025-01-14 03:04:00,0.3065,0.3069,0.3065,0.3067,449.26
2025-01-14 03:05:00,0.3064,0.3067,0.3064,0.3067,982.04
2025-01-14 03:06:00,0.3067,0.3067,0.3067,0.3067,60.5
2025-01-14 03:07:00,0.3061,0.3061,0.3061,0.3061,374.72
2025-01-14 03:08:00,0.3064,0.3065,0.3063,0.3063,449.87
2025-01-14 03:09:00,0.3063,0.3065,0.3062,0.3065,808.99
2025-01-14 03:10:00,0.3066,0.3066,0.3066,0.3066,161.6
2025-01-14 03:11:00,0.3073,0.3074,0.3073,0.3073,572.33
2025-01-14 03:12:00,0.3069,0.3071,0.3069,0.3071,140.57
2025-01-14 03:13:00,0.3071,0.3071,0.3071,0.3071,0.0
2025-01-14 03:14:00,0.3072,0.3073,0.3071,0.3073,261.97
2025-01-14 03:15:00,0.3071,0.3071,0.3066,0.3067,2912.89
2025-01-14 03:16:00,0.307,0.307,0.3069,0.3069,62.42
2025-01-14 03:17:00,0.3066,0.3068,0.3065,0.3067,1465.75
2025-01-14 03:18:00,0.3067,0.3068,0.3067,0.3067,1784.45
2025-01-14 03:19:00,0.3067,0.3067,0.3067,0.3067,0.0
2025-01-14 03:20:00,0.3069,0.3075,0.3069,0.3074,3399.08
2025-01-14 03:21:00,0.3074,0.3077,0.3073,0.3077,1697.72
2025-01-14 03:22:00,0.3076,0.3076,0.3074,0.3074,6217.62
2025-01-14 03:23:00,0.3074,0.3074,0.3071,0.3071,1111.26
2025-01-14 03:24:00,0.3071,0.3073,0.3071,0.3073,703.26
2025-01-14 03:25:00,0.3076,0.3077,0.3076,0.3077,3182.9
2025-01-14 03:26:00,0.3074,0.3074,0.3071,0.3073,1043.83
2025-01-14 03:27:00,0.3071,0.3074,0.3071,0.3072,1908.15
2025-01-14 03:28:00,0.3072,0.3074,0.3072,0.3073,885.99
2025-01-14 03:29:00,0.3072,0.3072,0.3072,0.3072,325.66
2025-01-14 03:30:00,0.3077,0.308,0.3077,0.3078,3223.97
2025-01-14 03:31:00,0.3079,0.3079,0.3074,0.3075,4060.86
2025-01-14 03:32:00,0.307,0.307,0.3068,0.3069,1892.64
2025-01-14 03:33:00,0.3066,0.3068,0.3066,0.3068,872.62
2025-01-14 03:34:00,0.3065,0.3066,0.3064,0.3064,4573.58
2025-01-14 03:35:00,0.3063,0.3064,0.3062,0.3064,1821.53
2025-01-14 03:36:00,0.3063,0.3067,0.3063,0.3064,1073.51
2025-01-14 03:37:00,0.3064,0.3064,0.3064,0.3064,1344.4
2025-01-14 03:38:00,0.3065,0.3065,0.3064,0.3064,1168.84
2025-01-14 03:39:00,0.3064,0.3067,0.3064,0.3067,326.35
2025-01-14 03:40:00,0.3066,0.3067,0.3066,0.3066,88.18
2025-01-14 03:41:00,0.3066,0.3066,0.3066,0.3066,0.0
2025-01-14 03:42:00,0.3066,0.3066,0.3066,0.3066,1820.28
2025-01-14 03:43:00,0.3066,0.3066,0.3066,0.3066,326.33
2025-01-14 03:44:00,0.3067,0.3071,0.3067,0.307,2347.5
2025-01-14 03:45:00,0.3069,0.307,0.3069,0.3069,677.68
2025-01-14 03:46:00,0.3068,0.3068,0.3067,0.3067,225.46
2025-01-14 03:47:00,0.3067,0.3067,0.3067,0.3067,65.21
2025-01-14 03:48:00,0.3062,0.3065,0.3062,0.3065,2423.99
2025-01-14 03:49:00,0.3063,0.3065,0.3063,0.3063,14021.24
2025-01-14 03:50:00,0.306,0.306,0.306,0.306,2544.81
2025-01-14 03:51:00,0.3061,0.3062,0.3059,0.3059,1463.18
2025-01-14 03:52:00,0.3059,0.306,0.3058,0.3058,1284.24
2025-01-14 03:53:00,0.3057,0.3058,0.3057,0.3058,1630.17
2025-01-14 03:54:00,0.3058,0.3059,0.3058,0.3059,273.04
2025-01-14 03:55:00,0.3058,0.3059,0.3058,0.3058,3339.21
2025-01-14 03:56:00,0.3058,0.3058,0.3058,0.3058,0.0
2025-01-14 03:57:00,0.3058,0.3058,0.3058,0.3058,227.18
2025-01-14 03:58:00,0.306,0.306,0.306,0.306,64.59
2025-01-14 03:59:00,0.306,0.306,0.306,0.306,0.0
2025-01-14 04:00:00,0.306,0.3071,0.306,0.3068,9202.68
2025-01-14 04:01:00,0.307,0.307,0.307,0.307,161.68
2025-01-14 04:02:00,0.3069,0.307,0.3069,0.3069,9894.29
2025-01-14 04:03:00,0.3067,0.3067,0.3063,0.3063,1650.08
2025-01-14 04:04:00,0.3064,0.3066,0.3064,0.3066,410.68
2025-01-14 04:05:00,0.3065,0.3065,0.3062,0.3064,2472.49
2025-01-14 04:06:00,0.3062,0.3065,0.3061,0.3065,7678.63
2025-01-14 04:07:00,0.3061,0.3062,0.3059,0.3059,981.44
2025-01-14 04:08:00,0.306,0.3062,0.3058,0.3058,934.7
2025-01-14 04:09:00,0.3061,0.3063,0.3061,0.3063,1074.68
2025-01-14 04:10:00,0.3061,0.3063,0.3061,0.3063,1344.74
2025-01-14 04:11:00,0.3064,0.3064,0.306,0.306,1297.99
2025-01-14 04:12:00,0.3059,0.306,0.3058,0.306,2544.27
2025-01-14 04:13:00,0.3063,0.3064,0.3063,0.3064,538.84
2025-01-14 04:14:00,0.3064,0.307,0.3064,0.3069,1627.89
2025-01-14 04:15:00,0.307,0.3072,0.307,0.3072,1929.27
2025-01-14 04:16:00,0.3071,0.3073,0.3071,0.3073,5395.2
2025-01-14 04:17:00,0.3073,0.3076,0.3073,0.3075,814.29
2025-01-14 04:18:00,0.3075,0.3076,0.3073,0.3073,2492.62
2025-01-14 04:19:00,0.3073,0.3073,0.307,0.307,184.26
2025-01-14 04:20:00,0.307,0.307,0.3068,0.307,5882.53
2025-01-14 04:21:00,0.3071,0.3071,0.307,0.307,2100.79
2025-01-14 04:22:00,0.3069,0.3072,0.3069,0.3072,75.68
2025-01-14 04:23:00,0.307,0.3072,0.307,0.3072,2638.87
2025-01-14 04:24:00,0.3072,0.3073,0.3072,0.3072,6620.31
2025-01-14 04:25:00,0.3073,0.3073,0.3073,0.3073,1320.0
2025-01-14 04:26:00,0.307,0.3071,0.3069,0.3069,1199.69
2025-01-14 04:27:00,0.3069,0.3069,0.3069,0.3069,325.83
2025-01-14 04:28:00,0.3068,0.3069,0.3066,0.3066,6896.08
2025-01-14 04:29:00,0.3065,0.3065,0.3065,0.3065,65.49
2025-01-14 04:30:00,0.3063,0.3063,0.3061,0.3062,571.06
2025-01-14 04:31:00,0.3062,0.3062,0.3062,0.3062,1796.27
2025-01-14 04:32:00,0.3064,0.3064,0.3064,0.3064,488.7
2025-01-14 04:33:00,0.3064,0.3064,0.3064,0.3064,15246.06
2025-01-14 04:34:00,0.3064,0.3066,0.3064,0.3065,40414.06
2025-01-14 04:35:00,0.3067,0.3068,0.3067,0.3068,564.14
2025-01-14 04:36:00,0.3067,0.3067,0.3065,0.3066,4038.95
2025-01-14 04:37:00,0.3067,0.3071,0.3067,0.3071,10004.86
2025-01-14 04:38:00,0.3071,0.3071,0.3071,0.3071,10055.69
2025-01-14 04:39:00,0.3071,0.3075,0.3071,0.3075,8259.37
2025-01-14 04:40:00,0.3075,0.3075,0.3075,0.3075,0.0
2025-01-14 04:41:00,0.3074,0.3074,0.3074,0.3074,85.59
2025-01-14 04:42:00,0.3074,0.3074,0.3074,0.3074,325.45
2025-01-14 04:43:00,0.307,0.3072,0.307,0.3072,787.27
2025-01-14 04:44:00,0.3072,0.3072,0.3072,0.3072,325.66
2025-01-14 04:45:00,0.3074,0.3074,0.3074,0.3074,325.48
2025-01-14 04:46:00,0.3072,0.3072,0.3071,0.3071,1501.94
2025-01-14 04:47:00,0.3072,0.3072,0.3072,0.3072,342.0
2025-01-14 04:48:00,0.3072,0.3073,0.3072,0.3073,651.22
2025-01-14 04:49:00,0.3075,0.3075,0.3073,0.3073,2157.95
2025-01-14 04:50:00,0.3073,0.3075,0.3073,0.3075,1699.89
2025-01-14 04:51:00,0.3077,0.3078,0.3077,0.3078,3585.27
2025-01-14 04:52:00,0.3078,0.3078,0.3078,0.3078,0.0
2025-01-14 04:53:00,0.3079,0.3079,0.3079,0.3079,747.19
2025-01-14 04:54:00,0.308,0.3083,0.308,0.3083,14975.39
2025-01-14 04:55:00,0.3083,0.3085,0.3083,0.3085,3585.42
2025-01-14 04:56:00,0.3085,0.3085,0.3085,0.3085,4514.06
2025-01-14 04:57:00,0.3086,0.3087,0.3086,0.3087,2070.14
2025-01-14 04:58:00,0.3086,0.3086,0.3085,0.3085,562.68
2025-01-14 04:59:00,0.3085,0.3085,0.3085,0.3085,0.0
2025-01-14 05:00:00,0.3085,0.3085,0.3085,0.3085,1120.6
2025-01-14 05:01:00,0.3083,0.3089,0.3083,0.3089,8418.42
2025-01-14 05:02:00,0.3089,0.3089,0.3089,0.3089,723.13
2025-01-14 05:03:00,0.3089,0.3089,0.3089,0.3089,598.52
2025-01-14 05:04:00,0.309,0.3091,0.309,0.309,376.2
2025-01-14 05:05:00,0.3095,0.3099,0.3095,0.3099,21032.04
2025-01-14 05:06:00,0.3098,0.3098,0.3095,0.3095,3369.74
2025-01-14 05:07:00,0.3097,0.3107,0.3097,0.3107,11480.07
2025-01-14 05:08:00,0.3107,0.3109,0.3106,0.3108,25286.76
2025-01-14 05:09:00,0.3108,0.3112,0.3108,0.311,57977.13
2025-01-14 05:10:00,0.311,0.311,0.3103,0.3103,7395.95
2025-01-14 05:11:00,0.3104,0.3105,0.3103,0.3103,6171.15
2025-01-14 05:12:00,0.3106,0.3108,0.3106,0.3108,1948.93
2025-01-14 05:13:00,0.3107,0.3109,0.3106,0.3107,6969.41
2025-01-14 05:14:00,0.3107,0.3107,0.3107,0.3107,6722.58
2025-01-14 05:15:00,0.3108,0.3111,0.3108,0.3111,16912.03
2025-01-14 05:16:00,0.3105,0.311,0.3105,0.311,1380.08
2025-01-14 05:17:00,0.3108,0.3108,0.3103,0.3103,4219.94
2025-01-14 05:18:00,0.3103,0.3103,0.3103,0.3103,815.61
2025-01-14 05:19:00,0.3101,0.3102,0.31,0.3101,98381.33
2025-01-14 05:20:00,0.31,0.3101,0.31,0.31,44118.44
2025-01-14 05:21:00,0.31,0.3101,0.31,0.31,42458.43
2025-01-14 05:22:00,0.3099,0.3099,0.3094,0.3097,7001.87
2025-01-14 05:23:00,0.3093,0.3094,0.3091,0.3094,11528.47
2025-01-14 05:24:00,0.3092,0.3092,0.3092,0.3092,4654.7
2025-01-14 05:25:00,0.3093,0.3095,0.3093,0.3094,8889.55
2025-01-14 05:26:00,0.3093,0.3093,0.3089,0.3089,3305.25
2025-01-14 05:27:00,0.309,0.3093,0.3089,0.3093,5010.74
2025-01-14 05:28:00,0.3092,0.3094,0.3092,0.3094,4972.62
2025-01-14 05:29:00,0.3093,0.3093,0.3093,0.3093,4265.09
2025-01-14 05:30:00,0.3095,0.3095,0.3093,0.3093,1172.04
2025-01-14 05:31:00,0.3096,0.3096,0.3091,0.3091,2488.13
2025-01-14 05:32:00,0.3093,0.3094,0.3089,0.3089,4358.35
2025-01-14 05:33:00,0.3088,0.3088,0.3087,0.3087,315.86
2025-01-14 05:34:00,0.3087,0.3087,0.3085,0.3085,3605.23
2025-01-14 05:35:00,0.3084,0.3084,0.3083,0.3084,1582.0
2025-01-14 05:36:00,0.3085,0.3087,0.3085,0.3087,10807.41
2025-01-14 05:37:00,0.3087,0.3088,0.3085,0.3086,1425.45
2025-01-14 05:38:00,0.3085,0.3086,0.3085,0.3085,615.73
2025-01-14 05:39:00,0.3087,0.3088,0.3087,0.3088,3461.7
2025-01-14 05:40:00,0.3088,0.3093,0.3087,0.3093,601.92
2025-01-14 05:41:00,0.3093,0.3093,0.3088,0.3089,1996.69
2025-01-14 05:42:00,0.3089,0.3089,0.3089,0.3089,0.0
2025-01-14 05:43:00,0.3085,0.3085,0.3085,0.3085,421.81
2025-01-14 05:44:00,0.3085,0.3085,0.3085,0.3085,1260.0
2025-01-14 05:45:00,0.3084,0.3085,0.3084,0.3085,3105.46
2025-01-14 05:46:00,0.3079,0.308,0.3079,0.308,357.73
2025-01-14 05:47:00,0.3082,0.3083,0.3082,0.3083,3580.92
2025-01-14 05:48:00,0.3083,0.3083,0.3083,0.3083,0.0
2025-01-14 05:49:00,0.3079,0.3079,0.3078,0.3078,304.15
2025-01-14 05:50:00,0.3075,0.3075,0.3074,0.3074,325.39
2025-01-14 05:51:00,0.3074,0.3075,0.3074,0.3074,1356.2
2025-01-14 05:52:00,0.3075,0.3075,0.3074,0.3074,16652.72
2025-01-14 05:53:00,0.3076,0.3076,0.3076,0.3076,13314.13
2025-01-14 05:54:00,0.3073,0.3077,0.3073,0.3077,911.1
2025-01-14 05:55:00,0.3075,0.3076,0.3075,0.3075,975.73
2025-01-14 05:56:00,0.3073,0.3073,0.307,0.3071,6835.09
2025-01-14 05:57:00,0.3071,0.3072,0.3071,0.3071,1133.56
2025-01-14 05:58:00,0.3071,0.3073,0.3069,0.3073,8712.8
2025-01-14 05:59:00,0.3074,0.3074,0.3072,0.3072,2634.41
2025-01-14 06:00:00,0.3073,0.3078,0.3073,0.3075,9408.27
2025-01-14 06:01:00,0.3073,0.3073,0.3066,0.3066,15765.88
2025-01-14 06:02:00,0.3066,0.3071,0.3066,0.3068,2922.24
2025-01-14 06:03:00,0.3065,0.3065,0.3065,0.3065,652.8
2025-01-14 06:04:00,0.3065,0.3066,0.3064,0.3066,4080.63
2025-01-14 06:05:00,0.3065,0.3069,0.3065,0.3069,2404.87
2025-01-14 06:06:00,0.3065,0.3065,0.3064,0.3065,3116.21
2025-01-14 06:07:00,0.3065,0.3066,0.3064,0.3066,3725.75
2025-01-14 06:08:00,0.3067,0.3067,0.3067,0.3067,857.41
2025-01-14 06:09:00,0.3071,0.3071,0.3068,0.3068,219.93
2025-01-14 06:10:00,0.3071,0.3071,0.3069,0.3069,1240.13
2025-01-14 06:11:00,0.3068,0.3071,0.3067,0.3071,7688.62
2025-01-14 06:12:00,0.3072,0.3072,0.3071,0.3071,318.14
2025-01-14 06:13:00,0.307,0.3071,0.3068,0.3068,24539.07
2025-01-14 06:14:00,0.3068,0.3071,0.3068,0.3071,32948.8
2025-01-14 06:15:00,0.3072,0.3072,0.307,0.307,2464.12
2025-01-14 06:16:00,0.3071,0.3072,0.3069,0.3072,886.6
2025-01-14 06:17:00,0.3073,0.3075,0.3073,0.3075,974.51
2025-01-14 06:18:00,0.3074,0.3077,0.3074,0.3077,6843.01
2025-01-14 06:19:00,0.3077,0.3077,0.3077,0.3077,0.0
2025-01-14 06:20:00,0.3079,0.3079,0.3076,0.3076,351.24
2025-01-14 06:21:00,0.3073,0.3073,0.3072,0.3072,37.4
2025-01-14 06:22:00,0.3072,0.3072,0.3072,0.3072,0.0
2025-01-14 06:23:00,0.3075,0.3076,0.3074,0.3076,13920.77
2025-01-14 06:24:00,0.3078,0.3078,0.3077,0.3078,2681.8
2025-01-14 06:25:00,0.3087,0.3088,0.3087,0.3088,4872.54
2025-01-14 06:26:00,0.3086,0.3089,0.3086,0.3089,19862.02
2025-01-14 06:27:00,0.3087,0.3087,0.3084,0.3084,456.38
2025-01-14 06:28:00,0.3086,0.3086,0.3085,0.3086,682.8
2025-01-14 06:29:00,0.3085,0.3085,0.3085,0.3085,4223.04
2025-01-14 06:30:00,0.3085,0.3086,0.3084,0.3084,743.73
2025-01-14 06:31:00,0.3083,0.3083,0.3079,0.3079,432.15
2025-01-14 06:32:00,0.308,0.3082,0.3079,0.3081,10031.69
2025-01-14 06:33:00,0.308,0.308,0.3078,0.3078,2110.38
2025-01-14 06:34:00,0.3079,0.308,0.3079,0.308,39.87
2025-01-14 06:35:00,0.3078,0.3085,0.3078,0.3085,316.68
2025-01-14 06:36:00,0.3086,0.3088,0.3086,0.3088,7149.82
2025-01-14 06:37:00,0.3085,0.3085,0.3085,0.3085,207.06
2025-01-14 06:38:00,0.309,0.309,0.309,0.309,350.7
2025-01-14 06:39:00,0.3089,0.309,0.3089,0.309,17799.27
2025-01-14 06:40:00,0.309,0.3093,0.309,0.3093,26630.36
2025-01-14 06:41:00,0.309,0.3095,0.309,0.3095,4262.37
2025-01-14 06:42:00,0.3093,0.3093,0.3091,0.3092,291.82
2025-01-14 06:43:00,0.3093,0.3093,0.3092,0.3092,1000.13
2025-01-14 06:44:00,0.3089,0.309,0.3089,0.3089,5166.26
2025-01-14 06:45:00,0.3088,0.3088,0.3084,0.3084,3255.62
2025-01-14 06:46:00,0.3084,0.3084,0.3082,0.3083,18381.08
2025-01-14 06:47:00,0.3083,0.3083,0.3083,0.3083,0.0
2025-01-14 06:48:00,0.3082,0.3082,0.3076,0.3076,1665.79
2025-01-14 06:49:00,0.3076,0.3076,0.3076,0.3076,188.76
2025-01-14 06:50:00,0.3076,0.3079,0.3075,0.3079,2322.31
2025-01-14 06:51:00,0.3077,0.3077,0.3077,0.3077,256.29
2025-01-14 06:52:00,0.3076,0.3079,0.3076,0.3079,3745.7
2025-01-14 06:53:00,0.308,0.3081,0.308,0.3081,704.51
2025-01-14 06:54:00,0.3084,0.3084,0.3084,0.3084,2107.64
2025-01-14 06:55:00,0.3079,0.3079,0.3078,0.3078,5431.03
2025-01-14 06:56:00,0.3079,0.308,0.3079,0.308,2728.13
2025-01-14 06:57:00,0.308,0.308,0.308,0.308,162.42
2025-01-14 06:58:00,0.308,0.308,0.308,0.308,0.0
2025-01-14 06:59:00,0.3084,0.3087,0.3084,0.3087,194.62
2025-01-14 07:00:00,0.3089,0.3095,0.3089,0.3095,20140.44
2025-01-14 07:01:00,0.3094,0.3097,0.3094,0.3096,550.42
2025-01-14 07:02:00,0.3088,0.309,0.3088,0.309,6292.07
2025-01-14 07:03:00,0.3091,0.3091,0.3091,0.3091,84.78
2025-01-14 07:04:00,0.309,0.3092,0.3086,0.3091,5103.36
2025-01-14 07:05:00,0.3092,0.3094,0.3092,0.3093,5863.9
2025-01-14 07:06:00,0.3093,0.3093,0.3092,0.3093,3548.87
2025-01-14 07:07:00,0.3093,0.3093,0.3093,0.3093,30.75
2025-01-14 07:08:00,0.3092,0.3092,0.3091,0.3091,1504.54
2025-01-14 07:09:00,0.3088,0.3089,0.3087,0.3089,4097.52
2025-01-14 07:10:00,0.3092,0.3093,0.3092,0.3092,4380.91
2025-01-14 07:11:00,0.309,0.309,0.3089,0.3089,3426.69
2025-01-14 07:12:00,0.3091,0.3091,0.3087,0.3089,529.59
2025-01-14 07:13:00,0.3089,0.3089,0.3088,0.3088,3239.27
2025-01-14 07:14:00,0.309,0.309,0.309,0.309,2060.6
2025-01-14 07:15:00,0.3088,0.3088,0.3085,0.3086,11126.6
2025-01-14 07:16:00,0.3085,0.3085,0.3084,0.3085,12828.1
2025-01-14 07:17:00,0.3084,0.3084,0.3078,0.3078,9509.29
2025-01-14 07:18:00,0.308,0.3081,0.3079,0.3081,23998.72
2025-01-14 07:19:00,0.3081,0.3081,0.3079,0.3079,1204.57
2025-01-14 07:20:00,0.3079,0.3082,0.3078,0.3082,4927.61
2025-01-14 07:21:00,0.3082,0.3082,0.3078,0.3078,6331.82
2025-01-14 07:22:00,0.3078,0.308,0.3078,0.308,581.63
2025-01-14 07:23:00,0.3078,0.308,0.3077,0.308,13676.68
2025-01-14 07:24:00,0.308,0.308,0.308,0.308,0.0
2025-01-14 07:25:00,0.3081,0.3081,0.3078,0.3081,26418.96
2025-01-14 07:26:00,0.3078,0.3078,0.3077,0.3077,16467.18
2025-01-14 07:27:00,0.3076,0.3077,0.3075,0.3077,15697.33
2025-01-14 07:28:00,0.3077,0.3077,0.3075,0.3075,3252.18
2025-01-14 07:29:00,0.3076,0.3076,0.3073,0.3076,21993.97
2025-01-14 07:30:00,0.3077,0.3077,0.3077,0.3077,305.0
2025-01-14 07:31:00,0.308,0.3082,0.308,0.3082,58093.31
2025-01-14 07:32:00,0.3081,0.3082,0.308,0.3082,2111.6
2025-01-14 07:33:00,0.3079,0.3079,0.3076,0.3077,1965.4
2025-01-14 07:34:00,0.3074,0.3074,0.3072,0.3072,1157.66
2025-01-14 07:35:00,0.3072,0.3072,0.3069,0.3069,8772.84
2025-01-14 07:36:00,0.3069,0.3072,0.3069,0.3072,3993.98
2025-01-14 07:37:00,0.3069,0.3071,0.3069,0.3071,8956.18
2025-01-14 07:38:00,0.307,0.307,0.307,0.307,2675.42
2025-01-14 07:39:00,0.307,0.307,0.3069,0.3069,2045.81
2025-01-14 07:40:00,0.3069,0.3069,0.3068,0.3069,11249.96
2025-01-14 07:41:00,0.3069,0.3069,0.3067,0.3068,2785.23
2025-01-14 07:42:00,0.3066,0.307,0.3066,0.307,14121.77
2025-01-14 07:43:00,0.3069,0.3069,0.3069,0.3069,2457.89
2025-01-14 07:44:00,0.3069,0.3069,0.3068,0.3068,2069.21
2025-01-14 07:45:00,0.3069,0.3069,0.3068,0.3068,1186.37
2025-01-14 07:46:00,0.3068,0.3068,0.3064,0.3064,1755.18
2025-01-14 07:47:00,0.3064,0.3064,0.3064,0.3064,392.46
2025-01-14 07:48:00,0.3063,0.3065,0.3063,0.3065,142.87
2025-01-14 07:49:00,0.3062,0.3064,0.3062,0.3064,2511.9
2025-01-14 07:50:00,0.3065,0.3065,0.3062,0.3062,6098.52
2025-01-14 07:51:00,0.3062,0.3062,0.3062,0.3062,0.0
2025-01-14 07:52:00,0.3061,0.3061,0.3061,0.3061,2072.51
2025-01-14 07:53:00,0.3062,0.3062,0.3062,0.3062,1633.79
2025-01-14 07:54:00,0.3062,0.3063,0.3062,0.3063,1924.8
2025-01-14 07:55:00,0.3061,0.3061,0.3061,0.3061,1217.73
2025-01-14 07:56:00,0.3062,0.3063,0.3061,0.3062,6804.93
2025-01-14 07:57:00,0.3061,0.3061,0.3061,0.3061,2333.36
2025-01-14 07:58:00,0.3058,0.3059,0.3058,0.3058,1284.89
2025-01-14 07:59:00,0.3058,0.3058,0.3058,0.3058,5003.46
2025-01-14 08:00:00,0.3061,0.3065,0.3061,0.3062,4683.08
2025-01-14 08:01:00,0.3063,0.3069,0.3063,0.3069,1386.06
2025-01-14 08:02:00,0.3068,0.307,0.3067,0.307,8568.24
2025-01-14 08:03:00,0.3066,0.307,0.3066,0.307,7259.02
2025-01-14 08:04:00,0.3069,0.3069,0.3067,0.3068,5007.01
2025-01-14 08:05:00,0.3069,0.3071,0.3069,0.307,22135.58
2025-01-14 08:06:00,0.3073,0.3074,0.3072,0.3072,3507.34
2025-01-14 08:07:00,0.3072,0.3073,0.3072,0.3072,3578.3
2025-01-14 08:08:00,0.3071,0.3072,0.3069,0.3072,2969.52
2025-01-14 08:09:00,0.307,0.3072,0.307,0.3072,796.54
2025-01-14 08:10:00,0.3069,0.3073,0.3068,0.3073,14685.14
2025-01-14 08:11:00,0.3071,0.3079,0.307,0.3079,11507.7
2025-01-14 08:12:00,0.3078,0.3083,0.3078,0.3081,14657.88
2025-01-14 08:13:00,0.3081,0.3083,0.308,0.3083,4958.75
2025-01-14 08:14:00,0.3086,0.3087,0.3084,0.3084,3638.47
2025-01-14 08:15:00,0.3082,0.3086,0.3082,0.3086,5946.93
2025-01-14 08:16:00,0.3084,0.3084,0.3078,0.3079,6042.95
2025-01-14 08:17:00,0.3077,0.3087,0.3077,0.3087,11810.11
2025-01-14 08:18:00,0.3089,0.3092,0.3086,0.3088,113482.08
2025-01-14 08:19:00,0.3087,0.3087,0.3082,0.3082,15087.13
2025-01-14 08:20:00,0.3078,0.3079,0.3074,0.3074,5246.47
2025-01-14 08:21:00,0.3073,0.3074,0.3071,0.3071,3171.67
2025-01-14 08:22:00,0.3071,0.3071,0.3067,0.3067,8592.33
2025-01-14 08:23:00,0.3068,0.3069,0.3067,0.3069,13367.67
2025-01-14 08:24:00,0.3069,0.3069,0.3068,0.3068,457.21
2025-01-14 08:25:00,0.3067,0.3067,0.3065,0.3065,10645.23
2025-01-14 08:26:00,0.3064,0.3065,0.3063,0.3063,6471.26
2025-01-14 08:27:00,0.3063,0.3066,0.3063,0.3066,3207.19
2025-01-14 08:28:00,0.3063,0.3063,0.3063,0.3063,1633.11
2025-01-14 08:29:00,0.3065,0.3066,0.3065,0.3066,644.78
2025-01-14 08:30:00,0.3071,0.3075,0.307,0.3075,2701.19
2025-01-14 08:31:00,0.3074,0.3074,0.3072,0.3072,377.52
2025-01-14 08:32:00,0.3071,0.3071,0.3066,0.3066,20523.7
2025-01-14 08:33:00,0.3066,0.3067,0.3064,0.3065,3873.13
2025-01-14 08:34:00,0.3066,0.3069,0.3066,0.3068,6559.08
2025-01-14 08:35:00,0.3067,0.3068,0.3067,0.3067,8613.22
2025-01-14 08:36:00,0.3067,0.3067,0.3065,0.3065,2982.77
2025-01-14 08:37:00,0.3069,0.3072,0.3069,0.3072,3947.43
2025-01-14 08:38:00,0.3075,0.3076,0.3075,0.3076,1792.25
2025-01-14 08:39:00,0.3073,0.3074,0.3072,0.3074,6478.75
2025-01-14 08:40:00,0.3074,0.3075,0.3068,0.3068,1997.81
2025-01-14 08:41:00,0.307,0.3072,0.3069,0.3072,3311.98
2025-01-14 08:42:00,0.307,0.3074,0.307,0.3074,3366.13
2025-01-14 08:43:00,0.3075,0.3075,0.3075,0.3075,55.4
2025-01-14 08:44:00,0.3073,0.3075,0.3072,0.3074,2471.07
2025-01-14 08:45:00,0.3073,0.3075,0.3073,0.3074,6005.54
2025-01-14 08:46:00,0.3076,0.3076,0.3071,0.3071,16969.31
2025-01-14 08:47:00,0.3071,0.3078,0.3071,0.3078,3986.83
2025-01-14 08:48:00,0.3078,0.3079,0.3076,0.3078,4221.7
2025-01-14 08:49:00,0.3075,0.3077,0.3075,0.3077,4371.94
2025-01-14 08:50:00,0.3076,0.3078,0.3076,0.3078,13566.96
2025-01-14 08:51:00,0.3077,0.3077,0.3073,0.3075,7215.66
2025-01-14 08:52:00,0.3075,0.3076,0.3073,0.3076,10805.99
2025-01-14 08:53:00,0.3079,0.308,0.3077,0.3077,330.96
2025-01-14 08:54:00,0.3072,0.3072,0.3072,0.3072,196.0
2025-01-14 08:55:00,0.3073,0.3073,0.3071,0.3071,2047.46
2025-01-14 08:56:00,0.307,0.3071,0.3068,0.307,20565.9
2025-01-14 08:57:00,0.3068,0.3071,0.3068,0.307,8120.08
2025-01-14 08:58:00,0.3069,0.3069,0.3069,0.3069,1744.74
2025-01-14 08:59:00,0.307,0.307,0.3069,0.3069,2264.87
2025-01-14 09:00:00,0.3067,0.3068,0.3066,0.3067,1828.81
2025-01-14 09:01:00,0.3068,0.3069,0.3068,0.3069,2314.7
2025-01-14 09:02:00,0.307,0.3074,0.3069,0.3074,10127.69
2025-01-14 09:03:00,0.3074,0.3074,0.3069,0.3073,17064.71
2025-01-14 09:04:00,0.3069,0.3069,0.3062,0.3062,3192.6
2025-01-14 09:05:00,0.3064,0.3069,0.3063,0.3069,11594.11
2025-01-14 09:06:00,0.3066,0.3066,0.3061,0.3061,8814.87
2025-01-14 09:07:00,0.3063,0.3069,0.3063,0.3069,28693.53
2025-01-14 09:08:00,0.3067,0.3069,0.3066,0.3069,5430.48
2025-01-14 09:09:00,0.3068,0.3068,0.3064,0.3066,7940.27
2025-01-14 09:10:00,0.3066,0.307,0.3066,0.307,6996.2
2025-01-14 09:11:00,0.3069,0.3069,0.3069,0.3069,4011.67
2025-01-14 09:12:00,0.307,0.3072,0.307,0.3072,17744.58
2025-01-14 09:13:00,0.3075,0.3078,0.3075,0.3077,8283.84
2025-01-14 09:14:00,0.3079,0.3081,0.3079,0.3081,6527.81
2025-01-14 09:15:00,0.3082,0.3082,0.3078,0.308,9959.26
2025-01-14 09:16:00,0.308,0.308,0.3073,0.3073,4239.08
2025-01-14 09:17:00,0.3073,0.3073,0.3071,0.3072,3323.24
2025-01-14 09:18:00,0.3072,0.3078,0.3072,0.3078,3364.22
2025-01-14 09:19:00,0.3078,0.3084,0.3078,0.3082,4386.79
2025-01-14 09:20:00,0.3083,0.3083,0.3081,0.3082,4652.76
2025-01-14 09:21:00,0.3082,0.3082,0.3081,0.3082,435.22
2025-01-14 09:22:00,0.3083,0.3093,0.3083,0.3093,12912.94
2025-01-14 09:23:00,0.3093,0.3095,0.3092,0.3095,2465.24
2025-01-14 09:24:00,0.3098,0.3104,0.3097,0.3104,41229.1
2025-01-14 09:25:00,0.3104,0.3114,0.3104,0.3114,175309.79
2025-01-14 09:26:00,0.3112,0.3119,0.311,0.3116,35603.73
2025-01-14 09:27:00,0.3117,0.3119,0.3114,0.3119,9391.29
2025-01-14 09:28:00,0.3117,0.3117,0.3115,0.3115,20092.45
2025-01-14 09:29:00,0.3116,0.3117,0.3111,0.3111,5137.06
2025-01-14 09:30:00,0.3111,0.3111,0.3104,0.3107,11642.42
2025-01-14 09:31:00,0.3106,0.3106,0.3105,0.3105,2394.82
2025-01-14 09:32:00,0.3107,0.3113,0.3105,0.3113,82014.62
2025-01-14 09:33:00,0.3113,0.3118,0.3113,0.3117,37796.26
2025-01-14 09:34:00,0.3118,0.3123,0.3118,0.3123,20069.01
2025-01-14 09:35:00,0.3124,0.3132,0.3123,0.3126,71582.44
2025-01-14 09:36:00,0.3126,0.3126,0.312,0.3126,17082.1
2025-01-14 09:37:00,0.3126,0.3128,0.3123,0.3128,10943.36
2025-01-14 09:38:00,0.313,0.3134,0.313,0.3133,14408.96
2025-01-14 09:39:00,0.3132,0.3132,0.3125,0.313,35020.49
2025-01-14 09:40:00,0.3135,0.3139,0.3128,0.3131,200462.81
2025-01-14 09:41:00,0.3129,0.3134,0.3128,0.3129,19480.18
2025-01-14 09:42:00,0.3128,0.3132,0.3127,0.3127,46683.6
2025-01-14 09:43:00,0.3125,0.3129,0.3125,0.3127,15209.45
2025-01-14 09:44:00,0.3128,0.3134,0.3128,0.3134,42260.46
2025-01-14 09:45:00,0.3132,0.3135,0.3125,0.3132,39439.62
2025-01-14 09:46:00,0.3132,0.3134,0.3128,0.3129,33020.7
2025-01-14 09:47:00,0.3133,0.3141,0.3133,0.314,16633.0
2025-01-14 09:48:00,0.3139,0.3141,0.3135,0.3141,14942.26
2025-01-14 09:49:00,0.3141,0.3145,0.3139,0.3145,42904.53
2025-01-14 09:50:00,0.3144,0.3147,0.3141,0.3142,23580.96
2025-01-14 09:51:00,0.3144,0.3148,0.3144,0.3148,5541.09
2025-01-14 09:52:00,0.3146,0.3154,0.3146,0.3152,125613.86
2025-01-14 09:53:00,0.3152,0.3152,0.3142,0.3144,42870.29
2025-01-14 09:54:00,0.3143,0.3144,0.314,0.3143,15657.63
2025-01-14 09:55:00,0.3142,0.3142,0.3139,0.3142,16241.3
2025-01-14 09:56:00,0.3139,0.3143,0.3139,0.3141,27698.33
2025-01-14 09:57:00,0.3141,0.3141,0.3134,0.3135,21029.64
2025-01-14 09:58:00,0.3134,0.3136,0.3134,0.3134,3840.96
2025-01-14 09:59:00,0.3134,0.3136,0.3134,0.3136,1650.74
2025-01-14 10:00:00,0.3136,0.3136,0.3129,0.3129,6059.02
2025-01-14 10:01:00,0.3127,0.3133,0.3127,0.3131,13165.48
2025-01-14 10:02:00,0.3131,0.3134,0.3129,0.3129,40091.83
2025-01-14 10:03:00,0.3128,0.3136,0.3128,0.3136,14701.32
2025-01-14 10:04:00,0.3136,0.3138,0.3129,0.3129,37325.14
2025-01-14 10:05:00,0.3125,0.3125,0.3119,0.3121,6914.8
2025-01-14 10:06:00,0.3121,0.3122,0.3119,0.3119,16532.43
2025-01-14 10:07:00,0.3121,0.3121,0.3116,0.3116,13414.26
2025-01-14 10:08:00,0.3116,0.3116,0.3113,0.3113,8692.05
2025-01-14 10:09:00,0.3113,0.3116,0.3111,0.3111,17012.37
2025-01-14 10:10:00,0.3111,0.3112,0.3108,0.3111,11619.03
2025-01-14 10:11:00,0.3111,0.3113,0.3108,0.311,53513.01
2025-01-14 10:12:00,0.3109,0.3113,0.3106,0.3107,44279.25
2025-01-14 10:13:00,0.3106,0.3108,0.3106,0.3108,25879.41
2025-01-14 10:14:00,0.3106,0.3112,0.3105,0.3112,21467.13
2025-01-14 10:15:00,0.3113,0.3115,0.3106,0.3106,9075.51
2025-01-14 10:16:00,0.3104,0.3104,0.3101,0.3103,44321.21
2025-01-14 10:17:00,0.3105,0.3114,0.3105,0.3111,40682.04
2025-01-14 10:18:00,0.3111,0.3112,0.3107,0.3108,28122.2
2025-01-14 10:19:00,0.3108,0.311,0.3104,0.3107,36377.36
2025-01-14 10:20:00,0.3106,0.3109,0.3104,0.3109,18251.08
2025-01-14 10:21:00,0.3109,0.3113,0.3109,0.311,33770.94
2025-01-14 10:22:00,0.3109,0.3112,0.3108,0.3112,11971.4
2025-01-14 10:23:00,0.311,0.3116,0.311,0.3116,8816.31
2025-01-14 10:24:00,0.3115,0.3117,0.3115,0.3117,7348.59
2025-01-14 10:25:00,0.3117,0.3117,0.3111,0.3113,53354.21
2025-01-14 10:26:00,0.3112,0.3116,0.311,0.3114,65792.91
2025-01-14 10:27:00,0.3114,0.3114,0.3111,0.3112,59923.9
2025-01-14 10:28:00,0.311,0.3111,0.3107,0.311,52532.22
2025-01-14 10:29:00,0.311,0.3111,0.3109,0.311,5922.73
2025-01-14 10:30:00,0.3108,0.3108,0.3101,0.3105,13902.06
2025-01-14 10:31:00,0.3103,0.3106,0.3102,0.3102,10477.99
2025-01-14 10:32:00,0.3105,0.3105,0.3101,0.3103,22720.01
2025-01-14 10:33:00,0.3102,0.3103,0.3101,0.3102,7292.89
2025-01-14 10:34:00,0.3102,0.3104,0.3101,0.3102,5332.13
2025-01-14 10:35:00,0.3101,0.3101,0.3097,0.31,14266.46
2025-01-14 10:36:00,0.31,0.3105,0.31,0.3103,115418.87
2025-01-14 10:37:00,0.3104,0.3104,0.3101,0.3101,11589.63
2025-01-14 10:38:00,0.3101,0.3102,0.3101,0.3101,4041.68
2025-01-14 10:39:00,0.3101,0.3105,0.3101,0.3102,2982.67
2025-01-14 10:40:00,0.3104,0.3106,0.3104,0.3104,5483.87
2025-01-14 10:41:00,0.3104,0.3106,0.3103,0.3104,4916.8
2025-01-14 10:42:00,0.3104,0.3106,0.3104,0.3105,2887.67
2025-01-14 10:43:00,0.3105,0.3107,0.3105,0.3107,1482.08
2025-01-14 10:44:00,0.3111,0.3113,0.3111,0.3111,7515.57
2025-01-14 10:45:00,0.3112,0.3112,0.3111,0.3111,802.0
2025-01-14 10:46:00,0.3113,0.3113,0.3112,0.3112,64.46
2025-01-14 10:47:00,0.3112,0.3114,0.3112,0.3112,11066.19
2025-01-14 10:48:00,0.3111,0.3111,0.3108,0.3108,4053.87
2025-01-14 10:49:00,0.3108,0.3111,0.3108,0.311,838.49
2025-01-14 10:50:00,0.311,0.311,0.3108,0.3109,1775.96
2025-01-14 10:51:00,0.3109,0.311,0.3109,0.311,2935.37
2025-01-14 10:52:00,0.3111,0.3115,0.3111,0.3115,8423.92
2025-01-14 10:53:00,0.3116,0.3118,0.3116,0.3118,2135.74
2025-01-14 10:54:00,0.3119,0.312,0.3118,0.3118,102977.82
2025-01-14 10:55:00,0.3117,0.3117,0.3116,0.3116,1353.69
2025-01-14 10:56:00,0.3115,0.3116,0.3113,0.3113,3217.67
2025-01-14 10:57:00,0.3113,0.3114,0.3112,0.3112,19226.82
2025-01-14 10:58:00,0.3112,0.3113,0.3112,0.3113,1016.06
2025-01-14 10:59:00,0.3115,0.312,0.3115,0.312,3089.78
2025-01-14 11:00:00,0.3123,0.3123,0.3119,0.3119,12081.3
2025-01-14 11:01:00,0.3114,0.3117,0.3114,0.3116,4645.2
2025-01-14 11:02:00,0.3119,0.3119,0.3117,0.3119,3957.84
2025-01-14 11:03:00,0.3117,0.3117,0.3115,0.3115,780.9
2025-01-14 11:04:00,0.3115,0.3115,0.3112,0.3112,311.18
2025-01-14 11:05:00,0.3113,0.3113,0.3111,0.3112,3401.58
2025-01-14 11:06:00,0.3112,0.3113,0.3112,0.3113,1928.31
2025-01-14 11:07:00,0.3111,0.3112,0.3111,0.3112,365.45
2025-01-14 11:08:00,0.311,0.311,0.3108,0.3109,11707.16
2025-01-14 11:09:00,0.311,0.3111,0.3107,0.3107,14938.65
2025-01-14 11:10:00,0.3109,0.3109,0.3107,0.3107,8199.14
2025-01-14 11:11:00,0.3108,0.3112,0.3108,0.3111,4157.03
2025-01-14 11:12:00,0.3112,0.3112,0.311,0.311,3457.05
2025-01-14 11:13:00,0.311,0.311,0.311,0.311,0.0
2025-01-14 11:14:00,0.311,0.311,0.311,0.311,0.0
2025-01-14 11:15:00,0.3112,0.3112,0.3109,0.3109,144.36
2025-01-14 11:16:00,0.3109,0.3109,0.3108,0.3108,3492.44
2025-01-14 11:17:00,0.3107,0.3107,0.3106,0.3106,7496.26
2025-01-14 11:18:00,0.3104,0.3104,0.3104,0.3104,2519.12
2025-01-14 11:19:00,0.3104,0.3104,0.31,0.31,6490.46
2025-01-14 11:20:00,0.3101,0.3101,0.3098,0.31,9743.34
2025-01-14 11:21:00,0.3102,0.3102,0.3096,0.3096,1994.43
2025-01-14 11:22:00,0.3096,0.3096,0.3093,0.3093,4102.38
2025-01-14 11:23:00,0.3092,0.3092,0.3092,0.3092,4110.97
2025-01-14 11:24:00,0.3093,0.3093,0.3092,0.3093,764.54
2025-01-14 11:25:00,0.3093,0.3099,0.3093,0.3097,248.09
2025-01-14 11:26:00,0.3097,0.3101,0.3097,0.3101,3888.75
2025-01-14 11:27:00,0.31,0.31,0.3099,0.31,19015.52
2025-01-14 11:28:00,0.31,0.3102,0.3098,0.3098,27437.47
2025-01-14 11:29:00,0.3097,0.3097,0.3097,0.3097,1074.02
2025-01-14 11:30:00,0.31,0.3104,0.31,0.3104,5903.47
2025-01-14 11:31:00,0.3104,0.3105,0.3104,0.3105,8105.41
2025-01-14 11:32:00,0.3106,0.3106,0.3106,0.3106,321.95
2025-01-14 11:33:00,0.3101,0.3102,0.3098,0.3098,1717.58
2025-01-14 11:34:00,0.3098,0.3098,0.3097,0.3097,353.12
2025-01-14 11:35:00,0.31,0.31,0.31,0.31,158.48
2025-01-14 11:36:00,0.31,0.31,0.3097,0.3097,2382.17
2025-01-14 11:37:00,0.3097,0.3097,0.3097,0.3097,0.0
2025-01-14 11:38:00,0.3098,0.3098,0.3096,0.3098,47484.32
2025-01-14 11:39:00,0.3095,0.3095,0.309,0.309,2209.06
2025-01-14 11:40:00,0.3089,0.3092,0.3084,0.3084,15008.7
2025-01-14 11:41:00,0.3085,0.3085,0.3084,0.3084,4770.1
2025-01-14 11:42:00,0.3084,0.3091,0.3083,0.3091,6309.56
2025-01-14 11:43:00,0.3091,0.3093,0.309,0.309,34056.73
2025-01-14 11:44:00,0.3091,0.3096,0.3091,0.3096,3725.3
2025-01-14 11:45:00,0.3095,0.3095,0.3094,0.3095,2418.58
2025-01-14 11:46:00,0.3094,0.3094,0.309,0.3092,8932.66
2025-01-14 11:47:00,0.3093,0.3093,0.3091,0.3093,2140.67
2025-01-14 11:48:00,0.3092,0.3092,0.3092,0.3092,345.2
2025-01-14 11:49:00,0.309,0.309,0.3089,0.3089,804.79
2025-01-14 11:50:00,0.3091,0.3094,0.3091,0.3094,3182.91
2025-01-14 11:51:00,0.3095,0.3095,0.3095,0.3095,1387.05
2025-01-14 11:52:00,0.3098,0.3098,0.3098,0.3098,645.23
2025-01-14 11:53:00,0.3097,0.3097,0.3096,0.3096,662.36
2025-01-14 11:54:00,0.3097,0.3097,0.3097,0.3097,463.35
2025-01-14 11:55:00,0.3098,0.3098,0.3098,0.3098,4389.34
2025-01-14 11:56:00,0.3099,0.3101,0.3099,0.3099,47268.58
2025-01-14 11:57:00,0.3099,0.31,0.3098,0.31,19348.38
2025-01-14 11:58:00,0.3099,0.3103,0.3099,0.3103,849.81
2025-01-14 11:59:00,0.3103,0.3105,0.3103,0.3105,756.1
2025-01-14 12:00:00,0.3104,0.3113,0.3104,0.3111,21482.69
2025-01-14 12:01:00,0.3112,0.3112,0.3106,0.3106,16363.69
2025-01-14 12:02:00,0.3105,0.3105,0.3104,0.3105,4591.34
2025-01-14 12:03:00,0.3104,0.3104,0.31,0.31,5509.38
2025-01-14 12:04:00,0.3099,0.3099,0.3096,0.3098,6717.61
2025-01-14 12:05:00,0.31,0.31,0.3094,0.3095,11054.96
2025-01-14 12:06:00,0.3095,0.3095,0.3092,0.3093,5218.75
2025-01-14 12:07:00,0.3094,0.3094,0.3094,0.3094,9696.91
2025-01-14 12:08:00,0.3092,0.3093,0.3092,0.3092,4039.91
2025-01-14 12:09:00,0.309,0.3094,0.309,0.3093,5250.41
2025-01-14 12:10:00,0.3092,0.3092,0.3089,0.3091,4209.79
2025-01-14 12:11:00,0.309,0.3091,0.3089,0.3089,4004.9
2025-01-14 12:12:00,0.3088,0.3089,0.3088,0.3089,2846.58
2025-01-14 12:13:00,0.3089,0.3089,0.3088,0.3088,2052.26
2025-01-14 12:14:00,0.3087,0.309,0.3087,0.309,2339.3
2025-01-14 12:15:00,0.309,0.309,0.3087,0.3087,19908.83
2025-01-14 12:16:00,0.3086,0.3089,0.3085,0.3089,7502.85
2025-01-14 12:17:00,0.3088,0.3088,0.3088,0.3088,71.16
2025-01-14 12:18:00,0.3085,0.3087,0.3085,0.3087,3485.29
2025-01-14 12:19:00,0.3082,0.3086,0.3082,0.3086,1482.68
2025-01-14 12:20:00,0.3083,0.3083,0.3079,0.3081,14330.81
2025-01-14 12:21:00,0.3082,0.3083,0.3078,0.3078,7291.23
2025-01-14 12:22:00,0.3079,0.3081,0.3077,0.3081,13922.97
2025-01-14 12:23:00,0.308,0.308,0.3076,0.3076,10158.29
2025-01-14 12:24:00,0.3076,0.3076,0.3069,0.3069,36784.05
2025-01-14 12:25:00,0.3069,0.3073,0.3069,0.3072,14131.51
2025-01-14 12:26:00,0.3072,0.3081,0.3072,0.3081,15983.7
2025-01-14 12:27:00,0.308,0.308,0.3077,0.3077,28805.67
2025-01-14 12:28:00,0.3077,0.3078,0.3077,0.3078,7932.18
2025-01-14 12:29:00,0.3079,0.308,0.3074,0.3076,10382.45
2025-01-14 12:30:00,0.3076,0.3084,0.3076,0.3082,7565.46
2025-01-14 12:31:00,0.3082,0.3082,0.3081,0.3081,2486.1
2025-01-14 12:32:00,0.3083,0.3085,0.3083,0.3085,2905.29
2025-01-14 12:33:00,0.3081,0.3081,0.3078,0.3079,4151.51
2025-01-14 12:34:00,0.3081,0.3082,0.3081,0.3081,551.1
2025-01-14 12:35:00,0.3084,0.3086,0.3083,0.3086,6868.71
2025-01-14 12:36:00,0.3087,0.3087,0.3085,0.3085,3766.9
2025-01-14 12:37:00,0.3086,0.309,0.3086,0.309,1002.9
2025-01-14 12:38:00,0.3091,0.3091,0.309,0.309,3076.57
2025-01-14 12:39:00,0.3091,0.3091,0.309,0.309,2005.33
2025-01-14 12:40:00,0.3091,0.3099,0.3091,0.3099,24311.93
2025-01-14 12:41:00,0.3098,0.3098,0.3095,0.3095,230.16
2025-01-14 12:42:00,0.3092,0.3092,0.3091,0.3092,2479.17
2025-01-14 12:43:00,0.309,0.309,0.309,0.309,1879.47
2025-01-14 12:44:00,0.309,0.3091,0.309,0.3091,238.18
2025-01-14 12:45:00,0.3091,0.3091,0.3091,0.3091,16.81
2025-01-14 12:46:00,0.309,0.3091,0.3089,0.3089,3246.03
2025-01-14 12:47:00,0.3091,0.3091,0.309,0.309,116.19
2025-01-14 12:48:00,0.3089,0.3092,0.3089,0.3091,2860.52
2025-01-14 12:49:00,0.3093,0.3095,0.3092,0.3095,17503.29
2025-01-14 12:50:00,0.3094,0.3096,0.3094,0.3096,3478.13
2025-01-14 12:51:00,0.3095,0.3096,0.3095,0.3096,140.29
2025-01-14 12:52:00,0.3095,0.3096,0.3095,0.3096,2230.24
2025-01-14 12:53:00,0.3093,0.3093,0.3093,0.3093,198.0
2025-01-14 12:54:00,0.3092,0.3092,0.309,0.309,525.23
2025-01-14 12:55:00,0.3089,0.3089,0.3085,0.3085,5688.2
2025-01-14 12:56:00,0.3086,0.3086,0.3084,0.3084,3977.07
2025-01-14 12:57:00,0.3084,0.3084,0.3081,0.3082,8197.95
2025-01-14 12:58:00,0.3083,0.3083,0.308,0.308,8834.23
2025-01-14 12:59:00,0.308,0.3081,0.3078,0.3079,5646.1
2025-01-14 13:00:00,0.308,0.3081,0.3079,0.3081,12360.49
2025-01-14 13:01:00,0.3081,0.3085,0.3079,0.3079,1885.54
2025-01-14 13:02:00,0.3077,0.3077,0.3075,0.3075,2602.45
2025-01-14 13:03:00,0.3074,0.308,0.3073,0.308,5879.35
2025-01-14 13:04:00,0.3081,0.3083,0.3078,0.3083,13429.49
2025-01-14 13:05:00,0.3083,0.3084,0.3082,0.3082,1525.95
2025-01-14 13:06:00,0.3083,0.3083,0.3083,0.3083,3375.52
2025-01-14 13:07:00,0.3082,0.3083,0.308,0.308,2307.6
2025-01-14 13:08:00,0.3081,0.3082,0.3076,0.3076,2453.47
2025-01-14 13:09:00,0.3076,0.3076,0.3071,0.3071,19243.06
2025-01-14 13:10:00,0.3072,0.3075,0.3072,0.3075,3432.58
2025-01-14 13:11:00,0.3074,0.3078,0.3074,0.3077,3751.29
2025-01-14 13:12:00,0.3078,0.3078,0.3077,0.3077,3828.38
2025-01-14 13:13:00,0.3077,0.308,0.3077,0.308,9995.81
2025-01-14 13:14:00,0.308,0.308,0.308,0.308,0.0
2025-01-14 13:15:00,0.3078,0.3082,0.3078,0.3082,3772.1
2025-01-14 13:16:00,0.3082,0.3082,0.3078,0.3078,4198.24
2025-01-14 13:17:00,0.3077,0.3077,0.3075,0.3075,228.74
2025-01-14 13:18:00,0.3071,0.308,0.3071,0.308,3450.5
2025-01-14 13:19:00,0.3078,0.3078,0.3075,0.3075,5570.28
2025-01-14 13:20:00,0.3074,0.3075,0.3071,0.3075,6957.59
2025-01-14 13:21:00,0.3076,0.3078,0.3076,0.3078,1001.34
2025-01-14 13:22:00,0.308,0.3083,0.308,0.3082,706.33
2025-01-14 13:23:00,0.3079,0.3081,0.3079,0.3081,1056.79
2025-01-14 13:24:00,0.3081,0.3081,0.3078,0.3078,2648.54
2025-01-14 13:25:00,0.308,0.3081,0.308,0.3081,696.0
2025-01-14 13:26:00,0.308,0.308,0.3075,0.3075,4561.85
2025-01-14 13:27:00,0.3073,0.3074,0.3071,0.3073,14723.66
2025-01-14 13:28:00,0.3072,0.3076,0.3072,0.3076,4808.26
2025-01-14 13:29:00,0.3077,0.308,0.3077,0.308,10354.54
2025-01-14 13:30:00,0.3076,0.3145,0.3075,0.3128,570297.35
2025-01-14 13:31:00,0.3128,0.3137,0.3124,0.3132,258806.29
2025-01-14 13:32:00,0.3132,0.3139,0.3124,0.3124,58354.63
2025-01-14 13:33:00,0.3125,0.3131,0.3113,0.3114,22994.42
2025-01-14 13:34:00,0.3113,0.3121,0.311,0.311,33765.23
2025-01-14 13:35:00,0.3109,0.3109,0.3102,0.3107,177737.45
2025-01-14 13:36:00,0.3105,0.3117,0.3104,0.3107,11305.59
2025-01-14 13:37:00,0.3108,0.3112,0.3105,0.3108,16251.27
2025-01-14 13:38:00,0.3106,0.3107,0.3101,0.3103,13289.32
2025-01-14 13:39:00,0.3105,0.3114,0.3102,0.3112,9868.43
2025-01-14 13:40:00,0.3117,0.3118,0.3106,0.3108,9978.84
2025-01-14 13:41:00,0.3105,0.3113,0.3105,0.3113,635.39
2025-01-14 13:42:00,0.3119,0.3119,0.3114,0.3114,6095.15
2025-01-14 13:43:00,0.3114,0.3119,0.3111,0.3112,8856.6
2025-01-14 13:44:00,0.3113,0.3113,0.3109,0.3109,3372.76
2025-01-14 13:45:00,0.3109,0.3121,0.3109,0.3121,7145.88
2025-01-14 13:46:00,0.3124,0.313,0.3122,0.313,4617.2
2025-01-14 13:47:00,0.313,0.3135,0.3129,0.3135,6962.9
2025-01-14 13:48:00,0.3138,0.3138,0.3134,0.3136,2744.5
2025-01-14 13:49:00,0.3136,0.3136,0.3132,0.3133,1629.39
2025-01-14 13:50:00,0.3132,0.3133,0.3126,0.3127,5711.38
2025-01-14 13:51:00,0.3127,0.3127,0.3116,0.3116,4583.98
2025-01-14 13:52:00,0.3117,0.3117,0.3114,0.3114,11344.24
2025-01-14 13:53:00,0.3113,0.3118,0.3112,0.3117,8907.81
2025-01-14 13:54:00,0.3115,0.3121,0.3115,0.3119,6539.98
2025-01-14 13:55:00,0.3119,0.3125,0.3119,0.3125,2872.54
2025-01-14 13:56:00,0.3123,0.3123,0.3117,0.3119,15669.5
2025-01-14 13:57:00,0.312,0.3122,0.3116,0.3119,4210.65
2025-01-14 13:58:00,0.3117,0.312,0.3117,0.312,1320.04
2025-01-14 13:59:00,0.3119,0.312,0.3118,0.3119,2897.05
2025-01-14 14:00:00,0.3121,0.3121,0.3116,0.3116,8692.34
2025-01-14 14:01:00,0.3114,0.3121,0.3114,0.3115,11292.45
2025-01-14 14:02:00,0.3114,0.3114,0.3111,0.3111,2157.52
2025-01-14 14:03:00,0.3109,0.3109,0.3103,0.3103,9185.55
2025-01-14 14:04:00,0.3104,0.3111,0.3104,0.3111,5424.87
2025-01-14 14:05:00,0.311,0.3114,0.3107,0.3108,12281.91
2025-01-14 14:06:00,0.3107,0.3109,0.3104,0.3109,14574.83
2025-01-14 14:07:00,0.3114,0.3115,0.3111,0.3113,3976.88
2025-01-14 14:08:00,0.3109,0.311,0.3109,0.3109,3878.03
2025-01-14 14:09:00,0.311,0.311,0.3106,0.3106,4884.77
2025-01-14 14:10:00,0.3105,0.3105,0.3099,0.31,6601.44
2025-01-14 14:11:00,0.31,0.3105,0.3099,0.3105,5762.32
2025-01-14 14:12:00,0.3105,0.3105,0.3104,0.3104,2527.22
2025-01-14 14:13:00,0.3106,0.3107,0.3104,0.3107,1105.66
2025-01-14 14:14:00,0.3108,0.3109,0.3108,0.3108,530.85
2025-01-14 14:15:00,0.311,0.311,0.311,0.311,2313.17
2025-01-14 14:16:00,0.3113,0.3118,0.3113,0.3118,2050.86
2025-01-14 14:17:00,0.312,0.3121,0.312,0.312,10785.33
2025-01-14 14:18:00,0.3118,0.3121,0.3118,0.3121,2298.85
2025-01-14 14:19:00,0.3122,0.3122,0.312,0.3121,3755.14
2025-01-14 14:20:00,0.3121,0.3121,0.312,0.312,1549.8
2025-01-14 14:21:00,0.3125,0.3126,0.3125,0.3125,5029.95
2025-01-14 14:22:00,0.3125,0.3126,0.3125,0.3126,1602.08
2025-01-14 14:23:00,0.3123,0.3124,0.3123,0.3123,426.44
2025-01-14 14:24:00,0.312,0.3121,0.312,0.3121,650.53
2025-01-14 14:25:00,0.3122,0.3123,0.312,0.312,8952.53
2025-01-14 14:26:00,0.3123,0.3127,0.3123,0.3127,6215.65
2025-01-14 14:27:00,0.3128,0.3129,0.3127,0.3129,22593.92
2025-01-14 14:28:00,0.3129,0.3131,0.3129,0.313,3892.73
2025-01-14 14:29:00,0.3131,0.3132,0.3131,0.3131,1587.71
2025-01-14 14:30:00,0.313,0.3135,0.3128,0.3135,38098.69
2025-01-14 14:31:00,0.3136,0.3141,0.3135,0.3141,16532.87
2025-01-14 14:32:00,0.3139,0.3139,0.3127,0.3127,13694.14
2025-01-14 14:33:00,0.3123,0.3128,0.3123,0.3128,12308.13
2025-01-14 14:34:00,0.3132,0.3138,0.3132,0.3137,18307.65
2025-01-14 14:35:00,0.3138,0.3141,0.3138,0.314,15567.67
2025-01-14 14:36:00,0.3135,0.3135,0.3132,0.3134,11093.63
2025-01-14 14:37:00,0.3137,0.3147,0.3134,0.3145,73197.21
2025-01-14 14:38:00,0.3147,0.315,0.3145,0.315,7993.95
2025-01-14 14:39:00,0.3148,0.3149,0.3142,0.3144,2468.66
2025-01-14 14:40:00,0.3146,0.3153,0.3146,0.3152,6570.68
2025-01-14 14:41:00,0.3152,0.3152,0.3146,0.3146,28878.5
2025-01-14 14:42:00,0.3145,0.3145,0.3141,0.3142,7062.14
2025-01-14 14:43:00,0.3141,0.3142,0.3133,0.3133,10599.72
2025-01-14 14:44:00,0.3133,0.3135,0.3133,0.3135,3548.6
2025-01-14 14:45:00,0.3136,0.3136,0.3124,0.3126,21188.84
2025-01-14 14:46:00,0.3126,0.3127,0.3123,0.3123,2777.98
2025-01-14 14:47:00,0.3122,0.3123,0.3118,0.3118,9477.44
2025-01-14 14:48:00,0.3117,0.3121,0.3113,0.3117,49552.06
2025-01-14 14:49:00,0.3119,0.3121,0.3116,0.3121,7541.23
2025-01-14 14:50:00,0.3123,0.3128,0.3121,0.3124,30441.61
2025-01-14 14:51:00,0.3123,0.3128,0.3123,0.3128,5548.58
2025-01-14 14:52:00,0.313,0.3132,0.3123,0.3123,8506.01
2025-01-14 14:53:00,0.3121,0.3122,0.3115,0.3115,56027.18
2025-01-14 14:54:00,0.3114,0.3114,0.3111,0.3111,11438.72
2025-01-14 14:55:00,0.311,0.3113,0.3108,0.3111,28705.5
2025-01-14 14:56:00,0.3109,0.3116,0.3107,0.3115,11562.55
2025-01-14 14:57:00,0.3114,0.3115,0.3111,0.3111,2703.77
2025-01-14 14:58:00,0.311,0.3113,0.3109,0.3112,18402.25
2025-01-14 14:59:00,0.3111,0.3113,0.3111,0.3113,3672.58
2025-01-14 15:00:00,0.3115,0.3119,0.3111,0.3111,5643.46
2025-01-14 15:01:00,0.3113,0.3114,0.3109,0.3112,2376.11
2025-01-14 15:02:00,0.3115,0.3117,0.3114,0.3114,2056.51
2025-01-14 15:03:00,0.3114,0.3119,0.3114,0.3118,676.3
2025-01-14 15:04:00,0.3118,0.3118,0.3118,0.3118,3606.98
2025-01-14 15:05:00,0.3114,0.3116,0.3109,0.3112,8898.36
2025-01-14 15:06:00,0.3114,0.3122,0.3112,0.3122,5093.74
2025-01-14 15:07:00,0.3124,0.3125,0.3123,0.3123,1168.52
2025-01-14 15:08:00,0.3125,0.313,0.3125,0.313,7247.69
2025-01-14 15:09:00,0.3131,0.3132,0.3127,0.3127,2636.71
2025-01-14 15:10:00,0.3126,0.3126,0.312,0.3121,1243.28
2025-01-14 15:11:00,0.312,0.312,0.3119,0.312,5975.58
2025-01-14 15:12:00,0.3126,0.313,0.3124,0.3126,112638.88
2025-01-14 15:13:00,0.3127,0.3127,0.3124,0.3124,2369.25
2025-01-14 15:14:00,0.3124,0.3127,0.3124,0.3125,7456.41
2025-01-14 15:15:00,0.3124,0.3125,0.3119,0.3121,3939.57
2025-01-14 15:16:00,0.3123,0.3127,0.3123,0.3125,2954.95
2025-01-14 15:17:00,0.3129,0.3129,0.3128,0.3128,2821.69
2025-01-14 15:18:00,0.3127,0.3127,0.3125,0.3126,2344.75
2025-01-14 15:19:00,0.3125,0.3126,0.3123,0.3125,4924.3
2025-01-14 15:20:00,0.3119,0.3122,0.3118,0.3118,558.66
2025-01-14 15:21:00,0.3121,0.3126,0.3119,0.3126,5063.34
2025-01-14 15:22:00,0.312,0.312,0.3115,0.3115,11861.99
2025-01-14 15:23:00,0.3114,0.3119,0.3114,0.3119,9946.28
2025-01-14 15:24:00,0.312,0.312,0.3116,0.3117,1608.76
2025-01-14 15:25:00,0.3117,0.3117,0.3113,0.3113,1401.05
2025-01-14 15:26:00,0.3114,0.3116,0.311,0.3111,35555.96
2025-01-14 15:27:00,0.3109,0.3112,0.3109,0.311,2671.26
2025-01-14 15:28:00,0.3109,0.3112,0.3109,0.3111,2956.01
2025-01-14 15:29:00,0.3112,0.3114,0.3111,0.3114,3262.23
2025-01-14 15:30:00,0.3117,0.3118,0.3115,0.3116,2296.29
2025-01-14 15:31:00,0.3115,0.3117,0.3112,0.3112,1740.32
2025-01-14 15:32:00,0.3118,0.3118,0.3118,0.3118,2117.67
2025-01-14 15:33:00,0.3112,0.3117,0.3109,0.3116,12392.63
2025-01-14 15:34:00,0.3116,0.3122,0.3115,0.3118,128286.09
2025-01-14 15:35:00,0.3117,0.3119,0.3117,0.3118,13922.06
2025-01-14 15:36:00,0.3122,0.3124,0.3122,0.3123,1702.05
2025-01-14 15:37:00,0.3123,0.3124,0.3114,0.3117,5133.1
2025-01-14 15:38:00,0.312,0.3123,0.3119,0.3119,5096.72
2025-01-14 15:39:00,0.3118,0.3119,0.3114,0.3114,488.19
2025-01-14 15:40:00,0.3119,0.3119,0.3119,0.3119,1000.09
2025-01-14 15:41:00,0.3121,0.3127,0.312,0.3127,8051.17
2025-01-14 15:42:00,0.3126,0.3129,0.3126,0.3129,2311.74
2025-01-14 15:43:00,0.3127,0.313,0.3127,0.313,1535.99
2025-01-14 15:44:00,0.313,0.3133,0.313,0.3133,1286.93
2025-01-14 15:45:00,0.313,0.3131,0.3121,0.3121,21069.92
2025-01-14 15:46:00,0.3121,0.3121,0.3115,0.3116,3228.51
2025-01-14 15:47:00,0.3119,0.3123,0.3119,0.312,1827.04
2025-01-14 15:48:00,0.312,0.312,0.3115,0.3118,5287.96
2025-01-14 15:49:00,0.3121,0.3121,0.3118,0.3119,2797.96
2025-01-14 15:50:00,0.312,0.3124,0.3117,0.3124,19094.92
2025-01-14 15:51:00,0.3124,0.3126,0.3119,0.3126,7367.59
2025-01-14 15:52:00,0.3124,0.3126,0.3123,0.3123,3011.62
2025-01-14 15:53:00,0.3122,0.3122,0.3119,0.3119,6966.96
2025-01-14 15:54:00,0.3119,0.3122,0.3119,0.3121,7442.19
2025-01-14 15:55:00,0.3123,0.3123,0.3121,0.3121,461.65
2025-01-14 15:56:00,0.3119,0.312,0.3118,0.312,1996.5
2025-01-14 15:57:00,0.312,0.312,0.312,0.312,641.69
2025-01-14 15:58:00,0.3113,0.3113,0.3112,0.3112,863.02
2025-01-14 15:59:00,0.3109,0.311,0.3109,0.311,1314.54
2025-01-14 16:00:00,0.3109,0.3115,0.3109,0.3112,10865.27
2025-01-14 16:01:00,0.3108,0.3109,0.3101,0.3101,8063.75
2025-01-14 16:02:00,0.3103,0.3103,0.3093,0.3093,24099.58
2025-01-14 16:03:00,0.3091,0.3091,0.3086,0.3088,10982.62
2025-01-14 16:04:00,0.3085,0.309,0.3083,0.3083,5746.75
2025-01-14 16:05:00,0.3084,0.3084,0.308,0.308,12977.97
2025-01-14 16:06:00,0.3081,0.3093,0.3081,0.3093,3185.17
2025-01-14 16:07:00,0.3096,0.3096,0.3096,0.3096,416.13
2025-01-14 16:08:00,0.3094,0.3104,0.3092,0.3104,15532.05
2025-01-14 16:09:00,0.3103,0.3103,0.3098,0.3098,3719.72
2025-01-14 16:10:00,0.3097,0.3098,0.3092,0.3092,20235.68
2025-01-14 16:11:00,0.3092,0.3094,0.3092,0.3094,175.19
2025-01-14 16:12:00,0.3093,0.3093,0.3091,0.3091,1193.8
2025-01-14 16:13:00,0.3093,0.3093,0.3089,0.309,2330.48
2025-01-14 16:14:00,0.309,0.3097,0.309,0.3097,54222.39
2025-01-14 16:15:00,0.3096,0.3096,0.3089,0.3089,3327.69
2025-01-14 16:16:00,0.309,0.3102,0.309,0.3102,18289.7
2025-01-14 16:17:00,0.3102,0.3107,0.3102,0.3107,41210.01
2025-01-14 16:18:00,0.3106,0.3106,0.3098,0.3102,52961.07
2025-01-14 16:19:00,0.3099,0.3103,0.3098,0.3103,84107.89
2025-01-14 16:20:00,0.3102,0.3106,0.31,0.31,79374.31
2025-01-14 16:21:00,0.3102,0.3105,0.3102,0.3102,21778.17
2025-01-14 16:22:00,0.3102,0.3111,0.3102,0.3111,4798.13
2025-01-14 16:23:00,0.311,0.3111,0.311,0.3111,562.78
2025-01-14 16:24:00,0.3112,0.3113,0.3112,0.3112,503.44
2025-01-14 16:25:00,0.3111,0.3117,0.311,0.3117,9741.19
2025-01-14 16:26:00,0.3117,0.3119,0.3116,0.3119,14582.11
2025-01-14 16:27:00,0.312,0.312,0.3119,0.3119,1993.22
2025-01-14 16:28:00,0.3122,0.3123,0.3117,0.3117,14922.47
2025-01-14 16:29:00,0.3115,0.3115,0.3114,0.3114,1640.09
2025-01-14 16:30:00,0.3111,0.3113,0.3109,0.3113,7520.41
2025-01-14 16:31:00,0.3111,0.3115,0.3111,0.3114,5907.81
2025-01-14 16:32:00,0.3116,0.3116,0.3112,0.3114,2501.43
2025-01-14 16:33:00,0.3116,0.3117,0.3115,0.3115,922.97
2025-01-14 16:34:00,0.3114,0.3117,0.3114,0.3117,27494.57
2025-01-14 16:35:00,0.3117,0.3119,0.3117,0.3118,771.61
2025-01-14 16:36:00,0.3118,0.3118,0.3118,0.3118,0.0
2025-01-14 16:37:00,0.3118,0.3118,0.3118,0.3118,0.0
2025-01-14 16:38:00,0.3113,0.3114,0.3112,0.3112,3742.6
2025-01-14 16:39:00,0.311,0.311,0.311,0.311,2598.0
2025-01-14 16:40:00,0.3115,0.3116,0.3113,0.3114,2465.88
2025-01-14 16:41:00,0.3114,0.3114,0.3109,0.3112,2352.55
2025-01-14 16:42:00,0.3111,0.3112,0.3109,0.3112,515.99
2025-01-14 16:43:00,0.3109,0.311,0.3106,0.3106,2054.64
2025-01-14 16:44:00,0.3106,0.3107,0.3106,0.3107,3333.33
2025-01-14 16:45:00,0.3108,0.3115,0.3108,0.3114,8682.83
2025-01-14 16:46:00,0.3111,0.3116,0.311,0.3116,1358.68
2025-01-14 16:47:00,0.3116,0.3116,0.3115,0.3115,1165.6
2025-01-14 16:48:00,0.3115,0.3119,0.3115,0.3119,472.76
2025-01-14 16:49:00,0.3115,0.3115,0.3115,0.3115,154.69
2025-01-14 16:50:00,0.312,0.3121,0.312,0.3121,293.01
2025-01-14 16:51:00,0.3123,0.3127,0.3122,0.3127,4694.38
2025-01-14 16:52:00,0.3128,0.313,0.3127,0.3127,5579.28
2025-01-14 16:53:00,0.3129,0.3129,0.3128,0.3128,904.68
2025-01-14 16:54:00,0.3126,0.3126,0.3124,0.3124,7037.67
2025-01-14 16:55:00,0.3126,0.3128,0.3126,0.3128,780.16
2025-01-14 16:56:00,0.3129,0.3129,0.3128,0.3128,3565.0
2025-01-14 16:57:00,0.3127,0.3127,0.3125,0.3125,1210.75
2025-01-14 16:58:00,0.3126,0.3127,0.3125,0.3127,950.3
2025-01-14 16:59:00,0.3127,0.3127,0.3127,0.3127,0.0
2025-01-14 17:00:00,0.3127,0.3127,0.3127,0.3127,0.0
2025-01-14 17:01:00,0.3121,0.3123,0.3121,0.3123,2460.39
2025-01-14 17:02:00,0.3124,0.3124,0.312,0.312,2300.97
2025-01-14 17:03:00,0.3121,0.3123,0.312,0.3121,11960.12
2025-01-14 17:04:00,0.3119,0.3124,0.3117,0.3123,33053.85
2025-01-14 17:05:00,0.3125,0.3126,0.3124,0.3124,1254.17
2025-01-14 17:06:00,0.3123,0.3129,0.3123,0.3129,608.05
2025-01-14 17:07:00,0.313,0.3137,0.313,0.3136,16984.26
2025-01-14 17:08:00,0.3136,0.3136,0.3133,0.3135,977.17
2025-01-14 17:09:00,0.3136,0.3136,0.3136,0.3136,1219.0
2025-01-14 17:10:00,0.3137,0.3139,0.3137,0.3137,2675.94
2025-01-14 17:11:00,0.3137,0.3137,0.3137,0.3137,183.31
2025-01-14 17:12:00,0.314,0.3143,0.314,0.3141,12615.12
2025-01-14 17:13:00,0.314,0.3146,0.314,0.3144,10670.91
2025-01-14 17:14:00,0.3146,0.3146,0.3144,0.3144,1651.83
2025-01-14 17:15:00,0.3144,0.3145,0.3142,0.3142,9718.45
2025-01-14 17:16:00,0.3143,0.3152,0.3143,0.3151,13782.67
2025-01-14 17:17:00,0.3153,0.3156,0.3153,0.3154,22034.06
2025-01-14 17:18:00,0.3154,0.316,0.3154,0.3157,6990.38
2025-01-14 17:19:00,0.3152,0.3155,0.3148,0.315,14219.16
2025-01-14 17:20:00,0.3148,0.3149,0.3145,0.3145,644.27
2025-01-14 17:21:00,0.3144,0.3144,0.3138,0.3138,12756.31
2025-01-14 17:22:00,0.3135,0.3137,0.3133,0.3134,8037.81
2025-01-14 17:23:00,0.3135,0.3136,0.3134,0.3134,3259.64
2025-01-14 17:24:00,0.3135,0.3138,0.3135,0.3138,4364.88
2025-01-14 17:25:00,0.3138,0.314,0.3137,0.314,915.11
2025-01-14 17:26:00,0.314,0.3142,0.314,0.3142,721.71
2025-01-14 17:27:00,0.3147,0.3147,0.3142,0.3143,964.46
2025-01-14 17:28:00,0.3143,0.3145,0.3143,0.3145,1810.06
2025-01-14 17:29:00,0.3149,0.315,0.3149,0.315,1983.4
2025-01-14 17:30:00,0.3149,0.3152,0.3149,0.3149,4739.0
2025-01-14 17:31:00,0.3145,0.3145,0.3143,0.3143,2165.2
2025-01-14 17:32:00,0.3143,0.3144,0.3143,0.3144,1481.55
2025-01-14 17:33:00,0.3149,0.3149,0.3148,0.3148,178.99
2025-01-14 17:34:00,0.3142,0.3142,0.3141,0.3141,1779.59
2025-01-14 17:35:00,0.3139,0.3139,0.3134,0.3134,11758.2
2025-01-14 17:36:00,0.3134,0.3144,0.3134,0.314,9903.05
2025-01-14 17:37:00,0.314,0.3143,0.3138,0.3143,25608.89
2025-01-14 17:38:00,0.3139,0.3143,0.3139,0.314,48044.84
2025-01-14 17:39:00,0.3139,0.3142,0.3139,0.3142,2350.03
2025-01-14 17:40:00,0.3142,0.3143,0.314,0.314,3698.36
2025-01-14 17:41:00,0.314,0.3143,0.314,0.3142,4476.16
2025-01-14 17:42:00,0.3145,0.315,0.3143,0.315,18466.24
2025-01-14 17:43:00,0.3151,0.3151,0.315,0.3151,3014.58
2025-01-14 17:44:00,0.3151,0.3152,0.3149,0.3149,633.16
2025-01-14 17:45:00,0.3146,0.3146,0.314,0.3141,14938.14
2025-01-14 17:46:00,0.3141,0.3145,0.3141,0.3145,8738.63
2025-01-14 17:47:00,0.3145,0.3145,0.3143,0.3143,600.23
2025-01-14 17:48:00,0.3144,0.3148,0.3144,0.3148,3753.38
2025-01-14 17:49:00,0.3148,0.3148,0.3143,0.3143,1688.64
2025-01-14 17:50:00,0.3142,0.3144,0.3142,0.3143,2923.46
2025-01-14 17:51:00,0.3142,0.3144,0.3141,0.3141,14554.41
2025-01-14 17:52:00,0.3142,0.3147,0.3142,0.3144,10287.73
2025-01-14 17:53:00,0.3143,0.3143,0.314,0.314,5004.38
2025-01-14 17:54:00,0.314,0.3142,0.314,0.314,3488.16
2025-01-14 17:55:00,0.3139,0.3139,0.3137,0.3138,2096.34
2025-01-14 17:56:00,0.3137,0.3137,0.3134,0.3134,3771.27
2025-01-14 17:57:00,0.3135,0.3137,0.3135,0.3137,2149.59
2025-01-14 17:58:00,0.3138,0.3141,0.3138,0.314,6894.74
2025-01-14 17:59:00,0.3141,0.3141,0.3141,0.3141,292.77
2025-01-14 18:00:00,0.3142,0.315,0.3142,0.315,4273.47
2025-01-14 18:01:00,0.315,0.315,0.3148,0.3149,1634.96
2025-01-14 18:02:00,0.3146,0.3147,0.3146,0.3147,143.78
2025-01-14 18:03:00,0.3147,0.3149,0.3147,0.3149,456.01
2025-01-14 18:04:00,0.3149,0.3149,0.3146,0.3147,11983.04
2025-01-14 18:05:00,0.3147,0.3152,0.3147,0.3152,4432.48
2025-01-14 18:06:00,0.3153,0.3153,0.3149,0.3149,1831.91
2025-01-14 18:07:00,0.3151,0.3159,0.3151,0.3157,8209.94
2025-01-14 18:08:00,0.3152,0.3155,0.3151,0.3155,1821.2
2025-01-14 18:09:00,0.3155,0.3155,0.3147,0.315,5039.33
2025-01-14 18:10:00,0.3149,0.315,0.3149,0.315,119.22
2025-01-14 18:11:00,0.3146,0.3147,0.3145,0.3147,14304.78
2025-01-14 18:12:00,0.3147,0.3147,0.3144,0.3146,7469.54
2025-01-14 18:13:00,0.3147,0.3148,0.3146,0.3147,11686.65
2025-01-14 18:14:00,0.3147,0.3147,0.3146,0.3146,369.4
2025-01-14 18:15:00,0.3145,0.3148,0.3144,0.3148,703.93
2025-01-14 18:16:00,0.315,0.3153,0.3147,0.3152,16008.22
2025-01-14 18:17:00,0.3153,0.3153,0.315,0.3151,5210.3
2025-01-14 18:18:00,0.3151,0.3151,0.3148,0.3148,1300.77
2025-01-14 18:19:00,0.3148,0.3148,0.3143,0.3143,8928.94
2025-01-14 18:20:00,0.3142,0.3146,0.314,0.3145,14371.82
2025-01-14 18:21:00,0.3145,0.3145,0.3145,0.3145,85.84
2025-01-14 18:22:00,0.3145,0.3146,0.3145,0.3145,1337.74
2025-01-14 18:23:00,0.3146,0.3147,0.3146,0.3146,7376.61
2025-01-14 18:24:00,0.3145,0.3145,0.3143,0.3145,7082.03
2025-01-14 18:25:00,0.3148,0.315,0.3148,0.3149,1204.1
2025-01-14 18:26:00,0.3148,0.315,0.3147,0.3147,3958.98
2025-01-14 18:27:00,0.3147,0.3147,0.3147,0.3147,60.87
2025-01-14 18:28:00,0.3147,0.3152,0.3147,0.3152,2627.42
2025-01-14 18:29:00,0.3152,0.3159,0.3152,0.3158,85171.62
2025-01-14 18:30:00,0.3158,0.3158,0.3154,0.3154,10965.36
2025-01-14 18:31:00,0.3152,0.3158,0.3152,0.3158,17119.66
2025-01-14 18:32:00,0.316,0.3162,0.3158,0.3158,24749.12
2025-01-14 18:33:00,0.3159,0.3161,0.3158,0.3158,7066.19
2025-01-14 18:34:00,0.3161,0.3161,0.3159,0.316,3999.94
2025-01-14 18:35:00,0.3162,0.3166,0.3162,0.3162,12413.56
2025-01-14 18:36:00,0.3162,0.3166,0.3161,0.3166,5874.55
2025-01-14 18:37:00,0.3166,0.3167,0.3165,0.3167,10299.37
2025-01-14 18:38:00,0.3169,0.3171,0.3167,0.3171,8602.82
2025-01-14 18:39:00,0.317,0.3173,0.3169,0.3171,6524.87
2025-01-14 18:40:00,0.3172,0.3172,0.3168,0.3169,19362.64
2025-01-14 18:41:00,0.317,0.3172,0.3169,0.3169,7535.45
2025-01-14 18:42:00,0.3163,0.3164,0.316,0.3161,2689.07
2025-01-14 18:43:00,0.3162,0.3167,0.3162,0.3167,4633.36
2025-01-14 18:44:00,0.3165,0.3165,0.3164,0.3164,735.11
2025-01-14 18:45:00,0.3163,0.3164,0.3161,0.3161,3939.07
2025-01-14 18:46:00,0.3161,0.3164,0.3158,0.3164,2316.93
2025-01-14 18:47:00,0.3165,0.3167,0.3165,0.3167,178.06
2025-01-14 18:48:00,0.3168,0.3168,0.3167,0.3167,1286.91
2025-01-14 18:49:00,0.3166,0.3168,0.3165,0.3168,5073.41
2025-01-14 18:50:00,0.3167,0.3169,0.3166,0.3167,3267.3
2025-01-14 18:51:00,0.3162,0.3162,0.3162,0.3162,20.17
2025-01-14 18:52:00,0.3163,0.3163,0.3162,0.3162,711.53
2025-01-14 18:53:00,0.3163,0.3168,0.3163,0.3168,2088.36
2025-01-14 18:54:00,0.3167,0.317,0.3167,0.3169,7664.8
2025-01-14 18:55:00,0.3169,0.3169,0.3167,0.3167,630.95
2025-01-14 18:56:00,0.3168,0.3169,0.3168,0.3169,1183.43
2025-01-14 18:57:00,0.3168,0.3169,0.3168,0.3169,832.8
2025-01-14 18:58:00,0.3168,0.3168,0.3166,0.3166,357.05
2025-01-14 18:59:00,0.3165,0.3166,0.3163,0.3163,3384.72
2025-01-14 19:00:00,0.3163,0.3164,0.3152,0.3152,7793.23
2025-01-14 19:01:00,0.3152,0.3153,0.3149,0.315,8426.73
2025-01-14 19:02:00,0.3151,0.3155,0.315,0.315,6585.99
2025-01-14 19:03:00,0.315,0.3154,0.315,0.3152,4546.21
2025-01-14 19:04:00,0.3149,0.3155,0.3148,0.3155,4361.94
2025-01-14 19:05:00,0.3157,0.3157,0.3153,0.3153,789.74
2025-01-14 19:06:00,0.3151,0.3155,0.3151,0.3154,8304.42
2025-01-14 19:07:00,0.3156,0.3156,0.3155,0.3155,993.96
2025-01-14 19:08:00,0.3156,0.3158,0.3156,0.3158,1499.41
2025-01-14 19:09:00,0.3155,0.3155,0.3152,0.3152,3939.65
2025-01-14 19:10:00,0.3153,0.3154,0.3151,0.3151,857.84
2025-01-14 19:11:00,0.315,0.3151,0.3149,0.3151,2882.75
2025-01-14 19:12:00,0.3151,0.3154,0.3149,0.3149,3003.58
2025-01-14 19:13:00,0.3149,0.3156,0.3149,0.3156,1936.42
2025-01-14 19:14:00,0.3155,0.3157,0.3155,0.3156,2103.91
2025-01-14 19:15:00,0.3154,0.3159,0.3154,0.3159,1411.93
2025-01-14 19:16:00,0.3158,0.3158,0.3153,0.3153,1922.63
2025-01-14 19:17:00,0.3152,0.3152,0.3149,0.3149,572.65
2025-01-14 19:18:00,0.3151,0.3154,0.3151,0.3154,250.35
2025-01-14 19:19:00,0.3154,0.3154,0.3146,0.3149,7600.82
2025-01-14 19:20:00,0.3147,0.3149,0.3147,0.3148,14709.27
2025-01-14 19:21:00,0.3148,0.3152,0.3147,0.315,2050.8
2025-01-14 19:22:00,0.315,0.3151,0.3148,0.3149,3103.75
2025-01-14 19:23:00,0.3149,0.3149,0.3147,0.3147,3015.37
2025-01-14 19:24:00,0.3148,0.3151,0.3148,0.3151,3898.4
2025-01-14 19:25:00,0.3154,0.3154,0.3151,0.3151,1570.65
2025-01-14 19:26:00,0.3151,0.3156,0.3151,0.3156,1739.02
2025-01-14 19:27:00,0.3157,0.3158,0.3157,0.3157,2116.93
2025-01-14 19:28:00,0.3159,0.3159,0.3158,0.3158,284.16
2025-01-14 19:29:00,0.3159,0.3159,0.3158,0.3158,1064.33
2025-01-14 19:30:00,0.3157,0.3161,0.3157,0.316,4688.66
2025-01-14 19:31:00,0.3159,0.3159,0.3157,0.3158,1328.37
2025-01-14 19:32:00,0.3158,0.3158,0.3156,0.3158,4882.77
2025-01-14 19:33:00,0.3155,0.3163,0.3155,0.3162,12381.81
2025-01-14 19:34:00,0.316,0.3164,0.316,0.3162,1952.95
2025-01-14 19:35:00,0.3164,0.3168,0.3164,0.3166,7206.46
2025-01-14 19:36:00,0.3166,0.3171,0.3166,0.3171,1734.3
2025-01-14 19:37:00,0.3171,0.3173,0.317,0.3172,18620.3
2025-01-14 19:38:00,0.3172,0.3172,0.3171,0.3171,299.02
2025-01-14 19:39:00,0.317,0.317,0.3165,0.3165,3065.72
2025-01-14 19:40:00,0.3166,0.3166,0.3166,0.3166,20.18
2025-01-14 19:41:00,0.3166,0.3171,0.3166,0.3171,3610.32
2025-01-14 19:42:00,0.317,0.317,0.3169,0.317,4816.57
2025-01-14 19:43:00,0.3169,0.3171,0.3169,0.3171,2353.03
2025-01-14 19:44:00,0.3171,0.3171,0.317,0.317,398.57
2025-01-14 19:45:00,0.3165,0.3165,0.3163,0.3163,536.67
2025-01-14 19:46:00,0.3163,0.3163,0.316,0.3162,26179.2
2025-01-14 19:47:00,0.3163,0.3163,0.3162,0.3163,727.55
2025-01-14 19:48:00,0.3163,0.3166,0.3161,0.3161,8791.19
2025-01-14 19:49:00,0.3161,0.3162,0.316,0.3162,4518.68
2025-01-14 19:50:00,0.3166,0.3167,0.3164,0.3165,3903.39
2025-01-14 19:51:00,0.3164,0.3164,0.3162,0.3163,5431.04
2025-01-14 19:52:00,0.3161,0.3164,0.3161,0.3164,1725.37
2025-01-14 19:53:00,0.3163,0.3163,0.3161,0.3163,256.18
2025-01-14 19:54:00,0.3162,0.3164,0.3161,0.3162,1212.81
2025-01-14 19:55:00,0.3164,0.3165,0.3164,0.3165,6524.22
2025-01-14 19:56:00,0.3164,0.3164,0.3158,0.316,4747.25
2025-01-14 19:57:00,0.316,0.3161,0.3154,0.3154,6093.63
2025-01-14 19:58:00,0.3154,0.3158,0.3154,0.3158,9843.57
2025-01-14 19:59:00,0.3154,0.3156,0.3154,0.3156,1674.37
2025-01-14 20:00:00,0.3161,0.3161,0.3152,0.3152,5306.52
2025-01-14 20:01:00,0.315,0.3151,0.3145,0.3148,17775.55
2025-01-14 20:02:00,0.3149,0.3149,0.3138,0.3139,5820.14
2025-01-14 20:03:00,0.3139,0.3144,0.3135,0.314,43174.9
2025-01-14 20:04:00,0.3135,0.3137,0.313,0.3137,22454.34
2025-01-14 20:05:00,0.3134,0.3139,0.3134,0.3139,2720.87
2025-01-14 20:06:00,0.314,0.3141,0.3139,0.3139,1375.24
2025-01-14 20:07:00,0.3136,0.3141,0.3136,0.3141,4109.86
2025-01-14 20:08:00,0.3146,0.3148,0.3146,0.3146,11999.23
2025-01-14 20:09:00,0.315,0.315,0.3146,0.3146,3981.63
2025-01-14 20:10:00,0.3145,0.3146,0.3143,0.3143,2230.09
2025-01-14 20:11:00,0.3139,0.3144,0.3139,0.3142,2988.91
2025-01-14 20:12:00,0.3144,0.3148,0.3143,0.3147,2065.3
2025-01-14 20:13:00,0.3148,0.3148,0.3147,0.3147,313.86
2025-01-14 20:14:00,0.3149,0.3149,0.3149,0.3149,188.76
2025-01-14 20:15:00,0.315,0.3154,0.315,0.3154,3696.56
2025-01-14 20:16:00,0.3154,0.3154,0.3148,0.315,6017.72
2025-01-14 20:17:00,0.3151,0.3158,0.3151,0.3158,780.47
2025-01-14 20:18:00,0.3159,0.3159,0.3159,0.3159,80.6
2025-01-14 20:19:00,0.3159,0.3163,0.3159,0.3163,8322.0
2025-01-14 20:20:00,0.3164,0.3167,0.3159,0.3159,11243.76
2025-01-14 20:21:00,0.3158,0.3159,0.3157,0.3158,10075.77
2025-01-14 20:22:00,0.3161,0.3162,0.3159,0.3159,1390.32
2025-01-14 20:23:00,0.3157,0.3159,0.3157,0.3159,630.99
2025-01-14 20:24:00,0.316,0.3166,0.316,0.3166,699.49
2025-01-14 20:25:00,0.3167,0.3167,0.3167,0.3167,606.5
2025-01-14 20:26:00,0.3162,0.3162,0.3159,0.316,1218.93
2025-01-14 20:27:00,0.316,0.3161,0.3159,0.3161,1699.06
2025-01-14 20:28:00,0.3165,0.3166,0.3164,0.3166,3417.64
2025-01-14 20:29:00,0.3166,0.3166,0.3166,0.3166,0.0
2025-01-14 20:30:00,0.3164,0.3164,0.3159,0.3159,3836.09
2025-01-14 20:31:00,0.3158,0.3158,0.3156,0.3156,2951.77
2025-01-14 20:32:00,0.3151,0.3154,0.315,0.3153,5984.24
2025-01-14 20:33:00,0.315,0.3151,0.315,0.3151,703.85
2025-01-14 20:34:00,0.3152,0.3153,0.3152,0.3153,5082.59
2025-01-14 20:35:00,0.3154,0.3154,0.3151,0.3152,1090.9
2025-01-14 20:36:00,0.3154,0.3154,0.3154,0.3154,17.5
2025-01-14 20:37:00,0.3155,0.3155,0.3155,0.3155,163.01
2025-01-14 20:38:00,0.3156,0.3158,0.3153,0.3153,1375.65
2025-01-14 20:39:00,0.3149,0.3152,0.3149,0.3152,431.18
2025-01-14 20:40:00,0.3149,0.3151,0.3148,0.3151,2865.25
2025-01-14 20:41:00,0.315,0.315,0.315,0.315,20.21
2025-01-14 20:42:00,0.3153,0.3155,0.3152,0.3152,3017.7
2025-01-14 20:43:00,0.3152,0.3153,0.3151,0.3153,1101.24
2025-01-14 20:44:00,0.3155,0.3157,0.3155,0.3155,466.82
2025-01-14 20:45:00,0.3157,0.316,0.3157,0.3159,973.22
2025-01-14 20:46:00,0.3158,0.3158,0.3158,0.3158,1142.84
2025-01-14 20:47:00,0.3157,0.3158,0.3155,0.3158,4305.61
2025-01-14 20:48:00,0.3161,0.3161,0.3159,0.3159,310.0
2025-01-14 20:49:00,0.3159,0.3159,0.3159,0.3159,270.03
2025-01-14 20:50:00,0.3157,0.3163,0.3157,0.3163,572.64
2025-01-14 20:51:00,0.3162,0.3162,0.316,0.3161,1683.21
2025-01-14 20:52:00,0.3163,0.3164,0.3162,0.3162,19285.44
2025-01-14 20:53:00,0.3163,0.3164,0.3161,0.3161,2092.62
2025-01-14 20:54:00,0.3162,0.3164,0.3162,0.3163,584.65
2025-01-14 20:55:00,0.3163,0.3163,0.3163,0.3163,162.39
2025-01-14 20:56:00,0.3165,0.3165,0.3163,0.3163,3600.0
2025-01-14 20:57:00,0.3168,0.3168,0.3166,0.3166,5417.72
2025-01-14 20:58:00,0.3166,0.3167,0.3165,0.3167,4764.79
2025-01-14 20:59:00,0.317,0.3176,0.317,0.3174,26549.67
2025-01-14 21:00:00,0.3175,0.3182,0.3175,0.3175,42211.31
2025-01-14 21:01:00,0.3175,0.3175,0.3173,0.3174,6372.89
2025-01-14 21:02:00,0.3172,0.3176,0.317,0.3176,20500.3
2025-01-14 21:03:00,0.3174,0.3175,0.3171,0.3171,2848.49
2025-01-14 21:04:00,0.3172,0.3189,0.3172,0.3182,11342.92
2025-01-14 21:05:00,0.318,0.318,0.3179,0.3179,84.13
2025-01-14 21:06:00,0.3182,0.3183,0.3182,0.3183,5685.53
2025-01-14 21:07:00,0.3184,0.3184,0.3182,0.3182,16461.93
2025-01-14 21:08:00,0.3185,0.3188,0.3184,0.3186,12325.98
2025-01-14 21:09:00,0.3186,0.3187,0.3186,0.3187,4490.3
2025-01-14 21:10:00,0.3186,0.3186,0.3181,0.3181,2403.55
2025-01-14 21:11:00,0.3181,0.3184,0.318,0.3184,993.45
2025-01-14 21:12:00,0.3183,0.3185,0.3183,0.3185,2936.22
2025-01-14 21:13:00,0.3181,0.3183,0.3181,0.3183,2098.88
2025-01-14 21:14:00,0.3183,0.3184,0.3182,0.3183,6808.96
2025-01-14 21:15:00,0.3184,0.3184,0.3182,0.3182,666.15
2025-01-14 21:16:00,0.3184,0.3184,0.3182,0.3183,5117.29
2025-01-14 21:17:00,0.3188,0.3191,0.3186,0.3189,1794.53
2025-01-14 21:18:00,0.319,0.3191,0.319,0.3191,3238.84
2025-01-14 21:19:00,0.3191,0.3192,0.3191,0.3192,2154.05
2025-01-14 21:20:00,0.3192,0.3195,0.3191,0.3191,15963.95
2025-01-14 21:21:00,0.3192,0.3196,0.3192,0.3192,10525.02
2025-01-14 21:22:00,0.3191,0.3191,0.3186,0.3186,8306.3
2025-01-14 21:23:00,0.3186,0.3189,0.3186,0.3189,3322.41
2025-01-14 21:24:00,0.3191,0.3194,0.3191,0.3194,2586.16
2025-01-14 21:25:00,0.3194,0.3195,0.3192,0.3193,2368.65
2025-01-14 21:26:00,0.3192,0.3192,0.3188,0.3189,2149.32
2025-01-14 21:27:00,0.3185,0.3186,0.3185,0.3186,466.86
2025-01-14 21:28:00,0.3186,0.3189,0.3186,0.3189,1269.6
2025-01-14 21:29:00,0.319,0.3191,0.3189,0.3191,14728.71
2025-01-14 21:30:00,0.3189,0.3189,0.3183,0.3183,778.87
2025-01-14 21:31:00,0.3183,0.3183,0.3181,0.3181,2823.16
2025-01-14 21:32:00,0.3181,0.3182,0.3179,0.3179,5488.04
2025-01-14 21:33:00,0.3179,0.3181,0.3179,0.3179,2274.12
2025-01-14 21:34:00,0.318,0.3186,0.318,0.3186,1473.85
2025-01-14 21:35:00,0.3184,0.3187,0.3182,0.3182,16358.19
2025-01-14 21:36:00,0.318,0.318,0.3177,0.3177,8976.73
2025-01-14 21:37:00,0.3178,0.318,0.3178,0.318,698.8
2025-01-14 21:38:00,0.3183,0.3183,0.3181,0.3181,1499.81
2025-01-14 21:39:00,0.318,0.318,0.3179,0.3179,1332.27
2025-01-14 21:40:00,0.3177,0.3177,0.3174,0.3174,4484.93
2025-01-14 21:41:00,0.3175,0.3178,0.3175,0.3176,22696.56
2025-01-14 21:42:00,0.3177,0.3177,0.3176,0.3176,882.65
2025-01-14 21:43:00,0.3176,0.3178,0.3175,0.3178,6773.36
2025-01-14 21:44:00,0.3177,0.3179,0.3177,0.3179,1349.46
2025-01-14 21:45:00,0.3179,0.3179,0.3175,0.3175,7145.32
2025-01-14 21:46:00,0.3174,0.3177,0.3173,0.3175,3960.79
2025-01-14 21:47:00,0.3175,0.3177,0.3172,0.3173,29996.96
2025-01-14 21:48:00,0.3174,0.3174,0.3172,0.3172,25571.71
2025-01-14 21:49:00,0.3173,0.3173,0.3172,0.3172,1189.04
2025-01-14 21:50:00,0.3175,0.3175,0.3174,0.3174,971.15
2025-01-14 21:51:00,0.3173,0.3177,0.3173,0.3177,3026.63
2025-01-14 21:52:00,0.3174,0.3174,0.3172,0.3172,573.89
2025-01-14 21:53:00,0.3173,0.3176,0.3173,0.3176,324.65
2025-01-14 21:54:00,0.3177,0.3177,0.3176,0.3176,1441.66
2025-01-14 21:55:00,0.3175,0.3176,0.3175,0.3176,589.89
2025-01-14 21:56:00,0.3172,0.3175,0.3172,0.3175,2023.38
2025-01-14 21:57:00,0.3176,0.3176,0.3176,0.3176,20.12
2025-01-14 21:58:00,0.3174,0.3177,0.3174,0.3177,3611.51
2025-01-14 21:59:00,0.3176,0.3178,0.3176,0.3178,2584.92
2025-01-14 22:00:00,0.3181,0.3185,0.3181,0.3183,6680.83
2025-01-14 22:01:00,0.3181,0.3186,0.3181,0.3184,3043.01
2025-01-14 22:02:00,0.3183,0.3185,0.3183,0.3184,512.69
2025-01-14 22:03:00,0.3182,0.3182,0.3182,0.3182,20.06
2025-01-14 22:04:00,0.3186,0.3186,0.3184,0.3185,663.65
2025-01-14 22:05:00,0.3184,0.3184,0.3184,0.3184,394.13
2025-01-14 22:06:00,0.318,0.3181,0.318,0.3181,8703.52
2025-01-14 22:07:00,0.3182,0.3182,0.3181,0.3181,333.55
2025-01-14 22:08:00,0.3184,0.3185,0.3183,0.3185,1832.15
2025-01-14 22:09:00,0.3185,0.3192,0.3185,0.3192,2745.26
2025-01-14 22:10:00,0.3193,0.3195,0.3192,0.3194,3535.91
2025-01-14 22:11:00,0.3194,0.3198,0.3194,0.3196,10953.8
2025-01-14 22:12:00,0.3195,0.3195,0.3195,0.3195,38.76
2025-01-14 22:13:00,0.3196,0.3197,0.3196,0.3197,1704.32
2025-01-14 22:14:00,0.3197,0.32,0.3197,0.3198,28566.41
2025-01-14 22:15:00,0.3199,0.3199,0.3197,0.3197,9322.68
2025-01-14 22:16:00,0.3194,0.3194,0.3193,0.3194,381.85
2025-01-14 22:17:00,0.3196,0.3196,0.3193,0.3194,1911.68
2025-01-14 22:18:00,0.3196,0.3198,0.3196,0.3198,3206.18
2025-01-14 22:19:00,0.3201,0.3202,0.3199,0.3199,6024.72
2025-01-14 22:20:00,0.32,0.3209,0.32,0.3209,52696.9
2025-01-14 22:21:00,0.3208,0.3209,0.3208,0.3208,2425.69
2025-01-14 22:22:00,0.3208,0.3209,0.3207,0.3207,7382.89
2025-01-14 22:23:00,0.3208,0.3208,0.3207,0.3207,835.11
2025-01-14 22:24:00,0.3207,0.3209,0.3202,0.3206,19610.29
2025-01-14 22:25:00,0.3206,0.321,0.3205,0.3209,15887.93
2025-01-14 22:26:00,0.321,0.3212,0.321,0.3211,10258.41
2025-01-14 22:27:00,0.3211,0.3213,0.3211,0.3213,128.49
2025-01-14 22:28:00,0.3211,0.3211,0.3211,0.3211,3861.27
2025-01-14 22:29:00,0.3211,0.3213,0.3211,0.3211,1999.9
2025-01-14 22:30:00,0.3213,0.3213,0.3211,0.3211,39.55
2025-01-14 22:31:00,0.3211,0.3211,0.3204,0.3206,42908.25
2025-01-14 22:32:00,0.3206,0.3206,0.3206,0.3206,19.93
2025-01-14 22:33:00,0.3206,0.3206,0.3205,0.3205,1907.74
2025-01-14 22:34:00,0.3204,0.3204,0.3202,0.3202,1197.15
2025-01-14 22:35:00,0.3202,0.3206,0.3201,0.3206,14802.69
2025-01-14 22:36:00,0.3205,0.3209,0.3205,0.3209,2291.34
2025-01-14 22:37:00,0.3209,0.3209,0.3208,0.3208,218.32
2025-01-14 22:38:00,0.3209,0.3211,0.3209,0.3211,1138.5
2025-01-14 22:39:00,0.321,0.3214,0.321,0.3214,7022.69
2025-01-14 22:40:00,0.3214,0.3218,0.3214,0.3216,2605.75
2025-01-14 22:41:00,0.3217,0.3217,0.3216,0.3216,3152.81
2025-01-14 22:42:00,0.3215,0.3215,0.3214,0.3214,1879.78
2025-01-14 22:43:00,0.3214,0.3215,0.3214,0.3214,582.04
2025-01-14 22:44:00,0.3215,0.3218,0.3214,0.3218,2055.57
2025-01-14 22:45:00,0.3217,0.3218,0.3217,0.3218,1452.55
2025-01-14 22:46:00,0.3217,0.3217,0.3217,0.3217,701.05
2025-01-14 22:47:00,0.3218,0.3219,0.3218,0.3218,6196.05
2025-01-14 22:48:00,0.322,0.3222,0.3219,0.3222,15601.32
2025-01-14 22:49:00,0.3221,0.3223,0.322,0.3223,3428.16
2025-01-14 22:50:00,0.3223,0.3224,0.3221,0.3222,5069.42
2025-01-14 22:51:00,0.3222,0.3222,0.3222,0.3222,18.62
2025-01-14 22:52:00,0.3223,0.3228,0.3223,0.3227,24105.26
2025-01-14 22:53:00,0.3228,0.3232,0.3228,0.323,3007.73
2025-01-14 22:54:00,0.3232,0.3232,0.3229,0.323,2245.28
2025-01-14 22:55:00,0.3231,0.3232,0.323,0.3232,9774.81
2025-01-14 22:56:00,0.3231,0.3233,0.323,0.3233,18100.99
2025-01-14 22:57:00,0.3232,0.3232,0.3226,0.3226,5011.64
2025-01-14 22:58:00,0.3227,0.3227,0.3227,0.3227,5253.92
2025-01-14 22:59:00,0.3232,0.3232,0.3229,0.3229,7101.85
2025-01-14 23:00:00,0.3231,0.3231,0.3224,0.3224,1832.59
2025-01-14 23:01:00,0.3223,0.3231,0.3223,0.3231,5690.02
2025-01-14 23:02:00,0.3228,0.3228,0.3219,0.3219,12229.52
2025-01-14 23:03:00,0.3219,0.322,0.3219,0.3219,1146.64
2025-01-14 23:04:00,0.3223,0.3223,0.3222,0.3222,633.54
2025-01-14 23:05:00,0.3221,0.3221,0.3218,0.3218,114.53
2025-01-14 23:06:00,0.3219,0.3221,0.3218,0.3218,7958.3
2025-01-14 23:07:00,0.3217,0.3225,0.3217,0.3224,6612.46
2025-01-14 23:08:00,0.3223,0.3223,0.3214,0.3215,11381.97
2025-01-14 23:09:00,0.3215,0.3217,0.3215,0.3217,10210.66
2025-01-14 23:10:00,0.3217,0.3221,0.3217,0.3217,9117.05
2025-01-14 23:11:00,0.3217,0.3221,0.3217,0.3221,10610.94
2025-01-14 23:12:00,0.322,0.322,0.3214,0.3214,15757.84
2025-01-14 23:13:00,0.3214,0.3214,0.3214,0.3214,9983.24
2025-01-14 23:14:00,0.3215,0.3217,0.3215,0.3217,8160.86
2025-01-14 23:15:00,0.3217,0.3219,0.3216,0.3219,14661.76
2025-01-14 23:16:00,0.3222,0.3222,0.3219,0.3219,1993.27
2025-01-14 23:17:00,0.3217,0.3217,0.3216,0.3216,3109.8
2025-01-14 23:18:00,0.3216,0.3216,0.3216,0.3216,0.0
2025-01-14 23:19:00,0.3223,0.3228,0.3223,0.3228,2743.73
2025-01-14 23:20:00,0.3228,0.3228,0.3225,0.3225,15951.88
2025-01-14 23:21:00,0.3229,0.3229,0.3226,0.3226,2165.49
2025-01-14 23:22:00,0.3223,0.3224,0.3223,0.3224,1551.74
2025-01-14 23:23:00,0.3224,0.3224,0.3224,0.3224,0.0
2025-01-14 23:24:00,0.3223,0.3224,0.3223,0.3224,20471.8
2025-01-14 23:25:00,0.3226,0.3226,0.3225,0.3225,1828.63
2025-01-14 23:26:00,0.3223,0.3223,0.3223,0.3223,450.97
2025-01-14 23:27:00,0.3223,0.3223,0.3219,0.3219,3998.59
2025-01-14 23:28:00,0.3218,0.3219,0.3218,0.3219,2494.28
2025-01-14 23:29:00,0.322,0.322,0.322,0.322,621.31
2025-01-14 23:30:00,0.322,0.3221,0.3219,0.3221,5938.75
2025-01-14 23:31:00,0.3222,0.3222,0.3222,0.3222,1552.46
2025-01-14 23:32:00,0.3226,0.3227,0.3224,0.3224,1477.81
2025-01-14 23:33:00,0.3222,0.3223,0.3222,0.3223,7244.66
2025-01-14 23:34:00,0.3223,0.3223,0.322,0.322,627.13
2025-01-14 23:35:00,0.3221,0.3221,0.3218,0.3218,220.86
2025-01-14 23:36:00,0.3218,0.3218,0.3218,0.3218,0.0
2025-01-14 23:37:00,0.3216,0.3216,0.3214,0.3214,431.55
2025-01-14 23:38:00,0.3216,0.3216,0.3216,0.3216,789.87
2025-01-14 23:39:00,0.3217,0.3217,0.3212,0.3212,13364.97
2025-01-14 23:40:00,0.3213,0.3216,0.3213,0.3216,2875.8
2025-01-14 23:41:00,0.3218,0.3219,0.3218,0.3219,2144.87
2025-01-14 23:42:00,0.322,0.322,0.322,0.322,2664.64
2025-01-14 23:43:00,0.322,0.3221,0.322,0.3221,249.1
2025-01-14 23:44:00,0.3223,0.3223,0.3223,0.3223,28.26
2025-01-14 23:45:00,0.3222,0.3222,0.3221,0.3221,1603.5
2025-01-14 23:46:00,0.3221,0.3221,0.3221,0.3221,303.4
2025-01-14 23:47:00,0.3219,0.322,0.3218,0.3218,5765.29
2025-01-14 23:48:00,0.3217,0.3217,0.3216,0.3217,522.93
2025-01-14 23:49:00,0.3212,0.3212,0.3211,0.3211,1245.95
2025-01-14 23:50:00,0.3211,0.3211,0.321,0.3211,1372.17
2025-01-14 23:51:00,0.321,0.3211,0.3209,0.321,19278.38
2025-01-14 23:52:00,0.321,0.3212,0.321,0.3211,12557.88
2025-01-14 23:53:00,0.3211,0.3211,0.3206,0.3206,14411.28
2025-01-14 23:54:00,0.3207,0.3207,0.3207,0.3207,623.85
2025-01-14 23:55:00,0.3208,0.3208,0.3208,0.3208,46.4
2025-01-14 23:56:00,0.3206,0.3207,0.3206,0.3207,1734.54
2025-01-14 23:57:00,0.3206,0.3206,0.32,0.3201,8867.87
2025-01-14 23:58:00,0.3201,0.3203,0.3201,0.3202,4798.6
2025-01-14 23:59:00,0.3202,0.3204,0.3202,0.3204,6607.32
2025-01-15 00:00:00,0.3205,0.3227,0.3205,0.3216,32905.42
2025-01-15 00:01:00,0.3213,0.3218,0.3213,0.3214,5399.67
2025-01-15 00:02:00,0.321,0.321,0.3203,0.3206,6188.96
2025-01-15 00:03:00,0.3205,0.3205,0.3201,0.3201,3615.33
2025-01-15 00:04:00,0.32,0.32,0.3195,0.3197,2532.06
2025-01-15 00:05:00,0.3198,0.3201,0.3198,0.3201,5993.58
2025-01-15 00:06:00,0.3201,0.3201,0.3192,0.3192,8433.29
2025-01-15 00:07:00,0.3193,0.3202,0.3193,0.3198,13921.07
2025-01-15 00:08:00,0.32,0.3208,0.32,0.3208,6677.88
2025-01-15 00:09:00,0.3208,0.3209,0.3199,0.3199,10088.78
2025-01-15 00:10:00,0.3202,0.3204,0.3198,0.3199,3422.82
2025-01-15 00:11:00,0.3198,0.3202,0.3195,0.3202,14371.82
2025-01-15 00:12:00,0.3201,0.3206,0.3201,0.3205,955.89
2025-01-15 00:13:00,0.3205,0.3206,0.3203,0.3206,7333.28
2025-01-15 00:14:00,0.3205,0.3205,0.3203,0.3203,5036.02
2025-01-15 00:15:00,0.3203,0.3206,0.3202,0.3206,12538.65
2025-01-15 00:16:00,0.3205,0.3207,0.3204,0.3205,5547.56
2025-01-15 00:17:00,0.3204,0.3206,0.3199,0.32,11827.48
2025-01-15 00:18:00,0.3203,0.3206,0.3201,0.3206,3016.65
2025-01-15 00:19:00,0.3207,0.3207,0.3203,0.3207,6082.47
2025-01-15 00:20:00,0.3205,0.3209,0.3204,0.3205,4078.95
2025-01-15 00:21:00,0.3201,0.3204,0.32,0.3204,1220.13
2025-01-15 00:22:00,0.3207,0.3208,0.3207,0.3208,5345.72
2025-01-15 00:23:00,0.3209,0.3211,0.3208,0.3208,1568.51
2025-01-15 00:24:00,0.3207,0.3209,0.3207,0.3208,13416.76
2025-01-15 00:25:00,0.3208,0.3211,0.3208,0.3209,14314.35
2025-01-15 00:26:00,0.3209,0.3212,0.3209,0.3212,10170.83
2025-01-15 00:27:00,0.3211,0.3211,0.3203,0.3203,8242.92
2025-01-15 00:28:00,0.3199,0.32,0.3197,0.3197,6111.85
2025-01-15 00:29:00,0.3197,0.32,0.3196,0.32,25215.18
2025-01-15 00:30:00,0.3196,0.3206,0.3196,0.3206,40954.0
2025-01-15 00:31:00,0.3209,0.321,0.3206,0.3207,18630.91
2025-01-15 00:32:00,0.3207,0.3207,0.3203,0.3204,6574.29
2025-01-15 00:33:00,0.3203,0.3205,0.3201,0.3205,1698.89
2025-01-15 00:34:00,0.3204,0.3206,0.3202,0.3202,3906.88
2025-01-15 00:35:00,0.3196,0.3197,0.3194,0.3194,3987.17
2025-01-15 00:36:00,0.3192,0.3192,0.319,0.319,5136.11
2025-01-15 00:37:00,0.319,0.3192,0.3188,0.3191,9374.3
2025-01-15 00:38:00,0.3192,0.3196,0.3192,0.3193,6179.16
2025-01-15 00:39:00,0.3192,0.3193,0.3191,0.3192,9780.41
2025-01-15 00:40:00,0.3192,0.3193,0.319,0.319,1730.15
2025-01-15 00:41:00,0.3186,0.3186,0.3185,0.3185,1812.62
2025-01-15 00:42:00,0.3186,0.3188,0.3185,0.3188,5084.4
2025-01-15 00:43:00,0.3189,0.3191,0.3188,0.319,5782.95
2025-01-15 00:44:00,0.319,0.3191,0.3189,0.3191,1639.31
2025-01-15 00:45:00,0.3191,0.3191,0.3181,0.3182,3543.4
2025-01-15 00:46:00,0.3183,0.3187,0.3183,0.3185,3268.92
2025-01-15 00:47:00,0.3185,0.3189,0.3185,0.3189,1127.68
2025-01-15 00:48:00,0.319,0.3193,0.319,0.3193,5465.67
2025-01-15 00:49:00,0.3196,0.3198,0.3196,0.3197,5473.51
2025-01-15 00:50:00,0.3198,0.32,0.3198,0.32,649.71
2025-01-15 00:51:00,0.32,0.32,0.32,0.32,0.0
2025-01-15 00:52:00,0.3192,0.3192,0.3191,0.3191,332.51
2025-01-15 00:53:00,0.3191,0.3191,0.3189,0.3191,893.3
2025-01-15 00:54:00,0.3191,0.3191,0.3191,0.3191,0.0
2025-01-15 00:55:00,0.319,0.3195,0.319,0.3195,6865.31
2025-01-15 00:56:00,0.3193,0.3194,0.3192,0.3193,2711.74
2025-01-15 00:57:00,0.3192,0.3192,0.319,0.3192,735.16
2025-01-15 00:58:00,0.3193,0.3193,0.3193,0.3193,1310.11
2025-01-15 00:59:00,0.319,0.319,0.319,0.319,31.94
2025-01-15 01:00:00,0.3185,0.3185,0.3182,0.3182,8587.74
2025-01-15 01:01:00,0.3183,0.3189,0.3183,0.3189,3068.22
2025-01-15 01:02:00,0.3189,0.3192,0.3188,0.3191,1226.95
2025-01-15 01:03:00,0.3194,0.3194,0.3188,0.3188,842.39
2025-01-15 01:04:00,0.3187,0.3187,0.3187,0.3187,19.98
2025-01-15 01:05:00,0.319,0.3193,0.319,0.3193,204.21
2025-01-15 01:06:00,0.3191,0.3192,0.3189,0.3191,7567.64
2025-01-15 01:07:00,0.319,0.3192,0.319,0.3192,1078.98
2025-01-15 01:08:00,0.319,0.3194,0.319,0.3194,5493.33
2025-01-15 01:09:00,0.3195,0.3197,0.3192,0.3197,1433.67
2025-01-15 01:10:00,0.3196,0.3201,0.3196,0.3201,2256.38
2025-01-15 01:11:00,0.3197,0.3197,0.3188,0.3188,9341.65
2025-01-15 01:12:00,0.3191,0.3191,0.3191,0.3191,19.95
2025-01-15 01:13:00,0.3189,0.3189,0.3186,0.3187,5413.94
2025-01-15 01:14:00,0.3185,0.3185,0.3183,0.3183,2407.14
2025-01-15 01:15:00,0.3183,0.3183,0.3175,0.3176,7607.79
2025-01-15 01:16:00,0.3175,0.318,0.3174,0.318,2751.94
2025-01-15 01:17:00,0.318,0.3182,0.3175,0.3175,2717.79
2025-01-15 01:18:00,0.3175,0.3177,0.3174,0.3177,2283.77
2025-01-15 01:19:00,0.3176,0.3177,0.3176,0.3176,4554.01
2025-01-15 01:20:00,0.3173,0.3176,0.3173,0.3176,1605.15
2025-01-15 01:21:00,0.3176,0.3177,0.3175,0.3176,723.54
2025-01-15 01:22:00,0.3178,0.3182,0.3178,0.3182,8794.07
2025-01-15 01:23:00,0.3181,0.3181,0.3181,0.3181,1419.33
2025-01-15 01:24:00,0.3183,0.3191,0.3183,0.3189,2631.64
2025-01-15 01:25:00,0.319,0.3195,0.319,0.3195,1910.33
2025-01-15 01:26:00,0.3197,0.3197,0.3191,0.3194,25204.47
2025-01-15 01:27:00,0.3196,0.3196,0.3194,0.3195,581.46
2025-01-15 01:28:00,0.3193,0.3194,0.3191,0.3191,11204.76
2025-01-15 01:29:00,0.3192,0.3192,0.3191,0.3192,1530.99
2025-01-15 01:30:00,0.3193,0.3193,0.3185,0.3185,6001.41
2025-01-15 01:31:00,0.3184,0.3184,0.3182,0.3184,8183.45
2025-01-15 01:32:00,0.3186,0.3192,0.3186,0.3192,3672.26
2025-01-15 01:33:00,0.3196,0.3203,0.3196,0.3201,9644.12
2025-01-15 01:34:00,0.3206,0.321,0.3204,0.321,19368.84
2025-01-15 01:35:00,0.3208,0.3213,0.3208,0.3208,2744.14
2025-01-15 01:36:00,0.3212,0.3216,0.321,0.321,11771.24
2025-01-15 01:37:00,0.3205,0.3209,0.3204,0.3206,69308.36
2025-01-15 01:38:00,0.3208,0.3209,0.3194,0.3194,16906.39
2025-01-15 01:39:00,0.3192,0.3194,0.3188,0.3188,5071.3
2025-01-15 01:40:00,0.3187,0.3189,0.3185,0.3187,5326.1
2025-01-15 01:41:00,0.3186,0.319,0.3186,0.319,3599.97
2025-01-15 01:42:00,0.3197,0.3199,0.3196,0.3196,386.62
2025-01-15 01:43:00,0.3195,0.3209,0.3195,0.3209,19157.57
2025-01-15 01:44:00,0.3212,0.3212,0.3203,0.3203,5421.85
2025-01-15 01:45:00,0.3203,0.3205,0.3196,0.3196,4383.16
2025-01-15 01:46:00,0.3199,0.3207,0.3199,0.3202,5318.7
2025-01-15 01:47:00,0.3201,0.3201,0.3193,0.3193,1685.37
2025-01-15 01:48:00,0.3192,0.3194,0.3188,0.3188,2174.04
2025-01-15 01:49:00,0.3188,0.3191,0.3185,0.3187,3010.76
2025-01-15 01:50:00,0.319,0.319,0.318,0.3181,23002.27
2025-01-15 01:51:00,0.3183,0.3188,0.3183,0.3188,5271.84
2025-01-15 01:52:00,0.3183,0.3186,0.3181,0.3186,12874.53
2025-01-15 01:53:00,0.3184,0.3186,0.3184,0.3186,4782.58
2025-01-15 01:54:00,0.319,0.3194,0.319,0.3194,1883.52
2025-01-15 01:55:00,0.3196,0.3201,0.3196,0.3201,3814.92
2025-01-15 01:56:00,0.3204,0.3206,0.32,0.32,17270.18
2025-01-15 01:57:00,0.3196,0.3198,0.3196,0.3198,3433.46
2025-01-15 01:58:00,0.3198,0.3199,0.3198,0.3199,239.3
2025-01-15 01:59:00,0.3196,0.3196,0.319,0.319,10747.36
2025-01-15 02:00:00,0.3191,0.3195,0.3185,0.3187,10384.96
2025-01-15 02:01:00,0.319,0.3193,0.3189,0.3191,3400.0
2025-01-15 02:02:00,0.3188,0.319,0.3186,0.3188,2291.09
2025-01-15 02:03:00,0.3194,0.3195,0.3191,0.3192,11175.41
2025-01-15 02:04:00,0.319,0.3196,0.3188,0.3196,4867.27
2025-01-15 02:05:00,0.3199,0.3204,0.3199,0.3203,10233.82
2025-01-15 02:06:00,0.3206,0.3208,0.3205,0.3206,7287.51
2025-01-15 02:07:00,0.3207,0.3207,0.3194,0.3195,6732.83
2025-01-15 02:08:00,0.3194,0.3194,0.319,0.319,11757.57
2025-01-15 02:09:00,0.3195,0.3199,0.3194,0.3194,2841.12
2025-01-15 02:10:00,0.3194,0.3195,0.3187,0.319,17391.69
2025-01-15 02:11:00,0.3189,0.3189,0.3181,0.3184,4963.26
2025-01-15 02:12:00,0.3185,0.3189,0.3184,0.3185,4582.86
2025-01-15 02:13:00,0.3185,0.3186,0.3183,0.3186,5511.92
2025-01-15 02:14:00,0.319,0.319,0.319,0.319,20.04
2025-01-15 02:15:00,0.3187,0.3187,0.318,0.318,9908.87
2025-01-15 02:16:00,0.318,0.3182,0.3179,0.3179,6822.94
2025-01-15 02:17:00,0.3179,0.3187,0.3179,0.3186,16962.75
2025-01-15 02:18:00,0.3185,0.3185,0.3183,0.3183,19755.34
2025-01-15 02:19:00,0.3183,0.3185,0.3183,0.3185,92.95
2025-01-15 02:20:00,0.3181,0.3186,0.3181,0.3186,1978.81
2025-01-15 02:21:00,0.3184,0.3184,0.3178,0.3179,5843.81
2025-01-15 02:22:00,0.3176,0.3177,0.3176,0.3177,10005.15
2025-01-15 02:23:00,0.3175,0.318,0.3175,0.3177,1494.55
2025-01-15 02:24:00,0.3178,0.3179,0.3178,0.3179,6191.73
2025-01-15 02:25:00,0.318,0.3181,0.3178,0.318,1344.54
2025-01-15 02:26:00,0.3181,0.3187,0.3181,0.3187,7470.81
2025-01-15 02:27:00,0.3189,0.3189,0.3188,0.3188,2500.82
2025-01-15 02:28:00,0.3186,0.3188,0.3183,0.3184,3919.3
2025-01-15 02:29:00,0.3185,0.3185,0.3179,0.318,3133.03
2025-01-15 02:30:00,0.3178,0.3178,0.3171,0.3172,10862.4
2025-01-15 02:31:00,0.3173,0.3173,0.3169,0.3169,5188.9
2025-01-15 02:32:00,0.317,0.3171,0.3168,0.3168,2638.44
2025-01-15 02:33:00,0.3169,0.317,0.3168,0.3168,1081.59
2025-01-15 02:34:00,0.3167,0.3171,0.3167,0.3171,1748.16
2025-01-15 02:35:00,0.3171,0.3171,0.3171,0.3171,1758.23
2025-01-15 02:36:00,0.3166,0.317,0.3164,0.3164,6316.94
2025-01-15 02:37:00,0.3165,0.317,0.3165,0.3169,2726.88
2025-01-15 02:38:00,0.3174,0.3176,0.3172,0.3175,3920.17
2025-01-15 02:39:00,0.3174,0.3174,0.3171,0.3172,1918.54
2025-01-15 02:40:00,0.3172,0.3172,0.317,0.317,4752.29
2025-01-15 02:41:00,0.3169,0.3169,0.3168,0.3168,380.64
2025-01-15 02:42:00,0.3167,0.3169,0.3167,0.3169,340.5
2025-01-15 02:43:00,0.3171,0.3173,0.3171,0.3173,1645.83
2025-01-15 02:44:00,0.317,0.317,0.317,0.317,1298.83
2025-01-15 02:45:00,0.3169,0.3169,0.3166,0.3167,6365.11
2025-01-15 02:46:00,0.3169,0.3172,0.3169,0.3172,1975.95
2025-01-15 02:47:00,0.3174,0.3183,0.3174,0.3183,18892.33
2025-01-15 02:48:00,0.3184,0.3185,0.3182,0.3185,7060.96
2025-01-15 02:49:00,0.3187,0.3187,0.3184,0.3186,3347.09
2025-01-15 02:50:00,0.3186,0.3186,0.3186,0.3186,0.0
2025-01-15 02:51:00,0.3185,0.3185,0.3185,0.3185,3559.38
2025-01-15 02:52:00,0.3187,0.3187,0.3183,0.3184,2710.74
2025-01-15 02:53:00,0.3186,0.3189,0.3186,0.3186,27924.35
2025-01-15 02:54:00,0.3187,0.3187,0.3179,0.3179,1601.04
2025-01-15 02:55:00,0.3179,0.3179,0.3179,0.3179,81.78
2025-01-15 02:56:00,0.3174,0.3177,0.3174,0.3175,10195.57
2025-01-15 02:57:00,0.3181,0.3181,0.3177,0.3178,45205.2
2025-01-15 02:58:00,0.3178,0.3179,0.3174,0.3174,4057.89
2025-01-15 02:59:00,0.3174,0.3174,0.3165,0.3165,15067.51
2025-01-15 03:00:00,0.3165,0.3172,0.3165,0.317,10940.27
2025-01-15 03:01:00,0.3169,0.3173,0.3169,0.3173,1174.33
2025-01-15 03:02:00,0.3171,0.3171,0.3162,0.3162,7996.1
2025-01-15 03:03:00,0.3166,0.3166,0.316,0.316,2033.78
2025-01-15 03:04:00,0.316,0.316,0.3158,0.3159,9046.51
2025-01-15 03:05:00,0.3161,0.3161,0.3154,0.3154,20505.56
2025-01-15 03:06:00,0.3153,0.3162,0.3153,0.3162,8239.74
2025-01-15 03:07:00,0.3162,0.3165,0.3162,0.3164,2349.67
2025-01-15 03:08:00,0.3164,0.3167,0.3164,0.3167,1129.97
2025-01-15 03:09:00,0.3168,0.3171,0.3168,0.3171,5201.39
2025-01-15 03:10:00,0.3171,0.3179,0.317,0.3179,12187.6
2025-01-15 03:11:00,0.318,0.318,0.3178,0.318,4614.2
2025-01-15 03:12:00,0.3181,0.3181,0.3178,0.3178,656.53
2025-01-15 03:13:00,0.3176,0.3176,0.3176,0.3176,314.86
2025-01-15 03:14:00,0.3175,0.3176,0.3175,0.3176,2601.54
2025-01-15 03:15:00,0.3177,0.3178,0.3177,0.3177,4699.06
2025-01-15 03:16:00,0.3177,0.318,0.3177,0.318,428.19
2025-01-15 03:17:00,0.3181,0.3181,0.3178,0.3179,14041.34
2025-01-15 03:18:00,0.3178,0.3178,0.3175,0.3175,1750.09
2025-01-15 03:19:00,0.317,0.317,0.3169,0.3169,601.31
2025-01-15 03:20:00,0.3165,0.3166,0.3164,0.3164,5490.86
2025-01-15 03:21:00,0.3164,0.3167,0.3164,0.3164,2500.63
2025-01-15 03:22:00,0.3163,0.3166,0.3163,0.3166,3652.84
2025-01-15 03:23:00,0.3168,0.3169,0.3168,0.3169,465.3
2025-01-15 03:24:00,0.3171,0.3174,0.3171,0.3174,1657.8
2025-01-15 03:25:00,0.3173,0.3174,0.3172,0.3172,6263.73
2025-01-15 03:26:00,0.3171,0.3171,0.3169,0.3169,719.18
2025-01-15 03:27:00,0.3169,0.3169,0.3169,0.3169,1603.24
2025-01-15 03:28:00,0.3169,0.3169,0.3169,0.3169,0.0
2025-01-15 03:29:00,0.3171,0.3171,0.3169,0.3171,16129.61
2025-01-15 03:30:00,0.317,0.3174,0.317,0.3174,6988.71
2025-01-15 03:31:00,0.3176,0.3177,0.3175,0.3177,5265.5
2025-01-15 03:32:00,0.3178,0.3184,0.3178,0.3184,4288.55
2025-01-15 03:33:00,0.3184,0.3184,0.3184,0.3184,0.0
2025-01-15 03:34:00,0.3179,0.3179,0.3179,0.3179,41.59
2025-01-15 03:35:00,0.3177,0.3179,0.3174,0.3179,1375.05
2025-01-15 03:36:00,0.3177,0.3177,0.3177,0.3177,1352.27
2025-01-15 03:37:00,0.318,0.3184,0.318,0.3184,4009.41
2025-01-15 03:38:00,0.3184,0.3185,0.3182,0.3182,3800.03
2025-01-15 03:39:00,0.3181,0.3181,0.3179,0.3179,1906.22
2025-01-15 03:40:00,0.3181,0.3181,0.3178,0.3178,1758.21
2025-01-15 03:41:00,0.3178,0.3179,0.3177,0.3177,3958.73
2025-01-15 03:42:00,0.3177,0.3177,0.3177,0.3177,71.59
2025-01-15 03:43:00,0.3173,0.3174,0.3173,0.3174,737.48
2025-01-15 03:44:00,0.3172,0.3174,0.3172,0.3174,2733.76
2025-01-15 03:45:00,0.3176,0.3176,0.3169,0.3169,341.8
2025-01-15 03:46:00,0.317,0.317,0.3168,0.3169,17677.41
2025-01-15 03:47:00,0.3166,0.3166,0.3165,0.3166,3241.81
2025-01-15 03:48:00,0.3169,0.317,0.3167,0.317,3520.69
2025-01-15 03:49:00,0.3171,0.3172,0.3169,0.3172,35242.65
2025-01-15 03:50:00,0.3174,0.3174,0.3173,0.3173,425.8
2025-01-15 03:51:00,0.3175,0.3181,0.3175,0.3179,3434.95
2025-01-15 03:52:00,0.3178,0.3178,0.3177,0.3177,697.93
2025-01-15 03:53:00,0.3177,0.3178,0.3175,0.3178,1354.17
2025-01-15 03:54:00,0.3178,0.3178,0.3178,0.3178,77.0
2025-01-15 03:55:00,0.3179,0.3179,0.3179,0.3179,2385.95
2025-01-15 03:56:00,0.3181,0.3184,0.3181,0.3184,204.16
2025-01-15 03:57:00,0.3185,0.3186,0.3183,0.3183,11483.56
2025-01-15 03:58:00,0.3182,0.3185,0.3182,0.3185,4897.8
2025-01-15 03:59:00,0.3189,0.3189,0.3189,0.3189,232.0
2025-01-15 04:00:00,0.319,0.3207,0.319,0.3201,29100.98
2025-01-15 04:01:00,0.3204,0.3205,0.3199,0.3204,3599.28
2025-01-15 04:02:00,0.3205,0.3209,0.3198,0.3198,26127.27
2025-01-15 04:03:00,0.3201,0.3201,0.3198,0.3201,6032.11
2025-01-15 04:04:00,0.3198,0.3198,0.3196,0.3198,3035.09
2025-01-15 04:05:00,0.3193,0.3193,0.3191,0.3192,9859.35
2025-01-15 04:06:00,0.3197,0.3197,0.3197,0.3197,19.92
2025-01-15 04:07:00,0.319,0.3192,0.3188,0.3188,3822.81
2025-01-15 04:08:00,0.3187,0.3188,0.3182,0.3182,7997.98
2025-01-15 04:09:00,0.3183,0.3187,0.3183,0.3186,16739.79
2025-01-15 04:10:00,0.3186,0.3189,0.3184,0.3184,12399.66
2025-01-15 04:11:00,0.3183,0.3183,0.3179,0.3179,10532.66
2025-01-15 04:12:00,0.3179,0.318,0.3178,0.3178,5965.67
2025-01-15 04:13:00,0.3178,0.3178,0.3176,0.3176,2715.44
2025-01-15 04:14:00,0.3175,0.3175,0.3171,0.3172,35405.0
2025-01-15 04:15:00,0.3173,0.3175,0.3171,0.3171,2536.18
2025-01-15 04:16:00,0.3171,0.3171,0.3167,0.3167,2714.76
2025-01-15 04:17:00,0.3167,0.3169,0.3166,0.3166,15030.17
2025-01-15 04:18:00,0.3167,0.3169,0.3167,0.3168,988.53
2025-01-15 04:19:00,0.3166,0.3166,0.3165,0.3166,1803.13
2025-01-15 04:20:00,0.3166,0.3168,0.3166,0.3167,992.38
2025-01-15 04:21:00,0.3168,0.3168,0.3167,0.3168,7933.9
2025-01-15 04:22:00,0.3167,0.3167,0.3167,0.3167,188.76
2025-01-15 04:23:00,0.3168,0.317,0.3168,0.317,1595.59
2025-01-15 04:24:00,0.317,0.317,0.3169,0.317,1655.23
2025-01-15 04:25:00,0.317,0.3171,0.3169,0.3169,658.99
2025-01-15 04:26:00,0.3171,0.3175,0.3171,0.3175,4296.43
2025-01-15 04:27:00,0.3172,0.3174,0.3171,0.3174,2306.37
2025-01-15 04:28:00,0.3176,0.3176,0.3173,0.3174,771.74
2025-01-15 04:29:00,0.3172,0.3172,0.3172,0.3172,188.76
2025-01-15 04:30:00,0.3171,0.3171,0.3169,0.3169,1228.53
2025-01-15 04:31:00,0.3169,0.3169,0.3167,0.3168,860.27
2025-01-15 04:32:00,0.3167,0.3171,0.3167,0.3171,5276.91
2025-01-15 04:33:00,0.3171,0.3171,0.317,0.317,1330.76
2025-01-15 04:34:00,0.3169,0.317,0.3168,0.3168,2651.05
2025-01-15 04:35:00,0.3168,0.3171,0.3168,0.3171,2576.67
2025-01-15 04:36:00,0.3176,0.3176,0.3172,0.3172,3722.99
2025-01-15 04:37:00,0.3171,0.3171,0.3171,0.3171,189.21
2025-01-15 04:38:00,0.3174,0.3174,0.3174,0.3174,301.2
2025-01-15 04:39:00,0.3174,0.3174,0.3174,0.3174,0.0
2025-01-15 04:40:00,0.3173,0.3173,0.3172,0.3173,2273.0
2025-01-15 04:41:00,0.3173,0.3173,0.3171,0.3171,442.91
2025-01-15 04:42:00,0.3169,0.3169,0.3169,0.3169,3140.22
2025-01-15 04:43:00,0.3168,0.3168,0.3163,0.3163,4541.72
2025-01-15 04:44:00,0.3162,0.3166,0.3162,0.3166,4433.03
2025-01-15 04:45:00,0.317,0.317,0.3168,0.3168,8069.19
2025-01-15 04:46:00,0.3168,0.3169,0.3167,0.3167,2802.26
2025-01-15 04:47:00,0.3165,0.3165,0.3165,0.3165,38.48
2025-01-15 04:48:00,0.3167,0.3167,0.3167,0.3167,947.71
2025-01-15 04:49:00,0.3167,0.3167,0.3163,0.3163,1272.13
2025-01-15 04:50:00,0.3165,0.3166,0.3165,0.3166,3498.77
2025-01-15 04:51:00,0.3166,0.3168,0.3166,0.3168,1911.22
2025-01-15 04:52:00,0.3168,0.3168,0.3168,0.3168,894.76
2025-01-15 04:53:00,0.317,0.3171,0.317,0.3171,351.77
2025-01-15 04:54:00,0.317,0.3175,0.317,0.3175,6035.76
2025-01-15 04:55:00,0.3174,0.3174,0.3173,0.3173,1180.37
2025-01-15 04:56:00,0.3175,0.3175,0.3174,0.3174,2447.59
2025-01-15 04:57:00,0.3173,0.3173,0.3173,0.3173,1754.36
2025-01-15 04:58:00,0.3172,0.3172,0.3172,0.3172,477.62
2025-01-15 04:59:00,0.3172,0.3172,0.3172,0.3172,196.32
2025-01-15 05:00:00,0.3171,0.3171,0.3168,0.3168,2961.15
2025-01-15 05:01:00,0.3168,0.3168,0.3164,0.3164,4041.48
2025-01-15 05:02:00,0.3167,0.3169,0.3166,0.3169,1103.72
2025-01-15 05:03:00,0.317,0.317,0.3166,0.3166,887.82
2025-01-15 05:04:00,0.3165,0.3166,0.3164,0.3165,13315.09
2025-01-15 05:05:00,0.3164,0.3164,0.316,0.316,4757.92
2025-01-15 05:06:00,0.3161,0.3164,0.3161,0.3164,960.82
2025-01-15 05:07:00,0.316,0.316,0.3159,0.3159,377.52
2025-01-15 05:08:00,0.316,0.3161,0.316,0.3161,526.17
2025-01-15 05:09:00,0.3158,0.3159,0.3154,0.3156,10863.79
2025-01-15 05:10:00,0.3156,0.3156,0.3154,0.3155,4504.6
2025-01-15 05:11:00,0.3155,0.3157,0.3153,0.3153,35156.09
2025-01-15 05:12:00,0.3153,0.3153,0.3153,0.3153,793.25
2025-01-15 05:13:00,0.3155,0.3159,0.3155,0.3159,2506.8
2025-01-15 05:14:00,0.3159,0.3161,0.3159,0.3159,8972.87
2025-01-15 05:15:00,0.3159,0.3159,0.3156,0.3157,10894.44
2025-01-15 05:16:00,0.3158,0.3162,0.3158,0.3158,4381.27
2025-01-15 05:17:00,0.3158,0.3158,0.3155,0.3155,2544.19
2025-01-15 05:18:00,0.3156,0.3156,0.3154,0.3156,3874.89
2025-01-15 05:19:00,0.3155,0.3157,0.3155,0.3157,4350.12
2025-01-15 05:20:00,0.3157,0.3158,0.3157,0.3158,1612.8
2025-01-15 05:21:00,0.3159,0.316,0.3159,0.3159,4895.48
2025-01-15 05:22:00,0.3159,0.3159,0.3159,0.3159,0.0
2025-01-15 05:23:00,0.3162,0.3166,0.3162,0.3163,2009.94
2025-01-15 05:24:00,0.3163,0.3163,0.3163,0.3163,1624.31
2025-01-15 05:25:00,0.3164,0.3165,0.3163,0.3164,13125.55
2025-01-15 05:26:00,0.3165,0.3165,0.3165,0.3165,5840.75
2025-01-15 05:27:00,0.3163,0.3163,0.3163,0.3163,1045.29
2025-01-15 05:28:00,0.3163,0.3166,0.3163,0.3166,3228.7
2025-01-15 05:29:00,0.3166,0.3167,0.3165,0.3166,15163.87
2025-01-15 05:30:00,0.3161,0.3161,0.3159,0.3159,3596.92
2025-01-15 05:31:00,0.316,0.316,0.316,0.316,293.76
2025-01-15 05:32:00,0.3161,0.3165,0.3161,0.3165,5314.57
2025-01-15 05:33:00,0.3165,0.3165,0.3165,0.3165,0.0
2025-01-15 05:34:00,0.3168,0.3168,0.3167,0.3167,62.22
2025-01-15 05:35:00,0.3167,0.3167,0.3165,0.3165,3760.87
2025-01-15 05:36:00,0.3165,0.3165,0.3164,0.3164,925.89
2025-01-15 05:37:00,0.3168,0.3171,0.3167,0.317,4257.05
2025-01-15 05:38:00,0.3171,0.3173,0.3171,0.3173,3577.56
2025-01-15 05:39:00,0.3172,0.3175,0.3172,0.3174,5373.25
2025-01-15 05:40:00,0.3173,0.3176,0.3173,0.3174,7296.46
2025-01-15 05:41:00,0.3172,0.3172,0.317,0.3171,2587.25
2025-01-15 05:42:00,0.317,0.3173,0.317,0.3173,3226.6
2025-01-15 05:43:00,0.3173,0.3175,0.3173,0.3175,817.04
2025-01-15 05:44:00,0.3174,0.3177,0.3174,0.3177,5756.4
2025-01-15 05:45:00,0.3173,0.3176,0.3173,0.3176,5260.76
2025-01-15 05:46:00,0.3178,0.3178,0.3176,0.3177,3131.7
2025-01-15 05:47:00,0.3176,0.3177,0.3176,0.3177,2830.19
2025-01-15 05:48:00,0.3178,0.318,0.3178,0.318,2497.31
2025-01-15 05:49:00,0.318,0.318,0.3177,0.3177,2253.63
2025-01-15 05:50:00,0.3177,0.3179,0.3177,0.3178,11384.28
2025-01-15 05:51:00,0.3176,0.3176,0.3174,0.3174,296.66
2025-01-15 05:52:00,0.3173,0.3173,0.3172,0.3172,649.02
2025-01-15 05:53:00,0.3175,0.3175,0.3175,0.3175,77.09
2025-01-15 05:54:00,0.3175,0.3175,0.3175,0.3175,0.0
2025-01-15 05:55:00,0.3175,0.3175,0.3172,0.3172,1421.29
2025-01-15 05:56:00,0.3172,0.3175,0.3172,0.3174,3817.71
2025-01-15 05:57:00,0.3175,0.3176,0.3173,0.3173,13132.35
2025-01-15 05:58:00,0.3173,0.3173,0.3173,0.3173,0.0
2025-01-15 05:59:00,0.3173,0.3173,0.3173,0.3173,0.0
2025-01-15 06:00:00,0.3173,0.3179,0.3173,0.3176,11765.43
2025-01-15 06:01:00,0.3176,0.3184,0.3176,0.318,33444.17
2025-01-15 06:02:00,0.3179,0.3182,0.3179,0.3182,9907.0
2025-01-15 06:03:00,0.3183,0.3183,0.318,0.3181,5555.98
2025-01-15 06:04:00,0.3181,0.3181,0.3176,0.3176,1936.73
2025-01-15 06:05:00,0.3177,0.3177,0.3175,0.3177,10167.21
2025-01-15 06:06:00,0.3175,0.3175,0.3173,0.3173,619.6
2025-01-15 06:07:00,0.3174,0.3174,0.3173,0.3173,807.15
2025-01-15 06:08:00,0.3171,0.3171,0.3166,0.3166,583.65
2025-01-15 06:09:00,0.3166,0.3166,0.3166,0.3166,853.36
2025-01-15 06:10:00,0.3166,0.3166,0.3166,0.3166,0.0
2025-01-15 06:11:00,0.3169,0.3172,0.3169,0.3172,2981.62
2025-01-15 06:12:00,0.3168,0.3168,0.3167,0.3167,2659.73
2025-01-15 06:13:00,0.3165,0.3166,0.3165,0.3165,842.17
2025-01-15 06:14:00,0.3165,0.3165,0.3164,0.3164,2426.18
2025-01-15 06:15:00,0.3165,0.3166,0.3165,0.3166,3395.14
2025-01-15 06:16:00,0.3166,0.3168,0.3166,0.3166,3781.89
2025-01-15 06:17:00,0.3165,0.3168,0.3164,0.3164,10930.78
2025-01-15 06:18:00,0.3162,0.3162,0.3156,0.3156,8746.02
2025-01-15 06:19:00,0.3156,0.3157,0.3155,0.3157,2237.07
2025-01-15 06:20:00,0.3157,0.3157,0.3157,0.3157,0.0
2025-01-15 06:21:00,0.3157,0.3158,0.3156,0.3156,2037.94
2025-01-15 06:22:00,0.3157,0.3159,0.3157,0.3159,5279.44
2025-01-15 06:23:00,0.316,0.3162,0.316,0.3162,4547.72
2025-01-15 06:24:00,0.3159,0.316,0.3158,0.3158,1720.6
2025-01-15 06:25:00,0.3157,0.3159,0.3157,0.3158,624.08
2025-01-15 06:26:00,0.3158,0.3158,0.3158,0.3158,0.0
2025-01-15 06:27:00,0.3156,0.3159,0.3156,0.3158,3066.62
2025-01-15 06:28:00,0.3158,0.3159,0.3157,0.3157,3444.3
2025-01-15 06:29:00,0.3156,0.3156,0.3155,0.3156,792.86
2025-01-15 06:30:00,0.3156,0.3166,0.3156,0.3165,6475.1
2025-01-15 06:31:00,0.3164,0.3164,0.3159,0.3159,2093.08
2025-01-15 06:32:00,0.3158,0.3158,0.3156,0.3157,2429.25
2025-01-15 06:33:00,0.3158,0.3158,0.3155,0.3155,3157.59
2025-01-15 06:34:00,0.3154,0.3156,0.3153,0.3155,8524.62
2025-01-15 06:35:00,0.3156,0.3157,0.3153,0.3155,1673.56
2025-01-15 06:36:00,0.3155,0.3157,0.3155,0.3156,4403.66
2025-01-15 06:37:00,0.3155,0.3155,0.3155,0.3155,519.44
2025-01-15 06:38:00,0.3156,0.3159,0.3156,0.3159,3381.52
2025-01-15 06:39:00,0.3158,0.3161,0.3157,0.3161,10605.69
2025-01-15 06:40:00,0.3161,0.3165,0.316,0.3165,15984.17
2025-01-15 06:41:00,0.3163,0.3168,0.3163,0.3166,7918.03
2025-01-15 06:42:00,0.3164,0.3164,0.3164,0.3164,351.77
2025-01-15 06:43:00,0.3165,0.3166,0.3163,0.3163,485.63
2025-01-15 06:44:00,0.3164,0.3165,0.3164,0.3165,1398.77
2025-01-15 06:45:00,0.3166,0.3169,0.3163,0.3168,3826.42
2025-01-15 06:46:00,0.3168,0.3168,0.3162,0.3162,719.58
2025-01-15 06:47:00,0.3161,0.3163,0.3161,0.3161,9804.99
2025-01-15 06:48:00,0.3162,0.3163,0.3161,0.3161,2399.9
2025-01-15 06:49:00,0.3162,0.3166,0.3162,0.3166,5545.91
2025-01-15 06:50:00,0.3167,0.3171,0.3167,0.3171,909.2
2025-01-15 06:51:00,0.3171,0.3171,0.3169,0.3171,3522.59
2025-01-15 06:52:00,0.3171,0.3175,0.3171,0.3175,1170.51
2025-01-15 06:53:00,0.3174,0.3175,0.3174,0.3175,1437.01
2025-01-15 06:54:00,0.3174,0.3174,0.3172,0.3173,9074.46
2025-01-15 06:55:00,0.317,0.317,0.3168,0.3169,11277.0
2025-01-15 06:56:00,0.317,0.3171,0.3169,0.3169,2149.1
2025-01-15 06:57:00,0.3168,0.3172,0.3168,0.3172,2635.64
2025-01-15 06:58:00,0.3171,0.3171,0.3168,0.3169,943.27
2025-01-15 06:59:00,0.3168,0.317,0.3167,0.317,3496.65
2025-01-15 07:00:00,0.3173,0.3174,0.3173,0.3174,456.2
2025-01-15 07:01:00,0.3174,0.3177,0.3173,0.3175,18001.65
2025-01-15 07:02:00,0.3177,0.3179,0.3177,0.3179,4299.46
2025-01-15 07:03:00,0.318,0.3182,0.318,0.3181,1751.43
2025-01-15 07:04:00,0.318,0.3182,0.318,0.318,3226.01
2025-01-15 07:05:00,0.3175,0.318,0.3175,0.318,10348.91
2025-01-15 07:06:00,0.3181,0.3182,0.3179,0.3182,3008.67
2025-01-15 07:07:00,0.3184,0.3185,0.3181,0.3182,32249.99
2025-01-15 07:08:00,0.3182,0.3183,0.3182,0.3182,329.36
2025-01-15 07:09:00,0.3185,0.3185,0.3185,0.3185,313.97
2025-01-15 07:10:00,0.3186,0.3188,0.3186,0.3186,14281.18
2025-01-15 07:11:00,0.3185,0.3188,0.3185,0.3186,6410.41
2025-01-15 07:12:00,0.3187,0.3187,0.3185,0.3185,1039.88
2025-01-15 07:13:00,0.3185,0.3185,0.3185,0.3185,260.91
2025-01-15 07:14:00,0.3187,0.3188,0.3186,0.3187,1471.17
2025-01-15 07:15:00,0.3187,0.3192,0.3187,0.3191,9380.65
2025-01-15 07:16:00,0.3191,0.3195,0.3191,0.3195,2958.57
2025-01-15 07:17:00,0.3194,0.3198,0.3194,0.3197,3862.6
2025-01-15 07:18:00,0.3198,0.3202,0.3198,0.3202,8274.42
2025-01-15 07:19:00,0.3203,0.3206,0.3203,0.3205,30797.4
2025-01-15 07:20:00,0.3205,0.3206,0.3202,0.3204,9242.57
2025-01-15 07:21:00,0.3205,0.3208,0.3205,0.3208,9680.24
2025-01-15 07:22:00,0.3208,0.321,0.3208,0.321,12532.44
2025-01-15 07:23:00,0.3209,0.3211,0.3209,0.3209,4112.32
2025-01-15 07:24:00,0.3207,0.3207,0.3204,0.3204,2239.07
2025-01-15 07:25:00,0.3204,0.3206,0.3204,0.3205,5814.34
2025-01-15 07:26:00,0.3205,0.3206,0.3205,0.3206,6806.71
2025-01-15 07:27:00,0.3204,0.3206,0.3204,0.3206,3226.53
2025-01-15 07:28:00,0.3204,0.321,0.3204,0.3209,10759.15
2025-01-15 07:29:00,0.3208,0.3213,0.3208,0.3211,14886.54
2025-01-15 07:30:00,0.3212,0.3215,0.3209,0.3209,16246.82
2025-01-15 07:31:00,0.3207,0.3207,0.3204,0.3204,17192.01
2025-01-15 07:32:00,0.3205,0.3205,0.32,0.3201,23594.58
2025-01-15 07:33:00,0.3201,0.3203,0.3201,0.3203,8087.25
2025-01-15 07:34:00,0.3203,0.3203,0.3202,0.3203,2450.58
2025-01-15 07:35:00,0.32,0.32,0.3198,0.3199,6938.29
2025-01-15 07:36:00,0.3197,0.3198,0.3194,0.3197,12215.03
2025-01-15 07:37:00,0.3197,0.3199,0.3197,0.3199,4733.37
2025-01-15 07:38:00,0.3198,0.3198,0.3198,0.3198,172.09
2025-01-15 07:39:00,0.3198,0.3199,0.3198,0.3199,2123.82
2025-01-15 07:40:00,0.3199,0.3199,0.3195,0.3195,2972.51
2025-01-15 07:41:00,0.3193,0.3198,0.3193,0.3198,7834.29
2025-01-15 07:42:00,0.3198,0.3201,0.3198,0.3199,4346.36
2025-01-15 07:43:00,0.3199,0.3199,0.3199,0.3199,0.0
2025-01-15 07:44:00,0.3197,0.3199,0.3195,0.3195,6862.61
2025-01-15 07:45:00,0.3194,0.3194,0.3191,0.3191,17712.2
2025-01-15 07:46:00,0.319,0.3192,0.3188,0.3188,5673.05
2025-01-15 07:47:00,0.3189,0.3192,0.3189,0.3189,15493.28
2025-01-15 07:48:00,0.3189,0.319,0.3188,0.319,1758.95
2025-01-15 07:49:00,0.319,0.3191,0.319,0.3191,7868.33
2025-01-15 07:50:00,0.3191,0.3192,0.3187,0.3188,11655.01
2025-01-15 07:51:00,0.3187,0.3188,0.3187,0.3187,4032.14
2025-01-15 07:52:00,0.3186,0.3189,0.3186,0.3187,10290.12
2025-01-15 07:53:00,0.3186,0.3186,0.3182,0.3185,11462.47
2025-01-15 07:54:00,0.3185,0.3185,0.3181,0.3181,790.37
2025-01-15 07:55:00,0.3181,0.3185,0.3181,0.3181,17639.08
2025-01-15 07:56:00,0.3182,0.3184,0.3182,0.3183,4302.99
2025-01-15 07:57:00,0.3183,0.3184,0.318,0.318,16797.52
2025-01-15 07:58:00,0.3181,0.3182,0.3181,0.3181,2522.62
2025-01-15 07:59:00,0.3182,0.3185,0.3182,0.3185,6327.75
2025-01-15 08:00:00,0.3185,0.3192,0.3183,0.3183,45463.07
2025-01-15 08:01:00,0.3185,0.319,0.3185,0.319,24639.07
2025-01-15 08:02:00,0.3191,0.3191,0.3187,0.3187,10943.68
2025-01-15 08:03:00,0.3188,0.3198,0.3188,0.3195,16494.84
2025-01-15 08:04:00,0.3195,0.3203,0.3192,0.32,181883.5
2025-01-15 08:05:00,0.3197,0.3197,0.3194,0.3195,5292.36
2025-01-15 08:06:00,0.3196,0.3196,0.3192,0.3193,5608.2
2025-01-15 08:07:00,0.3191,0.3191,0.3189,0.3189,8788.52
2025-01-15 08:08:00,0.3189,0.3189,0.3189,0.3189,645.53
2025-01-15 08:09:00,0.3193,0.3195,0.3193,0.3193,4379.86
2025-01-15 08:10:00,0.3193,0.3195,0.3193,0.3194,2713.76
2025-01-15 08:11:00,0.3198,0.3199,0.3198,0.3199,2489.03
2025-01-15 08:12:00,0.3198,0.3198,0.3196,0.3196,12538.37
2025-01-15 08:13:00,0.3195,0.3195,0.3195,0.3195,6633.42
2025-01-15 08:14:00,0.3195,0.3195,0.3194,0.3194,4625.85
2025-01-15 08:15:00,0.3194,0.3194,0.3188,0.3188,351.28
2025-01-15 08:16:00,0.3185,0.3187,0.3185,0.3187,436.42
2025-01-15 08:17:00,0.3187,0.3191,0.3187,0.3189,8303.84
2025-01-15 08:18:00,0.3187,0.3189,0.3185,0.3189,277.07
2025-01-15 08:19:00,0.3192,0.3192,0.3187,0.3187,4140.77
2025-01-15 08:20:00,0.3187,0.3189,0.3186,0.3189,5070.59
2025-01-15 08:21:00,0.319,0.3196,0.319,0.3193,10075.69
2025-01-15 08:22:00,0.3196,0.3196,0.3192,0.3192,29639.53
2025-01-15 08:23:00,0.3191,0.3191,0.3189,0.3191,4482.02
2025-01-15 08:24:00,0.3191,0.3195,0.3191,0.3193,22231.27
2025-01-15 08:25:00,0.3193,0.3204,0.3192,0.3204,23175.98
2025-01-15 08:26:00,0.3203,0.3206,0.3202,0.3206,4285.87
2025-01-15 08:27:00,0.3205,0.3207,0.3205,0.3206,15833.23
2025-01-15 08:28:00,0.3206,0.3207,0.3206,0.3207,2931.3
2025-01-15 08:29:00,0.3209,0.321,0.3207,0.3207,1110.49
2025-01-15 08:30:00,0.321,0.3211,0.3202,0.3203,14755.62
2025-01-15 08:31:00,0.3201,0.3205,0.32,0.3205,14164.99
2025-01-15 08:32:00,0.3205,0.321,0.3205,0.3209,15169.78
2025-01-15 08:33:00,0.321,0.321,0.3204,0.3204,68660.28
2025-01-15 08:34:00,0.3205,0.3208,0.3204,0.3206,9437.88
2025-01-15 08:35:00,0.3205,0.3207,0.3201,0.3207,42418.18
2025-01-15 08:36:00,0.3206,0.3209,0.3204,0.3204,7894.29
2025-01-15 08:37:00,0.3205,0.3206,0.3203,0.3206,10937.83
2025-01-15 08:38:00,0.3204,0.3204,0.3204,0.3204,1138.55
2025-01-15 08:39:00,0.3203,0.3206,0.3203,0.3206,2113.44
2025-01-15 08:40:00,0.3201,0.3201,0.3196,0.3196,5861.59
2025-01-15 08:41:00,0.3195,0.3195,0.3193,0.3193,2614.86
2025-01-15 08:42:00,0.3192,0.3192,0.319,0.319,2635.58
2025-01-15 08:43:00,0.3191,0.3191,0.3188,0.319,5173.39
2025-01-15 08:44:00,0.319,0.3195,0.319,0.3195,3031.2
2025-01-15 08:45:00,0.3194,0.3194,0.3191,0.3193,4989.08
2025-01-15 08:46:00,0.3194,0.3194,0.319,0.319,6751.23
2025-01-15 08:47:00,0.3189,0.3194,0.3188,0.3194,5744.1
2025-01-15 08:48:00,0.3193,0.3193,0.3189,0.3189,504.96
2025-01-15 08:49:00,0.3189,0.3191,0.3186,0.3186,5327.09
2025-01-15 08:50:00,0.3185,0.3186,0.3185,0.3185,1821.55
2025-01-15 08:51:00,0.3184,0.3187,0.3183,0.3187,7768.9
2025-01-15 08:52:00,0.3185,0.3185,0.3185,0.3185,2364.59
2025-01-15 08:53:00,0.3183,0.3184,0.3182,0.3183,2214.62
2025-01-15 08:54:00,0.3182,0.3182,0.3182,0.3182,57.36
2025-01-15 08:55:00,0.3182,0.3185,0.318,0.3183,4107.19
2025-01-15 08:56:00,0.3183,0.3183,0.3181,0.3181,2548.9
2025-01-15 08:57:00,0.3181,0.3185,0.3181,0.3182,4828.97
2025-01-15 08:58:00,0.3182,0.3185,0.3182,0.3185,1709.83
2025-01-15 08:59:00,0.3187,0.3187,0.3181,0.3182,4647.63
2025-01-15 09:00:00,0.318,0.3187,0.3179,0.3184,7173.0
2025-01-15 09:01:00,0.3184,0.3184,0.3182,0.3183,14300.36
2025-01-15 09:02:00,0.318,0.318,0.3174,0.3175,8357.45
2025-01-15 09:03:00,0.3173,0.3183,0.3172,0.318,14062.0
2025-01-15 09:04:00,0.318,0.318,0.3173,0.3173,6364.13
2025-01-15 09:05:00,0.3174,0.3174,0.3168,0.3168,10448.78
2025-01-15 09:06:00,0.3169,0.3175,0.3169,0.3174,16221.23
2025-01-15 09:07:00,0.317,0.317,0.3168,0.3168,10688.37
2025-01-15 09:08:00,0.3168,0.3173,0.3166,0.3171,4828.28
2025-01-15 09:09:00,0.3171,0.3174,0.3169,0.3169,2399.66
2025-01-15 09:10:00,0.3169,0.3171,0.3167,0.317,7073.28
2025-01-15 09:11:00,0.3173,0.3173,0.3173,0.3173,181.11
2025-01-15 09:12:00,0.3174,0.3174,0.3173,0.3173,1927.61
2025-01-15 09:13:00,0.3171,0.3171,0.3169,0.317,3317.15
2025-01-15 09:14:00,0.3171,0.3171,0.3168,0.3168,5052.87
2025-01-15 09:15:00,0.3168,0.3173,0.3167,0.3173,5340.46
2025-01-15 09:16:00,0.3172,0.3172,0.3172,0.3172,15.76
2025-01-15 09:17:00,0.3172,0.3172,0.3172,0.3172,0.0
2025-01-15 09:18:00,0.3172,0.3172,0.3168,0.3169,4269.08
2025-01-15 09:19:00,0.317,0.317,0.317,0.317,40.93
2025-01-15 09:20:00,0.3165,0.3168,0.3165,0.3168,10211.84
2025-01-15 09:21:00,0.3166,0.3166,0.3165,0.3166,4433.65
2025-01-15 09:22:00,0.3165,0.3165,0.3163,0.3164,2795.38
2025-01-15 09:23:00,0.3164,0.3164,0.3163,0.3163,630.11
2025-01-15 09:24:00,0.3162,0.3162,0.3158,0.3158,4295.42
2025-01-15 09:25:00,0.3158,0.3158,0.3151,0.3152,6430.59
2025-01-15 09:26:00,0.3153,0.3157,0.3151,0.3157,6875.78
2025-01-15 09:27:00,0.3155,0.3155,0.3151,0.3151,19773.2
2025-01-15 09:28:00,0.3152,0.3153,0.3151,0.3151,3254.39
2025-01-15 09:29:00,0.3151,0.3153,0.3148,0.3148,9618.54
2025-01-15 09:30:00,0.3148,0.3153,0.3146,0.3149,23420.84
2025-01-15 09:31:00,0.315,0.3152,0.3147,0.3151,12674.96
2025-01-15 09:32:00,0.3153,0.3158,0.3152,0.3152,14858.92
2025-01-15 09:33:00,0.3151,0.3155,0.315,0.315,9218.58
2025-01-15 09:34:00,0.3149,0.3153,0.3149,0.3153,4687.41
2025-01-15 09:35:00,0.3152,0.3154,0.3152,0.3153,7797.41
2025-01-15 09:36:00,0.3152,0.3152,0.3148,0.3148,7433.26
2025-01-15 09:37:00,0.3149,0.3149,0.3143,0.3143,18763.14
2025-01-15 09:38:00,0.3142,0.3144,0.3141,0.3142,15459.15
2025-01-15 09:39:00,0.3143,0.3143,0.3141,0.3142,25511.1
2025-01-15 09:40:00,0.3143,0.3146,0.3142,0.3142,18204.94
2025-01-15 09:41:00,0.3142,0.3144,0.3142,0.3144,12307.04
2025-01-15 09:42:00,0.3145,0.3146,0.3143,0.3146,3634.07
2025-01-15 09:43:00,0.3144,0.3148,0.3144,0.3145,2822.16
2025-01-15 09:44:00,0.3144,0.3145,0.3143,0.3144,13949.3
2025-01-15 09:45:00,0.3144,0.3147,0.3144,0.3147,1951.59
2025-01-15 09:46:00,0.3145,0.3146,0.3139,0.3139,34028.72
2025-01-15 09:47:00,0.3137,0.3138,0.3132,0.3132,41535.52
2025-01-15 09:48:00,0.3133,0.3134,0.313,0.313,50704.38
2025-01-15 09:49:00,0.3131,0.3134,0.3129,0.3129,36451.15
2025-01-15 09:50:00,0.3128,0.3129,0.3125,0.3125,27727.72
2025-01-15 09:51:00,0.3125,0.3125,0.312,0.3121,44497.07
2025-01-15 09:52:00,0.3122,0.3125,0.3118,0.3118,11948.6
2025-01-15 09:53:00,0.312,0.3129,0.312,0.3126,21514.91
2025-01-15 09:54:00,0.3124,0.3124,0.3121,0.3122,14035.2
2025-01-15 09:55:00,0.3123,0.3123,0.312,0.3121,59525.74
2025-01-15 09:56:00,0.3122,0.3124,0.312,0.3124,14897.81
2025-01-15 09:57:00,0.3125,0.3125,0.3122,0.3122,22147.36
2025-01-15 09:58:00,0.3124,0.3126,0.3122,0.3124,59778.2
2025-01-15 09:59:00,0.3122,0.3124,0.3121,0.3121,9195.44
2025-01-15 10:00:00,0.3121,0.313,0.3121,0.3129,45556.7
2025-01-15 10:01:00,0.3129,0.3132,0.3128,0.3129,10922.4
2025-01-15 10:02:00,0.3124,0.3132,0.3123,0.313,21676.66
2025-01-15 10:03:00,0.3132,0.3132,0.3131,0.3131,46813.68
2025-01-15 10:04:00,0.313,0.3133,0.313,0.3133,1811.8
2025-01-15 10:05:00,0.3132,0.3137,0.3131,0.3137,2009.42
2025-01-15 10:06:00,0.3136,0.3137,0.3136,0.3136,4493.03
2025-01-15 10:07:00,0.3137,0.3138,0.3136,0.3138,5794.03
2025-01-15 10:08:00,0.3138,0.3138,0.3138,0.3138,0.0
2025-01-15 10:09:00,0.3139,0.3139,0.3138,0.3139,2855.34
2025-01-15 10:10:00,0.3136,0.3138,0.3135,0.3136,8521.52
2025-01-15 10:11:00,0.3135,0.3136,0.3131,0.3132,3056.29
2025-01-15 10:12:00,0.3133,0.3137,0.3132,0.3133,23380.37
2025-01-15 10:13:00,0.3134,0.3137,0.3134,0.3136,9013.29
2025-01-15 10:14:00,0.3136,0.3136,0.3132,0.3132,6143.77
2025-01-15 10:15:00,0.313,0.3133,0.313,0.3133,13524.31
2025-01-15 10:16:00,0.3132,0.3136,0.3131,0.3136,18629.89
2025-01-15 10:17:00,0.3134,0.3134,0.3129,0.3129,4147.8
2025-01-15 10:18:00,0.3127,0.3127,0.3126,0.3126,313.35
2025-01-15 10:19:00,0.3127,0.3128,0.3127,0.3128,1261.63
2025-01-15 10:20:00,0.313,0.3135,0.3129,0.3135,11961.83
2025-01-15 10:21:00,0.3135,0.314,0.3135,0.314,46434.62
2025-01-15 10:22:00,0.314,0.3141,0.314,0.3141,958.7
2025-01-15 10:23:00,0.3141,0.3144,0.3141,0.3144,4822.95
2025-01-15 10:24:00,0.3144,0.3145,0.3143,0.3145,9271.43
2025-01-15 10:25:00,0.3145,0.3147,0.3144,0.3147,11237.8
2025-01-15 10:26:00,0.3147,0.3147,0.3147,0.3147,3372.54
2025-01-15 10:27:00,0.3148,0.315,0.3148,0.3148,15206.28
2025-01-15 10:28:00,0.3147,0.3147,0.3146,0.3146,11947.1
2025-01-15 10:29:00,0.3144,0.3146,0.3144,0.3146,3915.48
2025-01-15 10:30:00,0.3147,0.315,0.3143,0.3145,79924.56
2025-01-15 10:31:00,0.3146,0.3146,0.3141,0.3141,1419.39
2025-01-15 10:32:00,0.314,0.3146,0.3139,0.3146,14649.62
2025-01-15 10:33:00,0.3142,0.3142,0.3142,0.3142,374.79
2025-01-15 10:34:00,0.3141,0.3141,0.314,0.3141,17671.89
2025-01-15 10:35:00,0.3143,0.3143,0.3137,0.3137,4567.07
2025-01-15 10:36:00,0.3137,0.3142,0.3137,0.3141,3535.85
2025-01-15 10:37:00,0.3141,0.3141,0.3139,0.3139,1780.16
2025-01-15 10:38:00,0.314,0.3141,0.3138,0.3138,1461.47
2025-01-15 10:39:00,0.3138,0.3141,0.3138,0.3141,1955.46
2025-01-15 10:40:00,0.314,0.314,0.3136,0.3136,1352.38
2025-01-15 10:41:00,0.3137,0.3137,0.3129,0.3129,1927.01
2025-01-15 10:42:00,0.313,0.3131,0.313,0.3131,3632.54
2025-01-15 10:43:00,0.313,0.3134,0.313,0.3131,16472.15
2025-01-15 10:44:00,0.3133,0.3133,0.3133,0.3133,275.7
2025-01-15 10:45:00,0.3135,0.3135,0.3133,0.3133,1399.67
2025-01-15 10:46:00,0.3134,0.3135,0.3134,0.3134,1052.45
2025-01-15 10:47:00,0.3134,0.3134,0.3133,0.3133,2510.38
2025-01-15 10:48:00,0.3136,0.3139,0.3136,0.3136,3819.06
2025-01-15 10:49:00,0.3136,0.3137,0.3132,0.3132,2298.71
2025-01-15 10:50:00,0.3132,0.3134,0.3132,0.3132,16319.09
2025-01-15 10:51:00,0.3133,0.3133,0.313,0.313,1364.18
2025-01-15 10:52:00,0.3129,0.3129,0.3129,0.3129,31.95
2025-01-15 10:53:00,0.3132,0.3132,0.3131,0.3131,351.98
2025-01-15 10:54:00,0.3129,0.3131,0.3128,0.3129,10224.4
2025-01-15 10:55:00,0.313,0.3131,0.3129,0.3129,1292.0
2025-01-15 10:56:00,0.3129,0.313,0.3125,0.3125,6235.17
2025-01-15 10:57:00,0.3123,0.3123,0.3122,0.3122,1437.38
2025-01-15 10:58:00,0.3127,0.3129,0.3127,0.3128,6181.43
2025-01-15 10:59:00,0.313,0.313,0.313,0.313,958.46
2025-01-15 11:00:00,0.3131,0.3131,0.3127,0.3128,7479.66
2025-01-15 11:01:00,0.3126,0.3126,0.3118,0.312,16922.28
2025-01-15 11:02:00,0.312,0.312,0.3119,0.3119,8182.95
2025-01-15 11:03:00,0.3119,0.3121,0.3118,0.3119,12097.3
2025-01-15 11:04:00,0.3118,0.3118,0.3115,0.3116,7638.33
2025-01-15 11:05:00,0.312,0.3121,0.312,0.3121,1254.37
2025-01-15 11:06:00,0.3121,0.3121,0.3119,0.3119,6096.75
2025-01-15 11:07:00,0.3119,0.3119,0.3113,0.3113,13497.58
2025-01-15 11:08:00,0.3114,0.3115,0.3109,0.3109,11698.39
2025-01-15 11:09:00,0.3109,0.3109,0.3102,0.3104,93796.96
2025-01-15 11:10:00,0.3105,0.3109,0.31,0.3108,117541.83
2025-01-15 11:11:00,0.3108,0.3112,0.3106,0.3106,18102.29
2025-01-15 11:12:00,0.3107,0.3109,0.3107,0.3109,20013.7
2025-01-15 11:13:00,0.3109,0.3109,0.3106,0.3107,12853.23
2025-01-15 11:14:00,0.3108,0.3113,0.3108,0.3112,7028.27
2025-01-15 11:15:00,0.3112,0.3114,0.3109,0.3109,84043.9
2025-01-15 11:16:00,0.3106,0.3108,0.3098,0.3101,35461.17
2025-01-15 11:17:00,0.3101,0.3105,0.3101,0.3101,29546.5
2025-01-15 11:18:00,0.31,0.3101,0.3095,0.31,29057.65
2025-01-15 11:19:00,0.3099,0.31,0.3097,0.31,22671.47
2025-01-15 11:20:00,0.3098,0.3102,0.3098,0.3098,22207.76
2025-01-15 11:21:00,0.31,0.3107,0.31,0.3103,8510.31
2025-01-15 11:22:00,0.3102,0.3103,0.3096,0.3098,8535.41
2025-01-15 11:23:00,0.3098,0.31,0.3095,0.31,25608.17
2025-01-15 11:24:00,0.31,0.3103,0.3095,0.3095,3127.85
2025-01-15 11:25:00,0.3095,0.3098,0.3095,0.3095,4719.91
2025-01-15 11:26:00,0.3094,0.3103,0.3094,0.3103,38204.1
2025-01-15 11:27:00,0.3104,0.3106,0.3101,0.3105,6938.95
2025-01-15 11:28:00,0.3105,0.3106,0.3099,0.31,14935.4
2025-01-15 11:29:00,0.31,0.3102,0.3098,0.3102,2095.11
2025-01-15 11:30:00,0.3104,0.3107,0.3102,0.3102,4065.88
2025-01-15 11:31:00,0.3103,0.3106,0.3102,0.3106,4447.84
2025-01-15 11:32:00,0.3104,0.3104,0.3096,0.3096,5415.02
2025-01-15 11:33:00,0.3094,0.3095,0.3092,0.3092,4287.4
2025-01-15 11:34:00,0.3093,0.3105,0.3093,0.3103,12964.41
2025-01-15 11:35:00,0.3104,0.3104,0.3097,0.3102,6541.41
2025-01-15 11:36:00,0.3101,0.3109,0.3101,0.3109,3505.4
2025-01-15 11:37:00,0.3109,0.3111,0.3108,0.3111,3114.65
2025-01-15 11:38:00,0.311,0.3111,0.3108,0.311,9726.62
2025-01-15 11:39:00,0.3109,0.311,0.3107,0.3109,4775.57
2025-01-15 11:40:00,0.3109,0.3109,0.3105,0.3105,3540.39
2025-01-15 11:41:00,0.3105,0.3105,0.3104,0.3105,1906.2
2025-01-15 11:42:00,0.3105,0.3107,0.3105,0.3107,1720.52
2025-01-15 11:43:00,0.3107,0.3108,0.3107,0.3107,4280.26
2025-01-15 11:44:00,0.3106,0.3106,0.3104,0.3105,1700.09
2025-01-15 11:45:00,0.3104,0.3107,0.3101,0.3107,4130.07
2025-01-15 11:46:00,0.311,0.3111,0.311,0.3111,1019.71
2025-01-15 11:47:00,0.3111,0.3118,0.3109,0.3118,64047.01
2025-01-15 11:48:00,0.3117,0.3117,0.3115,0.3115,7569.3
2025-01-15 11:49:00,0.3114,0.3116,0.3113,0.3116,5038.95
2025-01-15 11:50:00,0.3116,0.3121,0.3115,0.3121,14711.3
2025-01-15 11:51:00,0.3118,0.3118,0.3114,0.3115,4350.24
2025-01-15 11:52:00,0.3114,0.3119,0.3114,0.3119,3124.39
2025-01-15 11:53:00,0.312,0.312,0.3115,0.3116,1897.43
2025-01-15 11:54:00,0.3115,0.3115,0.3115,0.3115,100.0
2025-01-15 11:55:00,0.3117,0.3117,0.3116,0.3116,593.41
2025-01-15 11:56:00,0.3118,0.3118,0.3117,0.3117,139.34
2025-01-15 11:57:00,0.3115,0.3115,0.3114,0.3114,6449.24
2025-01-15 11:58:00,0.3116,0.3116,0.3112,0.3116,64966.54
2025-01-15 11:59:00,0.3116,0.3116,0.3116,0.3116,1451.1
2025-01-15 12:00:00,0.3117,0.3122,0.3116,0.312,26917.56
2025-01-15 12:01:00,0.3116,0.3116,0.3114,0.3116,20220.06
2025-01-15 12:02:00,0.3115,0.3115,0.3108,0.311,53233.58
2025-01-15 12:03:00,0.3109,0.3109,0.3103,0.3103,22184.71
2025-01-15 12:04:00,0.3103,0.3103,0.3101,0.3102,11128.62
2025-01-15 12:05:00,0.3106,0.3106,0.3103,0.3104,12302.39
2025-01-15 12:06:00,0.3107,0.311,0.3107,0.3109,3035.46
2025-01-15 12:07:00,0.3107,0.3114,0.3107,0.3114,3462.2
2025-01-15 12:08:00,0.3111,0.3111,0.3105,0.3106,1678.52
2025-01-15 12:09:00,0.3104,0.3106,0.3102,0.3104,4792.79
2025-01-15 12:10:00,0.3104,0.3104,0.31,0.3101,3172.09
2025-01-15 12:11:00,0.3102,0.3104,0.3102,0.3104,4176.26
2025-01-15 12:12:00,0.3103,0.3104,0.3101,0.3104,3107.42
2025-01-15 12:13:00,0.3104,0.3104,0.3102,0.3103,2120.68
2025-01-15 12:14:00,0.3101,0.3103,0.3101,0.3103,1896.21
2025-01-15 12:15:00,0.3103,0.3105,0.3098,0.3098,9996.25
2025-01-15 12:16:00,0.3098,0.3102,0.3098,0.3101,5276.63
2025-01-15 12:17:00,0.3101,0.3101,0.3098,0.3098,338.62
2025-01-15 12:18:00,0.3099,0.3099,0.3098,0.3098,5876.63
2025-01-15 12:19:00,0.3097,0.3098,0.3096,0.3098,2675.1
2025-01-15 12:20:00,0.31,0.3104,0.3099,0.3104,3672.31
2025-01-15 12:21:00,0.3102,0.3102,0.3099,0.3099,3192.66
2025-01-15 12:22:00,0.3095,0.3095,0.3095,0.3095,9872.98
2025-01-15 12:23:00,0.3097,0.3097,0.3094,0.3095,9096.82
2025-01-15 12:24:00,0.3095,0.3098,0.3094,0.3098,4340.74
2025-01-15 12:25:00,0.3095,0.3095,0.3095,0.3095,2966.3
2025-01-15 12:26:00,0.3094,0.3095,0.3094,0.3095,1544.3
2025-01-15 12:27:00,0.3099,0.3102,0.3099,0.31,2343.05
2025-01-15 12:28:00,0.3097,0.3097,0.3093,0.3095,60660.22
2025-01-15 12:29:00,0.3093,0.3096,0.3091,0.3096,1472.39
2025-01-15 12:30:00,0.3097,0.3099,0.3097,0.3098,2376.22
2025-01-15 12:31:00,0.3098,0.31,0.3096,0.3096,22151.95
2025-01-15 12:32:00,0.31,0.3105,0.31,0.3103,9338.09
2025-01-15 12:33:00,0.3103,0.3104,0.3101,0.3103,29062.54
2025-01-15 12:34:00,0.3104,0.3104,0.3098,0.3098,25974.9
2025-01-15 12:35:00,0.31,0.3105,0.31,0.3105,457.72
2025-01-15 12:36:00,0.3108,0.3114,0.3107,0.3112,77185.59
2025-01-15 12:37:00,0.3111,0.3113,0.3111,0.3113,4881.32
2025-01-15 12:38:00,0.3113,0.3114,0.3113,0.3114,2684.68
2025-01-15 12:39:00,0.3113,0.3121,0.3113,0.3119,10701.87
2025-01-15 12:40:00,0.312,0.3122,0.3119,0.3122,936.4
2025-01-15 12:41:00,0.3122,0.3129,0.3122,0.3124,18923.81
2025-01-15 12:42:00,0.312,0.3121,0.312,0.3121,1481.18
2025-01-15 12:43:00,0.3121,0.3124,0.3121,0.3122,371.14
2025-01-15 12:44:00,0.3121,0.3121,0.3118,0.3118,2551.13
2025-01-15 12:45:00,0.3116,0.3116,0.3115,0.3115,993.9
2025-01-15 12:46:00,0.3113,0.3113,0.311,0.311,1817.49
2025-01-15 12:47:00,0.3111,0.3112,0.3109,0.3109,7455.25
2025-01-15 12:48:00,0.3108,0.3108,0.3107,0.3107,2497.5
2025-01-15 12:49:00,0.3109,0.3109,0.3109,0.3109,80.6
2025-01-15 12:50:00,0.3108,0.3109,0.3108,0.3109,3888.37
2025-01-15 12:51:00,0.311,0.3112,0.3109,0.3109,5364.12
2025-01-15 12:52:00,0.3109,0.3109,0.3109,0.3109,1037.96
2025-01-15 12:53:00,0.311,0.311,0.3109,0.3109,1596.91
2025-01-15 12:54:00,0.311,0.311,0.311,0.311,60.0
2025-01-15 12:55:00,0.311,0.3111,0.3108,0.3111,1398.78
2025-01-15 12:56:00,0.3111,0.3111,0.311,0.311,1153.82
2025-01-15 12:57:00,0.3107,0.3107,0.3106,0.3106,4619.4
2025-01-15 12:58:00,0.3106,0.3106,0.3106,0.3106,700.67
2025-01-15 12:59:00,0.3107,0.3108,0.3107,0.3108,1641.1
2025-01-15 13:00:00,0.3109,0.3111,0.3109,0.311,2595.04
2025-01-15 13:01:00,0.3111,0.3115,0.311,0.3115,25624.85
2025-01-15 13:02:00,0.3118,0.3118,0.3118,0.3118,224.5
2025-01-15 13:03:00,0.3118,0.312,0.3118,0.312,2972.0
2025-01-15 13:04:00,0.312,0.3121,0.312,0.312,1056.31
2025-01-15 13:05:00,0.3118,0.3118,0.3116,0.3116,1662.54
2025-01-15 13:06:00,0.3115,0.3117,0.3114,0.3117,3038.16
2025-01-15 13:07:00,0.3116,0.3116,0.3113,0.3113,1868.37
2025-01-15 13:08:00,0.3114,0.3115,0.3113,0.3115,4146.33
2025-01-15 13:09:00,0.3115,0.3117,0.3115,0.3117,1124.81
2025-01-15 13:10:00,0.3117,0.312,0.3114,0.312,4873.45
2025-01-15 13:11:00,0.3119,0.3119,0.3119,0.3119,2544.63
2025-01-15 13:12:00,0.3117,0.3121,0.3117,0.312,8959.97
2025-01-15 13:13:00,0.3119,0.3119,0.3119,0.3119,4751.18
2025-01-15 13:14:00,0.3119,0.3119,0.3119,0.3119,351.77
2025-01-15 13:15:00,0.3113,0.3113,0.3107,0.3107,2682.39
2025-01-15 13:16:00,0.3107,0.3114,0.3107,0.3113,9236.17
2025-01-15 13:17:00,0.3113,0.3113,0.3112,0.3113,576.41
2025-01-15 13:18:00,0.3113,0.3114,0.3113,0.3114,2402.54
2025-01-15 13:19:00,0.3118,0.3118,0.3115,0.3116,2198.53
2025-01-15 13:20:00,0.3117,0.3117,0.3117,0.3117,2000.0
2025-01-15 13:21:00,0.3118,0.3119,0.3118,0.3118,6429.8
2025-01-15 13:22:00,0.3119,0.312,0.3116,0.3116,1524.0
2025-01-15 13:23:00,0.3116,0.3121,0.3116,0.3121,2723.22
2025-01-15 13:24:00,0.3122,0.3123,0.3121,0.3121,8156.54
2025-01-15 13:25:00,0.3125,0.3127,0.3125,0.3125,1119.72
2025-01-15 13:26:00,0.3126,0.313,0.3125,0.313,10077.13
2025-01-15 13:27:00,0.313,0.3134,0.3128,0.3132,20778.69
2025-01-15 13:28:00,0.3132,0.3133,0.3128,0.3128,14920.14
2025-01-15 13:29:00,0.3128,0.3128,0.312,0.3122,24127.22
2025-01-15 13:30:00,0.3123,0.3214,0.3122,0.3191,671853.83
2025-01-15 13:31:00,0.3194,0.3204,0.3178,0.3188,656974.37
2025-01-15 13:32:00,0.3189,0.3208,0.3186,0.3205,234419.23
2025-01-15 13:33:00,0.3204,0.3215,0.3201,0.3215,216467.31
2025-01-15 13:34:00,0.321,0.3218,0.3203,0.3212,115331.92
2025-01-15 13:35:00,0.3209,0.3212,0.3184,0.3201,256231.6
2025-01-15 13:36:00,0.3202,0.3207,0.3191,0.3192,164860.03
2025-01-15 13:37:00,0.3191,0.3207,0.3184,0.3207,139239.45
2025-01-15 13:38:00,0.3205,0.3212,0.3196,0.3205,54976.22
2025-01-15 13:39:00,0.3206,0.3214,0.3196,0.3214,76530.53
2025-01-15 13:40:00,0.3212,0.3217,0.3209,0.3217,35750.23
2025-01-15 13:41:00,0.3216,0.3221,0.321,0.3213,34815.24
2025-01-15 13:42:00,0.3212,0.3213,0.3204,0.3204,33418.9
2025-01-15 13:43:00,0.3201,0.3213,0.3196,0.3208,38052.67
2025-01-15 13:44:00,0.3209,0.3213,0.3208,0.3213,18760.91
2025-01-15 13:45:00,0.3214,0.3222,0.3214,0.3222,28607.03
2025-01-15 13:46:00,0.3223,0.3231,0.3223,0.3227,67574.3
2025-01-15 13:47:00,0.3226,0.3232,0.3226,0.3232,45851.72
2025-01-15 13:48:00,0.3233,0.3241,0.3233,0.324,93227.48
2025-01-15 13:49:00,0.324,0.3242,0.3236,0.324,77101.72
2025-01-15 13:50:00,0.3241,0.3249,0.3238,0.3244,109936.89
2025-01-15 13:51:00,0.3245,0.3248,0.3233,0.3234,32502.55
2025-01-15 13:52:00,0.3232,0.3236,0.3225,0.3227,24494.81
2025-01-15 13:53:00,0.3226,0.3227,0.3221,0.3224,50847.34
2025-01-15 13:54:00,0.3224,0.3226,0.3221,0.3226,58252.62
2025-01-15 13:55:00,0.3227,0.3236,0.3227,0.3232,26598.26
2025-01-15 13:56:00,0.3234,0.3241,0.3234,0.324,34041.33
2025-01-15 13:57:00,0.3243,0.3243,0.3238,0.3242,15835.42
2025-01-15 13:58:00,0.3245,0.3251,0.3243,0.3251,107687.16
2025-01-15 13:59:00,0.3251,0.3256,0.325,0.3254,80510.34
2025-01-15 14:00:00,0.3254,0.3268,0.3254,0.3268,32349.06
2025-01-15 14:01:00,0.3266,0.3271,0.3258,0.3269,34546.65
2025-01-15 14:02:00,0.327,0.3273,0.3266,0.3273,23829.61
2025-01-15 14:03:00,0.3272,0.3274,0.3261,0.3261,28494.93
2025-01-15 14:04:00,0.3262,0.3277,0.3256,0.3277,46975.18
2025-01-15 14:05:00,0.3273,0.3285,0.3269,0.3285,54467.19
2025-01-15 14:06:00,0.3285,0.3294,0.3281,0.3281,73309.24
2025-01-15 14:07:00,0.328,0.3286,0.3275,0.3275,75215.03
2025-01-15 14:08:00,0.3275,0.3293,0.3275,0.3293,57262.05
2025-01-15 14:09:00,0.3294,0.33,0.3286,0.3287,62484.87
2025-01-15 14:10:00,0.3286,0.3287,0.3271,0.3277,19423.84
2025-01-15 14:11:00,0.3274,0.3285,0.3274,0.3279,66296.96
2025-01-15 14:12:00,0.3276,0.3281,0.3265,0.3265,17315.01
2025-01-15 14:13:00,0.3265,0.3267,0.3257,0.3265,73390.01
2025-01-15 14:14:00,0.3264,0.3264,0.3249,0.326,62433.6
2025-01-15 14:15:00,0.3258,0.3261,0.3248,0.3248,35325.37
2025-01-15 14:16:00,0.3246,0.3248,0.3236,0.3238,70594.27
2025-01-15 14:17:00,0.324,0.3243,0.3235,0.3235,16501.53
2025-01-15 14:18:00,0.3235,0.3243,0.3229,0.3242,41123.64
2025-01-15 14:19:00,0.3241,0.3245,0.3237,0.324,62712.34
2025-01-15 14:20:00,0.3241,0.3257,0.3241,0.3256,45582.74
2025-01-15 14:21:00,0.3255,0.3259,0.3254,0.3256,8810.7
2025-01-15 14:22:00,0.3256,0.3257,0.3252,0.3257,7137.32
2025-01-15 14:23:00,0.3253,0.3255,0.3246,0.3253,6977.62
2025-01-15 14:24:00,0.3254,0.3263,0.3251,0.3261,18377.84
2025-01-15 14:25:00,0.3263,0.3269,0.326,0.3263,36693.96
2025-01-15 14:26:00,0.3264,0.3264,0.3257,0.3257,7566.85
2025-01-15 14:27:00,0.3253,0.3253,0.3249,0.3249,3326.76
2025-01-15 14:28:00,0.3248,0.3249,0.3242,0.3243,16262.63
2025-01-15 14:29:00,0.3244,0.3249,0.3244,0.3249,11388.19
2025-01-15 14:30:00,0.3244,0.3254,0.3244,0.3248,27333.95
2025-01-15 14:31:00,0.3252,0.3267,0.325,0.3267,43285.0
2025-01-15 14:32:00,0.3266,0.3275,0.3264,0.327,32285.73
2025-01-15 14:33:00,0.3269,0.3275,0.3266,0.3267,53217.58
2025-01-15 14:34:00,0.327,0.3272,0.3262,0.3264,32869.2
2025-01-15 14:35:00,0.3265,0.3271,0.3258,0.3258,44395.04
2025-01-15 14:36:00,0.3256,0.3266,0.3254,0.3262,39527.04
2025-01-15 14:37:00,0.3262,0.3264,0.3245,0.3248,63406.13
2025-01-15 14:38:00,0.3247,0.3253,0.3246,0.3251,35597.37
2025-01-15 14:39:00,0.3252,0.3261,0.3252,0.326,21504.46
2025-01-15 14:40:00,0.3261,0.3263,0.3257,0.3259,19268.92
2025-01-15 14:41:00,0.3254,0.3255,0.3252,0.3255,5726.53
2025-01-15 14:42:00,0.3262,0.3265,0.3257,0.3263,7594.98
2025-01-15 14:43:00,0.3262,0.3266,0.3261,0.3266,5322.72
2025-01-15 14:44:00,0.3268,0.327,0.3267,0.3267,13282.35
2025-01-15 14:45:00,0.3268,0.3268,0.326,0.3264,16387.61
2025-01-15 14:46:00,0.3262,0.3265,0.3255,0.3256,42907.41
2025-01-15 14:47:00,0.3257,0.3271,0.3257,0.3269,11908.41
2025-01-15 14:48:00,0.3265,0.3268,0.3263,0.3265,14026.93
2025-01-15 14:49:00,0.3269,0.3274,0.3269,0.3272,2629.29
2025-01-15 14:50:00,0.3271,0.3271,0.3264,0.3268,5407.19
2025-01-15 14:51:00,0.327,0.3277,0.327,0.3277,26342.59
2025-01-15 14:52:00,0.3274,0.328,0.3274,0.3278,4375.0
2025-01-15 14:53:00,0.3275,0.3278,0.3273,0.3278,9459.68
2025-01-15 14:54:00,0.3279,0.3284,0.3279,0.3282,6641.11
2025-01-15 14:55:00,0.3281,0.3282,0.3274,0.3276,12672.31
2025-01-15 14:56:00,0.3281,0.3286,0.328,0.3286,34014.82
2025-01-15 14:57:00,0.3286,0.3291,0.3285,0.3286,16873.06
2025-01-15 14:58:00,0.3287,0.329,0.3285,0.3288,9414.76
2025-01-15 14:59:00,0.3288,0.3293,0.3288,0.3292,17547.42
2025-01-15 15:00:00,0.3289,0.3304,0.3289,0.3303,54237.23
2025-01-15 15:01:00,0.3303,0.3305,0.3296,0.3304,26006.38
2025-01-15 15:02:00,0.3304,0.3304,0.3297,0.3304,26345.81
2025-01-15 15:03:00,0.3303,0.3308,0.3302,0.3302,21319.42
2025-01-15 15:04:00,0.33,0.33,0.3291,0.3292,19814.92
2025-01-15 15:05:00,0.3295,0.3305,0.3291,0.3292,88472.82
2025-01-15 15:06:00,0.3292,0.3292,0.3282,0.3282,12808.76
2025-01-15 15:07:00,0.3282,0.3291,0.3281,0.3287,3084.0
2025-01-15 15:08:00,0.3287,0.3297,0.3287,0.3296,11810.75
2025-01-15 15:09:00,0.3296,0.3296,0.3284,0.3284,17116.34
2025-01-15 15:10:00,0.3283,0.3295,0.3277,0.3295,22772.53
2025-01-15 15:11:00,0.3295,0.3296,0.3291,0.3291,19167.76
2025-01-15 15:12:00,0.3288,0.3293,0.3287,0.3288,9287.11
2025-01-15 15:13:00,0.3291,0.3292,0.329,0.3292,1818.06
2025-01-15 15:14:00,0.329,0.3291,0.3287,0.3287,8935.78
2025-01-15 15:15:00,0.3286,0.3297,0.3285,0.3297,20052.36
2025-01-15 15:16:00,0.3296,0.3297,0.3292,0.3294,16732.8
2025-01-15 15:17:00,0.3292,0.3302,0.3289,0.3302,23657.02
2025-01-15 15:18:00,0.33,0.33,0.3288,0.3293,17608.49
2025-01-15 15:19:00,0.329,0.329,0.3283,0.3283,26974.54
2025-01-15 15:20:00,0.3281,0.3282,0.3275,0.3275,49378.32
2025-01-15 15:21:00,0.3275,0.3288,0.3275,0.3288,39262.65
2025-01-15 15:22:00,0.3288,0.329,0.3278,0.3278,20376.86
2025-01-15 15:23:00,0.3277,0.3282,0.3277,0.3281,33738.4
2025-01-15 15:24:00,0.3282,0.3292,0.3282,0.3289,11524.62
2025-01-15 15:25:00,0.3289,0.3289,0.3287,0.3288,23341.76
2025-01-15 15:26:00,0.3285,0.329,0.3285,0.3288,3900.7
2025-01-15 15:27:00,0.3291,0.3298,0.3291,0.3298,25658.25
2025-01-15 15:28:00,0.3297,0.3301,0.3295,0.3301,64386.72
2025-01-15 15:29:00,0.3302,0.3308,0.3302,0.3306,35268.48
2025-01-15 15:30:00,0.3304,0.3305,0.3294,0.3299,25080.51
2025-01-15 15:31:00,0.3294,0.3305,0.3294,0.3305,17916.27
2025-01-15 15:32:00,0.3305,0.3317,0.3301,0.3317,64823.73
2025-01-15 15:33:00,0.3314,0.3317,0.3307,0.3311,16337.86
2025-01-15 15:34:00,0.3312,0.3315,0.331,0.3314,8212.97
2025-01-15 15:35:00,0.3314,0.3321,0.331,0.331,34767.69
2025-01-15 15:36:00,0.331,0.331,0.33,0.33,28800.44
2025-01-15 15:37:00,0.3299,0.3315,0.3299,0.3314,23431.34
2025-01-15 15:38:00,0.3315,0.3319,0.3314,0.3317,14973.39
2025-01-15 15:39:00,0.3319,0.3319,0.3309,0.3309,12950.14
2025-01-15 15:40:00,0.3309,0.3309,0.3304,0.3304,14305.51
2025-01-15 15:41:00,0.3305,0.3307,0.33,0.3302,118199.22
2025-01-15 15:42:00,0.3302,0.3307,0.3301,0.3302,21680.47
2025-01-15 15:43:00,0.3303,0.3304,0.33,0.33,25280.2
2025-01-15 15:44:00,0.33,0.3304,0.33,0.3302,18243.86
2025-01-15 15:45:00,0.3305,0.3312,0.3305,0.3309,12001.77
2025-01-15 15:46:00,0.3305,0.3311,0.3302,0.3304,3120.4
2025-01-15 15:47:00,0.3302,0.3304,0.3295,0.3295,4200.68
2025-01-15 15:48:00,0.3297,0.3304,0.3297,0.3304,34694.66
2025-01-15 15:49:00,0.3302,0.3303,0.3296,0.3301,34119.9
2025-01-15 15:50:00,0.3299,0.3299,0.3295,0.3298,15036.27
2025-01-15 15:51:00,0.3297,0.3297,0.329,0.3293,8574.09
2025-01-15 15:52:00,0.3291,0.3293,0.3285,0.3293,24754.79
2025-01-15 15:53:00,0.3295,0.3296,0.3289,0.3291,6417.07
2025-01-15 15:54:00,0.3293,0.3293,0.3289,0.329,8839.92
2025-01-15 15:55:00,0.3291,0.3294,0.329,0.3294,11755.87
2025-01-15 15:56:00,0.3297,0.3297,0.3291,0.3292,1364.72
2025-01-15 15:57:00,0.3291,0.3291,0.3289,0.3291,3024.5
2025-01-15 15:58:00,0.3289,0.3289,0.3285,0.3288,10270.23
2025-01-15 15:59:00,0.3286,0.3286,0.3283,0.3285,2487.88
2025-01-15 16:00:00,0.3287,0.3299,0.3287,0.3298,33836.09
2025-01-15 16:01:00,0.3297,0.3298,0.3292,0.3298,22058.3
2025-01-15 16:02:00,0.3301,0.3307,0.3301,0.3307,5002.99
2025-01-15 16:03:00,0.3309,0.3309,0.3305,0.3308,29363.07
2025-01-15 16:04:00,0.3307,0.3313,0.3304,0.3313,61150.13
2025-01-15 16:05:00,0.3312,0.332,0.3312,0.332,14071.36
2025-01-15 16:06:00,0.3321,0.3321,0.3316,0.3316,12933.51
2025-01-15 16:07:00,0.3316,0.3318,0.3312,0.3316,13927.25
2025-01-15 16:08:00,0.3316,0.3316,0.3306,0.3308,24564.97
2025-01-15 16:09:00,0.3309,0.332,0.3307,0.332,15553.66
2025-01-15 16:10:00,0.3321,0.3321,0.3319,0.3321,4707.47
2025-01-15 16:11:00,0.3324,0.3326,0.3323,0.3324,11673.68
2025-01-15 16:12:00,0.3325,0.3325,0.3323,0.3325,11362.68
2025-01-15 16:13:00,0.3326,0.3327,0.3324,0.3325,14796.76
2025-01-15 16:14:00,0.3325,0.3325,0.3323,0.3323,16236.53
2025-01-15 16:15:00,0.3323,0.3326,0.3322,0.3326,30525.34
2025-01-15 16:16:00,0.3325,0.3325,0.332,0.3321,5305.41
2025-01-15 16:17:00,0.3321,0.3322,0.3315,0.3322,2708.3
2025-01-15 16:18:00,0.3324,0.3327,0.332,0.3327,4289.61
2025-01-15 16:19:00,0.3327,0.3328,0.3317,0.3319,32110.29
2025-01-15 16:20:00,0.3317,0.3317,0.3309,0.3309,23094.76
2025-01-15 16:21:00,0.3314,0.3317,0.3312,0.3317,12442.87
2025-01-15 16:22:00,0.3316,0.3323,0.3316,0.3322,6928.14
2025-01-15 16:23:00,0.3327,0.3328,0.3324,0.3325,9184.21
2025-01-15 16:24:00,0.3323,0.3323,0.3317,0.3319,4617.98
2025-01-15 16:25:00,0.3319,0.3324,0.3319,0.3323,5312.93
2025-01-15 16:26:00,0.3325,0.3331,0.3325,0.333,26009.45
2025-01-15 16:27:00,0.3329,0.3334,0.3328,0.3332,10118.3
2025-01-15 16:28:00,0.3332,0.3334,0.333,0.3334,7212.3
2025-01-15 16:29:00,0.3334,0.3336,0.3334,0.3335,3540.46
2025-01-15 16:30:00,0.3335,0.3335,0.3326,0.3332,14661.91
2025-01-15 16:31:00,0.3332,0.3334,0.3321,0.3321,29366.5
2025-01-15 16:32:00,0.3321,0.3322,0.3313,0.3315,11898.14
2025-01-15 16:33:00,0.3315,0.3323,0.3315,0.3323,8513.0
2025-01-15 16:34:00,0.3321,0.3321,0.3315,0.3316,2760.31
2025-01-15 16:35:00,0.3315,0.3316,0.3313,0.3313,5252.63
2025-01-15 16:36:00,0.3312,0.3321,0.3312,0.3315,15298.24
2025-01-15 16:37:00,0.3316,0.3316,0.331,0.331,8630.49
2025-01-15 16:38:00,0.3311,0.3319,0.3311,0.3318,3238.18
2025-01-15 16:39:00,0.3322,0.3323,0.3319,0.332,409.42
2025-01-15 16:40:00,0.3323,0.3324,0.3321,0.3321,2369.16
2025-01-15 16:41:00,0.3321,0.3321,0.3318,0.3318,2549.0
2025-01-15 16:42:00,0.3318,0.3318,0.3318,0.3318,45.2
2025-01-15 16:43:00,0.3317,0.3317,0.3315,0.3317,2334.3
2025-01-15 16:44:00,0.3316,0.3316,0.331,0.331,18040.37
2025-01-15 16:45:00,0.3314,0.3317,0.3314,0.3316,874.36
2025-01-15 16:46:00,0.3315,0.3315,0.3307,0.3307,14331.71
2025-01-15 16:47:00,0.3308,0.3312,0.3308,0.331,13217.32
2025-01-15 16:48:00,0.3311,0.3313,0.3311,0.3313,2096.7
2025-01-15 16:49:00,0.3312,0.3314,0.3311,0.3314,1563.98
2025-01-15 16:50:00,0.3314,0.3317,0.3314,0.3317,2572.3
2025-01-15 16:51:00,0.3311,0.3314,0.3311,0.3313,3520.87
2025-01-15 16:52:00,0.3312,0.3312,0.3306,0.3311,7988.38
2025-01-15 16:53:00,0.3311,0.3312,0.3308,0.3308,3184.97
2025-01-15 16:54:00,0.3306,0.3314,0.3306,0.3314,12329.53
2025-01-15 16:55:00,0.3313,0.3314,0.3312,0.3314,3568.03
2025-01-15 16:56:00,0.3311,0.3311,0.3306,0.3307,27524.88
2025-01-15 16:57:00,0.3311,0.3311,0.3309,0.3309,11652.44
2025-01-15 16:58:00,0.3309,0.3313,0.3309,0.3312,16606.83
2025-01-15 16:59:00,0.3311,0.3311,0.3301,0.3302,5453.74
2025-01-15 17:00:00,0.3302,0.3303,0.3298,0.3298,6155.83
2025-01-15 17:01:00,0.3296,0.3306,0.3296,0.3306,13876.73
2025-01-15 17:02:00,0.3306,0.3309,0.3304,0.3309,3250.69
2025-01-15 17:03:00,0.3308,0.3308,0.3299,0.3301,5225.26
2025-01-15 17:04:00,0.3301,0.3306,0.3301,0.3304,958.01
2025-01-15 17:05:00,0.3305,0.3309,0.3301,0.3309,6938.08
2025-01-15 17:06:00,0.3308,0.3312,0.3306,0.3309,1064.91
2025-01-15 17:07:00,0.331,0.331,0.33,0.3303,4098.87
2025-01-15 17:08:00,0.3303,0.3303,0.33,0.3302,10768.25
2025-01-15 17:09:00,0.3305,0.3307,0.3303,0.3307,5725.35
2025-01-15 17:10:00,0.3306,0.3306,0.3301,0.3301,8869.47
2025-01-15 17:11:00,0.3299,0.33,0.3298,0.3299,2631.23
2025-01-15 17:12:00,0.3301,0.3306,0.3301,0.3305,7942.3
2025-01-15 17:13:00,0.3303,0.3306,0.3303,0.3306,3017.15
2025-01-15 17:14:00,0.3307,0.3308,0.3307,0.3307,1488.55
2025-01-15 17:15:00,0.3307,0.3309,0.3307,0.3307,14334.56
2025-01-15 17:16:00,0.3305,0.3308,0.3305,0.3308,3473.0
2025-01-15 17:17:00,0.3307,0.3308,0.3302,0.3302,4378.53
2025-01-15 17:18:00,0.3303,0.3305,0.3301,0.3303,14716.71
2025-01-15 17:19:00,0.3305,0.3306,0.3302,0.3302,2597.1
2025-01-15 17:20:00,0.33,0.3303,0.3299,0.3303,7428.68
2025-01-15 17:21:00,0.3303,0.3306,0.3298,0.3298,17062.12
2025-01-15 17:22:00,0.3296,0.3296,0.3295,0.3296,4719.56
2025-01-15 17:23:00,0.3295,0.3295,0.3292,0.3292,16897.68
2025-01-15 17:24:00,0.3291,0.3299,0.3291,0.3299,21231.83
2025-01-15 17:25:00,0.3298,0.33,0.3298,0.3298,3544.69
2025-01-15 17:26:00,0.33,0.3305,0.33,0.3305,16095.05
2025-01-15 17:27:00,0.3305,0.3307,0.3299,0.33,4094.03
2025-01-15 17:28:00,0.3301,0.3304,0.3301,0.3304,42829.8
2025-01-15 17:29:00,0.3302,0.3303,0.3299,0.33,2432.28
2025-01-15 17:30:00,0.33,0.33,0.3297,0.3297,3282.38
2025-01-15 17:31:00,0.3297,0.3302,0.3295,0.3302,98449.4
2025-01-15 17:32:00,0.3302,0.3308,0.3302,0.3308,14295.69
2025-01-15 17:33:00,0.3308,0.3316,0.3308,0.3313,11077.09
2025-01-15 17:34:00,0.3311,0.3312,0.331,0.331,2370.14
2025-01-15 17:35:00,0.3311,0.3312,0.331,0.3312,3374.31
2025-01-15 17:36:00,0.3313,0.3316,0.3313,0.3314,8468.26
2025-01-15 17:37:00,0.3316,0.3318,0.3312,0.3312,29524.81
2025-01-15 17:38:00,0.3311,0.3311,0.3308,0.331,3700.89
2025-01-15 17:39:00,0.3307,0.3308,0.3305,0.3306,18918.72
2025-01-15 17:40:00,0.3306,0.3311,0.3306,0.331,81583.05
2025-01-15 17:41:00,0.3309,0.331,0.3309,0.3309,7422.14
2025-01-15 17:42:00,0.3309,0.3309,0.3304,0.3306,5879.83
2025-01-15 17:43:00,0.3308,0.3308,0.3306,0.3306,3543.69
2025-01-15 17:44:00,0.3306,0.3306,0.3302,0.3303,26266.42
2025-01-15 17:45:00,0.3305,0.3309,0.3304,0.3309,7142.98
2025-01-15 17:46:00,0.3305,0.3305,0.3295,0.3295,7966.06
2025-01-15 17:47:00,0.3297,0.33,0.3297,0.33,6162.15
2025-01-15 17:48:00,0.3298,0.3298,0.3294,0.3294,2465.7
2025-01-15 17:49:00,0.3295,0.3295,0.3295,0.3295,120.5
2025-01-15 17:50:00,0.3297,0.3297,0.329,0.329,1099.09
2025-01-15 17:51:00,0.329,0.3291,0.3287,0.3289,15703.47
2025-01-15 17:52:00,0.3289,0.329,0.3288,0.3289,1513.92
2025-01-15 17:53:00,0.3288,0.3288,0.3284,0.3284,7585.68
2025-01-15 17:54:00,0.3283,0.3283,0.3281,0.3281,13941.98
2025-01-15 17:55:00,0.3282,0.3283,0.3277,0.3277,48036.72
2025-01-15 17:56:00,0.3277,0.3278,0.3275,0.3278,25341.59
2025-01-15 17:57:00,0.3278,0.3279,0.3276,0.3278,14727.79
2025-01-15 17:58:00,0.3277,0.3282,0.3277,0.3282,5077.84
2025-01-15 17:59:00,0.3282,0.3284,0.328,0.3283,2871.97
2025-01-15 18:00:00,0.3284,0.3291,0.3284,0.329,10285.95
2025-01-15 18:01:00,0.3292,0.3298,0.3292,0.3298,19755.55
2025-01-15 18:02:00,0.3296,0.3298,0.3296,0.3298,4213.15
2025-01-15 18:03:00,0.3299,0.33,0.3299,0.3299,1630.5
2025-01-15 18:04:00,0.3297,0.3297,0.3293,0.3293,5339.68
2025-01-15 18:05:00,0.33,0.3303,0.33,0.3301,1853.71
2025-01-15 18:06:00,0.3299,0.33,0.3298,0.3298,1895.74
2025-01-15 18:07:00,0.3297,0.3297,0.3297,0.3297,75.51
2025-01-15 18:08:00,0.3293,0.3293,0.3291,0.3291,20289.59
2025-01-15 18:09:00,0.3294,0.3295,0.3294,0.3294,6574.19
2025-01-15 18:10:00,0.3293,0.3293,0.329,0.3292,3150.63
2025-01-15 18:11:00,0.3294,0.3297,0.3293,0.3296,4108.05
2025-01-15 18:12:00,0.3296,0.3296,0.3296,0.3296,0.0
2025-01-15 18:13:00,0.3297,0.3297,0.3297,0.3297,278.76
2025-01-15 18:14:00,0.3296,0.3298,0.3296,0.3298,3181.48
2025-01-15 18:15:00,0.3299,0.3308,0.3299,0.3308,14653.11
2025-01-15 18:16:00,0.3305,0.3309,0.3305,0.3309,16139.12
2025-01-15 18:17:00,0.3309,0.331,0.3309,0.331,6848.88
2025-01-15 18:18:00,0.3309,0.3312,0.3309,0.3311,2580.03
2025-01-15 18:19:00,0.3311,0.3312,0.331,0.3312,18763.09
2025-01-15 18:20:00,0.3314,0.3314,0.3313,0.3313,4373.8
2025-01-15 18:21:00,0.3311,0.3311,0.3309,0.3311,7361.05
2025-01-15 18:22:00,0.3311,0.3314,0.3311,0.3312,3848.3
2025-01-15 18:23:00,0.3314,0.3317,0.3314,0.3317,1034.48
2025-01-15 18:24:00,0.3316,0.3318,0.3316,0.3316,1690.01
2025-01-15 18:25:00,0.3316,0.3316,0.3316,0.3316,56.16
2025-01-15 18:26:00,0.3317,0.3319,0.3317,0.3319,3567.73
2025-01-15 18:27:00,0.3319,0.3319,0.3317,0.3319,20713.93
2025-01-15 18:28:00,0.3319,0.3319,0.3319,0.3319,0.0
2025-01-15 18:29:00,0.3319,0.3319,0.3317,0.3317,498.49
2025-01-15 18:30:00,0.3317,0.332,0.3317,0.332,9559.6
2025-01-15 18:31:00,0.332,0.3321,0.3318,0.3321,6416.7
2025-01-15 18:32:00,0.3322,0.3323,0.3322,0.3323,969.15
2025-01-15 18:33:00,0.3322,0.3322,0.3317,0.3317,4729.99
2025-01-15 18:34:00,0.3321,0.3326,0.332,0.3326,9049.24
2025-01-15 18:35:00,0.3326,0.3326,0.3323,0.3323,12858.78
2025-01-15 18:36:00,0.3323,0.3323,0.3318,0.3318,1991.12
2025-01-15 18:37:00,0.3318,0.3318,0.3318,0.3318,141.98
2025-01-15 18:38:00,0.3319,0.3319,0.3319,0.3319,32.55
2025-01-15 18:39:00,0.3321,0.3321,0.3321,0.3321,203.6
2025-01-15 18:40:00,0.3322,0.3324,0.332,0.3324,15950.31
2025-01-15 18:41:00,0.3325,0.3328,0.3325,0.3327,3712.74
2025-01-15 18:42:00,0.3328,0.333,0.3328,0.333,783.22
2025-01-15 18:43:00,0.3329,0.333,0.3329,0.333,2693.33
2025-01-15 18:44:00,0.3331,0.3333,0.3329,0.3329,9284.86
2025-01-15 18:45:00,0.3331,0.3337,0.3331,0.3337,11181.45
2025-01-15 18:46:00,0.3336,0.3341,0.3336,0.3341,5604.61
2025-01-15 18:47:00,0.3342,0.3342,0.3339,0.334,5461.9
2025-01-15 18:48:00,0.334,0.3341,0.3339,0.3341,3977.28
2025-01-15 18:49:00,0.3343,0.3344,0.3341,0.3344,1016.33
2025-01-15 18:50:00,0.3344,0.3346,0.3341,0.3342,27965.43
2025-01-15 18:51:00,0.334,0.3342,0.334,0.3342,14361.91
2025-01-15 18:52:00,0.3344,0.3346,0.3343,0.3344,9794.56
2025-01-15 18:53:00,0.3344,0.3345,0.3344,0.3345,2219.58
2025-01-15 18:54:00,0.3345,0.3346,0.3342,0.3346,7365.86
2025-01-15 18:55:00,0.3345,0.3345,0.3342,0.3344,12633.63
2025-01-15 18:56:00,0.3348,0.3349,0.3346,0.3346,2220.83
2025-01-15 18:57:00,0.3345,0.3347,0.3345,0.3347,1522.1
2025-01-15 18:58:00,0.3347,0.3347,0.3347,0.3347,0.0
2025-01-15 18:59:00,0.3347,0.3347,0.3347,0.3347,1515.95
2025-01-15 19:00:00,0.3349,0.3351,0.3348,0.3349,11425.87
2025-01-15 19:01:00,0.3349,0.3352,0.3348,0.3348,13889.35
2025-01-15 19:02:00,0.3347,0.3356,0.3347,0.3356,19271.41
2025-01-15 19:03:00,0.3353,0.3357,0.3353,0.3356,5210.26
2025-01-15 19:04:00,0.3355,0.3355,0.3345,0.3345,9776.85
2025-01-15 19:05:00,0.3347,0.3348,0.3346,0.3346,1195.06
2025-01-15 19:06:00,0.3348,0.3353,0.3348,0.3353,11874.5
2025-01-15 19:07:00,0.3353,0.3356,0.3353,0.3355,6612.44
2025-01-15 19:08:00,0.3355,0.3355,0.3351,0.3352,7439.44
2025-01-15 19:09:00,0.3351,0.3353,0.3348,0.335,7419.46
2025-01-15 19:10:00,0.3352,0.3352,0.3351,0.3352,779.56
2025-01-15 19:11:00,0.3352,0.3352,0.3348,0.3349,11018.45
2025-01-15 19:12:00,0.3345,0.3345,0.3345,0.3345,873.94
2025-01-15 19:13:00,0.3345,0.3354,0.3345,0.3354,24152.17
2025-01-15 19:14:00,0.3353,0.3354,0.3351,0.3354,3133.59
2025-01-15 19:15:00,0.3356,0.3357,0.3356,0.3356,2687.79
2025-01-15 19:16:00,0.3357,0.3357,0.3354,0.3355,5843.03
2025-01-15 19:17:00,0.3353,0.3353,0.3352,0.3352,2447.22
2025-01-15 19:18:00,0.3352,0.3356,0.3352,0.3356,3869.68
2025-01-15 19:19:00,0.3356,0.3358,0.3356,0.3356,8323.43
2025-01-15 19:20:00,0.3355,0.3355,0.3355,0.3355,6146.74
2025-01-15 19:21:00,0.3356,0.3356,0.3356,0.3356,60.0
2025-01-15 19:22:00,0.3356,0.3356,0.3354,0.3354,1199.99
2025-01-15 19:23:00,0.3353,0.3354,0.3352,0.3352,1852.99
2025-01-15 19:24:00,0.3353,0.3353,0.3352,0.3352,4864.97
2025-01-15 19:25:00,0.3351,0.3352,0.3351,0.3352,3437.27
2025-01-15 19:26:00,0.3353,0.3354,0.3352,0.3354,1409.54
2025-01-15 19:27:00,0.3356,0.3356,0.3355,0.3356,1668.46
2025-01-15 19:28:00,0.3359,0.3362,0.3357,0.3361,10891.03
2025-01-15 19:29:00,0.3362,0.3362,0.336,0.336,11777.0
2025-01-15 19:30:00,0.3356,0.3356,0.3353,0.3355,5892.52
2025-01-15 19:31:00,0.3354,0.3357,0.3354,0.3355,25990.14
2025-01-15 19:32:00,0.3353,0.3362,0.3353,0.3362,52090.6
2025-01-15 19:33:00,0.3362,0.3367,0.3362,0.3367,13940.84
2025-01-15 19:34:00,0.3366,0.3368,0.3366,0.3367,22455.26
2025-01-15 19:35:00,0.3366,0.3371,0.3366,0.337,13223.4
2025-01-15 19:36:00,0.3368,0.3376,0.3368,0.3376,23718.13
2025-01-15 19:37:00,0.3377,0.3378,0.3372,0.3373,111986.34
2025-01-15 19:38:00,0.3373,0.3377,0.3373,0.3374,2425.27
2025-01-15 19:39:00,0.3373,0.3373,0.3369,0.3369,11520.37
2025-01-15 19:40:00,0.3368,0.3368,0.3366,0.3367,4967.88
2025-01-15 19:41:00,0.3366,0.3367,0.3366,0.3367,2070.47
2025-01-15 19:42:00,0.3366,0.3366,0.3361,0.3361,17876.63
2025-01-15 19:43:00,0.3361,0.3365,0.3361,0.3364,6725.66
2025-01-15 19:44:00,0.3365,0.3365,0.3365,0.3365,4501.22
2025-01-15 19:45:00,0.3366,0.3366,0.3363,0.3363,485.26
2025-01-15 19:46:00,0.3367,0.3372,0.3367,0.3372,25918.35
2025-01-15 19:47:00,0.3375,0.3377,0.3374,0.3376,7696.41
2025-01-15 19:48:00,0.3376,0.3383,0.3376,0.338,41498.53
2025-01-15 19:49:00,0.338,0.338,0.3378,0.338,14010.29
2025-01-15 19:50:00,0.3381,0.3381,0.3375,0.3376,8821.65
2025-01-15 19:51:00,0.3382,0.3382,0.338,0.338,2296.78
2025-01-15 19:52:00,0.338,0.338,0.3379,0.338,13140.5
2025-01-15 19:53:00,0.3381,0.3381,0.3377,0.3379,836.18
2025-01-15 19:54:00,0.338,0.3382,0.3375,0.3376,13553.97
2025-01-15 19:55:00,0.3375,0.3376,0.3373,0.3376,3050.57
2025-01-15 19:56:00,0.3373,0.3377,0.3373,0.3375,8908.89
2025-01-15 19:57:00,0.3376,0.3381,0.3375,0.3381,24459.94
2025-01-15 19:58:00,0.338,0.3382,0.338,0.3382,26192.05
2025-01-15 19:59:00,0.3381,0.3381,0.3376,0.3376,35041.4
2025-01-15 20:00:00,0.3376,0.3385,0.3376,0.3383,79982.68
2025-01-15 20:01:00,0.3385,0.3386,0.3383,0.3385,11339.47
2025-01-15 20:02:00,0.3384,0.3385,0.3383,0.3384,4165.47
2025-01-15 20:03:00,0.3387,0.3387,0.3385,0.3386,5215.5
2025-01-15 20:04:00,0.3385,0.3385,0.3374,0.3374,8915.36
2025-01-15 20:05:00,0.3373,0.3377,0.3373,0.3377,19980.92
2025-01-15 20:06:00,0.3378,0.3384,0.3378,0.338,15568.59
2025-01-15 20:07:00,0.3381,0.3385,0.3381,0.3383,23338.26
2025-01-15 20:08:00,0.3384,0.3384,0.3381,0.3384,9720.81
2025-01-15 20:09:00,0.3387,0.3387,0.3384,0.3386,30557.88
2025-01-15 20:10:00,0.3385,0.3385,0.3382,0.3382,6476.48
2025-01-15 20:11:00,0.3384,0.3385,0.3381,0.3385,17053.29
2025-01-15 20:12:00,0.3386,0.339,0.3386,0.3389,36148.93
2025-01-15 20:13:00,0.339,0.3393,0.3388,0.339,79164.92
2025-01-15 20:14:00,0.3389,0.3392,0.3387,0.3392,3229.68
2025-01-15 20:15:00,0.3392,0.3392,0.339,0.339,15372.41
2025-01-15 20:16:00,0.3391,0.3398,0.3391,0.3392,32295.04
2025-01-15 20:17:00,0.339,0.3397,0.3388,0.3396,8984.68
2025-01-15 20:18:00,0.3394,0.3403,0.3394,0.3402,35692.25
2025-01-15 20:19:00,0.3401,0.3403,0.3398,0.3403,17171.86
2025-01-15 20:20:00,0.3403,0.3403,0.34,0.3403,18350.46
2025-01-15 20:21:00,0.3403,0.3408,0.3403,0.3405,2723.08
2025-01-15 20:22:00,0.3404,0.3408,0.3403,0.3406,6997.32
2025-01-15 20:23:00,0.3404,0.3404,0.3399,0.3402,8981.88
2025-01-15 20:24:00,0.3399,0.3402,0.3399,0.3402,6808.25
2025-01-15 20:25:00,0.3402,0.3403,0.3399,0.3403,14962.91
2025-01-15 20:26:00,0.3402,0.3402,0.3394,0.3394,19564.26
2025-01-15 20:27:00,0.3396,0.3399,0.3395,0.3398,2228.13
2025-01-15 20:28:00,0.3397,0.3399,0.3387,0.3389,17771.29
2025-01-15 20:29:00,0.3389,0.3389,0.3386,0.3386,4838.43
2025-01-15 20:30:00,0.3384,0.3384,0.3366,0.3369,122723.21
2025-01-15 20:31:00,0.3369,0.3376,0.3369,0.3373,85203.88
2025-01-15 20:32:00,0.3374,0.3383,0.3374,0.338,12918.4
2025-01-15 20:33:00,0.3382,0.3389,0.3382,0.3389,10483.47
2025-01-15 20:34:00,0.3389,0.339,0.3389,0.3389,7541.75
2025-01-15 20:35:00,0.3389,0.3389,0.3384,0.3384,6816.04
2025-01-15 20:36:00,0.3383,0.3383,0.3378,0.3378,8325.08
2025-01-15 20:37:00,0.3377,0.338,0.3377,0.338,28634.73
2025-01-15 20:38:00,0.338,0.338,0.3378,0.338,7441.97
2025-01-15 20:39:00,0.3378,0.3378,0.3372,0.3372,10265.91
2025-01-15 20:40:00,0.3373,0.3373,0.3369,0.3369,54064.39
2025-01-15 20:41:00,0.3368,0.337,0.3368,0.3369,4787.07
2025-01-15 20:42:00,0.3367,0.3367,0.3365,0.3366,19919.86
2025-01-15 20:43:00,0.3367,0.3367,0.3361,0.3364,13725.57
2025-01-15 20:44:00,0.3364,0.337,0.3364,0.3369,12932.95
2025-01-15 20:45:00,0.3372,0.3372,0.3368,0.3371,3659.29
2025-01-15 20:46:00,0.3373,0.3373,0.3368,0.3368,2034.31
2025-01-15 20:47:00,0.3363,0.3363,0.3363,0.3363,34.0
2025-01-15 20:48:00,0.3364,0.3364,0.336,0.3361,21096.34
2025-01-15 20:49:00,0.3359,0.336,0.3356,0.3359,7615.19
2025-01-15 20:50:00,0.3359,0.3361,0.3355,0.3355,10532.83
2025-01-15 20:51:00,0.3355,0.3362,0.3355,0.3362,19480.1
2025-01-15 20:52:00,0.3363,0.3365,0.3363,0.3363,4230.42
2025-01-15 20:53:00,0.3363,0.3365,0.3363,0.3365,1591.6
2025-01-15 20:54:00,0.3368,0.3368,0.3364,0.3365,7718.24
2025-01-15 20:55:00,0.3364,0.3364,0.3358,0.3359,10572.74
2025-01-15 20:56:00,0.3359,0.3363,0.3359,0.3361,3592.11
2025-01-15 20:57:00,0.3362,0.3362,0.3359,0.3359,1906.32
2025-01-15 20:58:00,0.3358,0.3358,0.3356,0.3356,24627.32
2025-01-15 20:59:00,0.3357,0.3359,0.3357,0.3358,3684.38
2025-01-15 21:00:00,0.3359,0.3365,0.3359,0.3365,8639.68
2025-01-15 21:01:00,0.3364,0.3368,0.3364,0.3368,2511.18
2025-01-15 21:02:00,0.337,0.337,0.3368,0.3368,1124.61
2025-01-15 21:03:00,0.3367,0.337,0.3367,0.337,2238.33
2025-01-15 21:04:00,0.337,0.337,0.3364,0.3364,9897.98
2025-01-15 21:05:00,0.3365,0.3366,0.3365,0.3366,2036.41
2025-01-15 21:06:00,0.3368,0.3368,0.3361,0.3361,11024.46
2025-01-15 21:07:00,0.3364,0.3364,0.3362,0.3364,9736.97
2025-01-15 21:08:00,0.3365,0.3366,0.3361,0.3361,4529.21
2025-01-15 21:09:00,0.3362,0.3366,0.3362,0.3366,481.22
2025-01-15 21:10:00,0.3367,0.3367,0.3365,0.3365,1682.22
2025-01-15 21:11:00,0.3366,0.3369,0.3366,0.3369,2123.63
2025-01-15 21:12:00,0.3371,0.3376,0.3371,0.3373,7468.9
2025-01-15 21:13:00,0.3369,0.3372,0.3369,0.3372,1268.11
2025-01-15 21:14:00,0.3372,0.3372,0.3368,0.3368,18617.94
2025-01-15 21:15:00,0.3369,0.3373,0.3369,0.3373,3298.82
2025-01-15 21:16:00,0.3371,0.3375,0.3371,0.3375,2538.47
2025-01-15 21:17:00,0.337,0.337,0.3369,0.337,1601.83
2025-01-15 21:18:00,0.3367,0.337,0.3367,0.3368,323.31
2025-01-15 21:19:00,0.3369,0.337,0.3368,0.3368,615.66
2025-01-15 21:20:00,0.337,0.3374,0.337,0.3372,3428.81
2025-01-15 21:21:00,0.3372,0.3372,0.3368,0.3368,2995.85
2025-01-15 21:22:00,0.3369,0.3369,0.3367,0.3368,1706.88
2025-01-15 21:23:00,0.3363,0.3364,0.3363,0.3364,3212.73
2025-01-15 21:24:00,0.3364,0.3364,0.3363,0.3363,744.85
2025-01-15 21:25:00,0.3364,0.3364,0.3363,0.3363,1848.04
2025-01-15 21:26:00,0.3361,0.3366,0.3361,0.3366,3581.84
2025-01-15 21:27:00,0.3366,0.337,0.3366,0.3369,2503.48
2025-01-15 21:28:00,0.3369,0.3369,0.3368,0.3368,324.6
2025-01-15 21:29:00,0.3367,0.3367,0.3365,0.3367,1197.2
2025-01-15 21:30:00,0.3368,0.3368,0.3368,0.3368,59.6
2025-01-15 21:31:00,0.3367,0.3367,0.3365,0.3365,313.24
2025-01-15 21:32:00,0.3369,0.337,0.3368,0.3368,99.61
2025-01-15 21:33:00,0.3364,0.3365,0.3364,0.3364,2224.81
2025-01-15 21:34:00,0.3364,0.3364,0.3363,0.3363,3346.84
2025-01-15 21:35:00,0.3363,0.3365,0.3363,0.3365,608.29
2025-01-15 21:36:00,0.3364,0.3364,0.3359,0.336,27501.58
2025-01-15 21:37:00,0.3359,0.3362,0.3358,0.336,3220.91
2025-01-15 21:38:00,0.336,0.336,0.336,0.336,3225.37
2025-01-15 21:39:00,0.3361,0.3361,0.336,0.336,294.44
2025-01-15 21:40:00,0.3358,0.3358,0.3356,0.3357,11563.33
2025-01-15 21:41:00,0.3359,0.3359,0.3358,0.3359,169.72
2025-01-15 21:42:00,0.3358,0.3358,0.3356,0.3356,1228.59
2025-01-15 21:43:00,0.3355,0.3357,0.3355,0.3356,4668.37
2025-01-15 21:44:00,0.3357,0.3357,0.3357,0.3357,29.42
2025-01-15 21:45:00,0.3354,0.3357,0.3354,0.3357,4573.45
2025-01-15 21:46:00,0.3357,0.3359,0.3357,0.3358,7083.0
2025-01-15 21:47:00,0.3358,0.3358,0.3354,0.3355,5696.41
2025-01-15 21:48:00,0.3354,0.336,0.3354,0.336,7088.76
2025-01-15 21:49:00,0.3361,0.3367,0.3361,0.3366,16552.29
2025-01-15 21:50:00,0.3367,0.3374,0.3367,0.3374,20319.24
2025-01-15 21:51:00,0.3373,0.3376,0.3373,0.3374,4688.62
2025-01-15 21:52:00,0.3375,0.3377,0.3372,0.3372,3574.76
2025-01-15 21:53:00,0.3372,0.3372,0.337,0.337,7084.19
2025-01-15 21:54:00,0.337,0.337,0.3367,0.3368,1213.44
2025-01-15 21:55:00,0.3371,0.3372,0.3371,0.3372,2752.1
2025-01-15 21:56:00,0.3371,0.3371,0.3368,0.3368,601.0
2025-01-15 21:57:00,0.337,0.337,0.3368,0.3368,2207.41
2025-01-15 21:58:00,0.337,0.337,0.3368,0.3368,3467.85
2025-01-15 21:59:00,0.3368,0.3368,0.3366,0.3366,4177.66
2025-01-15 22:00:00,0.3368,0.3371,0.3362,0.3362,3137.09
2025-01-15 22:01:00,0.3364,0.337,0.3364,0.337,11469.36
2025-01-15 22:02:00,0.337,0.3371,0.3368,0.3369,7470.59
2025-01-15 22:03:00,0.3371,0.3373,0.3368,0.3369,6123.89
2025-01-15 22:04:00,0.3363,0.3366,0.3363,0.3366,5510.05
2025-01-15 22:05:00,0.3364,0.3364,0.3362,0.3364,4384.04
2025-01-15 22:06:00,0.3364,0.3364,0.3361,0.3362,23700.65
2025-01-15 22:07:00,0.3362,0.3369,0.3362,0.3369,108343.34
2025-01-15 22:08:00,0.3368,0.3371,0.3367,0.3371,4738.95
2025-01-15 22:09:00,0.3371,0.3372,0.3367,0.3367,4507.19
2025-01-15 22:10:00,0.3367,0.3367,0.3367,0.3367,0.0
2025-01-15 22:11:00,0.3362,0.3365,0.3362,0.3365,4477.67
2025-01-15 22:12:00,0.3366,0.3366,0.3364,0.3365,452.46
2025-01-15 22:13:00,0.3361,0.3363,0.3361,0.3363,6238.33
2025-01-15 22:14:00,0.3364,0.3372,0.3364,0.3372,3966.42
2025-01-15 22:15:00,0.3372,0.3372,0.3369,0.3369,3922.29
2025-01-15 22:16:00,0.3369,0.3369,0.3369,0.3369,0.0
2025-01-15 22:17:00,0.3364,0.3365,0.3363,0.3363,7071.99
2025-01-15 22:18:00,0.3365,0.3368,0.3365,0.3368,365.85
2025-01-15 22:19:00,0.3369,0.3369,0.3366,0.3368,23306.07
2025-01-15 22:20:00,0.3369,0.3369,0.3363,0.3363,2725.9
2025-01-15 22:21:00,0.3363,0.3363,0.3362,0.3362,10476.7
2025-01-15 22:22:00,0.3362,0.3362,0.3359,0.3359,4976.59
2025-01-15 22:23:00,0.3361,0.3363,0.3361,0.3363,3646.36
2025-01-15 22:24:00,0.3364,0.3366,0.3364,0.3366,138.2
2025-01-15 22:25:00,0.3368,0.3368,0.3367,0.3368,2188.46
2025-01-15 22:26:00,0.3369,0.3369,0.3368,0.3368,993.04
2025-01-15 22:27:00,0.3368,0.3368,0.3368,0.3368,1673.24
2025-01-15 22:28:00,0.3369,0.3369,0.3369,0.3369,408.23
2025-01-15 22:29:00,0.3369,0.337,0.3369,0.337,86.44
2025-01-15 22:30:00,0.3371,0.3375,0.3371,0.3375,1363.2
2025-01-15 22:31:00,0.3375,0.3379,0.3375,0.3379,42048.65
2025-01-15 22:32:00,0.3379,0.3384,0.3379,0.3384,10534.21
2025-01-15 22:33:00,0.3385,0.3385,0.3385,0.3385,59.01
2025-01-15 22:34:00,0.3385,0.3385,0.3382,0.3382,12420.27
2025-01-15 22:35:00,0.3381,0.3381,0.3378,0.3378,16694.25
2025-01-15 22:36:00,0.3378,0.3378,0.3378,0.3378,973.74
2025-01-15 22:37:00,0.3379,0.338,0.3379,0.338,4507.57
2025-01-15 22:38:00,0.338,0.3381,0.338,0.3381,1937.81
2025-01-15 22:39:00,0.338,0.3382,0.338,0.3382,5105.26
2025-01-15 22:40:00,0.3382,0.3382,0.338,0.3381,8130.99
2025-01-15 22:41:00,0.3382,0.3382,0.3382,0.3382,210.61
2025-01-15 22:42:00,0.3382,0.3384,0.3382,0.3384,737.88
2025-01-15 22:43:00,0.3382,0.3383,0.3382,0.3382,9103.28
2025-01-15 22:44:00,0.3383,0.3384,0.3383,0.3383,11928.22
2025-01-15 22:45:00,0.3385,0.3385,0.3384,0.3384,665.88
2025-01-15 22:46:00,0.3385,0.3387,0.3385,0.3387,2657.0
2025-01-15 22:47:00,0.3388,0.3388,0.3387,0.3387,5000.0
2025-01-15 22:48:00,0.3389,0.339,0.3387,0.339,17221.9
2025-01-15 22:49:00,0.3389,0.3389,0.3388,0.3388,140.79
2025-01-15 22:50:00,0.3389,0.3389,0.3389,0.3389,94.44
2025-01-15 22:51:00,0.339,0.339,0.3389,0.339,37745.67
2025-01-15 22:52:00,0.3389,0.3392,0.3389,0.3392,7700.02
2025-01-15 22:53:00,0.3392,0.3393,0.339,0.3393,21331.28
2025-01-15 22:54:00,0.3392,0.3394,0.3392,0.3394,3881.21
2025-01-15 22:55:00,0.3394,0.3397,0.3394,0.3397,5366.38
2025-01-15 22:56:00,0.3398,0.3398,0.3397,0.3397,375.35
2025-01-15 22:57:00,0.3396,0.3396,0.3396,0.3396,493.31
2025-01-15 22:58:00,0.3396,0.3396,0.3396,0.3396,44.16
2025-01-15 22:59:00,0.3396,0.34,0.3396,0.34,10650.07
2025-01-15 23:00:00,0.34,0.3406,0.34,0.3404,4033.35
2025-01-15 23:01:00,0.3406,0.3406,0.3404,0.3404,783.66
2025-01-15 23:02:00,0.3397,0.3397,0.3396,0.3397,1479.84
2025-01-15 23:03:00,0.3397,0.3401,0.3396,0.3397,6594.77
2025-01-15 23:04:00,0.3406,0.3409,0.3406,0.3406,10064.47
2025-01-15 23:05:00,0.3408,0.3408,0.3405,0.3408,1285.8
2025-01-15 23:06:00,0.3405,0.3405,0.3401,0.3405,7342.37
2025-01-15 23:07:00,0.3405,0.3407,0.3403,0.3407,5183.71
2025-01-15 23:08:00,0.3405,0.341,0.3405,0.341,2583.09
2025-01-15 23:09:00,0.3407,0.3408,0.3403,0.3403,13400.83
2025-01-15 23:10:00,0.3403,0.3406,0.3403,0.3406,5757.84
2025-01-15 23:11:00,0.3406,0.3407,0.3405,0.3406,13800.84
2025-01-15 23:12:00,0.3405,0.3407,0.3405,0.3407,4395.67
2025-01-15 23:13:00,0.3406,0.3409,0.3405,0.3409,2811.86
2025-01-15 23:14:00,0.341,0.3414,0.341,0.341,35597.58
2025-01-15 23:15:00,0.3409,0.3419,0.3409,0.3418,13366.58
2025-01-15 23:16:00,0.3416,0.3421,0.3414,0.3421,13017.22
2025-01-15 23:17:00,0.3421,0.3421,0.3415,0.3415,2533.61
2025-01-15 23:18:00,0.3417,0.3417,0.3409,0.3409,38011.76
2025-01-15 23:19:00,0.3413,0.3416,0.3413,0.3416,10813.81
2025-01-15 23:20:00,0.3418,0.3418,0.3417,0.3417,4337.68
2025-01-15 23:21:00,0.3414,0.3415,0.3411,0.3411,2810.22
2025-01-15 23:22:00,0.3412,0.3412,0.3409,0.3411,3840.35
2025-01-15 23:23:00,0.3411,0.3415,0.3411,0.3414,6004.93
2025-01-15 23:24:00,0.3413,0.3413,0.3412,0.3413,4320.76
2025-01-15 23:25:00,0.3413,0.3415,0.3413,0.3415,3861.75
2025-01-15 23:26:00,0.3415,0.3417,0.3415,0.3417,392.26
2025-01-15 23:27:00,0.3417,0.3417,0.3415,0.3416,18364.78
2025-01-15 23:28:00,0.3418,0.3422,0.3418,0.342,20106.55
2025-01-15 23:29:00,0.3422,0.3431,0.342,0.3428,34269.76
2025-01-15 23:30:00,0.3428,0.3428,0.3422,0.3423,15194.53
2025-01-15 23:31:00,0.3425,0.3428,0.3425,0.3428,21392.5
2025-01-15 23:32:00,0.3428,0.3431,0.3427,0.3427,4050.63
2025-01-15 23:33:00,0.3425,0.3425,0.3419,0.3421,13925.12
2025-01-15 23:34:00,0.3419,0.3421,0.3419,0.3421,3256.52
2025-01-15 23:35:00,0.3423,0.3423,0.3423,0.3423,60.0
2025-01-15 23:36:00,0.3429,0.3429,0.3425,0.3426,37868.18
2025-01-15 23:37:00,0.3428,0.343,0.3427,0.3429,13836.19
2025-01-15 23:38:00,0.3429,0.3431,0.3427,0.3428,23064.18
2025-01-15 23:39:00,0.3429,0.3431,0.3429,0.3431,4459.54
2025-01-15 23:40:00,0.343,0.343,0.3428,0.3428,4830.97
2025-01-15 23:41:00,0.343,0.3432,0.343,0.3431,4103.87
2025-01-15 23:42:00,0.3428,0.3429,0.3428,0.3428,2133.69
2025-01-15 23:43:00,0.3431,0.3434,0.3431,0.3434,2025.48
2025-01-15 23:44:00,0.3434,0.3434,0.3432,0.3433,14146.56
2025-01-15 23:45:00,0.3432,0.3432,0.3432,0.3432,2913.32
2025-01-15 23:46:00,0.3432,0.3432,0.3425,0.3425,21086.07
2025-01-15 23:47:00,0.3429,0.343,0.3429,0.3429,1041.86
2025-01-15 23:48:00,0.3428,0.3428,0.3427,0.3427,8710.41
2025-01-15 23:49:00,0.3424,0.3424,0.3424,0.3424,924.18
2025-01-15 23:50:00,0.3425,0.3428,0.3425,0.3425,20599.25
2025-01-15 23:51:00,0.3424,0.3426,0.3422,0.3424,3476.3
2025-01-15 23:52:00,0.3426,0.3427,0.3425,0.3425,3140.35
2025-01-15 23:53:00,0.3428,0.343,0.3428,0.343,15490.93
2025-01-15 23:54:00,0.3431,0.3432,0.343,0.343,7210.06
2025-01-15 23:55:00,0.3432,0.3436,0.3432,0.3433,58059.02
2025-01-15 23:56:00,0.3433,0.3433,0.3425,0.3425,44179.91
2025-01-15 23:57:00,0.3426,0.3426,0.342,0.3424,20237.67
2025-01-15 23:58:00,0.3422,0.3426,0.342,0.3424,10872.54
2025-01-15 23:59:00,0.3423,0.3424,0.3422,0.3422,8439.11
2025-01-16 00:00:00,0.3423,0.3434,0.3423,0.3431,29795.63
2025-01-16 00:01:00,0.3431,0.3443,0.3428,0.3441,27158.8
2025-01-16 00:02:00,0.3441,0.3443,0.3437,0.3438,17030.74
2025-01-16 00:03:00,0.3439,0.3439,0.342,0.342,31643.38
2025-01-16 00:04:00,0.342,0.3423,0.3411,0.3411,26492.22
2025-01-16 00:05:00,0.3411,0.342,0.3408,0.3417,52848.61
2025-01-16 00:06:00,0.3417,0.3417,0.3405,0.3406,59782.75
2025-01-16 00:07:00,0.3407,0.3409,0.3398,0.3406,23417.65
2025-01-16 00:08:00,0.3407,0.3407,0.3394,0.3395,13129.03
2025-01-16 00:09:00,0.3395,0.3399,0.3392,0.3399,27534.67
2025-01-16 00:10:00,0.3399,0.3406,0.3396,0.3406,10671.69
2025-01-16 00:11:00,0.3406,0.3406,0.34,0.34,13854.44
2025-01-16 00:12:00,0.3399,0.3407,0.3399,0.3407,5740.35
2025-01-16 00:13:00,0.3405,0.3408,0.3404,0.3404,1417.17
2025-01-16 00:14:00,0.3402,0.3403,0.34,0.34,2119.6
2025-01-16 00:15:00,0.34,0.34,0.339,0.339,10998.74
2025-01-16 00:16:00,0.3389,0.3395,0.3387,0.339,17893.33
2025-01-16 00:17:00,0.339,0.3391,0.3387,0.3388,13276.08
2025-01-16 00:18:00,0.3386,0.3388,0.3383,0.3384,12623.48
2025-01-16 00:19:00,0.3383,0.3392,0.3383,0.3391,10034.22
2025-01-16 00:20:00,0.3391,0.3395,0.339,0.339,6346.16
2025-01-16 00:21:00,0.339,0.339,0.3385,0.3385,2407.2
2025-01-16 00:22:00,0.3384,0.3384,0.3382,0.3382,13503.1
2025-01-16 00:23:00,0.3386,0.3392,0.3386,0.3392,8063.47
2025-01-16 00:24:00,0.3394,0.3394,0.3393,0.3394,2029.94
2025-01-16 00:25:00,0.3393,0.3397,0.3393,0.3397,1716.75
2025-01-16 00:26:00,0.3392,0.3394,0.3392,0.3394,3599.34
2025-01-16 00:27:00,0.3389,0.3391,0.3388,0.3388,1507.38
2025-01-16 00:28:00,0.3389,0.3389,0.3383,0.3383,3372.91
2025-01-16 00:29:00,0.3384,0.3387,0.3383,0.3387,19959.54
2025-01-16 00:30:00,0.3387,0.3394,0.3387,0.3387,7767.9
2025-01-16 00:31:00,0.3383,0.3384,0.3376,0.3378,12227.06
2025-01-16 00:32:00,0.338,0.3386,0.3376,0.3384,68349.07
2025-01-16 00:33:00,0.3384,0.3384,0.3375,0.3375,4042.89
2025-01-16 00:34:00,0.3374,0.3374,0.3367,0.3367,31645.64
2025-01-16 00:35:00,0.3368,0.3369,0.3362,0.3362,49990.8
2025-01-16 00:36:00,0.3363,0.3364,0.3354,0.3354,31747.1
2025-01-16 00:37:00,0.3356,0.3362,0.335,0.3352,24803.41
2025-01-16 00:38:00,0.3354,0.3354,0.3343,0.3343,13814.93
2025-01-16 00:39:00,0.3346,0.3347,0.3342,0.3345,3582.21
2025-01-16 00:40:00,0.3345,0.3358,0.3345,0.3358,25628.59
2025-01-16 00:41:00,0.3361,0.3363,0.3358,0.3358,12949.3
2025-01-16 00:42:00,0.336,0.336,0.3355,0.3355,6139.46
2025-01-16 00:43:00,0.3355,0.3358,0.3354,0.3356,10351.19
2025-01-16 00:44:00,0.3354,0.3362,0.3354,0.3362,5433.32
2025-01-16 00:45:00,0.3362,0.3366,0.336,0.3366,4026.97
2025-01-16 00:46:00,0.3365,0.3365,0.3359,0.3359,1569.55
2025-01-16 00:47:00,0.3364,0.3364,0.3362,0.3362,7990.71
2025-01-16 00:48:00,0.3362,0.3366,0.336,0.3366,830.54
2025-01-16 00:49:00,0.3366,0.3368,0.3366,0.3368,11138.33
2025-01-16 00:50:00,0.3369,0.3372,0.3367,0.3372,6453.16
2025-01-16 00:51:00,0.3371,0.3372,0.3369,0.337,1968.73
2025-01-16 00:52:00,0.3368,0.3368,0.3365,0.3366,779.0
2025-01-16 00:53:00,0.3366,0.3366,0.3363,0.3365,1256.23
2025-01-16 00:54:00,0.3363,0.3368,0.3363,0.3368,4645.59
2025-01-16 00:55:00,0.3366,0.3368,0.3366,0.3367,6016.58
2025-01-16 00:56:00,0.3367,0.3368,0.3363,0.3363,3046.83
2025-01-16 00:57:00,0.3363,0.3363,0.3363,0.3363,876.9
2025-01-16 00:58:00,0.3363,0.3364,0.3361,0.3364,9438.55
2025-01-16 00:59:00,0.3364,0.3364,0.336,0.3361,2246.12
2025-01-16 01:00:00,0.3363,0.3365,0.336,0.336,10040.4
2025-01-16 01:01:00,0.3361,0.3366,0.3361,0.3366,5314.47
2025-01-16 01:02:00,0.3369,0.3372,0.3367,0.3372,8276.33
2025-01-16 01:03:00,0.3372,0.3376,0.3372,0.3376,4089.82
2025-01-16 01:04:00,0.3378,0.3378,0.3377,0.3377,1084.24
2025-01-16 01:05:00,0.3375,0.3378,0.3375,0.3378,2087.89
2025-01-16 01:06:00,0.338,0.3382,0.3374,0.3374,3337.48
2025-01-16 01:07:00,0.3374,0.3384,0.3374,0.3384,7839.27
2025-01-16 01:08:00,0.3384,0.3385,0.3381,0.3381,16236.63
2025-01-16 01:09:00,0.3385,0.3386,0.3384,0.3385,16549.14
2025-01-16 01:10:00,0.3385,0.3387,0.3385,0.3387,12099.39
2025-01-16 01:11:00,0.3385,0.3385,0.3382,0.3382,1989.17
2025-01-16 01:12:00,0.338,0.338,0.337,0.337,8711.95
2025-01-16 01:13:00,0.3369,0.3369,0.3366,0.3367,7599.24
2025-01-16 01:14:00,0.3368,0.337,0.3368,0.337,2286.14
2025-01-16 01:15:00,0.3369,0.3373,0.3369,0.3373,2889.03
2025-01-16 01:16:00,0.3373,0.3373,0.3373,0.3373,30.83
2025-01-16 01:17:00,0.3361,0.3361,0.3361,0.3361,297.53
2025-01-16 01:18:00,0.3362,0.3362,0.3359,0.336,2089.61
2025-01-16 01:19:00,0.3361,0.3361,0.3361,0.3361,3127.33
2025-01-16 01:20:00,0.336,0.336,0.3349,0.3349,4879.36
2025-01-16 01:21:00,0.335,0.3352,0.335,0.335,9834.54
2025-01-16 01:22:00,0.335,0.3354,0.3348,0.3354,847.52
2025-01-16 01:23:00,0.3354,0.3357,0.3354,0.3357,6258.88
2025-01-16 01:24:00,0.3357,0.336,0.3357,0.3359,9013.66
2025-01-16 01:25:00,0.336,0.3363,0.3356,0.3362,16159.18
2025-01-16 01:26:00,0.3361,0.3361,0.3361,0.3361,3711.79
2025-01-16 01:27:00,0.3359,0.3362,0.3359,0.3362,2823.02
2025-01-16 01:28:00,0.3363,0.3363,0.3363,0.3363,495.79
2025-01-16 01:29:00,0.3366,0.3368,0.3366,0.3368,1081.04
2025-01-16 01:30:00,0.3367,0.3367,0.3362,0.3365,11140.21
2025-01-16 01:31:00,0.3365,0.3365,0.3358,0.3358,2066.73
2025-01-16 01:32:00,0.3358,0.3361,0.3358,0.3361,4564.7
2025-01-16 01:33:00,0.3362,0.3362,0.3362,0.3362,1353.9
2025-01-16 01:34:00,0.3363,0.3368,0.3363,0.3364,7407.14
2025-01-16 01:35:00,0.3364,0.3366,0.3364,0.3366,1946.78
2025-01-16 01:36:00,0.3368,0.3369,0.3366,0.3367,3114.03
2025-01-16 01:37:00,0.3366,0.3366,0.3361,0.3366,42261.99
2025-01-16 01:38:00,0.3365,0.3369,0.3364,0.3369,2045.17
2025-01-16 01:39:00,0.3369,0.3371,0.3367,0.337,18969.39
2025-01-16 01:40:00,0.3368,0.3368,0.3365,0.3366,6160.11
2025-01-16 01:41:00,0.3368,0.3368,0.3365,0.3365,14607.12
2025-01-16 01:42:00,0.3363,0.3363,0.3361,0.3362,6343.31
2025-01-16 01:43:00,0.3362,0.3363,0.3362,0.3363,2140.87
2025-01-16 01:44:00,0.3363,0.3369,0.3363,0.3368,3820.14
2025-01-16 01:45:00,0.3372,0.3373,0.3372,0.3372,7055.24
2025-01-16 01:46:00,0.3371,0.3376,0.3371,0.3376,10248.03
2025-01-16 01:47:00,0.3375,0.3375,0.337,0.337,4549.29
2025-01-16 01:48:00,0.3369,0.3371,0.3369,0.3371,6299.18
2025-01-16 01:49:00,0.3372,0.3372,0.3369,0.3372,2297.79
2025-01-16 01:50:00,0.3369,0.3373,0.3369,0.3371,6568.65
2025-01-16 01:51:00,0.3369,0.3369,0.3367,0.3367,2459.41
2025-01-16 01:52:00,0.3368,0.3374,0.3368,0.3374,6399.32
2025-01-16 01:53:00,0.3376,0.3377,0.3375,0.3377,2595.18
2025-01-16 01:54:00,0.3378,0.3378,0.3375,0.3375,5687.11
2025-01-16 01:55:00,0.3375,0.3379,0.3375,0.3379,4878.35
2025-01-16 01:56:00,0.3381,0.3381,0.3379,0.3379,1745.71
2025-01-16 01:57:00,0.3378,0.3378,0.3374,0.3374,33104.93
2025-01-16 01:58:00,0.3375,0.3377,0.3375,0.3375,4826.6
2025-01-16 01:59:00,0.3374,0.3374,0.3373,0.3373,451.44
2025-01-16 02:00:00,0.3372,0.3372,0.3367,0.3368,5015.63
2025-01-16 02:01:00,0.3365,0.3365,0.3361,0.3361,13394.57
2025-01-16 02:02:00,0.3363,0.3363,0.3359,0.336,549.6
2025-01-16 02:03:00,0.3359,0.3359,0.3357,0.3357,1153.47
2025-01-16 02:04:00,0.3354,0.3362,0.3354,0.3362,3564.2
2025-01-16 02:05:00,0.3364,0.3365,0.3364,0.3365,2381.13
2025-01-16 02:06:00,0.3368,0.3368,0.3366,0.3366,1645.92
2025-01-16 02:07:00,0.3367,0.3367,0.3367,0.3367,163.01
2025-01-16 02:08:00,0.3366,0.3366,0.3365,0.3365,10866.91
2025-01-16 02:09:00,0.3365,0.3365,0.3364,0.3365,8072.2
2025-01-16 02:10:00,0.3367,0.337,0.3366,0.3366,10974.47
2025-01-16 02:11:00,0.3366,0.3366,0.3363,0.3366,4570.75
2025-01-16 02:12:00,0.337,0.337,0.337,0.337,418.93
2025-01-16 02:13:00,0.3369,0.3369,0.3366,0.3368,49750.72
2025-01-16 02:14:00,0.3364,0.3365,0.3364,0.3365,1932.04
2025-01-16 02:15:00,0.3364,0.3364,0.336,0.3364,15959.69
2025-01-16 02:16:00,0.3361,0.3361,0.3359,0.3359,7641.84
2025-01-16 02:17:00,0.3359,0.3359,0.3359,0.3359,0.0
2025-01-16 02:18:00,0.3355,0.3357,0.3355,0.3355,12095.17
2025-01-16 02:19:00,0.3356,0.3357,0.3352,0.3357,6489.0
2025-01-16 02:20:00,0.3358,0.3359,0.3358,0.3359,890.98
2025-01-16 02:21:00,0.3361,0.3365,0.3361,0.3365,5430.36
2025-01-16 02:22:00,0.3362,0.3362,0.3357,0.3357,1964.62
2025-01-16 02:23:00,0.3356,0.3358,0.3356,0.3358,3080.06
2025-01-16 02:24:00,0.3363,0.3363,0.3363,0.3363,973.13
2025-01-16 02:25:00,0.3361,0.3361,0.3355,0.3356,20139.83
2025-01-16 02:26:00,0.3358,0.3361,0.3358,0.3361,7848.97
2025-01-16 02:27:00,0.336,0.336,0.3359,0.3359,4556.59
2025-01-16 02:28:00,0.3356,0.3356,0.3353,0.3354,14660.39
2025-01-16 02:29:00,0.3353,0.3359,0.3353,0.3359,1581.22
2025-01-16 02:30:00,0.3362,0.3365,0.3361,0.3361,6439.21
2025-01-16 02:31:00,0.3364,0.3366,0.3364,0.3366,1803.28
2025-01-16 02:32:00,0.3366,0.3367,0.3365,0.3366,948.02
2025-01-16 02:33:00,0.3366,0.3368,0.3366,0.3367,3110.95
2025-01-16 02:34:00,0.3368,0.3368,0.3365,0.3365,1684.48
2025-01-16 02:35:00,0.3365,0.3365,0.3365,0.3365,0.0
2025-01-16 02:36:00,0.3359,0.3362,0.3359,0.3362,5875.18
2025-01-16 02:37:00,0.3362,0.3362,0.3355,0.3356,12772.63
2025-01-16 02:38:00,0.3356,0.336,0.3356,0.336,3975.03
2025-01-16 02:39:00,0.336,0.3362,0.336,0.3362,5387.87
2025-01-16 02:40:00,0.3361,0.3365,0.3361,0.3363,3043.91
2025-01-16 02:41:00,0.3362,0.3363,0.3362,0.3363,5907.72
2025-01-16 02:42:00,0.3363,0.3363,0.336,0.3361,5123.71
2025-01-16 02:43:00,0.3361,0.3362,0.336,0.3362,1747.14
2025-01-16 02:44:00,0.3362,0.3362,0.3362,0.3362,9725.73
2025-01-16 02:45:00,0.3361,0.3361,0.3359,0.3359,1623.77
2025-01-16 02:46:00,0.3356,0.3356,0.3356,0.3356,17.3
2025-01-16 02:47:00,0.3359,0.3359,0.3356,0.3357,1511.34
2025-01-16 02:48:00,0.3357,0.3359,0.3357,0.3357,4494.39
2025-01-16 02:49:00,0.3356,0.3359,0.3356,0.3358,4123.86
2025-01-16 02:50:00,0.3357,0.3357,0.3353,0.3353,292.09
2025-01-16 02:51:00,0.3357,0.336,0.3357,0.336,633.04
2025-01-16 02:52:00,0.3361,0.3362,0.3361,0.3362,913.55
2025-01-16 02:53:00,0.3357,0.3357,0.3357,0.3357,34.41
2025-01-16 02:54:00,0.3355,0.3358,0.3355,0.3358,4647.98
2025-01-16 02:55:00,0.3359,0.3359,0.3352,0.3353,5072.46
2025-01-16 02:56:00,0.3353,0.3356,0.3352,0.3356,2721.94
2025-01-16 02:57:00,0.3355,0.3356,0.3355,0.3356,3767.37
2025-01-16 02:58:00,0.3359,0.336,0.3359,0.336,24377.98
2025-01-16 02:59:00,0.3359,0.3359,0.3358,0.3358,1717.82
2025-01-16 03:00:00,0.3361,0.3363,0.3358,0.3358,939.15
2025-01-16 03:01:00,0.3358,0.3358,0.3358,0.3358,4331.41
2025-01-16 03:02:00,0.3358,0.3362,0.3357,0.3362,1724.57
2025-01-16 03:03:00,0.3364,0.3365,0.3361,0.3361,5453.03
2025-01-16 03:04:00,0.3353,0.3356,0.3353,0.3356,3908.49
2025-01-16 03:05:00,0.3359,0.3363,0.3359,0.3363,3886.46
2025-01-16 03:06:00,0.3363,0.3365,0.3361,0.3361,4031.81
2025-01-16 03:07:00,0.3359,0.336,0.3359,0.336,1858.95
2025-01-16 03:08:00,0.3359,0.3363,0.3359,0.3363,1604.8
2025-01-16 03:09:00,0.3364,0.3367,0.3364,0.3367,2999.43
2025-01-16 03:10:00,0.3367,0.3368,0.3367,0.3368,617.31
2025-01-16 03:11:00,0.337,0.337,0.3369,0.337,1945.73
2025-01-16 03:12:00,0.3369,0.3372,0.3369,0.3372,8557.43
2025-01-16 03:13:00,0.3371,0.3371,0.3368,0.3368,14509.85
2025-01-16 03:14:00,0.3368,0.3368,0.3366,0.3366,2944.06
2025-01-16 03:15:00,0.3365,0.3365,0.3358,0.3358,4347.22
2025-01-16 03:16:00,0.336,0.3362,0.336,0.3361,1629.5
2025-01-16 03:17:00,0.3358,0.3363,0.3358,0.3363,3973.86
2025-01-16 03:18:00,0.3363,0.3364,0.3359,0.3359,7910.85
2025-01-16 03:19:00,0.3356,0.3356,0.3355,0.3355,2942.87
2025-01-16 03:20:00,0.3355,0.3355,0.3355,0.3355,116.13
2025-01-16 03:21:00,0.3359,0.336,0.3358,0.3358,37305.34
2025-01-16 03:22:00,0.3354,0.3354,0.3352,0.3352,138.37
2025-01-16 03:23:00,0.3353,0.3353,0.3353,0.3353,134.73
2025-01-16 03:24:00,0.3354,0.3355,0.3353,0.3353,680.89
2025-01-16 03:25:00,0.3353,0.3354,0.3353,0.3354,793.63
2025-01-16 03:26:00,0.3354,0.3354,0.3354,0.3354,31.46
2025-01-16 03:27:00,0.3355,0.3355,0.3353,0.3353,4216.7
2025-01-16 03:28:00,0.3356,0.3356,0.3355,0.3355,2698.77
2025-01-16 03:29:00,0.3354,0.3354,0.3351,0.3351,8240.97
2025-01-16 03:30:00,0.335,0.335,0.3341,0.3343,11991.96
2025-01-16 03:31:00,0.3342,0.3344,0.3338,0.3338,9546.7
2025-01-16 03:32:00,0.3337,0.3339,0.3335,0.3338,18252.96
2025-01-16 03:33:00,0.3337,0.3337,0.3333,0.3335,15417.22
2025-01-16 03:34:00,0.3335,0.3339,0.3333,0.3339,9811.11
2025-01-16 03:35:00,0.3339,0.3339,0.3333,0.3333,5193.38
2025-01-16 03:36:00,0.3334,0.3338,0.3333,0.3333,17635.9
2025-01-16 03:37:00,0.3331,0.3333,0.333,0.3333,4647.7
2025-01-16 03:38:00,0.3337,0.3341,0.3337,0.3341,3826.35
2025-01-16 03:39:00,0.3341,0.3346,0.3341,0.3344,6133.95
2025-01-16 03:40:00,0.3342,0.3344,0.3342,0.3342,11380.16
2025-01-16 03:41:00,0.3341,0.3348,0.3341,0.3347,9938.06
2025-01-16 03:42:00,0.3348,0.3348,0.3347,0.3347,4469.11
2025-01-16 03:43:00,0.3345,0.3348,0.3345,0.3348,2451.09
2025-01-16 03:44:00,0.3349,0.335,0.3349,0.335,991.58
2025-01-16 03:45:00,0.3352,0.3353,0.3351,0.3351,6729.75
2025-01-16 03:46:00,0.335,0.3355,0.335,0.3355,4785.17
2025-01-16 03:47:00,0.3352,0.3352,0.335,0.335,31350.6
2025-01-16 03:48:00,0.335,0.335,0.3349,0.3349,5385.02
2025-01-16 03:49:00,0.3351,0.3351,0.3349,0.3349,8313.09
2025-01-16 03:50:00,0.3349,0.335,0.3344,0.3344,9574.78
2025-01-16 03:51:00,0.3343,0.3345,0.3343,0.3345,3021.38
2025-01-16 03:52:00,0.3345,0.3346,0.3345,0.3346,80.07
2025-01-16 03:53:00,0.3344,0.3344,0.3338,0.3341,22178.76
2025-01-16 03:54:00,0.3344,0.3348,0.3344,0.3348,16925.4
2025-01-16 03:55:00,0.3346,0.3348,0.3344,0.3347,9657.87
2025-01-16 03:56:00,0.3347,0.3347,0.3347,0.3347,29.97
2025-01-16 03:57:00,0.3347,0.3347,0.3347,0.3347,0.0
2025-01-16 03:58:00,0.3347,0.3351,0.3347,0.3351,8501.62
2025-01-16 03:59:00,0.3351,0.3351,0.3351,0.3351,78.0
2025-01-16 04:00:00,0.335,0.3354,0.335,0.3354,4931.38
2025-01-16 04:01:00,0.3356,0.3356,0.3355,0.3355,2389.12
2025-01-16 04:02:00,0.3356,0.3356,0.3355,0.3355,158.41
2025-01-16 04:03:00,0.3352,0.3352,0.3352,0.3352,31.31
2025-01-16 04:04:00,0.3352,0.3352,0.3352,0.3352,648.1
2025-01-16 04:05:00,0.3352,0.3352,0.3352,0.3352,0.0
2025-01-16 04:06:00,0.3351,0.3352,0.335,0.3352,3756.74
2025-01-16 04:07:00,0.3353,0.3355,0.3352,0.3355,3788.55
2025-01-16 04:08:00,0.3355,0.3356,0.3355,0.3355,2352.81
2025-01-16 04:09:00,0.3356,0.3359,0.3356,0.3357,6927.12
2025-01-16 04:10:00,0.336,0.3361,0.336,0.336,28148.93
2025-01-16 04:11:00,0.3361,0.3362,0.3361,0.3361,1798.39
2025-01-16 04:12:00,0.3362,0.3362,0.3362,0.3362,188.76
2025-01-16 04:13:00,0.3361,0.3361,0.3361,0.3361,29.34
2025-01-16 04:14:00,0.336,0.336,0.336,0.336,1951.8
2025-01-16 04:15:00,0.3356,0.3356,0.3356,0.3356,29.94
2025-01-16 04:16:00,0.3357,0.3357,0.3357,0.3357,29.94
2025-01-16 04:17:00,0.3359,0.3359,0.3359,0.3359,185.33
2025-01-16 04:18:00,0.3359,0.336,0.3359,0.336,3632.06
2025-01-16 04:19:00,0.3361,0.3363,0.336,0.336,6914.46
2025-01-16 04:20:00,0.336,0.336,0.336,0.336,1762.32
2025-01-16 04:21:00,0.3358,0.3359,0.3358,0.3359,3736.8
2025-01-16 04:22:00,0.3358,0.3358,0.3357,0.3357,72.3
2025-01-16 04:23:00,0.3357,0.3357,0.3356,0.3356,409.85
2025-01-16 04:24:00,0.3357,0.3357,0.3351,0.3351,255.5
2025-01-16 04:25:00,0.3351,0.3351,0.3351,0.3351,591.28
2025-01-16 04:26:00,0.3352,0.3352,0.3352,0.3352,22.49
2025-01-16 04:27:00,0.3352,0.3352,0.3351,0.3351,229.17
2025-01-16 04:28:00,0.3354,0.3357,0.3354,0.3357,13217.28
2025-01-16 04:29:00,0.3358,0.3358,0.3358,0.3358,265.8
2025-01-16 04:30:00,0.3356,0.3356,0.3355,0.3355,6982.97
2025-01-16 04:31:00,0.3355,0.3355,0.3353,0.3353,2233.37
2025-01-16 04:32:00,0.3353,0.3353,0.3353,0.3353,0.0
2025-01-16 04:33:00,0.3355,0.3355,0.3355,0.3355,16.4
2025-01-16 04:34:00,0.3355,0.3356,0.3355,0.3356,95.88
2025-01-16 04:35:00,0.3356,0.3358,0.3356,0.3357,15599.86
2025-01-16 04:36:00,0.3356,0.3358,0.3356,0.3358,1596.84
2025-01-16 04:37:00,0.3359,0.336,0.3359,0.336,1135.73
2025-01-16 04:38:00,0.3361,0.3362,0.336,0.336,927.86
2025-01-16 04:39:00,0.336,0.3361,0.336,0.3361,598.7
2025-01-16 04:40:00,0.3361,0.3361,0.3361,0.3361,0.0
2025-01-16 04:41:00,0.3358,0.3358,0.3358,0.3358,868.63
2025-01-16 04:42:00,0.3358,0.3358,0.3358,0.3358,0.0
2025-01-16 04:43:00,0.3361,0.3361,0.3361,0.3361,85.98
2025-01-16 04:44:00,0.3362,0.3362,0.3359,0.3359,1707.89
2025-01-16 04:45:00,0.3359,0.3359,0.3357,0.3357,3459.21
2025-01-16 04:46:00,0.3354,0.3354,0.3354,0.3354,42.48
2025-01-16 04:47:00,0.3351,0.3355,0.3351,0.3353,13618.03
2025-01-16 04:48:00,0.3354,0.3354,0.3354,0.3354,554.51
2025-01-16 04:49:00,0.3354,0.3354,0.3353,0.3353,4131.75
2025-01-16 04:50:00,0.3353,0.3353,0.3353,0.3353,103.51
2025-01-16 04:51:00,0.3355,0.3355,0.3354,0.3354,1059.64
2025-01-16 04:52:00,0.3353,0.3353,0.3352,0.3352,1697.6
2025-01-16 04:53:00,0.3352,0.3352,0.3352,0.3352,1469.39
2025-01-16 04:54:00,0.3356,0.3357,0.3356,0.3357,1586.33
2025-01-16 04:55:00,0.3355,0.3355,0.3354,0.3354,2162.91
2025-01-16 04:56:00,0.3352,0.3352,0.3351,0.3351,1864.67
2025-01-16 04:57:00,0.3351,0.3351,0.3351,0.3351,937.02
2025-01-16 04:58:00,0.3352,0.3352,0.3352,0.3352,394.23
2025-01-16 04:59:00,0.3352,0.3352,0.3352,0.3352,0.0
2025-01-16 05:00:00,0.3357,0.3358,0.3356,0.3356,11395.49
2025-01-16 05:01:00,0.3352,0.3352,0.3351,0.3351,1887.88
2025-01-16 05:02:00,0.335,0.3351,0.335,0.3351,677.99
2025-01-16 05:03:00,0.3351,0.3352,0.3351,0.3351,1709.33
2025-01-16 05:04:00,0.3351,0.3351,0.3351,0.3351,0.0
2025-01-16 05:05:00,0.3352,0.3352,0.3349,0.3351,4397.72
2025-01-16 05:06:00,0.3351,0.3351,0.3346,0.3347,7485.61
2025-01-16 05:07:00,0.3345,0.3345,0.3344,0.3344,1586.15
2025-01-16 05:08:00,0.3347,0.3347,0.3346,0.3346,420.64
2025-01-16 05:09:00,0.3346,0.335,0.3346,0.335,4517.13
2025-01-16 05:10:00,0.335,0.335,0.335,0.335,1552.48
2025-01-16 05:11:00,0.3345,0.3345,0.3345,0.3345,1498.0
2025-01-16 05:12:00,0.3344,0.3344,0.3344,0.3344,2412.63
2025-01-16 05:13:00,0.3344,0.3344,0.3343,0.3343,688.76
2025-01-16 05:14:00,0.3343,0.3344,0.3343,0.3343,2360.54
2025-01-16 05:15:00,0.3343,0.3343,0.3342,0.3342,2229.66
2025-01-16 05:16:00,0.3342,0.3342,0.3342,0.3342,6372.95
2025-01-16 05:17:00,0.3343,0.3344,0.3343,0.3344,1226.58
2025-01-16 05:18:00,0.3341,0.3341,0.3339,0.3339,1072.3
2025-01-16 05:19:00,0.3339,0.3342,0.3339,0.3342,2071.11
2025-01-16 05:20:00,0.3347,0.3347,0.3347,0.3347,510.5
2025-01-16 05:21:00,0.3347,0.3347,0.3346,0.3346,145.96
2025-01-16 05:22:00,0.3347,0.3348,0.3347,0.3348,3543.09
2025-01-16 05:23:00,0.3349,0.3351,0.3349,0.335,3220.22
2025-01-16 05:24:00,0.335,0.3353,0.3349,0.335,4878.82
2025-01-16 05:25:00,0.335,0.3351,0.3349,0.3351,352.51
2025-01-16 05:26:00,0.3354,0.3354,0.335,0.3352,2239.65
2025-01-16 05:27:00,0.3352,0.3352,0.3352,0.3352,326.02
2025-01-16 05:28:00,0.3353,0.3355,0.3353,0.3355,2504.0
2025-01-16 05:29:00,0.3353,0.3353,0.3351,0.3352,261.69
2025-01-16 05:30:00,0.3354,0.3357,0.3354,0.3356,2434.9
2025-01-16 05:31:00,0.3356,0.3356,0.3356,0.3356,14919.83
2025-01-16 05:32:00,0.3354,0.3357,0.3354,0.3357,703.53
2025-01-16 05:33:00,0.3354,0.3357,0.3354,0.3357,460.24
2025-01-16 05:34:00,0.3359,0.336,0.3359,0.336,2006.89
2025-01-16 05:35:00,0.3357,0.3357,0.3353,0.3353,527.57
2025-01-16 05:36:00,0.3353,0.3355,0.3353,0.3355,1451.84
2025-01-16 05:37:00,0.3355,0.3357,0.3355,0.3357,1787.86
2025-01-16 05:38:00,0.3358,0.3358,0.3357,0.3357,2554.83
2025-01-16 05:39:00,0.3355,0.3357,0.3355,0.3357,1956.12
2025-01-16 05:40:00,0.3357,0.3357,0.3356,0.3357,635.14
2025-01-16 05:41:00,0.3354,0.3354,0.3351,0.3354,33354.58
2025-01-16 05:42:00,0.3351,0.3351,0.3351,0.3351,149.42
2025-01-16 05:43:00,0.335,0.3351,0.335,0.335,8042.68
2025-01-16 05:44:00,0.3354,0.3355,0.3354,0.3355,2537.86
2025-01-16 05:45:00,0.3356,0.3359,0.3356,0.3357,43933.02
2025-01-16 05:46:00,0.3357,0.3358,0.3357,0.3358,41153.98
2025-01-16 05:47:00,0.3358,0.3361,0.3358,0.336,9111.19
2025-01-16 05:48:00,0.3359,0.3359,0.3358,0.3358,5272.46
2025-01-16 05:49:00,0.3358,0.3359,0.3357,0.3357,1185.51
2025-01-16 05:50:00,0.3357,0.3358,0.3354,0.3358,147078.03
2025-01-16 05:51:00,0.3356,0.3357,0.3355,0.3355,2058.62
2025-01-16 05:52:00,0.3356,0.3357,0.3356,0.3357,1410.55
2025-01-16 05:53:00,0.3356,0.3356,0.3354,0.3354,325.27
2025-01-16 05:54:00,0.3353,0.3353,0.3352,0.3352,3334.24
2025-01-16 05:55:00,0.3353,0.3353,0.3352,0.3352,1843.19
2025-01-16 05:56:00,0.3351,0.3351,0.3351,0.3351,44.76
2025-01-16 05:57:00,0.335,0.3351,0.335,0.335,734.35
2025-01-16 05:58:00,0.335,0.335,0.335,0.335,78.11
2025-01-16 05:59:00,0.3349,0.3349,0.3349,0.3349,163.01
2025-01-16 06:00:00,0.3346,0.3346,0.3345,0.3346,5859.09
2025-01-16 06:01:00,0.3345,0.3345,0.3342,0.3342,2836.54
2025-01-16 06:02:00,0.334,0.3343,0.334,0.3343,6775.28
2025-01-16 06:03:00,0.3344,0.3348,0.3344,0.3347,7875.65
2025-01-16 06:04:00,0.3346,0.3346,0.3346,0.3346,78.0
2025-01-16 06:05:00,0.3347,0.3352,0.3347,0.3352,4146.88
2025-01-16 06:06:00,0.3351,0.3352,0.3351,0.3352,352.0
2025-01-16 06:07:00,0.3352,0.3352,0.3351,0.3351,377.45
2025-01-16 06:08:00,0.3352,0.3355,0.3351,0.3353,5384.83
2025-01-16 06:09:00,0.335,0.335,0.3349,0.3349,1657.04
2025-01-16 06:10:00,0.335,0.3354,0.335,0.3354,9150.93
2025-01-16 06:11:00,0.3354,0.3354,0.3354,0.3354,0.0
2025-01-16 06:12:00,0.3353,0.3353,0.3352,0.3352,339.71
2025-01-16 06:13:00,0.3352,0.3352,0.3352,0.3352,0.0
2025-01-16 06:14:00,0.3354,0.3355,0.3354,0.3355,1173.52
2025-01-16 06:15:00,0.3356,0.3357,0.3355,0.3355,7812.85
2025-01-16 06:16:00,0.3353,0.3353,0.3353,0.3353,60.0
2025-01-16 06:17:00,0.3351,0.3351,0.3351,0.3351,188.76
2025-01-16 06:18:00,0.3352,0.3352,0.3351,0.3351,1469.05
2025-01-16 06:19:00,0.335,0.335,0.3347,0.335,5462.16
2025-01-16 06:20:00,0.335,0.335,0.3348,0.3348,240.77
2025-01-16 06:21:00,0.3353,0.3353,0.3351,0.3351,81.25
2025-01-16 06:22:00,0.3355,0.3355,0.3353,0.3355,1477.39
2025-01-16 06:23:00,0.3356,0.3356,0.3356,0.3356,60.62
2025-01-16 06:24:00,0.3356,0.3356,0.3356,0.3356,440.0
2025-01-16 06:25:00,0.3356,0.3356,0.3356,0.3356,984.19
2025-01-16 06:26:00,0.3359,0.3362,0.3359,0.3361,1750.53
2025-01-16 06:27:00,0.3364,0.3365,0.3364,0.3364,3902.63
2025-01-16 06:28:00,0.3364,0.3367,0.3364,0.3367,1850.59
2025-01-16 06:29:00,0.3371,0.3371,0.3369,0.337,6578.07
2025-01-16 06:30:00,0.3371,0.3373,0.337,0.3373,834.73
2025-01-16 06:31:00,0.3373,0.3375,0.337,0.3375,8526.17
2025-01-16 06:32:00,0.3374,0.3375,0.3373,0.3374,1498.14
2025-01-16 06:33:00,0.3369,0.3369,0.3368,0.3369,2041.93
2025-01-16 06:34:00,0.3369,0.337,0.3368,0.3369,29188.89
2025-01-16 06:35:00,0.337,0.337,0.3367,0.3368,2377.79
2025-01-16 06:36:00,0.337,0.337,0.3369,0.3369,539.87
2025-01-16 06:37:00,0.3372,0.3372,0.337,0.3371,7291.96
2025-01-16 06:38:00,0.337,0.337,0.337,0.337,593.46
2025-01-16 06:39:00,0.337,0.3378,0.337,0.3378,20363.53
2025-01-16 06:40:00,0.3376,0.3376,0.3373,0.3373,1785.68
2025-01-16 06:41:00,0.3372,0.3372,0.3372,0.3372,3086.04
2025-01-16 06:42:00,0.3372,0.3372,0.3372,0.3372,1543.02
2025-01-16 06:43:00,0.3371,0.3371,0.3371,0.3371,1832.44
2025-01-16 06:44:00,0.3368,0.3369,0.3368,0.3369,3992.65
2025-01-16 06:45:00,0.3368,0.3368,0.336,0.336,6064.45
2025-01-16 06:46:00,0.336,0.336,0.3359,0.336,7871.59
2025-01-16 06:47:00,0.3362,0.3366,0.3361,0.3365,11909.9
2025-01-16 06:48:00,0.3364,0.3367,0.3364,0.3366,2251.64
2025-01-16 06:49:00,0.3365,0.3365,0.3363,0.3363,255.61
2025-01-16 06:50:00,0.3363,0.3363,0.3363,0.3363,0.0
2025-01-16 06:51:00,0.3368,0.3369,0.3368,0.3369,855.24
2025-01-16 06:52:00,0.3369,0.3369,0.3369,0.3369,501.56
2025-01-16 06:53:00,0.3369,0.3371,0.3368,0.3371,6638.89
2025-01-16 06:54:00,0.3371,0.3372,0.3371,0.3371,301.41
2025-01-16 06:55:00,0.3368,0.3368,0.3368,0.3368,4222.99
2025-01-16 06:56:00,0.3368,0.3368,0.3366,0.3366,402.71
2025-01-16 06:57:00,0.3369,0.3369,0.3369,0.3369,71.56
2025-01-16 06:58:00,0.337,0.337,0.337,0.337,2855.45
2025-01-16 06:59:00,0.3373,0.3374,0.3373,0.3374,5740.1
2025-01-16 07:00:00,0.3371,0.3371,0.3369,0.3369,3707.62
2025-01-16 07:01:00,0.3366,0.3366,0.3364,0.3364,212.48
2025-01-16 07:02:00,0.3365,0.3368,0.3365,0.3368,2217.39
2025-01-16 07:03:00,0.337,0.337,0.3368,0.337,411.49
2025-01-16 07:04:00,0.3372,0.3372,0.3371,0.3371,1304.27
2025-01-16 07:05:00,0.3373,0.3373,0.3371,0.3372,1108.54
2025-01-16 07:06:00,0.3371,0.3371,0.3367,0.3368,2708.68
2025-01-16 07:07:00,0.3365,0.3365,0.3365,0.3365,214.86
2025-01-16 07:08:00,0.3366,0.3366,0.3365,0.3365,489.06
2025-01-16 07:09:00,0.3368,0.3368,0.3368,0.3368,89.07
2025-01-16 07:10:00,0.3365,0.3367,0.3365,0.3367,269.09
2025-01-16 07:11:00,0.3365,0.3365,0.3363,0.3363,421.53
2025-01-16 07:12:00,0.3365,0.3367,0.3364,0.3367,1676.3
2025-01-16 07:13:00,0.3369,0.3369,0.3369,0.3369,21.38
2025-01-16 07:14:00,0.3371,0.3371,0.3369,0.3369,3804.27
2025-01-16 07:15:00,0.337,0.3374,0.337,0.3372,7257.37
2025-01-16 07:16:00,0.3373,0.3376,0.3373,0.3376,26084.07
2025-01-16 07:17:00,0.3373,0.3373,0.3373,0.3373,987.8
2025-01-16 07:18:00,0.337,0.337,0.337,0.337,116.24
2025-01-16 07:19:00,0.3369,0.337,0.3368,0.337,3800.37
2025-01-16 07:20:00,0.3368,0.337,0.3368,0.337,6403.85
2025-01-16 07:21:00,0.337,0.337,0.337,0.337,0.0
2025-01-16 07:22:00,0.337,0.337,0.337,0.337,532.64
2025-01-16 07:23:00,0.337,0.3371,0.3369,0.3371,5371.71
2025-01-16 07:24:00,0.3371,0.3372,0.3371,0.3372,4510.51
2025-01-16 07:25:00,0.3371,0.3372,0.3369,0.337,1279.67
2025-01-16 07:26:00,0.3368,0.3368,0.3364,0.3364,636.23
2025-01-16 07:27:00,0.3364,0.3364,0.3363,0.3363,564.1
2025-01-16 07:28:00,0.3363,0.3363,0.3363,0.3363,2677.25
2025-01-16 07:29:00,0.3368,0.3368,0.3368,0.3368,41.0
2025-01-16 07:30:00,0.3371,0.3371,0.337,0.3371,3466.96
2025-01-16 07:31:00,0.3371,0.3371,0.3364,0.3364,5133.62
2025-01-16 07:32:00,0.3364,0.3364,0.3363,0.3363,2094.91
2025-01-16 07:33:00,0.3363,0.3367,0.3363,0.3366,726.74
2025-01-16 07:34:00,0.3367,0.3373,0.3367,0.3371,1527.86
2025-01-16 07:35:00,0.337,0.337,0.3368,0.3368,400.92
2025-01-16 07:36:00,0.3367,0.3367,0.3364,0.3365,4027.34
2025-01-16 07:37:00,0.3369,0.3369,0.3369,0.3369,1187.12
2025-01-16 07:38:00,0.3366,0.3368,0.3366,0.3368,608.72
2025-01-16 07:39:00,0.3369,0.3369,0.3369,0.3369,138.57
2025-01-16 07:40:00,0.3369,0.3369,0.3369,0.3369,0.0
2025-01-16 07:41:00,0.3369,0.3369,0.3369,0.3369,0.0
2025-01-16 07:42:00,0.3369,0.3369,0.3368,0.3369,2901.86
2025-01-16 07:43:00,0.3368,0.3368,0.3368,0.3368,80.94
2025-01-16 07:44:00,0.3366,0.3367,0.3363,0.3367,490.15
2025-01-16 07:45:00,0.3367,0.3367,0.3365,0.3365,905.01
2025-01-16 07:46:00,0.3365,0.3365,0.336,0.336,15476.81
2025-01-16 07:47:00,0.3361,0.3365,0.3361,0.3365,3880.44
2025-01-16 07:48:00,0.3366,0.3366,0.3363,0.3363,338.71
2025-01-16 07:49:00,0.336,0.3361,0.3359,0.3361,5561.88
2025-01-16 07:50:00,0.3362,0.3362,0.3362,0.3362,44.62
2025-01-16 07:51:00,0.3363,0.3363,0.3363,0.3363,1350.0
2025-01-16 07:52:00,0.3363,0.3363,0.3363,0.3363,0.0
2025-01-16 07:53:00,0.3359,0.3361,0.3359,0.336,355.95
2025-01-16 07:54:00,0.3361,0.3363,0.3361,0.3363,1022.31
2025-01-16 07:55:00,0.3364,0.3364,0.3364,0.3364,35.2
2025-01-16 07:56:00,0.3365,0.3365,0.3364,0.3364,325.53
2025-01-16 07:57:00,0.3363,0.3363,0.3363,0.3363,74.29
2025-01-16 07:58:00,0.3362,0.3365,0.3362,0.3365,3192.71
2025-01-16 07:59:00,0.3367,0.3367,0.3366,0.3366,308.09
2025-01-16 08:00:00,0.3366,0.3371,0.3366,0.3369,4557.96
2025-01-16 08:01:00,0.3372,0.3374,0.3371,0.3374,849.98
2025-01-16 08:02:00,0.3374,0.3375,0.3371,0.3371,2138.03
2025-01-16 08:03:00,0.337,0.337,0.3369,0.3369,534.25
2025-01-16 08:04:00,0.3367,0.3369,0.3367,0.3369,1407.24
2025-01-16 08:05:00,0.3368,0.3369,0.3368,0.3369,294.59
2025-01-16 08:06:00,0.3369,0.3369,0.3369,0.3369,0.0
2025-01-16 08:07:00,0.3364,0.3364,0.3364,0.3364,235.88
2025-01-16 08:08:00,0.3366,0.3367,0.3366,0.3367,905.04
2025-01-16 08:09:00,0.3366,0.3366,0.3366,0.3366,2348.58
2025-01-16 08:10:00,0.3368,0.3369,0.3365,0.3365,1591.71
2025-01-16 08:11:00,0.3363,0.3366,0.3363,0.3365,5505.5
2025-01-16 08:12:00,0.3365,0.3365,0.3364,0.3364,518.74
2025-01-16 08:13:00,0.3364,0.3364,0.3364,0.3364,0.0
2025-01-16 08:14:00,0.3361,0.3361,0.336,0.3361,2970.32
2025-01-16 08:15:00,0.3364,0.3364,0.3363,0.3363,1784.8
2025-01-16 08:16:00,0.3364,0.3365,0.3363,0.3364,21502.42
2025-01-16 08:17:00,0.3361,0.3361,0.3354,0.3354,12339.63
2025-01-16 08:18:00,0.3354,0.3357,0.3353,0.3353,4755.34
2025-01-16 08:19:00,0.3352,0.3353,0.3346,0.3349,17885.47
2025-01-16 08:20:00,0.3347,0.3347,0.3342,0.3343,23217.6
2025-01-16 08:21:00,0.3343,0.3349,0.334,0.3343,7101.15
2025-01-16 08:22:00,0.3344,0.3346,0.3338,0.3338,8110.89
2025-01-16 08:23:00,0.3338,0.3339,0.3335,0.3335,4677.04
2025-01-16 08:24:00,0.3335,0.3338,0.3335,0.3338,841.51
2025-01-16 08:25:00,0.3338,0.3346,0.3338,0.3345,17175.49
2025-01-16 08:26:00,0.3343,0.3346,0.3343,0.3346,1123.57
2025-01-16 08:27:00,0.3345,0.3345,0.3343,0.3344,3864.26
2025-01-16 08:28:00,0.3346,0.3347,0.3345,0.3345,3213.27
2025-01-16 08:29:00,0.3346,0.3348,0.3346,0.3346,10124.95
2025-01-16 08:30:00,0.3346,0.3349,0.3344,0.3348,7351.16
2025-01-16 08:31:00,0.3348,0.3348,0.3345,0.3345,814.6
2025-01-16 08:32:00,0.3339,0.3339,0.3331,0.3331,22012.79
2025-01-16 08:33:00,0.3332,0.3333,0.3329,0.333,8816.83
2025-01-16 08:34:00,0.333,0.3334,0.333,0.3332,3725.67
2025-01-16 08:35:00,0.3333,0.3335,0.3331,0.3331,21905.81
2025-01-16 08:36:00,0.3333,0.3334,0.3333,0.3334,6581.55
2025-01-16 08:37:00,0.3334,0.3334,0.333,0.333,2068.43
2025-01-16 08:38:00,0.3332,0.3333,0.3331,0.3332,8610.02
2025-01-16 08:39:00,0.333,0.3337,0.333,0.3337,1386.61
2025-01-16 08:40:00,0.3336,0.3336,0.333,0.333,16380.53
2025-01-16 08:41:00,0.3328,0.3329,0.3321,0.3323,42388.98
2025-01-16 08:42:00,0.3324,0.3328,0.3321,0.3321,26235.62
2025-01-16 08:43:00,0.3321,0.3321,0.3315,0.3317,43566.59
2025-01-16 08:44:00,0.3317,0.3329,0.3317,0.3319,31469.75
2025-01-16 08:45:00,0.3319,0.332,0.331,0.3311,97446.58
2025-01-16 08:46:00,0.3311,0.3317,0.3311,0.3317,39028.89
2025-01-16 08:47:00,0.3317,0.3319,0.3302,0.3304,49582.66
2025-01-16 08:48:00,0.3303,0.3304,0.3297,0.3297,120853.54
2025-01-16 08:49:00,0.3298,0.33,0.3294,0.3294,34972.63
2025-01-16 08:50:00,0.3295,0.3302,0.3287,0.3288,70786.47
2025-01-16 08:51:00,0.3288,0.3292,0.3285,0.3288,27949.51
2025-01-16 08:52:00,0.3287,0.329,0.3279,0.328,60201.93
2025-01-16 08:53:00,0.3281,0.3295,0.3279,0.3292,51277.82
2025-01-16 08:54:00,0.3294,0.3294,0.3286,0.3287,9380.79
2025-01-16 08:55:00,0.3284,0.3298,0.3282,0.3298,51067.37
2025-01-16 08:56:00,0.3298,0.3302,0.3296,0.33,22355.88
2025-01-16 08:57:00,0.33,0.3303,0.33,0.3302,1536.57
2025-01-16 08:58:00,0.3303,0.3303,0.3295,0.33,7989.85
2025-01-16 08:59:00,0.3297,0.3299,0.3293,0.3293,1701.77
2025-01-16 09:00:00,0.3295,0.33,0.3294,0.3295,8962.08
2025-01-16 09:01:00,0.3294,0.3304,0.3294,0.3298,2916.27
2025-01-16 09:02:00,0.3298,0.3299,0.3289,0.3289,8183.95
2025-01-16 09:03:00,0.3287,0.3291,0.3284,0.3284,19169.71
2025-01-16 09:04:00,0.3283,0.3285,0.3281,0.3285,2449.81
2025-01-16 09:05:00,0.3291,0.3291,0.3286,0.3286,2147.88
2025-01-16 09:06:00,0.3285,0.3285,0.328,0.3281,9103.56
2025-01-16 09:07:00,0.3281,0.3283,0.328,0.328,68.14
2025-01-16 09:08:00,0.3279,0.3294,0.3277,0.3293,18546.38
2025-01-16 09:09:00,0.3292,0.3295,0.3291,0.3293,10469.65
2025-01-16 09:10:00,0.3294,0.3297,0.3293,0.3294,14772.67
2025-01-16 09:11:00,0.3294,0.3297,0.3294,0.3295,2519.46
2025-01-16 09:12:00,0.3298,0.3299,0.3297,0.3297,31037.08
2025-01-16 09:13:00,0.3297,0.3298,0.3296,0.3298,1190.48
2025-01-16 09:14:00,0.33,0.3301,0.3298,0.3298,5111.23
2025-01-16 09:15:00,0.3302,0.3302,0.3302,0.3302,63.6
2025-01-16 09:16:00,0.3301,0.3303,0.33,0.3302,1376.13
2025-01-16 09:17:00,0.3302,0.3302,0.3302,0.3302,514.9
2025-01-16 09:18:00,0.33,0.3302,0.3297,0.3302,2404.17
2025-01-16 09:19:00,0.3299,0.3299,0.3297,0.3297,815.78
2025-01-16 09:20:00,0.3295,0.3295,0.3289,0.3289,13414.67
2025-01-16 09:21:00,0.329,0.3292,0.329,0.329,10552.85
2025-01-16 09:22:00,0.3289,0.3289,0.3284,0.3285,18304.83
2025-01-16 09:23:00,0.3285,0.3285,0.3283,0.3284,33232.52
2025-01-16 09:24:00,0.3285,0.3289,0.3285,0.3289,56248.82
2025-01-16 09:25:00,0.3288,0.3291,0.3287,0.3291,32834.31
2025-01-16 09:26:00,0.329,0.329,0.329,0.329,5433.51
2025-01-16 09:27:00,0.3294,0.3299,0.3294,0.3299,11815.98
2025-01-16 09:28:00,0.3296,0.3296,0.3296,0.3296,3165.11
2025-01-16 09:29:00,0.3294,0.3294,0.3292,0.3292,241.01
2025-01-16 09:30:00,0.3289,0.3291,0.3289,0.329,3009.77
2025-01-16 09:31:00,0.3291,0.3291,0.3281,0.3281,26712.25
2025-01-16 09:32:00,0.328,0.328,0.3278,0.3279,13644.2
2025-01-16 09:33:00,0.3281,0.3286,0.3281,0.3282,7733.91
2025-01-16 09:34:00,0.3282,0.3284,0.3282,0.3284,2373.85
2025-01-16 09:35:00,0.3283,0.3285,0.3282,0.3284,13342.26
2025-01-16 09:36:00,0.3286,0.3291,0.3286,0.329,20302.67
2025-01-16 09:37:00,0.3292,0.3295,0.3292,0.3295,4341.02
2025-01-16 09:38:00,0.3296,0.3296,0.3291,0.3293,2420.38
2025-01-16 09:39:00,0.3293,0.3295,0.3293,0.3295,7621.31
2025-01-16 09:40:00,0.3294,0.3295,0.3294,0.3295,4835.46
2025-01-16 09:41:00,0.3295,0.3295,0.3293,0.3294,4745.72
2025-01-16 09:42:00,0.3291,0.3291,0.3288,0.3288,15140.05
2025-01-16 09:43:00,0.3291,0.3291,0.3291,0.3291,238.76
2025-01-16 09:44:00,0.3294,0.3295,0.3294,0.3295,261.81
2025-01-16 09:45:00,0.3296,0.33,0.3296,0.33,15223.26
2025-01-16 09:46:00,0.33,0.331,0.33,0.331,13135.47
2025-01-16 09:47:00,0.331,0.331,0.3308,0.3308,28731.16
2025-01-16 09:48:00,0.3309,0.3313,0.3308,0.3313,14320.23
2025-01-16 09:49:00,0.3312,0.3314,0.3312,0.3314,20458.65
2025-01-16 09:50:00,0.3314,0.3315,0.3312,0.3315,13380.83
2025-01-16 09:51:00,0.3315,0.3315,0.3313,0.3314,1188.01
2025-01-16 09:52:00,0.3314,0.3314,0.3313,0.3314,4112.02
2025-01-16 09:53:00,0.3313,0.3313,0.3313,0.3313,60.93
2025-01-16 09:54:00,0.3313,0.3313,0.331,0.331,11539.22
2025-01-16 09:55:00,0.331,0.3311,0.331,0.331,3654.21
2025-01-16 09:56:00,0.3311,0.3313,0.3311,0.3313,7670.74
2025-01-16 09:57:00,0.3311,0.3311,0.3309,0.331,9150.48
2025-01-16 09:58:00,0.3311,0.3313,0.3311,0.3313,6653.05
2025-01-16 09:59:00,0.3313,0.3313,0.3312,0.3313,5934.45
2025-01-16 10:00:00,0.3315,0.3317,0.3313,0.3313,6560.47
2025-01-16 10:01:00,0.3311,0.3312,0.331,0.331,25303.98
2025-01-16 10:02:00,0.3311,0.3312,0.3308,0.3308,47688.4
2025-01-16 10:03:00,0.3308,0.3311,0.3306,0.3307,11427.92
2025-01-16 10:04:00,0.331,0.331,0.3308,0.3308,1055.47
2025-01-16 10:05:00,0.3307,0.3307,0.3305,0.3306,7100.95
2025-01-16 10:06:00,0.3307,0.331,0.3307,0.3307,8927.17
2025-01-16 10:07:00,0.3305,0.3306,0.3305,0.3306,5149.14
2025-01-16 10:08:00,0.3308,0.3309,0.3308,0.3309,1781.55
2025-01-16 10:09:00,0.331,0.3316,0.331,0.3316,6376.7
2025-01-16 10:10:00,0.3316,0.3317,0.3314,0.3314,4775.86
2025-01-16 10:11:00,0.3314,0.3318,0.3314,0.3317,6757.24
2025-01-16 10:12:00,0.3316,0.3316,0.3315,0.3315,6442.64
2025-01-16 10:13:00,0.3313,0.3314,0.3313,0.3314,2049.41
2025-01-16 10:14:00,0.3315,0.3316,0.3314,0.3316,23961.53
2025-01-16 10:15:00,0.3316,0.3317,0.3316,0.3317,820.67
2025-01-16 10:16:00,0.3318,0.3318,0.3317,0.3317,3708.95
2025-01-16 10:17:00,0.3312,0.3313,0.3312,0.3313,834.03
2025-01-16 10:18:00,0.3309,0.3309,0.3306,0.3307,8819.41
2025-01-16 10:19:00,0.3311,0.3311,0.3311,0.3311,225.1
2025-01-16 10:20:00,0.3311,0.3311,0.3311,0.3311,0.0
2025-01-16 10:21:00,0.3312,0.3312,0.3311,0.3311,7686.7
2025-01-16 10:22:00,0.3311,0.3312,0.3311,0.3312,20574.87
2025-01-16 10:23:00,0.3312,0.3318,0.3312,0.3315,5110.11
2025-01-16 10:24:00,0.3316,0.3317,0.3315,0.3315,5528.44
2025-01-16 10:25:00,0.3314,0.3317,0.3314,0.3317,2629.7
2025-01-16 10:26:00,0.3316,0.332,0.3316,0.3319,7081.76
2025-01-16 10:27:00,0.332,0.332,0.3319,0.332,13134.53
2025-01-16 10:28:00,0.332,0.3321,0.3319,0.3321,44522.08
2025-01-16 10:29:00,0.3322,0.3322,0.3321,0.3321,6831.55
2025-01-16 10:30:00,0.332,0.332,0.3317,0.332,3465.08
2025-01-16 10:31:00,0.3322,0.3323,0.3321,0.3322,4207.92
2025-01-16 10:32:00,0.3321,0.3321,0.3321,0.3321,109.6
2025-01-16 10:33:00,0.3318,0.3319,0.3317,0.3318,2220.53
2025-01-16 10:34:00,0.3319,0.332,0.3318,0.332,6933.39
2025-01-16 10:35:00,0.3321,0.3321,0.332,0.3321,2297.85
2025-01-16 10:36:00,0.332,0.3323,0.3319,0.3322,10848.25
2025-01-16 10:37:00,0.3323,0.3323,0.3321,0.3322,2288.51
2025-01-16 10:38:00,0.3319,0.332,0.3319,0.3319,3595.34
2025-01-16 10:39:00,0.3321,0.3322,0.3321,0.3322,133.43
2025-01-16 10:40:00,0.3322,0.3322,0.3317,0.3318,11014.86
2025-01-16 10:41:00,0.3317,0.3317,0.3313,0.3314,38633.05
2025-01-16 10:42:00,0.3316,0.3317,0.3314,0.3314,11019.55
2025-01-16 10:43:00,0.3315,0.3316,0.3314,0.3314,1991.71
2025-01-16 10:44:00,0.3312,0.3312,0.3309,0.331,13760.03
2025-01-16 10:45:00,0.3311,0.3311,0.3304,0.3305,4002.78
2025-01-16 10:46:00,0.3306,0.3309,0.3305,0.3308,5051.5
2025-01-16 10:47:00,0.3311,0.3311,0.3309,0.331,5182.23
2025-01-16 10:48:00,0.331,0.3312,0.3309,0.3312,3942.78
2025-01-16 10:49:00,0.3311,0.3311,0.331,0.331,521.87
2025-01-16 10:50:00,0.3312,0.3315,0.3312,0.3315,7975.57
2025-01-16 10:51:00,0.3316,0.3316,0.3315,0.3315,2036.87
2025-01-16 10:52:00,0.3316,0.3316,0.3315,0.3315,61.83
2025-01-16 10:53:00,0.3316,0.3319,0.3316,0.3319,3365.35
2025-01-16 10:54:00,0.3319,0.3319,0.3318,0.3319,545.21
2025-01-16 10:55:00,0.3318,0.3319,0.3316,0.3316,4058.07
2025-01-16 10:56:00,0.3316,0.3317,0.3316,0.3317,1834.91
2025-01-16 10:57:00,0.3317,0.3317,0.3316,0.3316,4299.83
2025-01-16 10:58:00,0.3316,0.3316,0.3313,0.3313,5175.99
2025-01-16 10:59:00,0.3314,0.3314,0.3314,0.3314,2499.41
2025-01-16 11:00:00,0.3314,0.3315,0.3312,0.3312,7308.4
2025-01-16 11:01:00,0.3312,0.3315,0.3312,0.3315,5622.95
2025-01-16 11:02:00,0.3315,0.3318,0.3315,0.3317,1089.64
2025-01-16 11:03:00,0.3318,0.3318,0.3316,0.3316,1706.01
2025-01-16 11:04:00,0.3316,0.3316,0.331,0.3313,1772.87
2025-01-16 11:05:00,0.3312,0.3312,0.3306,0.3306,2799.32
2025-01-16 11:06:00,0.3307,0.3308,0.3302,0.3302,15141.26
2025-01-16 11:07:00,0.3302,0.3303,0.3299,0.3299,14584.72
2025-01-16 11:08:00,0.3299,0.3299,0.3296,0.3296,2887.1
2025-01-16 11:09:00,0.3296,0.3321,0.3296,0.3321,57228.68
2025-01-16 11:10:00,0.3323,0.3324,0.3319,0.3324,21909.7
2025-01-16 11:11:00,0.3325,0.3331,0.3324,0.333,15543.86
2025-01-16 11:12:00,0.3328,0.3343,0.3327,0.3341,41294.11
2025-01-16 11:13:00,0.3341,0.3342,0.3336,0.3342,6199.69
2025-01-16 11:14:00,0.3345,0.3345,0.3332,0.3335,20334.18
2025-01-16 11:15:00,0.3334,0.3336,0.3321,0.3321,19730.41
2025-01-16 11:16:00,0.3322,0.3323,0.3308,0.3314,45910.0
2025-01-16 11:17:00,0.3315,0.3315,0.3306,0.3309,87639.26
2025-01-16 11:18:00,0.331,0.3316,0.3307,0.3309,5850.95
2025-01-16 11:19:00,0.3307,0.3307,0.3304,0.3306,52443.15
2025-01-16 11:20:00,0.331,0.3318,0.331,0.3317,6986.01
2025-01-16 11:21:00,0.3318,0.3326,0.3318,0.3326,3620.63
2025-01-16 11:22:00,0.3323,0.3327,0.3323,0.3326,16124.92
2025-01-16 11:23:00,0.3327,0.3327,0.3321,0.3321,3701.77
2025-01-16 11:24:00,0.3321,0.3323,0.3319,0.3319,2338.44
2025-01-16 11:25:00,0.3318,0.3318,0.3314,0.3317,6691.32
2025-01-16 11:26:00,0.3316,0.332,0.3316,0.332,71082.79
2025-01-16 11:27:00,0.3322,0.3328,0.3322,0.3324,6777.86
2025-01-16 11:28:00,0.3325,0.3328,0.3324,0.3324,5989.12
2025-01-16 11:29:00,0.3319,0.332,0.3318,0.3319,1427.0
2025-01-16 11:30:00,0.3318,0.332,0.3317,0.3319,11915.93
2025-01-16 11:31:00,0.332,0.3323,0.332,0.3323,8887.59
2025-01-16 11:32:00,0.3321,0.333,0.3321,0.333,11823.65
2025-01-16 11:33:00,0.333,0.3332,0.3322,0.3324,27493.6
2025-01-16 11:34:00,0.3327,0.3328,0.3327,0.3327,2658.44
2025-01-16 11:35:00,0.3323,0.3325,0.3319,0.3319,12951.65
2025-01-16 11:36:00,0.332,0.332,0.3316,0.3317,7030.63
2025-01-16 11:37:00,0.3317,0.3317,0.3312,0.3315,5315.8
2025-01-16 11:38:00,0.3314,0.3314,0.3313,0.3313,3367.95
2025-01-16 11:39:00,0.3315,0.3319,0.3315,0.3318,11330.44
2025-01-16 11:40:00,0.332,0.3326,0.332,0.3326,11802.68
2025-01-16 11:41:00,0.3326,0.3328,0.3326,0.3326,2969.34
2025-01-16 11:42:00,0.3327,0.3333,0.3327,0.3333,16011.95
2025-01-16 11:43:00,0.3333,0.3339,0.3333,0.3336,12833.55
2025-01-16 11:44:00,0.3338,0.334,0.3334,0.3334,8626.0
2025-01-16 11:45:00,0.3333,0.3335,0.333,0.333,6718.11
2025-01-16 11:46:00,0.3329,0.3332,0.3327,0.3332,1201.11
2025-01-16 11:47:00,0.3332,0.3339,0.333,0.3339,6925.55
2025-01-16 11:48:00,0.3338,0.3342,0.3332,0.3338,26555.97
2025-01-16 11:49:00,0.3337,0.3339,0.3337,0.3338,5026.29
2025-01-16 11:50:00,0.3342,0.3347,0.3342,0.3346,7077.45
2025-01-16 11:51:00,0.3347,0.3347,0.3342,0.3342,14443.54
2025-01-16 11:52:00,0.3345,0.3348,0.3344,0.3344,18270.51
2025-01-16 11:53:00,0.3347,0.3349,0.3347,0.3347,9719.93
2025-01-16 11:54:00,0.3347,0.3352,0.3347,0.3352,2281.3
2025-01-16 11:55:00,0.3352,0.3353,0.3351,0.3352,3727.51
2025-01-16 11:56:00,0.3353,0.3355,0.3351,0.3354,3984.98
2025-01-16 11:57:00,0.3353,0.3353,0.3349,0.3351,21084.78
2025-01-16 11:58:00,0.3352,0.3355,0.3352,0.3355,3686.96
2025-01-16 11:59:00,0.3356,0.3356,0.3353,0.3354,9772.45
2025-01-16 12:00:00,0.3353,0.3358,0.3351,0.3355,25521.07
2025-01-16 12:01:00,0.3352,0.3352,0.3344,0.3347,26013.41
2025-01-16 12:02:00,0.3344,0.3345,0.3343,0.3345,5848.78
2025-01-16 12:03:00,0.3343,0.3353,0.334,0.3352,7455.44
2025-01-16 12:04:00,0.3353,0.3355,0.335,0.3351,10165.21
2025-01-16 12:05:00,0.3346,0.3349,0.3343,0.3349,2786.29
2025-01-16 12:06:00,0.3348,0.3351,0.3347,0.3349,22420.41
2025-01-16 12:07:00,0.3349,0.3353,0.3349,0.3353,15506.15
2025-01-16 12:08:00,0.3355,0.3355,0.3349,0.335,2543.17
2025-01-16 12:09:00,0.3349,0.3353,0.3349,0.3353,8729.72
2025-01-16 12:10:00,0.3351,0.3354,0.3349,0.335,12575.57
2025-01-16 12:11:00,0.3353,0.3362,0.3352,0.3362,3402.72
2025-01-16 12:12:00,0.3362,0.3366,0.3358,0.3366,2444.07
2025-01-16 12:13:00,0.3364,0.3367,0.3364,0.3367,4139.27
2025-01-16 12:14:00,0.3362,0.3368,0.3362,0.3368,4807.63
2025-01-16 12:15:00,0.3367,0.3373,0.3366,0.3366,8571.42
2025-01-16 12:16:00,0.3366,0.337,0.3365,0.337,12022.84
2025-01-16 12:17:00,0.3371,0.3373,0.3366,0.3366,17927.5
2025-01-16 12:18:00,0.3367,0.3368,0.3364,0.3366,4670.85
2025-01-16 12:19:00,0.3363,0.3368,0.3363,0.3368,2982.73
2025-01-16 12:20:00,0.3367,0.3377,0.3367,0.3376,55771.99
2025-01-16 12:21:00,0.3377,0.3378,0.3374,0.3375,51276.03
2025-01-16 12:22:00,0.3376,0.3385,0.3374,0.3385,23207.9
2025-01-16 12:23:00,0.3385,0.339,0.3382,0.3389,70979.58
2025-01-16 12:24:00,0.3389,0.3392,0.3386,0.3386,7941.13
2025-01-16 12:25:00,0.3386,0.3387,0.3379,0.3381,17488.64
2025-01-16 12:26:00,0.338,0.3382,0.3378,0.338,6667.33
2025-01-16 12:27:00,0.3381,0.3383,0.3363,0.3364,37080.14
2025-01-16 12:28:00,0.3367,0.3372,0.3365,0.3365,3902.12
2025-01-16 12:29:00,0.3363,0.3367,0.3362,0.3365,9174.86
2025-01-16 12:30:00,0.3367,0.3376,0.3367,0.3376,7637.08
2025-01-16 12:31:00,0.3378,0.3381,0.3375,0.3381,15937.72
2025-01-16 12:32:00,0.3379,0.3386,0.3379,0.3385,15821.5
2025-01-16 12:33:00,0.3385,0.3389,0.3376,0.3377,9711.86
2025-01-16 12:34:00,0.3379,0.3388,0.3379,0.3388,16543.19
2025-01-16 12:35:00,0.3389,0.3395,0.3386,0.3393,19179.53
2025-01-16 12:36:00,0.3395,0.3397,0.3394,0.3397,15263.1
2025-01-16 12:37:00,0.3396,0.3401,0.3395,0.3401,57312.77
2025-01-16 12:38:00,0.3399,0.3403,0.3399,0.3401,12607.28
2025-01-16 12:39:00,0.3401,0.3403,0.3397,0.3403,21293.57
2025-01-16 12:40:00,0.3402,0.3403,0.3398,0.3399,13801.07
2025-01-16 12:41:00,0.3397,0.3399,0.3394,0.3397,9975.25
2025-01-16 12:42:00,0.3398,0.3398,0.339,0.339,6529.42
2025-01-16 12:43:00,0.3391,0.3391,0.3385,0.3385,11325.17
2025-01-16 12:44:00,0.3388,0.3393,0.3388,0.3391,9012.82
2025-01-16 12:45:00,0.3388,0.3389,0.3386,0.3388,9199.86
2025-01-16 12:46:00,0.3387,0.3392,0.3387,0.3392,8576.9
2025-01-16 12:47:00,0.3392,0.3398,0.3392,0.3395,5989.07
2025-01-16 12:48:00,0.3396,0.3402,0.3395,0.3397,10778.9
2025-01-16 12:49:00,0.3396,0.3396,0.3387,0.3388,12162.56
2025-01-16 12:50:00,0.3388,0.3394,0.3388,0.3394,16814.48
2025-01-16 12:51:00,0.3394,0.3395,0.3391,0.3393,9579.35
2025-01-16 12:52:00,0.3394,0.3403,0.3393,0.3403,26793.99
2025-01-16 12:53:00,0.3402,0.3406,0.3402,0.3404,13286.52
2025-01-16 12:54:00,0.3405,0.3411,0.3405,0.3408,59776.24
2025-01-16 12:55:00,0.3408,0.341,0.3403,0.3404,35191.87
2025-01-16 12:56:00,0.3405,0.3406,0.3402,0.3402,7600.56
2025-01-16 12:57:00,0.3402,0.3405,0.3399,0.3404,9825.06
2025-01-16 12:58:00,0.3405,0.3411,0.3404,0.3405,31387.39
2025-01-16 12:59:00,0.3406,0.341,0.3405,0.3405,13301.54
2025-01-16 13:00:00,0.3405,0.3407,0.3399,0.3404,2391.97
2025-01-16 13:01:00,0.3403,0.3403,0.3397,0.3398,11696.29
2025-01-16 13:02:00,0.3396,0.3402,0.3396,0.3402,3827.1
2025-01-16 13:03:00,0.3398,0.3401,0.3395,0.3396,17545.21
2025-01-16 13:04:00,0.3394,0.3394,0.3379,0.3379,51583.41
2025-01-16 13:05:00,0.3379,0.3382,0.3371,0.3371,41234.84
2025-01-16 13:06:00,0.3374,0.3381,0.3366,0.3369,27526.6
2025-01-16 13:07:00,0.3369,0.3369,0.336,0.336,24845.38
2025-01-16 13:08:00,0.3359,0.3369,0.3356,0.3365,29772.77
2025-01-16 13:09:00,0.3363,0.3363,0.3354,0.3356,14640.44
2025-01-16 13:10:00,0.3356,0.3364,0.3353,0.3363,15818.42
2025-01-16 13:11:00,0.3364,0.3364,0.3353,0.3353,41759.25
2025-01-16 13:12:00,0.3351,0.3352,0.3343,0.3343,16934.2
2025-01-16 13:13:00,0.3342,0.3347,0.3336,0.3337,65027.56
2025-01-16 13:14:00,0.3335,0.3343,0.3334,0.3337,104484.7
2025-01-16 13:15:00,0.3336,0.3347,0.333,0.3347,19858.09
2025-01-16 13:16:00,0.3342,0.3349,0.3342,0.3347,1905.08
2025-01-16 13:17:00,0.3346,0.3356,0.3346,0.3356,25461.73
2025-01-16 13:18:00,0.3355,0.3362,0.3353,0.3358,23596.2
2025-01-16 13:19:00,0.3358,0.3364,0.3352,0.3353,7889.84
2025-01-16 13:20:00,0.3352,0.3352,0.3343,0.3345,28551.58
2025-01-16 13:21:00,0.3344,0.3348,0.3339,0.3345,24417.55
2025-01-16 13:22:00,0.3347,0.3353,0.3347,0.3351,5807.04
2025-01-16 13:23:00,0.335,0.3357,0.3349,0.3357,11707.73
2025-01-16 13:24:00,0.3358,0.3365,0.3357,0.3365,9877.73
2025-01-16 13:25:00,0.3364,0.3367,0.3361,0.3361,10528.02
2025-01-16 13:26:00,0.3359,0.3364,0.3359,0.3362,2509.25
2025-01-16 13:27:00,0.3362,0.3365,0.3361,0.3362,1521.93
2025-01-16 13:28:00,0.3359,0.3359,0.3351,0.3351,7212.54
2025-01-16 13:29:00,0.335,0.335,0.332,0.3327,182522.72
2025-01-16 13:30:00,0.3328,0.3355,0.3326,0.3355,396566.59
2025-01-16 13:31:00,0.3355,0.3365,0.3347,0.3348,126826.55
2025-01-16 13:32:00,0.3346,0.3353,0.3336,0.3353,57164.81
2025-01-16 13:33:00,0.3353,0.336,0.334,0.3357,39478.85
2025-01-16 13:34:00,0.3358,0.3366,0.3347,0.3351,30642.6
2025-01-16 13:35:00,0.335,0.3362,0.3342,0.3361,28116.52
2025-01-16 13:36:00,0.3361,0.3361,0.3339,0.3344,25000.24
2025-01-16 13:37:00,0.3347,0.3348,0.3337,0.3346,33881.82
2025-01-16 13:38:00,0.3347,0.3362,0.3344,0.3359,21522.66
2025-01-16 13:39:00,0.3361,0.3363,0.3349,0.3355,32646.31
2025-01-16 13:40:00,0.3356,0.3363,0.3344,0.3344,18300.42
2025-01-16 13:41:00,0.3344,0.3362,0.3341,0.3362,18595.26
2025-01-16 13:42:00,0.3363,0.3375,0.3359,0.3371,50785.28
2025-01-16 13:43:00,0.3369,0.3369,0.3359,0.3369,33894.55
2025-01-16 13:44:00,0.3368,0.337,0.3362,0.3363,15122.9
2025-01-16 13:45:00,0.3361,0.3366,0.3352,0.3352,20653.01
2025-01-16 13:46:00,0.3352,0.3359,0.335,0.3359,22964.36
2025-01-16 13:47:00,0.3357,0.3371,0.3354,0.3371,20645.17
2025-01-16 13:48:00,0.3371,0.3371,0.3357,0.3357,28593.63
2025-01-16 13:49:00,0.3356,0.3357,0.3351,0.3353,12892.93
2025-01-16 13:50:00,0.3351,0.3352,0.3347,0.3347,4330.68
2025-01-16 13:51:00,0.3354,0.3354,0.3347,0.3348,13266.51
2025-01-16 13:52:00,0.3351,0.3362,0.3351,0.336,9960.5
2025-01-16 13:53:00,0.3359,0.3361,0.3356,0.3361,11595.08
2025-01-16 13:54:00,0.3362,0.3363,0.3352,0.3352,12918.86
2025-01-16 13:55:00,0.335,0.3352,0.3346,0.3351,10241.55
2025-01-16 13:56:00,0.335,0.336,0.335,0.3359,6408.0
2025-01-16 13:57:00,0.3355,0.3356,0.335,0.3356,11569.7
2025-01-16 13:58:00,0.3355,0.3355,0.3348,0.3348,6104.59
2025-01-16 13:59:00,0.3346,0.3351,0.3346,0.3349,13847.8
2025-01-16 14:00:00,0.3351,0.3357,0.3351,0.3357,7061.37
2025-01-16 14:01:00,0.3358,0.336,0.3351,0.3353,11592.28
2025-01-16 14:02:00,0.3351,0.3351,0.3343,0.3348,18072.26
2025-01-16 14:03:00,0.3346,0.3346,0.3335,0.3337,32458.44
2025-01-16 14:04:00,0.3338,0.3339,0.3333,0.3336,6062.92
2025-01-16 14:05:00,0.3337,0.335,0.3337,0.335,49729.22
2025-01-16 14:06:00,0.3348,0.3348,0.334,0.3341,7711.37
2025-01-16 14:07:00,0.334,0.334,0.3338,0.3338,15196.36
2025-01-16 14:08:00,0.3333,0.3345,0.3333,0.3345,4725.0
2025-01-16 14:09:00,0.3344,0.3347,0.3343,0.3344,8799.88
2025-01-16 14:10:00,0.3345,0.3351,0.3345,0.335,15381.84
2025-01-16 14:11:00,0.335,0.3354,0.3348,0.3349,3729.85
2025-01-16 14:12:00,0.335,0.3355,0.335,0.3355,9487.66
2025-01-16 14:13:00,0.3355,0.3361,0.3355,0.3361,3605.54
2025-01-16 14:14:00,0.3359,0.336,0.3353,0.3357,4479.42
2025-01-16 14:15:00,0.3356,0.3364,0.3355,0.3362,11094.5
2025-01-16 14:16:00,0.3364,0.3364,0.336,0.336,9222.21
2025-01-16 14:17:00,0.3357,0.3358,0.3355,0.3358,6275.77
2025-01-16 14:18:00,0.3354,0.3356,0.3352,0.3356,1321.85
2025-01-16 14:19:00,0.3355,0.3355,0.3351,0.3355,8378.53
2025-01-16 14:20:00,0.3355,0.3355,0.335,0.3353,6033.48
2025-01-16 14:21:00,0.3349,0.335,0.3347,0.335,3344.35
2025-01-16 14:22:00,0.3347,0.3347,0.3344,0.3347,4504.09
2025-01-16 14:23:00,0.3346,0.3351,0.3345,0.3351,9644.61
2025-01-16 14:24:00,0.335,0.3351,0.3348,0.3348,6046.51
2025-01-16 14:25:00,0.3351,0.3353,0.3351,0.3353,4075.8
2025-01-16 14:26:00,0.3355,0.3355,0.3345,0.3346,13672.99
2025-01-16 14:27:00,0.3346,0.3346,0.3338,0.3339,29563.08
2025-01-16 14:28:00,0.3339,0.3345,0.3339,0.3345,4775.92
2025-01-16 14:29:00,0.3346,0.3347,0.3346,0.3346,2413.91
2025-01-16 14:30:00,0.3348,0.3348,0.3333,0.3333,13547.47
2025-01-16 14:31:00,0.3331,0.3336,0.3323,0.3323,20774.34
2025-01-16 14:32:00,0.3321,0.3327,0.3319,0.3319,28466.97
2025-01-16 14:33:00,0.3318,0.332,0.3316,0.3316,48960.12
2025-01-16 14:34:00,0.3314,0.3331,0.3314,0.3331,24045.98
2025-01-16 14:35:00,0.3332,0.3337,0.3324,0.3329,35979.57
2025-01-16 14:36:00,0.3328,0.333,0.3322,0.3322,6084.1
2025-01-16 14:37:00,0.3319,0.3322,0.3313,0.3314,25893.37
2025-01-16 14:38:00,0.3313,0.3322,0.3313,0.3315,9782.6
2025-01-16 14:39:00,0.3316,0.3316,0.3313,0.3313,37620.12
2025-01-16 14:40:00,0.3315,0.3317,0.3308,0.3308,19446.72
2025-01-16 14:41:00,0.3312,0.3314,0.3298,0.3299,29652.2
2025-01-16 14:42:00,0.3298,0.33,0.3294,0.3294,36201.99
2025-01-16 14:43:00,0.3294,0.3314,0.3288,0.3288,334275.6
2025-01-16 14:44:00,0.329,0.3292,0.3274,0.3279,96858.75
2025-01-16 14:45:00,0.3278,0.328,0.3262,0.3262,141888.53
2025-01-16 14:46:00,0.3263,0.3274,0.3251,0.3264,334199.5
2025-01-16 14:47:00,0.3263,0.3264,0.3233,0.3244,110291.1
2025-01-16 14:48:00,0.3245,0.327,0.3241,0.3259,316617.41
2025-01-16 14:49:00,0.326,0.3267,0.3237,0.3238,110716.21
2025-01-16 14:50:00,0.3241,0.3272,0.324,0.3268,207317.25
2025-01-16 14:51:00,0.3267,0.327,0.3248,0.3256,126050.22
2025-01-16 14:52:00,0.3256,0.3277,0.3256,0.3277,135332.88
2025-01-16 14:53:00,0.3277,0.3287,0.3275,0.3282,81523.88
2025-01-16 14:54:00,0.3282,0.3282,0.3259,0.326,84807.32
2025-01-16 14:55:00,0.326,0.3269,0.3258,0.3262,25487.36
2025-01-16 14:56:00,0.3258,0.3262,0.3254,0.3254,32337.23
2025-01-16 14:57:00,0.3254,0.3272,0.3254,0.3271,32368.18
2025-01-16 14:58:00,0.3272,0.3274,0.3262,0.3267,56233.72
2025-01-16 14:59:00,0.3268,0.3271,0.3263,0.3263,53270.95
2025-01-16 15:00:00,0.3263,0.3272,0.3259,0.3259,17976.22
2025-01-16 15:01:00,0.3259,0.3265,0.3253,0.3253,28124.13
2025-01-16 15:02:00,0.3254,0.3277,0.3254,0.3275,47352.9
2025-01-16 15:03:00,0.3276,0.3286,0.327,0.3284,70712.31
2025-01-16 15:04:00,0.3281,0.3289,0.3277,0.3288,37610.35
2025-01-16 15:05:00,0.3287,0.3291,0.327,0.328,91948.98
2025-01-16 15:06:00,0.3283,0.3294,0.328,0.3294,25287.29
2025-01-16 15:07:00,0.3292,0.3294,0.3279,0.3288,84803.92
2025-01-16 15:08:00,0.3291,0.3292,0.3278,0.3278,13950.31
2025-01-16 15:09:00,0.3279,0.3293,0.3279,0.3292,45125.03
2025-01-16 15:10:00,0.3293,0.3298,0.3286,0.329,11044.97
2025-01-16 15:11:00,0.3292,0.3302,0.3292,0.3293,57866.16
2025-01-16 15:12:00,0.3294,0.3294,0.3281,0.3282,23384.49
2025-01-16 15:13:00,0.3283,0.3285,0.3277,0.3279,16934.9
2025-01-16 15:14:00,0.328,0.3281,0.3274,0.3279,38746.81
2025-01-16 15:15:00,0.3279,0.3291,0.3275,0.329,32458.31
2025-01-16 15:16:00,0.329,0.33,0.3289,0.3296,20697.65
2025-01-16 15:17:00,0.3301,0.3304,0.3296,0.3297,28340.36
2025-01-16 15:18:00,0.33,0.3303,0.3296,0.3299,8456.19
2025-01-16 15:19:00,0.33,0.33,0.3296,0.3297,5474.8
2025-01-16 15:20:00,0.3298,0.3299,0.3294,0.3299,8208.53
2025-01-16 15:21:00,0.3299,0.3305,0.3299,0.3305,5310.78
2025-01-16 15:22:00,0.3306,0.3307,0.3298,0.3298,5896.41
2025-01-16 15:23:00,0.3298,0.3299,0.3295,0.3296,10220.45
2025-01-16 15:24:00,0.3297,0.3304,0.3297,0.33,12966.63
2025-01-16 15:25:00,0.3301,0.3305,0.3301,0.3305,7817.66
2025-01-16 15:26:00,0.3306,0.3309,0.3301,0.3306,8427.77
2025-01-16 15:27:00,0.3305,0.3308,0.3303,0.3304,5549.22
2025-01-16 15:28:00,0.3305,0.3307,0.3305,0.3306,5438.46
2025-01-16 15:29:00,0.3306,0.331,0.3305,0.3309,20877.56
2025-01-16 15:30:00,0.3306,0.3313,0.3304,0.3313,51060.2
2025-01-16 15:31:00,0.3312,0.3312,0.3298,0.3298,9337.43
2025-01-16 15:32:00,0.3299,0.3304,0.3299,0.3304,10376.4
2025-01-16 15:33:00,0.3303,0.3306,0.33,0.33,10020.39
2025-01-16 15:34:00,0.3301,0.3301,0.3294,0.3295,13476.06
2025-01-16 15:35:00,0.3294,0.3298,0.3293,0.3293,25569.79
2025-01-16 15:36:00,0.3292,0.3292,0.3286,0.3286,33781.6
2025-01-16 15:37:00,0.3289,0.3298,0.3289,0.3298,37648.04
2025-01-16 15:38:00,0.33,0.3308,0.33,0.3308,16162.94
2025-01-16 15:39:00,0.331,0.331,0.3307,0.3307,3118.95
2025-01-16 15:40:00,0.3308,0.3309,0.3298,0.3298,28224.27
2025-01-16 15:41:00,0.3297,0.3299,0.3295,0.3296,3795.66
2025-01-16 15:42:00,0.3296,0.3296,0.3296,0.3296,4197.12
2025-01-16 15:43:00,0.3295,0.3298,0.3295,0.3298,177.23
2025-01-16 15:44:00,0.3299,0.3302,0.3298,0.3301,9358.93
2025-01-16 15:45:00,0.3296,0.3299,0.3294,0.3294,6954.01
2025-01-16 15:46:00,0.3296,0.3298,0.3293,0.3298,38159.34
2025-01-16 15:47:00,0.3296,0.33,0.3295,0.33,23372.01
2025-01-16 15:48:00,0.33,0.3301,0.3298,0.3301,2795.69
2025-01-16 15:49:00,0.3303,0.3306,0.3302,0.3306,23265.88
2025-01-16 15:50:00,0.3307,0.331,0.3307,0.331,4315.7
2025-01-16 15:51:00,0.331,0.3316,0.3309,0.3315,14030.37
2025-01-16 15:52:00,0.3314,0.3317,0.3313,0.3316,20321.85
2025-01-16 15:53:00,0.3313,0.332,0.3313,0.332,6786.64
2025-01-16 15:54:00,0.3319,0.3319,0.3319,0.3319,3105.55
2025-01-16 15:55:00,0.3319,0.3319,0.3316,0.3317,2476.08
2025-01-16 15:56:00,0.3318,0.3321,0.3318,0.3318,26536.97
2025-01-16 15:57:00,0.3319,0.3322,0.3318,0.3321,3418.1
2025-01-16 15:58:00,0.3321,0.3327,0.332,0.3327,3936.87
2025-01-16 15:59:00,0.3328,0.3332,0.3327,0.3331,116501.52
2025-01-16 16:00:00,0.333,0.3335,0.3328,0.3333,16063.72
2025-01-16 16:01:00,0.3331,0.334,0.3331,0.334,20143.67
2025-01-16 16:02:00,0.3342,0.3348,0.3342,0.3346,50484.76
2025-01-16 16:03:00,0.3346,0.3348,0.334,0.3348,26527.85
2025-01-16 16:04:00,0.335,0.3354,0.335,0.3354,33567.98
2025-01-16 16:05:00,0.3352,0.3355,0.335,0.3353,22882.71
2025-01-16 16:06:00,0.3354,0.3366,0.3354,0.3365,46597.97
2025-01-16 16:07:00,0.3364,0.3371,0.3362,0.3371,47015.67
2025-01-16 16:08:00,0.3371,0.3373,0.3368,0.337,30355.81
2025-01-16 16:09:00,0.3367,0.3369,0.3365,0.3368,45327.31
2025-01-16 16:10:00,0.3369,0.337,0.3358,0.3361,42839.22
2025-01-16 16:11:00,0.3359,0.3359,0.3354,0.3356,21599.83
2025-01-16 16:12:00,0.336,0.3365,0.3359,0.3362,4038.16
2025-01-16 16:13:00,0.3362,0.3362,0.3359,0.3359,1436.37
2025-01-16 16:14:00,0.3357,0.3357,0.334,0.3342,414412.97
2025-01-16 16:15:00,0.3342,0.3345,0.3339,0.3339,10918.32
2025-01-16 16:16:00,0.334,0.334,0.3336,0.3337,11684.86
2025-01-16 16:17:00,0.3339,0.3339,0.333,0.3334,4879.52
2025-01-16 16:18:00,0.3333,0.3337,0.333,0.3336,15155.07
2025-01-16 16:19:00,0.3337,0.3341,0.3335,0.3341,23431.3
2025-01-16 16:20:00,0.3341,0.3342,0.3338,0.3338,1412.05
2025-01-16 16:21:00,0.3337,0.3338,0.3331,0.3336,24908.93
2025-01-16 16:22:00,0.3338,0.3343,0.3338,0.3343,11666.86
2025-01-16 16:23:00,0.3341,0.3347,0.3341,0.3347,3257.46
2025-01-16 16:24:00,0.3344,0.3348,0.3344,0.3345,1488.16
2025-01-16 16:25:00,0.3344,0.3347,0.3344,0.3345,1612.68
2025-01-16 16:26:00,0.335,0.3354,0.335,0.3354,2004.14
2025-01-16 16:27:00,0.3352,0.3355,0.3352,0.3352,9729.33
2025-01-16 16:28:00,0.3353,0.3357,0.3352,0.3352,5492.59
2025-01-16 16:29:00,0.3352,0.3354,0.3352,0.3353,9975.73
2025-01-16 16:30:00,0.3353,0.3353,0.3347,0.335,5720.34
2025-01-16 16:31:00,0.3351,0.3356,0.3351,0.3354,23908.35
2025-01-16 16:32:00,0.3354,0.3354,0.3342,0.3343,8207.95
2025-01-16 16:33:00,0.3347,0.3349,0.3346,0.3349,10326.89
2025-01-16 16:34:00,0.3348,0.3349,0.3344,0.3346,15601.74
2025-01-16 16:35:00,0.3343,0.3344,0.3337,0.3338,3757.83
2025-01-16 16:36:00,0.3339,0.3341,0.3337,0.3339,2824.69
2025-01-16 16:37:00,0.3342,0.3349,0.3342,0.3345,51685.42
2025-01-16 16:38:00,0.3346,0.3348,0.3338,0.3338,27001.52
2025-01-16 16:39:00,0.3338,0.3342,0.3338,0.3342,14777.79
2025-01-16 16:40:00,0.3343,0.3351,0.3343,0.3348,19587.52
2025-01-16 16:41:00,0.3347,0.3349,0.334,0.334,6589.17
2025-01-16 16:42:00,0.3341,0.3342,0.3332,0.3332,29662.66
2025-01-16 16:43:00,0.3332,0.3337,0.3331,0.3333,38721.65
2025-01-16 16:44:00,0.3333,0.3338,0.3333,0.3338,8571.69
2025-01-16 16:45:00,0.3337,0.3346,0.3337,0.3343,8674.66
2025-01-16 16:46:00,0.3342,0.3353,0.3342,0.3353,40576.16
2025-01-16 16:47:00,0.3352,0.3352,0.3346,0.3346,26922.71
2025-01-16 16:48:00,0.3347,0.3351,0.3343,0.3343,133095.64
2025-01-16 16:49:00,0.3345,0.3348,0.3345,0.3347,10251.48
2025-01-16 16:50:00,0.3348,0.335,0.3343,0.3345,10570.67
2025-01-16 16:51:00,0.3342,0.3346,0.3339,0.3346,15734.71
2025-01-16 16:52:00,0.3344,0.3344,0.3342,0.3344,5691.61
2025-01-16 16:53:00,0.3342,0.3349,0.3342,0.3349,4798.99
2025-01-16 16:54:00,0.3347,0.3347,0.3341,0.3344,7459.04
2025-01-16 16:55:00,0.3341,0.3342,0.3341,0.3342,4723.07
2025-01-16 16:56:00,0.3343,0.3346,0.3343,0.3344,6132.8
2025-01-16 16:57:00,0.3345,0.3346,0.3342,0.3344,12443.13
2025-01-16 16:58:00,0.3344,0.3346,0.3344,0.3346,7862.84
2025-01-16 16:59:00,0.3345,0.3345,0.3344,0.3344,63.95
2025-01-16 17:00:00,0.3339,0.3339,0.333,0.3331,15123.86
2025-01-16 17:01:00,0.3329,0.3334,0.3329,0.3332,7681.38
2025-01-16 17:02:00,0.3334,0.334,0.3333,0.3339,6738.45
2025-01-16 17:03:00,0.3339,0.3339,0.3335,0.3336,3041.24
2025-01-16 17:04:00,0.3334,0.3342,0.3333,0.3342,9005.64
2025-01-16 17:05:00,0.3342,0.3344,0.3336,0.3339,89724.25
2025-01-16 17:06:00,0.334,0.3341,0.3334,0.3335,4847.1
2025-01-16 17:07:00,0.3339,0.3341,0.3337,0.3338,5046.68
2025-01-16 17:08:00,0.334,0.334,0.3337,0.3338,1769.39
2025-01-16 17:09:00,0.3336,0.3338,0.3334,0.3337,11753.93
2025-01-16 17:10:00,0.3334,0.3337,0.3334,0.3335,22817.5
2025-01-16 17:11:00,0.3336,0.3339,0.3336,0.3339,2347.36
2025-01-16 17:12:00,0.3337,0.3342,0.3337,0.3342,14878.81
2025-01-16 17:13:00,0.3341,0.3341,0.3335,0.3336,8032.48
2025-01-16 17:14:00,0.3338,0.3339,0.3337,0.3338,14630.58
2025-01-16 17:15:00,0.3334,0.3336,0.3333,0.3336,2556.66
2025-01-16 17:16:00,0.3336,0.334,0.3336,0.3338,4551.9
2025-01-16 17:17:00,0.3338,0.3342,0.3338,0.334,9099.42
2025-01-16 17:18:00,0.3342,0.3348,0.3342,0.3348,4997.93
2025-01-16 17:19:00,0.3348,0.3348,0.3347,0.3347,1841.26
2025-01-16 17:20:00,0.3349,0.3353,0.3349,0.3351,5344.43
2025-01-16 17:21:00,0.335,0.3351,0.3349,0.335,1448.06
2025-01-16 17:22:00,0.335,0.335,0.3345,0.3345,2504.7
2025-01-16 17:23:00,0.335,0.3355,0.3349,0.3353,4715.29
2025-01-16 17:24:00,0.3354,0.3356,0.3352,0.3353,7023.3
2025-01-16 17:25:00,0.3355,0.3355,0.3352,0.3352,406.42
2025-01-16 17:26:00,0.3352,0.3354,0.3352,0.3354,656.17
2025-01-16 17:27:00,0.3354,0.3357,0.3354,0.3357,6576.9
2025-01-16 17:28:00,0.3356,0.3357,0.3356,0.3356,1465.26
2025-01-16 17:29:00,0.3354,0.3358,0.3354,0.3356,3803.56
2025-01-16 17:30:00,0.3358,0.3364,0.3358,0.3358,13363.95
2025-01-16 17:31:00,0.3361,0.3361,0.3356,0.3356,7895.62
2025-01-16 17:32:00,0.3358,0.3362,0.3358,0.3361,17236.33
2025-01-16 17:33:00,0.3362,0.3362,0.3357,0.3358,4173.86
2025-01-16 17:34:00,0.3358,0.3364,0.3358,0.3363,2987.17
2025-01-16 17:35:00,0.3361,0.3364,0.3361,0.3364,10524.59
2025-01-16 17:36:00,0.3366,0.337,0.3365,0.3369,50544.42
2025-01-16 17:37:00,0.3371,0.3371,0.3369,0.3371,2758.58
2025-01-16 17:38:00,0.3371,0.3375,0.3371,0.3373,18407.27
2025-01-16 17:39:00,0.3374,0.3376,0.3362,0.3362,15612.35
2025-01-16 17:40:00,0.336,0.3364,0.3359,0.3361,19444.44
2025-01-16 17:41:00,0.3361,0.3366,0.336,0.3366,9416.6
2025-01-16 17:42:00,0.3368,0.3369,0.3366,0.3366,3062.99
2025-01-16 17:43:00,0.3367,0.3369,0.3363,0.3363,11365.17
2025-01-16 17:44:00,0.3362,0.3365,0.3362,0.3365,7487.45
2025-01-16 17:45:00,0.3361,0.3367,0.3361,0.3367,7187.37
2025-01-16 17:46:00,0.3363,0.3363,0.3363,0.3363,1596.97
2025-01-16 17:47:00,0.3364,0.3364,0.3355,0.3355,9415.16
2025-01-16 17:48:00,0.3355,0.3357,0.3348,0.335,13009.75
2025-01-16 17:49:00,0.335,0.3356,0.3349,0.3354,14333.07
2025-01-16 17:50:00,0.3355,0.3358,0.3354,0.3354,3646.21
2025-01-16 17:51:00,0.3355,0.3355,0.3355,0.3355,53.18
2025-01-16 17:52:00,0.3355,0.3359,0.3355,0.3359,4703.5
2025-01-16 17:53:00,0.336,0.336,0.3355,0.3358,21500.13
2025-01-16 17:54:00,0.3357,0.3358,0.3355,0.3357,16532.36
2025-01-16 17:55:00,0.3358,0.3361,0.3358,0.336,3589.37
2025-01-16 17:56:00,0.3364,0.3367,0.3364,0.3367,12868.07
2025-01-16 17:57:00,0.3365,0.3369,0.3365,0.3369,6869.57
2025-01-16 17:58:00,0.337,0.337,0.3367,0.3367,5884.07
2025-01-16 17:59:00,0.3366,0.3367,0.3361,0.3363,133281.31
2025-01-16 18:00:00,0.3361,0.3365,0.3361,0.3364,8406.77
2025-01-16 18:01:00,0.3365,0.3367,0.3365,0.3367,3062.17
2025-01-16 18:02:00,0.3368,0.3368,0.3365,0.3368,20863.09
2025-01-16 18:03:00,0.337,0.3371,0.3369,0.337,4371.98
2025-01-16 18:04:00,0.3369,0.3373,0.3369,0.3372,9208.3
2025-01-16 18:05:00,0.3371,0.3373,0.3368,0.3371,17584.44
2025-01-16 18:06:00,0.3372,0.3374,0.3371,0.3374,6279.09
2025-01-16 18:07:00,0.3375,0.3376,0.3375,0.3375,5563.55
2025-01-16 18:08:00,0.3374,0.3378,0.3374,0.3375,3349.35
2025-01-16 18:09:00,0.3376,0.3376,0.3372,0.3372,3048.37
2025-01-16 18:10:00,0.3372,0.3372,0.3371,0.3371,25809.51
2025-01-16 18:11:00,0.337,0.3371,0.3364,0.3364,4584.41
2025-01-16 18:12:00,0.3365,0.3366,0.3363,0.3364,5234.89
2025-01-16 18:13:00,0.3365,0.3365,0.3363,0.3364,3808.61
2025-01-16 18:14:00,0.3364,0.3365,0.3364,0.3365,683.65
2025-01-16 18:15:00,0.3366,0.3368,0.3366,0.3367,7341.92
2025-01-16 18:16:00,0.3364,0.3365,0.336,0.336,2829.63
2025-01-16 18:17:00,0.336,0.3361,0.3358,0.3359,2657.79
2025-01-16 18:18:00,0.3358,0.3358,0.3355,0.3357,8578.1
2025-01-16 18:19:00,0.3357,0.3358,0.3354,0.3354,32077.33
2025-01-16 18:20:00,0.3353,0.3362,0.3353,0.3362,63497.43
2025-01-16 18:21:00,0.3363,0.3363,0.336,0.3361,10722.55
2025-01-16 18:22:00,0.3363,0.3363,0.3357,0.3361,1787.34
2025-01-16 18:23:00,0.3358,0.3361,0.3358,0.3361,1039.42
2025-01-16 18:24:00,0.3361,0.3361,0.3357,0.3357,13237.61
2025-01-16 18:25:00,0.3358,0.3358,0.3355,0.3358,13057.25
2025-01-16 18:26:00,0.3357,0.3357,0.3351,0.3353,7090.9
2025-01-16 18:27:00,0.3352,0.3352,0.3346,0.3348,6309.81
2025-01-16 18:28:00,0.3347,0.3349,0.3346,0.3349,6113.85
2025-01-16 18:29:00,0.3348,0.3348,0.3344,0.3344,5577.69
2025-01-16 18:30:00,0.3343,0.3347,0.3341,0.3347,12891.48
2025-01-16 18:31:00,0.3347,0.3347,0.3343,0.3344,12716.87
2025-01-16 18:32:00,0.3343,0.3344,0.3338,0.3338,7780.16
2025-01-16 18:33:00,0.3337,0.334,0.3334,0.334,122110.18
2025-01-16 18:34:00,0.3338,0.3338,0.3331,0.3336,51161.14
2025-01-16 18:35:00,0.3336,0.3341,0.3335,0.3339,28264.63
2025-01-16 18:36:00,0.334,0.334,0.3334,0.3334,6300.47
2025-01-16 18:37:00,0.3332,0.3336,0.3332,0.3336,5519.42
2025-01-16 18:38:00,0.3336,0.3336,0.333,0.333,13341.57
2025-01-16 18:39:00,0.3332,0.3334,0.3332,0.3334,4483.8
2025-01-16 18:40:00,0.3337,0.3338,0.3335,0.3336,966.33
2025-01-16 18:41:00,0.3339,0.3339,0.3338,0.3338,1568.83
2025-01-16 18:42:00,0.3336,0.3336,0.3334,0.3336,4210.84
2025-01-16 18:43:00,0.3337,0.3337,0.3335,0.3335,8644.91
2025-01-16 18:44:00,0.3334,0.3335,0.3334,0.3335,14655.94
2025-01-16 18:45:00,0.3335,0.3337,0.3333,0.3333,20856.41
2025-01-16 18:46:00,0.3332,0.3334,0.3332,0.3334,3463.7
2025-01-16 18:47:00,0.3332,0.3332,0.333,0.333,9224.28
2025-01-16 18:48:00,0.3331,0.3333,0.3329,0.3333,7024.91
2025-01-16 18:49:00,0.3332,0.334,0.3332,0.334,17000.9
2025-01-16 18:50:00,0.3339,0.3342,0.3338,0.3339,14478.97
2025-01-16 18:51:00,0.3339,0.3342,0.3338,0.3338,5569.18
2025-01-16 18:52:00,0.3337,0.334,0.3337,0.3339,2473.42
2025-01-16 18:53:00,0.3341,0.3343,0.334,0.3343,3966.93
2025-01-16 18:54:00,0.3344,0.3346,0.3343,0.3344,6678.03
2025-01-16 18:55:00,0.3343,0.3346,0.3343,0.3343,1033.67
2025-01-16 18:56:00,0.3341,0.3341,0.3341,0.3341,490.79
2025-01-16 18:57:00,0.3342,0.3343,0.3342,0.3342,1563.85
2025-01-16 18:58:00,0.3341,0.3341,0.3341,0.3341,4273.5
2025-01-16 18:59:00,0.334,0.334,0.3338,0.3338,5089.37
2025-01-16 19:00:00,0.3337,0.3337,0.333,0.333,13401.85
2025-01-16 19:01:00,0.3329,0.3329,0.3328,0.3328,8598.0
2025-01-16 19:02:00,0.3331,0.3333,0.3331,0.3331,1587.65
2025-01-16 19:03:00,0.333,0.3333,0.333,0.3333,4024.44
2025-01-16 19:04:00,0.3335,0.3336,0.3333,0.3336,5429.54
2025-01-16 19:05:00,0.3338,0.334,0.3337,0.3337,5714.03
2025-01-16 19:06:00,0.3337,0.3342,0.3337,0.3341,8186.02
2025-01-16 19:07:00,0.3342,0.3342,0.3342,0.3342,570.76
2025-01-16 19:08:00,0.3344,0.3345,0.334,0.334,6485.03
2025-01-16 19:09:00,0.334,0.334,0.334,0.334,0.0
2025-01-16 19:10:00,0.334,0.3344,0.3339,0.3343,12941.96
2025-01-16 19:11:00,0.3343,0.3343,0.3343,0.3343,1017.52
2025-01-16 19:12:00,0.3345,0.3345,0.3345,0.3345,941.1
2025-01-16 19:13:00,0.3346,0.3349,0.3346,0.3348,4050.75
2025-01-16 19:14:00,0.3348,0.3348,0.3345,0.3345,8238.33
2025-01-16 19:15:00,0.3346,0.3346,0.3341,0.3343,7014.75
2025-01-16 19:16:00,0.3342,0.3344,0.3342,0.3344,8312.55
2025-01-16 19:17:00,0.3346,0.3349,0.3346,0.3349,1651.49
2025-01-16 19:18:00,0.3349,0.3349,0.3346,0.3348,4967.89
2025-01-16 19:19:00,0.3348,0.3353,0.3348,0.3352,20415.37
2025-01-16 19:20:00,0.3351,0.3351,0.3349,0.3349,1485.12
2025-01-16 19:21:00,0.3349,0.3349,0.3347,0.3348,1388.34
2025-01-16 19:22:00,0.3348,0.3348,0.3336,0.3338,16411.41
2025-01-16 19:23:00,0.3338,0.3339,0.3338,0.3338,3137.09
2025-01-16 19:24:00,0.3338,0.334,0.3338,0.334,2004.8
2025-01-16 19:25:00,0.3341,0.3342,0.3341,0.3342,5619.18
2025-01-16 19:26:00,0.3347,0.3347,0.3346,0.3346,491.78
2025-01-16 19:27:00,0.3349,0.3349,0.3349,0.3349,445.92
2025-01-16 19:28:00,0.335,0.335,0.335,0.335,1107.56
2025-01-16 19:29:00,0.335,0.3351,0.3349,0.3349,2127.7
2025-01-16 19:30:00,0.3348,0.335,0.3346,0.3349,13223.01
2025-01-16 19:31:00,0.3348,0.335,0.3347,0.3349,5617.03
2025-01-16 19:32:00,0.3349,0.3349,0.3349,0.3349,3349.22
2025-01-16 19:33:00,0.3348,0.3348,0.3347,0.3348,6097.08
2025-01-16 19:34:00,0.3349,0.3353,0.3349,0.3353,15619.76
2025-01-16 19:35:00,0.3352,0.3352,0.3348,0.3348,4420.96
2025-01-16 19:36:00,0.3348,0.3353,0.3348,0.3353,2609.19
2025-01-16 19:37:00,0.3356,0.3356,0.3353,0.3353,33557.0
2025-01-16 19:38:00,0.3353,0.3357,0.3352,0.3357,24812.04
2025-01-16 19:39:00,0.3358,0.3359,0.3358,0.3358,3192.22
2025-01-16 19:40:00,0.3359,0.336,0.3359,0.336,2667.24
2025-01-16 19:41:00,0.336,0.336,0.3356,0.3357,16391.91
2025-01-16 19:42:00,0.3357,0.3357,0.3355,0.3356,9908.83
2025-01-16 19:43:00,0.3356,0.3358,0.3356,0.3358,3000.05
2025-01-16 19:44:00,0.3359,0.3359,0.3359,0.3359,297.75
2025-01-16 19:45:00,0.3358,0.3361,0.3357,0.3359,15709.05
2025-01-16 19:46:00,0.3361,0.3361,0.336,0.3361,1449.63
2025-01-16 19:47:00,0.3362,0.3365,0.3362,0.3362,1874.49
2025-01-16 19:48:00,0.3362,0.337,0.3361,0.3369,43378.48
2025-01-16 19:49:00,0.337,0.337,0.337,0.337,1588.69
2025-01-16 19:50:00,0.337,0.3371,0.3366,0.3366,11066.42
2025-01-16 19:51:00,0.3367,0.3367,0.3364,0.3365,5677.87
2025-01-16 19:52:00,0.3363,0.3365,0.3361,0.3365,23401.63
2025-01-16 19:53:00,0.3364,0.3367,0.3364,0.3367,1771.62
2025-01-16 19:54:00,0.3368,0.3369,0.3368,0.3368,3915.99
2025-01-16 19:55:00,0.3369,0.3371,0.3369,0.3371,3427.8
2025-01-16 19:56:00,0.3373,0.3373,0.3371,0.3372,16835.19
2025-01-16 19:57:00,0.3372,0.3372,0.3372,0.3372,212.54
2025-01-16 19:58:00,0.3374,0.3378,0.3374,0.3377,17460.13
2025-01-16 19:59:00,0.3378,0.3378,0.3377,0.3377,669.63
2025-01-16 20:00:00,0.3377,0.338,0.3377,0.3379,6821.18
2025-01-16 20:01:00,0.3379,0.3383,0.3379,0.3383,304.58
2025-01-16 20:02:00,0.3382,0.3382,0.3379,0.3381,20530.54
2025-01-16 20:03:00,0.3382,0.3387,0.3381,0.3387,37600.55
2025-01-16 20:04:00,0.3387,0.3389,0.3375,0.3376,72331.72
2025-01-16 20:05:00,0.3376,0.3379,0.3373,0.3373,4291.09
2025-01-16 20:06:00,0.3371,0.3372,0.3371,0.3371,1473.07
2025-01-16 20:07:00,0.337,0.3371,0.3366,0.3367,13841.88
2025-01-16 20:08:00,0.3369,0.3371,0.3368,0.337,6228.67
2025-01-16 20:09:00,0.337,0.3374,0.337,0.3373,3854.15
2025-01-16 20:10:00,0.3369,0.3369,0.3368,0.3368,6546.61
2025-01-16 20:11:00,0.3367,0.3371,0.3365,0.3371,6955.94
2025-01-16 20:12:00,0.3372,0.3374,0.337,0.337,5512.39
2025-01-16 20:13:00,0.3372,0.3374,0.3369,0.3369,14431.44
2025-01-16 20:14:00,0.337,0.337,0.3367,0.3367,2259.57
2025-01-16 20:15:00,0.3366,0.337,0.3366,0.337,4153.78
2025-01-16 20:16:00,0.3366,0.3368,0.3366,0.3368,2276.5
2025-01-16 20:17:00,0.3366,0.3366,0.3362,0.3362,16677.25
2025-01-16 20:18:00,0.3362,0.3363,0.3358,0.336,29541.67
2025-01-16 20:19:00,0.3357,0.3359,0.3356,0.3358,2249.8
2025-01-16 20:20:00,0.3359,0.3362,0.3357,0.3358,6661.06
2025-01-16 20:21:00,0.3358,0.3361,0.3357,0.3359,20345.83
2025-01-16 20:22:00,0.3363,0.3364,0.3355,0.3358,10517.25
2025-01-16 20:23:00,0.3358,0.3358,0.3351,0.3352,6321.9
2025-01-16 20:24:00,0.3354,0.3355,0.3354,0.3355,627.93
2025-01-16 20:25:00,0.3351,0.3352,0.3349,0.3349,2307.59
2025-01-16 20:26:00,0.335,0.3357,0.335,0.3357,4898.13
2025-01-16 20:27:00,0.3353,0.3354,0.3351,0.3354,9374.17
2025-01-16 20:28:00,0.3354,0.3355,0.3354,0.3355,3013.97
2025-01-16 20:29:00,0.3356,0.3361,0.3356,0.3361,2150.98
2025-01-16 20:30:00,0.3359,0.3362,0.3359,0.3361,5531.98
2025-01-16 20:31:00,0.336,0.336,0.3357,0.3357,2370.95
2025-01-16 20:32:00,0.3359,0.3366,0.3359,0.3366,741.77
2025-01-16 20:33:00,0.3364,0.3364,0.3361,0.3361,13340.27
2025-01-16 20:34:00,0.3364,0.3368,0.3364,0.3364,5509.09
2025-01-16 20:35:00,0.3362,0.3364,0.3362,0.3364,661.11
2025-01-16 20:36:00,0.3365,0.3365,0.3365,0.3365,445.78
2025-01-16 20:37:00,0.3364,0.3364,0.3364,0.3364,956.89
2025-01-16 20:38:00,0.3361,0.3361,0.3359,0.3359,943.58
2025-01-16 20:39:00,0.3359,0.3359,0.3357,0.3357,449.89
2025-01-16 20:40:00,0.3355,0.3357,0.3355,0.3357,2999.26
2025-01-16 20:41:00,0.3357,0.3361,0.3357,0.3359,1163.15
2025-01-16 20:42:00,0.3358,0.3363,0.3358,0.3362,1438.52
2025-01-16 20:43:00,0.3363,0.3363,0.3362,0.3362,1561.83
2025-01-16 20:44:00,0.3362,0.3363,0.3362,0.3363,1552.73
2025-01-16 20:45:00,0.3367,0.3368,0.3367,0.3368,4439.11
2025-01-16 20:46:00,0.3369,0.3369,0.3369,0.3369,565.66
2025-01-16 20:47:00,0.3362,0.3363,0.3362,0.3363,2458.09
2025-01-16 20:48:00,0.3361,0.3361,0.3353,0.3353,3667.79
2025-01-16 20:49:00,0.3353,0.3357,0.3353,0.3357,1423.24
2025-01-16 20:50:00,0.3359,0.3359,0.3357,0.3357,2402.61
2025-01-16 20:51:00,0.3357,0.3359,0.3357,0.3359,928.22
2025-01-16 20:52:00,0.3359,0.3359,0.3359,0.3359,72.93
2025-01-16 20:53:00,0.3363,0.3363,0.3357,0.3357,3957.48
2025-01-16 20:54:00,0.3355,0.3358,0.3353,0.3358,30898.94
2025-01-16 20:55:00,0.3358,0.3358,0.3351,0.3352,4388.2
2025-01-16 20:56:00,0.3353,0.3353,0.3353,0.3353,361.13
2025-01-16 20:57:00,0.3355,0.3355,0.3352,0.3354,3832.35
2025-01-16 20:58:00,0.3356,0.336,0.3356,0.3358,4677.07
2025-01-16 20:59:00,0.3359,0.3361,0.3357,0.336,10916.32
2025-01-16 21:00:00,0.336,0.336,0.3356,0.3356,2826.8
2025-01-16 21:01:00,0.3354,0.3354,0.3346,0.3346,4393.59
2025-01-16 21:02:00,0.3347,0.3349,0.3346,0.3349,3663.25
2025-01-16 21:03:00,0.3349,0.3349,0.334,0.334,10224.86
2025-01-16 21:04:00,0.334,0.3341,0.3336,0.3336,9848.38
2025-01-16 21:05:00,0.3336,0.3341,0.3336,0.334,2989.44
2025-01-16 21:06:00,0.3339,0.3342,0.3337,0.334,9436.07
2025-01-16 21:07:00,0.334,0.3344,0.334,0.3344,8634.0
2025-01-16 21:08:00,0.3343,0.3344,0.3342,0.3343,10790.02
2025-01-16 21:09:00,0.3342,0.3345,0.3342,0.3345,2027.45
2025-01-16 21:10:00,0.3344,0.3347,0.3344,0.3347,3480.09
2025-01-16 21:11:00,0.3346,0.3348,0.3345,0.3348,1749.3
2025-01-16 21:12:00,0.3351,0.3353,0.3351,0.3353,4278.76
2025-01-16 21:13:00,0.3353,0.3353,0.3351,0.3351,367.96
2025-01-16 21:14:00,0.3349,0.3351,0.3349,0.3351,781.87
2025-01-16 21:15:00,0.335,0.335,0.3348,0.3348,4599.67
2025-01-16 21:16:00,0.3348,0.335,0.3347,0.3347,8791.3
2025-01-16 21:17:00,0.3349,0.3349,0.3345,0.3345,1955.28
2025-01-16 21:18:00,0.3345,0.3345,0.3341,0.3341,2637.11
2025-01-16 21:19:00,0.3337,0.3337,0.3332,0.3336,2886.26
2025-01-16 21:20:00,0.3332,0.3337,0.333,0.333,46635.78
2025-01-16 21:21:00,0.3331,0.3331,0.3324,0.3324,23021.73
2025-01-16 21:22:00,0.3325,0.3328,0.3325,0.3325,5933.69
2025-01-16 21:23:00,0.3324,0.3327,0.3321,0.3321,17494.09
2025-01-16 21:24:00,0.3322,0.3327,0.3322,0.3325,4458.68
2025-01-16 21:25:00,0.3324,0.3329,0.3324,0.3328,2053.28
2025-01-16 21:26:00,0.3327,0.333,0.3327,0.333,482.75
2025-01-16 21:27:00,0.3329,0.3333,0.3329,0.3333,3673.61
2025-01-16 21:28:00,0.3333,0.3333,0.3333,0.3333,0.0
2025-01-16 21:29:00,0.3332,0.3335,0.3332,0.3335,2711.12
2025-01-16 21:30:00,0.3336,0.3338,0.3333,0.3334,18440.29
2025-01-16 21:31:00,0.3336,0.3337,0.3333,0.3336,10476.65
2025-01-16 21:32:00,0.3333,0.3335,0.3332,0.3335,1883.96
2025-01-16 21:33:00,0.3335,0.3335,0.3334,0.3334,1250.05
2025-01-16 21:34:00,0.3332,0.3334,0.3331,0.3334,10349.59
2025-01-16 21:35:00,0.3331,0.3332,0.3329,0.3329,5081.68
2025-01-16 21:36:00,0.333,0.3333,0.333,0.333,11141.49
2025-01-16 21:37:00,0.333,0.3331,0.333,0.3331,6909.49
2025-01-16 21:38:00,0.3336,0.3336,0.3333,0.3335,2136.76
2025-01-16 21:39:00,0.3335,0.3335,0.3335,0.3335,0.0
2025-01-16 21:40:00,0.3338,0.3338,0.3337,0.3337,3285.79
2025-01-16 21:41:00,0.3337,0.3337,0.3336,0.3336,64.27
2025-01-16 21:42:00,0.3339,0.3339,0.3339,0.3339,269.54
2025-01-16 21:43:00,0.334,0.3344,0.334,0.3342,3089.9
2025-01-16 21:44:00,0.3342,0.3343,0.3342,0.3342,4756.07
2025-01-16 21:45:00,0.3342,0.3343,0.334,0.3341,2919.21
2025-01-16 21:46:00,0.3342,0.3343,0.334,0.334,2580.46
2025-01-16 21:47:00,0.334,0.334,0.334,0.334,286.4
2025-01-16 21:48:00,0.3339,0.3339,0.3336,0.3336,579.66
2025-01-16 21:49:00,0.3335,0.3338,0.3334,0.3335,13817.28
2025-01-16 21:50:00,0.3329,0.3329,0.3329,0.3329,9017.42
2025-01-16 21:51:00,0.3329,0.3329,0.3326,0.3326,2511.43
2025-01-16 21:52:00,0.3326,0.3326,0.3325,0.3325,496.68
2025-01-16 21:53:00,0.3326,0.3326,0.3325,0.3325,1277.69
2025-01-16 21:54:00,0.3326,0.3328,0.3326,0.3328,2560.4
2025-01-16 21:55:00,0.3326,0.3326,0.3325,0.3325,1955.25
2025-01-16 21:56:00,0.3329,0.3329,0.3327,0.3328,13891.13
2025-01-16 21:57:00,0.3328,0.3328,0.3327,0.3328,10367.88
2025-01-16 21:58:00,0.3328,0.3328,0.3328,0.3328,0.0
2025-01-16 21:59:00,0.3328,0.3328,0.3328,0.3328,12357.72
2025-01-16 22:00:00,0.3329,0.3333,0.3329,0.3333,9559.3
2025-01-16 22:01:00,0.333,0.333,0.3325,0.3325,14402.74
2025-01-16 22:02:00,0.3326,0.3327,0.3324,0.3324,15776.73
2025-01-16 22:03:00,0.3322,0.3322,0.3317,0.3317,9264.13
2025-01-16 22:04:00,0.3317,0.332,0.3316,0.3319,3736.03
2025-01-16 22:05:00,0.332,0.3321,0.3319,0.3319,3632.66
2025-01-16 22:06:00,0.3317,0.3319,0.3312,0.3319,48755.92
2025-01-16 22:07:00,0.3319,0.3319,0.3314,0.3314,7584.71
2025-01-16 22:08:00,0.3313,0.3314,0.3311,0.3312,37655.84
2025-01-16 22:09:00,0.3311,0.3312,0.331,0.3312,3392.63
2025-01-16 22:10:00,0.3311,0.3312,0.331,0.3312,10969.48
2025-01-16 22:11:00,0.3311,0.3311,0.3306,0.3307,7867.53
2025-01-16 22:12:00,0.3307,0.3308,0.3302,0.3304,129645.51
2025-01-16 22:13:00,0.3305,0.3307,0.3305,0.3307,16531.1
2025-01-16 22:14:00,0.3308,0.3315,0.3308,0.3315,9006.4
2025-01-16 22:15:00,0.3316,0.3316,0.3315,0.3315,6252.57
2025-01-16 22:16:00,0.3314,0.3317,0.3314,0.3317,5542.49
2025-01-16 22:17:00,0.3316,0.3316,0.3314,0.3314,633.9
2025-01-16 22:18:00,0.3313,0.3313,0.3311,0.3311,1344.92
2025-01-16 22:19:00,0.3309,0.3309,0.3303,0.3306,5847.58
2025-01-16 22:20:00,0.3305,0.3305,0.3301,0.3301,2666.45
2025-01-16 22:21:00,0.33,0.33,0.3297,0.3297,14023.7
2025-01-16 22:22:00,0.3297,0.3299,0.3297,0.3298,4007.97
2025-01-16 22:23:00,0.3298,0.3302,0.3298,0.3301,10591.88
2025-01-16 22:24:00,0.3302,0.3305,0.3302,0.3305,3327.55
2025-01-16 22:25:00,0.3304,0.3304,0.3302,0.3302,4712.71
2025-01-16 22:26:00,0.3303,0.3303,0.33,0.33,8295.67
2025-01-16 22:27:00,0.33,0.3303,0.33,0.3303,8630.85
2025-01-16 22:28:00,0.3302,0.3302,0.3301,0.3301,414.39
2025-01-16 22:29:00,0.3302,0.3302,0.3301,0.3301,1725.9
2025-01-16 22:30:00,0.33,0.33,0.3295,0.3295,3153.68
2025-01-16 22:31:00,0.3295,0.3295,0.3287,0.3288,26902.61
2025-01-16 22:32:00,0.3288,0.3288,0.3286,0.3286,1502.14
2025-01-16 22:33:00,0.3287,0.329,0.3287,0.3289,10957.28
2025-01-16 22:34:00,0.3288,0.3288,0.3285,0.3285,4064.39
2025-01-16 22:35:00,0.3285,0.3286,0.328,0.328,14684.71
2025-01-16 22:36:00,0.3281,0.3282,0.3281,0.3282,16573.99
2025-01-16 22:37:00,0.3282,0.3282,0.3279,0.3281,23661.14
2025-01-16 22:38:00,0.3281,0.3285,0.3281,0.3285,7520.33
2025-01-16 22:39:00,0.3288,0.3288,0.3284,0.3286,28919.16
2025-01-16 22:40:00,0.3287,0.3289,0.3285,0.3285,8927.86
2025-01-16 22:41:00,0.3286,0.3286,0.3286,0.3286,670.0
2025-01-16 22:42:00,0.3285,0.3285,0.328,0.328,35484.71
2025-01-16 22:43:00,0.3281,0.3281,0.328,0.328,1704.79
2025-01-16 22:44:00,0.328,0.328,0.3278,0.3279,2339.63
2025-01-16 22:45:00,0.3279,0.3279,0.3279,0.3279,360.0
2025-01-16 22:46:00,0.3278,0.3278,0.3278,0.3278,234.8
2025-01-16 22:47:00,0.3279,0.3281,0.3279,0.3281,9427.63
2025-01-16 22:48:00,0.3283,0.3287,0.3283,0.3287,1495.33
2025-01-16 22:49:00,0.3287,0.3289,0.3287,0.3289,12407.4
2025-01-16 22:50:00,0.3289,0.329,0.3289,0.3289,7574.86
2025-01-16 22:51:00,0.3289,0.3289,0.3289,0.3289,0.0
2025-01-16 22:52:00,0.3289,0.3289,0.3287,0.3287,9363.47
2025-01-16 22:53:00,0.3286,0.3286,0.3284,0.3284,97.84
2025-01-16 22:54:00,0.3284,0.3288,0.3284,0.3288,3375.0
2025-01-16 22:55:00,0.3287,0.3287,0.3287,0.3287,30.42
2025-01-16 22:56:00,0.3289,0.3292,0.3287,0.3287,10357.46
2025-01-16 22:57:00,0.3286,0.329,0.3286,0.329,3368.29
2025-01-16 22:58:00,0.3285,0.3286,0.3284,0.3286,1466.11
2025-01-16 22:59:00,0.3283,0.3291,0.3283,0.3287,8896.17
2025-01-16 23:00:00,0.3285,0.3291,0.3285,0.329,3483.25
2025-01-16 23:01:00,0.3291,0.3291,0.3291,0.3291,81.5
2025-01-16 23:02:00,0.3297,0.33,0.3296,0.3299,6136.9
2025-01-16 23:03:00,0.3299,0.3299,0.3298,0.3299,5019.39
2025-01-16 23:04:00,0.3298,0.3304,0.3298,0.33,63968.59
2025-01-16 23:05:00,0.3302,0.3303,0.3298,0.3298,22661.07
2025-01-16 23:06:00,0.3299,0.3302,0.3299,0.3302,5504.24
2025-01-16 23:07:00,0.3302,0.3304,0.3299,0.3299,7735.58
2025-01-16 23:08:00,0.33,0.3301,0.3298,0.3301,6621.77
2025-01-16 23:09:00,0.33,0.3301,0.3299,0.3301,4089.83
2025-01-16 23:10:00,0.3301,0.3303,0.3301,0.3302,1950.04
2025-01-16 23:11:00,0.33,0.3303,0.33,0.3303,12487.62
2025-01-16 23:12:00,0.3304,0.3305,0.3304,0.3305,445.44
2025-01-16 23:13:00,0.3304,0.3304,0.3299,0.3299,302.3
2025-01-16 23:14:00,0.3301,0.3301,0.3301,0.3301,608.93
2025-01-16 23:15:00,0.3299,0.3301,0.3299,0.33,3590.82
2025-01-16 23:16:00,0.3299,0.3299,0.3297,0.3297,855.2
2025-01-16 23:17:00,0.3298,0.3301,0.3296,0.3298,30959.71
2025-01-16 23:18:00,0.3298,0.3298,0.3298,0.3298,1224.26
2025-01-16 23:19:00,0.3295,0.3295,0.3293,0.3293,2410.65
2025-01-16 23:20:00,0.3289,0.329,0.3288,0.329,445.2
2025-01-16 23:21:00,0.3287,0.3287,0.3285,0.3285,1673.02
2025-01-16 23:22:00,0.3283,0.3284,0.3282,0.3284,7921.2
2025-01-16 23:23:00,0.3284,0.3284,0.328,0.328,2293.29
2025-01-16 23:24:00,0.3279,0.3279,0.3273,0.3274,10703.62
2025-01-16 23:25:00,0.3275,0.3275,0.3271,0.3273,23097.11
2025-01-16 23:26:00,0.3274,0.3276,0.3274,0.3276,7448.04
2025-01-16 23:27:00,0.3276,0.328,0.3276,0.328,14559.45
2025-01-16 23:28:00,0.328,0.3281,0.3279,0.3281,2824.48
2025-01-16 23:29:00,0.3281,0.3281,0.3277,0.3278,2828.03
2025-01-16 23:30:00,0.3279,0.3281,0.3276,0.3278,4494.87
2025-01-16 23:31:00,0.3279,0.328,0.3278,0.3279,5704.72
2025-01-16 23:32:00,0.328,0.3287,0.3279,0.3287,5149.34
2025-01-16 23:33:00,0.3287,0.3287,0.3286,0.3286,312.0
2025-01-16 23:34:00,0.3287,0.3291,0.3287,0.3291,4647.56
2025-01-16 23:35:00,0.3291,0.3291,0.3291,0.3291,231.87
2025-01-16 23:36:00,0.3292,0.3292,0.3289,0.3289,3095.35
2025-01-16 23:37:00,0.3289,0.3292,0.3288,0.3292,18969.22
2025-01-16 23:38:00,0.329,0.3291,0.329,0.3291,111.13
2025-01-16 23:39:00,0.329,0.3293,0.329,0.3293,10592.24
2025-01-16 23:40:00,0.329,0.329,0.3288,0.3289,40120.94
2025-01-16 23:41:00,0.3289,0.3291,0.3289,0.3291,714.87
2025-01-16 23:42:00,0.3291,0.3291,0.3291,0.3291,500.0
2025-01-16 23:43:00,0.3292,0.3296,0.3292,0.3296,4484.28
2025-01-16 23:44:00,0.3296,0.3296,0.3295,0.3295,129.39
2025-01-16 23:45:00,0.3297,0.3297,0.3296,0.3296,3751.49
2025-01-16 23:46:00,0.3295,0.3295,0.3294,0.3294,150.31
2025-01-16 23:47:00,0.3295,0.3295,0.3295,0.3295,154.08
2025-01-16 23:48:00,0.3296,0.3297,0.3296,0.3297,579.68
2025-01-16 23:49:00,0.3299,0.33,0.3299,0.33,4811.02
2025-01-16 23:50:00,0.3301,0.3301,0.33,0.3301,358.4
2025-01-16 23:51:00,0.3297,0.3297,0.3297,0.3297,422.18
2025-01-16 23:52:00,0.3297,0.3297,0.3297,0.3297,0.0
2025-01-16 23:53:00,0.3299,0.3301,0.3299,0.3301,807.07
2025-01-16 23:54:00,0.33,0.33,0.3299,0.3299,2461.45
2025-01-16 23:55:00,0.3297,0.3301,0.3297,0.3301,5847.36
2025-01-16 23:56:00,0.3301,0.3302,0.33,0.3302,2686.34
2025-01-16 23:57:00,0.3299,0.3299,0.3293,0.3295,45580.01
2025-01-16 23:58:00,0.3295,0.3295,0.3294,0.3294,6250.48
2025-01-16 23:59:00,0.3293,0.3294,0.3292,0.3294,12852.31
2025-01-17 00:00:00,0.3295,0.3306,0.3295,0.3306,17321.65
2025-01-17 00:01:00,0.3308,0.3314,0.3307,0.3314,9941.66
2025-01-17 00:02:00,0.3314,0.3315,0.3309,0.3315,53752.11
2025-01-17 00:03:00,0.3314,0.3317,0.3313,0.3315,43319.5
2025-01-17 00:04:00,0.3316,0.3317,0.3316,0.3316,3601.97
2025-01-17 00:05:00,0.3315,0.3319,0.3315,0.3318,1405.56
2025-01-17 00:06:00,0.3317,0.3317,0.3315,0.3315,1923.24
2025-01-17 00:07:00,0.3317,0.3317,0.3317,0.3317,2064.25
2025-01-17 00:08:00,0.3317,0.3319,0.3317,0.3319,2064.35
2025-01-17 00:09:00,0.3313,0.3313,0.3309,0.3309,850.89
2025-01-17 00:10:00,0.3311,0.3311,0.3309,0.3311,2560.58
2025-01-17 00:11:00,0.3309,0.3309,0.3308,0.3308,2647.23
2025-01-17 00:12:00,0.3308,0.3313,0.3308,0.3312,3517.42
2025-01-17 00:13:00,0.3314,0.3316,0.3314,0.3316,2709.54
2025-01-17 00:14:00,0.3318,0.3318,0.3313,0.3313,4345.31
2025-01-17 00:15:00,0.3315,0.3315,0.3314,0.3314,962.51
2025-01-17 00:16:00,0.3315,0.3317,0.3314,0.3317,14599.48
2025-01-17 00:17:00,0.332,0.332,0.332,0.332,642.51
2025-01-17 00:18:00,0.3319,0.3319,0.3318,0.3319,8272.29
2025-01-17 00:19:00,0.3316,0.3316,0.3314,0.3315,7233.63
2025-01-17 00:20:00,0.3316,0.3319,0.3316,0.3317,5914.74
2025-01-17 00:21:00,0.3317,0.3317,0.3315,0.3316,2595.44
2025-01-17 00:22:00,0.3315,0.3318,0.3315,0.3316,2993.02
2025-01-17 00:23:00,0.3315,0.3315,0.3311,0.3311,644.12
2025-01-17 00:24:00,0.3313,0.3313,0.3312,0.3313,1562.7
2025-01-17 00:25:00,0.3312,0.3312,0.331,0.331,341.2
2025-01-17 00:26:00,0.3309,0.3309,0.3304,0.3304,30211.75
2025-01-17 00:27:00,0.3306,0.3306,0.3306,0.3306,1695.96
2025-01-17 00:28:00,0.3305,0.3308,0.3305,0.3307,4941.35
2025-01-17 00:29:00,0.3308,0.331,0.3308,0.331,6301.37
2025-01-17 00:30:00,0.331,0.3315,0.3309,0.3312,8611.71
2025-01-17 00:31:00,0.3312,0.3313,0.3311,0.3312,6141.88
2025-01-17 00:32:00,0.3311,0.3312,0.3311,0.3312,97.74
2025-01-17 00:33:00,0.3312,0.3313,0.3312,0.3313,3928.68
2025-01-17 00:34:00,0.3315,0.3315,0.3315,0.3315,2484.36
2025-01-17 00:35:00,0.3314,0.3315,0.3312,0.3315,2487.42
2025-01-17 00:36:00,0.3315,0.3315,0.3314,0.3314,2913.12
2025-01-17 00:37:00,0.3315,0.3316,0.3314,0.3314,2986.71
2025-01-17 00:38:00,0.3314,0.3314,0.3314,0.3314,190.4
2025-01-17 00:39:00,0.3313,0.3318,0.3312,0.3318,41548.68
2025-01-17 00:40:00,0.3318,0.3321,0.3318,0.3319,9423.89
2025-01-17 00:41:00,0.3319,0.3324,0.3319,0.3323,8938.53
2025-01-17 00:42:00,0.3322,0.3322,0.3318,0.3318,5752.19
2025-01-17 00:43:00,0.3317,0.3319,0.3316,0.3319,3389.25
2025-01-17 00:44:00,0.332,0.3321,0.332,0.3321,954.08
2025-01-17 00:45:00,0.332,0.332,0.3319,0.3319,1354.12
2025-01-17 00:46:00,0.3319,0.332,0.3316,0.3316,3061.29
2025-01-17 00:47:00,0.3315,0.3315,0.3311,0.3314,14984.34
2025-01-17 00:48:00,0.3313,0.3314,0.3313,0.3314,6943.87
2025-01-17 00:49:00,0.3314,0.3314,0.3313,0.3314,5069.76
2025-01-17 00:50:00,0.3315,0.3316,0.3315,0.3316,3760.6
2025-01-17 00:51:00,0.3315,0.3315,0.3314,0.3314,202.49
2025-01-17 00:52:00,0.3315,0.332,0.3315,0.3318,1230.62
2025-01-17 00:53:00,0.3318,0.3318,0.3318,0.3318,388.9
2025-01-17 00:54:00,0.3321,0.3321,0.3321,0.3321,30.7
2025-01-17 00:55:00,0.3322,0.3325,0.3322,0.3325,1530.67
2025-01-17 00:56:00,0.3326,0.3326,0.3326,0.3326,426.0
2025-01-17 00:57:00,0.3328,0.333,0.3328,0.333,1578.36
2025-01-17 00:58:00,0.3329,0.3329,0.3328,0.3328,2657.94
2025-01-17 00:59:00,0.3328,0.3328,0.3328,0.3328,0.0
2025-01-17 01:00:00,0.3328,0.3331,0.3327,0.3331,2582.12
2025-01-17 01:01:00,0.3331,0.3332,0.3329,0.3329,4248.01
2025-01-17 01:02:00,0.3328,0.3328,0.3328,0.3328,634.56
2025-01-17 01:03:00,0.333,0.333,0.333,0.333,16.52
2025-01-17 01:04:00,0.3329,0.3332,0.3329,0.3331,14259.47
2025-01-17 01:05:00,0.3329,0.3337,0.3329,0.3337,27704.93
2025-01-17 01:06:00,0.3337,0.3337,0.3335,0.3335,7893.0
2025-01-17 01:07:00,0.3336,0.3336,0.3332,0.3332,22952.19
2025-01-17 01:08:00,0.3332,0.3335,0.3331,0.3335,5521.71
2025-01-17 01:09:00,0.3338,0.3338,0.3337,0.3337,5178.5
2025-01-17 01:10:00,0.3338,0.3338,0.3337,0.3337,768.2
2025-01-17 01:11:00,0.3337,0.3339,0.3337,0.3339,4042.97
2025-01-17 01:12:00,0.3337,0.3337,0.3333,0.3335,1026.03
2025-01-17 01:13:00,0.3335,0.3336,0.3335,0.3336,6535.55
2025-01-17 01:14:00,0.3336,0.3336,0.3336,0.3336,0.0
2025-01-17 01:15:00,0.3339,0.3342,0.3339,0.3342,4015.31
2025-01-17 01:16:00,0.3341,0.3341,0.3341,0.3341,1089.82
2025-01-17 01:17:00,0.3341,0.3342,0.3337,0.3337,16443.06
2025-01-17 01:18:00,0.3337,0.3337,0.3334,0.3334,1555.84
2025-01-17 01:19:00,0.3337,0.3341,0.3337,0.334,19632.16
2025-01-17 01:20:00,0.3335,0.3339,0.3335,0.3338,1949.7
2025-01-17 01:21:00,0.3337,0.3337,0.3325,0.3325,113267.07
2025-01-17 01:22:00,0.3325,0.3327,0.3325,0.3327,6314.2
2025-01-17 01:23:00,0.3325,0.3326,0.3324,0.3326,11700.29
2025-01-17 01:24:00,0.3326,0.3326,0.3324,0.3324,2917.64
2025-01-17 01:25:00,0.3325,0.333,0.3325,0.333,18344.26
2025-01-17 01:26:00,0.3331,0.3338,0.3331,0.3338,8079.43
2025-01-17 01:27:00,0.3339,0.3341,0.3339,0.334,9408.99
2025-01-17 01:28:00,0.3342,0.3342,0.3341,0.3341,7567.51
2025-01-17 01:29:00,0.3341,0.3341,0.3341,0.3341,0.0
2025-01-17 01:30:00,0.3341,0.3341,0.3339,0.3339,522.61
2025-01-17 01:31:00,0.334,0.3341,0.334,0.3341,61.5
2025-01-17 01:32:00,0.3343,0.3353,0.3343,0.3353,18330.63
2025-01-17 01:33:00,0.3353,0.3355,0.3351,0.3352,5755.56
2025-01-17 01:34:00,0.3353,0.3358,0.3353,0.3358,9494.54
2025-01-17 01:35:00,0.3357,0.3366,0.3356,0.3364,35887.92
2025-01-17 01:36:00,0.3365,0.3375,0.3365,0.3373,28851.6
2025-01-17 01:37:00,0.3374,0.3374,0.3368,0.3372,17949.3
2025-01-17 01:38:00,0.3372,0.3378,0.3371,0.3378,8255.53
2025-01-17 01:39:00,0.3379,0.338,0.3374,0.3378,15079.67
2025-01-17 01:40:00,0.3378,0.3385,0.3378,0.3385,14224.76
2025-01-17 01:41:00,0.3384,0.3388,0.3382,0.3385,38536.99
2025-01-17 01:42:00,0.3386,0.3386,0.3379,0.3384,13788.47
2025-01-17 01:43:00,0.3381,0.3387,0.3381,0.3387,1644.55
2025-01-17 01:44:00,0.3389,0.3391,0.3389,0.339,14673.08
2025-01-17 01:45:00,0.3388,0.3389,0.3381,0.3389,76192.62
2025-01-17 01:46:00,0.339,0.3396,0.339,0.3395,16121.43
2025-01-17 01:47:00,0.3394,0.3397,0.3391,0.3393,34963.15
2025-01-17 01:48:00,0.3394,0.3394,0.3376,0.3381,142972.02
2025-01-17 01:49:00,0.3381,0.3381,0.3376,0.338,19412.79
2025-01-17 01:50:00,0.3381,0.3381,0.3377,0.3378,8971.51
2025-01-17 01:51:00,0.3377,0.3385,0.3376,0.3383,87740.64
2025-01-17 01:52:00,0.338,0.338,0.338,0.338,5575.83
2025-01-17 01:53:00,0.3379,0.3379,0.3379,0.3379,11945.35
2025-01-17 01:54:00,0.3383,0.3383,0.3383,0.3383,18.91
2025-01-17 01:55:00,0.3385,0.3394,0.3385,0.3393,12343.49
2025-01-17 01:56:00,0.3394,0.3394,0.3392,0.3392,3125.04
2025-01-17 01:57:00,0.3393,0.3395,0.3393,0.3394,14097.95
2025-01-17 01:58:00,0.3396,0.3402,0.3396,0.3401,47237.16
2025-01-17 01:59:00,0.34,0.3401,0.3397,0.3397,3234.88
2025-01-17 02:00:00,0.34,0.34,0.3393,0.3393,1624.54
2025-01-17 02:01:00,0.3396,0.3397,0.3393,0.3397,6010.43
2025-01-17 02:02:00,0.34,0.3402,0.3392,0.3392,17787.75
2025-01-17 02:03:00,0.3392,0.3394,0.3392,0.3393,140.51
2025-01-17 02:04:00,0.3392,0.3394,0.3391,0.3393,16924.18
2025-01-17 02:05:00,0.3394,0.3398,0.3394,0.3395,4046.66
2025-01-17 02:06:00,0.3395,0.3396,0.3394,0.3396,2902.32
2025-01-17 02:07:00,0.3394,0.34,0.3394,0.3399,3996.03
2025-01-17 02:08:00,0.3398,0.3398,0.3395,0.3395,7415.09
2025-01-17 02:09:00,0.3394,0.3394,0.3392,0.3392,67.95
2025-01-17 02:10:00,0.3393,0.3394,0.339,0.339,6590.91
2025-01-17 02:11:00,0.3389,0.3389,0.3389,0.3389,22.73
2025-01-17 02:12:00,0.339,0.3399,0.339,0.3399,5734.43
2025-01-17 02:13:00,0.3396,0.3396,0.3395,0.3396,362.34
2025-01-17 02:14:00,0.3395,0.3395,0.3394,0.3394,2945.5
2025-01-17 02:15:00,0.3399,0.3404,0.3399,0.3403,11379.13
2025-01-17 02:16:00,0.3405,0.3407,0.34,0.34,19012.4
2025-01-17 02:17:00,0.3401,0.3406,0.3397,0.3406,29895.61
2025-01-17 02:18:00,0.3408,0.3408,0.3406,0.3407,17904.83
2025-01-17 02:19:00,0.3408,0.3411,0.3408,0.341,21723.58
2025-01-17 02:20:00,0.3411,0.3413,0.3405,0.3411,48260.92
2025-01-17 02:21:00,0.3408,0.3413,0.3408,0.3409,1523.93
2025-01-17 02:22:00,0.3409,0.3415,0.3409,0.3415,3740.42
2025-01-17 02:23:00,0.3415,0.3415,0.3412,0.3412,5675.16
2025-01-17 02:24:00,0.3413,0.3415,0.3412,0.3412,16155.54
2025-01-17 02:25:00,0.3413,0.3415,0.3413,0.3414,6036.03
2025-01-17 02:26:00,0.3414,0.3414,0.3411,0.3411,2252.02
2025-01-17 02:27:00,0.3412,0.3414,0.341,0.3414,9819.15
2025-01-17 02:28:00,0.3415,0.3415,0.3411,0.3413,2823.65
2025-01-17 02:29:00,0.3413,0.3413,0.3408,0.3409,3440.63
2025-01-17 02:30:00,0.3409,0.3409,0.3402,0.3402,17920.79
2025-01-17 02:31:00,0.3402,0.3405,0.34,0.3405,6207.73
2025-01-17 02:32:00,0.3407,0.341,0.3405,0.3405,152.63
2025-01-17 02:33:00,0.3406,0.3406,0.3402,0.3404,663.78
2025-01-17 02:34:00,0.3405,0.3406,0.3405,0.3406,5945.03
2025-01-17 02:35:00,0.3403,0.3405,0.3401,0.3405,16414.15
2025-01-17 02:36:00,0.3403,0.3403,0.34,0.3401,42285.15
2025-01-17 02:37:00,0.3401,0.3401,0.3401,0.3401,8477.44
2025-01-17 02:38:00,0.3399,0.3399,0.3396,0.3397,8065.55
2025-01-17 02:39:00,0.3396,0.34,0.3396,0.34,9828.97
2025-01-17 02:40:00,0.3399,0.3399,0.3397,0.3397,1641.33
2025-01-17 02:41:00,0.3397,0.3397,0.3393,0.3393,5233.2
2025-01-17 02:42:00,0.3392,0.3392,0.339,0.339,21569.84
2025-01-17 02:43:00,0.3394,0.3394,0.3394,0.3394,16.22
2025-01-17 02:44:00,0.3393,0.3393,0.3391,0.3393,1174.62
2025-01-17 02:45:00,0.3391,0.3391,0.3384,0.3385,37464.11
2025-01-17 02:46:00,0.3384,0.3385,0.3383,0.3383,10750.94
2025-01-17 02:47:00,0.3382,0.3382,0.3382,0.3382,6605.24
2025-01-17 02:48:00,0.3385,0.3385,0.3379,0.338,2317.37
2025-01-17 02:49:00,0.3385,0.3385,0.3377,0.3377,2525.65
2025-01-17 02:50:00,0.3377,0.3385,0.3375,0.3379,37908.9
2025-01-17 02:51:00,0.338,0.338,0.3373,0.3373,23406.92
2025-01-17 02:52:00,0.3371,0.3377,0.337,0.3375,6973.7
2025-01-17 02:53:00,0.3376,0.3379,0.3374,0.3379,16469.34
2025-01-17 02:54:00,0.3382,0.3386,0.3382,0.3383,3214.08
2025-01-17 02:55:00,0.3383,0.3386,0.3383,0.3386,6848.38
2025-01-17 02:56:00,0.3387,0.3387,0.3384,0.3385,1813.69
2025-01-17 02:57:00,0.3385,0.3385,0.3384,0.3384,4063.53
2025-01-17 02:58:00,0.3387,0.3388,0.3387,0.3388,6343.5
2025-01-17 02:59:00,0.339,0.3391,0.3389,0.3391,11699.43
2025-01-17 03:00:00,0.339,0.3393,0.339,0.3391,5124.63
2025-01-17 03:01:00,0.3391,0.3394,0.3391,0.3393,1900.21
2025-01-17 03:02:00,0.3392,0.3393,0.339,0.3393,8650.49
2025-01-17 03:03:00,0.3393,0.3393,0.3393,0.3393,1706.83
2025-01-17 03:04:00,0.3389,0.3389,0.3387,0.3387,453.02
2025-01-17 03:05:00,0.3384,0.3385,0.3384,0.3385,1855.22
2025-01-17 03:06:00,0.3385,0.3385,0.3382,0.3382,285.29
2025-01-17 03:07:00,0.3383,0.3383,0.3383,0.3383,499.77
2025-01-17 03:08:00,0.3382,0.3383,0.3382,0.3383,85.99
2025-01-17 03:09:00,0.3388,0.3388,0.3386,0.3386,1556.45
2025-01-17 03:10:00,0.3387,0.3387,0.3384,0.3384,9633.06
2025-01-17 03:11:00,0.338,0.3381,0.3379,0.3379,6537.09
2025-01-17 03:12:00,0.3379,0.3379,0.3377,0.3379,719.01
2025-01-17 03:13:00,0.3377,0.3377,0.3377,0.3377,27.74
2025-01-17 03:14:00,0.3377,0.3377,0.3377,0.3377,0.0
2025-01-17 03:15:00,0.3378,0.3378,0.3376,0.3376,911.3
2025-01-17 03:16:00,0.3377,0.3377,0.3376,0.3376,492.24
2025-01-17 03:17:00,0.3377,0.3377,0.3377,0.3377,127.1
2025-01-17 03:18:00,0.3377,0.3381,0.3377,0.3381,2284.09
2025-01-17 03:19:00,0.3382,0.3383,0.3382,0.3382,4600.0
2025-01-17 03:20:00,0.3383,0.3386,0.3383,0.3386,606.63
2025-01-17 03:21:00,0.3385,0.3386,0.3385,0.3386,369.93
2025-01-17 03:22:00,0.3386,0.3386,0.3386,0.3386,0.0
2025-01-17 03:23:00,0.3385,0.3385,0.3385,0.3385,731.42
2025-01-17 03:24:00,0.3382,0.3382,0.338,0.3382,7992.28
2025-01-17 03:25:00,0.3383,0.3384,0.3381,0.3381,2216.37
2025-01-17 03:26:00,0.3381,0.3381,0.3375,0.3376,15481.38
2025-01-17 03:27:00,0.3375,0.3379,0.3375,0.3379,1044.33
2025-01-17 03:28:00,0.3379,0.3379,0.3379,0.3379,0.0
2025-01-17 03:29:00,0.3379,0.3381,0.3379,0.3381,563.92
2025-01-17 03:30:00,0.3383,0.3385,0.3383,0.3383,1190.76
2025-01-17 03:31:00,0.3384,0.3384,0.3383,0.3383,2468.44
2025-01-17 03:32:00,0.3386,0.3386,0.3386,0.3386,245.39
2025-01-17 03:33:00,0.3386,0.3386,0.3384,0.3386,2915.22
2025-01-17 03:34:00,0.3386,0.3386,0.3384,0.3384,3708.11
2025-01-17 03:35:00,0.3389,0.3391,0.3389,0.3391,61.9
2025-01-17 03:36:00,0.3391,0.3394,0.3391,0.3394,1646.02
2025-01-17 03:37:00,0.3394,0.3394,0.3391,0.3391,1435.69
2025-01-17 03:38:00,0.3391,0.3391,0.3391,0.3391,905.4
2025-01-17 03:39:00,0.339,0.3393,0.3389,0.3393,17594.79
2025-01-17 03:40:00,0.3392,0.3392,0.3391,0.3391,153.01
2025-01-17 03:41:00,0.3389,0.3389,0.3388,0.3388,2341.52
2025-01-17 03:42:00,0.3389,0.3389,0.3389,0.3389,672.88
2025-01-17 03:43:00,0.3388,0.3388,0.3388,0.3388,608.95
2025-01-17 03:44:00,0.3388,0.3389,0.3388,0.3389,17620.53
2025-01-17 03:45:00,0.3389,0.3389,0.3389,0.3389,1110.92
2025-01-17 03:46:00,0.3387,0.3387,0.3383,0.3383,21683.9
2025-01-17 03:47:00,0.3381,0.3381,0.3381,0.3381,73.52
2025-01-17 03:48:00,0.338,0.3384,0.338,0.3383,36935.85
2025-01-17 03:49:00,0.3382,0.3385,0.3382,0.3385,1623.65
2025-01-17 03:50:00,0.3385,0.3385,0.3383,0.3383,4075.9
2025-01-17 03:51:00,0.3382,0.3382,0.3379,0.3379,14164.88
2025-01-17 03:52:00,0.3378,0.3382,0.3378,0.3381,7503.1
2025-01-17 03:53:00,0.3381,0.3381,0.3379,0.3379,2052.28
2025-01-17 03:54:00,0.3381,0.3381,0.338,0.338,2074.15
2025-01-17 03:55:00,0.3381,0.3383,0.3381,0.3383,2907.73
2025-01-17 03:56:00,0.3384,0.3384,0.3383,0.3383,2842.95
2025-01-17 03:57:00,0.3382,0.3383,0.3379,0.3382,27242.19
2025-01-17 03:58:00,0.3382,0.3382,0.3381,0.3381,76.64
2025-01-17 03:59:00,0.3382,0.3382,0.3382,0.3382,29.5
2025-01-17 04:00:00,0.3388,0.3389,0.3388,0.3389,3566.11
2025-01-17 04:01:00,0.3389,0.3389,0.3386,0.3386,267.03
2025-01-17 04:02:00,0.3388,0.3392,0.3388,0.3391,3960.82
2025-01-17 04:03:00,0.3395,0.3395,0.3392,0.3392,4368.71
2025-01-17 04:04:00,0.3391,0.3391,0.3391,0.3391,415.5
2025-01-17 04:05:00,0.3389,0.3389,0.3387,0.3387,1978.02
2025-01-17 04:06:00,0.3387,0.3387,0.3385,0.3385,10715.82
2025-01-17 04:07:00,0.3386,0.3388,0.3384,0.3384,419.2
2025-01-17 04:08:00,0.3381,0.3381,0.3381,0.3381,235.91
2025-01-17 04:09:00,0.3381,0.3382,0.3379,0.338,3199.93
2025-01-17 04:10:00,0.3377,0.3377,0.3373,0.3376,21265.37
2025-01-17 04:11:00,0.3376,0.3376,0.3376,0.3376,0.0
2025-01-17 04:12:00,0.3377,0.3377,0.3377,0.3377,367.67
2025-01-17 04:13:00,0.3377,0.3377,0.3377,0.3377,0.0
2025-01-17 04:14:00,0.338,0.3382,0.338,0.3382,164.25
2025-01-17 04:15:00,0.3376,0.3376,0.3376,0.3376,32.84
2025-01-17 04:16:00,0.3377,0.3377,0.3376,0.3376,2214.23
2025-01-17 04:17:00,0.3376,0.3376,0.3375,0.3376,2225.54
2025-01-17 04:18:00,0.3374,0.3374,0.3374,0.3374,18.63
2025-01-17 04:19:00,0.3373,0.3373,0.3372,0.3373,435.24
2025-01-17 04:20:00,0.3374,0.3378,0.3374,0.3378,1602.38
2025-01-17 04:21:00,0.3378,0.3381,0.3378,0.3381,61.8
2025-01-17 04:22:00,0.3386,0.3389,0.3386,0.3388,17947.77
2025-01-17 04:23:00,0.3387,0.3387,0.3385,0.3385,587.73
2025-01-17 04:24:00,0.3384,0.3387,0.3384,0.3386,1810.12
2025-01-17 04:25:00,0.3385,0.3385,0.3382,0.3382,978.25
2025-01-17 04:26:00,0.3381,0.3381,0.3381,0.3381,73.46
2025-01-17 04:27:00,0.3378,0.338,0.3378,0.338,505.79
2025-01-17 04:28:00,0.3379,0.3379,0.3378,0.3378,12688.14
2025-01-17 04:29:00,0.3381,0.3383,0.3381,0.3383,2216.56
2025-01-17 04:30:00,0.338,0.338,0.338,0.338,4133.28
2025-01-17 04:31:00,0.338,0.338,0.338,0.338,0.0
2025-01-17 04:32:00,0.3376,0.3376,0.3376,0.3376,180.78
2025-01-17 04:33:00,0.338,0.338,0.338,0.338,15.58
2025-01-17 04:34:00,0.338,0.338,0.3375,0.3377,1735.12
2025-01-17 04:35:00,0.3377,0.3377,0.3376,0.3376,15484.5
2025-01-17 04:36:00,0.3379,0.3379,0.3379,0.3379,29.59
2025-01-17 04:37:00,0.3379,0.3379,0.3379,0.3379,989.2
2025-01-17 04:38:00,0.338,0.3382,0.338,0.3382,2754.9
2025-01-17 04:39:00,0.3385,0.3385,0.3383,0.3383,799.14
2025-01-17 04:40:00,0.3383,0.3385,0.3382,0.3382,20687.38
2025-01-17 04:41:00,0.3385,0.3389,0.3385,0.3387,807.95
2025-01-17 04:42:00,0.3391,0.3391,0.3391,0.3391,1510.0
2025-01-17 04:43:00,0.3392,0.3392,0.3389,0.3389,1459.9
2025-01-17 04:44:00,0.339,0.339,0.3389,0.3389,6380.28
2025-01-17 04:45:00,0.3389,0.3389,0.3388,0.3388,9001.93
2025-01-17 04:46:00,0.3391,0.3391,0.3391,0.3391,155.22
2025-01-17 04:47:00,0.3392,0.3394,0.3392,0.3394,605.9
2025-01-17 04:48:00,0.3395,0.3395,0.3393,0.3393,3137.79
2025-01-17 04:49:00,0.3393,0.3393,0.3393,0.3393,377.17
2025-01-17 04:50:00,0.3395,0.3398,0.3395,0.3398,12596.08
2025-01-17 04:51:00,0.3396,0.3402,0.3396,0.3402,5122.97
2025-01-17 04:52:00,0.3401,0.3402,0.3399,0.3402,15923.67
2025-01-17 04:53:00,0.3404,0.3404,0.3402,0.3404,4356.27
2025-01-17 04:54:00,0.3403,0.3404,0.3402,0.3402,298.18
2025-01-17 04:55:00,0.3403,0.3403,0.3401,0.3403,2079.98
2025-01-17 04:56:00,0.3402,0.3402,0.3401,0.3401,1122.67
2025-01-17 04:57:00,0.34,0.34,0.34,0.34,18.78
2025-01-17 04:58:00,0.3402,0.3404,0.3402,0.3404,499.02
2025-01-17 04:59:00,0.3403,0.3403,0.3403,0.3403,70.01
2025-01-17 05:00:00,0.3402,0.3402,0.3401,0.3401,2439.21
2025-01-17 05:01:00,0.3402,0.3402,0.3402,0.3402,3314.7
2025-01-17 05:02:00,0.34,0.34,0.3397,0.3399,8973.04
2025-01-17 05:03:00,0.3399,0.3399,0.3396,0.3396,3962.59
2025-01-17 05:04:00,0.3397,0.3398,0.3396,0.3396,10222.84
2025-01-17 05:05:00,0.3396,0.3397,0.3396,0.3397,5510.65
2025-01-17 05:06:00,0.3401,0.3401,0.3401,0.3401,136.74
2025-01-17 05:07:00,0.3402,0.3404,0.3402,0.3404,11232.91
2025-01-17 05:08:00,0.3402,0.3402,0.3402,0.3402,18.77
2025-01-17 05:09:00,0.34,0.34,0.3398,0.3398,4354.8
2025-01-17 05:10:00,0.3399,0.3403,0.3399,0.3402,44886.16
2025-01-17 05:11:00,0.3401,0.3403,0.3399,0.3401,20393.26
2025-01-17 05:12:00,0.34,0.3404,0.34,0.3402,24974.76
2025-01-17 05:13:00,0.3401,0.3401,0.34,0.34,60.49
2025-01-17 05:14:00,0.34,0.34,0.3397,0.3398,7540.56
2025-01-17 05:15:00,0.3399,0.3402,0.3399,0.3402,67.56
2025-01-17 05:16:00,0.3401,0.3401,0.3393,0.3393,10914.46
2025-01-17 05:17:00,0.3393,0.3393,0.3389,0.3389,4158.8
2025-01-17 05:18:00,0.339,0.339,0.339,0.339,333.0
2025-01-17 05:19:00,0.3391,0.3392,0.3391,0.3391,889.78
2025-01-17 05:20:00,0.3391,0.3391,0.3389,0.339,14073.81
2025-01-17 05:21:00,0.3391,0.3391,0.339,0.339,1786.85
2025-01-17 05:22:00,0.3389,0.3393,0.3389,0.3393,3039.86
2025-01-17 05:23:00,0.3392,0.3392,0.3392,0.3392,18.77
2025-01-17 05:24:00,0.3391,0.3391,0.3388,0.339,59680.47
2025-01-17 05:25:00,0.339,0.3391,0.339,0.339,1979.29
2025-01-17 05:26:00,0.3391,0.3391,0.3388,0.3388,772.0
2025-01-17 05:27:00,0.3388,0.339,0.3388,0.3389,5499.91
2025-01-17 05:28:00,0.339,0.339,0.339,0.339,301.85
2025-01-17 05:29:00,0.3391,0.3391,0.3391,0.3391,14.74
2025-01-17 05:30:00,0.3393,0.3393,0.3392,0.3392,178.49
2025-01-17 05:31:00,0.3394,0.3396,0.3392,0.3392,5794.07
2025-01-17 05:32:00,0.339,0.3391,0.339,0.339,7351.34
2025-01-17 05:33:00,0.3395,0.3396,0.3393,0.3394,7766.73
2025-01-17 05:34:00,0.3395,0.3397,0.3395,0.3395,7017.97
2025-01-17 05:35:00,0.3394,0.3394,0.3391,0.3391,747.9
2025-01-17 05:36:00,0.339,0.339,0.339,0.339,18.84
2025-01-17 05:37:00,0.3392,0.3392,0.3389,0.3389,347.83
2025-01-17 05:38:00,0.339,0.339,0.3386,0.3386,761.94
2025-01-17 05:39:00,0.3386,0.3386,0.3386,0.3386,2807.33
2025-01-17 05:40:00,0.3389,0.3389,0.3388,0.3388,721.82
2025-01-17 05:41:00,0.3386,0.3386,0.3386,0.3386,78.66
2025-01-17 05:42:00,0.3388,0.3389,0.3388,0.3388,610.78
2025-01-17 05:43:00,0.3386,0.3386,0.3386,0.3386,1061.13
2025-01-17 05:44:00,0.3388,0.3388,0.3388,0.3388,147.57
2025-01-17 05:45:00,0.3391,0.3393,0.3391,0.3393,2755.26
2025-01-17 05:46:00,0.3393,0.3395,0.3393,0.3395,847.05
2025-01-17 05:47:00,0.3392,0.3392,0.3392,0.3392,1021.2
2025-01-17 05:48:00,0.3395,0.3397,0.3395,0.3397,592.93
2025-01-17 05:49:00,0.3397,0.3398,0.3397,0.3398,9637.16
2025-01-17 05:50:00,0.3399,0.3401,0.3399,0.3401,884.43
2025-01-17 05:51:00,0.3402,0.3403,0.3401,0.3401,2142.62
2025-01-17 05:52:00,0.3401,0.3403,0.3401,0.3403,1774.72
2025-01-17 05:53:00,0.3402,0.3404,0.3402,0.3403,17048.41
2025-01-17 05:54:00,0.3405,0.3407,0.3405,0.3407,3905.53
2025-01-17 05:55:00,0.3407,0.3407,0.3405,0.3407,97557.0
2025-01-17 05:56:00,0.3407,0.3407,0.3405,0.3405,11674.93
2025-01-17 05:57:00,0.3404,0.3406,0.3403,0.3406,20843.63
2025-01-17 05:58:00,0.3406,0.3408,0.3406,0.3406,2082.22
2025-01-17 05:59:00,0.3408,0.3408,0.3404,0.3404,5926.03
2025-01-17 06:00:00,0.3402,0.3402,0.3399,0.3399,1001.63
2025-01-17 06:01:00,0.3399,0.3401,0.3399,0.3399,14290.65
2025-01-17 06:02:00,0.3399,0.3402,0.3399,0.3402,4213.19
2025-01-17 06:03:00,0.3403,0.3405,0.3403,0.3404,473.48
2025-01-17 06:04:00,0.3403,0.3403,0.3399,0.3399,2338.09
2025-01-17 06:05:00,0.3399,0.3407,0.3399,0.3406,81378.14
2025-01-17 06:06:00,0.3405,0.3405,0.3404,0.3404,15854.32
2025-01-17 06:07:00,0.3405,0.3405,0.3403,0.3405,3701.45
2025-01-17 06:08:00,0.3405,0.3406,0.3402,0.3402,18199.87
2025-01-17 06:09:00,0.3402,0.3402,0.3402,0.3402,0.0
2025-01-17 06:10:00,0.3405,0.3406,0.3405,0.3406,5807.44
2025-01-17 06:11:00,0.3408,0.3408,0.3408,0.3408,2082.46
2025-01-17 06:12:00,0.3409,0.3412,0.3407,0.3412,16835.84
2025-01-17 06:13:00,0.3412,0.3412,0.3411,0.3411,866.76
2025-01-17 06:14:00,0.3413,0.3413,0.3412,0.3413,16139.4
2025-01-17 06:15:00,0.3413,0.3417,0.3413,0.3417,14852.43
2025-01-17 06:16:00,0.3416,0.3417,0.3415,0.3416,1358.03
2025-01-17 06:17:00,0.3415,0.3417,0.3415,0.3416,1855.19
2025-01-17 06:18:00,0.3417,0.3417,0.3416,0.3417,2351.2
2025-01-17 06:19:00,0.3419,0.3421,0.3417,0.3418,14048.55
2025-01-17 06:20:00,0.3418,0.3421,0.3416,0.3416,22284.01
2025-01-17 06:21:00,0.3415,0.3415,0.3411,0.3414,7011.81
2025-01-17 06:22:00,0.341,0.3413,0.341,0.3413,1998.15
2025-01-17 06:23:00,0.3413,0.3414,0.3413,0.3413,2181.71
2025-01-17 06:24:00,0.3414,0.3415,0.3413,0.3413,11800.75
2025-01-17 06:25:00,0.3414,0.3414,0.3411,0.3411,1890.15
2025-01-17 06:26:00,0.3411,0.3411,0.3411,0.3411,0.0
2025-01-17 06:27:00,0.341,0.341,0.3408,0.3408,953.63
2025-01-17 06:28:00,0.3408,0.3408,0.3408,0.3408,0.0
2025-01-17 06:29:00,0.341,0.3411,0.341,0.3411,4151.97
2025-01-17 06:30:00,0.3411,0.3411,0.3408,0.341,1658.98
2025-01-17 06:31:00,0.3407,0.3407,0.3405,0.3405,1644.7
2025-01-17 06:32:00,0.341,0.341,0.3405,0.3406,17254.1
2025-01-17 06:33:00,0.3406,0.3406,0.3406,0.3406,73.15
2025-01-17 06:34:00,0.3406,0.3407,0.3405,0.3406,5031.24
2025-01-17 06:35:00,0.3406,0.3406,0.3405,0.3405,1400.56
2025-01-17 06:36:00,0.3404,0.3407,0.3404,0.3406,6894.87
2025-01-17 06:37:00,0.3406,0.3407,0.3406,0.3407,1811.34
2025-01-17 06:38:00,0.3408,0.3408,0.3408,0.3408,146.71
2025-01-17 06:39:00,0.3408,0.3408,0.3406,0.3407,6330.11
2025-01-17 06:40:00,0.3405,0.3405,0.3405,0.3405,3958.66
2025-01-17 06:41:00,0.3408,0.3408,0.3408,0.3408,2953.08
2025-01-17 06:42:00,0.3407,0.3409,0.3407,0.3409,793.34
2025-01-17 06:43:00,0.3409,0.3409,0.3408,0.3408,2676.47
2025-01-17 06:44:00,0.3409,0.341,0.3409,0.341,8909.69
2025-01-17 06:45:00,0.3407,0.3409,0.3406,0.3409,4163.96
2025-01-17 06:46:00,0.3406,0.3407,0.3406,0.3407,1864.02
2025-01-17 06:47:00,0.3405,0.3405,0.3398,0.3398,10180.55
2025-01-17 06:48:00,0.3397,0.3398,0.3397,0.3398,53191.38
2025-01-17 06:49:00,0.3398,0.3398,0.3395,0.3398,67281.88
2025-01-17 06:50:00,0.3399,0.3402,0.3399,0.3401,40163.36
2025-01-17 06:51:00,0.3402,0.3405,0.3402,0.3405,499.61
2025-01-17 06:52:00,0.3404,0.3404,0.3403,0.3403,482.84
2025-01-17 06:53:00,0.3403,0.3405,0.3403,0.3405,1789.27
2025-01-17 06:54:00,0.3405,0.3407,0.3405,0.3407,1329.79
2025-01-17 06:55:00,0.3412,0.3412,0.3412,0.3412,1465.63
2025-01-17 06:56:00,0.3411,0.3411,0.3409,0.3409,7140.14
2025-01-17 06:57:00,0.3411,0.342,0.3411,0.3418,7578.51
2025-01-17 06:58:00,0.3417,0.3417,0.3415,0.3415,30249.19
2025-01-17 06:59:00,0.3415,0.3417,0.3414,0.3417,19029.01
2025-01-17 07:00:00,0.3417,0.3418,0.3416,0.3416,7035.98
2025-01-17 07:01:00,0.3418,0.3423,0.3418,0.3423,13475.49
2025-01-17 07:02:00,0.3422,0.3424,0.3418,0.3418,5242.89
2025-01-17 07:03:00,0.3418,0.342,0.3416,0.3416,5049.96
2025-01-17 07:04:00,0.3418,0.3418,0.3417,0.3418,3062.9
2025-01-17 07:05:00,0.3418,0.3421,0.3418,0.342,2992.15
2025-01-17 07:06:00,0.3419,0.342,0.3415,0.3417,17576.53
2025-01-17 07:07:00,0.3416,0.3416,0.3416,0.3416,1495.46
2025-01-17 07:08:00,0.3416,0.3418,0.3416,0.3417,2001.96
2025-01-17 07:09:00,0.3415,0.342,0.3415,0.342,4813.9
2025-01-17 07:10:00,0.3419,0.3419,0.3417,0.3417,1830.85
2025-01-17 07:11:00,0.3418,0.3422,0.3418,0.3422,2699.07
2025-01-17 07:12:00,0.342,0.3421,0.3419,0.342,2989.4
2025-01-17 07:13:00,0.342,0.3421,0.3417,0.3421,8853.04
2025-01-17 07:14:00,0.3421,0.3424,0.3421,0.3422,2691.57
2025-01-17 07:15:00,0.3422,0.3426,0.3422,0.3426,4096.47
2025-01-17 07:16:00,0.3426,0.3429,0.3425,0.3427,6514.11
2025-01-17 07:17:00,0.3428,0.343,0.3428,0.343,74603.85
2025-01-17 07:18:00,0.3428,0.3428,0.3426,0.3427,2730.79
2025-01-17 07:19:00,0.3427,0.3428,0.3427,0.3428,2898.66
2025-01-17 07:20:00,0.343,0.343,0.3429,0.343,1917.66
2025-01-17 07:21:00,0.3431,0.3434,0.343,0.3434,2897.06
2025-01-17 07:22:00,0.3432,0.3435,0.3432,0.3435,2754.84
2025-01-17 07:23:00,0.3433,0.3436,0.3433,0.3436,11072.63
2025-01-17 07:24:00,0.3435,0.3437,0.3434,0.3437,16794.23
2025-01-17 07:25:00,0.3437,0.344,0.3437,0.344,17791.73
2025-01-17 07:26:00,0.3437,0.3437,0.3433,0.3434,2204.68
2025-01-17 07:27:00,0.3433,0.3435,0.3431,0.3433,74691.71
2025-01-17 07:28:00,0.3431,0.3433,0.3431,0.3433,5082.97
2025-01-17 07:29:00,0.3434,0.3434,0.343,0.3431,9331.83
2025-01-17 07:30:00,0.3432,0.3435,0.3431,0.3435,2872.75
2025-01-17 07:31:00,0.3434,0.3436,0.3434,0.3434,4185.93
2025-01-17 07:32:00,0.3436,0.344,0.3436,0.344,16949.94
2025-01-17 07:33:00,0.3439,0.3444,0.3439,0.3444,28888.88
2025-01-17 07:34:00,0.3442,0.3442,0.3436,0.3437,8629.21
2025-01-17 07:35:00,0.3435,0.3435,0.3433,0.3435,4818.78
2025-01-17 07:36:00,0.3437,0.3437,0.3432,0.3432,4956.82
2025-01-17 07:37:00,0.3431,0.3433,0.343,0.3432,5842.33
2025-01-17 07:38:00,0.3432,0.3437,0.3431,0.3437,3224.08
2025-01-17 07:39:00,0.3436,0.3438,0.3436,0.3437,5982.27
2025-01-17 07:40:00,0.3438,0.3449,0.3438,0.3446,15567.73
2025-01-17 07:41:00,0.3448,0.3456,0.3448,0.3453,34790.56
2025-01-17 07:42:00,0.3454,0.3457,0.3454,0.3454,16690.81
2025-01-17 07:43:00,0.3454,0.3457,0.3453,0.3456,22899.0
2025-01-17 07:44:00,0.3457,0.3457,0.3452,0.3452,9594.04
2025-01-17 07:45:00,0.3454,0.3455,0.3451,0.3453,2475.86
2025-01-17 07:46:00,0.3453,0.3453,0.3452,0.3452,2628.46
2025-01-17 07:47:00,0.345,0.3453,0.3449,0.3453,12859.74
2025-01-17 07:48:00,0.3454,0.3456,0.3453,0.3454,4105.94
2025-01-17 07:49:00,0.3455,0.3455,0.3453,0.3453,4373.01
2025-01-17 07:50:00,0.3453,0.3454,0.3447,0.345,9569.26
2025-01-17 07:51:00,0.3446,0.3448,0.3446,0.3446,1892.78
2025-01-17 07:52:00,0.3446,0.3446,0.3443,0.3445,21871.55
2025-01-17 07:53:00,0.3446,0.3446,0.3444,0.3445,2351.26
2025-01-17 07:54:00,0.3445,0.3445,0.3432,0.3432,13524.4
2025-01-17 07:55:00,0.3432,0.3433,0.3427,0.3429,7065.76
2025-01-17 07:56:00,0.3432,0.3436,0.3431,0.3436,6466.37
2025-01-17 07:57:00,0.3435,0.3436,0.3434,0.3435,2553.21
2025-01-17 07:58:00,0.3434,0.3437,0.3434,0.3437,2488.74
2025-01-17 07:59:00,0.3437,0.3441,0.3437,0.3439,2984.63
2025-01-17 08:00:00,0.3439,0.3447,0.3437,0.3447,24736.17
2025-01-17 08:01:00,0.3447,0.345,0.3446,0.345,22451.02
2025-01-17 08:02:00,0.345,0.345,0.3446,0.3446,4826.93
2025-01-17 08:03:00,0.3445,0.3448,0.3444,0.3444,9921.12
2025-01-17 08:04:00,0.3444,0.3446,0.3443,0.3446,6876.18
2025-01-17 08:05:00,0.3445,0.3449,0.3443,0.3449,12747.8
2025-01-17 08:06:00,0.345,0.345,0.3441,0.3445,8436.55
2025-01-17 08:07:00,0.3447,0.345,0.3445,0.3448,5856.75
2025-01-17 08:08:00,0.3445,0.3445,0.3438,0.3438,59430.55
2025-01-17 08:09:00,0.3437,0.3437,0.3431,0.3434,10867.3
2025-01-17 08:10:00,0.3434,0.3434,0.343,0.343,21960.66
2025-01-17 08:11:00,0.343,0.3434,0.3429,0.3434,8669.28
2025-01-17 08:12:00,0.3434,0.3436,0.3432,0.3435,8412.89
2025-01-17 08:13:00,0.3435,0.3435,0.3424,0.3424,4146.59
2025-01-17 08:14:00,0.3423,0.3425,0.3423,0.3424,28470.47
2025-01-17 08:15:00,0.3423,0.3429,0.3423,0.3428,25145.69
2025-01-17 08:16:00,0.3427,0.3433,0.3427,0.3431,50433.47
2025-01-17 08:17:00,0.3431,0.3434,0.3431,0.3434,3963.88
2025-01-17 08:18:00,0.3435,0.344,0.3435,0.3439,7109.65
2025-01-17 08:19:00,0.344,0.3441,0.3439,0.3441,4817.87
2025-01-17 08:20:00,0.344,0.3442,0.3433,0.3434,74004.89
2025-01-17 08:21:00,0.3434,0.3439,0.3434,0.3436,11187.87
2025-01-17 08:22:00,0.3435,0.3435,0.343,0.343,20514.18
2025-01-17 08:23:00,0.3428,0.3432,0.3428,0.3429,7896.7
2025-01-17 08:24:00,0.3429,0.3431,0.3423,0.3424,8157.88
2025-01-17 08:25:00,0.3422,0.3425,0.342,0.3423,51633.82
2025-01-17 08:26:00,0.3423,0.3426,0.3423,0.3425,5185.79
2025-01-17 08:27:00,0.3428,0.3435,0.3428,0.3435,7587.36
2025-01-17 08:28:00,0.343,0.343,0.3428,0.343,3380.94
2025-01-17 08:29:00,0.3434,0.3434,0.3432,0.3432,3386.91
2025-01-17 08:30:00,0.3433,0.3444,0.3433,0.3444,12577.79
2025-01-17 08:31:00,0.3445,0.3457,0.3445,0.3448,123274.35
2025-01-17 08:32:00,0.3452,0.3453,0.3449,0.3449,12448.12
2025-01-17 08:33:00,0.3448,0.3454,0.3447,0.3451,7895.02
2025-01-17 08:34:00,0.3454,0.3458,0.3453,0.3458,15367.83
2025-01-17 08:35:00,0.3458,0.3459,0.3454,0.3456,40195.78
2025-01-17 08:36:00,0.3455,0.3456,0.3453,0.3454,1868.66
2025-01-17 08:37:00,0.3455,0.3458,0.3454,0.3454,17620.04
2025-01-17 08:38:00,0.3453,0.3454,0.345,0.345,5734.6
2025-01-17 08:39:00,0.3447,0.3448,0.3442,0.3442,14653.79
2025-01-17 08:40:00,0.3446,0.3446,0.3439,0.3439,4433.91
2025-01-17 08:41:00,0.3439,0.3445,0.3439,0.3445,19987.86
2025-01-17 08:42:00,0.3448,0.3449,0.3446,0.3446,11247.11
2025-01-17 08:43:00,0.3447,0.3451,0.3447,0.3451,1406.11
2025-01-17 08:44:00,0.3451,0.3451,0.345,0.345,8731.79
2025-01-17 08:45:00,0.3451,0.3452,0.3445,0.3446,80186.55
2025-01-17 08:46:00,0.3447,0.3448,0.3447,0.3447,16339.49
2025-01-17 08:47:00,0.3447,0.3447,0.3445,0.3445,363.91
2025-01-17 08:48:00,0.3445,0.3445,0.3445,0.3445,145.14
2025-01-17 08:49:00,0.3445,0.3453,0.3445,0.3453,8634.98
2025-01-17 08:50:00,0.3451,0.3451,0.345,0.345,148.8
2025-01-17 08:51:00,0.3455,0.3463,0.3455,0.3461,19130.95
2025-01-17 08:52:00,0.346,0.346,0.3458,0.3458,5238.86
2025-01-17 08:53:00,0.3458,0.3469,0.3458,0.3467,7604.59
2025-01-17 08:54:00,0.3469,0.347,0.3467,0.3468,16160.45
2025-01-17 08:55:00,0.3469,0.3474,0.3469,0.3469,16246.11
2025-01-17 08:56:00,0.3468,0.3471,0.3466,0.3471,8107.13
2025-01-17 08:57:00,0.3472,0.3473,0.347,0.347,10843.53
2025-01-17 08:58:00,0.3472,0.3472,0.347,0.347,6936.11
2025-01-17 08:59:00,0.3469,0.3469,0.3469,0.3469,773.8
2025-01-17 09:00:00,0.3468,0.3471,0.3466,0.3467,5182.0
2025-01-17 09:01:00,0.3467,0.3469,0.3462,0.3468,8981.8
2025-01-17 09:02:00,0.3471,0.3471,0.3462,0.3462,14195.66
2025-01-17 09:03:00,0.3462,0.3462,0.346,0.3462,16279.51
2025-01-17 09:04:00,0.3463,0.3466,0.3462,0.3462,27457.84
2025-01-17 09:05:00,0.3462,0.3462,0.3455,0.3456,669.26
2025-01-17 09:06:00,0.3462,0.3465,0.3459,0.3465,9258.8
2025-01-17 09:07:00,0.3465,0.3468,0.3465,0.3468,2548.12
2025-01-17 09:08:00,0.3469,0.3474,0.3469,0.3474,10820.16
2025-01-17 09:09:00,0.3473,0.3475,0.3473,0.3474,14138.84
2025-01-17 09:10:00,0.3476,0.3476,0.3475,0.3475,2168.68
2025-01-17 09:11:00,0.3475,0.3475,0.3467,0.3467,26806.64
2025-01-17 09:12:00,0.3467,0.3473,0.3467,0.3472,5975.96
2025-01-17 09:13:00,0.3477,0.3479,0.3474,0.3476,10008.11
2025-01-17 09:14:00,0.3475,0.3477,0.3475,0.3475,220.92
2025-01-17 09:15:00,0.3475,0.3475,0.3471,0.3474,5506.21
2025-01-17 09:16:00,0.3471,0.3471,0.3467,0.3467,18569.16
2025-01-17 09:17:00,0.3468,0.3468,0.3466,0.3468,8077.65
2025-01-17 09:18:00,0.3466,0.3468,0.3462,0.3463,2244.08
2025-01-17 09:19:00,0.3464,0.3464,0.346,0.346,947.15
2025-01-17 09:20:00,0.346,0.3461,0.3456,0.3458,30834.91
2025-01-17 09:21:00,0.3458,0.3463,0.3458,0.3463,2563.98
2025-01-17 09:22:00,0.3463,0.3466,0.3463,0.3463,4499.42
2025-01-17 09:23:00,0.3463,0.3463,0.3459,0.346,7190.51
2025-01-17 09:24:00,0.3462,0.3462,0.3459,0.346,3422.38
2025-01-17 09:25:00,0.346,0.346,0.3457,0.3457,10190.56
2025-01-17 09:26:00,0.346,0.346,0.3459,0.346,1316.79
2025-01-17 09:27:00,0.346,0.3461,0.3454,0.3456,16571.06
2025-01-17 09:28:00,0.3455,0.346,0.3452,0.3457,49523.93
2025-01-17 09:29:00,0.3455,0.346,0.3455,0.346,2319.5
2025-01-17 09:30:00,0.3465,0.3467,0.3465,0.3467,6739.95
2025-01-17 09:31:00,0.3466,0.3468,0.3464,0.3464,11290.22
2025-01-17 09:32:00,0.3464,0.3466,0.346,0.346,9090.87
2025-01-17 09:33:00,0.3463,0.3463,0.3458,0.346,23360.4
2025-01-17 09:34:00,0.3459,0.3459,0.3453,0.3456,22584.85
2025-01-17 09:35:00,0.3457,0.346,0.3457,0.3458,5688.65
2025-01-17 09:36:00,0.3457,0.3457,0.3452,0.3454,18172.33
2025-01-17 09:37:00,0.3457,0.3457,0.3454,0.3454,4453.87
2025-01-17 09:38:00,0.3455,0.3455,0.3454,0.3454,834.37
2025-01-17 09:39:00,0.3453,0.3455,0.3453,0.3455,5751.84
2025-01-17 09:40:00,0.3455,0.3456,0.3453,0.3453,10424.05
2025-01-17 09:41:00,0.3453,0.3455,0.3453,0.3455,1783.94
2025-01-17 09:42:00,0.3455,0.3455,0.3455,0.3455,1901.71
2025-01-17 09:43:00,0.3455,0.3455,0.3447,0.3449,14118.77
2025-01-17 09:44:00,0.3449,0.345,0.3449,0.345,1093.69
2025-01-17 09:45:00,0.3451,0.3453,0.345,0.3452,4887.23
2025-01-17 09:46:00,0.345,0.3453,0.345,0.3452,11308.9
2025-01-17 09:47:00,0.3452,0.3453,0.3449,0.3452,110179.81
2025-01-17 09:48:00,0.3452,0.3452,0.3448,0.3448,84174.24
2025-01-17 09:49:00,0.3448,0.3448,0.3446,0.3448,6621.71
2025-01-17 09:50:00,0.3448,0.3451,0.3448,0.345,12949.88
2025-01-17 09:51:00,0.345,0.3454,0.345,0.3454,7559.12
2025-01-17 09:52:00,0.3455,0.3456,0.3454,0.3454,3011.82
2025-01-17 09:53:00,0.3453,0.3455,0.3453,0.3455,543.52
2025-01-17 09:54:00,0.3453,0.3457,0.3453,0.3456,2338.58
2025-01-17 09:55:00,0.3452,0.3452,0.3449,0.3449,3372.97
2025-01-17 09:56:00,0.3449,0.345,0.3447,0.3449,8215.83
2025-01-17 09:57:00,0.3449,0.3452,0.3449,0.3449,9432.62
2025-01-17 09:58:00,0.3449,0.345,0.3448,0.3449,3468.36
2025-01-17 09:59:00,0.3447,0.3447,0.3444,0.3445,18132.17
2025-01-17 10:00:00,0.3445,0.3446,0.344,0.3441,168359.38
2025-01-17 10:01:00,0.3441,0.3445,0.3441,0.3444,10753.78
2025-01-17 10:02:00,0.344,0.3443,0.3439,0.3439,25349.13
2025-01-17 10:03:00,0.3441,0.3444,0.3441,0.3442,74127.45
2025-01-17 10:04:00,0.3443,0.3446,0.3443,0.3446,2252.1
2025-01-17 10:05:00,0.3445,0.3446,0.3444,0.3446,4530.25
2025-01-17 10:06:00,0.3446,0.3446,0.3443,0.3443,3666.74
2025-01-17 10:07:00,0.3442,0.3448,0.3441,0.3448,3782.81
2025-01-17 10:08:00,0.3449,0.345,0.3448,0.3448,6339.6
2025-01-17 10:09:00,0.3449,0.345,0.3443,0.3445,77489.31
2025-01-17 10:10:00,0.3445,0.3453,0.3445,0.3452,11733.72
2025-01-17 10:11:00,0.345,0.345,0.3447,0.345,15704.99
2025-01-17 10:12:00,0.345,0.3454,0.3445,0.3454,60039.55
2025-01-17 10:13:00,0.3456,0.3468,0.3456,0.3468,28100.74
2025-01-17 10:14:00,0.3468,0.3469,0.3463,0.3463,7111.09
2025-01-17 10:15:00,0.3461,0.3462,0.346,0.3462,9920.08
2025-01-17 10:16:00,0.3464,0.3464,0.3463,0.3463,3089.21
2025-01-17 10:17:00,0.3462,0.3468,0.3462,0.3467,4996.39
2025-01-17 10:18:00,0.3467,0.347,0.3461,0.3462,20813.3
2025-01-17 10:19:00,0.3462,0.3463,0.3455,0.3463,16304.27
2025-01-17 10:20:00,0.3463,0.3465,0.3462,0.3464,6849.77
2025-01-17 10:21:00,0.3463,0.3463,0.3455,0.3456,34632.08
2025-01-17 10:22:00,0.3458,0.346,0.3456,0.3456,12147.27
2025-01-17 10:23:00,0.3457,0.346,0.3454,0.3454,5645.73
2025-01-17 10:24:00,0.3455,0.3458,0.3454,0.3455,3408.69
2025-01-17 10:25:00,0.3453,0.3458,0.3453,0.3455,6431.9
2025-01-17 10:26:00,0.3455,0.3458,0.3455,0.3458,1601.0
2025-01-17 10:27:00,0.346,0.346,0.3455,0.3455,4172.67
2025-01-17 10:28:00,0.3455,0.3456,0.3454,0.3456,4264.11
2025-01-17 10:29:00,0.3455,0.3458,0.3455,0.3456,938.22
2025-01-17 10:30:00,0.3456,0.3456,0.345,0.3451,1922.47
2025-01-17 10:31:00,0.3452,0.3454,0.3452,0.3454,49.22
2025-01-17 10:32:00,0.3454,0.3455,0.3452,0.3454,3230.43
2025-01-17 10:33:00,0.3455,0.346,0.3455,0.346,5808.07
2025-01-17 10:34:00,0.3461,0.3462,0.3461,0.3462,9846.54
2025-01-17 10:35:00,0.3461,0.3464,0.3461,0.3462,4691.85
2025-01-17 10:36:00,0.3459,0.3461,0.3459,0.3461,1576.48
2025-01-17 10:37:00,0.3461,0.3463,0.3461,0.3462,856.96
2025-01-17 10:38:00,0.3462,0.3464,0.3462,0.3462,4966.62
2025-01-17 10:39:00,0.3458,0.3461,0.3458,0.3458,2753.96
2025-01-17 10:40:00,0.3457,0.3462,0.3457,0.346,107966.03
2025-01-17 10:41:00,0.3461,0.3468,0.3461,0.3464,42340.87
2025-01-17 10:42:00,0.3463,0.3465,0.3462,0.3465,835.71
2025-01-17 10:43:00,0.3463,0.3466,0.346,0.3462,48813.64
2025-01-17 10:44:00,0.346,0.3462,0.346,0.3462,25862.93
2025-01-17 10:45:00,0.3461,0.3462,0.3455,0.3455,17584.99
2025-01-17 10:46:00,0.3455,0.3459,0.3455,0.3459,7069.35
2025-01-17 10:47:00,0.3458,0.346,0.3458,0.3459,4563.99
2025-01-17 10:48:00,0.346,0.3468,0.346,0.3466,2423.41
2025-01-17 10:49:00,0.3468,0.3471,0.3468,0.347,3769.22
2025-01-17 10:50:00,0.3468,0.3468,0.3467,0.3468,908.66
2025-01-17 10:51:00,0.3468,0.3468,0.3467,0.3467,612.53
2025-01-17 10:52:00,0.3467,0.3468,0.3466,0.3468,891.01
2025-01-17 10:53:00,0.3468,0.3469,0.3468,0.3469,2729.25
2025-01-17 10:54:00,0.347,0.3472,0.347,0.347,6175.92
2025-01-17 10:55:00,0.3469,0.3469,0.3469,0.3469,216.13
2025-01-17 10:56:00,0.3469,0.3472,0.3469,0.3471,7371.11
2025-01-17 10:57:00,0.347,0.3471,0.347,0.3471,338.35
2025-01-17 10:58:00,0.347,0.347,0.3469,0.3469,2204.13
2025-01-17 10:59:00,0.3469,0.3469,0.3469,0.3469,0.0
2025-01-17 11:00:00,0.3475,0.3476,0.3469,0.3469,3884.91
2025-01-17 11:01:00,0.3468,0.3468,0.3464,0.3465,12767.82
2025-01-17 11:02:00,0.3463,0.3464,0.3458,0.3459,24019.76
2025-01-17 11:03:00,0.3458,0.3463,0.3458,0.3461,88722.62
2025-01-17 11:04:00,0.3462,0.3462,0.3459,0.3459,26761.2
2025-01-17 11:05:00,0.3457,0.3458,0.3455,0.3458,8488.32
2025-01-17 11:06:00,0.3457,0.3459,0.3457,0.3458,10369.26
2025-01-17 11:07:00,0.3457,0.3457,0.3451,0.3451,2014.42
2025-01-17 11:08:00,0.3452,0.3455,0.3451,0.3455,3540.06
2025-01-17 11:09:00,0.3455,0.3456,0.3453,0.3453,5089.11
2025-01-17 11:10:00,0.3454,0.3454,0.3453,0.3454,2193.92
2025-01-17 11:11:00,0.3454,0.3454,0.3454,0.3454,95.0
2025-01-17 11:12:00,0.3451,0.3452,0.3451,0.3452,1465.33
2025-01-17 11:13:00,0.3452,0.3455,0.3452,0.3455,3058.52
2025-01-17 11:14:00,0.3456,0.3456,0.3453,0.3453,6301.85
2025-01-17 11:15:00,0.3454,0.3459,0.3454,0.3459,6824.33
2025-01-17 11:16:00,0.3459,0.346,0.3459,0.346,1328.61
2025-01-17 11:17:00,0.346,0.3462,0.3459,0.3462,3340.53
2025-01-17 11:18:00,0.3463,0.3465,0.3463,0.3465,3130.23
2025-01-17 11:19:00,0.3463,0.3463,0.3462,0.3462,2357.09
2025-01-17 11:20:00,0.3461,0.3462,0.346,0.3461,8492.91
2025-01-17 11:21:00,0.3461,0.3466,0.3461,0.3465,23429.55
2025-01-17 11:22:00,0.3466,0.3466,0.3466,0.3466,1633.6
2025-01-17 11:23:00,0.3466,0.3468,0.3466,0.3468,3718.47
2025-01-17 11:24:00,0.3467,0.3472,0.3467,0.3472,13702.57
2025-01-17 11:25:00,0.347,0.3471,0.3468,0.3468,9212.23
2025-01-17 11:26:00,0.3467,0.3467,0.3467,0.3467,945.68
2025-01-17 11:27:00,0.3467,0.347,0.3467,0.3469,11284.52
2025-01-17 11:28:00,0.3468,0.3468,0.3466,0.3466,28766.46
2025-01-17 11:29:00,0.3467,0.3467,0.3465,0.3466,2853.31
2025-01-17 11:30:00,0.3468,0.3473,0.3466,0.3471,51893.02
2025-01-17 11:31:00,0.3472,0.3472,0.347,0.347,1852.32
2025-01-17 11:32:00,0.3469,0.347,0.3468,0.347,512.64
2025-01-17 11:33:00,0.3471,0.3474,0.3468,0.3474,4405.48
2025-01-17 11:34:00,0.3475,0.3476,0.3474,0.3474,1454.7
2025-01-17 11:35:00,0.3474,0.3477,0.3474,0.3477,12948.0
2025-01-17 11:36:00,0.3475,0.3477,0.3475,0.3475,7983.0
2025-01-17 11:37:00,0.3475,0.3476,0.3474,0.3476,6799.66
2025-01-17 11:38:00,0.3475,0.3477,0.3475,0.3477,1976.46
2025-01-17 11:39:00,0.3476,0.3476,0.347,0.3472,4794.21
2025-01-17 11:40:00,0.3472,0.3473,0.347,0.3471,6065.98
2025-01-17 11:41:00,0.3474,0.3475,0.3474,0.3474,1348.79
2025-01-17 11:42:00,0.3472,0.3475,0.3472,0.3475,2037.13
2025-01-17 11:43:00,0.3477,0.3483,0.3476,0.3483,7079.97
2025-01-17 11:44:00,0.3483,0.3484,0.3479,0.348,3435.12
2025-01-17 11:45:00,0.3479,0.3479,0.3477,0.3478,1629.46
2025-01-17 11:46:00,0.3475,0.3476,0.3475,0.3475,8223.49
2025-01-17 11:47:00,0.3473,0.3477,0.3473,0.3477,2281.73
2025-01-17 11:48:00,0.3475,0.3475,0.3473,0.3475,3185.52
2025-01-17 11:49:00,0.3476,0.3481,0.3476,0.348,4762.39
2025-01-17 11:50:00,0.348,0.348,0.3476,0.3477,5070.29
2025-01-17 11:51:00,0.3476,0.3479,0.3476,0.3479,2232.39
2025-01-17 11:52:00,0.3479,0.3482,0.3479,0.3479,11061.14
2025-01-17 11:53:00,0.348,0.348,0.348,0.348,1345.2
2025-01-17 11:54:00,0.3479,0.3479,0.3476,0.3476,1852.38
2025-01-17 11:55:00,0.3476,0.3476,0.3475,0.3475,7741.02
2025-01-17 11:56:00,0.3475,0.3475,0.3472,0.3473,12753.32
2025-01-17 11:57:00,0.3474,0.3477,0.3474,0.3477,17453.74
2025-01-17 11:58:00,0.3476,0.3476,0.3474,0.3476,6980.43
2025-01-17 11:59:00,0.3476,0.348,0.3473,0.3473,16280.76
2025-01-17 12:00:00,0.3474,0.3477,0.3466,0.3466,91872.59
2025-01-17 12:01:00,0.3466,0.3468,0.3465,0.3467,15751.5
2025-01-17 12:02:00,0.3467,0.3473,0.3467,0.3469,10251.05
2025-01-17 12:03:00,0.3468,0.3468,0.3465,0.3466,1907.24
2025-01-17 12:04:00,0.3468,0.3472,0.3468,0.3472,3370.36
2025-01-17 12:05:00,0.3472,0.3472,0.3469,0.3469,9760.93
2025-01-17 12:06:00,0.3472,0.3472,0.3471,0.3472,1350.77
2025-01-17 12:07:00,0.347,0.3479,0.3468,0.3479,48480.64
2025-01-17 12:08:00,0.348,0.348,0.3476,0.3476,5741.28
2025-01-17 12:09:00,0.3474,0.3476,0.3474,0.3476,3770.02
2025-01-17 12:10:00,0.3473,0.3478,0.3473,0.3477,16109.01
2025-01-17 12:11:00,0.3476,0.3476,0.3474,0.3476,9476.26
2025-01-17 12:12:00,0.3478,0.3481,0.3478,0.3479,2332.82
2025-01-17 12:13:00,0.3479,0.348,0.3476,0.3476,11861.05
2025-01-17 12:14:00,0.3475,0.3475,0.3472,0.3472,2224.07
2025-01-17 12:15:00,0.3475,0.3475,0.3473,0.3474,1612.67
2025-01-17 12:16:00,0.347,0.347,0.3469,0.347,1296.8
2025-01-17 12:17:00,0.3469,0.3469,0.3467,0.3467,3505.01
2025-01-17 12:18:00,0.3466,0.3468,0.3464,0.3468,1846.8
2025-01-17 12:19:00,0.3471,0.3472,0.3469,0.3471,4786.35
2025-01-17 12:20:00,0.3472,0.3472,0.3468,0.3468,8885.34
2025-01-17 12:21:00,0.3469,0.347,0.3469,0.3469,565.16
2025-01-17 12:22:00,0.3465,0.3466,0.3465,0.3466,2323.15
2025-01-17 12:23:00,0.3469,0.3469,0.3469,0.3469,1093.2
2025-01-17 12:24:00,0.3468,0.3471,0.3467,0.3471,6001.09
2025-01-17 12:25:00,0.3472,0.3474,0.3472,0.3474,869.0
2025-01-17 12:26:00,0.3472,0.3472,0.3468,0.3468,12814.25
2025-01-17 12:27:00,0.3468,0.3469,0.3457,0.3459,37177.05
2025-01-17 12:28:00,0.3459,0.3465,0.3459,0.3462,8756.69
2025-01-17 12:29:00,0.3462,0.3463,0.3459,0.3459,4651.54
2025-01-17 12:30:00,0.3458,0.3459,0.3454,0.3454,13238.17
2025-01-17 12:31:00,0.3453,0.3455,0.3453,0.3455,4507.87
2025-01-17 12:32:00,0.3454,0.3456,0.3451,0.3451,4801.86
2025-01-17 12:33:00,0.3451,0.3453,0.3449,0.3449,14929.74
2025-01-17 12:34:00,0.3448,0.3448,0.3443,0.3444,23016.02
2025-01-17 12:35:00,0.3445,0.3446,0.3437,0.3446,41550.65
2025-01-17 12:36:00,0.3445,0.3445,0.3438,0.3438,14789.49
2025-01-17 12:37:00,0.3438,0.3442,0.3438,0.344,20886.51
2025-01-17 12:38:00,0.344,0.3443,0.3439,0.3443,3182.17
2025-01-17 12:39:00,0.3439,0.3443,0.3439,0.3442,13026.84
2025-01-17 12:40:00,0.344,0.3449,0.344,0.3448,13526.99
2025-01-17 12:41:00,0.3449,0.3456,0.3449,0.345,11473.28
2025-01-17 12:42:00,0.3452,0.3456,0.345,0.3455,4922.68
2025-01-17 12:43:00,0.3454,0.3454,0.3453,0.3453,1478.37
2025-01-17 12:44:00,0.3456,0.3457,0.3453,0.3453,10418.02
2025-01-17 12:45:00,0.3456,0.3459,0.3456,0.3458,3526.36
2025-01-17 12:46:00,0.3459,0.3464,0.3459,0.3462,4236.63
2025-01-17 12:47:00,0.3465,0.3468,0.3465,0.3466,12188.95
2025-01-17 12:48:00,0.3462,0.3464,0.3459,0.3459,5296.61
2025-01-17 12:49:00,0.3459,0.346,0.3458,0.3459,15998.76
2025-01-17 12:50:00,0.3461,0.3461,0.3457,0.3457,5085.75
2025-01-17 12:51:00,0.3456,0.3457,0.3451,0.3451,1810.02
2025-01-17 12:52:00,0.3454,0.3457,0.3453,0.3455,19780.74
2025-01-17 12:53:00,0.3452,0.3454,0.3452,0.3454,1221.9
2025-01-17 12:54:00,0.3454,0.3454,0.3451,0.3451,48.6
2025-01-17 12:55:00,0.3448,0.3449,0.3448,0.3448,1350.44
2025-01-17 12:56:00,0.3447,0.3448,0.3447,0.3448,420.25
2025-01-17 12:57:00,0.3446,0.3447,0.3445,0.3445,1850.12
2025-01-17 12:58:00,0.3445,0.3449,0.3445,0.3449,3188.68
2025-01-17 12:59:00,0.3449,0.345,0.3447,0.3447,5476.64
2025-01-17 13:00:00,0.3449,0.3457,0.3449,0.3457,2322.17
2025-01-17 13:01:00,0.3458,0.346,0.3457,0.3459,20161.48
2025-01-17 13:02:00,0.3461,0.3466,0.3461,0.3466,4461.66
2025-01-17 13:03:00,0.3464,0.3473,0.3464,0.3472,122934.24
2025-01-17 13:04:00,0.3471,0.3476,0.3471,0.3475,113323.89
2025-01-17 13:05:00,0.3475,0.3477,0.3473,0.3474,2930.63
2025-01-17 13:06:00,0.3475,0.3475,0.3474,0.3474,3412.73
2025-01-17 13:07:00,0.3474,0.348,0.3474,0.348,9901.89
2025-01-17 13:08:00,0.348,0.348,0.3476,0.3477,12139.8
2025-01-17 13:09:00,0.3477,0.3477,0.3474,0.3476,3528.8
2025-01-17 13:10:00,0.3474,0.3474,0.3471,0.3471,211.65
2025-01-17 13:11:00,0.3471,0.3472,0.3471,0.3472,2150.92
2025-01-17 13:12:00,0.3475,0.348,0.3475,0.3479,22178.32
2025-01-17 13:13:00,0.3478,0.3478,0.3477,0.3477,5812.36
2025-01-17 13:14:00,0.3475,0.3478,0.3475,0.3478,6746.19
2025-01-17 13:15:00,0.3476,0.3481,0.3476,0.3478,12319.4
2025-01-17 13:16:00,0.348,0.3484,0.348,0.348,21105.68
2025-01-17 13:17:00,0.3481,0.3486,0.3481,0.3486,24498.55
2025-01-17 13:18:00,0.3486,0.349,0.3481,0.3484,38232.22
2025-01-17 13:19:00,0.3481,0.3481,0.3474,0.3476,6650.21
2025-01-17 13:20:00,0.3473,0.3476,0.3473,0.3476,3780.25
2025-01-17 13:21:00,0.3479,0.3481,0.3479,0.3479,5717.82
2025-01-17 13:22:00,0.348,0.3483,0.348,0.3483,4558.86
2025-01-17 13:23:00,0.3484,0.3484,0.3481,0.3481,10245.76
2025-01-17 13:24:00,0.348,0.3481,0.348,0.3481,8776.14
2025-01-17 13:25:00,0.348,0.3484,0.348,0.3484,907.97
2025-01-17 13:26:00,0.3483,0.3486,0.3481,0.3486,45611.2
2025-01-17 13:27:00,0.3486,0.3492,0.3486,0.3489,5628.93
2025-01-17 13:28:00,0.3486,0.3486,0.3483,0.3484,7980.68
2025-01-17 13:29:00,0.3483,0.3486,0.3483,0.3486,9532.89
2025-01-17 13:30:00,0.3485,0.3486,0.3481,0.3482,4704.25
2025-01-17 13:31:00,0.3482,0.3486,0.3482,0.3485,21905.5
2025-01-17 13:32:00,0.3488,0.3489,0.3487,0.3488,8036.5
2025-01-17 13:33:00,0.3489,0.3493,0.3484,0.3485,19335.78
2025-01-17 13:34:00,0.3482,0.3483,0.3482,0.3483,30.15
2025-01-17 13:35:00,0.3481,0.3485,0.3481,0.3484,4808.71
2025-01-17 13:36:00,0.348,0.348,0.3475,0.3475,4890.78
2025-01-17 13:37:00,0.3474,0.3476,0.3471,0.3471,12779.55
2025-01-17 13:38:00,0.347,0.347,0.3463,0.3464,20382.8
2025-01-17 13:39:00,0.3462,0.3462,0.3454,0.3455,8863.26
2025-01-17 13:40:00,0.3461,0.3463,0.3455,0.3463,9283.52
2025-01-17 13:41:00,0.3467,0.3471,0.3465,0.3471,2927.93
2025-01-17 13:42:00,0.3471,0.3472,0.3471,0.3472,45.26
2025-01-17 13:43:00,0.3474,0.3474,0.3468,0.3469,22031.91
2025-01-17 13:44:00,0.347,0.3473,0.347,0.3471,5407.2
2025-01-17 13:45:00,0.3469,0.3477,0.3469,0.3477,6959.78
2025-01-17 13:46:00,0.3477,0.3477,0.3472,0.3473,2770.45
2025-01-17 13:47:00,0.3473,0.3476,0.3472,0.3473,3592.02
2025-01-17 13:48:00,0.3471,0.3471,0.3468,0.3468,7046.63
2025-01-17 13:49:00,0.3464,0.3464,0.3461,0.3461,389.78
2025-01-17 13:50:00,0.3462,0.3462,0.3459,0.3462,5526.53
2025-01-17 13:51:00,0.3461,0.3463,0.3461,0.3463,147.81
2025-01-17 13:52:00,0.3459,0.3459,0.3458,0.3458,4963.11
2025-01-17 13:53:00,0.3458,0.3459,0.3457,0.3459,3279.67
2025-01-17 13:54:00,0.346,0.3464,0.3459,0.3464,235.32
2025-01-17 13:55:00,0.3462,0.3463,0.3462,0.3463,6607.9
2025-01-17 13:56:00,0.3461,0.3462,0.3461,0.3462,7130.32
2025-01-17 13:57:00,0.3463,0.3463,0.3459,0.3459,1849.21
2025-01-17 13:58:00,0.3459,0.3459,0.3459,0.3459,3671.43
2025-01-17 13:59:00,0.3461,0.3461,0.3459,0.346,1838.58
2025-01-17 14:00:00,0.3459,0.3464,0.3458,0.3462,38096.05
2025-01-17 14:01:00,0.3462,0.3467,0.3462,0.3467,10463.4
2025-01-17 14:02:00,0.3466,0.3474,0.3466,0.3474,7939.68
2025-01-17 14:03:00,0.3475,0.3475,0.3474,0.3474,6440.47
2025-01-17 14:04:00,0.3474,0.3474,0.3474,0.3474,0.0
2025-01-17 14:05:00,0.3471,0.3475,0.3471,0.3475,4258.17
2025-01-17 14:06:00,0.3476,0.3476,0.3476,0.3476,254.41
2025-01-17 14:07:00,0.3473,0.3473,0.3473,0.3473,575.96
2025-01-17 14:08:00,0.3477,0.3477,0.3475,0.3475,1725.82
2025-01-17 14:09:00,0.3475,0.3475,0.3473,0.3473,1120.42
2025-01-17 14:10:00,0.3475,0.3479,0.3475,0.3478,2965.41
2025-01-17 14:11:00,0.3479,0.3487,0.3479,0.3485,6474.53
2025-01-17 14:12:00,0.3485,0.3485,0.3479,0.3479,6222.1
2025-01-17 14:13:00,0.3479,0.348,0.3476,0.3479,9982.85
2025-01-17 14:14:00,0.3478,0.3479,0.3476,0.3477,4205.61
2025-01-17 14:15:00,0.3476,0.348,0.3476,0.348,5049.35
2025-01-17 14:16:00,0.3481,0.3482,0.348,0.3482,6057.74
2025-01-17 14:17:00,0.348,0.3487,0.348,0.3485,6505.94
2025-01-17 14:18:00,0.3484,0.3484,0.3481,0.3483,5749.97
2025-01-17 14:19:00,0.3483,0.3485,0.3481,0.3485,1792.42
2025-01-17 14:20:00,0.3487,0.3488,0.3481,0.3483,1524.61
2025-01-17 14:21:00,0.3483,0.3483,0.3479,0.3481,5376.04
2025-01-17 14:22:00,0.3483,0.3485,0.3482,0.3484,11645.31
2025-01-17 14:23:00,0.3485,0.3486,0.3484,0.3486,4470.2
2025-01-17 14:24:00,0.3486,0.3487,0.3485,0.3486,2533.7
2025-01-17 14:25:00,0.3488,0.3488,0.3483,0.3483,7147.6
2025-01-17 14:26:00,0.3484,0.3487,0.3483,0.3485,11749.83
2025-01-17 14:27:00,0.3483,0.3487,0.3482,0.3487,18595.23
2025-01-17 14:28:00,0.3487,0.3492,0.3486,0.3492,14821.96
2025-01-17 14:29:00,0.3491,0.3493,0.3491,0.3492,3454.23
2025-01-17 14:30:00,0.3493,0.3497,0.3486,0.3486,78311.36
2025-01-17 14:31:00,0.3486,0.3486,0.3473,0.3481,27289.98
2025-01-17 14:32:00,0.3476,0.3486,0.3471,0.3486,29451.13
2025-01-17 14:33:00,0.3487,0.3496,0.3486,0.3486,31973.29
2025-01-17 14:34:00,0.3485,0.3492,0.3481,0.3488,11042.82
2025-01-17 14:35:00,0.349,0.3498,0.3489,0.3494,28692.28
2025-01-17 14:36:00,0.3497,0.3511,0.3497,0.3506,78299.6
2025-01-17 14:37:00,0.3509,0.351,0.3492,0.35,47043.25
2025-01-17 14:38:00,0.3499,0.3499,0.3483,0.349,51781.43
2025-01-17 14:39:00,0.3486,0.3492,0.348,0.3482,38604.3
2025-01-17 14:40:00,0.3482,0.3489,0.3478,0.3479,30738.28
2025-01-17 14:41:00,0.3486,0.3486,0.3474,0.3474,23192.9
2025-01-17 14:42:00,0.3478,0.3491,0.3478,0.3479,17509.37
2025-01-17 14:43:00,0.3475,0.3484,0.347,0.3477,18277.72
2025-01-17 14:44:00,0.3477,0.3482,0.3474,0.348,14186.81
2025-01-17 14:45:00,0.348,0.3499,0.348,0.3496,21065.63
2025-01-17 14:46:00,0.3498,0.3498,0.3487,0.3488,9193.16
2025-01-17 14:47:00,0.3481,0.3484,0.3473,0.3473,13136.69
2025-01-17 14:48:00,0.3472,0.3482,0.3465,0.3479,29466.06
2025-01-17 14:49:00,0.3482,0.3483,0.3473,0.3481,63337.63
2025-01-17 14:50:00,0.3477,0.3479,0.3468,0.3468,16939.29
2025-01-17 14:51:00,0.3469,0.3474,0.3468,0.3474,7090.91
2025-01-17 14:52:00,0.3477,0.3492,0.3477,0.3492,25913.92
2025-01-17 14:53:00,0.349,0.3491,0.349,0.349,3975.29
2025-01-17 14:54:00,0.3485,0.3485,0.3479,0.3482,9366.93
2025-01-17 14:55:00,0.3486,0.3489,0.3485,0.3489,7416.66
2025-01-17 14:56:00,0.349,0.3493,0.3488,0.3493,10026.84
2025-01-17 14:57:00,0.3492,0.3495,0.349,0.3495,37711.55
2025-01-17 14:58:00,0.3492,0.3494,0.3487,0.349,20913.84
2025-01-17 14:59:00,0.3487,0.3492,0.3485,0.349,4999.07
2025-01-17 15:00:00,0.3492,0.3498,0.3491,0.3497,18373.89
2025-01-17 15:01:00,0.3496,0.3496,0.349,0.3495,7092.15
2025-01-17 15:02:00,0.3492,0.3499,0.3492,0.3497,18166.98
2025-01-17 15:03:00,0.3496,0.3498,0.3489,0.3489,17578.1
2025-01-17 15:04:00,0.3491,0.3498,0.3488,0.3496,15793.58
2025-01-17 15:05:00,0.3497,0.3507,0.3497,0.3505,16693.66
2025-01-17 15:06:00,0.3507,0.3512,0.3507,0.3508,29908.86
2025-01-17 15:07:00,0.3508,0.3515,0.3507,0.3513,8992.1
2025-01-17 15:08:00,0.3514,0.3515,0.3504,0.3504,16635.54
2025-01-17 15:09:00,0.3505,0.3511,0.3504,0.3511,7861.67
2025-01-17 15:10:00,0.3509,0.3511,0.3508,0.3509,6696.39
2025-01-17 15:11:00,0.3509,0.3509,0.3499,0.3508,19063.64
2025-01-17 15:12:00,0.3507,0.3508,0.3502,0.3504,23678.93
2025-01-17 15:13:00,0.3504,0.3504,0.3497,0.3498,34982.78
2025-01-17 15:14:00,0.3498,0.3504,0.3498,0.3501,10501.66
2025-01-17 15:15:00,0.3502,0.3509,0.3501,0.3509,6205.04
2025-01-17 15:16:00,0.3507,0.3507,0.3503,0.3503,13266.98
2025-01-17 15:17:00,0.3503,0.3505,0.3501,0.3503,2788.36
2025-01-17 15:18:00,0.3502,0.3504,0.3499,0.3504,19006.65
2025-01-17 15:19:00,0.3502,0.3503,0.3502,0.3503,8103.8
2025-01-17 15:20:00,0.3504,0.3507,0.3491,0.3492,73966.4
2025-01-17 15:21:00,0.3492,0.3492,0.3483,0.3483,83814.66
2025-01-17 15:22:00,0.3487,0.3493,0.3478,0.3482,24598.4
2025-01-17 15:23:00,0.3482,0.3489,0.3478,0.3488,31217.99
2025-01-17 15:24:00,0.349,0.349,0.3482,0.3485,36334.54
2025-01-17 15:25:00,0.3484,0.3487,0.3477,0.348,39266.99
2025-01-17 15:26:00,0.348,0.3482,0.3466,0.3468,15333.89
2025-01-17 15:27:00,0.3468,0.3468,0.3458,0.3459,27351.97
2025-01-17 15:28:00,0.346,0.3473,0.3457,0.3465,59982.6
2025-01-17 15:29:00,0.3465,0.3468,0.3461,0.3466,15034.33
2025-01-17 15:30:00,0.3465,0.3472,0.3465,0.3472,27975.09
2025-01-17 15:31:00,0.3471,0.3476,0.3469,0.3474,17855.11
2025-01-17 15:32:00,0.3472,0.3472,0.3458,0.3462,14671.35
2025-01-17 15:33:00,0.3462,0.3463,0.3456,0.3461,6834.43
2025-01-17 15:34:00,0.3461,0.3461,0.3454,0.346,15721.5
2025-01-17 15:35:00,0.3459,0.3463,0.3458,0.3463,13420.88
2025-01-17 15:36:00,0.3461,0.3468,0.3461,0.3468,250.63
2025-01-17 15:37:00,0.347,0.3472,0.347,0.3472,965.36
2025-01-17 15:38:00,0.3469,0.3474,0.3469,0.3473,526.92
2025-01-17 15:39:00,0.3478,0.348,0.3478,0.3478,7104.5
2025-01-17 15:40:00,0.3476,0.3482,0.3476,0.3477,29828.76
2025-01-17 15:41:00,0.3476,0.3479,0.3476,0.3478,10549.09
2025-01-17 15:42:00,0.3474,0.3478,0.3473,0.3478,3072.1
2025-01-17 15:43:00,0.3479,0.3482,0.3478,0.3479,7264.6
2025-01-17 15:44:00,0.3477,0.3477,0.3474,0.3475,1221.27
2025-01-17 15:45:00,0.3476,0.348,0.3476,0.3476,10986.58
2025-01-17 15:46:00,0.3471,0.3471,0.3468,0.3468,5406.29
2025-01-17 15:47:00,0.3466,0.3466,0.3459,0.3461,5227.62
2025-01-17 15:48:00,0.3461,0.3461,0.3457,0.3459,3845.83
2025-01-17 15:49:00,0.346,0.3468,0.346,0.3467,7904.08
2025-01-17 15:50:00,0.3467,0.3468,0.3458,0.3461,8851.99
2025-01-17 15:51:00,0.3461,0.3466,0.3459,0.346,17604.47
2025-01-17 15:52:00,0.3462,0.3466,0.346,0.3465,5612.56
2025-01-17 15:53:00,0.346,0.3463,0.346,0.3463,1260.54
2025-01-17 15:54:00,0.3463,0.3468,0.3463,0.3468,8721.8
2025-01-17 15:55:00,0.3468,0.3468,0.3466,0.3467,1785.56
2025-01-17 15:56:00,0.3467,0.3467,0.3465,0.3465,5585.28
2025-01-17 15:57:00,0.3467,0.3472,0.3466,0.3468,8711.83
2025-01-17 15:58:00,0.3467,0.3472,0.3467,0.3471,43792.81
2025-01-17 15:59:00,0.3471,0.3476,0.3471,0.3475,3674.97
2025-01-17 16:00:00,0.3475,0.3486,0.3475,0.3481,17895.88
2025-01-17 16:01:00,0.3485,0.3488,0.3484,0.3484,9419.19
2025-01-17 16:02:00,0.3488,0.3488,0.348,0.348,11834.12
2025-01-17 16:03:00,0.3478,0.3484,0.3478,0.3484,33744.18
2025-01-17 16:04:00,0.3487,0.3489,0.3484,0.3485,8242.35
2025-01-17 16:05:00,0.3483,0.3485,0.3482,0.3482,15387.37
2025-01-17 16:06:00,0.3484,0.3487,0.3484,0.3485,2042.15
2025-01-17 16:07:00,0.3485,0.3485,0.348,0.348,3238.72
2025-01-17 16:08:00,0.3481,0.3482,0.3479,0.3482,50851.22
2025-01-17 16:09:00,0.3476,0.3481,0.3476,0.3481,3217.27
2025-01-17 16:10:00,0.3482,0.3484,0.3482,0.3483,5186.35
2025-01-17 16:11:00,0.3486,0.3489,0.3483,0.3483,10627.55
2025-01-17 16:12:00,0.3484,0.3492,0.3484,0.349,31637.23
2025-01-17 16:13:00,0.349,0.3494,0.3489,0.3494,9892.55
2025-01-17 16:14:00,0.3496,0.3497,0.3492,0.3495,5978.53
2025-01-17 16:15:00,0.3492,0.3495,0.349,0.3495,5239.54
2025-01-17 16:16:00,0.3497,0.3497,0.3492,0.3493,8594.0
2025-01-17 16:17:00,0.3498,0.35,0.3496,0.35,3669.59
2025-01-17 16:18:00,0.3501,0.3506,0.35,0.3506,16922.2
2025-01-17 16:19:00,0.3507,0.3509,0.3498,0.3498,21009.78
2025-01-17 16:20:00,0.3499,0.3505,0.3499,0.3501,10919.4
2025-01-17 16:21:00,0.3501,0.3503,0.3501,0.3501,2797.79
2025-01-17 16:22:00,0.3502,0.3504,0.3502,0.3503,17035.42
2025-01-17 16:23:00,0.3501,0.3501,0.3493,0.3495,17576.32
2025-01-17 16:24:00,0.3493,0.35,0.3492,0.3499,12476.67
2025-01-17 16:25:00,0.3499,0.3502,0.3499,0.3502,37497.32
2025-01-17 16:26:00,0.3501,0.3502,0.35,0.3501,5292.31
2025-01-17 16:27:00,0.35,0.3502,0.35,0.3501,3479.41
2025-01-17 16:28:00,0.3501,0.3505,0.3501,0.3503,857.21
2025-01-17 16:29:00,0.3501,0.3503,0.35,0.35,4441.1
2025-01-17 16:30:00,0.3498,0.3498,0.3492,0.3493,24676.05
2025-01-17 16:31:00,0.3491,0.3501,0.3489,0.3496,26388.36
2025-01-17 16:32:00,0.3495,0.3505,0.3495,0.3505,6876.43
2025-01-17 16:33:00,0.3501,0.3502,0.3499,0.3501,10344.41
2025-01-17 16:34:00,0.3503,0.3503,0.3499,0.35,23530.12
2025-01-17 16:35:00,0.35,0.3501,0.3498,0.3499,7091.75
2025-01-17 16:36:00,0.3501,0.3501,0.3497,0.35,6937.74
2025-01-17 16:37:00,0.3501,0.3501,0.3497,0.35,10176.95
2025-01-17 16:38:00,0.3501,0.3504,0.3501,0.3504,2456.0
2025-01-17 16:39:00,0.3504,0.3511,0.3504,0.3511,5117.14
2025-01-17 16:40:00,0.3509,0.3511,0.3507,0.3507,9493.83
2025-01-17 16:41:00,0.3507,0.3508,0.3506,0.3507,8675.18
2025-01-17 16:42:00,0.3507,0.3509,0.3507,0.3509,5816.45
2025-01-17 16:43:00,0.3507,0.3508,0.3506,0.3507,7081.25
2025-01-17 16:44:00,0.3506,0.3506,0.3502,0.3503,4712.42
2025-01-17 16:45:00,0.3504,0.3504,0.3494,0.3497,23763.81
2025-01-17 16:46:00,0.3497,0.3497,0.349,0.349,22571.22
2025-01-17 16:47:00,0.3489,0.3494,0.3487,0.3493,5705.68
2025-01-17 16:48:00,0.3494,0.3497,0.3494,0.3495,11802.55
2025-01-17 16:49:00,0.3497,0.3501,0.3496,0.3496,3775.94
2025-01-17 16:50:00,0.3495,0.3496,0.3493,0.3494,1127.29
2025-01-17 16:51:00,0.3495,0.3498,0.3495,0.3497,1654.77
2025-01-17 16:52:00,0.3498,0.3501,0.3497,0.3501,4241.54
2025-01-17 16:53:00,0.3498,0.3503,0.3498,0.3503,1127.51
2025-01-17 16:54:00,0.35,0.3502,0.3499,0.3499,7455.57
2025-01-17 16:55:00,0.3497,0.3498,0.3497,0.3498,244.75
2025-01-17 16:56:00,0.3495,0.3495,0.3492,0.3494,3673.74
2025-01-17 16:57:00,0.3494,0.3494,0.3492,0.3494,5052.15
2025-01-17 16:58:00,0.3495,0.3495,0.3495,0.3495,572.24
2025-01-17 16:59:00,0.3497,0.3498,0.3497,0.3498,96.23
2025-01-17 17:00:00,0.3496,0.3497,0.3493,0.3493,13358.05
2025-01-17 17:01:00,0.3492,0.3492,0.3484,0.3485,48931.96
2025-01-17 17:02:00,0.3488,0.349,0.3487,0.3489,3332.55
2025-01-17 17:03:00,0.3489,0.3491,0.3489,0.3491,1137.01
2025-01-17 17:04:00,0.3493,0.3493,0.3489,0.3491,552.07
2025-01-17 17:05:00,0.3494,0.3494,0.349,0.349,7204.56
2025-01-17 17:06:00,0.3488,0.3488,0.3482,0.3482,11099.6
2025-01-17 17:07:00,0.3482,0.3489,0.348,0.3489,13350.6
2025-01-17 17:08:00,0.3491,0.3494,0.349,0.3491,4863.73
2025-01-17 17:09:00,0.3491,0.3528,0.3489,0.3517,303713.89
2025-01-17 17:10:00,0.3516,0.3516,0.3508,0.3511,52468.31
2025-01-17 17:11:00,0.3511,0.3514,0.3507,0.3508,32738.26
2025-01-17 17:12:00,0.3511,0.3516,0.3511,0.3512,42507.94
2025-01-17 17:13:00,0.3509,0.3514,0.3509,0.3512,19168.98
2025-01-17 17:14:00,0.3511,0.3512,0.351,0.3512,7622.1
2025-01-17 17:15:00,0.3512,0.3516,0.3509,0.3509,12388.21
2025-01-17 17:16:00,0.3509,0.3521,0.3509,0.3513,108790.36
2025-01-17 17:17:00,0.3512,0.3514,0.3507,0.3508,30759.48
2025-01-17 17:18:00,0.3506,0.3513,0.3502,0.3511,52155.65
2025-01-17 17:19:00,0.3512,0.3512,0.351,0.3511,11775.3
2025-01-17 17:20:00,0.3509,0.3513,0.3509,0.3513,7764.05
2025-01-17 17:21:00,0.3512,0.3512,0.3507,0.3508,4073.39
2025-01-17 17:22:00,0.3509,0.351,0.3508,0.3509,9561.87
2025-01-17 17:23:00,0.3509,0.3511,0.3506,0.3511,7890.08
2025-01-17 17:24:00,0.3512,0.3516,0.3511,0.3516,10030.53
2025-01-17 17:25:00,0.3518,0.3525,0.3518,0.3525,22810.18
2025-01-17 17:26:00,0.3525,0.3531,0.3525,0.3529,32923.16
2025-01-17 17:27:00,0.3529,0.3529,0.3525,0.3525,3220.78
2025-01-17 17:28:00,0.3523,0.3526,0.3521,0.3521,1572.56
2025-01-17 17:29:00,0.3521,0.3524,0.3521,0.3523,5961.03
2025-01-17 17:30:00,0.3523,0.3527,0.3517,0.3517,14375.94
2025-01-17 17:31:00,0.3517,0.3519,0.3515,0.3515,2882.04
2025-01-17 17:32:00,0.3511,0.3513,0.3508,0.3512,21642.19
2025-01-17 17:33:00,0.3514,0.3521,0.3514,0.3518,32547.53
2025-01-17 17:34:00,0.3512,0.3515,0.3509,0.3509,62106.9
2025-01-17 17:35:00,0.3508,0.3508,0.3492,0.3492,26150.29
2025-01-17 17:36:00,0.3496,0.3504,0.3489,0.3503,232372.94
2025-01-17 17:37:00,0.3503,0.3516,0.3493,0.3514,158073.05
2025-01-17 17:38:00,0.3513,0.3514,0.3506,0.3506,16511.04
2025-01-17 17:39:00,0.3505,0.3505,0.3501,0.3502,2235.26
2025-01-17 17:40:00,0.3501,0.3506,0.35,0.35,14025.46
2025-01-17 17:41:00,0.3499,0.3508,0.3497,0.3508,71399.38
2025-01-17 17:42:00,0.3506,0.3506,0.3499,0.3501,18423.21
2025-01-17 17:43:00,0.3501,0.3501,0.3497,0.3499,10158.02
2025-01-17 17:44:00,0.3499,0.35,0.3493,0.3496,16281.94
2025-01-17 17:45:00,0.3495,0.3497,0.3492,0.3497,45029.21
2025-01-17 17:46:00,0.3498,0.3504,0.3498,0.3498,20254.49
2025-01-17 17:47:00,0.3496,0.35,0.3496,0.3499,4820.22
2025-01-17 17:48:00,0.3501,0.3503,0.3497,0.3497,26859.5
2025-01-17 17:49:00,0.3497,0.3497,0.3492,0.3492,2233.11
2025-01-17 17:50:00,0.3492,0.3494,0.3483,0.3485,10931.87
2025-01-17 17:51:00,0.3485,0.3487,0.3481,0.3485,98321.46
2025-01-17 17:52:00,0.3485,0.3499,0.3485,0.3489,111220.59
2025-01-17 17:53:00,0.3489,0.3489,0.3485,0.3486,1302.75
2025-01-17 17:54:00,0.3488,0.3496,0.3488,0.3496,10196.83
2025-01-17 17:55:00,0.3493,0.3493,0.3482,0.3482,16818.02
2025-01-17 17:56:00,0.3483,0.3483,0.3479,0.3481,8801.44
2025-01-17 17:57:00,0.348,0.3483,0.3476,0.3483,5577.99
2025-01-17 17:58:00,0.3481,0.3486,0.3481,0.3486,5437.76
2025-01-17 17:59:00,0.3485,0.3486,0.3483,0.3485,6287.71
2025-01-17 18:00:00,0.3483,0.3487,0.3483,0.3483,5368.92
2025-01-17 18:01:00,0.3483,0.3489,0.3478,0.3489,16676.9
2025-01-17 18:02:00,0.3481,0.3485,0.3481,0.3483,1544.36
2025-01-17 18:03:00,0.3483,0.3488,0.3481,0.3481,11866.05
2025-01-17 18:04:00,0.3482,0.3488,0.3482,0.3488,1326.74
2025-01-17 18:05:00,0.3488,0.3491,0.3488,0.349,2884.61
2025-01-17 18:06:00,0.3489,0.3492,0.3483,0.3491,43137.97
2025-01-17 18:07:00,0.3486,0.3486,0.3481,0.3481,1207.39
2025-01-17 18:08:00,0.3482,0.3482,0.3477,0.3482,7384.1
2025-01-17 18:09:00,0.3476,0.3477,0.3473,0.3477,10540.03
2025-01-17 18:10:00,0.3478,0.3478,0.3468,0.3469,14614.85
2025-01-17 18:11:00,0.3469,0.3489,0.3465,0.3489,109054.68
2025-01-17 18:12:00,0.3489,0.3521,0.3484,0.352,148118.92
2025-01-17 18:13:00,0.3521,0.3522,0.3509,0.3514,126711.97
2025-01-17 18:14:00,0.3515,0.3527,0.3515,0.3523,113876.27
2025-01-17 18:15:00,0.3525,0.3529,0.3525,0.3525,36044.68
2025-01-17 18:16:00,0.3525,0.3535,0.3522,0.3535,46322.77
2025-01-17 18:17:00,0.3534,0.3536,0.3529,0.3534,87362.53
2025-01-17 18:18:00,0.3535,0.3539,0.3532,0.3538,17264.44
2025-01-17 18:19:00,0.3538,0.3542,0.3534,0.354,40328.53
2025-01-17 18:20:00,0.3542,0.3554,0.3541,0.3554,45115.2
2025-01-17 18:21:00,0.3554,0.358,0.3552,0.3577,291538.83
2025-01-17 18:22:00,0.3577,0.3584,0.3568,0.3581,365625.94
2025-01-17 18:23:00,0.358,0.3587,0.3577,0.3577,154520.2
2025-01-17 18:24:00,0.3576,0.3594,0.3576,0.3581,197816.23
2025-01-17 18:25:00,0.3583,0.3598,0.3577,0.3598,136509.65
2025-01-17 18:26:00,0.3597,0.36,0.3589,0.3595,123112.26
2025-01-17 18:27:00,0.3597,0.3602,0.3593,0.3594,137312.02
2025-01-17 18:28:00,0.3594,0.3601,0.3583,0.3583,102165.93
2025-01-17 18:29:00,0.3582,0.3588,0.3568,0.3586,222771.79
2025-01-17 18:30:00,0.3586,0.3586,0.3571,0.3571,93727.02
2025-01-17 18:31:00,0.357,0.357,0.356,0.3563,53383.98
2025-01-17 18:32:00,0.3564,0.3573,0.3562,0.3573,26692.75
2025-01-17 18:33:00,0.3573,0.3573,0.3559,0.3568,59135.03
2025-01-17 18:34:00,0.3569,0.3572,0.3568,0.3568,7322.58
2025-01-17 18:35:00,0.3569,0.3574,0.3565,0.3571,52547.04
2025-01-17 18:36:00,0.3573,0.3578,0.357,0.3578,28349.02
2025-01-17 18:37:00,0.3579,0.359,0.3578,0.3589,63504.72
2025-01-17 18:38:00,0.359,0.3596,0.3587,0.3592,58713.08
2025-01-17 18:39:00,0.3591,0.3591,0.3585,0.3591,20269.77
2025-01-17 18:40:00,0.3591,0.3594,0.3582,0.3587,24703.62
2025-01-17 18:41:00,0.3587,0.3596,0.3583,0.3595,91891.59
2025-01-17 18:42:00,0.3597,0.3615,0.3592,0.3613,65870.88
2025-01-17 18:43:00,0.3613,0.3613,0.3592,0.3603,184697.48
2025-01-17 18:44:00,0.3601,0.3609,0.3593,0.3609,125189.06
2025-01-17 18:45:00,0.3605,0.3609,0.3596,0.3601,172329.03
2025-01-17 18:46:00,0.36,0.3609,0.3597,0.3604,120871.83
2025-01-17 18:47:00,0.3603,0.3606,0.3589,0.359,144262.91
2025-01-17 18:48:00,0.3589,0.3597,0.3587,0.3593,35539.3
2025-01-17 18:49:00,0.3592,0.3595,0.3588,0.3591,41516.4
2025-01-17 18:50:00,0.3592,0.3592,0.3581,0.3583,36426.67
2025-01-17 18:51:00,0.3583,0.359,0.358,0.3588,87611.14
2025-01-17 18:52:00,0.3594,0.3596,0.3586,0.3592,18236.05
2025-01-17 18:53:00,0.3591,0.3593,0.3587,0.3587,37756.38
2025-01-17 18:54:00,0.3591,0.3596,0.3588,0.3593,32781.71
2025-01-17 18:55:00,0.3593,0.3593,0.3583,0.3591,30328.63
2025-01-17 18:56:00,0.359,0.3596,0.3587,0.3594,27814.69
2025-01-17 18:57:00,0.3595,0.3595,0.359,0.359,27598.62
2025-01-17 18:58:00,0.359,0.3597,0.3588,0.3595,20420.88
2025-01-17 18:59:00,0.3597,0.3597,0.3587,0.3587,40940.1
2025-01-17 19:00:00,0.3588,0.3592,0.3577,0.3592,162107.91
2025-01-17 19:01:00,0.359,0.3611,0.3585,0.3611,59872.71
2025-01-17 19:02:00,0.361,0.3616,0.36,0.3602,42300.89
2025-01-17 19:03:00,0.36,0.3603,0.3595,0.3602,107915.07
2025-01-17 19:04:00,0.3606,0.3611,0.3605,0.3611,23819.66
2025-01-17 19:05:00,0.361,0.3626,0.361,0.3626,62109.25
2025-01-17 19:06:00,0.3625,0.3626,0.3595,0.3597,119741.2
2025-01-17 19:07:00,0.3596,0.3598,0.3587,0.3593,39625.64
2025-01-17 19:08:00,0.3592,0.3596,0.3585,0.3595,44045.19
2025-01-17 19:09:00,0.3596,0.3597,0.3593,0.3597,14559.34
2025-01-17 19:10:00,0.3598,0.3606,0.3598,0.3605,15629.08
2025-01-17 19:11:00,0.3609,0.3616,0.3607,0.3613,35728.05
2025-01-17 19:12:00,0.3613,0.3631,0.3613,0.3621,377939.95
2025-01-17 19:13:00,0.3621,0.3623,0.3613,0.3615,42379.59
2025-01-17 19:14:00,0.3615,0.3615,0.3608,0.3614,58892.22
2025-01-17 19:15:00,0.3616,0.3622,0.3616,0.3619,23255.33
2025-01-17 19:16:00,0.3619,0.3622,0.3613,0.3616,25500.71
2025-01-17 19:17:00,0.3616,0.3617,0.3612,0.3617,23192.45
2025-01-17 19:18:00,0.3617,0.3624,0.3615,0.3619,28241.39
2025-01-17 19:19:00,0.362,0.3626,0.3619,0.3619,21148.52
2025-01-17 19:20:00,0.362,0.362,0.3606,0.3608,34504.75
2025-01-17 19:21:00,0.361,0.3615,0.3609,0.3615,15241.49
2025-01-17 19:22:00,0.3616,0.3628,0.3612,0.3625,108933.67
2025-01-17 19:23:00,0.3626,0.3629,0.3612,0.3614,33498.78
2025-01-17 19:24:00,0.3612,0.3615,0.3606,0.3613,30249.59
2025-01-17 19:25:00,0.3614,0.3616,0.3613,0.3616,14392.37
2025-01-17 19:26:00,0.3617,0.3618,0.3614,0.3614,5001.18
2025-01-17 19:27:00,0.3614,0.3622,0.3614,0.3621,5970.59
2025-01-17 19:28:00,0.3621,0.3622,0.3614,0.362,31750.96
2025-01-17 19:29:00,0.362,0.3625,0.3618,0.3623,14391.51
2025-01-17 19:30:00,0.3621,0.3621,0.3602,0.3602,23040.27
2025-01-17 19:31:00,0.3604,0.3606,0.3598,0.3603,26284.33
2025-01-17 19:32:00,0.3604,0.361,0.36,0.361,25553.52
2025-01-17 19:33:00,0.3607,0.3608,0.3596,0.3596,15587.54
2025-01-17 19:34:00,0.3597,0.3605,0.3595,0.36,28235.73
2025-01-17 19:35:00,0.3602,0.3605,0.36,0.3603,21870.43
2025-01-17 19:36:00,0.3604,0.3613,0.3602,0.361,47859.35
2025-01-17 19:37:00,0.3611,0.3614,0.3608,0.3614,4878.69
2025-01-17 19:38:00,0.3615,0.362,0.3613,0.3613,12698.44
2025-01-17 19:39:00,0.3611,0.3613,0.36,0.36,60876.69
2025-01-17 19:40:00,0.3598,0.3598,0.3594,0.3596,32993.18
2025-01-17 19:41:00,0.3595,0.3598,0.3593,0.3593,19002.74
2025-01-17 19:42:00,0.3591,0.3592,0.3585,0.3585,68753.11
2025-01-17 19:43:00,0.3584,0.3593,0.3583,0.3593,11579.32
2025-01-17 19:44:00,0.3593,0.3594,0.3591,0.3592,13642.36
2025-01-17 19:45:00,0.3592,0.3595,0.3588,0.3594,13351.99
2025-01-17 19:46:00,0.3594,0.3594,0.3591,0.3593,6994.96
2025-01-17 19:47:00,0.3597,0.3598,0.3593,0.3593,4671.39
2025-01-17 19:48:00,0.3593,0.3596,0.3593,0.3596,6743.86
2025-01-17 19:49:00,0.3597,0.3607,0.3597,0.3607,19845.28
2025-01-17 19:50:00,0.3608,0.3609,0.3606,0.3608,7434.9
2025-01-17 19:51:00,0.3606,0.3608,0.3605,0.3605,6399.06
2025-01-17 19:52:00,0.3605,0.3605,0.3603,0.3603,58278.77
2025-01-17 19:53:00,0.3603,0.3605,0.3602,0.3602,9089.49
2025-01-17 19:54:00,0.3602,0.3607,0.3602,0.3604,15820.77
2025-01-17 19:55:00,0.3604,0.3607,0.3602,0.3607,6742.26
2025-01-17 19:56:00,0.3608,0.3609,0.3607,0.3607,6172.56
2025-01-17 19:57:00,0.3607,0.3609,0.3605,0.3609,13849.56
2025-01-17 19:58:00,0.3607,0.3612,0.3606,0.3612,14178.43
2025-01-17 19:59:00,0.3614,0.3614,0.3612,0.3613,11678.83
2025-01-17 20:00:00,0.361,0.361,0.3602,0.3602,8178.21
2025-01-17 20:01:00,0.3601,0.3615,0.3601,0.3614,15715.86
2025-01-17 20:02:00,0.3614,0.362,0.3609,0.362,13754.51
2025-01-17 20:03:00,0.3619,0.3623,0.3617,0.3622,5048.68
2025-01-17 20:04:00,0.3623,0.3623,0.3618,0.362,15606.6
2025-01-17 20:05:00,0.362,0.3623,0.3616,0.3623,15932.37
2025-01-17 20:06:00,0.3619,0.3619,0.3615,0.3618,7389.83
2025-01-17 20:07:00,0.3619,0.3625,0.3619,0.3623,30423.94
2025-01-17 20:08:00,0.3624,0.3629,0.3623,0.3629,9157.24
2025-01-17 20:09:00,0.363,0.3638,0.363,0.3635,50107.31
2025-01-17 20:10:00,0.3637,0.364,0.3631,0.3636,151786.53
2025-01-17 20:11:00,0.3635,0.3643,0.363,0.3631,100581.15
2025-01-17 20:12:00,0.3632,0.3637,0.3632,0.3637,8925.17
2025-01-17 20:13:00,0.3639,0.364,0.3635,0.3635,16853.74
2025-01-17 20:14:00,0.3635,0.3637,0.3631,0.3631,4971.97
2025-01-17 20:15:00,0.3631,0.3633,0.3628,0.3629,15276.79
2025-01-17 20:16:00,0.363,0.3636,0.363,0.3635,16944.86
2025-01-17 20:17:00,0.3633,0.364,0.3633,0.364,37748.08
2025-01-17 20:18:00,0.3643,0.3643,0.3633,0.3634,38227.33
2025-01-17 20:19:00,0.3632,0.3648,0.3632,0.3645,72652.58
2025-01-17 20:20:00,0.3641,0.3646,0.364,0.3644,12115.12
2025-01-17 20:21:00,0.3647,0.3647,0.3633,0.3633,11249.47
2025-01-17 20:22:00,0.3633,0.3641,0.3631,0.3641,33803.6
2025-01-17 20:23:00,0.3639,0.3643,0.3637,0.364,23293.92
2025-01-17 20:24:00,0.364,0.3642,0.3635,0.3636,15307.72
2025-01-17 20:25:00,0.3635,0.3641,0.3635,0.364,14404.2
2025-01-17 20:26:00,0.3642,0.3644,0.3639,0.3642,7681.97
2025-01-17 20:27:00,0.364,0.3645,0.364,0.3644,22737.45
2025-01-17 20:28:00,0.3645,0.3646,0.3642,0.3643,2742.38
2025-01-17 20:29:00,0.3643,0.3652,0.364,0.3652,18384.96
2025-01-17 20:30:00,0.3653,0.3665,0.3653,0.3659,49144.6
2025-01-17 20:31:00,0.3658,0.3668,0.3656,0.3665,62828.26
2025-01-17 20:32:00,0.3665,0.3667,0.3663,0.3665,32668.99
2025-01-17 20:33:00,0.3666,0.3669,0.3663,0.3668,62532.46
2025-01-17 20:34:00,0.367,0.3673,0.3666,0.367,36758.51
2025-01-17 20:35:00,0.367,0.3691,0.367,0.3679,143392.39
2025-01-17 20:36:00,0.3681,0.3681,0.3672,0.3678,23413.9
2025-01-17 20:37:00,0.3681,0.3683,0.3673,0.3675,30047.54
2025-01-17 20:38:00,0.3675,0.3686,0.3675,0.3684,10507.37
2025-01-17 20:39:00,0.3684,0.3688,0.3678,0.3688,115554.53
2025-01-17 20:40:00,0.3684,0.3687,0.3676,0.3682,121464.73
2025-01-17 20:41:00,0.3683,0.3695,0.3682,0.3692,55611.73
2025-01-17 20:42:00,0.3692,0.3692,0.3681,0.3685,38972.84
2025-01-17 20:43:00,0.3681,0.3685,0.3677,0.3682,46952.12
2025-01-17 20:44:00,0.3682,0.3686,0.3681,0.3686,18341.02
2025-01-17 20:45:00,0.3688,0.3693,0.3687,0.3687,24584.94
2025-01-17 20:46:00,0.3682,0.3686,0.3681,0.3683,63436.42
2025-01-17 20:47:00,0.3686,0.3692,0.3686,0.3689,32034.45
2025-01-17 20:48:00,0.3689,0.3695,0.3688,0.3694,20554.92
2025-01-17 20:49:00,0.3694,0.3695,0.3687,0.3689,68756.16
2025-01-17 20:50:00,0.3688,0.3696,0.3688,0.369,75519.74
2025-01-17 20:51:00,0.369,0.369,0.3683,0.3685,33540.78
2025-01-17 20:52:00,0.3684,0.3684,0.3678,0.3681,17675.17
2025-01-17 20:53:00,0.3683,0.3684,0.368,0.3683,2740.95
2025-01-17 20:54:00,0.3683,0.3683,0.3677,0.3677,36582.73
2025-01-17 20:55:00,0.3675,0.3677,0.3671,0.3677,50477.5
2025-01-17 20:56:00,0.3673,0.3677,0.3671,0.3672,38635.03
2025-01-17 20:57:00,0.3671,0.3673,0.3662,0.3664,55293.43
2025-01-17 20:58:00,0.3665,0.3669,0.3665,0.3669,32422.56
2025-01-17 20:59:00,0.367,0.3677,0.367,0.3673,11632.24
2025-01-17 21:00:00,0.3673,0.3691,0.3671,0.3683,83373.07
2025-01-17 21:01:00,0.3681,0.3681,0.367,0.3672,28680.75
2025-01-17 21:02:00,0.3671,0.3671,0.3663,0.3666,31674.99
2025-01-17 21:03:00,0.3664,0.3666,0.366,0.3666,7725.58
2025-01-17 21:04:00,0.3665,0.3668,0.3662,0.3662,18376.78
2025-01-17 21:05:00,0.3661,0.3666,0.3661,0.3664,9395.46
2025-01-17 21:06:00,0.3662,0.3662,0.3652,0.3652,30091.37
2025-01-17 21:07:00,0.3653,0.3653,0.365,0.3651,13630.88
2025-01-17 21:08:00,0.365,0.365,0.3637,0.3638,60123.3
2025-01-17 21:09:00,0.3639,0.3641,0.3634,0.3635,27015.87
2025-01-17 21:10:00,0.3635,0.3636,0.3632,0.3635,17421.45
2025-01-17 21:11:00,0.3636,0.364,0.3634,0.3639,17838.68
2025-01-17 21:12:00,0.3641,0.3641,0.3639,0.3639,6190.63
2025-01-17 21:13:00,0.3638,0.3641,0.3636,0.3641,22249.43
2025-01-17 21:14:00,0.3639,0.3645,0.3638,0.3645,16292.5
2025-01-17 21:15:00,0.3644,0.3655,0.3644,0.3653,10180.32
2025-01-17 21:16:00,0.3654,0.3655,0.3649,0.3649,51776.1
2025-01-17 21:17:00,0.3648,0.3648,0.3644,0.3644,11180.8
2025-01-17 21:18:00,0.3646,0.3649,0.3646,0.3648,7317.65
2025-01-17 21:19:00,0.365,0.365,0.3643,0.3644,4020.31
2025-01-17 21:20:00,0.3643,0.3644,0.364,0.3643,12708.72
2025-01-17 21:21:00,0.3644,0.3655,0.3644,0.3652,27402.02
2025-01-17 21:22:00,0.3652,0.3662,0.3652,0.3662,15833.65
2025-01-17 21:23:00,0.3662,0.3663,0.3657,0.3657,16290.05
2025-01-17 21:24:00,0.3658,0.3662,0.3657,0.3657,19170.5
2025-01-17 21:25:00,0.366,0.366,0.3654,0.3654,13950.02
2025-01-17 21:26:00,0.3654,0.3654,0.365,0.3652,7651.99
2025-01-17 21:27:00,0.3651,0.3651,0.3649,0.365,19245.2
2025-01-17 21:28:00,0.3649,0.3652,0.3646,0.3651,19011.12
2025-01-17 21:29:00,0.3649,0.3649,0.3644,0.3644,19052.61
2025-01-17 21:30:00,0.3645,0.3648,0.3643,0.3644,11059.45
2025-01-17 21:31:00,0.3644,0.3649,0.3643,0.3649,6798.49
2025-01-17 21:32:00,0.3648,0.3648,0.3643,0.3644,12472.16
2025-01-17 21:33:00,0.3646,0.3646,0.3635,0.3635,14951.34
2025-01-17 21:34:00,0.3636,0.3636,0.3629,0.3631,55220.28
2025-01-17 21:35:00,0.363,0.3634,0.363,0.3634,23604.48
2025-01-17 21:36:00,0.3634,0.3638,0.3629,0.3629,21397.5
2025-01-17 21:37:00,0.3632,0.3632,0.3627,0.3627,6055.76
2025-01-17 21:38:00,0.3627,0.3627,0.3617,0.3617,42388.68
2025-01-17 21:39:00,0.3619,0.3621,0.3616,0.3621,19495.0
2025-01-17 21:40:00,0.3621,0.3624,0.3619,0.3619,12495.41
2025-01-17 21:41:00,0.3618,0.3619,0.3615,0.3618,10257.17
2025-01-17 21:42:00,0.3618,0.362,0.3616,0.3616,5293.8
2025-01-17 21:43:00,0.362,0.3623,0.362,0.3621,9316.47
2025-01-17 21:44:00,0.3619,0.3619,0.3614,0.3614,18743.76
2025-01-17 21:45:00,0.3617,0.362,0.3617,0.3619,3932.06
2025-01-17 21:46:00,0.3619,0.3623,0.3618,0.3623,11070.39
2025-01-17 21:47:00,0.3618,0.3619,0.3616,0.3617,2110.02
2025-01-17 21:48:00,0.3618,0.3621,0.3618,0.3621,3426.38
2025-01-17 21:49:00,0.3625,0.3625,0.3621,0.3623,13990.88
2025-01-17 21:50:00,0.3621,0.3624,0.3618,0.3618,113362.07
2025-01-17 21:51:00,0.3617,0.3618,0.3613,0.3615,23119.02
2025-01-17 21:52:00,0.3616,0.3623,0.3614,0.3623,27529.5
2025-01-17 21:53:00,0.3623,0.3632,0.3623,0.363,67500.02
2025-01-17 21:54:00,0.3629,0.3629,0.3624,0.3625,13236.91
2025-01-17 21:55:00,0.3624,0.3625,0.3621,0.3621,2914.79
2025-01-17 21:56:00,0.3623,0.3624,0.3621,0.3622,3583.38
2025-01-17 21:57:00,0.3623,0.3627,0.3623,0.3627,11814.19
2025-01-17 21:58:00,0.3628,0.3629,0.3628,0.3629,789.14
2025-01-17 21:59:00,0.3627,0.363,0.3627,0.363,5842.46
2025-01-17 22:00:00,0.3632,0.3634,0.3631,0.3631,4352.08
2025-01-17 22:01:00,0.3629,0.3629,0.3627,0.3627,6971.03
2025-01-17 22:02:00,0.3627,0.3632,0.3627,0.3632,1310.84
2025-01-17 22:03:00,0.3636,0.3643,0.3636,0.3643,4810.94
2025-01-17 22:04:00,0.3642,0.3647,0.364,0.3647,16164.58
2025-01-17 22:05:00,0.3646,0.3646,0.3643,0.3644,7157.02
2025-01-17 22:06:00,0.3641,0.3642,0.3639,0.3639,15211.5
2025-01-17 22:07:00,0.3639,0.3642,0.3638,0.3641,49408.1
2025-01-17 22:08:00,0.3641,0.3644,0.3641,0.3644,25868.77
2025-01-17 22:09:00,0.3644,0.3646,0.3644,0.3644,21278.63
2025-01-17 22:10:00,0.3645,0.3645,0.3644,0.3644,13180.28
2025-01-17 22:11:00,0.3644,0.3644,0.364,0.3643,18505.73
2025-01-17 22:12:00,0.3643,0.3644,0.3641,0.3643,8308.05
2025-01-17 22:13:00,0.3644,0.3645,0.3641,0.3644,5817.4
2025-01-17 22:14:00,0.3645,0.3648,0.3643,0.3643,6647.15
2025-01-17 22:15:00,0.3644,0.3645,0.3641,0.3645,11405.02
2025-01-17 22:16:00,0.3644,0.3645,0.3642,0.3645,6502.24
2025-01-17 22:17:00,0.3648,0.3648,0.3645,0.3646,5640.57
2025-01-17 22:18:00,0.3646,0.3649,0.3646,0.3649,9547.85
2025-01-17 22:19:00,0.3648,0.3649,0.3647,0.3649,2056.59
2025-01-17 22:20:00,0.365,0.365,0.365,0.365,153.59
2025-01-17 22:21:00,0.365,0.365,0.3647,0.3648,16367.06
2025-01-17 22:22:00,0.3649,0.3652,0.3649,0.3651,23415.94
2025-01-17 22:23:00,0.365,0.3652,0.365,0.3652,5468.74
2025-01-17 22:24:00,0.3651,0.3651,0.3647,0.3647,1817.09
2025-01-17 22:25:00,0.3649,0.3649,0.3649,0.3649,2982.15
2025-01-17 22:26:00,0.3649,0.3652,0.3649,0.3652,1034.67
2025-01-17 22:27:00,0.3651,0.3652,0.3646,0.3646,29096.01
2025-01-17 22:28:00,0.3646,0.3649,0.3646,0.3648,81987.23
2025-01-17 22:29:00,0.3652,0.3652,0.3652,0.3652,61.81
2025-01-17 22:30:00,0.3653,0.3658,0.3653,0.3658,17718.04
2025-01-17 22:31:00,0.3656,0.3656,0.3654,0.3654,83.8
2025-01-17 22:32:00,0.3654,0.3657,0.3652,0.3656,16410.91
2025-01-17 22:33:00,0.3657,0.3665,0.3657,0.3665,12079.41
2025-01-17 22:34:00,0.3667,0.3668,0.3663,0.3663,3869.24
2025-01-17 22:35:00,0.3662,0.3662,0.3661,0.3661,3899.43
2025-01-17 22:36:00,0.3661,0.3662,0.3661,0.3661,968.18
2025-01-17 22:37:00,0.3661,0.3661,0.3659,0.3659,22792.65
2025-01-17 22:38:00,0.366,0.366,0.3657,0.3658,3665.12
2025-01-17 22:39:00,0.3658,0.366,0.3657,0.3657,5481.95
2025-01-17 22:40:00,0.3658,0.3659,0.3657,0.3657,6052.97
2025-01-17 22:41:00,0.3659,0.3659,0.3656,0.3656,112.49
2025-01-17 22:42:00,0.3654,0.3654,0.3651,0.3651,4836.98
2025-01-17 22:43:00,0.3652,0.3653,0.365,0.365,9137.02
2025-01-17 22:44:00,0.365,0.365,0.3646,0.3647,6178.16
2025-01-17 22:45:00,0.3647,0.3647,0.3645,0.3645,8965.26
2025-01-17 22:46:00,0.3644,0.3644,0.3635,0.3636,15708.74
2025-01-17 22:47:00,0.3636,0.3637,0.3628,0.3637,133421.55
2025-01-17 22:48:00,0.3639,0.3646,0.3639,0.3643,72929.41
2025-01-17 22:49:00,0.3643,0.3643,0.3643,0.3643,2745.05
2025-01-17 22:50:00,0.3642,0.3642,0.3642,0.3642,69.97
2025-01-17 22:51:00,0.3644,0.3647,0.3643,0.3647,11009.83
2025-01-17 22:52:00,0.3646,0.3652,0.3646,0.3652,527.38
2025-01-17 22:53:00,0.3653,0.3653,0.3652,0.3652,5150.9
2025-01-17 22:54:00,0.3652,0.3654,0.3652,0.3654,5584.17
2025-01-17 22:55:00,0.3654,0.3661,0.3654,0.3661,15106.91
2025-01-17 22:56:00,0.3661,0.3661,0.3657,0.3657,7038.53
2025-01-17 22:57:00,0.3657,0.3657,0.3653,0.3654,8622.62
2025-01-17 22:58:00,0.3653,0.3658,0.3653,0.3656,7192.75
2025-01-17 22:59:00,0.3655,0.3658,0.3654,0.3656,10400.82
2025-01-17 23:00:00,0.3655,0.3657,0.3649,0.3649,10937.87
2025-01-17 23:01:00,0.3649,0.3649,0.3644,0.3645,8010.76
2025-01-17 23:02:00,0.3645,0.3645,0.3641,0.3641,7100.38
2025-01-17 23:03:00,0.3641,0.3644,0.3641,0.3644,11829.85
2025-01-17 23:04:00,0.3645,0.3652,0.3645,0.3652,20400.92
2025-01-17 23:05:00,0.3652,0.3652,0.3649,0.365,6385.12
2025-01-17 23:06:00,0.3649,0.3649,0.3647,0.3648,2304.43
2025-01-17 23:07:00,0.3648,0.3652,0.3648,0.3651,451.07
2025-01-17 23:08:00,0.3653,0.3657,0.3653,0.3653,1512.9
2025-01-17 23:09:00,0.3658,0.3659,0.3657,0.3658,3149.2
2025-01-17 23:10:00,0.3659,0.3659,0.3657,0.3657,6337.77
2025-01-17 23:11:00,0.3654,0.3657,0.3654,0.3657,608.61
2025-01-17 23:12:00,0.3656,0.366,0.3655,0.366,2130.82
2025-01-17 23:13:00,0.3662,0.3669,0.3662,0.3667,21614.8
2025-01-17 23:14:00,0.3667,0.367,0.3664,0.3664,53008.93
2025-01-17 23:15:00,0.3663,0.3669,0.3663,0.3668,41586.53
2025-01-17 23:16:00,0.3667,0.3668,0.366,0.3661,11926.54
2025-01-17 23:17:00,0.3659,0.3661,0.3659,0.3661,1774.13
2025-01-17 23:18:00,0.3663,0.3664,0.3658,0.3659,639.5
2025-01-17 23:19:00,0.3657,0.3662,0.3657,0.3662,1649.31
2025-01-17 23:20:00,0.3661,0.3666,0.3661,0.3666,5602.82
2025-01-17 23:21:00,0.3667,0.367,0.3667,0.367,1672.14
2025-01-17 23:22:00,0.3668,0.367,0.3667,0.3669,2688.93
2025-01-17 23:23:00,0.3669,0.3676,0.3669,0.3673,763.34
2025-01-17 23:24:00,0.3673,0.3675,0.3671,0.3672,5061.64
2025-01-17 23:25:00,0.3673,0.3676,0.3673,0.3676,5873.83
2025-01-17 23:26:00,0.3676,0.3678,0.3676,0.3678,1442.3
2025-01-17 23:27:00,0.3677,0.368,0.3676,0.368,11829.25
2025-01-17 23:28:00,0.368,0.3681,0.3677,0.368,7691.8
2025-01-17 23:29:00,0.3681,0.3681,0.368,0.368,6684.72
2025-01-17 23:30:00,0.3682,0.3682,0.3678,0.3678,52773.64
2025-01-17 23:31:00,0.3678,0.3679,0.3677,0.3679,3121.81
2025-01-17 23:32:00,0.3676,0.3677,0.3675,0.3677,865.04
2025-01-17 23:33:00,0.3674,0.3674,0.367,0.3673,4138.95
2025-01-17 23:34:00,0.3674,0.3674,0.3668,0.3669,9494.46
2025-01-17 23:35:00,0.367,0.3676,0.3668,0.3668,100062.67
2025-01-17 23:36:00,0.3668,0.3668,0.3666,0.3666,6636.95
2025-01-17 23:37:00,0.3666,0.3669,0.3666,0.3669,1665.47
2025-01-17 23:38:00,0.3669,0.3672,0.3669,0.3672,1054.8
2025-01-17 23:39:00,0.3672,0.3672,0.3671,0.3671,179.21
2025-01-17 23:40:00,0.367,0.3671,0.3667,0.3667,8059.75
2025-01-17 23:41:00,0.3668,0.3668,0.3667,0.3668,1486.48
2025-01-17 23:42:00,0.367,0.3671,0.3668,0.3671,3052.55
2025-01-17 23:43:00,0.3672,0.3673,0.3672,0.3673,1911.6
2025-01-17 23:44:00,0.3674,0.3674,0.3668,0.3668,23311.03
2025-01-17 23:45:00,0.3668,0.3673,0.3667,0.367,46302.47
2025-01-17 23:46:00,0.367,0.3672,0.367,0.3672,5153.75
2025-01-17 23:47:00,0.3671,0.3671,0.3628,0.3632,322726.16
2025-01-17 23:48:00,0.3632,0.3636,0.3631,0.3631,9678.05
2025-01-17 23:49:00,0.3631,0.3633,0.3631,0.3633,9637.99
2025-01-17 23:50:00,0.3633,0.3639,0.3631,0.3637,15742.56
2025-01-17 23:51:00,0.3636,0.3636,0.3635,0.3636,12093.8
2025-01-17 23:52:00,0.3635,0.3636,0.3631,0.3631,5755.53
2025-01-17 23:53:00,0.3632,0.3632,0.3625,0.3627,28248.96
2025-01-17 23:54:00,0.3625,0.3627,0.3625,0.3626,5884.4
2025-01-17 23:55:00,0.3625,0.3627,0.3623,0.3623,23729.89
2025-01-17 23:56:00,0.3626,0.3627,0.3622,0.3622,25222.59
2025-01-17 23:57:00,0.3625,0.3625,0.3624,0.3625,3695.34
2025-01-17 23:58:00,0.3624,0.3624,0.362,0.362,6622.13
2025-01-17 23:59:00,0.362,0.3621,0.3619,0.362,8815.88
2025-01-18 00:00:00,0.3623,0.3636,0.3623,0.3633,36039.48
2025-01-18 00:01:00,0.3634,0.3642,0.3634,0.3642,116694.88
2025-01-18 00:02:00,0.3643,0.3647,0.3641,0.3641,96133.38
2025-01-18 00:03:00,0.3641,0.3646,0.3636,0.3641,54913.77
2025-01-18 00:04:00,0.364,0.3647,0.3638,0.3647,17629.87
2025-01-18 00:05:00,0.3648,0.3652,0.3647,0.3647,105262.65
2025-01-18 00:06:00,0.3653,0.3656,0.3647,0.3655,10868.08
2025-01-18 00:07:00,0.3654,0.3655,0.3649,0.3653,4917.57
2025-01-18 00:08:00,0.3651,0.3651,0.3647,0.3648,7531.48
2025-01-18 00:09:00,0.3646,0.3655,0.3646,0.3655,5299.19
2025-01-18 00:10:00,0.3658,0.3663,0.3657,0.3657,2016.34
2025-01-18 00:11:00,0.3653,0.3653,0.3651,0.3651,672.51
2025-01-18 00:12:00,0.3651,0.3651,0.3647,0.3647,11027.76
2025-01-18 00:13:00,0.3647,0.3653,0.3647,0.365,4034.24
2025-01-18 00:14:00,0.3649,0.3649,0.3644,0.3646,3052.9
2025-01-18 00:15:00,0.3648,0.3652,0.3648,0.3652,4446.46
2025-01-18 00:16:00,0.3652,0.366,0.3652,0.3659,7467.18
2025-01-18 00:17:00,0.3657,0.3658,0.3648,0.3648,1769.16
2025-01-18 00:18:00,0.3648,0.3651,0.3648,0.365,45222.61
2025-01-18 00:19:00,0.3653,0.3656,0.3651,0.3651,11895.46
2025-01-18 00:20:00,0.3652,0.3653,0.3648,0.3652,3490.42
2025-01-18 00:21:00,0.3653,0.3659,0.3652,0.3659,11979.04
2025-01-18 00:22:00,0.3659,0.3659,0.3655,0.3658,5687.86
2025-01-18 00:23:00,0.3662,0.3665,0.3662,0.3663,4719.64
2025-01-18 00:24:00,0.3662,0.3664,0.3661,0.3664,6624.78
2025-01-18 00:25:00,0.3662,0.3667,0.3662,0.3666,10618.84
2025-01-18 00:26:00,0.3667,0.3669,0.366,0.366,110180.16
2025-01-18 00:27:00,0.366,0.366,0.3649,0.3651,48718.3
2025-01-18 00:28:00,0.3652,0.3655,0.3652,0.3653,19025.07
2025-01-18 00:29:00,0.3653,0.366,0.3653,0.3659,16320.69
2025-01-18 00:30:00,0.3658,0.3664,0.3656,0.3663,33410.01
2025-01-18 00:31:00,0.3663,0.3665,0.3657,0.3657,9648.11
2025-01-18 00:32:00,0.3659,0.366,0.3654,0.3654,9871.44
2025-01-18 00:33:00,0.3656,0.366,0.3656,0.3659,28838.06
2025-01-18 00:34:00,0.3662,0.3664,0.3658,0.366,23825.33
2025-01-18 00:35:00,0.366,0.3665,0.366,0.3665,1868.79
2025-01-18 00:36:00,0.366,0.3663,0.3659,0.366,5131.17
2025-01-18 00:37:00,0.3662,0.3664,0.3662,0.3664,10501.04
2025-01-18 00:38:00,0.3665,0.3671,0.3665,0.3666,48125.89
2025-01-18 00:39:00,0.3669,0.3675,0.3669,0.3675,76604.57
2025-01-18 00:40:00,0.3676,0.368,0.3675,0.3675,38715.27
2025-01-18 00:41:00,0.3673,0.3675,0.367,0.3673,19556.67
2025-01-18 00:42:00,0.3671,0.3671,0.367,0.367,7127.65
2025-01-18 00:43:00,0.3671,0.3676,0.3671,0.3676,9519.76
2025-01-18 00:44:00,0.3674,0.3678,0.3674,0.3678,7414.91
2025-01-18 00:45:00,0.368,0.3681,0.3676,0.3678,13574.64
2025-01-18 00:46:00,0.3679,0.3679,0.3671,0.3671,16625.39
2025-01-18 00:47:00,0.3672,0.3674,0.3671,0.3674,2557.42
2025-01-18 00:48:00,0.3675,0.3677,0.3673,0.3673,3596.02
2025-01-18 00:49:00,0.3672,0.3673,0.3671,0.3671,3689.62
2025-01-18 00:50:00,0.3671,0.3677,0.3671,0.3672,1837.69
2025-01-18 00:51:00,0.3673,0.3677,0.3672,0.3673,17461.42
2025-01-18 00:52:00,0.3673,0.3675,0.3673,0.3673,4788.72
2025-01-18 00:53:00,0.3674,0.3675,0.367,0.3671,5343.56
2025-01-18 00:54:00,0.3674,0.3677,0.3674,0.3674,10232.41
2025-01-18 00:55:00,0.3676,0.3677,0.3667,0.3672,48055.99
2025-01-18 00:56:00,0.3673,0.3675,0.3673,0.3675,2324.61
2025-01-18 00:57:00,0.3681,0.3682,0.3674,0.3675,17818.26
2025-01-18 00:58:00,0.3676,0.3676,0.3672,0.3672,7166.65
2025-01-18 00:59:00,0.3673,0.3674,0.3672,0.3674,1817.22
2025-01-18 01:00:00,0.3673,0.3673,0.3659,0.3661,7990.92
2025-01-18 01:01:00,0.3661,0.3665,0.3659,0.3663,7311.74
2025-01-18 01:02:00,0.3663,0.3663,0.3658,0.3659,11419.41
2025-01-18 01:03:00,0.3657,0.3657,0.3653,0.3653,7200.42
2025-01-18 01:04:00,0.3655,0.3655,0.3646,0.3648,18930.42
2025-01-18 01:05:00,0.3649,0.3653,0.3646,0.3652,22406.72
2025-01-18 01:06:00,0.3649,0.3649,0.3641,0.3644,14054.36
2025-01-18 01:07:00,0.3641,0.3646,0.3639,0.3641,24578.44
2025-01-18 01:08:00,0.3638,0.3645,0.3635,0.3645,72373.06
2025-01-18 01:09:00,0.3644,0.3649,0.3642,0.3649,57959.58
2025-01-18 01:10:00,0.3649,0.3651,0.3649,0.3649,16337.3
2025-01-18 01:11:00,0.3653,0.3659,0.3653,0.3658,17380.08
2025-01-18 01:12:00,0.3658,0.3663,0.3658,0.366,10572.89
2025-01-18 01:13:00,0.3659,0.3659,0.3657,0.3657,9799.05
2025-01-18 01:14:00,0.3659,0.3659,0.3652,0.3652,13612.79
2025-01-18 01:15:00,0.3643,0.365,0.3641,0.3641,11897.76
2025-01-18 01:16:00,0.3642,0.3643,0.364,0.364,5635.43
2025-01-18 01:17:00,0.3641,0.3644,0.364,0.3644,4363.4
2025-01-18 01:18:00,0.3647,0.3647,0.3637,0.3638,10884.21
2025-01-18 01:19:00,0.364,0.3642,0.364,0.3642,4071.31
2025-01-18 01:20:00,0.3639,0.364,0.3638,0.3638,3976.85
2025-01-18 01:21:00,0.3636,0.3636,0.3635,0.3635,1913.88
2025-01-18 01:22:00,0.3635,0.3635,0.3633,0.3634,2604.95
2025-01-18 01:23:00,0.3634,0.3635,0.3633,0.3633,13177.79
2025-01-18 01:24:00,0.3634,0.364,0.3634,0.3639,7345.01
2025-01-18 01:25:00,0.3635,0.3639,0.3635,0.3637,4169.26
2025-01-18 01:26:00,0.3635,0.3636,0.3634,0.3634,4153.93
2025-01-18 01:27:00,0.3635,0.364,0.3635,0.364,4986.95
2025-01-18 01:28:00,0.3636,0.3638,0.3636,0.3638,13152.25
2025-01-18 01:29:00,0.3636,0.3636,0.3629,0.3629,50080.69
2025-01-18 01:30:00,0.3628,0.3631,0.3628,0.3629,13452.12
2025-01-18 01:31:00,0.3624,0.3627,0.3624,0.3627,1654.23
2025-01-18 01:32:00,0.3627,0.3627,0.3627,0.3627,2090.08
2025-01-18 01:33:00,0.3627,0.3627,0.3616,0.3622,17037.39
2025-01-18 01:34:00,0.3623,0.3623,0.3618,0.362,36288.34
2025-01-18 01:35:00,0.3619,0.3619,0.3609,0.361,34589.93
2025-01-18 01:36:00,0.361,0.3619,0.361,0.3618,13821.01
2025-01-18 01:37:00,0.3618,0.362,0.3617,0.3617,6579.71
2025-01-18 01:38:00,0.3618,0.3618,0.3615,0.3617,13106.79
2025-01-18 01:39:00,0.3616,0.3617,0.3612,0.3614,8589.36
2025-01-18 01:40:00,0.3614,0.3618,0.3613,0.3618,14407.47
2025-01-18 01:41:00,0.3616,0.3624,0.3616,0.3624,95066.91
2025-01-18 01:42:00,0.3624,0.3632,0.3624,0.363,11082.87
2025-01-18 01:43:00,0.363,0.3631,0.3627,0.3627,6932.59
2025-01-18 01:44:00,0.3627,0.3627,0.3624,0.3624,3399.04
2025-01-18 01:45:00,0.3625,0.3627,0.3625,0.3625,5468.18
2025-01-18 01:46:00,0.3621,0.3621,0.362,0.362,1668.72
2025-01-18 01:47:00,0.362,0.3624,0.3617,0.3623,18696.47
2025-01-18 01:48:00,0.3625,0.3628,0.3622,0.3622,26946.66
2025-01-18 01:49:00,0.3621,0.3622,0.3619,0.362,21556.41
2025-01-18 01:50:00,0.3619,0.3619,0.3618,0.3618,8448.06
2025-01-18 01:51:00,0.362,0.3624,0.362,0.3622,4359.05
2025-01-18 01:52:00,0.3624,0.3625,0.3624,0.3625,3598.81
2025-01-18 01:53:00,0.3625,0.3626,0.3625,0.3626,547.64
2025-01-18 01:54:00,0.3622,0.3623,0.3621,0.3622,4175.99
2025-01-18 01:55:00,0.3622,0.3625,0.3622,0.3625,2683.24
2025-01-18 01:56:00,0.3625,0.3626,0.3624,0.3624,1660.68
2025-01-18 01:57:00,0.3624,0.3625,0.3624,0.3624,823.32
2025-01-18 01:58:00,0.3625,0.3631,0.3625,0.363,59433.89
2025-01-18 01:59:00,0.363,0.363,0.3628,0.3628,13750.91
2025-01-18 02:00:00,0.3628,0.3631,0.3628,0.3631,9205.52
2025-01-18 02:01:00,0.3632,0.3638,0.3632,0.3637,4006.17
2025-01-18 02:02:00,0.3636,0.3636,0.3634,0.3634,11912.33
2025-01-18 02:03:00,0.3634,0.3636,0.3634,0.3636,2366.85
2025-01-18 02:04:00,0.3635,0.3635,0.3632,0.3632,1520.81
2025-01-18 02:05:00,0.3629,0.3629,0.3628,0.3628,4425.99
2025-01-18 02:06:00,0.3629,0.3629,0.362,0.3621,24407.08
2025-01-18 02:07:00,0.3622,0.3622,0.3618,0.3619,13253.9
2025-01-18 02:08:00,0.3619,0.3623,0.3618,0.362,4559.71
2025-01-18 02:09:00,0.362,0.3621,0.3617,0.362,16981.8
2025-01-18 02:10:00,0.3621,0.3621,0.3615,0.3615,7406.42
2025-01-18 02:11:00,0.362,0.3626,0.362,0.3626,2108.31
2025-01-18 02:12:00,0.3626,0.3626,0.3625,0.3626,4754.9
2025-01-18 02:13:00,0.3622,0.3622,0.3621,0.3622,9476.59
2025-01-18 02:14:00,0.3624,0.3625,0.3624,0.3625,2277.1
2025-01-18 02:15:00,0.3629,0.3629,0.3625,0.3625,15137.99
2025-01-18 02:16:00,0.3624,0.3624,0.3621,0.3621,1143.06
2025-01-18 02:17:00,0.3621,0.3625,0.3621,0.3625,115.42
2025-01-18 02:18:00,0.3625,0.3627,0.3623,0.3626,3179.25
2025-01-18 02:19:00,0.3625,0.3625,0.3621,0.3621,6275.98
2025-01-18 02:20:00,0.3622,0.3622,0.3617,0.3617,6249.47
2025-01-18 02:21:00,0.3615,0.362,0.3615,0.362,4013.11
2025-01-18 02:22:00,0.3621,0.3622,0.3619,0.3619,4428.09
2025-01-18 02:23:00,0.3618,0.3618,0.3617,0.3618,4027.71
2025-01-18 02:24:00,0.362,0.3624,0.3618,0.3624,2836.82
2025-01-18 02:25:00,0.3624,0.3626,0.3623,0.3626,4497.33
2025-01-18 02:26:00,0.3627,0.3629,0.3626,0.3628,12953.19
2025-01-18 02:27:00,0.3627,0.3627,0.3619,0.3619,3461.32
2025-01-18 02:28:00,0.3619,0.3619,0.3617,0.3617,3445.93
2025-01-18 02:29:00,0.3617,0.3618,0.3617,0.3617,14062.44
2025-01-18 02:30:00,0.3617,0.3617,0.3608,0.3608,3128.8
2025-01-18 02:31:00,0.361,0.3612,0.3603,0.3604,133025.39
2025-01-18 02:32:00,0.3604,0.3606,0.359,0.3591,160589.66
2025-01-18 02:33:00,0.3591,0.3596,0.359,0.3592,88408.22
2025-01-18 02:34:00,0.3593,0.3596,0.3592,0.3596,23217.95
2025-01-18 02:35:00,0.3597,0.3598,0.3596,0.3598,7575.21
2025-01-18 02:36:00,0.3599,0.3604,0.3597,0.3604,460564.81
2025-01-18 02:37:00,0.3602,0.3603,0.3597,0.3597,22984.99
2025-01-18 02:38:00,0.3597,0.3601,0.3597,0.3598,4522.45
2025-01-18 02:39:00,0.3596,0.3599,0.3593,0.3594,51817.67
2025-01-18 02:40:00,0.3595,0.3596,0.3594,0.3595,8865.04
2025-01-18 02:41:00,0.3595,0.3597,0.3595,0.3596,14266.88
2025-01-18 02:42:00,0.3596,0.3596,0.3595,0.3596,818.61
2025-01-18 02:43:00,0.3597,0.3599,0.3596,0.3599,5023.25
2025-01-18 02:44:00,0.3598,0.3601,0.3597,0.3601,3319.5
2025-01-18 02:45:00,0.3602,0.3607,0.3602,0.3605,6670.84
2025-01-18 02:46:00,0.3604,0.3604,0.3602,0.3602,1945.77
2025-01-18 02:47:00,0.3603,0.3603,0.36,0.3603,18004.4
2025-01-18 02:48:00,0.36,0.36,0.3594,0.3595,7451.94
2025-01-18 02:49:00,0.3595,0.3596,0.3593,0.3595,17224.99
2025-01-18 02:50:00,0.3593,0.3595,0.3592,0.3593,3133.86
2025-01-18 02:51:00,0.3593,0.3602,0.3593,0.36,18372.86
2025-01-18 02:52:00,0.3598,0.36,0.3597,0.3597,9077.85
2025-01-18 02:53:00,0.3595,0.3595,0.3584,0.3584,36108.92
2025-01-18 02:54:00,0.3585,0.3587,0.3583,0.3583,16443.07
2025-01-18 02:55:00,0.3583,0.3587,0.3575,0.3575,71689.13
2025-01-18 02:56:00,0.3577,0.3579,0.3576,0.3576,20870.67
2025-01-18 02:57:00,0.3576,0.3581,0.3576,0.3579,10457.58
2025-01-18 02:58:00,0.3577,0.3577,0.3576,0.3576,475.48
2025-01-18 02:59:00,0.3576,0.3582,0.3576,0.3582,3551.9
2025-01-18 03:00:00,0.3586,0.3589,0.3584,0.3584,12818.59
2025-01-18 03:01:00,0.3585,0.3586,0.3583,0.3583,4080.59
2025-01-18 03:02:00,0.3584,0.3589,0.3584,0.3589,11311.07
2025-01-18 03:03:00,0.3582,0.3582,0.3577,0.3577,2410.65
2025-01-18 03:04:00,0.3573,0.3577,0.357,0.3577,12728.96
2025-01-18 03:05:00,0.3578,0.3578,0.3571,0.3571,5425.66
2025-01-18 03:06:00,0.357,0.3573,0.3569,0.3572,6374.17
2025-01-18 03:07:00,0.3572,0.3584,0.3572,0.3584,11047.83
2025-01-18 03:08:00,0.3585,0.3585,0.3579,0.3579,8270.04
2025-01-18 03:09:00,0.3581,0.3589,0.3581,0.3589,14028.15
2025-01-18 03:10:00,0.3587,0.3587,0.3581,0.3581,5246.42
2025-01-18 03:11:00,0.3582,0.3582,0.3579,0.3579,657.0
2025-01-18 03:12:00,0.3578,0.358,0.3574,0.3574,15035.31
2025-01-18 03:13:00,0.3574,0.3574,0.3567,0.357,73641.11
2025-01-18 03:14:00,0.3568,0.3569,0.3566,0.3568,17451.37
2025-01-18 03:15:00,0.357,0.357,0.3568,0.3569,4694.83
2025-01-18 03:16:00,0.3569,0.357,0.3564,0.3565,31352.4
2025-01-18 03:17:00,0.3567,0.3567,0.3562,0.3564,11724.01
2025-01-18 03:18:00,0.3565,0.3565,0.3558,0.3558,19146.02
2025-01-18 03:19:00,0.3557,0.3557,0.3553,0.3555,22898.38
2025-01-18 03:20:00,0.3553,0.3556,0.3552,0.3552,22999.1
2025-01-18 03:21:00,0.3553,0.3554,0.3547,0.3548,47024.71
2025-01-18 03:22:00,0.3548,0.3561,0.3546,0.355,48523.05
2025-01-18 03:23:00,0.355,0.3554,0.355,0.3554,27265.78
2025-01-18 03:24:00,0.3553,0.3554,0.355,0.355,18758.3
2025-01-18 03:25:00,0.355,0.355,0.3545,0.3546,28123.13
2025-01-18 03:26:00,0.355,0.355,0.3543,0.3543,20973.14
2025-01-18 03:27:00,0.3542,0.3542,0.3538,0.354,38559.81
2025-01-18 03:28:00,0.3538,0.3552,0.3537,0.355,45330.73
2025-01-18 03:29:00,0.355,0.3554,0.3547,0.3548,116257.45
2025-01-18 03:30:00,0.3548,0.3551,0.3545,0.3546,36372.79
2025-01-18 03:31:00,0.3546,0.3546,0.3537,0.3543,81123.23
2025-01-18 03:32:00,0.354,0.3547,0.3538,0.3546,18111.96
2025-01-18 03:33:00,0.3547,0.355,0.3543,0.3545,9706.84
2025-01-18 03:34:00,0.3545,0.3546,0.354,0.354,16505.42
2025-01-18 03:35:00,0.3539,0.3541,0.3536,0.3538,23437.04
2025-01-18 03:36:00,0.3536,0.354,0.3532,0.354,25638.13
2025-01-18 03:37:00,0.3534,0.3534,0.3521,0.3525,54870.01
2025-01-18 03:38:00,0.3525,0.3527,0.352,0.352,41035.76
2025-01-18 03:39:00,0.3522,0.3532,0.3522,0.3525,69036.2
2025-01-18 03:40:00,0.3524,0.3524,0.3514,0.3516,45233.05
2025-01-18 03:41:00,0.3516,0.3516,0.3501,0.3502,101420.62
2025-01-18 03:42:00,0.3503,0.3507,0.3502,0.3502,35594.16
2025-01-18 03:43:00,0.3501,0.3505,0.349,0.3491,104278.47
2025-01-18 03:44:00,0.349,0.3517,0.3487,0.3511,147247.96
2025-01-18 03:45:00,0.3511,0.3519,0.3504,0.3518,42208.65
2025-01-18 03:46:00,0.3519,0.3527,0.3517,0.3522,158801.6
2025-01-18 03:47:00,0.352,0.352,0.3511,0.3511,50474.78
2025-01-18 03:48:00,0.351,0.3515,0.3503,0.3503,23622.96
2025-01-18 03:49:00,0.3504,0.3506,0.3501,0.3501,7571.27
2025-01-18 03:50:00,0.3504,0.3504,0.349,0.3491,23505.8
2025-01-18 03:51:00,0.3493,0.3493,0.3486,0.3488,21843.43
2025-01-18 03:52:00,0.3488,0.3489,0.348,0.3481,45181.31
2025-01-18 03:53:00,0.348,0.3485,0.3478,0.3481,79004.82
2025-01-18 03:54:00,0.3481,0.3503,0.348,0.3495,160246.02
2025-01-18 03:55:00,0.3495,0.3499,0.3492,0.3494,129035.98
2025-01-18 03:56:00,0.3493,0.3493,0.3486,0.3487,32484.71
2025-01-18 03:57:00,0.3488,0.3499,0.3488,0.3497,7254.5
2025-01-18 03:58:00,0.3498,0.3498,0.3489,0.3492,21862.51
2025-01-18 03:59:00,0.3491,0.3491,0.3482,0.3484,21529.22
2025-01-18 04:00:00,0.3482,0.3487,0.348,0.3485,37926.08
2025-01-18 04:01:00,0.3486,0.3494,0.3482,0.3493,34903.62
2025-01-18 04:02:00,0.3492,0.3494,0.3488,0.3489,4697.27
2025-01-18 04:03:00,0.3487,0.3487,0.3483,0.3486,8966.92
2025-01-18 04:04:00,0.3482,0.3495,0.3481,0.3491,17163.82
2025-01-18 04:05:00,0.3494,0.3499,0.3492,0.3499,7744.28
2025-01-18 04:06:00,0.3497,0.3503,0.3494,0.3503,16647.38
2025-01-18 04:07:00,0.3502,0.3502,0.3496,0.3498,16473.49
2025-01-18 04:08:00,0.3501,0.3505,0.3497,0.3497,6591.38
2025-01-18 04:09:00,0.3493,0.3493,0.3488,0.3488,14530.86
2025-01-18 04:10:00,0.3486,0.3489,0.3482,0.3489,23050.24
2025-01-18 04:11:00,0.3483,0.3487,0.348,0.3481,7375.75
2025-01-18 04:12:00,0.348,0.3487,0.3477,0.3487,22866.11
2025-01-18 04:13:00,0.3486,0.3486,0.348,0.3484,20768.42
2025-01-18 04:14:00,0.3486,0.349,0.3477,0.3477,23040.83
2025-01-18 04:15:00,0.3478,0.3478,0.3469,0.3473,36426.81
2025-01-18 04:16:00,0.3473,0.3477,0.3469,0.3469,77783.96
2025-01-18 04:17:00,0.3469,0.3476,0.3466,0.3466,71749.15
2025-01-18 04:18:00,0.3464,0.3465,0.3461,0.3461,30877.82
2025-01-18 04:19:00,0.346,0.346,0.3454,0.3455,50482.63
2025-01-18 04:20:00,0.3455,0.3463,0.3453,0.346,41826.3
2025-01-18 04:21:00,0.3458,0.3473,0.3458,0.3472,53011.04
2025-01-18 04:22:00,0.3473,0.3479,0.3469,0.3471,25942.4
2025-01-18 04:23:00,0.3469,0.3469,0.3462,0.3464,12971.3
2025-01-18 04:24:00,0.3464,0.3464,0.3459,0.3462,26160.31
2025-01-18 04:25:00,0.346,0.346,0.3449,0.3449,39055.31
2025-01-18 04:26:00,0.345,0.3453,0.3447,0.345,38989.98
2025-01-18 04:27:00,0.3451,0.3459,0.3451,0.3452,35757.99
2025-01-18 04:28:00,0.3453,0.3463,0.3453,0.3462,40770.69
2025-01-18 04:29:00,0.3461,0.3462,0.3457,0.3458,14461.44
2025-01-18 04:30:00,0.3459,0.3465,0.3458,0.3462,18735.0
2025-01-18 04:31:00,0.3458,0.347,0.3455,0.347,15045.62
2025-01-18 04:32:00,0.3471,0.3481,0.3469,0.3477,55862.12
2025-01-18 04:33:00,0.3478,0.3478,0.3469,0.3473,37268.96
2025-01-18 04:34:00,0.3474,0.3479,0.3474,0.3478,32064.06
2025-01-18 04:35:00,0.348,0.3491,0.348,0.3484,311708.94
2025-01-18 04:36:00,0.3485,0.3489,0.3484,0.3485,73771.44
2025-01-18 04:37:00,0.3484,0.3487,0.3478,0.3483,31147.34
2025-01-18 04:38:00,0.3482,0.3487,0.3481,0.3487,22374.89
2025-01-18 04:39:00,0.3486,0.3486,0.3482,0.3484,16466.49
2025-01-18 04:40:00,0.3486,0.3486,0.348,0.3482,16051.42
2025-01-18 04:41:00,0.3483,0.3484,0.3481,0.3483,9132.46
2025-01-18 04:42:00,0.3483,0.3484,0.3477,0.3483,14400.17
2025-01-18 04:43:00,0.3481,0.3483,0.3475,0.3475,11476.84
2025-01-18 04:44:00,0.3471,0.3474,0.3471,0.3472,4579.21
2025-01-18 04:45:00,0.3472,0.3473,0.3462,0.3463,40443.75
2025-01-18 04:46:00,0.3462,0.3462,0.3451,0.3456,36622.79
2025-01-18 04:47:00,0.3459,0.346,0.3456,0.3458,15656.8
2025-01-18 04:48:00,0.3452,0.3452,0.3444,0.3446,63675.51
2025-01-18 04:49:00,0.3447,0.3447,0.3442,0.3442,36292.41
2025-01-18 04:50:00,0.3443,0.3443,0.3437,0.344,14868.31
2025-01-18 04:51:00,0.344,0.3456,0.3439,0.3456,59779.35
2025-01-18 04:52:00,0.3454,0.3455,0.3451,0.3453,16258.34
2025-01-18 04:53:00,0.3452,0.3455,0.3447,0.3455,2795.76
2025-01-18 04:54:00,0.3455,0.3456,0.3451,0.3453,8373.53
2025-01-18 04:55:00,0.3451,0.3452,0.3448,0.345,7184.26
2025-01-18 04:56:00,0.345,0.3454,0.345,0.3454,2694.91
2025-01-18 04:57:00,0.3454,0.3454,0.3448,0.3452,34856.9
2025-01-18 04:58:00,0.3451,0.3455,0.3451,0.3451,86564.1
2025-01-18 04:59:00,0.3451,0.3453,0.345,0.3452,3958.45
2025-01-18 05:00:00,0.3451,0.3461,0.3451,0.3461,1795.16
2025-01-18 05:01:00,0.3463,0.347,0.3461,0.3462,15346.77
2025-01-18 05:02:00,0.3459,0.3464,0.3457,0.3458,86709.93
2025-01-18 05:03:00,0.3459,0.3465,0.3458,0.3459,8710.73
2025-01-18 05:04:00,0.3458,0.3465,0.3458,0.3465,2182.42
2025-01-18 05:05:00,0.3466,0.3467,0.346,0.3466,85934.15
2025-01-18 05:06:00,0.3465,0.3465,0.3454,0.3454,9966.95
2025-01-18 05:07:00,0.3453,0.3454,0.3449,0.3453,9464.39
2025-01-18 05:08:00,0.3454,0.3454,0.3446,0.3446,27114.43
2025-01-18 05:09:00,0.3446,0.3454,0.3444,0.3446,8215.83
2025-01-18 05:10:00,0.3444,0.3444,0.3436,0.3436,16108.29
2025-01-18 05:11:00,0.3435,0.3435,0.3428,0.3429,45939.07
2025-01-18 05:12:00,0.3429,0.3429,0.3421,0.3425,67138.85
2025-01-18 05:13:00,0.3427,0.3428,0.3418,0.3419,60234.67
2025-01-18 05:14:00,0.3421,0.3423,0.3418,0.3418,21289.68
2025-01-18 05:15:00,0.3418,0.3418,0.3415,0.3415,16726.0
2025-01-18 05:16:00,0.3416,0.3417,0.3411,0.3414,18269.26
2025-01-18 05:17:00,0.3415,0.3433,0.3415,0.3428,46095.96
2025-01-18 05:18:00,0.3429,0.3443,0.3429,0.3443,24881.9
2025-01-18 05:19:00,0.3443,0.3445,0.3439,0.3439,24689.35
2025-01-18 05:20:00,0.3439,0.3447,0.3439,0.3447,20224.67
2025-01-18 05:21:00,0.3448,0.3448,0.3442,0.3442,6549.25
2025-01-18 05:22:00,0.3442,0.3447,0.3442,0.3447,6658.07
2025-01-18 05:23:00,0.344,0.3441,0.3435,0.3435,22895.67
2025-01-18 05:24:00,0.3436,0.3445,0.3436,0.3443,39890.81
2025-01-18 05:25:00,0.3443,0.3443,0.3433,0.3439,15874.41
2025-01-18 05:26:00,0.3439,0.3439,0.3429,0.3429,6173.29
2025-01-18 05:27:00,0.3427,0.343,0.342,0.342,31923.29
2025-01-18 05:28:00,0.3419,0.3423,0.3417,0.3418,27233.88
2025-01-18 05:29:00,0.342,0.3421,0.3417,0.3421,9021.94
2025-01-18 05:30:00,0.3415,0.3418,0.3413,0.3414,15757.86
2025-01-18 05:31:00,0.3412,0.3413,0.3403,0.3406,56233.24
2025-01-18 05:32:00,0.3406,0.3419,0.3403,0.3419,79709.35
2025-01-18 05:33:00,0.342,0.3427,0.3419,0.3419,23481.05
2025-01-18 05:34:00,0.3422,0.3426,0.342,0.3421,20392.22
2025-01-18 05:35:00,0.3423,0.3423,0.3413,0.3413,23420.56
2025-01-18 05:36:00,0.3411,0.3413,0.3407,0.3407,12365.46
2025-01-18 05:37:00,0.3404,0.3411,0.3404,0.3408,51320.58
2025-01-18 05:38:00,0.3408,0.3408,0.3398,0.3401,318757.16
2025-01-18 05:39:00,0.34,0.3402,0.3395,0.3397,47528.49
2025-01-18 05:40:00,0.3398,0.3404,0.3394,0.3399,70387.44
2025-01-18 05:41:00,0.3404,0.3404,0.3395,0.3395,44909.86
2025-01-18 05:42:00,0.3399,0.34,0.3393,0.3395,26275.57
2025-01-18 05:43:00,0.3395,0.3399,0.3391,0.3399,7528.29
2025-01-18 05:44:00,0.3402,0.3405,0.3398,0.3398,7829.19
2025-01-18 05:45:00,0.3398,0.34,0.3396,0.3396,8470.06
2025-01-18 05:46:00,0.3396,0.3398,0.3389,0.3393,40652.68
2025-01-18 05:47:00,0.3394,0.34,0.3394,0.3399,11223.2
2025-01-18 05:48:00,0.3399,0.3399,0.3388,0.3389,6894.69
2025-01-18 05:49:00,0.3387,0.3387,0.3381,0.3384,28953.08
2025-01-18 05:50:00,0.3384,0.3384,0.337,0.3372,118262.31
2025-01-18 05:51:00,0.3372,0.338,0.3369,0.3369,65951.62
2025-01-18 05:52:00,0.3369,0.3374,0.3368,0.3369,30631.96
2025-01-18 05:53:00,0.3368,0.3369,0.3362,0.3364,118737.97
2025-01-18 05:54:00,0.3364,0.3364,0.3351,0.3351,85161.53
2025-01-18 05:55:00,0.3352,0.3352,0.3338,0.334,191009.92
2025-01-18 05:56:00,0.334,0.3366,0.3338,0.3348,279465.89
2025-01-18 05:57:00,0.335,0.3351,0.3337,0.3338,44491.57
2025-01-18 05:58:00,0.3337,0.3343,0.3335,0.3341,72837.59
2025-01-18 05:59:00,0.334,0.3341,0.3334,0.3335,52639.86
2025-01-18 06:00:00,0.3333,0.3366,0.3332,0.3355,101916.97
2025-01-18 06:01:00,0.3355,0.3366,0.3354,0.3363,78314.58
2025-01-18 06:02:00,0.3366,0.3372,0.3353,0.3359,45307.2
2025-01-18 06:03:00,0.3359,0.3372,0.3357,0.3359,33350.82
2025-01-18 06:04:00,0.3358,0.3365,0.3356,0.3357,18745.61
2025-01-18 06:05:00,0.3356,0.3366,0.3355,0.336,13257.5
2025-01-18 06:06:00,0.3362,0.337,0.3361,0.3366,24587.57
2025-01-18 06:07:00,0.3363,0.3365,0.3355,0.3365,24847.3
2025-01-18 06:08:00,0.3361,0.3368,0.3361,0.3366,8172.87
2025-01-18 06:09:00,0.3364,0.337,0.3363,0.3366,17683.78
2025-01-18 06:10:00,0.3368,0.337,0.3361,0.3362,23867.65
2025-01-18 06:11:00,0.3363,0.3363,0.335,0.335,39395.72
2025-01-18 06:12:00,0.3349,0.3355,0.3346,0.3346,15057.1
2025-01-18 06:13:00,0.3347,0.335,0.3346,0.335,9391.25
2025-01-18 06:14:00,0.3354,0.3365,0.3354,0.3361,14151.64
2025-01-18 06:15:00,0.3358,0.3368,0.3358,0.3365,17128.74
2025-01-18 06:16:00,0.3367,0.3374,0.3365,0.3371,29712.63
2025-01-18 06:17:00,0.3372,0.3381,0.3372,0.3377,12352.25
2025-01-18 06:18:00,0.3377,0.3378,0.3373,0.3376,14047.46
2025-01-18 06:19:00,0.3375,0.3379,0.3375,0.3377,13883.81
2025-01-18 06:20:00,0.3381,0.3381,0.3369,0.3374,272360.44
2025-01-18 06:21:00,0.3371,0.3371,0.3367,0.3369,20442.12
2025-01-18 06:22:00,0.3367,0.3367,0.3354,0.3358,19300.22
2025-01-18 06:23:00,0.3361,0.3366,0.336,0.336,18713.04
2025-01-18 06:24:00,0.3362,0.3362,0.3357,0.3359,3014.65
2025-01-18 06:25:00,0.3359,0.3367,0.3359,0.3367,20989.54
2025-01-18 06:26:00,0.3367,0.3367,0.3363,0.3363,8818.55
2025-01-18 06:27:00,0.3364,0.3368,0.3364,0.3367,8560.99
2025-01-18 06:28:00,0.3365,0.3367,0.3365,0.3367,1156.72
2025-01-18 06:29:00,0.3369,0.3375,0.3369,0.3375,5752.64
2025-01-18 06:30:00,0.3373,0.3373,0.3367,0.3368,15252.43
2025-01-18 06:31:00,0.3369,0.3372,0.3369,0.3371,6587.68
2025-01-18 06:32:00,0.337,0.337,0.3361,0.3366,5390.59
2025-01-18 06:33:00,0.3369,0.3371,0.3369,0.3371,3671.5
2025-01-18 06:34:00,0.337,0.3371,0.3365,0.3368,17801.69
2025-01-18 06:35:00,0.3363,0.3364,0.3362,0.3364,2185.24
2025-01-18 06:36:00,0.3368,0.3394,0.3368,0.339,116749.92
2025-01-18 06:37:00,0.3389,0.3391,0.3387,0.339,93453.4
2025-01-18 06:38:00,0.3391,0.3391,0.3385,0.3386,13714.35
2025-01-18 06:39:00,0.3385,0.3391,0.3384,0.3389,22061.15
2025-01-18 06:40:00,0.3387,0.3387,0.3383,0.3383,20163.11
2025-01-18 06:41:00,0.3384,0.3386,0.3382,0.3386,18493.67
2025-01-18 06:42:00,0.3387,0.3388,0.3381,0.3382,12682.7
2025-01-18 06:43:00,0.3382,0.3383,0.3379,0.3379,8989.95
2025-01-18 06:44:00,0.338,0.338,0.3378,0.3379,6014.66
2025-01-18 06:45:00,0.3379,0.3385,0.3378,0.3385,15403.92
2025-01-18 06:46:00,0.3384,0.3386,0.3383,0.3385,14347.04
2025-01-18 06:47:00,0.3385,0.3387,0.3385,0.3387,3132.08
2025-01-18 06:48:00,0.339,0.3395,0.3388,0.3395,33223.55
2025-01-18 06:49:00,0.3394,0.3397,0.3391,0.3397,3776.44
2025-01-18 06:50:00,0.3397,0.3397,0.3393,0.3395,11492.16
2025-01-18 06:51:00,0.3396,0.3396,0.3391,0.3392,34983.35
2025-01-18 06:52:00,0.3393,0.3393,0.3392,0.3392,188.76
2025-01-18 06:53:00,0.3391,0.3395,0.3391,0.3395,5974.86
2025-01-18 06:54:00,0.3394,0.3395,0.339,0.3391,18029.73
2025-01-18 06:55:00,0.339,0.339,0.3385,0.3385,16828.18
2025-01-18 06:56:00,0.3382,0.3383,0.3379,0.3379,11800.25
2025-01-18 06:57:00,0.338,0.3382,0.338,0.3381,3936.34
2025-01-18 06:58:00,0.3381,0.3381,0.338,0.338,1600.47
2025-01-18 06:59:00,0.3379,0.338,0.3378,0.3378,4498.54
2025-01-18 07:00:00,0.3377,0.3378,0.3374,0.3377,5363.42
2025-01-18 07:01:00,0.3376,0.3379,0.3375,0.3377,38379.14
2025-01-18 07:02:00,0.3375,0.3376,0.3364,0.3364,17380.78
2025-01-18 07:03:00,0.3363,0.3367,0.3362,0.3365,19539.12
2025-01-18 07:04:00,0.3363,0.3363,0.3358,0.3358,15724.25
2025-01-18 07:05:00,0.336,0.3362,0.3359,0.3362,6966.33
2025-01-18 07:06:00,0.3361,0.3361,0.3357,0.3357,1699.2
2025-01-18 07:07:00,0.3357,0.3357,0.3356,0.3357,4635.69
2025-01-18 07:08:00,0.3358,0.3358,0.3355,0.3358,8405.62
2025-01-18 07:09:00,0.3355,0.3355,0.3346,0.3346,30666.32
2025-01-18 07:10:00,0.3345,0.3354,0.3345,0.3351,23172.61
2025-01-18 07:11:00,0.3351,0.3351,0.3346,0.3349,18802.38
2025-01-18 07:12:00,0.335,0.335,0.3345,0.3346,29811.8
2025-01-18 07:13:00,0.3345,0.3345,0.3335,0.3337,247791.42
2025-01-18 07:14:00,0.3337,0.3341,0.3331,0.3334,68696.08
2025-01-18 07:15:00,0.3334,0.3342,0.3332,0.3339,27504.92
2025-01-18 07:16:00,0.3338,0.3342,0.3337,0.3338,18921.57
2025-01-18 07:17:00,0.334,0.3346,0.334,0.3344,20687.37
2025-01-18 07:18:00,0.3343,0.3346,0.3342,0.3345,23009.37
2025-01-18 07:19:00,0.3345,0.3345,0.3338,0.3338,9782.03
2025-01-18 07:20:00,0.334,0.3351,0.334,0.3351,13181.75
2025-01-18 07:21:00,0.3352,0.3352,0.3348,0.3349,45259.12
2025-01-18 07:22:00,0.3349,0.335,0.3349,0.3349,16119.87
2025-01-18 07:23:00,0.335,0.3352,0.335,0.3352,10891.32
2025-01-18 07:24:00,0.3351,0.3355,0.3351,0.3355,2434.62
2025-01-18 07:25:00,0.3355,0.3358,0.3355,0.3355,10102.09
2025-01-18 07:26:00,0.3354,0.3357,0.3354,0.3357,10000.14
2025-01-18 07:27:00,0.3357,0.3357,0.3348,0.3348,1251.71
2025-01-18 07:28:00,0.3347,0.3348,0.3347,0.3348,4433.35
2025-01-18 07:29:00,0.3349,0.335,0.3348,0.335,3354.54
2025-01-18 07:30:00,0.3347,0.3348,0.3343,0.3343,7356.13
2025-01-18 07:31:00,0.3346,0.3346,0.3338,0.3338,7451.28
2025-01-18 07:32:00,0.3335,0.3336,0.3334,0.3335,4441.39
2025-01-18 07:33:00,0.3333,0.3335,0.333,0.3333,62900.25
2025-01-18 07:34:00,0.3333,0.3342,0.3332,0.3341,14193.5
2025-01-18 07:35:00,0.3342,0.3347,0.3341,0.3347,24844.69
2025-01-18 07:36:00,0.3346,0.3346,0.334,0.3341,6886.93
2025-01-18 07:37:00,0.3341,0.3343,0.3339,0.3339,32518.78
2025-01-18 07:38:00,0.334,0.3345,0.334,0.3345,17933.57
2025-01-18 07:39:00,0.3345,0.3346,0.334,0.3341,26853.32
2025-01-18 07:40:00,0.3342,0.3344,0.3338,0.3339,13055.18
2025-01-18 07:41:00,0.3339,0.3339,0.3335,0.3335,6783.5
2025-01-18 07:42:00,0.3335,0.3339,0.3335,0.3339,4679.34
2025-01-18 07:43:00,0.3336,0.3336,0.3331,0.3332,14967.57
2025-01-18 07:44:00,0.3332,0.3333,0.3331,0.3331,11341.58
2025-01-18 07:45:00,0.3332,0.3333,0.3324,0.3324,43875.43
2025-01-18 07:46:00,0.3325,0.3325,0.3321,0.3323,16942.11
2025-01-18 07:47:00,0.3325,0.3325,0.3321,0.3321,13328.98
2025-01-18 07:48:00,0.3321,0.3321,0.3314,0.3316,35479.41
2025-01-18 07:49:00,0.3315,0.3316,0.331,0.331,37226.21
2025-01-18 07:50:00,0.3311,0.3313,0.3307,0.3308,45963.97
2025-01-18 07:51:00,0.3308,0.3314,0.3306,0.3306,63563.67
2025-01-18 07:52:00,0.3307,0.3311,0.3304,0.3309,27107.41
2025-01-18 07:53:00,0.3309,0.332,0.3309,0.332,26474.99
2025-01-18 07:54:00,0.332,0.3326,0.3319,0.3323,26731.42
2025-01-18 07:55:00,0.3323,0.3328,0.3321,0.3323,260364.82
2025-01-18 07:56:00,0.3321,0.3321,0.3319,0.3319,889.36
2025-01-18 07:57:00,0.3319,0.3319,0.3316,0.3319,2086.64
2025-01-18 07:58:00,0.3317,0.3319,0.3316,0.3318,1448.91
2025-01-18 07:59:00,0.3316,0.3316,0.3313,0.3313,43369.01
2025-01-18 08:00:00,0.3311,0.3312,0.33,0.33,47812.04
2025-01-18 08:01:00,0.3303,0.3303,0.3297,0.3298,60074.31
2025-01-18 08:02:00,0.3296,0.33,0.3293,0.3294,36301.78
2025-01-18 08:03:00,0.3296,0.33,0.3295,0.3296,35204.81
2025-01-18 08:04:00,0.3297,0.3298,0.3288,0.3288,32965.24
2025-01-18 08:05:00,0.329,0.3299,0.3287,0.3288,63486.0
2025-01-18 08:06:00,0.3287,0.3295,0.3287,0.3289,9274.95
2025-01-18 08:07:00,0.3289,0.329,0.3282,0.3282,16228.98
2025-01-18 08:08:00,0.3281,0.3286,0.3275,0.3278,57205.13
2025-01-18 08:09:00,0.3279,0.3289,0.3274,0.328,62047.82
2025-01-18 08:10:00,0.3278,0.3293,0.3275,0.3287,33285.63
2025-01-18 08:11:00,0.3292,0.3309,0.3291,0.3309,60074.15
2025-01-18 08:12:00,0.3306,0.331,0.33,0.3304,24805.23
2025-01-18 08:13:00,0.3303,0.331,0.3302,0.331,8696.45
2025-01-18 08:14:00,0.3308,0.3311,0.3302,0.3309,38606.55
2025-01-18 08:15:00,0.3309,0.3313,0.3307,0.3308,11648.18
2025-01-18 08:16:00,0.3307,0.331,0.3304,0.331,21446.63
2025-01-18 08:17:00,0.3311,0.3311,0.3299,0.3299,5750.38
2025-01-18 08:18:00,0.3299,0.33,0.3293,0.3293,18894.08
2025-01-18 08:19:00,0.3292,0.3295,0.3289,0.3292,4966.62
2025-01-18 08:20:00,0.3289,0.3289,0.3281,0.3282,19836.87
2025-01-18 08:21:00,0.3284,0.3287,0.328,0.328,12866.39
2025-01-18 08:22:00,0.3281,0.3285,0.3279,0.3282,46879.41
2025-01-18 08:23:00,0.3282,0.3283,0.3275,0.3275,32206.94
2025-01-18 08:24:00,0.3277,0.3286,0.3274,0.3286,75746.83
2025-01-18 08:25:00,0.3288,0.3302,0.3286,0.3301,26552.45
2025-01-18 08:26:00,0.3301,0.3305,0.3299,0.3305,38745.42
2025-01-18 08:27:00,0.3306,0.331,0.3302,0.331,4681.14
2025-01-18 08:28:00,0.3311,0.3312,0.3304,0.3311,15949.66
2025-01-18 08:29:00,0.3311,0.3313,0.3309,0.3313,6749.91
2025-01-18 08:30:00,0.3312,0.3315,0.331,0.3315,14230.54
2025-01-18 08:31:00,0.3316,0.3317,0.3311,0.3314,20073.38
2025-01-18 08:32:00,0.3312,0.3314,0.3311,0.3312,6501.04
2025-01-18 08:33:00,0.3312,0.3322,0.331,0.332,30119.15
2025-01-18 08:34:00,0.3322,0.3328,0.3317,0.3318,26570.03
2025-01-18 08:35:00,0.3319,0.3327,0.3319,0.3327,20635.2
2025-01-18 08:36:00,0.3328,0.3328,0.3321,0.3323,52330.08
2025-01-18 08:37:00,0.3321,0.3332,0.3321,0.3331,9740.57
2025-01-18 08:38:00,0.3331,0.3336,0.3328,0.333,16563.46
2025-01-18 08:39:00,0.3326,0.3329,0.3325,0.3328,8023.89
2025-01-18 08:40:00,0.333,0.3331,0.3324,0.3327,39920.16
2025-01-18 08:41:00,0.3327,0.3332,0.3327,0.3331,21581.2
2025-01-18 08:42:00,0.3329,0.333,0.3322,0.3324,15504.66
2025-01-18 08:43:00,0.3325,0.3327,0.3324,0.3326,4479.76
2025-01-18 08:44:00,0.3327,0.3334,0.3324,0.3328,7696.53
2025-01-18 08:45:00,0.3328,0.3332,0.3323,0.3323,15276.37
2025-01-18 08:46:00,0.3323,0.3325,0.3319,0.3324,10253.43
2025-01-18 08:47:00,0.3324,0.3325,0.3321,0.3325,3025.93
2025-01-18 08:48:00,0.3325,0.3332,0.3322,0.3332,3527.67
2025-01-18 08:49:00,0.3332,0.3332,0.3327,0.3331,9219.63
2025-01-18 08:50:00,0.3331,0.3331,0.3323,0.3323,8952.42
2025-01-18 08:51:00,0.3324,0.3326,0.3324,0.3326,24610.54
2025-01-18 08:52:00,0.3328,0.3332,0.3327,0.3332,7417.29
2025-01-18 08:53:00,0.3331,0.3335,0.3331,0.3335,10100.94
2025-01-18 08:54:00,0.3336,0.3338,0.3335,0.3336,6190.98
2025-01-18 08:55:00,0.3334,0.3335,0.333,0.3334,27534.05
2025-01-18 08:56:00,0.3333,0.3335,0.3329,0.3335,6305.51
2025-01-18 08:57:00,0.3335,0.3335,0.3325,0.3328,124609.51
2025-01-18 08:58:00,0.3327,0.3328,0.3326,0.3326,8083.48
2025-01-18 08:59:00,0.3325,0.3332,0.3323,0.3331,68465.99
2025-01-18 09:00:00,0.3332,0.3333,0.3322,0.3324,21458.4
2025-01-18 09:01:00,0.3324,0.3328,0.3324,0.3327,7122.63
2025-01-18 09:02:00,0.333,0.3336,0.333,0.3334,36694.36
2025-01-18 09:03:00,0.3337,0.3338,0.3334,0.3337,22978.25
2025-01-18 09:04:00,0.3336,0.3336,0.3331,0.3331,6070.2
2025-01-18 09:05:00,0.3333,0.3336,0.3331,0.3332,21265.81
2025-01-18 09:06:00,0.3333,0.3334,0.3328,0.333,12343.33
2025-01-18 09:07:00,0.3329,0.333,0.3326,0.3326,7145.34
2025-01-18 09:08:00,0.3326,0.3326,0.3324,0.3325,1326.61
2025-01-18 09:09:00,0.3322,0.3323,0.3318,0.3321,14016.02
2025-01-18 09:10:00,0.3321,0.3322,0.3318,0.3322,7928.34
2025-01-18 09:11:00,0.3322,0.3322,0.3321,0.3322,130.5
2025-01-18 09:12:00,0.3322,0.3322,0.3315,0.3316,2952.62
2025-01-18 09:13:00,0.3316,0.3319,0.3315,0.3319,7653.97
2025-01-18 09:14:00,0.3318,0.332,0.3315,0.3319,13179.36
2025-01-18 09:15:00,0.3319,0.3321,0.3316,0.3316,11672.14
2025-01-18 09:16:00,0.3316,0.3325,0.3316,0.3323,17235.07
2025-01-18 09:17:00,0.3324,0.3327,0.332,0.3323,12960.66
2025-01-18 09:18:00,0.3324,0.333,0.332,0.3329,12263.61
2025-01-18 09:19:00,0.3328,0.3333,0.3327,0.3332,16929.13
2025-01-18 09:20:00,0.3332,0.3332,0.3324,0.3327,9439.96
2025-01-18 09:21:00,0.3327,0.3327,0.3319,0.332,7744.03
2025-01-18 09:22:00,0.3319,0.332,0.3315,0.3317,17474.97
2025-01-18 09:23:00,0.3316,0.3316,0.3308,0.3309,27397.38
2025-01-18 09:24:00,0.3311,0.3311,0.3308,0.3311,21110.7
2025-01-18 09:25:00,0.331,0.3315,0.331,0.3315,16024.44
2025-01-18 09:26:00,0.3317,0.3321,0.3317,0.3321,3214.91
2025-01-18 09:27:00,0.3321,0.3321,0.3314,0.3314,11665.54
2025-01-18 09:28:00,0.3314,0.3316,0.3313,0.3315,12383.65
2025-01-18 09:29:00,0.3318,0.3319,0.3318,0.3318,9718.54
2025-01-18 09:30:00,0.3316,0.3316,0.331,0.3311,28735.67
2025-01-18 09:31:00,0.3312,0.3312,0.3311,0.3311,9997.7
2025-01-18 09:32:00,0.3309,0.3309,0.3301,0.3301,16280.52
2025-01-18 09:33:00,0.3301,0.3302,0.3298,0.3301,4467.71
2025-01-18 09:34:00,0.3303,0.3303,0.3295,0.33,21877.51
2025-01-18 09:35:00,0.3298,0.3299,0.3296,0.3299,8625.02
2025-01-18 09:36:00,0.3297,0.33,0.3297,0.3299,6758.75
2025-01-18 09:37:00,0.3298,0.3302,0.3298,0.3302,3639.12
2025-01-18 09:38:00,0.33,0.33,0.3296,0.3296,9738.25
2025-01-18 09:39:00,0.3295,0.3295,0.3288,0.3289,9942.28
2025-01-18 09:40:00,0.3289,0.329,0.3288,0.3288,11158.29
2025-01-18 09:41:00,0.329,0.3295,0.329,0.3295,7771.45
2025-01-18 09:42:00,0.3295,0.3303,0.3293,0.3296,331209.25
2025-01-18 09:43:00,0.3296,0.33,0.3295,0.3297,26229.42
2025-01-18 09:44:00,0.3299,0.3304,0.3295,0.3304,6041.91
2025-01-18 09:45:00,0.3305,0.3313,0.3305,0.3307,51442.04
2025-01-18 09:46:00,0.3307,0.331,0.3306,0.3306,19444.4
2025-01-18 09:47:00,0.3307,0.3308,0.3305,0.3308,8603.73
2025-01-18 09:48:00,0.3308,0.3309,0.3306,0.3306,4516.42
2025-01-18 09:49:00,0.3306,0.3312,0.3304,0.3312,9659.14
2025-01-18 09:50:00,0.3313,0.3314,0.3311,0.3311,5381.27
2025-01-18 09:51:00,0.3312,0.3323,0.3312,0.3323,44162.8
2025-01-18 09:52:00,0.3321,0.3332,0.332,0.3328,130685.69
2025-01-18 09:53:00,0.3328,0.3328,0.3325,0.3327,13614.21
2025-01-18 09:54:00,0.3328,0.333,0.3328,0.3328,10128.41
2025-01-18 09:55:00,0.3327,0.3328,0.3326,0.3326,9644.6
2025-01-18 09:56:00,0.3324,0.3326,0.3322,0.3322,19990.39
2025-01-18 09:57:00,0.3322,0.3323,0.3322,0.3322,2684.62
2025-01-18 09:58:00,0.3322,0.3328,0.3322,0.3328,3961.03
2025-01-18 09:59:00,0.3328,0.3328,0.3326,0.3328,4173.03
2025-01-18 10:00:00,0.3328,0.3328,0.3326,0.3328,693.6
2025-01-18 10:01:00,0.3323,0.3324,0.3322,0.3323,1881.96
2025-01-18 10:02:00,0.3324,0.3332,0.3324,0.3331,3668.86
2025-01-18 10:03:00,0.3332,0.3335,0.3332,0.3333,9881.1
2025-01-18 10:04:00,0.3333,0.3337,0.3331,0.3337,71056.87
2025-01-18 10:05:00,0.3335,0.3335,0.3328,0.3328,11324.04
2025-01-18 10:06:00,0.3328,0.3329,0.3326,0.3329,14612.46
2025-01-18 10:07:00,0.3327,0.3332,0.3327,0.3331,4550.95
2025-01-18 10:08:00,0.3331,0.3332,0.3329,0.3332,5664.92
2025-01-18 10:09:00,0.3332,0.3333,0.3326,0.3329,7659.27
2025-01-18 10:10:00,0.3325,0.3325,0.3318,0.332,3075.29
2025-01-18 10:11:00,0.3319,0.3319,0.3315,0.3316,17201.38
2025-01-18 10:12:00,0.3316,0.3321,0.3315,0.3321,28476.7
2025-01-18 10:13:00,0.3319,0.3319,0.3308,0.3308,73057.65
2025-01-18 10:14:00,0.3308,0.3327,0.3308,0.3313,158999.7
2025-01-18 10:15:00,0.3311,0.3321,0.3311,0.3321,51680.68
2025-01-18 10:16:00,0.3319,0.3323,0.3313,0.3317,27910.34
2025-01-18 10:17:00,0.3317,0.3324,0.3317,0.332,5813.3
2025-01-18 10:18:00,0.3318,0.3323,0.3314,0.3314,9582.24
2025-01-18 10:19:00,0.3314,0.3314,0.3306,0.3306,11227.89
2025-01-18 10:20:00,0.3306,0.3307,0.3302,0.3302,24366.21
2025-01-18 10:21:00,0.3301,0.3305,0.3298,0.3304,18328.82
2025-01-18 10:22:00,0.3305,0.3305,0.3293,0.3297,147605.98
2025-01-18 10:23:00,0.3299,0.3309,0.3299,0.3309,20088.89
2025-01-18 10:24:00,0.3307,0.3307,0.3303,0.3304,70630.33
2025-01-18 10:25:00,0.3305,0.3314,0.3305,0.3314,16448.76
2025-01-18 10:26:00,0.3316,0.3317,0.3311,0.3311,7710.98
2025-01-18 10:27:00,0.3311,0.3314,0.3311,0.3312,18585.07
2025-01-18 10:28:00,0.331,0.331,0.33,0.33,17618.03
2025-01-18 10:29:00,0.3301,0.3305,0.3301,0.3304,9339.88
2025-01-18 10:30:00,0.3302,0.3305,0.3301,0.3305,82879.17
2025-01-18 10:31:00,0.3303,0.3303,0.3294,0.3294,7306.59
2025-01-18 10:32:00,0.3294,0.3301,0.3294,0.3297,21755.75
2025-01-18 10:33:00,0.3299,0.3299,0.3294,0.3297,4033.34
2025-01-18 10:34:00,0.3297,0.3308,0.3297,0.3308,20795.55
2025-01-18 10:35:00,0.3307,0.3311,0.3303,0.3308,14300.61
2025-01-18 10:36:00,0.3301,0.3305,0.3296,0.3299,30343.18
2025-01-18 10:37:00,0.3302,0.3305,0.3294,0.3296,21432.9
2025-01-18 10:38:00,0.3295,0.3295,0.3292,0.3293,11856.81
2025-01-18 10:39:00,0.3292,0.3293,0.3281,0.3285,33427.56
2025-01-18 10:40:00,0.3284,0.3289,0.3282,0.3287,39069.58
2025-01-18 10:41:00,0.3286,0.3288,0.3282,0.3287,23526.91
2025-01-18 10:42:00,0.3287,0.3302,0.3287,0.3302,21573.88
2025-01-18 10:43:00,0.33,0.33,0.3295,0.3299,9177.8
2025-01-18 10:44:00,0.3294,0.33,0.3294,0.3295,17863.94
2025-01-18 10:45:00,0.3292,0.3292,0.3282,0.3284,7686.55
2025-01-18 10:46:00,0.3281,0.3281,0.3276,0.3279,7663.65
2025-01-18 10:47:00,0.3279,0.3282,0.3276,0.3278,17688.6
2025-01-18 10:48:00,0.328,0.3295,0.3278,0.3292,47141.84
2025-01-18 10:49:00,0.3292,0.3301,0.3292,0.3301,59838.28
2025-01-18 10:50:00,0.3301,0.3308,0.3299,0.3308,17612.39
2025-01-18 10:51:00,0.3309,0.3314,0.3309,0.331,8493.2
2025-01-18 10:52:00,0.331,0.331,0.3304,0.3308,17459.76
2025-01-18 10:53:00,0.3308,0.331,0.3306,0.331,21793.08
2025-01-18 10:54:00,0.3312,0.3317,0.3312,0.3317,10516.59
2025-01-18 10:55:00,0.3317,0.332,0.3317,0.3317,10237.34
2025-01-18 10:56:00,0.3317,0.3317,0.3311,0.3314,18911.58
2025-01-18 10:57:00,0.3316,0.3319,0.3314,0.3315,22647.08
2025-01-18 10:58:00,0.3315,0.3317,0.3313,0.3313,17762.13
2025-01-18 10:59:00,0.3312,0.3312,0.3306,0.3306,11725.59
2025-01-18 11:00:00,0.3305,0.3306,0.3298,0.33,7753.82
2025-01-18 11:01:00,0.3301,0.3303,0.3298,0.3302,11768.69
2025-01-18 11:02:00,0.3302,0.3304,0.3301,0.3302,5707.92
2025-01-18 11:03:00,0.3303,0.3304,0.3298,0.3299,26951.86
2025-01-18 11:04:00,0.3299,0.3302,0.3296,0.3301,14790.87
2025-01-18 11:05:00,0.33,0.33,0.3288,0.3296,21179.25
2025-01-18 11:06:00,0.3296,0.3296,0.3287,0.3288,8396.49
2025-01-18 11:07:00,0.3287,0.3288,0.3285,0.3286,9193.3
2025-01-18 11:08:00,0.3288,0.3293,0.3288,0.329,12434.75
2025-01-18 11:09:00,0.3288,0.3298,0.3288,0.3298,15171.3
2025-01-18 11:10:00,0.3298,0.3298,0.3292,0.3292,12356.02
2025-01-18 11:11:00,0.3293,0.3298,0.3293,0.3295,9111.57
2025-01-18 11:12:00,0.3295,0.3299,0.3293,0.3299,16093.59
2025-01-18 11:13:00,0.3299,0.3303,0.3299,0.3299,12025.72
2025-01-18 11:14:00,0.33,0.33,0.3295,0.3296,9357.36
2025-01-18 11:15:00,0.3296,0.3301,0.3296,0.33,10698.28
2025-01-18 11:16:00,0.33,0.3301,0.3294,0.3296,6745.26
2025-01-18 11:17:00,0.3297,0.3308,0.3297,0.3308,24886.07
2025-01-18 11:18:00,0.3308,0.3308,0.3297,0.3299,25554.09
2025-01-18 11:19:00,0.3299,0.3303,0.3297,0.3303,19036.91
2025-01-18 11:20:00,0.3303,0.3303,0.33,0.33,9376.72
2025-01-18 11:21:00,0.33,0.3304,0.3299,0.3304,25105.73
2025-01-18 11:22:00,0.3304,0.3307,0.3303,0.3303,23495.41
2025-01-18 11:23:00,0.3302,0.3305,0.3299,0.3305,19498.29
2025-01-18 11:24:00,0.3305,0.3312,0.3304,0.3311,37352.6
2025-01-18 11:25:00,0.3312,0.3319,0.3312,0.3319,41829.19
2025-01-18 11:26:00,0.3319,0.3319,0.3313,0.3314,31861.87
2025-01-18 11:27:00,0.3314,0.3314,0.3307,0.3308,18053.59
2025-01-18 11:28:00,0.331,0.3314,0.331,0.3312,14850.95
2025-01-18 11:29:00,0.3313,0.3314,0.3311,0.3314,27086.72
2025-01-18 11:30:00,0.3314,0.3314,0.3304,0.3304,31188.21
2025-01-18 11:31:00,0.3305,0.3321,0.3305,0.3321,192423.03
2025-01-18 11:32:00,0.3317,0.3331,0.3317,0.3329,42721.96
2025-01-18 11:33:00,0.3329,0.3333,0.3324,0.3333,9751.7
2025-01-18 11:34:00,0.3331,0.3332,0.3328,0.3331,18013.2
2025-01-18 11:35:00,0.3331,0.3337,0.3331,0.3337,60782.5
2025-01-18 11:36:00,0.3333,0.3341,0.3333,0.3341,24941.14
2025-01-18 11:37:00,0.3341,0.3349,0.3341,0.3347,118446.31
2025-01-18 11:38:00,0.3349,0.3353,0.3347,0.3353,24264.18
2025-01-18 11:39:00,0.3352,0.3355,0.335,0.3355,54370.14
2025-01-18 11:40:00,0.3353,0.3359,0.3351,0.3359,25426.96
2025-01-18 11:41:00,0.3357,0.3367,0.3355,0.3366,53452.59
2025-01-18 11:42:00,0.3366,0.3371,0.3364,0.3371,68686.45
2025-01-18 11:43:00,0.337,0.3376,0.3369,0.3376,152074.11
2025-01-18 11:44:00,0.3378,0.3383,0.3378,0.3381,33805.23
2025-01-18 11:45:00,0.3381,0.3385,0.337,0.3383,91773.91
2025-01-18 11:46:00,0.3377,0.3384,0.3376,0.3384,17461.1
2025-01-18 11:47:00,0.3383,0.3385,0.3379,0.3385,25338.07
2025-01-18 11:48:00,0.3384,0.3391,0.3379,0.3379,37246.87
2025-01-18 11:49:00,0.3377,0.3377,0.3372,0.3372,8656.02
2025-01-18 11:50:00,0.3374,0.3377,0.3373,0.3375,9515.06
2025-01-18 11:51:00,0.3377,0.3378,0.3366,0.3372,17465.31
2025-01-18 11:52:00,0.3373,0.3373,0.3366,0.3372,8553.43
2025-01-18 11:53:00,0.3372,0.338,0.3371,0.3375,55827.6
2025-01-18 11:54:00,0.3374,0.338,0.3373,0.338,5918.62
2025-01-18 11:55:00,0.338,0.3383,0.3378,0.3383,8525.36
2025-01-18 11:56:00,0.3385,0.3389,0.3385,0.3389,22544.28
2025-01-18 11:57:00,0.3386,0.3393,0.3386,0.3393,8496.81
2025-01-18 11:58:00,0.3392,0.3392,0.3382,0.3383,18809.56
2025-01-18 11:59:00,0.3384,0.3387,0.3382,0.3383,11914.03
2025-01-18 12:00:00,0.3382,0.3382,0.3376,0.338,29406.51
2025-01-18 12:01:00,0.3378,0.3379,0.3375,0.3375,24164.07
2025-01-18 12:02:00,0.3374,0.3377,0.337,0.3376,31763.89
2025-01-18 12:03:00,0.3376,0.3376,0.3371,0.3373,35197.73
2025-01-18 12:04:00,0.3374,0.3384,0.3373,0.3382,100343.73
2025-01-18 12:05:00,0.3383,0.3391,0.3383,0.3385,29467.13
2025-01-18 12:06:00,0.339,0.3392,0.3387,0.3392,27143.01
2025-01-18 12:07:00,0.3394,0.3396,0.3391,0.3391,36929.26
2025-01-18 12:08:00,0.339,0.3393,0.3388,0.3393,24763.56
2025-01-18 12:09:00,0.3392,0.3393,0.3388,0.3393,8791.89
2025-01-18 12:10:00,0.3395,0.3395,0.3388,0.339,169346.76
2025-01-18 12:11:00,0.339,0.339,0.338,0.3381,25786.66
2025-01-18 12:12:00,0.3384,0.3386,0.3378,0.3378,5571.43
2025-01-18 12:13:00,0.3377,0.3381,0.3375,0.338,17274.6
2025-01-18 12:14:00,0.3379,0.3381,0.3373,0.3376,31701.1
2025-01-18 12:15:00,0.3377,0.3379,0.3374,0.3374,7934.72
2025-01-18 12:16:00,0.3375,0.3375,0.3372,0.3374,2328.77
2025-01-18 12:17:00,0.3374,0.3377,0.3373,0.3373,11572.86
2025-01-18 12:18:00,0.3372,0.3373,0.3371,0.3372,7421.97
2025-01-18 12:19:00,0.337,0.3376,0.337,0.3376,19805.52
2025-01-18 12:20:00,0.3377,0.3377,0.3372,0.3374,7221.09
2025-01-18 12:21:00,0.3375,0.3383,0.3375,0.338,42914.29
2025-01-18 12:22:00,0.3376,0.3376,0.3373,0.3373,26797.05
2025-01-18 12:23:00,0.3375,0.3376,0.3373,0.3373,9277.84
2025-01-18 12:24:00,0.3376,0.338,0.3375,0.338,43195.4
2025-01-18 12:25:00,0.3379,0.3379,0.3371,0.3371,18768.24
2025-01-18 12:26:00,0.337,0.337,0.3365,0.3368,5273.54
2025-01-18 12:27:00,0.3368,0.3368,0.336,0.336,22082.7
2025-01-18 12:28:00,0.336,0.336,0.3355,0.3357,5428.88
2025-01-18 12:29:00,0.3359,0.3359,0.3355,0.3355,2600.96
2025-01-18 12:30:00,0.3356,0.3362,0.3356,0.3361,25465.78
2025-01-18 12:31:00,0.3366,0.3367,0.3364,0.3364,10397.34
2025-01-18 12:32:00,0.3364,0.3365,0.3357,0.3357,12810.08
2025-01-18 12:33:00,0.3357,0.3357,0.3349,0.3349,23408.57
2025-01-18 12:34:00,0.3349,0.3351,0.3345,0.3345,46045.03
2025-01-18 12:35:00,0.3343,0.3343,0.3339,0.334,15139.99
2025-01-18 12:36:00,0.334,0.334,0.3337,0.3338,33372.65
2025-01-18 12:37:00,0.3338,0.3343,0.3335,0.3342,19859.81
2025-01-18 12:38:00,0.3341,0.3341,0.3336,0.334,30337.14
2025-01-18 12:39:00,0.3338,0.3343,0.3337,0.3343,52013.89
2025-01-18 12:40:00,0.3344,0.3353,0.3344,0.3352,82373.46
2025-01-18 12:41:00,0.3354,0.3355,0.3352,0.3355,56841.47
2025-01-18 12:42:00,0.3355,0.3355,0.3352,0.3353,21114.75
2025-01-18 12:43:00,0.3352,0.3352,0.3348,0.3351,10811.64
2025-01-18 12:44:00,0.3354,0.3354,0.3351,0.3351,1879.76
2025-01-18 12:45:00,0.3352,0.3357,0.3351,0.3357,5503.52
2025-01-18 12:46:00,0.3353,0.3354,0.3347,0.3347,1300.37
2025-01-18 12:47:00,0.3347,0.3352,0.3347,0.3349,5406.19
2025-01-18 12:48:00,0.3351,0.3355,0.335,0.3353,2934.87
2025-01-18 12:49:00,0.3353,0.3354,0.3352,0.3353,4915.12
2025-01-18 12:50:00,0.3356,0.3362,0.3356,0.3361,20807.21
2025-01-18 12:51:00,0.3361,0.3363,0.3355,0.3357,31848.25
2025-01-18 12:52:00,0.3357,0.3359,0.3355,0.3359,7231.53
2025-01-18 12:53:00,0.3361,0.3361,0.3356,0.3356,5186.73
2025-01-18 12:54:00,0.3355,0.3355,0.3353,0.3354,1840.22
2025-01-18 12:55:00,0.3355,0.3356,0.3355,0.3355,7951.75
2025-01-18 12:56:00,0.3355,0.3355,0.3352,0.3352,2851.83
2025-01-18 12:57:00,0.3355,0.3355,0.3351,0.3353,13625.57
2025-01-18 12:58:00,0.3353,0.3355,0.3353,0.3353,4478.23
2025-01-18 12:59:00,0.3355,0.3355,0.3352,0.3352,463.14
2025-01-18 13:00:00,0.3352,0.3358,0.3352,0.3354,27775.27
2025-01-18 13:01:00,0.3358,0.3364,0.3358,0.3364,8396.69
2025-01-18 13:02:00,0.3367,0.3369,0.3364,0.3368,27091.02
2025-01-18 13:03:00,0.3368,0.3368,0.336,0.336,4145.96
2025-01-18 13:04:00,0.3362,0.3363,0.3355,0.3355,65279.09
2025-01-18 13:05:00,0.3352,0.3352,0.3346,0.3346,4692.66
2025-01-18 13:06:00,0.3346,0.3348,0.3342,0.3343,7698.27
2025-01-18 13:07:00,0.3343,0.3346,0.3342,0.3343,5717.23
2025-01-18 13:08:00,0.3343,0.3344,0.3339,0.3341,4107.91
2025-01-18 13:09:00,0.334,0.334,0.3337,0.3337,8890.9
2025-01-18 13:10:00,0.3338,0.3348,0.3338,0.3348,17970.73
2025-01-18 13:11:00,0.335,0.3353,0.335,0.335,12807.1
2025-01-18 13:12:00,0.335,0.3353,0.3348,0.3352,11534.67
2025-01-18 13:13:00,0.3352,0.3353,0.335,0.3351,11061.21
2025-01-18 13:14:00,0.3349,0.3351,0.3347,0.335,10913.7
2025-01-18 13:15:00,0.3353,0.3353,0.3342,0.3342,16363.27
2025-01-18 13:16:00,0.3341,0.3342,0.3341,0.3342,2349.18
2025-01-18 13:17:00,0.3345,0.3347,0.3344,0.3344,2411.1
2025-01-18 13:18:00,0.3346,0.335,0.3346,0.335,1414.62
2025-01-18 13:19:00,0.335,0.335,0.3347,0.3347,5673.47
2025-01-18 13:20:00,0.3347,0.3351,0.3347,0.3351,7490.53
2025-01-18 13:21:00,0.3352,0.3353,0.335,0.335,1873.52
2025-01-18 13:22:00,0.3351,0.3355,0.3351,0.3352,4884.63
2025-01-18 13:23:00,0.335,0.3351,0.3349,0.335,3221.74
2025-01-18 13:24:00,0.3351,0.3353,0.3349,0.3353,5825.74
2025-01-18 13:25:00,0.3352,0.3359,0.3351,0.3357,44740.16
2025-01-18 13:26:00,0.3357,0.3357,0.3354,0.3354,396.45
2025-01-18 13:27:00,0.3355,0.336,0.3355,0.336,2190.06
2025-01-18 13:28:00,0.3359,0.3361,0.3358,0.3361,1140.04
2025-01-18 13:29:00,0.336,0.3363,0.3359,0.3359,4982.11
2025-01-18 13:30:00,0.3358,0.3358,0.3358,0.3358,1993.58
2025-01-18 13:31:00,0.3358,0.3365,0.3357,0.3365,4763.9
2025-01-18 13:32:00,0.3366,0.3384,0.3366,0.3376,160448.66
2025-01-18 13:33:00,0.3375,0.3378,0.3374,0.3375,14006.74
2025-01-18 13:34:00,0.3375,0.3377,0.3372,0.3372,12615.07
2025-01-18 13:35:00,0.3374,0.3378,0.3374,0.3376,13657.61
2025-01-18 13:36:00,0.3377,0.3381,0.3374,0.3374,26981.34
2025-01-18 13:37:00,0.3374,0.338,0.3374,0.338,5292.29
2025-01-18 13:38:00,0.3378,0.3378,0.3373,0.3373,8114.35
2025-01-18 13:39:00,0.3373,0.3375,0.3372,0.3375,14795.94
2025-01-18 13:40:00,0.3375,0.3378,0.3372,0.3377,15508.39
2025-01-18 13:41:00,0.3377,0.3377,0.3371,0.3372,14176.6
2025-01-18 13:42:00,0.3372,0.3378,0.3372,0.3377,18125.91
2025-01-18 13:43:00,0.3378,0.3378,0.3375,0.3376,15695.2
2025-01-18 13:44:00,0.3377,0.338,0.3377,0.3379,5924.86
2025-01-18 13:45:00,0.3379,0.3384,0.3378,0.3383,5165.38
2025-01-18 13:46:00,0.3386,0.3387,0.3384,0.3384,2566.84
2025-01-18 13:47:00,0.3382,0.3382,0.3379,0.338,14703.67
2025-01-18 13:48:00,0.3379,0.338,0.3376,0.3376,2439.1
2025-01-18 13:49:00,0.3377,0.3382,0.3377,0.3382,3514.66
2025-01-18 13:50:00,0.338,0.338,0.337,0.3373,34941.38
2025-01-18 13:51:00,0.3372,0.3373,0.3371,0.3373,3391.23
2025-01-18 13:52:00,0.3371,0.3371,0.3365,0.3368,21402.11
2025-01-18 13:53:00,0.3369,0.3369,0.3367,0.3369,5673.63
2025-01-18 13:54:00,0.3369,0.3371,0.3369,0.3369,3529.59
2025-01-18 13:55:00,0.3368,0.3369,0.3367,0.3368,528.51
2025-01-18 13:56:00,0.3369,0.3373,0.3368,0.3373,28369.33
2025-01-18 13:57:00,0.3375,0.3379,0.3372,0.3379,32363.19
2025-01-18 13:58:00,0.3378,0.3379,0.3375,0.3379,49927.26
2025-01-18 13:59:00,0.3381,0.3386,0.3381,0.3386,5827.37
2025-01-18 14:00:00,0.3385,0.3386,0.3381,0.3381,44873.23
2025-01-18 14:01:00,0.338,0.3385,0.3375,0.3384,45588.39
2025-01-18 14:02:00,0.3382,0.3382,0.3378,0.3379,11058.89
2025-01-18 14:03:00,0.3379,0.3384,0.3377,0.3379,3673.61
2025-01-18 14:04:00,0.3381,0.3381,0.3375,0.3379,27059.31
2025-01-18 14:05:00,0.3378,0.3386,0.3378,0.3383,19068.79
2025-01-18 14:06:00,0.3382,0.3383,0.3376,0.3379,15913.0
2025-01-18 14:07:00,0.3381,0.3382,0.3374,0.3375,9681.97
2025-01-18 14:08:00,0.3372,0.3375,0.3371,0.3373,12625.36
2025-01-18 14:09:00,0.337,0.3374,0.3368,0.3374,8894.0
2025-01-18 14:10:00,0.337,0.3376,0.3369,0.3376,40450.16
2025-01-18 14:11:00,0.3377,0.3377,0.3374,0.3376,23025.35
2025-01-18 14:12:00,0.3375,0.3375,0.3371,0.3371,9117.02
2025-01-18 14:13:00,0.3372,0.3372,0.3367,0.3367,25522.67
2025-01-18 14:14:00,0.3365,0.3367,0.3363,0.3367,18700.72
2025-01-18 14:15:00,0.3362,0.3364,0.3362,0.3364,6053.24
2025-01-18 14:16:00,0.3363,0.3364,0.3356,0.3357,13382.16
2025-01-18 14:17:00,0.3357,0.3364,0.3356,0.3363,19102.07
2025-01-18 14:18:00,0.3364,0.3364,0.3362,0.3364,3257.96
2025-01-18 14:19:00,0.3362,0.3365,0.336,0.3365,21739.38
2025-01-18 14:20:00,0.3367,0.337,0.3364,0.3364,2213.35
2025-01-18 14:21:00,0.3362,0.3362,0.336,0.3362,2777.28
2025-01-18 14:22:00,0.3362,0.3364,0.3361,0.3364,5434.02
2025-01-18 14:23:00,0.3362,0.3367,0.3362,0.3367,898.11
2025-01-18 14:24:00,0.3367,0.3368,0.3365,0.3366,17326.75
2025-01-18 14:25:00,0.3361,0.3361,0.3355,0.3356,6073.01
2025-01-18 14:26:00,0.3357,0.3358,0.3354,0.3357,7416.52
2025-01-18 14:27:00,0.3358,0.3358,0.3355,0.3356,3751.95
2025-01-18 14:28:00,0.3355,0.3355,0.3352,0.3353,2483.21
2025-01-18 14:29:00,0.3353,0.3355,0.3353,0.3354,3973.72
2025-01-18 14:30:00,0.3354,0.3357,0.3353,0.3357,4071.5
2025-01-18 14:31:00,0.3358,0.3358,0.335,0.335,18825.85
2025-01-18 14:32:00,0.3349,0.3351,0.3348,0.3348,11487.46
2025-01-18 14:33:00,0.3348,0.3348,0.3346,0.3346,6048.76
2025-01-18 14:34:00,0.3346,0.3348,0.3335,0.3338,21703.96
2025-01-18 14:35:00,0.3338,0.3338,0.3331,0.3333,21568.72
2025-01-18 14:36:00,0.3334,0.3334,0.3329,0.3329,23351.26
2025-01-18 14:37:00,0.333,0.3333,0.3328,0.333,12837.89
2025-01-18 14:38:00,0.3329,0.3332,0.3325,0.3325,40369.24
2025-01-18 14:39:00,0.3325,0.3325,0.3315,0.3318,37588.69
2025-01-18 14:40:00,0.332,0.3323,0.3317,0.3319,7062.6
2025-01-18 14:41:00,0.332,0.3327,0.332,0.3322,47765.42
2025-01-18 14:42:00,0.3322,0.3323,0.3319,0.3323,3516.79
2025-01-18 14:43:00,0.332,0.332,0.3314,0.3316,41368.98
2025-01-18 14:44:00,0.3316,0.3318,0.3313,0.3316,53715.92
2025-01-18 14:45:00,0.3316,0.3316,0.331,0.3316,260893.15
2025-01-18 14:46:00,0.3317,0.3324,0.3317,0.3323,47143.01
2025-01-18 14:47:00,0.3323,0.3326,0.3322,0.3325,13359.82
2025-01-18 14:48:00,0.3326,0.3327,0.3323,0.3324,21851.47
2025-01-18 14:49:00,0.3325,0.3331,0.3324,0.333,3132.33
2025-01-18 14:50:00,0.3329,0.3329,0.3325,0.3325,21961.53
2025-01-18 14:51:00,0.3325,0.3325,0.332,0.332,6329.68
2025-01-18 14:52:00,0.332,0.332,0.3319,0.332,2153.99
2025-01-18 14:53:00,0.3318,0.3319,0.3317,0.3318,3109.01
2025-01-18 14:54:00,0.3316,0.3324,0.3315,0.3324,8056.95
2025-01-18 14:55:00,0.3323,0.3323,0.3319,0.3319,3640.86
2025-01-18 14:56:00,0.3318,0.3318,0.3313,0.3313,16195.49
2025-01-18 14:57:00,0.3312,0.3315,0.3312,0.3315,925.36
2025-01-18 14:58:00,0.3313,0.3318,0.3313,0.3316,7892.95
2025-01-18 14:59:00,0.3315,0.3318,0.3313,0.3314,10195.82
2025-01-18 15:00:00,0.3314,0.3315,0.3307,0.3307,43062.56
2025-01-18 15:01:00,0.3306,0.3307,0.3298,0.3298,29380.48
2025-01-18 15:02:00,0.3298,0.3304,0.3295,0.3295,93887.44
2025-01-18 15:03:00,0.3296,0.3299,0.3292,0.3295,64473.0
2025-01-18 15:04:00,0.3294,0.3299,0.3293,0.3296,18016.48
2025-01-18 15:05:00,0.3294,0.3304,0.3292,0.3304,16802.53
2025-01-18 15:06:00,0.3305,0.3308,0.3302,0.3302,35204.46
2025-01-18 15:07:00,0.3303,0.3304,0.33,0.3301,30591.57
2025-01-18 15:08:00,0.33,0.3311,0.3298,0.3311,39888.83
2025-01-18 15:09:00,0.3313,0.3313,0.3308,0.3308,11563.06
2025-01-18 15:10:00,0.3306,0.3311,0.3303,0.331,8330.57
2025-01-18 15:11:00,0.3311,0.3315,0.3311,0.3314,8358.4
2025-01-18 15:12:00,0.3313,0.3317,0.3312,0.3314,14656.77
2025-01-18 15:13:00,0.3315,0.3319,0.3315,0.3319,7118.09
2025-01-18 15:14:00,0.3319,0.3322,0.3319,0.3322,11191.48
2025-01-18 15:15:00,0.3323,0.3325,0.3323,0.3323,9974.1
2025-01-18 15:16:00,0.3324,0.3326,0.3323,0.3326,4772.43
2025-01-18 15:17:00,0.3326,0.3337,0.3326,0.3333,16984.28
2025-01-18 15:18:00,0.3333,0.3333,0.3326,0.3327,21055.9
2025-01-18 15:19:00,0.3328,0.3336,0.3323,0.3336,36830.63
2025-01-18 15:20:00,0.3335,0.335,0.3335,0.3344,81251.9
2025-01-18 15:21:00,0.3342,0.3347,0.3339,0.3345,73862.81
2025-01-18 15:22:00,0.3345,0.3345,0.3337,0.3342,11581.28
2025-01-18 15:23:00,0.3341,0.3343,0.3335,0.3336,12212.23
2025-01-18 15:24:00,0.3336,0.3342,0.3336,0.3342,27628.14
2025-01-18 15:25:00,0.3344,0.335,0.3344,0.3348,21751.19
2025-01-18 15:26:00,0.3347,0.3354,0.3347,0.3354,49627.12
2025-01-18 15:27:00,0.3355,0.3357,0.3352,0.3356,10710.83
2025-01-18 15:28:00,0.3356,0.3358,0.3354,0.3358,9091.88
2025-01-18 15:29:00,0.3359,0.3359,0.3349,0.3349,11092.57
2025-01-18 15:30:00,0.3348,0.3351,0.3346,0.3347,12745.09
2025-01-18 15:31:00,0.3347,0.3347,0.3339,0.334,23939.64
2025-01-18 15:32:00,0.334,0.3347,0.3339,0.3345,20262.7
2025-01-18 15:33:00,0.3346,0.3355,0.3346,0.3355,16536.58
2025-01-18 15:34:00,0.3356,0.3359,0.3354,0.3359,18259.11
2025-01-18 15:35:00,0.3358,0.3362,0.3355,0.3361,9670.09
2025-01-18 15:36:00,0.3362,0.3364,0.336,0.3361,15366.95
2025-01-18 15:37:00,0.3361,0.3363,0.336,0.3363,7378.42
2025-01-18 15:38:00,0.3362,0.3362,0.3356,0.3357,12273.01
2025-01-18 15:39:00,0.3359,0.3359,0.3353,0.3353,21349.28
2025-01-18 15:40:00,0.3351,0.3353,0.3345,0.3345,14453.37
2025-01-18 15:41:00,0.3344,0.3354,0.3344,0.3352,19113.24
2025-01-18 15:42:00,0.3352,0.3352,0.3343,0.3347,41112.64
2025-01-18 15:43:00,0.3347,0.3355,0.3346,0.3349,27472.49
2025-01-18 15:44:00,0.3349,0.3356,0.3348,0.3356,10473.58
2025-01-18 15:45:00,0.3356,0.3357,0.3347,0.335,35110.37
2025-01-18 15:46:00,0.3352,0.3357,0.3351,0.3354,51766.37
2025-01-18 15:47:00,0.3354,0.3354,0.3345,0.3345,13519.49
2025-01-18 15:48:00,0.3344,0.3345,0.3337,0.3338,32259.85
2025-01-18 15:49:00,0.3339,0.3341,0.3335,0.3338,37633.29
2025-01-18 15:50:00,0.3339,0.334,0.3335,0.3336,17746.7
2025-01-18 15:51:00,0.3335,0.334,0.3332,0.3333,31123.52
2025-01-18 15:52:00,0.3332,0.3335,0.333,0.333,17207.42
2025-01-18 15:53:00,0.3332,0.3333,0.3326,0.3332,25000.21
2025-01-18 15:54:00,0.3335,0.3339,0.3335,0.3335,27456.99
2025-01-18 15:55:00,0.3332,0.3333,0.3328,0.3328,11210.82
2025-01-18 15:56:00,0.3329,0.3329,0.3324,0.3328,21464.76
2025-01-18 15:57:00,0.3326,0.3326,0.3321,0.3321,24434.03
2025-01-18 15:58:00,0.3318,0.3318,0.3316,0.3317,109208.25
2025-01-18 15:59:00,0.3318,0.3318,0.3309,0.3309,17143.44
2025-01-18 16:00:00,0.3313,0.3319,0.3312,0.3315,59393.71
2025-01-18 16:01:00,0.3315,0.332,0.3313,0.3313,29943.63
2025-01-18 16:02:00,0.3311,0.3312,0.33,0.3301,20445.49
2025-01-18 16:03:00,0.33,0.3317,0.3299,0.3317,38390.94
2025-01-18 16:04:00,0.3316,0.3325,0.3314,0.332,27671.64
2025-01-18 16:05:00,0.3322,0.3328,0.3321,0.3321,15974.93
2025-01-18 16:06:00,0.3321,0.3329,0.332,0.3327,17908.84
2025-01-18 16:07:00,0.3325,0.3326,0.3317,0.3319,33098.0
2025-01-18 16:08:00,0.332,0.3321,0.3309,0.3319,49518.6
2025-01-18 16:09:00,0.3321,0.3324,0.3302,0.3304,46431.32
2025-01-18 16:10:00,0.3306,0.3306,0.3295,0.3298,42139.07
2025-01-18 16:11:00,0.3299,0.3301,0.3293,0.3296,48380.61
2025-01-18 16:12:00,0.3298,0.3298,0.3285,0.3295,55632.63
2025-01-18 16:13:00,0.3294,0.3295,0.3288,0.3288,28692.45
2025-01-18 16:14:00,0.3289,0.3324,0.3287,0.3305,159359.04
2025-01-18 16:15:00,0.3303,0.3303,0.3294,0.3297,19007.31
2025-01-18 16:16:00,0.3295,0.3297,0.3282,0.3283,51447.0
2025-01-18 16:17:00,0.3281,0.3283,0.3275,0.3277,93420.8
2025-01-18 16:18:00,0.3278,0.3278,0.3265,0.3265,39226.42
2025-01-18 16:19:00,0.3267,0.3288,0.3266,0.3281,106987.26
2025-01-18 16:20:00,0.3283,0.3286,0.327,0.3277,57538.78
2025-01-18 16:21:00,0.3278,0.3295,0.3278,0.3292,22187.29
2025-01-18 16:22:00,0.3297,0.3304,0.3295,0.3298,10376.27
2025-01-18 16:23:00,0.3302,0.331,0.3302,0.331,26850.99
2025-01-18 16:24:00,0.331,0.331,0.3306,0.3307,21768.28
2025-01-18 16:25:00,0.331,0.331,0.3301,0.3303,20563.46
2025-01-18 16:26:00,0.3308,0.3308,0.3299,0.3304,22642.39
2025-01-18 16:27:00,0.3304,0.3304,0.3296,0.3296,19969.44
2025-01-18 16:28:00,0.3297,0.3298,0.3289,0.3295,131861.0
2025-01-18 16:29:00,0.3293,0.3294,0.3288,0.3293,39870.05
2025-01-18 16:30:00,0.3292,0.33,0.3288,0.33,18166.77
2025-01-18 16:31:00,0.3299,0.3306,0.3299,0.3303,2764.55
2025-01-18 16:32:00,0.3306,0.3311,0.3306,0.3308,19784.07
2025-01-18 16:33:00,0.3308,0.3316,0.3308,0.3315,17270.08
2025-01-18 16:34:00,0.3316,0.3316,0.3308,0.3311,57378.04
2025-01-18 16:35:00,0.3309,0.3309,0.3299,0.3299,19088.19
2025-01-18 16:36:00,0.3299,0.3299,0.3289,0.3291,41750.02
2025-01-18 16:37:00,0.3294,0.3294,0.329,0.3293,11963.02
2025-01-18 16:38:00,0.3287,0.3287,0.3278,0.3278,43581.01
2025-01-18 16:39:00,0.328,0.3282,0.3271,0.3271,24878.73
2025-01-18 16:40:00,0.3271,0.3277,0.3263,0.3275,131008.16
2025-01-18 16:41:00,0.3277,0.3277,0.327,0.3277,64993.41
2025-01-18 16:42:00,0.3278,0.3283,0.3275,0.3278,16997.95
2025-01-18 16:43:00,0.3278,0.3285,0.3278,0.3283,5680.9
2025-01-18 16:44:00,0.3281,0.3286,0.3279,0.3281,10822.35
2025-01-18 16:45:00,0.3284,0.3291,0.328,0.3291,42665.96
2025-01-18 16:46:00,0.3292,0.3295,0.3285,0.3289,13347.74
2025-01-18 16:47:00,0.3286,0.329,0.3283,0.3285,19463.36
2025-01-18 16:48:00,0.3286,0.3286,0.3277,0.3278,15003.26
2025-01-18 16:49:00,0.3276,0.3281,0.327,0.327,12711.8
2025-01-18 16:50:00,0.3271,0.3275,0.3269,0.3269,1384.83
2025-01-18 16:51:00,0.3269,0.3271,0.3265,0.3267,12457.58
2025-01-18 16:52:00,0.327,0.3271,0.3259,0.3262,15235.88
2025-01-18 16:53:00,0.326,0.3265,0.3258,0.3262,34342.5
2025-01-18 16:54:00,0.3261,0.3262,0.3256,0.3258,34909.16
2025-01-18 16:55:00,0.3258,0.3274,0.3258,0.3273,11134.05
2025-01-18 16:56:00,0.3266,0.327,0.3266,0.3268,2733.14
2025-01-18 16:57:00,0.3263,0.3266,0.3258,0.3262,49423.88
2025-01-18 16:58:00,0.3258,0.3258,0.3254,0.3256,14973.71
2025-01-18 16:59:00,0.3255,0.3255,0.3246,0.3247,47338.65
2025-01-18 17:00:00,0.3247,0.3251,0.3247,0.3247,24746.24
2025-01-18 17:01:00,0.3245,0.3259,0.3242,0.3259,16162.46
2025-01-18 17:02:00,0.3264,0.327,0.3264,0.327,7102.31
2025-01-18 17:03:00,0.3271,0.3271,0.3266,0.3269,18991.17
2025-01-18 17:04:00,0.3269,0.3269,0.3266,0.3266,2999.94
2025-01-18 17:05:00,0.3268,0.327,0.3263,0.3263,7448.73
2025-01-18 17:06:00,0.3268,0.3273,0.3267,0.3267,46122.75
2025-01-18 17:07:00,0.3266,0.3268,0.3263,0.3263,2908.53
2025-01-18 17:08:00,0.3263,0.3267,0.3256,0.3259,2992.93
2025-01-18 17:09:00,0.3259,0.3259,0.3245,0.3246,19625.21
2025-01-18 17:10:00,0.3246,0.3252,0.3246,0.3248,4104.3
2025-01-18 17:11:00,0.3249,0.3263,0.3249,0.3263,25573.94
2025-01-18 17:12:00,0.3265,0.3268,0.3265,0.3266,21441.12
2025-01-18 17:13:00,0.3268,0.3277,0.3268,0.3277,8917.48
2025-01-18 17:14:00,0.3274,0.3276,0.3273,0.3275,12012.17
2025-01-18 17:15:00,0.3269,0.3276,0.3269,0.3272,12239.11
2025-01-18 17:16:00,0.327,0.3275,0.3266,0.3275,4885.5
2025-01-18 17:17:00,0.3275,0.3282,0.3274,0.328,17983.2
2025-01-18 17:18:00,0.3281,0.3281,0.3269,0.3269,22711.56
2025-01-18 17:19:00,0.3273,0.3277,0.3272,0.3277,5286.73
2025-01-18 17:20:00,0.3277,0.3277,0.3264,0.3264,9022.99
2025-01-18 17:21:00,0.3264,0.3265,0.3258,0.3265,6014.55
2025-01-18 17:22:00,0.3265,0.3269,0.3264,0.3265,18087.23
2025-01-18 17:23:00,0.3265,0.3268,0.3263,0.3263,3194.63
2025-01-18 17:24:00,0.3262,0.3262,0.3258,0.3258,11433.52
2025-01-18 17:25:00,0.326,0.326,0.3253,0.3258,15027.13
2025-01-18 17:26:00,0.3261,0.3271,0.326,0.3271,10374.92
2025-01-18 17:27:00,0.3272,0.3277,0.3272,0.3274,6203.15
2025-01-18 17:28:00,0.3271,0.3271,0.3267,0.3267,2226.02
2025-01-18 17:29:00,0.3267,0.327,0.3267,0.327,2874.48
2025-01-18 17:30:00,0.3271,0.3272,0.3264,0.3271,15336.96
2025-01-18 17:31:00,0.3273,0.3274,0.3271,0.3273,9631.26
2025-01-18 17:32:00,0.3273,0.3273,0.3267,0.3267,1431.17
2025-01-18 17:33:00,0.3271,0.3282,0.3271,0.328,27004.02
2025-01-18 17:34:00,0.3277,0.328,0.3276,0.3278,3497.77
2025-01-18 17:35:00,0.3278,0.3284,0.3273,0.3284,8817.18
2025-01-18 17:36:00,0.3284,0.3285,0.3282,0.3282,14121.02
2025-01-18 17:37:00,0.328,0.3285,0.3278,0.3284,5368.64
2025-01-18 17:38:00,0.3284,0.3284,0.328,0.328,777.03
2025-01-18 17:39:00,0.3277,0.3281,0.3276,0.3281,5268.48
2025-01-18 17:40:00,0.328,0.328,0.327,0.3272,22684.93
2025-01-18 17:41:00,0.3272,0.3277,0.3272,0.3275,2270.7
2025-01-18 17:42:00,0.3275,0.3275,0.3265,0.3266,8238.85
2025-01-18 17:43:00,0.3267,0.327,0.3264,0.3268,20537.42
2025-01-18 17:44:00,0.3266,0.3267,0.3261,0.3267,4397.99
2025-01-18 17:45:00,0.3269,0.3269,0.3265,0.3267,4251.02
2025-01-18 17:46:00,0.3267,0.3271,0.3265,0.3271,4689.98
2025-01-18 17:47:00,0.3271,0.3283,0.3271,0.3283,11876.89
2025-01-18 17:48:00,0.3278,0.3281,0.3278,0.3281,7535.09
2025-01-18 17:49:00,0.3281,0.3285,0.328,0.328,14375.58
2025-01-18 17:50:00,0.3279,0.328,0.3275,0.3275,2201.74
2025-01-18 17:51:00,0.3276,0.3276,0.3272,0.3272,1634.77
2025-01-18 17:52:00,0.3273,0.3273,0.327,0.327,8016.37
2025-01-18 17:53:00,0.3271,0.3271,0.3266,0.3268,5426.74
2025-01-18 17:54:00,0.3269,0.3271,0.3263,0.3265,28401.78
2025-01-18 17:55:00,0.3266,0.3275,0.3266,0.3273,12378.44
2025-01-18 17:56:00,0.327,0.3272,0.3268,0.3271,2196.13
2025-01-18 17:57:00,0.327,0.327,0.3263,0.3263,2598.73
2025-01-18 17:58:00,0.3263,0.3263,0.3255,0.3255,1062.68
2025-01-18 17:59:00,0.3255,0.3257,0.3252,0.3253,7585.57
2025-01-18 18:00:00,0.3253,0.3261,0.3251,0.326,10608.4
2025-01-18 18:01:00,0.3256,0.3264,0.3256,0.3262,5688.95
2025-01-18 18:02:00,0.3265,0.3265,0.3259,0.3264,10917.84
2025-01-18 18:03:00,0.3264,0.3266,0.3261,0.3262,11328.05
2025-01-18 18:04:00,0.3261,0.3265,0.326,0.3264,6719.93
2025-01-18 18:05:00,0.3263,0.3272,0.3263,0.3265,221901.93
2025-01-18 18:06:00,0.3266,0.3266,0.3259,0.3262,31451.76
2025-01-18 18:07:00,0.3263,0.3263,0.3253,0.3254,4088.52
2025-01-18 18:08:00,0.3257,0.3257,0.3252,0.3253,11218.37
2025-01-18 18:09:00,0.3252,0.3254,0.3246,0.3254,3820.73
2025-01-18 18:10:00,0.3258,0.326,0.3257,0.3257,5814.11
2025-01-18 18:11:00,0.3256,0.3259,0.3254,0.3257,6956.28
2025-01-18 18:12:00,0.3256,0.3256,0.3248,0.3248,2661.24
2025-01-18 18:13:00,0.3251,0.326,0.3251,0.326,1664.04
2025-01-18 18:14:00,0.3259,0.326,0.3255,0.326,3101.65
2025-01-18 18:15:00,0.326,0.3264,0.3259,0.326,30743.05
2025-01-18 18:16:00,0.326,0.326,0.3251,0.3251,12585.26
2025-01-18 18:17:00,0.3249,0.3249,0.3241,0.3241,8617.88
2025-01-18 18:18:00,0.3243,0.3244,0.3232,0.3232,21736.54
2025-01-18 18:19:00,0.3231,0.3237,0.323,0.3234,39998.86
2025-01-18 18:20:00,0.3234,0.3237,0.3231,0.3235,29965.85
2025-01-18 18:21:00,0.3235,0.325,0.3233,0.3249,49341.86
2025-01-18 18:22:00,0.3249,0.3253,0.3246,0.3247,13211.66
2025-01-18 18:23:00,0.3249,0.3249,0.3246,0.3247,2661.06
2025-01-18 18:24:00,0.3249,0.3253,0.3249,0.3252,8648.38
2025-01-18 18:25:00,0.325,0.326,0.3249,0.326,10737.75
2025-01-18 18:26:00,0.3257,0.3264,0.3257,0.3263,11432.07
2025-01-18 18:27:00,0.3262,0.3264,0.326,0.3264,9822.32
2025-01-18 18:28:00,0.3266,0.3269,0.3264,0.3269,14005.75
2025-01-18 18:29:00,0.3269,0.3269,0.3261,0.3262,23303.39
2025-01-18 18:30:00,0.3261,0.3265,0.3261,0.3265,2180.17
2025-01-18 18:31:00,0.3265,0.3265,0.3262,0.3264,450.85
2025-01-18 18:32:00,0.3264,0.3274,0.3264,0.3267,55982.94
2025-01-18 18:33:00,0.3269,0.3272,0.3265,0.3265,15653.95
2025-01-18 18:34:00,0.3263,0.3263,0.3255,0.3255,10329.01
2025-01-18 18:35:00,0.3255,0.3261,0.3254,0.3261,1298.27
2025-01-18 18:36:00,0.3264,0.3265,0.326,0.326,12851.01
2025-01-18 18:37:00,0.326,0.3263,0.326,0.3262,4231.9
2025-01-18 18:38:00,0.3266,0.3267,0.3263,0.3263,26736.21
2025-01-18 18:39:00,0.3265,0.3267,0.3264,0.3264,7083.42
2025-01-18 18:40:00,0.3264,0.327,0.3264,0.327,4864.24
2025-01-18 18:41:00,0.327,0.3272,0.3269,0.3272,25212.95
2025-01-18 18:42:00,0.327,0.327,0.3268,0.327,12185.92
2025-01-18 18:43:00,0.327,0.327,0.3261,0.3261,6392.29
2025-01-18 18:44:00,0.3262,0.3264,0.3262,0.3263,1562.52
2025-01-18 18:45:00,0.3264,0.3265,0.326,0.326,5413.67
2025-01-18 18:46:00,0.3259,0.3266,0.3259,0.3266,1773.3
2025-01-18 18:47:00,0.3262,0.3267,0.3262,0.3267,11163.67
2025-01-18 18:48:00,0.3266,0.3266,0.3253,0.3256,119247.06
2025-01-18 18:49:00,0.3255,0.3257,0.3252,0.3256,25944.59
2025-01-18 18:50:00,0.3258,0.326,0.3254,0.3256,7394.36
2025-01-18 18:51:00,0.3253,0.3253,0.3248,0.3248,3543.16
2025-01-18 18:52:00,0.3249,0.325,0.3241,0.3241,12074.86
2025-01-18 18:53:00,0.3242,0.3242,0.3233,0.3233,20355.86
2025-01-18 18:54:00,0.3233,0.3233,0.3229,0.3229,16436.98
2025-01-18 18:55:00,0.3229,0.3236,0.3228,0.3228,33606.84
2025-01-18 18:56:00,0.3228,0.3231,0.3226,0.3231,12472.34
2025-01-18 18:57:00,0.3232,0.3239,0.3232,0.3237,13838.23
2025-01-18 18:58:00,0.3234,0.3237,0.3232,0.3234,7345.99
2025-01-18 18:59:00,0.3235,0.3235,0.3234,0.3235,6588.0
2025-01-18 19:00:00,0.3235,0.3246,0.3235,0.3246,12781.64
2025-01-18 19:01:00,0.3246,0.3251,0.3241,0.3242,11524.75
2025-01-18 19:02:00,0.3242,0.3242,0.324,0.324,1054.68
2025-01-18 19:03:00,0.3241,0.3244,0.3239,0.3243,1263.02
2025-01-18 19:04:00,0.3241,0.3244,0.3237,0.3238,8798.66
2025-01-18 19:05:00,0.3241,0.3244,0.324,0.3244,1381.07
2025-01-18 19:06:00,0.3243,0.325,0.3243,0.325,2920.13
2025-01-18 19:07:00,0.325,0.3252,0.3247,0.3248,2694.61
2025-01-18 19:08:00,0.3249,0.3254,0.3249,0.3252,3260.66
2025-01-18 19:09:00,0.3253,0.3256,0.3253,0.3253,15998.02
2025-01-18 19:10:00,0.3253,0.3256,0.3252,0.3254,11112.83
2025-01-18 19:11:00,0.3254,0.3255,0.3253,0.3254,14543.71
2025-01-18 19:12:00,0.3255,0.3257,0.3249,0.3249,56719.21
2025-01-18 19:13:00,0.3248,0.3249,0.3246,0.3249,5776.23
2025-01-18 19:14:00,0.3249,0.3252,0.3248,0.3252,6500.56
2025-01-18 19:15:00,0.3252,0.3258,0.3252,0.3256,1513.53
2025-01-18 19:16:00,0.3254,0.3263,0.3254,0.326,4574.98
2025-01-18 19:17:00,0.3262,0.3263,0.326,0.3261,347.26
2025-01-18 19:18:00,0.3263,0.3265,0.3263,0.3265,2949.1
2025-01-18 19:19:00,0.3265,0.3266,0.3265,0.3266,535.37
2025-01-18 19:20:00,0.3267,0.3269,0.3265,0.3265,16891.23
2025-01-18 19:21:00,0.3265,0.3269,0.3265,0.3267,30912.42
2025-01-18 19:22:00,0.3266,0.3267,0.3264,0.3264,5264.22
2025-01-18 19:23:00,0.3265,0.3265,0.326,0.3261,20219.32
2025-01-18 19:24:00,0.3261,0.3261,0.3256,0.326,4689.41
2025-01-18 19:25:00,0.326,0.3264,0.326,0.3261,892.26
2025-01-18 19:26:00,0.3263,0.3263,0.3258,0.3259,3100.1
2025-01-18 19:27:00,0.326,0.3264,0.326,0.3262,1799.25
2025-01-18 19:28:00,0.3264,0.3264,0.326,0.326,388.02
2025-01-18 19:29:00,0.3262,0.3266,0.3262,0.3263,4885.21
2025-01-18 19:30:00,0.3266,0.327,0.3266,0.327,8955.37
2025-01-18 19:31:00,0.3269,0.327,0.3269,0.327,7772.07
2025-01-18 19:32:00,0.3269,0.3273,0.3269,0.3271,3686.32
2025-01-18 19:33:00,0.3271,0.3272,0.3267,0.3267,39675.09
2025-01-18 19:34:00,0.3268,0.3272,0.3265,0.3265,8213.23
2025-01-18 19:35:00,0.3266,0.3267,0.3257,0.3257,1053.71
2025-01-18 19:36:00,0.3261,0.3265,0.3261,0.3265,5416.6
2025-01-18 19:37:00,0.3267,0.3267,0.3264,0.3267,286.65
2025-01-18 19:38:00,0.3267,0.3269,0.3267,0.3268,607.74
2025-01-18 19:39:00,0.3266,0.3271,0.3266,0.3271,882.38
2025-01-18 19:40:00,0.3272,0.3272,0.3271,0.3271,224.86
2025-01-18 19:41:00,0.327,0.327,0.3266,0.3266,3466.97
2025-01-18 19:42:00,0.3269,0.3269,0.3268,0.3268,1110.42
2025-01-18 19:43:00,0.3269,0.3273,0.3269,0.3272,11451.17
2025-01-18 19:44:00,0.3272,0.3272,0.3269,0.3271,1807.6
2025-01-18 19:45:00,0.3273,0.3273,0.3271,0.3271,3262.69
2025-01-18 19:46:00,0.3271,0.3277,0.3271,0.3277,3781.76
2025-01-18 19:47:00,0.3279,0.3279,0.3275,0.3276,9266.63
2025-01-18 19:48:00,0.3275,0.3277,0.3275,0.3277,1186.85
2025-01-18 19:49:00,0.3276,0.3278,0.3274,0.3277,32439.02
2025-01-18 19:50:00,0.3276,0.3276,0.327,0.3272,7010.33
2025-01-18 19:51:00,0.3272,0.328,0.3272,0.3277,37801.62
2025-01-18 19:52:00,0.3278,0.3279,0.3278,0.3278,985.12
2025-01-18 19:53:00,0.3276,0.3277,0.3275,0.3276,758.57
2025-01-18 19:54:00,0.3275,0.3278,0.3274,0.3278,2512.62
2025-01-18 19:55:00,0.3278,0.3279,0.3274,0.3274,9068.53
2025-01-18 19:56:00,0.3275,0.3276,0.3272,0.3272,2260.48
2025-01-18 19:57:00,0.3273,0.3275,0.3272,0.3273,3082.33
2025-01-18 19:58:00,0.3274,0.3278,0.3274,0.3277,3118.52
2025-01-18 19:59:00,0.3275,0.3278,0.3275,0.3277,10102.5
2025-01-18 20:00:00,0.3281,0.3284,0.328,0.328,8532.57
2025-01-18 20:01:00,0.328,0.328,0.3277,0.3277,1142.6
2025-01-18 20:02:00,0.3277,0.3277,0.3274,0.3275,4666.65
2025-01-18 20:03:00,0.3275,0.3276,0.3273,0.3273,6163.04
2025-01-18 20:04:00,0.3276,0.3277,0.3274,0.3275,1258.0
2025-01-18 20:05:00,0.3276,0.3277,0.3274,0.3275,1683.93
2025-01-18 20:06:00,0.3273,0.3273,0.3268,0.327,2855.87
2025-01-18 20:07:00,0.327,0.3275,0.327,0.3275,2967.86
2025-01-18 20:08:00,0.3274,0.3276,0.3272,0.3273,2555.91
2025-01-18 20:09:00,0.3272,0.3272,0.3267,0.3272,12015.86
2025-01-18 20:10:00,0.3271,0.3275,0.3269,0.3273,27669.7
2025-01-18 20:11:00,0.3271,0.3272,0.3267,0.3269,5549.13
2025-01-18 20:12:00,0.3269,0.3269,0.3263,0.3265,8225.88
2025-01-18 20:13:00,0.3267,0.3268,0.3264,0.3264,5813.69
2025-01-18 20:14:00,0.3263,0.3266,0.3262,0.3266,1926.0
2025-01-18 20:15:00,0.3267,0.3267,0.326,0.3262,4205.7
2025-01-18 20:16:00,0.3263,0.3263,0.3259,0.3261,6925.54
2025-01-18 20:17:00,0.3259,0.3264,0.3259,0.3262,17351.93
2025-01-18 20:18:00,0.3262,0.3263,0.3258,0.3258,3837.21
2025-01-18 20:19:00,0.3257,0.326,0.3256,0.3259,1397.1
2025-01-18 20:20:00,0.3259,0.326,0.3259,0.326,295.01
2025-01-18 20:21:00,0.3257,0.3257,0.3252,0.3252,13106.55
2025-01-18 20:22:00,0.3252,0.3256,0.3252,0.3255,7149.31
2025-01-18 20:23:00,0.3255,0.3257,0.3252,0.3257,7238.44
2025-01-18 20:24:00,0.3254,0.3256,0.3253,0.3255,1978.24
2025-01-18 20:25:00,0.3255,0.3256,0.3246,0.3246,25368.16
2025-01-18 20:26:00,0.3245,0.3249,0.3243,0.3244,6743.59
2025-01-18 20:27:00,0.3243,0.3243,0.3242,0.3243,3837.53
2025-01-18 20:28:00,0.3243,0.3246,0.324,0.3246,3674.1
2025-01-18 20:29:00,0.3248,0.3251,0.3246,0.3248,27838.9
2025-01-18 20:30:00,0.325,0.3254,0.325,0.3253,5472.72
2025-01-18 20:31:00,0.3254,0.3259,0.3254,0.3259,2147.19
2025-01-18 20:32:00,0.3259,0.3259,0.3258,0.3259,3695.24
2025-01-18 20:33:00,0.3257,0.3259,0.3257,0.3259,4897.31
2025-01-18 20:34:00,0.3258,0.3259,0.3256,0.3259,2329.72
2025-01-18 20:35:00,0.3259,0.326,0.3256,0.3259,7501.61
2025-01-18 20:36:00,0.3258,0.3259,0.3255,0.3256,3124.07
2025-01-18 20:37:00,0.3254,0.3254,0.3248,0.325,1566.9
2025-01-18 20:38:00,0.325,0.3254,0.325,0.3253,272.04
2025-01-18 20:39:00,0.3254,0.3256,0.3254,0.3255,452.62
2025-01-18 20:40:00,0.3255,0.3259,0.3255,0.3259,901.17
2025-01-18 20:41:00,0.3257,0.3258,0.3257,0.3258,664.33
2025-01-18 20:42:00,0.3258,0.326,0.3257,0.326,2927.44
2025-01-18 20:43:00,0.3258,0.3258,0.3253,0.3254,2745.27
2025-01-18 20:44:00,0.3254,0.3254,0.325,0.3252,805.75
2025-01-18 20:45:00,0.3254,0.3254,0.3253,0.3253,1045.63
2025-01-18 20:46:00,0.3251,0.3251,0.3239,0.3239,3498.87
2025-01-18 20:47:00,0.3239,0.3239,0.3238,0.3238,5127.78
2025-01-18 20:48:00,0.3237,0.3242,0.3237,0.3239,2220.76
2025-01-18 20:49:00,0.3236,0.3242,0.3235,0.3241,12096.7
2025-01-18 20:50:00,0.3242,0.3248,0.3242,0.3246,3835.25
2025-01-18 20:51:00,0.3247,0.3249,0.3246,0.3246,5515.31
2025-01-18 20:52:00,0.3248,0.3248,0.3238,0.3238,3809.28
2025-01-18 20:53:00,0.3235,0.3237,0.3235,0.3237,823.85
2025-01-18 20:54:00,0.3236,0.3236,0.3231,0.3233,6175.73
2025-01-18 20:55:00,0.3236,0.3237,0.3233,0.3235,4622.32
2025-01-18 20:56:00,0.3233,0.3235,0.3231,0.3235,38960.35
2025-01-18 20:57:00,0.3236,0.3236,0.3236,0.3236,2160.04
2025-01-18 20:58:00,0.3236,0.3239,0.3236,0.3239,2881.77
2025-01-18 20:59:00,0.3242,0.3242,0.3241,0.3241,1091.43
2025-01-18 21:00:00,0.3243,0.3249,0.3241,0.3249,20447.76
2025-01-18 21:01:00,0.3247,0.3247,0.3244,0.3244,3506.86
2025-01-18 21:02:00,0.3244,0.3248,0.3241,0.3248,21192.58
2025-01-18 21:03:00,0.3248,0.3248,0.3242,0.3243,5667.14
2025-01-18 21:04:00,0.3243,0.3247,0.3243,0.3247,950.63
2025-01-18 21:05:00,0.3248,0.3254,0.3248,0.3254,1070.07
2025-01-18 21:06:00,0.3253,0.3255,0.3252,0.3255,2647.24
2025-01-18 21:07:00,0.3255,0.3258,0.3255,0.3255,761.72
2025-01-18 21:08:00,0.3257,0.3257,0.3256,0.3257,610.34
2025-01-18 21:09:00,0.3259,0.3259,0.3258,0.3258,2556.53
2025-01-18 21:10:00,0.3258,0.3262,0.3256,0.3262,17019.48
2025-01-18 21:11:00,0.3263,0.3265,0.3263,0.3263,5716.78
2025-01-18 21:12:00,0.3261,0.3263,0.326,0.3262,1450.51
2025-01-18 21:13:00,0.3263,0.3263,0.326,0.3261,3799.49
2025-01-18 21:14:00,0.3262,0.3263,0.3261,0.3261,1078.47
2025-01-18 21:15:00,0.3262,0.3268,0.3262,0.3268,14898.64
2025-01-18 21:16:00,0.3268,0.3268,0.3267,0.3268,1570.4
2025-01-18 21:17:00,0.3268,0.3268,0.3268,0.3268,1144.28
2025-01-18 21:18:00,0.3267,0.3267,0.3263,0.3264,9928.52
2025-01-18 21:19:00,0.3261,0.3264,0.3261,0.3263,2496.38
2025-01-18 21:20:00,0.3264,0.3265,0.326,0.326,12372.54
2025-01-18 21:21:00,0.326,0.3267,0.3259,0.3262,35972.37
2025-01-18 21:22:00,0.3261,0.3264,0.3261,0.3263,19227.26
2025-01-18 21:23:00,0.3262,0.3263,0.3261,0.3263,3224.73
2025-01-18 21:24:00,0.3261,0.3262,0.3259,0.3262,5415.46
2025-01-18 21:25:00,0.3261,0.3262,0.3257,0.326,704.15
2025-01-18 21:26:00,0.3263,0.3264,0.3262,0.3263,425.68
2025-01-18 21:27:00,0.3262,0.3263,0.3261,0.3262,1593.45
2025-01-18 21:28:00,0.3262,0.3262,0.3259,0.3259,18952.0
2025-01-18 21:29:00,0.3259,0.3261,0.3258,0.3261,1133.43
2025-01-18 21:30:00,0.326,0.3261,0.3254,0.3254,4227.89
2025-01-18 21:31:00,0.3254,0.3254,0.3251,0.3251,9964.81
2025-01-18 21:32:00,0.325,0.3254,0.3249,0.3252,772.31
2025-01-18 21:33:00,0.3245,0.3245,0.3244,0.3245,125.57
2025-01-18 21:34:00,0.3247,0.3251,0.3247,0.3251,3800.8
2025-01-18 21:35:00,0.325,0.3256,0.325,0.3256,5495.71
2025-01-18 21:36:00,0.3254,0.3254,0.3249,0.325,9961.02
2025-01-18 21:37:00,0.3251,0.3254,0.325,0.325,1463.53
2025-01-18 21:38:00,0.325,0.3254,0.325,0.3254,3161.26
2025-01-18 21:39:00,0.3255,0.3255,0.3252,0.3254,6092.1
2025-01-18 21:40:00,0.3254,0.3255,0.3253,0.3254,1045.34
2025-01-18 21:41:00,0.3254,0.3254,0.3253,0.3254,1519.71
2025-01-18 21:42:00,0.3254,0.3255,0.3254,0.3254,233.14
2025-01-18 21:43:00,0.3254,0.3254,0.3253,0.3254,5155.94
2025-01-18 21:44:00,0.3254,0.3254,0.3252,0.3252,530.2
2025-01-18 21:45:00,0.3251,0.3251,0.3248,0.3248,605.95
2025-01-18 21:46:00,0.3247,0.3251,0.3247,0.3251,4042.53
2025-01-18 21:47:00,0.3254,0.3254,0.3254,0.3254,402.21
2025-01-18 21:48:00,0.3251,0.3252,0.3251,0.3252,184.84
2025-01-18 21:49:00,0.3252,0.3255,0.3252,0.3255,3947.5
2025-01-18 21:50:00,0.3255,0.3255,0.3251,0.3252,1601.84
2025-01-18 21:51:00,0.3253,0.3253,0.3248,0.3249,8563.5
2025-01-18 21:52:00,0.3247,0.3247,0.3246,0.3247,191.9
2025-01-18 21:53:00,0.3251,0.3252,0.3251,0.3251,943.89
2025-01-18 21:54:00,0.325,0.325,0.3247,0.3247,524.11
2025-01-18 21:55:00,0.3247,0.3247,0.3247,0.3247,0.0
2025-01-18 21:56:00,0.3242,0.3242,0.3241,0.3242,587.79
2025-01-18 21:57:00,0.3242,0.3243,0.3242,0.3243,649.97
2025-01-18 21:58:00,0.3243,0.3246,0.3242,0.3246,628.65
2025-01-18 21:59:00,0.3245,0.3246,0.3243,0.3243,299.58
2025-01-18 22:00:00,0.3244,0.3244,0.324,0.324,7430.91
2025-01-18 22:01:00,0.3241,0.3242,0.3237,0.3241,5053.86
2025-01-18 22:02:00,0.3241,0.3244,0.3241,0.3243,3235.01
2025-01-18 22:03:00,0.3243,0.3243,0.324,0.3241,17208.32
2025-01-18 22:04:00,0.3241,0.3243,0.3239,0.3239,2668.27
2025-01-18 22:05:00,0.324,0.3247,0.324,0.3246,7619.41
2025-01-18 22:06:00,0.3247,0.325,0.3247,0.325,3393.06
2025-01-18 22:07:00,0.3249,0.3249,0.3247,0.3248,3216.88
2025-01-18 22:08:00,0.3249,0.3252,0.3249,0.3252,4823.65
2025-01-18 22:09:00,0.3251,0.3252,0.3251,0.3252,327.54
2025-01-18 22:10:00,0.3252,0.3252,0.325,0.3251,3292.83
2025-01-18 22:11:00,0.3251,0.3253,0.3251,0.3252,1250.46
2025-01-18 22:12:00,0.3252,0.3252,0.3251,0.3251,451.3
2025-01-18 22:13:00,0.3251,0.3254,0.3251,0.3254,1537.9
2025-01-18 22:14:00,0.3254,0.3266,0.3254,0.3266,9509.7
2025-01-18 22:15:00,0.3267,0.3267,0.3262,0.3263,20391.73
2025-01-18 22:16:00,0.3264,0.3265,0.3263,0.3263,2294.07
2025-01-18 22:17:00,0.3264,0.3265,0.3264,0.3265,2771.17
2025-01-18 22:18:00,0.3265,0.327,0.3265,0.327,5471.3
2025-01-18 22:19:00,0.3268,0.3269,0.3266,0.3268,2327.29
2025-01-18 22:20:00,0.3268,0.3268,0.3266,0.3266,109.6
2025-01-18 22:21:00,0.3266,0.3271,0.3265,0.3271,1553.24
2025-01-18 22:22:00,0.3272,0.3272,0.3271,0.3272,1941.1
2025-01-18 22:23:00,0.3271,0.3271,0.3265,0.3265,3680.6
2025-01-18 22:24:00,0.3265,0.3266,0.3265,0.3266,663.87
2025-01-18 22:25:00,0.3265,0.3266,0.3264,0.3266,3256.5
2025-01-18 22:26:00,0.3267,0.3268,0.3267,0.3268,661.69
2025-01-18 22:27:00,0.327,0.3272,0.3269,0.3271,6147.02
2025-01-18 22:28:00,0.327,0.3272,0.327,0.3271,7354.48
2025-01-18 22:29:00,0.3271,0.3273,0.3271,0.3273,4105.83
2025-01-18 22:30:00,0.3273,0.3276,0.3273,0.3276,4386.96
2025-01-18 22:31:00,0.3275,0.3276,0.3273,0.3273,2844.64
2025-01-18 22:32:00,0.3274,0.3276,0.3274,0.3276,1260.28
2025-01-18 22:33:00,0.3275,0.3275,0.3274,0.3274,1399.92
2025-01-18 22:34:00,0.3272,0.3272,0.3269,0.3269,708.47
2025-01-18 22:35:00,0.327,0.3271,0.327,0.3271,71.4
2025-01-18 22:36:00,0.327,0.3272,0.327,0.3272,770.56
2025-01-18 22:37:00,0.3271,0.3271,0.3269,0.327,3267.44
2025-01-18 22:38:00,0.327,0.3273,0.327,0.3273,632.97
2025-01-18 22:39:00,0.3274,0.3274,0.3274,0.3274,19.5
2025-01-18 22:40:00,0.3274,0.3275,0.3273,0.3275,1653.27
2025-01-18 22:41:00,0.3273,0.3273,0.3271,0.3271,600.99
2025-01-18 22:42:00,0.3272,0.3272,0.3271,0.3272,3490.81
2025-01-18 22:43:00,0.3271,0.3271,0.3271,0.3271,188.57
2025-01-18 22:44:00,0.3271,0.3271,0.327,0.327,5813.38
2025-01-18 22:45:00,0.327,0.327,0.327,0.327,19.54
2025-01-18 22:46:00,0.327,0.327,0.327,0.327,115.17
2025-01-18 22:47:00,0.3272,0.3272,0.3271,0.3271,153.32
2025-01-18 22:48:00,0.327,0.327,0.327,0.327,19.53
2025-01-18 22:49:00,0.3271,0.3271,0.3271,0.3271,19.5
2025-01-18 22:50:00,0.327,0.3271,0.327,0.3271,559.77
2025-01-18 22:51:00,0.3273,0.3274,0.3271,0.3274,236.84
2025-01-18 22:52:00,0.3273,0.3274,0.3272,0.3274,9758.75
2025-01-18 22:53:00,0.3274,0.3275,0.3274,0.3274,1283.27
2025-01-18 22:54:00,0.3275,0.3275,0.3275,0.3275,25.48
2025-01-18 22:55:00,0.3276,0.3276,0.327,0.327,31312.76
2025-01-18 22:56:00,0.3271,0.3271,0.327,0.327,5185.11
2025-01-18 22:57:00,0.327,0.327,0.3269,0.3269,311.1
2025-01-18 22:58:00,0.3265,0.3265,0.3264,0.3264,306.33
2025-01-18 22:59:00,0.3263,0.3263,0.3263,0.3263,667.17
2025-01-18 23:00:00,0.3263,0.3263,0.3261,0.3263,12340.9
2025-01-18 23:01:00,0.3263,0.3264,0.3263,0.3264,576.64
2025-01-18 23:02:00,0.3263,0.3266,0.3263,0.3266,9929.13
2025-01-18 23:03:00,0.3266,0.3266,0.3266,0.3266,26811.09
2025-01-18 23:04:00,0.3267,0.3267,0.3261,0.3261,6554.2
2025-01-18 23:05:00,0.3261,0.3267,0.326,0.3267,15433.92
2025-01-18 23:06:00,0.3265,0.3267,0.3264,0.3266,32601.4
2025-01-18 23:07:00,0.3266,0.3266,0.3264,0.3264,20531.04
2025-01-18 23:08:00,0.3263,0.3266,0.3263,0.3266,406.57
2025-01-18 23:09:00,0.3268,0.327,0.3268,0.3269,16962.17
2025-01-18 23:10:00,0.3269,0.3269,0.3263,0.3263,9128.85
2025-01-18 23:11:00,0.3264,0.3266,0.3263,0.3263,2454.79
2025-01-18 23:12:00,0.3263,0.3264,0.3261,0.3261,2698.52
2025-01-18 23:13:00,0.326,0.3263,0.326,0.3263,11846.88
2025-01-18 23:14:00,0.3264,0.3265,0.3264,0.3265,306.63
2025-01-18 23:15:00,0.3264,0.3264,0.3261,0.3263,3287.35
2025-01-18 23:16:00,0.3266,0.3273,0.3266,0.3271,45781.27
2025-01-18 23:17:00,0.3272,0.3277,0.3272,0.3277,4999.08
2025-01-18 23:18:00,0.3277,0.3279,0.3276,0.3279,587.08
2025-01-18 23:19:00,0.3279,0.3279,0.3274,0.3275,9865.19
2025-01-18 23:20:00,0.3276,0.3283,0.3276,0.3283,17998.4
2025-01-18 23:21:00,0.3284,0.3288,0.3284,0.3287,1932.05
2025-01-18 23:22:00,0.3289,0.3291,0.3288,0.3291,7570.42
2025-01-18 23:23:00,0.329,0.3293,0.329,0.3293,11199.09
2025-01-18 23:24:00,0.3294,0.3296,0.3289,0.3289,20883.73
2025-01-18 23:25:00,0.3288,0.3291,0.3288,0.3291,4459.34
2025-01-18 23:26:00,0.3292,0.3297,0.3292,0.3297,9240.53
2025-01-18 23:27:00,0.3296,0.3298,0.3296,0.3298,502.03
2025-01-18 23:28:00,0.3299,0.33,0.3299,0.3299,777.15
2025-01-18 23:29:00,0.3299,0.3307,0.3299,0.3306,10577.59
2025-01-18 23:30:00,0.3306,0.3306,0.3303,0.3306,5571.02
2025-01-18 23:31:00,0.3302,0.331,0.3302,0.3308,13067.83
2025-01-18 23:32:00,0.3309,0.3318,0.3309,0.3317,22802.01
2025-01-18 23:33:00,0.3317,0.3318,0.3314,0.3318,15494.38
2025-01-18 23:34:00,0.3318,0.3318,0.3314,0.3314,21878.55
2025-01-18 23:35:00,0.3314,0.3314,0.3305,0.3306,9562.82
2025-01-18 23:36:00,0.331,0.3313,0.3308,0.3312,57445.19
2025-01-18 23:37:00,0.3314,0.3316,0.331,0.331,6791.14
2025-01-18 23:38:00,0.3312,0.3316,0.3312,0.3316,10088.88
2025-01-18 23:39:00,0.3313,0.3319,0.3312,0.3319,2668.42
2025-01-18 23:40:00,0.3318,0.3323,0.3318,0.3323,32302.11
2025-01-18 23:41:00,0.3321,0.3321,0.331,0.3312,17442.37
2025-01-18 23:42:00,0.3312,0.3318,0.3312,0.3316,30740.16
2025-01-18 23:43:00,0.3315,0.3321,0.3315,0.3319,3110.39
2025-01-18 23:44:00,0.3319,0.3319,0.3317,0.3318,9024.93
2025-01-18 23:45:00,0.332,0.332,0.3316,0.3316,4020.06
2025-01-18 23:46:00,0.3317,0.332,0.3317,0.3319,2339.27
2025-01-18 23:47:00,0.3316,0.3318,0.3316,0.3318,465.93
2025-01-18 23:48:00,0.3319,0.332,0.3316,0.332,7742.51
2025-01-18 23:49:00,0.3319,0.3321,0.3317,0.332,18222.49
2025-01-18 23:50:00,0.3321,0.3321,0.3316,0.3316,18717.96
2025-01-18 23:51:00,0.3314,0.3314,0.3312,0.3312,5179.15
2025-01-18 23:52:00,0.3317,0.3318,0.3311,0.3312,5656.13
2025-01-18 23:53:00,0.3313,0.3315,0.3313,0.3315,9658.62
2025-01-18 23:54:00,0.3313,0.3315,0.3311,0.3315,4519.37
2025-01-18 23:55:00,0.3313,0.3313,0.3308,0.3308,5548.86
2025-01-18 23:56:00,0.3308,0.3312,0.3308,0.3311,7879.27
2025-01-18 23:57:00,0.331,0.3312,0.3309,0.3312,4604.49
2025-01-18 23:58:00,0.3308,0.3308,0.3308,0.3308,799.98
2025-01-18 23:59:00,0.3306,0.3306,0.3305,0.3306,3676.06
2025-01-19 00:00:00,0.3305,0.3305,0.3297,0.3298,26283.1
2025-01-19 00:01:00,0.3299,0.3303,0.3298,0.3298,45420.16
2025-01-19 00:02:00,0.3297,0.3299,0.3295,0.3295,23721.2
2025-01-19 00:03:00,0.3294,0.3299,0.3294,0.3296,16658.8
2025-01-19 00:04:00,0.3295,0.3295,0.3293,0.3295,2158.26
2025-01-19 00:05:00,0.3296,0.3303,0.3296,0.3302,7047.67
2025-01-19 00:06:00,0.3303,0.3306,0.3298,0.3301,5167.41
2025-01-19 00:07:00,0.33,0.3302,0.33,0.3302,1159.9
2025-01-19 00:08:00,0.3302,0.3306,0.3302,0.3306,936.2
2025-01-19 00:09:00,0.3307,0.331,0.3306,0.3307,9589.53
2025-01-19 00:10:00,0.3303,0.3304,0.33,0.33,6607.78
2025-01-19 00:11:00,0.3302,0.3304,0.33,0.3301,13489.32
2025-01-19 00:12:00,0.3302,0.3302,0.3299,0.33,15129.62
2025-01-19 00:13:00,0.3301,0.3305,0.3301,0.3303,5134.97
2025-01-19 00:14:00,0.3302,0.3302,0.3296,0.3298,5110.19
2025-01-19 00:15:00,0.3296,0.3303,0.3296,0.3303,2464.66
2025-01-19 00:16:00,0.3309,0.3312,0.3309,0.3312,6073.57
2025-01-19 00:17:00,0.3316,0.3322,0.3315,0.3321,10933.14
2025-01-19 00:18:00,0.3321,0.3324,0.3318,0.3323,71963.87
2025-01-19 00:19:00,0.3322,0.3325,0.3317,0.3324,141915.77
2025-01-19 00:20:00,0.3324,0.333,0.3324,0.3326,41761.21
2025-01-19 00:21:00,0.3324,0.3334,0.3324,0.3334,16102.49
2025-01-19 00:22:00,0.3336,0.3338,0.3332,0.3333,25523.32
2025-01-19 00:23:00,0.3334,0.3335,0.333,0.3333,22900.99
2025-01-19 00:24:00,0.3332,0.3333,0.3326,0.3327,22293.59
2025-01-19 00:25:00,0.3326,0.3327,0.3325,0.3326,36328.15
2025-01-19 00:26:00,0.3327,0.3331,0.3327,0.3331,4386.25
2025-01-19 00:27:00,0.3329,0.3329,0.3327,0.3327,19627.32
2025-01-19 00:28:00,0.3328,0.3328,0.3325,0.3325,3205.2
2025-01-19 00:29:00,0.3324,0.3331,0.3324,0.333,3345.79
2025-01-19 00:30:00,0.3331,0.3332,0.3329,0.3332,3088.58
2025-01-19 00:31:00,0.3336,0.3338,0.3333,0.3333,13569.01
2025-01-19 00:32:00,0.3334,0.3337,0.3331,0.3332,12158.39
2025-01-19 00:33:00,0.3334,0.3334,0.3329,0.3329,3194.96
2025-01-19 00:34:00,0.333,0.3332,0.333,0.3331,3235.25
2025-01-19 00:35:00,0.3329,0.333,0.3326,0.3326,3087.61
2025-01-19 00:36:00,0.3323,0.3323,0.3319,0.3319,536.42
2025-01-19 00:37:00,0.332,0.332,0.3318,0.3319,6002.84
2025-01-19 00:38:00,0.3319,0.3319,0.3318,0.3318,5437.92
2025-01-19 00:39:00,0.3319,0.3322,0.3319,0.3321,7585.68
2025-01-19 00:40:00,0.332,0.3322,0.332,0.3321,3411.52
2025-01-19 00:41:00,0.3323,0.3325,0.3323,0.3324,6508.09
2025-01-19 00:42:00,0.3322,0.3325,0.3322,0.3325,938.9
2025-01-19 00:43:00,0.333,0.3331,0.333,0.3331,109.19
2025-01-19 00:44:00,0.3332,0.3332,0.3329,0.3329,828.37
2025-01-19 00:45:00,0.333,0.3335,0.3329,0.3335,6169.7
2025-01-19 00:46:00,0.3337,0.3338,0.3337,0.3338,5684.24
2025-01-19 00:47:00,0.3338,0.3339,0.3338,0.3338,3544.54
2025-01-19 00:48:00,0.3339,0.3339,0.333,0.333,5776.76
2025-01-19 00:49:00,0.333,0.333,0.3329,0.333,2700.97
2025-01-19 00:50:00,0.3327,0.3336,0.3327,0.3336,20250.87
2025-01-19 00:51:00,0.3336,0.3337,0.3333,0.3335,6759.92
2025-01-19 00:52:00,0.3333,0.3335,0.3332,0.3335,2804.7
2025-01-19 00:53:00,0.3336,0.3337,0.3334,0.3334,2448.48
2025-01-19 00:54:00,0.3333,0.3333,0.3329,0.333,4526.23
2025-01-19 00:55:00,0.333,0.3335,0.333,0.3334,12499.42
2025-01-19 00:56:00,0.3332,0.3332,0.3329,0.333,3455.38
2025-01-19 00:57:00,0.3328,0.3329,0.3325,0.3325,6600.78
2025-01-19 00:58:00,0.3331,0.3333,0.3331,0.3333,986.09
2025-01-19 00:59:00,0.3331,0.3331,0.3326,0.3328,3573.45
2025-01-19 01:00:00,0.3329,0.333,0.3326,0.333,7845.96
2025-01-19 01:01:00,0.3329,0.3332,0.3328,0.3329,26616.77
2025-01-19 01:02:00,0.333,0.334,0.333,0.334,843.43
2025-01-19 01:03:00,0.3342,0.3345,0.334,0.3345,11537.99
2025-01-19 01:04:00,0.3345,0.3345,0.3343,0.3344,8872.54
2025-01-19 01:05:00,0.3344,0.335,0.3344,0.335,20462.97
2025-01-19 01:06:00,0.3348,0.335,0.3342,0.335,33255.06
2025-01-19 01:07:00,0.335,0.3353,0.3349,0.3353,9699.76
2025-01-19 01:08:00,0.3353,0.3359,0.335,0.3358,6451.35
2025-01-19 01:09:00,0.336,0.3367,0.336,0.3365,22955.37
2025-01-19 01:10:00,0.3367,0.3371,0.3363,0.3371,15496.26
2025-01-19 01:11:00,0.3372,0.3378,0.3372,0.3378,21503.71
2025-01-19 01:12:00,0.3378,0.338,0.3377,0.3378,20972.36
2025-01-19 01:13:00,0.3377,0.3382,0.3377,0.3381,38359.08
2025-01-19 01:14:00,0.3381,0.3385,0.3364,0.3366,83538.79
2025-01-19 01:15:00,0.3367,0.3369,0.3365,0.3368,18934.86
2025-01-19 01:16:00,0.3367,0.3367,0.3355,0.3358,27326.91
2025-01-19 01:17:00,0.3359,0.3363,0.3355,0.3363,13790.15
2025-01-19 01:18:00,0.3363,0.3364,0.3355,0.3355,14706.58
2025-01-19 01:19:00,0.3356,0.3362,0.3356,0.3359,19587.42
2025-01-19 01:20:00,0.3359,0.3367,0.3359,0.3363,15590.03
2025-01-19 01:21:00,0.3364,0.3365,0.3356,0.3356,9707.94
2025-01-19 01:22:00,0.3355,0.336,0.3355,0.3355,14472.05
2025-01-19 01:23:00,0.3358,0.3358,0.3353,0.3353,703.24
2025-01-19 01:24:00,0.3353,0.3358,0.3353,0.3354,4953.17
2025-01-19 01:25:00,0.3354,0.3356,0.3346,0.335,25756.83
2025-01-19 01:26:00,0.3349,0.3353,0.3346,0.3348,33238.68
2025-01-19 01:27:00,0.3348,0.335,0.3346,0.3347,15706.73
2025-01-19 01:28:00,0.3351,0.3352,0.335,0.3352,20235.94
2025-01-19 01:29:00,0.3351,0.3354,0.3351,0.3352,14673.94
2025-01-19 01:30:00,0.3352,0.3359,0.3352,0.3353,43325.3
2025-01-19 01:31:00,0.3351,0.3352,0.3347,0.3347,20801.24
2025-01-19 01:32:00,0.3348,0.3351,0.3348,0.3351,11182.64
2025-01-19 01:33:00,0.3351,0.3353,0.3347,0.3347,9011.51
2025-01-19 01:34:00,0.3346,0.3351,0.3343,0.335,14180.84
2025-01-19 01:35:00,0.3353,0.3354,0.3351,0.3354,9717.81
2025-01-19 01:36:00,0.3354,0.3354,0.3347,0.3347,13273.69
2025-01-19 01:37:00,0.3348,0.3349,0.3346,0.3348,3704.33
2025-01-19 01:38:00,0.3349,0.3358,0.3349,0.3358,14041.49
2025-01-19 01:39:00,0.3357,0.3357,0.3357,0.3357,894.5
2025-01-19 01:40:00,0.3357,0.3362,0.3356,0.3362,2675.18
2025-01-19 01:41:00,0.3363,0.3363,0.3359,0.3362,10456.31
2025-01-19 01:42:00,0.3362,0.3366,0.3362,0.3366,4692.54
2025-01-19 01:43:00,0.3367,0.3367,0.3365,0.3366,2828.87
2025-01-19 01:44:00,0.3367,0.3367,0.3365,0.3365,10310.01
2025-01-19 01:45:00,0.3366,0.3375,0.3366,0.3375,9868.87
2025-01-19 01:46:00,0.3376,0.3376,0.3369,0.3375,16156.89
2025-01-19 01:47:00,0.3377,0.3378,0.3373,0.3375,14097.77
2025-01-19 01:48:00,0.3376,0.3378,0.3376,0.3377,6923.34
2025-01-19 01:49:00,0.3377,0.3378,0.3375,0.3377,8617.32
2025-01-19 01:50:00,0.3377,0.338,0.3377,0.338,5526.16
2025-01-19 01:51:00,0.3381,0.3382,0.3376,0.3376,9959.9
2025-01-19 01:52:00,0.3377,0.3381,0.3376,0.338,5046.06
2025-01-19 01:53:00,0.338,0.3383,0.338,0.3382,19550.16
2025-01-19 01:54:00,0.3383,0.3385,0.3382,0.3382,67210.9
2025-01-19 01:55:00,0.3382,0.3382,0.3379,0.338,58248.45
2025-01-19 01:56:00,0.338,0.3384,0.338,0.3384,9043.64
2025-01-19 01:57:00,0.3385,0.3386,0.3379,0.3379,6225.67
2025-01-19 01:58:00,0.3379,0.3382,0.3379,0.3382,6837.28
2025-01-19 01:59:00,0.3381,0.3385,0.338,0.3384,10920.31
2025-01-19 02:00:00,0.3385,0.3386,0.3383,0.3383,9126.15
2025-01-19 02:01:00,0.3382,0.3382,0.3378,0.3378,5376.83
2025-01-19 02:02:00,0.3379,0.338,0.3377,0.338,8565.88
2025-01-19 02:03:00,0.3381,0.3384,0.3377,0.3384,6994.5
2025-01-19 02:04:00,0.3385,0.339,0.3385,0.3387,14342.4
2025-01-19 02:05:00,0.3387,0.3387,0.3379,0.3379,27878.79
2025-01-19 02:06:00,0.338,0.3388,0.338,0.3384,10455.53
2025-01-19 02:07:00,0.3384,0.3389,0.3384,0.3389,15684.93
2025-01-19 02:08:00,0.3391,0.3391,0.3387,0.3389,13717.68
2025-01-19 02:09:00,0.3389,0.3389,0.3382,0.3382,9293.01
2025-01-19 02:10:00,0.3381,0.3381,0.3378,0.3379,12181.07
2025-01-19 02:11:00,0.3379,0.3379,0.3375,0.3375,11729.97
2025-01-19 02:12:00,0.3376,0.3378,0.3376,0.3377,3556.27
2025-01-19 02:13:00,0.3378,0.3378,0.3376,0.3376,1831.04
2025-01-19 02:14:00,0.3376,0.3381,0.3376,0.3381,2225.42
2025-01-19 02:15:00,0.338,0.338,0.3377,0.3377,2963.4
2025-01-19 02:16:00,0.3375,0.3382,0.3375,0.3382,697.86
2025-01-19 02:17:00,0.3386,0.3387,0.3382,0.3382,9600.76
2025-01-19 02:18:00,0.338,0.3384,0.338,0.3384,6509.04
2025-01-19 02:19:00,0.3384,0.3384,0.3383,0.3383,1212.8
2025-01-19 02:20:00,0.3385,0.3385,0.3385,0.3385,2821.31
2025-01-19 02:21:00,0.3384,0.3387,0.3384,0.3387,1566.03
2025-01-19 02:22:00,0.3387,0.3389,0.3387,0.3389,3085.85
2025-01-19 02:23:00,0.3389,0.3397,0.3389,0.3394,7561.73
2025-01-19 02:24:00,0.3392,0.3397,0.3387,0.3396,100543.47
2025-01-19 02:25:00,0.3398,0.34,0.3396,0.3399,10043.93
2025-01-19 02:26:00,0.34,0.3402,0.3394,0.3394,10843.89
2025-01-19 02:27:00,0.3392,0.3394,0.3392,0.3393,10296.36
2025-01-19 02:28:00,0.3393,0.3394,0.3393,0.3393,2099.18
2025-01-19 02:29:00,0.3393,0.3395,0.3392,0.3392,5808.29
2025-01-19 02:30:00,0.3392,0.3396,0.3392,0.3393,4916.59
2025-01-19 02:31:00,0.3392,0.3398,0.3391,0.3391,13801.37
2025-01-19 02:32:00,0.3391,0.3391,0.3385,0.3385,5363.59
2025-01-19 02:33:00,0.3386,0.3387,0.3381,0.3384,7316.96
2025-01-19 02:34:00,0.3384,0.3389,0.3384,0.3389,4128.05
2025-01-19 02:35:00,0.3388,0.3388,0.3386,0.3387,6457.0
2025-01-19 02:36:00,0.3387,0.3398,0.3387,0.3396,10643.99
2025-01-19 02:37:00,0.3395,0.3395,0.3392,0.3393,1994.91
2025-01-19 02:38:00,0.3394,0.3398,0.3394,0.3398,1346.23
2025-01-19 02:39:00,0.3404,0.3406,0.3404,0.3405,18602.31
2025-01-19 02:40:00,0.3405,0.3409,0.3405,0.3409,17181.14
2025-01-19 02:41:00,0.3408,0.3413,0.3408,0.3413,590.8
2025-01-19 02:42:00,0.3412,0.3415,0.3411,0.3415,56404.9
2025-01-19 02:43:00,0.3414,0.3416,0.3413,0.3415,5848.45
2025-01-19 02:44:00,0.3416,0.3416,0.3412,0.3412,2586.51
2025-01-19 02:45:00,0.341,0.341,0.3405,0.3405,2972.01
2025-01-19 02:46:00,0.3405,0.3407,0.3404,0.3404,43497.12
2025-01-19 02:47:00,0.3405,0.3409,0.3405,0.3409,1546.69
2025-01-19 02:48:00,0.3404,0.3405,0.3397,0.3398,12489.09
2025-01-19 02:49:00,0.3398,0.3398,0.3391,0.3391,3540.63
2025-01-19 02:50:00,0.3391,0.3393,0.3388,0.3393,32343.72
2025-01-19 02:51:00,0.3393,0.3393,0.3391,0.3393,533.6
2025-01-19 02:52:00,0.3395,0.3398,0.3395,0.3398,2521.58
2025-01-19 02:53:00,0.3398,0.3399,0.3398,0.3399,2674.33
2025-01-19 02:54:00,0.3398,0.3399,0.3395,0.3395,4132.28
2025-01-19 02:55:00,0.3396,0.3399,0.3395,0.3397,7312.25
2025-01-19 02:56:00,0.3397,0.3397,0.3392,0.3392,8436.99
2025-01-19 02:57:00,0.3393,0.3393,0.3389,0.3391,7882.99
2025-01-19 02:58:00,0.339,0.339,0.3385,0.3385,23909.1
2025-01-19 02:59:00,0.3384,0.3384,0.3379,0.3384,31064.05
2025-01-19 03:00:00,0.3385,0.3385,0.3375,0.3375,6727.07
2025-01-19 03:01:00,0.3376,0.3379,0.3375,0.3375,16437.88
2025-01-19 03:02:00,0.3376,0.3387,0.3376,0.3385,22168.24
2025-01-19 03:03:00,0.3385,0.3386,0.3378,0.3378,16023.48
2025-01-19 03:04:00,0.3376,0.3382,0.3376,0.3382,5123.01
2025-01-19 03:05:00,0.3381,0.339,0.338,0.3388,8748.69
2025-01-19 03:06:00,0.3387,0.3388,0.338,0.338,6116.39
2025-01-19 03:07:00,0.3379,0.3379,0.3375,0.3375,2230.61
2025-01-19 03:08:00,0.3376,0.3376,0.3371,0.3371,19125.35
2025-01-19 03:09:00,0.337,0.337,0.3368,0.3368,2545.83
2025-01-19 03:10:00,0.3367,0.3367,0.336,0.336,4189.78
2025-01-19 03:11:00,0.3358,0.3363,0.3357,0.3362,30411.21
2025-01-19 03:12:00,0.3364,0.3364,0.336,0.3362,9766.95
2025-01-19 03:13:00,0.3361,0.3365,0.3361,0.3364,6396.91
2025-01-19 03:14:00,0.3363,0.3364,0.3361,0.3364,14346.16
2025-01-19 03:15:00,0.3365,0.3365,0.3357,0.3359,10810.28
2025-01-19 03:16:00,0.3358,0.3362,0.3358,0.3361,2689.23
2025-01-19 03:17:00,0.3359,0.3361,0.3357,0.3361,130022.13
2025-01-19 03:18:00,0.3361,0.3367,0.3357,0.3367,16516.63
2025-01-19 03:19:00,0.3365,0.3368,0.3364,0.3364,9547.69
2025-01-19 03:20:00,0.3367,0.3373,0.3367,0.3372,7444.99
2025-01-19 03:21:00,0.3372,0.3372,0.3369,0.3369,13905.64
2025-01-19 03:22:00,0.3368,0.337,0.3363,0.3363,5103.77
2025-01-19 03:23:00,0.3364,0.3364,0.3361,0.3361,17778.25
2025-01-19 03:24:00,0.3361,0.3361,0.3351,0.3351,36822.75
2025-01-19 03:25:00,0.3352,0.3354,0.3347,0.3349,25802.92
2025-01-19 03:26:00,0.335,0.3351,0.3346,0.3351,10278.63
2025-01-19 03:27:00,0.3351,0.3351,0.3345,0.3348,5079.5
2025-01-19 03:28:00,0.3348,0.3349,0.3346,0.3347,8035.51
2025-01-19 03:29:00,0.3348,0.3354,0.3348,0.3354,11160.18
2025-01-19 03:30:00,0.3353,0.336,0.3353,0.3359,9867.33
2025-01-19 03:31:00,0.3363,0.3363,0.336,0.336,5807.89
2025-01-19 03:32:00,0.3361,0.3361,0.336,0.336,3913.79
2025-01-19 03:33:00,0.3359,0.3359,0.3352,0.3353,4728.38
2025-01-19 03:34:00,0.3352,0.3352,0.335,0.335,2901.31
2025-01-19 03:35:00,0.3353,0.3353,0.3346,0.3347,8843.53
2025-01-19 03:36:00,0.3346,0.3352,0.3346,0.3352,2612.69
2025-01-19 03:37:00,0.3352,0.3352,0.3345,0.3346,8088.76
2025-01-19 03:38:00,0.3346,0.3349,0.3345,0.3345,5506.47
2025-01-19 03:39:00,0.3345,0.3346,0.3343,0.3344,7228.33
2025-01-19 03:40:00,0.3344,0.3346,0.3341,0.3346,2558.71
2025-01-19 03:41:00,0.3345,0.3345,0.3343,0.3343,3742.96
2025-01-19 03:42:00,0.3343,0.3347,0.3343,0.3347,11592.23
2025-01-19 03:43:00,0.3348,0.3348,0.3343,0.3345,9239.52
2025-01-19 03:44:00,0.3344,0.3346,0.3343,0.3346,13602.43
2025-01-19 03:45:00,0.3345,0.3348,0.3344,0.3348,4443.77
2025-01-19 03:46:00,0.3346,0.3351,0.3346,0.3351,6919.87
2025-01-19 03:47:00,0.3351,0.3363,0.3348,0.3363,23233.15
2025-01-19 03:48:00,0.3361,0.3362,0.336,0.3362,1752.22
2025-01-19 03:49:00,0.3362,0.3368,0.3362,0.3368,4069.52
2025-01-19 03:50:00,0.3369,0.337,0.3366,0.3366,20232.12
2025-01-19 03:51:00,0.3365,0.3369,0.3364,0.3365,5922.72
2025-01-19 03:52:00,0.3364,0.3364,0.336,0.3361,19944.72
2025-01-19 03:53:00,0.3362,0.3362,0.3361,0.3362,3656.1
2025-01-19 03:54:00,0.3361,0.3361,0.336,0.336,13896.7
2025-01-19 03:55:00,0.336,0.3363,0.336,0.336,7081.45
2025-01-19 03:56:00,0.336,0.3361,0.3359,0.3359,392.19
2025-01-19 03:57:00,0.3359,0.3359,0.3348,0.3348,9959.15
2025-01-19 03:58:00,0.3347,0.3349,0.3347,0.3347,5702.28
2025-01-19 03:59:00,0.3346,0.3346,0.3343,0.3343,7079.31
2025-01-19 04:00:00,0.3345,0.3345,0.3338,0.3338,10499.22
2025-01-19 04:01:00,0.3337,0.3337,0.333,0.3332,21096.42
2025-01-19 04:02:00,0.3332,0.3337,0.3332,0.3337,17423.24
2025-01-19 04:03:00,0.3339,0.3339,0.3331,0.3331,6503.74
2025-01-19 04:04:00,0.3333,0.3336,0.3331,0.3335,9210.8
2025-01-19 04:05:00,0.3335,0.3335,0.3331,0.3335,3726.21
2025-01-19 04:06:00,0.3335,0.3342,0.3332,0.3333,37380.18
2025-01-19 04:07:00,0.3338,0.3342,0.3338,0.334,178087.05
2025-01-19 04:08:00,0.3342,0.3342,0.3334,0.3334,6878.41
2025-01-19 04:09:00,0.3334,0.3335,0.3326,0.3327,48341.9
2025-01-19 04:10:00,0.3327,0.3328,0.3325,0.3325,15790.81
2025-01-19 04:11:00,0.3325,0.3325,0.3322,0.3323,8554.5
2025-01-19 04:12:00,0.3322,0.3325,0.3321,0.3323,8176.1
2025-01-19 04:13:00,0.3324,0.334,0.3323,0.334,16519.77
2025-01-19 04:14:00,0.3341,0.3342,0.3335,0.3335,28601.23
2025-01-19 04:15:00,0.3339,0.3345,0.3337,0.3339,31785.48
2025-01-19 04:16:00,0.3342,0.3345,0.3327,0.333,39905.13
2025-01-19 04:17:00,0.3334,0.3337,0.3317,0.3317,68809.34
2025-01-19 04:18:00,0.332,0.3322,0.3309,0.3313,111892.09
2025-01-19 04:19:00,0.3316,0.3331,0.3314,0.3317,60533.01
2025-01-19 04:20:00,0.3318,0.3324,0.3315,0.3324,17921.67
2025-01-19 04:21:00,0.3327,0.3335,0.3327,0.3327,7933.78
2025-01-19 04:22:00,0.3328,0.3335,0.3326,0.3328,15337.77
2025-01-19 04:23:00,0.3327,0.3333,0.3324,0.3332,69166.22
2025-01-19 04:24:00,0.3332,0.3336,0.3332,0.3336,24256.97
2025-01-19 04:25:00,0.3339,0.3346,0.3339,0.3346,15878.78
2025-01-19 04:26:00,0.3346,0.3346,0.3331,0.3332,27264.14
2025-01-19 04:27:00,0.3331,0.3331,0.3324,0.3324,5183.34
2025-01-19 04:28:00,0.3323,0.3332,0.3322,0.333,14967.41
2025-01-19 04:29:00,0.333,0.3335,0.3325,0.3326,23592.97
2025-01-19 04:30:00,0.3323,0.3323,0.3312,0.3312,17556.6
2025-01-19 04:31:00,0.3311,0.3313,0.3308,0.331,17362.72
2025-01-19 04:32:00,0.3312,0.3315,0.3302,0.3308,28745.09
2025-01-19 04:33:00,0.331,0.3311,0.3303,0.3303,15718.34
2025-01-19 04:34:00,0.3302,0.3307,0.3299,0.3307,16923.52
2025-01-19 04:35:00,0.3308,0.3316,0.3308,0.3316,113968.29
2025-01-19 04:36:00,0.3315,0.3316,0.3309,0.3316,33356.63
2025-01-19 04:37:00,0.3315,0.332,0.3314,0.3318,6907.71
2025-01-19 04:38:00,0.3316,0.3323,0.3314,0.3323,13778.6
2025-01-19 04:39:00,0.3324,0.3324,0.332,0.3324,13592.45
2025-01-19 04:40:00,0.3323,0.3323,0.3313,0.3313,11565.13
2025-01-19 04:41:00,0.3315,0.3315,0.3308,0.3309,10372.98
2025-01-19 04:42:00,0.3309,0.3316,0.3307,0.3316,2558.48
2025-01-19 04:43:00,0.3316,0.3317,0.3313,0.3316,12680.22
2025-01-19 04:44:00,0.3315,0.3315,0.3305,0.331,7472.24
2025-01-19 04:45:00,0.331,0.3311,0.3304,0.3306,15138.52
2025-01-19 04:46:00,0.3307,0.3313,0.3302,0.3313,15863.81
2025-01-19 04:47:00,0.3314,0.3321,0.3314,0.3318,32205.15
2025-01-19 04:48:00,0.3319,0.3322,0.3317,0.3321,30329.07
2025-01-19 04:49:00,0.3318,0.3319,0.3311,0.3313,18483.64
2025-01-19 04:50:00,0.332,0.3321,0.3315,0.3315,21403.87
2025-01-19 04:51:00,0.3314,0.3315,0.3304,0.3306,17647.91
2025-01-19 04:52:00,0.3308,0.3317,0.3307,0.3317,11356.94
2025-01-19 04:53:00,0.3313,0.3315,0.3311,0.3313,8556.44
2025-01-19 04:54:00,0.3312,0.3314,0.3308,0.3311,39830.18
2025-01-19 04:55:00,0.3309,0.3309,0.3301,0.3304,12677.26
2025-01-19 04:56:00,0.3303,0.3303,0.3297,0.33,5468.74
2025-01-19 04:57:00,0.3298,0.3306,0.3297,0.3305,6804.93
2025-01-19 04:58:00,0.3307,0.3307,0.3298,0.3298,52809.34
2025-01-19 04:59:00,0.3301,0.3301,0.3297,0.3298,11137.8
2025-01-19 05:00:00,0.3297,0.3302,0.3292,0.3302,35891.16
2025-01-19 05:01:00,0.3304,0.3306,0.3294,0.3297,12081.09
2025-01-19 05:02:00,0.3294,0.3297,0.329,0.3292,22925.92
2025-01-19 05:03:00,0.3293,0.3299,0.329,0.329,30940.08
2025-01-19 05:04:00,0.3291,0.3295,0.3285,0.3285,32133.07
2025-01-19 05:05:00,0.3285,0.3287,0.328,0.3285,92896.66
2025-01-19 05:06:00,0.3283,0.3294,0.3281,0.3293,37634.39
2025-01-19 05:07:00,0.3296,0.33,0.3294,0.3294,8170.0
2025-01-19 05:08:00,0.3294,0.3296,0.3289,0.329,23298.64
2025-01-19 05:09:00,0.3291,0.3291,0.3279,0.3282,47602.88
2025-01-19 05:10:00,0.3284,0.3285,0.3279,0.3279,5424.84
2025-01-19 05:11:00,0.3278,0.3279,0.3275,0.3278,40847.52
2025-01-19 05:12:00,0.3276,0.328,0.3276,0.328,23916.45
2025-01-19 05:13:00,0.3285,0.3285,0.327,0.3271,41436.41
2025-01-19 05:14:00,0.3272,0.3274,0.3271,0.3272,13226.05
2025-01-19 05:15:00,0.327,0.3272,0.3267,0.3271,22499.93
2025-01-19 05:16:00,0.3268,0.3282,0.3268,0.3282,42088.49
2025-01-19 05:17:00,0.3282,0.3282,0.3272,0.3272,1070.24
2025-01-19 05:18:00,0.3273,0.3275,0.327,0.3273,16809.75
2025-01-19 05:19:00,0.327,0.3276,0.3268,0.3276,10031.95
2025-01-19 05:20:00,0.3276,0.3285,0.3276,0.3283,57509.86
2025-01-19 05:21:00,0.3282,0.3292,0.3282,0.329,9651.17
2025-01-19 05:22:00,0.3294,0.3297,0.3294,0.3297,9261.05
2025-01-19 05:23:00,0.3296,0.3299,0.3296,0.3297,6988.67
2025-01-19 05:24:00,0.3297,0.3298,0.3295,0.3298,231.26
2025-01-19 05:25:00,0.3299,0.3299,0.3295,0.3298,7579.28
2025-01-19 05:26:00,0.3297,0.3299,0.3294,0.3294,11298.08
2025-01-19 05:27:00,0.3292,0.3297,0.3292,0.3297,12264.89
2025-01-19 05:28:00,0.3296,0.3296,0.3292,0.3292,11623.38
2025-01-19 05:29:00,0.3295,0.3296,0.3294,0.3296,6623.96
2025-01-19 05:30:00,0.3295,0.3297,0.3292,0.3293,8160.93
2025-01-19 05:31:00,0.3293,0.3294,0.3284,0.3284,5379.06
2025-01-19 05:32:00,0.3283,0.3284,0.3281,0.3281,1683.37
2025-01-19 05:33:00,0.3283,0.3284,0.3282,0.3283,9206.42
2025-01-19 05:34:00,0.3283,0.3283,0.328,0.328,3112.92
2025-01-19 05:35:00,0.3277,0.3278,0.3277,0.3278,6796.73
2025-01-19 05:36:00,0.3282,0.3286,0.3282,0.3286,2926.27
2025-01-19 05:37:00,0.3286,0.3286,0.3284,0.3284,1689.03
2025-01-19 05:38:00,0.3284,0.3289,0.3283,0.3287,10322.67
2025-01-19 05:39:00,0.3288,0.3288,0.3281,0.3281,2881.52
2025-01-19 05:40:00,0.3281,0.3282,0.3276,0.3278,6148.5
2025-01-19 05:41:00,0.3276,0.3277,0.3273,0.3273,12044.8
2025-01-19 05:42:00,0.3273,0.3279,0.3272,0.3279,14614.16
2025-01-19 05:43:00,0.3279,0.3279,0.3274,0.3277,10754.51
2025-01-19 05:44:00,0.3276,0.3279,0.3273,0.3279,11450.98
2025-01-19 05:45:00,0.3279,0.3284,0.3279,0.3283,21358.64
2025-01-19 05:46:00,0.3281,0.3281,0.3273,0.3273,3337.96
2025-01-19 05:47:00,0.3272,0.3272,0.3268,0.3269,3882.17
2025-01-19 05:48:00,0.327,0.327,0.3266,0.3268,11093.65
2025-01-19 05:49:00,0.3269,0.328,0.3269,0.328,10484.2
2025-01-19 05:50:00,0.3281,0.329,0.3281,0.329,7887.73
2025-01-19 05:51:00,0.3287,0.3292,0.3287,0.3292,3816.35
2025-01-19 05:52:00,0.3293,0.3293,0.3291,0.3291,3344.15
2025-01-19 05:53:00,0.329,0.3291,0.3289,0.3291,153.89
2025-01-19 05:54:00,0.3294,0.3294,0.3292,0.3293,4825.7
2025-01-19 05:55:00,0.3296,0.33,0.3295,0.33,41605.78
2025-01-19 05:56:00,0.3301,0.3303,0.3299,0.3303,27275.93
2025-01-19 05:57:00,0.3302,0.3302,0.3298,0.3301,6500.12
2025-01-19 05:58:00,0.33,0.3301,0.3298,0.33,3134.89
2025-01-19 05:59:00,0.3301,0.3303,0.3299,0.3303,6109.07
2025-01-19 06:00:00,0.3303,0.3303,0.3297,0.3297,22644.39
2025-01-19 06:01:00,0.3296,0.3299,0.3292,0.3292,39097.92
2025-01-19 06:02:00,0.3294,0.3296,0.3292,0.3292,12108.67
2025-01-19 06:03:00,0.3291,0.3291,0.3284,0.3284,8754.49
2025-01-19 06:04:00,0.3284,0.3285,0.3279,0.3283,10817.07
2025-01-19 06:05:00,0.3285,0.3287,0.3282,0.3286,23840.08
2025-01-19 06:06:00,0.3286,0.3286,0.3279,0.328,11025.82
2025-01-19 06:07:00,0.3281,0.3286,0.3281,0.3286,13547.81
2025-01-19 06:08:00,0.3288,0.3289,0.3286,0.3286,21840.66
2025-01-19 06:09:00,0.3287,0.3291,0.3285,0.3291,5168.96
2025-01-19 06:10:00,0.3292,0.3292,0.3283,0.3286,19990.89
2025-01-19 06:11:00,0.3286,0.3288,0.3284,0.3286,14877.17
2025-01-19 06:12:00,0.3287,0.329,0.3287,0.3288,1986.78
2025-01-19 06:13:00,0.3285,0.3286,0.3282,0.3286,2702.94
2025-01-19 06:14:00,0.3283,0.3286,0.3277,0.3279,409736.5
2025-01-19 06:15:00,0.3278,0.3282,0.3267,0.3271,414790.53
2025-01-19 06:16:00,0.327,0.3271,0.3268,0.3269,50724.5
2025-01-19 06:17:00,0.3269,0.3273,0.3269,0.3269,35707.33
2025-01-19 06:18:00,0.3267,0.3267,0.3264,0.3264,20287.12
2025-01-19 06:19:00,0.3263,0.3266,0.326,0.3261,32746.76
2025-01-19 06:20:00,0.3261,0.3264,0.326,0.3264,18696.18
2025-01-19 06:21:00,0.3265,0.3268,0.3261,0.3261,46436.7
2025-01-19 06:22:00,0.326,0.3264,0.3259,0.3263,18556.66
2025-01-19 06:23:00,0.3264,0.3264,0.326,0.326,13202.18
2025-01-19 06:24:00,0.326,0.3262,0.3258,0.3262,9396.85
2025-01-19 06:25:00,0.3262,0.3263,0.326,0.3261,12423.35
2025-01-19 06:26:00,0.326,0.3265,0.326,0.3264,49796.94
