timestamp,open,high,low,close,volume
2025-01-13 00:00:00,1.456,1.456,1.45,1.452,3470.05
2025-01-13 00:01:00,1.453,1.453,1.451,1.451,1093.11
2025-01-13 00:02:00,1.454,1.454,1.454,1.454,115.84
2025-01-13 00:03:00,1.454,1.455,1.454,1.454,63.77
2025-01-13 00:04:00,1.454,1.454,1.454,1.454,189.89
2025-01-13 00:05:00,1.456,1.456,1.454,1.455,399.03
2025-01-13 00:06:00,1.456,1.457,1.455,1.456,1851.91
2025-01-13 00:07:00,1.457,1.457,1.456,1.457,17.2
2025-01-13 00:08:00,1.457,1.458,1.457,1.458,21.0
2025-01-13 00:09:00,1.457,1.457,1.456,1.456,352.64
2025-01-13 00:10:00,1.455,1.456,1.454,1.454,2101.81
2025-01-13 00:11:00,1.455,1.455,1.455,1.455,27.67
2025-01-13 00:12:00,1.454,1.454,1.453,1.453,254.63
2025-01-13 00:13:00,1.455,1.455,1.455,1.455,168.89
2025-01-13 00:14:00,1.454,1.454,1.454,1.454,40.98
2025-01-13 00:15:00,1.456,1.456,1.456,1.456,114.54
2025-01-13 00:16:00,1.456,1.458,1.456,1.457,231.08
2025-01-13 00:17:00,1.457,1.457,1.455,1.455,410.91
2025-01-13 00:18:00,1.456,1.456,1.456,1.456,414.78
2025-01-13 00:19:00,1.458,1.458,1.457,1.457,24.26
2025-01-13 00:20:00,1.457,1.457,1.456,1.456,163.67
2025-01-13 00:21:00,1.455,1.455,1.454,1.454,149.31
2025-01-13 00:22:00,1.455,1.457,1.455,1.457,658.11
2025-01-13 00:23:00,1.458,1.461,1.458,1.461,509.86
2025-01-13 00:24:00,1.461,1.461,1.46,1.461,1291.72
2025-01-13 00:25:00,1.462,1.463,1.462,1.463,150.49
2025-01-13 00:26:00,1.462,1.466,1.462,1.466,344.17
2025-01-13 00:27:00,1.466,1.469,1.466,1.469,704.38
2025-01-13 00:28:00,1.472,1.478,1.472,1.473,2755.3
2025-01-13 00:29:00,1.474,1.476,1.474,1.475,946.19
2025-01-13 00:30:00,1.474,1.479,1.474,1.479,347.94
2025-01-13 00:31:00,1.479,1.483,1.479,1.483,1543.63
2025-01-13 00:32:00,1.483,1.488,1.483,1.485,7419.23
2025-01-13 00:33:00,1.483,1.486,1.483,1.486,1669.19
2025-01-13 00:34:00,1.487,1.489,1.487,1.489,23651.62
2025-01-13 00:35:00,1.488,1.491,1.488,1.489,497.96
2025-01-13 00:36:00,1.49,1.492,1.489,1.491,591.67
2025-01-13 00:37:00,1.492,1.492,1.491,1.491,81.17
2025-01-13 00:38:00,1.49,1.49,1.488,1.488,503.96
2025-01-13 00:39:00,1.492,1.493,1.489,1.489,321.21
2025-01-13 00:40:00,1.489,1.49,1.489,1.489,57.67
2025-01-13 00:41:00,1.49,1.491,1.488,1.489,895.21
2025-01-13 00:42:00,1.491,1.492,1.489,1.489,258.51
2025-01-13 00:43:00,1.488,1.49,1.488,1.488,111.9
2025-01-13 00:44:00,1.489,1.489,1.486,1.488,900.7
2025-01-13 00:45:00,1.488,1.488,1.484,1.485,1745.12
2025-01-13 00:46:00,1.484,1.485,1.482,1.485,733.46
2025-01-13 00:47:00,1.485,1.485,1.483,1.483,64.0
2025-01-13 00:48:00,1.483,1.484,1.482,1.484,663.98
2025-01-13 00:49:00,1.482,1.484,1.482,1.484,124.3
2025-01-13 00:50:00,1.485,1.486,1.485,1.485,663.99
2025-01-13 00:51:00,1.485,1.486,1.485,1.485,150.01
2025-01-13 00:52:00,1.485,1.485,1.483,1.483,909.67
2025-01-13 00:53:00,1.482,1.482,1.482,1.482,2051.23
2025-01-13 00:54:00,1.483,1.483,1.482,1.482,70.02
2025-01-13 00:55:00,1.482,1.482,1.481,1.481,1414.55
2025-01-13 00:56:00,1.48,1.481,1.48,1.481,410.48
2025-01-13 00:57:00,1.481,1.481,1.48,1.48,207.22
2025-01-13 00:58:00,1.48,1.48,1.479,1.479,887.61
2025-01-13 00:59:00,1.479,1.479,1.479,1.479,135.24
2025-01-13 01:00:00,1.48,1.482,1.48,1.482,608.84
2025-01-13 01:01:00,1.482,1.482,1.481,1.481,417.86
2025-01-13 01:02:00,1.481,1.481,1.476,1.476,2393.86
2025-01-13 01:03:00,1.475,1.475,1.473,1.474,941.2
2025-01-13 01:04:00,1.475,1.476,1.475,1.476,71.38
2025-01-13 01:05:00,1.474,1.474,1.472,1.472,1661.4
2025-01-13 01:06:00,1.473,1.473,1.472,1.472,238.18
2025-01-13 01:07:00,1.473,1.473,1.472,1.472,1382.85
2025-01-13 01:08:00,1.472,1.472,1.471,1.471,142.91
2025-01-13 01:09:00,1.472,1.472,1.472,1.472,159.42
2025-01-13 01:10:00,1.472,1.472,1.472,1.472,191.13
2025-01-13 01:11:00,1.471,1.471,1.47,1.47,196.97
2025-01-13 01:12:00,1.47,1.47,1.469,1.469,153.25
2025-01-13 01:13:00,1.469,1.469,1.466,1.466,1018.44
2025-01-13 01:14:00,1.466,1.466,1.466,1.466,200.0
2025-01-13 01:15:00,1.463,1.463,1.463,1.463,74.44
2025-01-13 01:16:00,1.466,1.466,1.462,1.462,27.15
2025-01-13 01:17:00,1.462,1.462,1.462,1.462,239.7
2025-01-13 01:18:00,1.461,1.461,1.461,1.461,3.65
2025-01-13 01:19:00,1.461,1.461,1.46,1.46,511.98
2025-01-13 01:20:00,1.461,1.461,1.461,1.461,63.0
2025-01-13 01:21:00,1.461,1.462,1.461,1.462,38.0
2025-01-13 01:22:00,1.461,1.461,1.461,1.461,597.67
2025-01-13 01:23:00,1.461,1.463,1.461,1.463,122.43
2025-01-13 01:24:00,1.465,1.467,1.465,1.467,910.49
2025-01-13 01:25:00,1.466,1.466,1.466,1.466,56.56
2025-01-13 01:26:00,1.466,1.468,1.466,1.468,354.88
2025-01-13 01:27:00,1.468,1.468,1.468,1.468,0.0
2025-01-13 01:28:00,1.467,1.467,1.467,1.467,39.24
2025-01-13 01:29:00,1.465,1.465,1.464,1.464,100.0
2025-01-13 01:30:00,1.464,1.466,1.462,1.462,214.88
2025-01-13 01:31:00,1.462,1.462,1.462,1.462,0.0
2025-01-13 01:32:00,1.466,1.468,1.466,1.468,497.36
2025-01-13 01:33:00,1.47,1.472,1.47,1.472,228.92
2025-01-13 01:34:00,1.471,1.471,1.471,1.471,205.47
2025-01-13 01:35:00,1.47,1.47,1.47,1.47,199.97
2025-01-13 01:36:00,1.468,1.469,1.468,1.469,80.93
2025-01-13 01:37:00,1.467,1.467,1.466,1.466,17.7
2025-01-13 01:38:00,1.466,1.466,1.462,1.463,212.93
2025-01-13 01:39:00,1.463,1.463,1.463,1.463,0.0
2025-01-13 01:40:00,1.461,1.461,1.46,1.46,750.99
2025-01-13 01:41:00,1.459,1.459,1.458,1.458,839.68
2025-01-13 01:42:00,1.458,1.459,1.455,1.459,1386.99
2025-01-13 01:43:00,1.459,1.459,1.458,1.458,198.56
2025-01-13 01:44:00,1.46,1.46,1.458,1.458,418.89
2025-01-13 01:45:00,1.461,1.461,1.461,1.461,13.77
2025-01-13 01:46:00,1.462,1.462,1.46,1.46,586.2
2025-01-13 01:47:00,1.46,1.46,1.457,1.459,426.36
2025-01-13 01:48:00,1.459,1.459,1.458,1.459,789.46
2025-01-13 01:49:00,1.459,1.459,1.448,1.448,5351.28
2025-01-13 01:50:00,1.451,1.454,1.45,1.45,2166.99
2025-01-13 01:51:00,1.453,1.453,1.451,1.452,2554.52
2025-01-13 01:52:00,1.452,1.453,1.451,1.451,2220.17
2025-01-13 01:53:00,1.451,1.453,1.45,1.45,983.74
2025-01-13 01:54:00,1.45,1.45,1.45,1.45,62.5
2025-01-13 01:55:00,1.45,1.452,1.45,1.451,295.83
2025-01-13 01:56:00,1.452,1.452,1.451,1.452,1649.02
2025-01-13 01:57:00,1.453,1.453,1.453,1.453,597.46
2025-01-13 01:58:00,1.452,1.453,1.45,1.453,791.47
2025-01-13 01:59:00,1.452,1.453,1.452,1.453,138.28
2025-01-13 02:00:00,1.453,1.455,1.453,1.454,1508.88
2025-01-13 02:01:00,1.452,1.452,1.451,1.451,198.1
2025-01-13 02:02:00,1.451,1.451,1.448,1.448,363.36
2025-01-13 02:03:00,1.448,1.449,1.448,1.449,292.3
2025-01-13 02:04:00,1.449,1.449,1.447,1.447,221.24
2025-01-13 02:05:00,1.447,1.447,1.445,1.446,92.64
2025-01-13 02:06:00,1.447,1.448,1.447,1.448,866.1
2025-01-13 02:07:00,1.447,1.449,1.445,1.445,916.02
2025-01-13 02:08:00,1.444,1.444,1.444,1.444,206.06
2025-01-13 02:09:00,1.444,1.444,1.444,1.444,0.0
2025-01-13 02:10:00,1.446,1.446,1.446,1.446,540.0
2025-01-13 02:11:00,1.445,1.445,1.444,1.444,18.29
2025-01-13 02:12:00,1.445,1.445,1.445,1.445,75.52
2025-01-13 02:13:00,1.446,1.446,1.445,1.446,119.2
2025-01-13 02:14:00,1.446,1.446,1.444,1.444,933.94
2025-01-13 02:15:00,1.444,1.447,1.443,1.447,673.6
2025-01-13 02:16:00,1.446,1.449,1.446,1.449,1578.6
2025-01-13 02:17:00,1.449,1.449,1.449,1.449,0.0
2025-01-13 02:18:00,1.448,1.448,1.448,1.448,101.76
2025-01-13 02:19:00,1.447,1.447,1.446,1.446,10.11
2025-01-13 02:20:00,1.444,1.444,1.444,1.444,305.51
2025-01-13 02:21:00,1.443,1.443,1.442,1.442,23.91
2025-01-13 02:22:00,1.441,1.441,1.439,1.439,1163.81
2025-01-13 02:23:00,1.439,1.439,1.439,1.439,266.92
2025-01-13 02:24:00,1.441,1.441,1.438,1.439,2337.46
2025-01-13 02:25:00,1.439,1.44,1.438,1.44,769.69
2025-01-13 02:26:00,1.44,1.441,1.44,1.441,1236.93
2025-01-13 02:27:00,1.442,1.442,1.442,1.442,540.0
2025-01-13 02:28:00,1.442,1.442,1.442,1.442,36.84
2025-01-13 02:29:00,1.441,1.441,1.441,1.441,6.7
2025-01-13 02:30:00,1.441,1.441,1.44,1.44,251.72
2025-01-13 02:31:00,1.438,1.438,1.437,1.437,201.54
2025-01-13 02:32:00,1.436,1.436,1.436,1.436,198.24
2025-01-13 02:33:00,1.436,1.436,1.436,1.436,38.23
2025-01-13 02:34:00,1.436,1.437,1.436,1.437,1090.08
2025-01-13 02:35:00,1.436,1.436,1.436,1.436,540.0
2025-01-13 02:36:00,1.437,1.437,1.436,1.436,925.45
2025-01-13 02:37:00,1.435,1.437,1.435,1.436,6053.19
2025-01-13 02:38:00,1.434,1.434,1.433,1.433,304.36
2025-01-13 02:39:00,1.434,1.434,1.433,1.433,1464.4
2025-01-13 02:40:00,1.433,1.433,1.431,1.432,1502.36
2025-01-13 02:41:00,1.431,1.432,1.431,1.432,216.57
2025-01-13 02:42:00,1.431,1.431,1.429,1.429,2282.05
2025-01-13 02:43:00,1.43,1.43,1.43,1.43,7.16
2025-01-13 02:44:00,1.429,1.429,1.428,1.429,364.89
2025-01-13 02:45:00,1.43,1.431,1.429,1.429,783.41
2025-01-13 02:46:00,1.429,1.429,1.427,1.429,2904.92
2025-01-13 02:47:00,1.426,1.426,1.425,1.425,18.91
2025-01-13 02:48:00,1.428,1.428,1.426,1.428,1883.82
2025-01-13 02:49:00,1.426,1.426,1.425,1.425,170.37
2025-01-13 02:50:00,1.423,1.425,1.423,1.423,370.17
2025-01-13 02:51:00,1.422,1.422,1.418,1.42,7448.21
2025-01-13 02:52:00,1.422,1.422,1.419,1.421,660.42
2025-01-13 02:53:00,1.422,1.422,1.42,1.42,33.74
2025-01-13 02:54:00,1.425,1.425,1.425,1.425,427.94
2025-01-13 02:55:00,1.425,1.426,1.424,1.425,1056.71
2025-01-13 02:56:00,1.424,1.427,1.424,1.426,648.1
2025-01-13 02:57:00,1.429,1.429,1.429,1.429,1314.43
2025-01-13 02:58:00,1.43,1.431,1.43,1.431,109.46
2025-01-13 02:59:00,1.43,1.43,1.429,1.429,2630.11
2025-01-13 03:00:00,1.429,1.432,1.429,1.431,2569.46
2025-01-13 03:01:00,1.43,1.434,1.43,1.434,694.63
2025-01-13 03:02:00,1.433,1.433,1.433,1.433,10.48
2025-01-13 03:03:00,1.434,1.436,1.434,1.435,695.17
2025-01-13 03:04:00,1.438,1.438,1.437,1.437,576.51
2025-01-13 03:05:00,1.435,1.435,1.435,1.435,378.72
2025-01-13 03:06:00,1.436,1.436,1.435,1.436,50.29
2025-01-13 03:07:00,1.436,1.436,1.434,1.434,271.06
2025-01-13 03:08:00,1.434,1.434,1.434,1.434,349.7
2025-01-13 03:09:00,1.433,1.433,1.433,1.433,101.95
2025-01-13 03:10:00,1.433,1.433,1.433,1.433,0.0
2025-01-13 03:11:00,1.43,1.43,1.429,1.429,114.24
2025-01-13 03:12:00,1.431,1.431,1.431,1.431,14.67
2025-01-13 03:13:00,1.431,1.431,1.431,1.431,0.0
2025-01-13 03:14:00,1.43,1.43,1.429,1.43,251.84
2025-01-13 03:15:00,1.43,1.43,1.43,1.43,0.0
2025-01-13 03:16:00,1.428,1.43,1.426,1.43,1933.39
2025-01-13 03:17:00,1.43,1.43,1.429,1.429,255.28
2025-01-13 03:18:00,1.428,1.428,1.427,1.427,915.63
2025-01-13 03:19:00,1.426,1.426,1.426,1.426,3.91
2025-01-13 03:20:00,1.425,1.425,1.425,1.425,1078.84
2025-01-13 03:21:00,1.425,1.425,1.423,1.423,22.59
2025-01-13 03:22:00,1.423,1.423,1.421,1.421,31.88
2025-01-13 03:23:00,1.421,1.421,1.42,1.42,376.5
2025-01-13 03:24:00,1.42,1.42,1.42,1.42,0.0
2025-01-13 03:25:00,1.423,1.423,1.422,1.422,30.48
2025-01-13 03:26:00,1.422,1.422,1.422,1.422,0.0
2025-01-13 03:27:00,1.426,1.428,1.426,1.427,766.05
2025-01-13 03:28:00,1.427,1.427,1.427,1.427,93.73
2025-01-13 03:29:00,1.427,1.427,1.427,1.427,0.0
2025-01-13 03:30:00,1.429,1.429,1.428,1.428,646.64
2025-01-13 03:31:00,1.428,1.428,1.428,1.428,0.0
2025-01-13 03:32:00,1.428,1.428,1.428,1.428,3.9
2025-01-13 03:33:00,1.425,1.426,1.425,1.426,45.82
2025-01-13 03:34:00,1.426,1.426,1.426,1.426,0.0
2025-01-13 03:35:00,1.426,1.426,1.426,1.426,0.0
2025-01-13 03:36:00,1.428,1.428,1.427,1.428,56.08
2025-01-13 03:37:00,1.428,1.428,1.428,1.428,0.0
2025-01-13 03:38:00,1.428,1.428,1.428,1.428,7.05
2025-01-13 03:39:00,1.428,1.428,1.428,1.428,0.0
2025-01-13 03:40:00,1.428,1.428,1.426,1.426,117.58
2025-01-13 03:41:00,1.427,1.427,1.424,1.425,1049.71
2025-01-13 03:42:00,1.424,1.424,1.424,1.424,710.57
2025-01-13 03:43:00,1.425,1.425,1.425,1.425,17.09
2025-01-13 03:44:00,1.425,1.425,1.425,1.425,7.22
2025-01-13 03:45:00,1.42,1.42,1.412,1.414,19279.84
2025-01-13 03:46:00,1.415,1.417,1.413,1.417,5816.05
2025-01-13 03:47:00,1.413,1.413,1.41,1.41,4814.94
2025-01-13 03:48:00,1.409,1.411,1.407,1.411,682.54
2025-01-13 03:49:00,1.412,1.415,1.412,1.412,1948.93
2025-01-13 03:50:00,1.411,1.411,1.411,1.411,23.82
2025-01-13 03:51:00,1.411,1.411,1.411,1.411,0.0
2025-01-13 03:52:00,1.415,1.415,1.415,1.415,3.7
2025-01-13 03:53:00,1.416,1.417,1.416,1.416,41.5
2025-01-13 03:54:00,1.416,1.416,1.416,1.416,0.0
2025-01-13 03:55:00,1.416,1.416,1.416,1.416,77.89
2025-01-13 03:56:00,1.416,1.416,1.414,1.414,365.27
2025-01-13 03:57:00,1.414,1.414,1.414,1.414,0.0
2025-01-13 03:58:00,1.416,1.416,1.416,1.416,14.57
2025-01-13 03:59:00,1.416,1.416,1.416,1.416,0.0
2025-01-13 04:00:00,1.414,1.414,1.412,1.412,552.36
2025-01-13 04:01:00,1.412,1.412,1.411,1.411,467.42
2025-01-13 04:02:00,1.411,1.414,1.411,1.414,602.9
2025-01-13 04:03:00,1.417,1.417,1.416,1.417,1562.65
2025-01-13 04:04:00,1.415,1.415,1.415,1.415,41.9
2025-01-13 04:05:00,1.416,1.416,1.416,1.416,12.6
2025-01-13 04:06:00,1.417,1.417,1.415,1.415,454.01
2025-01-13 04:07:00,1.416,1.416,1.415,1.415,84.46
2025-01-13 04:08:00,1.417,1.418,1.417,1.418,119.38
2025-01-13 04:09:00,1.417,1.418,1.417,1.418,835.63
2025-01-13 04:10:00,1.418,1.418,1.415,1.418,2919.48
2025-01-13 04:11:00,1.419,1.421,1.419,1.42,8933.96
2025-01-13 04:12:00,1.421,1.422,1.421,1.421,259.01
2025-01-13 04:13:00,1.421,1.421,1.421,1.421,0.0
2025-01-13 04:14:00,1.421,1.421,1.421,1.421,12.4
2025-01-13 04:15:00,1.423,1.423,1.423,1.423,500.0
2025-01-13 04:16:00,1.423,1.426,1.423,1.426,176.34
2025-01-13 04:17:00,1.426,1.427,1.426,1.427,81.94
2025-01-13 04:18:00,1.427,1.428,1.427,1.428,183.26
2025-01-13 04:19:00,1.428,1.428,1.428,1.428,0.0
2025-01-13 04:20:00,1.427,1.427,1.427,1.427,6.13
2025-01-13 04:21:00,1.427,1.427,1.427,1.427,173.78
2025-01-13 04:22:00,1.427,1.427,1.426,1.426,147.4
2025-01-13 04:23:00,1.425,1.426,1.425,1.426,16.54
2025-01-13 04:24:00,1.428,1.429,1.428,1.429,50.48
2025-01-13 04:25:00,1.431,1.432,1.431,1.431,146.57
2025-01-13 04:26:00,1.434,1.435,1.434,1.434,1024.33
2025-01-13 04:27:00,1.434,1.434,1.434,1.434,16.06
2025-01-13 04:28:00,1.435,1.436,1.435,1.436,96.5
2025-01-13 04:29:00,1.435,1.435,1.435,1.435,4.44
2025-01-13 04:30:00,1.432,1.433,1.431,1.432,81.19
2025-01-13 04:31:00,1.433,1.436,1.432,1.435,147.29
2025-01-13 04:32:00,1.436,1.436,1.436,1.436,189.54
2025-01-13 04:33:00,1.434,1.434,1.432,1.432,56.62
2025-01-13 04:34:00,1.432,1.432,1.432,1.432,0.0
2025-01-13 04:35:00,1.43,1.43,1.43,1.43,4.44
2025-01-13 04:36:00,1.43,1.43,1.43,1.43,11.64
2025-01-13 04:37:00,1.429,1.429,1.427,1.427,2083.32
2025-01-13 04:38:00,1.428,1.428,1.427,1.427,204.89
2025-01-13 04:39:00,1.427,1.428,1.427,1.428,20.03
2025-01-13 04:40:00,1.429,1.429,1.428,1.428,253.24
2025-01-13 04:41:00,1.43,1.43,1.429,1.429,8.21
2025-01-13 04:42:00,1.429,1.429,1.429,1.429,220.47
2025-01-13 04:43:00,1.43,1.43,1.428,1.428,10.91
2025-01-13 04:44:00,1.425,1.425,1.425,1.425,4.47
2025-01-13 04:45:00,1.424,1.424,1.424,1.424,130.0
2025-01-13 04:46:00,1.426,1.427,1.426,1.427,37.53
2025-01-13 04:47:00,1.425,1.425,1.424,1.424,18.08
2025-01-13 04:48:00,1.424,1.424,1.424,1.424,140.4
2025-01-13 04:49:00,1.424,1.424,1.424,1.424,0.0
2025-01-13 04:50:00,1.425,1.425,1.424,1.424,478.97
2025-01-13 04:51:00,1.425,1.426,1.425,1.426,202.72
2025-01-13 04:52:00,1.426,1.426,1.426,1.426,301.0
2025-01-13 04:53:00,1.425,1.425,1.425,1.425,17.54
2025-01-13 04:54:00,1.425,1.425,1.424,1.424,11.61
2025-01-13 04:55:00,1.424,1.424,1.422,1.422,334.07
2025-01-13 04:56:00,1.423,1.423,1.422,1.422,29.35
2025-01-13 04:57:00,1.423,1.423,1.423,1.423,13.62
2025-01-13 04:58:00,1.423,1.423,1.423,1.423,3.85
2025-01-13 04:59:00,1.424,1.425,1.424,1.425,20.98
2025-01-13 05:00:00,1.423,1.425,1.423,1.425,1746.49
2025-01-13 05:01:00,1.423,1.423,1.422,1.422,729.04
2025-01-13 05:02:00,1.421,1.421,1.421,1.421,101.64
2025-01-13 05:03:00,1.421,1.421,1.42,1.42,252.41
2025-01-13 05:04:00,1.419,1.419,1.417,1.417,635.3
2025-01-13 05:05:00,1.416,1.416,1.415,1.415,1259.72
2025-01-13 05:06:00,1.415,1.416,1.412,1.412,472.57
2025-01-13 05:07:00,1.413,1.419,1.413,1.419,955.93
2025-01-13 05:08:00,1.417,1.417,1.416,1.416,51.62
2025-01-13 05:09:00,1.416,1.416,1.416,1.416,0.0
2025-01-13 05:10:00,1.415,1.415,1.415,1.415,103.2
2025-01-13 05:11:00,1.415,1.415,1.415,1.415,4.5
2025-01-13 05:12:00,1.415,1.415,1.415,1.415,0.0
2025-01-13 05:13:00,1.415,1.415,1.415,1.415,0.0
2025-01-13 05:14:00,1.415,1.415,1.415,1.415,0.0
2025-01-13 05:15:00,1.415,1.415,1.415,1.415,226.45
2025-01-13 05:16:00,1.42,1.422,1.418,1.419,3582.69
2025-01-13 05:17:00,1.42,1.42,1.419,1.419,21.15
2025-01-13 05:18:00,1.419,1.419,1.419,1.419,3.69
2025-01-13 05:19:00,1.419,1.419,1.419,1.419,0.0
2025-01-13 05:20:00,1.417,1.418,1.417,1.418,34.76
2025-01-13 05:21:00,1.42,1.42,1.42,1.42,291.56
2025-01-13 05:22:00,1.42,1.42,1.418,1.418,247.17
2025-01-13 05:23:00,1.418,1.418,1.418,1.418,3.9
2025-01-13 05:24:00,1.416,1.416,1.416,1.416,1605.18
2025-01-13 05:25:00,1.413,1.413,1.412,1.412,971.63
2025-01-13 05:26:00,1.413,1.413,1.411,1.411,934.87
2025-01-13 05:27:00,1.413,1.413,1.413,1.413,84.97
2025-01-13 05:28:00,1.414,1.414,1.414,1.414,61.89
2025-01-13 05:29:00,1.413,1.413,1.413,1.413,8.35
2025-01-13 05:30:00,1.413,1.414,1.412,1.414,303.96
2025-01-13 05:31:00,1.413,1.413,1.412,1.412,1060.31
2025-01-13 05:32:00,1.412,1.412,1.412,1.412,329.1
2025-01-13 05:33:00,1.41,1.41,1.409,1.409,522.49
2025-01-13 05:34:00,1.409,1.409,1.407,1.407,1074.42
2025-01-13 05:35:00,1.409,1.409,1.408,1.408,805.92
2025-01-13 05:36:00,1.409,1.409,1.407,1.407,34.57
2025-01-13 05:37:00,1.408,1.408,1.407,1.407,37.78
2025-01-13 05:38:00,1.406,1.406,1.405,1.405,2025.92
2025-01-13 05:39:00,1.407,1.407,1.404,1.404,1690.4
2025-01-13 05:40:00,1.406,1.406,1.406,1.406,674.26
2025-01-13 05:41:00,1.407,1.407,1.407,1.407,34.68
2025-01-13 05:42:00,1.409,1.41,1.409,1.409,891.71
2025-01-13 05:43:00,1.407,1.407,1.407,1.407,43.4
2025-01-13 05:44:00,1.407,1.407,1.407,1.407,270.0
2025-01-13 05:45:00,1.406,1.406,1.404,1.404,97.24
2025-01-13 05:46:00,1.404,1.404,1.404,1.404,126.21
2025-01-13 05:47:00,1.403,1.403,1.4,1.401,2270.95
2025-01-13 05:48:00,1.402,1.402,1.401,1.402,734.01
2025-01-13 05:49:00,1.4,1.4,1.4,1.4,2895.59
2025-01-13 05:50:00,1.401,1.402,1.401,1.402,97.29
2025-01-13 05:51:00,1.402,1.402,1.402,1.402,170.12
2025-01-13 05:52:00,1.406,1.407,1.405,1.406,626.83
2025-01-13 05:53:00,1.406,1.409,1.406,1.409,540.18
2025-01-13 05:54:00,1.408,1.408,1.408,1.408,8.62
2025-01-13 05:55:00,1.408,1.408,1.408,1.408,62.8
2025-01-13 05:56:00,1.408,1.408,1.408,1.408,0.0
2025-01-13 05:57:00,1.406,1.406,1.404,1.404,1466.74
2025-01-13 05:58:00,1.405,1.405,1.405,1.405,355.87
2025-01-13 05:59:00,1.405,1.405,1.405,1.405,0.0
2025-01-13 06:00:00,1.405,1.406,1.405,1.406,408.55
2025-01-13 06:01:00,1.404,1.404,1.403,1.404,1512.29
2025-01-13 06:02:00,1.402,1.403,1.401,1.401,551.96
2025-01-13 06:03:00,1.4,1.404,1.4,1.403,399.8
2025-01-13 06:04:00,1.403,1.404,1.403,1.404,376.48
2025-01-13 06:05:00,1.408,1.408,1.408,1.408,561.23
2025-01-13 06:06:00,1.408,1.409,1.408,1.409,1887.27
2025-01-13 06:07:00,1.409,1.41,1.408,1.41,495.15
2025-01-13 06:08:00,1.41,1.41,1.41,1.41,0.0
2025-01-13 06:09:00,1.41,1.41,1.41,1.41,0.0
2025-01-13 06:10:00,1.409,1.409,1.409,1.409,9.7
2025-01-13 06:11:00,1.409,1.409,1.409,1.409,115.05
2025-01-13 06:12:00,1.409,1.409,1.409,1.409,375.54
2025-01-13 06:13:00,1.411,1.411,1.411,1.411,4.51
2025-01-13 06:14:00,1.411,1.411,1.409,1.409,624.35
2025-01-13 06:15:00,1.408,1.409,1.408,1.409,140.31
2025-01-13 06:16:00,1.406,1.406,1.406,1.406,19.24
2025-01-13 06:17:00,1.406,1.406,1.406,1.406,0.0
2025-01-13 06:18:00,1.404,1.405,1.403,1.405,1181.33
2025-01-13 06:19:00,1.406,1.407,1.406,1.406,1090.02
2025-01-13 06:20:00,1.402,1.402,1.402,1.402,7.83
2025-01-13 06:21:00,1.402,1.402,1.402,1.402,0.0
2025-01-13 06:22:00,1.406,1.406,1.406,1.406,13.05
2025-01-13 06:23:00,1.406,1.406,1.406,1.406,0.0
2025-01-13 06:24:00,1.407,1.407,1.407,1.407,7.27
2025-01-13 06:25:00,1.408,1.408,1.406,1.406,214.69
2025-01-13 06:26:00,1.406,1.406,1.404,1.404,8.54
2025-01-13 06:27:00,1.405,1.405,1.401,1.401,301.13
2025-01-13 06:28:00,1.4,1.4,1.4,1.4,288.49
2025-01-13 06:29:00,1.401,1.401,1.401,1.401,2652.65
2025-01-13 06:30:00,1.402,1.405,1.402,1.405,147.33
2025-01-13 06:31:00,1.4,1.4,1.4,1.4,4.54
2025-01-13 06:32:00,1.401,1.401,1.4,1.4,15.2
2025-01-13 06:33:00,1.399,1.399,1.398,1.399,788.84
2025-01-13 06:34:00,1.4,1.4,1.398,1.398,500.97
2025-01-13 06:35:00,1.397,1.397,1.396,1.396,512.5
2025-01-13 06:36:00,1.395,1.396,1.393,1.393,4071.85
2025-01-13 06:37:00,1.393,1.394,1.392,1.392,1681.86
2025-01-13 06:38:00,1.393,1.394,1.393,1.393,786.76
2025-01-13 06:39:00,1.395,1.395,1.395,1.395,205.61
2025-01-13 06:40:00,1.395,1.398,1.395,1.398,125.35
2025-01-13 06:41:00,1.397,1.397,1.394,1.394,1117.95
2025-01-13 06:42:00,1.395,1.396,1.394,1.394,177.56
2025-01-13 06:43:00,1.394,1.396,1.394,1.396,98.35
2025-01-13 06:44:00,1.395,1.396,1.395,1.396,18.74
2025-01-13 06:45:00,1.394,1.394,1.393,1.393,14.31
2025-01-13 06:46:00,1.392,1.392,1.391,1.392,985.63
2025-01-13 06:47:00,1.391,1.391,1.387,1.388,8174.87
2025-01-13 06:48:00,1.391,1.392,1.39,1.391,681.18
2025-01-13 06:49:00,1.391,1.393,1.39,1.39,1791.33
2025-01-13 06:50:00,1.39,1.392,1.389,1.39,417.65
2025-01-13 06:51:00,1.39,1.39,1.386,1.387,41551.71
2025-01-13 06:52:00,1.388,1.389,1.388,1.389,1318.0
2025-01-13 06:53:00,1.389,1.389,1.386,1.386,280.02
2025-01-13 06:54:00,1.385,1.385,1.383,1.384,3359.37
2025-01-13 06:55:00,1.383,1.384,1.382,1.384,2433.24
2025-01-13 06:56:00,1.383,1.387,1.383,1.387,1202.34
2025-01-13 06:57:00,1.387,1.387,1.386,1.386,76.43
2025-01-13 06:58:00,1.388,1.39,1.388,1.389,759.34
2025-01-13 06:59:00,1.389,1.391,1.389,1.39,10590.37
2025-01-13 07:00:00,1.39,1.394,1.39,1.393,2211.66
2025-01-13 07:01:00,1.392,1.396,1.392,1.395,1390.64
2025-01-13 07:02:00,1.394,1.394,1.392,1.393,1654.34
2025-01-13 07:03:00,1.393,1.393,1.39,1.391,101.41
2025-01-13 07:04:00,1.392,1.394,1.392,1.393,129.91
2025-01-13 07:05:00,1.39,1.39,1.387,1.387,1378.49
2025-01-13 07:06:00,1.386,1.388,1.386,1.388,183.31
2025-01-13 07:07:00,1.386,1.387,1.386,1.387,534.5
2025-01-13 07:08:00,1.387,1.393,1.387,1.393,348.14
2025-01-13 07:09:00,1.391,1.394,1.391,1.394,439.23
2025-01-13 07:10:00,1.398,1.398,1.398,1.398,104.31
2025-01-13 07:11:00,1.398,1.398,1.397,1.398,1381.34
2025-01-13 07:12:00,1.398,1.398,1.397,1.397,4193.01
2025-01-13 07:13:00,1.396,1.398,1.396,1.398,1490.99
2025-01-13 07:14:00,1.397,1.397,1.394,1.394,134.82
2025-01-13 07:15:00,1.394,1.394,1.392,1.393,794.01
2025-01-13 07:16:00,1.393,1.393,1.392,1.393,212.92
2025-01-13 07:17:00,1.393,1.394,1.393,1.394,1993.6
2025-01-13 07:18:00,1.394,1.394,1.394,1.394,825.06
2025-01-13 07:19:00,1.395,1.396,1.395,1.395,199.32
2025-01-13 07:20:00,1.395,1.396,1.395,1.396,97.92
2025-01-13 07:21:00,1.397,1.397,1.396,1.397,1212.09
2025-01-13 07:22:00,1.397,1.399,1.397,1.399,919.65
2025-01-13 07:23:00,1.399,1.399,1.399,1.399,15.5
2025-01-13 07:24:00,1.399,1.4,1.399,1.4,347.65
2025-01-13 07:25:00,1.4,1.4,1.4,1.4,0.0
2025-01-13 07:26:00,1.399,1.399,1.398,1.398,18.26
2025-01-13 07:27:00,1.399,1.399,1.399,1.399,172.3
2025-01-13 07:28:00,1.4,1.401,1.4,1.401,163.45
2025-01-13 07:29:00,1.4,1.4,1.399,1.4,2535.92
2025-01-13 07:30:00,1.4,1.401,1.4,1.401,3375.87
2025-01-13 07:31:00,1.401,1.402,1.399,1.399,1165.08
2025-01-13 07:32:00,1.4,1.402,1.4,1.402,1498.6
2025-01-13 07:33:00,1.402,1.403,1.401,1.402,683.75
2025-01-13 07:34:00,1.401,1.401,1.401,1.401,4.55
2025-01-13 07:35:00,1.403,1.404,1.403,1.403,805.58
2025-01-13 07:36:00,1.404,1.405,1.404,1.405,2030.7
2025-01-13 07:37:00,1.406,1.406,1.406,1.406,10.28
2025-01-13 07:38:00,1.406,1.406,1.406,1.406,158.83
2025-01-13 07:39:00,1.404,1.404,1.404,1.404,95.83
2025-01-13 07:40:00,1.403,1.404,1.403,1.404,460.07
2025-01-13 07:41:00,1.403,1.405,1.403,1.405,115.38
2025-01-13 07:42:00,1.405,1.406,1.405,1.405,244.32
2025-01-13 07:43:00,1.405,1.405,1.405,1.405,21.35
2025-01-13 07:44:00,1.405,1.405,1.405,1.405,364.09
2025-01-13 07:45:00,1.404,1.404,1.398,1.4,11851.51
2025-01-13 07:46:00,1.399,1.399,1.397,1.398,3893.92
2025-01-13 07:47:00,1.398,1.398,1.396,1.397,3498.74
2025-01-13 07:48:00,1.397,1.397,1.396,1.396,518.75
2025-01-13 07:49:00,1.395,1.395,1.394,1.395,848.46
2025-01-13 07:50:00,1.393,1.393,1.391,1.393,1171.4
2025-01-13 07:51:00,1.395,1.395,1.394,1.395,113.18
2025-01-13 07:52:00,1.393,1.394,1.393,1.394,63.04
2025-01-13 07:53:00,1.393,1.393,1.392,1.393,458.26
2025-01-13 07:54:00,1.393,1.394,1.393,1.394,461.06
2025-01-13 07:55:00,1.394,1.394,1.393,1.393,1031.5
2025-01-13 07:56:00,1.394,1.394,1.394,1.394,7.96
2025-01-13 07:57:00,1.393,1.393,1.393,1.393,79.15
2025-01-13 07:58:00,1.393,1.394,1.393,1.394,75.67
2025-01-13 07:59:00,1.394,1.396,1.394,1.396,36.2
2025-01-13 08:00:00,1.396,1.396,1.394,1.394,52.21
2025-01-13 08:01:00,1.394,1.395,1.393,1.394,565.56
2025-01-13 08:02:00,1.394,1.394,1.393,1.394,2235.0
2025-01-13 08:03:00,1.395,1.395,1.393,1.393,144.97
2025-01-13 08:04:00,1.391,1.391,1.391,1.391,34.59
2025-01-13 08:05:00,1.391,1.391,1.389,1.39,839.68
2025-01-13 08:06:00,1.389,1.389,1.388,1.388,121.27
2025-01-13 08:07:00,1.387,1.388,1.387,1.388,38.43
2025-01-13 08:08:00,1.386,1.386,1.385,1.385,286.75
2025-01-13 08:09:00,1.385,1.386,1.385,1.386,1312.11
2025-01-13 08:10:00,1.388,1.388,1.384,1.384,477.51
2025-01-13 08:11:00,1.384,1.385,1.384,1.384,176.43
2025-01-13 08:12:00,1.384,1.385,1.384,1.384,5921.53
2025-01-13 08:13:00,1.384,1.384,1.384,1.384,29.1
2025-01-13 08:14:00,1.383,1.383,1.383,1.383,721.09
2025-01-13 08:15:00,1.387,1.388,1.386,1.387,860.92
2025-01-13 08:16:00,1.385,1.385,1.383,1.383,964.84
2025-01-13 08:17:00,1.382,1.382,1.381,1.381,1101.36
2025-01-13 08:18:00,1.38,1.38,1.38,1.38,296.66
2025-01-13 08:19:00,1.38,1.38,1.379,1.38,349.36
2025-01-13 08:20:00,1.379,1.38,1.375,1.38,28124.58
2025-01-13 08:21:00,1.378,1.378,1.378,1.378,373.07
2025-01-13 08:22:00,1.377,1.378,1.375,1.377,2032.76
2025-01-13 08:23:00,1.374,1.374,1.371,1.371,3104.7
2025-01-13 08:24:00,1.371,1.377,1.371,1.375,23480.47
2025-01-13 08:25:00,1.375,1.375,1.374,1.375,661.36
2025-01-13 08:26:00,1.377,1.378,1.377,1.377,1156.36
2025-01-13 08:27:00,1.379,1.379,1.376,1.376,383.92
2025-01-13 08:28:00,1.376,1.376,1.376,1.376,228.93
2025-01-13 08:29:00,1.375,1.376,1.374,1.376,68.62
2025-01-13 08:30:00,1.375,1.376,1.374,1.375,4538.57
2025-01-13 08:31:00,1.378,1.378,1.375,1.375,7184.92
2025-01-13 08:32:00,1.375,1.376,1.373,1.373,3613.39
2025-01-13 08:33:00,1.372,1.372,1.371,1.372,303.49
2025-01-13 08:34:00,1.373,1.375,1.372,1.375,822.5
2025-01-13 08:35:00,1.374,1.376,1.374,1.375,33.21
2025-01-13 08:36:00,1.377,1.378,1.377,1.378,227.54
2025-01-13 08:37:00,1.378,1.378,1.378,1.378,727.16
2025-01-13 08:38:00,1.375,1.378,1.375,1.376,1946.58
2025-01-13 08:39:00,1.377,1.377,1.377,1.377,89.93
2025-01-13 08:40:00,1.377,1.377,1.377,1.377,1083.59
2025-01-13 08:41:00,1.378,1.378,1.374,1.375,5315.23
2025-01-13 08:42:00,1.377,1.377,1.376,1.376,3285.85
2025-01-13 08:43:00,1.376,1.378,1.375,1.378,3715.88
2025-01-13 08:44:00,1.378,1.378,1.377,1.378,971.3
2025-01-13 08:45:00,1.378,1.378,1.377,1.377,1410.01
2025-01-13 08:46:00,1.378,1.378,1.375,1.375,564.43
2025-01-13 08:47:00,1.373,1.374,1.372,1.374,1623.81
2025-01-13 08:48:00,1.372,1.374,1.372,1.373,820.67
2025-01-13 08:49:00,1.373,1.373,1.373,1.373,0.0
2025-01-13 08:50:00,1.371,1.371,1.371,1.371,551.91
2025-01-13 08:51:00,1.371,1.371,1.37,1.37,920.07
2025-01-13 08:52:00,1.371,1.372,1.37,1.37,958.56
2025-01-13 08:53:00,1.37,1.37,1.369,1.369,550.59
2025-01-13 08:54:00,1.369,1.37,1.368,1.368,2005.1
2025-01-13 08:55:00,1.368,1.37,1.368,1.37,516.56
2025-01-13 08:56:00,1.37,1.37,1.37,1.37,255.79
2025-01-13 08:57:00,1.372,1.374,1.372,1.373,696.63
2025-01-13 08:58:00,1.372,1.372,1.372,1.372,1357.13
2025-01-13 08:59:00,1.372,1.372,1.372,1.372,0.0
2025-01-13 09:00:00,1.371,1.372,1.371,1.372,409.86
2025-01-13 09:01:00,1.371,1.371,1.371,1.371,11.52
2025-01-13 09:02:00,1.372,1.375,1.372,1.375,690.86
2025-01-13 09:03:00,1.375,1.375,1.375,1.375,0.0
2025-01-13 09:04:00,1.374,1.374,1.371,1.371,1516.13
2025-01-13 09:05:00,1.373,1.373,1.373,1.373,15.94
2025-01-13 09:06:00,1.373,1.373,1.371,1.371,900.73
2025-01-13 09:07:00,1.371,1.371,1.366,1.366,1426.0
2025-01-13 09:08:00,1.366,1.366,1.361,1.361,2881.53
2025-01-13 09:09:00,1.361,1.367,1.357,1.367,14524.66
2025-01-13 09:10:00,1.368,1.369,1.365,1.365,323.34
2025-01-13 09:11:00,1.368,1.369,1.368,1.368,644.1
2025-01-13 09:12:00,1.365,1.365,1.365,1.365,189.8
2025-01-13 09:13:00,1.366,1.366,1.365,1.365,93.42
2025-01-13 09:14:00,1.363,1.364,1.363,1.363,2077.87
2025-01-13 09:15:00,1.362,1.363,1.36,1.363,120.75
2025-01-13 09:16:00,1.36,1.362,1.36,1.362,961.28
2025-01-13 09:17:00,1.361,1.361,1.359,1.359,1072.13
2025-01-13 09:18:00,1.36,1.363,1.36,1.362,303.11
2025-01-13 09:19:00,1.361,1.361,1.361,1.361,24.03
2025-01-13 09:20:00,1.359,1.361,1.357,1.359,874.59
2025-01-13 09:21:00,1.36,1.362,1.359,1.36,761.11
2025-01-13 09:22:00,1.357,1.357,1.357,1.357,481.73
2025-01-13 09:23:00,1.358,1.358,1.358,1.358,305.13
2025-01-13 09:24:00,1.357,1.358,1.355,1.358,424.67
2025-01-13 09:25:00,1.357,1.358,1.357,1.358,339.88
2025-01-13 09:26:00,1.359,1.36,1.359,1.36,399.74
2025-01-13 09:27:00,1.358,1.359,1.358,1.358,442.12
2025-01-13 09:28:00,1.358,1.358,1.356,1.356,233.74
2025-01-13 09:29:00,1.356,1.357,1.353,1.354,779.14
2025-01-13 09:30:00,1.354,1.357,1.353,1.354,2496.8
2025-01-13 09:31:00,1.355,1.356,1.353,1.353,551.05
2025-01-13 09:32:00,1.355,1.356,1.353,1.355,755.48
2025-01-13 09:33:00,1.357,1.357,1.349,1.349,7781.36
2025-01-13 09:34:00,1.35,1.353,1.348,1.348,1534.74
2025-01-13 09:35:00,1.35,1.356,1.35,1.355,788.59
2025-01-13 09:36:00,1.359,1.36,1.358,1.36,258.27
2025-01-13 09:37:00,1.361,1.362,1.361,1.361,281.92
2025-01-13 09:38:00,1.363,1.365,1.363,1.363,225.24
2025-01-13 09:39:00,1.365,1.365,1.361,1.364,1522.18
2025-01-13 09:40:00,1.363,1.365,1.363,1.365,34.33
2025-01-13 09:41:00,1.362,1.362,1.362,1.362,11.01
2025-01-13 09:42:00,1.361,1.361,1.36,1.36,363.58
2025-01-13 09:43:00,1.36,1.36,1.358,1.359,1092.42
2025-01-13 09:44:00,1.359,1.359,1.359,1.359,0.0
2025-01-13 09:45:00,1.359,1.359,1.359,1.359,7.64
2025-01-13 09:46:00,1.356,1.361,1.356,1.361,596.86
2025-01-13 09:47:00,1.361,1.361,1.361,1.361,0.0
2025-01-13 09:48:00,1.361,1.363,1.361,1.363,2036.15
2025-01-13 09:49:00,1.36,1.36,1.36,1.36,26.04
2025-01-13 09:50:00,1.361,1.361,1.361,1.361,189.5
2025-01-13 09:51:00,1.361,1.361,1.359,1.359,271.25
2025-01-13 09:52:00,1.359,1.359,1.359,1.359,4.69
2025-01-13 09:53:00,1.359,1.36,1.359,1.359,945.64
2025-01-13 09:54:00,1.359,1.359,1.357,1.357,316.27
2025-01-13 09:55:00,1.357,1.357,1.357,1.357,0.0
2025-01-13 09:56:00,1.355,1.356,1.355,1.356,1094.71
2025-01-13 09:57:00,1.356,1.356,1.356,1.356,0.0
2025-01-13 09:58:00,1.356,1.356,1.356,1.356,0.0
2025-01-13 09:59:00,1.356,1.356,1.356,1.356,0.0
2025-01-13 10:00:00,1.356,1.357,1.355,1.355,96.53
2025-01-13 10:01:00,1.352,1.352,1.351,1.352,591.64
2025-01-13 10:02:00,1.353,1.353,1.35,1.35,718.98
2025-01-13 10:03:00,1.349,1.349,1.349,1.349,54.88
2025-01-13 10:04:00,1.347,1.35,1.347,1.35,1547.19
2025-01-13 10:05:00,1.349,1.349,1.349,1.349,4.8
2025-01-13 10:06:00,1.348,1.351,1.348,1.351,28.83
2025-01-13 10:07:00,1.351,1.351,1.351,1.351,14.79
2025-01-13 10:08:00,1.351,1.351,1.351,1.351,638.79
2025-01-13 10:09:00,1.35,1.352,1.35,1.352,25.17
2025-01-13 10:10:00,1.353,1.354,1.351,1.353,9437.12
2025-01-13 10:11:00,1.353,1.353,1.352,1.352,45.37
2025-01-13 10:12:00,1.352,1.352,1.351,1.352,162.83
2025-01-13 10:13:00,1.352,1.352,1.349,1.349,1068.57
2025-01-13 10:14:00,1.349,1.349,1.349,1.349,43.81
2025-01-13 10:15:00,1.347,1.348,1.343,1.347,8284.85
2025-01-13 10:16:00,1.347,1.35,1.347,1.35,759.88
2025-01-13 10:17:00,1.349,1.35,1.349,1.349,1201.19
2025-01-13 10:18:00,1.347,1.349,1.347,1.348,542.19
2025-01-13 10:19:00,1.349,1.35,1.348,1.35,2137.74
2025-01-13 10:20:00,1.35,1.35,1.348,1.348,548.9
2025-01-13 10:21:00,1.348,1.348,1.348,1.348,175.0
2025-01-13 10:22:00,1.346,1.348,1.345,1.345,2281.27
2025-01-13 10:23:00,1.345,1.345,1.343,1.343,1426.51
2025-01-13 10:24:00,1.343,1.343,1.34,1.342,1939.59
2025-01-13 10:25:00,1.34,1.342,1.339,1.339,253.65
2025-01-13 10:26:00,1.338,1.34,1.338,1.339,926.33
2025-01-13 10:27:00,1.341,1.341,1.34,1.34,102.34
2025-01-13 10:28:00,1.34,1.341,1.338,1.338,1126.37
2025-01-13 10:29:00,1.338,1.339,1.338,1.338,3224.3
2025-01-13 10:30:00,1.338,1.338,1.334,1.334,2322.83
2025-01-13 10:31:00,1.335,1.337,1.335,1.336,1365.36
2025-01-13 10:32:00,1.337,1.337,1.335,1.336,5262.46
2025-01-13 10:33:00,1.337,1.337,1.335,1.335,342.64
2025-01-13 10:34:00,1.335,1.339,1.335,1.339,772.7
2025-01-13 10:35:00,1.339,1.341,1.339,1.34,1103.53
2025-01-13 10:36:00,1.343,1.343,1.343,1.343,156.14
2025-01-13 10:37:00,1.343,1.344,1.343,1.344,730.05
2025-01-13 10:38:00,1.343,1.343,1.343,1.343,855.24
2025-01-13 10:39:00,1.342,1.342,1.342,1.342,138.41
2025-01-13 10:40:00,1.342,1.345,1.342,1.345,222.14
2025-01-13 10:41:00,1.344,1.344,1.342,1.342,718.39
2025-01-13 10:42:00,1.342,1.342,1.341,1.341,547.51
2025-01-13 10:43:00,1.341,1.341,1.34,1.34,2197.98
2025-01-13 10:44:00,1.34,1.34,1.34,1.34,11.19
2025-01-13 10:45:00,1.339,1.339,1.338,1.339,692.41
2025-01-13 10:46:00,1.339,1.343,1.339,1.343,1053.73
2025-01-13 10:47:00,1.343,1.343,1.34,1.34,1054.94
2025-01-13 10:48:00,1.34,1.34,1.339,1.339,360.3
2025-01-13 10:49:00,1.338,1.338,1.334,1.335,20396.85
2025-01-13 10:50:00,1.335,1.336,1.334,1.336,807.92
2025-01-13 10:51:00,1.334,1.334,1.333,1.333,260.94
2025-01-13 10:52:00,1.333,1.333,1.332,1.332,856.29
2025-01-13 10:53:00,1.331,1.331,1.33,1.33,397.46
2025-01-13 10:54:00,1.331,1.332,1.331,1.332,860.14
2025-01-13 10:55:00,1.332,1.332,1.332,1.332,0.0
2025-01-13 10:56:00,1.332,1.336,1.332,1.336,2200.6
2025-01-13 10:57:00,1.335,1.338,1.335,1.338,1070.72
2025-01-13 10:58:00,1.339,1.339,1.338,1.338,852.07
2025-01-13 10:59:00,1.338,1.338,1.336,1.336,120.58
2025-01-13 11:00:00,1.336,1.337,1.334,1.334,553.4
2025-01-13 11:01:00,1.334,1.336,1.334,1.335,574.43
2025-01-13 11:02:00,1.335,1.335,1.335,1.335,0.0
2025-01-13 11:03:00,1.337,1.338,1.336,1.338,83.92
2025-01-13 11:04:00,1.337,1.338,1.337,1.337,160.67
2025-01-13 11:05:00,1.338,1.338,1.337,1.337,797.68
2025-01-13 11:06:00,1.336,1.336,1.334,1.334,103.45
2025-01-13 11:07:00,1.334,1.334,1.334,1.334,208.64
2025-01-13 11:08:00,1.333,1.333,1.331,1.331,147.44
2025-01-13 11:09:00,1.331,1.331,1.33,1.33,640.42
2025-01-13 11:10:00,1.33,1.33,1.33,1.33,0.0
2025-01-13 11:11:00,1.331,1.331,1.331,1.331,20.0
2025-01-13 11:12:00,1.33,1.333,1.33,1.332,1395.38
2025-01-13 11:13:00,1.331,1.331,1.33,1.33,135.08
2025-01-13 11:14:00,1.331,1.331,1.33,1.33,333.05
2025-01-13 11:15:00,1.33,1.33,1.33,1.33,6.61
2025-01-13 11:16:00,1.329,1.332,1.329,1.332,772.93
2025-01-13 11:17:00,1.332,1.332,1.33,1.331,665.8
2025-01-13 11:18:00,1.331,1.333,1.331,1.333,389.41
2025-01-13 11:19:00,1.333,1.333,1.332,1.332,45.39
2025-01-13 11:20:00,1.332,1.332,1.332,1.332,60.53
2025-01-13 11:21:00,1.336,1.336,1.336,1.336,116.0
2025-01-13 11:22:00,1.335,1.338,1.335,1.338,609.21
2025-01-13 11:23:00,1.337,1.338,1.337,1.338,221.06
2025-01-13 11:24:00,1.336,1.337,1.336,1.337,488.04
2025-01-13 11:25:00,1.334,1.334,1.334,1.334,207.51
2025-01-13 11:26:00,1.334,1.334,1.333,1.333,192.63
2025-01-13 11:27:00,1.333,1.333,1.333,1.333,0.0
2025-01-13 11:28:00,1.33,1.33,1.329,1.33,772.17
2025-01-13 11:29:00,1.328,1.33,1.328,1.33,910.53
2025-01-13 11:30:00,1.33,1.333,1.33,1.333,164.43
2025-01-13 11:31:00,1.331,1.331,1.33,1.33,1886.02
2025-01-13 11:32:00,1.33,1.33,1.326,1.327,2282.16
2025-01-13 11:33:00,1.327,1.327,1.324,1.326,2829.38
2025-01-13 11:34:00,1.326,1.326,1.325,1.326,429.72
2025-01-13 11:35:00,1.326,1.326,1.326,1.326,74.86
2025-01-13 11:36:00,1.329,1.329,1.324,1.324,160.17
2025-01-13 11:37:00,1.326,1.327,1.323,1.323,351.93
2025-01-13 11:38:00,1.323,1.323,1.321,1.321,467.99
2025-01-13 11:39:00,1.322,1.324,1.321,1.322,183.56
2025-01-13 11:40:00,1.321,1.321,1.318,1.318,5593.84
2025-01-13 11:41:00,1.318,1.319,1.318,1.318,354.56
2025-01-13 11:42:00,1.317,1.317,1.313,1.314,5552.32
2025-01-13 11:43:00,1.315,1.316,1.313,1.314,3203.92
2025-01-13 11:44:00,1.316,1.317,1.314,1.317,2602.41
2025-01-13 11:45:00,1.318,1.322,1.317,1.32,3313.77
2025-01-13 11:46:00,1.319,1.325,1.319,1.324,1345.89
2025-01-13 11:47:00,1.323,1.327,1.323,1.327,2195.83
2025-01-13 11:48:00,1.324,1.324,1.324,1.324,5.68
2025-01-13 11:49:00,1.325,1.325,1.322,1.322,1056.24
2025-01-13 11:50:00,1.323,1.325,1.323,1.323,1224.42
2025-01-13 11:51:00,1.324,1.325,1.322,1.323,124.56
2025-01-13 11:52:00,1.324,1.324,1.323,1.323,101.02
2025-01-13 11:53:00,1.323,1.323,1.319,1.319,830.64
2025-01-13 11:54:00,1.319,1.319,1.319,1.319,436.84
2025-01-13 11:55:00,1.318,1.318,1.316,1.316,406.56
2025-01-13 11:56:00,1.316,1.317,1.315,1.316,4605.02
2025-01-13 11:57:00,1.318,1.318,1.313,1.314,1178.57
2025-01-13 11:58:00,1.313,1.313,1.309,1.31,2836.63
2025-01-13 11:59:00,1.309,1.31,1.309,1.31,817.14
2025-01-13 12:00:00,1.31,1.313,1.31,1.313,783.84
2025-01-13 12:01:00,1.311,1.315,1.311,1.315,1105.12
2025-01-13 12:02:00,1.314,1.314,1.312,1.313,2380.98
2025-01-13 12:03:00,1.311,1.311,1.309,1.31,2735.5
2025-01-13 12:04:00,1.311,1.312,1.306,1.306,5490.54
2025-01-13 12:05:00,1.307,1.312,1.307,1.31,901.31
2025-01-13 12:06:00,1.31,1.316,1.31,1.316,649.21
2025-01-13 12:07:00,1.317,1.321,1.317,1.32,1253.35
2025-01-13 12:08:00,1.321,1.322,1.32,1.32,159.91
2025-01-13 12:09:00,1.32,1.321,1.319,1.321,478.61
2025-01-13 12:10:00,1.324,1.328,1.324,1.327,1197.18
2025-01-13 12:11:00,1.328,1.331,1.328,1.33,14839.16
2025-01-13 12:12:00,1.33,1.33,1.328,1.329,13954.62
2025-01-13 12:13:00,1.329,1.329,1.329,1.329,603.21
2025-01-13 12:14:00,1.329,1.329,1.324,1.324,557.69
2025-01-13 12:15:00,1.324,1.326,1.323,1.326,6746.58
2025-01-13 12:16:00,1.324,1.325,1.322,1.323,4567.74
2025-01-13 12:17:00,1.322,1.322,1.32,1.32,487.14
2025-01-13 12:18:00,1.321,1.322,1.321,1.321,378.48
2025-01-13 12:19:00,1.322,1.322,1.322,1.322,284.05
2025-01-13 12:20:00,1.326,1.33,1.326,1.33,1643.04
2025-01-13 12:21:00,1.331,1.331,1.331,1.331,36.12
2025-01-13 12:22:00,1.332,1.332,1.329,1.329,281.68
2025-01-13 12:23:00,1.331,1.331,1.331,1.331,6.11
2025-01-13 12:24:00,1.33,1.33,1.329,1.329,326.32
2025-01-13 12:25:00,1.326,1.327,1.326,1.326,1595.92
2025-01-13 12:26:00,1.327,1.328,1.327,1.328,29.55
2025-01-13 12:27:00,1.327,1.328,1.327,1.328,4632.03
2025-01-13 12:28:00,1.328,1.329,1.328,1.329,8485.69
2025-01-13 12:29:00,1.329,1.329,1.329,1.329,36.18
2025-01-13 12:30:00,1.328,1.328,1.327,1.328,1072.25
2025-01-13 12:31:00,1.328,1.328,1.327,1.328,424.11
2025-01-13 12:32:00,1.329,1.329,1.326,1.327,508.74
2025-01-13 12:33:00,1.324,1.325,1.324,1.325,1074.52
2025-01-13 12:34:00,1.326,1.326,1.325,1.325,151.63
2025-01-13 12:35:00,1.326,1.326,1.325,1.325,474.25
2025-01-13 12:36:00,1.323,1.323,1.323,1.323,130.0
2025-01-13 12:37:00,1.324,1.325,1.322,1.322,4983.28
2025-01-13 12:38:00,1.323,1.324,1.32,1.323,1260.85
2025-01-13 12:39:00,1.323,1.323,1.32,1.32,315.25
2025-01-13 12:40:00,1.32,1.321,1.319,1.321,1362.34
2025-01-13 12:41:00,1.323,1.324,1.322,1.324,228.65
2025-01-13 12:42:00,1.323,1.325,1.322,1.325,1039.27
2025-01-13 12:43:00,1.326,1.329,1.326,1.329,605.47
2025-01-13 12:44:00,1.33,1.33,1.329,1.329,1533.59
2025-01-13 12:45:00,1.334,1.334,1.33,1.331,1038.85
2025-01-13 12:46:00,1.329,1.332,1.329,1.332,389.25
2025-01-13 12:47:00,1.331,1.331,1.328,1.33,1676.02
2025-01-13 12:48:00,1.328,1.33,1.328,1.33,745.35
2025-01-13 12:49:00,1.331,1.331,1.327,1.327,219.63
2025-01-13 12:50:00,1.33,1.331,1.33,1.331,122.36
2025-01-13 12:51:00,1.33,1.331,1.33,1.331,1697.59
2025-01-13 12:52:00,1.331,1.331,1.329,1.331,847.65
2025-01-13 12:53:00,1.331,1.332,1.331,1.332,247.48
2025-01-13 12:54:00,1.334,1.335,1.334,1.335,11.71
2025-01-13 12:55:00,1.332,1.332,1.33,1.33,346.13
2025-01-13 12:56:00,1.329,1.329,1.329,1.329,108.45
2025-01-13 12:57:00,1.331,1.331,1.331,1.331,196.91
2025-01-13 12:58:00,1.332,1.332,1.33,1.33,196.15
2025-01-13 12:59:00,1.331,1.331,1.331,1.331,150.26
2025-01-13 13:00:00,1.331,1.331,1.326,1.326,212.26
2025-01-13 13:01:00,1.326,1.328,1.326,1.327,73.09
2025-01-13 13:02:00,1.325,1.325,1.325,1.325,229.27
2025-01-13 13:03:00,1.328,1.328,1.328,1.328,641.1
2025-01-13 13:04:00,1.328,1.331,1.328,1.331,329.95
2025-01-13 13:05:00,1.333,1.337,1.333,1.335,841.41
2025-01-13 13:06:00,1.336,1.338,1.336,1.338,12.24
2025-01-13 13:07:00,1.337,1.338,1.337,1.338,136.98
2025-01-13 13:08:00,1.339,1.342,1.338,1.342,91.01
2025-01-13 13:09:00,1.346,1.346,1.346,1.346,36.03
2025-01-13 13:10:00,1.347,1.347,1.344,1.344,2438.88
2025-01-13 13:11:00,1.344,1.345,1.344,1.345,190.33
2025-01-13 13:12:00,1.345,1.346,1.345,1.346,137.14
2025-01-13 13:13:00,1.345,1.346,1.344,1.346,225.36
2025-01-13 13:14:00,1.345,1.345,1.345,1.345,41.34
2025-01-13 13:15:00,1.347,1.349,1.347,1.349,118.74
2025-01-13 13:16:00,1.35,1.353,1.35,1.35,1690.95
2025-01-13 13:17:00,1.35,1.354,1.35,1.354,327.7
2025-01-13 13:18:00,1.357,1.36,1.356,1.36,2389.44
2025-01-13 13:19:00,1.361,1.362,1.361,1.362,360.36
2025-01-13 13:20:00,1.362,1.362,1.359,1.359,736.51
2025-01-13 13:21:00,1.36,1.36,1.354,1.355,1723.08
2025-01-13 13:22:00,1.354,1.358,1.351,1.358,4672.75
2025-01-13 13:23:00,1.357,1.361,1.357,1.36,18770.16
2025-01-13 13:24:00,1.359,1.36,1.359,1.36,376.13
2025-01-13 13:25:00,1.355,1.355,1.355,1.355,627.85
2025-01-13 13:26:00,1.356,1.361,1.356,1.361,1263.33
2025-01-13 13:27:00,1.358,1.358,1.356,1.356,1027.08
2025-01-13 13:28:00,1.354,1.355,1.353,1.354,1915.44
2025-01-13 13:29:00,1.354,1.354,1.349,1.35,2536.03
2025-01-13 13:30:00,1.35,1.35,1.345,1.346,4004.69
2025-01-13 13:31:00,1.347,1.348,1.346,1.347,910.28
2025-01-13 13:32:00,1.348,1.351,1.348,1.35,2822.73
2025-01-13 13:33:00,1.35,1.351,1.35,1.351,811.34
2025-01-13 13:34:00,1.35,1.351,1.349,1.351,561.69
2025-01-13 13:35:00,1.35,1.352,1.35,1.351,486.87
2025-01-13 13:36:00,1.351,1.351,1.35,1.35,1355.04
2025-01-13 13:37:00,1.35,1.35,1.349,1.349,1673.29
2025-01-13 13:38:00,1.35,1.35,1.346,1.346,827.13
2025-01-13 13:39:00,1.347,1.348,1.346,1.346,411.15
2025-01-13 13:40:00,1.346,1.346,1.344,1.344,1131.03
2025-01-13 13:41:00,1.344,1.346,1.344,1.346,4718.02
2025-01-13 13:42:00,1.346,1.346,1.344,1.345,1645.68
2025-01-13 13:43:00,1.344,1.345,1.343,1.343,344.32
2025-01-13 13:44:00,1.343,1.345,1.343,1.345,809.62
2025-01-13 13:45:00,1.345,1.345,1.342,1.344,2687.3
2025-01-13 13:46:00,1.344,1.344,1.34,1.34,863.37
2025-01-13 13:47:00,1.34,1.34,1.339,1.339,1231.99
2025-01-13 13:48:00,1.338,1.339,1.338,1.339,708.47
2025-01-13 13:49:00,1.339,1.339,1.336,1.336,864.96
2025-01-13 13:50:00,1.337,1.34,1.337,1.34,1443.17
2025-01-13 13:51:00,1.341,1.341,1.34,1.341,903.51
2025-01-13 13:52:00,1.34,1.341,1.339,1.341,465.89
2025-01-13 13:53:00,1.34,1.342,1.34,1.342,1188.11
2025-01-13 13:54:00,1.342,1.344,1.342,1.342,384.31
2025-01-13 13:55:00,1.342,1.343,1.342,1.343,212.92
2025-01-13 13:56:00,1.344,1.344,1.342,1.342,129.26
2025-01-13 13:57:00,1.343,1.343,1.342,1.342,349.17
2025-01-13 13:58:00,1.343,1.344,1.343,1.344,70.16
2025-01-13 13:59:00,1.345,1.345,1.342,1.342,812.07
2025-01-13 14:00:00,1.343,1.343,1.341,1.343,2418.47
2025-01-13 14:01:00,1.342,1.343,1.341,1.342,2441.42
2025-01-13 14:02:00,1.342,1.342,1.34,1.34,490.54
2025-01-13 14:03:00,1.339,1.339,1.336,1.336,3007.42
2025-01-13 14:04:00,1.338,1.342,1.338,1.342,1067.69
2025-01-13 14:05:00,1.343,1.343,1.339,1.339,827.61
2025-01-13 14:06:00,1.34,1.345,1.34,1.345,2130.77
2025-01-13 14:07:00,1.345,1.346,1.343,1.344,1090.23
2025-01-13 14:08:00,1.344,1.348,1.344,1.348,1075.57
2025-01-13 14:09:00,1.347,1.347,1.346,1.346,312.8
2025-01-13 14:10:00,1.347,1.347,1.343,1.343,1541.61
2025-01-13 14:11:00,1.342,1.343,1.341,1.342,604.08
2025-01-13 14:12:00,1.341,1.344,1.341,1.344,857.55
2025-01-13 14:13:00,1.344,1.346,1.344,1.346,637.11
2025-01-13 14:14:00,1.346,1.346,1.343,1.344,6095.37
2025-01-13 14:15:00,1.345,1.347,1.344,1.346,746.09
2025-01-13 14:16:00,1.346,1.346,1.344,1.345,1039.24
2025-01-13 14:17:00,1.345,1.346,1.345,1.346,303.94
2025-01-13 14:18:00,1.346,1.347,1.345,1.346,1886.36
2025-01-13 14:19:00,1.347,1.347,1.345,1.345,724.68
2025-01-13 14:20:00,1.345,1.347,1.345,1.347,1344.65
2025-01-13 14:21:00,1.349,1.349,1.344,1.344,2534.27
2025-01-13 14:22:00,1.344,1.345,1.344,1.345,1614.93
2025-01-13 14:23:00,1.344,1.345,1.344,1.345,556.2
2025-01-13 14:24:00,1.346,1.347,1.344,1.344,1755.73
2025-01-13 14:25:00,1.343,1.344,1.343,1.343,735.25
2025-01-13 14:26:00,1.342,1.342,1.34,1.341,569.22
2025-01-13 14:27:00,1.341,1.341,1.34,1.341,237.59
2025-01-13 14:28:00,1.341,1.341,1.34,1.341,840.48
2025-01-13 14:29:00,1.342,1.345,1.342,1.345,538.82
2025-01-13 14:30:00,1.344,1.346,1.342,1.346,1472.78
2025-01-13 14:31:00,1.345,1.345,1.341,1.342,873.68
2025-01-13 14:32:00,1.342,1.344,1.341,1.341,2659.55
2025-01-13 14:33:00,1.34,1.34,1.328,1.328,9426.0
2025-01-13 14:34:00,1.328,1.331,1.318,1.322,36845.67
2025-01-13 14:35:00,1.323,1.332,1.314,1.319,30877.25
2025-01-13 14:36:00,1.318,1.337,1.316,1.333,24372.29
2025-01-13 14:37:00,1.333,1.342,1.332,1.34,11093.37
2025-01-13 14:38:00,1.34,1.351,1.34,1.351,9928.45
2025-01-13 14:39:00,1.352,1.354,1.348,1.349,12021.29
2025-01-13 14:40:00,1.349,1.36,1.349,1.357,21223.6
2025-01-13 14:41:00,1.357,1.362,1.355,1.355,6420.31
2025-01-13 14:42:00,1.355,1.359,1.354,1.358,2310.91
2025-01-13 14:43:00,1.359,1.365,1.355,1.365,3067.62
2025-01-13 14:44:00,1.366,1.368,1.364,1.366,5877.49
2025-01-13 14:45:00,1.365,1.368,1.363,1.365,5123.32
2025-01-13 14:46:00,1.365,1.365,1.36,1.362,4743.15
2025-01-13 14:47:00,1.362,1.364,1.36,1.362,2405.38
2025-01-13 14:48:00,1.364,1.37,1.364,1.369,2862.58
2025-01-13 14:49:00,1.37,1.371,1.368,1.369,2718.55
2025-01-13 14:50:00,1.371,1.371,1.368,1.371,3171.97
2025-01-13 14:51:00,1.371,1.38,1.37,1.379,7949.78
2025-01-13 14:52:00,1.38,1.385,1.378,1.384,5126.25
2025-01-13 14:53:00,1.385,1.385,1.382,1.384,4117.25
2025-01-13 14:54:00,1.384,1.389,1.384,1.389,862.4
2025-01-13 14:55:00,1.389,1.389,1.386,1.386,1037.67
2025-01-13 14:56:00,1.388,1.392,1.387,1.39,1283.04
2025-01-13 14:57:00,1.39,1.39,1.386,1.386,1502.89
2025-01-13 14:58:00,1.385,1.385,1.381,1.381,2713.91
2025-01-13 14:59:00,1.381,1.381,1.376,1.38,2745.2
2025-01-13 15:00:00,1.38,1.381,1.377,1.381,2769.3
2025-01-13 15:01:00,1.38,1.38,1.375,1.376,521.67
2025-01-13 15:02:00,1.381,1.386,1.381,1.386,1102.63
2025-01-13 15:03:00,1.385,1.386,1.385,1.385,1147.12
2025-01-13 15:04:00,1.383,1.386,1.383,1.386,394.23
2025-01-13 15:05:00,1.386,1.388,1.384,1.388,844.93
2025-01-13 15:06:00,1.391,1.394,1.391,1.393,554.81
2025-01-13 15:07:00,1.393,1.395,1.393,1.394,601.04
2025-01-13 15:08:00,1.394,1.398,1.394,1.398,633.04
2025-01-13 15:09:00,1.399,1.399,1.395,1.397,4360.01
2025-01-13 15:10:00,1.398,1.398,1.392,1.392,1517.76
2025-01-13 15:11:00,1.392,1.393,1.392,1.393,198.48
2025-01-13 15:12:00,1.392,1.395,1.392,1.395,60.49
2025-01-13 15:13:00,1.396,1.396,1.393,1.396,649.77
2025-01-13 15:14:00,1.395,1.397,1.395,1.396,435.89
2025-01-13 15:15:00,1.395,1.396,1.392,1.393,1272.38
2025-01-13 15:16:00,1.392,1.392,1.388,1.392,2721.26
2025-01-13 15:17:00,1.391,1.394,1.389,1.394,5504.64
2025-01-13 15:18:00,1.395,1.4,1.393,1.4,3170.3
2025-01-13 15:19:00,1.4,1.402,1.398,1.401,1239.78
2025-01-13 15:20:00,1.398,1.401,1.398,1.4,1129.07
2025-01-13 15:21:00,1.403,1.404,1.402,1.404,381.76
2025-01-13 15:22:00,1.405,1.405,1.402,1.402,351.65
2025-01-13 15:23:00,1.403,1.405,1.403,1.405,411.5
2025-01-13 15:24:00,1.404,1.404,1.398,1.398,856.19
2025-01-13 15:25:00,1.398,1.398,1.395,1.395,772.45
2025-01-13 15:26:00,1.394,1.396,1.39,1.391,245.47
2025-01-13 15:27:00,1.394,1.396,1.393,1.393,8272.69
2025-01-13 15:28:00,1.395,1.395,1.39,1.39,549.14
2025-01-13 15:29:00,1.388,1.388,1.386,1.386,144.69
2025-01-13 15:30:00,1.391,1.391,1.385,1.387,2538.25
2025-01-13 15:31:00,1.389,1.392,1.389,1.39,881.56
2025-01-13 15:32:00,1.389,1.393,1.389,1.393,303.12
2025-01-13 15:33:00,1.393,1.393,1.39,1.392,549.84
2025-01-13 15:34:00,1.39,1.39,1.388,1.388,2226.04
2025-01-13 15:35:00,1.388,1.391,1.388,1.39,235.34
2025-01-13 15:36:00,1.393,1.394,1.39,1.391,1735.17
2025-01-13 15:37:00,1.39,1.393,1.39,1.393,300.49
2025-01-13 15:38:00,1.391,1.393,1.39,1.39,2258.23
2025-01-13 15:39:00,1.392,1.397,1.392,1.396,431.39
2025-01-13 15:40:00,1.397,1.397,1.395,1.395,572.64
2025-01-13 15:41:00,1.399,1.403,1.399,1.403,79.14
2025-01-13 15:42:00,1.4,1.401,1.4,1.4,229.61
2025-01-13 15:43:00,1.4,1.4,1.397,1.397,762.43
2025-01-13 15:44:00,1.397,1.4,1.397,1.398,522.92
2025-01-13 15:45:00,1.399,1.399,1.397,1.397,881.63
2025-01-13 15:46:00,1.395,1.396,1.392,1.393,1047.61
2025-01-13 15:47:00,1.393,1.393,1.39,1.39,411.08
2025-01-13 15:48:00,1.389,1.389,1.388,1.388,33.54
2025-01-13 15:49:00,1.391,1.393,1.389,1.391,1040.43
2025-01-13 15:50:00,1.392,1.392,1.391,1.392,105.24
2025-01-13 15:51:00,1.394,1.394,1.391,1.393,78.15
2025-01-13 15:52:00,1.389,1.389,1.388,1.389,28.1
2025-01-13 15:53:00,1.388,1.39,1.388,1.388,738.99
2025-01-13 15:54:00,1.388,1.388,1.385,1.385,144.93
2025-01-13 15:55:00,1.385,1.386,1.385,1.385,588.64
2025-01-13 15:56:00,1.386,1.387,1.385,1.385,435.89
2025-01-13 15:57:00,1.385,1.385,1.385,1.385,88.0
2025-01-13 15:58:00,1.387,1.389,1.387,1.389,53.38
2025-01-13 15:59:00,1.388,1.388,1.386,1.386,274.98
2025-01-13 16:00:00,1.386,1.386,1.378,1.379,1598.58
2025-01-13 16:01:00,1.381,1.384,1.38,1.383,1578.83
2025-01-13 16:02:00,1.385,1.385,1.383,1.383,228.47
2025-01-13 16:03:00,1.383,1.386,1.383,1.385,407.46
2025-01-13 16:04:00,1.385,1.386,1.383,1.383,206.21
2025-01-13 16:05:00,1.386,1.387,1.385,1.385,72.28
2025-01-13 16:06:00,1.383,1.384,1.383,1.384,614.83
2025-01-13 16:07:00,1.385,1.387,1.385,1.386,230.79
2025-01-13 16:08:00,1.386,1.387,1.383,1.384,460.86
2025-01-13 16:09:00,1.382,1.382,1.38,1.38,141.85
2025-01-13 16:10:00,1.378,1.38,1.377,1.377,1093.94
2025-01-13 16:11:00,1.378,1.379,1.376,1.378,63.56
2025-01-13 16:12:00,1.378,1.378,1.375,1.375,906.73
2025-01-13 16:13:00,1.375,1.375,1.373,1.374,1332.93
2025-01-13 16:14:00,1.372,1.376,1.371,1.376,1281.23
2025-01-13 16:15:00,1.379,1.379,1.375,1.375,53.84
2025-01-13 16:16:00,1.378,1.379,1.376,1.376,399.23
2025-01-13 16:17:00,1.375,1.375,1.371,1.372,1130.48
2025-01-13 16:18:00,1.373,1.373,1.37,1.371,198.43
2025-01-13 16:19:00,1.371,1.371,1.368,1.368,471.88
2025-01-13 16:20:00,1.37,1.371,1.368,1.37,441.87
2025-01-13 16:21:00,1.367,1.368,1.365,1.366,989.75
2025-01-13 16:22:00,1.366,1.366,1.363,1.365,2320.88
2025-01-13 16:23:00,1.366,1.366,1.363,1.365,303.19
2025-01-13 16:24:00,1.367,1.367,1.366,1.366,132.13
2025-01-13 16:25:00,1.366,1.37,1.366,1.37,245.77
2025-01-13 16:26:00,1.37,1.37,1.367,1.367,1521.73
2025-01-13 16:27:00,1.368,1.368,1.366,1.368,36.07
2025-01-13 16:28:00,1.368,1.368,1.366,1.366,59.87
2025-01-13 16:29:00,1.365,1.365,1.365,1.365,32.12
2025-01-13 16:30:00,1.364,1.369,1.364,1.368,2085.36
2025-01-13 16:31:00,1.369,1.371,1.369,1.371,76.82
2025-01-13 16:32:00,1.371,1.371,1.37,1.37,56.33
2025-01-13 16:33:00,1.37,1.371,1.37,1.371,644.49
2025-01-13 16:34:00,1.37,1.37,1.37,1.37,16.0
2025-01-13 16:35:00,1.369,1.371,1.369,1.37,575.88
2025-01-13 16:36:00,1.371,1.372,1.37,1.372,560.12
2025-01-13 16:37:00,1.37,1.37,1.369,1.369,1032.72
2025-01-13 16:38:00,1.37,1.37,1.369,1.369,25.49
2025-01-13 16:39:00,1.369,1.369,1.368,1.369,385.15
2025-01-13 16:40:00,1.369,1.371,1.368,1.369,336.8
2025-01-13 16:41:00,1.369,1.372,1.369,1.372,1803.66
2025-01-13 16:42:00,1.371,1.371,1.369,1.369,164.92
2025-01-13 16:43:00,1.367,1.368,1.367,1.368,171.56
2025-01-13 16:44:00,1.369,1.371,1.369,1.371,28.25
2025-01-13 16:45:00,1.371,1.374,1.37,1.374,163.22
2025-01-13 16:46:00,1.375,1.375,1.372,1.372,163.19
2025-01-13 16:47:00,1.372,1.374,1.372,1.372,65.51
2025-01-13 16:48:00,1.372,1.372,1.37,1.37,325.9
2025-01-13 16:49:00,1.369,1.369,1.368,1.368,36.18
2025-01-13 16:50:00,1.367,1.367,1.367,1.367,825.15
2025-01-13 16:51:00,1.365,1.367,1.365,1.365,967.42
2025-01-13 16:52:00,1.365,1.366,1.365,1.365,266.04
2025-01-13 16:53:00,1.364,1.364,1.361,1.361,364.2
2025-01-13 16:54:00,1.362,1.362,1.362,1.362,540.0
2025-01-13 16:55:00,1.361,1.361,1.361,1.361,236.67
2025-01-13 16:56:00,1.361,1.361,1.358,1.358,85.2
2025-01-13 16:57:00,1.358,1.36,1.358,1.359,1609.65
2025-01-13 16:58:00,1.358,1.358,1.354,1.356,2227.84
2025-01-13 16:59:00,1.355,1.356,1.355,1.356,96.84
2025-01-13 17:00:00,1.354,1.354,1.353,1.353,23.77
2025-01-13 17:01:00,1.358,1.359,1.357,1.358,187.67
2025-01-13 17:02:00,1.356,1.359,1.356,1.359,359.21
2025-01-13 17:03:00,1.36,1.36,1.358,1.36,244.76
2025-01-13 17:04:00,1.359,1.359,1.356,1.356,32.24
2025-01-13 17:05:00,1.356,1.356,1.355,1.355,969.27
2025-01-13 17:06:00,1.357,1.357,1.353,1.353,622.7
2025-01-13 17:07:00,1.354,1.357,1.354,1.357,389.64
2025-01-13 17:08:00,1.356,1.358,1.356,1.358,138.85
2025-01-13 17:09:00,1.361,1.363,1.361,1.363,406.62
2025-01-13 17:10:00,1.364,1.366,1.364,1.366,197.73
2025-01-13 17:11:00,1.365,1.367,1.364,1.367,692.54
2025-01-13 17:12:00,1.367,1.367,1.363,1.363,649.87
2025-01-13 17:13:00,1.363,1.363,1.361,1.361,102.29
2025-01-13 17:14:00,1.361,1.364,1.361,1.364,32.1
2025-01-13 17:15:00,1.362,1.364,1.362,1.364,631.16
2025-01-13 17:16:00,1.366,1.368,1.366,1.367,31.2
2025-01-13 17:17:00,1.367,1.367,1.367,1.367,15.99
2025-01-13 17:18:00,1.367,1.368,1.364,1.364,29.18
2025-01-13 17:19:00,1.364,1.368,1.364,1.368,1064.4
2025-01-13 17:20:00,1.366,1.366,1.365,1.365,20.67
2025-01-13 17:21:00,1.364,1.365,1.363,1.363,169.6
2025-01-13 17:22:00,1.363,1.365,1.361,1.365,533.24
2025-01-13 17:23:00,1.364,1.364,1.364,1.364,95.37
2025-01-13 17:24:00,1.365,1.365,1.364,1.364,366.63
2025-01-13 17:25:00,1.363,1.366,1.362,1.365,823.22
2025-01-13 17:26:00,1.365,1.365,1.364,1.365,383.38
2025-01-13 17:27:00,1.365,1.37,1.365,1.368,879.41
2025-01-13 17:28:00,1.368,1.369,1.367,1.369,46.82
2025-01-13 17:29:00,1.37,1.371,1.368,1.368,74.25
2025-01-13 17:30:00,1.368,1.368,1.362,1.362,2368.3
2025-01-13 17:31:00,1.363,1.365,1.363,1.363,147.56
2025-01-13 17:32:00,1.363,1.365,1.362,1.362,64.3
2025-01-13 17:33:00,1.363,1.368,1.363,1.368,1597.66
2025-01-13 17:34:00,1.369,1.369,1.368,1.368,220.85
2025-01-13 17:35:00,1.37,1.37,1.368,1.368,159.59
2025-01-13 17:36:00,1.367,1.367,1.366,1.366,57.96
2025-01-13 17:37:00,1.366,1.366,1.363,1.363,414.59
2025-01-13 17:38:00,1.363,1.363,1.362,1.363,326.37
2025-01-13 17:39:00,1.361,1.361,1.358,1.358,2026.6
2025-01-13 17:40:00,1.358,1.358,1.356,1.356,169.5
2025-01-13 17:41:00,1.355,1.356,1.353,1.356,1092.68
2025-01-13 17:42:00,1.355,1.355,1.353,1.355,1873.04
2025-01-13 17:43:00,1.355,1.355,1.351,1.351,1042.87
2025-01-13 17:44:00,1.351,1.352,1.351,1.351,534.54
2025-01-13 17:45:00,1.352,1.355,1.351,1.355,377.44
2025-01-13 17:46:00,1.355,1.355,1.354,1.355,251.63
2025-01-13 17:47:00,1.355,1.356,1.353,1.353,39.43
2025-01-13 17:48:00,1.354,1.354,1.351,1.351,578.8
2025-01-13 17:49:00,1.35,1.35,1.347,1.348,1156.2
2025-01-13 17:50:00,1.348,1.349,1.347,1.347,15015.58
2025-01-13 17:51:00,1.347,1.349,1.345,1.345,26589.78
2025-01-13 17:52:00,1.344,1.344,1.342,1.342,95.9
2025-01-13 17:53:00,1.343,1.344,1.342,1.342,629.79
2025-01-13 17:54:00,1.342,1.343,1.342,1.343,594.58
2025-01-13 17:55:00,1.344,1.346,1.344,1.346,57.38
2025-01-13 17:56:00,1.344,1.346,1.344,1.344,606.1
2025-01-13 17:57:00,1.346,1.347,1.345,1.345,561.13
2025-01-13 17:58:00,1.346,1.347,1.345,1.345,805.68
2025-01-13 17:59:00,1.346,1.346,1.345,1.346,343.16
2025-01-13 18:00:00,1.346,1.35,1.346,1.349,699.45
2025-01-13 18:01:00,1.349,1.353,1.349,1.353,1960.05
2025-01-13 18:02:00,1.351,1.354,1.351,1.354,260.72
2025-01-13 18:03:00,1.354,1.359,1.354,1.359,1440.4
2025-01-13 18:04:00,1.358,1.359,1.356,1.356,146.03
2025-01-13 18:05:00,1.358,1.358,1.355,1.355,625.29
2025-01-13 18:06:00,1.355,1.357,1.354,1.357,86.82
2025-01-13 18:07:00,1.357,1.357,1.354,1.354,159.93
2025-01-13 18:08:00,1.355,1.357,1.355,1.355,303.21
2025-01-13 18:09:00,1.355,1.355,1.352,1.352,770.82
2025-01-13 18:10:00,1.352,1.352,1.35,1.35,283.87
2025-01-13 18:11:00,1.347,1.348,1.347,1.347,238.24
2025-01-13 18:12:00,1.346,1.347,1.345,1.345,320.34
2025-01-13 18:13:00,1.344,1.344,1.343,1.344,408.36
2025-01-13 18:14:00,1.345,1.345,1.342,1.342,127.88
2025-01-13 18:15:00,1.343,1.343,1.34,1.342,1026.38
2025-01-13 18:16:00,1.342,1.342,1.339,1.339,498.39
2025-01-13 18:17:00,1.337,1.339,1.337,1.338,251.93
2025-01-13 18:18:00,1.337,1.338,1.333,1.334,969.21
2025-01-13 18:19:00,1.334,1.335,1.331,1.332,169.64
2025-01-13 18:20:00,1.331,1.332,1.329,1.329,118.31
2025-01-13 18:21:00,1.328,1.329,1.328,1.328,508.96
2025-01-13 18:22:00,1.328,1.329,1.327,1.328,500.52
2025-01-13 18:23:00,1.329,1.334,1.329,1.331,507.63
2025-01-13 18:24:00,1.33,1.33,1.329,1.329,733.87
2025-01-13 18:25:00,1.328,1.331,1.328,1.331,44.9
2025-01-13 18:26:00,1.333,1.333,1.329,1.33,95.46
2025-01-13 18:27:00,1.331,1.333,1.327,1.327,668.79
2025-01-13 18:28:00,1.328,1.328,1.326,1.326,795.11
2025-01-13 18:29:00,1.326,1.326,1.324,1.324,286.28
2025-01-13 18:30:00,1.326,1.333,1.325,1.333,821.41
2025-01-13 18:31:00,1.332,1.332,1.328,1.332,1129.78
2025-01-13 18:32:00,1.333,1.333,1.332,1.332,125.33
2025-01-13 18:33:00,1.334,1.335,1.334,1.335,32.73
2025-01-13 18:34:00,1.336,1.337,1.334,1.334,1222.74
2025-01-13 18:35:00,1.337,1.338,1.336,1.337,340.76
2025-01-13 18:36:00,1.338,1.341,1.338,1.341,317.76
2025-01-13 18:37:00,1.34,1.34,1.337,1.338,911.84
2025-01-13 18:38:00,1.338,1.339,1.337,1.339,1187.28
2025-01-13 18:39:00,1.339,1.341,1.339,1.339,1034.22
2025-01-13 18:40:00,1.339,1.341,1.339,1.341,919.85
2025-01-13 18:41:00,1.34,1.34,1.336,1.336,1636.27
2025-01-13 18:42:00,1.335,1.336,1.334,1.335,421.69
2025-01-13 18:43:00,1.333,1.334,1.333,1.333,28.85
2025-01-13 18:44:00,1.333,1.336,1.333,1.335,543.06
2025-01-13 18:45:00,1.333,1.333,1.331,1.332,938.23
2025-01-13 18:46:00,1.333,1.339,1.333,1.339,1924.79
2025-01-13 18:47:00,1.338,1.34,1.338,1.34,219.44
2025-01-13 18:48:00,1.34,1.341,1.339,1.339,39.74
2025-01-13 18:49:00,1.341,1.344,1.341,1.343,183.86
2025-01-13 18:50:00,1.343,1.346,1.342,1.342,101.95
2025-01-13 18:51:00,1.342,1.344,1.341,1.344,2345.6
2025-01-13 18:52:00,1.343,1.343,1.338,1.339,8219.52
2025-01-13 18:53:00,1.339,1.34,1.338,1.339,756.27
2025-01-13 18:54:00,1.337,1.337,1.337,1.337,50.91
2025-01-13 18:55:00,1.337,1.34,1.336,1.339,1167.7
2025-01-13 18:56:00,1.34,1.341,1.339,1.339,486.98
2025-01-13 18:57:00,1.34,1.341,1.34,1.34,44.81
2025-01-13 18:58:00,1.339,1.339,1.338,1.339,882.5
2025-01-13 18:59:00,1.339,1.339,1.338,1.338,49.21
2025-01-13 19:00:00,1.338,1.338,1.335,1.335,1745.34
2025-01-13 19:01:00,1.336,1.34,1.336,1.339,1924.26
2025-01-13 19:02:00,1.339,1.341,1.337,1.341,516.58
2025-01-13 19:03:00,1.339,1.341,1.339,1.341,262.33
2025-01-13 19:04:00,1.341,1.343,1.341,1.342,945.48
2025-01-13 19:05:00,1.342,1.344,1.342,1.344,226.88
2025-01-13 19:06:00,1.344,1.346,1.343,1.343,1062.32
2025-01-13 19:07:00,1.344,1.347,1.344,1.345,2048.33
2025-01-13 19:08:00,1.344,1.346,1.344,1.346,56.17
2025-01-13 19:09:00,1.345,1.346,1.344,1.344,140.93
2025-01-13 19:10:00,1.345,1.346,1.345,1.345,181.7
2025-01-13 19:11:00,1.345,1.346,1.344,1.345,384.91
2025-01-13 19:12:00,1.345,1.346,1.344,1.346,278.0
2025-01-13 19:13:00,1.345,1.345,1.34,1.34,1020.65
2025-01-13 19:14:00,1.34,1.341,1.34,1.34,579.81
2025-01-13 19:15:00,1.339,1.339,1.335,1.336,2114.29
2025-01-13 19:16:00,1.336,1.336,1.335,1.336,36.16
2025-01-13 19:17:00,1.335,1.335,1.331,1.331,1484.1
2025-01-13 19:18:00,1.331,1.332,1.33,1.33,271.95
2025-01-13 19:19:00,1.335,1.335,1.331,1.331,40.32
2025-01-13 19:20:00,1.329,1.329,1.327,1.328,39.06
2025-01-13 19:21:00,1.328,1.329,1.326,1.326,64.53
2025-01-13 19:22:00,1.329,1.329,1.329,1.329,396.41
2025-01-13 19:23:00,1.329,1.33,1.329,1.329,2130.56
2025-01-13 19:24:00,1.326,1.328,1.326,1.327,1368.93
2025-01-13 19:25:00,1.328,1.329,1.328,1.329,2463.56
2025-01-13 19:26:00,1.329,1.33,1.329,1.329,176.83
2025-01-13 19:27:00,1.331,1.332,1.33,1.332,1582.07
2025-01-13 19:28:00,1.331,1.332,1.33,1.331,916.51
2025-01-13 19:29:00,1.333,1.333,1.332,1.332,32.75
2025-01-13 19:30:00,1.333,1.337,1.333,1.334,1439.36
2025-01-13 19:31:00,1.331,1.332,1.329,1.332,2099.21
2025-01-13 19:32:00,1.331,1.332,1.331,1.332,1697.43
2025-01-13 19:33:00,1.334,1.334,1.33,1.33,341.06
2025-01-13 19:34:00,1.331,1.333,1.33,1.333,201.1
2025-01-13 19:35:00,1.333,1.333,1.324,1.326,22053.45
2025-01-13 19:36:00,1.326,1.335,1.326,1.332,21128.25
2025-01-13 19:37:00,1.332,1.335,1.331,1.335,9070.46
2025-01-13 19:38:00,1.336,1.339,1.336,1.338,202.07
2025-01-13 19:39:00,1.339,1.339,1.338,1.339,1774.52
2025-01-13 19:40:00,1.341,1.343,1.34,1.343,184.99
2025-01-13 19:41:00,1.342,1.347,1.342,1.347,2195.95
2025-01-13 19:42:00,1.346,1.346,1.345,1.346,1066.71
2025-01-13 19:43:00,1.346,1.348,1.343,1.343,6319.0
2025-01-13 19:44:00,1.345,1.348,1.345,1.347,916.14
2025-01-13 19:45:00,1.347,1.351,1.347,1.35,1587.6
2025-01-13 19:46:00,1.35,1.352,1.349,1.349,601.89
2025-01-13 19:47:00,1.349,1.351,1.349,1.35,632.92
2025-01-13 19:48:00,1.352,1.354,1.352,1.352,311.92
2025-01-13 19:49:00,1.349,1.349,1.347,1.347,505.31
2025-01-13 19:50:00,1.346,1.347,1.345,1.347,87.91
2025-01-13 19:51:00,1.347,1.347,1.342,1.342,1978.31
2025-01-13 19:52:00,1.344,1.344,1.342,1.342,147.7
2025-01-13 19:53:00,1.342,1.342,1.341,1.341,111.09
2025-01-13 19:54:00,1.34,1.343,1.34,1.343,254.33
2025-01-13 19:55:00,1.344,1.346,1.344,1.346,240.65
2025-01-13 19:56:00,1.346,1.346,1.344,1.344,33.96
2025-01-13 19:57:00,1.345,1.347,1.345,1.346,597.67
2025-01-13 19:58:00,1.345,1.346,1.343,1.343,44.72
2025-01-13 19:59:00,1.343,1.344,1.343,1.344,32.56
2025-01-13 20:00:00,1.344,1.345,1.342,1.342,772.13
2025-01-13 20:01:00,1.342,1.342,1.34,1.34,536.25
2025-01-13 20:02:00,1.34,1.34,1.34,1.34,16.32
2025-01-13 20:03:00,1.343,1.343,1.339,1.339,2124.48
2025-01-13 20:04:00,1.338,1.34,1.336,1.336,1024.42
2025-01-13 20:05:00,1.336,1.337,1.336,1.337,728.98
2025-01-13 20:06:00,1.336,1.336,1.335,1.335,115.83
2025-01-13 20:07:00,1.335,1.336,1.334,1.335,126.57
2025-01-13 20:08:00,1.336,1.338,1.336,1.338,95.5
2025-01-13 20:09:00,1.337,1.337,1.336,1.336,178.0
2025-01-13 20:10:00,1.335,1.338,1.335,1.338,23.85
2025-01-13 20:11:00,1.338,1.338,1.336,1.336,608.29
2025-01-13 20:12:00,1.337,1.337,1.335,1.336,653.89
2025-01-13 20:13:00,1.335,1.34,1.335,1.34,1030.6
2025-01-13 20:14:00,1.34,1.34,1.337,1.337,32.67
2025-01-13 20:15:00,1.339,1.34,1.338,1.34,166.88
2025-01-13 20:16:00,1.339,1.339,1.338,1.339,1379.59
2025-01-13 20:17:00,1.34,1.343,1.34,1.343,856.99
2025-01-13 20:18:00,1.344,1.344,1.342,1.342,52.76
2025-01-13 20:19:00,1.344,1.345,1.343,1.343,289.69
2025-01-13 20:20:00,1.345,1.346,1.345,1.345,1584.69
2025-01-13 20:21:00,1.346,1.347,1.346,1.347,48.68
2025-01-13 20:22:00,1.348,1.35,1.348,1.349,195.9
2025-01-13 20:23:00,1.347,1.347,1.345,1.345,1528.57
2025-01-13 20:24:00,1.344,1.344,1.344,1.344,32.52
2025-01-13 20:25:00,1.345,1.346,1.345,1.345,103.99
2025-01-13 20:26:00,1.345,1.346,1.344,1.346,55.7
2025-01-13 20:27:00,1.347,1.348,1.347,1.348,67.68
2025-01-13 20:28:00,1.348,1.348,1.347,1.347,32.42
2025-01-13 20:29:00,1.347,1.347,1.346,1.347,387.99
2025-01-13 20:30:00,1.348,1.354,1.348,1.354,5249.79
2025-01-13 20:31:00,1.355,1.355,1.352,1.352,69.23
2025-01-13 20:32:00,1.352,1.355,1.352,1.355,93.47
2025-01-13 20:33:00,1.355,1.356,1.355,1.355,163.59
2025-01-13 20:34:00,1.356,1.36,1.356,1.36,394.95
2025-01-13 20:35:00,1.361,1.361,1.361,1.361,223.17
2025-01-13 20:36:00,1.362,1.362,1.362,1.362,197.37
2025-01-13 20:37:00,1.363,1.365,1.362,1.365,191.42
2025-01-13 20:38:00,1.366,1.367,1.365,1.367,63.89
2025-01-13 20:39:00,1.366,1.366,1.363,1.363,259.02
2025-01-13 20:40:00,1.361,1.366,1.361,1.366,56.42
2025-01-13 20:41:00,1.366,1.367,1.366,1.367,320.21
2025-01-13 20:42:00,1.368,1.37,1.368,1.37,649.53
2025-01-13 20:43:00,1.371,1.373,1.371,1.373,726.08
2025-01-13 20:44:00,1.372,1.373,1.371,1.373,183.03
2025-01-13 20:45:00,1.373,1.379,1.373,1.379,835.4
2025-01-13 20:46:00,1.379,1.382,1.378,1.379,1755.58
2025-01-13 20:47:00,1.378,1.379,1.376,1.378,750.5
2025-01-13 20:48:00,1.382,1.383,1.382,1.383,66.02
2025-01-13 20:49:00,1.383,1.384,1.383,1.384,61.02
2025-01-13 20:50:00,1.385,1.385,1.38,1.382,659.03
2025-01-13 20:51:00,1.382,1.388,1.381,1.388,4376.77
2025-01-13 20:52:00,1.389,1.392,1.389,1.392,1698.46
2025-01-13 20:53:00,1.391,1.393,1.389,1.389,120.34
2025-01-13 20:54:00,1.389,1.391,1.387,1.391,1653.45
2025-01-13 20:55:00,1.394,1.397,1.394,1.395,595.49
2025-01-13 20:56:00,1.394,1.394,1.391,1.391,2038.78
2025-01-13 20:57:00,1.393,1.393,1.391,1.392,1767.81
2025-01-13 20:58:00,1.394,1.394,1.39,1.391,148.47
2025-01-13 20:59:00,1.391,1.391,1.39,1.39,1896.75
2025-01-13 21:00:00,1.39,1.392,1.389,1.392,363.18
2025-01-13 21:01:00,1.391,1.393,1.391,1.393,1913.98
2025-01-13 21:02:00,1.393,1.393,1.391,1.391,84.91
2025-01-13 21:03:00,1.392,1.392,1.386,1.386,899.26
2025-01-13 21:04:00,1.386,1.387,1.383,1.387,432.68
2025-01-13 21:05:00,1.388,1.393,1.388,1.393,2391.8
2025-01-13 21:06:00,1.393,1.393,1.387,1.387,1947.01
2025-01-13 21:07:00,1.385,1.387,1.385,1.385,130.91
2025-01-13 21:08:00,1.385,1.387,1.383,1.387,5423.52
2025-01-13 21:09:00,1.39,1.392,1.386,1.388,11362.65
2025-01-13 21:10:00,1.387,1.389,1.386,1.389,1580.66
2025-01-13 21:11:00,1.389,1.389,1.385,1.386,811.46
2025-01-13 21:12:00,1.386,1.388,1.384,1.388,1012.22
2025-01-13 21:13:00,1.388,1.388,1.385,1.385,102.02
2025-01-13 21:14:00,1.386,1.387,1.385,1.385,430.62
2025-01-13 21:15:00,1.383,1.386,1.382,1.386,1896.62
2025-01-13 21:16:00,1.386,1.388,1.386,1.388,594.63
2025-01-13 21:17:00,1.384,1.384,1.381,1.381,1239.3
2025-01-13 21:18:00,1.38,1.382,1.38,1.38,412.02
2025-01-13 21:19:00,1.382,1.382,1.379,1.379,1808.77
2025-01-13 21:20:00,1.381,1.384,1.381,1.382,2826.32
2025-01-13 21:21:00,1.384,1.384,1.382,1.382,1522.67
2025-01-13 21:22:00,1.384,1.384,1.382,1.382,1450.99
2025-01-13 21:23:00,1.384,1.384,1.384,1.384,135.78
2025-01-13 21:24:00,1.386,1.39,1.386,1.389,1412.24
2025-01-13 21:25:00,1.389,1.391,1.389,1.391,169.68
2025-01-13 21:26:00,1.388,1.389,1.387,1.387,61.16
2025-01-13 21:27:00,1.386,1.386,1.386,1.386,1245.12
2025-01-13 21:28:00,1.385,1.386,1.385,1.386,20.02
2025-01-13 21:29:00,1.386,1.386,1.386,1.386,1634.86
2025-01-13 21:30:00,1.387,1.394,1.387,1.394,4141.22
2025-01-13 21:31:00,1.394,1.394,1.39,1.39,854.77
2025-01-13 21:32:00,1.388,1.389,1.386,1.389,1845.32
2025-01-13 21:33:00,1.387,1.387,1.385,1.385,1781.67
2025-01-13 21:34:00,1.386,1.387,1.385,1.385,351.41
2025-01-13 21:35:00,1.385,1.386,1.384,1.384,2114.58
2025-01-13 21:36:00,1.384,1.384,1.382,1.382,1385.77
2025-01-13 21:37:00,1.385,1.388,1.385,1.388,1337.59
2025-01-13 21:38:00,1.389,1.39,1.389,1.389,1674.71
2025-01-13 21:39:00,1.39,1.394,1.39,1.393,252.98
2025-01-13 21:40:00,1.393,1.398,1.393,1.397,4463.81
2025-01-13 21:41:00,1.397,1.4,1.397,1.4,707.61
2025-01-13 21:42:00,1.4,1.4,1.395,1.396,2948.72
2025-01-13 21:43:00,1.396,1.399,1.396,1.398,397.29
2025-01-13 21:44:00,1.398,1.399,1.397,1.399,2728.98
2025-01-13 21:45:00,1.398,1.398,1.396,1.397,304.2
2025-01-13 21:46:00,1.398,1.398,1.396,1.396,1873.65
2025-01-13 21:47:00,1.394,1.394,1.391,1.391,2079.21
2025-01-13 21:48:00,1.391,1.391,1.389,1.39,282.2
2025-01-13 21:49:00,1.393,1.393,1.391,1.393,2395.82
2025-01-13 21:50:00,1.393,1.395,1.392,1.392,540.99
2025-01-13 21:51:00,1.392,1.392,1.39,1.39,1941.89
2025-01-13 21:52:00,1.393,1.393,1.391,1.393,1645.75
2025-01-13 21:53:00,1.394,1.394,1.39,1.39,885.54
2025-01-13 21:54:00,1.391,1.391,1.389,1.389,1865.86
2025-01-13 21:55:00,1.389,1.389,1.387,1.387,852.14
2025-01-13 21:56:00,1.39,1.39,1.388,1.389,1075.22
2025-01-13 21:57:00,1.39,1.39,1.389,1.39,658.27
2025-01-13 21:58:00,1.389,1.39,1.388,1.389,2008.16
2025-01-13 21:59:00,1.389,1.389,1.387,1.387,6437.29
2025-01-13 22:00:00,1.39,1.395,1.39,1.394,2777.22
2025-01-13 22:01:00,1.395,1.397,1.392,1.397,2637.22
2025-01-13 22:02:00,1.398,1.399,1.397,1.397,2069.0
2025-01-13 22:03:00,1.398,1.398,1.395,1.395,1468.49
2025-01-13 22:04:00,1.396,1.396,1.395,1.396,3295.55
2025-01-13 22:05:00,1.396,1.396,1.392,1.393,2642.47
2025-01-13 22:06:00,1.395,1.396,1.395,1.396,406.16
2025-01-13 22:07:00,1.396,1.398,1.396,1.398,1738.81
2025-01-13 22:08:00,1.398,1.398,1.397,1.397,1058.81
2025-01-13 22:09:00,1.397,1.399,1.397,1.399,1954.51
2025-01-13 22:10:00,1.399,1.401,1.399,1.401,92.75
2025-01-13 22:11:00,1.401,1.401,1.398,1.398,1926.08
2025-01-13 22:12:00,1.398,1.398,1.398,1.398,224.4
2025-01-13 22:13:00,1.396,1.396,1.394,1.396,2153.92
2025-01-13 22:14:00,1.396,1.398,1.396,1.397,3268.9
2025-01-13 22:15:00,1.397,1.397,1.394,1.396,2552.12
2025-01-13 22:16:00,1.396,1.399,1.395,1.398,2433.79
2025-01-13 22:17:00,1.399,1.4,1.395,1.399,8458.78
2025-01-13 22:18:00,1.399,1.4,1.399,1.399,374.86
2025-01-13 22:19:00,1.401,1.402,1.4,1.402,1914.52
2025-01-13 22:20:00,1.402,1.405,1.401,1.405,4012.92
2025-01-13 22:21:00,1.404,1.404,1.402,1.402,1685.74
2025-01-13 22:22:00,1.402,1.404,1.402,1.404,923.3
2025-01-13 22:23:00,1.405,1.405,1.403,1.404,2482.22
2025-01-13 22:24:00,1.406,1.407,1.405,1.405,1867.41
2025-01-13 22:25:00,1.406,1.407,1.406,1.406,547.98
2025-01-13 22:26:00,1.408,1.408,1.405,1.406,1422.67
2025-01-13 22:27:00,1.407,1.407,1.405,1.405,35.63
2025-01-13 22:28:00,1.407,1.407,1.404,1.407,1773.01
2025-01-13 22:29:00,1.405,1.407,1.404,1.405,2181.84
2025-01-13 22:30:00,1.405,1.406,1.402,1.402,2681.12
2025-01-13 22:31:00,1.403,1.406,1.402,1.406,1895.58
2025-01-13 22:32:00,1.406,1.406,1.402,1.402,1479.51
2025-01-13 22:33:00,1.403,1.403,1.399,1.399,1378.37
2025-01-13 22:34:00,1.399,1.399,1.398,1.398,2054.93
2025-01-13 22:35:00,1.399,1.401,1.397,1.397,3093.52
2025-01-13 22:36:00,1.397,1.398,1.395,1.395,659.21
2025-01-13 22:37:00,1.394,1.394,1.392,1.393,4448.15
2025-01-13 22:38:00,1.394,1.394,1.394,1.394,304.22
2025-01-13 22:39:00,1.395,1.396,1.394,1.394,1988.42
2025-01-13 22:40:00,1.395,1.395,1.393,1.394,710.2
2025-01-13 22:41:00,1.395,1.396,1.395,1.396,276.14
2025-01-13 22:42:00,1.396,1.398,1.395,1.396,1622.43
2025-01-13 22:43:00,1.397,1.398,1.397,1.398,1205.02
2025-01-13 22:44:00,1.398,1.398,1.396,1.397,2043.97
2025-01-13 22:45:00,1.398,1.398,1.397,1.397,67.27
2025-01-13 22:46:00,1.398,1.399,1.396,1.399,2044.08
2025-01-13 22:47:00,1.398,1.401,1.398,1.401,404.92
2025-01-13 22:48:00,1.4,1.4,1.399,1.4,1240.62
2025-01-13 22:49:00,1.4,1.4,1.399,1.399,19.31
2025-01-13 22:50:00,1.4,1.401,1.398,1.398,1870.94
2025-01-13 22:51:00,1.398,1.398,1.395,1.395,1122.8
2025-01-13 22:52:00,1.395,1.395,1.394,1.395,600.03
2025-01-13 22:53:00,1.395,1.395,1.394,1.394,1443.03
2025-01-13 22:54:00,1.394,1.394,1.393,1.393,1050.99
2025-01-13 22:55:00,1.394,1.397,1.394,1.397,639.75
2025-01-13 22:56:00,1.398,1.398,1.396,1.396,46.48
2025-01-13 22:57:00,1.396,1.396,1.395,1.395,2189.7
2025-01-13 22:58:00,1.396,1.396,1.396,1.396,115.68
2025-01-13 22:59:00,1.396,1.396,1.395,1.396,1843.26
2025-01-13 23:00:00,1.398,1.398,1.395,1.395,220.46
2025-01-13 23:01:00,1.395,1.396,1.392,1.392,1722.73
2025-01-13 23:02:00,1.393,1.393,1.392,1.392,86.5
2025-01-13 23:03:00,1.393,1.394,1.392,1.394,1300.86
2025-01-13 23:04:00,1.394,1.396,1.394,1.395,1582.73
2025-01-13 23:05:00,1.394,1.395,1.393,1.393,193.91
2025-01-13 23:06:00,1.392,1.393,1.39,1.391,1356.67
2025-01-13 23:07:00,1.39,1.392,1.39,1.39,41.87
2025-01-13 23:08:00,1.391,1.391,1.39,1.391,2068.13
2025-01-13 23:09:00,1.391,1.393,1.391,1.393,38.68
2025-01-13 23:10:00,1.394,1.394,1.393,1.393,1971.03
2025-01-13 23:11:00,1.394,1.395,1.394,1.395,28.84
2025-01-13 23:12:00,1.395,1.395,1.393,1.393,1299.43
2025-01-13 23:13:00,1.394,1.394,1.392,1.394,721.42
2025-01-13 23:14:00,1.394,1.394,1.393,1.393,1339.19
2025-01-13 23:15:00,1.394,1.396,1.394,1.395,800.39
2025-01-13 23:16:00,1.394,1.394,1.393,1.393,1354.38
2025-01-13 23:17:00,1.394,1.394,1.392,1.392,1112.1
2025-01-13 23:18:00,1.392,1.392,1.391,1.392,2112.48
2025-01-13 23:19:00,1.392,1.392,1.391,1.391,1280.52
2025-01-13 23:20:00,1.393,1.393,1.393,1.393,15.71
2025-01-13 23:21:00,1.394,1.394,1.392,1.392,2006.42
2025-01-13 23:22:00,1.392,1.393,1.392,1.393,51.56
2025-01-13 23:23:00,1.394,1.394,1.392,1.392,2548.93
2025-01-13 23:24:00,1.393,1.393,1.391,1.391,106.53
2025-01-13 23:25:00,1.391,1.391,1.387,1.388,2419.83
2025-01-13 23:26:00,1.389,1.389,1.389,1.389,15.75
2025-01-13 23:27:00,1.388,1.389,1.387,1.387,1807.9
2025-01-13 23:28:00,1.388,1.389,1.388,1.389,23.61
2025-01-13 23:29:00,1.388,1.388,1.387,1.388,1445.34
2025-01-13 23:30:00,1.388,1.389,1.388,1.388,2242.87
2025-01-13 23:31:00,1.389,1.389,1.389,1.389,1306.8
2025-01-13 23:32:00,1.389,1.39,1.388,1.388,2900.58
2025-01-13 23:33:00,1.388,1.388,1.388,1.388,1974.19
2025-01-13 23:34:00,1.388,1.388,1.387,1.387,477.97
2025-01-13 23:35:00,1.388,1.389,1.387,1.389,2223.96
2025-01-13 23:36:00,1.389,1.392,1.389,1.391,485.49
2025-01-13 23:37:00,1.391,1.391,1.389,1.389,2512.49
2025-01-13 23:38:00,1.389,1.389,1.389,1.389,31.5
2025-01-13 23:39:00,1.389,1.389,1.388,1.388,2181.34
2025-01-13 23:40:00,1.389,1.39,1.389,1.39,543.56
2025-01-13 23:41:00,1.39,1.39,1.387,1.388,1330.1
2025-01-13 23:42:00,1.387,1.389,1.387,1.388,3787.72
2025-01-13 23:43:00,1.388,1.388,1.388,1.388,15.77
2025-01-13 23:44:00,1.389,1.389,1.388,1.389,1432.94
2025-01-13 23:45:00,1.388,1.389,1.388,1.389,374.91
2025-01-13 23:46:00,1.39,1.39,1.388,1.388,3253.71
2025-01-13 23:47:00,1.388,1.388,1.387,1.387,7158.9
2025-01-13 23:48:00,1.387,1.388,1.386,1.387,2045.71
2025-01-13 23:49:00,1.388,1.388,1.387,1.387,236.55
2025-01-13 23:50:00,1.387,1.388,1.387,1.388,2443.1
2025-01-13 23:51:00,1.389,1.391,1.388,1.39,2104.76
2025-01-13 23:52:00,1.39,1.39,1.389,1.389,35.54
2025-01-13 23:53:00,1.389,1.389,1.387,1.388,1663.75
2025-01-13 23:54:00,1.388,1.39,1.388,1.389,364.69
2025-01-13 23:55:00,1.389,1.39,1.387,1.388,1911.83
2025-01-13 23:56:00,1.389,1.39,1.389,1.39,610.15
2025-01-13 23:57:00,1.389,1.39,1.388,1.388,2837.32
2025-01-13 23:58:00,1.388,1.389,1.388,1.388,1684.2
2025-01-13 23:59:00,1.388,1.388,1.387,1.387,1079.68
2025-01-14 00:00:00,1.387,1.391,1.387,1.391,1435.79
2025-01-14 00:01:00,1.39,1.392,1.389,1.391,3581.3
2025-01-14 00:02:00,1.39,1.391,1.389,1.389,527.11
2025-01-14 00:03:00,1.389,1.39,1.388,1.389,2058.84
2025-01-14 00:04:00,1.389,1.389,1.386,1.387,1479.82
2025-01-14 00:05:00,1.388,1.388,1.387,1.387,313.7
2025-01-14 00:06:00,1.386,1.386,1.385,1.386,2168.45
2025-01-14 00:07:00,1.385,1.385,1.384,1.384,535.09
2025-01-14 00:08:00,1.385,1.385,1.384,1.385,2044.88
2025-01-14 00:09:00,1.383,1.384,1.383,1.383,145.52
2025-01-14 00:10:00,1.383,1.383,1.382,1.383,2562.3
2025-01-14 00:11:00,1.382,1.385,1.382,1.385,272.67
2025-01-14 00:12:00,1.384,1.384,1.381,1.381,1852.84
2025-01-14 00:13:00,1.382,1.382,1.382,1.382,124.99
2025-01-14 00:14:00,1.382,1.382,1.379,1.381,3635.41
2025-01-14 00:15:00,1.381,1.381,1.381,1.381,272.49
2025-01-14 00:16:00,1.38,1.38,1.378,1.378,2164.62
2025-01-14 00:17:00,1.378,1.378,1.378,1.378,25.25
2025-01-14 00:18:00,1.378,1.382,1.377,1.382,2844.57
2025-01-14 00:19:00,1.383,1.383,1.381,1.381,184.5
2025-01-14 00:20:00,1.381,1.388,1.381,1.388,3563.86
2025-01-14 00:21:00,1.387,1.388,1.386,1.388,127.7
2025-01-14 00:22:00,1.388,1.389,1.387,1.387,1872.76
2025-01-14 00:23:00,1.388,1.389,1.388,1.389,46.69
2025-01-14 00:24:00,1.387,1.387,1.386,1.386,1048.22
2025-01-14 00:25:00,1.386,1.389,1.385,1.385,919.01
2025-01-14 00:26:00,1.385,1.385,1.385,1.385,15.91
2025-01-14 00:27:00,1.384,1.384,1.382,1.384,2221.17
2025-01-14 00:28:00,1.384,1.384,1.382,1.382,1347.33
2025-01-14 00:29:00,1.383,1.385,1.383,1.385,619.59
2025-01-14 00:30:00,1.385,1.385,1.383,1.384,1505.75
2025-01-14 00:31:00,1.383,1.384,1.38,1.382,2307.39
2025-01-14 00:32:00,1.382,1.382,1.381,1.381,28.97
2025-01-14 00:33:00,1.381,1.381,1.381,1.381,323.82
2025-01-14 00:34:00,1.382,1.384,1.382,1.382,1919.8
2025-01-14 00:35:00,1.381,1.384,1.381,1.384,115.81
2025-01-14 00:36:00,1.383,1.383,1.381,1.381,1957.75
2025-01-14 00:37:00,1.381,1.381,1.38,1.38,860.59
2025-01-14 00:38:00,1.38,1.38,1.378,1.379,1994.84
2025-01-14 00:39:00,1.378,1.379,1.378,1.379,1026.42
2025-01-14 00:40:00,1.379,1.384,1.379,1.383,1141.33
2025-01-14 00:41:00,1.383,1.385,1.381,1.384,2642.6
2025-01-14 00:42:00,1.385,1.385,1.382,1.382,224.27
2025-01-14 00:43:00,1.382,1.382,1.379,1.38,2605.55
2025-01-14 00:44:00,1.38,1.38,1.378,1.378,223.46
2025-01-14 00:45:00,1.378,1.378,1.376,1.376,3859.49
2025-01-14 00:46:00,1.377,1.378,1.376,1.377,820.03
2025-01-14 00:47:00,1.378,1.378,1.376,1.376,4314.06
2025-01-14 00:48:00,1.376,1.377,1.375,1.375,17762.72
2025-01-14 00:49:00,1.376,1.376,1.375,1.375,1540.21
2025-01-14 00:50:00,1.376,1.379,1.376,1.378,3205.22
2025-01-14 00:51:00,1.379,1.38,1.379,1.38,73.28
2025-01-14 00:52:00,1.379,1.38,1.379,1.379,534.11
2025-01-14 00:53:00,1.378,1.378,1.377,1.377,1518.4
2025-01-14 00:54:00,1.377,1.377,1.377,1.377,16.36
2025-01-14 00:55:00,1.379,1.379,1.376,1.376,1643.63
2025-01-14 00:56:00,1.376,1.376,1.374,1.375,5075.95
2025-01-14 00:57:00,1.375,1.376,1.374,1.374,59.46
2025-01-14 00:58:00,1.374,1.375,1.374,1.374,21077.73
2025-01-14 00:59:00,1.374,1.374,1.373,1.373,33.56
2025-01-14 01:00:00,1.377,1.379,1.376,1.379,1547.03
2025-01-14 01:01:00,1.379,1.388,1.379,1.386,5814.87
2025-01-14 01:02:00,1.386,1.387,1.385,1.387,1746.28
2025-01-14 01:03:00,1.387,1.388,1.386,1.388,11119.07
2025-01-14 01:04:00,1.389,1.389,1.387,1.389,484.7
2025-01-14 01:05:00,1.388,1.389,1.387,1.388,1899.41
2025-01-14 01:06:00,1.387,1.389,1.386,1.388,2363.29
2025-01-14 01:07:00,1.388,1.392,1.388,1.391,1837.27
2025-01-14 01:08:00,1.392,1.396,1.392,1.394,2479.46
2025-01-14 01:09:00,1.394,1.396,1.39,1.395,13109.32
2025-01-14 01:10:00,1.394,1.395,1.393,1.393,1351.67
2025-01-14 01:11:00,1.394,1.395,1.392,1.392,2092.18
2025-01-14 01:12:00,1.393,1.393,1.393,1.393,16.84
2025-01-14 01:13:00,1.394,1.394,1.393,1.393,1617.31
2025-01-14 01:14:00,1.394,1.394,1.394,1.394,27.53
2025-01-14 01:15:00,1.394,1.394,1.393,1.393,2286.3
2025-01-14 01:16:00,1.392,1.392,1.389,1.389,1969.47
2025-01-14 01:17:00,1.389,1.389,1.386,1.388,2284.9
2025-01-14 01:18:00,1.387,1.387,1.386,1.386,101.74
2025-01-14 01:19:00,1.387,1.387,1.385,1.385,1760.49
2025-01-14 01:20:00,1.386,1.386,1.384,1.386,2043.82
2025-01-14 01:21:00,1.387,1.387,1.386,1.386,2228.03
2025-01-14 01:22:00,1.385,1.385,1.384,1.384,3036.94
2025-01-14 01:23:00,1.384,1.384,1.383,1.383,58.53
2025-01-14 01:24:00,1.384,1.386,1.384,1.385,466.6
2025-01-14 01:25:00,1.386,1.387,1.385,1.385,1368.1
2025-01-14 01:26:00,1.385,1.385,1.383,1.383,1079.32
2025-01-14 01:27:00,1.383,1.385,1.383,1.385,619.02
2025-01-14 01:28:00,1.386,1.387,1.385,1.387,2854.15
2025-01-14 01:29:00,1.386,1.387,1.385,1.387,172.19
2025-01-14 01:30:00,1.386,1.386,1.384,1.384,542.25
2025-01-14 01:31:00,1.385,1.385,1.384,1.384,725.77
2025-01-14 01:32:00,1.384,1.384,1.383,1.383,100.0
2025-01-14 01:33:00,1.382,1.382,1.381,1.381,33.4
2025-01-14 01:34:00,1.38,1.38,1.38,1.38,16.7
2025-01-14 01:35:00,1.38,1.381,1.38,1.381,233.64
2025-01-14 01:36:00,1.38,1.38,1.379,1.379,63.72
2025-01-14 01:37:00,1.379,1.379,1.379,1.379,16.64
2025-01-14 01:38:00,1.378,1.378,1.377,1.377,1989.91
2025-01-14 01:39:00,1.377,1.378,1.377,1.378,1175.27
2025-01-14 01:40:00,1.377,1.378,1.377,1.377,185.39
2025-01-14 01:41:00,1.378,1.379,1.376,1.376,3599.5
2025-01-14 01:42:00,1.376,1.376,1.375,1.375,194.84
2025-01-14 01:43:00,1.376,1.376,1.376,1.376,178.61
2025-01-14 01:44:00,1.376,1.376,1.376,1.376,16.61
2025-01-14 01:45:00,1.377,1.378,1.377,1.378,251.16
2025-01-14 01:46:00,1.379,1.38,1.377,1.377,387.95
2025-01-14 01:47:00,1.377,1.377,1.374,1.374,386.5
2025-01-14 01:48:00,1.375,1.375,1.374,1.374,579.58
2025-01-14 01:49:00,1.374,1.377,1.374,1.375,1388.44
2025-01-14 01:50:00,1.376,1.378,1.376,1.378,256.08
2025-01-14 01:51:00,1.376,1.376,1.376,1.376,16.52
2025-01-14 01:52:00,1.376,1.376,1.375,1.376,65.65
2025-01-14 01:53:00,1.375,1.375,1.375,1.375,85.64
2025-01-14 01:54:00,1.376,1.376,1.375,1.376,229.7
2025-01-14 01:55:00,1.377,1.377,1.376,1.376,106.24
2025-01-14 01:56:00,1.376,1.376,1.375,1.375,36.69
2025-01-14 01:57:00,1.375,1.376,1.374,1.375,514.27
2025-01-14 01:58:00,1.376,1.376,1.375,1.376,327.69
2025-01-14 01:59:00,1.377,1.38,1.377,1.38,686.66
2025-01-14 02:00:00,1.38,1.384,1.38,1.384,924.01
2025-01-14 02:01:00,1.384,1.386,1.383,1.386,745.87
2025-01-14 02:02:00,1.386,1.386,1.384,1.384,1020.14
2025-01-14 02:03:00,1.383,1.383,1.382,1.382,32.58
2025-01-14 02:04:00,1.383,1.384,1.383,1.384,56.25
2025-01-14 02:05:00,1.383,1.384,1.382,1.382,76.38
2025-01-14 02:06:00,1.381,1.381,1.38,1.38,196.68
2025-01-14 02:07:00,1.379,1.38,1.379,1.38,840.93
2025-01-14 02:08:00,1.381,1.382,1.381,1.382,1337.88
2025-01-14 02:09:00,1.384,1.384,1.382,1.383,30.68
2025-01-14 02:10:00,1.383,1.383,1.383,1.383,39.22
2025-01-14 02:11:00,1.384,1.388,1.384,1.387,2290.67
2025-01-14 02:12:00,1.387,1.387,1.385,1.385,346.45
2025-01-14 02:13:00,1.386,1.388,1.386,1.387,162.86
2025-01-14 02:14:00,1.387,1.387,1.387,1.387,211.07
2025-01-14 02:15:00,1.388,1.389,1.387,1.388,442.03
2025-01-14 02:16:00,1.387,1.391,1.387,1.391,131.96
2025-01-14 02:17:00,1.391,1.394,1.391,1.392,245.53
2025-01-14 02:18:00,1.389,1.389,1.389,1.389,16.06
2025-01-14 02:19:00,1.391,1.396,1.391,1.396,3136.64
2025-01-14 02:20:00,1.395,1.395,1.393,1.394,487.04
2025-01-14 02:21:00,1.395,1.401,1.395,1.401,1720.87
2025-01-14 02:22:00,1.402,1.405,1.4,1.404,601.21
2025-01-14 02:23:00,1.404,1.404,1.404,1.404,283.01
2025-01-14 02:24:00,1.402,1.402,1.401,1.402,251.01
2025-01-14 02:25:00,1.402,1.402,1.402,1.402,31.77
2025-01-14 02:26:00,1.403,1.403,1.399,1.399,247.32
2025-01-14 02:27:00,1.399,1.4,1.398,1.398,160.65
2025-01-14 02:28:00,1.397,1.398,1.396,1.396,51.03
2025-01-14 02:29:00,1.396,1.397,1.396,1.397,31.82
2025-01-14 02:30:00,1.397,1.397,1.393,1.393,326.81
2025-01-14 02:31:00,1.393,1.393,1.391,1.392,259.28
2025-01-14 02:32:00,1.39,1.394,1.39,1.392,1875.72
2025-01-14 02:33:00,1.391,1.391,1.391,1.391,20.53
2025-01-14 02:34:00,1.392,1.392,1.391,1.391,101.29
2025-01-14 02:35:00,1.392,1.394,1.392,1.394,1721.51
2025-01-14 02:36:00,1.395,1.395,1.392,1.392,968.54
2025-01-14 02:37:00,1.392,1.392,1.389,1.392,3405.26
2025-01-14 02:38:00,1.393,1.395,1.393,1.395,21.31
2025-01-14 02:39:00,1.394,1.394,1.394,1.394,31.8
2025-01-14 02:40:00,1.392,1.393,1.392,1.393,37.88
2025-01-14 02:41:00,1.393,1.393,1.392,1.392,243.79
2025-01-14 02:42:00,1.392,1.392,1.39,1.39,173.22
2025-01-14 02:43:00,1.39,1.391,1.389,1.389,118.03
2025-01-14 02:44:00,1.39,1.39,1.389,1.389,100.25
2025-01-14 02:45:00,1.389,1.39,1.389,1.39,63.58
2025-01-14 02:46:00,1.39,1.39,1.39,1.39,35.03
2025-01-14 02:47:00,1.39,1.39,1.389,1.39,702.69
2025-01-14 02:48:00,1.39,1.39,1.388,1.388,104.2
2025-01-14 02:49:00,1.388,1.388,1.388,1.388,15.88
2025-01-14 02:50:00,1.388,1.389,1.387,1.389,410.23
2025-01-14 02:51:00,1.389,1.391,1.389,1.391,612.9
2025-01-14 02:52:00,1.391,1.391,1.39,1.39,69.77
2025-01-14 02:53:00,1.39,1.39,1.389,1.389,100.04
2025-01-14 02:54:00,1.388,1.389,1.388,1.389,35.81
2025-01-14 02:55:00,1.39,1.391,1.39,1.39,124.07
2025-01-14 02:56:00,1.389,1.39,1.389,1.39,25.74
2025-01-14 02:57:00,1.39,1.392,1.39,1.391,586.64
2025-01-14 02:58:00,1.39,1.39,1.39,1.39,31.59
2025-01-14 02:59:00,1.39,1.39,1.389,1.39,1068.79
2025-01-14 03:00:00,1.389,1.394,1.389,1.393,2140.55
2025-01-14 03:01:00,1.393,1.397,1.393,1.395,3034.72
2025-01-14 03:02:00,1.394,1.394,1.391,1.392,2398.96
2025-01-14 03:03:00,1.392,1.392,1.391,1.391,1339.58
2025-01-14 03:04:00,1.393,1.394,1.391,1.391,205.15
2025-01-14 03:05:00,1.392,1.393,1.39,1.393,114.17
2025-01-14 03:06:00,1.392,1.393,1.391,1.392,166.51
2025-01-14 03:07:00,1.39,1.39,1.39,1.39,31.58
2025-01-14 03:08:00,1.392,1.392,1.391,1.391,231.55
2025-01-14 03:09:00,1.391,1.392,1.39,1.392,423.58
2025-01-14 03:10:00,1.392,1.395,1.392,1.395,140.13
2025-01-14 03:11:00,1.396,1.397,1.394,1.394,390.33
2025-01-14 03:12:00,1.395,1.397,1.395,1.395,126.36
2025-01-14 03:13:00,1.395,1.395,1.394,1.394,31.41
2025-01-14 03:14:00,1.394,1.394,1.393,1.393,1820.62
2025-01-14 03:15:00,1.393,1.393,1.39,1.39,890.86
2025-01-14 03:16:00,1.393,1.394,1.391,1.391,1008.62
2025-01-14 03:17:00,1.391,1.391,1.391,1.391,36.93
2025-01-14 03:18:00,1.391,1.391,1.391,1.391,70.2
2025-01-14 03:19:00,1.392,1.393,1.392,1.393,31.4
2025-01-14 03:20:00,1.394,1.395,1.393,1.395,277.13
2025-01-14 03:21:00,1.396,1.398,1.396,1.398,303.81
2025-01-14 03:22:00,1.397,1.397,1.397,1.397,15.64
2025-01-14 03:23:00,1.396,1.396,1.394,1.394,43.21
2025-01-14 03:24:00,1.396,1.396,1.394,1.395,5222.52
2025-01-14 03:25:00,1.396,1.397,1.395,1.397,127.71
2025-01-14 03:26:00,1.395,1.395,1.394,1.394,330.12
2025-01-14 03:27:00,1.393,1.393,1.392,1.393,3072.18
2025-01-14 03:28:00,1.394,1.394,1.394,1.394,44.7
2025-01-14 03:29:00,1.394,1.396,1.394,1.395,86.58
2025-01-14 03:30:00,1.396,1.398,1.395,1.397,660.33
2025-01-14 03:31:00,1.397,1.397,1.395,1.395,236.99
2025-01-14 03:32:00,1.396,1.396,1.393,1.393,269.2
2025-01-14 03:33:00,1.391,1.391,1.391,1.391,31.38
2025-01-14 03:34:00,1.392,1.393,1.392,1.393,98.86
2025-01-14 03:35:00,1.391,1.393,1.391,1.392,209.58
2025-01-14 03:36:00,1.391,1.393,1.391,1.391,63.71
2025-01-14 03:37:00,1.392,1.392,1.391,1.392,63.72
2025-01-14 03:38:00,1.392,1.392,1.391,1.391,54.16
2025-01-14 03:39:00,1.392,1.392,1.392,1.392,38.47
2025-01-14 03:40:00,1.393,1.393,1.392,1.392,193.82
2025-01-14 03:41:00,1.391,1.391,1.39,1.39,122.17
2025-01-14 03:42:00,1.39,1.39,1.389,1.389,191.86
2025-01-14 03:43:00,1.391,1.392,1.391,1.392,60.58
2025-01-14 03:44:00,1.392,1.393,1.392,1.392,326.01
2025-01-14 03:45:00,1.393,1.394,1.392,1.392,255.84
2025-01-14 03:46:00,1.392,1.392,1.391,1.391,455.87
2025-01-14 03:47:00,1.391,1.391,1.389,1.389,218.03
2025-01-14 03:48:00,1.39,1.391,1.39,1.391,131.47
2025-01-14 03:49:00,1.391,1.392,1.39,1.391,422.17
2025-01-14 03:50:00,1.389,1.391,1.389,1.39,52.29
2025-01-14 03:51:00,1.389,1.391,1.389,1.39,1337.11
2025-01-14 03:52:00,1.39,1.39,1.389,1.389,19.35
2025-01-14 03:53:00,1.389,1.389,1.388,1.388,301.26
2025-01-14 03:54:00,1.389,1.39,1.388,1.39,880.63
2025-01-14 03:55:00,1.39,1.39,1.388,1.388,133.27
2025-01-14 03:56:00,1.389,1.389,1.388,1.389,322.54
2025-01-14 03:57:00,1.388,1.388,1.388,1.388,54.22
2025-01-14 03:58:00,1.389,1.389,1.389,1.389,87.58
2025-01-14 03:59:00,1.39,1.39,1.389,1.389,1502.44
2025-01-14 04:00:00,1.39,1.395,1.39,1.395,1872.94
2025-01-14 04:01:00,1.394,1.395,1.394,1.395,145.1
2025-01-14 04:02:00,1.395,1.395,1.395,1.395,281.6
2025-01-14 04:03:00,1.392,1.394,1.392,1.394,23.06
2025-01-14 04:04:00,1.394,1.394,1.392,1.392,22.74
2025-01-14 04:05:00,1.393,1.393,1.393,1.393,50.16
2025-01-14 04:06:00,1.393,1.394,1.393,1.394,178.58
2025-01-14 04:07:00,1.391,1.393,1.391,1.391,525.3
2025-01-14 04:08:00,1.392,1.392,1.39,1.39,232.22
2025-01-14 04:09:00,1.392,1.392,1.392,1.392,15.53
2025-01-14 04:10:00,1.393,1.394,1.392,1.392,533.41
2025-01-14 04:11:00,1.392,1.392,1.392,1.392,37.36
2025-01-14 04:12:00,1.391,1.392,1.391,1.392,61.33
2025-01-14 04:13:00,1.393,1.393,1.392,1.392,321.85
2025-01-14 04:14:00,1.392,1.396,1.392,1.395,950.99
2025-01-14 04:15:00,1.397,1.398,1.396,1.396,228.64
2025-01-14 04:16:00,1.398,1.398,1.397,1.397,128.1
2025-01-14 04:17:00,1.398,1.399,1.398,1.398,283.35
2025-01-14 04:18:00,1.397,1.397,1.397,1.397,108.14
2025-01-14 04:19:00,1.396,1.396,1.395,1.395,109.23
2025-01-14 04:20:00,1.394,1.394,1.394,1.394,15.48
2025-01-14 04:21:00,1.395,1.395,1.395,1.395,38.15
2025-01-14 04:22:00,1.395,1.395,1.395,1.395,15.46
2025-01-14 04:23:00,1.395,1.395,1.395,1.395,15.45
2025-01-14 04:24:00,1.395,1.396,1.395,1.395,52.02
2025-01-14 04:25:00,1.395,1.396,1.395,1.396,35.78
2025-01-14 04:26:00,1.394,1.395,1.394,1.394,259.54
2025-01-14 04:27:00,1.393,1.393,1.393,1.393,15.46
2025-01-14 04:28:00,1.393,1.393,1.392,1.392,30.92
2025-01-14 04:29:00,1.392,1.392,1.392,1.392,143.23
2025-01-14 04:30:00,1.391,1.391,1.39,1.39,278.65
2025-01-14 04:31:00,1.391,1.391,1.389,1.39,2090.75
2025-01-14 04:32:00,1.391,1.391,1.391,1.391,45.16
2025-01-14 04:33:00,1.39,1.39,1.389,1.39,204.47
2025-01-14 04:34:00,1.392,1.392,1.392,1.392,89.87
2025-01-14 04:35:00,1.393,1.393,1.393,1.393,22.78
2025-01-14 04:36:00,1.391,1.392,1.391,1.392,38.24
2025-01-14 04:37:00,1.392,1.395,1.392,1.395,330.98
2025-01-14 04:38:00,1.395,1.396,1.394,1.395,1566.95
2025-01-14 04:39:00,1.395,1.395,1.395,1.395,124.75
2025-01-14 04:40:00,1.395,1.395,1.395,1.395,104.92
2025-01-14 04:41:00,1.395,1.395,1.394,1.394,44.57
2025-01-14 04:42:00,1.394,1.394,1.394,1.394,238.16
2025-01-14 04:43:00,1.394,1.394,1.393,1.394,270.57
2025-01-14 04:44:00,1.395,1.395,1.394,1.394,747.72
2025-01-14 04:45:00,1.396,1.397,1.395,1.395,225.39
2025-01-14 04:46:00,1.394,1.395,1.394,1.395,115.39
2025-01-14 04:47:00,1.395,1.395,1.394,1.394,44.57
2025-01-14 04:48:00,1.395,1.396,1.394,1.394,419.67
2025-01-14 04:49:00,1.397,1.397,1.395,1.395,34.23
2025-01-14 04:50:00,1.396,1.396,1.395,1.395,19.82
2025-01-14 04:51:00,1.398,1.398,1.398,1.398,15.34
2025-01-14 04:52:00,1.396,1.396,1.396,1.396,30.72
2025-01-14 04:53:00,1.396,1.398,1.396,1.398,30.68
2025-01-14 04:54:00,1.399,1.401,1.399,1.401,1775.81
2025-01-14 04:55:00,1.401,1.402,1.401,1.401,245.92
2025-01-14 04:56:00,1.402,1.403,1.402,1.403,43.85
2025-01-14 04:57:00,1.402,1.403,1.402,1.403,145.47
2025-01-14 04:58:00,1.403,1.403,1.401,1.401,325.83
2025-01-14 04:59:00,1.401,1.402,1.401,1.402,25.35
2025-01-14 05:00:00,1.401,1.402,1.401,1.402,43.83
2025-01-14 05:01:00,1.401,1.405,1.4,1.405,630.66
2025-01-14 05:02:00,1.405,1.405,1.404,1.404,301.81
2025-01-14 05:03:00,1.403,1.403,1.403,1.403,52.99
2025-01-14 05:04:00,1.404,1.404,1.403,1.403,30.49
2025-01-14 05:05:00,1.405,1.408,1.405,1.408,2324.54
2025-01-14 05:06:00,1.408,1.408,1.408,1.408,23.6
2025-01-14 05:07:00,1.408,1.411,1.408,1.411,2639.22
2025-01-14 05:08:00,1.413,1.413,1.411,1.411,224.26
2025-01-14 05:09:00,1.411,1.412,1.41,1.41,100.26
2025-01-14 05:10:00,1.411,1.411,1.408,1.409,1687.43
2025-01-14 05:11:00,1.408,1.409,1.407,1.408,179.29
2025-01-14 05:12:00,1.409,1.409,1.408,1.408,73.22
2025-01-14 05:13:00,1.408,1.409,1.408,1.408,219.89
2025-01-14 05:14:00,1.408,1.409,1.408,1.408,66.95
2025-01-14 05:15:00,1.408,1.411,1.408,1.411,1317.81
2025-01-14 05:16:00,1.41,1.411,1.41,1.41,53.17
2025-01-14 05:17:00,1.411,1.411,1.41,1.41,30.32
2025-01-14 05:18:00,1.408,1.408,1.407,1.407,1767.28
2025-01-14 05:19:00,1.406,1.406,1.406,1.406,252.65
2025-01-14 05:20:00,1.405,1.405,1.404,1.405,199.64
2025-01-14 05:21:00,1.405,1.405,1.404,1.404,310.52
2025-01-14 05:22:00,1.403,1.403,1.403,1.403,129.79
2025-01-14 05:23:00,1.402,1.403,1.401,1.403,1968.51
2025-01-14 05:24:00,1.402,1.402,1.401,1.402,45.74
2025-01-14 05:25:00,1.403,1.403,1.403,1.403,15.23
2025-01-14 05:26:00,1.403,1.403,1.402,1.402,130.47
2025-01-14 05:27:00,1.402,1.402,1.401,1.402,269.79
2025-01-14 05:28:00,1.402,1.403,1.402,1.403,93.23
2025-01-14 05:29:00,1.402,1.402,1.402,1.402,119.03
2025-01-14 05:30:00,1.402,1.403,1.402,1.403,156.06
2025-01-14 05:31:00,1.402,1.402,1.401,1.401,30.47
2025-01-14 05:32:00,1.4,1.4,1.399,1.399,471.02
2025-01-14 05:33:00,1.399,1.399,1.398,1.398,95.48
2025-01-14 05:34:00,1.399,1.399,1.398,1.398,155.01
2025-01-14 05:35:00,1.397,1.397,1.397,1.397,15.27
2025-01-14 05:36:00,1.398,1.399,1.398,1.399,139.71
2025-01-14 05:37:00,1.399,1.399,1.398,1.398,39.71
2025-01-14 05:38:00,1.399,1.399,1.398,1.398,105.78
2025-01-14 05:39:00,1.399,1.401,1.399,1.399,3206.58
2025-01-14 05:40:00,1.4,1.402,1.4,1.402,27.95
2025-01-14 05:41:00,1.402,1.402,1.4,1.4,126.5
2025-01-14 05:42:00,1.399,1.4,1.398,1.398,270.54
2025-01-14 05:43:00,1.398,1.4,1.398,1.399,47.49
2025-01-14 05:44:00,1.399,1.399,1.397,1.399,49.61
2025-01-14 05:45:00,1.398,1.399,1.397,1.397,293.98
2025-01-14 05:46:00,1.397,1.397,1.396,1.396,52.17
2025-01-14 05:47:00,1.397,1.397,1.397,1.397,321.03
2025-01-14 05:48:00,1.396,1.397,1.396,1.396,49.42
2025-01-14 05:49:00,1.395,1.396,1.395,1.396,23.92
2025-01-14 05:50:00,1.395,1.395,1.394,1.394,146.17
2025-01-14 05:51:00,1.393,1.393,1.392,1.392,174.87
2025-01-14 05:52:00,1.394,1.394,1.392,1.394,1077.85
2025-01-14 05:53:00,1.395,1.395,1.394,1.394,20.19
2025-01-14 05:54:00,1.392,1.393,1.392,1.393,30.59
2025-01-14 05:55:00,1.394,1.394,1.392,1.392,35.12
2025-01-14 05:56:00,1.393,1.393,1.392,1.392,248.37
2025-01-14 05:57:00,1.393,1.393,1.392,1.392,34.29
2025-01-14 05:58:00,1.393,1.393,1.392,1.392,35.22
2025-01-14 05:59:00,1.393,1.393,1.393,1.393,15.27
2025-01-14 06:00:00,1.396,1.396,1.394,1.394,82.86
2025-01-14 06:01:00,1.394,1.394,1.392,1.392,19.12
2025-01-14 06:02:00,1.392,1.394,1.392,1.393,109.12
2025-01-14 06:03:00,1.392,1.392,1.392,1.392,30.56
2025-01-14 06:04:00,1.392,1.392,1.392,1.392,550.64
2025-01-14 06:05:00,1.392,1.393,1.392,1.393,753.16
2025-01-14 06:06:00,1.392,1.393,1.392,1.393,35.16
2025-01-14 06:07:00,1.392,1.392,1.392,1.392,34.64
2025-01-14 06:08:00,1.393,1.394,1.393,1.394,30.51
2025-01-14 06:09:00,1.394,1.394,1.393,1.393,39.69
2025-01-14 06:10:00,1.395,1.395,1.394,1.394,43.98
2025-01-14 06:11:00,1.394,1.394,1.394,1.394,175.27
2025-01-14 06:12:00,1.394,1.394,1.394,1.394,183.59
2025-01-14 06:13:00,1.394,1.394,1.392,1.392,30.48
2025-01-14 06:14:00,1.392,1.392,1.392,1.392,55.51
2025-01-14 06:15:00,1.392,1.394,1.392,1.392,134.38
2025-01-14 06:16:00,1.393,1.394,1.392,1.394,256.97
2025-01-14 06:17:00,1.394,1.395,1.394,1.395,20.61
2025-01-14 06:18:00,1.395,1.397,1.395,1.396,45.6
2025-01-14 06:19:00,1.398,1.398,1.396,1.396,294.74
2025-01-14 06:20:00,1.397,1.398,1.397,1.397,750.19
2025-01-14 06:21:00,1.395,1.395,1.395,1.395,45.63
2025-01-14 06:22:00,1.395,1.395,1.394,1.395,19.67
2025-01-14 06:23:00,1.395,1.395,1.395,1.395,52.65
2025-01-14 06:24:00,1.396,1.398,1.396,1.397,434.69
2025-01-14 06:25:00,1.4,1.4,1.399,1.399,195.76
2025-01-14 06:26:00,1.401,1.401,1.401,1.401,423.56
2025-01-14 06:27:00,1.399,1.399,1.399,1.399,15.16
2025-01-14 06:28:00,1.398,1.399,1.398,1.399,386.81
2025-01-14 06:29:00,1.398,1.398,1.398,1.398,30.32
2025-01-14 06:30:00,1.398,1.398,1.398,1.398,56.93
2025-01-14 06:31:00,1.396,1.396,1.396,1.396,30.36
2025-01-14 06:32:00,1.398,1.399,1.397,1.399,25.63
2025-01-14 06:33:00,1.397,1.398,1.397,1.398,29.71
2025-01-14 06:34:00,1.397,1.397,1.397,1.397,30.32
2025-01-14 06:35:00,1.399,1.4,1.399,1.4,160.15
2025-01-14 06:36:00,1.401,1.401,1.401,1.401,73.3
2025-01-14 06:37:00,1.4,1.4,1.4,1.4,30.24
2025-01-14 06:38:00,1.401,1.401,1.401,1.401,30.22
2025-01-14 06:39:00,1.401,1.402,1.401,1.402,63.12
2025-01-14 06:40:00,1.402,1.402,1.402,1.402,65.01
2025-01-14 06:41:00,1.402,1.403,1.401,1.403,520.29
2025-01-14 06:42:00,1.403,1.403,1.402,1.402,38.59
2025-01-14 06:43:00,1.403,1.403,1.402,1.402,230.17
2025-01-14 06:44:00,1.402,1.402,1.402,1.402,30.18
2025-01-14 06:45:00,1.402,1.402,1.4,1.4,34.26
2025-01-14 06:46:00,1.401,1.401,1.399,1.399,152.83
2025-01-14 06:47:00,1.4,1.401,1.4,1.4,361.21
2025-01-14 06:48:00,1.401,1.401,1.399,1.399,94.23
2025-01-14 06:49:00,1.399,1.399,1.398,1.399,342.54
2025-01-14 06:50:00,1.399,1.401,1.399,1.4,303.92
2025-01-14 06:51:00,1.4,1.4,1.4,1.4,39.85
2025-01-14 06:52:00,1.4,1.401,1.4,1.4,48.85
2025-01-14 06:53:00,1.4,1.401,1.4,1.401,159.92
2025-01-14 06:54:00,1.401,1.401,1.401,1.401,47.48
2025-01-14 06:55:00,1.4,1.4,1.399,1.4,59.79
2025-01-14 06:56:00,1.399,1.4,1.399,1.4,46.55
2025-01-14 06:57:00,1.399,1.401,1.399,1.399,311.09
2025-01-14 06:58:00,1.399,1.399,1.399,1.399,15.1
2025-01-14 06:59:00,1.401,1.402,1.401,1.401,32.35
2025-01-14 07:00:00,1.402,1.406,1.402,1.405,190.1
2025-01-14 07:01:00,1.406,1.407,1.405,1.405,2521.1
2025-01-14 07:02:00,1.403,1.404,1.403,1.404,62.5
2025-01-14 07:03:00,1.403,1.403,1.403,1.403,1763.89
2025-01-14 07:04:00,1.403,1.404,1.403,1.404,449.09
2025-01-14 07:05:00,1.404,1.406,1.404,1.404,90.52
2025-01-14 07:06:00,1.406,1.406,1.405,1.405,82.18
2025-01-14 07:07:00,1.406,1.406,1.406,1.406,298.79
2025-01-14 07:08:00,1.406,1.406,1.405,1.405,549.76
2025-01-14 07:09:00,1.404,1.404,1.404,1.404,15.04
2025-01-14 07:10:00,1.404,1.405,1.404,1.404,589.71
2025-01-14 07:11:00,1.405,1.407,1.404,1.405,851.12
2025-01-14 07:12:00,1.404,1.404,1.404,1.404,176.33
2025-01-14 07:13:00,1.404,1.404,1.403,1.404,506.58
2025-01-14 07:14:00,1.405,1.405,1.403,1.403,535.21
2025-01-14 07:15:00,1.403,1.404,1.403,1.404,228.72
2025-01-14 07:16:00,1.402,1.402,1.402,1.402,20.37
2025-01-14 07:17:00,1.401,1.401,1.399,1.4,150.37
2025-01-14 07:18:00,1.4,1.4,1.4,1.4,123.01
2025-01-14 07:19:00,1.399,1.399,1.398,1.398,37.36
2025-01-14 07:20:00,1.399,1.4,1.399,1.4,202.07
2025-01-14 07:21:00,1.399,1.399,1.398,1.399,50.99
2025-01-14 07:22:00,1.399,1.399,1.398,1.398,22.58
2025-01-14 07:23:00,1.398,1.399,1.398,1.399,30.17
2025-01-14 07:24:00,1.399,1.4,1.399,1.4,211.74
2025-01-14 07:25:00,1.4,1.4,1.399,1.399,30.15
2025-01-14 07:26:00,1.399,1.399,1.399,1.399,15.07
2025-01-14 07:27:00,1.398,1.4,1.398,1.399,426.94
2025-01-14 07:28:00,1.399,1.399,1.398,1.398,765.08
2025-01-14 07:29:00,1.399,1.399,1.398,1.398,52.42
2025-01-14 07:30:00,1.398,1.398,1.398,1.398,15.08
2025-01-14 07:31:00,1.401,1.401,1.4,1.401,237.57
2025-01-14 07:32:00,1.4,1.401,1.4,1.401,30.1
2025-01-14 07:33:00,1.399,1.4,1.399,1.399,214.17
2025-01-14 07:34:00,1.399,1.399,1.397,1.397,329.48
2025-01-14 07:35:00,1.397,1.397,1.396,1.396,638.0
2025-01-14 07:36:00,1.397,1.397,1.396,1.396,274.5
2025-01-14 07:37:00,1.396,1.396,1.396,1.396,99.93
2025-01-14 07:38:00,1.396,1.396,1.396,1.396,30.19
2025-01-14 07:39:00,1.396,1.396,1.396,1.396,30.18
2025-01-14 07:40:00,1.395,1.395,1.394,1.395,34.18
2025-01-14 07:41:00,1.395,1.395,1.394,1.394,331.87
2025-01-14 07:42:00,1.394,1.396,1.394,1.395,59.31
2025-01-14 07:43:00,1.396,1.396,1.394,1.394,693.26
2025-01-14 07:44:00,1.395,1.396,1.394,1.394,519.6
2025-01-14 07:45:00,1.395,1.396,1.395,1.395,403.14
2025-01-14 07:46:00,1.396,1.396,1.394,1.394,60.54
2025-01-14 07:47:00,1.395,1.395,1.393,1.393,898.92
2025-01-14 07:48:00,1.393,1.394,1.393,1.394,93.1
2025-01-14 07:49:00,1.393,1.394,1.393,1.394,44.62
2025-01-14 07:50:00,1.394,1.395,1.394,1.394,188.14
2025-01-14 07:51:00,1.395,1.395,1.393,1.393,278.68
2025-01-14 07:52:00,1.393,1.393,1.393,1.393,15.11
2025-01-14 07:53:00,1.393,1.394,1.393,1.394,18.89
2025-01-14 07:54:00,1.393,1.394,1.393,1.394,33.49
2025-01-14 07:55:00,1.394,1.395,1.394,1.395,740.32
2025-01-14 07:56:00,1.394,1.394,1.394,1.394,45.3
2025-01-14 07:57:00,1.394,1.395,1.394,1.394,303.85
2025-01-14 07:58:00,1.395,1.395,1.393,1.393,93.64
2025-01-14 07:59:00,1.394,1.394,1.393,1.393,49.64
2025-01-14 08:00:00,1.393,1.397,1.393,1.394,651.45
2025-01-14 08:01:00,1.395,1.397,1.395,1.397,355.13
2025-01-14 08:02:00,1.398,1.398,1.397,1.397,1872.01
2025-01-14 08:03:00,1.398,1.399,1.398,1.399,72.1
2025-01-14 08:04:00,1.399,1.399,1.398,1.398,299.13
2025-01-14 08:05:00,1.4,1.402,1.4,1.401,316.4
2025-01-14 08:06:00,1.402,1.402,1.401,1.401,2118.19
2025-01-14 08:07:00,1.401,1.401,1.401,1.401,143.28
2025-01-14 08:08:00,1.401,1.401,1.4,1.401,91.62
2025-01-14 08:09:00,1.402,1.402,1.401,1.401,156.68
2025-01-14 08:10:00,1.401,1.402,1.4,1.402,284.19
2025-01-14 08:11:00,1.402,1.405,1.401,1.405,676.62
2025-01-14 08:12:00,1.405,1.409,1.405,1.409,4447.88
2025-01-14 08:13:00,1.409,1.411,1.409,1.409,2228.45
2025-01-14 08:14:00,1.408,1.41,1.408,1.408,162.05
2025-01-14 08:15:00,1.407,1.407,1.404,1.405,11337.97
2025-01-14 08:16:00,1.404,1.404,1.402,1.402,2430.18
2025-01-14 08:17:00,1.401,1.407,1.401,1.407,2567.45
2025-01-14 08:18:00,1.408,1.408,1.407,1.408,2507.36
2025-01-14 08:19:00,1.407,1.407,1.405,1.405,702.12
2025-01-14 08:20:00,1.404,1.404,1.403,1.404,231.89
2025-01-14 08:21:00,1.402,1.403,1.402,1.402,68.07
2025-01-14 08:22:00,1.402,1.402,1.402,1.402,142.98
2025-01-14 08:23:00,1.4,1.4,1.4,1.4,15.07
2025-01-14 08:24:00,1.4,1.401,1.399,1.399,305.24
2025-01-14 08:25:00,1.4,1.4,1.399,1.399,144.66
2025-01-14 08:26:00,1.399,1.399,1.398,1.398,130.88
2025-01-14 08:27:00,1.4,1.4,1.398,1.399,3273.9
2025-01-14 08:28:00,1.398,1.399,1.398,1.399,45.26
2025-01-14 08:29:00,1.399,1.4,1.399,1.4,189.83
2025-01-14 08:30:00,1.401,1.405,1.401,1.405,6950.04
2025-01-14 08:31:00,1.406,1.406,1.405,1.405,521.86
2025-01-14 08:32:00,1.405,1.405,1.401,1.402,1902.76
2025-01-14 08:33:00,1.401,1.401,1.401,1.401,431.03
2025-01-14 08:34:00,1.401,1.403,1.401,1.401,1887.69
2025-01-14 08:35:00,1.402,1.402,1.401,1.401,30.13
2025-01-14 08:36:00,1.402,1.402,1.401,1.401,223.66
2025-01-14 08:37:00,1.403,1.404,1.403,1.404,300.3
2025-01-14 08:38:00,1.406,1.406,1.405,1.405,30.03
2025-01-14 08:39:00,1.405,1.405,1.404,1.404,332.91
2025-01-14 08:40:00,1.402,1.402,1.402,1.402,15.05
2025-01-14 08:41:00,1.403,1.404,1.402,1.403,505.77
2025-01-14 08:42:00,1.403,1.404,1.403,1.403,392.71
2025-01-14 08:43:00,1.403,1.405,1.403,1.404,137.12
2025-01-14 08:44:00,1.404,1.406,1.404,1.406,296.67
2025-01-14 08:45:00,1.405,1.406,1.405,1.406,397.85
2025-01-14 08:46:00,1.406,1.406,1.405,1.405,30.01
2025-01-14 08:47:00,1.405,1.409,1.405,1.409,90.56
2025-01-14 08:48:00,1.407,1.409,1.407,1.408,158.06
2025-01-14 08:49:00,1.407,1.407,1.406,1.407,344.98
2025-01-14 08:50:00,1.408,1.409,1.408,1.409,785.4
2025-01-14 08:51:00,1.407,1.407,1.405,1.406,29.77
2025-01-14 08:52:00,1.407,1.408,1.407,1.408,705.67
2025-01-14 08:53:00,1.409,1.409,1.407,1.407,282.48
2025-01-14 08:54:00,1.407,1.407,1.405,1.405,33.61
2025-01-14 08:55:00,1.404,1.406,1.404,1.405,102.57
2025-01-14 08:56:00,1.405,1.405,1.404,1.404,154.95
2025-01-14 08:57:00,1.404,1.404,1.402,1.402,3021.45
2025-01-14 08:58:00,1.403,1.403,1.402,1.403,131.41
2025-01-14 08:59:00,1.402,1.403,1.402,1.402,33.86
2025-01-14 09:00:00,1.402,1.403,1.402,1.403,422.92
2025-01-14 09:01:00,1.403,1.405,1.403,1.403,287.91
2025-01-14 09:02:00,1.405,1.405,1.403,1.404,157.8
2025-01-14 09:03:00,1.402,1.404,1.402,1.403,798.83
2025-01-14 09:04:00,1.402,1.402,1.4,1.401,196.86
2025-01-14 09:05:00,1.401,1.403,1.401,1.403,922.67
2025-01-14 09:06:00,1.401,1.403,1.399,1.399,396.31
2025-01-14 09:07:00,1.4,1.404,1.4,1.403,6059.66
2025-01-14 09:08:00,1.401,1.402,1.401,1.402,212.1
2025-01-14 09:09:00,1.402,1.402,1.401,1.401,45.16
2025-01-14 09:10:00,1.403,1.404,1.403,1.403,125.3
2025-01-14 09:11:00,1.403,1.403,1.402,1.402,1267.44
2025-01-14 09:12:00,1.402,1.404,1.402,1.403,1527.54
2025-01-14 09:13:00,1.404,1.405,1.404,1.404,1048.2
2025-01-14 09:14:00,1.406,1.407,1.406,1.407,137.95
2025-01-14 09:15:00,1.405,1.406,1.405,1.406,116.21
2025-01-14 09:16:00,1.405,1.405,1.403,1.403,319.84
2025-01-14 09:17:00,1.403,1.404,1.403,1.403,37.44
2025-01-14 09:18:00,1.403,1.404,1.403,1.404,24.62
2025-01-14 09:19:00,1.406,1.409,1.406,1.409,188.62
2025-01-14 09:20:00,1.41,1.411,1.41,1.411,1361.31
2025-01-14 09:21:00,1.41,1.41,1.41,1.41,29.9
2025-01-14 09:22:00,1.412,1.415,1.411,1.415,1203.59
2025-01-14 09:23:00,1.414,1.416,1.414,1.416,689.43
2025-01-14 09:24:00,1.417,1.421,1.416,1.42,2076.84
2025-01-14 09:25:00,1.42,1.425,1.42,1.425,498.92
2025-01-14 09:26:00,1.423,1.426,1.423,1.424,689.0
2025-01-14 09:27:00,1.425,1.427,1.424,1.426,337.34
2025-01-14 09:28:00,1.427,1.427,1.426,1.426,1669.97
2025-01-14 09:29:00,1.425,1.426,1.423,1.423,877.38
2025-01-14 09:30:00,1.424,1.424,1.42,1.423,2837.76
2025-01-14 09:31:00,1.421,1.421,1.419,1.419,1555.97
2025-01-14 09:32:00,1.422,1.423,1.419,1.419,929.05
2025-01-14 09:33:00,1.423,1.425,1.423,1.425,905.03
2025-01-14 09:34:00,1.426,1.427,1.424,1.427,196.49
2025-01-14 09:35:00,1.428,1.433,1.427,1.429,751.36
2025-01-14 09:36:00,1.428,1.429,1.427,1.428,124.75
2025-01-14 09:37:00,1.429,1.432,1.429,1.432,825.64
2025-01-14 09:38:00,1.431,1.432,1.43,1.432,913.69
2025-01-14 09:39:00,1.43,1.43,1.428,1.428,906.31
2025-01-14 09:40:00,1.431,1.432,1.43,1.431,479.39
2025-01-14 09:41:00,1.431,1.432,1.43,1.432,1053.85
2025-01-14 09:42:00,1.43,1.432,1.43,1.432,174.9
2025-01-14 09:43:00,1.431,1.432,1.43,1.432,556.19
2025-01-14 09:44:00,1.431,1.434,1.431,1.432,1878.58
2025-01-14 09:45:00,1.432,1.433,1.429,1.433,5055.04
2025-01-14 09:46:00,1.432,1.432,1.431,1.432,739.01
2025-01-14 09:47:00,1.433,1.435,1.433,1.434,800.61
2025-01-14 09:48:00,1.435,1.435,1.432,1.434,1145.49
2025-01-14 09:49:00,1.435,1.438,1.434,1.438,576.52
2025-01-14 09:50:00,1.437,1.44,1.437,1.44,576.44
2025-01-14 09:51:00,1.438,1.44,1.437,1.437,1458.83
2025-01-14 09:52:00,1.439,1.439,1.438,1.438,127.75
2025-01-14 09:53:00,1.435,1.437,1.435,1.437,619.72
2025-01-14 09:54:00,1.437,1.438,1.437,1.437,317.04
2025-01-14 09:55:00,1.436,1.437,1.434,1.437,206.92
2025-01-14 09:56:00,1.436,1.436,1.435,1.435,66.46
2025-01-14 09:57:00,1.436,1.436,1.434,1.434,22.74
2025-01-14 09:58:00,1.434,1.436,1.434,1.434,1730.8
2025-01-14 09:59:00,1.434,1.434,1.434,1.434,222.17
2025-01-14 10:00:00,1.434,1.435,1.432,1.433,2225.95
2025-01-14 10:01:00,1.433,1.437,1.433,1.436,3255.64
2025-01-14 10:02:00,1.433,1.434,1.431,1.432,864.86
2025-01-14 10:03:00,1.431,1.433,1.431,1.433,3048.1
2025-01-14 10:04:00,1.434,1.434,1.43,1.432,1671.23
2025-01-14 10:05:00,1.431,1.431,1.428,1.429,3920.45
2025-01-14 10:06:00,1.427,1.427,1.427,1.427,50.85
2025-01-14 10:07:00,1.428,1.428,1.427,1.427,346.72
2025-01-14 10:08:00,1.426,1.427,1.426,1.426,63.3
2025-01-14 10:09:00,1.425,1.426,1.424,1.425,799.64
2025-01-14 10:10:00,1.425,1.425,1.423,1.425,723.95
2025-01-14 10:11:00,1.424,1.424,1.423,1.424,288.42
2025-01-14 10:12:00,1.423,1.424,1.422,1.422,386.21
2025-01-14 10:13:00,1.423,1.423,1.421,1.421,1068.51
2025-01-14 10:14:00,1.422,1.423,1.422,1.423,165.88
2025-01-14 10:15:00,1.424,1.425,1.423,1.423,1027.87
2025-01-14 10:16:00,1.42,1.42,1.418,1.42,819.36
2025-01-14 10:17:00,1.421,1.426,1.421,1.426,922.3
2025-01-14 10:18:00,1.427,1.427,1.425,1.426,2054.11
2025-01-14 10:19:00,1.425,1.425,1.425,1.425,805.62
2025-01-14 10:20:00,1.424,1.424,1.424,1.424,14.83
2025-01-14 10:21:00,1.426,1.426,1.424,1.424,295.59
2025-01-14 10:22:00,1.424,1.425,1.424,1.424,44.48
2025-01-14 10:23:00,1.425,1.427,1.425,1.426,808.45
2025-01-14 10:24:00,1.426,1.427,1.425,1.425,689.75
2025-01-14 10:25:00,1.427,1.427,1.425,1.425,149.46
2025-01-14 10:26:00,1.425,1.425,1.425,1.425,678.03
2025-01-14 10:27:00,1.425,1.425,1.425,1.425,544.7
2025-01-14 10:28:00,1.424,1.425,1.423,1.424,882.26
2025-01-14 10:29:00,1.424,1.424,1.424,1.424,14.83
2025-01-14 10:30:00,1.424,1.425,1.422,1.422,143.04
2025-01-14 10:31:00,1.424,1.425,1.423,1.423,271.76
2025-01-14 10:32:00,1.422,1.422,1.422,1.422,14.85
2025-01-14 10:33:00,1.423,1.424,1.423,1.424,658.59
2025-01-14 10:34:00,1.423,1.424,1.423,1.424,1628.79
2025-01-14 10:35:00,1.422,1.423,1.422,1.423,188.96
2025-01-14 10:36:00,1.424,1.424,1.423,1.424,282.67
2025-01-14 10:37:00,1.423,1.423,1.423,1.423,150.02
2025-01-14 10:38:00,1.423,1.424,1.423,1.424,295.22
2025-01-14 10:39:00,1.423,1.424,1.422,1.422,153.0
2025-01-14 10:40:00,1.424,1.424,1.423,1.424,225.54
2025-01-14 10:41:00,1.423,1.424,1.423,1.424,82.38
2025-01-14 10:42:00,1.423,1.425,1.423,1.424,33.29
2025-01-14 10:43:00,1.424,1.426,1.424,1.426,886.49
2025-01-14 10:44:00,1.427,1.428,1.427,1.428,143.66
2025-01-14 10:45:00,1.428,1.429,1.426,1.427,82.49
2025-01-14 10:46:00,1.428,1.428,1.426,1.426,65.28
2025-01-14 10:47:00,1.427,1.427,1.424,1.424,681.31
2025-01-14 10:48:00,1.424,1.425,1.424,1.424,386.01
2025-01-14 10:49:00,1.423,1.424,1.423,1.424,174.36
2025-01-14 10:50:00,1.424,1.424,1.423,1.424,83.19
2025-01-14 10:51:00,1.423,1.424,1.423,1.424,385.25
2025-01-14 10:52:00,1.424,1.427,1.424,1.426,184.07
2025-01-14 10:53:00,1.426,1.427,1.424,1.425,6127.49
2025-01-14 10:54:00,1.425,1.425,1.424,1.424,29.63
2025-01-14 10:55:00,1.425,1.425,1.421,1.422,19108.97
2025-01-14 10:56:00,1.422,1.423,1.42,1.421,22896.36
2025-01-14 10:57:00,1.421,1.421,1.42,1.421,142.23
2025-01-14 10:58:00,1.42,1.421,1.42,1.42,103.93
2025-01-14 10:59:00,1.421,1.423,1.421,1.423,54.82
2025-01-14 11:00:00,1.423,1.425,1.422,1.422,687.44
2025-01-14 11:01:00,1.422,1.423,1.422,1.423,249.83
2025-01-14 11:02:00,1.423,1.424,1.422,1.424,3448.32
2025-01-14 11:03:00,1.423,1.423,1.421,1.421,777.06
2025-01-14 11:04:00,1.421,1.421,1.42,1.421,300.66
2025-01-14 11:05:00,1.421,1.421,1.421,1.421,60.55
2025-01-14 11:06:00,1.42,1.421,1.42,1.42,54.28
2025-01-14 11:07:00,1.42,1.42,1.419,1.419,91.84
2025-01-14 11:08:00,1.419,1.419,1.416,1.416,49.47
2025-01-14 11:09:00,1.417,1.417,1.417,1.417,650.24
2025-01-14 11:10:00,1.417,1.417,1.417,1.417,69.5
2025-01-14 11:11:00,1.418,1.418,1.418,1.418,14.94
2025-01-14 11:12:00,1.418,1.418,1.417,1.417,199.4
2025-01-14 11:13:00,1.417,1.417,1.417,1.417,14.95
2025-01-14 11:14:00,1.416,1.417,1.416,1.417,148.11
2025-01-14 11:15:00,1.419,1.419,1.418,1.419,3695.55
2025-01-14 11:16:00,1.418,1.418,1.417,1.417,39.61
2025-01-14 11:17:00,1.417,1.418,1.417,1.417,405.24
2025-01-14 11:18:00,1.416,1.417,1.416,1.417,506.95
2025-01-14 11:19:00,1.417,1.417,1.415,1.415,1874.76
2025-01-14 11:20:00,1.416,1.416,1.415,1.415,527.76
2025-01-14 11:21:00,1.416,1.416,1.414,1.414,2070.06
2025-01-14 11:22:00,1.414,1.414,1.413,1.413,396.82
2025-01-14 11:23:00,1.413,1.413,1.412,1.413,449.44
2025-01-14 11:24:00,1.413,1.414,1.412,1.413,79.5
2025-01-14 11:25:00,1.415,1.415,1.414,1.414,19.77
2025-01-14 11:26:00,1.414,1.416,1.414,1.416,206.92
2025-01-14 11:27:00,1.415,1.415,1.415,1.415,29.94
2025-01-14 11:28:00,1.416,1.417,1.416,1.417,177.54
2025-01-14 11:29:00,1.416,1.416,1.415,1.415,183.26
2025-01-14 11:30:00,1.417,1.418,1.417,1.418,1949.0
2025-01-14 11:31:00,1.419,1.419,1.417,1.419,262.83
2025-01-14 11:32:00,1.419,1.419,1.419,1.419,14.93
2025-01-14 11:33:00,1.418,1.419,1.418,1.418,50.61
2025-01-14 11:34:00,1.419,1.42,1.418,1.418,1776.97
2025-01-14 11:35:00,1.418,1.418,1.418,1.418,29.88
2025-01-14 11:36:00,1.418,1.419,1.418,1.418,273.51
2025-01-14 11:37:00,1.417,1.418,1.417,1.418,44.26
2025-01-14 11:38:00,1.418,1.418,1.417,1.417,111.68
2025-01-14 11:39:00,1.417,1.417,1.413,1.414,6720.91
2025-01-14 11:40:00,1.413,1.414,1.411,1.411,828.56
2025-01-14 11:41:00,1.412,1.412,1.409,1.41,1136.38
2025-01-14 11:42:00,1.409,1.413,1.409,1.413,1969.38
2025-01-14 11:43:00,1.414,1.414,1.412,1.413,78.29
2025-01-14 11:44:00,1.414,1.416,1.414,1.415,229.28
2025-01-14 11:45:00,1.415,1.415,1.413,1.413,18.7
2025-01-14 11:46:00,1.413,1.414,1.413,1.414,606.35
2025-01-14 11:47:00,1.414,1.414,1.412,1.413,612.93
2025-01-14 11:48:00,1.412,1.413,1.412,1.413,321.05
2025-01-14 11:49:00,1.411,1.412,1.411,1.412,460.41
2025-01-14 11:50:00,1.411,1.414,1.411,1.414,80.33
2025-01-14 11:51:00,1.415,1.416,1.415,1.415,921.82
2025-01-14 11:52:00,1.415,1.415,1.415,1.415,60.51
2025-01-14 11:53:00,1.415,1.415,1.414,1.415,165.32
2025-01-14 11:54:00,1.416,1.417,1.415,1.416,136.97
2025-01-14 11:55:00,1.416,1.416,1.415,1.415,44.51
2025-01-14 11:56:00,1.416,1.417,1.416,1.416,158.81
2025-01-14 11:57:00,1.416,1.417,1.416,1.416,38.47
2025-01-14 11:58:00,1.416,1.418,1.416,1.417,33.72
2025-01-14 11:59:00,1.419,1.42,1.418,1.42,42.17
2025-01-14 12:00:00,1.418,1.423,1.418,1.423,1928.45
2025-01-14 12:01:00,1.422,1.422,1.42,1.42,875.47
2025-01-14 12:02:00,1.419,1.419,1.419,1.419,34.34
2025-01-14 12:03:00,1.42,1.42,1.418,1.418,390.46
2025-01-14 12:04:00,1.419,1.419,1.417,1.419,909.11
2025-01-14 12:05:00,1.418,1.418,1.417,1.417,50.21
2025-01-14 12:06:00,1.417,1.417,1.415,1.416,34.17
2025-01-14 12:07:00,1.416,1.416,1.416,1.416,14.95
2025-01-14 12:08:00,1.415,1.415,1.414,1.414,72.23
2025-01-14 12:09:00,1.414,1.414,1.414,1.414,137.71
2025-01-14 12:10:00,1.414,1.414,1.414,1.414,59.88
2025-01-14 12:11:00,1.414,1.414,1.414,1.414,14.97
2025-01-14 12:12:00,1.414,1.416,1.414,1.415,828.24
2025-01-14 12:13:00,1.416,1.416,1.414,1.414,355.03
2025-01-14 12:14:00,1.414,1.414,1.414,1.414,29.94
2025-01-14 12:15:00,1.414,1.414,1.414,1.414,171.27
2025-01-14 12:16:00,1.412,1.414,1.412,1.414,20.29
2025-01-14 12:17:00,1.414,1.414,1.414,1.414,14.96
2025-01-14 12:18:00,1.414,1.414,1.413,1.413,418.98
2025-01-14 12:19:00,1.412,1.412,1.412,1.412,54.3
2025-01-14 12:20:00,1.411,1.411,1.41,1.41,237.55
2025-01-14 12:21:00,1.41,1.41,1.409,1.409,45.02
2025-01-14 12:22:00,1.41,1.41,1.41,1.41,15.0
2025-01-14 12:23:00,1.409,1.409,1.409,1.409,15.01
2025-01-14 12:24:00,1.407,1.407,1.407,1.407,608.96
2025-01-14 12:25:00,1.407,1.407,1.407,1.407,44.33
2025-01-14 12:26:00,1.408,1.41,1.408,1.41,277.75
2025-01-14 12:27:00,1.409,1.409,1.408,1.408,163.1
2025-01-14 12:28:00,1.408,1.408,1.408,1.408,15.02
2025-01-14 12:29:00,1.41,1.41,1.408,1.408,400.61
2025-01-14 12:30:00,1.408,1.411,1.408,1.41,2052.3
2025-01-14 12:31:00,1.41,1.411,1.41,1.411,229.05
2025-01-14 12:32:00,1.411,1.414,1.411,1.414,316.81
2025-01-14 12:33:00,1.412,1.412,1.409,1.411,855.5
2025-01-14 12:34:00,1.411,1.412,1.411,1.412,44.25
2025-01-14 12:35:00,1.412,1.412,1.411,1.411,29.95
2025-01-14 12:36:00,1.412,1.412,1.411,1.411,58.58
2025-01-14 12:37:00,1.412,1.412,1.412,1.412,37.03
2025-01-14 12:38:00,1.414,1.414,1.412,1.412,78.81
2025-01-14 12:39:00,1.412,1.412,1.411,1.411,555.0
2025-01-14 12:40:00,1.412,1.413,1.412,1.413,427.66
2025-01-14 12:41:00,1.414,1.414,1.411,1.411,3525.61
2025-01-14 12:42:00,1.411,1.411,1.408,1.408,3698.66
2025-01-14 12:43:00,1.408,1.408,1.406,1.408,5195.93
2025-01-14 12:44:00,1.407,1.408,1.406,1.406,1037.28
2025-01-14 12:45:00,1.406,1.407,1.406,1.407,449.46
2025-01-14 12:46:00,1.407,1.407,1.405,1.406,795.02
2025-01-14 12:47:00,1.407,1.407,1.407,1.407,931.69
2025-01-14 12:48:00,1.406,1.408,1.406,1.407,55.78
2025-01-14 12:49:00,1.409,1.409,1.408,1.409,484.78
2025-01-14 12:50:00,1.409,1.411,1.409,1.411,207.93
2025-01-14 12:51:00,1.411,1.412,1.411,1.411,518.95
2025-01-14 12:52:00,1.412,1.412,1.41,1.41,643.5
2025-01-14 12:53:00,1.41,1.41,1.41,1.41,35.0
2025-01-14 12:54:00,1.411,1.411,1.409,1.409,188.81
2025-01-14 12:55:00,1.407,1.407,1.407,1.407,15.03
2025-01-14 12:56:00,1.407,1.408,1.406,1.406,573.79
2025-01-14 12:57:00,1.405,1.406,1.404,1.404,479.31
2025-01-14 12:58:00,1.406,1.406,1.405,1.406,47.53
2025-01-14 12:59:00,1.406,1.406,1.406,1.406,15.04
2025-01-14 13:00:00,1.406,1.406,1.406,1.406,181.79
2025-01-14 13:01:00,1.406,1.406,1.405,1.405,51.44
2025-01-14 13:02:00,1.404,1.404,1.404,1.404,467.43
2025-01-14 13:03:00,1.404,1.406,1.404,1.406,4647.04
2025-01-14 13:04:00,1.405,1.407,1.405,1.407,60.15
2025-01-14 13:05:00,1.406,1.407,1.406,1.407,30.07
2025-01-14 13:06:00,1.406,1.406,1.405,1.406,315.91
2025-01-14 13:07:00,1.406,1.406,1.406,1.406,15.04
2025-01-14 13:08:00,1.405,1.405,1.404,1.404,45.17
2025-01-14 13:09:00,1.404,1.404,1.402,1.402,361.31
2025-01-14 13:10:00,1.402,1.403,1.402,1.403,1356.2
2025-01-14 13:11:00,1.404,1.404,1.404,1.404,30.12
2025-01-14 13:12:00,1.406,1.406,1.404,1.404,1569.81
2025-01-14 13:13:00,1.405,1.405,1.405,1.405,45.15
2025-01-14 13:14:00,1.405,1.405,1.405,1.405,15.04
2025-01-14 13:15:00,1.405,1.407,1.405,1.407,53.24
2025-01-14 13:16:00,1.406,1.406,1.403,1.403,1393.81
2025-01-14 13:17:00,1.403,1.403,1.399,1.4,6845.47
2025-01-14 13:18:00,1.4,1.401,1.398,1.401,2036.31
2025-01-14 13:19:00,1.401,1.401,1.398,1.398,908.0
2025-01-14 13:20:00,1.398,1.4,1.398,1.4,1347.38
2025-01-14 13:21:00,1.401,1.403,1.401,1.403,1071.23
2025-01-14 13:22:00,1.402,1.404,1.402,1.404,413.07
2025-01-14 13:23:00,1.404,1.404,1.401,1.401,49.37
2025-01-14 13:24:00,1.401,1.402,1.4,1.4,1701.45
2025-01-14 13:25:00,1.402,1.402,1.401,1.401,98.68
2025-01-14 13:26:00,1.401,1.401,1.4,1.4,30.21
2025-01-14 13:27:00,1.399,1.4,1.399,1.4,89.26
2025-01-14 13:28:00,1.4,1.4,1.4,1.4,198.46
2025-01-14 13:29:00,1.401,1.401,1.4,1.4,116.68
2025-01-14 13:30:00,1.401,1.435,1.401,1.426,49911.26
2025-01-14 13:31:00,1.426,1.43,1.425,1.426,9122.23
2025-01-14 13:32:00,1.426,1.429,1.422,1.424,3670.4
2025-01-14 13:33:00,1.421,1.424,1.419,1.42,810.06
2025-01-14 13:34:00,1.421,1.421,1.417,1.417,56.25
2025-01-14 13:35:00,1.417,1.417,1.413,1.414,6488.08
2025-01-14 13:36:00,1.414,1.418,1.413,1.414,553.4
2025-01-14 13:37:00,1.415,1.419,1.415,1.419,2046.4
2025-01-14 13:38:00,1.415,1.415,1.412,1.413,830.3
2025-01-14 13:39:00,1.413,1.415,1.412,1.413,2907.49
2025-01-14 13:40:00,1.416,1.417,1.412,1.412,490.59
2025-01-14 13:41:00,1.411,1.416,1.411,1.416,280.71
2025-01-14 13:42:00,1.416,1.416,1.415,1.415,765.95
2025-01-14 13:43:00,1.414,1.417,1.414,1.414,909.53
2025-01-14 13:44:00,1.415,1.415,1.413,1.413,23.82
2025-01-14 13:45:00,1.415,1.419,1.414,1.419,508.88
2025-01-14 13:46:00,1.419,1.42,1.417,1.42,1150.8
2025-01-14 13:47:00,1.421,1.421,1.42,1.421,558.45
2025-01-14 13:48:00,1.423,1.424,1.422,1.422,1067.17
2025-01-14 13:49:00,1.421,1.422,1.42,1.42,38.83
2025-01-14 13:50:00,1.421,1.422,1.419,1.421,856.25
2025-01-14 13:51:00,1.419,1.42,1.415,1.415,465.9
2025-01-14 13:52:00,1.415,1.415,1.412,1.412,83.09
2025-01-14 13:53:00,1.413,1.415,1.413,1.415,743.7
2025-01-14 13:54:00,1.415,1.416,1.415,1.415,44.9
2025-01-14 13:55:00,1.415,1.416,1.415,1.416,25.44
2025-01-14 13:56:00,1.417,1.417,1.414,1.414,324.64
2025-01-14 13:57:00,1.415,1.417,1.415,1.417,67.46
2025-01-14 13:58:00,1.415,1.418,1.415,1.416,1557.29
2025-01-14 13:59:00,1.418,1.418,1.416,1.417,196.15
2025-01-14 14:00:00,1.417,1.418,1.415,1.415,902.03
2025-01-14 14:01:00,1.415,1.415,1.414,1.415,45.1
2025-01-14 14:02:00,1.414,1.414,1.412,1.412,418.37
2025-01-14 14:03:00,1.412,1.412,1.41,1.41,413.71
2025-01-14 14:04:00,1.41,1.412,1.41,1.412,294.64
2025-01-14 14:05:00,1.412,1.412,1.412,1.412,786.22
2025-01-14 14:06:00,1.41,1.41,1.41,1.41,15.07
2025-01-14 14:07:00,1.412,1.413,1.411,1.411,561.45
2025-01-14 14:08:00,1.411,1.411,1.411,1.411,29.22
2025-01-14 14:09:00,1.409,1.409,1.409,1.409,30.16
2025-01-14 14:10:00,1.409,1.409,1.407,1.407,94.14
2025-01-14 14:11:00,1.407,1.408,1.406,1.408,228.3
2025-01-14 14:12:00,1.409,1.41,1.409,1.41,399.45
2025-01-14 14:13:00,1.41,1.41,1.41,1.41,1020.11
2025-01-14 14:14:00,1.41,1.41,1.41,1.41,51.61
2025-01-14 14:15:00,1.41,1.41,1.41,1.41,45.64
2025-01-14 14:16:00,1.412,1.414,1.412,1.413,66.55
2025-01-14 14:17:00,1.414,1.414,1.414,1.414,274.71
2025-01-14 14:18:00,1.413,1.413,1.413,1.413,206.98
2025-01-14 14:19:00,1.415,1.415,1.414,1.414,293.21
2025-01-14 14:20:00,1.414,1.417,1.414,1.417,1037.56
2025-01-14 14:21:00,1.416,1.416,1.416,1.416,35.11
2025-01-14 14:22:00,1.416,1.417,1.416,1.417,35.32
2025-01-14 14:23:00,1.416,1.416,1.415,1.415,51.4
2025-01-14 14:24:00,1.415,1.415,1.414,1.414,136.04
2025-01-14 14:25:00,1.414,1.414,1.414,1.414,15.02
2025-01-14 14:26:00,1.414,1.417,1.414,1.417,126.59
2025-01-14 14:27:00,1.418,1.419,1.418,1.419,363.32
2025-01-14 14:28:00,1.419,1.42,1.419,1.419,446.26
2025-01-14 14:29:00,1.419,1.42,1.419,1.42,143.1
2025-01-14 14:30:00,1.42,1.421,1.42,1.421,216.87
2025-01-14 14:31:00,1.422,1.425,1.421,1.425,1390.61
2025-01-14 14:32:00,1.42,1.42,1.419,1.419,1446.39
2025-01-14 14:33:00,1.417,1.42,1.417,1.42,643.37
2025-01-14 14:34:00,1.421,1.424,1.421,1.423,2131.21
2025-01-14 14:35:00,1.423,1.425,1.423,1.425,116.7
2025-01-14 14:36:00,1.422,1.423,1.42,1.423,49.49
2025-01-14 14:37:00,1.423,1.428,1.423,1.427,223.39
2025-01-14 14:38:00,1.428,1.43,1.427,1.43,175.12
2025-01-14 14:39:00,1.429,1.429,1.425,1.428,629.72
2025-01-14 14:40:00,1.429,1.431,1.428,1.431,822.18
2025-01-14 14:41:00,1.43,1.432,1.428,1.428,7255.33
2025-01-14 14:42:00,1.428,1.428,1.427,1.427,46.89
2025-01-14 14:43:00,1.425,1.429,1.425,1.425,3369.46
2025-01-14 14:44:00,1.426,1.426,1.425,1.425,23.09
2025-01-14 14:45:00,1.426,1.426,1.422,1.423,770.27
2025-01-14 14:46:00,1.422,1.423,1.419,1.419,522.49
2025-01-14 14:47:00,1.417,1.418,1.417,1.417,1254.78
2025-01-14 14:48:00,1.416,1.417,1.416,1.416,88.56
2025-01-14 14:49:00,1.417,1.419,1.416,1.419,277.07
2025-01-14 14:50:00,1.421,1.422,1.418,1.418,1539.68
2025-01-14 14:51:00,1.42,1.422,1.419,1.422,93.87
2025-01-14 14:52:00,1.421,1.422,1.421,1.422,34.28
2025-01-14 14:53:00,1.419,1.419,1.417,1.417,38.23
2025-01-14 14:54:00,1.416,1.416,1.414,1.414,230.39
2025-01-14 14:55:00,1.416,1.416,1.413,1.414,315.34
2025-01-14 14:56:00,1.413,1.416,1.412,1.415,2516.45
2025-01-14 14:57:00,1.415,1.415,1.413,1.413,147.84
2025-01-14 14:58:00,1.413,1.413,1.413,1.413,19.04
2025-01-14 14:59:00,1.415,1.416,1.415,1.416,115.01
2025-01-14 15:00:00,1.416,1.416,1.415,1.415,112.24
2025-01-14 15:01:00,1.415,1.415,1.412,1.414,79.52
2025-01-14 15:02:00,1.415,1.416,1.414,1.415,177.98
2025-01-14 15:03:00,1.416,1.417,1.416,1.417,20.85
2025-01-14 15:04:00,1.417,1.417,1.417,1.417,14.98
2025-01-14 15:05:00,1.415,1.415,1.414,1.414,45.02
2025-01-14 15:06:00,1.417,1.419,1.417,1.419,79.35
2025-01-14 15:07:00,1.421,1.421,1.42,1.42,84.51
2025-01-14 15:08:00,1.42,1.422,1.42,1.422,100.28
2025-01-14 15:09:00,1.422,1.422,1.422,1.422,14.92
2025-01-14 15:10:00,1.421,1.421,1.418,1.42,93.64
2025-01-14 15:11:00,1.419,1.42,1.419,1.42,29.91
2025-01-14 15:12:00,1.421,1.423,1.421,1.422,34.34
2025-01-14 15:13:00,1.423,1.423,1.423,1.423,19.4
2025-01-14 15:14:00,1.422,1.422,1.421,1.421,36.18
2025-01-14 15:15:00,1.42,1.42,1.419,1.419,137.42
2025-01-14 15:16:00,1.421,1.422,1.421,1.422,90.62
2025-01-14 15:17:00,1.422,1.423,1.422,1.423,37.94
2025-01-14 15:18:00,1.421,1.422,1.421,1.422,165.88
2025-01-14 15:19:00,1.422,1.422,1.42,1.42,1272.24
2025-01-14 15:20:00,1.42,1.421,1.42,1.421,834.38
2025-01-14 15:21:00,1.419,1.42,1.419,1.419,1191.72
2025-01-14 15:22:00,1.419,1.42,1.418,1.419,9938.61
2025-01-14 15:23:00,1.417,1.419,1.417,1.419,506.0
2025-01-14 15:24:00,1.419,1.419,1.419,1.419,260.16
2025-01-14 15:25:00,1.419,1.42,1.419,1.419,356.92
2025-01-14 15:26:00,1.419,1.42,1.417,1.417,47.64
2025-01-14 15:27:00,1.417,1.417,1.416,1.417,42.06
2025-01-14 15:28:00,1.416,1.418,1.416,1.417,213.11
2025-01-14 15:29:00,1.417,1.418,1.417,1.418,44.77
2025-01-14 15:30:00,1.42,1.42,1.42,1.42,55.76
2025-01-14 15:31:00,1.418,1.419,1.417,1.419,62.68
2025-01-14 15:32:00,1.419,1.419,1.417,1.417,29.92
2025-01-14 15:33:00,1.415,1.417,1.415,1.417,345.3
2025-01-14 15:34:00,1.418,1.419,1.418,1.419,29.05
2025-01-14 15:35:00,1.418,1.418,1.417,1.417,44.9
2025-01-14 15:36:00,1.419,1.419,1.418,1.418,32.58
2025-01-14 15:37:00,1.419,1.419,1.417,1.417,601.0
2025-01-14 15:38:00,1.417,1.418,1.417,1.418,59.94
2025-01-14 15:39:00,1.418,1.418,1.414,1.414,114.09
2025-01-14 15:40:00,1.416,1.418,1.416,1.418,82.81
2025-01-14 15:41:00,1.419,1.422,1.419,1.42,575.77
2025-01-14 15:42:00,1.42,1.422,1.42,1.422,70.71
2025-01-14 15:43:00,1.421,1.421,1.421,1.421,28.48
2025-01-14 15:44:00,1.422,1.423,1.421,1.423,131.08
2025-01-14 15:45:00,1.423,1.424,1.419,1.419,739.29
2025-01-14 15:46:00,1.419,1.419,1.417,1.417,503.01
2025-01-14 15:47:00,1.418,1.419,1.418,1.419,45.45
2025-01-14 15:48:00,1.418,1.419,1.417,1.419,133.82
2025-01-14 15:49:00,1.419,1.419,1.418,1.418,39.42
2025-01-14 15:50:00,1.418,1.418,1.417,1.418,414.47
2025-01-14 15:51:00,1.419,1.42,1.417,1.42,306.06
2025-01-14 15:52:00,1.421,1.421,1.419,1.419,24.15
2025-01-14 15:53:00,1.418,1.419,1.417,1.418,90.43
2025-01-14 15:54:00,1.417,1.419,1.417,1.419,172.0
2025-01-14 15:55:00,1.419,1.419,1.418,1.418,35.83
2025-01-14 15:56:00,1.417,1.418,1.417,1.418,407.86
2025-01-14 15:57:00,1.418,1.418,1.417,1.417,38.11
2025-01-14 15:58:00,1.417,1.417,1.415,1.415,256.04
2025-01-14 15:59:00,1.416,1.416,1.415,1.415,33.86
2025-01-14 16:00:00,1.414,1.415,1.413,1.413,819.9
2025-01-14 16:01:00,1.413,1.413,1.411,1.411,20.33
2025-01-14 16:02:00,1.41,1.41,1.406,1.406,526.05
2025-01-14 16:03:00,1.404,1.405,1.402,1.405,2310.07
2025-01-14 16:04:00,1.403,1.405,1.403,1.405,30.44
2025-01-14 16:05:00,1.402,1.403,1.401,1.401,758.76
2025-01-14 16:06:00,1.402,1.407,1.401,1.407,680.67
2025-01-14 16:07:00,1.409,1.409,1.407,1.407,169.18
2025-01-14 16:08:00,1.41,1.411,1.41,1.411,228.53
2025-01-14 16:09:00,1.411,1.412,1.408,1.408,621.48
2025-01-14 16:10:00,1.407,1.407,1.407,1.407,15.06
2025-01-14 16:11:00,1.405,1.408,1.405,1.406,449.33
2025-01-14 16:12:00,1.407,1.407,1.406,1.406,243.83
2025-01-14 16:13:00,1.407,1.407,1.406,1.406,25.07
2025-01-14 16:14:00,1.407,1.408,1.407,1.408,30.1
2025-01-14 16:15:00,1.408,1.408,1.405,1.405,44.74
2025-01-14 16:16:00,1.406,1.408,1.406,1.408,23.93
2025-01-14 16:17:00,1.408,1.411,1.408,1.411,151.84
2025-01-14 16:18:00,1.41,1.41,1.408,1.408,18.64
2025-01-14 16:19:00,1.408,1.408,1.408,1.408,15.04
2025-01-14 16:20:00,1.409,1.41,1.409,1.41,30.63
2025-01-14 16:21:00,1.41,1.411,1.41,1.411,112.66
2025-01-14 16:22:00,1.412,1.414,1.412,1.414,744.74
2025-01-14 16:23:00,1.413,1.413,1.413,1.413,14.98
2025-01-14 16:24:00,1.413,1.414,1.413,1.414,33.63
2025-01-14 16:25:00,1.414,1.415,1.414,1.415,257.24
2025-01-14 16:26:00,1.416,1.416,1.416,1.416,527.14
2025-01-14 16:27:00,1.417,1.417,1.417,1.417,18.68
2025-01-14 16:28:00,1.417,1.418,1.416,1.416,163.04
2025-01-14 16:29:00,1.414,1.415,1.414,1.414,44.07
2025-01-14 16:30:00,1.412,1.413,1.412,1.412,721.2
2025-01-14 16:31:00,1.411,1.414,1.411,1.413,99.1
2025-01-14 16:32:00,1.413,1.413,1.412,1.413,471.11
2025-01-14 16:33:00,1.414,1.414,1.412,1.413,1553.12
2025-01-14 16:34:00,1.412,1.414,1.411,1.414,367.78
2025-01-14 16:35:00,1.414,1.414,1.413,1.414,173.61
2025-01-14 16:36:00,1.413,1.413,1.413,1.413,14.98
2025-01-14 16:37:00,1.413,1.413,1.413,1.413,47.03
2025-01-14 16:38:00,1.413,1.413,1.412,1.413,436.42
2025-01-14 16:39:00,1.411,1.413,1.411,1.412,81.69
2025-01-14 16:40:00,1.412,1.414,1.412,1.412,86.55
2025-01-14 16:41:00,1.412,1.413,1.411,1.413,321.0
2025-01-14 16:42:00,1.412,1.412,1.412,1.412,24.01
2025-01-14 16:43:00,1.411,1.412,1.41,1.41,57.51
2025-01-14 16:44:00,1.41,1.41,1.409,1.41,257.28
2025-01-14 16:45:00,1.41,1.413,1.41,1.413,1009.01
2025-01-14 16:46:00,1.413,1.414,1.412,1.413,549.9
2025-01-14 16:47:00,1.414,1.415,1.414,1.414,42.28
2025-01-14 16:48:00,1.413,1.414,1.411,1.414,4514.25
2025-01-14 16:49:00,1.413,1.415,1.413,1.414,486.37
2025-01-14 16:50:00,1.414,1.416,1.414,1.416,114.69
2025-01-14 16:51:00,1.415,1.417,1.415,1.417,71.12
2025-01-14 16:52:00,1.418,1.419,1.417,1.418,276.35
2025-01-14 16:53:00,1.419,1.419,1.417,1.417,88.32
2025-01-14 16:54:00,1.419,1.419,1.418,1.418,413.16
2025-01-14 16:55:00,1.417,1.419,1.417,1.418,37.5
2025-01-14 16:56:00,1.419,1.42,1.418,1.418,112.74
2025-01-14 16:57:00,1.419,1.419,1.418,1.418,23.1
2025-01-14 16:58:00,1.418,1.421,1.418,1.421,1363.83
2025-01-14 16:59:00,1.42,1.421,1.419,1.419,145.33
2025-01-14 17:00:00,1.419,1.419,1.417,1.417,630.4
2025-01-14 17:01:00,1.417,1.417,1.417,1.417,133.7
2025-01-14 17:02:00,1.417,1.417,1.416,1.416,25.45
2025-01-14 17:03:00,1.416,1.416,1.415,1.415,81.75
2025-01-14 17:04:00,1.415,1.415,1.415,1.415,140.38
2025-01-14 17:05:00,1.418,1.418,1.417,1.417,84.08
2025-01-14 17:06:00,1.417,1.419,1.417,1.419,225.78
2025-01-14 17:07:00,1.421,1.423,1.421,1.423,374.06
2025-01-14 17:08:00,1.422,1.424,1.422,1.423,979.49
2025-01-14 17:09:00,1.423,1.423,1.423,1.423,19.35
2025-01-14 17:10:00,1.423,1.423,1.423,1.423,21.87
2025-01-14 17:11:00,1.421,1.422,1.421,1.422,336.87
2025-01-14 17:12:00,1.424,1.424,1.424,1.424,29.7
2025-01-14 17:13:00,1.425,1.426,1.423,1.426,415.15
2025-01-14 17:14:00,1.425,1.425,1.425,1.425,29.68
2025-01-14 17:15:00,1.425,1.425,1.425,1.425,618.09
2025-01-14 17:16:00,1.425,1.428,1.425,1.428,516.57
2025-01-14 17:17:00,1.428,1.43,1.428,1.43,538.22
2025-01-14 17:18:00,1.429,1.432,1.428,1.432,81.26
2025-01-14 17:19:00,1.43,1.43,1.427,1.427,62.63
2025-01-14 17:20:00,1.427,1.427,1.426,1.427,76.05
2025-01-14 17:21:00,1.426,1.426,1.423,1.424,162.25
2025-01-14 17:22:00,1.423,1.423,1.422,1.422,29.61
2025-01-14 17:23:00,1.422,1.422,1.421,1.421,290.89
2025-01-14 17:24:00,1.422,1.424,1.422,1.424,589.91
2025-01-14 17:25:00,1.423,1.423,1.423,1.423,14.85
2025-01-14 17:26:00,1.425,1.426,1.425,1.426,80.17
2025-01-14 17:27:00,1.427,1.427,1.425,1.426,103.03
2025-01-14 17:28:00,1.426,1.427,1.426,1.427,29.63
2025-01-14 17:29:00,1.428,1.428,1.428,1.428,14.8
2025-01-14 17:30:00,1.428,1.429,1.427,1.427,171.58
2025-01-14 17:31:00,1.426,1.427,1.426,1.427,104.09
2025-01-14 17:32:00,1.427,1.427,1.426,1.426,112.74
2025-01-14 17:33:00,1.427,1.428,1.427,1.428,51.23
2025-01-14 17:34:00,1.426,1.426,1.426,1.426,892.57
2025-01-14 17:35:00,1.423,1.423,1.422,1.422,814.91
2025-01-14 17:36:00,1.422,1.425,1.422,1.425,205.39
2025-01-14 17:37:00,1.425,1.425,1.424,1.425,366.32
2025-01-14 17:38:00,1.424,1.424,1.423,1.423,59.59
2025-01-14 17:39:00,1.423,1.424,1.423,1.424,239.77
2025-01-14 17:40:00,1.424,1.424,1.422,1.422,5289.73
2025-01-14 17:41:00,1.423,1.423,1.422,1.422,243.84
2025-01-14 17:42:00,1.424,1.426,1.424,1.426,45.72
2025-01-14 17:43:00,1.426,1.427,1.426,1.427,38.0
2025-01-14 17:44:00,1.427,1.427,1.425,1.425,51.31
2025-01-14 17:45:00,1.425,1.425,1.423,1.423,114.58
2025-01-14 17:46:00,1.425,1.425,1.424,1.424,335.22
2025-01-14 17:47:00,1.426,1.426,1.424,1.424,153.53
2025-01-14 17:48:00,1.425,1.427,1.425,1.427,986.97
2025-01-14 17:49:00,1.426,1.427,1.424,1.424,340.06
2025-01-14 17:50:00,1.424,1.425,1.424,1.424,341.34
2025-01-14 17:51:00,1.425,1.425,1.424,1.425,65.96
2025-01-14 17:52:00,1.425,1.425,1.425,1.425,31.48
2025-01-14 17:53:00,1.426,1.427,1.426,1.426,70.11
2025-01-14 17:54:00,1.426,1.426,1.425,1.425,87.25
2025-01-14 17:55:00,1.425,1.425,1.423,1.423,186.78
2025-01-14 17:56:00,1.424,1.424,1.422,1.422,4382.68
2025-01-14 17:57:00,1.422,1.423,1.422,1.423,549.27
2025-01-14 17:58:00,1.424,1.425,1.424,1.424,185.3
2025-01-14 17:59:00,1.424,1.424,1.423,1.424,124.52
2025-01-14 18:00:00,1.425,1.429,1.425,1.429,239.92
2025-01-14 18:01:00,1.429,1.429,1.428,1.428,19.09
2025-01-14 18:02:00,1.426,1.427,1.426,1.426,44.42
2025-01-14 18:03:00,1.426,1.427,1.425,1.426,1559.31
2025-01-14 18:04:00,1.426,1.426,1.426,1.426,151.43
2025-01-14 18:05:00,1.427,1.429,1.427,1.429,161.74
2025-01-14 18:06:00,1.428,1.428,1.427,1.427,508.62
2025-01-14 18:07:00,1.43,1.431,1.429,1.431,2119.26
2025-01-14 18:08:00,1.428,1.429,1.427,1.429,106.38
2025-01-14 18:09:00,1.429,1.429,1.428,1.428,93.01
2025-01-14 18:10:00,1.428,1.429,1.427,1.427,565.09
2025-01-14 18:11:00,1.426,1.426,1.426,1.426,1259.28
2025-01-14 18:12:00,1.425,1.425,1.424,1.424,472.49
2025-01-14 18:13:00,1.424,1.426,1.424,1.426,710.35
2025-01-14 18:14:00,1.425,1.425,1.424,1.424,400.82
2025-01-14 18:15:00,1.425,1.426,1.424,1.426,949.33
2025-01-14 18:16:00,1.426,1.426,1.426,1.426,20.02
2025-01-14 18:17:00,1.426,1.426,1.425,1.426,136.57
2025-01-14 18:18:00,1.426,1.426,1.425,1.425,193.19
2025-01-14 18:19:00,1.425,1.425,1.422,1.422,154.97
2025-01-14 18:20:00,1.422,1.424,1.421,1.424,630.47
2025-01-14 18:21:00,1.425,1.425,1.424,1.424,85.0
2025-01-14 18:22:00,1.423,1.424,1.423,1.424,752.09
2025-01-14 18:23:00,1.425,1.425,1.423,1.425,114.61
2025-01-14 18:24:00,1.424,1.424,1.423,1.424,52.35
2025-01-14 18:25:00,1.425,1.426,1.425,1.426,383.6
2025-01-14 18:26:00,1.426,1.427,1.426,1.426,104.94
2025-01-14 18:27:00,1.427,1.427,1.426,1.426,184.62
2025-01-14 18:28:00,1.426,1.427,1.426,1.427,29.61
2025-01-14 18:29:00,1.427,1.427,1.427,1.427,14.79
2025-01-14 18:30:00,1.428,1.429,1.427,1.427,86.56
2025-01-14 18:31:00,1.427,1.428,1.427,1.428,280.51
2025-01-14 18:32:00,1.428,1.43,1.428,1.43,628.17
2025-01-14 18:33:00,1.428,1.431,1.428,1.428,1467.67
2025-01-14 18:34:00,1.429,1.429,1.429,1.429,14.77
2025-01-14 18:35:00,1.429,1.429,1.427,1.427,33.1
2025-01-14 18:36:00,1.427,1.429,1.427,1.429,99.53
2025-01-14 18:37:00,1.429,1.43,1.429,1.43,54.77
2025-01-14 18:38:00,1.429,1.43,1.429,1.43,93.5
2025-01-14 18:39:00,1.429,1.429,1.429,1.429,482.93
2025-01-14 18:40:00,1.43,1.43,1.429,1.43,148.8
2025-01-14 18:41:00,1.429,1.429,1.428,1.428,369.79
2025-01-14 18:42:00,1.427,1.427,1.426,1.426,440.18
2025-01-14 18:43:00,1.427,1.43,1.427,1.428,43.0
2025-01-14 18:44:00,1.428,1.429,1.428,1.429,97.11
2025-01-14 18:45:00,1.428,1.428,1.428,1.428,306.88
2025-01-14 18:46:00,1.428,1.429,1.426,1.429,1557.12
2025-01-14 18:47:00,1.431,1.431,1.43,1.43,42.32
2025-01-14 18:48:00,1.431,1.431,1.43,1.43,243.84
2025-01-14 18:49:00,1.429,1.43,1.428,1.429,288.76
2025-01-14 18:50:00,1.429,1.429,1.428,1.428,29.53
2025-01-14 18:51:00,1.428,1.428,1.427,1.427,72.06
2025-01-14 18:52:00,1.427,1.428,1.427,1.427,83.27
2025-01-14 18:53:00,1.428,1.429,1.428,1.428,250.85
2025-01-14 18:54:00,1.43,1.43,1.429,1.43,92.36
2025-01-14 18:55:00,1.43,1.43,1.429,1.429,58.63
2025-01-14 18:56:00,1.429,1.429,1.429,1.429,29.52
2025-01-14 18:57:00,1.43,1.43,1.43,1.43,368.22
2025-01-14 18:58:00,1.429,1.429,1.429,1.429,14.76
2025-01-14 18:59:00,1.429,1.429,1.428,1.429,388.15
2025-01-14 19:00:00,1.428,1.428,1.424,1.424,1215.23
2025-01-14 19:01:00,1.423,1.423,1.421,1.422,146.48
2025-01-14 19:02:00,1.424,1.424,1.422,1.422,38.82
2025-01-14 19:03:00,1.423,1.423,1.423,1.423,83.18
2025-01-14 19:04:00,1.422,1.424,1.422,1.424,127.83
2025-01-14 19:05:00,1.424,1.426,1.423,1.423,6236.24
2025-01-14 19:06:00,1.424,1.424,1.423,1.423,275.67
2025-01-14 19:07:00,1.424,1.427,1.424,1.424,3012.32
2025-01-14 19:08:00,1.426,1.426,1.425,1.425,421.03
2025-01-14 19:09:00,1.424,1.424,1.424,1.424,14.81
2025-01-14 19:10:00,1.425,1.425,1.423,1.423,141.8
2025-01-14 19:11:00,1.423,1.423,1.423,1.423,35.13
2025-01-14 19:12:00,1.423,1.423,1.421,1.421,418.99
2025-01-14 19:13:00,1.422,1.424,1.422,1.424,82.01
2025-01-14 19:14:00,1.424,1.425,1.424,1.424,33.12
2025-01-14 19:15:00,1.424,1.426,1.424,1.426,271.8
2025-01-14 19:16:00,1.426,1.426,1.425,1.425,20.04
2025-01-14 19:17:00,1.424,1.426,1.424,1.426,1537.25
2025-01-14 19:18:00,1.425,1.427,1.425,1.426,467.96
2025-01-14 19:19:00,1.426,1.426,1.426,1.426,103.59
2025-01-14 19:20:00,1.424,1.424,1.424,1.424,46.14
2025-01-14 19:21:00,1.425,1.426,1.425,1.426,139.81
2025-01-14 19:22:00,1.425,1.425,1.425,1.425,14.8
2025-01-14 19:23:00,1.425,1.425,1.424,1.425,83.07
2025-01-14 19:24:00,1.425,1.425,1.425,1.425,29.6
2025-01-14 19:25:00,1.426,1.426,1.426,1.426,109.24
2025-01-14 19:26:00,1.425,1.426,1.425,1.426,66.09
2025-01-14 19:27:00,1.427,1.428,1.427,1.428,64.77
2025-01-14 19:28:00,1.428,1.428,1.428,1.428,122.06
2025-01-14 19:29:00,1.427,1.427,1.427,1.427,14.77
2025-01-14 19:30:00,1.427,1.427,1.426,1.426,1218.97
2025-01-14 19:31:00,1.428,1.428,1.426,1.426,57.81
2025-01-14 19:32:00,1.427,1.427,1.426,1.426,573.71
2025-01-14 19:33:00,1.426,1.427,1.426,1.427,44.32
2025-01-14 19:34:00,1.428,1.428,1.428,1.428,14.76
2025-01-14 19:35:00,1.429,1.433,1.429,1.432,7929.81
2025-01-14 19:36:00,1.431,1.432,1.431,1.432,169.02
2025-01-14 19:37:00,1.433,1.434,1.433,1.434,203.31
2025-01-14 19:38:00,1.432,1.432,1.432,1.432,29.44
2025-01-14 19:39:00,1.432,1.432,1.43,1.43,77.58
2025-01-14 19:40:00,1.432,1.432,1.431,1.431,29.45
2025-01-14 19:41:00,1.43,1.433,1.43,1.433,263.84
2025-01-14 19:42:00,1.433,1.433,1.431,1.432,22.02
2025-01-14 19:43:00,1.431,1.432,1.431,1.432,29.45
2025-01-14 19:44:00,1.432,1.432,1.431,1.432,23.27
2025-01-14 19:45:00,1.431,1.431,1.43,1.43,72.44
2025-01-14 19:46:00,1.43,1.431,1.429,1.43,50.04
2025-01-14 19:47:00,1.43,1.431,1.43,1.43,48.1
2025-01-14 19:48:00,1.43,1.432,1.43,1.43,585.4
2025-01-14 19:49:00,1.429,1.43,1.429,1.429,33.14
2025-01-14 19:50:00,1.431,1.431,1.43,1.43,245.26
2025-01-14 19:51:00,1.431,1.431,1.427,1.428,4355.08
2025-01-14 19:52:00,1.428,1.429,1.428,1.428,33.77
2025-01-14 19:53:00,1.428,1.429,1.427,1.427,165.09
2025-01-14 19:54:00,1.428,1.429,1.428,1.428,310.86
2025-01-14 19:55:00,1.428,1.428,1.428,1.428,67.09
2025-01-14 19:56:00,1.428,1.428,1.423,1.425,9559.79
2025-01-14 19:57:00,1.425,1.426,1.424,1.425,627.45
2025-01-14 19:58:00,1.425,1.426,1.424,1.425,1590.88
2025-01-14 19:59:00,1.426,1.426,1.424,1.424,2603.18
2025-01-14 20:00:00,1.424,1.426,1.422,1.422,4108.44
2025-01-14 20:01:00,1.422,1.422,1.421,1.421,604.53
2025-01-14 20:02:00,1.421,1.422,1.415,1.415,4783.32
2025-01-14 20:03:00,1.415,1.418,1.415,1.416,665.11
2025-01-14 20:04:00,1.414,1.414,1.413,1.413,255.86
2025-01-14 20:05:00,1.412,1.415,1.412,1.415,58.88
2025-01-14 20:06:00,1.416,1.416,1.414,1.414,191.37
2025-01-14 20:07:00,1.414,1.415,1.413,1.415,110.43
2025-01-14 20:08:00,1.416,1.419,1.416,1.418,1581.22
2025-01-14 20:09:00,1.417,1.417,1.416,1.416,99.48
2025-01-14 20:10:00,1.416,1.417,1.415,1.416,749.07
2025-01-14 20:11:00,1.416,1.416,1.415,1.415,231.51
2025-01-14 20:12:00,1.416,1.417,1.414,1.416,3732.39
2025-01-14 20:13:00,1.416,1.416,1.416,1.416,58.5
2025-01-14 20:14:00,1.416,1.418,1.416,1.417,448.34
2025-01-14 20:15:00,1.418,1.42,1.417,1.42,1021.25
2025-01-14 20:16:00,1.42,1.42,1.418,1.419,793.93
2025-01-14 20:17:00,1.42,1.421,1.42,1.42,1274.91
2025-01-14 20:18:00,1.421,1.422,1.421,1.422,962.91
2025-01-14 20:19:00,1.421,1.422,1.421,1.422,102.83
2025-01-14 20:20:00,1.423,1.424,1.423,1.423,780.58
2025-01-14 20:21:00,1.421,1.422,1.421,1.422,855.11
2025-01-14 20:22:00,1.422,1.423,1.421,1.422,1759.28
2025-01-14 20:23:00,1.422,1.422,1.421,1.422,199.07
2025-01-14 20:24:00,1.423,1.425,1.423,1.425,102.27
2025-01-14 20:25:00,1.425,1.426,1.425,1.426,165.02
2025-01-14 20:26:00,1.425,1.426,1.423,1.423,208.22
2025-01-14 20:27:00,1.423,1.423,1.423,1.423,29.66
2025-01-14 20:28:00,1.425,1.426,1.424,1.424,619.94
2025-01-14 20:29:00,1.426,1.426,1.425,1.425,421.34
2025-01-14 20:30:00,1.424,1.424,1.423,1.423,77.05
2025-01-14 20:31:00,1.422,1.422,1.42,1.42,371.88
2025-01-14 20:32:00,1.42,1.42,1.42,1.42,161.52
2025-01-14 20:33:00,1.419,1.42,1.419,1.42,23.2
2025-01-14 20:34:00,1.421,1.421,1.42,1.421,225.05
2025-01-14 20:35:00,1.422,1.422,1.419,1.42,140.09
2025-01-14 20:36:00,1.42,1.422,1.42,1.422,349.66
2025-01-14 20:37:00,1.421,1.421,1.421,1.421,14.84
2025-01-14 20:38:00,1.422,1.423,1.418,1.419,2640.36
2025-01-14 20:39:00,1.419,1.419,1.418,1.418,192.9
2025-01-14 20:40:00,1.418,1.418,1.417,1.417,183.06
2025-01-14 20:41:00,1.419,1.42,1.418,1.42,321.02
2025-01-14 20:42:00,1.42,1.42,1.418,1.418,171.86
2025-01-14 20:43:00,1.418,1.419,1.418,1.419,151.76
2025-01-14 20:44:00,1.42,1.42,1.419,1.419,66.62
2025-01-14 20:45:00,1.42,1.421,1.42,1.421,126.29
2025-01-14 20:46:00,1.42,1.42,1.419,1.419,37.23
2025-01-14 20:47:00,1.42,1.421,1.419,1.421,46.3
2025-01-14 20:48:00,1.419,1.421,1.419,1.42,91.4
2025-01-14 20:49:00,1.42,1.423,1.42,1.423,3892.66
2025-01-14 20:50:00,1.422,1.424,1.421,1.424,2455.67
2025-01-14 20:51:00,1.423,1.424,1.422,1.424,430.37
2025-01-14 20:52:00,1.424,1.424,1.422,1.423,116.36
2025-01-14 20:53:00,1.422,1.422,1.422,1.422,178.46
2025-01-14 20:54:00,1.422,1.423,1.421,1.422,683.81
2025-01-14 20:55:00,1.422,1.422,1.422,1.422,14.83
2025-01-14 20:56:00,1.423,1.423,1.422,1.423,42.31
2025-01-14 20:57:00,1.424,1.425,1.423,1.423,273.69
2025-01-14 20:58:00,1.423,1.424,1.423,1.423,33.29
2025-01-14 20:59:00,1.424,1.426,1.424,1.426,578.36
2025-01-14 21:00:00,1.427,1.43,1.427,1.427,1063.23
2025-01-14 21:01:00,1.427,1.427,1.426,1.426,18.89
2025-01-14 21:02:00,1.426,1.427,1.426,1.427,40.32
2025-01-14 21:03:00,1.426,1.426,1.425,1.425,2278.87
2025-01-14 21:04:00,1.427,1.432,1.426,1.43,4500.33
2025-01-14 21:05:00,1.43,1.43,1.428,1.429,554.15
2025-01-14 21:06:00,1.43,1.432,1.43,1.432,182.72
2025-01-14 21:07:00,1.431,1.432,1.431,1.432,83.67
2025-01-14 21:08:00,1.431,1.432,1.43,1.432,938.57
2025-01-14 21:09:00,1.432,1.432,1.432,1.432,91.57
2025-01-14 21:10:00,1.432,1.432,1.429,1.43,611.13
2025-01-14 21:11:00,1.429,1.43,1.429,1.43,159.09
2025-01-14 21:12:00,1.429,1.431,1.429,1.43,329.51
2025-01-14 21:13:00,1.429,1.429,1.429,1.429,842.39
2025-01-14 21:14:00,1.429,1.429,1.429,1.429,29.52
2025-01-14 21:15:00,1.429,1.43,1.429,1.43,63.97
2025-01-14 21:16:00,1.429,1.436,1.429,1.433,20354.7
2025-01-14 21:17:00,1.434,1.434,1.432,1.434,1596.79
2025-01-14 21:18:00,1.434,1.434,1.433,1.433,999.25
2025-01-14 21:19:00,1.433,1.434,1.433,1.434,175.56
2025-01-14 21:20:00,1.434,1.435,1.434,1.435,808.47
2025-01-14 21:21:00,1.435,1.437,1.435,1.435,153.6
2025-01-14 21:22:00,1.435,1.436,1.435,1.435,1202.76
2025-01-14 21:23:00,1.434,1.434,1.433,1.433,73.76
2025-01-14 21:24:00,1.435,1.437,1.435,1.437,195.98
2025-01-14 21:25:00,1.436,1.437,1.436,1.437,47.45
2025-01-14 21:26:00,1.435,1.435,1.434,1.434,56.71
2025-01-14 21:27:00,1.435,1.436,1.434,1.436,171.47
2025-01-14 21:28:00,1.435,1.435,1.435,1.435,29.42
2025-01-14 21:29:00,1.435,1.435,1.435,1.435,14.71
2025-01-14 21:30:00,1.435,1.435,1.432,1.432,857.9
2025-01-14 21:31:00,1.432,1.432,1.431,1.431,125.17
2025-01-14 21:32:00,1.43,1.431,1.43,1.43,151.26
2025-01-14 21:33:00,1.43,1.431,1.43,1.43,702.86
2025-01-14 21:34:00,1.43,1.433,1.43,1.433,722.29
2025-01-14 21:35:00,1.431,1.431,1.431,1.431,29.5
2025-01-14 21:36:00,1.431,1.431,1.43,1.43,346.1
2025-01-14 21:37:00,1.429,1.43,1.429,1.43,35.54
2025-01-14 21:38:00,1.432,1.432,1.431,1.431,39.81
2025-01-14 21:39:00,1.431,1.431,1.43,1.43,82.32
2025-01-14 21:40:00,1.43,1.43,1.428,1.428,77.09
2025-01-14 21:41:00,1.43,1.43,1.429,1.429,1681.95
2025-01-14 21:42:00,1.43,1.43,1.429,1.43,46.51
2025-01-14 21:43:00,1.429,1.431,1.429,1.43,615.71
2025-01-14 21:44:00,1.43,1.43,1.429,1.429,35.25
2025-01-14 21:45:00,1.43,1.43,1.429,1.429,230.45
2025-01-14 21:46:00,1.429,1.43,1.428,1.428,51.02
2025-01-14 21:47:00,1.428,1.429,1.425,1.425,3057.1
2025-01-14 21:48:00,1.425,1.426,1.425,1.425,2713.46
2025-01-14 21:49:00,1.425,1.426,1.425,1.426,18.71
2025-01-14 21:50:00,1.426,1.427,1.426,1.427,897.53
2025-01-14 21:51:00,1.426,1.428,1.426,1.426,176.88
2025-01-14 21:52:00,1.427,1.427,1.426,1.427,38.53
2025-01-14 21:53:00,1.427,1.428,1.426,1.428,258.01
2025-01-14 21:54:00,1.428,1.429,1.428,1.428,632.52
2025-01-14 21:55:00,1.427,1.428,1.426,1.426,353.68
2025-01-14 21:56:00,1.426,1.427,1.426,1.426,61.32
2025-01-14 21:57:00,1.427,1.427,1.427,1.427,35.36
2025-01-14 21:58:00,1.426,1.427,1.426,1.427,43.4
2025-01-14 21:59:00,1.428,1.428,1.427,1.428,68.86
2025-01-14 22:00:00,1.428,1.431,1.428,1.429,699.62
2025-01-14 22:01:00,1.43,1.431,1.429,1.431,71.3
2025-01-14 22:02:00,1.431,1.432,1.43,1.43,608.27
2025-01-14 22:03:00,1.429,1.431,1.429,1.431,481.84
2025-01-14 22:04:00,1.43,1.431,1.43,1.431,106.75
2025-01-14 22:05:00,1.432,1.432,1.43,1.431,104.83
2025-01-14 22:06:00,1.431,1.431,1.43,1.43,76.05
2025-01-14 22:07:00,1.43,1.43,1.43,1.43,24.82
2025-01-14 22:08:00,1.43,1.43,1.43,1.43,29.5
2025-01-14 22:09:00,1.432,1.432,1.432,1.432,78.21
2025-01-14 22:10:00,1.432,1.432,1.432,1.432,29.46
2025-01-14 22:11:00,1.432,1.432,1.432,1.432,29.46
2025-01-14 22:12:00,1.432,1.432,1.431,1.431,215.71
2025-01-14 22:13:00,1.432,1.432,1.432,1.432,14.73
2025-01-14 22:14:00,1.432,1.433,1.432,1.432,38.89
2025-01-14 22:15:00,1.433,1.434,1.432,1.432,421.92
2025-01-14 22:16:00,1.432,1.432,1.432,1.432,29.45
2025-01-14 22:17:00,1.432,1.432,1.432,1.432,14.72
2025-01-14 22:18:00,1.432,1.433,1.432,1.433,313.1
2025-01-14 22:19:00,1.434,1.434,1.433,1.433,61.75
2025-01-14 22:20:00,1.433,1.434,1.433,1.434,59.22
2025-01-14 22:21:00,1.433,1.435,1.433,1.434,51.19
2025-01-14 22:22:00,1.434,1.435,1.434,1.434,428.59
2025-01-14 22:23:00,1.434,1.434,1.434,1.434,29.4
2025-01-14 22:24:00,1.435,1.435,1.434,1.434,18.88
2025-01-14 22:25:00,1.435,1.436,1.435,1.435,240.37
2025-01-14 22:26:00,1.436,1.436,1.435,1.435,33.49
2025-01-14 22:27:00,1.436,1.436,1.436,1.436,37.16
2025-01-14 22:28:00,1.436,1.436,1.436,1.436,14.68
2025-01-14 22:29:00,1.436,1.437,1.436,1.436,89.05
2025-01-14 22:30:00,1.436,1.437,1.436,1.437,171.26
2025-01-14 22:31:00,1.437,1.437,1.436,1.436,497.14
2025-01-14 22:32:00,1.437,1.438,1.437,1.437,32.97
2025-01-14 22:33:00,1.438,1.438,1.437,1.437,225.82
2025-01-14 22:34:00,1.436,1.436,1.436,1.436,538.54
2025-01-14 22:35:00,1.437,1.438,1.437,1.438,438.3
2025-01-14 22:36:00,1.439,1.439,1.438,1.438,19.06
2025-01-14 22:37:00,1.439,1.439,1.438,1.438,689.47
2025-01-14 22:38:00,1.438,1.438,1.438,1.438,19.09
2025-01-14 22:39:00,1.439,1.441,1.439,1.44,1026.73
2025-01-14 22:40:00,1.44,1.441,1.439,1.44,50.5
2025-01-14 22:41:00,1.441,1.441,1.44,1.44,267.65
2025-01-14 22:42:00,1.44,1.441,1.44,1.441,54.56
2025-01-14 22:43:00,1.44,1.441,1.44,1.44,37.02
2025-01-14 22:44:00,1.44,1.441,1.44,1.441,18.27
2025-01-14 22:45:00,1.44,1.442,1.44,1.44,162.38
2025-01-14 22:46:00,1.441,1.442,1.44,1.442,26.26
2025-01-14 22:47:00,1.442,1.442,1.441,1.441,68.33
2025-01-14 22:48:00,1.442,1.442,1.441,1.441,186.55
2025-01-14 22:49:00,1.442,1.442,1.441,1.442,329.31
2025-01-14 22:50:00,1.443,1.443,1.441,1.441,134.37
2025-01-14 22:51:00,1.443,1.443,1.441,1.441,131.03
2025-01-14 22:52:00,1.443,1.443,1.441,1.443,51.94
2025-01-14 22:53:00,1.443,1.443,1.442,1.442,132.44
2025-01-14 22:54:00,1.442,1.442,1.442,1.442,14.61
2025-01-14 22:55:00,1.443,1.443,1.442,1.442,135.04
2025-01-14 22:56:00,1.443,1.444,1.443,1.444,2364.19
2025-01-14 22:57:00,1.443,1.445,1.443,1.444,2650.0
2025-01-14 22:58:00,1.445,1.447,1.444,1.447,5849.96
2025-01-14 22:59:00,1.447,1.447,1.445,1.445,3854.56
2025-01-14 23:00:00,1.446,1.446,1.444,1.444,101.73
2025-01-14 23:01:00,1.444,1.445,1.444,1.445,330.6
2025-01-14 23:02:00,1.445,1.445,1.444,1.444,1612.18
2025-01-14 23:03:00,1.443,1.443,1.443,1.443,109.85
2025-01-14 23:04:00,1.444,1.444,1.443,1.443,133.06
2025-01-14 23:05:00,1.443,1.443,1.443,1.443,255.62
2025-01-14 23:06:00,1.443,1.443,1.441,1.441,365.18
2025-01-14 23:07:00,1.441,1.444,1.441,1.444,39.52
2025-01-14 23:08:00,1.442,1.442,1.442,1.442,38.08
2025-01-14 23:09:00,1.441,1.442,1.441,1.442,39.66
2025-01-14 23:10:00,1.441,1.443,1.441,1.443,53.58
2025-01-14 23:11:00,1.442,1.442,1.441,1.441,50.96
2025-01-14 23:12:00,1.441,1.441,1.441,1.441,1848.69
2025-01-14 23:13:00,1.441,1.441,1.44,1.44,216.18
2025-01-14 23:14:00,1.44,1.44,1.44,1.44,222.93
2025-01-14 23:15:00,1.44,1.44,1.44,1.44,29.26
2025-01-14 23:16:00,1.441,1.441,1.44,1.44,282.27
2025-01-14 23:17:00,1.44,1.44,1.44,1.44,2534.66
2025-01-14 23:18:00,1.44,1.44,1.44,1.44,14.63
2025-01-14 23:19:00,1.44,1.443,1.44,1.443,597.92
2025-01-14 23:20:00,1.442,1.442,1.441,1.442,60.36
2025-01-14 23:21:00,1.442,1.442,1.441,1.441,136.28
2025-01-14 23:22:00,1.44,1.442,1.44,1.44,39.55
2025-01-14 23:23:00,1.441,1.441,1.441,1.441,14.62
2025-01-14 23:24:00,1.44,1.44,1.44,1.44,29.26
2025-01-14 23:25:00,1.441,1.441,1.44,1.44,33.53
2025-01-14 23:26:00,1.44,1.441,1.44,1.441,39.26
2025-01-14 23:27:00,1.44,1.442,1.44,1.442,1319.57
2025-01-14 23:28:00,1.44,1.44,1.439,1.44,955.58
2025-01-14 23:29:00,1.44,1.44,1.44,1.44,29.26
2025-01-14 23:30:00,1.44,1.44,1.439,1.44,2109.09
2025-01-14 23:31:00,1.441,1.441,1.44,1.44,69.36
2025-01-14 23:32:00,1.442,1.443,1.442,1.443,89.97
2025-01-14 23:33:00,1.441,1.441,1.441,1.441,14.62
2025-01-14 23:34:00,1.441,1.441,1.44,1.44,43.88
2025-01-14 23:35:00,1.44,1.44,1.44,1.44,187.06
2025-01-14 23:36:00,1.44,1.441,1.439,1.44,633.55
2025-01-14 23:37:00,1.439,1.439,1.439,1.439,29.28
2025-01-14 23:38:00,1.44,1.44,1.439,1.439,400.98
2025-01-14 23:39:00,1.439,1.44,1.439,1.439,117.33
2025-01-14 23:40:00,1.44,1.44,1.439,1.44,337.3
2025-01-14 23:41:00,1.44,1.444,1.44,1.443,2102.41
2025-01-14 23:42:00,1.442,1.443,1.442,1.443,101.33
2025-01-14 23:43:00,1.443,1.443,1.442,1.443,92.38
2025-01-14 23:44:00,1.444,1.445,1.443,1.445,30.62
2025-01-14 23:45:00,1.444,1.445,1.443,1.445,453.46
2025-01-14 23:46:00,1.444,1.446,1.444,1.444,50.77
2025-01-14 23:47:00,1.445,1.445,1.443,1.443,192.23
2025-01-14 23:48:00,1.444,1.444,1.441,1.441,1653.82
2025-01-14 23:49:00,1.443,1.443,1.441,1.442,747.37
2025-01-14 23:50:00,1.441,1.442,1.441,1.441,124.98
2025-01-14 23:51:00,1.442,1.442,1.441,1.441,59.41
2025-01-14 23:52:00,1.441,1.443,1.441,1.443,73.12
2025-01-14 23:53:00,1.443,1.443,1.441,1.442,30.47
2025-01-14 23:54:00,1.441,1.443,1.441,1.442,43.09
2025-01-14 23:55:00,1.441,1.443,1.441,1.443,22.56
2025-01-14 23:56:00,1.441,1.442,1.441,1.441,73.47
2025-01-14 23:57:00,1.441,1.442,1.441,1.441,356.46
2025-01-14 23:58:00,1.442,1.442,1.44,1.441,244.83
2025-01-14 23:59:00,1.441,1.441,1.44,1.44,33.06
2025-01-15 00:00:00,1.441,1.441,1.439,1.439,209.64
2025-01-15 00:01:00,1.44,1.443,1.44,1.443,261.03
2025-01-15 00:02:00,1.439,1.439,1.439,1.439,14.09
2025-01-15 00:03:00,1.439,1.442,1.439,1.442,620.01
2025-01-15 00:04:00,1.439,1.439,1.438,1.439,1510.13
2025-01-15 00:05:00,1.44,1.44,1.439,1.439,245.0
2025-01-15 00:06:00,1.439,1.439,1.438,1.438,215.06
2025-01-15 00:07:00,1.438,1.442,1.438,1.44,1187.73
2025-01-15 00:08:00,1.441,1.443,1.441,1.443,609.48
2025-01-15 00:09:00,1.443,1.443,1.442,1.442,262.72
2025-01-15 00:10:00,1.442,1.444,1.442,1.444,368.06
2025-01-15 00:11:00,1.443,1.444,1.443,1.444,681.92
2025-01-15 00:12:00,1.443,1.445,1.443,1.445,187.95
2025-01-15 00:13:00,1.445,1.446,1.445,1.445,223.99
2025-01-15 00:14:00,1.446,1.447,1.444,1.445,314.44
2025-01-15 00:15:00,1.445,1.447,1.445,1.446,363.27
2025-01-15 00:16:00,1.445,1.445,1.445,1.445,118.6
2025-01-15 00:17:00,1.445,1.445,1.443,1.443,1509.73
2025-01-15 00:18:00,1.444,1.444,1.443,1.444,217.98
2025-01-15 00:19:00,1.445,1.445,1.444,1.444,430.42
2025-01-15 00:20:00,1.444,1.445,1.444,1.445,199.81
2025-01-15 00:21:00,1.445,1.446,1.445,1.446,300.58
2025-01-15 00:22:00,1.447,1.45,1.446,1.449,900.8
2025-01-15 00:23:00,1.449,1.451,1.449,1.449,625.3
2025-01-15 00:24:00,1.45,1.45,1.449,1.449,45.92
2025-01-15 00:25:00,1.45,1.451,1.45,1.45,761.28
2025-01-15 00:26:00,1.451,1.451,1.451,1.451,78.82
2025-01-15 00:27:00,1.45,1.45,1.449,1.449,378.62
2025-01-15 00:28:00,1.448,1.448,1.447,1.447,736.13
2025-01-15 00:29:00,1.447,1.448,1.447,1.448,402.25
2025-01-15 00:30:00,1.447,1.449,1.447,1.449,373.0
2025-01-15 00:31:00,1.45,1.451,1.449,1.451,664.25
2025-01-15 00:32:00,1.45,1.45,1.449,1.449,52.57
2025-01-15 00:33:00,1.449,1.449,1.448,1.448,83.28
2025-01-15 00:34:00,1.448,1.448,1.448,1.448,1610.18
2025-01-15 00:35:00,1.447,1.447,1.445,1.447,2217.16
2025-01-15 00:36:00,1.447,1.448,1.446,1.446,2019.13
2025-01-15 00:37:00,1.446,1.446,1.445,1.445,305.72
2025-01-15 00:38:00,1.446,1.448,1.446,1.446,406.44
2025-01-15 00:39:00,1.447,1.447,1.445,1.445,39.05
2025-01-15 00:40:00,1.446,1.446,1.445,1.445,340.13
2025-01-15 00:41:00,1.443,1.443,1.443,1.443,422.4
2025-01-15 00:42:00,1.443,1.443,1.442,1.443,165.21
2025-01-15 00:43:00,1.443,1.443,1.443,1.443,122.02
2025-01-15 00:44:00,1.442,1.443,1.442,1.443,229.1
2025-01-15 00:45:00,1.442,1.442,1.44,1.441,2172.49
2025-01-15 00:46:00,1.441,1.442,1.441,1.442,133.97
2025-01-15 00:47:00,1.442,1.443,1.442,1.443,128.85
2025-01-15 00:48:00,1.444,1.445,1.444,1.445,61.39
2025-01-15 00:49:00,1.446,1.447,1.446,1.446,40.22
2025-01-15 00:50:00,1.446,1.448,1.446,1.448,157.45
2025-01-15 00:51:00,1.447,1.447,1.446,1.446,77.96
2025-01-15 00:52:00,1.446,1.446,1.445,1.445,210.85
2025-01-15 00:53:00,1.445,1.445,1.443,1.445,658.78
2025-01-15 00:54:00,1.444,1.444,1.444,1.444,43.07
2025-01-15 00:55:00,1.444,1.444,1.444,1.444,39.76
2025-01-15 00:56:00,1.446,1.447,1.445,1.445,1704.43
2025-01-15 00:57:00,1.445,1.445,1.444,1.444,186.08
2025-01-15 00:58:00,1.444,1.444,1.444,1.444,14.36
2025-01-15 00:59:00,1.444,1.444,1.444,1.444,113.63
2025-01-15 01:00:00,1.443,1.443,1.441,1.441,822.35
2025-01-15 01:01:00,1.441,1.443,1.441,1.443,173.72
2025-01-15 01:02:00,1.444,1.444,1.444,1.444,14.34
2025-01-15 01:03:00,1.444,1.446,1.443,1.443,2293.74
2025-01-15 01:04:00,1.443,1.443,1.442,1.442,479.62
2025-01-15 01:05:00,1.443,1.444,1.443,1.443,62.02
2025-01-15 01:06:00,1.443,1.444,1.443,1.444,40.81
2025-01-15 01:07:00,1.444,1.444,1.443,1.444,136.33
2025-01-15 01:08:00,1.444,1.445,1.444,1.445,34.07
2025-01-15 01:09:00,1.446,1.446,1.445,1.446,226.69
2025-01-15 01:10:00,1.447,1.449,1.447,1.449,829.02
2025-01-15 01:11:00,1.447,1.447,1.445,1.445,445.86
2025-01-15 01:12:00,1.445,1.445,1.445,1.445,14.33
2025-01-15 01:13:00,1.445,1.445,1.443,1.443,849.72
2025-01-15 01:14:00,1.443,1.443,1.442,1.442,822.35
2025-01-15 01:15:00,1.442,1.442,1.44,1.44,536.67
2025-01-15 01:16:00,1.44,1.441,1.44,1.441,457.08
2025-01-15 01:17:00,1.441,1.441,1.439,1.439,2734.92
2025-01-15 01:18:00,1.44,1.44,1.44,1.44,182.24
2025-01-15 01:19:00,1.44,1.44,1.439,1.439,415.75
2025-01-15 01:20:00,1.439,1.439,1.439,1.439,107.13
2025-01-15 01:21:00,1.44,1.44,1.439,1.439,329.11
2025-01-15 01:22:00,1.442,1.442,1.442,1.442,28.76
2025-01-15 01:23:00,1.442,1.442,1.441,1.442,260.84
2025-01-15 01:24:00,1.442,1.444,1.442,1.444,222.03
2025-01-15 01:25:00,1.445,1.447,1.445,1.447,726.87
2025-01-15 01:26:00,1.447,1.448,1.447,1.447,68.98
2025-01-15 01:27:00,1.448,1.449,1.448,1.448,1038.63
2025-01-15 01:28:00,1.448,1.448,1.448,1.448,242.36
2025-01-15 01:29:00,1.447,1.448,1.447,1.448,34.42
2025-01-15 01:30:00,1.447,1.447,1.446,1.446,36.41
2025-01-15 01:31:00,1.446,1.447,1.445,1.447,1398.32
2025-01-15 01:32:00,1.447,1.449,1.447,1.448,963.68
2025-01-15 01:33:00,1.449,1.452,1.449,1.452,1631.16
2025-01-15 01:34:00,1.453,1.454,1.452,1.454,621.98
2025-01-15 01:35:00,1.454,1.456,1.453,1.454,735.91
2025-01-15 01:36:00,1.455,1.456,1.454,1.454,820.99
2025-01-15 01:37:00,1.453,1.454,1.453,1.454,690.09
2025-01-15 01:38:00,1.453,1.454,1.451,1.451,996.27
2025-01-15 01:39:00,1.452,1.452,1.452,1.452,128.62
2025-01-15 01:40:00,1.451,1.452,1.451,1.451,250.66
2025-01-15 01:41:00,1.451,1.453,1.45,1.453,514.66
2025-01-15 01:42:00,1.453,1.453,1.453,1.453,28.57
2025-01-15 01:43:00,1.453,1.455,1.453,1.455,81.67
2025-01-15 01:44:00,1.456,1.456,1.453,1.453,793.02
2025-01-15 01:45:00,1.452,1.452,1.451,1.451,1031.59
2025-01-15 01:46:00,1.453,1.453,1.453,1.453,27.73
2025-01-15 01:47:00,1.452,1.452,1.449,1.449,1992.76
2025-01-15 01:48:00,1.45,1.45,1.448,1.448,1183.39
2025-01-15 01:49:00,1.448,1.448,1.448,1.448,484.62
2025-01-15 01:50:00,1.447,1.448,1.444,1.444,3305.72
2025-01-15 01:51:00,1.444,1.444,1.444,1.444,28.83
2025-01-15 01:52:00,1.444,1.445,1.443,1.443,589.68
2025-01-15 01:53:00,1.443,1.443,1.443,1.443,14.42
2025-01-15 01:54:00,1.445,1.446,1.445,1.446,28.79
2025-01-15 01:55:00,1.447,1.448,1.447,1.448,258.84
2025-01-15 01:56:00,1.45,1.451,1.449,1.449,4824.05
2025-01-15 01:57:00,1.448,1.449,1.448,1.449,146.57
2025-01-15 01:58:00,1.449,1.449,1.449,1.449,295.98
2025-01-15 01:59:00,1.447,1.447,1.445,1.446,437.02
2025-01-15 02:00:00,1.446,1.446,1.444,1.445,740.14
2025-01-15 02:01:00,1.446,1.446,1.445,1.445,280.23
2025-01-15 02:02:00,1.444,1.445,1.444,1.445,711.74
2025-01-15 02:03:00,1.446,1.447,1.445,1.445,377.65
2025-01-15 02:04:00,1.445,1.448,1.445,1.448,287.04
2025-01-15 02:05:00,1.449,1.449,1.449,1.449,14.38
2025-01-15 02:06:00,1.452,1.453,1.451,1.453,700.56
2025-01-15 02:07:00,1.454,1.454,1.448,1.448,854.7
2025-01-15 02:08:00,1.45,1.45,1.447,1.449,748.42
2025-01-15 02:09:00,1.451,1.451,1.449,1.449,117.75
2025-01-15 02:10:00,1.449,1.449,1.447,1.447,613.6
2025-01-15 02:11:00,1.447,1.447,1.446,1.446,481.1
2025-01-15 02:12:00,1.446,1.448,1.446,1.446,416.27
2025-01-15 02:13:00,1.446,1.447,1.446,1.446,389.48
2025-01-15 02:14:00,1.45,1.45,1.449,1.449,711.07
2025-01-15 02:15:00,1.448,1.448,1.447,1.448,708.06
2025-01-15 02:16:00,1.447,1.448,1.446,1.447,198.68
2025-01-15 02:17:00,1.447,1.448,1.447,1.447,43.16
2025-01-15 02:18:00,1.446,1.446,1.445,1.445,248.63
2025-01-15 02:19:00,1.444,1.445,1.444,1.445,86.18
2025-01-15 02:20:00,1.444,1.444,1.443,1.444,312.92
2025-01-15 02:21:00,1.443,1.443,1.443,1.443,491.73
2025-01-15 02:22:00,1.442,1.442,1.441,1.442,560.93
2025-01-15 02:23:00,1.442,1.443,1.442,1.442,43.28
2025-01-15 02:24:00,1.442,1.442,1.441,1.441,669.37
2025-01-15 02:25:00,1.442,1.442,1.441,1.442,1940.32
2025-01-15 02:26:00,1.442,1.445,1.442,1.445,147.04
2025-01-15 02:27:00,1.446,1.446,1.445,1.445,390.84
2025-01-15 02:28:00,1.444,1.444,1.444,1.444,14.41
2025-01-15 02:29:00,1.444,1.444,1.442,1.442,283.4
2025-01-15 02:30:00,1.442,1.442,1.441,1.441,620.2
2025-01-15 02:31:00,1.441,1.442,1.44,1.44,458.26
2025-01-15 02:32:00,1.44,1.44,1.439,1.439,1098.4
2025-01-15 02:33:00,1.439,1.439,1.437,1.437,1253.57
2025-01-15 02:34:00,1.437,1.437,1.436,1.437,1871.3
2025-01-15 02:35:00,1.439,1.439,1.436,1.436,43.48
2025-01-15 02:36:00,1.436,1.437,1.436,1.436,228.23
2025-01-15 02:37:00,1.436,1.439,1.435,1.438,391.3
2025-01-15 02:38:00,1.44,1.44,1.44,1.44,1544.97
2025-01-15 02:39:00,1.44,1.44,1.439,1.439,82.06
2025-01-15 02:40:00,1.439,1.439,1.438,1.438,553.62
2025-01-15 02:41:00,1.438,1.438,1.437,1.437,1741.02
2025-01-15 02:42:00,1.437,1.437,1.437,1.437,196.38
2025-01-15 02:43:00,1.437,1.438,1.437,1.438,719.36
2025-01-15 02:44:00,1.437,1.437,1.437,1.437,84.35
2025-01-15 02:45:00,1.437,1.437,1.437,1.437,14.5
2025-01-15 02:46:00,1.437,1.438,1.436,1.438,203.18
2025-01-15 02:47:00,1.438,1.442,1.438,1.442,855.03
2025-01-15 02:48:00,1.441,1.444,1.441,1.444,315.86
2025-01-15 02:49:00,1.442,1.442,1.442,1.442,43.32
2025-01-15 02:50:00,1.441,1.443,1.441,1.442,50.18
2025-01-15 02:51:00,1.441,1.441,1.441,1.441,41.52
2025-01-15 02:52:00,1.441,1.441,1.439,1.44,2065.89
2025-01-15 02:53:00,1.439,1.441,1.439,1.44,516.52
2025-01-15 02:54:00,1.44,1.44,1.436,1.436,147.78
2025-01-15 02:55:00,1.437,1.437,1.436,1.436,43.48
2025-01-15 02:56:00,1.437,1.437,1.436,1.437,115.55
2025-01-15 02:57:00,1.437,1.437,1.437,1.437,14.48
2025-01-15 02:58:00,1.438,1.439,1.438,1.438,3564.58
2025-01-15 02:59:00,1.437,1.437,1.434,1.434,565.87
2025-01-15 03:00:00,1.434,1.436,1.433,1.436,39.35
2025-01-15 03:01:00,1.436,1.437,1.436,1.437,147.8
2025-01-15 03:02:00,1.436,1.438,1.435,1.435,4410.05
2025-01-15 03:03:00,1.435,1.435,1.435,1.435,307.71
2025-01-15 03:04:00,1.433,1.433,1.433,1.433,54.55
2025-01-15 03:05:00,1.433,1.433,1.429,1.43,3474.19
2025-01-15 03:06:00,1.43,1.434,1.429,1.433,4302.05
2025-01-15 03:07:00,1.432,1.433,1.432,1.433,18.22
2025-01-15 03:08:00,1.433,1.433,1.432,1.433,1930.27
2025-01-15 03:09:00,1.434,1.435,1.434,1.435,245.81
2025-01-15 03:10:00,1.436,1.439,1.436,1.439,227.57
2025-01-15 03:11:00,1.439,1.44,1.439,1.44,956.09
2025-01-15 03:12:00,1.44,1.44,1.439,1.439,29.05
2025-01-15 03:13:00,1.439,1.439,1.436,1.436,450.43
2025-01-15 03:14:00,1.437,1.438,1.436,1.438,625.76
2025-01-15 03:15:00,1.437,1.438,1.437,1.437,56.9
2025-01-15 03:16:00,1.437,1.443,1.437,1.443,7882.79
2025-01-15 03:17:00,1.442,1.442,1.44,1.44,823.38
2025-01-15 03:18:00,1.44,1.44,1.437,1.437,40.2
2025-01-15 03:19:00,1.437,1.437,1.437,1.437,14.57
2025-01-15 03:20:00,1.437,1.437,1.435,1.435,898.36
2025-01-15 03:21:00,1.436,1.436,1.434,1.434,175.16
2025-01-15 03:22:00,1.435,1.435,1.435,1.435,14.59
2025-01-15 03:23:00,1.438,1.438,1.438,1.438,599.61
2025-01-15 03:24:00,1.439,1.44,1.439,1.44,249.35
2025-01-15 03:25:00,1.44,1.44,1.439,1.439,1405.67
2025-01-15 03:26:00,1.439,1.439,1.438,1.438,442.93
2025-01-15 03:27:00,1.437,1.438,1.437,1.438,127.08
2025-01-15 03:28:00,1.437,1.437,1.436,1.436,29.15
2025-01-15 03:29:00,1.437,1.438,1.437,1.438,43.7
2025-01-15 03:30:00,1.44,1.44,1.439,1.44,294.89
2025-01-15 03:31:00,1.44,1.44,1.44,1.44,14.53
2025-01-15 03:32:00,1.442,1.442,1.441,1.442,212.62
2025-01-15 03:33:00,1.441,1.442,1.441,1.441,1572.71
2025-01-15 03:34:00,1.442,1.442,1.441,1.441,411.88
2025-01-15 03:35:00,1.44,1.441,1.44,1.441,105.2
2025-01-15 03:36:00,1.442,1.442,1.441,1.441,60.69
2025-01-15 03:37:00,1.441,1.443,1.441,1.443,99.35
2025-01-15 03:38:00,1.444,1.444,1.444,1.444,14.48
2025-01-15 03:39:00,1.443,1.444,1.443,1.444,281.15
2025-01-15 03:40:00,1.443,1.444,1.443,1.444,53.94
2025-01-15 03:41:00,1.444,1.444,1.443,1.443,133.07
2025-01-15 03:42:00,1.443,1.443,1.443,1.443,82.13
2025-01-15 03:43:00,1.443,1.444,1.443,1.444,7660.15
2025-01-15 03:44:00,1.443,1.443,1.442,1.442,312.42
2025-01-15 03:45:00,1.442,1.442,1.44,1.44,481.25
2025-01-15 03:46:00,1.44,1.44,1.439,1.439,523.6
2025-01-15 03:47:00,1.438,1.438,1.438,1.438,29.12
2025-01-15 03:48:00,1.439,1.439,1.439,1.439,28.27
2025-01-15 03:49:00,1.441,1.441,1.44,1.44,222.9
2025-01-15 03:50:00,1.441,1.442,1.441,1.442,867.42
2025-01-15 03:51:00,1.444,1.445,1.443,1.443,405.93
2025-01-15 03:52:00,1.442,1.442,1.442,1.442,29.04
2025-01-15 03:53:00,1.442,1.442,1.442,1.442,529.01
2025-01-15 03:54:00,1.443,1.443,1.442,1.442,146.38
2025-01-15 03:55:00,1.443,1.443,1.443,1.443,14.5
2025-01-15 03:56:00,1.444,1.445,1.444,1.445,28.96
2025-01-15 03:57:00,1.446,1.447,1.446,1.446,2168.28
2025-01-15 03:58:00,1.446,1.446,1.446,1.446,34.54
2025-01-15 03:59:00,1.448,1.449,1.448,1.449,2029.91
2025-01-15 04:00:00,1.449,1.456,1.449,1.454,4470.93
2025-01-15 04:01:00,1.453,1.455,1.453,1.455,912.42
2025-01-15 04:02:00,1.455,1.455,1.452,1.452,295.37
2025-01-15 04:03:00,1.451,1.451,1.451,1.451,1232.63
2025-01-15 04:04:00,1.452,1.452,1.45,1.451,426.17
2025-01-15 04:05:00,1.451,1.452,1.449,1.452,554.99
2025-01-15 04:06:00,1.451,1.451,1.451,1.451,14.44
2025-01-15 04:07:00,1.449,1.449,1.449,1.449,28.92
2025-01-15 04:08:00,1.449,1.449,1.448,1.448,2151.46
2025-01-15 04:09:00,1.449,1.449,1.448,1.449,158.11
2025-01-15 04:10:00,1.448,1.448,1.448,1.448,14.47
2025-01-15 04:11:00,1.448,1.448,1.447,1.447,281.43
2025-01-15 04:12:00,1.447,1.447,1.446,1.446,271.23
2025-01-15 04:13:00,1.446,1.446,1.446,1.446,2172.57
2025-01-15 04:14:00,1.445,1.445,1.444,1.444,459.91
2025-01-15 04:15:00,1.444,1.444,1.443,1.443,1396.94
2025-01-15 04:16:00,1.443,1.443,1.442,1.442,582.3
2025-01-15 04:17:00,1.443,1.443,1.44,1.44,836.18
2025-01-15 04:18:00,1.44,1.442,1.44,1.44,512.47
2025-01-15 04:19:00,1.44,1.44,1.439,1.439,130.04
2025-01-15 04:20:00,1.439,1.44,1.439,1.44,152.85
2025-01-15 04:21:00,1.44,1.441,1.439,1.441,43.65
2025-01-15 04:22:00,1.441,1.442,1.441,1.441,1289.39
2025-01-15 04:23:00,1.442,1.442,1.441,1.442,1111.75
2025-01-15 04:24:00,1.442,1.443,1.442,1.443,18.87
2025-01-15 04:25:00,1.442,1.444,1.442,1.443,412.54
2025-01-15 04:26:00,1.444,1.446,1.444,1.446,2794.85
2025-01-15 04:27:00,1.445,1.446,1.444,1.446,101.84
2025-01-15 04:28:00,1.445,1.445,1.445,1.445,14.51
2025-01-15 04:29:00,1.444,1.445,1.444,1.445,240.75
2025-01-15 04:30:00,1.445,1.445,1.443,1.443,845.68
2025-01-15 04:31:00,1.443,1.444,1.443,1.444,26.66
2025-01-15 04:32:00,1.443,1.443,1.442,1.443,506.36
2025-01-15 04:33:00,1.444,1.445,1.443,1.443,2824.92
2025-01-15 04:34:00,1.443,1.443,1.443,1.443,29.06
2025-01-15 04:35:00,1.445,1.445,1.445,1.445,174.65
2025-01-15 04:36:00,1.445,1.446,1.444,1.444,51.48
2025-01-15 04:37:00,1.445,1.445,1.443,1.443,129.03
2025-01-15 04:38:00,1.444,1.445,1.444,1.445,120.02
2025-01-15 04:39:00,1.445,1.445,1.444,1.444,29.0
2025-01-15 04:40:00,1.445,1.445,1.445,1.445,14.49
2025-01-15 04:41:00,1.444,1.444,1.444,1.444,195.11
2025-01-15 04:42:00,1.443,1.443,1.443,1.443,33.8
2025-01-15 04:43:00,1.443,1.443,1.442,1.443,438.16
2025-01-15 04:44:00,1.442,1.443,1.441,1.443,636.3
2025-01-15 04:45:00,1.444,1.444,1.443,1.443,142.21
2025-01-15 04:46:00,1.442,1.443,1.442,1.442,129.03
2025-01-15 04:47:00,1.442,1.442,1.442,1.442,214.52
2025-01-15 04:48:00,1.443,1.444,1.443,1.443,1252.11
2025-01-15 04:49:00,1.443,1.443,1.441,1.442,86.19
2025-01-15 04:50:00,1.442,1.444,1.442,1.443,1285.69
2025-01-15 04:51:00,1.442,1.444,1.442,1.444,247.51
2025-01-15 04:52:00,1.442,1.442,1.442,1.442,14.52
2025-01-15 04:53:00,1.442,1.444,1.442,1.443,41.74
2025-01-15 04:54:00,1.444,1.445,1.443,1.445,880.18
2025-01-15 04:55:00,1.445,1.445,1.445,1.445,28.96
2025-01-15 04:56:00,1.445,1.446,1.445,1.446,42.44
2025-01-15 04:57:00,1.445,1.445,1.444,1.444,43.44
2025-01-15 04:58:00,1.445,1.445,1.445,1.445,14.47
2025-01-15 04:59:00,1.446,1.446,1.445,1.445,115.41
2025-01-15 05:00:00,1.445,1.445,1.444,1.444,41.27
2025-01-15 05:01:00,1.444,1.445,1.444,1.444,645.26
2025-01-15 05:02:00,1.443,1.445,1.443,1.445,250.91
2025-01-15 05:03:00,1.447,1.449,1.447,1.448,4216.46
2025-01-15 05:04:00,1.447,1.45,1.447,1.449,4160.97
2025-01-15 05:05:00,1.448,1.448,1.445,1.445,33.45
2025-01-15 05:06:00,1.446,1.446,1.446,1.446,14.48
2025-01-15 05:07:00,1.445,1.445,1.444,1.444,819.08
2025-01-15 05:08:00,1.444,1.445,1.444,1.444,324.58
2025-01-15 05:09:00,1.444,1.444,1.443,1.443,735.74
2025-01-15 05:10:00,1.442,1.442,1.442,1.442,58.17
2025-01-15 05:11:00,1.443,1.443,1.441,1.442,277.86
2025-01-15 05:12:00,1.442,1.442,1.441,1.442,62.03
2025-01-15 05:13:00,1.442,1.442,1.442,1.442,14.52
2025-01-15 05:14:00,1.444,1.444,1.443,1.443,132.38
2025-01-15 05:15:00,1.444,1.444,1.443,1.443,460.75
2025-01-15 05:16:00,1.443,1.445,1.443,1.444,65.26
2025-01-15 05:17:00,1.443,1.443,1.442,1.442,229.0
2025-01-15 05:18:00,1.443,1.443,1.442,1.443,43.49
2025-01-15 05:19:00,1.443,1.444,1.443,1.444,447.2
2025-01-15 05:20:00,1.444,1.444,1.443,1.444,265.67
2025-01-15 05:21:00,1.444,1.444,1.444,1.444,14.48
2025-01-15 05:22:00,1.445,1.445,1.444,1.445,450.33
2025-01-15 05:23:00,1.445,1.447,1.445,1.446,501.59
2025-01-15 05:24:00,1.446,1.446,1.446,1.446,14.46
2025-01-15 05:25:00,1.447,1.447,1.445,1.445,2448.28
2025-01-15 05:26:00,1.446,1.448,1.445,1.445,4771.93
2025-01-15 05:27:00,1.445,1.446,1.445,1.446,28.97
2025-01-15 05:28:00,1.448,1.448,1.448,1.448,28.92
2025-01-15 05:29:00,1.449,1.45,1.449,1.449,162.39
2025-01-15 05:30:00,1.45,1.45,1.447,1.448,534.66
2025-01-15 05:31:00,1.448,1.449,1.448,1.449,97.88
2025-01-15 05:32:00,1.448,1.45,1.448,1.45,156.91
2025-01-15 05:33:00,1.451,1.451,1.451,1.451,523.53
2025-01-15 05:34:00,1.453,1.453,1.452,1.452,1590.72
2025-01-15 05:35:00,1.452,1.452,1.45,1.45,753.6
2025-01-15 05:36:00,1.45,1.451,1.45,1.451,87.72
2025-01-15 05:37:00,1.452,1.453,1.452,1.453,36.43
2025-01-15 05:38:00,1.454,1.454,1.453,1.453,89.24
2025-01-15 05:39:00,1.453,1.453,1.453,1.453,28.79
2025-01-15 05:40:00,1.454,1.455,1.454,1.454,92.35
2025-01-15 05:41:00,1.453,1.453,1.453,1.453,18.81
2025-01-15 05:42:00,1.453,1.453,1.453,1.453,328.3
2025-01-15 05:43:00,1.454,1.454,1.454,1.454,23.54
2025-01-15 05:44:00,1.453,1.454,1.453,1.454,33.49
2025-01-15 05:45:00,1.453,1.454,1.453,1.454,39.77
2025-01-15 05:46:00,1.455,1.457,1.454,1.457,1837.31
2025-01-15 05:47:00,1.456,1.458,1.456,1.458,5256.63
2025-01-15 05:48:00,1.458,1.458,1.458,1.458,395.05
2025-01-15 05:49:00,1.459,1.459,1.458,1.458,197.75
2025-01-15 05:50:00,1.458,1.458,1.458,1.458,348.27
2025-01-15 05:51:00,1.458,1.458,1.456,1.456,620.07
2025-01-15 05:52:00,1.456,1.456,1.456,1.456,64.45
2025-01-15 05:53:00,1.456,1.457,1.456,1.457,210.26
2025-01-15 05:54:00,1.459,1.459,1.458,1.458,160.47
2025-01-15 05:55:00,1.457,1.457,1.457,1.457,28.72
2025-01-15 05:56:00,1.456,1.457,1.456,1.457,19.53
2025-01-15 05:57:00,1.457,1.457,1.455,1.455,262.71
2025-01-15 05:58:00,1.455,1.455,1.454,1.454,28.75
2025-01-15 05:59:00,1.454,1.455,1.454,1.455,140.29
2025-01-15 06:00:00,1.455,1.455,1.455,1.455,17.81
2025-01-15 06:01:00,1.454,1.456,1.454,1.454,167.21
2025-01-15 06:02:00,1.454,1.454,1.454,1.454,110.35
2025-01-15 06:03:00,1.456,1.456,1.454,1.454,439.28
2025-01-15 06:04:00,1.454,1.454,1.453,1.453,28.77
2025-01-15 06:05:00,1.453,1.454,1.453,1.454,1084.84
2025-01-15 06:06:00,1.454,1.454,1.452,1.453,597.91
2025-01-15 06:07:00,1.453,1.453,1.452,1.452,114.39
2025-01-15 06:08:00,1.453,1.453,1.451,1.451,1781.26
2025-01-15 06:09:00,1.451,1.452,1.451,1.452,28.81
2025-01-15 06:10:00,1.451,1.452,1.451,1.452,275.93
2025-01-15 06:11:00,1.451,1.452,1.451,1.452,28.8
2025-01-15 06:12:00,1.451,1.451,1.449,1.449,3637.21
2025-01-15 06:13:00,1.45,1.45,1.449,1.449,43.28
2025-01-15 06:14:00,1.45,1.45,1.449,1.449,90.97
2025-01-15 06:15:00,1.449,1.449,1.449,1.449,140.23
2025-01-15 06:16:00,1.449,1.449,1.449,1.449,43.29
2025-01-15 06:17:00,1.45,1.45,1.448,1.448,3325.33
2025-01-15 06:18:00,1.447,1.447,1.446,1.446,1028.91
2025-01-15 06:19:00,1.446,1.446,1.446,1.446,488.16
2025-01-15 06:20:00,1.446,1.446,1.445,1.445,157.43
2025-01-15 06:21:00,1.445,1.446,1.445,1.445,64.91
2025-01-15 06:22:00,1.445,1.445,1.445,1.445,81.87
2025-01-15 06:23:00,1.446,1.447,1.446,1.447,714.44
2025-01-15 06:24:00,1.446,1.446,1.446,1.446,118.19
2025-01-15 06:25:00,1.445,1.445,1.444,1.444,859.62
2025-01-15 06:26:00,1.444,1.444,1.443,1.444,772.83
2025-01-15 06:27:00,1.444,1.445,1.443,1.444,1669.88
2025-01-15 06:28:00,1.444,1.444,1.444,1.444,595.96
2025-01-15 06:29:00,1.444,1.444,1.444,1.444,55.87
2025-01-15 06:30:00,1.444,1.447,1.444,1.447,1639.8
2025-01-15 06:31:00,1.446,1.446,1.445,1.445,157.04
2025-01-15 06:32:00,1.443,1.443,1.443,1.443,175.09
2025-01-15 06:33:00,1.444,1.444,1.443,1.443,270.44
2025-01-15 06:34:00,1.443,1.444,1.443,1.444,38.17
2025-01-15 06:35:00,1.444,1.444,1.443,1.443,696.39
2025-01-15 06:36:00,1.444,1.444,1.443,1.444,1797.2
2025-01-15 06:37:00,1.444,1.444,1.444,1.444,28.96
2025-01-15 06:38:00,1.445,1.445,1.445,1.445,74.58
2025-01-15 06:39:00,1.445,1.445,1.445,1.445,14.47
2025-01-15 06:40:00,1.446,1.448,1.446,1.448,2019.26
2025-01-15 06:41:00,1.449,1.449,1.449,1.449,156.53
2025-01-15 06:42:00,1.448,1.448,1.447,1.447,28.89
2025-01-15 06:43:00,1.447,1.448,1.447,1.448,43.33
2025-01-15 06:44:00,1.447,1.447,1.447,1.447,53.71
2025-01-15 06:45:00,1.447,1.449,1.447,1.449,79.02
2025-01-15 06:46:00,1.448,1.448,1.448,1.448,39.42
2025-01-15 06:47:00,1.447,1.447,1.447,1.447,28.88
2025-01-15 06:48:00,1.447,1.448,1.447,1.448,82.57
2025-01-15 06:49:00,1.448,1.449,1.448,1.449,884.85
2025-01-15 06:50:00,1.449,1.451,1.449,1.45,97.55
2025-01-15 06:51:00,1.451,1.452,1.45,1.452,62.81
2025-01-15 06:52:00,1.451,1.452,1.451,1.452,1015.09
2025-01-15 06:53:00,1.452,1.453,1.452,1.453,32.64
2025-01-15 06:54:00,1.453,1.453,1.452,1.452,46.65
2025-01-15 06:55:00,1.451,1.451,1.451,1.451,50.09
2025-01-15 06:56:00,1.451,1.451,1.45,1.45,46.79
2025-01-15 06:57:00,1.45,1.451,1.45,1.451,22.28
2025-01-15 06:58:00,1.451,1.451,1.45,1.45,156.75
2025-01-15 06:59:00,1.451,1.451,1.45,1.451,46.24
2025-01-15 07:00:00,1.452,1.452,1.451,1.452,315.69
2025-01-15 07:01:00,1.452,1.454,1.452,1.453,227.85
2025-01-15 07:02:00,1.455,1.456,1.455,1.456,115.93
2025-01-15 07:03:00,1.456,1.457,1.456,1.457,690.98
2025-01-15 07:04:00,1.457,1.457,1.454,1.455,3859.99
2025-01-15 07:05:00,1.456,1.456,1.456,1.456,80.58
2025-01-15 07:06:00,1.458,1.46,1.458,1.46,2953.67
2025-01-15 07:07:00,1.46,1.463,1.459,1.459,7578.98
2025-01-15 07:08:00,1.459,1.459,1.459,1.459,137.7
2025-01-15 07:09:00,1.459,1.46,1.459,1.459,335.7
2025-01-15 07:10:00,1.46,1.46,1.458,1.459,513.44
2025-01-15 07:11:00,1.458,1.458,1.457,1.458,2730.67
2025-01-15 07:12:00,1.457,1.457,1.456,1.456,28.73
2025-01-15 07:13:00,1.456,1.456,1.456,1.456,28.74
2025-01-15 07:14:00,1.456,1.456,1.456,1.456,383.33
2025-01-15 07:15:00,1.457,1.457,1.457,1.457,75.84
2025-01-15 07:16:00,1.459,1.459,1.459,1.459,118.13
2025-01-15 07:17:00,1.46,1.46,1.459,1.459,59.69
2025-01-15 07:18:00,1.46,1.463,1.46,1.463,1850.44
2025-01-15 07:19:00,1.463,1.463,1.463,1.463,188.41
2025-01-15 07:20:00,1.463,1.465,1.463,1.465,143.59
2025-01-15 07:21:00,1.464,1.465,1.464,1.465,72.97
2025-01-15 07:22:00,1.465,1.466,1.465,1.466,51.73
2025-01-15 07:23:00,1.466,1.468,1.466,1.466,4155.35
2025-01-15 07:24:00,1.465,1.466,1.465,1.465,51.99
2025-01-15 07:25:00,1.465,1.466,1.465,1.465,60.32
2025-01-15 07:26:00,1.467,1.467,1.467,1.467,2053.69
2025-01-15 07:27:00,1.467,1.467,1.466,1.466,161.94
2025-01-15 07:28:00,1.466,1.469,1.466,1.469,1446.79
2025-01-15 07:29:00,1.469,1.469,1.469,1.469,36.33
2025-01-15 07:30:00,1.47,1.472,1.47,1.471,1910.83
2025-01-15 07:31:00,1.47,1.47,1.466,1.466,4194.08
2025-01-15 07:32:00,1.466,1.467,1.465,1.466,716.5
2025-01-15 07:33:00,1.467,1.468,1.466,1.467,893.72
2025-01-15 07:34:00,1.466,1.466,1.464,1.464,1921.94
2025-01-15 07:35:00,1.464,1.464,1.463,1.463,91.89
2025-01-15 07:36:00,1.462,1.462,1.462,1.462,116.56
2025-01-15 07:37:00,1.462,1.464,1.462,1.463,72.31
2025-01-15 07:38:00,1.463,1.463,1.462,1.462,35.12
2025-01-15 07:39:00,1.462,1.463,1.462,1.463,46.0
2025-01-15 07:40:00,1.463,1.463,1.462,1.462,234.7
2025-01-15 07:41:00,1.462,1.464,1.462,1.464,257.18
2025-01-15 07:42:00,1.463,1.463,1.463,1.463,66.22
2025-01-15 07:43:00,1.463,1.463,1.463,1.463,14.31
2025-01-15 07:44:00,1.463,1.463,1.462,1.462,114.61
2025-01-15 07:45:00,1.462,1.462,1.462,1.462,120.27
2025-01-15 07:46:00,1.462,1.462,1.461,1.461,328.36
2025-01-15 07:47:00,1.462,1.462,1.461,1.462,179.34
2025-01-15 07:48:00,1.461,1.461,1.459,1.459,2098.96
2025-01-15 07:49:00,1.46,1.46,1.459,1.459,565.01
2025-01-15 07:50:00,1.46,1.46,1.459,1.459,118.35
2025-01-15 07:51:00,1.459,1.459,1.458,1.458,3210.88
2025-01-15 07:52:00,1.458,1.46,1.458,1.459,2662.51
2025-01-15 07:53:00,1.458,1.458,1.456,1.456,549.79
2025-01-15 07:54:00,1.456,1.456,1.455,1.455,1763.94
2025-01-15 07:55:00,1.456,1.456,1.455,1.455,895.1
2025-01-15 07:56:00,1.456,1.457,1.456,1.456,771.3
2025-01-15 07:57:00,1.455,1.456,1.455,1.456,80.5
2025-01-15 07:58:00,1.455,1.456,1.455,1.455,35.68
2025-01-15 07:59:00,1.455,1.456,1.455,1.456,2029.62
2025-01-15 08:00:00,1.457,1.46,1.457,1.457,6334.97
2025-01-15 08:01:00,1.458,1.459,1.458,1.459,165.29
2025-01-15 08:02:00,1.46,1.46,1.459,1.459,298.76
2025-01-15 08:03:00,1.459,1.462,1.459,1.46,2992.21
2025-01-15 08:04:00,1.46,1.463,1.46,1.463,232.95
2025-01-15 08:05:00,1.459,1.459,1.459,1.459,14.37
2025-01-15 08:06:00,1.458,1.458,1.458,1.458,13.31
2025-01-15 08:07:00,1.458,1.458,1.457,1.457,142.09
2025-01-15 08:08:00,1.457,1.457,1.456,1.457,518.25
2025-01-15 08:09:00,1.456,1.459,1.456,1.457,80.75
2025-01-15 08:10:00,1.458,1.459,1.457,1.459,94.28
2025-01-15 08:11:00,1.459,1.46,1.459,1.46,482.03
2025-01-15 08:12:00,1.459,1.46,1.459,1.459,418.61
2025-01-15 08:13:00,1.459,1.459,1.458,1.458,151.16
2025-01-15 08:14:00,1.459,1.46,1.458,1.458,66.03
2025-01-15 08:15:00,1.458,1.459,1.455,1.455,283.11
2025-01-15 08:16:00,1.455,1.455,1.454,1.455,593.66
2025-01-15 08:17:00,1.454,1.455,1.454,1.455,43.21
2025-01-15 08:18:00,1.454,1.457,1.454,1.455,215.34
2025-01-15 08:19:00,1.455,1.455,1.454,1.454,67.28
2025-01-15 08:20:00,1.453,1.453,1.45,1.451,11141.22
2025-01-15 08:21:00,1.451,1.452,1.451,1.452,41.8
2025-01-15 08:22:00,1.45,1.451,1.45,1.45,58.02
2025-01-15 08:23:00,1.45,1.451,1.45,1.45,1440.49
2025-01-15 08:24:00,1.452,1.452,1.45,1.45,71.74
2025-01-15 08:25:00,1.452,1.455,1.452,1.454,1819.43
2025-01-15 08:26:00,1.454,1.456,1.454,1.456,768.12
2025-01-15 08:27:00,1.456,1.456,1.456,1.456,15.5
2025-01-15 08:28:00,1.457,1.459,1.457,1.457,1856.37
2025-01-15 08:29:00,1.459,1.459,1.458,1.458,79.41
2025-01-15 08:30:00,1.458,1.458,1.457,1.457,37.99
2025-01-15 08:31:00,1.454,1.456,1.454,1.456,55.58
2025-01-15 08:32:00,1.457,1.459,1.457,1.459,114.39
2025-01-15 08:33:00,1.458,1.458,1.457,1.457,21.23
2025-01-15 08:34:00,1.456,1.457,1.456,1.457,18.67
2025-01-15 08:35:00,1.457,1.458,1.457,1.458,120.02
2025-01-15 08:36:00,1.458,1.459,1.458,1.458,123.51
2025-01-15 08:37:00,1.458,1.458,1.457,1.458,1581.75
2025-01-15 08:38:00,1.457,1.457,1.457,1.457,14.39
2025-01-15 08:39:00,1.457,1.457,1.457,1.457,14.39
2025-01-15 08:40:00,1.457,1.457,1.454,1.454,2206.56
2025-01-15 08:41:00,1.455,1.455,1.454,1.455,284.41
2025-01-15 08:42:00,1.453,1.453,1.452,1.452,55.53
2025-01-15 08:43:00,1.451,1.451,1.451,1.451,18.49
2025-01-15 08:44:00,1.451,1.452,1.451,1.452,48.64
2025-01-15 08:45:00,1.451,1.453,1.451,1.453,508.6
2025-01-15 08:46:00,1.453,1.453,1.452,1.452,532.67
2025-01-15 08:47:00,1.451,1.452,1.45,1.452,730.71
2025-01-15 08:48:00,1.451,1.451,1.451,1.451,35.79
2025-01-15 08:49:00,1.451,1.451,1.449,1.449,80.63
2025-01-15 08:50:00,1.448,1.449,1.448,1.449,227.41
2025-01-15 08:51:00,1.448,1.448,1.446,1.447,84.33
2025-01-15 08:52:00,1.448,1.448,1.446,1.446,42.71
2025-01-15 08:53:00,1.445,1.446,1.445,1.445,629.36
2025-01-15 08:54:00,1.445,1.445,1.444,1.444,441.46
2025-01-15 08:55:00,1.445,1.445,1.443,1.444,6672.58
2025-01-15 08:56:00,1.444,1.445,1.444,1.444,238.93
2025-01-15 08:57:00,1.444,1.444,1.444,1.444,14.52
2025-01-15 08:58:00,1.444,1.446,1.444,1.446,878.75
2025-01-15 08:59:00,1.445,1.445,1.444,1.444,503.92
2025-01-15 09:00:00,1.444,1.445,1.443,1.445,818.74
2025-01-15 09:01:00,1.447,1.447,1.445,1.445,506.56
2025-01-15 09:02:00,1.445,1.445,1.443,1.443,880.37
2025-01-15 09:03:00,1.443,1.445,1.443,1.445,880.87
2025-01-15 09:04:00,1.443,1.443,1.443,1.443,614.29
2025-01-15 09:05:00,1.443,1.443,1.441,1.441,650.6
2025-01-15 09:06:00,1.442,1.444,1.442,1.444,54.13
2025-01-15 09:07:00,1.443,1.443,1.443,1.443,14.53
2025-01-15 09:08:00,1.442,1.443,1.442,1.443,1040.4
2025-01-15 09:09:00,1.444,1.444,1.444,1.444,118.39
2025-01-15 09:10:00,1.444,1.444,1.443,1.444,202.41
2025-01-15 09:11:00,1.444,1.447,1.444,1.447,488.59
2025-01-15 09:12:00,1.445,1.447,1.445,1.446,260.34
2025-01-15 09:13:00,1.445,1.445,1.445,1.445,29.02
2025-01-15 09:14:00,1.446,1.446,1.445,1.445,173.09
2025-01-15 09:15:00,1.446,1.447,1.446,1.447,620.82
2025-01-15 09:16:00,1.448,1.448,1.446,1.446,165.17
2025-01-15 09:17:00,1.446,1.446,1.446,1.446,40.9
2025-01-15 09:18:00,1.446,1.446,1.445,1.445,370.41
2025-01-15 09:19:00,1.444,1.445,1.444,1.445,40.91
2025-01-15 09:20:00,1.445,1.446,1.445,1.446,86.09
2025-01-15 09:21:00,1.445,1.445,1.445,1.445,106.2
2025-01-15 09:22:00,1.445,1.445,1.444,1.444,216.48
2025-01-15 09:23:00,1.444,1.444,1.444,1.444,14.51
2025-01-15 09:24:00,1.444,1.444,1.441,1.441,3168.65
2025-01-15 09:25:00,1.441,1.441,1.44,1.44,807.06
2025-01-15 09:26:00,1.439,1.44,1.438,1.439,1380.37
2025-01-15 09:27:00,1.439,1.439,1.438,1.438,127.82
2025-01-15 09:28:00,1.438,1.439,1.438,1.438,300.82
2025-01-15 09:29:00,1.439,1.439,1.437,1.437,462.27
2025-01-15 09:30:00,1.437,1.439,1.437,1.437,497.66
2025-01-15 09:31:00,1.438,1.438,1.436,1.437,1042.85
2025-01-15 09:32:00,1.439,1.439,1.438,1.438,129.14
2025-01-15 09:33:00,1.438,1.438,1.438,1.438,14.57
2025-01-15 09:34:00,1.436,1.436,1.436,1.436,143.77
2025-01-15 09:35:00,1.438,1.439,1.438,1.439,42.48
2025-01-15 09:36:00,1.437,1.438,1.436,1.436,198.04
2025-01-15 09:37:00,1.437,1.437,1.435,1.435,84.5
2025-01-15 09:38:00,1.433,1.434,1.432,1.432,537.03
2025-01-15 09:39:00,1.432,1.432,1.432,1.432,179.82
2025-01-15 09:40:00,1.434,1.435,1.432,1.432,100.57
2025-01-15 09:41:00,1.433,1.433,1.433,1.433,14.61
2025-01-15 09:42:00,1.433,1.433,1.432,1.432,47.78
2025-01-15 09:43:00,1.434,1.434,1.434,1.434,14.6
2025-01-15 09:44:00,1.433,1.433,1.432,1.432,29.23
2025-01-15 09:45:00,1.433,1.434,1.432,1.433,489.56
2025-01-15 09:46:00,1.432,1.432,1.43,1.43,590.33
2025-01-15 09:47:00,1.43,1.43,1.426,1.426,964.26
2025-01-15 09:48:00,1.426,1.426,1.426,1.426,835.59
2025-01-15 09:49:00,1.425,1.425,1.423,1.423,1016.58
2025-01-15 09:50:00,1.424,1.424,1.422,1.422,436.84
2025-01-15 09:51:00,1.422,1.422,1.421,1.421,1076.18
2025-01-15 09:52:00,1.421,1.422,1.42,1.42,146.61
2025-01-15 09:53:00,1.424,1.425,1.423,1.423,75.62
2025-01-15 09:54:00,1.421,1.422,1.421,1.422,29.47
2025-01-15 09:55:00,1.422,1.422,1.42,1.42,62.74
2025-01-15 09:56:00,1.421,1.421,1.417,1.421,2905.87
2025-01-15 09:57:00,1.421,1.421,1.42,1.42,128.7
2025-01-15 09:58:00,1.423,1.424,1.422,1.422,1388.83
2025-01-15 09:59:00,1.423,1.423,1.423,1.423,71.32
2025-01-15 10:00:00,1.424,1.424,1.424,1.424,310.22
2025-01-15 10:01:00,1.424,1.425,1.424,1.425,2361.67
2025-01-15 10:02:00,1.423,1.424,1.419,1.423,24184.96
2025-01-15 10:03:00,1.423,1.425,1.423,1.423,289.51
2025-01-15 10:04:00,1.425,1.425,1.425,1.425,735.22
2025-01-15 10:05:00,1.425,1.426,1.425,1.426,453.54
2025-01-15 10:06:00,1.427,1.427,1.426,1.426,78.95
2025-01-15 10:07:00,1.428,1.428,1.426,1.428,152.25
2025-01-15 10:08:00,1.427,1.429,1.427,1.427,121.03
2025-01-15 10:09:00,1.428,1.43,1.428,1.429,53.09
2025-01-15 10:10:00,1.428,1.429,1.428,1.428,72.45
2025-01-15 10:11:00,1.428,1.428,1.426,1.426,914.58
2025-01-15 10:12:00,1.427,1.428,1.426,1.427,781.86
2025-01-15 10:13:00,1.427,1.428,1.426,1.427,2046.94
2025-01-15 10:14:00,1.426,1.426,1.425,1.425,638.31
2025-01-15 10:15:00,1.424,1.425,1.424,1.425,118.56
2025-01-15 10:16:00,1.424,1.425,1.424,1.425,69.95
2025-01-15 10:17:00,1.426,1.426,1.424,1.424,726.41
2025-01-15 10:18:00,1.424,1.424,1.424,1.424,22.54
2025-01-15 10:19:00,1.424,1.424,1.424,1.424,30.34
2025-01-15 10:20:00,1.425,1.426,1.424,1.426,157.33
2025-01-15 10:21:00,1.426,1.426,1.426,1.426,29.44
2025-01-15 10:22:00,1.427,1.429,1.427,1.428,3669.33
2025-01-15 10:23:00,1.428,1.428,1.427,1.428,1220.67
2025-01-15 10:24:00,1.428,1.428,1.427,1.427,1294.8
2025-01-15 10:25:00,1.428,1.43,1.427,1.43,3680.94
2025-01-15 10:26:00,1.429,1.433,1.424,1.426,39914.15
2025-01-15 10:27:00,1.427,1.433,1.426,1.432,30487.44
2025-01-15 10:28:00,1.431,1.431,1.429,1.429,1196.06
2025-01-15 10:29:00,1.43,1.43,1.43,1.43,44.43
2025-01-15 10:30:00,1.43,1.43,1.429,1.43,830.53
2025-01-15 10:31:00,1.43,1.43,1.429,1.429,48.03
2025-01-15 10:32:00,1.429,1.429,1.429,1.429,14.82
2025-01-15 10:33:00,1.431,1.432,1.431,1.431,116.35
2025-01-15 10:34:00,1.431,1.431,1.431,1.431,14.79
2025-01-15 10:35:00,1.431,1.431,1.429,1.429,44.4
2025-01-15 10:36:00,1.428,1.431,1.428,1.431,278.94
2025-01-15 10:37:00,1.43,1.431,1.429,1.43,2041.28
2025-01-15 10:38:00,1.43,1.43,1.43,1.43,937.3
2025-01-15 10:39:00,1.429,1.432,1.429,1.432,1688.07
2025-01-15 10:40:00,1.431,1.432,1.43,1.43,1943.32
2025-01-15 10:41:00,1.43,1.43,1.427,1.427,485.21
2025-01-15 10:42:00,1.427,1.427,1.426,1.426,44.53
2025-01-15 10:43:00,1.427,1.427,1.427,1.427,402.49
2025-01-15 10:44:00,1.427,1.427,1.427,1.427,18.68
2025-01-15 10:45:00,1.428,1.428,1.427,1.427,38.19
2025-01-15 10:46:00,1.428,1.428,1.427,1.428,57.1
2025-01-15 10:47:00,1.429,1.429,1.428,1.429,354.32
2025-01-15 10:48:00,1.428,1.429,1.428,1.428,792.73
2025-01-15 10:49:00,1.429,1.429,1.425,1.425,410.0
2025-01-15 10:50:00,1.425,1.426,1.425,1.425,124.02
2025-01-15 10:51:00,1.425,1.425,1.424,1.424,80.69
2025-01-15 10:52:00,1.425,1.425,1.425,1.425,14.85
2025-01-15 10:53:00,1.425,1.425,1.424,1.424,83.38
2025-01-15 10:54:00,1.425,1.425,1.425,1.425,22.35
2025-01-15 10:55:00,1.425,1.426,1.425,1.425,129.68
2025-01-15 10:56:00,1.425,1.425,1.424,1.424,29.69
2025-01-15 10:57:00,1.423,1.423,1.422,1.422,68.21
2025-01-15 10:58:00,1.424,1.424,1.424,1.424,28.99
2025-01-15 10:59:00,1.424,1.424,1.424,1.424,14.85
2025-01-15 11:00:00,1.424,1.425,1.424,1.425,198.61
2025-01-15 11:01:00,1.424,1.424,1.42,1.42,1842.9
2025-01-15 11:02:00,1.421,1.421,1.419,1.419,175.53
2025-01-15 11:03:00,1.42,1.42,1.42,1.42,14.89
2025-01-15 11:04:00,1.419,1.42,1.419,1.419,36.73
2025-01-15 11:05:00,1.421,1.421,1.42,1.421,167.18
2025-01-15 11:06:00,1.421,1.421,1.42,1.42,29.77
2025-01-15 11:07:00,1.42,1.42,1.417,1.417,3339.65
2025-01-15 11:08:00,1.417,1.417,1.415,1.415,2292.9
2025-01-15 11:09:00,1.415,1.415,1.413,1.413,1101.14
2025-01-15 11:10:00,1.414,1.414,1.413,1.413,4604.82
2025-01-15 11:11:00,1.416,1.418,1.415,1.415,806.04
2025-01-15 11:12:00,1.414,1.415,1.414,1.415,1034.56
2025-01-15 11:13:00,1.415,1.415,1.415,1.415,56.97
2025-01-15 11:14:00,1.415,1.415,1.415,1.415,14.95
2025-01-15 11:15:00,1.418,1.419,1.418,1.418,720.65
2025-01-15 11:16:00,1.416,1.416,1.411,1.411,1795.7
2025-01-15 11:17:00,1.412,1.413,1.412,1.412,228.27
2025-01-15 11:18:00,1.41,1.41,1.409,1.41,3862.67
2025-01-15 11:19:00,1.41,1.41,1.41,1.41,427.52
2025-01-15 11:20:00,1.41,1.41,1.41,1.41,81.04
2025-01-15 11:21:00,1.412,1.415,1.412,1.412,3869.19
2025-01-15 11:22:00,1.412,1.412,1.41,1.41,75.65
2025-01-15 11:23:00,1.41,1.41,1.409,1.409,22.42
2025-01-15 11:24:00,1.412,1.412,1.41,1.411,104.69
2025-01-15 11:25:00,1.409,1.41,1.409,1.409,494.96
2025-01-15 11:26:00,1.41,1.41,1.41,1.41,19.31
2025-01-15 11:27:00,1.412,1.413,1.412,1.413,29.97
2025-01-15 11:28:00,1.414,1.414,1.411,1.411,177.94
2025-01-15 11:29:00,1.411,1.412,1.411,1.412,383.27
2025-01-15 11:30:00,1.413,1.415,1.412,1.412,1791.72
2025-01-15 11:31:00,1.412,1.415,1.412,1.414,100.94
2025-01-15 11:32:00,1.412,1.412,1.41,1.41,187.01
2025-01-15 11:33:00,1.409,1.409,1.408,1.408,342.2
2025-01-15 11:34:00,1.408,1.413,1.408,1.413,1611.52
2025-01-15 11:35:00,1.412,1.412,1.411,1.411,102.41
2025-01-15 11:36:00,1.411,1.415,1.411,1.415,644.66
2025-01-15 11:37:00,1.415,1.416,1.415,1.416,404.35
2025-01-15 11:38:00,1.415,1.415,1.415,1.415,14.95
2025-01-15 11:39:00,1.415,1.415,1.414,1.414,58.81
2025-01-15 11:40:00,1.415,1.415,1.414,1.414,919.5
2025-01-15 11:41:00,1.414,1.414,1.413,1.413,62.64
2025-01-15 11:42:00,1.413,1.415,1.413,1.414,528.31
2025-01-15 11:43:00,1.414,1.415,1.414,1.415,29.91
2025-01-15 11:44:00,1.415,1.415,1.413,1.414,500.15
2025-01-15 11:45:00,1.414,1.418,1.413,1.418,1204.56
2025-01-15 11:46:00,1.417,1.418,1.417,1.418,18.8
2025-01-15 11:47:00,1.418,1.421,1.418,1.421,4021.95
2025-01-15 11:48:00,1.419,1.42,1.419,1.419,72.04
2025-01-15 11:49:00,1.419,1.419,1.419,1.419,163.11
2025-01-15 11:50:00,1.42,1.422,1.419,1.422,317.96
2025-01-15 11:51:00,1.421,1.421,1.419,1.419,78.51
2025-01-15 11:52:00,1.42,1.42,1.42,1.42,21.93
2025-01-15 11:53:00,1.419,1.42,1.419,1.419,25.64
2025-01-15 11:54:00,1.419,1.419,1.418,1.418,66.65
2025-01-15 11:55:00,1.418,1.419,1.418,1.419,626.59
2025-01-15 11:56:00,1.419,1.419,1.418,1.418,808.5
2025-01-15 11:57:00,1.418,1.418,1.417,1.417,464.71
2025-01-15 11:58:00,1.418,1.418,1.418,1.418,54.85
2025-01-15 11:59:00,1.418,1.419,1.418,1.418,430.08
2025-01-15 12:00:00,1.419,1.422,1.419,1.419,1378.12
2025-01-15 12:01:00,1.418,1.418,1.417,1.417,940.06
2025-01-15 12:02:00,1.417,1.417,1.416,1.416,172.62
2025-01-15 12:03:00,1.415,1.416,1.413,1.413,385.61
2025-01-15 12:04:00,1.414,1.414,1.413,1.414,571.95
2025-01-15 12:05:00,1.415,1.416,1.415,1.416,506.67
2025-01-15 12:06:00,1.416,1.417,1.416,1.417,157.23
2025-01-15 12:07:00,1.416,1.417,1.416,1.416,145.46
2025-01-15 12:08:00,1.417,1.417,1.414,1.414,541.54
2025-01-15 12:09:00,1.414,1.415,1.413,1.415,291.42
2025-01-15 12:10:00,1.414,1.414,1.413,1.414,325.39
2025-01-15 12:11:00,1.413,1.413,1.413,1.413,48.91
2025-01-15 12:12:00,1.414,1.414,1.413,1.414,1102.37
2025-01-15 12:13:00,1.414,1.415,1.413,1.415,134.0
2025-01-15 12:14:00,1.413,1.414,1.413,1.414,22.84
2025-01-15 12:15:00,1.413,1.415,1.412,1.412,242.72
2025-01-15 12:16:00,1.412,1.414,1.412,1.414,39.86
2025-01-15 12:17:00,1.413,1.413,1.413,1.413,18.95
2025-01-15 12:18:00,1.414,1.414,1.413,1.413,185.63
2025-01-15 12:19:00,1.412,1.413,1.412,1.412,76.98
2025-01-15 12:20:00,1.413,1.414,1.413,1.414,153.97
2025-01-15 12:21:00,1.414,1.415,1.413,1.413,264.37
2025-01-15 12:22:00,1.411,1.412,1.411,1.412,343.77
2025-01-15 12:23:00,1.412,1.412,1.411,1.411,299.76
2025-01-15 12:24:00,1.412,1.412,1.411,1.411,180.19
2025-01-15 12:25:00,1.412,1.412,1.411,1.411,306.06
2025-01-15 12:26:00,1.411,1.411,1.411,1.411,148.26
2025-01-15 12:27:00,1.412,1.412,1.412,1.412,108.17
2025-01-15 12:28:00,1.411,1.411,1.411,1.411,28.36
2025-01-15 12:29:00,1.41,1.412,1.41,1.412,29.92
2025-01-15 12:30:00,1.413,1.413,1.412,1.412,174.55
2025-01-15 12:31:00,1.411,1.414,1.411,1.414,312.43
2025-01-15 12:32:00,1.413,1.415,1.413,1.414,536.69
2025-01-15 12:33:00,1.413,1.414,1.413,1.414,66.46
2025-01-15 12:34:00,1.413,1.415,1.413,1.415,1177.14
2025-01-15 12:35:00,1.414,1.416,1.414,1.416,773.7
2025-01-15 12:36:00,1.418,1.419,1.418,1.418,532.12
2025-01-15 12:37:00,1.419,1.419,1.419,1.419,29.76
2025-01-15 12:38:00,1.419,1.419,1.419,1.419,14.87
2025-01-15 12:39:00,1.419,1.422,1.418,1.421,1314.74
2025-01-15 12:40:00,1.422,1.424,1.422,1.424,4225.11
2025-01-15 12:41:00,1.424,1.427,1.424,1.426,1435.64
2025-01-15 12:42:00,1.425,1.425,1.423,1.423,874.84
2025-01-15 12:43:00,1.423,1.424,1.423,1.424,92.77
2025-01-15 12:44:00,1.422,1.423,1.422,1.422,44.54
2025-01-15 12:45:00,1.419,1.419,1.419,1.419,14.88
2025-01-15 12:46:00,1.419,1.42,1.419,1.42,2319.1
2025-01-15 12:47:00,1.419,1.419,1.418,1.418,1611.46
2025-01-15 12:48:00,1.417,1.417,1.416,1.416,33.55
2025-01-15 12:49:00,1.417,1.418,1.417,1.417,54.1
2025-01-15 12:50:00,1.417,1.417,1.417,1.417,18.69
2025-01-15 12:51:00,1.417,1.417,1.417,1.417,37.09
2025-01-15 12:52:00,1.418,1.418,1.417,1.417,43.21
2025-01-15 12:53:00,1.417,1.417,1.417,1.417,29.8
2025-01-15 12:54:00,1.417,1.418,1.417,1.418,87.82
2025-01-15 12:55:00,1.418,1.418,1.418,1.418,42.95
2025-01-15 12:56:00,1.418,1.418,1.416,1.416,116.16
2025-01-15 12:57:00,1.415,1.415,1.415,1.415,44.73
2025-01-15 12:58:00,1.415,1.415,1.415,1.415,14.91
2025-01-15 12:59:00,1.415,1.415,1.415,1.415,23.55
2025-01-15 13:00:00,1.416,1.417,1.415,1.416,500.85
2025-01-15 13:01:00,1.417,1.42,1.416,1.42,1675.71
2025-01-15 13:02:00,1.421,1.421,1.42,1.42,477.88
2025-01-15 13:03:00,1.421,1.421,1.421,1.421,14.85
2025-01-15 13:04:00,1.422,1.422,1.421,1.421,98.59
2025-01-15 13:05:00,1.421,1.421,1.419,1.419,740.22
2025-01-15 13:06:00,1.419,1.42,1.419,1.42,761.91
2025-01-15 13:07:00,1.42,1.42,1.419,1.42,79.53
2025-01-15 13:08:00,1.419,1.419,1.419,1.419,14.86
2025-01-15 13:09:00,1.418,1.421,1.418,1.42,73.55
2025-01-15 13:10:00,1.42,1.422,1.42,1.422,238.91
2025-01-15 13:11:00,1.421,1.421,1.421,1.421,14.84
2025-01-15 13:12:00,1.421,1.421,1.421,1.421,24.04
2025-01-15 13:13:00,1.421,1.421,1.421,1.421,29.68
2025-01-15 13:14:00,1.421,1.421,1.419,1.419,356.78
2025-01-15 13:15:00,1.417,1.417,1.417,1.417,961.48
2025-01-15 13:16:00,1.417,1.42,1.416,1.42,300.02
2025-01-15 13:17:00,1.419,1.419,1.418,1.418,489.16
2025-01-15 13:18:00,1.418,1.42,1.418,1.42,66.89
2025-01-15 13:19:00,1.421,1.421,1.42,1.42,1071.85
2025-01-15 13:20:00,1.422,1.422,1.421,1.422,323.68
2025-01-15 13:21:00,1.422,1.422,1.422,1.422,29.66
2025-01-15 13:22:00,1.421,1.421,1.421,1.421,29.68
2025-01-15 13:23:00,1.423,1.423,1.423,1.423,14.82
2025-01-15 13:24:00,1.423,1.423,1.423,1.423,14.82
2025-01-15 13:25:00,1.425,1.425,1.425,1.425,208.08
2025-01-15 13:26:00,1.425,1.428,1.425,1.428,504.61
2025-01-15 13:27:00,1.428,1.43,1.427,1.427,949.29
2025-01-15 13:28:00,1.43,1.43,1.427,1.427,438.11
2025-01-15 13:29:00,1.427,1.428,1.427,1.428,212.27
2025-01-15 13:30:00,1.426,1.462,1.426,1.455,99250.68
2025-01-15 13:31:00,1.456,1.462,1.453,1.456,9131.62
2025-01-15 13:32:00,1.455,1.465,1.454,1.463,15750.0
2025-01-15 13:33:00,1.463,1.467,1.462,1.467,7464.41
2025-01-15 13:34:00,1.465,1.468,1.463,1.464,3521.03
2025-01-15 13:35:00,1.464,1.465,1.456,1.465,21392.09
2025-01-15 13:36:00,1.464,1.466,1.461,1.461,4212.59
2025-01-15 13:37:00,1.461,1.47,1.46,1.47,2442.77
2025-01-15 13:38:00,1.467,1.47,1.462,1.467,2918.96
2025-01-15 13:39:00,1.465,1.467,1.462,1.467,1686.76
2025-01-15 13:40:00,1.468,1.472,1.468,1.47,2573.89
2025-01-15 13:41:00,1.468,1.471,1.468,1.468,6816.84
2025-01-15 13:42:00,1.469,1.47,1.468,1.468,680.34
2025-01-15 13:43:00,1.466,1.471,1.465,1.471,15149.22
2025-01-15 13:44:00,1.469,1.47,1.468,1.468,218.39
2025-01-15 13:45:00,1.471,1.473,1.47,1.472,1353.2
2025-01-15 13:46:00,1.473,1.475,1.472,1.473,3438.43
2025-01-15 13:47:00,1.473,1.478,1.473,1.476,6432.04
2025-01-15 13:48:00,1.477,1.479,1.477,1.478,2343.91
2025-01-15 13:49:00,1.478,1.479,1.477,1.479,1257.39
2025-01-15 13:50:00,1.478,1.481,1.478,1.479,4978.74
2025-01-15 13:51:00,1.479,1.481,1.477,1.477,1766.66
2025-01-15 13:52:00,1.476,1.478,1.474,1.475,4789.24
2025-01-15 13:53:00,1.474,1.474,1.473,1.473,6915.23
2025-01-15 13:54:00,1.473,1.478,1.473,1.477,5536.11
2025-01-15 13:55:00,1.478,1.48,1.478,1.48,2141.91
2025-01-15 13:56:00,1.48,1.482,1.48,1.48,8887.56
2025-01-15 13:57:00,1.48,1.482,1.48,1.481,7911.29
2025-01-15 13:58:00,1.481,1.482,1.48,1.481,20529.37
2025-01-15 13:59:00,1.481,1.484,1.48,1.483,13957.2
2025-01-15 14:00:00,1.483,1.49,1.483,1.489,8472.18
2025-01-15 14:01:00,1.488,1.49,1.486,1.489,2458.92
2025-01-15 14:02:00,1.489,1.491,1.488,1.491,2071.32
2025-01-15 14:03:00,1.49,1.491,1.485,1.485,2162.9
2025-01-15 14:04:00,1.486,1.492,1.485,1.491,7153.7
2025-01-15 14:05:00,1.491,1.493,1.489,1.492,2735.34
2025-01-15 14:06:00,1.493,1.498,1.493,1.496,6080.49
2025-01-15 14:07:00,1.495,1.495,1.492,1.492,821.69
2025-01-15 14:08:00,1.493,1.501,1.493,1.5,8146.8
2025-01-15 14:09:00,1.501,1.501,1.498,1.498,1396.17
2025-01-15 14:10:00,1.496,1.497,1.494,1.497,485.24
2025-01-15 14:11:00,1.496,1.499,1.496,1.497,824.94
2025-01-15 14:12:00,1.497,1.497,1.492,1.492,900.61
2025-01-15 14:13:00,1.491,1.491,1.488,1.49,2187.45
2025-01-15 14:14:00,1.491,1.491,1.485,1.489,3745.19
2025-01-15 14:15:00,1.491,1.493,1.487,1.487,7222.52
2025-01-15 14:16:00,1.484,1.484,1.48,1.48,2809.02
2025-01-15 14:17:00,1.481,1.482,1.477,1.478,4471.77
2025-01-15 14:18:00,1.478,1.482,1.475,1.48,767.41
2025-01-15 14:19:00,1.481,1.481,1.48,1.48,328.04
2025-01-15 14:20:00,1.48,1.488,1.48,1.486,1940.73
2025-01-15 14:21:00,1.486,1.487,1.485,1.486,420.4
2025-01-15 14:22:00,1.485,1.486,1.484,1.485,750.34
2025-01-15 14:23:00,1.485,1.485,1.482,1.484,126.39
2025-01-15 14:24:00,1.485,1.488,1.484,1.488,1593.04
2025-01-15 14:25:00,1.488,1.49,1.487,1.488,2145.6
2025-01-15 14:26:00,1.489,1.489,1.487,1.487,774.56
2025-01-15 14:27:00,1.485,1.485,1.482,1.482,1713.6
2025-01-15 14:28:00,1.482,1.482,1.48,1.482,666.85
2025-01-15 14:29:00,1.48,1.483,1.48,1.482,207.16
2025-01-15 14:30:00,1.482,1.485,1.482,1.483,992.52
2025-01-15 14:31:00,1.483,1.49,1.483,1.489,3821.28
2025-01-15 14:32:00,1.488,1.493,1.488,1.492,1764.68
2025-01-15 14:33:00,1.492,1.492,1.49,1.49,621.74
2025-01-15 14:34:00,1.49,1.49,1.486,1.486,384.68
2025-01-15 14:35:00,1.487,1.487,1.484,1.484,330.56
2025-01-15 14:36:00,1.483,1.487,1.482,1.485,2507.64
2025-01-15 14:37:00,1.485,1.485,1.481,1.481,1670.91
2025-01-15 14:38:00,1.481,1.483,1.48,1.482,1588.45
2025-01-15 14:39:00,1.482,1.486,1.482,1.486,2620.51
2025-01-15 14:40:00,1.486,1.487,1.485,1.485,1916.25
2025-01-15 14:41:00,1.484,1.484,1.483,1.484,381.82
2025-01-15 14:42:00,1.486,1.487,1.483,1.485,3214.63
2025-01-15 14:43:00,1.484,1.488,1.484,1.488,2077.16
2025-01-15 14:44:00,1.488,1.489,1.487,1.488,2157.66
2025-01-15 14:45:00,1.489,1.489,1.485,1.488,2035.4
2025-01-15 14:46:00,1.489,1.489,1.485,1.486,1279.35
2025-01-15 14:47:00,1.487,1.491,1.487,1.49,3064.85
2025-01-15 14:48:00,1.49,1.49,1.489,1.489,1676.76
2025-01-15 14:49:00,1.491,1.493,1.491,1.492,1181.74
2025-01-15 14:50:00,1.489,1.491,1.489,1.491,337.15
2025-01-15 14:51:00,1.49,1.493,1.49,1.493,1358.62
2025-01-15 14:52:00,1.492,1.495,1.492,1.493,2109.97
2025-01-15 14:53:00,1.493,1.494,1.492,1.493,398.49
2025-01-15 14:54:00,1.494,1.494,1.493,1.494,1075.18
2025-01-15 14:55:00,1.492,1.492,1.49,1.492,705.73
2025-01-15 14:56:00,1.493,1.496,1.493,1.496,3360.19
2025-01-15 14:57:00,1.496,1.498,1.496,1.496,3660.43
2025-01-15 14:58:00,1.497,1.499,1.496,1.498,2077.18
2025-01-15 14:59:00,1.498,1.5,1.498,1.499,1975.08
2025-01-15 15:00:00,1.5,1.503,1.5,1.503,3390.18
2025-01-15 15:01:00,1.504,1.505,1.502,1.503,648.72
2025-01-15 15:02:00,1.504,1.504,1.501,1.501,128.26
2025-01-15 15:03:00,1.501,1.504,1.501,1.502,434.11
2025-01-15 15:04:00,1.501,1.501,1.498,1.5,2233.77
2025-01-15 15:05:00,1.502,1.502,1.497,1.497,1783.18
2025-01-15 15:06:00,1.496,1.497,1.493,1.493,2922.68
2025-01-15 15:07:00,1.492,1.494,1.492,1.492,977.01
2025-01-15 15:08:00,1.493,1.497,1.493,1.496,855.72
2025-01-15 15:09:00,1.497,1.497,1.493,1.494,941.57
2025-01-15 15:10:00,1.492,1.496,1.49,1.496,815.0
2025-01-15 15:11:00,1.497,1.497,1.496,1.497,747.68
2025-01-15 15:12:00,1.496,1.499,1.494,1.495,681.29
2025-01-15 15:13:00,1.495,1.497,1.495,1.497,648.53
2025-01-15 15:14:00,1.497,1.497,1.493,1.494,8869.0
2025-01-15 15:15:00,1.494,1.499,1.492,1.499,1725.53
2025-01-15 15:16:00,1.499,1.499,1.497,1.498,715.9
2025-01-15 15:17:00,1.497,1.499,1.495,1.498,2154.78
2025-01-15 15:18:00,1.496,1.496,1.494,1.495,887.98
2025-01-15 15:19:00,1.496,1.496,1.491,1.491,1570.25
2025-01-15 15:20:00,1.491,1.492,1.49,1.49,1247.22
2025-01-15 15:21:00,1.489,1.494,1.489,1.494,865.8
2025-01-15 15:22:00,1.494,1.494,1.492,1.493,439.71
2025-01-15 15:23:00,1.491,1.492,1.49,1.492,1234.38
2025-01-15 15:24:00,1.493,1.497,1.493,1.497,1089.37
2025-01-15 15:25:00,1.496,1.496,1.493,1.494,308.17
2025-01-15 15:26:00,1.493,1.494,1.493,1.493,960.95
2025-01-15 15:27:00,1.496,1.499,1.496,1.499,1231.87
2025-01-15 15:28:00,1.498,1.499,1.497,1.498,525.72
2025-01-15 15:29:00,1.498,1.501,1.498,1.501,1822.47
2025-01-15 15:30:00,1.501,1.501,1.496,1.498,513.78
2025-01-15 15:31:00,1.497,1.503,1.497,1.503,1197.38
2025-01-15 15:32:00,1.502,1.504,1.5,1.504,1519.07
2025-01-15 15:33:00,1.501,1.503,1.501,1.501,146.35
2025-01-15 15:34:00,1.503,1.504,1.503,1.504,2071.77
2025-01-15 15:35:00,1.504,1.507,1.503,1.504,16922.1
2025-01-15 15:36:00,1.503,1.504,1.499,1.499,6186.66
2025-01-15 15:37:00,1.5,1.503,1.5,1.502,632.55
2025-01-15 15:38:00,1.504,1.506,1.504,1.506,555.72
2025-01-15 15:39:00,1.506,1.506,1.504,1.504,287.37
2025-01-15 15:40:00,1.503,1.503,1.501,1.501,406.87
2025-01-15 15:41:00,1.503,1.503,1.502,1.502,394.2
2025-01-15 15:42:00,1.502,1.505,1.502,1.504,572.46
2025-01-15 15:43:00,1.504,1.505,1.503,1.503,1103.84
2025-01-15 15:44:00,1.503,1.505,1.503,1.504,1590.03
2025-01-15 15:45:00,1.504,1.508,1.504,1.507,1209.44
2025-01-15 15:46:00,1.505,1.506,1.503,1.504,302.81
2025-01-15 15:47:00,1.504,1.504,1.5,1.5,217.53
2025-01-15 15:48:00,1.503,1.504,1.502,1.503,2143.68
2025-01-15 15:49:00,1.503,1.503,1.5,1.501,513.97
2025-01-15 15:50:00,1.5,1.501,1.499,1.5,98.54
2025-01-15 15:51:00,1.499,1.499,1.498,1.498,1556.3
2025-01-15 15:52:00,1.499,1.499,1.496,1.497,1295.22
2025-01-15 15:53:00,1.501,1.501,1.5,1.5,444.79
2025-01-15 15:54:00,1.5,1.5,1.497,1.498,2388.71
2025-01-15 15:55:00,1.499,1.5,1.499,1.5,235.99
2025-01-15 15:56:00,1.502,1.502,1.5,1.501,671.3
2025-01-15 15:57:00,1.5,1.5,1.497,1.499,7205.93
2025-01-15 15:58:00,1.498,1.499,1.498,1.499,660.88
2025-01-15 15:59:00,1.499,1.499,1.496,1.497,1953.66
2025-01-15 16:00:00,1.498,1.506,1.498,1.505,16978.76
2025-01-15 16:01:00,1.505,1.505,1.502,1.503,507.79
2025-01-15 16:02:00,1.503,1.506,1.503,1.506,148.83
2025-01-15 16:03:00,1.507,1.507,1.505,1.505,606.69
2025-01-15 16:04:00,1.505,1.508,1.504,1.506,665.2
2025-01-15 16:05:00,1.507,1.511,1.507,1.51,1996.9
2025-01-15 16:06:00,1.51,1.511,1.509,1.509,499.16
2025-01-15 16:07:00,1.509,1.509,1.508,1.509,261.52
2025-01-15 16:08:00,1.507,1.507,1.505,1.505,1770.51
2025-01-15 16:09:00,1.506,1.51,1.505,1.51,192.84
2025-01-15 16:10:00,1.509,1.51,1.509,1.51,403.43
2025-01-15 16:11:00,1.511,1.511,1.511,1.511,95.02
2025-01-15 16:12:00,1.51,1.51,1.51,1.51,83.64
2025-01-15 16:13:00,1.51,1.51,1.51,1.51,100.96
2025-01-15 16:14:00,1.51,1.512,1.509,1.51,2343.63
2025-01-15 16:15:00,1.509,1.511,1.509,1.511,132.63
2025-01-15 16:16:00,1.511,1.512,1.51,1.51,1085.05
2025-01-15 16:17:00,1.51,1.511,1.508,1.509,368.45
2025-01-15 16:18:00,1.511,1.511,1.509,1.51,1367.77
2025-01-15 16:19:00,1.512,1.512,1.507,1.509,470.71
2025-01-15 16:20:00,1.509,1.51,1.507,1.508,2463.53
2025-01-15 16:21:00,1.508,1.51,1.507,1.507,420.63
2025-01-15 16:22:00,1.509,1.512,1.509,1.512,449.42
2025-01-15 16:23:00,1.513,1.513,1.513,1.513,294.14
2025-01-15 16:24:00,1.513,1.513,1.511,1.511,1051.02
2025-01-15 16:25:00,1.512,1.513,1.511,1.511,332.91
2025-01-15 16:26:00,1.512,1.515,1.511,1.515,245.78
2025-01-15 16:27:00,1.515,1.516,1.515,1.515,393.62
2025-01-15 16:28:00,1.516,1.517,1.516,1.516,347.62
2025-01-15 16:29:00,1.517,1.517,1.517,1.517,145.53
2025-01-15 16:30:00,1.517,1.518,1.516,1.516,1141.05
2025-01-15 16:31:00,1.515,1.515,1.512,1.513,645.56
2025-01-15 16:32:00,1.509,1.51,1.508,1.508,83.86
2025-01-15 16:33:00,1.51,1.511,1.51,1.511,84.5
2025-01-15 16:34:00,1.512,1.512,1.508,1.509,267.64
2025-01-15 16:35:00,1.51,1.51,1.507,1.508,438.28
2025-01-15 16:36:00,1.507,1.511,1.507,1.511,500.45
2025-01-15 16:37:00,1.509,1.509,1.508,1.508,139.72
2025-01-15 16:38:00,1.509,1.511,1.509,1.511,73.32
2025-01-15 16:39:00,1.511,1.511,1.511,1.511,627.33
2025-01-15 16:40:00,1.511,1.513,1.511,1.511,81.58
2025-01-15 16:41:00,1.511,1.511,1.509,1.509,1166.53
2025-01-15 16:42:00,1.511,1.511,1.509,1.509,228.38
2025-01-15 16:43:00,1.511,1.511,1.509,1.51,308.91
2025-01-15 16:44:00,1.509,1.51,1.508,1.51,783.98
2025-01-15 16:45:00,1.511,1.511,1.509,1.509,229.44
2025-01-15 16:46:00,1.509,1.509,1.506,1.506,459.07
2025-01-15 16:47:00,1.506,1.508,1.505,1.506,397.47
2025-01-15 16:48:00,1.507,1.508,1.506,1.506,719.08
2025-01-15 16:49:00,1.506,1.508,1.506,1.508,637.28
2025-01-15 16:50:00,1.508,1.51,1.508,1.509,72.01
2025-01-15 16:51:00,1.508,1.509,1.507,1.509,495.2
2025-01-15 16:52:00,1.507,1.507,1.506,1.507,10627.32
2025-01-15 16:53:00,1.507,1.507,1.504,1.504,233.62
2025-01-15 16:54:00,1.504,1.507,1.504,1.507,2272.06
2025-01-15 16:55:00,1.506,1.506,1.504,1.505,5863.46
2025-01-15 16:56:00,1.505,1.506,1.505,1.505,3266.65
2025-01-15 16:57:00,1.505,1.506,1.505,1.505,3863.47
2025-01-15 16:58:00,1.505,1.506,1.505,1.506,103.11
2025-01-15 16:59:00,1.505,1.505,1.502,1.502,1039.71
2025-01-15 17:00:00,1.503,1.504,1.498,1.498,1260.71
2025-01-15 17:01:00,1.499,1.502,1.499,1.501,1619.56
2025-01-15 17:02:00,1.502,1.503,1.501,1.503,667.58
2025-01-15 17:03:00,1.502,1.502,1.498,1.498,670.08
2025-01-15 17:04:00,1.499,1.501,1.499,1.501,160.15
2025-01-15 17:05:00,1.5,1.502,1.499,1.501,1383.49
2025-01-15 17:06:00,1.501,1.503,1.5,1.502,1020.2
2025-01-15 17:07:00,1.501,1.501,1.499,1.499,345.7
2025-01-15 17:08:00,1.499,1.502,1.498,1.502,3176.25
2025-01-15 17:09:00,1.5,1.5,1.499,1.499,1615.71
2025-01-15 17:10:00,1.5,1.503,1.499,1.499,436.81
2025-01-15 17:11:00,1.498,1.499,1.498,1.499,201.28
2025-01-15 17:12:00,1.5,1.5,1.5,1.5,68.85
2025-01-15 17:13:00,1.499,1.501,1.499,1.501,186.07
2025-01-15 17:14:00,1.501,1.501,1.501,1.501,68.42
2025-01-15 17:15:00,1.502,1.503,1.501,1.501,653.8
2025-01-15 17:16:00,1.502,1.504,1.501,1.502,1993.63
2025-01-15 17:17:00,1.501,1.501,1.5,1.5,164.7
2025-01-15 17:18:00,1.5,1.501,1.5,1.5,1920.51
2025-01-15 17:19:00,1.501,1.501,1.499,1.499,76.31
2025-01-15 17:20:00,1.499,1.501,1.499,1.5,1537.83
2025-01-15 17:21:00,1.501,1.502,1.499,1.499,110.52
2025-01-15 17:22:00,1.498,1.498,1.497,1.497,75.48
2025-01-15 17:23:00,1.498,1.498,1.496,1.497,133.09
2025-01-15 17:24:00,1.497,1.497,1.497,1.497,67.75
2025-01-15 17:25:00,1.498,1.498,1.497,1.497,741.76
2025-01-15 17:26:00,1.497,1.498,1.496,1.497,3485.56
2025-01-15 17:27:00,1.499,1.499,1.496,1.496,579.1
2025-01-15 17:28:00,1.497,1.499,1.497,1.498,145.85
2025-01-15 17:29:00,1.497,1.498,1.497,1.497,1469.55
2025-01-15 17:30:00,1.496,1.498,1.496,1.497,2636.67
2025-01-15 17:31:00,1.497,1.499,1.495,1.498,2918.28
2025-01-15 17:32:00,1.499,1.5,1.498,1.5,651.72
2025-01-15 17:33:00,1.501,1.503,1.501,1.503,1654.04
2025-01-15 17:34:00,1.503,1.503,1.501,1.501,83.63
2025-01-15 17:35:00,1.501,1.502,1.5,1.501,679.57
2025-01-15 17:36:00,1.5,1.502,1.5,1.501,120.46
2025-01-15 17:37:00,1.502,1.503,1.501,1.502,376.75
2025-01-15 17:38:00,1.499,1.499,1.499,1.499,335.45
2025-01-15 17:39:00,1.496,1.497,1.496,1.497,84.17
2025-01-15 17:40:00,1.497,1.497,1.497,1.497,73.09
2025-01-15 17:41:00,1.497,1.498,1.497,1.497,383.42
2025-01-15 17:42:00,1.497,1.498,1.496,1.498,532.99
2025-01-15 17:43:00,1.497,1.497,1.496,1.496,744.33
2025-01-15 17:44:00,1.496,1.498,1.496,1.497,86.72
2025-01-15 17:45:00,1.498,1.499,1.497,1.499,70.14
2025-01-15 17:46:00,1.496,1.496,1.495,1.495,1250.67
2025-01-15 17:47:00,1.495,1.496,1.494,1.496,413.71
2025-01-15 17:48:00,1.495,1.496,1.493,1.494,408.25
2025-01-15 17:49:00,1.494,1.495,1.493,1.494,77.67
2025-01-15 17:50:00,1.495,1.495,1.491,1.491,1092.99
2025-01-15 17:51:00,1.492,1.492,1.49,1.49,1011.24
2025-01-15 17:52:00,1.49,1.491,1.49,1.49,1241.35
2025-01-15 17:53:00,1.489,1.489,1.487,1.489,1347.8
2025-01-15 17:54:00,1.488,1.488,1.487,1.488,886.68
2025-01-15 17:55:00,1.488,1.488,1.486,1.486,97.21
2025-01-15 17:56:00,1.485,1.485,1.484,1.485,686.94
2025-01-15 17:57:00,1.485,1.485,1.484,1.485,76.59
2025-01-15 17:58:00,1.485,1.486,1.485,1.486,85.84
2025-01-15 17:59:00,1.487,1.487,1.485,1.485,1368.09
2025-01-15 18:00:00,1.486,1.49,1.486,1.49,259.45
2025-01-15 18:01:00,1.491,1.492,1.491,1.491,460.68
2025-01-15 18:02:00,1.493,1.493,1.493,1.493,101.5
2025-01-15 18:03:00,1.493,1.493,1.492,1.493,477.38
2025-01-15 18:04:00,1.491,1.492,1.491,1.492,60.19
2025-01-15 18:05:00,1.494,1.496,1.494,1.496,725.1
2025-01-15 18:06:00,1.494,1.494,1.494,1.494,145.91
2025-01-15 18:07:00,1.494,1.494,1.493,1.493,323.82
2025-01-15 18:08:00,1.493,1.493,1.492,1.492,297.81
2025-01-15 18:09:00,1.492,1.494,1.492,1.494,469.6
2025-01-15 18:10:00,1.493,1.493,1.492,1.492,180.73
2025-01-15 18:11:00,1.492,1.493,1.492,1.492,145.63
2025-01-15 18:12:00,1.493,1.493,1.492,1.492,23.75
2025-01-15 18:13:00,1.493,1.493,1.493,1.493,99.4
2025-01-15 18:14:00,1.493,1.493,1.493,1.493,65.51
2025-01-15 18:15:00,1.494,1.497,1.494,1.497,2762.21
2025-01-15 18:16:00,1.498,1.5,1.497,1.499,1083.86
2025-01-15 18:17:00,1.499,1.499,1.499,1.499,131.25
2025-01-15 18:18:00,1.5,1.5,1.499,1.499,211.07
2025-01-15 18:19:00,1.499,1.501,1.499,1.501,5515.25
2025-01-15 18:20:00,1.501,1.502,1.501,1.502,188.25
2025-01-15 18:21:00,1.501,1.501,1.5,1.5,854.12
2025-01-15 18:22:00,1.501,1.501,1.501,1.501,69.59
2025-01-15 18:23:00,1.502,1.505,1.502,1.505,387.36
2025-01-15 18:24:00,1.504,1.505,1.501,1.503,18935.08
2025-01-15 18:25:00,1.503,1.504,1.503,1.504,213.97
2025-01-15 18:26:00,1.503,1.504,1.503,1.503,97.05
2025-01-15 18:27:00,1.503,1.505,1.503,1.504,375.55
2025-01-15 18:28:00,1.504,1.504,1.503,1.503,157.93
2025-01-15 18:29:00,1.503,1.506,1.503,1.505,2869.24
2025-01-15 18:30:00,1.505,1.506,1.505,1.505,562.23
2025-01-15 18:31:00,1.504,1.504,1.503,1.503,156.03
2025-01-15 18:32:00,1.505,1.505,1.5,1.502,24282.71
2025-01-15 18:33:00,1.502,1.503,1.499,1.499,12776.02
2025-01-15 18:34:00,1.499,1.502,1.499,1.502,13562.91
2025-01-15 18:35:00,1.502,1.502,1.5,1.5,65.61
2025-01-15 18:36:00,1.5,1.502,1.499,1.5,564.55
2025-01-15 18:37:00,1.5,1.5,1.499,1.499,326.87
2025-01-15 18:38:00,1.499,1.5,1.499,1.499,71.76
2025-01-15 18:39:00,1.499,1.501,1.499,1.5,100.53
2025-01-15 18:40:00,1.5,1.502,1.499,1.502,475.11
2025-01-15 18:41:00,1.501,1.503,1.501,1.502,224.7
2025-01-15 18:42:00,1.502,1.502,1.502,1.502,60.09
2025-01-15 18:43:00,1.502,1.503,1.501,1.503,1072.82
2025-01-15 18:44:00,1.503,1.504,1.503,1.504,385.03
2025-01-15 18:45:00,1.503,1.506,1.503,1.506,1540.36
2025-01-15 18:46:00,1.505,1.507,1.505,1.506,1328.87
2025-01-15 18:47:00,1.507,1.509,1.507,1.509,3890.24
2025-01-15 18:48:00,1.507,1.508,1.507,1.508,67.51
2025-01-15 18:49:00,1.509,1.511,1.509,1.509,761.16
2025-01-15 18:50:00,1.509,1.513,1.509,1.511,5289.63
2025-01-15 18:51:00,1.511,1.511,1.51,1.51,1707.69
2025-01-15 18:52:00,1.511,1.512,1.51,1.511,2578.63
2025-01-15 18:53:00,1.511,1.511,1.51,1.511,214.43
2025-01-15 18:54:00,1.51,1.511,1.51,1.511,236.81
2025-01-15 18:55:00,1.511,1.511,1.51,1.51,2027.61
2025-01-15 18:56:00,1.51,1.511,1.509,1.509,1116.52
2025-01-15 18:57:00,1.509,1.51,1.509,1.509,460.55
2025-01-15 18:58:00,1.509,1.51,1.509,1.509,860.81
2025-01-15 18:59:00,1.509,1.51,1.509,1.51,371.59
2025-01-15 19:00:00,1.51,1.51,1.51,1.51,110.86
2025-01-15 19:01:00,1.509,1.509,1.508,1.508,431.12
2025-01-15 19:02:00,1.507,1.507,1.507,1.507,288.6
2025-01-15 19:03:00,1.508,1.51,1.508,1.509,385.29
2025-01-15 19:04:00,1.509,1.509,1.507,1.507,199.1
2025-01-15 19:05:00,1.507,1.507,1.506,1.506,84.07
2025-01-15 19:06:00,1.508,1.509,1.508,1.509,535.07
2025-01-15 19:07:00,1.507,1.507,1.507,1.507,58.51
2025-01-15 19:08:00,1.509,1.509,1.506,1.507,454.72
2025-01-15 19:09:00,1.506,1.506,1.506,1.506,57.26
2025-01-15 19:10:00,1.507,1.507,1.506,1.506,264.99
2025-01-15 19:11:00,1.506,1.506,1.505,1.505,1628.38
2025-01-15 19:12:00,1.505,1.505,1.504,1.504,272.12
2025-01-15 19:13:00,1.504,1.506,1.504,1.506,95.14
2025-01-15 19:14:00,1.506,1.506,1.505,1.505,2300.62
2025-01-15 19:15:00,1.506,1.508,1.506,1.507,131.4
2025-01-15 19:16:00,1.506,1.507,1.506,1.506,426.95
2025-01-15 19:17:00,1.506,1.506,1.505,1.505,43.3
2025-01-15 19:18:00,1.505,1.508,1.505,1.507,255.48
2025-01-15 19:19:00,1.507,1.509,1.507,1.507,1223.35
2025-01-15 19:20:00,1.508,1.508,1.507,1.507,84.64
2025-01-15 19:21:00,1.506,1.506,1.506,1.506,74.32
2025-01-15 19:22:00,1.505,1.505,1.505,1.505,78.84
2025-01-15 19:23:00,1.504,1.504,1.504,1.504,22.74
2025-01-15 19:24:00,1.504,1.506,1.504,1.506,236.04
2025-01-15 19:25:00,1.505,1.505,1.505,1.505,68.62
2025-01-15 19:26:00,1.506,1.506,1.506,1.506,245.97
2025-01-15 19:27:00,1.506,1.507,1.505,1.506,133.72
2025-01-15 19:28:00,1.506,1.509,1.506,1.509,103.39
2025-01-15 19:29:00,1.509,1.509,1.507,1.507,55.91
2025-01-15 19:30:00,1.507,1.508,1.506,1.508,335.57
2025-01-15 19:31:00,1.507,1.508,1.507,1.507,88.63
2025-01-15 19:32:00,1.507,1.513,1.507,1.511,2105.23
2025-01-15 19:33:00,1.51,1.513,1.51,1.512,275.04
2025-01-15 19:34:00,1.512,1.513,1.512,1.513,1216.58
2025-01-15 19:35:00,1.512,1.516,1.512,1.516,2627.99
2025-01-15 19:36:00,1.514,1.516,1.513,1.516,330.59
2025-01-15 19:37:00,1.516,1.518,1.516,1.516,2583.0
2025-01-15 19:38:00,1.516,1.517,1.516,1.516,97.54
2025-01-15 19:39:00,1.516,1.516,1.514,1.514,1156.62
2025-01-15 19:40:00,1.514,1.515,1.513,1.515,241.78
2025-01-15 19:41:00,1.513,1.513,1.513,1.513,139.32
2025-01-15 19:42:00,1.513,1.513,1.51,1.51,879.63
2025-01-15 19:43:00,1.51,1.511,1.51,1.511,175.1
2025-01-15 19:44:00,1.511,1.512,1.511,1.511,1147.63
2025-01-15 19:45:00,1.512,1.513,1.511,1.512,2153.32
2025-01-15 19:46:00,1.513,1.514,1.513,1.514,648.28
2025-01-15 19:47:00,1.514,1.515,1.514,1.515,461.19
2025-01-15 19:48:00,1.516,1.517,1.515,1.515,1826.51
2025-01-15 19:49:00,1.516,1.516,1.515,1.516,90.54
2025-01-15 19:50:00,1.516,1.516,1.514,1.514,73.04
2025-01-15 19:51:00,1.515,1.516,1.514,1.515,108.69
2025-01-15 19:52:00,1.515,1.515,1.515,1.515,61.02
2025-01-15 19:53:00,1.515,1.516,1.515,1.516,74.75
2025-01-15 19:54:00,1.517,1.517,1.515,1.515,10764.12
2025-01-15 19:55:00,1.515,1.515,1.514,1.514,595.69
2025-01-15 19:56:00,1.514,1.515,1.514,1.514,125.07
2025-01-15 19:57:00,1.515,1.517,1.515,1.517,1027.45
2025-01-15 19:58:00,1.517,1.518,1.516,1.517,1664.14
2025-01-15 19:59:00,1.516,1.517,1.516,1.516,140.68
2025-01-15 20:00:00,1.516,1.519,1.516,1.519,1223.08
2025-01-15 20:01:00,1.52,1.521,1.518,1.52,3095.25
2025-01-15 20:02:00,1.518,1.519,1.517,1.517,72.83
2025-01-15 20:03:00,1.518,1.519,1.518,1.519,770.79
2025-01-15 20:04:00,1.52,1.52,1.515,1.515,449.83
2025-01-15 20:05:00,1.516,1.516,1.515,1.516,59.25
2025-01-15 20:06:00,1.517,1.518,1.517,1.517,68.78
2025-01-15 20:07:00,1.519,1.521,1.518,1.518,692.08
2025-01-15 20:08:00,1.519,1.52,1.519,1.52,1544.53
2025-01-15 20:09:00,1.52,1.521,1.52,1.521,824.33
2025-01-15 20:10:00,1.52,1.521,1.519,1.521,291.46
2025-01-15 20:11:00,1.52,1.521,1.518,1.521,352.41
2025-01-15 20:12:00,1.521,1.524,1.521,1.523,1432.15
2025-01-15 20:13:00,1.523,1.524,1.522,1.524,347.52
2025-01-15 20:14:00,1.522,1.524,1.522,1.523,187.17
2025-01-15 20:15:00,1.523,1.524,1.523,1.524,607.99
2025-01-15 20:16:00,1.524,1.526,1.522,1.523,7502.69
2025-01-15 20:17:00,1.522,1.524,1.52,1.524,9576.33
2025-01-15 20:18:00,1.523,1.525,1.522,1.525,1875.63
2025-01-15 20:19:00,1.524,1.526,1.524,1.526,1453.26
2025-01-15 20:20:00,1.526,1.528,1.526,1.526,487.11
2025-01-15 20:21:00,1.526,1.526,1.526,1.526,86.89
2025-01-15 20:22:00,1.526,1.528,1.526,1.527,664.83
2025-01-15 20:23:00,1.527,1.527,1.525,1.525,542.87
2025-01-15 20:24:00,1.526,1.527,1.525,1.526,170.8
2025-01-15 20:25:00,1.526,1.527,1.526,1.526,719.21
2025-01-15 20:26:00,1.526,1.526,1.523,1.523,522.96
2025-01-15 20:27:00,1.523,1.528,1.523,1.527,3997.44
2025-01-15 20:28:00,1.528,1.528,1.524,1.524,188.36
2025-01-15 20:29:00,1.523,1.524,1.521,1.524,4016.08
2025-01-15 20:30:00,1.522,1.522,1.517,1.517,2464.9
2025-01-15 20:31:00,1.516,1.52,1.516,1.519,2319.2
2025-01-15 20:32:00,1.521,1.523,1.521,1.521,153.02
2025-01-15 20:33:00,1.522,1.524,1.522,1.523,783.91
2025-01-15 20:34:00,1.524,1.524,1.523,1.523,358.01
2025-01-15 20:35:00,1.523,1.525,1.522,1.522,452.56
2025-01-15 20:36:00,1.521,1.522,1.519,1.519,97.65
2025-01-15 20:37:00,1.52,1.52,1.519,1.519,128.39
2025-01-15 20:38:00,1.519,1.52,1.519,1.519,141.5
2025-01-15 20:39:00,1.52,1.52,1.518,1.518,323.29
2025-01-15 20:40:00,1.517,1.518,1.515,1.515,2435.69
2025-01-15 20:41:00,1.515,1.515,1.514,1.514,3604.85
2025-01-15 20:42:00,1.513,1.515,1.513,1.515,62.0
2025-01-15 20:43:00,1.513,1.515,1.513,1.514,444.89
2025-01-15 20:44:00,1.514,1.517,1.514,1.517,506.7
2025-01-15 20:45:00,1.516,1.516,1.515,1.516,90.84
2025-01-15 20:46:00,1.516,1.516,1.516,1.516,144.92
2025-01-15 20:47:00,1.516,1.516,1.513,1.514,549.25
2025-01-15 20:48:00,1.513,1.513,1.512,1.512,1101.51
2025-01-15 20:49:00,1.511,1.513,1.508,1.51,3971.85
2025-01-15 20:50:00,1.51,1.511,1.508,1.511,1144.07
2025-01-15 20:51:00,1.511,1.512,1.511,1.512,65.75
2025-01-15 20:52:00,1.512,1.514,1.512,1.512,50.86
2025-01-15 20:53:00,1.511,1.514,1.511,1.514,329.49
2025-01-15 20:54:00,1.514,1.514,1.513,1.513,508.3
2025-01-15 20:55:00,1.513,1.513,1.511,1.512,223.88
2025-01-15 20:56:00,1.512,1.512,1.512,1.512,32.09
2025-01-15 20:57:00,1.512,1.512,1.511,1.512,392.17
2025-01-15 20:58:00,1.512,1.512,1.51,1.512,446.83
2025-01-15 20:59:00,1.512,1.512,1.512,1.512,194.34
2025-01-15 21:00:00,1.514,1.515,1.513,1.514,331.98
2025-01-15 21:01:00,1.514,1.515,1.513,1.515,778.46
2025-01-15 21:02:00,1.516,1.516,1.515,1.515,1314.48
2025-01-15 21:03:00,1.515,1.515,1.515,1.515,268.44
2025-01-15 21:04:00,1.515,1.515,1.513,1.513,1342.98
2025-01-15 21:05:00,1.513,1.515,1.513,1.514,104.05
2025-01-15 21:06:00,1.514,1.514,1.512,1.514,1510.23
2025-01-15 21:07:00,1.514,1.514,1.514,1.514,73.61
2025-01-15 21:08:00,1.514,1.515,1.514,1.514,2736.1
2025-01-15 21:09:00,1.515,1.516,1.515,1.516,76.97
2025-01-15 21:10:00,1.517,1.517,1.517,1.517,1369.32
2025-01-15 21:11:00,1.517,1.519,1.517,1.518,99.43
2025-01-15 21:12:00,1.518,1.52,1.518,1.52,1476.69
2025-01-15 21:13:00,1.52,1.521,1.52,1.521,887.46
2025-01-15 21:14:00,1.521,1.521,1.52,1.52,627.11
2025-01-15 21:15:00,1.519,1.522,1.519,1.521,2677.46
2025-01-15 21:16:00,1.521,1.523,1.521,1.523,77.31
2025-01-15 21:17:00,1.523,1.523,1.521,1.521,1137.88
2025-01-15 21:18:00,1.521,1.523,1.521,1.522,427.6
2025-01-15 21:19:00,1.523,1.524,1.522,1.522,130.88
2025-01-15 21:20:00,1.523,1.524,1.521,1.521,2297.0
2025-01-15 21:21:00,1.522,1.522,1.52,1.52,344.05
2025-01-15 21:22:00,1.522,1.522,1.52,1.52,210.87
2025-01-15 21:23:00,1.52,1.52,1.517,1.518,360.89
2025-01-15 21:24:00,1.518,1.518,1.518,1.518,33.4
2025-01-15 21:25:00,1.518,1.518,1.517,1.517,735.81
2025-01-15 21:26:00,1.517,1.519,1.517,1.519,65.87
2025-01-15 21:27:00,1.519,1.522,1.519,1.522,809.37
2025-01-15 21:28:00,1.521,1.521,1.52,1.52,109.51
2025-01-15 21:29:00,1.52,1.52,1.52,1.52,28.56
2025-01-15 21:30:00,1.52,1.521,1.52,1.52,346.89
2025-01-15 21:31:00,1.52,1.52,1.519,1.519,786.96
2025-01-15 21:32:00,1.519,1.519,1.519,1.519,14.29
2025-01-15 21:33:00,1.519,1.519,1.518,1.518,86.05
2025-01-15 21:34:00,1.518,1.518,1.518,1.518,94.06
2025-01-15 21:35:00,1.518,1.52,1.518,1.518,163.28
2025-01-15 21:36:00,1.518,1.518,1.517,1.517,411.34
2025-01-15 21:37:00,1.517,1.518,1.517,1.517,187.01
2025-01-15 21:38:00,1.518,1.519,1.518,1.518,306.74
2025-01-15 21:39:00,1.518,1.518,1.517,1.517,52.9
2025-01-15 21:40:00,1.517,1.517,1.516,1.516,105.71
2025-01-15 21:41:00,1.516,1.517,1.516,1.516,104.13
2025-01-15 21:42:00,1.516,1.516,1.516,1.516,85.18
2025-01-15 21:43:00,1.516,1.517,1.516,1.517,72.98
2025-01-15 21:44:00,1.516,1.518,1.516,1.517,112.09
2025-01-15 21:45:00,1.517,1.518,1.517,1.518,119.49
2025-01-15 21:46:00,1.518,1.518,1.518,1.518,55.08
2025-01-15 21:47:00,1.518,1.518,1.516,1.516,81.88
2025-01-15 21:48:00,1.518,1.519,1.518,1.519,185.71
2025-01-15 21:49:00,1.519,1.519,1.519,1.519,57.09
2025-01-15 21:50:00,1.519,1.52,1.519,1.52,278.27
2025-01-15 21:51:00,1.52,1.524,1.52,1.524,2823.59
2025-01-15 21:52:00,1.524,1.524,1.523,1.523,82.7
2025-01-15 21:53:00,1.522,1.522,1.521,1.521,741.58
2025-01-15 21:54:00,1.522,1.522,1.521,1.521,314.3
2025-01-15 21:55:00,1.521,1.522,1.521,1.522,81.43
2025-01-15 21:56:00,1.522,1.522,1.52,1.52,118.27
2025-01-15 21:57:00,1.52,1.52,1.52,1.52,72.0
2025-01-15 21:58:00,1.52,1.521,1.52,1.52,352.61
2025-01-15 21:59:00,1.52,1.52,1.519,1.52,1436.47
2025-01-15 22:00:00,1.52,1.52,1.517,1.517,667.08
2025-01-15 22:01:00,1.517,1.518,1.517,1.518,288.52
2025-01-15 22:02:00,1.517,1.517,1.515,1.515,2005.12
2025-01-15 22:03:00,1.518,1.518,1.517,1.517,574.67
2025-01-15 22:04:00,1.517,1.518,1.516,1.517,679.99
2025-01-15 22:05:00,1.517,1.517,1.516,1.516,274.46
2025-01-15 22:06:00,1.517,1.518,1.517,1.517,58.4
2025-01-15 22:07:00,1.517,1.517,1.516,1.516,75.28
2025-01-15 22:08:00,1.516,1.518,1.516,1.518,392.98
2025-01-15 22:09:00,1.518,1.518,1.517,1.517,1168.83
2025-01-15 22:10:00,1.517,1.517,1.516,1.516,123.78
2025-01-15 22:11:00,1.517,1.517,1.517,1.517,54.41
2025-01-15 22:12:00,1.517,1.517,1.516,1.516,139.07
2025-01-15 22:13:00,1.516,1.517,1.515,1.516,305.13
2025-01-15 22:14:00,1.516,1.517,1.516,1.517,82.11
2025-01-15 22:15:00,1.517,1.517,1.517,1.517,121.68
2025-01-15 22:16:00,1.517,1.517,1.516,1.516,290.8
2025-01-15 22:17:00,1.515,1.515,1.515,1.515,61.14
2025-01-15 22:18:00,1.516,1.518,1.516,1.518,201.36
2025-01-15 22:19:00,1.519,1.52,1.519,1.519,389.86
2025-01-15 22:20:00,1.519,1.519,1.518,1.518,918.44
2025-01-15 22:21:00,1.518,1.518,1.517,1.518,259.48
2025-01-15 22:22:00,1.517,1.518,1.516,1.516,177.89
2025-01-15 22:23:00,1.517,1.518,1.517,1.518,262.07
2025-01-15 22:24:00,1.517,1.519,1.517,1.518,398.37
2025-01-15 22:25:00,1.518,1.518,1.517,1.517,160.23
2025-01-15 22:26:00,1.517,1.519,1.517,1.518,406.76
2025-01-15 22:27:00,1.518,1.521,1.518,1.519,1485.0
2025-01-15 22:28:00,1.52,1.52,1.52,1.52,238.93
2025-01-15 22:29:00,1.52,1.52,1.52,1.52,114.36
2025-01-15 22:30:00,1.522,1.523,1.521,1.522,692.34
2025-01-15 22:31:00,1.523,1.524,1.522,1.524,352.76
2025-01-15 22:32:00,1.525,1.527,1.525,1.526,2531.59
2025-01-15 22:33:00,1.526,1.527,1.526,1.526,88.35
2025-01-15 22:34:00,1.526,1.526,1.526,1.526,277.28
2025-01-15 22:35:00,1.526,1.526,1.525,1.525,305.76
2025-01-15 22:36:00,1.525,1.525,1.524,1.525,91.55
2025-01-15 22:37:00,1.526,1.526,1.525,1.525,65.96
2025-01-15 22:38:00,1.526,1.526,1.525,1.526,77.15
2025-01-15 22:39:00,1.526,1.527,1.526,1.526,424.68
2025-01-15 22:40:00,1.525,1.527,1.525,1.527,130.6
2025-01-15 22:41:00,1.526,1.527,1.526,1.527,173.5
2025-01-15 22:42:00,1.526,1.526,1.526,1.526,69.16
2025-01-15 22:43:00,1.526,1.526,1.525,1.526,155.22
2025-01-15 22:44:00,1.526,1.527,1.526,1.526,606.41
2025-01-15 22:45:00,1.526,1.527,1.526,1.526,363.29
2025-01-15 22:46:00,1.526,1.528,1.526,1.528,1376.25
2025-01-15 22:47:00,1.528,1.528,1.528,1.528,58.1
2025-01-15 22:48:00,1.528,1.529,1.528,1.528,79.53
2025-01-15 22:49:00,1.528,1.528,1.528,1.528,73.34
2025-01-15 22:50:00,1.528,1.529,1.528,1.528,385.98
2025-01-15 22:51:00,1.528,1.528,1.527,1.527,2587.34
2025-01-15 22:52:00,1.528,1.528,1.527,1.528,493.14
2025-01-15 22:53:00,1.528,1.528,1.528,1.528,52.62
2025-01-15 22:54:00,1.528,1.529,1.528,1.529,5469.33
2025-01-15 22:55:00,1.529,1.529,1.529,1.529,117.85
2025-01-15 22:56:00,1.529,1.529,1.529,1.529,95.18
2025-01-15 22:57:00,1.53,1.53,1.529,1.529,70.32
2025-01-15 22:58:00,1.529,1.529,1.528,1.528,217.58
2025-01-15 22:59:00,1.529,1.53,1.529,1.529,73.92
2025-01-15 23:00:00,1.53,1.531,1.53,1.53,3437.4
2025-01-15 23:01:00,1.531,1.531,1.53,1.531,579.72
2025-01-15 23:02:00,1.53,1.53,1.529,1.529,854.81
2025-01-15 23:03:00,1.529,1.53,1.529,1.529,66.17
2025-01-15 23:04:00,1.531,1.531,1.53,1.531,591.08
2025-01-15 23:05:00,1.532,1.532,1.531,1.531,380.4
2025-01-15 23:06:00,1.532,1.532,1.531,1.531,643.67
2025-01-15 23:07:00,1.532,1.534,1.531,1.533,6004.33
2025-01-15 23:08:00,1.533,1.534,1.532,1.532,317.18
2025-01-15 23:09:00,1.532,1.533,1.532,1.533,88.13
2025-01-15 23:10:00,1.532,1.533,1.532,1.533,157.69
2025-01-15 23:11:00,1.533,1.533,1.532,1.533,335.77
2025-01-15 23:12:00,1.534,1.534,1.532,1.533,1283.93
2025-01-15 23:13:00,1.533,1.533,1.532,1.533,489.04
2025-01-15 23:14:00,1.533,1.534,1.533,1.534,1016.93
2025-01-15 23:15:00,1.533,1.539,1.533,1.538,10034.73
2025-01-15 23:16:00,1.538,1.539,1.538,1.538,2099.35
2025-01-15 23:17:00,1.538,1.54,1.538,1.539,193.74
2025-01-15 23:18:00,1.539,1.539,1.536,1.536,1529.06
2025-01-15 23:19:00,1.537,1.538,1.537,1.537,319.36
2025-01-15 23:20:00,1.538,1.539,1.536,1.536,1842.96
2025-01-15 23:21:00,1.536,1.536,1.535,1.536,2869.22
2025-01-15 23:22:00,1.535,1.535,1.534,1.534,478.55
2025-01-15 23:23:00,1.535,1.535,1.534,1.534,884.28
2025-01-15 23:24:00,1.535,1.535,1.533,1.535,2942.62
2025-01-15 23:25:00,1.535,1.536,1.535,1.536,681.4
2025-01-15 23:26:00,1.536,1.538,1.536,1.537,666.76
2025-01-15 23:27:00,1.538,1.538,1.537,1.537,980.8
2025-01-15 23:28:00,1.538,1.54,1.538,1.54,377.31
2025-01-15 23:29:00,1.54,1.542,1.539,1.54,1114.32
2025-01-15 23:30:00,1.54,1.54,1.539,1.539,1026.34
2025-01-15 23:31:00,1.539,1.539,1.537,1.537,1594.39
2025-01-15 23:32:00,1.537,1.54,1.537,1.539,883.73
2025-01-15 23:33:00,1.538,1.538,1.536,1.536,4533.8
2025-01-15 23:34:00,1.537,1.537,1.537,1.537,283.04
2025-01-15 23:35:00,1.537,1.541,1.537,1.541,1621.35
2025-01-15 23:36:00,1.54,1.54,1.54,1.54,462.35
2025-01-15 23:37:00,1.542,1.542,1.541,1.541,705.48
2025-01-15 23:38:00,1.542,1.542,1.54,1.54,255.03
2025-01-15 23:39:00,1.54,1.54,1.539,1.539,102.85
2025-01-15 23:40:00,1.539,1.539,1.539,1.539,3392.89
2025-01-15 23:41:00,1.539,1.539,1.538,1.539,375.74
2025-01-15 23:42:00,1.539,1.539,1.539,1.539,305.37
2025-01-15 23:43:00,1.54,1.543,1.539,1.541,6794.54
2025-01-15 23:44:00,1.542,1.542,1.542,1.542,765.26
2025-01-15 23:45:00,1.542,1.542,1.541,1.541,370.83
2025-01-15 23:46:00,1.542,1.542,1.541,1.542,1732.52
2025-01-15 23:47:00,1.542,1.544,1.542,1.544,390.37
2025-01-15 23:48:00,1.543,1.543,1.542,1.543,756.95
2025-01-15 23:49:00,1.542,1.542,1.54,1.54,1165.16
2025-01-15 23:50:00,1.54,1.541,1.539,1.539,134.96
2025-01-15 23:51:00,1.538,1.539,1.538,1.539,279.09
2025-01-15 23:52:00,1.54,1.541,1.539,1.541,5366.29
2025-01-15 23:53:00,1.541,1.542,1.541,1.541,769.77
2025-01-15 23:54:00,1.542,1.544,1.541,1.541,3494.63
2025-01-15 23:55:00,1.542,1.542,1.54,1.54,173.63
2025-01-15 23:56:00,1.539,1.539,1.539,1.539,220.18
2025-01-15 23:57:00,1.538,1.539,1.538,1.539,282.38
2025-01-15 23:58:00,1.539,1.54,1.538,1.539,765.92
2025-01-15 23:59:00,1.54,1.54,1.539,1.539,249.57
2025-01-16 00:00:00,1.539,1.54,1.538,1.538,405.72
2025-01-16 00:01:00,1.538,1.538,1.535,1.538,2170.12
2025-01-16 00:02:00,1.537,1.539,1.536,1.539,1307.29
2025-01-16 00:03:00,1.539,1.543,1.536,1.536,2601.14
2025-01-16 00:04:00,1.535,1.535,1.531,1.531,1292.45
2025-01-16 00:05:00,1.532,1.535,1.532,1.535,92.16
2025-01-16 00:06:00,1.535,1.535,1.53,1.53,347.47
2025-01-16 00:07:00,1.53,1.53,1.527,1.529,1463.92
2025-01-16 00:08:00,1.527,1.528,1.524,1.524,823.37
2025-01-16 00:09:00,1.526,1.526,1.525,1.526,78.33
2025-01-16 00:10:00,1.524,1.528,1.524,1.528,27.36
2025-01-16 00:11:00,1.528,1.528,1.526,1.526,448.98
2025-01-16 00:12:00,1.525,1.527,1.525,1.526,843.25
2025-01-16 00:13:00,1.527,1.527,1.524,1.524,173.97
2025-01-16 00:14:00,1.524,1.524,1.524,1.524,235.67
2025-01-16 00:15:00,1.523,1.523,1.518,1.519,2665.72
2025-01-16 00:16:00,1.519,1.522,1.515,1.521,6241.89
2025-01-16 00:17:00,1.519,1.519,1.517,1.517,126.93
2025-01-16 00:18:00,1.516,1.516,1.515,1.516,112.72
2025-01-16 00:19:00,1.518,1.521,1.518,1.521,673.68
2025-01-16 00:20:00,1.523,1.523,1.52,1.521,121.93
2025-01-16 00:21:00,1.52,1.52,1.516,1.517,499.97
2025-01-16 00:22:00,1.516,1.517,1.516,1.516,285.14
2025-01-16 00:23:00,1.518,1.52,1.518,1.52,502.64
2025-01-16 00:24:00,1.52,1.521,1.519,1.521,299.83
2025-01-16 00:25:00,1.52,1.524,1.52,1.522,1183.88
2025-01-16 00:26:00,1.519,1.52,1.519,1.52,1714.42
2025-01-16 00:27:00,1.519,1.519,1.517,1.517,566.44
2025-01-16 00:28:00,1.518,1.518,1.514,1.514,760.65
2025-01-16 00:29:00,1.516,1.516,1.514,1.515,714.96
2025-01-16 00:30:00,1.517,1.517,1.515,1.515,481.07
2025-01-16 00:31:00,1.513,1.514,1.511,1.512,1151.21
2025-01-16 00:32:00,1.512,1.515,1.511,1.515,138.62
2025-01-16 00:33:00,1.515,1.515,1.511,1.511,62.67
2025-01-16 00:34:00,1.511,1.511,1.509,1.509,277.88
2025-01-16 00:35:00,1.509,1.509,1.507,1.507,181.54
2025-01-16 00:36:00,1.507,1.507,1.502,1.503,578.64
2025-01-16 00:37:00,1.503,1.507,1.503,1.504,463.92
2025-01-16 00:38:00,1.504,1.504,1.499,1.499,1757.04
2025-01-16 00:39:00,1.501,1.502,1.499,1.5,294.17
2025-01-16 00:40:00,1.501,1.505,1.501,1.505,1715.0
2025-01-16 00:41:00,1.506,1.507,1.504,1.504,796.7
2025-01-16 00:42:00,1.504,1.504,1.502,1.502,1174.6
2025-01-16 00:43:00,1.502,1.503,1.502,1.502,535.05
2025-01-16 00:44:00,1.502,1.506,1.501,1.506,3444.23
2025-01-16 00:45:00,1.505,1.507,1.504,1.505,374.67
2025-01-16 00:46:00,1.505,1.505,1.503,1.504,1171.45
2025-01-16 00:47:00,1.505,1.506,1.505,1.506,82.65
2025-01-16 00:48:00,1.506,1.509,1.506,1.509,536.58
2025-01-16 00:49:00,1.508,1.51,1.508,1.509,404.89
2025-01-16 00:50:00,1.509,1.51,1.509,1.51,632.86
2025-01-16 00:51:00,1.51,1.511,1.509,1.509,142.21
2025-01-16 00:52:00,1.509,1.509,1.507,1.507,1322.75
2025-01-16 00:53:00,1.507,1.509,1.507,1.509,1067.44
2025-01-16 00:54:00,1.508,1.508,1.508,1.508,245.85
2025-01-16 00:55:00,1.509,1.509,1.509,1.509,65.96
2025-01-16 00:56:00,1.509,1.51,1.509,1.509,1506.91
2025-01-16 00:57:00,1.507,1.507,1.507,1.507,306.72
2025-01-16 00:58:00,1.507,1.507,1.506,1.507,448.17
2025-01-16 00:59:00,1.507,1.507,1.506,1.507,421.97
2025-01-16 01:00:00,1.507,1.508,1.507,1.508,220.91
2025-01-16 01:01:00,1.508,1.51,1.507,1.51,222.07
2025-01-16 01:02:00,1.509,1.511,1.509,1.511,800.23
2025-01-16 01:03:00,1.512,1.513,1.512,1.513,53.67
2025-01-16 01:04:00,1.514,1.514,1.513,1.513,233.66
2025-01-16 01:05:00,1.514,1.514,1.514,1.514,88.14
2025-01-16 01:06:00,1.516,1.516,1.513,1.513,378.46
2025-01-16 01:07:00,1.513,1.517,1.513,1.517,309.92
2025-01-16 01:08:00,1.517,1.518,1.516,1.517,181.97
2025-01-16 01:09:00,1.517,1.517,1.517,1.517,75.61
2025-01-16 01:10:00,1.518,1.519,1.517,1.518,346.87
2025-01-16 01:11:00,1.516,1.516,1.516,1.516,50.09
2025-01-16 01:12:00,1.516,1.516,1.512,1.512,787.85
2025-01-16 01:13:00,1.512,1.514,1.512,1.514,95.43
2025-01-16 01:14:00,1.513,1.514,1.513,1.514,128.78
2025-01-16 01:15:00,1.512,1.514,1.512,1.514,55.43
2025-01-16 01:16:00,1.514,1.514,1.512,1.512,219.69
2025-01-16 01:17:00,1.512,1.512,1.51,1.51,329.75
2025-01-16 01:18:00,1.511,1.511,1.509,1.51,1802.61
2025-01-16 01:19:00,1.511,1.511,1.511,1.511,119.28
2025-01-16 01:20:00,1.509,1.509,1.505,1.505,161.53
2025-01-16 01:21:00,1.507,1.507,1.505,1.505,53.49
2025-01-16 01:22:00,1.507,1.507,1.505,1.505,178.82
2025-01-16 01:23:00,1.508,1.508,1.507,1.507,96.25
2025-01-16 01:24:00,1.509,1.509,1.508,1.509,323.37
2025-01-16 01:25:00,1.508,1.52,1.508,1.514,21647.58
2025-01-16 01:26:00,1.512,1.513,1.512,1.513,81.22
2025-01-16 01:27:00,1.511,1.514,1.511,1.514,2573.53
2025-01-16 01:28:00,1.513,1.514,1.513,1.514,64.6
2025-01-16 01:29:00,1.515,1.515,1.514,1.514,67.45
2025-01-16 01:30:00,1.516,1.518,1.514,1.518,1258.43
2025-01-16 01:31:00,1.516,1.516,1.511,1.512,1354.88
2025-01-16 01:32:00,1.512,1.513,1.512,1.512,137.85
2025-01-16 01:33:00,1.513,1.515,1.513,1.515,138.44
2025-01-16 01:34:00,1.516,1.516,1.514,1.515,368.86
2025-01-16 01:35:00,1.515,1.516,1.514,1.515,333.79
2025-01-16 01:36:00,1.514,1.517,1.514,1.514,1651.33
2025-01-16 01:37:00,1.515,1.515,1.513,1.515,413.34
2025-01-16 01:38:00,1.515,1.515,1.515,1.515,75.22
2025-01-16 01:39:00,1.516,1.517,1.516,1.517,780.65
2025-01-16 01:40:00,1.516,1.516,1.501,1.51,55956.03
2025-01-16 01:41:00,1.51,1.512,1.509,1.51,6292.86
2025-01-16 01:42:00,1.51,1.51,1.494,1.505,52279.58
2025-01-16 01:43:00,1.505,1.506,1.504,1.504,3856.54
2025-01-16 01:44:00,1.505,1.507,1.504,1.507,4228.83
2025-01-16 01:45:00,1.507,1.509,1.506,1.506,4480.26
2025-01-16 01:46:00,1.506,1.509,1.506,1.509,1779.11
2025-01-16 01:47:00,1.508,1.508,1.49,1.505,38044.0
2025-01-16 01:48:00,1.505,1.505,1.503,1.504,2974.99
2025-01-16 01:49:00,1.504,1.505,1.503,1.505,1158.09
2025-01-16 01:50:00,1.505,1.507,1.505,1.505,4284.28
2025-01-16 01:51:00,1.505,1.506,1.504,1.505,438.75
2025-01-16 01:52:00,1.506,1.508,1.506,1.508,919.52
2025-01-16 01:53:00,1.507,1.509,1.507,1.508,435.76
2025-01-16 01:54:00,1.508,1.508,1.507,1.507,200.74
2025-01-16 01:55:00,1.508,1.511,1.508,1.511,5080.43
2025-01-16 01:56:00,1.51,1.511,1.51,1.511,131.52
2025-01-16 01:57:00,1.511,1.511,1.509,1.51,593.94
2025-01-16 01:58:00,1.51,1.51,1.509,1.509,71.57
2025-01-16 01:59:00,1.509,1.511,1.508,1.511,1437.61
2025-01-16 02:00:00,1.51,1.511,1.507,1.508,784.08
2025-01-16 02:01:00,1.506,1.509,1.506,1.507,987.91
2025-01-16 02:02:00,1.507,1.508,1.505,1.507,927.72
2025-01-16 02:03:00,1.507,1.507,1.505,1.505,591.51
2025-01-16 02:04:00,1.504,1.51,1.503,1.509,5586.25
2025-01-16 02:05:00,1.509,1.51,1.508,1.51,2179.82
2025-01-16 02:06:00,1.51,1.513,1.51,1.512,1329.86
2025-01-16 02:07:00,1.511,1.512,1.51,1.512,781.2
2025-01-16 02:08:00,1.511,1.512,1.511,1.511,132.63
2025-01-16 02:09:00,1.512,1.512,1.509,1.511,406.41
2025-01-16 02:10:00,1.513,1.513,1.511,1.511,240.44
2025-01-16 02:11:00,1.512,1.513,1.509,1.513,1524.59
2025-01-16 02:12:00,1.511,1.512,1.511,1.512,154.43
2025-01-16 02:13:00,1.511,1.513,1.51,1.513,356.02
2025-01-16 02:14:00,1.512,1.512,1.511,1.511,95.21
2025-01-16 02:15:00,1.511,1.512,1.51,1.512,950.94
2025-01-16 02:16:00,1.51,1.51,1.508,1.508,155.45
2025-01-16 02:17:00,1.508,1.509,1.508,1.508,314.18
2025-01-16 02:18:00,1.507,1.509,1.507,1.509,375.71
2025-01-16 02:19:00,1.508,1.508,1.506,1.506,195.33
2025-01-16 02:20:00,1.508,1.509,1.508,1.509,357.17
2025-01-16 02:21:00,1.509,1.51,1.509,1.51,242.97
2025-01-16 02:22:00,1.511,1.511,1.508,1.508,470.91
2025-01-16 02:23:00,1.508,1.51,1.507,1.51,138.9
2025-01-16 02:24:00,1.509,1.51,1.509,1.509,332.85
2025-01-16 02:25:00,1.509,1.509,1.506,1.506,1375.72
2025-01-16 02:26:00,1.507,1.509,1.507,1.509,612.71
2025-01-16 02:27:00,1.507,1.507,1.507,1.507,63.77
2025-01-16 02:28:00,1.506,1.506,1.506,1.506,82.24
2025-01-16 02:29:00,1.506,1.507,1.506,1.507,352.46
2025-01-16 02:30:00,1.508,1.511,1.508,1.508,1078.66
2025-01-16 02:31:00,1.508,1.509,1.507,1.509,1127.45
2025-01-16 02:32:00,1.508,1.51,1.508,1.509,185.34
2025-01-16 02:33:00,1.511,1.511,1.509,1.51,618.73
2025-01-16 02:34:00,1.51,1.51,1.509,1.509,310.18
2025-01-16 02:35:00,1.509,1.509,1.508,1.508,857.71
2025-01-16 02:36:00,1.507,1.509,1.507,1.509,490.34
2025-01-16 02:37:00,1.509,1.509,1.506,1.506,480.0
2025-01-16 02:38:00,1.506,1.506,1.506,1.506,64.5
2025-01-16 02:39:00,1.507,1.508,1.506,1.508,85.62
2025-01-16 02:40:00,1.508,1.508,1.507,1.507,76.71
2025-01-16 02:41:00,1.507,1.508,1.506,1.508,712.66
2025-01-16 02:42:00,1.507,1.507,1.507,1.507,56.4
2025-01-16 02:43:00,1.507,1.507,1.506,1.507,77.68
2025-01-16 02:44:00,1.508,1.508,1.507,1.508,103.67
2025-01-16 02:45:00,1.508,1.508,1.506,1.506,391.12
2025-01-16 02:46:00,1.506,1.507,1.505,1.507,1000.98
2025-01-16 02:47:00,1.507,1.508,1.506,1.507,846.57
2025-01-16 02:48:00,1.508,1.508,1.507,1.508,518.05
2025-01-16 02:49:00,1.507,1.508,1.507,1.507,169.54
2025-01-16 02:50:00,1.507,1.507,1.505,1.505,736.69
2025-01-16 02:51:00,1.505,1.507,1.505,1.506,290.89
2025-01-16 02:52:00,1.507,1.508,1.506,1.506,187.48
2025-01-16 02:53:00,1.507,1.507,1.504,1.504,150.42
2025-01-16 02:54:00,1.506,1.506,1.503,1.505,187.86
2025-01-16 02:55:00,1.505,1.505,1.503,1.503,2653.08
2025-01-16 02:56:00,1.503,1.504,1.503,1.504,1568.32
2025-01-16 02:57:00,1.504,1.506,1.504,1.506,376.68
2025-01-16 02:58:00,1.505,1.508,1.505,1.506,2361.7
2025-01-16 02:59:00,1.507,1.507,1.506,1.506,60.27
2025-01-16 03:00:00,1.507,1.508,1.507,1.507,529.74
2025-01-16 03:01:00,1.506,1.506,1.505,1.505,71.16
2025-01-16 03:02:00,1.505,1.507,1.505,1.506,908.62
2025-01-16 03:03:00,1.507,1.508,1.504,1.504,633.57
2025-01-16 03:04:00,1.503,1.505,1.503,1.504,223.24
2025-01-16 03:05:00,1.504,1.507,1.504,1.506,550.45
2025-01-16 03:06:00,1.505,1.508,1.505,1.508,73.23
2025-01-16 03:07:00,1.506,1.506,1.504,1.504,305.68
2025-01-16 03:08:00,1.504,1.508,1.504,1.508,479.97
2025-01-16 03:09:00,1.507,1.508,1.506,1.507,230.45
2025-01-16 03:10:00,1.508,1.508,1.507,1.507,168.23
2025-01-16 03:11:00,1.508,1.508,1.507,1.508,215.8
2025-01-16 03:12:00,1.508,1.509,1.508,1.509,471.29
2025-01-16 03:13:00,1.508,1.508,1.506,1.506,1195.53
2025-01-16 03:14:00,1.506,1.508,1.506,1.507,323.47
2025-01-16 03:15:00,1.504,1.504,1.503,1.503,150.23
2025-01-16 03:16:00,1.504,1.505,1.503,1.504,206.46
2025-01-16 03:17:00,1.504,1.505,1.504,1.505,72.86
2025-01-16 03:18:00,1.506,1.506,1.502,1.502,1617.37
2025-01-16 03:19:00,1.503,1.503,1.5,1.5,2402.41
2025-01-16 03:20:00,1.5,1.5,1.499,1.5,543.7
2025-01-16 03:21:00,1.502,1.502,1.501,1.501,149.73
2025-01-16 03:22:00,1.5,1.501,1.499,1.499,84.9
2025-01-16 03:23:00,1.499,1.5,1.499,1.499,315.88
2025-01-16 03:24:00,1.499,1.501,1.498,1.499,465.04
2025-01-16 03:25:00,1.499,1.5,1.499,1.5,118.72
2025-01-16 03:26:00,1.5,1.501,1.5,1.501,73.09
2025-01-16 03:27:00,1.501,1.502,1.501,1.502,90.6
2025-01-16 03:28:00,1.502,1.502,1.501,1.501,252.29
2025-01-16 03:29:00,1.501,1.501,1.498,1.498,465.0
2025-01-16 03:30:00,1.498,1.499,1.495,1.496,1192.64
2025-01-16 03:31:00,1.495,1.495,1.495,1.495,333.43
2025-01-16 03:32:00,1.495,1.495,1.493,1.494,818.79
2025-01-16 03:33:00,1.494,1.494,1.492,1.493,739.14
2025-01-16 03:34:00,1.494,1.495,1.494,1.494,1072.99
2025-01-16 03:35:00,1.494,1.494,1.492,1.492,271.46
2025-01-16 03:36:00,1.494,1.495,1.493,1.493,2848.87
2025-01-16 03:37:00,1.492,1.492,1.491,1.492,287.91
2025-01-16 03:38:00,1.493,1.495,1.493,1.495,471.09
2025-01-16 03:39:00,1.495,1.499,1.495,1.498,1049.9
2025-01-16 03:40:00,1.497,1.497,1.495,1.495,1700.24
2025-01-16 03:41:00,1.497,1.498,1.497,1.498,62.32
2025-01-16 03:42:00,1.498,1.499,1.498,1.498,384.64
2025-01-16 03:43:00,1.497,1.499,1.497,1.499,363.35
2025-01-16 03:44:00,1.5,1.5,1.499,1.5,188.33
2025-01-16 03:45:00,1.502,1.503,1.502,1.502,1796.71
2025-01-16 03:46:00,1.501,1.503,1.501,1.503,103.47
2025-01-16 03:47:00,1.502,1.502,1.501,1.501,69.08
2025-01-16 03:48:00,1.502,1.502,1.5,1.501,104.65
2025-01-16 03:49:00,1.501,1.501,1.5,1.5,98.81
2025-01-16 03:50:00,1.5,1.5,1.499,1.5,66.35
2025-01-16 03:51:00,1.499,1.5,1.498,1.5,200.77
2025-01-16 03:52:00,1.499,1.5,1.498,1.5,191.86
2025-01-16 03:53:00,1.498,1.499,1.498,1.498,611.8
2025-01-16 03:54:00,1.498,1.5,1.498,1.499,124.8
2025-01-16 03:55:00,1.499,1.501,1.499,1.501,177.59
2025-01-16 03:56:00,1.499,1.5,1.499,1.499,196.44
2025-01-16 03:57:00,1.499,1.5,1.499,1.499,760.26
2025-01-16 03:58:00,1.5,1.502,1.499,1.501,289.39
2025-01-16 03:59:00,1.501,1.501,1.5,1.5,327.51
2025-01-16 04:00:00,1.5,1.503,1.5,1.501,216.56
2025-01-16 04:01:00,1.501,1.502,1.5,1.501,1665.78
2025-01-16 04:02:00,1.502,1.502,1.501,1.501,875.62
2025-01-16 04:03:00,1.501,1.501,1.5,1.501,61.06
2025-01-16 04:04:00,1.499,1.499,1.499,1.499,407.6
2025-01-16 04:05:00,1.499,1.499,1.499,1.499,239.81
2025-01-16 04:06:00,1.5,1.5,1.499,1.5,705.65
2025-01-16 04:07:00,1.499,1.501,1.499,1.5,354.62
2025-01-16 04:08:00,1.499,1.5,1.499,1.5,294.1
2025-01-16 04:09:00,1.5,1.5,1.5,1.5,449.06
2025-01-16 04:10:00,1.502,1.503,1.501,1.501,1215.93
2025-01-16 04:11:00,1.502,1.503,1.502,1.502,1094.52
2025-01-16 04:12:00,1.502,1.502,1.501,1.501,727.5
2025-01-16 04:13:00,1.502,1.502,1.502,1.502,53.98
2025-01-16 04:14:00,1.502,1.502,1.5,1.5,1270.89
2025-01-16 04:15:00,1.5,1.501,1.499,1.499,162.79
2025-01-16 04:16:00,1.499,1.502,1.499,1.501,243.69
2025-01-16 04:17:00,1.5,1.501,1.5,1.501,704.3
2025-01-16 04:18:00,1.5,1.5,1.5,1.5,760.84
2025-01-16 04:19:00,1.501,1.501,1.499,1.499,60.79
2025-01-16 04:20:00,1.499,1.5,1.499,1.5,642.24
2025-01-16 04:21:00,1.5,1.5,1.498,1.499,435.85
2025-01-16 04:22:00,1.499,1.499,1.498,1.498,97.76
2025-01-16 04:23:00,1.498,1.499,1.498,1.499,2367.06
2025-01-16 04:24:00,1.498,1.498,1.496,1.496,357.33
2025-01-16 04:25:00,1.498,1.498,1.497,1.497,134.77
2025-01-16 04:26:00,1.498,1.498,1.497,1.497,64.41
2025-01-16 04:27:00,1.498,1.498,1.497,1.497,584.42
2025-01-16 04:28:00,1.497,1.5,1.497,1.499,1157.46
2025-01-16 04:29:00,1.5,1.5,1.498,1.498,365.12
2025-01-16 04:30:00,1.498,1.499,1.498,1.499,95.5
2025-01-16 04:31:00,1.499,1.499,1.497,1.497,494.29
2025-01-16 04:32:00,1.498,1.498,1.497,1.497,69.67
2025-01-16 04:33:00,1.498,1.499,1.497,1.499,629.33
2025-01-16 04:34:00,1.499,1.499,1.499,1.499,52.17
2025-01-16 04:35:00,1.499,1.5,1.499,1.499,131.25
2025-01-16 04:36:00,1.5,1.502,1.5,1.502,211.03
2025-01-16 04:37:00,1.501,1.503,1.501,1.503,507.09
2025-01-16 04:38:00,1.503,1.503,1.501,1.502,807.17
2025-01-16 04:39:00,1.502,1.503,1.502,1.503,53.77
2025-01-16 04:40:00,1.502,1.502,1.502,1.502,166.03
2025-01-16 04:41:00,1.501,1.502,1.501,1.501,929.63
2025-01-16 04:42:00,1.502,1.502,1.501,1.502,374.93
2025-01-16 04:43:00,1.502,1.502,1.502,1.502,49.83
2025-01-16 04:44:00,1.503,1.503,1.502,1.502,77.64
2025-01-16 04:45:00,1.502,1.502,1.5,1.5,274.56
2025-01-16 04:46:00,1.5,1.501,1.5,1.5,355.72
2025-01-16 04:47:00,1.499,1.501,1.499,1.501,116.9
2025-01-16 04:48:00,1.5,1.501,1.5,1.501,97.34
2025-01-16 04:49:00,1.501,1.502,1.501,1.501,88.57
2025-01-16 04:50:00,1.502,1.503,1.502,1.503,351.03
2025-01-16 04:51:00,1.502,1.503,1.501,1.501,755.89
2025-01-16 04:52:00,1.501,1.502,1.5,1.501,384.48
2025-01-16 04:53:00,1.502,1.502,1.501,1.502,36.72
2025-01-16 04:54:00,1.501,1.503,1.501,1.502,70.64
2025-01-16 04:55:00,1.501,1.501,1.501,1.501,66.39
2025-01-16 04:56:00,1.5,1.501,1.5,1.501,62.78
2025-01-16 04:57:00,1.5,1.501,1.5,1.5,134.63
2025-01-16 04:58:00,1.5,1.501,1.5,1.501,66.28
2025-01-16 04:59:00,1.502,1.503,1.501,1.502,164.97
2025-01-16 05:00:00,1.502,1.502,1.501,1.502,132.61
2025-01-16 05:01:00,1.5,1.501,1.499,1.499,305.78
2025-01-16 05:02:00,1.499,1.499,1.499,1.499,66.58
2025-01-16 05:03:00,1.5,1.5,1.499,1.499,164.74
2025-01-16 05:04:00,1.5,1.5,1.499,1.499,63.19
2025-01-16 05:05:00,1.5,1.5,1.498,1.499,426.77
2025-01-16 05:06:00,1.5,1.5,1.497,1.497,402.93
2025-01-16 05:07:00,1.497,1.497,1.496,1.496,381.08
2025-01-16 05:08:00,1.496,1.497,1.496,1.496,331.56
2025-01-16 05:09:00,1.496,1.496,1.496,1.496,224.58
2025-01-16 05:10:00,1.499,1.499,1.496,1.496,551.42
2025-01-16 05:11:00,1.495,1.495,1.495,1.495,85.08
2025-01-16 05:12:00,1.495,1.495,1.495,1.495,64.78
2025-01-16 05:13:00,1.494,1.494,1.494,1.494,63.2
2025-01-16 05:14:00,1.494,1.495,1.494,1.494,150.29
2025-01-16 05:15:00,1.494,1.494,1.492,1.492,73.23
2025-01-16 05:16:00,1.493,1.494,1.493,1.494,155.47
2025-01-16 05:17:00,1.494,1.494,1.493,1.493,173.7
2025-01-16 05:18:00,1.492,1.493,1.491,1.492,90.4
2025-01-16 05:19:00,1.492,1.495,1.492,1.495,487.48
2025-01-16 05:20:00,1.495,1.495,1.494,1.495,79.51
2025-01-16 05:21:00,1.496,1.496,1.495,1.495,44.53
2025-01-16 05:22:00,1.495,1.496,1.495,1.495,112.92
2025-01-16 05:23:00,1.496,1.498,1.496,1.497,143.15
2025-01-16 05:24:00,1.497,1.497,1.497,1.497,115.91
2025-01-16 05:25:00,1.497,1.498,1.497,1.498,23.71
2025-01-16 05:26:00,1.498,1.498,1.497,1.498,391.69
2025-01-16 05:27:00,1.498,1.498,1.498,1.498,63.99
2025-01-16 05:28:00,1.498,1.498,1.498,1.498,35.86
2025-01-16 05:29:00,1.498,1.5,1.498,1.5,245.47
2025-01-16 05:30:00,1.499,1.501,1.499,1.501,1636.98
2025-01-16 05:31:00,1.5,1.502,1.5,1.5,404.05
2025-01-16 05:32:00,1.5,1.5,1.5,1.5,118.79
2025-01-16 05:33:00,1.499,1.501,1.499,1.501,75.75
2025-01-16 05:34:00,1.502,1.503,1.502,1.503,250.67
2025-01-16 05:35:00,1.502,1.502,1.5,1.5,548.76
2025-01-16 05:36:00,1.501,1.501,1.5,1.5,219.8
2025-01-16 05:37:00,1.501,1.503,1.501,1.502,207.48
2025-01-16 05:38:00,1.502,1.502,1.501,1.501,55.64
2025-01-16 05:39:00,1.5,1.502,1.5,1.501,101.84
2025-01-16 05:40:00,1.501,1.503,1.5,1.501,482.13
2025-01-16 05:41:00,1.501,1.502,1.501,1.502,182.99
2025-01-16 05:42:00,1.502,1.502,1.5,1.5,172.45
2025-01-16 05:43:00,1.501,1.502,1.5,1.501,129.01
2025-01-16 05:44:00,1.502,1.503,1.501,1.502,339.94
2025-01-16 05:45:00,1.503,1.503,1.502,1.502,104.78
2025-01-16 05:46:00,1.502,1.503,1.501,1.502,126.48
2025-01-16 05:47:00,1.502,1.505,1.502,1.505,244.93
2025-01-16 05:48:00,1.503,1.503,1.503,1.503,68.3
2025-01-16 05:49:00,1.503,1.504,1.503,1.503,84.89
2025-01-16 05:50:00,1.502,1.504,1.501,1.502,398.5
2025-01-16 05:51:00,1.502,1.503,1.501,1.502,463.84
2025-01-16 05:52:00,1.503,1.503,1.501,1.502,90.84
2025-01-16 05:53:00,1.502,1.502,1.5,1.5,86.07
2025-01-16 05:54:00,1.501,1.501,1.5,1.5,65.57
2025-01-16 05:55:00,1.5,1.5,1.5,1.5,75.85
2025-01-16 05:56:00,1.498,1.5,1.498,1.499,226.03
2025-01-16 05:57:00,1.5,1.5,1.499,1.5,438.5
2025-01-16 05:58:00,1.5,1.5,1.499,1.499,94.99
2025-01-16 05:59:00,1.499,1.5,1.499,1.499,379.26
2025-01-16 06:00:00,1.5,1.501,1.499,1.499,3737.86
2025-01-16 06:01:00,1.499,1.499,1.498,1.498,451.55
2025-01-16 06:02:00,1.496,1.499,1.496,1.499,382.79
2025-01-16 06:03:00,1.499,1.501,1.499,1.5,1160.69
2025-01-16 06:04:00,1.5,1.501,1.5,1.5,344.85
2025-01-16 06:05:00,1.501,1.503,1.501,1.502,1664.54
2025-01-16 06:06:00,1.502,1.503,1.502,1.502,401.0
2025-01-16 06:07:00,1.502,1.503,1.502,1.503,50.79
2025-01-16 06:08:00,1.504,1.504,1.503,1.503,1523.82
2025-01-16 06:09:00,1.502,1.502,1.501,1.501,82.91
2025-01-16 06:10:00,1.501,1.502,1.5,1.502,690.2
2025-01-16 06:11:00,1.501,1.502,1.501,1.502,517.95
2025-01-16 06:12:00,1.501,1.503,1.5,1.501,720.44
2025-01-16 06:13:00,1.501,1.501,1.501,1.501,89.85
2025-01-16 06:14:00,1.502,1.502,1.501,1.502,55.78
2025-01-16 06:15:00,1.503,1.503,1.502,1.503,296.11
2025-01-16 06:16:00,1.502,1.502,1.5,1.5,278.86
2025-01-16 06:17:00,1.5,1.502,1.5,1.502,333.41
2025-01-16 06:18:00,1.501,1.502,1.5,1.5,130.95
2025-01-16 06:19:00,1.5,1.5,1.499,1.5,375.12
2025-01-16 06:20:00,1.5,1.501,1.499,1.5,140.77
2025-01-16 06:21:00,1.501,1.501,1.501,1.501,131.13
2025-01-16 06:22:00,1.501,1.503,1.501,1.503,178.44
2025-01-16 06:23:00,1.502,1.503,1.502,1.503,62.78
2025-01-16 06:24:00,1.502,1.504,1.502,1.504,100.49
2025-01-16 06:25:00,1.503,1.504,1.502,1.504,426.86
2025-01-16 06:26:00,1.503,1.506,1.503,1.506,80.9
2025-01-16 06:27:00,1.506,1.506,1.505,1.505,1263.15
2025-01-16 06:28:00,1.505,1.511,1.505,1.509,4649.91
2025-01-16 06:29:00,1.509,1.511,1.508,1.509,1371.73
2025-01-16 06:30:00,1.509,1.512,1.505,1.507,19379.91
2025-01-16 06:31:00,1.507,1.508,1.506,1.508,3105.35
2025-01-16 06:32:00,1.508,1.508,1.506,1.507,171.13
2025-01-16 06:33:00,1.506,1.506,1.506,1.506,540.4
2025-01-16 06:34:00,1.506,1.506,1.506,1.506,362.15
2025-01-16 06:35:00,1.505,1.505,1.504,1.505,604.55
2025-01-16 06:36:00,1.505,1.505,1.504,1.504,511.79
2025-01-16 06:37:00,1.505,1.505,1.504,1.504,251.42
2025-01-16 06:38:00,1.505,1.505,1.503,1.503,1471.13
2025-01-16 06:39:00,1.504,1.507,1.504,1.506,1172.3
2025-01-16 06:40:00,1.506,1.506,1.504,1.504,1215.56
2025-01-16 06:41:00,1.506,1.506,1.504,1.505,465.1
2025-01-16 06:42:00,1.505,1.506,1.505,1.505,104.53
2025-01-16 06:43:00,1.505,1.505,1.504,1.505,73.39
2025-01-16 06:44:00,1.505,1.505,1.503,1.505,516.29
2025-01-16 06:45:00,1.505,1.505,1.501,1.501,766.7
2025-01-16 06:46:00,1.501,1.502,1.501,1.501,566.75
2025-01-16 06:47:00,1.503,1.503,1.5,1.502,1757.04
2025-01-16 06:48:00,1.502,1.503,1.502,1.502,72.0
2025-01-16 06:49:00,1.502,1.503,1.501,1.501,2006.78
2025-01-16 06:50:00,1.501,1.502,1.5,1.502,133.76
2025-01-16 06:51:00,1.502,1.503,1.502,1.503,110.96
2025-01-16 06:52:00,1.503,1.503,1.502,1.503,625.1
2025-01-16 06:53:00,1.502,1.503,1.501,1.503,893.96
2025-01-16 06:54:00,1.504,1.504,1.502,1.502,304.05
2025-01-16 06:55:00,1.502,1.502,1.501,1.502,78.6
2025-01-16 06:56:00,1.502,1.503,1.502,1.502,76.54
2025-01-16 06:57:00,1.503,1.503,1.502,1.503,87.09
2025-01-16 06:58:00,1.503,1.503,1.503,1.503,76.91
2025-01-16 06:59:00,1.504,1.504,1.503,1.504,614.22
2025-01-16 07:00:00,1.503,1.504,1.502,1.502,903.17
2025-01-16 07:01:00,1.501,1.501,1.501,1.501,555.86
2025-01-16 07:02:00,1.502,1.511,1.502,1.509,70465.44
2025-01-16 07:03:00,1.509,1.51,1.508,1.508,1843.29
2025-01-16 07:04:00,1.509,1.51,1.508,1.508,2523.05
2025-01-16 07:05:00,1.508,1.509,1.508,1.508,664.72
2025-01-16 07:06:00,1.508,1.508,1.506,1.506,383.68
2025-01-16 07:07:00,1.507,1.507,1.505,1.505,422.6
2025-01-16 07:08:00,1.505,1.505,1.504,1.505,582.09
2025-01-16 07:09:00,1.505,1.506,1.505,1.506,875.92
2025-01-16 07:10:00,1.506,1.507,1.505,1.505,707.19
2025-01-16 07:11:00,1.506,1.506,1.504,1.504,349.86
2025-01-16 07:12:00,1.505,1.506,1.505,1.506,707.65
2025-01-16 07:13:00,1.507,1.508,1.507,1.507,1244.8
2025-01-16 07:14:00,1.507,1.509,1.506,1.507,2076.73
2025-01-16 07:15:00,1.507,1.508,1.507,1.507,849.12
2025-01-16 07:16:00,1.507,1.508,1.507,1.508,680.6
2025-01-16 07:17:00,1.507,1.507,1.506,1.506,116.78
2025-01-16 07:18:00,1.506,1.506,1.505,1.505,421.55
2025-01-16 07:19:00,1.506,1.506,1.503,1.504,997.29
2025-01-16 07:20:00,1.505,1.506,1.505,1.506,842.32
2025-01-16 07:21:00,1.506,1.506,1.505,1.505,743.97
2025-01-16 07:22:00,1.506,1.506,1.505,1.505,1245.5
2025-01-16 07:23:00,1.505,1.507,1.505,1.506,256.85
2025-01-16 07:24:00,1.507,1.507,1.505,1.506,1159.03
2025-01-16 07:25:00,1.506,1.506,1.504,1.504,1012.03
2025-01-16 07:26:00,1.504,1.504,1.503,1.503,98.84
2025-01-16 07:27:00,1.504,1.504,1.503,1.504,79.11
2025-01-16 07:28:00,1.504,1.504,1.503,1.503,1074.32
2025-01-16 07:29:00,1.503,1.506,1.503,1.506,361.59
2025-01-16 07:30:00,1.506,1.507,1.506,1.507,410.42
2025-01-16 07:31:00,1.507,1.507,1.505,1.505,1280.44
2025-01-16 07:32:00,1.504,1.504,1.504,1.504,289.93
2025-01-16 07:33:00,1.504,1.507,1.504,1.506,107.53
2025-01-16 07:34:00,1.506,1.508,1.506,1.508,129.48
2025-01-16 07:35:00,1.508,1.508,1.507,1.507,876.41
2025-01-16 07:36:00,1.506,1.506,1.505,1.505,53.94
2025-01-16 07:37:00,1.505,1.507,1.505,1.507,206.88
2025-01-16 07:38:00,1.506,1.506,1.506,1.506,957.2
2025-01-16 07:39:00,1.506,1.507,1.506,1.507,66.39
2025-01-16 07:40:00,1.507,1.507,1.506,1.506,308.67
2025-01-16 07:41:00,1.506,1.506,1.506,1.506,111.76
2025-01-16 07:42:00,1.506,1.506,1.505,1.506,637.52
2025-01-16 07:43:00,1.507,1.508,1.506,1.506,1173.41
2025-01-16 07:44:00,1.505,1.507,1.505,1.506,284.21
2025-01-16 07:45:00,1.507,1.507,1.505,1.505,162.33
2025-01-16 07:46:00,1.505,1.505,1.504,1.504,156.74
2025-01-16 07:47:00,1.505,1.505,1.504,1.505,215.35
2025-01-16 07:48:00,1.506,1.507,1.503,1.503,268.8
2025-01-16 07:49:00,1.503,1.504,1.503,1.503,80.46
2025-01-16 07:50:00,1.504,1.504,1.504,1.504,84.63
2025-01-16 07:51:00,1.504,1.504,1.502,1.502,63.14
2025-01-16 07:52:00,1.502,1.503,1.502,1.502,82.55
2025-01-16 07:53:00,1.502,1.504,1.502,1.503,101.29
2025-01-16 07:54:00,1.504,1.504,1.503,1.504,57.8
2025-01-16 07:55:00,1.504,1.505,1.504,1.505,611.93
2025-01-16 07:56:00,1.506,1.506,1.505,1.505,18.04
2025-01-16 07:57:00,1.505,1.505,1.504,1.504,118.04
2025-01-16 07:58:00,1.505,1.506,1.505,1.506,177.97
2025-01-16 07:59:00,1.506,1.508,1.506,1.506,343.94
2025-01-16 08:00:00,1.506,1.507,1.505,1.506,1129.22
2025-01-16 08:01:00,1.507,1.51,1.507,1.507,4418.69
2025-01-16 08:02:00,1.507,1.507,1.506,1.506,647.25
2025-01-16 08:03:00,1.506,1.506,1.506,1.506,14.42
2025-01-16 08:04:00,1.505,1.506,1.505,1.506,80.36
2025-01-16 08:05:00,1.507,1.507,1.506,1.506,103.93
2025-01-16 08:06:00,1.506,1.506,1.506,1.506,89.61
2025-01-16 08:07:00,1.506,1.506,1.505,1.505,66.44
2025-01-16 08:08:00,1.506,1.506,1.505,1.505,149.53
2025-01-16 08:09:00,1.505,1.505,1.505,1.505,64.79
2025-01-16 08:10:00,1.505,1.505,1.504,1.504,96.16
2025-01-16 08:11:00,1.504,1.504,1.504,1.504,67.04
2025-01-16 08:12:00,1.503,1.505,1.503,1.504,676.96
2025-01-16 08:13:00,1.504,1.504,1.502,1.502,87.31
2025-01-16 08:14:00,1.502,1.502,1.502,1.502,135.81
2025-01-16 08:15:00,1.503,1.503,1.503,1.503,753.56
2025-01-16 08:16:00,1.503,1.504,1.502,1.504,108.54
2025-01-16 08:17:00,1.502,1.502,1.5,1.5,943.44
2025-01-16 08:18:00,1.5,1.5,1.5,1.5,101.11
2025-01-16 08:19:00,1.499,1.499,1.497,1.498,2287.28
2025-01-16 08:20:00,1.496,1.497,1.495,1.496,903.69
2025-01-16 08:21:00,1.495,1.498,1.494,1.497,4440.22
2025-01-16 08:22:00,1.497,1.497,1.494,1.494,1017.02
2025-01-16 08:23:00,1.494,1.495,1.494,1.494,644.0
2025-01-16 08:24:00,1.493,1.494,1.493,1.494,77.46
2025-01-16 08:25:00,1.495,1.498,1.495,1.498,1255.76
2025-01-16 08:26:00,1.498,1.498,1.498,1.498,96.14
2025-01-16 08:27:00,1.498,1.498,1.495,1.498,10559.33
2025-01-16 08:28:00,1.497,1.497,1.496,1.496,120.91
2025-01-16 08:29:00,1.496,1.496,1.496,1.496,66.58
2025-01-16 08:30:00,1.496,1.497,1.495,1.495,269.77
2025-01-16 08:31:00,1.496,1.496,1.494,1.494,94.62
2025-01-16 08:32:00,1.494,1.494,1.491,1.492,1299.39
2025-01-16 08:33:00,1.492,1.492,1.49,1.49,448.15
2025-01-16 08:34:00,1.49,1.492,1.49,1.491,198.27
2025-01-16 08:35:00,1.491,1.492,1.49,1.492,139.03
2025-01-16 08:36:00,1.49,1.491,1.49,1.491,459.38
2025-01-16 08:37:00,1.493,1.493,1.491,1.491,60.27
2025-01-16 08:38:00,1.491,1.492,1.49,1.491,173.51
2025-01-16 08:39:00,1.491,1.495,1.491,1.495,458.08
2025-01-16 08:40:00,1.494,1.494,1.49,1.49,408.84
2025-01-16 08:41:00,1.49,1.49,1.487,1.488,2627.32
2025-01-16 08:42:00,1.489,1.489,1.487,1.487,645.14
2025-01-16 08:43:00,1.487,1.487,1.486,1.487,1405.79
2025-01-16 08:44:00,1.487,1.491,1.486,1.486,1548.05
2025-01-16 08:45:00,1.487,1.488,1.486,1.486,1646.58
2025-01-16 08:46:00,1.487,1.488,1.486,1.488,608.54
2025-01-16 08:47:00,1.489,1.489,1.481,1.484,4094.55
2025-01-16 08:48:00,1.483,1.483,1.481,1.481,2371.79
2025-01-16 08:49:00,1.481,1.481,1.478,1.478,2019.58
2025-01-16 08:50:00,1.479,1.482,1.477,1.477,2548.3
2025-01-16 08:51:00,1.477,1.479,1.475,1.478,12365.41
2025-01-16 08:52:00,1.477,1.477,1.475,1.475,568.3
2025-01-16 08:53:00,1.476,1.485,1.476,1.483,21198.76
2025-01-16 08:54:00,1.483,1.483,1.48,1.48,1011.49
2025-01-16 08:55:00,1.481,1.485,1.48,1.484,984.66
2025-01-16 08:56:00,1.486,1.487,1.486,1.487,333.25
2025-01-16 08:57:00,1.489,1.489,1.486,1.487,81.01
2025-01-16 08:58:00,1.485,1.485,1.484,1.485,80.03
2025-01-16 08:59:00,1.486,1.486,1.484,1.485,152.26
2025-01-16 09:00:00,1.485,1.486,1.483,1.483,190.9
2025-01-16 09:01:00,1.484,1.487,1.484,1.484,364.09
2025-01-16 09:02:00,1.484,1.484,1.481,1.481,835.71
2025-01-16 09:03:00,1.48,1.481,1.478,1.479,1249.1
2025-01-16 09:04:00,1.477,1.477,1.476,1.477,1120.39
2025-01-16 09:05:00,1.479,1.481,1.478,1.478,760.95
2025-01-16 09:06:00,1.477,1.478,1.476,1.476,245.2
2025-01-16 09:07:00,1.477,1.477,1.474,1.474,56.1
2025-01-16 09:08:00,1.475,1.48,1.475,1.48,707.91
2025-01-16 09:09:00,1.481,1.481,1.481,1.481,207.37
2025-01-16 09:10:00,1.481,1.483,1.48,1.48,538.74
2025-01-16 09:11:00,1.482,1.482,1.48,1.48,73.51
2025-01-16 09:12:00,1.482,1.483,1.481,1.482,476.48
2025-01-16 09:13:00,1.481,1.482,1.481,1.482,84.36
2025-01-16 09:14:00,1.481,1.483,1.481,1.481,195.76
2025-01-16 09:15:00,1.482,1.483,1.482,1.483,57.78
2025-01-16 09:16:00,1.483,1.483,1.481,1.483,183.82
2025-01-16 09:17:00,1.482,1.484,1.481,1.484,169.93
2025-01-16 09:18:00,1.481,1.481,1.481,1.481,80.43
2025-01-16 09:19:00,1.481,1.481,1.481,1.481,83.48
2025-01-16 09:20:00,1.482,1.482,1.478,1.479,1260.74
2025-01-16 09:21:00,1.479,1.479,1.478,1.478,55.6
2025-01-16 09:22:00,1.477,1.479,1.477,1.477,885.07
2025-01-16 09:23:00,1.477,1.478,1.477,1.478,1285.48
2025-01-16 09:24:00,1.479,1.48,1.478,1.48,227.9
2025-01-16 09:25:00,1.481,1.481,1.48,1.48,287.39
2025-01-16 09:26:00,1.481,1.481,1.48,1.481,405.26
2025-01-16 09:27:00,1.482,1.484,1.482,1.484,909.76
2025-01-16 09:28:00,1.483,1.483,1.482,1.482,149.28
2025-01-16 09:29:00,1.481,1.483,1.481,1.481,79.61
2025-01-16 09:30:00,1.481,1.481,1.479,1.48,138.12
2025-01-16 09:31:00,1.479,1.48,1.477,1.478,246.91
2025-01-16 09:32:00,1.476,1.476,1.476,1.476,14.7
2025-01-16 09:33:00,1.477,1.479,1.477,1.477,872.07
2025-01-16 09:34:00,1.477,1.478,1.477,1.478,367.21
2025-01-16 09:35:00,1.479,1.48,1.478,1.48,760.05
2025-01-16 09:36:00,1.48,1.483,1.479,1.483,1207.42
2025-01-16 09:37:00,1.482,1.484,1.482,1.483,505.45
2025-01-16 09:38:00,1.484,1.484,1.482,1.482,280.84
2025-01-16 09:39:00,1.484,1.484,1.483,1.484,247.46
2025-01-16 09:40:00,1.483,1.483,1.482,1.483,131.76
2025-01-16 09:41:00,1.481,1.482,1.481,1.482,469.23
2025-01-16 09:42:00,1.481,1.481,1.479,1.479,515.92
2025-01-16 09:43:00,1.48,1.482,1.479,1.481,748.39
2025-01-16 09:44:00,1.481,1.481,1.48,1.48,109.12
2025-01-16 09:45:00,1.481,1.483,1.481,1.483,207.66
2025-01-16 09:46:00,1.483,1.487,1.482,1.487,544.73
2025-01-16 09:47:00,1.487,1.487,1.486,1.486,317.6
2025-01-16 09:48:00,1.486,1.488,1.486,1.487,321.48
2025-01-16 09:49:00,1.488,1.49,1.487,1.49,287.08
2025-01-16 09:50:00,1.489,1.49,1.488,1.488,108.33
2025-01-16 09:51:00,1.489,1.491,1.488,1.488,233.25
2025-01-16 09:52:00,1.489,1.49,1.488,1.489,531.65
2025-01-16 09:53:00,1.489,1.491,1.489,1.489,93.94
2025-01-16 09:54:00,1.489,1.49,1.489,1.489,169.23
2025-01-16 09:55:00,1.488,1.489,1.487,1.487,1061.95
2025-01-16 09:56:00,1.488,1.488,1.487,1.487,198.75
2025-01-16 09:57:00,1.488,1.488,1.486,1.487,181.6
2025-01-16 09:58:00,1.487,1.488,1.487,1.487,82.75
2025-01-16 09:59:00,1.487,1.487,1.487,1.487,29.12
2025-01-16 10:00:00,1.487,1.489,1.487,1.487,781.51
2025-01-16 10:01:00,1.486,1.486,1.485,1.485,81.66
2025-01-16 10:02:00,1.485,1.485,1.482,1.482,595.53
2025-01-16 10:03:00,1.484,1.484,1.481,1.481,274.61
2025-01-16 10:04:00,1.482,1.483,1.482,1.482,284.7
2025-01-16 10:05:00,1.482,1.482,1.482,1.482,306.9
2025-01-16 10:06:00,1.481,1.482,1.481,1.481,179.36
2025-01-16 10:07:00,1.481,1.481,1.48,1.481,1231.83
2025-01-16 10:08:00,1.482,1.482,1.482,1.482,79.49
2025-01-16 10:09:00,1.482,1.486,1.482,1.485,1261.85
2025-01-16 10:10:00,1.483,1.484,1.482,1.482,176.54
2025-01-16 10:11:00,1.484,1.485,1.483,1.483,212.53
2025-01-16 10:12:00,1.482,1.483,1.481,1.481,198.99
2025-01-16 10:13:00,1.482,1.483,1.482,1.483,2197.69
2025-01-16 10:14:00,1.483,1.484,1.482,1.483,831.3
2025-01-16 10:15:00,1.483,1.483,1.483,1.483,66.46
2025-01-16 10:16:00,1.484,1.484,1.483,1.483,332.58
2025-01-16 10:17:00,1.483,1.483,1.481,1.481,399.0
2025-01-16 10:18:00,1.48,1.48,1.479,1.48,856.62
2025-01-16 10:19:00,1.481,1.483,1.48,1.483,1111.62
2025-01-16 10:20:00,1.482,1.483,1.48,1.482,697.31
2025-01-16 10:21:00,1.481,1.482,1.481,1.481,158.98
2025-01-16 10:22:00,1.481,1.482,1.48,1.482,524.5
2025-01-16 10:23:00,1.482,1.483,1.481,1.482,2174.34
2025-01-16 10:24:00,1.482,1.482,1.482,1.482,128.07
2025-01-16 10:25:00,1.481,1.483,1.481,1.482,150.85
2025-01-16 10:26:00,1.482,1.485,1.482,1.484,1492.98
2025-01-16 10:27:00,1.483,1.485,1.483,1.483,169.63
2025-01-16 10:28:00,1.484,1.485,1.483,1.485,1385.63
2025-01-16 10:29:00,1.484,1.484,1.483,1.483,332.37
2025-01-16 10:30:00,1.483,1.484,1.483,1.484,350.44
2025-01-16 10:31:00,1.485,1.486,1.485,1.485,152.01
2025-01-16 10:32:00,1.485,1.485,1.484,1.485,664.92
2025-01-16 10:33:00,1.484,1.484,1.483,1.483,29.13
2025-01-16 10:34:00,1.484,1.486,1.484,1.486,358.17
2025-01-16 10:35:00,1.485,1.485,1.485,1.485,574.19
2025-01-16 10:36:00,1.485,1.486,1.484,1.486,445.58
2025-01-16 10:37:00,1.485,1.486,1.485,1.486,614.57
2025-01-16 10:38:00,1.485,1.487,1.485,1.485,1517.41
2025-01-16 10:39:00,1.485,1.487,1.485,1.487,338.81
2025-01-16 10:40:00,1.485,1.485,1.483,1.483,111.73
2025-01-16 10:41:00,1.483,1.484,1.483,1.484,626.59
2025-01-16 10:42:00,1.483,1.483,1.483,1.483,90.26
2025-01-16 10:43:00,1.483,1.483,1.483,1.483,49.68
2025-01-16 10:44:00,1.482,1.483,1.481,1.482,483.69
2025-01-16 10:45:00,1.483,1.483,1.479,1.479,3319.33
2025-01-16 10:46:00,1.478,1.481,1.478,1.481,128.59
2025-01-16 10:47:00,1.482,1.482,1.48,1.481,138.38
2025-01-16 10:48:00,1.482,1.482,1.481,1.481,102.16
2025-01-16 10:49:00,1.481,1.482,1.481,1.481,91.94
2025-01-16 10:50:00,1.482,1.483,1.482,1.483,74.14
2025-01-16 10:51:00,1.483,1.483,1.482,1.483,218.88
2025-01-16 10:52:00,1.484,1.484,1.483,1.483,112.29
2025-01-16 10:53:00,1.484,1.485,1.484,1.485,80.37
2025-01-16 10:54:00,1.484,1.485,1.484,1.485,192.93
2025-01-16 10:55:00,1.485,1.485,1.484,1.484,79.93
2025-01-16 10:56:00,1.485,1.485,1.484,1.485,80.07
2025-01-16 10:57:00,1.485,1.485,1.484,1.484,88.51
2025-01-16 10:58:00,1.485,1.485,1.483,1.485,161.7
2025-01-16 10:59:00,1.485,1.485,1.484,1.484,69.54
2025-01-16 11:00:00,1.484,1.485,1.482,1.482,512.63
2025-01-16 11:01:00,1.481,1.484,1.481,1.484,384.57
2025-01-16 11:02:00,1.484,1.485,1.483,1.483,3219.34
2025-01-16 11:03:00,1.483,1.484,1.483,1.484,120.63
2025-01-16 11:04:00,1.484,1.484,1.482,1.484,307.39
2025-01-16 11:05:00,1.483,1.483,1.48,1.48,72.23
2025-01-16 11:06:00,1.481,1.481,1.478,1.478,1141.41
2025-01-16 11:07:00,1.478,1.479,1.477,1.478,284.81
2025-01-16 11:08:00,1.477,1.477,1.476,1.477,293.42
2025-01-16 11:09:00,1.476,1.484,1.476,1.484,9013.01
2025-01-16 11:10:00,1.486,1.488,1.486,1.488,1256.85
2025-01-16 11:11:00,1.488,1.489,1.488,1.488,1179.84
2025-01-16 11:12:00,1.488,1.494,1.487,1.493,3904.61
2025-01-16 11:13:00,1.494,1.496,1.493,1.495,1055.74
2025-01-16 11:14:00,1.494,1.495,1.491,1.491,1484.93
2025-01-16 11:15:00,1.493,1.493,1.487,1.488,1407.44
2025-01-16 11:16:00,1.486,1.486,1.482,1.484,5520.51
2025-01-16 11:17:00,1.483,1.484,1.48,1.48,1087.59
2025-01-16 11:18:00,1.482,1.483,1.48,1.48,594.44
2025-01-16 11:19:00,1.48,1.48,1.478,1.479,689.69
2025-01-16 11:20:00,1.479,1.484,1.479,1.484,153.21
2025-01-16 11:21:00,1.481,1.485,1.481,1.485,784.88
2025-01-16 11:22:00,1.484,1.487,1.484,1.485,427.3
2025-01-16 11:23:00,1.485,1.486,1.484,1.484,459.77
2025-01-16 11:24:00,1.485,1.485,1.482,1.483,4534.69
2025-01-16 11:25:00,1.482,1.482,1.481,1.482,1319.74
2025-01-16 11:26:00,1.482,1.485,1.481,1.485,524.91
2025-01-16 11:27:00,1.485,1.487,1.485,1.486,502.55
2025-01-16 11:28:00,1.486,1.487,1.486,1.486,212.16
2025-01-16 11:29:00,1.484,1.484,1.484,1.484,346.34
2025-01-16 11:30:00,1.483,1.485,1.483,1.485,613.82
2025-01-16 11:31:00,1.484,1.487,1.484,1.486,131.29
2025-01-16 11:32:00,1.484,1.488,1.484,1.488,541.19
2025-01-16 11:33:00,1.488,1.491,1.487,1.487,1707.71
2025-01-16 11:34:00,1.488,1.488,1.488,1.488,309.1
2025-01-16 11:35:00,1.487,1.487,1.485,1.486,487.4
2025-01-16 11:36:00,1.485,1.485,1.484,1.485,504.3
2025-01-16 11:37:00,1.483,1.484,1.482,1.484,507.63
2025-01-16 11:38:00,1.482,1.483,1.482,1.483,100.12
2025-01-16 11:39:00,1.482,1.485,1.482,1.483,608.15
2025-01-16 11:40:00,1.483,1.486,1.483,1.485,916.21
2025-01-16 11:41:00,1.486,1.486,1.484,1.484,5204.33
2025-01-16 11:42:00,1.484,1.487,1.484,1.486,2063.3
2025-01-16 11:43:00,1.488,1.49,1.488,1.49,2130.2
2025-01-16 11:44:00,1.49,1.491,1.487,1.488,2468.94
2025-01-16 11:45:00,1.487,1.488,1.487,1.487,1476.52
2025-01-16 11:46:00,1.486,1.487,1.485,1.487,984.0
2025-01-16 11:47:00,1.486,1.489,1.486,1.489,735.69
2025-01-16 11:48:00,1.489,1.49,1.487,1.487,520.2
2025-01-16 11:49:00,1.488,1.49,1.488,1.489,341.99
2025-01-16 11:50:00,1.49,1.493,1.49,1.493,1418.51
2025-01-16 11:51:00,1.492,1.493,1.491,1.491,368.83
2025-01-16 11:52:00,1.492,1.494,1.492,1.492,624.84
2025-01-16 11:53:00,1.493,1.494,1.492,1.492,1434.06
2025-01-16 11:54:00,1.492,1.495,1.492,1.495,1160.87
2025-01-16 11:55:00,1.494,1.495,1.494,1.495,187.86
2025-01-16 11:56:00,1.496,1.496,1.494,1.495,322.13
2025-01-16 11:57:00,1.496,1.496,1.494,1.495,449.72
2025-01-16 11:58:00,1.495,1.497,1.495,1.497,329.09
2025-01-16 11:59:00,1.497,1.497,1.495,1.495,441.48
2025-01-16 12:00:00,1.495,1.496,1.494,1.496,1487.93
2025-01-16 12:01:00,1.495,1.495,1.491,1.495,2197.28
2025-01-16 12:02:00,1.493,1.493,1.491,1.492,338.86
2025-01-16 12:03:00,1.489,1.49,1.489,1.49,144.32
2025-01-16 12:04:00,1.494,1.494,1.491,1.491,871.51
2025-01-16 12:05:00,1.49,1.492,1.487,1.492,3676.13
2025-01-16 12:06:00,1.491,1.492,1.49,1.49,723.72
2025-01-16 12:07:00,1.49,1.493,1.49,1.492,614.35
2025-01-16 12:08:00,1.494,1.494,1.494,1.494,114.41
2025-01-16 12:09:00,1.493,1.495,1.493,1.495,69.94
2025-01-16 12:10:00,1.494,1.494,1.492,1.492,557.0
2025-01-16 12:11:00,1.492,1.497,1.492,1.497,262.39
2025-01-16 12:12:00,1.497,1.501,1.495,1.501,3085.45
2025-01-16 12:13:00,1.5,1.501,1.5,1.501,1311.28
2025-01-16 12:14:00,1.5,1.502,1.5,1.502,205.65
2025-01-16 12:15:00,1.502,1.505,1.502,1.502,1809.32
2025-01-16 12:16:00,1.501,1.503,1.501,1.503,67.61
2025-01-16 12:17:00,1.503,1.503,1.501,1.501,309.99
2025-01-16 12:18:00,1.501,1.501,1.5,1.501,375.69
2025-01-16 12:19:00,1.501,1.504,1.5,1.502,372.5
2025-01-16 12:20:00,1.505,1.507,1.504,1.507,479.03
2025-01-16 12:21:00,1.507,1.507,1.506,1.506,135.1
2025-01-16 12:22:00,1.506,1.509,1.506,1.509,145.36
2025-01-16 12:23:00,1.509,1.512,1.509,1.511,3023.86
2025-01-16 12:24:00,1.51,1.511,1.51,1.511,592.69
2025-01-16 12:25:00,1.51,1.51,1.508,1.508,758.59
2025-01-16 12:26:00,1.507,1.509,1.507,1.509,573.46
2025-01-16 12:27:00,1.508,1.509,1.505,1.505,890.66
2025-01-16 12:28:00,1.503,1.506,1.503,1.505,586.12
2025-01-16 12:29:00,1.504,1.505,1.502,1.505,2018.7
2025-01-16 12:30:00,1.506,1.51,1.506,1.51,2428.52
2025-01-16 12:31:00,1.51,1.513,1.51,1.511,746.73
2025-01-16 12:32:00,1.51,1.512,1.51,1.511,136.3
2025-01-16 12:33:00,1.511,1.512,1.509,1.509,93.78
2025-01-16 12:34:00,1.512,1.517,1.512,1.515,2415.48
2025-01-16 12:35:00,1.514,1.517,1.514,1.517,1140.36
2025-01-16 12:36:00,1.516,1.519,1.516,1.519,3830.51
2025-01-16 12:37:00,1.519,1.519,1.518,1.518,1871.57
2025-01-16 12:38:00,1.518,1.519,1.518,1.519,254.43
2025-01-16 12:39:00,1.517,1.52,1.517,1.52,3776.87
2025-01-16 12:40:00,1.519,1.519,1.519,1.519,342.79
2025-01-16 12:41:00,1.518,1.518,1.517,1.518,274.74
2025-01-16 12:42:00,1.52,1.52,1.516,1.518,918.64
2025-01-16 12:43:00,1.517,1.517,1.515,1.515,661.1
2025-01-16 12:44:00,1.515,1.517,1.515,1.517,266.06
2025-01-16 12:45:00,1.517,1.517,1.516,1.517,387.42
2025-01-16 12:46:00,1.515,1.518,1.515,1.518,1423.45
2025-01-16 12:47:00,1.519,1.521,1.519,1.519,3214.02
2025-01-16 12:48:00,1.52,1.522,1.52,1.521,1736.79
2025-01-16 12:49:00,1.521,1.521,1.516,1.516,365.67
2025-01-16 12:50:00,1.517,1.519,1.517,1.519,1301.61
2025-01-16 12:51:00,1.519,1.52,1.518,1.519,514.23
2025-01-16 12:52:00,1.518,1.522,1.517,1.522,567.7
2025-01-16 12:53:00,1.523,1.524,1.522,1.522,779.62
2025-01-16 12:54:00,1.524,1.524,1.523,1.524,91.19
2025-01-16 12:55:00,1.525,1.525,1.522,1.522,2708.7
2025-01-16 12:56:00,1.522,1.524,1.521,1.521,376.08
2025-01-16 12:57:00,1.521,1.522,1.52,1.522,357.79
2025-01-16 12:58:00,1.523,1.526,1.523,1.524,1489.48
2025-01-16 12:59:00,1.525,1.525,1.523,1.523,1356.84
2025-01-16 13:00:00,1.525,1.525,1.523,1.525,280.38
2025-01-16 13:01:00,1.522,1.525,1.522,1.525,67.37
2025-01-16 13:02:00,1.523,1.526,1.523,1.526,376.68
2025-01-16 13:03:00,1.526,1.528,1.526,1.528,131.32
2025-01-16 13:04:00,1.525,1.526,1.518,1.518,3230.22
2025-01-16 13:05:00,1.516,1.518,1.514,1.515,2478.85
2025-01-16 13:06:00,1.515,1.516,1.515,1.515,148.83
2025-01-16 13:07:00,1.513,1.516,1.508,1.508,2333.52
2025-01-16 13:08:00,1.507,1.511,1.506,1.509,6774.13
2025-01-16 13:09:00,1.508,1.508,1.507,1.507,97.84
2025-01-16 13:10:00,1.507,1.508,1.506,1.507,503.24
2025-01-16 13:11:00,1.51,1.511,1.505,1.506,1068.21
2025-01-16 13:12:00,1.503,1.503,1.498,1.498,1558.05
2025-01-16 13:13:00,1.497,1.502,1.496,1.496,945.42
2025-01-16 13:14:00,1.496,1.5,1.496,1.497,12538.09
2025-01-16 13:15:00,1.497,1.501,1.496,1.499,279.29
2025-01-16 13:16:00,1.502,1.502,1.501,1.501,333.04
2025-01-16 13:17:00,1.503,1.507,1.502,1.507,251.25
2025-01-16 13:18:00,1.506,1.51,1.506,1.509,1758.24
2025-01-16 13:19:00,1.507,1.51,1.505,1.505,1656.14
2025-01-16 13:20:00,1.502,1.504,1.502,1.502,1461.78
2025-01-16 13:21:00,1.502,1.503,1.499,1.502,1436.94
2025-01-16 13:22:00,1.504,1.504,1.503,1.504,1229.24
2025-01-16 13:23:00,1.504,1.506,1.504,1.505,83.67
2025-01-16 13:24:00,1.507,1.51,1.507,1.51,1169.01
2025-01-16 13:25:00,1.51,1.511,1.509,1.509,122.16
2025-01-16 13:26:00,1.508,1.509,1.507,1.509,752.54
2025-01-16 13:27:00,1.508,1.51,1.508,1.508,80.03
2025-01-16 13:28:00,1.508,1.508,1.503,1.503,612.52
2025-01-16 13:29:00,1.502,1.502,1.493,1.493,8185.34
2025-01-16 13:30:00,1.494,1.506,1.493,1.505,12648.13
2025-01-16 13:31:00,1.506,1.51,1.503,1.503,3745.46
2025-01-16 13:32:00,1.503,1.507,1.5,1.507,2781.74
2025-01-16 13:33:00,1.502,1.506,1.502,1.506,1035.73
2025-01-16 13:34:00,1.509,1.51,1.505,1.505,145.02
2025-01-16 13:35:00,1.503,1.507,1.503,1.507,3289.24
2025-01-16 13:36:00,1.509,1.509,1.502,1.502,1525.33
2025-01-16 13:37:00,1.503,1.506,1.5,1.504,1009.13
2025-01-16 13:38:00,1.504,1.511,1.504,1.51,3509.78
2025-01-16 13:39:00,1.511,1.511,1.506,1.509,4814.37
2025-01-16 13:40:00,1.508,1.511,1.504,1.505,4862.83
2025-01-16 13:41:00,1.503,1.51,1.503,1.509,3499.18
2025-01-16 13:42:00,1.511,1.514,1.51,1.514,3010.09
2025-01-16 13:43:00,1.512,1.512,1.508,1.512,239.53
2025-01-16 13:44:00,1.513,1.513,1.51,1.51,2964.98
2025-01-16 13:45:00,1.511,1.511,1.505,1.506,2374.65
2025-01-16 13:46:00,1.506,1.507,1.504,1.507,1529.7
2025-01-16 13:47:00,1.506,1.512,1.505,1.512,250.61
2025-01-16 13:48:00,1.51,1.511,1.508,1.509,175.48
2025-01-16 13:49:00,1.506,1.506,1.504,1.506,255.07
2025-01-16 13:50:00,1.503,1.503,1.502,1.502,127.64
2025-01-16 13:51:00,1.504,1.506,1.502,1.502,1945.66
2025-01-16 13:52:00,1.503,1.508,1.502,1.507,229.02
2025-01-16 13:53:00,1.505,1.508,1.505,1.508,162.6
2025-01-16 13:54:00,1.508,1.509,1.504,1.504,107.27
2025-01-16 13:55:00,1.506,1.506,1.503,1.503,75.94
2025-01-16 13:56:00,1.502,1.507,1.501,1.506,672.6
2025-01-16 13:57:00,1.505,1.505,1.504,1.504,17.89
2025-01-16 13:58:00,1.506,1.506,1.5,1.501,4367.31
2025-01-16 13:59:00,1.503,1.503,1.502,1.502,32.56
2025-01-16 14:00:00,1.503,1.504,1.502,1.502,550.09
2025-01-16 14:01:00,1.503,1.504,1.503,1.504,566.63
2025-01-16 14:02:00,1.501,1.502,1.498,1.499,6148.56
2025-01-16 14:03:00,1.5,1.5,1.494,1.495,610.11
2025-01-16 14:04:00,1.496,1.498,1.495,1.495,502.3
2025-01-16 14:05:00,1.496,1.501,1.496,1.501,692.85
2025-01-16 14:06:00,1.498,1.498,1.498,1.498,14.47
2025-01-16 14:07:00,1.497,1.498,1.496,1.498,263.12
2025-01-16 14:08:00,1.495,1.496,1.494,1.494,54.2
2025-01-16 14:09:00,1.498,1.498,1.497,1.497,20.21
2025-01-16 14:10:00,1.497,1.499,1.497,1.498,956.47
2025-01-16 14:11:00,1.5,1.501,1.5,1.5,90.12
2025-01-16 14:12:00,1.502,1.503,1.501,1.502,102.39
2025-01-16 14:13:00,1.502,1.504,1.502,1.504,363.26
2025-01-16 14:14:00,1.505,1.506,1.505,1.505,793.39
2025-01-16 14:15:00,1.505,1.508,1.505,1.508,1050.34
2025-01-16 14:16:00,1.508,1.508,1.505,1.505,43.13
2025-01-16 14:17:00,1.504,1.506,1.504,1.506,125.83
2025-01-16 14:18:00,1.505,1.505,1.503,1.504,4434.03
2025-01-16 14:19:00,1.505,1.505,1.502,1.502,781.8
2025-01-16 14:20:00,1.504,1.505,1.503,1.503,670.71
2025-01-16 14:21:00,1.504,1.504,1.503,1.504,444.08
2025-01-16 14:22:00,1.503,1.503,1.501,1.503,731.38
2025-01-16 14:23:00,1.502,1.504,1.502,1.504,38.9
2025-01-16 14:24:00,1.505,1.505,1.503,1.505,863.96
2025-01-16 14:25:00,1.503,1.506,1.503,1.506,885.59
2025-01-16 14:26:00,1.505,1.505,1.501,1.501,417.09
2025-01-16 14:27:00,1.501,1.503,1.499,1.501,731.77
2025-01-16 14:28:00,1.502,1.503,1.501,1.503,567.91
2025-01-16 14:29:00,1.503,1.504,1.503,1.504,34.52
2025-01-16 14:30:00,1.504,1.505,1.498,1.498,888.32
2025-01-16 14:31:00,1.498,1.5,1.494,1.494,2166.29
2025-01-16 14:32:00,1.494,1.495,1.493,1.493,1147.28
2025-01-16 14:33:00,1.49,1.49,1.487,1.489,1612.66
2025-01-16 14:34:00,1.487,1.493,1.487,1.493,348.15
2025-01-16 14:35:00,1.495,1.497,1.493,1.494,1472.74
2025-01-16 14:36:00,1.494,1.494,1.491,1.491,144.06
2025-01-16 14:37:00,1.49,1.491,1.487,1.487,417.56
2025-01-16 14:38:00,1.489,1.491,1.488,1.488,733.97
2025-01-16 14:39:00,1.489,1.489,1.487,1.487,2455.66
2025-01-16 14:40:00,1.488,1.488,1.485,1.485,753.94
2025-01-16 14:41:00,1.486,1.486,1.479,1.479,5501.17
2025-01-16 14:42:00,1.481,1.481,1.478,1.479,1945.3
2025-01-16 14:43:00,1.477,1.483,1.476,1.477,12506.3
2025-01-16 14:44:00,1.477,1.478,1.473,1.475,1681.53
2025-01-16 14:45:00,1.475,1.475,1.468,1.468,6522.79
2025-01-16 14:46:00,1.467,1.474,1.464,1.47,13562.97
2025-01-16 14:47:00,1.47,1.47,1.459,1.461,3444.86
2025-01-16 14:48:00,1.462,1.473,1.46,1.469,8170.06
2025-01-16 14:49:00,1.469,1.471,1.46,1.462,4370.93
2025-01-16 14:50:00,1.462,1.472,1.462,1.471,3284.05
2025-01-16 14:51:00,1.472,1.472,1.462,1.466,2059.88
2025-01-16 14:52:00,1.467,1.475,1.467,1.474,3249.03
2025-01-16 14:53:00,1.475,1.479,1.474,1.479,4533.15
2025-01-16 14:54:00,1.476,1.476,1.466,1.466,5070.26
2025-01-16 14:55:00,1.467,1.471,1.466,1.471,1517.94
2025-01-16 14:56:00,1.467,1.467,1.464,1.464,1058.03
2025-01-16 14:57:00,1.464,1.471,1.464,1.471,1317.38
2025-01-16 14:58:00,1.472,1.473,1.468,1.47,650.84
2025-01-16 14:59:00,1.468,1.47,1.466,1.466,900.1
2025-01-16 15:00:00,1.466,1.47,1.466,1.466,366.88
2025-01-16 15:01:00,1.465,1.467,1.461,1.462,7291.36
2025-01-16 15:02:00,1.463,1.472,1.463,1.472,2432.96
2025-01-16 15:03:00,1.472,1.478,1.47,1.478,2885.53
2025-01-16 15:04:00,1.476,1.479,1.474,1.478,2784.9
2025-01-16 15:05:00,1.478,1.481,1.471,1.476,7863.37
2025-01-16 15:06:00,1.478,1.482,1.478,1.482,340.84
2025-01-16 15:07:00,1.481,1.481,1.474,1.477,2173.38
2025-01-16 15:08:00,1.48,1.48,1.474,1.474,762.12
2025-01-16 15:09:00,1.475,1.482,1.475,1.481,2026.29
2025-01-16 15:10:00,1.482,1.486,1.48,1.481,1556.11
2025-01-16 15:11:00,1.484,1.492,1.484,1.486,25556.85
2025-01-16 15:12:00,1.483,1.484,1.48,1.48,3249.04
2025-01-16 15:13:00,1.479,1.48,1.478,1.478,6565.78
2025-01-16 15:14:00,1.48,1.48,1.477,1.478,1352.32
2025-01-16 15:15:00,1.478,1.485,1.478,1.485,1824.15
2025-01-16 15:16:00,1.485,1.486,1.484,1.484,336.89
2025-01-16 15:17:00,1.486,1.489,1.486,1.489,41.82
2025-01-16 15:18:00,1.489,1.489,1.487,1.488,550.21
2025-01-16 15:19:00,1.487,1.487,1.486,1.487,308.17
2025-01-16 15:20:00,1.487,1.488,1.486,1.488,98.64
2025-01-16 15:21:00,1.487,1.49,1.487,1.489,90.87
2025-01-16 15:22:00,1.491,1.491,1.488,1.488,943.73
2025-01-16 15:23:00,1.487,1.488,1.486,1.488,3539.58
2025-01-16 15:24:00,1.488,1.491,1.488,1.49,1212.56
2025-01-16 15:25:00,1.489,1.491,1.489,1.49,1081.69
2025-01-16 15:26:00,1.491,1.492,1.489,1.492,78.21
2025-01-16 15:27:00,1.491,1.491,1.49,1.49,311.95
2025-01-16 15:28:00,1.491,1.491,1.491,1.491,25.95
2025-01-16 15:29:00,1.491,1.493,1.491,1.493,1047.28
2025-01-16 15:30:00,1.492,1.495,1.49,1.495,1357.93
2025-01-16 15:31:00,1.494,1.494,1.489,1.489,575.77
2025-01-16 15:32:00,1.49,1.491,1.49,1.49,1094.54
2025-01-16 15:33:00,1.489,1.491,1.488,1.488,1174.02
2025-01-16 15:34:00,1.488,1.488,1.485,1.485,1066.26
2025-01-16 15:35:00,1.485,1.485,1.484,1.484,418.91
2025-01-16 15:36:00,1.483,1.483,1.482,1.483,1283.28
2025-01-16 15:37:00,1.484,1.486,1.484,1.486,672.42
2025-01-16 15:38:00,1.486,1.49,1.486,1.49,176.9
2025-01-16 15:39:00,1.49,1.49,1.488,1.49,481.79
2025-01-16 15:40:00,1.489,1.489,1.484,1.484,1244.82
2025-01-16 15:41:00,1.485,1.485,1.484,1.485,1580.58
2025-01-16 15:42:00,1.484,1.485,1.483,1.483,191.55
2025-01-16 15:43:00,1.483,1.485,1.483,1.485,243.56
2025-01-16 15:44:00,1.485,1.487,1.484,1.487,281.6
2025-01-16 15:45:00,1.486,1.487,1.484,1.485,969.84
2025-01-16 15:46:00,1.484,1.487,1.483,1.487,2170.4
2025-01-16 15:47:00,1.487,1.488,1.486,1.488,472.25
2025-01-16 15:48:00,1.488,1.489,1.486,1.488,613.13
2025-01-16 15:49:00,1.489,1.49,1.488,1.49,1595.8
2025-01-16 15:50:00,1.492,1.492,1.491,1.492,443.83
2025-01-16 15:51:00,1.493,1.497,1.492,1.497,15129.76
2025-01-16 15:52:00,1.496,1.497,1.496,1.497,1128.9
2025-01-16 15:53:00,1.495,1.498,1.495,1.498,999.82
2025-01-16 15:54:00,1.497,1.498,1.496,1.496,664.35
2025-01-16 15:55:00,1.497,1.498,1.495,1.498,246.72
2025-01-16 15:56:00,1.497,1.498,1.496,1.496,75.38
2025-01-16 15:57:00,1.497,1.499,1.497,1.498,1097.62
2025-01-16 15:58:00,1.499,1.501,1.498,1.501,367.63
2025-01-16 15:59:00,1.501,1.504,1.501,1.504,958.5
2025-01-16 16:00:00,1.503,1.506,1.503,1.504,762.58
2025-01-16 16:01:00,1.506,1.51,1.506,1.508,966.34
2025-01-16 16:02:00,1.51,1.511,1.509,1.51,206.61
2025-01-16 16:03:00,1.511,1.512,1.508,1.511,3038.81
2025-01-16 16:04:00,1.511,1.514,1.511,1.512,350.66
2025-01-16 16:05:00,1.512,1.512,1.511,1.511,923.86
2025-01-16 16:06:00,1.513,1.518,1.509,1.518,16390.13
2025-01-16 16:07:00,1.519,1.519,1.517,1.518,652.41
2025-01-16 16:08:00,1.518,1.52,1.518,1.518,135.13
2025-01-16 16:09:00,1.52,1.52,1.519,1.519,3158.96
2025-01-16 16:10:00,1.515,1.515,1.515,1.515,102.44
2025-01-16 16:11:00,1.513,1.514,1.513,1.514,73.73
2025-01-16 16:12:00,1.516,1.516,1.515,1.516,266.94
2025-01-16 16:13:00,1.516,1.516,1.514,1.515,928.7
2025-01-16 16:14:00,1.514,1.514,1.513,1.513,1535.05
2025-01-16 16:15:00,1.513,1.513,1.511,1.513,958.06
2025-01-16 16:16:00,1.511,1.511,1.509,1.509,2806.57
2025-01-16 16:17:00,1.51,1.51,1.506,1.508,1684.96
2025-01-16 16:18:00,1.508,1.508,1.507,1.507,676.35
2025-01-16 16:19:00,1.509,1.512,1.509,1.512,84.65
2025-01-16 16:20:00,1.512,1.512,1.51,1.51,886.83
2025-01-16 16:21:00,1.51,1.511,1.508,1.511,1083.13
2025-01-16 16:22:00,1.511,1.513,1.511,1.513,270.98
2025-01-16 16:23:00,1.514,1.516,1.514,1.516,204.66
2025-01-16 16:24:00,1.514,1.515,1.513,1.514,392.16
2025-01-16 16:25:00,1.514,1.514,1.514,1.514,528.28
2025-01-16 16:26:00,1.516,1.518,1.515,1.518,157.36
2025-01-16 16:27:00,1.518,1.519,1.518,1.518,536.64
2025-01-16 16:28:00,1.519,1.52,1.519,1.519,421.56
2025-01-16 16:29:00,1.52,1.52,1.519,1.519,1900.18
2025-01-16 16:30:00,1.519,1.519,1.517,1.518,1555.78
2025-01-16 16:31:00,1.518,1.52,1.518,1.52,1110.35
2025-01-16 16:32:00,1.518,1.518,1.515,1.516,2592.85
2025-01-16 16:33:00,1.516,1.518,1.516,1.517,441.49
2025-01-16 16:34:00,1.518,1.518,1.517,1.517,522.12
2025-01-16 16:35:00,1.517,1.517,1.513,1.513,2372.72
2025-01-16 16:36:00,1.514,1.516,1.514,1.514,57.77
2025-01-16 16:37:00,1.517,1.52,1.517,1.519,1395.5
2025-01-16 16:38:00,1.518,1.519,1.516,1.516,1133.85
2025-01-16 16:39:00,1.516,1.518,1.516,1.518,390.61
2025-01-16 16:40:00,1.518,1.522,1.517,1.522,2485.63
2025-01-16 16:41:00,1.521,1.521,1.518,1.519,1495.38
2025-01-16 16:42:00,1.519,1.519,1.517,1.517,2101.25
2025-01-16 16:43:00,1.517,1.517,1.516,1.516,546.71
2025-01-16 16:44:00,1.517,1.518,1.517,1.518,224.27
2025-01-16 16:45:00,1.518,1.523,1.516,1.517,14010.69
2025-01-16 16:46:00,1.518,1.521,1.518,1.521,2291.73
2025-01-16 16:47:00,1.52,1.52,1.518,1.518,288.19
2025-01-16 16:48:00,1.518,1.518,1.514,1.514,387.28
2025-01-16 16:49:00,1.516,1.516,1.515,1.516,147.12
2025-01-16 16:50:00,1.516,1.516,1.514,1.514,1052.57
2025-01-16 16:51:00,1.513,1.514,1.513,1.514,266.72
2025-01-16 16:52:00,1.514,1.514,1.513,1.513,926.38
2025-01-16 16:53:00,1.515,1.517,1.513,1.515,11879.08
2025-01-16 16:54:00,1.514,1.514,1.513,1.513,1144.31
2025-01-16 16:55:00,1.512,1.514,1.511,1.511,601.56
2025-01-16 16:56:00,1.513,1.513,1.511,1.512,648.7
2025-01-16 16:57:00,1.512,1.512,1.51,1.511,150.43
2025-01-16 16:58:00,1.511,1.513,1.511,1.512,42.14
2025-01-16 16:59:00,1.513,1.513,1.513,1.513,43.35
2025-01-16 17:00:00,1.513,1.513,1.507,1.508,5919.93
2025-01-16 17:01:00,1.507,1.511,1.507,1.508,2978.43
2025-01-16 17:02:00,1.509,1.509,1.509,1.509,29.79
2025-01-16 17:03:00,1.51,1.511,1.507,1.508,1519.94
2025-01-16 17:04:00,1.508,1.511,1.508,1.511,224.55
2025-01-16 17:05:00,1.51,1.512,1.51,1.51,1355.64
2025-01-16 17:06:00,1.509,1.51,1.508,1.51,550.15
2025-01-16 17:07:00,1.509,1.511,1.509,1.51,279.52
2025-01-16 17:08:00,1.51,1.511,1.51,1.51,1123.86
2025-01-16 17:09:00,1.511,1.511,1.51,1.511,105.02
2025-01-16 17:10:00,1.511,1.512,1.51,1.51,1718.72
2025-01-16 17:11:00,1.511,1.512,1.51,1.512,1159.89
2025-01-16 17:12:00,1.511,1.515,1.511,1.513,2038.59
2025-01-16 17:13:00,1.512,1.512,1.511,1.511,1065.09
2025-01-16 17:14:00,1.511,1.511,1.511,1.511,28.95
2025-01-16 17:15:00,1.511,1.512,1.509,1.512,1311.53
2025-01-16 17:16:00,1.511,1.512,1.511,1.512,559.38
2025-01-16 17:17:00,1.511,1.514,1.511,1.514,473.41
2025-01-16 17:18:00,1.515,1.516,1.512,1.515,460.64
2025-01-16 17:19:00,1.516,1.516,1.515,1.515,352.36
2025-01-16 17:20:00,1.515,1.518,1.515,1.517,133.33
2025-01-16 17:21:00,1.516,1.517,1.516,1.517,33.04
2025-01-16 17:22:00,1.516,1.516,1.515,1.516,723.9
2025-01-16 17:23:00,1.517,1.517,1.517,1.517,14.41
2025-01-16 17:24:00,1.519,1.52,1.519,1.52,132.73
2025-01-16 17:25:00,1.52,1.52,1.52,1.52,14.38
2025-01-16 17:26:00,1.519,1.521,1.519,1.521,32.98
2025-01-16 17:27:00,1.521,1.524,1.521,1.524,2099.88
2025-01-16 17:28:00,1.524,1.524,1.524,1.524,734.92
2025-01-16 17:29:00,1.523,1.525,1.523,1.524,286.78
2025-01-16 17:30:00,1.526,1.529,1.526,1.527,887.86
2025-01-16 17:31:00,1.529,1.529,1.528,1.529,1766.43
2025-01-16 17:32:00,1.528,1.529,1.528,1.529,346.38
2025-01-16 17:33:00,1.529,1.53,1.528,1.528,1925.49
2025-01-16 17:34:00,1.529,1.53,1.528,1.528,682.92
2025-01-16 17:35:00,1.529,1.529,1.528,1.528,292.91
2025-01-16 17:36:00,1.529,1.532,1.529,1.531,3828.77
2025-01-16 17:37:00,1.531,1.532,1.531,1.532,223.32
2025-01-16 17:38:00,1.532,1.534,1.532,1.533,1315.39
2025-01-16 17:39:00,1.532,1.534,1.529,1.529,3096.18
2025-01-16 17:40:00,1.528,1.528,1.528,1.528,112.03
2025-01-16 17:41:00,1.529,1.531,1.528,1.531,752.95
2025-01-16 17:42:00,1.532,1.532,1.53,1.53,1863.84
2025-01-16 17:43:00,1.531,1.531,1.53,1.53,3700.71
2025-01-16 17:44:00,1.529,1.536,1.529,1.533,37732.6
2025-01-16 17:45:00,1.534,1.534,1.531,1.534,3271.53
2025-01-16 17:46:00,1.533,1.533,1.529,1.529,1063.83
2025-01-16 17:47:00,1.53,1.53,1.526,1.527,991.23
2025-01-16 17:48:00,1.525,1.525,1.524,1.525,1883.19
2025-01-16 17:49:00,1.524,1.527,1.524,1.526,32.06
2025-01-16 17:50:00,1.525,1.526,1.524,1.524,305.59
2025-01-16 17:51:00,1.524,1.524,1.523,1.523,982.44
2025-01-16 17:52:00,1.525,1.527,1.525,1.527,24.41
2025-01-16 17:53:00,1.527,1.527,1.527,1.527,115.14
2025-01-16 17:54:00,1.526,1.527,1.526,1.527,153.92
2025-01-16 17:55:00,1.528,1.528,1.528,1.528,41.01
2025-01-16 17:56:00,1.528,1.53,1.528,1.53,262.87
2025-01-16 17:57:00,1.53,1.53,1.529,1.529,276.39
2025-01-16 17:58:00,1.529,1.529,1.528,1.528,423.66
2025-01-16 17:59:00,1.528,1.529,1.528,1.528,137.29
2025-01-16 18:00:00,1.529,1.529,1.528,1.529,455.67
2025-01-16 18:01:00,1.53,1.532,1.529,1.531,435.06
2025-01-16 18:02:00,1.531,1.531,1.531,1.531,282.05
2025-01-16 18:03:00,1.531,1.533,1.531,1.532,124.13
2025-01-16 18:04:00,1.533,1.535,1.533,1.535,256.35
2025-01-16 18:05:00,1.535,1.539,1.535,1.536,3744.13
2025-01-16 18:06:00,1.536,1.536,1.534,1.535,569.73
2025-01-16 18:07:00,1.536,1.537,1.535,1.535,430.97
2025-01-16 18:08:00,1.537,1.538,1.537,1.537,590.48
2025-01-16 18:09:00,1.537,1.537,1.536,1.536,34.53
2025-01-16 18:10:00,1.536,1.536,1.535,1.535,17.66
2025-01-16 18:11:00,1.535,1.536,1.533,1.533,2497.61
2025-01-16 18:12:00,1.533,1.533,1.532,1.532,159.17
2025-01-16 18:13:00,1.533,1.533,1.532,1.533,39.17
2025-01-16 18:14:00,1.531,1.531,1.531,1.531,615.67
2025-01-16 18:15:00,1.532,1.532,1.531,1.531,121.43
2025-01-16 18:16:00,1.53,1.531,1.529,1.529,232.97
2025-01-16 18:17:00,1.529,1.529,1.528,1.528,1018.59
2025-01-16 18:18:00,1.528,1.529,1.528,1.528,1751.84
2025-01-16 18:19:00,1.529,1.529,1.527,1.527,46.16
2025-01-16 18:20:00,1.528,1.53,1.528,1.53,34.52
2025-01-16 18:21:00,1.531,1.531,1.529,1.529,299.59
2025-01-16 18:22:00,1.53,1.53,1.529,1.529,41.81
2025-01-16 18:23:00,1.529,1.531,1.529,1.531,413.2
2025-01-16 18:24:00,1.53,1.531,1.528,1.53,2837.5
2025-01-16 18:25:00,1.528,1.529,1.528,1.529,512.01
2025-01-16 18:26:00,1.528,1.528,1.528,1.528,266.12
2025-01-16 18:27:00,1.527,1.527,1.524,1.524,1422.07
2025-01-16 18:28:00,1.525,1.526,1.525,1.526,572.47
2025-01-16 18:29:00,1.525,1.525,1.524,1.524,137.95
2025-01-16 18:30:00,1.524,1.524,1.521,1.522,5622.18
2025-01-16 18:31:00,1.525,1.525,1.522,1.522,273.15
2025-01-16 18:32:00,1.523,1.523,1.52,1.52,421.11
2025-01-16 18:33:00,1.52,1.522,1.52,1.522,779.8
2025-01-16 18:34:00,1.523,1.523,1.519,1.52,36.0
2025-01-16 18:35:00,1.52,1.522,1.52,1.522,261.54
2025-01-16 18:36:00,1.521,1.522,1.519,1.519,1508.72
2025-01-16 18:37:00,1.519,1.519,1.518,1.519,777.94
2025-01-16 18:38:00,1.519,1.519,1.518,1.518,626.96
2025-01-16 18:39:00,1.518,1.521,1.518,1.521,123.58
2025-01-16 18:40:00,1.521,1.523,1.521,1.523,3966.26
2025-01-16 18:41:00,1.523,1.524,1.523,1.523,933.36
2025-01-16 18:42:00,1.523,1.523,1.521,1.523,370.76
2025-01-16 18:43:00,1.522,1.522,1.521,1.521,43.11
2025-01-16 18:44:00,1.521,1.523,1.521,1.522,588.48
2025-01-16 18:45:00,1.521,1.521,1.521,1.521,581.51
2025-01-16 18:46:00,1.52,1.521,1.52,1.52,70.9
2025-01-16 18:47:00,1.52,1.52,1.519,1.519,1391.08
2025-01-16 18:48:00,1.519,1.52,1.519,1.52,518.78
2025-01-16 18:49:00,1.52,1.521,1.52,1.52,306.28
2025-01-16 18:50:00,1.523,1.523,1.522,1.522,675.14
2025-01-16 18:51:00,1.522,1.524,1.521,1.521,575.08
2025-01-16 18:52:00,1.522,1.522,1.522,1.522,21.39
2025-01-16 18:53:00,1.523,1.525,1.523,1.525,68.17
2025-01-16 18:54:00,1.526,1.527,1.526,1.527,396.75
2025-01-16 18:55:00,1.527,1.527,1.526,1.526,48.06
2025-01-16 18:56:00,1.526,1.526,1.525,1.525,916.29
2025-01-16 18:57:00,1.525,1.525,1.525,1.525,336.56
2025-01-16 18:58:00,1.525,1.525,1.522,1.522,4016.91
2025-01-16 18:59:00,1.523,1.524,1.522,1.522,1601.59
2025-01-16 19:00:00,1.52,1.52,1.519,1.519,937.72
2025-01-16 19:01:00,1.519,1.519,1.517,1.518,1205.12
2025-01-16 19:02:00,1.519,1.52,1.518,1.518,44.99
2025-01-16 19:03:00,1.519,1.52,1.519,1.519,174.34
2025-01-16 19:04:00,1.52,1.522,1.52,1.521,1225.67
2025-01-16 19:05:00,1.523,1.524,1.521,1.521,77.61
2025-01-16 19:06:00,1.521,1.523,1.521,1.522,33.21
2025-01-16 19:07:00,1.523,1.523,1.523,1.523,35.45
2025-01-16 19:08:00,1.524,1.524,1.523,1.523,536.53
2025-01-16 19:09:00,1.522,1.524,1.522,1.524,57.37
2025-01-16 19:10:00,1.524,1.524,1.524,1.524,35.49
2025-01-16 19:11:00,1.525,1.525,1.525,1.525,14.32
2025-01-16 19:12:00,1.526,1.526,1.525,1.526,576.32
2025-01-16 19:13:00,1.526,1.528,1.526,1.528,974.35
2025-01-16 19:14:00,1.527,1.527,1.526,1.526,42.91
2025-01-16 19:15:00,1.526,1.526,1.524,1.525,811.02
2025-01-16 19:16:00,1.525,1.527,1.525,1.527,434.02
2025-01-16 19:17:00,1.527,1.527,1.526,1.526,28.61
2025-01-16 19:18:00,1.525,1.525,1.525,1.525,28.64
2025-01-16 19:19:00,1.526,1.527,1.526,1.527,239.38
2025-01-16 19:20:00,1.526,1.526,1.526,1.526,14.31
2025-01-16 19:21:00,1.526,1.526,1.525,1.525,712.21
2025-01-16 19:22:00,1.525,1.525,1.522,1.522,1524.5
2025-01-16 19:23:00,1.521,1.523,1.52,1.52,1880.24
2025-01-16 19:24:00,1.52,1.522,1.52,1.522,98.11
2025-01-16 19:25:00,1.523,1.524,1.523,1.524,1282.46
2025-01-16 19:26:00,1.526,1.527,1.526,1.527,120.65
2025-01-16 19:27:00,1.526,1.526,1.526,1.526,50.34
2025-01-16 19:28:00,1.525,1.525,1.525,1.525,14.32
2025-01-16 19:29:00,1.526,1.526,1.525,1.526,1139.05
2025-01-16 19:30:00,1.526,1.526,1.524,1.524,555.41
2025-01-16 19:31:00,1.525,1.526,1.525,1.526,260.97
2025-01-16 19:32:00,1.525,1.525,1.524,1.524,28.63
2025-01-16 19:33:00,1.524,1.524,1.523,1.524,1260.33
2025-01-16 19:34:00,1.525,1.527,1.525,1.526,385.81
2025-01-16 19:35:00,1.525,1.526,1.525,1.525,31.89
2025-01-16 19:36:00,1.525,1.529,1.525,1.528,602.55
2025-01-16 19:37:00,1.53,1.53,1.53,1.53,14.26
2025-01-16 19:38:00,1.529,1.532,1.529,1.531,1069.95
2025-01-16 19:39:00,1.533,1.533,1.531,1.533,1065.46
2025-01-16 19:40:00,1.531,1.532,1.531,1.532,49.51
2025-01-16 19:41:00,1.533,1.533,1.532,1.532,740.31
2025-01-16 19:42:00,1.531,1.531,1.53,1.53,1910.1
2025-01-16 19:43:00,1.53,1.531,1.53,1.531,383.9
2025-01-16 19:44:00,1.531,1.532,1.531,1.531,110.93
2025-01-16 19:45:00,1.532,1.533,1.532,1.533,209.92
2025-01-16 19:46:00,1.533,1.534,1.532,1.533,1154.16
2025-01-16 19:47:00,1.534,1.534,1.533,1.533,295.45
2025-01-16 19:48:00,1.533,1.537,1.533,1.537,4390.28
2025-01-16 19:49:00,1.537,1.537,1.537,1.537,498.27
2025-01-16 19:50:00,1.538,1.538,1.537,1.537,1293.2
2025-01-16 19:51:00,1.537,1.537,1.536,1.536,2386.3
2025-01-16 19:52:00,1.535,1.535,1.533,1.535,1057.92
2025-01-16 19:53:00,1.536,1.536,1.536,1.536,223.02
2025-01-16 19:54:00,1.536,1.536,1.536,1.536,63.18
2025-01-16 19:55:00,1.536,1.538,1.536,1.538,239.69
2025-01-16 19:56:00,1.538,1.54,1.538,1.539,3391.74
2025-01-16 19:57:00,1.539,1.54,1.539,1.54,157.7
2025-01-16 19:58:00,1.539,1.54,1.539,1.54,28.33
2025-01-16 19:59:00,1.541,1.542,1.54,1.541,273.32
2025-01-16 20:00:00,1.54,1.543,1.54,1.543,902.74
2025-01-16 20:01:00,1.543,1.545,1.542,1.544,164.38
2025-01-16 20:02:00,1.544,1.544,1.543,1.543,24.47
2025-01-16 20:03:00,1.544,1.545,1.544,1.544,763.23
2025-01-16 20:04:00,1.544,1.544,1.539,1.539,375.53
2025-01-16 20:05:00,1.539,1.539,1.537,1.537,3456.83
2025-01-16 20:06:00,1.536,1.536,1.535,1.535,51.06
2025-01-16 20:07:00,1.535,1.535,1.534,1.535,85.34
2025-01-16 20:08:00,1.534,1.534,1.534,1.534,14.21
2025-01-16 20:09:00,1.537,1.539,1.536,1.536,2493.41
2025-01-16 20:10:00,1.536,1.536,1.533,1.533,2106.53
2025-01-16 20:11:00,1.533,1.534,1.533,1.534,34.09
2025-01-16 20:12:00,1.535,1.535,1.533,1.533,76.75
2025-01-16 20:13:00,1.534,1.534,1.534,1.534,14.21
2025-01-16 20:14:00,1.533,1.533,1.533,1.533,300.58
2025-01-16 20:15:00,1.533,1.538,1.533,1.538,26160.35
2025-01-16 20:16:00,1.537,1.537,1.536,1.536,367.83
2025-01-16 20:17:00,1.535,1.535,1.533,1.533,2645.54
2025-01-16 20:18:00,1.532,1.532,1.53,1.53,1994.34
2025-01-16 20:19:00,1.529,1.529,1.529,1.529,28.56
2025-01-16 20:20:00,1.529,1.529,1.529,1.529,14.28
2025-01-16 20:21:00,1.531,1.531,1.531,1.531,1086.67
2025-01-16 20:22:00,1.529,1.529,1.527,1.528,15808.33
2025-01-16 20:23:00,1.527,1.527,1.524,1.525,1647.64
2025-01-16 20:24:00,1.524,1.524,1.523,1.523,46.23
2025-01-16 20:25:00,1.523,1.523,1.523,1.523,123.7
2025-01-16 20:26:00,1.523,1.525,1.523,1.525,1745.15
2025-01-16 20:27:00,1.523,1.523,1.522,1.523,529.34
2025-01-16 20:28:00,1.524,1.525,1.523,1.525,130.7
2025-01-16 20:29:00,1.525,1.525,1.524,1.525,85.64
2025-01-16 20:30:00,1.525,1.528,1.525,1.526,1601.68
2025-01-16 20:31:00,1.527,1.531,1.527,1.529,18492.29
2025-01-16 20:32:00,1.531,1.531,1.531,1.531,274.5
2025-01-16 20:33:00,1.533,1.533,1.531,1.531,1459.8
2025-01-16 20:34:00,1.532,1.533,1.529,1.529,1165.13
2025-01-16 20:35:00,1.532,1.533,1.531,1.533,650.17
2025-01-16 20:36:00,1.533,1.533,1.532,1.532,1237.75
2025-01-16 20:37:00,1.532,1.533,1.531,1.532,660.66
2025-01-16 20:38:00,1.532,1.532,1.529,1.532,2618.17
2025-01-16 20:39:00,1.531,1.531,1.531,1.531,178.89
2025-01-16 20:40:00,1.529,1.53,1.528,1.528,514.22
2025-01-16 20:41:00,1.53,1.531,1.529,1.529,293.73
2025-01-16 20:42:00,1.532,1.532,1.532,1.532,567.49
2025-01-16 20:43:00,1.532,1.534,1.532,1.533,226.35
2025-01-16 20:44:00,1.532,1.532,1.532,1.532,52.09
2025-01-16 20:45:00,1.534,1.534,1.531,1.533,7021.47
2025-01-16 20:46:00,1.534,1.534,1.531,1.531,1158.25
2025-01-16 20:47:00,1.531,1.532,1.531,1.531,654.54
2025-01-16 20:48:00,1.53,1.53,1.529,1.529,18.56
2025-01-16 20:49:00,1.528,1.528,1.528,1.528,33.21
2025-01-16 20:50:00,1.53,1.53,1.53,1.53,210.17
2025-01-16 20:51:00,1.53,1.53,1.529,1.529,407.09
2025-01-16 20:52:00,1.53,1.531,1.53,1.531,292.55
2025-01-16 20:53:00,1.531,1.531,1.528,1.528,3130.86
2025-01-16 20:54:00,1.528,1.529,1.528,1.529,1020.7
2025-01-16 20:55:00,1.527,1.528,1.525,1.525,40.5
2025-01-16 20:56:00,1.527,1.529,1.527,1.527,3935.88
2025-01-16 20:57:00,1.528,1.528,1.526,1.527,189.25
2025-01-16 20:58:00,1.53,1.53,1.528,1.529,603.93
2025-01-16 20:59:00,1.527,1.529,1.527,1.529,363.27
2025-01-16 21:00:00,1.529,1.529,1.528,1.528,482.27
2025-01-16 21:01:00,1.525,1.525,1.524,1.524,134.31
2025-01-16 21:02:00,1.523,1.525,1.523,1.525,28.68
2025-01-16 21:03:00,1.525,1.525,1.521,1.521,333.47
2025-01-16 21:04:00,1.521,1.521,1.52,1.52,124.11
2025-01-16 21:05:00,1.519,1.521,1.519,1.521,616.41
2025-01-16 21:06:00,1.52,1.521,1.52,1.521,67.19
2025-01-16 21:07:00,1.522,1.523,1.522,1.523,1106.58
2025-01-16 21:08:00,1.522,1.522,1.522,1.522,28.72
2025-01-16 21:09:00,1.522,1.523,1.522,1.523,43.06
2025-01-16 21:10:00,1.524,1.524,1.524,1.524,248.29
2025-01-16 21:11:00,1.524,1.525,1.524,1.525,471.87
2025-01-16 21:12:00,1.526,1.527,1.526,1.527,35.71
2025-01-16 21:13:00,1.528,1.528,1.526,1.526,32.73
2025-01-16 21:14:00,1.525,1.526,1.525,1.526,101.66
2025-01-16 21:15:00,1.524,1.524,1.523,1.524,148.05
2025-01-16 21:16:00,1.524,1.524,1.523,1.523,146.84
2025-01-16 21:17:00,1.523,1.523,1.521,1.521,28.7
2025-01-16 21:18:00,1.52,1.52,1.519,1.519,87.94
2025-01-16 21:19:00,1.519,1.519,1.515,1.515,4115.57
2025-01-16 21:20:00,1.515,1.518,1.515,1.518,801.14
2025-01-16 21:21:00,1.515,1.516,1.515,1.515,265.98
2025-01-16 21:22:00,1.515,1.515,1.514,1.514,550.89
2025-01-16 21:23:00,1.514,1.514,1.512,1.512,337.42
2025-01-16 21:24:00,1.512,1.513,1.511,1.512,48.48
2025-01-16 21:25:00,1.514,1.514,1.514,1.514,33.01
2025-01-16 21:26:00,1.514,1.514,1.514,1.514,18.59
2025-01-16 21:27:00,1.517,1.517,1.516,1.516,32.97
2025-01-16 21:28:00,1.517,1.517,1.517,1.517,39.79
2025-01-16 21:29:00,1.516,1.518,1.515,1.518,494.11
2025-01-16 21:30:00,1.519,1.52,1.517,1.52,457.44
2025-01-16 21:31:00,1.52,1.52,1.519,1.52,306.9
2025-01-16 21:32:00,1.52,1.52,1.519,1.52,469.44
2025-01-16 21:33:00,1.519,1.519,1.519,1.519,28.74
2025-01-16 21:34:00,1.519,1.519,1.519,1.519,43.11
2025-01-16 21:35:00,1.52,1.52,1.518,1.518,139.43
2025-01-16 21:36:00,1.519,1.519,1.519,1.519,14.37
2025-01-16 21:37:00,1.519,1.519,1.518,1.518,374.93
2025-01-16 21:38:00,1.52,1.52,1.519,1.519,228.73
2025-01-16 21:39:00,1.521,1.521,1.521,1.521,82.2
2025-01-16 21:40:00,1.521,1.521,1.52,1.52,534.49
2025-01-16 21:41:00,1.521,1.521,1.521,1.521,3.83
2025-01-16 21:42:00,1.52,1.521,1.52,1.521,55.88
2025-01-16 21:43:00,1.522,1.523,1.522,1.523,156.71
2025-01-16 21:44:00,1.523,1.523,1.522,1.522,37.07
2025-01-16 21:45:00,1.522,1.522,1.522,1.522,216.63
2025-01-16 21:46:00,1.523,1.524,1.522,1.522,264.35
2025-01-16 21:47:00,1.521,1.521,1.521,1.521,44.31
2025-01-16 21:48:00,1.521,1.521,1.518,1.518,4545.72
2025-01-16 21:49:00,1.518,1.519,1.518,1.518,749.91
2025-01-16 21:50:00,1.517,1.517,1.515,1.515,76.61
2025-01-16 21:51:00,1.516,1.516,1.514,1.514,768.01
2025-01-16 21:52:00,1.514,1.515,1.514,1.515,340.08
2025-01-16 21:53:00,1.514,1.514,1.514,1.514,335.82
2025-01-16 21:54:00,1.513,1.514,1.513,1.514,32.52
2025-01-16 21:55:00,1.514,1.516,1.514,1.516,124.11
2025-01-16 21:56:00,1.516,1.517,1.515,1.515,504.83
2025-01-16 21:57:00,1.516,1.516,1.516,1.516,14.38
2025-01-16 21:58:00,1.516,1.516,1.516,1.516,28.76
2025-01-16 21:59:00,1.515,1.515,1.515,1.515,23.4
2025-01-16 22:00:00,1.516,1.517,1.515,1.515,796.55
2025-01-16 22:01:00,1.514,1.514,1.513,1.513,38.63
2025-01-16 22:02:00,1.513,1.513,1.513,1.513,400.62
2025-01-16 22:03:00,1.512,1.512,1.509,1.509,589.68
2025-01-16 22:04:00,1.509,1.509,1.509,1.509,14.44
2025-01-16 22:05:00,1.511,1.511,1.51,1.51,17.8
2025-01-16 22:06:00,1.507,1.507,1.507,1.507,14.46
2025-01-16 22:07:00,1.509,1.509,1.506,1.506,718.04
2025-01-16 22:08:00,1.506,1.508,1.506,1.507,355.95
2025-01-16 22:09:00,1.506,1.507,1.506,1.507,120.02
2025-01-16 22:10:00,1.507,1.508,1.506,1.507,802.27
2025-01-16 22:11:00,1.506,1.506,1.506,1.506,14.47
2025-01-16 22:12:00,1.506,1.506,1.504,1.504,82.45
2025-01-16 22:13:00,1.505,1.506,1.505,1.506,187.22
2025-01-16 22:14:00,1.507,1.509,1.507,1.509,240.95
2025-01-16 22:15:00,1.509,1.51,1.508,1.508,344.44
2025-01-16 22:16:00,1.507,1.508,1.507,1.508,92.71
2025-01-16 22:17:00,1.509,1.509,1.508,1.508,21.3
2025-01-16 22:18:00,1.507,1.508,1.505,1.505,436.36
2025-01-16 22:19:00,1.504,1.505,1.503,1.505,742.93
2025-01-16 22:20:00,1.504,1.504,1.503,1.503,74.06
2025-01-16 22:21:00,1.502,1.503,1.501,1.501,719.55
2025-01-16 22:22:00,1.5,1.5,1.5,1.5,2607.41
2025-01-16 22:23:00,1.501,1.501,1.501,1.501,33.18
2025-01-16 22:24:00,1.502,1.504,1.502,1.503,127.4
2025-01-16 22:25:00,1.502,1.502,1.502,1.502,14.5
2025-01-16 22:26:00,1.502,1.502,1.501,1.501,29.01
2025-01-16 22:27:00,1.501,1.502,1.501,1.501,191.96
2025-01-16 22:28:00,1.502,1.502,1.501,1.501,162.31
2025-01-16 22:29:00,1.5,1.5,1.5,1.5,14.52
2025-01-16 22:30:00,1.5,1.5,1.499,1.499,29.04
2025-01-16 22:31:00,1.499,1.499,1.494,1.494,3427.47
2025-01-16 22:32:00,1.496,1.496,1.495,1.496,1517.67
2025-01-16 22:33:00,1.496,1.497,1.494,1.497,3484.36
2025-01-16 22:34:00,1.495,1.495,1.494,1.494,376.49
2025-01-16 22:35:00,1.494,1.495,1.49,1.49,2504.89
2025-01-16 22:36:00,1.492,1.493,1.492,1.493,18.6
2025-01-16 22:37:00,1.494,1.494,1.489,1.49,619.56
2025-01-16 22:38:00,1.491,1.491,1.49,1.49,18.88
2025-01-16 22:39:00,1.495,1.495,1.493,1.495,101.62
2025-01-16 22:40:00,1.496,1.497,1.494,1.496,416.26
2025-01-16 22:41:00,1.496,1.496,1.493,1.493,281.23
2025-01-16 22:42:00,1.493,1.493,1.492,1.492,114.89
2025-01-16 22:43:00,1.494,1.494,1.492,1.492,18.82
2025-01-16 22:44:00,1.493,1.494,1.493,1.493,759.1
2025-01-16 22:45:00,1.492,1.492,1.492,1.492,18.86
2025-01-16 22:46:00,1.491,1.492,1.491,1.491,48.07
2025-01-16 22:47:00,1.493,1.493,1.492,1.493,46.29
2025-01-16 22:48:00,1.495,1.495,1.494,1.494,25.58
2025-01-16 22:49:00,1.494,1.494,1.494,1.494,18.84
2025-01-16 22:50:00,1.496,1.496,1.495,1.495,100.22
2025-01-16 22:51:00,1.495,1.495,1.495,1.495,23.43
2025-01-16 22:52:00,1.495,1.495,1.494,1.494,299.02
2025-01-16 22:53:00,1.496,1.496,1.494,1.494,21.54
2025-01-16 22:54:00,1.494,1.494,1.494,1.494,18.3
2025-01-16 22:55:00,1.495,1.496,1.495,1.495,45.36
2025-01-16 22:56:00,1.496,1.496,1.494,1.494,55.14
2025-01-16 22:57:00,1.494,1.495,1.494,1.495,36.91
2025-01-16 22:58:00,1.495,1.495,1.493,1.493,18.82
2025-01-16 22:59:00,1.493,1.495,1.493,1.494,93.66
2025-01-16 23:00:00,1.495,1.497,1.495,1.496,832.01
2025-01-16 23:01:00,1.495,1.496,1.495,1.496,33.32
2025-01-16 23:02:00,1.497,1.5,1.496,1.498,4158.45
2025-01-16 23:03:00,1.499,1.499,1.498,1.498,119.07
2025-01-16 23:04:00,1.5,1.501,1.499,1.5,1593.37
2025-01-16 23:05:00,1.498,1.499,1.497,1.497,119.07
2025-01-16 23:06:00,1.497,1.499,1.497,1.499,359.02
2025-01-16 23:07:00,1.499,1.5,1.499,1.499,32.2
2025-01-16 23:08:00,1.497,1.5,1.497,1.5,18.77
2025-01-16 23:09:00,1.497,1.499,1.497,1.499,33.28
2025-01-16 23:10:00,1.5,1.5,1.499,1.499,47.76
2025-01-16 23:11:00,1.499,1.499,1.498,1.499,319.87
2025-01-16 23:12:00,1.5,1.5,1.5,1.5,18.76
2025-01-16 23:13:00,1.499,1.499,1.497,1.497,1047.71
2025-01-16 23:14:00,1.496,1.498,1.496,1.498,370.11
2025-01-16 23:15:00,1.498,1.5,1.498,1.5,777.79
2025-01-16 23:16:00,1.499,1.499,1.497,1.497,65.76
2025-01-16 23:17:00,1.498,1.5,1.498,1.499,272.67
2025-01-16 23:18:00,1.498,1.498,1.498,1.498,33.28
2025-01-16 23:19:00,1.497,1.497,1.497,1.497,33.3
2025-01-16 23:20:00,1.497,1.497,1.495,1.495,1932.75
2025-01-16 23:21:00,1.493,1.493,1.492,1.492,9328.68
2025-01-16 23:22:00,1.493,1.494,1.493,1.494,515.25
2025-01-16 23:23:00,1.494,1.494,1.493,1.493,194.36
2025-01-16 23:24:00,1.492,1.492,1.49,1.49,544.54
2025-01-16 23:25:00,1.489,1.49,1.488,1.488,268.46
2025-01-16 23:26:00,1.49,1.49,1.489,1.489,100.69
2025-01-16 23:27:00,1.491,1.491,1.491,1.491,1813.19
2025-01-16 23:28:00,1.492,1.492,1.492,1.492,300.42
2025-01-16 23:29:00,1.492,1.493,1.491,1.493,252.77
2025-01-16 23:30:00,1.493,1.494,1.492,1.492,1091.97
2025-01-16 23:31:00,1.494,1.494,1.492,1.493,491.61
2025-01-16 23:32:00,1.493,1.496,1.493,1.496,1838.57
2025-01-16 23:33:00,1.495,1.497,1.495,1.497,1002.85
2025-01-16 23:34:00,1.496,1.499,1.496,1.498,959.64
2025-01-16 23:35:00,1.498,1.498,1.498,1.498,18.77
2025-01-16 23:36:00,1.498,1.498,1.497,1.497,283.24
2025-01-16 23:37:00,1.496,1.498,1.496,1.498,53.58
2025-01-16 23:38:00,1.499,1.499,1.499,1.499,18.76
2025-01-16 23:39:00,1.498,1.499,1.498,1.499,33.27
2025-01-16 23:40:00,1.499,1.499,1.498,1.498,679.01
2025-01-16 23:41:00,1.497,1.498,1.497,1.498,245.22
2025-01-16 23:42:00,1.498,1.498,1.498,1.498,21.61
2025-01-16 23:43:00,1.498,1.5,1.498,1.5,91.55
2025-01-16 23:44:00,1.5,1.501,1.5,1.5,91.79
2025-01-16 23:45:00,1.5,1.5,1.499,1.499,1286.31
2025-01-16 23:46:00,1.499,1.5,1.498,1.499,92.17
2025-01-16 23:47:00,1.5,1.5,1.5,1.5,279.74
2025-01-16 23:48:00,1.5,1.502,1.5,1.501,1844.0
2025-01-16 23:49:00,1.503,1.505,1.503,1.505,83.59
2025-01-16 23:50:00,1.505,1.505,1.505,1.505,327.77
2025-01-16 23:51:00,1.505,1.505,1.504,1.504,47.77
2025-01-16 23:52:00,1.504,1.504,1.504,1.504,38.09
2025-01-16 23:53:00,1.504,1.506,1.504,1.505,404.85
2025-01-16 23:54:00,1.504,1.504,1.503,1.504,3117.27
2025-01-16 23:55:00,1.504,1.504,1.504,1.504,14.44
2025-01-16 23:56:00,1.504,1.505,1.504,1.504,35.66
2025-01-16 23:57:00,1.504,1.504,1.502,1.502,133.45
2025-01-16 23:58:00,1.502,1.502,1.502,1.502,32.32
2025-01-16 23:59:00,1.501,1.502,1.501,1.502,258.45
2025-01-17 00:00:00,1.501,1.502,1.501,1.502,122.55
2025-01-17 00:01:00,1.504,1.508,1.504,1.508,771.25
2025-01-17 00:02:00,1.507,1.507,1.504,1.504,467.88
2025-01-17 00:03:00,1.504,1.505,1.503,1.505,1442.91
2025-01-17 00:04:00,1.504,1.506,1.504,1.505,118.17
2025-01-17 00:05:00,1.504,1.508,1.504,1.507,31.88
2025-01-17 00:06:00,1.506,1.506,1.505,1.505,17.99
2025-01-17 00:07:00,1.506,1.507,1.505,1.507,793.29
2025-01-17 00:08:00,1.506,1.507,1.506,1.507,565.56
2025-01-17 00:09:00,1.506,1.506,1.503,1.503,31.71
2025-01-17 00:10:00,1.504,1.505,1.503,1.504,693.29
2025-01-17 00:11:00,1.503,1.503,1.502,1.503,946.37
2025-01-17 00:12:00,1.505,1.506,1.505,1.506,33.76
2025-01-17 00:13:00,1.506,1.506,1.506,1.506,31.67
2025-01-17 00:14:00,1.506,1.507,1.506,1.506,44.98
2025-01-17 00:15:00,1.507,1.507,1.507,1.507,138.95
2025-01-17 00:16:00,1.507,1.51,1.507,1.508,353.4
2025-01-17 00:17:00,1.51,1.51,1.509,1.51,198.7
2025-01-17 00:18:00,1.509,1.509,1.508,1.508,41.71
2025-01-17 00:19:00,1.508,1.508,1.507,1.507,27.24
2025-01-17 00:20:00,1.507,1.51,1.507,1.51,741.31
2025-01-17 00:21:00,1.51,1.512,1.51,1.511,5826.62
2025-01-17 00:22:00,1.511,1.511,1.508,1.508,2473.15
2025-01-17 00:23:00,1.507,1.507,1.504,1.504,2348.96
2025-01-17 00:24:00,1.505,1.505,1.503,1.504,8193.98
2025-01-17 00:25:00,1.503,1.503,1.5,1.503,4439.14
2025-01-17 00:26:00,1.503,1.503,1.5,1.502,2954.53
2025-01-17 00:27:00,1.502,1.504,1.502,1.502,322.47
2025-01-17 00:28:00,1.503,1.506,1.503,1.505,626.64
2025-01-17 00:29:00,1.507,1.508,1.506,1.508,229.43
2025-01-17 00:30:00,1.508,1.513,1.508,1.513,10092.93
2025-01-17 00:31:00,1.513,1.513,1.509,1.51,6731.81
2025-01-17 00:32:00,1.51,1.511,1.51,1.51,332.01
2025-01-17 00:33:00,1.511,1.513,1.511,1.511,237.46
2025-01-17 00:34:00,1.51,1.511,1.51,1.511,33.72
2025-01-17 00:35:00,1.511,1.512,1.507,1.507,1599.97
2025-01-17 00:36:00,1.507,1.509,1.506,1.508,5654.07
2025-01-17 00:37:00,1.509,1.509,1.508,1.508,637.89
2025-01-17 00:38:00,1.508,1.515,1.508,1.512,9818.23
2025-01-17 00:39:00,1.511,1.513,1.51,1.512,2598.29
2025-01-17 00:40:00,1.512,1.512,1.511,1.511,395.55
2025-01-17 00:41:00,1.511,1.512,1.511,1.512,159.34
2025-01-17 00:42:00,1.512,1.512,1.51,1.51,31.67
2025-01-17 00:43:00,1.51,1.51,1.509,1.51,365.87
2025-01-17 00:44:00,1.511,1.512,1.511,1.511,32.3
2025-01-17 00:45:00,1.511,1.512,1.511,1.512,389.73
2025-01-17 00:46:00,1.512,1.512,1.511,1.511,52.04
2025-01-17 00:47:00,1.51,1.51,1.508,1.508,33.83
2025-01-17 00:48:00,1.509,1.509,1.508,1.508,311.05
2025-01-17 00:49:00,1.509,1.509,1.509,1.509,33.74
2025-01-17 00:50:00,1.51,1.51,1.51,1.51,18.95
2025-01-17 00:51:00,1.51,1.511,1.509,1.509,118.02
2025-01-17 00:52:00,1.51,1.512,1.51,1.512,72.59
2025-01-17 00:53:00,1.512,1.512,1.511,1.511,143.89
2025-01-17 00:54:00,1.512,1.512,1.512,1.512,14.6
2025-01-17 00:55:00,1.514,1.515,1.513,1.515,1513.86
2025-01-17 00:56:00,1.515,1.515,1.515,1.515,14.55
2025-01-17 00:57:00,1.515,1.517,1.515,1.517,1190.43
2025-01-17 00:58:00,1.518,1.518,1.517,1.517,73.66
2025-01-17 00:59:00,1.517,1.517,1.516,1.516,43.45
2025-01-17 01:00:00,1.518,1.519,1.517,1.519,474.36
2025-01-17 01:01:00,1.52,1.522,1.519,1.519,1995.14
2025-01-17 01:02:00,1.518,1.519,1.518,1.519,146.11
2025-01-17 01:03:00,1.519,1.52,1.519,1.52,276.26
2025-01-17 01:04:00,1.521,1.521,1.52,1.52,32.07
2025-01-17 01:05:00,1.519,1.525,1.519,1.524,3919.56
2025-01-17 01:06:00,1.524,1.528,1.524,1.528,4331.39
2025-01-17 01:07:00,1.526,1.526,1.522,1.522,5378.3
2025-01-17 01:08:00,1.522,1.522,1.521,1.521,1949.06
2025-01-17 01:09:00,1.524,1.525,1.524,1.525,34.75
2025-01-17 01:10:00,1.525,1.525,1.525,1.525,38.03
2025-01-17 01:11:00,1.524,1.524,1.523,1.523,28.9
2025-01-17 01:12:00,1.523,1.523,1.521,1.521,174.55
2025-01-17 01:13:00,1.521,1.521,1.52,1.521,287.47
2025-01-17 01:14:00,1.522,1.523,1.522,1.523,224.29
2025-01-17 01:15:00,1.522,1.524,1.522,1.524,121.38
2025-01-17 01:16:00,1.523,1.523,1.523,1.523,28.75
2025-01-17 01:17:00,1.524,1.524,1.521,1.521,294.12
2025-01-17 01:18:00,1.522,1.523,1.521,1.522,678.98
2025-01-17 01:19:00,1.52,1.524,1.52,1.524,2266.17
2025-01-17 01:20:00,1.521,1.523,1.519,1.522,924.76
2025-01-17 01:21:00,1.521,1.521,1.519,1.519,1111.63
2025-01-17 01:22:00,1.517,1.518,1.517,1.518,345.02
2025-01-17 01:23:00,1.517,1.518,1.517,1.518,28.8
2025-01-17 01:24:00,1.518,1.518,1.517,1.517,28.77
2025-01-17 01:25:00,1.518,1.52,1.518,1.52,28.71
2025-01-17 01:26:00,1.52,1.522,1.52,1.522,1079.56
2025-01-17 01:27:00,1.521,1.522,1.521,1.522,42.95
2025-01-17 01:28:00,1.522,1.524,1.522,1.524,1053.66
2025-01-17 01:29:00,1.522,1.523,1.522,1.523,57.16
2025-01-17 01:30:00,1.523,1.523,1.522,1.522,550.58
2025-01-17 01:31:00,1.523,1.524,1.522,1.524,674.02
2025-01-17 01:32:00,1.524,1.527,1.524,1.526,590.21
2025-01-17 01:33:00,1.528,1.53,1.528,1.529,760.22
2025-01-17 01:34:00,1.531,1.534,1.529,1.533,1049.21
2025-01-17 01:35:00,1.534,1.538,1.534,1.537,518.85
2025-01-17 01:36:00,1.537,1.542,1.537,1.542,2115.49
2025-01-17 01:37:00,1.542,1.543,1.539,1.542,605.73
2025-01-17 01:38:00,1.542,1.544,1.541,1.544,216.93
2025-01-17 01:39:00,1.544,1.545,1.542,1.543,1880.26
2025-01-17 01:40:00,1.543,1.546,1.543,1.544,9779.81
2025-01-17 01:41:00,1.546,1.548,1.544,1.544,2409.08
2025-01-17 01:42:00,1.548,1.548,1.543,1.544,1969.95
2025-01-17 01:43:00,1.546,1.546,1.544,1.544,1023.01
2025-01-17 01:44:00,1.546,1.547,1.546,1.546,493.5
2025-01-17 01:45:00,1.547,1.547,1.543,1.543,1217.15
2025-01-17 01:46:00,1.547,1.549,1.547,1.549,1501.18
2025-01-17 01:47:00,1.549,1.549,1.546,1.547,1360.03
2025-01-17 01:48:00,1.547,1.548,1.539,1.541,16705.96
2025-01-17 01:49:00,1.542,1.542,1.541,1.541,641.21
2025-01-17 01:50:00,1.542,1.542,1.539,1.54,269.0
2025-01-17 01:51:00,1.54,1.546,1.54,1.542,7364.22
2025-01-17 01:52:00,1.543,1.544,1.543,1.543,329.52
2025-01-17 01:53:00,1.542,1.542,1.541,1.542,629.66
2025-01-17 01:54:00,1.543,1.544,1.543,1.544,250.25
2025-01-17 01:55:00,1.544,1.548,1.544,1.548,735.04
2025-01-17 01:56:00,1.548,1.548,1.548,1.548,173.32
2025-01-17 01:57:00,1.548,1.549,1.548,1.549,901.94
2025-01-17 01:58:00,1.549,1.554,1.549,1.553,5062.96
2025-01-17 01:59:00,1.551,1.551,1.549,1.549,69.32
2025-01-17 02:00:00,1.551,1.551,1.549,1.549,58.2
2025-01-17 02:01:00,1.551,1.551,1.548,1.548,401.46
2025-01-17 02:02:00,1.55,1.552,1.547,1.547,2062.03
2025-01-17 02:03:00,1.547,1.548,1.546,1.548,394.69
2025-01-17 02:04:00,1.548,1.548,1.545,1.546,447.62
2025-01-17 02:05:00,1.546,1.547,1.545,1.545,1412.54
2025-01-17 02:06:00,1.544,1.544,1.543,1.544,165.78
2025-01-17 02:07:00,1.544,1.546,1.544,1.545,197.64
2025-01-17 02:08:00,1.545,1.545,1.543,1.544,495.49
2025-01-17 02:09:00,1.543,1.543,1.542,1.543,480.76
2025-01-17 02:10:00,1.544,1.544,1.542,1.543,636.06
2025-01-17 02:11:00,1.542,1.544,1.542,1.543,155.99
2025-01-17 02:12:00,1.543,1.546,1.542,1.546,1699.39
2025-01-17 02:13:00,1.546,1.546,1.545,1.546,132.98
2025-01-17 02:14:00,1.544,1.547,1.544,1.547,1351.36
2025-01-17 02:15:00,1.547,1.55,1.547,1.55,1467.69
2025-01-17 02:16:00,1.55,1.551,1.548,1.548,844.81
2025-01-17 02:17:00,1.547,1.551,1.546,1.551,1029.73
2025-01-17 02:18:00,1.55,1.55,1.549,1.549,201.5
2025-01-17 02:19:00,1.55,1.55,1.548,1.549,1014.38
2025-01-17 02:20:00,1.55,1.551,1.547,1.55,3923.32
2025-01-17 02:21:00,1.55,1.55,1.55,1.55,69.85
2025-01-17 02:22:00,1.55,1.551,1.55,1.551,185.78
2025-01-17 02:23:00,1.552,1.552,1.551,1.552,244.72
2025-01-17 02:24:00,1.552,1.552,1.551,1.551,124.5
2025-01-17 02:25:00,1.552,1.552,1.552,1.552,37.19
2025-01-17 02:26:00,1.552,1.552,1.551,1.551,49.6
2025-01-17 02:27:00,1.551,1.554,1.551,1.554,1588.46
2025-01-17 02:28:00,1.553,1.553,1.551,1.551,575.34
2025-01-17 02:29:00,1.553,1.553,1.551,1.551,144.45
2025-01-17 02:30:00,1.551,1.551,1.549,1.549,257.21
2025-01-17 02:31:00,1.549,1.549,1.547,1.549,1220.86
2025-01-17 02:32:00,1.55,1.55,1.548,1.548,319.94
2025-01-17 02:33:00,1.548,1.548,1.547,1.548,1093.52
2025-01-17 02:34:00,1.547,1.55,1.547,1.55,432.43
2025-01-17 02:35:00,1.547,1.548,1.547,1.548,511.41
2025-01-17 02:36:00,1.548,1.548,1.547,1.547,165.52
2025-01-17 02:37:00,1.547,1.547,1.546,1.546,1040.57
2025-01-17 02:38:00,1.544,1.544,1.544,1.544,28.28
2025-01-17 02:39:00,1.544,1.544,1.544,1.544,28.26
2025-01-17 02:40:00,1.548,1.548,1.546,1.546,350.08
2025-01-17 02:41:00,1.545,1.546,1.545,1.545,80.7
2025-01-17 02:42:00,1.544,1.544,1.543,1.543,1150.17
2025-01-17 02:43:00,1.544,1.545,1.544,1.545,243.12
2025-01-17 02:44:00,1.545,1.545,1.544,1.544,25.61
2025-01-17 02:45:00,1.544,1.544,1.542,1.542,1685.13
2025-01-17 02:46:00,1.541,1.541,1.54,1.54,266.86
2025-01-17 02:47:00,1.541,1.541,1.54,1.54,1422.15
2025-01-17 02:48:00,1.542,1.542,1.538,1.539,432.75
2025-01-17 02:49:00,1.538,1.538,1.536,1.538,1326.29
2025-01-17 02:50:00,1.537,1.539,1.536,1.538,1439.38
2025-01-17 02:51:00,1.537,1.537,1.534,1.535,931.13
2025-01-17 02:52:00,1.535,1.536,1.534,1.536,813.46
2025-01-17 02:53:00,1.535,1.538,1.535,1.536,216.94
2025-01-17 02:54:00,1.538,1.54,1.538,1.54,408.03
2025-01-17 02:55:00,1.539,1.539,1.538,1.539,892.29
2025-01-17 02:56:00,1.539,1.539,1.538,1.539,648.1
2025-01-17 02:57:00,1.538,1.54,1.538,1.539,141.9
2025-01-17 02:58:00,1.54,1.541,1.539,1.541,519.55
2025-01-17 02:59:00,1.541,1.541,1.541,1.541,28.2
2025-01-17 03:00:00,1.542,1.543,1.542,1.543,42.91
2025-01-17 03:01:00,1.543,1.543,1.542,1.543,124.76
2025-01-17 03:02:00,1.542,1.543,1.542,1.543,290.79
2025-01-17 03:03:00,1.543,1.543,1.542,1.542,25.44
2025-01-17 03:04:00,1.542,1.542,1.54,1.54,17.3
2025-01-17 03:05:00,1.54,1.54,1.539,1.539,38.44
2025-01-17 03:06:00,1.538,1.539,1.538,1.539,25.96
2025-01-17 03:07:00,1.537,1.538,1.537,1.538,38.46
2025-01-17 03:08:00,1.538,1.538,1.537,1.537,225.85
2025-01-17 03:09:00,1.539,1.541,1.539,1.541,48.71
2025-01-17 03:10:00,1.54,1.541,1.54,1.541,97.09
2025-01-17 03:11:00,1.54,1.54,1.539,1.539,157.61
2025-01-17 03:12:00,1.537,1.537,1.537,1.537,14.07
2025-01-17 03:13:00,1.537,1.537,1.537,1.537,28.12
2025-01-17 03:14:00,1.536,1.537,1.536,1.537,289.11
2025-01-17 03:15:00,1.536,1.536,1.535,1.535,272.2
2025-01-17 03:16:00,1.535,1.536,1.535,1.536,55.4
2025-01-17 03:17:00,1.535,1.536,1.535,1.536,207.85
2025-01-17 03:18:00,1.536,1.538,1.536,1.538,30.99
2025-01-17 03:19:00,1.538,1.539,1.537,1.537,266.36
2025-01-17 03:20:00,1.539,1.541,1.539,1.54,359.94
2025-01-17 03:21:00,1.54,1.54,1.539,1.539,22.4
2025-01-17 03:22:00,1.539,1.539,1.537,1.538,93.66
2025-01-17 03:23:00,1.539,1.539,1.539,1.539,58.42
2025-01-17 03:24:00,1.539,1.539,1.538,1.538,29.04
2025-01-17 03:25:00,1.539,1.539,1.538,1.538,271.98
2025-01-17 03:26:00,1.538,1.539,1.537,1.537,53.62
2025-01-17 03:27:00,1.536,1.537,1.536,1.537,28.01
2025-01-17 03:28:00,1.538,1.539,1.538,1.539,508.97
2025-01-17 03:29:00,1.54,1.541,1.539,1.539,573.16
2025-01-17 03:30:00,1.541,1.542,1.541,1.542,235.51
2025-01-17 03:31:00,1.541,1.541,1.541,1.541,13.95
2025-01-17 03:32:00,1.542,1.542,1.541,1.541,59.88
2025-01-17 03:33:00,1.541,1.542,1.54,1.542,58.26
2025-01-17 03:34:00,1.541,1.542,1.541,1.541,648.65
2025-01-17 03:35:00,1.541,1.542,1.541,1.542,449.08
2025-01-17 03:36:00,1.543,1.544,1.543,1.544,1653.59
2025-01-17 03:37:00,1.544,1.544,1.543,1.543,31.84
2025-01-17 03:38:00,1.543,1.543,1.542,1.542,50.77
2025-01-17 03:39:00,1.543,1.543,1.542,1.543,32.5
2025-01-17 03:40:00,1.542,1.542,1.542,1.542,27.82
2025-01-17 03:41:00,1.542,1.542,1.541,1.541,28.8
2025-01-17 03:42:00,1.541,1.542,1.54,1.54,522.59
2025-01-17 03:43:00,1.541,1.541,1.54,1.54,81.98
2025-01-17 03:44:00,1.541,1.541,1.54,1.541,236.99
2025-01-17 03:45:00,1.54,1.541,1.54,1.541,203.43
2025-01-17 03:46:00,1.541,1.541,1.537,1.538,1387.91
2025-01-17 03:47:00,1.537,1.537,1.535,1.535,1035.98
2025-01-17 03:48:00,1.536,1.539,1.535,1.538,2122.04
2025-01-17 03:49:00,1.538,1.539,1.538,1.539,30.64
2025-01-17 03:50:00,1.538,1.539,1.537,1.537,47.03
2025-01-17 03:51:00,1.537,1.537,1.535,1.537,284.52
2025-01-17 03:52:00,1.536,1.538,1.536,1.538,418.71
2025-01-17 03:53:00,1.539,1.539,1.537,1.537,322.17
2025-01-17 03:54:00,1.537,1.538,1.537,1.538,130.35
2025-01-17 03:55:00,1.538,1.538,1.537,1.538,152.54
2025-01-17 03:56:00,1.539,1.539,1.538,1.538,194.17
2025-01-17 03:57:00,1.538,1.538,1.536,1.536,40.54
2025-01-17 03:58:00,1.536,1.536,1.536,1.536,38.56
2025-01-17 03:59:00,1.537,1.538,1.537,1.538,179.61
2025-01-17 04:00:00,1.539,1.54,1.538,1.54,91.74
2025-01-17 04:01:00,1.54,1.54,1.538,1.538,711.57
2025-01-17 04:02:00,1.538,1.541,1.538,1.541,54.09
2025-01-17 04:03:00,1.541,1.541,1.541,1.541,79.44
2025-01-17 04:04:00,1.54,1.541,1.54,1.541,145.28
2025-01-17 04:05:00,1.541,1.541,1.538,1.538,69.2
2025-01-17 04:06:00,1.539,1.539,1.538,1.538,79.63
2025-01-17 04:07:00,1.537,1.538,1.537,1.537,41.66
2025-01-17 04:08:00,1.536,1.537,1.535,1.537,266.61
2025-01-17 04:09:00,1.536,1.537,1.536,1.536,92.71
2025-01-17 04:10:00,1.534,1.534,1.533,1.533,883.25
2025-01-17 04:11:00,1.533,1.534,1.533,1.534,38.52
2025-01-17 04:12:00,1.534,1.534,1.534,1.534,27.81
2025-01-17 04:13:00,1.536,1.536,1.536,1.536,47.43
2025-01-17 04:14:00,1.536,1.536,1.536,1.536,20.91
2025-01-17 04:15:00,1.534,1.535,1.534,1.535,288.78
2025-01-17 04:16:00,1.535,1.535,1.534,1.534,27.77
2025-01-17 04:17:00,1.535,1.536,1.535,1.535,59.74
2025-01-17 04:18:00,1.535,1.535,1.534,1.535,82.97
2025-01-17 04:19:00,1.535,1.535,1.533,1.533,225.72
2025-01-17 04:20:00,1.535,1.535,1.535,1.535,13.87
2025-01-17 04:21:00,1.537,1.538,1.536,1.538,161.72
2025-01-17 04:22:00,1.541,1.541,1.54,1.54,47.66
2025-01-17 04:23:00,1.54,1.54,1.539,1.539,58.25
2025-01-17 04:24:00,1.538,1.539,1.538,1.539,274.83
2025-01-17 04:25:00,1.538,1.538,1.537,1.537,48.35
2025-01-17 04:26:00,1.536,1.54,1.536,1.539,21718.32
2025-01-17 04:27:00,1.538,1.538,1.538,1.538,27.8
2025-01-17 04:28:00,1.538,1.542,1.538,1.541,8018.07
2025-01-17 04:29:00,1.541,1.542,1.541,1.542,112.45
2025-01-17 04:30:00,1.543,1.543,1.539,1.539,321.45
2025-01-17 04:31:00,1.541,1.541,1.539,1.54,152.15
2025-01-17 04:32:00,1.54,1.541,1.54,1.541,560.89
2025-01-17 04:33:00,1.542,1.542,1.542,1.542,151.31
2025-01-17 04:34:00,1.541,1.541,1.54,1.54,49.5
2025-01-17 04:35:00,1.54,1.544,1.54,1.542,4560.55
2025-01-17 04:36:00,1.542,1.543,1.542,1.542,494.53
2025-01-17 04:37:00,1.542,1.542,1.542,1.542,27.78
2025-01-17 04:38:00,1.543,1.543,1.542,1.543,412.29
2025-01-17 04:39:00,1.543,1.544,1.543,1.544,41.59
2025-01-17 04:40:00,1.544,1.544,1.543,1.544,102.78
2025-01-17 04:41:00,1.543,1.545,1.543,1.544,31.87
2025-01-17 04:42:00,1.544,1.545,1.544,1.545,34.48
2025-01-17 04:43:00,1.545,1.545,1.545,1.545,337.46
2025-01-17 04:44:00,1.544,1.545,1.544,1.545,117.51
2025-01-17 04:45:00,1.544,1.545,1.543,1.545,255.1
2025-01-17 04:46:00,1.545,1.547,1.545,1.547,3089.97
2025-01-17 04:47:00,1.546,1.549,1.546,1.549,334.94
2025-01-17 04:48:00,1.549,1.549,1.547,1.548,81.17
2025-01-17 04:49:00,1.548,1.549,1.548,1.549,292.71
2025-01-17 04:50:00,1.55,1.551,1.55,1.551,54.29
2025-01-17 04:51:00,1.55,1.552,1.55,1.552,323.63
2025-01-17 04:52:00,1.552,1.554,1.552,1.554,34.11
2025-01-17 04:53:00,1.554,1.555,1.554,1.554,190.35
2025-01-17 04:54:00,1.554,1.554,1.554,1.554,24.19
2025-01-17 04:55:00,1.554,1.554,1.552,1.553,359.29
2025-01-17 04:56:00,1.552,1.552,1.551,1.552,1204.71
2025-01-17 04:57:00,1.552,1.552,1.552,1.552,116.0
2025-01-17 04:58:00,1.552,1.552,1.552,1.552,31.01
2025-01-17 04:59:00,1.551,1.552,1.551,1.552,20.28
2025-01-17 05:00:00,1.55,1.551,1.55,1.551,27.53
2025-01-17 05:01:00,1.551,1.553,1.551,1.551,410.56
2025-01-17 05:02:00,1.55,1.55,1.55,1.55,733.76
2025-01-17 05:03:00,1.55,1.55,1.549,1.549,929.79
2025-01-17 05:04:00,1.548,1.548,1.548,1.548,17.72
2025-01-17 05:05:00,1.547,1.547,1.547,1.547,23.36
2025-01-17 05:06:00,1.548,1.549,1.547,1.549,260.88
2025-01-17 05:07:00,1.549,1.551,1.549,1.551,131.59
2025-01-17 05:08:00,1.551,1.551,1.551,1.551,112.48
2025-01-17 05:09:00,1.551,1.551,1.55,1.55,27.49
2025-01-17 05:10:00,1.551,1.552,1.551,1.552,191.75
2025-01-17 05:11:00,1.55,1.551,1.55,1.55,127.48
2025-01-17 05:12:00,1.551,1.553,1.55,1.55,2486.31
2025-01-17 05:13:00,1.55,1.551,1.55,1.551,50.05
2025-01-17 05:14:00,1.551,1.551,1.55,1.55,31.55
2025-01-17 05:15:00,1.55,1.552,1.55,1.552,294.28
2025-01-17 05:16:00,1.552,1.552,1.549,1.549,175.57
2025-01-17 05:17:00,1.549,1.549,1.547,1.547,27.51
2025-01-17 05:18:00,1.547,1.549,1.547,1.548,430.73
2025-01-17 05:19:00,1.548,1.548,1.547,1.547,47.65
2025-01-17 05:20:00,1.547,1.547,1.547,1.547,1553.29
2025-01-17 05:21:00,1.548,1.548,1.546,1.546,677.65
2025-01-17 05:22:00,1.546,1.547,1.546,1.547,1223.66
2025-01-17 05:23:00,1.547,1.547,1.547,1.547,13.76
2025-01-17 05:24:00,1.547,1.547,1.547,1.547,13.76
2025-01-17 05:25:00,1.547,1.547,1.547,1.547,27.52
2025-01-17 05:26:00,1.547,1.547,1.546,1.546,1229.97
2025-01-17 05:27:00,1.546,1.546,1.546,1.546,105.27
2025-01-17 05:28:00,1.547,1.547,1.547,1.547,17.35
2025-01-17 05:29:00,1.547,1.547,1.547,1.547,13.75
2025-01-17 05:30:00,1.547,1.549,1.547,1.549,822.79
2025-01-17 05:31:00,1.549,1.55,1.549,1.549,483.11
2025-01-17 05:32:00,1.548,1.548,1.548,1.548,40.76
2025-01-17 05:33:00,1.548,1.55,1.548,1.549,2638.87
2025-01-17 05:34:00,1.549,1.553,1.549,1.552,1828.94
2025-01-17 05:35:00,1.552,1.552,1.551,1.551,27.43
2025-01-17 05:36:00,1.55,1.55,1.55,1.55,27.44
2025-01-17 05:37:00,1.55,1.55,1.549,1.549,54.09
2025-01-17 05:38:00,1.549,1.549,1.546,1.546,430.46
2025-01-17 05:39:00,1.547,1.548,1.547,1.548,342.81
2025-01-17 05:40:00,1.549,1.549,1.548,1.549,21.91
2025-01-17 05:41:00,1.549,1.549,1.548,1.548,1637.23
2025-01-17 05:42:00,1.549,1.549,1.547,1.547,35.07
2025-01-17 05:43:00,1.546,1.547,1.546,1.547,41.14
2025-01-17 05:44:00,1.547,1.547,1.547,1.547,813.78
2025-01-17 05:45:00,1.547,1.55,1.547,1.55,277.29
2025-01-17 05:46:00,1.55,1.55,1.55,1.55,24.92
2025-01-17 05:47:00,1.55,1.55,1.549,1.549,1490.47
2025-01-17 05:48:00,1.549,1.551,1.549,1.551,102.81
2025-01-17 05:49:00,1.551,1.552,1.551,1.552,32.35
2025-01-17 05:50:00,1.552,1.552,1.552,1.552,31.93
2025-01-17 05:51:00,1.553,1.554,1.553,1.553,45.76
2025-01-17 05:52:00,1.553,1.553,1.553,1.553,21.67
2025-01-17 05:53:00,1.553,1.553,1.552,1.552,2011.22
2025-01-17 05:54:00,1.553,1.553,1.552,1.552,63.15
2025-01-17 05:55:00,1.552,1.553,1.551,1.551,1078.01
2025-01-17 05:56:00,1.552,1.552,1.552,1.552,163.76
2025-01-17 05:57:00,1.551,1.551,1.551,1.551,27.38
2025-01-17 05:58:00,1.551,1.552,1.551,1.551,251.7
2025-01-17 05:59:00,1.552,1.552,1.551,1.551,381.66
2025-01-17 06:00:00,1.551,1.552,1.55,1.55,329.93
2025-01-17 06:01:00,1.55,1.55,1.55,1.55,163.69
2025-01-17 06:02:00,1.55,1.55,1.55,1.55,238.69
2025-01-17 06:03:00,1.55,1.552,1.55,1.552,487.96
2025-01-17 06:04:00,1.552,1.552,1.55,1.55,381.87
2025-01-17 06:05:00,1.549,1.55,1.549,1.55,49.99
2025-01-17 06:06:00,1.55,1.551,1.55,1.551,156.21
2025-01-17 06:07:00,1.551,1.551,1.551,1.551,41.04
2025-01-17 06:08:00,1.551,1.551,1.55,1.55,59.78
2025-01-17 06:09:00,1.551,1.552,1.551,1.552,27.33
2025-01-17 06:10:00,1.553,1.553,1.552,1.552,65.81
2025-01-17 06:11:00,1.553,1.553,1.552,1.552,40.97
2025-01-17 06:12:00,1.553,1.553,1.552,1.553,40.95
2025-01-17 06:13:00,1.555,1.555,1.554,1.554,485.24
2025-01-17 06:14:00,1.554,1.554,1.554,1.554,57.79
2025-01-17 06:15:00,1.554,1.555,1.554,1.555,335.24
2025-01-17 06:16:00,1.555,1.555,1.554,1.555,1370.32
2025-01-17 06:17:00,1.555,1.555,1.555,1.555,27.26
2025-01-17 06:18:00,1.556,1.557,1.556,1.557,454.86
2025-01-17 06:19:00,1.557,1.559,1.556,1.559,937.08
2025-01-17 06:20:00,1.558,1.559,1.558,1.558,697.96
2025-01-17 06:21:00,1.558,1.558,1.556,1.556,265.44
2025-01-17 06:22:00,1.555,1.557,1.555,1.557,629.27
2025-01-17 06:23:00,1.556,1.557,1.555,1.557,801.14
2025-01-17 06:24:00,1.557,1.557,1.554,1.554,227.23
2025-01-17 06:25:00,1.554,1.554,1.553,1.553,255.51
2025-01-17 06:26:00,1.554,1.554,1.553,1.553,141.01
2025-01-17 06:27:00,1.553,1.553,1.553,1.553,20.06
2025-01-17 06:28:00,1.553,1.554,1.553,1.553,154.55
2025-01-17 06:29:00,1.553,1.554,1.553,1.554,139.7
2025-01-17 06:30:00,1.554,1.554,1.554,1.554,374.62
2025-01-17 06:31:00,1.552,1.555,1.552,1.554,480.34
2025-01-17 06:32:00,1.555,1.555,1.553,1.553,127.58
2025-01-17 06:33:00,1.554,1.555,1.553,1.553,217.4
2025-01-17 06:34:00,1.553,1.554,1.552,1.554,211.86
2025-01-17 06:35:00,1.553,1.554,1.552,1.552,187.33
2025-01-17 06:36:00,1.552,1.553,1.552,1.553,207.15
2025-01-17 06:37:00,1.552,1.553,1.551,1.553,370.71
2025-01-17 06:38:00,1.552,1.552,1.551,1.551,59.99
2025-01-17 06:39:00,1.553,1.553,1.552,1.552,425.98
2025-01-17 06:40:00,1.554,1.554,1.552,1.553,1567.83
2025-01-17 06:41:00,1.554,1.554,1.553,1.553,106.27
2025-01-17 06:42:00,1.553,1.554,1.553,1.553,222.32
2025-01-17 06:43:00,1.553,1.553,1.553,1.553,13.61
2025-01-17 06:44:00,1.553,1.555,1.553,1.555,423.24
2025-01-17 06:45:00,1.553,1.553,1.551,1.551,472.62
2025-01-17 06:46:00,1.551,1.551,1.551,1.551,49.86
2025-01-17 06:47:00,1.551,1.551,1.547,1.547,1186.11
2025-01-17 06:48:00,1.547,1.549,1.547,1.548,46.92
2025-01-17 06:49:00,1.548,1.549,1.547,1.548,11633.49
2025-01-17 06:50:00,1.548,1.549,1.548,1.549,447.29
2025-01-17 06:51:00,1.549,1.549,1.549,1.549,29.65
2025-01-17 06:52:00,1.549,1.55,1.549,1.55,46.06
2025-01-17 06:53:00,1.549,1.55,1.549,1.55,27.33
2025-01-17 06:54:00,1.55,1.55,1.55,1.55,23.88
2025-01-17 06:55:00,1.552,1.552,1.552,1.552,36.37
2025-01-17 06:56:00,1.552,1.552,1.55,1.55,321.66
2025-01-17 06:57:00,1.55,1.552,1.55,1.552,336.84
2025-01-17 06:58:00,1.552,1.552,1.552,1.552,30.92
2025-01-17 06:59:00,1.553,1.554,1.552,1.554,854.47
2025-01-17 07:00:00,1.553,1.554,1.553,1.554,37.86
2025-01-17 07:01:00,1.554,1.557,1.554,1.557,438.46
2025-01-17 07:02:00,1.556,1.556,1.554,1.554,358.45
2025-01-17 07:03:00,1.553,1.553,1.552,1.552,80.63
2025-01-17 07:04:00,1.552,1.553,1.552,1.553,160.27
2025-01-17 07:05:00,1.553,1.555,1.553,1.555,572.68
2025-01-17 07:06:00,1.554,1.554,1.553,1.553,332.17
2025-01-17 07:07:00,1.553,1.553,1.552,1.553,1040.99
2025-01-17 07:08:00,1.553,1.553,1.553,1.553,40.83
2025-01-17 07:09:00,1.555,1.556,1.553,1.556,1307.12
2025-01-17 07:10:00,1.556,1.556,1.555,1.555,1768.17
2025-01-17 07:11:00,1.556,1.556,1.556,1.556,568.88
2025-01-17 07:12:00,1.556,1.556,1.554,1.555,336.46
2025-01-17 07:13:00,1.554,1.555,1.554,1.555,93.56
2025-01-17 07:14:00,1.556,1.556,1.555,1.555,308.16
2025-01-17 07:15:00,1.555,1.557,1.555,1.557,361.9
2025-01-17 07:16:00,1.557,1.557,1.557,1.557,13.58
2025-01-17 07:17:00,1.557,1.557,1.556,1.557,213.87
2025-01-17 07:18:00,1.556,1.556,1.556,1.556,68.64
2025-01-17 07:19:00,1.557,1.557,1.557,1.557,41.47
2025-01-17 07:20:00,1.558,1.559,1.557,1.558,114.63
2025-01-17 07:21:00,1.558,1.559,1.557,1.559,354.43
2025-01-17 07:22:00,1.559,1.56,1.559,1.56,397.13
2025-01-17 07:23:00,1.559,1.56,1.559,1.56,1880.94
2025-01-17 07:24:00,1.56,1.561,1.56,1.561,716.42
2025-01-17 07:25:00,1.561,1.561,1.561,1.561,1538.46
2025-01-17 07:26:00,1.561,1.561,1.56,1.56,1700.53
2025-01-17 07:27:00,1.559,1.559,1.559,1.559,266.63
2025-01-17 07:28:00,1.559,1.559,1.559,1.559,13.55
2025-01-17 07:29:00,1.559,1.559,1.558,1.559,140.66
2025-01-17 07:30:00,1.56,1.56,1.559,1.559,304.04
2025-01-17 07:31:00,1.56,1.56,1.559,1.56,86.87
2025-01-17 07:32:00,1.559,1.56,1.559,1.56,31.39
2025-01-17 07:33:00,1.56,1.565,1.56,1.565,6511.97
2025-01-17 07:34:00,1.565,1.565,1.563,1.563,756.41
2025-01-17 07:35:00,1.562,1.563,1.562,1.563,335.89
2025-01-17 07:36:00,1.563,1.563,1.563,1.563,304.89
2025-01-17 07:37:00,1.562,1.562,1.561,1.561,2163.94
2025-01-17 07:38:00,1.563,1.563,1.561,1.561,3576.12
2025-01-17 07:39:00,1.563,1.563,1.562,1.563,110.43
2025-01-17 07:40:00,1.563,1.566,1.563,1.566,69.4
2025-01-17 07:41:00,1.566,1.57,1.565,1.568,2158.14
2025-01-17 07:42:00,1.569,1.57,1.568,1.568,166.28
2025-01-17 07:43:00,1.566,1.566,1.564,1.566,617.01
2025-01-17 07:44:00,1.565,1.566,1.564,1.564,136.1
2025-01-17 07:45:00,1.564,1.565,1.563,1.563,1643.86
2025-01-17 07:46:00,1.563,1.563,1.562,1.562,520.86
2025-01-17 07:47:00,1.562,1.562,1.562,1.562,56.82
2025-01-17 07:48:00,1.562,1.565,1.562,1.565,98.88
2025-01-17 07:49:00,1.565,1.565,1.564,1.564,36.7
2025-01-17 07:50:00,1.564,1.565,1.561,1.562,295.24
2025-01-17 07:51:00,1.561,1.561,1.559,1.559,198.03
2025-01-17 07:52:00,1.559,1.56,1.559,1.56,112.25
2025-01-17 07:53:00,1.56,1.56,1.558,1.558,66.07
2025-01-17 07:54:00,1.559,1.559,1.556,1.556,3891.58
2025-01-17 07:55:00,1.555,1.555,1.555,1.555,254.78
2025-01-17 07:56:00,1.554,1.557,1.554,1.557,63.75
2025-01-17 07:57:00,1.556,1.556,1.556,1.556,82.79
2025-01-17 07:58:00,1.556,1.556,1.556,1.556,27.18
2025-01-17 07:59:00,1.555,1.556,1.555,1.556,38.66
2025-01-17 08:00:00,1.557,1.562,1.557,1.562,3715.55
2025-01-17 08:01:00,1.562,1.563,1.56,1.561,781.97
2025-01-17 08:02:00,1.562,1.562,1.56,1.561,198.02
2025-01-17 08:03:00,1.56,1.56,1.557,1.558,856.22
2025-01-17 08:04:00,1.559,1.562,1.557,1.559,2298.45
2025-01-17 08:05:00,1.559,1.56,1.559,1.56,849.59
2025-01-17 08:06:00,1.56,1.561,1.558,1.559,196.28
2025-01-17 08:07:00,1.561,1.561,1.559,1.56,2180.37
2025-01-17 08:08:00,1.559,1.559,1.557,1.557,1601.0
2025-01-17 08:09:00,1.556,1.556,1.555,1.555,406.74
2025-01-17 08:10:00,1.555,1.555,1.553,1.555,1302.87
2025-01-17 08:11:00,1.553,1.556,1.553,1.556,1769.35
2025-01-17 08:12:00,1.554,1.556,1.554,1.556,288.95
2025-01-17 08:13:00,1.555,1.555,1.554,1.554,59.2
2025-01-17 08:14:00,1.553,1.554,1.552,1.553,711.03
2025-01-17 08:15:00,1.553,1.554,1.552,1.552,1003.59
2025-01-17 08:16:00,1.553,1.554,1.553,1.553,617.01
2025-01-17 08:17:00,1.553,1.553,1.553,1.553,33.72
2025-01-17 08:18:00,1.554,1.555,1.554,1.554,83.78
2025-01-17 08:19:00,1.554,1.554,1.553,1.554,536.67
2025-01-17 08:20:00,1.553,1.553,1.553,1.553,77.44
2025-01-17 08:21:00,1.554,1.554,1.553,1.553,983.65
2025-01-17 08:22:00,1.552,1.552,1.551,1.551,1735.93
2025-01-17 08:23:00,1.552,1.554,1.551,1.551,3322.49
2025-01-17 08:24:00,1.551,1.552,1.55,1.551,1851.49
2025-01-17 08:25:00,1.55,1.55,1.547,1.549,858.82
2025-01-17 08:26:00,1.55,1.551,1.55,1.55,252.67
2025-01-17 08:27:00,1.552,1.553,1.552,1.553,1027.13
2025-01-17 08:28:00,1.552,1.553,1.551,1.553,266.5
2025-01-17 08:29:00,1.552,1.553,1.552,1.552,385.89
2025-01-17 08:30:00,1.554,1.56,1.554,1.559,4278.81
2025-01-17 08:31:00,1.56,1.564,1.56,1.561,4750.54
2025-01-17 08:32:00,1.56,1.563,1.56,1.563,390.67
2025-01-17 08:33:00,1.564,1.564,1.563,1.564,337.61
2025-01-17 08:34:00,1.565,1.567,1.565,1.566,684.33
2025-01-17 08:35:00,1.567,1.567,1.565,1.565,741.94
2025-01-17 08:36:00,1.565,1.565,1.564,1.565,90.6
2025-01-17 08:37:00,1.565,1.565,1.563,1.563,1063.06
2025-01-17 08:38:00,1.562,1.562,1.561,1.561,1428.89
2025-01-17 08:39:00,1.56,1.56,1.558,1.558,4325.12
2025-01-17 08:40:00,1.559,1.56,1.558,1.558,116.29
2025-01-17 08:41:00,1.557,1.559,1.557,1.559,541.52
2025-01-17 08:42:00,1.56,1.56,1.558,1.558,135.19
2025-01-17 08:43:00,1.558,1.56,1.558,1.56,84.68
2025-01-17 08:44:00,1.56,1.562,1.559,1.561,1605.03
2025-01-17 08:45:00,1.56,1.561,1.557,1.558,3684.64
2025-01-17 08:46:00,1.558,1.56,1.557,1.56,555.51
2025-01-17 08:47:00,1.559,1.559,1.557,1.558,773.55
2025-01-17 08:48:00,1.559,1.56,1.558,1.559,824.07
2025-01-17 08:49:00,1.56,1.563,1.559,1.563,879.4
2025-01-17 08:50:00,1.562,1.562,1.561,1.562,203.08
2025-01-17 08:51:00,1.563,1.565,1.563,1.564,314.16
2025-01-17 08:52:00,1.564,1.565,1.563,1.563,307.78
2025-01-17 08:53:00,1.563,1.566,1.562,1.566,646.9
2025-01-17 08:54:00,1.567,1.568,1.566,1.567,530.17
2025-01-17 08:55:00,1.568,1.57,1.568,1.57,892.44
2025-01-17 08:56:00,1.568,1.568,1.566,1.567,259.27
2025-01-17 08:57:00,1.569,1.569,1.567,1.567,297.36
2025-01-17 08:58:00,1.568,1.57,1.568,1.57,572.89
2025-01-17 08:59:00,1.57,1.57,1.57,1.57,17.49
2025-01-17 09:00:00,1.571,1.573,1.57,1.571,2934.42
2025-01-17 09:01:00,1.571,1.572,1.57,1.571,458.6
2025-01-17 09:02:00,1.572,1.572,1.568,1.568,414.0
2025-01-17 09:03:00,1.568,1.57,1.568,1.568,152.99
2025-01-17 09:04:00,1.567,1.569,1.567,1.567,553.69
2025-01-17 09:05:00,1.567,1.567,1.565,1.565,675.87
2025-01-17 09:06:00,1.566,1.568,1.564,1.565,5336.44
2025-01-17 09:07:00,1.566,1.566,1.565,1.566,134.62
2025-01-17 09:08:00,1.566,1.567,1.566,1.567,41.99
2025-01-17 09:09:00,1.566,1.569,1.566,1.569,309.86
2025-01-17 09:10:00,1.569,1.569,1.567,1.567,27.39
2025-01-17 09:11:00,1.566,1.566,1.563,1.563,1240.01
2025-01-17 09:12:00,1.565,1.566,1.565,1.566,121.92
2025-01-17 09:13:00,1.567,1.567,1.566,1.566,26.29
2025-01-17 09:14:00,1.566,1.567,1.566,1.567,57.09
2025-01-17 09:15:00,1.566,1.566,1.566,1.566,552.51
2025-01-17 09:16:00,1.566,1.566,1.566,1.566,39.23
2025-01-17 09:17:00,1.564,1.564,1.563,1.563,33.1
2025-01-17 09:18:00,1.564,1.565,1.563,1.563,311.51
2025-01-17 09:19:00,1.563,1.563,1.563,1.563,307.69
2025-01-17 09:20:00,1.561,1.561,1.561,1.561,606.97
2025-01-17 09:21:00,1.56,1.564,1.56,1.563,256.43
2025-01-17 09:22:00,1.565,1.565,1.564,1.564,78.22
2025-01-17 09:23:00,1.563,1.563,1.562,1.562,27.1
2025-01-17 09:24:00,1.564,1.564,1.562,1.562,313.55
2025-01-17 09:25:00,1.562,1.562,1.562,1.562,13.55
2025-01-17 09:26:00,1.562,1.562,1.561,1.561,77.85
2025-01-17 09:27:00,1.561,1.563,1.561,1.562,263.42
2025-01-17 09:28:00,1.562,1.563,1.562,1.563,1572.93
2025-01-17 09:29:00,1.562,1.563,1.562,1.563,46.28
2025-01-17 09:30:00,1.564,1.566,1.564,1.565,300.04
2025-01-17 09:31:00,1.566,1.567,1.566,1.566,89.48
2025-01-17 09:32:00,1.565,1.565,1.564,1.564,58.44
2025-01-17 09:33:00,1.565,1.566,1.563,1.563,1396.28
2025-01-17 09:34:00,1.563,1.565,1.562,1.565,1565.45
2025-01-17 09:35:00,1.565,1.567,1.565,1.567,147.08
2025-01-17 09:36:00,1.566,1.567,1.566,1.567,205.72
2025-01-17 09:37:00,1.568,1.568,1.568,1.568,48.77
2025-01-17 09:38:00,1.567,1.567,1.567,1.567,27.0
2025-01-17 09:39:00,1.567,1.569,1.567,1.569,210.31
2025-01-17 09:40:00,1.57,1.57,1.569,1.57,188.85
2025-01-17 09:41:00,1.57,1.57,1.569,1.569,233.11
2025-01-17 09:42:00,1.569,1.57,1.568,1.569,634.78
2025-01-17 09:43:00,1.569,1.569,1.565,1.565,988.44
2025-01-17 09:44:00,1.565,1.566,1.565,1.566,171.71
2025-01-17 09:45:00,1.567,1.568,1.566,1.567,745.72
2025-01-17 09:46:00,1.567,1.567,1.566,1.566,63.26
2025-01-17 09:47:00,1.566,1.566,1.566,1.566,49.89
2025-01-17 09:48:00,1.566,1.567,1.566,1.567,212.53
2025-01-17 09:49:00,1.566,1.567,1.566,1.567,23.22
2025-01-17 09:50:00,1.567,1.568,1.567,1.568,96.0
2025-01-17 09:51:00,1.568,1.569,1.567,1.569,244.82
2025-01-17 09:52:00,1.569,1.569,1.569,1.569,20.74
2025-01-17 09:53:00,1.569,1.569,1.568,1.568,5441.83
2025-01-17 09:54:00,1.567,1.568,1.567,1.568,566.3
2025-01-17 09:55:00,1.568,1.568,1.567,1.567,2641.71
2025-01-17 09:56:00,1.566,1.566,1.566,1.566,50.0
2025-01-17 09:57:00,1.567,1.567,1.566,1.567,788.92
2025-01-17 09:58:00,1.568,1.568,1.567,1.567,489.94
2025-01-17 09:59:00,1.567,1.567,1.567,1.567,27.0
2025-01-17 10:00:00,1.567,1.567,1.567,1.567,200.91
2025-01-17 10:01:00,1.567,1.568,1.567,1.568,900.71
2025-01-17 10:02:00,1.567,1.567,1.566,1.566,53.58
2025-01-17 10:03:00,1.567,1.567,1.567,1.567,347.51
2025-01-17 10:04:00,1.567,1.569,1.567,1.568,126.97
2025-01-17 10:05:00,1.569,1.569,1.566,1.566,1244.69
2025-01-17 10:06:00,1.567,1.567,1.567,1.567,599.1
2025-01-17 10:07:00,1.566,1.568,1.566,1.568,620.1
2025-01-17 10:08:00,1.568,1.568,1.567,1.567,176.09
2025-01-17 10:09:00,1.566,1.566,1.565,1.565,43.61
2025-01-17 10:10:00,1.565,1.568,1.565,1.568,264.68
2025-01-17 10:11:00,1.567,1.568,1.565,1.568,193.24
2025-01-17 10:12:00,1.568,1.577,1.568,1.577,13202.45
2025-01-17 10:13:00,1.576,1.58,1.575,1.579,2823.47
2025-01-17 10:14:00,1.579,1.582,1.579,1.581,1661.98
2025-01-17 10:15:00,1.579,1.581,1.579,1.581,371.04
2025-01-17 10:16:00,1.582,1.582,1.58,1.58,422.12
2025-01-17 10:17:00,1.579,1.582,1.579,1.581,120.95
2025-01-17 10:18:00,1.583,1.583,1.58,1.58,295.42
2025-01-17 10:19:00,1.576,1.578,1.576,1.577,1230.1
2025-01-17 10:20:00,1.578,1.578,1.577,1.578,777.18
2025-01-17 10:21:00,1.578,1.578,1.574,1.574,211.31
2025-01-17 10:22:00,1.575,1.577,1.575,1.576,123.25
2025-01-17 10:23:00,1.575,1.575,1.574,1.575,4553.74
2025-01-17 10:24:00,1.573,1.575,1.573,1.573,404.74
2025-01-17 10:25:00,1.573,1.575,1.573,1.574,89.42
2025-01-17 10:26:00,1.574,1.575,1.574,1.575,26.89
2025-01-17 10:27:00,1.575,1.575,1.572,1.572,1775.26
2025-01-17 10:28:00,1.572,1.572,1.572,1.572,96.93
2025-01-17 10:29:00,1.573,1.574,1.573,1.573,603.92
2025-01-17 10:30:00,1.572,1.572,1.57,1.57,741.15
2025-01-17 10:31:00,1.571,1.571,1.571,1.571,17.43
2025-01-17 10:32:00,1.572,1.575,1.572,1.574,83.22
2025-01-17 10:33:00,1.574,1.577,1.574,1.577,594.86
2025-01-17 10:34:00,1.577,1.577,1.576,1.577,30.89
2025-01-17 10:35:00,1.577,1.577,1.576,1.576,309.83
2025-01-17 10:36:00,1.575,1.576,1.575,1.576,156.47
2025-01-17 10:37:00,1.575,1.576,1.575,1.576,914.51
2025-01-17 10:38:00,1.576,1.576,1.574,1.574,7374.09
2025-01-17 10:39:00,1.575,1.576,1.575,1.576,26.89
2025-01-17 10:40:00,1.579,1.579,1.579,1.579,63.51
2025-01-17 10:41:00,1.579,1.583,1.579,1.581,3451.98
2025-01-17 10:42:00,1.581,1.582,1.581,1.582,26.04
2025-01-17 10:43:00,1.582,1.583,1.582,1.582,101.44
2025-01-17 10:44:00,1.582,1.582,1.581,1.582,72.1
2025-01-17 10:45:00,1.582,1.582,1.58,1.58,8261.55
2025-01-17 10:46:00,1.58,1.581,1.58,1.581,60.89
2025-01-17 10:47:00,1.582,1.583,1.582,1.582,402.55
2025-01-17 10:48:00,1.582,1.586,1.582,1.585,1209.0
2025-01-17 10:49:00,1.586,1.587,1.585,1.586,1400.51
2025-01-17 10:50:00,1.585,1.585,1.584,1.585,1274.21
2025-01-17 10:51:00,1.585,1.586,1.584,1.585,2248.2
2025-01-17 10:52:00,1.584,1.584,1.584,1.584,42.1
2025-01-17 10:53:00,1.584,1.585,1.584,1.585,65.64
2025-01-17 10:54:00,1.585,1.587,1.585,1.586,803.9
2025-01-17 10:55:00,1.586,1.586,1.585,1.586,108.23
2025-01-17 10:56:00,1.586,1.587,1.586,1.586,748.61
2025-01-17 10:57:00,1.587,1.587,1.587,1.587,1718.19
2025-01-17 10:58:00,1.587,1.588,1.586,1.588,1452.24
2025-01-17 10:59:00,1.587,1.588,1.587,1.588,60.09
2025-01-17 11:00:00,1.588,1.589,1.588,1.588,393.06
2025-01-17 11:01:00,1.588,1.588,1.583,1.583,1139.29
2025-01-17 11:02:00,1.585,1.586,1.583,1.583,919.69
2025-01-17 11:03:00,1.583,1.583,1.583,1.583,22.25
2025-01-17 11:04:00,1.583,1.583,1.582,1.582,165.59
2025-01-17 11:05:00,1.582,1.582,1.581,1.582,247.44
2025-01-17 11:06:00,1.583,1.584,1.582,1.582,90.82
2025-01-17 11:07:00,1.581,1.581,1.579,1.579,1745.25
2025-01-17 11:08:00,1.579,1.579,1.579,1.579,13.42
2025-01-17 11:09:00,1.582,1.583,1.582,1.582,258.03
2025-01-17 11:10:00,1.584,1.585,1.584,1.584,77.82
2025-01-17 11:11:00,1.584,1.584,1.582,1.582,56.73
2025-01-17 11:12:00,1.582,1.582,1.58,1.581,2077.1
2025-01-17 11:13:00,1.582,1.582,1.581,1.581,17.43
2025-01-17 11:14:00,1.582,1.583,1.582,1.582,44.21
2025-01-17 11:15:00,1.583,1.583,1.582,1.583,266.99
2025-01-17 11:16:00,1.583,1.587,1.583,1.586,1291.56
2025-01-17 11:17:00,1.586,1.59,1.585,1.589,2753.04
2025-01-17 11:18:00,1.59,1.592,1.589,1.592,1895.69
2025-01-17 11:19:00,1.591,1.592,1.59,1.59,1125.48
2025-01-17 11:20:00,1.591,1.6,1.591,1.6,26030.39
2025-01-17 11:21:00,1.599,1.6,1.595,1.596,1311.27
2025-01-17 11:22:00,1.596,1.598,1.595,1.595,4274.17
2025-01-17 11:23:00,1.597,1.597,1.595,1.595,707.05
2025-01-17 11:24:00,1.595,1.598,1.595,1.596,794.58
2025-01-17 11:25:00,1.596,1.596,1.593,1.594,1102.36
2025-01-17 11:26:00,1.594,1.595,1.594,1.595,240.17
2025-01-17 11:27:00,1.594,1.595,1.594,1.594,536.93
2025-01-17 11:28:00,1.593,1.596,1.593,1.593,1546.13
2025-01-17 11:29:00,1.593,1.594,1.593,1.593,30.14
2025-01-17 11:30:00,1.594,1.597,1.594,1.594,5621.9
2025-01-17 11:31:00,1.593,1.594,1.591,1.591,1560.31
2025-01-17 11:32:00,1.592,1.597,1.592,1.596,10030.2
2025-01-17 11:33:00,1.596,1.6,1.594,1.6,3451.82
2025-01-17 11:34:00,1.6,1.602,1.599,1.6,5060.61
2025-01-17 11:35:00,1.6,1.6,1.597,1.598,1496.46
2025-01-17 11:36:00,1.6,1.6,1.599,1.6,128.03
2025-01-17 11:37:00,1.599,1.602,1.598,1.601,10036.98
2025-01-17 11:38:00,1.6,1.6,1.599,1.6,104.33
2025-01-17 11:39:00,1.6,1.602,1.599,1.601,2231.7
2025-01-17 11:40:00,1.6,1.601,1.6,1.601,301.05
2025-01-17 11:41:00,1.602,1.602,1.599,1.599,2357.98
2025-01-17 11:42:00,1.599,1.601,1.599,1.6,1150.23
2025-01-17 11:43:00,1.6,1.601,1.6,1.6,405.75
2025-01-17 11:44:00,1.601,1.601,1.599,1.599,525.56
2025-01-17 11:45:00,1.599,1.6,1.597,1.6,1358.43
2025-01-17 11:46:00,1.599,1.6,1.598,1.598,1434.39
2025-01-17 11:47:00,1.598,1.6,1.598,1.599,1183.01
2025-01-17 11:48:00,1.598,1.6,1.597,1.599,421.86
2025-01-17 11:49:00,1.6,1.6,1.599,1.599,774.22
2025-01-17 11:50:00,1.599,1.601,1.599,1.6,525.88
2025-01-17 11:51:00,1.601,1.602,1.6,1.601,3648.57
2025-01-17 11:52:00,1.601,1.601,1.595,1.597,16404.53
2025-01-17 11:53:00,1.597,1.599,1.597,1.597,1829.05
2025-01-17 11:54:00,1.597,1.597,1.594,1.594,208.52
2025-01-17 11:55:00,1.595,1.595,1.593,1.593,777.19
2025-01-17 11:56:00,1.593,1.593,1.591,1.591,767.91
2025-01-17 11:57:00,1.591,1.595,1.591,1.594,2991.56
2025-01-17 11:58:00,1.593,1.594,1.592,1.593,129.83
2025-01-17 11:59:00,1.596,1.596,1.592,1.592,1337.03
2025-01-17 12:00:00,1.592,1.592,1.588,1.588,2309.62
2025-01-17 12:01:00,1.587,1.588,1.583,1.585,4970.43
2025-01-17 12:02:00,1.585,1.587,1.585,1.586,1548.96
2025-01-17 12:03:00,1.584,1.585,1.584,1.584,51.08
2025-01-17 12:04:00,1.584,1.587,1.583,1.587,4443.32
2025-01-17 12:05:00,1.586,1.586,1.585,1.585,797.1
2025-01-17 12:06:00,1.586,1.587,1.584,1.584,1713.78
2025-01-17 12:07:00,1.583,1.589,1.583,1.589,1258.3
2025-01-17 12:08:00,1.588,1.59,1.587,1.59,2662.27
2025-01-17 12:09:00,1.589,1.593,1.589,1.593,2504.91
2025-01-17 12:10:00,1.593,1.595,1.592,1.593,2893.57
2025-01-17 12:11:00,1.593,1.594,1.592,1.594,2111.22
2025-01-17 12:12:00,1.594,1.598,1.594,1.595,2391.14
2025-01-17 12:13:00,1.597,1.599,1.597,1.598,6740.52
2025-01-17 12:14:00,1.597,1.6,1.596,1.6,4251.02
2025-01-17 12:15:00,1.6,1.603,1.599,1.599,20138.57
2025-01-17 12:16:00,1.599,1.599,1.597,1.597,2374.18
2025-01-17 12:17:00,1.598,1.598,1.597,1.598,575.48
2025-01-17 12:18:00,1.598,1.599,1.597,1.599,263.19
2025-01-17 12:19:00,1.6,1.601,1.6,1.6,3076.37
2025-01-17 12:20:00,1.598,1.601,1.598,1.6,1490.82
2025-01-17 12:21:00,1.597,1.597,1.596,1.597,1674.95
2025-01-17 12:22:00,1.595,1.596,1.595,1.596,37.18
2025-01-17 12:23:00,1.596,1.596,1.595,1.596,1170.28
2025-01-17 12:24:00,1.597,1.597,1.594,1.594,217.98
2025-01-17 12:25:00,1.595,1.596,1.595,1.595,44.37
2025-01-17 12:26:00,1.595,1.595,1.592,1.592,295.74
2025-01-17 12:27:00,1.592,1.592,1.587,1.59,4906.82
2025-01-17 12:28:00,1.591,1.593,1.591,1.591,1140.7
2025-01-17 12:29:00,1.592,1.592,1.59,1.59,1211.96
2025-01-17 12:30:00,1.59,1.591,1.587,1.587,3379.27
2025-01-17 12:31:00,1.587,1.588,1.586,1.586,703.9
2025-01-17 12:32:00,1.586,1.587,1.586,1.587,31.05
2025-01-17 12:33:00,1.586,1.586,1.585,1.585,1042.89
2025-01-17 12:34:00,1.585,1.585,1.581,1.582,5481.6
2025-01-17 12:35:00,1.584,1.585,1.582,1.585,3682.61
2025-01-17 12:36:00,1.585,1.585,1.582,1.582,1200.05
2025-01-17 12:37:00,1.583,1.583,1.58,1.582,4106.16
2025-01-17 12:38:00,1.582,1.584,1.582,1.582,707.11
2025-01-17 12:39:00,1.583,1.586,1.583,1.585,1552.19
2025-01-17 12:40:00,1.585,1.59,1.585,1.589,3243.4
2025-01-17 12:41:00,1.592,1.593,1.591,1.591,270.62
2025-01-17 12:42:00,1.59,1.593,1.59,1.592,968.52
2025-01-17 12:43:00,1.591,1.592,1.59,1.591,109.1
2025-01-17 12:44:00,1.591,1.591,1.59,1.59,454.4
2025-01-17 12:45:00,1.59,1.591,1.59,1.591,821.59
2025-01-17 12:46:00,1.592,1.594,1.591,1.594,5736.14
2025-01-17 12:47:00,1.594,1.595,1.593,1.593,181.29
2025-01-17 12:48:00,1.591,1.593,1.591,1.591,344.51
2025-01-17 12:49:00,1.591,1.592,1.59,1.592,265.8
2025-01-17 12:50:00,1.591,1.591,1.589,1.589,94.66
2025-01-17 12:51:00,1.59,1.592,1.589,1.59,1320.87
2025-01-17 12:52:00,1.589,1.592,1.588,1.591,3764.69
2025-01-17 12:53:00,1.59,1.59,1.589,1.589,343.16
2025-01-17 12:54:00,1.589,1.589,1.588,1.588,151.85
2025-01-17 12:55:00,1.587,1.587,1.585,1.585,146.19
2025-01-17 12:56:00,1.586,1.586,1.583,1.583,281.95
2025-01-17 12:57:00,1.584,1.584,1.581,1.584,4687.93
2025-01-17 12:58:00,1.584,1.584,1.582,1.583,289.22
2025-01-17 12:59:00,1.585,1.585,1.584,1.584,849.4
2025-01-17 13:00:00,1.585,1.588,1.585,1.588,922.77
2025-01-17 13:01:00,1.589,1.589,1.587,1.588,829.11
2025-01-17 13:02:00,1.589,1.592,1.588,1.591,1108.31
2025-01-17 13:03:00,1.591,1.592,1.59,1.591,1049.25
2025-01-17 13:04:00,1.591,1.592,1.59,1.592,1233.69
2025-01-17 13:05:00,1.593,1.594,1.592,1.593,1213.61
2025-01-17 13:06:00,1.594,1.594,1.592,1.592,380.16
2025-01-17 13:07:00,1.593,1.596,1.593,1.596,394.54
2025-01-17 13:08:00,1.597,1.597,1.596,1.597,788.81
2025-01-17 13:09:00,1.597,1.6,1.597,1.6,3349.18
2025-01-17 13:10:00,1.6,1.6,1.596,1.596,2492.98
2025-01-17 13:11:00,1.597,1.597,1.597,1.597,27.47
2025-01-17 13:12:00,1.599,1.601,1.599,1.601,469.07
2025-01-17 13:13:00,1.601,1.601,1.6,1.6,1924.49
2025-01-17 13:14:00,1.601,1.602,1.599,1.6,1847.83
2025-01-17 13:15:00,1.601,1.602,1.6,1.601,9005.99
2025-01-17 13:16:00,1.601,1.601,1.6,1.601,3083.32
2025-01-17 13:17:00,1.601,1.606,1.6,1.604,9053.2
2025-01-17 13:18:00,1.606,1.607,1.602,1.602,723.96
2025-01-17 13:19:00,1.602,1.602,1.599,1.599,643.36
2025-01-17 13:20:00,1.597,1.599,1.597,1.598,294.59
2025-01-17 13:21:00,1.599,1.601,1.599,1.6,1066.86
2025-01-17 13:22:00,1.599,1.602,1.599,1.601,656.83
2025-01-17 13:23:00,1.601,1.602,1.601,1.601,908.92
2025-01-17 13:24:00,1.6,1.601,1.6,1.6,162.43
2025-01-17 13:25:00,1.6,1.602,1.6,1.601,235.09
2025-01-17 13:26:00,1.6,1.601,1.6,1.601,57.56
2025-01-17 13:27:00,1.602,1.602,1.6,1.6,735.47
2025-01-17 13:28:00,1.599,1.603,1.598,1.603,6582.45
2025-01-17 13:29:00,1.603,1.605,1.603,1.603,6252.22
2025-01-17 13:30:00,1.603,1.603,1.6,1.6,197.71
2025-01-17 13:31:00,1.601,1.602,1.6,1.602,1078.48
2025-01-17 13:32:00,1.602,1.602,1.602,1.602,88.66
2025-01-17 13:33:00,1.602,1.604,1.599,1.599,798.06
2025-01-17 13:34:00,1.599,1.599,1.599,1.599,13.48
2025-01-17 13:35:00,1.598,1.6,1.598,1.599,386.25
2025-01-17 13:36:00,1.599,1.599,1.596,1.596,278.94
2025-01-17 13:37:00,1.595,1.595,1.594,1.594,50.13
2025-01-17 13:38:00,1.591,1.592,1.589,1.591,655.0
2025-01-17 13:39:00,1.592,1.592,1.587,1.587,145.2
2025-01-17 13:40:00,1.588,1.592,1.587,1.592,289.85
2025-01-17 13:41:00,1.593,1.595,1.593,1.595,103.87
2025-01-17 13:42:00,1.596,1.598,1.596,1.598,477.0
2025-01-17 13:43:00,1.598,1.598,1.594,1.594,948.41
2025-01-17 13:44:00,1.595,1.597,1.595,1.595,245.9
2025-01-17 13:45:00,1.594,1.599,1.594,1.598,375.04
2025-01-17 13:46:00,1.598,1.598,1.594,1.594,611.43
2025-01-17 13:47:00,1.595,1.596,1.594,1.596,157.31
2025-01-17 13:48:00,1.595,1.595,1.593,1.593,69.67
2025-01-17 13:49:00,1.593,1.593,1.59,1.59,136.45
2025-01-17 13:50:00,1.591,1.591,1.589,1.59,1588.07
2025-01-17 13:51:00,1.59,1.592,1.59,1.592,44.15
2025-01-17 13:52:00,1.59,1.59,1.589,1.589,258.99
2025-01-17 13:53:00,1.589,1.591,1.588,1.59,148.09
2025-01-17 13:54:00,1.592,1.593,1.59,1.593,1119.55
2025-01-17 13:55:00,1.591,1.593,1.591,1.591,64.67
2025-01-17 13:56:00,1.591,1.592,1.591,1.592,54.82
2025-01-17 13:57:00,1.592,1.592,1.589,1.59,584.38
2025-01-17 13:58:00,1.59,1.59,1.589,1.589,914.34
2025-01-17 13:59:00,1.591,1.591,1.591,1.591,28.79
2025-01-17 14:00:00,1.591,1.591,1.59,1.59,207.09
2025-01-17 14:01:00,1.593,1.594,1.592,1.594,959.44
2025-01-17 14:02:00,1.595,1.599,1.595,1.598,1452.06
2025-01-17 14:03:00,1.601,1.601,1.6,1.6,693.17
2025-01-17 14:04:00,1.6,1.601,1.6,1.601,981.6
2025-01-17 14:05:00,1.6,1.602,1.598,1.6,1109.71
2025-01-17 14:06:00,1.603,1.603,1.6,1.6,230.47
2025-01-17 14:07:00,1.6,1.605,1.6,1.604,5044.27
2025-01-17 14:08:00,1.605,1.605,1.602,1.602,128.0
2025-01-17 14:09:00,1.602,1.603,1.601,1.602,143.86
2025-01-17 14:10:00,1.602,1.605,1.602,1.605,835.05
2025-01-17 14:11:00,1.606,1.61,1.606,1.61,1848.43
2025-01-17 14:12:00,1.609,1.61,1.607,1.607,1326.8
2025-01-17 14:13:00,1.608,1.608,1.606,1.607,93.62
2025-01-17 14:14:00,1.607,1.608,1.607,1.607,178.56
2025-01-17 14:15:00,1.607,1.61,1.607,1.609,259.49
2025-01-17 14:16:00,1.609,1.611,1.608,1.611,1296.96
2025-01-17 14:17:00,1.611,1.615,1.61,1.614,861.04
2025-01-17 14:18:00,1.614,1.614,1.612,1.613,722.08
2025-01-17 14:19:00,1.612,1.616,1.611,1.616,10878.55
2025-01-17 14:20:00,1.616,1.616,1.613,1.614,66.19
2025-01-17 14:21:00,1.614,1.614,1.612,1.614,1072.51
2025-01-17 14:22:00,1.616,1.619,1.615,1.617,3298.79
2025-01-17 14:23:00,1.617,1.62,1.615,1.619,9131.88
2025-01-17 14:24:00,1.619,1.619,1.617,1.619,3951.37
2025-01-17 14:25:00,1.619,1.622,1.619,1.62,12329.97
2025-01-17 14:26:00,1.619,1.62,1.617,1.62,5247.42
2025-01-17 14:27:00,1.62,1.621,1.619,1.62,2002.71
2025-01-17 14:28:00,1.622,1.624,1.621,1.624,8004.41
2025-01-17 14:29:00,1.623,1.626,1.622,1.622,5635.36
2025-01-17 14:30:00,1.624,1.626,1.617,1.617,5106.42
2025-01-17 14:31:00,1.618,1.618,1.612,1.614,9003.66
2025-01-17 14:32:00,1.614,1.619,1.612,1.619,1793.99
2025-01-17 14:33:00,1.62,1.625,1.618,1.618,2590.55
2025-01-17 14:34:00,1.62,1.623,1.618,1.621,1059.47
2025-01-17 14:35:00,1.622,1.626,1.622,1.624,1798.55
2025-01-17 14:36:00,1.624,1.631,1.624,1.63,7578.64
2025-01-17 14:37:00,1.631,1.632,1.622,1.625,2688.7
2025-01-17 14:38:00,1.626,1.626,1.618,1.618,1464.89
2025-01-17 14:39:00,1.619,1.623,1.616,1.621,855.67
2025-01-17 14:40:00,1.619,1.623,1.617,1.619,3409.28
2025-01-17 14:41:00,1.621,1.623,1.617,1.617,1509.22
2025-01-17 14:42:00,1.619,1.623,1.617,1.617,836.8
2025-01-17 14:43:00,1.616,1.618,1.612,1.617,1953.87
2025-01-17 14:44:00,1.616,1.619,1.615,1.617,3565.33
2025-01-17 14:45:00,1.617,1.624,1.617,1.622,1360.23
2025-01-17 14:46:00,1.623,1.626,1.62,1.623,8762.29
2025-01-17 14:47:00,1.622,1.622,1.614,1.616,6078.95
2025-01-17 14:48:00,1.613,1.617,1.61,1.617,2770.71
2025-01-17 14:49:00,1.617,1.619,1.615,1.617,924.76
2025-01-17 14:50:00,1.616,1.616,1.611,1.611,569.27
2025-01-17 14:51:00,1.612,1.614,1.61,1.613,929.86
2025-01-17 14:52:00,1.614,1.621,1.614,1.62,1092.94
2025-01-17 14:53:00,1.621,1.621,1.619,1.619,796.08
2025-01-17 14:54:00,1.62,1.62,1.615,1.616,543.57
2025-01-17 14:55:00,1.618,1.621,1.617,1.621,4004.62
2025-01-17 14:56:00,1.62,1.623,1.62,1.623,641.12
2025-01-17 14:57:00,1.623,1.623,1.62,1.622,1441.12
2025-01-17 14:58:00,1.622,1.622,1.62,1.62,4512.04
2025-01-17 14:59:00,1.62,1.624,1.62,1.622,625.6
2025-01-17 15:00:00,1.623,1.624,1.621,1.624,663.73
2025-01-17 15:01:00,1.624,1.624,1.62,1.623,257.39
2025-01-17 15:02:00,1.622,1.624,1.62,1.624,297.76
2025-01-17 15:03:00,1.622,1.623,1.616,1.617,2867.26
2025-01-17 15:04:00,1.617,1.619,1.616,1.619,538.42
2025-01-17 15:05:00,1.619,1.62,1.617,1.62,2311.57
2025-01-17 15:06:00,1.62,1.622,1.619,1.619,1167.33
2025-01-17 15:07:00,1.618,1.621,1.618,1.621,2254.03
2025-01-17 15:08:00,1.62,1.62,1.616,1.616,362.62
2025-01-17 15:09:00,1.617,1.621,1.617,1.621,1305.75
2025-01-17 15:10:00,1.62,1.623,1.619,1.623,2472.13
2025-01-17 15:11:00,1.622,1.623,1.619,1.623,677.75
2025-01-17 15:12:00,1.624,1.625,1.62,1.622,620.52
2025-01-17 15:13:00,1.622,1.622,1.619,1.62,359.68
2025-01-17 15:14:00,1.619,1.621,1.619,1.62,384.46
2025-01-17 15:15:00,1.62,1.624,1.62,1.621,546.28
2025-01-17 15:16:00,1.621,1.621,1.618,1.618,1305.4
2025-01-17 15:17:00,1.618,1.62,1.618,1.619,760.75
2025-01-17 15:18:00,1.619,1.621,1.619,1.62,142.08
2025-01-17 15:19:00,1.621,1.624,1.621,1.624,599.49
2025-01-17 15:20:00,1.625,1.625,1.619,1.619,1091.53
2025-01-17 15:21:00,1.618,1.618,1.613,1.614,8692.36
2025-01-17 15:22:00,1.616,1.616,1.611,1.611,636.66
2025-01-17 15:23:00,1.612,1.615,1.612,1.615,1681.83
2025-01-17 15:24:00,1.615,1.615,1.612,1.612,1369.08
2025-01-17 15:25:00,1.612,1.613,1.61,1.611,776.09
2025-01-17 15:26:00,1.612,1.612,1.606,1.607,646.03
2025-01-17 15:27:00,1.607,1.607,1.604,1.604,3930.86
2025-01-17 15:28:00,1.604,1.609,1.604,1.607,2557.6
2025-01-17 15:29:00,1.606,1.608,1.606,1.608,3102.29
2025-01-17 15:30:00,1.611,1.612,1.61,1.611,297.46
2025-01-17 15:31:00,1.611,1.613,1.611,1.612,247.1
2025-01-17 15:32:00,1.611,1.611,1.606,1.606,3114.72
2025-01-17 15:33:00,1.608,1.608,1.604,1.605,1954.16
2025-01-17 15:34:00,1.605,1.605,1.601,1.604,7376.38
2025-01-17 15:35:00,1.604,1.605,1.603,1.605,7894.16
2025-01-17 15:36:00,1.605,1.608,1.604,1.608,1187.26
2025-01-17 15:37:00,1.61,1.611,1.61,1.611,73.2
2025-01-17 15:38:00,1.61,1.612,1.609,1.611,317.91
2025-01-17 15:39:00,1.612,1.615,1.612,1.613,684.77
2025-01-17 15:40:00,1.614,1.617,1.614,1.616,2700.5
2025-01-17 15:41:00,1.615,1.616,1.615,1.616,101.98
2025-01-17 15:42:00,1.613,1.614,1.613,1.613,84.61
2025-01-17 15:43:00,1.615,1.616,1.615,1.615,192.99
2025-01-17 15:44:00,1.614,1.614,1.612,1.612,82.45
2025-01-17 15:45:00,1.613,1.615,1.613,1.613,430.12
2025-01-17 15:46:00,1.611,1.611,1.609,1.609,391.82
2025-01-17 15:47:00,1.609,1.609,1.605,1.605,165.73
2025-01-17 15:48:00,1.606,1.607,1.605,1.606,215.49
2025-01-17 15:49:00,1.606,1.607,1.606,1.607,111.91
2025-01-17 15:50:00,1.609,1.61,1.607,1.607,102.87
2025-01-17 15:51:00,1.606,1.607,1.605,1.605,473.4
2025-01-17 15:52:00,1.605,1.608,1.604,1.607,231.49
2025-01-17 15:53:00,1.606,1.606,1.605,1.606,111.92
2025-01-17 15:54:00,1.606,1.61,1.606,1.61,1057.36
2025-01-17 15:55:00,1.609,1.609,1.608,1.608,369.67
2025-01-17 15:56:00,1.608,1.608,1.606,1.606,787.41
2025-01-17 15:57:00,1.608,1.61,1.608,1.61,93.29
2025-01-17 15:58:00,1.608,1.612,1.607,1.61,1522.42
2025-01-17 15:59:00,1.611,1.612,1.61,1.612,242.6
2025-01-17 16:00:00,1.612,1.617,1.61,1.617,2559.77
2025-01-17 16:01:00,1.615,1.617,1.615,1.617,383.36
2025-01-17 16:02:00,1.617,1.618,1.612,1.612,327.03
2025-01-17 16:03:00,1.611,1.611,1.611,1.611,209.56
2025-01-17 16:04:00,1.612,1.612,1.61,1.61,436.6
2025-01-17 16:05:00,1.61,1.61,1.609,1.61,96.49
2025-01-17 16:06:00,1.608,1.61,1.608,1.609,1579.58
2025-01-17 16:07:00,1.609,1.609,1.606,1.607,388.72
2025-01-17 16:08:00,1.607,1.607,1.606,1.606,939.1
2025-01-17 16:09:00,1.606,1.606,1.603,1.605,6955.9
2025-01-17 16:10:00,1.605,1.61,1.605,1.609,12590.82
2025-01-17 16:11:00,1.609,1.609,1.606,1.608,6287.04
2025-01-17 16:12:00,1.607,1.61,1.607,1.609,790.86
2025-01-17 16:13:00,1.61,1.612,1.61,1.611,290.12
2025-01-17 16:14:00,1.612,1.613,1.611,1.612,840.51
2025-01-17 16:15:00,1.613,1.613,1.609,1.613,330.81
2025-01-17 16:16:00,1.612,1.614,1.612,1.613,2039.04
2025-01-17 16:17:00,1.614,1.616,1.613,1.616,167.24
2025-01-17 16:18:00,1.618,1.62,1.616,1.62,232.58
2025-01-17 16:19:00,1.62,1.62,1.615,1.615,106.29
2025-01-17 16:20:00,1.617,1.617,1.616,1.616,58.37
2025-01-17 16:21:00,1.615,1.616,1.614,1.616,2230.06
2025-01-17 16:22:00,1.617,1.617,1.615,1.615,64.34
2025-01-17 16:23:00,1.615,1.615,1.611,1.611,870.53
2025-01-17 16:24:00,1.61,1.614,1.61,1.614,85.98
2025-01-17 16:25:00,1.613,1.614,1.613,1.614,1395.92
2025-01-17 16:26:00,1.614,1.616,1.614,1.614,103.1
2025-01-17 16:27:00,1.613,1.616,1.613,1.615,2995.92
2025-01-17 16:28:00,1.616,1.616,1.615,1.615,1029.41
2025-01-17 16:29:00,1.615,1.615,1.612,1.612,215.73
2025-01-17 16:30:00,1.613,1.614,1.608,1.608,2424.42
2025-01-17 16:31:00,1.608,1.611,1.606,1.61,581.21
2025-01-17 16:32:00,1.609,1.611,1.609,1.611,429.93
2025-01-17 16:33:00,1.611,1.611,1.611,1.611,100.42
2025-01-17 16:34:00,1.612,1.612,1.611,1.611,204.51
2025-01-17 16:35:00,1.612,1.613,1.611,1.611,371.71
2025-01-17 16:36:00,1.613,1.613,1.611,1.613,301.14
2025-01-17 16:37:00,1.614,1.614,1.613,1.613,1176.42
2025-01-17 16:38:00,1.614,1.616,1.614,1.616,966.8
2025-01-17 16:39:00,1.616,1.617,1.615,1.617,77.93
2025-01-17 16:40:00,1.617,1.617,1.615,1.615,338.31
2025-01-17 16:41:00,1.612,1.615,1.612,1.614,121.49
2025-01-17 16:42:00,1.615,1.617,1.614,1.617,967.29
2025-01-17 16:43:00,1.615,1.615,1.613,1.613,99.31
2025-01-17 16:44:00,1.613,1.613,1.612,1.612,149.66
2025-01-17 16:45:00,1.612,1.612,1.61,1.61,245.54
2025-01-17 16:46:00,1.61,1.61,1.609,1.609,123.56
2025-01-17 16:47:00,1.609,1.61,1.609,1.61,382.22
2025-01-17 16:48:00,1.611,1.611,1.611,1.611,266.62
2025-01-17 16:49:00,1.611,1.612,1.611,1.611,147.17
2025-01-17 16:50:00,1.609,1.61,1.609,1.609,66.47
2025-01-17 16:51:00,1.61,1.613,1.61,1.612,1619.35
2025-01-17 16:52:00,1.612,1.615,1.611,1.613,1123.57
2025-01-17 16:53:00,1.613,1.615,1.613,1.615,30.12
2025-01-17 16:54:00,1.615,1.616,1.615,1.616,1394.16
2025-01-17 16:55:00,1.615,1.615,1.614,1.614,144.54
2025-01-17 16:56:00,1.615,1.616,1.613,1.614,2440.62
2025-01-17 16:57:00,1.614,1.615,1.614,1.615,758.48
2025-01-17 16:58:00,1.615,1.617,1.615,1.617,150.72
2025-01-17 16:59:00,1.616,1.617,1.616,1.617,115.45
2025-01-17 17:00:00,1.616,1.617,1.615,1.615,76.76
2025-01-17 17:01:00,1.615,1.618,1.614,1.616,5459.27
2025-01-17 17:02:00,1.616,1.617,1.616,1.617,215.87
2025-01-17 17:03:00,1.616,1.62,1.615,1.62,1824.16
2025-01-17 17:04:00,1.621,1.621,1.619,1.62,1674.56
2025-01-17 17:05:00,1.62,1.624,1.62,1.622,299.92
2025-01-17 17:06:00,1.62,1.62,1.615,1.615,1795.78
2025-01-17 17:07:00,1.615,1.62,1.615,1.62,4851.46
2025-01-17 17:08:00,1.619,1.62,1.618,1.618,393.16
2025-01-17 17:09:00,1.618,1.619,1.618,1.618,83.93
2025-01-17 17:10:00,1.618,1.618,1.616,1.617,491.76
2025-01-17 17:11:00,1.617,1.62,1.617,1.618,100.0
2025-01-17 17:12:00,1.619,1.619,1.619,1.619,280.27
2025-01-17 17:13:00,1.618,1.62,1.618,1.62,73.26
2025-01-17 17:14:00,1.62,1.621,1.619,1.62,363.85
2025-01-17 17:15:00,1.619,1.62,1.617,1.617,4459.37
2025-01-17 17:16:00,1.617,1.62,1.617,1.617,600.65
2025-01-17 17:17:00,1.617,1.618,1.615,1.616,264.4
2025-01-17 17:18:00,1.616,1.616,1.614,1.615,2326.55
2025-01-17 17:19:00,1.614,1.614,1.614,1.614,209.13
2025-01-17 17:20:00,1.614,1.614,1.614,1.614,1096.73
2025-01-17 17:21:00,1.615,1.615,1.611,1.611,112.85
2025-01-17 17:22:00,1.61,1.611,1.61,1.61,1690.78
2025-01-17 17:23:00,1.612,1.612,1.61,1.611,130.03
2025-01-17 17:24:00,1.612,1.612,1.612,1.612,130.92
2025-01-17 17:25:00,1.613,1.617,1.613,1.617,129.72
2025-01-17 17:26:00,1.619,1.619,1.616,1.616,841.13
2025-01-17 17:27:00,1.617,1.618,1.615,1.615,108.79
2025-01-17 17:28:00,1.617,1.617,1.616,1.616,237.03
2025-01-17 17:29:00,1.614,1.616,1.614,1.614,121.46
2025-01-17 17:30:00,1.615,1.619,1.614,1.618,1383.91
2025-01-17 17:31:00,1.615,1.62,1.613,1.613,3686.92
2025-01-17 17:32:00,1.614,1.614,1.61,1.61,1498.07
2025-01-17 17:33:00,1.61,1.612,1.61,1.61,288.99
2025-01-17 17:34:00,1.608,1.608,1.606,1.606,126.97
2025-01-17 17:35:00,1.605,1.605,1.602,1.602,633.41
2025-01-17 17:36:00,1.602,1.604,1.601,1.601,60.82
2025-01-17 17:37:00,1.6,1.601,1.595,1.599,7883.44
2025-01-17 17:38:00,1.6,1.601,1.598,1.598,66.33
2025-01-17 17:39:00,1.599,1.599,1.598,1.598,1187.88
2025-01-17 17:40:00,1.599,1.601,1.599,1.6,284.1
2025-01-17 17:41:00,1.601,1.601,1.6,1.601,306.76
2025-01-17 17:42:00,1.601,1.602,1.6,1.6,525.06
2025-01-17 17:43:00,1.6,1.603,1.6,1.602,2279.33
2025-01-17 17:44:00,1.601,1.602,1.6,1.602,246.99
2025-01-17 17:45:00,1.6,1.603,1.6,1.603,87.82
2025-01-17 17:46:00,1.603,1.604,1.601,1.601,1378.45
2025-01-17 17:47:00,1.602,1.603,1.602,1.603,1594.95
2025-01-17 17:48:00,1.602,1.603,1.599,1.6,298.78
2025-01-17 17:49:00,1.598,1.598,1.597,1.597,64.11
2025-01-17 17:50:00,1.598,1.599,1.595,1.595,893.2
2025-01-17 17:51:00,1.595,1.597,1.595,1.597,173.74
2025-01-17 17:52:00,1.596,1.597,1.596,1.597,295.95
2025-01-17 17:53:00,1.595,1.596,1.594,1.595,1222.67
2025-01-17 17:54:00,1.596,1.599,1.596,1.598,742.17
2025-01-17 17:55:00,1.598,1.598,1.595,1.595,1116.14
2025-01-17 17:56:00,1.595,1.596,1.595,1.596,33.09
2025-01-17 17:57:00,1.595,1.598,1.595,1.597,48.23
2025-01-17 17:58:00,1.597,1.598,1.597,1.598,273.66
2025-01-17 17:59:00,1.599,1.599,1.599,1.599,311.6
2025-01-17 18:00:00,1.599,1.599,1.599,1.599,27.12
2025-01-17 18:01:00,1.599,1.599,1.597,1.599,412.9
2025-01-17 18:02:00,1.598,1.599,1.597,1.597,48.6
2025-01-17 18:03:00,1.598,1.599,1.598,1.598,82.15
2025-01-17 18:04:00,1.597,1.601,1.597,1.601,1762.87
2025-01-17 18:05:00,1.601,1.601,1.6,1.6,207.08
2025-01-17 18:06:00,1.6,1.602,1.599,1.601,551.6
2025-01-17 18:07:00,1.6,1.6,1.596,1.596,1758.77
2025-01-17 18:08:00,1.597,1.598,1.597,1.598,2532.43
2025-01-17 18:09:00,1.596,1.598,1.595,1.596,800.16
2025-01-17 18:10:00,1.596,1.596,1.593,1.593,1225.47
2025-01-17 18:11:00,1.592,1.594,1.592,1.593,2515.41
2025-01-17 18:12:00,1.594,1.596,1.594,1.596,389.77
2025-01-17 18:13:00,1.595,1.596,1.595,1.595,51.79
2025-01-17 18:14:00,1.595,1.596,1.595,1.595,2083.44
2025-01-17 18:15:00,1.596,1.597,1.594,1.594,3535.68
2025-01-17 18:16:00,1.593,1.596,1.593,1.596,675.11
2025-01-17 18:17:00,1.596,1.597,1.595,1.596,360.67
2025-01-17 18:18:00,1.595,1.598,1.595,1.598,1707.52
2025-01-17 18:19:00,1.597,1.599,1.597,1.598,590.47
2025-01-17 18:20:00,1.599,1.601,1.599,1.6,4077.19
2025-01-17 18:21:00,1.6,1.601,1.6,1.601,1287.36
2025-01-17 18:22:00,1.601,1.602,1.601,1.602,477.41
2025-01-17 18:23:00,1.601,1.602,1.6,1.6,368.86
2025-01-17 18:24:00,1.6,1.6,1.6,1.6,33.1
2025-01-17 18:25:00,1.6,1.601,1.6,1.6,267.19
2025-01-17 18:26:00,1.601,1.602,1.599,1.6,1611.01
2025-01-17 18:27:00,1.601,1.601,1.599,1.599,356.29
2025-01-17 18:28:00,1.599,1.6,1.599,1.599,105.46
2025-01-17 18:29:00,1.597,1.599,1.597,1.599,17.57
2025-01-17 18:30:00,1.598,1.599,1.597,1.598,1197.66
2025-01-17 18:31:00,1.597,1.597,1.597,1.597,409.39
2025-01-17 18:32:00,1.597,1.598,1.597,1.598,32.37
2025-01-17 18:33:00,1.597,1.597,1.596,1.597,65.4
2025-01-17 18:34:00,1.596,1.598,1.596,1.596,615.42
2025-01-17 18:35:00,1.596,1.596,1.596,1.596,593.02
2025-01-17 18:36:00,1.596,1.596,1.595,1.596,105.01
2025-01-17 18:37:00,1.597,1.599,1.597,1.598,862.8
2025-01-17 18:38:00,1.598,1.598,1.597,1.597,426.49
2025-01-17 18:39:00,1.596,1.598,1.596,1.596,321.14
2025-01-17 18:40:00,1.597,1.597,1.596,1.596,46.93
2025-01-17 18:41:00,1.596,1.597,1.595,1.595,1596.18
2025-01-17 18:42:00,1.596,1.596,1.593,1.593,983.15
2025-01-17 18:43:00,1.593,1.595,1.593,1.595,322.44
2025-01-17 18:44:00,1.594,1.594,1.594,1.594,1016.94
2025-01-17 18:45:00,1.593,1.595,1.593,1.595,1408.53
2025-01-17 18:46:00,1.594,1.596,1.594,1.594,1085.56
2025-01-17 18:47:00,1.594,1.594,1.593,1.593,212.81
2025-01-17 18:48:00,1.593,1.594,1.593,1.593,908.64
2025-01-17 18:49:00,1.592,1.593,1.591,1.591,202.73
2025-01-17 18:50:00,1.591,1.591,1.588,1.589,4792.84
2025-01-17 18:51:00,1.589,1.589,1.586,1.589,851.32
2025-01-17 18:52:00,1.588,1.59,1.588,1.59,1700.77
2025-01-17 18:53:00,1.589,1.589,1.588,1.589,857.25
2025-01-17 18:54:00,1.589,1.589,1.589,1.589,685.04
2025-01-17 18:55:00,1.589,1.589,1.586,1.587,11602.34
2025-01-17 18:56:00,1.587,1.587,1.585,1.586,1882.13
2025-01-17 18:57:00,1.585,1.586,1.584,1.584,2267.79
2025-01-17 18:58:00,1.585,1.586,1.585,1.586,658.19
2025-01-17 18:59:00,1.585,1.586,1.585,1.586,42.96
2025-01-17 19:00:00,1.586,1.587,1.585,1.586,479.19
2025-01-17 19:01:00,1.586,1.588,1.585,1.588,1017.12
2025-01-17 19:02:00,1.587,1.587,1.586,1.586,17.68
2025-01-17 19:03:00,1.586,1.589,1.586,1.589,1940.97
2025-01-17 19:04:00,1.588,1.59,1.588,1.589,819.5
2025-01-17 19:05:00,1.588,1.588,1.587,1.588,871.39
2025-01-17 19:06:00,1.587,1.587,1.585,1.585,112.37
2025-01-17 19:07:00,1.586,1.587,1.586,1.586,472.25
2025-01-17 19:08:00,1.587,1.588,1.586,1.588,764.64
2025-01-17 19:09:00,1.588,1.589,1.588,1.589,346.42
2025-01-17 19:10:00,1.588,1.591,1.588,1.59,1189.97
2025-01-17 19:11:00,1.591,1.593,1.59,1.592,3468.33
2025-01-17 19:12:00,1.591,1.593,1.591,1.593,828.71
2025-01-17 19:13:00,1.592,1.593,1.592,1.592,455.16
2025-01-17 19:14:00,1.592,1.593,1.591,1.592,516.28
2025-01-17 19:15:00,1.593,1.595,1.592,1.592,1311.79
2025-01-17 19:16:00,1.593,1.594,1.592,1.593,259.67
2025-01-17 19:17:00,1.594,1.596,1.593,1.596,1334.69
2025-01-17 19:18:00,1.595,1.6,1.595,1.6,4504.3
2025-01-17 19:19:00,1.601,1.601,1.6,1.6,2856.9
2025-01-17 19:20:00,1.599,1.599,1.597,1.597,276.92
2025-01-17 19:21:00,1.598,1.601,1.598,1.6,1414.77
2025-01-17 19:22:00,1.6,1.601,1.6,1.601,237.42
2025-01-17 19:23:00,1.6,1.601,1.599,1.599,297.4
2025-01-17 19:24:00,1.599,1.6,1.599,1.6,899.69
2025-01-17 19:25:00,1.6,1.601,1.598,1.599,1955.91
2025-01-17 19:26:00,1.599,1.6,1.598,1.598,196.29
2025-01-17 19:27:00,1.598,1.598,1.597,1.597,81.37
2025-01-17 19:28:00,1.598,1.598,1.595,1.595,1691.61
2025-01-17 19:29:00,1.595,1.596,1.595,1.595,250.2
2025-01-17 19:30:00,1.595,1.596,1.592,1.592,935.19
2025-01-17 19:31:00,1.592,1.592,1.59,1.59,1838.84
2025-01-17 19:32:00,1.591,1.591,1.589,1.59,536.82
2025-01-17 19:33:00,1.591,1.591,1.588,1.588,3358.94
2025-01-17 19:34:00,1.588,1.588,1.587,1.587,674.52
2025-01-17 19:35:00,1.587,1.589,1.587,1.587,2592.77
2025-01-17 19:36:00,1.588,1.59,1.588,1.589,2007.84
2025-01-17 19:37:00,1.589,1.589,1.588,1.589,127.37
2025-01-17 19:38:00,1.589,1.59,1.589,1.59,332.89
2025-01-17 19:39:00,1.59,1.591,1.588,1.588,2516.2
2025-01-17 19:40:00,1.588,1.589,1.588,1.589,85.36
2025-01-17 19:41:00,1.589,1.59,1.588,1.589,599.67
2025-01-17 19:42:00,1.589,1.59,1.586,1.587,14301.42
2025-01-17 19:43:00,1.587,1.588,1.586,1.588,2291.53
2025-01-17 19:44:00,1.587,1.588,1.587,1.588,540.96
2025-01-17 19:45:00,1.588,1.588,1.586,1.587,1734.66
2025-01-17 19:46:00,1.586,1.589,1.586,1.589,4552.56
2025-01-17 19:47:00,1.588,1.588,1.587,1.587,530.86
2025-01-17 19:48:00,1.588,1.59,1.588,1.59,587.0
2025-01-17 19:49:00,1.59,1.591,1.59,1.59,1471.13
2025-01-17 19:50:00,1.591,1.591,1.59,1.59,180.8
2025-01-17 19:51:00,1.591,1.591,1.59,1.59,34.71
2025-01-17 19:52:00,1.591,1.592,1.59,1.59,615.18
2025-01-17 19:53:00,1.589,1.59,1.587,1.587,254.79
2025-01-17 19:54:00,1.587,1.589,1.587,1.588,609.19
2025-01-17 19:55:00,1.589,1.59,1.588,1.59,334.09
2025-01-17 19:56:00,1.589,1.59,1.589,1.59,1833.46
2025-01-17 19:57:00,1.59,1.591,1.589,1.59,492.46
2025-01-17 19:58:00,1.589,1.59,1.589,1.59,290.25
2025-01-17 19:59:00,1.59,1.591,1.59,1.591,601.22
2025-01-17 20:00:00,1.592,1.593,1.592,1.592,6361.24
2025-01-17 20:01:00,1.591,1.595,1.591,1.594,2431.12
2025-01-17 20:02:00,1.595,1.596,1.593,1.595,2109.2
2025-01-17 20:03:00,1.595,1.597,1.595,1.596,692.09
2025-01-17 20:04:00,1.594,1.595,1.594,1.595,131.5
2025-01-17 20:05:00,1.594,1.596,1.594,1.595,1588.88
2025-01-17 20:06:00,1.594,1.595,1.593,1.594,1404.51
2025-01-17 20:07:00,1.595,1.597,1.595,1.596,1014.42
2025-01-17 20:08:00,1.596,1.598,1.596,1.596,355.92
2025-01-17 20:09:00,1.597,1.597,1.597,1.597,344.65
2025-01-17 20:10:00,1.598,1.601,1.598,1.6,5244.7
2025-01-17 20:11:00,1.6,1.6,1.599,1.6,317.54
2025-01-17 20:12:00,1.6,1.602,1.6,1.601,625.7
2025-01-17 20:13:00,1.602,1.603,1.602,1.603,2586.41
2025-01-17 20:14:00,1.602,1.602,1.602,1.602,469.54
2025-01-17 20:15:00,1.601,1.601,1.599,1.599,956.04
2025-01-17 20:16:00,1.6,1.601,1.599,1.6,640.44
2025-01-17 20:17:00,1.6,1.601,1.599,1.601,610.8
2025-01-17 20:18:00,1.6,1.602,1.6,1.601,1443.76
2025-01-17 20:19:00,1.602,1.605,1.602,1.604,5289.44
2025-01-17 20:20:00,1.605,1.605,1.604,1.604,126.83
2025-01-17 20:21:00,1.605,1.606,1.604,1.604,773.43
2025-01-17 20:22:00,1.603,1.604,1.602,1.604,810.0
2025-01-17 20:23:00,1.604,1.604,1.603,1.603,1789.96
2025-01-17 20:24:00,1.604,1.604,1.603,1.603,302.25
2025-01-17 20:25:00,1.602,1.604,1.602,1.604,653.08
2025-01-17 20:26:00,1.603,1.605,1.603,1.604,571.66
2025-01-17 20:27:00,1.604,1.605,1.604,1.604,1084.27
2025-01-17 20:28:00,1.605,1.606,1.605,1.605,464.03
2025-01-17 20:29:00,1.605,1.608,1.604,1.608,2384.18
2025-01-17 20:30:00,1.608,1.61,1.608,1.608,2597.19
2025-01-17 20:31:00,1.608,1.61,1.608,1.608,383.79
2025-01-17 20:32:00,1.61,1.61,1.608,1.61,862.55
2025-01-17 20:33:00,1.61,1.61,1.61,1.61,588.98
2025-01-17 20:34:00,1.61,1.612,1.609,1.61,1313.36
2025-01-17 20:35:00,1.61,1.612,1.61,1.611,1435.98
2025-01-17 20:36:00,1.611,1.612,1.61,1.611,2046.56
2025-01-17 20:37:00,1.611,1.612,1.61,1.611,4605.84
2025-01-17 20:38:00,1.611,1.613,1.611,1.613,380.75
2025-01-17 20:39:00,1.612,1.613,1.612,1.613,577.0
2025-01-17 20:40:00,1.612,1.614,1.612,1.614,1732.29
2025-01-17 20:41:00,1.613,1.615,1.613,1.615,1351.0
2025-01-17 20:42:00,1.615,1.616,1.613,1.615,569.66
2025-01-17 20:43:00,1.613,1.614,1.613,1.613,285.06
2025-01-17 20:44:00,1.614,1.615,1.612,1.614,1418.83
2025-01-17 20:45:00,1.613,1.616,1.613,1.614,2665.42
2025-01-17 20:46:00,1.613,1.615,1.613,1.613,817.13
2025-01-17 20:47:00,1.613,1.615,1.613,1.614,907.94
2025-01-17 20:48:00,1.615,1.615,1.613,1.615,2719.0
2025-01-17 20:49:00,1.616,1.618,1.615,1.616,3913.25
2025-01-17 20:50:00,1.616,1.617,1.616,1.616,292.16
2025-01-17 20:51:00,1.615,1.615,1.613,1.613,1601.93
2025-01-17 20:52:00,1.614,1.616,1.613,1.616,3069.21
2025-01-17 20:53:00,1.615,1.615,1.614,1.615,405.44
2025-01-17 20:54:00,1.616,1.617,1.616,1.616,1500.67
2025-01-17 20:55:00,1.616,1.616,1.614,1.615,1237.24
2025-01-17 20:56:00,1.615,1.615,1.613,1.613,1572.15
2025-01-17 20:57:00,1.612,1.614,1.611,1.611,2814.04
2025-01-17 20:58:00,1.611,1.613,1.61,1.613,2921.3
2025-01-17 20:59:00,1.614,1.617,1.614,1.615,3836.43
2025-01-17 21:00:00,1.615,1.619,1.615,1.619,2029.81
2025-01-17 21:01:00,1.617,1.617,1.616,1.617,79.03
2025-01-17 21:02:00,1.616,1.617,1.615,1.617,380.11
2025-01-17 21:03:00,1.616,1.616,1.614,1.616,885.09
2025-01-17 21:04:00,1.615,1.616,1.614,1.615,1469.57
2025-01-17 21:05:00,1.615,1.617,1.614,1.616,1455.91
2025-01-17 21:06:00,1.615,1.615,1.613,1.615,1315.16
2025-01-17 21:07:00,1.614,1.616,1.613,1.613,3497.08
2025-01-17 21:08:00,1.613,1.613,1.609,1.609,1204.06
2025-01-17 21:09:00,1.61,1.611,1.608,1.609,830.81
2025-01-17 21:10:00,1.608,1.61,1.608,1.61,381.75
2025-01-17 21:11:00,1.61,1.611,1.609,1.61,1900.28
2025-01-17 21:12:00,1.611,1.611,1.61,1.611,415.53
2025-01-17 21:13:00,1.61,1.611,1.61,1.61,459.11
2025-01-17 21:14:00,1.61,1.614,1.61,1.614,2444.79
2025-01-17 21:15:00,1.613,1.616,1.613,1.615,2033.27
2025-01-17 21:16:00,1.615,1.615,1.614,1.614,185.41
2025-01-17 21:17:00,1.613,1.613,1.612,1.613,675.36
2025-01-17 21:18:00,1.612,1.614,1.612,1.613,479.46
2025-01-17 21:19:00,1.613,1.614,1.611,1.611,914.01
2025-01-17 21:20:00,1.612,1.613,1.61,1.61,330.66
2025-01-17 21:21:00,1.611,1.615,1.611,1.614,1222.85
2025-01-17 21:22:00,1.614,1.616,1.614,1.615,99.51
2025-01-17 21:23:00,1.614,1.615,1.613,1.613,2377.68
2025-01-17 21:24:00,1.614,1.615,1.613,1.613,695.69
2025-01-17 21:25:00,1.612,1.613,1.612,1.612,81.27
2025-01-17 21:26:00,1.614,1.614,1.612,1.613,565.99
2025-01-17 21:27:00,1.614,1.614,1.613,1.613,182.91
2025-01-17 21:28:00,1.613,1.613,1.613,1.613,67.24
2025-01-17 21:29:00,1.613,1.613,1.611,1.612,314.03
2025-01-17 21:30:00,1.612,1.612,1.61,1.612,555.83
2025-01-17 21:31:00,1.61,1.613,1.61,1.613,357.63
2025-01-17 21:32:00,1.611,1.612,1.611,1.612,59.44
2025-01-17 21:33:00,1.612,1.613,1.608,1.609,5445.95
2025-01-17 21:34:00,1.609,1.609,1.607,1.608,339.0
2025-01-17 21:35:00,1.609,1.609,1.608,1.608,393.43
2025-01-17 21:36:00,1.609,1.61,1.607,1.607,92.77
2025-01-17 21:37:00,1.607,1.607,1.606,1.606,3514.42
2025-01-17 21:38:00,1.606,1.606,1.603,1.603,1476.59
2025-01-17 21:39:00,1.602,1.604,1.602,1.604,1316.52
2025-01-17 21:40:00,1.605,1.605,1.604,1.604,256.31
2025-01-17 21:41:00,1.602,1.603,1.602,1.602,514.45
2025-01-17 21:42:00,1.604,1.604,1.602,1.603,333.94
2025-01-17 21:43:00,1.604,1.605,1.604,1.605,141.35
2025-01-17 21:44:00,1.604,1.604,1.603,1.604,70.57
2025-01-17 21:45:00,1.604,1.606,1.604,1.605,117.62
2025-01-17 21:46:00,1.605,1.606,1.605,1.605,117.91
2025-01-17 21:47:00,1.603,1.603,1.602,1.603,160.64
2025-01-17 21:48:00,1.603,1.604,1.603,1.604,149.45
2025-01-17 21:49:00,1.604,1.604,1.603,1.603,67.45
2025-01-17 21:50:00,1.605,1.606,1.605,1.605,175.42
2025-01-17 21:51:00,1.603,1.603,1.601,1.601,121.68
2025-01-17 21:52:00,1.602,1.605,1.601,1.605,1710.53
2025-01-17 21:53:00,1.605,1.606,1.605,1.606,152.72
2025-01-17 21:54:00,1.606,1.606,1.604,1.605,952.9
2025-01-17 21:55:00,1.605,1.606,1.605,1.605,80.86
2025-01-17 21:56:00,1.605,1.605,1.604,1.605,340.51
2025-01-17 21:57:00,1.605,1.606,1.605,1.606,306.36
2025-01-17 21:58:00,1.607,1.609,1.607,1.608,94.69
2025-01-17 21:59:00,1.608,1.609,1.608,1.609,190.12
2025-01-17 22:00:00,1.609,1.612,1.609,1.61,204.6
2025-01-17 22:01:00,1.61,1.61,1.607,1.608,75.99
2025-01-17 22:02:00,1.609,1.609,1.608,1.609,75.31
2025-01-17 22:03:00,1.609,1.611,1.609,1.611,158.62
2025-01-17 22:04:00,1.612,1.613,1.611,1.612,1369.59
2025-01-17 22:05:00,1.612,1.614,1.612,1.612,1548.56
2025-01-17 22:06:00,1.611,1.611,1.611,1.611,75.8
2025-01-17 22:07:00,1.611,1.612,1.611,1.612,199.86
2025-01-17 22:08:00,1.612,1.613,1.612,1.613,366.05
2025-01-17 22:09:00,1.614,1.615,1.613,1.614,369.21
2025-01-17 22:10:00,1.615,1.615,1.614,1.615,265.95
2025-01-17 22:11:00,1.615,1.615,1.614,1.614,17.38
2025-01-17 22:12:00,1.614,1.615,1.613,1.615,5128.98
2025-01-17 22:13:00,1.615,1.615,1.614,1.614,76.37
2025-01-17 22:14:00,1.614,1.615,1.613,1.614,208.78
2025-01-17 22:15:00,1.614,1.615,1.614,1.615,72.34
2025-01-17 22:16:00,1.614,1.615,1.614,1.615,69.53
2025-01-17 22:17:00,1.616,1.617,1.616,1.616,260.77
2025-01-17 22:18:00,1.616,1.617,1.616,1.617,1244.82
2025-01-17 22:19:00,1.616,1.616,1.616,1.616,61.29
2025-01-17 22:20:00,1.616,1.617,1.616,1.617,137.33
2025-01-17 22:21:00,1.616,1.618,1.616,1.617,628.54
2025-01-17 22:22:00,1.617,1.617,1.617,1.617,75.62
2025-01-17 22:23:00,1.618,1.62,1.618,1.62,2011.32
2025-01-17 22:24:00,1.619,1.62,1.619,1.619,1771.16
2025-01-17 22:25:00,1.62,1.622,1.62,1.621,92.77
2025-01-17 22:26:00,1.621,1.621,1.62,1.62,193.89
2025-01-17 22:27:00,1.621,1.623,1.621,1.622,381.57
2025-01-17 22:28:00,1.623,1.625,1.622,1.623,1494.37
2025-01-17 22:29:00,1.624,1.624,1.623,1.623,105.79
2025-01-17 22:30:00,1.623,1.623,1.62,1.62,3965.08
2025-01-17 22:31:00,1.62,1.62,1.617,1.617,3945.22
2025-01-17 22:32:00,1.617,1.618,1.615,1.615,5437.5
2025-01-17 22:33:00,1.615,1.618,1.615,1.617,695.65
2025-01-17 22:34:00,1.617,1.617,1.617,1.617,76.11
2025-01-17 22:35:00,1.618,1.619,1.617,1.619,126.58
2025-01-17 22:36:00,1.619,1.619,1.618,1.618,78.45
2025-01-17 22:37:00,1.62,1.621,1.618,1.62,296.47
2025-01-17 22:38:00,1.621,1.621,1.619,1.62,87.24
2025-01-17 22:39:00,1.62,1.623,1.62,1.621,1405.24
2025-01-17 22:40:00,1.621,1.621,1.62,1.62,253.29
2025-01-17 22:41:00,1.62,1.621,1.62,1.621,129.16
2025-01-17 22:42:00,1.62,1.622,1.62,1.62,592.12
2025-01-17 22:43:00,1.62,1.621,1.619,1.62,1931.13
2025-01-17 22:44:00,1.619,1.619,1.618,1.619,230.18
2025-01-17 22:45:00,1.62,1.621,1.619,1.619,115.76
2025-01-17 22:46:00,1.619,1.62,1.618,1.619,94.86
2025-01-17 22:47:00,1.618,1.618,1.616,1.618,1777.95
2025-01-17 22:48:00,1.617,1.617,1.617,1.617,55.88
2025-01-17 22:49:00,1.615,1.617,1.615,1.617,137.44
2025-01-17 22:50:00,1.617,1.618,1.617,1.617,496.9
2025-01-17 22:51:00,1.618,1.62,1.618,1.62,177.87
2025-01-17 22:52:00,1.619,1.62,1.618,1.618,1537.67
2025-01-17 22:53:00,1.618,1.618,1.618,1.618,61.64
2025-01-17 22:54:00,1.618,1.62,1.618,1.618,81.2
2025-01-17 22:55:00,1.619,1.62,1.619,1.619,81.94
2025-01-17 22:56:00,1.62,1.622,1.62,1.62,985.71
2025-01-17 22:57:00,1.62,1.62,1.62,1.62,360.72
2025-01-17 22:58:00,1.621,1.621,1.617,1.617,2108.28
2025-01-17 22:59:00,1.617,1.619,1.617,1.618,90.09
2025-01-17 23:00:00,1.618,1.618,1.617,1.618,121.09
2025-01-17 23:01:00,1.616,1.616,1.614,1.616,292.05
2025-01-17 23:02:00,1.617,1.618,1.615,1.616,129.38
2025-01-17 23:03:00,1.614,1.616,1.614,1.615,162.93
2025-01-17 23:04:00,1.617,1.617,1.615,1.615,82.6
2025-01-17 23:05:00,1.617,1.617,1.615,1.615,69.48
2025-01-17 23:06:00,1.615,1.616,1.614,1.614,113.48
2025-01-17 23:07:00,1.615,1.616,1.615,1.616,78.86
2025-01-17 23:08:00,1.618,1.618,1.616,1.616,76.63
2025-01-17 23:09:00,1.617,1.618,1.617,1.618,85.46
2025-01-17 23:10:00,1.619,1.619,1.615,1.615,707.01
2025-01-17 23:11:00,1.615,1.615,1.614,1.614,64.61
2025-01-17 23:12:00,1.614,1.616,1.614,1.616,113.65
2025-01-17 23:13:00,1.618,1.618,1.616,1.616,63.03
2025-01-17 23:14:00,1.615,1.616,1.615,1.615,94.6
2025-01-17 23:15:00,1.615,1.615,1.615,1.615,53.09
2025-01-17 23:16:00,1.618,1.618,1.615,1.615,138.48
2025-01-17 23:17:00,1.617,1.617,1.616,1.616,116.57
2025-01-17 23:18:00,1.617,1.618,1.617,1.617,153.52
2025-01-17 23:19:00,1.616,1.616,1.615,1.616,113.31
2025-01-17 23:20:00,1.617,1.619,1.617,1.619,61.29
2025-01-17 23:21:00,1.62,1.62,1.619,1.62,69.29
2025-01-17 23:22:00,1.62,1.62,1.619,1.62,74.41
2025-01-17 23:23:00,1.621,1.621,1.621,1.621,75.48
2025-01-17 23:24:00,1.62,1.621,1.62,1.621,205.15
2025-01-17 23:25:00,1.62,1.621,1.62,1.621,65.22
2025-01-17 23:26:00,1.62,1.62,1.619,1.619,85.94
2025-01-17 23:27:00,1.619,1.62,1.619,1.619,91.0
2025-01-17 23:28:00,1.618,1.619,1.618,1.618,65.18
2025-01-17 23:29:00,1.617,1.619,1.617,1.619,66.36
2025-01-17 23:30:00,1.617,1.618,1.617,1.618,232.72
2025-01-17 23:31:00,1.617,1.617,1.616,1.616,246.6
2025-01-17 23:32:00,1.616,1.618,1.616,1.616,829.23
2025-01-17 23:33:00,1.615,1.617,1.615,1.616,62.37
2025-01-17 23:34:00,1.616,1.616,1.615,1.615,76.83
2025-01-17 23:35:00,1.616,1.617,1.616,1.617,53.93
2025-01-17 23:36:00,1.616,1.618,1.616,1.616,324.33
2025-01-17 23:37:00,1.618,1.618,1.616,1.616,53.18
2025-01-17 23:38:00,1.617,1.617,1.617,1.617,72.56
2025-01-17 23:39:00,1.617,1.617,1.617,1.617,62.57
2025-01-17 23:40:00,1.617,1.617,1.617,1.617,57.9
2025-01-17 23:41:00,1.617,1.617,1.617,1.617,96.8
2025-01-17 23:42:00,1.618,1.618,1.618,1.618,68.14
2025-01-17 23:43:00,1.619,1.619,1.617,1.617,88.63
2025-01-17 23:44:00,1.619,1.619,1.618,1.618,100.21
2025-01-17 23:45:00,1.618,1.618,1.617,1.618,3284.35
2025-01-17 23:46:00,1.619,1.619,1.618,1.618,118.24
2025-01-17 23:47:00,1.616,1.617,1.616,1.616,95.49
2025-01-17 23:48:00,1.616,1.616,1.615,1.615,569.11
2025-01-17 23:49:00,1.615,1.624,1.615,1.62,21138.76
2025-01-17 23:50:00,1.619,1.619,1.617,1.618,1493.36
2025-01-17 23:51:00,1.616,1.617,1.616,1.616,197.85
2025-01-17 23:52:00,1.617,1.617,1.615,1.615,71.66
2025-01-17 23:53:00,1.615,1.615,1.614,1.614,625.55
2025-01-17 23:54:00,1.614,1.614,1.614,1.614,90.26
2025-01-17 23:55:00,1.614,1.614,1.613,1.613,65.23
2025-01-17 23:56:00,1.613,1.613,1.612,1.612,695.29
2025-01-17 23:57:00,1.613,1.613,1.612,1.612,94.9
2025-01-17 23:58:00,1.612,1.613,1.612,1.612,21.37
2025-01-17 23:59:00,1.612,1.612,1.612,1.612,78.78
2025-01-18 00:00:00,1.614,1.615,1.612,1.613,376.71
2025-01-18 00:01:00,1.613,1.617,1.613,1.617,1571.02
2025-01-18 00:02:00,1.617,1.617,1.616,1.616,74.86
2025-01-18 00:03:00,1.614,1.615,1.614,1.614,101.65
2025-01-18 00:04:00,1.613,1.613,1.612,1.613,620.62
2025-01-18 00:05:00,1.613,1.613,1.611,1.611,226.18
2025-01-18 00:06:00,1.612,1.612,1.61,1.61,183.53
2025-01-18 00:07:00,1.609,1.609,1.608,1.608,280.55
2025-01-18 00:08:00,1.608,1.611,1.608,1.61,83.8
2025-01-18 00:09:00,1.611,1.613,1.611,1.613,25.5
2025-01-18 00:10:00,1.613,1.614,1.613,1.613,159.1
2025-01-18 00:11:00,1.612,1.614,1.612,1.614,2509.86
2025-01-18 00:12:00,1.613,1.614,1.612,1.613,2036.62
2025-01-18 00:13:00,1.615,1.615,1.614,1.614,1910.94
2025-01-18 00:14:00,1.613,1.617,1.613,1.617,3350.93
2025-01-18 00:15:00,1.617,1.617,1.614,1.617,1509.53
2025-01-18 00:16:00,1.618,1.619,1.616,1.617,358.62
2025-01-18 00:17:00,1.616,1.616,1.616,1.616,153.13
2025-01-18 00:18:00,1.615,1.616,1.615,1.616,51.91
2025-01-18 00:19:00,1.616,1.617,1.614,1.615,790.61
2025-01-18 00:20:00,1.616,1.616,1.614,1.614,458.0
2025-01-18 00:21:00,1.615,1.618,1.615,1.618,172.58
2025-01-18 00:22:00,1.618,1.618,1.616,1.617,165.95
2025-01-18 00:23:00,1.617,1.618,1.617,1.618,78.41
2025-01-18 00:24:00,1.617,1.618,1.617,1.618,1220.84
2025-01-18 00:25:00,1.619,1.62,1.619,1.619,305.53
2025-01-18 00:26:00,1.62,1.62,1.619,1.619,251.61
2025-01-18 00:27:00,1.619,1.619,1.618,1.619,5418.55
2025-01-18 00:28:00,1.619,1.619,1.618,1.618,76.65
2025-01-18 00:29:00,1.618,1.618,1.618,1.618,61.44
2025-01-18 00:30:00,1.618,1.619,1.617,1.618,5587.95
2025-01-18 00:31:00,1.619,1.619,1.618,1.618,690.41
2025-01-18 00:32:00,1.618,1.618,1.616,1.617,475.07
2025-01-18 00:33:00,1.618,1.618,1.617,1.618,963.82
2025-01-18 00:34:00,1.618,1.618,1.617,1.617,74.05
2025-01-18 00:35:00,1.618,1.619,1.616,1.616,6701.65
2025-01-18 00:36:00,1.615,1.617,1.615,1.615,4582.68
2025-01-18 00:37:00,1.616,1.617,1.615,1.616,726.5
2025-01-18 00:38:00,1.618,1.619,1.617,1.619,827.2
2025-01-18 00:39:00,1.619,1.621,1.619,1.621,5107.81
2025-01-18 00:40:00,1.622,1.624,1.622,1.624,336.18
2025-01-18 00:41:00,1.624,1.624,1.623,1.624,178.01
2025-01-18 00:42:00,1.623,1.624,1.623,1.624,2521.49
2025-01-18 00:43:00,1.624,1.624,1.622,1.623,440.93
2025-01-18 00:44:00,1.622,1.622,1.622,1.622,319.94
2025-01-18 00:45:00,1.623,1.624,1.622,1.623,772.12
2025-01-18 00:46:00,1.623,1.623,1.621,1.621,2341.91
2025-01-18 00:47:00,1.621,1.623,1.621,1.623,318.41
2025-01-18 00:48:00,1.623,1.624,1.622,1.622,181.99
2025-01-18 00:49:00,1.622,1.622,1.619,1.619,188.43
2025-01-18 00:50:00,1.62,1.62,1.619,1.619,77.65
2025-01-18 00:51:00,1.62,1.621,1.62,1.621,51.89
2025-01-18 00:52:00,1.619,1.621,1.619,1.621,274.5
2025-01-18 00:53:00,1.62,1.623,1.62,1.621,2176.01
2025-01-18 00:54:00,1.621,1.621,1.619,1.619,1270.73
2025-01-18 00:55:00,1.619,1.621,1.619,1.621,2541.16
2025-01-18 00:56:00,1.62,1.623,1.62,1.623,328.37
2025-01-18 00:57:00,1.623,1.625,1.622,1.623,619.17
2025-01-18 00:58:00,1.623,1.623,1.623,1.623,125.14
2025-01-18 00:59:00,1.623,1.624,1.623,1.624,149.78
2025-01-18 01:00:00,1.624,1.624,1.624,1.624,96.96
2025-01-18 01:01:00,1.621,1.621,1.619,1.619,670.64
2025-01-18 01:02:00,1.62,1.621,1.616,1.616,21040.35
2025-01-18 01:03:00,1.615,1.617,1.613,1.613,1954.98
2025-01-18 01:04:00,1.614,1.615,1.612,1.612,638.55
2025-01-18 01:05:00,1.613,1.614,1.612,1.614,68.26
2025-01-18 01:06:00,1.613,1.613,1.611,1.612,346.03
2025-01-18 01:07:00,1.612,1.612,1.611,1.611,571.77
2025-01-18 01:08:00,1.611,1.611,1.61,1.611,143.49
2025-01-18 01:09:00,1.61,1.614,1.61,1.612,5654.2
2025-01-18 01:10:00,1.613,1.615,1.613,1.615,1794.37
2025-01-18 01:11:00,1.615,1.615,1.614,1.615,374.44
2025-01-18 01:12:00,1.615,1.616,1.615,1.616,1767.15
2025-01-18 01:13:00,1.615,1.616,1.614,1.616,189.24
2025-01-18 01:14:00,1.615,1.615,1.612,1.612,206.93
2025-01-18 01:15:00,1.612,1.612,1.61,1.611,309.92
2025-01-18 01:16:00,1.612,1.612,1.611,1.611,87.97
2025-01-18 01:17:00,1.61,1.612,1.61,1.612,399.82
2025-01-18 01:18:00,1.612,1.613,1.612,1.612,141.24
2025-01-18 01:19:00,1.612,1.612,1.611,1.611,244.21
2025-01-18 01:20:00,1.611,1.611,1.609,1.609,342.23
2025-01-18 01:21:00,1.609,1.609,1.608,1.608,368.56
2025-01-18 01:22:00,1.609,1.609,1.608,1.609,54.49
2025-01-18 01:23:00,1.608,1.608,1.608,1.608,204.88
2025-01-18 01:24:00,1.608,1.608,1.608,1.608,13.57
2025-01-18 01:25:00,1.609,1.61,1.609,1.609,122.01
2025-01-18 01:26:00,1.608,1.608,1.608,1.608,76.92
2025-01-18 01:27:00,1.609,1.609,1.608,1.608,534.48
2025-01-18 01:28:00,1.608,1.609,1.607,1.609,882.18
2025-01-18 01:29:00,1.608,1.609,1.607,1.607,253.71
2025-01-18 01:30:00,1.608,1.608,1.606,1.608,464.78
2025-01-18 01:31:00,1.607,1.607,1.607,1.607,2009.78
2025-01-18 01:32:00,1.607,1.607,1.605,1.605,1519.57
2025-01-18 01:33:00,1.605,1.605,1.604,1.604,4189.7
2025-01-18 01:34:00,1.606,1.607,1.603,1.604,1678.5
2025-01-18 01:35:00,1.604,1.604,1.601,1.601,528.7
2025-01-18 01:36:00,1.601,1.603,1.601,1.603,1554.74
2025-01-18 01:37:00,1.604,1.604,1.603,1.603,232.7
2025-01-18 01:38:00,1.604,1.604,1.602,1.603,199.48
2025-01-18 01:39:00,1.605,1.605,1.603,1.603,82.62
2025-01-18 01:40:00,1.604,1.604,1.603,1.604,287.8
2025-01-18 01:41:00,1.605,1.605,1.604,1.604,87.64
2025-01-18 01:42:00,1.606,1.608,1.606,1.608,2130.5
2025-01-18 01:43:00,1.609,1.609,1.607,1.607,2196.59
2025-01-18 01:44:00,1.605,1.606,1.604,1.604,70.24
2025-01-18 01:45:00,1.605,1.606,1.604,1.605,1438.58
2025-01-18 01:46:00,1.604,1.605,1.604,1.605,318.32
2025-01-18 01:47:00,1.606,1.606,1.603,1.606,2501.85
2025-01-18 01:48:00,1.606,1.607,1.605,1.605,2361.87
2025-01-18 01:49:00,1.604,1.605,1.604,1.605,406.15
2025-01-18 01:50:00,1.604,1.606,1.604,1.604,3150.45
2025-01-18 01:51:00,1.604,1.606,1.604,1.605,2418.44
2025-01-18 01:52:00,1.605,1.605,1.604,1.604,1820.51
2025-01-18 01:53:00,1.604,1.605,1.604,1.605,3873.4
2025-01-18 01:54:00,1.603,1.604,1.603,1.604,4721.58
2025-01-18 01:55:00,1.604,1.605,1.604,1.605,81.08
2025-01-18 01:56:00,1.606,1.606,1.604,1.604,424.49
2025-01-18 01:57:00,1.604,1.604,1.604,1.604,107.88
2025-01-18 01:58:00,1.605,1.605,1.605,1.605,69.93
2025-01-18 01:59:00,1.605,1.607,1.605,1.606,4644.79
2025-01-18 02:00:00,1.606,1.607,1.606,1.607,177.05
2025-01-18 02:01:00,1.607,1.611,1.607,1.611,3895.47
2025-01-18 02:02:00,1.611,1.612,1.609,1.609,959.14
2025-01-18 02:03:00,1.609,1.611,1.609,1.61,86.94
2025-01-18 02:04:00,1.611,1.611,1.609,1.609,68.46
2025-01-18 02:05:00,1.609,1.611,1.609,1.611,1360.93
2025-01-18 02:06:00,1.609,1.609,1.607,1.607,57.3
2025-01-18 02:07:00,1.608,1.609,1.607,1.609,473.62
2025-01-18 02:08:00,1.608,1.611,1.608,1.609,327.61
2025-01-18 02:09:00,1.61,1.611,1.609,1.61,715.43
2025-01-18 02:10:00,1.61,1.613,1.61,1.611,1639.61
2025-01-18 02:11:00,1.612,1.613,1.612,1.613,358.17
2025-01-18 02:12:00,1.613,1.613,1.611,1.611,244.83
2025-01-18 02:13:00,1.612,1.612,1.61,1.61,72.49
2025-01-18 02:14:00,1.612,1.612,1.61,1.611,309.91
2025-01-18 02:15:00,1.612,1.613,1.612,1.613,3813.66
2025-01-18 02:16:00,1.614,1.614,1.613,1.614,275.36
2025-01-18 02:17:00,1.612,1.613,1.612,1.613,590.09
2025-01-18 02:18:00,1.613,1.613,1.612,1.612,86.76
2025-01-18 02:19:00,1.613,1.613,1.611,1.611,81.33
2025-01-18 02:20:00,1.612,1.612,1.61,1.61,794.49
2025-01-18 02:21:00,1.61,1.613,1.61,1.613,210.63
2025-01-18 02:22:00,1.613,1.613,1.612,1.612,94.36
2025-01-18 02:23:00,1.611,1.612,1.611,1.611,226.23
2025-01-18 02:24:00,1.612,1.613,1.61,1.613,96.84
2025-01-18 02:25:00,1.613,1.613,1.611,1.612,401.65
2025-01-18 02:26:00,1.612,1.612,1.611,1.611,95.58
2025-01-18 02:27:00,1.611,1.611,1.609,1.609,205.82
2025-01-18 02:28:00,1.609,1.61,1.609,1.609,66.98
2025-01-18 02:29:00,1.61,1.61,1.609,1.609,284.49
2025-01-18 02:30:00,1.61,1.61,1.607,1.607,460.46
2025-01-18 02:31:00,1.606,1.608,1.606,1.606,252.72
2025-01-18 02:32:00,1.607,1.607,1.605,1.605,45.12
2025-01-18 02:33:00,1.605,1.606,1.605,1.606,504.44
2025-01-18 02:34:00,1.605,1.606,1.604,1.605,506.12
2025-01-18 02:35:00,1.606,1.607,1.605,1.607,233.51
2025-01-18 02:36:00,1.608,1.609,1.606,1.606,82.77
2025-01-18 02:37:00,1.606,1.606,1.605,1.605,87.02
2025-01-18 02:38:00,1.605,1.606,1.605,1.606,451.44
2025-01-18 02:39:00,1.605,1.605,1.604,1.604,256.43
2025-01-18 02:40:00,1.604,1.605,1.603,1.603,5722.17
2025-01-18 02:41:00,1.604,1.604,1.604,1.604,507.1
2025-01-18 02:42:00,1.603,1.604,1.603,1.604,162.65
2025-01-18 02:43:00,1.604,1.606,1.604,1.605,82.23
2025-01-18 02:44:00,1.605,1.608,1.605,1.608,238.16
2025-01-18 02:45:00,1.607,1.61,1.607,1.609,1234.12
2025-01-18 02:46:00,1.607,1.608,1.607,1.607,213.63
2025-01-18 02:47:00,1.607,1.608,1.605,1.608,351.28
2025-01-18 02:48:00,1.608,1.608,1.605,1.605,148.49
2025-01-18 02:49:00,1.605,1.605,1.604,1.605,303.65
2025-01-18 02:50:00,1.606,1.606,1.603,1.604,304.03
2025-01-18 02:51:00,1.603,1.607,1.603,1.607,405.3
2025-01-18 02:52:00,1.606,1.606,1.603,1.605,294.41
2025-01-18 02:53:00,1.604,1.604,1.603,1.603,62.51
2025-01-18 02:54:00,1.601,1.601,1.601,1.601,77.01
2025-01-18 02:55:00,1.601,1.601,1.6,1.6,773.33
2025-01-18 02:56:00,1.599,1.599,1.597,1.598,1625.91
2025-01-18 02:57:00,1.599,1.6,1.599,1.599,178.27
2025-01-18 02:58:00,1.598,1.598,1.598,1.598,17.47
2025-01-18 02:59:00,1.598,1.601,1.598,1.601,869.15
2025-01-18 03:00:00,1.6,1.603,1.6,1.602,1385.41
2025-01-18 03:01:00,1.602,1.605,1.602,1.604,283.21
2025-01-18 03:02:00,1.604,1.607,1.603,1.604,172.89
2025-01-18 03:03:00,1.605,1.605,1.601,1.601,188.95
2025-01-18 03:04:00,1.601,1.603,1.601,1.603,324.66
2025-01-18 03:05:00,1.602,1.602,1.599,1.6,374.97
2025-01-18 03:06:00,1.599,1.6,1.599,1.6,25.2
2025-01-18 03:07:00,1.599,1.601,1.599,1.601,124.69
2025-01-18 03:08:00,1.603,1.604,1.601,1.601,139.17
2025-01-18 03:09:00,1.603,1.607,1.603,1.607,1036.06
2025-01-18 03:10:00,1.609,1.609,1.606,1.606,79.59
2025-01-18 03:11:00,1.607,1.607,1.605,1.605,55.45
2025-01-18 03:12:00,1.606,1.606,1.603,1.603,65.67
2025-01-18 03:13:00,1.604,1.604,1.601,1.601,156.65
2025-01-18 03:14:00,1.602,1.602,1.601,1.601,64.62
2025-01-18 03:15:00,1.601,1.604,1.601,1.604,988.95
2025-01-18 03:16:00,1.604,1.604,1.601,1.601,321.4
2025-01-18 03:17:00,1.602,1.602,1.6,1.6,43.43
2025-01-18 03:18:00,1.601,1.601,1.598,1.598,44.18
2025-01-18 03:19:00,1.599,1.599,1.577,1.58,351937.05
2025-01-18 03:20:00,1.58,1.583,1.577,1.581,19127.94
2025-01-18 03:21:00,1.581,1.582,1.577,1.577,2635.69
2025-01-18 03:22:00,1.577,1.581,1.576,1.576,1615.69
2025-01-18 03:23:00,1.578,1.579,1.577,1.577,2414.25
2025-01-18 03:24:00,1.577,1.579,1.556,1.56,164141.74
2025-01-18 03:25:00,1.56,1.56,1.558,1.559,39498.11
2025-01-18 03:26:00,1.559,1.56,1.558,1.558,19269.33
2025-01-18 03:27:00,1.559,1.559,1.555,1.557,5827.5
2025-01-18 03:28:00,1.557,1.56,1.556,1.559,4506.01
2025-01-18 03:29:00,1.558,1.56,1.558,1.559,40615.2
2025-01-18 03:30:00,1.558,1.56,1.558,1.558,3481.57
2025-01-18 03:31:00,1.558,1.558,1.533,1.548,152911.88
2025-01-18 03:32:00,1.548,1.549,1.539,1.543,175014.45
2025-01-18 03:33:00,1.543,1.549,1.543,1.547,7071.32
2025-01-18 03:34:00,1.547,1.548,1.546,1.546,1415.33
2025-01-18 03:35:00,1.546,1.547,1.544,1.546,4119.13
2025-01-18 03:36:00,1.545,1.545,1.542,1.545,4657.19
2025-01-18 03:37:00,1.544,1.544,1.538,1.54,7454.84
2025-01-18 03:38:00,1.54,1.543,1.54,1.54,2916.26
2025-01-18 03:39:00,1.542,1.544,1.542,1.542,896.55
2025-01-18 03:40:00,1.541,1.542,1.538,1.538,5176.4
2025-01-18 03:41:00,1.538,1.538,1.534,1.534,4255.33
2025-01-18 03:42:00,1.535,1.537,1.535,1.535,252.45
2025-01-18 03:43:00,1.534,1.536,1.53,1.531,4647.62
2025-01-18 03:44:00,1.53,1.538,1.527,1.536,15643.8
2025-01-18 03:45:00,1.535,1.539,1.533,1.539,6439.16
2025-01-18 03:46:00,1.539,1.539,1.537,1.538,1615.44
2025-01-18 03:47:00,1.536,1.54,1.535,1.54,4601.3
2025-01-18 03:48:00,1.54,1.542,1.536,1.537,592.73
2025-01-18 03:49:00,1.537,1.537,1.535,1.537,752.07
2025-01-18 03:50:00,1.536,1.536,1.531,1.532,1545.47
2025-01-18 03:51:00,1.531,1.532,1.528,1.528,1357.19
2025-01-18 03:52:00,1.528,1.529,1.525,1.525,763.38
2025-01-18 03:53:00,1.525,1.528,1.524,1.525,768.67
2025-01-18 03:54:00,1.525,1.534,1.525,1.532,15188.88
2025-01-18 03:55:00,1.532,1.535,1.53,1.532,1091.47
2025-01-18 03:56:00,1.53,1.532,1.53,1.53,756.8
2025-01-18 03:57:00,1.532,1.535,1.532,1.533,111.88
2025-01-18 03:58:00,1.533,1.533,1.53,1.531,2284.56
2025-01-18 03:59:00,1.53,1.53,1.528,1.528,583.48
2025-01-18 04:00:00,1.527,1.531,1.527,1.531,1390.26
2025-01-18 04:01:00,1.531,1.532,1.529,1.532,3341.97
2025-01-18 04:02:00,1.531,1.532,1.53,1.53,1518.19
2025-01-18 04:03:00,1.53,1.53,1.528,1.528,59.95
2025-01-18 04:04:00,1.526,1.53,1.525,1.528,2596.8
2025-01-18 04:05:00,1.527,1.53,1.527,1.528,1474.7
2025-01-18 04:06:00,1.529,1.53,1.528,1.53,1052.8
2025-01-18 04:07:00,1.531,1.533,1.529,1.529,487.42
2025-01-18 04:08:00,1.53,1.531,1.528,1.528,1627.26
2025-01-18 04:09:00,1.528,1.528,1.527,1.527,996.03
2025-01-18 04:10:00,1.525,1.525,1.523,1.524,1760.75
2025-01-18 04:11:00,1.523,1.525,1.521,1.521,995.34
2025-01-18 04:12:00,1.521,1.525,1.521,1.524,1560.1
2025-01-18 04:13:00,1.524,1.525,1.522,1.523,356.68
2025-01-18 04:14:00,1.525,1.527,1.522,1.522,1107.09
2025-01-18 04:15:00,1.522,1.523,1.52,1.522,3008.92
2025-01-18 04:16:00,1.524,1.524,1.519,1.519,6561.53
2025-01-18 04:17:00,1.519,1.522,1.518,1.518,4295.29
2025-01-18 04:18:00,1.519,1.519,1.518,1.518,101.79
2025-01-18 04:19:00,1.517,1.518,1.515,1.517,2628.81
2025-01-18 04:20:00,1.516,1.519,1.514,1.517,2500.2
2025-01-18 04:21:00,1.517,1.522,1.517,1.521,2197.31
2025-01-18 04:22:00,1.523,1.526,1.519,1.519,5307.74
2025-01-18 04:23:00,1.52,1.52,1.517,1.517,121.9
2025-01-18 04:24:00,1.517,1.517,1.516,1.516,188.98
2025-01-18 04:25:00,1.515,1.515,1.512,1.512,1345.95
2025-01-18 04:26:00,1.513,1.514,1.512,1.514,2011.45
2025-01-18 04:27:00,1.514,1.516,1.513,1.513,984.22
2025-01-18 04:28:00,1.514,1.519,1.514,1.517,432.52
2025-01-18 04:29:00,1.517,1.518,1.516,1.517,1048.46
2025-01-18 04:30:00,1.518,1.52,1.516,1.519,1103.02
2025-01-18 04:31:00,1.519,1.523,1.518,1.523,269.84
2025-01-18 04:32:00,1.523,1.526,1.523,1.525,1535.76
2025-01-18 04:33:00,1.525,1.525,1.523,1.523,602.75
2025-01-18 04:34:00,1.524,1.524,1.523,1.524,1189.81
2025-01-18 04:35:00,1.524,1.524,1.523,1.524,1515.61
2025-01-18 04:36:00,1.526,1.528,1.526,1.528,1859.75
2025-01-18 04:37:00,1.524,1.527,1.524,1.526,372.9
2025-01-18 04:38:00,1.527,1.527,1.525,1.525,816.89
2025-01-18 04:39:00,1.524,1.524,1.523,1.523,77.97
2025-01-18 04:40:00,1.523,1.523,1.522,1.523,344.23
2025-01-18 04:41:00,1.524,1.525,1.522,1.523,564.91
2025-01-18 04:42:00,1.524,1.524,1.522,1.523,1676.04
2025-01-18 04:43:00,1.523,1.523,1.52,1.52,982.51
2025-01-18 04:44:00,1.52,1.522,1.52,1.522,1872.07
2025-01-18 04:45:00,1.521,1.521,1.517,1.517,4434.76
2025-01-18 04:46:00,1.517,1.517,1.513,1.514,2647.49
2025-01-18 04:47:00,1.515,1.518,1.515,1.517,1992.8
2025-01-18 04:48:00,1.514,1.514,1.512,1.514,974.59
2025-01-18 04:49:00,1.514,1.514,1.511,1.513,1386.26
2025-01-18 04:50:00,1.512,1.512,1.509,1.51,1436.6
2025-01-18 04:51:00,1.51,1.515,1.508,1.515,4084.75
2025-01-18 04:52:00,1.513,1.514,1.513,1.514,73.49
2025-01-18 04:53:00,1.511,1.513,1.511,1.513,546.02
2025-01-18 04:54:00,1.512,1.514,1.511,1.511,195.3
2025-01-18 04:55:00,1.512,1.512,1.511,1.512,37.97
2025-01-18 04:56:00,1.512,1.514,1.512,1.513,775.46
2025-01-18 04:57:00,1.513,1.514,1.512,1.514,793.56
2025-01-18 04:58:00,1.513,1.515,1.513,1.514,692.84
2025-01-18 04:59:00,1.514,1.515,1.513,1.513,427.38
2025-01-18 05:00:00,1.514,1.517,1.514,1.517,607.13
2025-01-18 05:01:00,1.517,1.519,1.515,1.515,3121.94
2025-01-18 05:02:00,1.514,1.517,1.514,1.516,900.66
2025-01-18 05:03:00,1.517,1.518,1.517,1.518,906.13
2025-01-18 05:04:00,1.518,1.52,1.518,1.518,136.61
2025-01-18 05:05:00,1.516,1.52,1.516,1.52,119.22
2025-01-18 05:06:00,1.516,1.516,1.515,1.516,677.93
2025-01-18 05:07:00,1.515,1.516,1.514,1.515,3712.86
2025-01-18 05:08:00,1.514,1.514,1.511,1.512,726.54
2025-01-18 05:09:00,1.513,1.513,1.512,1.512,2613.38
2025-01-18 05:10:00,1.512,1.512,1.508,1.508,2707.53
2025-01-18 05:11:00,1.507,1.507,1.503,1.505,5450.51
2025-01-18 05:12:00,1.504,1.504,1.501,1.502,504.01
2025-01-18 05:13:00,1.502,1.502,1.499,1.499,2578.21
2025-01-18 05:14:00,1.501,1.502,1.499,1.5,1748.58
2025-01-18 05:15:00,1.498,1.5,1.497,1.497,1130.95
2025-01-18 05:16:00,1.498,1.498,1.496,1.496,349.46
2025-01-18 05:17:00,1.498,1.503,1.498,1.501,1778.32
2025-01-18 05:18:00,1.5,1.506,1.5,1.506,787.95
2025-01-18 05:19:00,1.506,1.508,1.506,1.508,1479.37
2025-01-18 05:20:00,1.509,1.509,1.507,1.507,1497.11
2025-01-18 05:21:00,1.51,1.51,1.506,1.506,782.5
2025-01-18 05:22:00,1.506,1.508,1.506,1.507,718.57
2025-01-18 05:23:00,1.505,1.505,1.503,1.503,205.73
2025-01-18 05:24:00,1.504,1.506,1.504,1.505,915.0
2025-01-18 05:25:00,1.505,1.505,1.502,1.504,893.89
2025-01-18 05:26:00,1.503,1.503,1.5,1.5,463.62
2025-01-18 05:27:00,1.499,1.499,1.496,1.496,706.5
2025-01-18 05:28:00,1.496,1.498,1.492,1.495,12859.65
2025-01-18 05:29:00,1.496,1.496,1.494,1.494,664.77
2025-01-18 05:30:00,1.493,1.493,1.492,1.493,192.85
2025-01-18 05:31:00,1.491,1.492,1.489,1.49,1139.41
2025-01-18 05:32:00,1.491,1.496,1.489,1.496,1516.95
2025-01-18 05:33:00,1.497,1.498,1.495,1.495,333.68
2025-01-18 05:34:00,1.496,1.496,1.494,1.494,52.19
2025-01-18 05:35:00,1.494,1.494,1.49,1.491,1176.15
2025-01-18 05:36:00,1.491,1.491,1.489,1.489,79.76
2025-01-18 05:37:00,1.489,1.491,1.489,1.49,562.35
2025-01-18 05:38:00,1.489,1.49,1.487,1.489,2441.66
2025-01-18 05:39:00,1.488,1.488,1.487,1.487,103.43
2025-01-18 05:40:00,1.487,1.489,1.487,1.488,2211.64
2025-01-18 05:41:00,1.488,1.489,1.486,1.486,3968.62
2025-01-18 05:42:00,1.487,1.487,1.485,1.485,2419.42
2025-01-18 05:43:00,1.485,1.487,1.485,1.487,1065.46
2025-01-18 05:44:00,1.488,1.489,1.485,1.485,981.5
2025-01-18 05:45:00,1.485,1.486,1.485,1.485,153.46
2025-01-18 05:46:00,1.486,1.486,1.484,1.484,263.04
2025-01-18 05:47:00,1.485,1.488,1.485,1.488,1491.44
2025-01-18 05:48:00,1.487,1.487,1.483,1.484,480.42
2025-01-18 05:49:00,1.484,1.485,1.481,1.482,1699.69
2025-01-18 05:50:00,1.483,1.483,1.479,1.479,2729.73
2025-01-18 05:51:00,1.48,1.484,1.479,1.479,4761.31
2025-01-18 05:52:00,1.479,1.481,1.478,1.481,237.77
2025-01-18 05:53:00,1.478,1.479,1.475,1.475,1420.2
2025-01-18 05:54:00,1.475,1.475,1.472,1.472,566.06
2025-01-18 05:55:00,1.471,1.472,1.467,1.467,2301.52
2025-01-18 05:56:00,1.468,1.477,1.466,1.473,8942.22
2025-01-18 05:57:00,1.471,1.472,1.467,1.467,1350.43
2025-01-18 05:58:00,1.466,1.469,1.466,1.468,8897.82
2025-01-18 05:59:00,1.466,1.467,1.465,1.465,3204.52
2025-01-18 06:00:00,1.464,1.478,1.464,1.473,5413.23
2025-01-18 06:01:00,1.472,1.479,1.471,1.474,3736.0
2025-01-18 06:02:00,1.477,1.48,1.473,1.476,1292.14
2025-01-18 06:03:00,1.477,1.479,1.475,1.476,568.83
2025-01-18 06:04:00,1.476,1.478,1.474,1.476,1085.58
2025-01-18 06:05:00,1.476,1.481,1.476,1.478,1959.82
2025-01-18 06:06:00,1.479,1.483,1.479,1.48,1647.68
2025-01-18 06:07:00,1.477,1.481,1.477,1.48,2802.1
2025-01-18 06:08:00,1.48,1.482,1.48,1.481,672.42
2025-01-18 06:09:00,1.481,1.483,1.48,1.482,1307.62
2025-01-18 06:10:00,1.483,1.483,1.481,1.481,2010.12
2025-01-18 06:11:00,1.481,1.481,1.477,1.477,4232.6
2025-01-18 06:12:00,1.475,1.476,1.474,1.475,176.17
2025-01-18 06:13:00,1.473,1.475,1.472,1.475,270.4
2025-01-18 06:14:00,1.475,1.478,1.475,1.478,84.25
2025-01-18 06:15:00,1.476,1.48,1.476,1.48,220.03
2025-01-18 06:16:00,1.479,1.481,1.478,1.481,818.11
2025-01-18 06:17:00,1.48,1.486,1.48,1.486,1272.74
2025-01-18 06:18:00,1.486,1.486,1.483,1.484,159.25
2025-01-18 06:19:00,1.484,1.484,1.482,1.483,325.81
2025-01-18 06:20:00,1.483,1.484,1.479,1.479,1399.67
2025-01-18 06:21:00,1.481,1.481,1.477,1.477,378.64
2025-01-18 06:22:00,1.477,1.478,1.474,1.475,2705.71
2025-01-18 06:23:00,1.477,1.477,1.475,1.475,407.5
2025-01-18 06:24:00,1.475,1.478,1.475,1.475,86.07
2025-01-18 06:25:00,1.476,1.477,1.476,1.477,416.66
2025-01-18 06:26:00,1.478,1.478,1.477,1.478,500.08
2025-01-18 06:27:00,1.478,1.479,1.477,1.478,474.29
2025-01-18 06:28:00,1.479,1.48,1.478,1.479,105.21
2025-01-18 06:29:00,1.48,1.48,1.479,1.48,255.02
2025-01-18 06:30:00,1.48,1.481,1.479,1.479,706.5
2025-01-18 06:31:00,1.478,1.48,1.478,1.48,1413.27
2025-01-18 06:32:00,1.479,1.479,1.476,1.479,338.64
2025-01-18 06:33:00,1.475,1.478,1.475,1.478,86.89
2025-01-18 06:34:00,1.477,1.478,1.476,1.476,230.6
2025-01-18 06:35:00,1.476,1.478,1.475,1.478,79.93
2025-01-18 06:36:00,1.48,1.49,1.48,1.489,17873.18
2025-01-18 06:37:00,1.488,1.488,1.486,1.487,2307.9
2025-01-18 06:38:00,1.487,1.487,1.484,1.486,1273.93
2025-01-18 06:39:00,1.484,1.486,1.484,1.486,2798.19
2025-01-18 06:40:00,1.484,1.484,1.483,1.483,173.58
2025-01-18 06:41:00,1.482,1.483,1.482,1.482,60.0
2025-01-18 06:42:00,1.484,1.484,1.481,1.481,251.22
2025-01-18 06:43:00,1.481,1.482,1.481,1.481,44.41
2025-01-18 06:44:00,1.481,1.482,1.48,1.481,389.79
2025-01-18 06:45:00,1.482,1.485,1.482,1.485,747.49
2025-01-18 06:46:00,1.485,1.486,1.484,1.485,257.21
2025-01-18 06:47:00,1.485,1.488,1.485,1.488,1384.24
2025-01-18 06:48:00,1.487,1.489,1.486,1.489,327.83
2025-01-18 06:49:00,1.489,1.491,1.488,1.491,603.05
2025-01-18 06:50:00,1.489,1.489,1.487,1.488,268.04
2025-01-18 06:51:00,1.487,1.488,1.485,1.486,179.83
2025-01-18 06:52:00,1.486,1.486,1.484,1.484,138.41
2025-01-18 06:53:00,1.484,1.486,1.484,1.486,75.22
2025-01-18 06:54:00,1.486,1.487,1.484,1.485,2599.49
2025-01-18 06:55:00,1.485,1.485,1.484,1.484,152.55
2025-01-18 06:56:00,1.483,1.484,1.483,1.483,408.54
2025-01-18 06:57:00,1.482,1.484,1.482,1.484,955.5
2025-01-18 06:58:00,1.483,1.483,1.482,1.483,208.47
2025-01-18 06:59:00,1.481,1.482,1.481,1.481,210.05
2025-01-18 07:00:00,1.481,1.484,1.481,1.483,2046.77
2025-01-18 07:01:00,1.483,1.484,1.482,1.482,930.8
2025-01-18 07:02:00,1.483,1.483,1.48,1.48,600.33
2025-01-18 07:03:00,1.479,1.48,1.478,1.478,325.1
2025-01-18 07:04:00,1.478,1.479,1.478,1.478,722.77
2025-01-18 07:05:00,1.478,1.478,1.477,1.477,30.49
2025-01-18 07:06:00,1.478,1.479,1.476,1.476,338.44
2025-01-18 07:07:00,1.476,1.476,1.475,1.476,247.86
2025-01-18 07:08:00,1.476,1.477,1.475,1.477,157.3
2025-01-18 07:09:00,1.475,1.475,1.471,1.471,448.33
2025-01-18 07:10:00,1.47,1.473,1.47,1.471,1026.0
2025-01-18 07:11:00,1.47,1.471,1.468,1.471,909.06
2025-01-18 07:12:00,1.471,1.471,1.469,1.47,369.81
2025-01-18 07:13:00,1.469,1.47,1.468,1.468,774.87
2025-01-18 07:14:00,1.467,1.469,1.467,1.468,428.41
2025-01-18 07:15:00,1.468,1.471,1.468,1.47,172.21
2025-01-18 07:16:00,1.469,1.472,1.468,1.472,741.01
2025-01-18 07:17:00,1.47,1.473,1.47,1.472,564.94
2025-01-18 07:18:00,1.471,1.473,1.471,1.473,1146.43
2025-01-18 07:19:00,1.471,1.472,1.469,1.469,271.61
2025-01-18 07:20:00,1.47,1.474,1.47,1.474,1191.67
2025-01-18 07:21:00,1.474,1.476,1.472,1.473,911.6
2025-01-18 07:22:00,1.472,1.473,1.472,1.473,38.68
2025-01-18 07:23:00,1.471,1.473,1.471,1.472,62.73
2025-01-18 07:24:00,1.473,1.473,1.472,1.473,236.69
2025-01-18 07:25:00,1.474,1.474,1.473,1.473,672.79
2025-01-18 07:26:00,1.473,1.474,1.473,1.473,54.27
2025-01-18 07:27:00,1.474,1.474,1.47,1.47,510.63
2025-01-18 07:28:00,1.47,1.471,1.47,1.471,610.63
2025-01-18 07:29:00,1.472,1.472,1.471,1.472,179.44
2025-01-18 07:30:00,1.47,1.471,1.469,1.469,936.14
2025-01-18 07:31:00,1.468,1.47,1.466,1.467,325.55
2025-01-18 07:32:00,1.467,1.467,1.466,1.466,1249.47
2025-01-18 07:33:00,1.466,1.466,1.465,1.465,1748.84
2025-01-18 07:34:00,1.465,1.467,1.465,1.467,896.15
2025-01-18 07:35:00,1.467,1.469,1.466,1.469,99.85
2025-01-18 07:36:00,1.467,1.467,1.466,1.466,21.49
2025-01-18 07:37:00,1.466,1.468,1.464,1.466,9891.26
2025-01-18 07:38:00,1.465,1.468,1.465,1.467,453.82
2025-01-18 07:39:00,1.469,1.469,1.467,1.469,327.74
2025-01-18 07:40:00,1.468,1.469,1.468,1.469,136.12
2025-01-18 07:41:00,1.467,1.468,1.467,1.467,150.35
2025-01-18 07:42:00,1.467,1.468,1.467,1.468,136.39
2025-01-18 07:43:00,1.467,1.467,1.466,1.466,280.73
2025-01-18 07:44:00,1.465,1.466,1.465,1.466,65.0
2025-01-18 07:45:00,1.467,1.467,1.465,1.465,258.4
2025-01-18 07:46:00,1.463,1.464,1.463,1.464,347.72
2025-01-18 07:47:00,1.464,1.465,1.463,1.463,795.22
2025-01-18 07:48:00,1.464,1.464,1.461,1.462,4205.43
2025-01-18 07:49:00,1.461,1.462,1.46,1.461,496.66
2025-01-18 07:50:00,1.461,1.461,1.458,1.459,1111.13
2025-01-18 07:51:00,1.459,1.46,1.458,1.458,1300.97
2025-01-18 07:52:00,1.459,1.459,1.457,1.458,1550.92
2025-01-18 07:53:00,1.46,1.462,1.46,1.462,479.15
2025-01-18 07:54:00,1.461,1.464,1.46,1.464,994.44
2025-01-18 07:55:00,1.465,1.469,1.465,1.468,7400.85
2025-01-18 07:56:00,1.468,1.469,1.466,1.469,8251.02
2025-01-18 07:57:00,1.469,1.47,1.467,1.468,3337.25
2025-01-18 07:58:00,1.467,1.469,1.467,1.467,677.93
2025-01-18 07:59:00,1.467,1.468,1.465,1.465,720.26
2025-01-18 08:00:00,1.463,1.463,1.46,1.461,1308.61
2025-01-18 08:01:00,1.461,1.461,1.459,1.459,561.73
2025-01-18 08:02:00,1.458,1.459,1.457,1.457,1291.37
2025-01-18 08:03:00,1.458,1.458,1.456,1.457,313.95
2025-01-18 08:04:00,1.456,1.456,1.454,1.455,1684.67
2025-01-18 08:05:00,1.455,1.457,1.453,1.455,4059.85
2025-01-18 08:06:00,1.454,1.456,1.454,1.454,1141.56
2025-01-18 08:07:00,1.454,1.454,1.452,1.452,697.25
2025-01-18 08:08:00,1.452,1.452,1.443,1.447,17613.12
2025-01-18 08:09:00,1.447,1.45,1.445,1.447,3796.0
2025-01-18 08:10:00,1.446,1.451,1.446,1.449,1975.7
2025-01-18 08:11:00,1.452,1.457,1.452,1.457,1171.1
2025-01-18 08:12:00,1.458,1.46,1.457,1.457,720.28
2025-01-18 08:13:00,1.458,1.461,1.457,1.461,911.94
2025-01-18 08:14:00,1.46,1.461,1.458,1.461,763.67
2025-01-18 08:15:00,1.46,1.462,1.46,1.46,518.52
2025-01-18 08:16:00,1.461,1.461,1.458,1.461,868.57
2025-01-18 08:17:00,1.463,1.463,1.459,1.459,281.29
2025-01-18 08:18:00,1.458,1.458,1.456,1.456,2019.18
2025-01-18 08:19:00,1.455,1.456,1.454,1.455,2474.83
2025-01-18 08:20:00,1.454,1.454,1.452,1.452,448.2
2025-01-18 08:21:00,1.452,1.455,1.452,1.452,3436.98
2025-01-18 08:22:00,1.452,1.453,1.451,1.451,1407.48
2025-01-18 08:23:00,1.451,1.452,1.447,1.447,882.61
2025-01-18 08:24:00,1.449,1.452,1.449,1.452,1432.39
2025-01-18 08:25:00,1.454,1.459,1.454,1.459,4191.38
2025-01-18 08:26:00,1.46,1.461,1.459,1.461,336.16
2025-01-18 08:27:00,1.461,1.463,1.461,1.463,2315.2
2025-01-18 08:28:00,1.464,1.465,1.461,1.463,1238.98
2025-01-18 08:29:00,1.463,1.464,1.463,1.464,65.82
2025-01-18 08:30:00,1.465,1.466,1.464,1.466,1047.35
2025-01-18 08:31:00,1.467,1.467,1.464,1.466,854.7
2025-01-18 08:32:00,1.465,1.466,1.464,1.465,1414.36
2025-01-18 08:33:00,1.464,1.466,1.463,1.466,380.55
2025-01-18 08:34:00,1.468,1.468,1.467,1.467,150.19
2025-01-18 08:35:00,1.467,1.469,1.466,1.469,1038.25
2025-01-18 08:36:00,1.47,1.471,1.468,1.468,3207.98
2025-01-18 08:37:00,1.469,1.472,1.468,1.471,442.83
2025-01-18 08:38:00,1.472,1.473,1.471,1.471,975.28
2025-01-18 08:39:00,1.471,1.472,1.47,1.472,1097.44
2025-01-18 08:40:00,1.471,1.471,1.469,1.469,375.64
2025-01-18 08:41:00,1.47,1.472,1.47,1.471,1467.52
2025-01-18 08:42:00,1.473,1.473,1.468,1.469,236.24
2025-01-18 08:43:00,1.47,1.472,1.469,1.472,3185.25
2025-01-18 08:44:00,1.471,1.474,1.47,1.472,9194.42
2025-01-18 08:45:00,1.472,1.473,1.47,1.47,3344.2
2025-01-18 08:46:00,1.47,1.47,1.469,1.47,79.53
2025-01-18 08:47:00,1.47,1.471,1.47,1.47,151.38
2025-01-18 08:48:00,1.471,1.473,1.47,1.473,501.42
2025-01-18 08:49:00,1.473,1.474,1.471,1.472,324.13
2025-01-18 08:50:00,1.472,1.472,1.47,1.47,433.87
2025-01-18 08:51:00,1.47,1.472,1.47,1.471,771.58
2025-01-18 08:52:00,1.473,1.474,1.472,1.474,67.78
2025-01-18 08:53:00,1.474,1.475,1.474,1.475,233.1
2025-01-18 08:54:00,1.475,1.475,1.474,1.475,490.47
2025-01-18 08:55:00,1.474,1.474,1.473,1.473,428.56
2025-01-18 08:56:00,1.474,1.475,1.473,1.474,389.16
2025-01-18 08:57:00,1.474,1.475,1.473,1.473,159.25
2025-01-18 08:58:00,1.472,1.473,1.472,1.472,42.11
2025-01-18 08:59:00,1.472,1.472,1.471,1.472,2646.52
2025-01-18 09:00:00,1.472,1.472,1.469,1.469,414.14
2025-01-18 09:01:00,1.471,1.472,1.47,1.47,805.84
2025-01-18 09:02:00,1.471,1.474,1.471,1.473,1901.81
2025-01-18 09:03:00,1.473,1.476,1.473,1.476,805.11
2025-01-18 09:04:00,1.475,1.475,1.472,1.472,348.28
2025-01-18 09:05:00,1.474,1.474,1.473,1.474,146.72
2025-01-18 09:06:00,1.473,1.474,1.471,1.472,552.88
2025-01-18 09:07:00,1.47,1.472,1.47,1.471,1095.56
2025-01-18 09:08:00,1.47,1.472,1.469,1.469,612.23
2025-01-18 09:09:00,1.468,1.468,1.467,1.468,218.1
2025-01-18 09:10:00,1.468,1.469,1.468,1.468,457.03
2025-01-18 09:11:00,1.469,1.469,1.467,1.469,1096.75
2025-01-18 09:12:00,1.469,1.469,1.467,1.467,338.25
2025-01-18 09:13:00,1.466,1.467,1.466,1.467,43.73
2025-01-18 09:14:00,1.468,1.469,1.468,1.469,178.47
2025-01-18 09:15:00,1.47,1.47,1.469,1.469,205.65
2025-01-18 09:16:00,1.468,1.47,1.468,1.469,37.85
2025-01-18 09:17:00,1.47,1.47,1.47,1.47,37.82
2025-01-18 09:18:00,1.47,1.471,1.469,1.471,1335.59
2025-01-18 09:19:00,1.47,1.471,1.47,1.471,68.42
2025-01-18 09:20:00,1.471,1.471,1.47,1.47,21.05
2025-01-18 09:21:00,1.471,1.471,1.467,1.467,672.31
2025-01-18 09:22:00,1.466,1.467,1.466,1.467,1786.06
2025-01-18 09:23:00,1.465,1.465,1.463,1.464,572.38
2025-01-18 09:24:00,1.464,1.465,1.464,1.465,73.35
2025-01-18 09:25:00,1.465,1.467,1.465,1.467,37.85
2025-01-18 09:26:00,1.467,1.469,1.467,1.469,523.62
2025-01-18 09:27:00,1.468,1.471,1.468,1.469,1943.0
2025-01-18 09:28:00,1.469,1.47,1.469,1.469,576.89
2025-01-18 09:29:00,1.47,1.47,1.468,1.469,260.43
2025-01-18 09:30:00,1.468,1.468,1.466,1.466,37.75
2025-01-18 09:31:00,1.467,1.467,1.466,1.466,43.7
2025-01-18 09:32:00,1.466,1.466,1.463,1.463,2919.78
2025-01-18 09:33:00,1.462,1.463,1.462,1.463,116.16
2025-01-18 09:34:00,1.464,1.464,1.462,1.462,360.39
2025-01-18 09:35:00,1.462,1.462,1.462,1.462,215.48
2025-01-18 09:36:00,1.461,1.461,1.46,1.461,742.92
2025-01-18 09:37:00,1.461,1.463,1.461,1.463,1183.23
2025-01-18 09:38:00,1.461,1.461,1.46,1.46,734.87
2025-01-18 09:39:00,1.46,1.46,1.459,1.459,44.92
2025-01-18 09:40:00,1.46,1.461,1.459,1.459,2380.61
2025-01-18 09:41:00,1.46,1.462,1.46,1.461,704.68
2025-01-18 09:42:00,1.461,1.461,1.46,1.46,214.4
2025-01-18 09:43:00,1.46,1.46,1.459,1.459,149.4
2025-01-18 09:44:00,1.459,1.462,1.459,1.461,167.75
2025-01-18 09:45:00,1.463,1.465,1.463,1.463,541.36
2025-01-18 09:46:00,1.462,1.464,1.462,1.463,764.29
2025-01-18 09:47:00,1.463,1.465,1.462,1.464,1041.59
2025-01-18 09:48:00,1.465,1.465,1.464,1.465,304.53
2025-01-18 09:49:00,1.465,1.467,1.464,1.467,2809.22
2025-01-18 09:50:00,1.467,1.47,1.467,1.47,4468.65
2025-01-18 09:51:00,1.47,1.471,1.47,1.471,1496.34
2025-01-18 09:52:00,1.472,1.473,1.472,1.472,28.77
2025-01-18 09:53:00,1.472,1.472,1.471,1.471,867.57
2025-01-18 09:54:00,1.472,1.472,1.471,1.472,458.17
2025-01-18 09:55:00,1.47,1.471,1.469,1.471,1383.98
2025-01-18 09:56:00,1.47,1.47,1.469,1.469,1735.3
2025-01-18 09:57:00,1.469,1.469,1.468,1.469,45.24
2025-01-18 09:58:00,1.469,1.471,1.469,1.471,367.49
2025-01-18 09:59:00,1.47,1.471,1.47,1.47,56.68
2025-01-18 10:00:00,1.471,1.471,1.47,1.471,301.59
2025-01-18 10:01:00,1.47,1.47,1.468,1.469,3214.26
2025-01-18 10:02:00,1.469,1.471,1.469,1.471,1570.39
2025-01-18 10:03:00,1.472,1.473,1.472,1.473,649.5
2025-01-18 10:04:00,1.473,1.476,1.473,1.475,611.36
2025-01-18 10:05:00,1.475,1.475,1.473,1.473,906.5
2025-01-18 10:06:00,1.471,1.473,1.471,1.473,1220.1
2025-01-18 10:07:00,1.472,1.475,1.472,1.474,1047.56
2025-01-18 10:08:00,1.473,1.474,1.472,1.473,322.75
2025-01-18 10:09:00,1.473,1.474,1.472,1.472,70.83
2025-01-18 10:10:00,1.471,1.471,1.469,1.47,194.0
2025-01-18 10:11:00,1.469,1.469,1.467,1.469,862.43
2025-01-18 10:12:00,1.468,1.469,1.467,1.468,630.9
2025-01-18 10:13:00,1.47,1.47,1.464,1.464,1205.18
2025-01-18 10:14:00,1.464,1.466,1.464,1.465,3120.66
2025-01-18 10:15:00,1.463,1.468,1.463,1.467,249.46
2025-01-18 10:16:00,1.468,1.468,1.465,1.465,152.09
2025-01-18 10:17:00,1.467,1.469,1.467,1.469,224.67
2025-01-18 10:18:00,1.468,1.469,1.467,1.468,80.83
2025-01-18 10:19:00,1.466,1.466,1.463,1.463,45.94
2025-01-18 10:20:00,1.463,1.463,1.462,1.462,223.67
2025-01-18 10:21:00,1.461,1.463,1.46,1.462,677.25
2025-01-18 10:22:00,1.461,1.461,1.46,1.46,283.9
2025-01-18 10:23:00,1.461,1.465,1.461,1.465,408.96
2025-01-18 10:24:00,1.465,1.465,1.462,1.464,636.15
2025-01-18 10:25:00,1.465,1.467,1.463,1.467,8706.17
2025-01-18 10:26:00,1.468,1.468,1.467,1.467,296.02
2025-01-18 10:27:00,1.468,1.468,1.468,1.468,708.49
2025-01-18 10:28:00,1.466,1.466,1.465,1.465,133.86
2025-01-18 10:29:00,1.464,1.467,1.464,1.467,1389.59
2025-01-18 10:30:00,1.467,1.468,1.466,1.466,2981.17
2025-01-18 10:31:00,1.463,1.465,1.463,1.465,20.9
2025-01-18 10:32:00,1.462,1.464,1.462,1.463,448.23
2025-01-18 10:33:00,1.462,1.462,1.461,1.461,234.67
2025-01-18 10:34:00,1.462,1.465,1.462,1.465,268.32
2025-01-18 10:35:00,1.466,1.467,1.465,1.466,1389.84
2025-01-18 10:36:00,1.464,1.465,1.462,1.462,337.94
2025-01-18 10:37:00,1.464,1.464,1.461,1.461,715.52
2025-01-18 10:38:00,1.461,1.461,1.46,1.461,289.86
2025-01-18 10:39:00,1.46,1.46,1.458,1.459,756.64
2025-01-18 10:40:00,1.458,1.46,1.456,1.459,3982.1
2025-01-18 10:41:00,1.458,1.458,1.456,1.458,518.89
2025-01-18 10:42:00,1.46,1.465,1.46,1.464,1185.07
2025-01-18 10:43:00,1.463,1.464,1.462,1.462,464.67
2025-01-18 10:44:00,1.462,1.465,1.462,1.462,1662.95
2025-01-18 10:45:00,1.461,1.461,1.455,1.456,4014.82
2025-01-18 10:46:00,1.455,1.455,1.45,1.454,5433.95
2025-01-18 10:47:00,1.453,1.454,1.451,1.452,2353.54
2025-01-18 10:48:00,1.452,1.457,1.452,1.457,1360.97
2025-01-18 10:49:00,1.456,1.46,1.456,1.46,1001.82
2025-01-18 10:50:00,1.462,1.465,1.461,1.465,2616.41
2025-01-18 10:51:00,1.465,1.466,1.464,1.465,3464.71
2025-01-18 10:52:00,1.465,1.465,1.463,1.464,1054.73
2025-01-18 10:53:00,1.463,1.465,1.463,1.465,30.87
2025-01-18 10:54:00,1.465,1.468,1.465,1.468,335.48
2025-01-18 10:55:00,1.468,1.469,1.468,1.468,874.01
2025-01-18 10:56:00,1.468,1.468,1.466,1.467,1180.17
2025-01-18 10:57:00,1.468,1.471,1.468,1.469,3164.97
2025-01-18 10:58:00,1.469,1.471,1.469,1.469,265.46
2025-01-18 10:59:00,1.468,1.468,1.467,1.467,451.38
2025-01-18 11:00:00,1.466,1.467,1.463,1.464,570.67
2025-01-18 11:01:00,1.463,1.463,1.461,1.463,1414.88
2025-01-18 11:02:00,1.464,1.464,1.462,1.462,777.57
2025-01-18 11:03:00,1.462,1.463,1.461,1.461,2235.84
2025-01-18 11:04:00,1.46,1.461,1.46,1.461,37.39
2025-01-18 11:05:00,1.461,1.461,1.458,1.459,796.78
2025-01-18 11:06:00,1.46,1.46,1.455,1.455,1995.24
2025-01-18 11:07:00,1.455,1.456,1.454,1.456,474.14
2025-01-18 11:08:00,1.457,1.458,1.457,1.458,2124.69
2025-01-18 11:09:00,1.457,1.462,1.457,1.462,531.56
2025-01-18 11:10:00,1.46,1.461,1.459,1.459,339.92
2025-01-18 11:11:00,1.459,1.459,1.458,1.459,174.85
2025-01-18 11:12:00,1.46,1.461,1.459,1.461,1398.58
2025-01-18 11:13:00,1.462,1.463,1.462,1.463,698.27
2025-01-18 11:14:00,1.463,1.463,1.461,1.461,441.99
2025-01-18 11:15:00,1.463,1.463,1.462,1.462,415.19
2025-01-18 11:16:00,1.462,1.463,1.46,1.461,1029.72
2025-01-18 11:17:00,1.461,1.464,1.46,1.464,1146.62
2025-01-18 11:18:00,1.463,1.464,1.463,1.463,1750.26
2025-01-18 11:19:00,1.462,1.463,1.461,1.463,1212.18
2025-01-18 11:20:00,1.463,1.464,1.463,1.464,251.86
2025-01-18 11:21:00,1.464,1.466,1.464,1.465,802.27
2025-01-18 11:22:00,1.466,1.466,1.465,1.465,1961.59
2025-01-18 11:23:00,1.465,1.466,1.465,1.466,777.6
2025-01-18 11:24:00,1.467,1.47,1.467,1.47,921.53
2025-01-18 11:25:00,1.471,1.475,1.471,1.474,1504.89
2025-01-18 11:26:00,1.473,1.476,1.473,1.473,14926.33
2025-01-18 11:27:00,1.473,1.473,1.472,1.472,283.7
2025-01-18 11:28:00,1.474,1.475,1.473,1.475,1704.77
2025-01-18 11:29:00,1.474,1.475,1.474,1.475,36.96
2025-01-18 11:30:00,1.475,1.475,1.471,1.471,166.47
2025-01-18 11:31:00,1.472,1.473,1.471,1.472,1186.72
2025-01-18 11:32:00,1.471,1.471,1.47,1.471,452.35
2025-01-18 11:33:00,1.471,1.472,1.47,1.472,68.1
2025-01-18 11:34:00,1.472,1.472,1.471,1.472,713.18
2025-01-18 11:35:00,1.472,1.473,1.471,1.471,312.96
2025-01-18 11:36:00,1.472,1.475,1.472,1.475,430.6
2025-01-18 11:37:00,1.475,1.479,1.475,1.479,5930.84
2025-01-18 11:38:00,1.479,1.48,1.479,1.48,280.94
2025-01-18 11:39:00,1.481,1.481,1.48,1.481,584.87
2025-01-18 11:40:00,1.482,1.482,1.481,1.482,4640.61
2025-01-18 11:41:00,1.482,1.49,1.482,1.488,2605.59
2025-01-18 11:42:00,1.488,1.489,1.487,1.489,1050.21
2025-01-18 11:43:00,1.489,1.491,1.489,1.491,2583.02
2025-01-18 11:44:00,1.491,1.494,1.491,1.492,668.82
2025-01-18 11:45:00,1.492,1.497,1.49,1.496,3825.38
2025-01-18 11:46:00,1.496,1.496,1.493,1.496,1938.67
2025-01-18 11:47:00,1.496,1.497,1.495,1.495,2517.43
2025-01-18 11:48:00,1.495,1.496,1.493,1.493,446.44
2025-01-18 11:49:00,1.494,1.494,1.492,1.492,183.92
2025-01-18 11:50:00,1.492,1.492,1.49,1.49,597.76
2025-01-18 11:51:00,1.49,1.491,1.488,1.49,519.28
2025-01-18 11:52:00,1.49,1.49,1.488,1.489,785.86
2025-01-18 11:53:00,1.488,1.489,1.488,1.489,137.73
2025-01-18 11:54:00,1.488,1.489,1.488,1.489,568.73
2025-01-18 11:55:00,1.491,1.492,1.49,1.492,549.45
2025-01-18 11:56:00,1.492,1.493,1.491,1.493,479.06
2025-01-18 11:57:00,1.492,1.495,1.492,1.495,471.28
2025-01-18 11:58:00,1.495,1.495,1.493,1.493,803.84
2025-01-18 11:59:00,1.492,1.493,1.492,1.493,246.23
2025-01-18 12:00:00,1.492,1.492,1.489,1.489,157.88
2025-01-18 12:01:00,1.488,1.489,1.487,1.489,853.29
2025-01-18 12:02:00,1.487,1.488,1.487,1.488,505.83
2025-01-18 12:03:00,1.49,1.49,1.488,1.489,73.0
2025-01-18 12:04:00,1.49,1.491,1.489,1.491,197.48
2025-01-18 12:05:00,1.493,1.494,1.493,1.494,683.5
2025-01-18 12:06:00,1.495,1.495,1.493,1.493,259.99
2025-01-18 12:07:00,1.493,1.493,1.491,1.491,322.63
2025-01-18 12:08:00,1.49,1.491,1.49,1.491,293.65
2025-01-18 12:09:00,1.489,1.492,1.489,1.492,1025.78
2025-01-18 12:10:00,1.49,1.493,1.49,1.491,433.25
2025-01-18 12:11:00,1.492,1.492,1.488,1.488,1009.11
2025-01-18 12:12:00,1.488,1.488,1.487,1.487,900.41
2025-01-18 12:13:00,1.487,1.487,1.486,1.487,387.0
2025-01-18 12:14:00,1.487,1.489,1.486,1.486,1059.29
2025-01-18 12:15:00,1.487,1.488,1.487,1.488,428.04
2025-01-18 12:16:00,1.488,1.488,1.487,1.487,643.9
2025-01-18 12:17:00,1.489,1.489,1.487,1.487,382.19
2025-01-18 12:18:00,1.486,1.487,1.486,1.486,68.27
2025-01-18 12:19:00,1.485,1.487,1.485,1.487,883.1
2025-01-18 12:20:00,1.488,1.488,1.486,1.487,169.31
2025-01-18 12:21:00,1.488,1.49,1.487,1.49,2058.48
2025-01-18 12:22:00,1.49,1.49,1.487,1.487,987.98
2025-01-18 12:23:00,1.487,1.488,1.487,1.488,653.36
2025-01-18 12:24:00,1.488,1.489,1.488,1.489,970.09
2025-01-18 12:25:00,1.489,1.489,1.485,1.485,842.62
2025-01-18 12:26:00,1.484,1.485,1.482,1.484,693.04
2025-01-18 12:27:00,1.484,1.484,1.48,1.48,1559.49
2025-01-18 12:28:00,1.48,1.48,1.478,1.478,2387.04
2025-01-18 12:29:00,1.478,1.478,1.478,1.478,16.13
2025-01-18 12:30:00,1.479,1.48,1.479,1.48,218.91
2025-01-18 12:31:00,1.481,1.481,1.479,1.479,2339.03
2025-01-18 12:32:00,1.479,1.479,1.479,1.479,346.01
2025-01-18 12:33:00,1.479,1.479,1.476,1.476,187.35
2025-01-18 12:34:00,1.476,1.476,1.473,1.473,1212.62
2025-01-18 12:35:00,1.472,1.474,1.472,1.474,353.34
2025-01-18 12:36:00,1.475,1.475,1.472,1.473,2063.39
2025-01-18 12:37:00,1.472,1.474,1.471,1.474,673.9
2025-01-18 12:38:00,1.472,1.472,1.472,1.472,20.51
2025-01-18 12:39:00,1.473,1.476,1.472,1.475,1879.46
2025-01-18 12:40:00,1.476,1.476,1.476,1.476,20.46
2025-01-18 12:41:00,1.478,1.479,1.477,1.477,2928.36
2025-01-18 12:42:00,1.476,1.478,1.475,1.478,702.73
2025-01-18 12:43:00,1.477,1.477,1.476,1.476,135.3
2025-01-18 12:44:00,1.478,1.478,1.477,1.478,922.48
2025-01-18 12:45:00,1.477,1.478,1.477,1.477,34.68
2025-01-18 12:46:00,1.479,1.48,1.477,1.477,594.6
2025-01-18 12:47:00,1.476,1.479,1.476,1.477,964.97
2025-01-18 12:48:00,1.477,1.479,1.477,1.479,200.72
2025-01-18 12:49:00,1.479,1.479,1.478,1.479,111.08
2025-01-18 12:50:00,1.48,1.484,1.48,1.484,910.64
2025-01-18 12:51:00,1.483,1.484,1.483,1.483,1476.8
2025-01-18 12:52:00,1.485,1.485,1.483,1.483,144.81
2025-01-18 12:53:00,1.484,1.486,1.484,1.485,885.22
2025-01-18 12:54:00,1.485,1.485,1.484,1.484,205.64
2025-01-18 12:55:00,1.484,1.484,1.483,1.483,54.7
2025-01-18 12:56:00,1.482,1.483,1.481,1.482,105.23
2025-01-18 12:57:00,1.483,1.484,1.481,1.483,479.53
2025-01-18 12:58:00,1.482,1.484,1.482,1.483,170.24
2025-01-18 12:59:00,1.483,1.484,1.482,1.483,642.63
2025-01-18 13:00:00,1.484,1.484,1.483,1.484,467.36
2025-01-18 13:01:00,1.484,1.49,1.483,1.49,442.71
2025-01-18 13:02:00,1.49,1.49,1.487,1.489,191.58
2025-01-18 13:03:00,1.489,1.489,1.486,1.486,472.8
2025-01-18 13:04:00,1.486,1.488,1.485,1.485,218.04
2025-01-18 13:05:00,1.484,1.484,1.48,1.482,60.26
2025-01-18 13:06:00,1.48,1.481,1.479,1.479,521.7
2025-01-18 13:07:00,1.48,1.482,1.48,1.482,132.81
2025-01-18 13:08:00,1.478,1.479,1.477,1.478,1211.94
2025-01-18 13:09:00,1.478,1.478,1.476,1.476,2189.15
2025-01-18 13:10:00,1.476,1.48,1.476,1.48,7061.81
2025-01-18 13:11:00,1.483,1.483,1.482,1.482,2214.06
2025-01-18 13:12:00,1.481,1.482,1.48,1.482,766.18
2025-01-18 13:13:00,1.483,1.483,1.481,1.481,36.29
2025-01-18 13:14:00,1.48,1.481,1.48,1.48,36.22
2025-01-18 13:15:00,1.481,1.481,1.478,1.478,204.5
2025-01-18 13:16:00,1.477,1.478,1.477,1.478,494.82
2025-01-18 13:17:00,1.479,1.481,1.479,1.48,734.51
2025-01-18 13:18:00,1.48,1.482,1.48,1.482,374.4
2025-01-18 13:19:00,1.481,1.481,1.48,1.48,848.5
2025-01-18 13:20:00,1.479,1.482,1.479,1.482,123.5
2025-01-18 13:21:00,1.482,1.484,1.481,1.482,225.6
2025-01-18 13:22:00,1.482,1.483,1.482,1.483,113.44
2025-01-18 13:23:00,1.482,1.483,1.481,1.483,825.76
2025-01-18 13:24:00,1.482,1.482,1.482,1.482,57.28
2025-01-18 13:25:00,1.483,1.486,1.483,1.486,657.04
2025-01-18 13:26:00,1.486,1.486,1.483,1.483,457.75
2025-01-18 13:27:00,1.484,1.484,1.484,1.484,100.43
2025-01-18 13:28:00,1.484,1.485,1.484,1.484,51.99
2025-01-18 13:29:00,1.485,1.485,1.483,1.483,610.9
2025-01-18 13:30:00,1.484,1.485,1.483,1.485,382.26
2025-01-18 13:31:00,1.484,1.488,1.484,1.488,210.81
2025-01-18 13:32:00,1.489,1.498,1.489,1.493,25764.24
2025-01-18 13:33:00,1.494,1.495,1.493,1.494,1560.12
2025-01-18 13:34:00,1.494,1.494,1.493,1.493,20.06
2025-01-18 13:35:00,1.493,1.494,1.493,1.494,400.55
2025-01-18 13:36:00,1.495,1.495,1.493,1.493,1427.27
2025-01-18 13:37:00,1.493,1.494,1.493,1.494,35.94
2025-01-18 13:38:00,1.494,1.494,1.492,1.492,1170.99
2025-01-18 13:39:00,1.492,1.492,1.491,1.492,999.01
2025-01-18 13:40:00,1.493,1.495,1.493,1.495,323.69
2025-01-18 13:41:00,1.496,1.496,1.494,1.494,575.99
2025-01-18 13:42:00,1.494,1.495,1.493,1.495,191.35
2025-01-18 13:43:00,1.496,1.496,1.494,1.496,1278.08
2025-01-18 13:44:00,1.497,1.497,1.495,1.497,396.34
2025-01-18 13:45:00,1.496,1.498,1.495,1.498,844.7
2025-01-18 13:46:00,1.499,1.5,1.498,1.498,2019.25
2025-01-18 13:47:00,1.498,1.498,1.495,1.495,96.52
2025-01-18 13:48:00,1.495,1.495,1.494,1.495,1749.87
2025-01-18 13:49:00,1.494,1.496,1.494,1.495,184.8
2025-01-18 13:50:00,1.494,1.494,1.492,1.492,533.26
2025-01-18 13:51:00,1.493,1.493,1.493,1.493,146.02
2025-01-18 13:52:00,1.492,1.492,1.49,1.492,169.01
2025-01-18 13:53:00,1.493,1.493,1.491,1.491,52.67
2025-01-18 13:54:00,1.492,1.494,1.492,1.493,612.5
2025-01-18 13:55:00,1.492,1.493,1.492,1.493,147.95
2025-01-18 13:56:00,1.493,1.495,1.493,1.495,540.69
2025-01-18 13:57:00,1.496,1.498,1.495,1.498,1459.34
2025-01-18 13:58:00,1.498,1.499,1.497,1.499,935.59
2025-01-18 13:59:00,1.499,1.503,1.499,1.503,1393.26
2025-01-18 14:00:00,1.502,1.502,1.5,1.502,386.75
2025-01-18 14:01:00,1.499,1.503,1.498,1.502,1891.65
2025-01-18 14:02:00,1.502,1.502,1.499,1.5,645.61
2025-01-18 14:03:00,1.501,1.502,1.499,1.499,167.07
2025-01-18 14:04:00,1.501,1.501,1.499,1.499,250.32
2025-01-18 14:05:00,1.501,1.502,1.5,1.5,209.0
2025-01-18 14:06:00,1.499,1.499,1.498,1.498,79.71
2025-01-18 14:07:00,1.499,1.5,1.498,1.498,231.23
2025-01-18 14:08:00,1.496,1.497,1.496,1.497,463.96
2025-01-18 14:09:00,1.494,1.496,1.494,1.496,209.82
2025-01-18 14:10:00,1.495,1.497,1.495,1.497,466.19
2025-01-18 14:11:00,1.496,1.496,1.495,1.495,335.58
2025-01-18 14:12:00,1.495,1.495,1.494,1.495,86.09
2025-01-18 14:13:00,1.494,1.495,1.493,1.493,286.55
2025-01-18 14:14:00,1.493,1.494,1.493,1.494,2065.21
2025-01-18 14:15:00,1.494,1.494,1.493,1.493,19.96
2025-01-18 14:16:00,1.493,1.493,1.491,1.491,222.98
2025-01-18 14:17:00,1.493,1.494,1.492,1.492,404.99
2025-01-18 14:18:00,1.492,1.492,1.492,1.492,153.25
2025-01-18 14:19:00,1.492,1.493,1.49,1.492,812.24
2025-01-18 14:20:00,1.492,1.493,1.491,1.491,105.53
2025-01-18 14:21:00,1.49,1.49,1.488,1.489,2239.95
2025-01-18 14:22:00,1.489,1.489,1.488,1.489,136.5
2025-01-18 14:23:00,1.489,1.491,1.488,1.491,169.2
2025-01-18 14:24:00,1.49,1.49,1.489,1.489,207.33
2025-01-18 14:25:00,1.489,1.49,1.488,1.488,3817.69
2025-01-18 14:26:00,1.488,1.49,1.487,1.49,149.22
2025-01-18 14:27:00,1.489,1.489,1.489,1.489,106.33
2025-01-18 14:28:00,1.488,1.488,1.487,1.487,627.56
2025-01-18 14:29:00,1.488,1.489,1.488,1.489,633.9
2025-01-18 14:30:00,1.489,1.49,1.489,1.49,61.08
2025-01-18 14:31:00,1.49,1.49,1.487,1.487,51.77
2025-01-18 14:32:00,1.487,1.488,1.487,1.487,369.22
2025-01-18 14:33:00,1.486,1.489,1.484,1.487,11862.22
2025-01-18 14:34:00,1.486,1.487,1.482,1.482,303.03
2025-01-18 14:35:00,1.482,1.482,1.479,1.48,252.61
2025-01-18 14:36:00,1.48,1.48,1.478,1.479,893.61
2025-01-18 14:37:00,1.478,1.479,1.478,1.478,1792.71
2025-01-18 14:38:00,1.478,1.479,1.477,1.477,987.81
2025-01-18 14:39:00,1.475,1.476,1.475,1.475,52.08
2025-01-18 14:40:00,1.476,1.476,1.476,1.476,24.03
2025-01-18 14:41:00,1.477,1.479,1.477,1.478,2394.45
2025-01-18 14:42:00,1.476,1.478,1.476,1.478,108.63
2025-01-18 14:43:00,1.477,1.478,1.475,1.476,3517.73
2025-01-18 14:44:00,1.477,1.477,1.476,1.476,151.32
2025-01-18 14:45:00,1.477,1.478,1.476,1.478,406.86
2025-01-18 14:46:00,1.479,1.481,1.479,1.48,276.29
2025-01-18 14:47:00,1.481,1.482,1.481,1.482,2053.17
2025-01-18 14:48:00,1.483,1.483,1.481,1.481,51.96
2025-01-18 14:49:00,1.481,1.484,1.481,1.484,432.59
2025-01-18 14:50:00,1.483,1.483,1.481,1.481,846.13
2025-01-18 14:51:00,1.48,1.48,1.479,1.479,278.1
2025-01-18 14:52:00,1.48,1.48,1.478,1.478,114.75
2025-01-18 14:53:00,1.477,1.48,1.477,1.479,6352.36
2025-01-18 14:54:00,1.479,1.48,1.479,1.48,704.92
2025-01-18 14:55:00,1.481,1.481,1.479,1.479,1156.25
2025-01-18 14:56:00,1.479,1.479,1.477,1.477,652.5
2025-01-18 14:57:00,1.476,1.478,1.476,1.478,140.11
2025-01-18 14:58:00,1.477,1.479,1.477,1.479,146.32
2025-01-18 14:59:00,1.478,1.478,1.477,1.477,70.17
2025-01-18 15:00:00,1.478,1.478,1.474,1.474,1433.89
2025-01-18 15:01:00,1.475,1.475,1.47,1.47,1750.85
2025-01-18 15:02:00,1.47,1.472,1.469,1.469,4087.17
2025-01-18 15:03:00,1.469,1.47,1.467,1.469,1990.25
2025-01-18 15:04:00,1.468,1.47,1.468,1.469,823.21
2025-01-18 15:05:00,1.468,1.471,1.467,1.471,100.13
2025-01-18 15:06:00,1.472,1.473,1.47,1.47,836.22
2025-01-18 15:07:00,1.47,1.47,1.469,1.469,992.37
2025-01-18 15:08:00,1.47,1.471,1.47,1.471,147.1
2025-01-18 15:09:00,1.474,1.475,1.472,1.472,211.14
2025-01-18 15:10:00,1.472,1.475,1.472,1.475,299.54
2025-01-18 15:11:00,1.474,1.477,1.474,1.477,276.78
2025-01-18 15:12:00,1.477,1.478,1.477,1.477,1147.89
2025-01-18 15:13:00,1.479,1.48,1.479,1.479,38.35
2025-01-18 15:14:00,1.479,1.48,1.479,1.479,96.49
2025-01-18 15:15:00,1.481,1.482,1.481,1.481,297.66
2025-01-18 15:16:00,1.481,1.482,1.481,1.481,1041.13
2025-01-18 15:17:00,1.481,1.485,1.481,1.484,851.45
2025-01-18 15:18:00,1.485,1.485,1.483,1.483,903.15
2025-01-18 15:19:00,1.483,1.486,1.482,1.486,755.75
2025-01-18 15:20:00,1.487,1.494,1.487,1.492,5176.0
2025-01-18 15:21:00,1.49,1.493,1.49,1.492,1294.36
2025-01-18 15:22:00,1.491,1.491,1.488,1.489,4239.78
2025-01-18 15:23:00,1.488,1.489,1.487,1.487,51.72
2025-01-18 15:24:00,1.487,1.488,1.487,1.488,934.35
2025-01-18 15:25:00,1.49,1.492,1.489,1.492,1461.9
2025-01-18 15:26:00,1.49,1.492,1.49,1.492,884.82
2025-01-18 15:27:00,1.492,1.493,1.492,1.492,717.65
2025-01-18 15:28:00,1.494,1.496,1.493,1.496,8919.62
2025-01-18 15:29:00,1.496,1.496,1.492,1.492,252.88
2025-01-18 15:30:00,1.491,1.494,1.491,1.493,2869.48
2025-01-18 15:31:00,1.493,1.493,1.49,1.49,2383.58
2025-01-18 15:32:00,1.491,1.491,1.491,1.491,918.94
2025-01-18 15:33:00,1.493,1.496,1.492,1.496,959.64
2025-01-18 15:34:00,1.495,1.497,1.495,1.497,1470.01
2025-01-18 15:35:00,1.496,1.499,1.496,1.499,239.67
2025-01-18 15:36:00,1.5,1.5,1.499,1.5,357.34
2025-01-18 15:37:00,1.5,1.5,1.499,1.499,1055.26
2025-01-18 15:38:00,1.498,1.499,1.498,1.499,19.86
2025-01-18 15:39:00,1.498,1.498,1.495,1.496,211.63
2025-01-18 15:40:00,1.495,1.495,1.492,1.492,2993.08
2025-01-18 15:41:00,1.492,1.495,1.491,1.495,2389.83
2025-01-18 15:42:00,1.495,1.495,1.491,1.492,1235.07
2025-01-18 15:43:00,1.492,1.492,1.49,1.49,776.85
2025-01-18 15:44:00,1.493,1.493,1.49,1.492,170.88
2025-01-18 15:45:00,1.493,1.494,1.49,1.491,2574.33
2025-01-18 15:46:00,1.492,1.494,1.492,1.494,79.56
2025-01-18 15:47:00,1.492,1.492,1.489,1.489,349.96
2025-01-18 15:48:00,1.489,1.489,1.486,1.487,1577.15
2025-01-18 15:49:00,1.487,1.488,1.485,1.485,2656.76
2025-01-18 15:50:00,1.486,1.486,1.484,1.484,1860.23
2025-01-18 15:51:00,1.483,1.486,1.483,1.484,595.98
2025-01-18 15:52:00,1.485,1.485,1.482,1.482,811.34
2025-01-18 15:53:00,1.482,1.484,1.481,1.483,2905.16
2025-01-18 15:54:00,1.483,1.486,1.483,1.484,280.46
2025-01-18 15:55:00,1.484,1.484,1.481,1.481,393.34
2025-01-18 15:56:00,1.482,1.482,1.48,1.481,952.63
2025-01-18 15:57:00,1.481,1.481,1.478,1.479,7303.58
2025-01-18 15:58:00,1.476,1.478,1.476,1.477,612.69
2025-01-18 15:59:00,1.476,1.477,1.475,1.475,1154.67
2025-01-18 16:00:00,1.475,1.479,1.475,1.477,4086.69
2025-01-18 16:01:00,1.477,1.48,1.477,1.478,1433.24
2025-01-18 16:02:00,1.475,1.475,1.465,1.468,18957.7
2025-01-18 16:03:00,1.468,1.476,1.467,1.475,8641.14
2025-01-18 16:04:00,1.475,1.477,1.474,1.477,1231.27
2025-01-18 16:05:00,1.477,1.478,1.476,1.477,3501.77
2025-01-18 16:06:00,1.478,1.486,1.477,1.484,12425.13
2025-01-18 16:07:00,1.484,1.484,1.479,1.48,1826.28
2025-01-18 16:08:00,1.48,1.482,1.478,1.482,5106.27
2025-01-18 16:09:00,1.483,1.483,1.475,1.475,3123.53
2025-01-18 16:10:00,1.476,1.476,1.471,1.474,1907.43
2025-01-18 16:11:00,1.471,1.473,1.469,1.47,918.49
2025-01-18 16:12:00,1.468,1.47,1.468,1.469,509.29
2025-01-18 16:13:00,1.468,1.471,1.468,1.468,274.71
2025-01-18 16:14:00,1.468,1.474,1.468,1.472,12006.21
2025-01-18 16:15:00,1.47,1.472,1.47,1.47,814.42
2025-01-18 16:16:00,1.467,1.467,1.463,1.463,2399.11
2025-01-18 16:17:00,1.462,1.464,1.46,1.461,1914.22
2025-01-18 16:18:00,1.46,1.461,1.457,1.457,768.07
2025-01-18 16:19:00,1.458,1.467,1.457,1.463,11579.09
2025-01-18 16:20:00,1.463,1.466,1.46,1.462,2223.07
2025-01-18 16:21:00,1.465,1.47,1.465,1.47,1837.29
2025-01-18 16:22:00,1.47,1.473,1.47,1.473,1519.68
2025-01-18 16:23:00,1.471,1.476,1.47,1.475,7571.49
2025-01-18 16:24:00,1.475,1.477,1.474,1.477,1719.5
2025-01-18 16:25:00,1.477,1.477,1.473,1.477,3670.5
2025-01-18 16:26:00,1.476,1.476,1.474,1.474,651.16
2025-01-18 16:27:00,1.475,1.476,1.471,1.471,975.95
2025-01-18 16:28:00,1.472,1.473,1.471,1.473,924.35
2025-01-18 16:29:00,1.473,1.473,1.47,1.472,1567.29
2025-01-18 16:30:00,1.472,1.476,1.472,1.476,1969.85
2025-01-18 16:31:00,1.477,1.483,1.477,1.483,4275.85
2025-01-18 16:32:00,1.483,1.483,1.481,1.482,6802.5
2025-01-18 16:33:00,1.483,1.484,1.483,1.484,1634.51
2025-01-18 16:34:00,1.484,1.485,1.482,1.484,6602.92
2025-01-18 16:35:00,1.483,1.483,1.478,1.478,23081.74
2025-01-18 16:36:00,1.478,1.478,1.474,1.475,1199.05
2025-01-18 16:37:00,1.477,1.477,1.475,1.476,375.64
2025-01-18 16:38:00,1.475,1.475,1.47,1.471,2291.7
2025-01-18 16:39:00,1.471,1.471,1.466,1.466,1205.15
2025-01-18 16:40:00,1.465,1.469,1.463,1.467,1253.84
2025-01-18 16:41:00,1.469,1.47,1.467,1.47,1354.38
2025-01-18 16:42:00,1.47,1.471,1.468,1.47,63.68
2025-01-18 16:43:00,1.472,1.472,1.471,1.471,75.34
2025-01-18 16:44:00,1.471,1.473,1.469,1.469,1588.46
2025-01-18 16:45:00,1.47,1.474,1.469,1.474,998.8
2025-01-18 16:46:00,1.475,1.475,1.472,1.472,218.82
2025-01-18 16:47:00,1.472,1.473,1.47,1.473,1411.54
2025-01-18 16:48:00,1.47,1.471,1.467,1.467,514.75
2025-01-18 16:49:00,1.466,1.467,1.464,1.464,549.08
2025-01-18 16:50:00,1.465,1.466,1.463,1.463,544.56
2025-01-18 16:51:00,1.463,1.464,1.461,1.461,1107.93
2025-01-18 16:52:00,1.462,1.463,1.459,1.46,1922.19
2025-01-18 16:53:00,1.46,1.461,1.458,1.46,2632.36
2025-01-18 16:54:00,1.46,1.461,1.458,1.459,2142.93
2025-01-18 16:55:00,1.459,1.467,1.459,1.464,16160.34
2025-01-18 16:56:00,1.464,1.465,1.463,1.465,1334.09
2025-01-18 16:57:00,1.463,1.463,1.46,1.46,1144.44
2025-01-18 16:58:00,1.461,1.461,1.459,1.46,536.76
2025-01-18 16:59:00,1.459,1.459,1.455,1.455,1229.82
2025-01-18 17:00:00,1.455,1.457,1.455,1.455,548.34
2025-01-18 17:01:00,1.455,1.46,1.454,1.46,1065.22
2025-01-18 17:02:00,1.462,1.464,1.462,1.464,147.78
2025-01-18 17:03:00,1.466,1.466,1.463,1.463,63.49
2025-01-18 17:04:00,1.464,1.465,1.463,1.465,35.57
2025-01-18 17:05:00,1.465,1.465,1.462,1.462,136.39
2025-01-18 17:06:00,1.465,1.468,1.464,1.464,2699.91
2025-01-18 17:07:00,1.464,1.464,1.464,1.464,662.1
2025-01-18 17:08:00,1.46,1.461,1.46,1.461,315.04
2025-01-18 17:09:00,1.46,1.46,1.455,1.456,1733.07
2025-01-18 17:10:00,1.457,1.46,1.457,1.457,4768.88
2025-01-18 17:11:00,1.459,1.465,1.459,1.465,3115.19
2025-01-18 17:12:00,1.463,1.465,1.463,1.463,206.37
2025-01-18 17:13:00,1.465,1.469,1.465,1.468,522.23
2025-01-18 17:14:00,1.468,1.47,1.468,1.47,90.07
2025-01-18 17:15:00,1.466,1.471,1.466,1.471,287.46
2025-01-18 17:16:00,1.468,1.472,1.468,1.471,83.38
2025-01-18 17:17:00,1.472,1.474,1.471,1.473,2647.02
2025-01-18 17:18:00,1.473,1.474,1.469,1.469,1015.47
2025-01-18 17:19:00,1.47,1.474,1.47,1.473,449.76
2025-01-18 17:20:00,1.473,1.473,1.468,1.468,154.81
2025-01-18 17:21:00,1.466,1.467,1.466,1.466,122.37
2025-01-18 17:22:00,1.468,1.47,1.467,1.467,672.13
2025-01-18 17:23:00,1.466,1.466,1.466,1.466,20.3
2025-01-18 17:24:00,1.464,1.464,1.464,1.464,20.35
2025-01-18 17:25:00,1.464,1.464,1.462,1.463,2374.44
2025-01-18 17:26:00,1.465,1.47,1.465,1.47,4294.38
2025-01-18 17:27:00,1.47,1.472,1.47,1.47,653.91
2025-01-18 17:28:00,1.471,1.471,1.466,1.468,339.5
2025-01-18 17:29:00,1.467,1.468,1.467,1.468,31.89
2025-01-18 17:30:00,1.464,1.467,1.464,1.467,414.22
2025-01-18 17:31:00,1.466,1.467,1.465,1.467,892.33
2025-01-18 17:32:00,1.464,1.466,1.464,1.466,116.4
2025-01-18 17:33:00,1.466,1.47,1.466,1.47,411.04
2025-01-18 17:34:00,1.468,1.47,1.468,1.47,309.81
2025-01-18 17:35:00,1.467,1.47,1.466,1.468,447.42
2025-01-18 17:36:00,1.469,1.47,1.467,1.468,1619.07
2025-01-18 17:37:00,1.468,1.475,1.468,1.475,1879.53
2025-01-18 17:38:00,1.474,1.474,1.468,1.47,12810.47
2025-01-18 17:39:00,1.468,1.471,1.468,1.47,510.54
2025-01-18 17:40:00,1.471,1.471,1.468,1.469,282.7
2025-01-18 17:41:00,1.471,1.471,1.469,1.47,3263.69
2025-01-18 17:42:00,1.47,1.472,1.469,1.471,4024.4
2025-01-18 17:43:00,1.472,1.475,1.471,1.474,10700.79
2025-01-18 17:44:00,1.474,1.474,1.469,1.469,6193.32
2025-01-18 17:45:00,1.469,1.47,1.467,1.468,1695.61
2025-01-18 17:46:00,1.467,1.473,1.467,1.473,6419.8
2025-01-18 17:47:00,1.473,1.476,1.473,1.473,963.87
2025-01-18 17:48:00,1.474,1.474,1.472,1.473,402.32
2025-01-18 17:49:00,1.474,1.474,1.471,1.471,954.68
2025-01-18 17:50:00,1.47,1.47,1.462,1.462,9806.71
2025-01-18 17:51:00,1.463,1.465,1.46,1.462,4004.03
2025-01-18 17:52:00,1.462,1.464,1.462,1.463,4282.6
2025-01-18 17:53:00,1.462,1.463,1.46,1.462,3252.47
2025-01-18 17:54:00,1.464,1.464,1.463,1.464,305.46
2025-01-18 17:55:00,1.464,1.467,1.464,1.467,3250.05
2025-01-18 17:56:00,1.467,1.47,1.467,1.467,4068.1
2025-01-18 17:57:00,1.467,1.467,1.465,1.465,1970.25
2025-01-18 17:58:00,1.466,1.466,1.463,1.463,990.16
2025-01-18 17:59:00,1.463,1.465,1.462,1.462,1585.5
2025-01-18 18:00:00,1.461,1.467,1.461,1.467,3212.99
2025-01-18 18:01:00,1.466,1.469,1.465,1.467,2733.55
2025-01-18 18:02:00,1.467,1.467,1.464,1.464,431.35
2025-01-18 18:03:00,1.466,1.469,1.466,1.468,2622.02
2025-01-18 18:04:00,1.469,1.469,1.467,1.467,1457.82
2025-01-18 18:05:00,1.468,1.468,1.467,1.468,302.14
2025-01-18 18:06:00,1.468,1.468,1.465,1.466,843.78
2025-01-18 18:07:00,1.467,1.467,1.464,1.464,820.1
2025-01-18 18:08:00,1.465,1.465,1.463,1.463,159.96
2025-01-18 18:09:00,1.463,1.464,1.461,1.462,1711.8
2025-01-18 18:10:00,1.463,1.467,1.463,1.463,236.15
2025-01-18 18:11:00,1.463,1.463,1.46,1.463,2577.0
2025-01-18 18:12:00,1.462,1.462,1.46,1.46,723.8
2025-01-18 18:13:00,1.461,1.463,1.461,1.462,429.54
2025-01-18 18:14:00,1.462,1.463,1.461,1.462,2373.22
2025-01-18 18:15:00,1.462,1.464,1.461,1.461,3048.58
2025-01-18 18:16:00,1.461,1.463,1.461,1.462,848.93
2025-01-18 18:17:00,1.462,1.462,1.458,1.459,1519.93
2025-01-18 18:18:00,1.459,1.462,1.459,1.46,9864.08
2025-01-18 18:19:00,1.46,1.464,1.459,1.462,17397.89
2025-01-18 18:20:00,1.461,1.462,1.461,1.462,612.63
2025-01-18 18:21:00,1.463,1.466,1.462,1.462,5081.16
2025-01-18 18:22:00,1.463,1.464,1.46,1.462,1724.22
2025-01-18 18:23:00,1.462,1.462,1.461,1.462,2760.91
2025-01-18 18:24:00,1.462,1.462,1.461,1.461,3837.49
2025-01-18 18:25:00,1.461,1.463,1.461,1.462,4293.11
2025-01-18 18:26:00,1.463,1.463,1.455,1.456,15400.96
2025-01-18 18:27:00,1.456,1.459,1.456,1.457,9684.05
2025-01-18 18:28:00,1.459,1.46,1.457,1.46,1208.12
2025-01-18 18:29:00,1.461,1.461,1.459,1.46,3605.23
2025-01-18 18:30:00,1.459,1.463,1.458,1.461,1770.95
2025-01-18 18:31:00,1.461,1.462,1.461,1.461,72.28
2025-01-18 18:32:00,1.461,1.465,1.461,1.465,1542.02
2025-01-18 18:33:00,1.464,1.466,1.464,1.466,41.87
2025-01-18 18:34:00,1.462,1.462,1.46,1.46,321.83
2025-01-18 18:35:00,1.458,1.462,1.458,1.462,879.11
2025-01-18 18:36:00,1.462,1.463,1.461,1.462,475.36
2025-01-18 18:37:00,1.461,1.462,1.461,1.462,301.96
2025-01-18 18:38:00,1.463,1.464,1.462,1.462,1531.24
2025-01-18 18:39:00,1.463,1.464,1.463,1.464,373.97
2025-01-18 18:40:00,1.463,1.465,1.463,1.465,209.02
2025-01-18 18:41:00,1.466,1.466,1.465,1.466,337.98
2025-01-18 18:42:00,1.465,1.467,1.465,1.466,65.39
2025-01-18 18:43:00,1.465,1.465,1.463,1.464,35.61
2025-01-18 18:44:00,1.463,1.465,1.463,1.464,878.5
2025-01-18 18:45:00,1.464,1.464,1.463,1.463,44.11
2025-01-18 18:46:00,1.462,1.465,1.462,1.464,1820.28
2025-01-18 18:47:00,1.464,1.465,1.464,1.464,146.03
2025-01-18 18:48:00,1.464,1.464,1.461,1.462,591.98
2025-01-18 18:49:00,1.461,1.462,1.46,1.461,1224.18
2025-01-18 18:50:00,1.461,1.462,1.461,1.462,539.45
2025-01-18 18:51:00,1.461,1.461,1.457,1.457,52.55
2025-01-18 18:52:00,1.459,1.459,1.454,1.455,1169.68
2025-01-18 18:53:00,1.454,1.454,1.451,1.451,4118.05
2025-01-18 18:54:00,1.451,1.451,1.446,1.447,9921.53
2025-01-18 18:55:00,1.448,1.448,1.445,1.445,290.77
2025-01-18 18:56:00,1.446,1.446,1.443,1.446,198.42
2025-01-18 18:57:00,1.447,1.448,1.445,1.446,237.86
2025-01-18 18:58:00,1.445,1.446,1.445,1.446,141.67
2025-01-18 18:59:00,1.447,1.447,1.442,1.445,6716.17
2025-01-18 19:00:00,1.446,1.451,1.446,1.451,773.27
2025-01-18 19:01:00,1.451,1.452,1.451,1.451,33.11
2025-01-18 19:02:00,1.449,1.449,1.447,1.448,60.19
2025-01-18 19:03:00,1.449,1.449,1.449,1.449,81.62
2025-01-18 19:04:00,1.449,1.451,1.448,1.448,141.91
2025-01-18 19:05:00,1.449,1.45,1.449,1.45,51.26
2025-01-18 19:06:00,1.452,1.453,1.451,1.452,128.73
2025-01-18 19:07:00,1.453,1.453,1.452,1.452,69.25
2025-01-18 19:08:00,1.452,1.455,1.452,1.453,107.63
2025-01-18 19:09:00,1.456,1.456,1.455,1.455,2855.89
2025-01-18 19:10:00,1.455,1.458,1.455,1.458,1182.72
2025-01-18 19:11:00,1.457,1.459,1.457,1.459,30.05
2025-01-18 19:12:00,1.458,1.458,1.454,1.454,1226.91
2025-01-18 19:13:00,1.454,1.455,1.454,1.455,101.15
2025-01-18 19:14:00,1.454,1.456,1.453,1.455,224.08
2025-01-18 19:15:00,1.455,1.457,1.455,1.457,287.4
2025-01-18 19:16:00,1.459,1.461,1.459,1.459,598.42
2025-01-18 19:17:00,1.461,1.461,1.46,1.46,133.78
2025-01-18 19:18:00,1.46,1.461,1.46,1.461,36.39
2025-01-18 19:19:00,1.461,1.461,1.461,1.461,4.37
2025-01-18 19:20:00,1.461,1.463,1.461,1.463,85.63
2025-01-18 19:21:00,1.463,1.464,1.462,1.463,1079.99
2025-01-18 19:22:00,1.462,1.462,1.461,1.462,849.26
2025-01-18 19:23:00,1.461,1.462,1.46,1.46,110.61
2025-01-18 19:24:00,1.459,1.459,1.459,1.459,259.38
2025-01-18 19:25:00,1.46,1.462,1.46,1.461,669.56
2025-01-18 19:26:00,1.46,1.46,1.458,1.458,73.92
2025-01-18 19:27:00,1.46,1.46,1.459,1.459,265.21
2025-01-18 19:28:00,1.46,1.46,1.459,1.46,263.94
2025-01-18 19:29:00,1.46,1.46,1.46,1.46,0.0
2025-01-18 19:30:00,1.461,1.461,1.461,1.461,21.54
2025-01-18 19:31:00,1.463,1.463,1.462,1.462,172.19
2025-01-18 19:32:00,1.463,1.464,1.463,1.463,132.41
2025-01-18 19:33:00,1.462,1.462,1.461,1.462,697.67
2025-01-18 19:34:00,1.462,1.462,1.462,1.462,31.94
2025-01-18 19:35:00,1.46,1.46,1.457,1.457,1387.48
2025-01-18 19:36:00,1.458,1.461,1.458,1.461,935.01
2025-01-18 19:37:00,1.461,1.461,1.459,1.46,615.72
2025-01-18 19:38:00,1.461,1.461,1.461,1.461,95.6
2025-01-18 19:39:00,1.461,1.461,1.46,1.461,1003.55
2025-01-18 19:40:00,1.462,1.463,1.461,1.463,165.36
2025-01-18 19:41:00,1.461,1.461,1.46,1.461,211.47
2025-01-18 19:42:00,1.461,1.461,1.46,1.46,24.27
2025-01-18 19:43:00,1.461,1.462,1.461,1.461,37.84
2025-01-18 19:44:00,1.462,1.462,1.462,1.462,20.29
2025-01-18 19:45:00,1.462,1.463,1.461,1.461,58.79
2025-01-18 19:46:00,1.463,1.464,1.463,1.464,222.8
2025-01-18 19:47:00,1.464,1.465,1.463,1.463,664.62
2025-01-18 19:48:00,1.463,1.463,1.463,1.463,36.22
2025-01-18 19:49:00,1.462,1.462,1.462,1.462,20.31
2025-01-18 19:50:00,1.461,1.461,1.459,1.46,598.91
2025-01-18 19:51:00,1.46,1.463,1.46,1.463,536.44
2025-01-18 19:52:00,1.464,1.464,1.462,1.462,47.25
2025-01-18 19:53:00,1.462,1.463,1.462,1.463,149.02
2025-01-18 19:54:00,1.462,1.467,1.462,1.466,5488.03
2025-01-18 19:55:00,1.465,1.467,1.464,1.464,3552.64
2025-01-18 19:56:00,1.465,1.465,1.464,1.464,27.78
2025-01-18 19:57:00,1.464,1.465,1.463,1.464,368.3
2025-01-18 19:58:00,1.464,1.466,1.464,1.465,211.32
2025-01-18 19:59:00,1.464,1.464,1.464,1.464,47.73
2025-01-18 20:00:00,1.465,1.467,1.465,1.466,254.75
2025-01-18 20:01:00,1.465,1.465,1.465,1.465,31.78
2025-01-18 20:02:00,1.464,1.464,1.463,1.463,72.8
2025-01-18 20:03:00,1.463,1.463,1.463,1.463,15.91
2025-01-18 20:04:00,1.463,1.463,1.462,1.462,558.65
2025-01-18 20:05:00,1.462,1.462,1.462,1.462,57.52
2025-01-18 20:06:00,1.461,1.461,1.459,1.459,1261.37
2025-01-18 20:07:00,1.46,1.461,1.46,1.461,66.45
2025-01-18 20:08:00,1.46,1.46,1.46,1.46,15.94
2025-01-18 20:09:00,1.459,1.461,1.459,1.461,72.93
2025-01-18 20:10:00,1.46,1.462,1.46,1.462,328.23
2025-01-18 20:11:00,1.46,1.46,1.459,1.459,31.87
2025-01-18 20:12:00,1.46,1.46,1.458,1.459,48.01
2025-01-18 20:13:00,1.459,1.459,1.458,1.458,47.83
2025-01-18 20:14:00,1.458,1.46,1.458,1.46,2400.04
2025-01-18 20:15:00,1.46,1.46,1.459,1.459,137.4
2025-01-18 20:16:00,1.458,1.458,1.458,1.458,7.8
2025-01-18 20:17:00,1.457,1.458,1.457,1.458,55.36
2025-01-18 20:18:00,1.458,1.458,1.455,1.457,410.94
2025-01-18 20:19:00,1.456,1.458,1.456,1.458,93.92
2025-01-18 20:20:00,1.458,1.458,1.458,1.458,186.36
2025-01-18 20:21:00,1.455,1.455,1.454,1.454,452.1
2025-01-18 20:22:00,1.454,1.455,1.454,1.455,13.75
2025-01-18 20:23:00,1.455,1.455,1.454,1.455,247.93
2025-01-18 20:24:00,1.454,1.455,1.454,1.455,215.34
2025-01-18 20:25:00,1.454,1.454,1.451,1.451,1959.33
2025-01-18 20:26:00,1.45,1.452,1.449,1.449,667.18
2025-01-18 20:27:00,1.45,1.45,1.448,1.448,134.94
2025-01-18 20:28:00,1.45,1.45,1.449,1.449,41.22
2025-01-18 20:29:00,1.451,1.453,1.451,1.453,182.68
2025-01-18 20:30:00,1.452,1.454,1.452,1.454,596.33
2025-01-18 20:31:00,1.456,1.457,1.456,1.457,334.63
2025-01-18 20:32:00,1.456,1.456,1.455,1.455,399.96
2025-01-18 20:33:00,1.455,1.456,1.455,1.456,72.54
2025-01-18 20:34:00,1.456,1.457,1.454,1.457,154.8
2025-01-18 20:35:00,1.457,1.457,1.457,1.457,47.77
2025-01-18 20:36:00,1.456,1.457,1.455,1.455,106.39
2025-01-18 20:37:00,1.454,1.454,1.451,1.452,239.04
2025-01-18 20:38:00,1.452,1.455,1.452,1.455,98.27
2025-01-18 20:39:00,1.454,1.456,1.454,1.456,139.29
2025-01-18 20:40:00,1.455,1.456,1.455,1.456,112.42
2025-01-18 20:41:00,1.456,1.457,1.456,1.456,106.48
2025-01-18 20:42:00,1.456,1.456,1.456,1.456,186.66
2025-01-18 20:43:00,1.456,1.456,1.455,1.455,165.04
2025-01-18 20:44:00,1.455,1.455,1.454,1.455,111.23
2025-01-18 20:45:00,1.455,1.455,1.454,1.455,81.64
2025-01-18 20:46:00,1.454,1.454,1.45,1.451,146.71
2025-01-18 20:47:00,1.449,1.449,1.448,1.448,375.98
2025-01-18 20:48:00,1.449,1.449,1.448,1.448,45.12
2025-01-18 20:49:00,1.447,1.45,1.447,1.45,44.36
2025-01-18 20:50:00,1.45,1.452,1.45,1.452,412.32
2025-01-18 20:51:00,1.451,1.452,1.451,1.452,53.77
2025-01-18 20:52:00,1.452,1.452,1.45,1.45,396.16
2025-01-18 20:53:00,1.449,1.449,1.449,1.449,20.39
2025-01-18 20:54:00,1.447,1.447,1.446,1.446,125.55
2025-01-18 20:55:00,1.446,1.449,1.446,1.448,190.54
2025-01-18 20:56:00,1.447,1.448,1.447,1.448,1164.04
2025-01-18 20:57:00,1.448,1.448,1.448,1.448,40.55
2025-01-18 20:58:00,1.448,1.449,1.447,1.448,117.47
2025-01-18 20:59:00,1.45,1.45,1.45,1.45,15.97
2025-01-18 21:00:00,1.45,1.452,1.45,1.452,320.18
2025-01-18 21:01:00,1.453,1.455,1.451,1.451,411.3
2025-01-18 21:02:00,1.451,1.453,1.451,1.453,283.22
2025-01-18 21:03:00,1.451,1.451,1.451,1.451,22.41
2025-01-18 21:04:00,1.451,1.452,1.451,1.452,31.89
2025-01-18 21:05:00,1.453,1.455,1.453,1.455,146.51
2025-01-18 21:06:00,1.454,1.456,1.454,1.456,72.65
2025-01-18 21:07:00,1.456,1.456,1.454,1.455,2186.15
2025-01-18 21:08:00,1.455,1.455,1.455,1.455,15.9
2025-01-18 21:09:00,1.456,1.457,1.456,1.456,306.71
2025-01-18 21:10:00,1.457,1.459,1.457,1.459,557.52
2025-01-18 21:11:00,1.459,1.461,1.459,1.46,864.62
2025-01-18 21:12:00,1.46,1.46,1.459,1.46,46.74
2025-01-18 21:13:00,1.459,1.459,1.458,1.459,59.51
2025-01-18 21:14:00,1.459,1.459,1.459,1.459,31.7
2025-01-18 21:15:00,1.461,1.461,1.46,1.461,89.57
2025-01-18 21:16:00,1.462,1.464,1.461,1.463,2424.78
2025-01-18 21:17:00,1.463,1.463,1.463,1.463,131.6
2025-01-18 21:18:00,1.464,1.464,1.461,1.461,59.23
2025-01-18 21:19:00,1.461,1.462,1.461,1.462,1501.11
2025-01-18 21:20:00,1.462,1.462,1.46,1.461,1903.65
2025-01-18 21:21:00,1.461,1.464,1.461,1.462,2518.22
2025-01-18 21:22:00,1.462,1.462,1.461,1.462,446.68
2025-01-18 21:23:00,1.461,1.461,1.461,1.461,68.54
2025-01-18 21:24:00,1.461,1.461,1.46,1.46,780.07
2025-01-18 21:25:00,1.46,1.461,1.459,1.459,722.3
2025-01-18 21:26:00,1.461,1.461,1.46,1.46,24.79
2025-01-18 21:27:00,1.459,1.461,1.459,1.461,1006.74
2025-01-18 21:28:00,1.459,1.459,1.459,1.459,37.47
2025-01-18 21:29:00,1.458,1.459,1.458,1.459,307.25
2025-01-18 21:30:00,1.457,1.457,1.456,1.456,1814.86
2025-01-18 21:31:00,1.456,1.456,1.455,1.455,133.84
2025-01-18 21:32:00,1.454,1.455,1.454,1.455,69.57
2025-01-18 21:33:00,1.451,1.452,1.451,1.452,341.98
2025-01-18 21:34:00,1.452,1.452,1.451,1.452,42.15
2025-01-18 21:35:00,1.453,1.455,1.452,1.455,1260.8
2025-01-18 21:36:00,1.453,1.453,1.451,1.451,2339.06
2025-01-18 21:37:00,1.452,1.452,1.451,1.451,164.97
2025-01-18 21:38:00,1.452,1.454,1.452,1.454,295.51
2025-01-18 21:39:00,1.454,1.456,1.454,1.455,697.25
2025-01-18 21:40:00,1.454,1.458,1.454,1.456,2870.19
2025-01-18 21:41:00,1.455,1.455,1.455,1.455,15.86
2025-01-18 21:42:00,1.455,1.456,1.455,1.456,27.37
2025-01-18 21:43:00,1.454,1.456,1.454,1.456,55.64
2025-01-18 21:44:00,1.455,1.455,1.454,1.454,104.68
2025-01-18 21:45:00,1.455,1.455,1.454,1.454,52.34
2025-01-18 21:46:00,1.453,1.456,1.452,1.456,207.89
2025-01-18 21:47:00,1.456,1.456,1.456,1.456,34.77
2025-01-18 21:48:00,1.455,1.455,1.455,1.455,26.85
2025-01-18 21:49:00,1.455,1.456,1.454,1.456,61.34
2025-01-18 21:50:00,1.455,1.455,1.454,1.454,41.78
2025-01-18 21:51:00,1.454,1.454,1.452,1.453,186.7
2025-01-18 21:52:00,1.454,1.454,1.452,1.453,309.46
2025-01-18 21:53:00,1.454,1.455,1.454,1.455,54.59
2025-01-18 21:54:00,1.454,1.454,1.453,1.453,185.99
2025-01-18 21:55:00,1.453,1.453,1.451,1.451,19.33
2025-01-18 21:56:00,1.451,1.451,1.45,1.45,81.1
2025-01-18 21:57:00,1.45,1.451,1.45,1.45,33.17
2025-01-18 21:58:00,1.45,1.45,1.45,1.45,31.78
2025-01-18 21:59:00,1.45,1.451,1.45,1.451,227.29
2025-01-18 22:00:00,1.45,1.45,1.45,1.45,152.73
2025-01-18 22:01:00,1.45,1.45,1.449,1.45,619.94
2025-01-18 22:02:00,1.451,1.452,1.451,1.452,749.32
2025-01-18 22:03:00,1.451,1.452,1.45,1.45,1191.8
2025-01-18 22:04:00,1.451,1.452,1.45,1.45,264.57
2025-01-18 22:05:00,1.451,1.454,1.451,1.453,983.62
2025-01-18 22:06:00,1.454,1.455,1.454,1.455,846.87
2025-01-18 22:07:00,1.455,1.455,1.455,1.455,15.83
2025-01-18 22:08:00,1.456,1.457,1.456,1.457,271.01
2025-01-18 22:09:00,1.456,1.456,1.456,1.456,31.69
2025-01-18 22:10:00,1.458,1.458,1.457,1.457,345.31
2025-01-18 22:11:00,1.458,1.458,1.458,1.458,215.39
2025-01-18 22:12:00,1.458,1.458,1.457,1.457,31.59
2025-01-18 22:13:00,1.457,1.458,1.457,1.458,38.59
2025-01-18 22:14:00,1.459,1.463,1.459,1.463,2184.79
2025-01-18 22:15:00,1.464,1.464,1.463,1.463,99.04
2025-01-18 22:16:00,1.463,1.463,1.463,1.463,1040.5
2025-01-18 22:17:00,1.463,1.464,1.462,1.462,35.82
2025-01-18 22:18:00,1.463,1.465,1.463,1.465,330.83
2025-01-18 22:19:00,1.465,1.465,1.463,1.463,45.59
2025-01-18 22:20:00,1.463,1.463,1.463,1.463,15.72
2025-01-18 22:21:00,1.463,1.466,1.463,1.466,167.54
2025-01-18 22:22:00,1.465,1.465,1.464,1.464,229.78
2025-01-18 22:23:00,1.463,1.463,1.463,1.463,38.63
2025-01-18 22:24:00,1.462,1.462,1.462,1.462,20.1
2025-01-18 22:25:00,1.461,1.461,1.461,1.461,31.48
2025-01-18 22:26:00,1.462,1.463,1.462,1.463,24.75
2025-01-18 22:27:00,1.462,1.462,1.462,1.462,31.46
2025-01-18 22:28:00,1.463,1.464,1.463,1.463,35.52
2025-01-18 22:29:00,1.463,1.464,1.463,1.464,31.41
2025-01-18 22:30:00,1.465,1.466,1.465,1.465,280.42
2025-01-18 22:31:00,1.465,1.465,1.465,1.465,116.58
2025-01-18 22:32:00,1.464,1.466,1.464,1.465,237.01
2025-01-18 22:33:00,1.465,1.465,1.465,1.465,156.12
2025-01-18 22:34:00,1.464,1.464,1.464,1.464,275.34
2025-01-18 22:35:00,1.464,1.465,1.463,1.465,315.47
2025-01-18 22:36:00,1.465,1.465,1.463,1.463,40.75
2025-01-18 22:37:00,1.463,1.464,1.463,1.464,24.21
2025-01-18 22:38:00,1.463,1.465,1.463,1.465,41.24
2025-01-18 22:39:00,1.465,1.465,1.465,1.465,47.01
2025-01-18 22:40:00,1.465,1.466,1.464,1.466,196.75
2025-01-18 22:41:00,1.463,1.465,1.463,1.463,421.84
2025-01-18 22:42:00,1.464,1.466,1.464,1.466,41.56
2025-01-18 22:43:00,1.465,1.466,1.464,1.464,70.86
2025-01-18 22:44:00,1.464,1.465,1.463,1.463,54.0
2025-01-18 22:45:00,1.463,1.463,1.463,1.463,35.74
2025-01-18 22:46:00,1.464,1.465,1.463,1.463,290.5
2025-01-18 22:47:00,1.463,1.465,1.463,1.465,20.04
2025-01-18 22:48:00,1.463,1.463,1.463,1.463,20.04
2025-01-18 22:49:00,1.463,1.465,1.463,1.465,35.7
2025-01-18 22:50:00,1.464,1.465,1.464,1.465,35.69
2025-01-18 22:51:00,1.464,1.464,1.464,1.464,15.67
2025-01-18 22:52:00,1.464,1.464,1.464,1.464,45.11
2025-01-18 22:53:00,1.465,1.465,1.464,1.464,20.01
2025-01-18 22:54:00,1.464,1.466,1.464,1.466,203.08
2025-01-18 22:55:00,1.466,1.466,1.464,1.464,57.25
2025-01-18 22:56:00,1.464,1.464,1.463,1.463,20.03
2025-01-18 22:57:00,1.462,1.462,1.462,1.462,164.04
2025-01-18 22:58:00,1.462,1.462,1.461,1.461,20.06
2025-01-18 22:59:00,1.46,1.46,1.46,1.46,35.77
2025-01-18 23:00:00,1.461,1.461,1.46,1.46,158.96
2025-01-18 23:01:00,1.461,1.462,1.461,1.461,84.25
2025-01-18 23:02:00,1.461,1.461,1.46,1.461,35.76
2025-01-18 23:03:00,1.462,1.462,1.462,1.462,20.04
2025-01-18 23:04:00,1.462,1.462,1.461,1.461,47.02
2025-01-18 23:05:00,1.461,1.462,1.461,1.462,31.66
2025-01-18 23:06:00,1.461,1.461,1.46,1.46,75.01
2025-01-18 23:07:00,1.461,1.461,1.46,1.46,24.86
2025-01-18 23:08:00,1.46,1.461,1.46,1.46,197.21
2025-01-18 23:09:00,1.462,1.462,1.461,1.462,39.88
2025-01-18 23:10:00,1.462,1.463,1.461,1.461,534.18
2025-01-18 23:11:00,1.461,1.463,1.461,1.462,1170.44
2025-01-18 23:12:00,1.462,1.462,1.461,1.461,1702.92
2025-01-18 23:13:00,1.46,1.461,1.46,1.461,733.62
2025-01-18 23:14:00,1.461,1.461,1.461,1.461,118.46
2025-01-18 23:15:00,1.462,1.462,1.46,1.461,2176.12
2025-01-18 23:16:00,1.462,1.465,1.462,1.463,4213.62
2025-01-18 23:17:00,1.464,1.467,1.464,1.467,1148.04
2025-01-18 23:18:00,1.466,1.467,1.466,1.467,134.7
2025-01-18 23:19:00,1.467,1.467,1.465,1.466,1567.9
2025-01-18 23:20:00,1.467,1.469,1.466,1.469,2499.55
2025-01-18 23:21:00,1.47,1.471,1.47,1.471,6607.04
2025-01-18 23:22:00,1.472,1.474,1.471,1.474,294.87
2025-01-18 23:23:00,1.474,1.475,1.474,1.475,328.25
2025-01-18 23:24:00,1.476,1.476,1.472,1.472,6494.28
2025-01-18 23:25:00,1.472,1.474,1.472,1.474,103.43
2025-01-18 23:26:00,1.475,1.475,1.473,1.475,122.17
2025-01-18 23:27:00,1.475,1.475,1.475,1.475,857.31
2025-01-18 23:28:00,1.476,1.477,1.475,1.476,72.26
2025-01-18 23:29:00,1.477,1.479,1.476,1.479,3082.88
2025-01-18 23:30:00,1.479,1.479,1.479,1.479,1013.96
2025-01-18 23:31:00,1.48,1.481,1.478,1.481,680.07
2025-01-18 23:32:00,1.48,1.485,1.48,1.484,463.65
2025-01-18 23:33:00,1.485,1.488,1.484,1.488,5212.73
2025-01-18 23:34:00,1.487,1.488,1.487,1.487,3090.5
2025-01-18 23:35:00,1.486,1.486,1.484,1.484,2551.05
2025-01-18 23:36:00,1.483,1.483,1.481,1.482,616.43
2025-01-18 23:37:00,1.482,1.482,1.482,1.482,285.36
2025-01-18 23:38:00,1.482,1.483,1.482,1.483,35.19
2025-01-18 23:39:00,1.484,1.485,1.483,1.484,188.11
2025-01-18 23:40:00,1.484,1.486,1.484,1.485,137.53
2025-01-18 23:41:00,1.485,1.485,1.481,1.481,1912.45
2025-01-18 23:42:00,1.482,1.483,1.481,1.483,35.19
2025-01-18 23:43:00,1.484,1.485,1.484,1.485,151.97
2025-01-18 23:44:00,1.485,1.486,1.483,1.485,1404.74
2025-01-18 23:45:00,1.486,1.486,1.483,1.484,324.47
2025-01-18 23:46:00,1.484,1.485,1.483,1.485,65.09
2025-01-18 23:47:00,1.484,1.486,1.484,1.484,102.26
2025-01-18 23:48:00,1.485,1.485,1.484,1.484,19.72
2025-01-18 23:49:00,1.485,1.486,1.483,1.486,249.87
2025-01-18 23:50:00,1.485,1.485,1.483,1.483,92.16
2025-01-18 23:51:00,1.484,1.484,1.482,1.483,2805.39
2025-01-18 23:52:00,1.484,1.484,1.482,1.484,204.3
2025-01-18 23:53:00,1.482,1.485,1.482,1.484,356.0
2025-01-18 23:54:00,1.485,1.485,1.483,1.483,35.12
2025-01-18 23:55:00,1.483,1.483,1.481,1.482,588.84
2025-01-18 23:56:00,1.481,1.483,1.481,1.482,163.05
2025-01-18 23:57:00,1.482,1.482,1.481,1.482,53.07
2025-01-18 23:58:00,1.483,1.483,1.481,1.481,134.32
2025-01-18 23:59:00,1.481,1.481,1.48,1.48,644.53
2025-01-19 00:00:00,1.48,1.48,1.476,1.476,870.42
2025-01-19 00:01:00,1.477,1.477,1.476,1.476,1094.27
2025-01-19 00:02:00,1.475,1.475,1.475,1.475,32.93
2025-01-19 00:03:00,1.475,1.478,1.475,1.475,231.27
2025-01-19 00:04:00,1.476,1.477,1.476,1.477,292.08
2025-01-19 00:05:00,1.477,1.48,1.477,1.479,3145.38
2025-01-19 00:06:00,1.48,1.481,1.479,1.479,1172.49
2025-01-19 00:07:00,1.479,1.479,1.478,1.478,610.36
2025-01-19 00:08:00,1.479,1.481,1.479,1.481,18.69
2025-01-19 00:09:00,1.48,1.482,1.48,1.482,46.63
2025-01-19 00:10:00,1.48,1.481,1.479,1.481,300.16
2025-01-19 00:11:00,1.482,1.482,1.481,1.481,1038.35
2025-01-19 00:12:00,1.481,1.482,1.481,1.481,3157.89
2025-01-19 00:13:00,1.481,1.481,1.48,1.48,18.71
2025-01-19 00:14:00,1.481,1.481,1.479,1.479,824.99
2025-01-19 00:15:00,1.479,1.484,1.479,1.484,63.37
2025-01-19 00:16:00,1.484,1.486,1.484,1.486,2230.59
2025-01-19 00:17:00,1.486,1.489,1.486,1.489,917.98
2025-01-19 00:18:00,1.489,1.489,1.486,1.489,785.2
2025-01-19 00:19:00,1.49,1.493,1.489,1.493,240.51
2025-01-19 00:20:00,1.493,1.494,1.492,1.493,558.94
2025-01-19 00:21:00,1.492,1.495,1.492,1.495,475.77
2025-01-19 00:22:00,1.496,1.496,1.493,1.493,1348.7
2025-01-19 00:23:00,1.495,1.495,1.493,1.495,1680.5
2025-01-19 00:24:00,1.495,1.495,1.491,1.491,144.27
2025-01-19 00:25:00,1.493,1.493,1.491,1.491,1358.19
2025-01-19 00:26:00,1.493,1.496,1.493,1.496,438.02
2025-01-19 00:27:00,1.495,1.495,1.489,1.491,12242.02
2025-01-19 00:28:00,1.491,1.492,1.491,1.492,462.84
2025-01-19 00:29:00,1.491,1.492,1.491,1.492,248.79
2025-01-19 00:30:00,1.492,1.493,1.492,1.492,485.51
2025-01-19 00:31:00,1.494,1.496,1.494,1.496,714.48
2025-01-19 00:32:00,1.497,1.497,1.496,1.496,236.41
2025-01-19 00:33:00,1.497,1.497,1.494,1.494,131.8
2025-01-19 00:34:00,1.494,1.495,1.494,1.494,169.86
2025-01-19 00:35:00,1.493,1.493,1.491,1.491,220.24
2025-01-19 00:36:00,1.49,1.49,1.49,1.49,127.26
2025-01-19 00:37:00,1.49,1.491,1.488,1.491,640.8
2025-01-19 00:38:00,1.489,1.489,1.489,1.489,18.72
2025-01-19 00:39:00,1.489,1.491,1.489,1.49,322.81
2025-01-19 00:40:00,1.488,1.49,1.488,1.489,329.56
2025-01-19 00:41:00,1.489,1.491,1.489,1.49,174.71
2025-01-19 00:42:00,1.49,1.492,1.489,1.492,39.62
2025-01-19 00:43:00,1.492,1.493,1.492,1.493,380.33
2025-01-19 00:44:00,1.492,1.492,1.49,1.49,37.62
2025-01-19 00:45:00,1.49,1.493,1.49,1.493,88.49
2025-01-19 00:46:00,1.493,1.494,1.493,1.494,29.34
2025-01-19 00:47:00,1.494,1.496,1.494,1.495,374.56
2025-01-19 00:48:00,1.496,1.496,1.492,1.492,864.31
2025-01-19 00:49:00,1.491,1.492,1.491,1.491,51.3
2025-01-19 00:50:00,1.491,1.496,1.491,1.495,1418.74
2025-01-19 00:51:00,1.494,1.494,1.493,1.493,38.6
2025-01-19 00:52:00,1.492,1.493,1.491,1.493,146.74
2025-01-19 00:53:00,1.493,1.493,1.491,1.491,900.5
2025-01-19 00:54:00,1.49,1.49,1.49,1.49,74.64
2025-01-19 00:55:00,1.49,1.492,1.49,1.491,441.49
2025-01-19 00:56:00,1.492,1.492,1.491,1.492,392.91
2025-01-19 00:57:00,1.489,1.489,1.489,1.489,46.78
2025-01-19 00:58:00,1.491,1.493,1.491,1.492,224.38
2025-01-19 00:59:00,1.49,1.49,1.49,1.49,31.91
2025-01-19 01:00:00,1.49,1.49,1.488,1.488,281.6
2025-01-19 01:01:00,1.489,1.49,1.489,1.49,76.42
2025-01-19 01:02:00,1.488,1.493,1.488,1.493,214.88
2025-01-19 01:03:00,1.493,1.494,1.492,1.494,677.4
2025-01-19 01:04:00,1.496,1.497,1.494,1.496,3512.86
2025-01-19 01:05:00,1.496,1.5,1.496,1.497,1243.29
2025-01-19 01:06:00,1.497,1.499,1.497,1.499,76.79
2025-01-19 01:07:00,1.5,1.502,1.5,1.502,1688.94
2025-01-19 01:08:00,1.5,1.504,1.5,1.504,85.94
2025-01-19 01:09:00,1.505,1.505,1.504,1.505,1847.72
2025-01-19 01:10:00,1.505,1.507,1.505,1.506,145.65
2025-01-19 01:11:00,1.507,1.509,1.507,1.509,52.97
2025-01-19 01:12:00,1.508,1.51,1.508,1.51,516.45
2025-01-19 01:13:00,1.51,1.512,1.51,1.511,86.39
2025-01-19 01:14:00,1.511,1.511,1.508,1.508,808.11
2025-01-19 01:15:00,1.51,1.51,1.508,1.508,159.57
2025-01-19 01:16:00,1.508,1.508,1.505,1.505,420.12
2025-01-19 01:17:00,1.504,1.505,1.504,1.505,28.04
2025-01-19 01:18:00,1.507,1.507,1.503,1.503,570.27
2025-01-19 01:19:00,1.504,1.505,1.504,1.504,519.18
2025-01-19 01:20:00,1.506,1.507,1.506,1.507,546.96
2025-01-19 01:21:00,1.506,1.506,1.504,1.504,39.45
2025-01-19 01:22:00,1.504,1.504,1.503,1.504,216.01
2025-01-19 01:23:00,1.504,1.505,1.502,1.503,326.34
2025-01-19 01:24:00,1.502,1.503,1.502,1.503,62.23
2025-01-19 01:25:00,1.501,1.502,1.499,1.5,433.3
2025-01-19 01:26:00,1.501,1.501,1.501,1.501,360.98
2025-01-19 01:27:00,1.5,1.501,1.499,1.501,895.46
2025-01-19 01:28:00,1.501,1.503,1.498,1.5,4331.41
2025-01-19 01:29:00,1.5,1.5,1.5,1.5,28.12
2025-01-19 01:30:00,1.504,1.504,1.501,1.501,34.58
2025-01-19 01:31:00,1.5,1.5,1.499,1.499,372.0
2025-01-19 01:32:00,1.5,1.502,1.499,1.502,424.58
2025-01-19 01:33:00,1.499,1.499,1.499,1.499,20.7
2025-01-19 01:34:00,1.499,1.501,1.497,1.501,1186.74
2025-01-19 01:35:00,1.502,1.502,1.5,1.501,383.81
2025-01-19 01:36:00,1.502,1.502,1.5,1.5,212.68
2025-01-19 01:37:00,1.501,1.501,1.5,1.501,32.91
2025-01-19 01:38:00,1.502,1.505,1.502,1.505,3018.36
2025-01-19 01:39:00,1.504,1.504,1.504,1.504,42.01
2025-01-19 01:40:00,1.503,1.504,1.503,1.504,32.16
2025-01-19 01:41:00,1.506,1.507,1.504,1.505,1349.66
2025-01-19 01:42:00,1.506,1.506,1.506,1.506,27.96
2025-01-19 01:43:00,1.506,1.507,1.505,1.507,238.39
2025-01-19 01:44:00,1.507,1.507,1.506,1.506,143.98
2025-01-19 01:45:00,1.507,1.509,1.507,1.509,122.37
2025-01-19 01:46:00,1.509,1.512,1.509,1.512,1600.11
2025-01-19 01:47:00,1.512,1.512,1.509,1.509,155.38
2025-01-19 01:48:00,1.511,1.511,1.509,1.511,154.89
2025-01-19 01:49:00,1.51,1.511,1.509,1.511,109.93
2025-01-19 01:50:00,1.51,1.51,1.51,1.51,837.8
2025-01-19 01:51:00,1.51,1.51,1.508,1.508,84.67
2025-01-19 01:52:00,1.509,1.509,1.508,1.508,29.93
2025-01-19 01:53:00,1.509,1.51,1.508,1.509,125.79
2025-01-19 01:54:00,1.509,1.51,1.507,1.507,833.95
2025-01-19 01:55:00,1.507,1.507,1.507,1.507,132.21
2025-01-19 01:56:00,1.508,1.509,1.508,1.509,1223.93
2025-01-19 01:57:00,1.509,1.509,1.506,1.506,47.17
2025-01-19 01:58:00,1.506,1.508,1.506,1.507,39.24
2025-01-19 01:59:00,1.507,1.508,1.507,1.508,48.14
2025-01-19 02:00:00,1.51,1.51,1.507,1.507,697.01
2025-01-19 02:01:00,1.507,1.507,1.504,1.504,459.75
2025-01-19 02:02:00,1.505,1.505,1.504,1.504,1095.33
2025-01-19 02:03:00,1.505,1.505,1.504,1.504,28.43
2025-01-19 02:04:00,1.507,1.508,1.506,1.508,67.95
2025-01-19 02:05:00,1.508,1.508,1.506,1.506,538.88
2025-01-19 02:06:00,1.506,1.507,1.505,1.505,351.25
2025-01-19 02:07:00,1.506,1.506,1.505,1.506,754.93
2025-01-19 02:08:00,1.509,1.509,1.509,1.509,18.89
2025-01-19 02:09:00,1.508,1.509,1.505,1.505,7254.77
2025-01-19 02:10:00,1.506,1.506,1.505,1.506,368.74
2025-01-19 02:11:00,1.506,1.506,1.505,1.505,94.33
2025-01-19 02:12:00,1.506,1.506,1.506,1.506,18.19
2025-01-19 02:13:00,1.505,1.505,1.505,1.505,27.92
2025-01-19 02:14:00,1.506,1.507,1.506,1.506,531.9
2025-01-19 02:15:00,1.507,1.507,1.506,1.506,216.65
2025-01-19 02:16:00,1.507,1.508,1.506,1.508,238.69
2025-01-19 02:17:00,1.509,1.509,1.508,1.508,115.86
2025-01-19 02:18:00,1.508,1.508,1.507,1.508,791.03
2025-01-19 02:19:00,1.508,1.508,1.508,1.508,27.84
2025-01-19 02:20:00,1.508,1.508,1.508,1.508,601.82
2025-01-19 02:21:00,1.508,1.51,1.508,1.509,509.92
2025-01-19 02:22:00,1.509,1.509,1.508,1.508,140.08
2025-01-19 02:23:00,1.51,1.513,1.51,1.513,142.77
2025-01-19 02:24:00,1.511,1.513,1.511,1.513,129.36
2025-01-19 02:25:00,1.512,1.514,1.512,1.513,585.47
2025-01-19 02:26:00,1.514,1.514,1.512,1.512,345.52
2025-01-19 02:27:00,1.511,1.511,1.511,1.511,27.74
2025-01-19 02:28:00,1.512,1.512,1.512,1.512,30.48
2025-01-19 02:29:00,1.512,1.513,1.512,1.512,211.72
2025-01-19 02:30:00,1.512,1.513,1.512,1.512,513.72
2025-01-19 02:31:00,1.512,1.514,1.512,1.513,906.11
2025-01-19 02:32:00,1.512,1.512,1.509,1.509,401.05
2025-01-19 02:33:00,1.509,1.509,1.508,1.508,306.02
2025-01-19 02:34:00,1.509,1.509,1.509,1.509,167.37
2025-01-19 02:35:00,1.508,1.508,1.508,1.508,13.88
2025-01-19 02:36:00,1.509,1.513,1.509,1.513,1033.6
2025-01-19 02:37:00,1.511,1.512,1.511,1.512,27.69
2025-01-19 02:38:00,1.512,1.514,1.512,1.514,243.84
2025-01-19 02:39:00,1.515,1.515,1.515,1.515,177.64
2025-01-19 02:40:00,1.515,1.516,1.515,1.516,317.61
2025-01-19 02:41:00,1.516,1.516,1.516,1.516,95.24
2025-01-19 02:42:00,1.517,1.518,1.517,1.518,151.64
2025-01-19 02:43:00,1.517,1.518,1.517,1.518,27.56
2025-01-19 02:44:00,1.518,1.518,1.517,1.517,117.5
2025-01-19 02:45:00,1.517,1.517,1.515,1.516,1347.0
2025-01-19 02:46:00,1.516,1.516,1.516,1.516,511.22
2025-01-19 02:47:00,1.516,1.516,1.515,1.515,18.0
2025-01-19 02:48:00,1.515,1.515,1.511,1.512,45.66
2025-01-19 02:49:00,1.511,1.511,1.509,1.509,48.12
2025-01-19 02:50:00,1.509,1.51,1.509,1.51,1166.27
2025-01-19 02:51:00,1.51,1.51,1.51,1.51,1321.7
2025-01-19 02:52:00,1.511,1.512,1.511,1.511,1310.23
2025-01-19 02:53:00,1.512,1.512,1.511,1.511,105.7
2025-01-19 02:54:00,1.51,1.511,1.51,1.51,540.89
2025-01-19 02:55:00,1.51,1.511,1.51,1.51,199.42
2025-01-19 02:56:00,1.509,1.509,1.508,1.508,2247.27
2025-01-19 02:57:00,1.508,1.508,1.506,1.507,1708.96
2025-01-19 02:58:00,1.507,1.507,1.505,1.505,174.02
2025-01-19 02:59:00,1.505,1.505,1.504,1.504,336.53
2025-01-19 03:00:00,1.504,1.505,1.502,1.502,198.94
2025-01-19 03:01:00,1.502,1.502,1.502,1.502,17.83
2025-01-19 03:02:00,1.502,1.505,1.502,1.505,282.02
2025-01-19 03:03:00,1.506,1.506,1.504,1.504,319.15
2025-01-19 03:04:00,1.503,1.505,1.503,1.505,27.8
2025-01-19 03:05:00,1.506,1.508,1.506,1.508,65.0
2025-01-19 03:06:00,1.508,1.508,1.505,1.505,654.34
2025-01-19 03:07:00,1.504,1.504,1.504,1.504,13.89
2025-01-19 03:08:00,1.501,1.502,1.5,1.501,523.9
2025-01-19 03:09:00,1.5,1.5,1.5,1.5,146.13
2025-01-19 03:10:00,1.498,1.498,1.495,1.495,199.16
2025-01-19 03:11:00,1.496,1.496,1.492,1.494,8807.62
2025-01-19 03:12:00,1.495,1.495,1.492,1.492,706.52
2025-01-19 03:13:00,1.493,1.495,1.493,1.495,38.86
2025-01-19 03:14:00,1.493,1.493,1.493,1.493,14.03
2025-01-19 03:15:00,1.495,1.496,1.492,1.495,7069.18
2025-01-19 03:16:00,1.494,1.495,1.494,1.495,1313.79
2025-01-19 03:17:00,1.494,1.495,1.494,1.495,193.4
2025-01-19 03:18:00,1.496,1.497,1.496,1.497,145.17
2025-01-19 03:19:00,1.497,1.497,1.495,1.495,33.48
2025-01-19 03:20:00,1.496,1.499,1.496,1.498,1777.68
2025-01-19 03:21:00,1.499,1.5,1.498,1.498,95.82
2025-01-19 03:22:00,1.495,1.495,1.495,1.495,14.04
2025-01-19 03:23:00,1.495,1.496,1.495,1.495,532.07
2025-01-19 03:24:00,1.493,1.493,1.491,1.491,28.12
2025-01-19 03:25:00,1.492,1.492,1.488,1.489,4205.05
2025-01-19 03:26:00,1.489,1.49,1.488,1.49,1409.3
2025-01-19 03:27:00,1.489,1.489,1.488,1.488,128.55
2025-01-19 03:28:00,1.489,1.489,1.489,1.489,14.11
2025-01-19 03:29:00,1.491,1.492,1.491,1.492,127.06
2025-01-19 03:30:00,1.491,1.495,1.491,1.495,4013.82
2025-01-19 03:31:00,1.494,1.494,1.493,1.493,28.13
2025-01-19 03:32:00,1.493,1.494,1.492,1.493,269.48
2025-01-19 03:33:00,1.493,1.493,1.49,1.49,512.65
2025-01-19 03:34:00,1.491,1.491,1.489,1.489,1561.31
2025-01-19 03:35:00,1.492,1.492,1.488,1.488,885.03
2025-01-19 03:36:00,1.488,1.491,1.488,1.491,657.18
2025-01-19 03:37:00,1.489,1.489,1.488,1.488,28.23
2025-01-19 03:38:00,1.49,1.49,1.489,1.489,28.21
2025-01-19 03:39:00,1.488,1.489,1.488,1.489,66.03
2025-01-19 03:40:00,1.489,1.489,1.488,1.489,32.49
2025-01-19 03:41:00,1.489,1.489,1.488,1.488,32.51
2025-01-19 03:42:00,1.488,1.49,1.488,1.489,837.56
2025-01-19 03:43:00,1.487,1.487,1.487,1.487,14.12
2025-01-19 03:44:00,1.487,1.489,1.487,1.489,593.86
2025-01-19 03:45:00,1.488,1.489,1.487,1.488,752.15
2025-01-19 03:46:00,1.488,1.488,1.488,1.488,14.11
2025-01-19 03:47:00,1.49,1.497,1.49,1.496,742.75
2025-01-19 03:48:00,1.494,1.495,1.494,1.494,251.66
2025-01-19 03:49:00,1.494,1.496,1.494,1.496,798.09
2025-01-19 03:50:00,1.497,1.499,1.497,1.498,750.07
2025-01-19 03:51:00,1.497,1.497,1.496,1.496,32.32
2025-01-19 03:52:00,1.496,1.496,1.495,1.495,18.3
2025-01-19 03:53:00,1.494,1.494,1.494,1.494,14.04
2025-01-19 03:54:00,1.495,1.495,1.494,1.494,63.01
2025-01-19 03:55:00,1.494,1.495,1.494,1.494,286.09
2025-01-19 03:56:00,1.493,1.494,1.493,1.494,487.5
2025-01-19 03:57:00,1.493,1.493,1.49,1.49,879.73
2025-01-19 03:58:00,1.49,1.49,1.489,1.489,28.15
2025-01-19 03:59:00,1.487,1.488,1.487,1.487,1137.86
2025-01-19 04:00:00,1.486,1.486,1.484,1.484,106.55
2025-01-19 04:01:00,1.484,1.484,1.48,1.48,5171.91
2025-01-19 04:02:00,1.482,1.482,1.481,1.481,68.26
2025-01-19 04:03:00,1.481,1.481,1.481,1.481,14.17
2025-01-19 04:04:00,1.48,1.483,1.48,1.481,250.82
2025-01-19 04:05:00,1.483,1.483,1.483,1.483,28.48
2025-01-19 04:06:00,1.484,1.484,1.483,1.483,804.64
2025-01-19 04:07:00,1.485,1.486,1.485,1.485,167.74
2025-01-19 04:08:00,1.485,1.485,1.484,1.484,1067.39
2025-01-19 04:09:00,1.483,1.483,1.483,1.483,21.55
2025-01-19 04:10:00,1.482,1.482,1.48,1.48,341.5
2025-01-19 04:11:00,1.48,1.481,1.479,1.479,410.85
2025-01-19 04:12:00,1.479,1.48,1.479,1.479,372.18
2025-01-19 04:13:00,1.48,1.486,1.48,1.486,821.03
2025-01-19 04:14:00,1.487,1.489,1.485,1.486,4738.32
2025-01-19 04:15:00,1.487,1.489,1.485,1.486,4849.64
2025-01-19 04:16:00,1.486,1.486,1.482,1.482,599.5
2025-01-19 04:17:00,1.484,1.484,1.476,1.477,1525.59
2025-01-19 04:18:00,1.478,1.478,1.472,1.474,4594.76
2025-01-19 04:19:00,1.474,1.479,1.474,1.476,81.31
2025-01-19 04:20:00,1.476,1.477,1.475,1.477,33.24
2025-01-19 04:21:00,1.48,1.481,1.479,1.481,1589.34
2025-01-19 04:22:00,1.48,1.483,1.48,1.48,1836.18
2025-01-19 04:23:00,1.478,1.482,1.478,1.482,1727.98
2025-01-19 04:24:00,1.483,1.484,1.483,1.483,970.05
2025-01-19 04:25:00,1.483,1.487,1.483,1.487,937.27
2025-01-19 04:26:00,1.487,1.487,1.481,1.482,3003.45
2025-01-19 04:27:00,1.481,1.482,1.479,1.479,353.52
2025-01-19 04:28:00,1.479,1.482,1.478,1.482,857.48
2025-01-19 04:29:00,1.48,1.482,1.48,1.48,276.29
2025-01-19 04:30:00,1.478,1.478,1.472,1.472,932.52
2025-01-19 04:31:00,1.472,1.473,1.471,1.473,112.38
2025-01-19 04:32:00,1.472,1.472,1.468,1.471,110.14
2025-01-19 04:33:00,1.472,1.472,1.47,1.47,57.23
2025-01-19 04:34:00,1.469,1.472,1.468,1.472,172.66
2025-01-19 04:35:00,1.472,1.474,1.472,1.474,56.55
2025-01-19 04:36:00,1.476,1.477,1.475,1.475,958.1
2025-01-19 04:37:00,1.477,1.478,1.477,1.478,471.88
2025-01-19 04:38:00,1.476,1.479,1.476,1.479,360.79
2025-01-19 04:39:00,1.48,1.481,1.478,1.48,1107.44
2025-01-19 04:40:00,1.48,1.48,1.479,1.479,88.71
2025-01-19 04:41:00,1.478,1.478,1.476,1.476,40.26
2025-01-19 04:42:00,1.475,1.479,1.474,1.478,1865.87
2025-01-19 04:43:00,1.478,1.478,1.478,1.478,32.21
2025-01-19 04:44:00,1.476,1.476,1.473,1.475,1081.11
2025-01-19 04:45:00,1.477,1.477,1.473,1.474,747.38
2025-01-19 04:46:00,1.473,1.477,1.472,1.477,3835.25
2025-01-19 04:47:00,1.477,1.479,1.477,1.479,1624.67
2025-01-19 04:48:00,1.478,1.479,1.477,1.478,175.61
2025-01-19 04:49:00,1.477,1.477,1.476,1.476,711.19
2025-01-19 04:50:00,1.478,1.481,1.478,1.478,3120.29
2025-01-19 04:51:00,1.477,1.477,1.474,1.474,613.42
2025-01-19 04:52:00,1.474,1.479,1.474,1.479,2443.85
2025-01-19 04:53:00,1.479,1.479,1.477,1.479,858.05
2025-01-19 04:54:00,1.477,1.479,1.476,1.478,2424.73
2025-01-19 04:55:00,1.476,1.476,1.474,1.474,215.53
2025-01-19 04:56:00,1.475,1.475,1.472,1.472,364.09
2025-01-19 04:57:00,1.472,1.474,1.471,1.471,2285.42
2025-01-19 04:58:00,1.473,1.473,1.472,1.472,340.73
2025-01-19 04:59:00,1.472,1.472,1.471,1.471,150.61
2025-01-19 05:00:00,1.471,1.473,1.469,1.473,1076.23
2025-01-19 05:01:00,1.473,1.474,1.47,1.471,331.28
2025-01-19 05:02:00,1.469,1.471,1.467,1.469,336.57
2025-01-19 05:03:00,1.469,1.47,1.469,1.47,1050.88
2025-01-19 05:04:00,1.468,1.469,1.466,1.466,1162.2
2025-01-19 05:05:00,1.466,1.466,1.464,1.465,2420.53
2025-01-19 05:06:00,1.465,1.469,1.464,1.467,1984.48
2025-01-19 05:07:00,1.469,1.471,1.468,1.469,1191.39
2025-01-19 05:08:00,1.469,1.469,1.467,1.468,356.29
2025-01-19 05:09:00,1.467,1.467,1.463,1.464,202.19
2025-01-19 05:10:00,1.465,1.466,1.465,1.465,163.17
2025-01-19 05:11:00,1.463,1.463,1.461,1.462,57.33
2025-01-19 05:12:00,1.462,1.464,1.462,1.464,978.79
2025-01-19 05:13:00,1.464,1.464,1.459,1.46,1802.54
2025-01-19 05:14:00,1.458,1.46,1.458,1.458,199.32
2025-01-19 05:15:00,1.459,1.459,1.456,1.456,175.96
2025-01-19 05:16:00,1.456,1.462,1.456,1.461,1311.58
2025-01-19 05:17:00,1.461,1.462,1.458,1.458,190.75
2025-01-19 05:18:00,1.458,1.46,1.458,1.459,1335.25
2025-01-19 05:19:00,1.458,1.459,1.457,1.459,1307.57
2025-01-19 05:20:00,1.46,1.461,1.46,1.461,1074.78
2025-01-19 05:21:00,1.462,1.466,1.462,1.466,1749.74
2025-01-19 05:22:00,1.466,1.468,1.466,1.467,263.66
2025-01-19 05:23:00,1.468,1.468,1.467,1.467,487.64
2025-01-19 05:24:00,1.468,1.469,1.467,1.468,880.01
2025-01-19 05:25:00,1.468,1.469,1.467,1.467,233.21
2025-01-19 05:26:00,1.469,1.469,1.467,1.467,916.96
2025-01-19 05:27:00,1.467,1.467,1.465,1.465,856.77
2025-01-19 05:28:00,1.467,1.467,1.465,1.466,732.2
2025-01-19 05:29:00,1.466,1.467,1.466,1.467,650.83
2025-01-19 05:30:00,1.467,1.468,1.467,1.467,933.56
2025-01-19 05:31:00,1.467,1.467,1.463,1.463,2507.68
2025-01-19 05:32:00,1.463,1.464,1.461,1.461,347.17
2025-01-19 05:33:00,1.461,1.462,1.461,1.462,319.83
2025-01-19 05:34:00,1.462,1.462,1.461,1.461,1053.92
2025-01-19 05:35:00,1.46,1.46,1.459,1.459,233.06
2025-01-19 05:36:00,1.461,1.463,1.461,1.463,2238.37
2025-01-19 05:37:00,1.463,1.463,1.46,1.46,321.49
2025-01-19 05:38:00,1.461,1.462,1.461,1.462,301.98
2025-01-19 05:39:00,1.462,1.463,1.461,1.461,656.94
2025-01-19 05:40:00,1.46,1.46,1.458,1.458,298.58
2025-01-19 05:41:00,1.458,1.458,1.457,1.457,28.44
2025-01-19 05:42:00,1.456,1.459,1.456,1.458,4153.45
2025-01-19 05:43:00,1.456,1.458,1.456,1.458,383.44
2025-01-19 05:44:00,1.457,1.459,1.457,1.458,1661.1
2025-01-19 05:45:00,1.459,1.46,1.458,1.459,3164.8
2025-01-19 05:46:00,1.459,1.459,1.456,1.456,354.31
2025-01-19 05:47:00,1.455,1.455,1.453,1.453,944.61
2025-01-19 05:48:00,1.454,1.455,1.452,1.454,3785.8
2025-01-19 05:49:00,1.454,1.458,1.454,1.458,1677.98
2025-01-19 05:50:00,1.458,1.463,1.457,1.463,2963.93
2025-01-19 05:51:00,1.462,1.463,1.461,1.463,130.02
2025-01-19 05:52:00,1.462,1.463,1.461,1.461,3053.39
2025-01-19 05:53:00,1.462,1.462,1.462,1.462,55.72
2025-01-19 05:54:00,1.463,1.464,1.462,1.464,863.15
2025-01-19 05:55:00,1.465,1.466,1.464,1.466,2984.93
2025-01-19 05:56:00,1.467,1.468,1.466,1.467,1237.45
2025-01-19 05:57:00,1.467,1.469,1.465,1.467,5939.97
2025-01-19 05:58:00,1.466,1.467,1.466,1.466,87.07
2025-01-19 05:59:00,1.466,1.467,1.466,1.467,174.54
2025-01-19 06:00:00,1.466,1.467,1.465,1.466,1135.11
2025-01-19 06:01:00,1.465,1.466,1.463,1.465,2426.35
2025-01-19 06:02:00,1.464,1.466,1.464,1.464,37.35
2025-01-19 06:03:00,1.464,1.464,1.46,1.461,966.3
2025-01-19 06:04:00,1.458,1.461,1.458,1.46,276.83
2025-01-19 06:05:00,1.461,1.461,1.458,1.459,686.32
2025-01-19 06:06:00,1.459,1.459,1.458,1.458,826.08
2025-01-19 06:07:00,1.457,1.459,1.457,1.459,487.31
2025-01-19 06:08:00,1.46,1.461,1.458,1.459,1483.0
2025-01-19 06:09:00,1.458,1.461,1.458,1.461,925.07
2025-01-19 06:10:00,1.461,1.461,1.459,1.459,368.94
2025-01-19 06:11:00,1.458,1.46,1.458,1.458,1548.76
2025-01-19 06:12:00,1.46,1.46,1.46,1.46,731.8
2025-01-19 06:13:00,1.458,1.46,1.458,1.46,785.15
2025-01-19 06:14:00,1.459,1.459,1.459,1.459,14.53
2025-01-19 06:15:00,1.459,1.461,1.459,1.46,2030.59
2025-01-19 06:16:00,1.461,1.461,1.459,1.46,656.55
2025-01-19 06:17:00,1.459,1.46,1.459,1.46,29.05
