timestamp,open,high,low,close,volume
2025-01-13 00:00:00,0.247,0.247,0.245,0.246,111319.0
2025-01-13 00:01:00,0.2459,0.2459,0.2448,0.2452,91835.0
2025-01-13 00:02:00,0.2454,0.2454,0.245,0.2451,6975.0
2025-01-13 00:03:00,0.2451,0.2452,0.2449,0.2451,22723.0
2025-01-13 00:04:00,0.245,0.2457,0.2449,0.2457,9270.0
2025-01-13 00:05:00,0.2457,0.2467,0.2457,0.2467,17507.0
2025-01-13 00:06:00,0.2467,0.2479,0.2467,0.2469,46810.0
2025-01-13 00:07:00,0.2468,0.2477,0.2468,0.2476,9543.0
2025-01-13 00:08:00,0.2475,0.2478,0.2474,0.2475,21170.0
2025-01-13 00:09:00,0.2475,0.2481,0.247,0.247,18194.0
2025-01-13 00:10:00,0.247,0.2472,0.247,0.247,1693.0
2025-01-13 00:11:00,0.247,0.247,0.2466,0.2467,8105.0
2025-01-13 00:12:00,0.2469,0.2477,0.2469,0.2477,12538.0
2025-01-13 00:13:00,0.2475,0.2478,0.2474,0.2478,7302.0
2025-01-13 00:14:00,0.2477,0.2478,0.2475,0.2478,4157.0
2025-01-13 00:15:00,0.2474,0.2481,0.2473,0.2481,20644.0
2025-01-13 00:16:00,0.248,0.2481,0.2475,0.2476,30090.0
2025-01-13 00:17:00,0.2476,0.2476,0.247,0.2471,10387.0
2025-01-13 00:18:00,0.247,0.2474,0.247,0.2474,12158.0
2025-01-13 00:19:00,0.2471,0.2474,0.2471,0.2474,3271.0
2025-01-13 00:20:00,0.2473,0.2473,0.2469,0.2469,2862.0
2025-01-13 00:21:00,0.2467,0.2467,0.2467,0.2467,2721.0
2025-01-13 00:22:00,0.2467,0.2471,0.2467,0.2471,7157.0
2025-01-13 00:23:00,0.2472,0.2473,0.2472,0.2473,6155.0
2025-01-13 00:24:00,0.2473,0.2475,0.2473,0.2475,128.0
2025-01-13 00:25:00,0.248,0.2487,0.248,0.2487,8695.0
2025-01-13 00:26:00,0.2488,0.2497,0.2488,0.2497,14277.0
2025-01-13 00:27:00,0.2496,0.2499,0.2493,0.2498,12352.0
2025-01-13 00:28:00,0.2499,0.251,0.2499,0.2503,64110.0
2025-01-13 00:29:00,0.2502,0.2506,0.2501,0.2504,13728.0
2025-01-13 00:30:00,0.2502,0.2506,0.2501,0.2502,13411.0
2025-01-13 00:31:00,0.2503,0.2512,0.2502,0.2512,22121.0
2025-01-13 00:32:00,0.2513,0.2518,0.2512,0.2517,26291.0
2025-01-13 00:33:00,0.2513,0.2517,0.2513,0.2517,10031.0
2025-01-13 00:34:00,0.2518,0.252,0.2511,0.2516,23201.0
2025-01-13 00:35:00,0.2518,0.2522,0.2512,0.2516,14129.0
2025-01-13 00:36:00,0.2517,0.2517,0.2513,0.2516,21322.0
2025-01-13 00:37:00,0.2516,0.2517,0.2515,0.2517,24074.0
2025-01-13 00:38:00,0.2515,0.2516,0.2513,0.2516,5391.0
2025-01-13 00:39:00,0.2517,0.2524,0.2517,0.2521,70588.0
2025-01-13 00:40:00,0.2521,0.2533,0.2521,0.2529,71142.0
2025-01-13 00:41:00,0.2529,0.254,0.2528,0.254,92339.0
2025-01-13 00:42:00,0.2542,0.2552,0.2538,0.2546,95855.0
2025-01-13 00:43:00,0.2547,0.255,0.254,0.254,35654.0
2025-01-13 00:44:00,0.2542,0.2548,0.2538,0.2547,55738.0
2025-01-13 00:45:00,0.2542,0.2547,0.2541,0.2542,37933.0
2025-01-13 00:46:00,0.2541,0.2547,0.2535,0.2545,41755.0
2025-01-13 00:47:00,0.2543,0.2554,0.2543,0.2553,51534.0
2025-01-13 00:48:00,0.2554,0.2559,0.2551,0.2551,132180.0
2025-01-13 00:49:00,0.2551,0.2555,0.2546,0.255,36786.0
2025-01-13 00:50:00,0.2552,0.2562,0.255,0.255,67951.0
2025-01-13 00:51:00,0.2551,0.2551,0.2545,0.2547,11323.0
2025-01-13 00:52:00,0.2547,0.2548,0.2544,0.2548,23831.0
2025-01-13 00:53:00,0.255,0.2555,0.2545,0.2546,120694.0
2025-01-13 00:54:00,0.2548,0.255,0.2546,0.2548,96361.0
2025-01-13 00:55:00,0.2546,0.2546,0.2539,0.254,30560.0
2025-01-13 00:56:00,0.2542,0.2543,0.2541,0.2542,14604.0
2025-01-13 00:57:00,0.2543,0.2543,0.2539,0.254,7270.0
2025-01-13 00:58:00,0.254,0.2548,0.2539,0.2547,48027.0
2025-01-13 00:59:00,0.2546,0.2549,0.2536,0.2538,124481.0
2025-01-13 01:00:00,0.2537,0.254,0.2532,0.254,37078.0
2025-01-13 01:01:00,0.2541,0.2543,0.2536,0.2539,66504.0
2025-01-13 01:02:00,0.2539,0.2541,0.2536,0.2536,6312.0
2025-01-13 01:03:00,0.2534,0.2534,0.253,0.2533,3888.0
2025-01-13 01:04:00,0.253,0.2535,0.253,0.2535,11155.0
2025-01-13 01:05:00,0.2536,0.2539,0.2534,0.2534,14973.0
2025-01-13 01:06:00,0.2532,0.2532,0.2526,0.2527,33294.0
2025-01-13 01:07:00,0.2526,0.2527,0.2522,0.2522,103487.0
2025-01-13 01:08:00,0.2522,0.2524,0.2515,0.2516,144258.0
2025-01-13 01:09:00,0.2515,0.252,0.2514,0.252,178497.0
2025-01-13 01:10:00,0.252,0.252,0.2513,0.2517,64244.0
2025-01-13 01:11:00,0.2515,0.252,0.2514,0.2514,290447.0
2025-01-13 01:12:00,0.2512,0.2515,0.2512,0.2515,7890.0
2025-01-13 01:13:00,0.2513,0.2513,0.2509,0.2509,374.0
2025-01-13 01:14:00,0.2508,0.2508,0.2504,0.2504,21276.0
2025-01-13 01:15:00,0.2504,0.2504,0.2501,0.2503,30268.0
2025-01-13 01:16:00,0.2505,0.2507,0.2498,0.2498,2612.0
2025-01-13 01:17:00,0.2499,0.2499,0.2497,0.2497,22042.0
2025-01-13 01:18:00,0.2496,0.25,0.2496,0.2498,4065.0
2025-01-13 01:19:00,0.2498,0.2502,0.2497,0.2501,40177.0
2025-01-13 01:20:00,0.25,0.2508,0.25,0.2506,9460.0
2025-01-13 01:21:00,0.2504,0.2506,0.2504,0.2506,101.0
2025-01-13 01:22:00,0.2506,0.2507,0.2504,0.2504,9095.0
2025-01-13 01:23:00,0.2504,0.2507,0.2504,0.2507,2210.0
2025-01-13 01:24:00,0.2507,0.251,0.2505,0.2509,16826.0
2025-01-13 01:25:00,0.2511,0.2513,0.2511,0.2512,8196.0
2025-01-13 01:26:00,0.2513,0.2514,0.251,0.2511,14511.0
2025-01-13 01:27:00,0.2511,0.2511,0.251,0.251,424.0
2025-01-13 01:28:00,0.2509,0.2509,0.2508,0.2508,1445.0
2025-01-13 01:29:00,0.2507,0.2508,0.2507,0.2508,87.0
2025-01-13 01:30:00,0.2506,0.2506,0.25,0.25,7097.0
2025-01-13 01:31:00,0.2501,0.2505,0.2501,0.2505,409.0
2025-01-13 01:32:00,0.2512,0.2522,0.2512,0.2521,15516.0
2025-01-13 01:33:00,0.2518,0.2521,0.2517,0.2519,38222.0
2025-01-13 01:34:00,0.2519,0.2519,0.2519,0.2519,25.0
2025-01-13 01:35:00,0.2517,0.2525,0.2517,0.2522,3698.0
2025-01-13 01:36:00,0.2516,0.2516,0.2514,0.2516,1044.0
2025-01-13 01:37:00,0.2515,0.2515,0.2513,0.2513,357.0
2025-01-13 01:38:00,0.251,0.251,0.2506,0.2506,797.0
2025-01-13 01:39:00,0.2506,0.2506,0.2506,0.2506,25.0
2025-01-13 01:40:00,0.2504,0.2504,0.2495,0.2496,76486.0
2025-01-13 01:41:00,0.2496,0.2496,0.2492,0.2493,13547.0
2025-01-13 01:42:00,0.2493,0.2494,0.249,0.2494,1629.0
2025-01-13 01:43:00,0.2496,0.2496,0.2494,0.2494,111.0
2025-01-13 01:44:00,0.2491,0.2491,0.249,0.249,145.0
2025-01-13 01:45:00,0.2495,0.2496,0.2495,0.2496,663.0
2025-01-13 01:46:00,0.2499,0.25,0.2499,0.25,1671.0
2025-01-13 01:47:00,0.2497,0.2497,0.2493,0.2495,10057.0
2025-01-13 01:48:00,0.2494,0.2494,0.2493,0.2493,167.0
2025-01-13 01:49:00,0.2491,0.2491,0.248,0.248,27377.0
2025-01-13 01:50:00,0.2479,0.2488,0.2479,0.2481,35881.0
2025-01-13 01:51:00,0.2478,0.2478,0.2476,0.2477,23158.0
2025-01-13 01:52:00,0.2481,0.2481,0.248,0.2481,8816.0
2025-01-13 01:53:00,0.2481,0.2484,0.2476,0.2476,44393.0
2025-01-13 01:54:00,0.2475,0.2477,0.2475,0.2475,10170.0
2025-01-13 01:55:00,0.2475,0.248,0.2473,0.2473,18167.0
2025-01-13 01:56:00,0.2474,0.2483,0.2474,0.2479,50662.0
2025-01-13 01:57:00,0.2476,0.2476,0.2476,0.2476,3853.0
2025-01-13 01:58:00,0.2475,0.2478,0.2475,0.2478,1063.0
2025-01-13 01:59:00,0.2477,0.2477,0.2474,0.2474,17140.0
2025-01-13 02:00:00,0.2476,0.2486,0.2476,0.2486,7288.0
2025-01-13 02:01:00,0.248,0.2482,0.2478,0.2478,60119.0
2025-01-13 02:02:00,0.2476,0.2476,0.2468,0.2468,7007.0
2025-01-13 02:03:00,0.2471,0.2472,0.2471,0.2472,841.0
2025-01-13 02:04:00,0.2475,0.2475,0.247,0.247,8656.0
2025-01-13 02:05:00,0.2467,0.2469,0.2465,0.2469,6332.0
2025-01-13 02:06:00,0.2469,0.2469,0.2464,0.2468,14590.0
2025-01-13 02:07:00,0.2469,0.2469,0.2464,0.2464,3556.0
2025-01-13 02:08:00,0.2463,0.2466,0.2462,0.2466,1034.0
2025-01-13 02:09:00,0.2465,0.2465,0.2464,0.2464,992.0
2025-01-13 02:10:00,0.2466,0.2466,0.2464,0.2465,13785.0
2025-01-13 02:11:00,0.2464,0.2465,0.2464,0.2464,2295.0
2025-01-13 02:12:00,0.2464,0.2465,0.2464,0.2464,7650.0
2025-01-13 02:13:00,0.2465,0.2465,0.2465,0.2465,278.0
2025-01-13 02:14:00,0.2465,0.2465,0.2465,0.2465,90.0
2025-01-13 02:15:00,0.2463,0.2469,0.2463,0.2469,12354.0
2025-01-13 02:16:00,0.247,0.2478,0.247,0.2478,35751.0
2025-01-13 02:17:00,0.2474,0.2475,0.2474,0.2475,594.0
2025-01-13 02:18:00,0.2473,0.2473,0.2473,0.2473,90.0
2025-01-13 02:19:00,0.247,0.247,0.2467,0.2467,5762.0
2025-01-13 02:20:00,0.2466,0.2466,0.2461,0.2461,11298.0
2025-01-13 02:21:00,0.246,0.246,0.2457,0.2458,4712.0
2025-01-13 02:22:00,0.2456,0.2456,0.2452,0.2453,13126.0
2025-01-13 02:23:00,0.2454,0.2456,0.2454,0.2455,4727.0
2025-01-13 02:24:00,0.2454,0.2454,0.2452,0.2453,542.0
2025-01-13 02:25:00,0.2453,0.2453,0.245,0.245,638.0
2025-01-13 02:26:00,0.2458,0.2459,0.2458,0.2459,3180.0
2025-01-13 02:27:00,0.2456,0.2456,0.2456,0.2456,131.0
2025-01-13 02:28:00,0.2454,0.2454,0.2454,0.2454,1062.0
2025-01-13 02:29:00,0.2453,0.2453,0.2452,0.2452,13273.0
2025-01-13 02:30:00,0.2451,0.2452,0.2449,0.2449,31843.0
2025-01-13 02:31:00,0.2448,0.2448,0.2442,0.2442,28308.0
2025-01-13 02:32:00,0.2441,0.2442,0.2436,0.2436,56158.0
2025-01-13 02:33:00,0.2436,0.2437,0.2435,0.2437,42241.0
2025-01-13 02:34:00,0.2437,0.2445,0.2437,0.2445,13283.0
2025-01-13 02:35:00,0.244,0.244,0.2438,0.2438,5024.0
2025-01-13 02:36:00,0.244,0.244,0.244,0.244,260.0
2025-01-13 02:37:00,0.2437,0.2437,0.2435,0.2435,1170.0
2025-01-13 02:38:00,0.2435,0.2435,0.2432,0.2433,2387.0
2025-01-13 02:39:00,0.2433,0.2434,0.2431,0.2433,10168.0
2025-01-13 02:40:00,0.2433,0.2433,0.2428,0.2428,15731.0
2025-01-13 02:41:00,0.2427,0.2428,0.2424,0.2426,76918.0
2025-01-13 02:42:00,0.2425,0.2427,0.2417,0.2418,152523.0
2025-01-13 02:43:00,0.242,0.2423,0.242,0.2423,10338.0
2025-01-13 02:44:00,0.2422,0.2422,0.2416,0.2416,12073.0
2025-01-13 02:45:00,0.2417,0.2419,0.2413,0.2413,9656.0
2025-01-13 02:46:00,0.2413,0.2416,0.2413,0.2416,17908.0
2025-01-13 02:47:00,0.2413,0.2413,0.2412,0.2413,17854.0
2025-01-13 02:48:00,0.2415,0.2416,0.2413,0.2413,24781.0
2025-01-13 02:49:00,0.2415,0.2416,0.2411,0.2412,25401.0
2025-01-13 02:50:00,0.2411,0.2412,0.2407,0.2408,12871.0
2025-01-13 02:51:00,0.2407,0.2412,0.2406,0.2411,14144.0
2025-01-13 02:52:00,0.241,0.241,0.2406,0.2408,3178.0
2025-01-13 02:53:00,0.2407,0.2409,0.2407,0.2409,6388.0
2025-01-13 02:54:00,0.2408,0.2415,0.2408,0.2415,17779.0
2025-01-13 02:55:00,0.2415,0.2416,0.2411,0.2411,5566.0
2025-01-13 02:56:00,0.2412,0.2417,0.2412,0.2414,17244.0
2025-01-13 02:57:00,0.2414,0.242,0.2414,0.2418,61839.0
2025-01-13 02:58:00,0.2419,0.242,0.2417,0.2419,15521.0
2025-01-13 02:59:00,0.2418,0.2418,0.2418,0.2418,1678.0
2025-01-13 03:00:00,0.242,0.2423,0.2419,0.2419,6834.0
2025-01-13 03:01:00,0.242,0.2429,0.242,0.2429,36652.0
2025-01-13 03:02:00,0.2425,0.2425,0.2424,0.2424,5915.0
2025-01-13 03:03:00,0.2431,0.2434,0.2431,0.2434,2785.0
2025-01-13 03:04:00,0.2434,0.2435,0.2433,0.2434,3697.0
2025-01-13 03:05:00,0.2434,0.2434,0.2434,0.2434,0.0
2025-01-13 03:06:00,0.2434,0.2437,0.2432,0.2437,436.0
2025-01-13 03:07:00,0.2435,0.2435,0.2433,0.2433,128.0
2025-01-13 03:08:00,0.2432,0.2433,0.2431,0.2431,2394.0
2025-01-13 03:09:00,0.2426,0.2426,0.242,0.2423,44480.0
2025-01-13 03:10:00,0.2425,0.2425,0.2417,0.2419,4238.0
2025-01-13 03:11:00,0.2418,0.2418,0.2414,0.2414,4203.0
2025-01-13 03:12:00,0.2414,0.2416,0.2414,0.2415,3009.0
2025-01-13 03:13:00,0.2414,0.2416,0.2414,0.2416,57174.0
2025-01-13 03:14:00,0.2414,0.2414,0.2412,0.2412,5736.0
2025-01-13 03:15:00,0.2411,0.2411,0.2409,0.241,3734.0
2025-01-13 03:16:00,0.2407,0.2411,0.2405,0.2411,3752.0
2025-01-13 03:17:00,0.2411,0.2413,0.241,0.241,7333.0
2025-01-13 03:18:00,0.241,0.241,0.241,0.241,42.0
2025-01-13 03:19:00,0.2404,0.2409,0.2404,0.2409,881.0
2025-01-13 03:20:00,0.2403,0.2406,0.2403,0.2406,9223.0
2025-01-13 03:21:00,0.2408,0.2408,0.2402,0.2402,2223.0
2025-01-13 03:22:00,0.2401,0.2401,0.2397,0.2398,54376.0
2025-01-13 03:23:00,0.2397,0.2398,0.2395,0.2395,12760.0
2025-01-13 03:24:00,0.2396,0.2401,0.2396,0.2401,12161.0
2025-01-13 03:25:00,0.2396,0.2397,0.2396,0.2397,1508.0
2025-01-13 03:26:00,0.2401,0.2404,0.2401,0.2404,6170.0
2025-01-13 03:27:00,0.2404,0.2412,0.2404,0.2409,8122.0
2025-01-13 03:28:00,0.2409,0.2409,0.2409,0.2409,0.0
2025-01-13 03:29:00,0.2407,0.2408,0.2405,0.2408,2165.0
2025-01-13 03:30:00,0.2411,0.2413,0.2411,0.2412,5881.0
2025-01-13 03:31:00,0.2409,0.2409,0.2409,0.2409,1038.0
2025-01-13 03:32:00,0.2408,0.2408,0.2405,0.2405,3167.0
2025-01-13 03:33:00,0.2403,0.2403,0.2398,0.2398,22487.0
2025-01-13 03:34:00,0.2402,0.2407,0.2402,0.2407,7258.0
2025-01-13 03:35:00,0.2405,0.2406,0.2405,0.2405,1972.0
2025-01-13 03:36:00,0.2407,0.2407,0.2405,0.2405,925.0
2025-01-13 03:37:00,0.2405,0.2405,0.2405,0.2405,0.0
2025-01-13 03:38:00,0.2405,0.2406,0.2405,0.2406,88.0
2025-01-13 03:39:00,0.2405,0.2405,0.2405,0.2405,500.0
2025-01-13 03:40:00,0.2405,0.2405,0.2401,0.2402,13041.0
2025-01-13 03:41:00,0.2398,0.24,0.2398,0.24,2780.0
2025-01-13 03:42:00,0.24,0.24,0.2397,0.2397,18761.0
2025-01-13 03:43:00,0.2398,0.2398,0.2398,0.2398,1400.0
2025-01-13 03:44:00,0.2399,0.24,0.2399,0.24,6851.0
2025-01-13 03:45:00,0.2398,0.2398,0.2373,0.2376,99258.0
2025-01-13 03:46:00,0.2376,0.238,0.2373,0.2379,42685.0
2025-01-13 03:47:00,0.2377,0.2377,0.2366,0.2369,32136.0
2025-01-13 03:48:00,0.2367,0.2373,0.2367,0.2372,15639.0
2025-01-13 03:49:00,0.2373,0.238,0.237,0.2375,30810.0
2025-01-13 03:50:00,0.2375,0.2375,0.2374,0.2375,3078.0
2025-01-13 03:51:00,0.2373,0.2376,0.2371,0.2376,9091.0
2025-01-13 03:52:00,0.2376,0.2381,0.2376,0.2381,7144.0
2025-01-13 03:53:00,0.2382,0.2385,0.2382,0.2385,5543.0
2025-01-13 03:54:00,0.2385,0.2388,0.2385,0.2387,58489.0
2025-01-13 03:55:00,0.2386,0.2386,0.2384,0.2386,11478.0
2025-01-13 03:56:00,0.2386,0.2386,0.2382,0.2386,39708.0
2025-01-13 03:57:00,0.2386,0.2387,0.2383,0.2386,27598.0
2025-01-13 03:58:00,0.2387,0.2387,0.2385,0.2386,8785.0
2025-01-13 03:59:00,0.2387,0.2388,0.2382,0.2383,27110.0
2025-01-13 04:00:00,0.2382,0.2382,0.238,0.238,29477.0
2025-01-13 04:01:00,0.238,0.2384,0.2379,0.2379,24773.0
2025-01-13 04:02:00,0.238,0.2395,0.238,0.2393,77929.0
2025-01-13 04:03:00,0.2394,0.2405,0.2394,0.2402,120910.0
2025-01-13 04:04:00,0.2402,0.2404,0.2397,0.2399,14192.0
2025-01-13 04:05:00,0.2405,0.2405,0.2399,0.2399,2406.0
2025-01-13 04:06:00,0.24,0.24,0.2397,0.2397,4590.0
2025-01-13 04:07:00,0.2398,0.2399,0.2396,0.2399,6784.0
2025-01-13 04:08:00,0.2402,0.2402,0.2398,0.24,5704.0
2025-01-13 04:09:00,0.2401,0.2405,0.2401,0.2404,19795.0
2025-01-13 04:10:00,0.2403,0.2405,0.2398,0.2405,33451.0
2025-01-13 04:11:00,0.2406,0.2409,0.2405,0.2409,7207.0
2025-01-13 04:12:00,0.241,0.2413,0.2409,0.2409,38543.0
2025-01-13 04:13:00,0.241,0.241,0.2409,0.241,6384.0
2025-01-13 04:14:00,0.241,0.241,0.2409,0.241,2318.0
2025-01-13 04:15:00,0.2411,0.2415,0.2411,0.2413,8554.0
2025-01-13 04:16:00,0.2413,0.2418,0.2413,0.2416,13434.0
2025-01-13 04:17:00,0.2417,0.2418,0.2416,0.2416,7581.0
2025-01-13 04:18:00,0.2416,0.2418,0.2416,0.2417,2853.0
2025-01-13 04:19:00,0.2417,0.2417,0.2417,0.2417,2579.0
2025-01-13 04:20:00,0.2417,0.2419,0.2417,0.2419,7453.0
2025-01-13 04:21:00,0.242,0.242,0.2418,0.2419,4042.0
2025-01-13 04:22:00,0.2419,0.2419,0.2414,0.2414,3735.0
2025-01-13 04:23:00,0.2415,0.242,0.2415,0.242,6077.0
2025-01-13 04:24:00,0.242,0.2425,0.242,0.2423,10933.0
2025-01-13 04:25:00,0.2424,0.2428,0.2423,0.2428,15636.0
2025-01-13 04:26:00,0.2429,0.2434,0.2429,0.2431,20514.0
2025-01-13 04:27:00,0.2431,0.2431,0.2428,0.2429,11241.0
2025-01-13 04:28:00,0.243,0.2431,0.243,0.2431,1162.0
2025-01-13 04:29:00,0.243,0.243,0.2428,0.2429,7313.0
2025-01-13 04:30:00,0.2428,0.2429,0.2424,0.2428,8512.0
2025-01-13 04:31:00,0.2428,0.2435,0.2428,0.2435,5776.0
2025-01-13 04:32:00,0.2436,0.2439,0.2435,0.2435,13545.0
2025-01-13 04:33:00,0.2433,0.2434,0.2432,0.2432,4030.0
2025-01-13 04:34:00,0.2432,0.2436,0.2431,0.2431,38197.0
2025-01-13 04:35:00,0.2433,0.2434,0.2424,0.2428,15162.0
2025-01-13 04:36:00,0.2427,0.243,0.2427,0.2427,8156.0
2025-01-13 04:37:00,0.2426,0.2426,0.2421,0.2421,18225.0
2025-01-13 04:38:00,0.2422,0.2422,0.2422,0.2422,1900.0
2025-01-13 04:39:00,0.2421,0.2424,0.2419,0.2424,6078.0
2025-01-13 04:40:00,0.2425,0.2428,0.2425,0.2427,25859.0
2025-01-13 04:41:00,0.2428,0.2429,0.2427,0.2427,7569.0
2025-01-13 04:42:00,0.2429,0.2431,0.2428,0.2428,16835.0
2025-01-13 04:43:00,0.2428,0.243,0.2426,0.2426,15635.0
2025-01-13 04:44:00,0.2424,0.2426,0.2424,0.2426,5524.0
2025-01-13 04:45:00,0.2426,0.2426,0.2422,0.2423,12551.0
2025-01-13 04:46:00,0.2426,0.2432,0.2426,0.2429,29556.0
2025-01-13 04:47:00,0.2431,0.2431,0.2425,0.2425,5606.0
2025-01-13 04:48:00,0.2422,0.2424,0.2422,0.2424,2199.0
2025-01-13 04:49:00,0.2424,0.2425,0.2423,0.2425,4323.0
2025-01-13 04:50:00,0.2424,0.2425,0.2421,0.2424,13144.0
2025-01-13 04:51:00,0.2425,0.2425,0.2424,0.2425,20781.0
2025-01-13 04:52:00,0.2424,0.2424,0.2424,0.2424,87.0
2025-01-13 04:53:00,0.242,0.242,0.2419,0.242,2816.0
2025-01-13 04:54:00,0.2422,0.2423,0.2422,0.2423,1421.0
2025-01-13 04:55:00,0.2423,0.2423,0.2423,0.2423,0.0
2025-01-13 04:56:00,0.2419,0.242,0.2419,0.242,2265.0
2025-01-13 04:57:00,0.2425,0.2426,0.242,0.242,11982.0
2025-01-13 04:58:00,0.2421,0.2423,0.2421,0.2423,2086.0
2025-01-13 04:59:00,0.2425,0.2431,0.2425,0.243,43624.0
2025-01-13 05:00:00,0.2426,0.2433,0.2426,0.2432,13148.0
2025-01-13 05:01:00,0.2429,0.2429,0.2424,0.2425,4708.0
2025-01-13 05:02:00,0.2426,0.2426,0.2426,0.2426,2062.0
2025-01-13 05:03:00,0.2422,0.2423,0.2422,0.2423,1291.0
2025-01-13 05:04:00,0.2417,0.2417,0.2415,0.2415,3165.0
2025-01-13 05:05:00,0.2414,0.2416,0.2413,0.2416,281.0
2025-01-13 05:06:00,0.2412,0.2412,0.2409,0.2409,609.0
2025-01-13 05:07:00,0.2409,0.242,0.2409,0.2418,37527.0
2025-01-13 05:08:00,0.2416,0.2417,0.2414,0.2416,8563.0
2025-01-13 05:09:00,0.2416,0.2416,0.2413,0.2413,2071.0
2025-01-13 05:10:00,0.2411,0.2411,0.2411,0.2411,2382.0
2025-01-13 05:11:00,0.241,0.2411,0.2408,0.2409,4949.0
2025-01-13 05:12:00,0.2409,0.241,0.2408,0.2409,9135.0
2025-01-13 05:13:00,0.241,0.241,0.2409,0.2409,2847.0
2025-01-13 05:14:00,0.2409,0.2411,0.2409,0.2411,5097.0
2025-01-13 05:15:00,0.2409,0.2422,0.2409,0.2421,36602.0
2025-01-13 05:16:00,0.242,0.242,0.2416,0.2416,12648.0
2025-01-13 05:17:00,0.2417,0.2417,0.2416,0.2417,1267.0
2025-01-13 05:18:00,0.2415,0.2418,0.2415,0.2418,13863.0
2025-01-13 05:19:00,0.2417,0.2424,0.2417,0.2417,42688.0
2025-01-13 05:20:00,0.2414,0.2419,0.2414,0.2417,5527.0
2025-01-13 05:21:00,0.2419,0.2425,0.2418,0.2423,22127.0
2025-01-13 05:22:00,0.2425,0.2426,0.2424,0.2424,24695.0
2025-01-13 05:23:00,0.2423,0.2423,0.2422,0.2422,4736.0
2025-01-13 05:24:00,0.242,0.2421,0.242,0.242,8616.0
2025-01-13 05:25:00,0.2416,0.2416,0.2414,0.2414,1538.0
2025-01-13 05:26:00,0.2414,0.2414,0.2411,0.2411,82.0
2025-01-13 05:27:00,0.2412,0.2412,0.2411,0.2411,3469.0
2025-01-13 05:28:00,0.2412,0.2418,0.2412,0.2416,39612.0
2025-01-13 05:29:00,0.2416,0.2417,0.2416,0.2417,3104.0
2025-01-13 05:30:00,0.2417,0.2418,0.2413,0.2415,9067.0
2025-01-13 05:31:00,0.2415,0.2416,0.2414,0.2414,9754.0
2025-01-13 05:32:00,0.2412,0.2412,0.2408,0.2408,1331.0
2025-01-13 05:33:00,0.2405,0.2405,0.2404,0.2405,3221.0
2025-01-13 05:34:00,0.2405,0.2406,0.2405,0.2406,2228.0
2025-01-13 05:35:00,0.2406,0.2406,0.2406,0.2406,1039.0
2025-01-13 05:36:00,0.2409,0.2409,0.2407,0.2407,9254.0
2025-01-13 05:37:00,0.2403,0.2403,0.2403,0.2403,1224.0
2025-01-13 05:38:00,0.2404,0.2404,0.2398,0.24,11205.0
2025-01-13 05:39:00,0.24,0.2401,0.24,0.24,17966.0
2025-01-13 05:40:00,0.2401,0.2403,0.2399,0.2399,12951.0
2025-01-13 05:41:00,0.24,0.2408,0.24,0.2408,29352.0
2025-01-13 05:42:00,0.2409,0.2409,0.2407,0.2407,7003.0
2025-01-13 05:43:00,0.2407,0.2407,0.2407,0.2407,0.0
2025-01-13 05:44:00,0.2403,0.2404,0.2403,0.2404,2080.0
2025-01-13 05:45:00,0.2401,0.2401,0.2397,0.2397,2114.0
2025-01-13 05:46:00,0.2397,0.2398,0.2397,0.2397,5758.0
2025-01-13 05:47:00,0.2397,0.2398,0.2392,0.2392,6471.0
2025-01-13 05:48:00,0.2393,0.2398,0.2393,0.2393,47268.0
2025-01-13 05:49:00,0.2392,0.2392,0.2389,0.2392,3384.0
2025-01-13 05:50:00,0.2395,0.2395,0.2392,0.2393,32697.0
2025-01-13 05:51:00,0.2393,0.24,0.2392,0.24,17130.0
2025-01-13 05:52:00,0.2398,0.24,0.2398,0.2398,5372.0
2025-01-13 05:53:00,0.24,0.2405,0.24,0.2404,26403.0
2025-01-13 05:54:00,0.2403,0.2404,0.24,0.24,27979.0
2025-01-13 05:55:00,0.24,0.2406,0.24,0.2402,16840.0
2025-01-13 05:56:00,0.2402,0.2402,0.2399,0.2399,103.0
2025-01-13 05:57:00,0.2399,0.2399,0.2399,0.2399,479.0
2025-01-13 05:58:00,0.2399,0.2399,0.2399,0.2399,44.0
2025-01-13 05:59:00,0.2399,0.2405,0.2399,0.2404,45266.0
2025-01-13 06:00:00,0.2402,0.2408,0.24,0.2407,25463.0
2025-01-13 06:01:00,0.2402,0.2403,0.24,0.2403,1248.0
2025-01-13 06:02:00,0.2399,0.24,0.2397,0.2399,6693.0
2025-01-13 06:03:00,0.2397,0.2403,0.2397,0.2403,28125.0
2025-01-13 06:04:00,0.2404,0.2404,0.24,0.2404,4795.0
2025-01-13 06:05:00,0.2404,0.2413,0.2404,0.2412,46992.0
2025-01-13 06:06:00,0.2411,0.2418,0.2411,0.2416,38863.0
2025-01-13 06:07:00,0.2414,0.2417,0.2412,0.2417,12889.0
2025-01-13 06:08:00,0.2416,0.2416,0.2414,0.2414,23111.0
2025-01-13 06:09:00,0.2412,0.2412,0.2411,0.2411,2074.0
2025-01-13 06:10:00,0.2412,0.2413,0.2412,0.2413,3730.0
2025-01-13 06:11:00,0.2411,0.2411,0.2411,0.2411,1037.0
2025-01-13 06:12:00,0.241,0.2415,0.241,0.2414,32947.0
2025-01-13 06:13:00,0.2414,0.2421,0.2414,0.242,47360.0
2025-01-13 06:14:00,0.2419,0.2423,0.2419,0.2419,17243.0
2025-01-13 06:15:00,0.2415,0.2415,0.2411,0.2414,17249.0
2025-01-13 06:16:00,0.2412,0.2412,0.2407,0.2408,3586.0
2025-01-13 06:17:00,0.2409,0.2409,0.2403,0.2403,4233.0
2025-01-13 06:18:00,0.2402,0.2403,0.2402,0.2403,1126.0
2025-01-13 06:19:00,0.2406,0.2409,0.2405,0.2408,13493.0
2025-01-13 06:20:00,0.2401,0.2401,0.2399,0.2399,613.0
2025-01-13 06:21:00,0.2404,0.2408,0.2404,0.2408,10983.0
2025-01-13 06:22:00,0.2407,0.241,0.2407,0.241,3115.0
2025-01-13 06:23:00,0.2409,0.2409,0.2409,0.2409,1038.0
2025-01-13 06:24:00,0.2407,0.2409,0.2407,0.2409,2270.0
2025-01-13 06:25:00,0.241,0.2412,0.2406,0.2406,21517.0
2025-01-13 06:26:00,0.2403,0.2404,0.2403,0.2404,2669.0
2025-01-13 06:27:00,0.24,0.24,0.2398,0.2398,3626.0
2025-01-13 06:28:00,0.2397,0.2397,0.2397,0.2397,1043.0
2025-01-13 06:29:00,0.2398,0.2404,0.2396,0.2401,33531.0
2025-01-13 06:30:00,0.2401,0.2407,0.2401,0.2407,4689.0
2025-01-13 06:31:00,0.2405,0.2405,0.2401,0.2401,884.0
2025-01-13 06:32:00,0.2402,0.2402,0.2397,0.2398,19017.0
2025-01-13 06:33:00,0.2397,0.2399,0.2396,0.2398,10515.0
2025-01-13 06:34:00,0.2397,0.24,0.2397,0.2397,3549.0
2025-01-13 06:35:00,0.2397,0.2397,0.239,0.239,21170.0
2025-01-13 06:36:00,0.239,0.2397,0.2387,0.2388,83618.0
2025-01-13 06:37:00,0.2386,0.2391,0.2385,0.2387,9316.0
2025-01-13 06:38:00,0.2388,0.239,0.2387,0.239,5091.0
2025-01-13 06:39:00,0.2392,0.2392,0.2389,0.239,6413.0
2025-01-13 06:40:00,0.2393,0.2395,0.2391,0.2395,39095.0
2025-01-13 06:41:00,0.2395,0.2395,0.2391,0.2392,6416.0
2025-01-13 06:42:00,0.239,0.2391,0.2389,0.2391,2987.0
2025-01-13 06:43:00,0.2388,0.2389,0.2386,0.2388,16424.0
2025-01-13 06:44:00,0.2388,0.2393,0.2388,0.2391,28058.0
2025-01-13 06:45:00,0.2387,0.2387,0.2386,0.2386,4757.0
2025-01-13 06:46:00,0.2386,0.2386,0.238,0.238,34970.0
2025-01-13 06:47:00,0.2379,0.2381,0.2374,0.2374,81382.0
2025-01-13 06:48:00,0.2375,0.2382,0.2375,0.238,37713.0
2025-01-13 06:49:00,0.2377,0.2385,0.2376,0.2383,39664.0
2025-01-13 06:50:00,0.2376,0.2381,0.2375,0.2377,8580.0
2025-01-13 06:51:00,0.2378,0.238,0.2369,0.237,50906.0
2025-01-13 06:52:00,0.2372,0.2373,0.2371,0.2372,14706.0
2025-01-13 06:53:00,0.2369,0.2369,0.2366,0.2366,1252.0
2025-01-13 06:54:00,0.2366,0.2367,0.2364,0.2365,16250.0
2025-01-13 06:55:00,0.2364,0.2364,0.236,0.2361,28282.0
2025-01-13 06:56:00,0.2363,0.2366,0.2361,0.2366,18058.0
2025-01-13 06:57:00,0.2368,0.237,0.2365,0.2365,2172.0
2025-01-13 06:58:00,0.2369,0.2371,0.2368,0.2368,5482.0
2025-01-13 06:59:00,0.2367,0.2368,0.2367,0.2367,3778.0
2025-01-13 07:00:00,0.2373,0.2381,0.2373,0.238,111743.0
2025-01-13 07:01:00,0.2379,0.2382,0.2378,0.2382,18065.0
2025-01-13 07:02:00,0.2382,0.2382,0.238,0.2382,27667.0
2025-01-13 07:03:00,0.238,0.2381,0.2379,0.2381,4785.0
2025-01-13 07:04:00,0.2383,0.2392,0.2383,0.2387,45026.0
2025-01-13 07:05:00,0.2382,0.2386,0.238,0.2381,85819.0
2025-01-13 07:06:00,0.238,0.2381,0.2377,0.2381,49628.0
2025-01-13 07:07:00,0.238,0.2388,0.238,0.2383,38047.0
2025-01-13 07:08:00,0.2388,0.2396,0.2388,0.2392,52464.0
2025-01-13 07:09:00,0.2393,0.2397,0.2393,0.2394,9225.0
2025-01-13 07:10:00,0.2398,0.2403,0.2398,0.24,14432.0
2025-01-13 07:11:00,0.24,0.24,0.2397,0.2398,14489.0
2025-01-13 07:12:00,0.2395,0.2395,0.2393,0.2394,8213.0
2025-01-13 07:13:00,0.2394,0.2399,0.2393,0.2398,29628.0
2025-01-13 07:14:00,0.2397,0.2397,0.2388,0.2388,3596.0
2025-01-13 07:15:00,0.2386,0.2388,0.2384,0.2387,6590.0
2025-01-13 07:16:00,0.2386,0.2386,0.2383,0.2384,3164.0
2025-01-13 07:17:00,0.2387,0.2388,0.2386,0.2388,6426.0
2025-01-13 07:18:00,0.2388,0.239,0.2388,0.2389,25030.0
2025-01-13 07:19:00,0.2389,0.239,0.2389,0.239,2322.0
2025-01-13 07:20:00,0.2388,0.2393,0.2387,0.2393,10253.0
2025-01-13 07:21:00,0.2394,0.2395,0.2391,0.2391,22553.0
2025-01-13 07:22:00,0.2393,0.2396,0.2393,0.2396,8204.0
2025-01-13 07:23:00,0.2396,0.2396,0.2394,0.2394,3574.0
2025-01-13 07:24:00,0.2394,0.2395,0.2394,0.2395,6166.0
2025-01-13 07:25:00,0.2395,0.2395,0.2395,0.2395,4066.0
2025-01-13 07:26:00,0.2393,0.2394,0.2391,0.2391,5905.0
2025-01-13 07:27:00,0.2392,0.2393,0.2392,0.2393,4067.0
2025-01-13 07:28:00,0.2393,0.2393,0.2393,0.2393,0.0
2025-01-13 07:29:00,0.2393,0.2393,0.2393,0.2393,0.0
2025-01-13 07:30:00,0.2394,0.2394,0.2388,0.2388,3825.0
2025-01-13 07:31:00,0.2386,0.2386,0.2383,0.2383,2702.0
2025-01-13 07:32:00,0.2383,0.2393,0.2383,0.2393,20638.0
2025-01-13 07:33:00,0.239,0.2391,0.239,0.239,4929.0
2025-01-13 07:34:00,0.239,0.2391,0.2388,0.2389,4055.0
2025-01-13 07:35:00,0.239,0.2391,0.239,0.2391,5948.0
2025-01-13 07:36:00,0.2399,0.2399,0.2397,0.2397,12400.0
2025-01-13 07:37:00,0.2398,0.2398,0.2392,0.2392,8536.0
2025-01-13 07:38:00,0.2391,0.2392,0.2391,0.2392,3166.0
2025-01-13 07:39:00,0.2389,0.2389,0.2387,0.2387,4701.0
2025-01-13 07:40:00,0.2386,0.2386,0.2385,0.2386,4956.0
2025-01-13 07:41:00,0.2387,0.2388,0.2387,0.2388,3054.0
2025-01-13 07:42:00,0.2388,0.2388,0.2387,0.2387,1828.0
2025-01-13 07:43:00,0.239,0.239,0.2387,0.2387,3368.0
2025-01-13 07:44:00,0.2387,0.2387,0.2387,0.2387,0.0
2025-01-13 07:45:00,0.2387,0.2387,0.2387,0.2387,0.0
2025-01-13 07:46:00,0.238,0.2382,0.238,0.2382,6070.0
2025-01-13 07:47:00,0.2379,0.2379,0.2377,0.2378,3155.0
2025-01-13 07:48:00,0.2377,0.2377,0.2372,0.2372,5367.0
2025-01-13 07:49:00,0.2371,0.2371,0.2368,0.2368,5917.0
2025-01-13 07:50:00,0.2367,0.2368,0.2364,0.2368,14721.0
2025-01-13 07:51:00,0.2369,0.2369,0.2367,0.2367,8971.0
2025-01-13 07:52:00,0.2368,0.2369,0.2368,0.2369,3489.0
2025-01-13 07:53:00,0.2368,0.2368,0.2365,0.2366,12885.0
2025-01-13 07:54:00,0.2367,0.2367,0.2367,0.2367,1480.0
2025-01-13 07:55:00,0.2365,0.2365,0.2363,0.2363,14812.0
2025-01-13 07:56:00,0.2363,0.2363,0.2361,0.2363,16990.0
2025-01-13 07:57:00,0.2365,0.2366,0.2364,0.2364,1008.0
2025-01-13 07:58:00,0.2365,0.2366,0.2365,0.2366,2158.0
2025-01-13 07:59:00,0.2366,0.2371,0.2365,0.2371,34049.0
2025-01-13 08:00:00,0.2369,0.2369,0.236,0.2363,11522.0
2025-01-13 08:01:00,0.2363,0.2363,0.2361,0.2363,3414.0
2025-01-13 08:02:00,0.2362,0.2366,0.2362,0.2366,1629.0
2025-01-13 08:03:00,0.2366,0.2368,0.2362,0.2362,34023.0
2025-01-13 08:04:00,0.2362,0.2362,0.236,0.2361,5772.0
2025-01-13 08:05:00,0.2362,0.2362,0.2356,0.2356,9659.0
2025-01-13 08:06:00,0.2356,0.2358,0.2353,0.2355,18659.0
2025-01-13 08:07:00,0.2355,0.2356,0.2351,0.2351,35369.0
2025-01-13 08:08:00,0.2353,0.2353,0.2349,0.2349,15260.0
2025-01-13 08:09:00,0.235,0.2355,0.235,0.2355,27373.0
2025-01-13 08:10:00,0.2355,0.2355,0.235,0.235,9998.0
2025-01-13 08:11:00,0.235,0.235,0.2345,0.2349,56962.0
2025-01-13 08:12:00,0.2349,0.235,0.2344,0.2348,35075.0
2025-01-13 08:13:00,0.2347,0.2349,0.2347,0.2347,13131.0
2025-01-13 08:14:00,0.2344,0.235,0.2343,0.2349,36108.0
2025-01-13 08:15:00,0.2349,0.2349,0.2345,0.2345,316.0
2025-01-13 08:16:00,0.2347,0.2347,0.2344,0.2344,769.0
2025-01-13 08:17:00,0.2343,0.2343,0.2333,0.2335,61378.0
2025-01-13 08:18:00,0.2337,0.2337,0.2335,0.2337,12657.0
2025-01-13 08:19:00,0.2337,0.2338,0.2333,0.2334,13807.0
2025-01-13 08:20:00,0.2335,0.2342,0.2335,0.2337,39593.0
2025-01-13 08:21:00,0.2337,0.2338,0.2335,0.2335,21228.0
2025-01-13 08:22:00,0.2338,0.2339,0.2329,0.2331,79910.0
2025-01-13 08:23:00,0.2331,0.2332,0.2324,0.2326,72449.0
2025-01-13 08:24:00,0.2326,0.2339,0.2326,0.2334,45914.0
2025-01-13 08:25:00,0.2333,0.2339,0.2332,0.2339,47318.0
2025-01-13 08:26:00,0.234,0.2344,0.2339,0.2341,63250.0
2025-01-13 08:27:00,0.2342,0.2346,0.234,0.234,33792.0
2025-01-13 08:28:00,0.2339,0.2341,0.2338,0.2339,6749.0
2025-01-13 08:29:00,0.2335,0.2336,0.2335,0.2336,2012.0
2025-01-13 08:30:00,0.2336,0.2336,0.2334,0.2335,9984.0
2025-01-13 08:31:00,0.2338,0.2347,0.2337,0.2342,108743.0
2025-01-13 08:32:00,0.2339,0.2339,0.2337,0.2337,13726.0
2025-01-13 08:33:00,0.2331,0.2335,0.2331,0.2334,16478.0
2025-01-13 08:34:00,0.2333,0.2336,0.2333,0.2336,5377.0
2025-01-13 08:35:00,0.2338,0.234,0.2336,0.234,8504.0
2025-01-13 08:36:00,0.2341,0.2342,0.234,0.234,10850.0
2025-01-13 08:37:00,0.2339,0.234,0.2338,0.2338,5244.0
2025-01-13 08:38:00,0.2338,0.2338,0.2338,0.2338,3289.0
2025-01-13 08:39:00,0.2338,0.2339,0.2338,0.2339,3490.0
2025-01-13 08:40:00,0.2342,0.2344,0.2341,0.2344,36297.0
2025-01-13 08:41:00,0.2344,0.2351,0.2343,0.2351,78420.0
2025-01-13 08:42:00,0.2351,0.2357,0.235,0.2356,58626.0
2025-01-13 08:43:00,0.2356,0.2362,0.2355,0.2361,136152.0
2025-01-13 08:44:00,0.2362,0.2362,0.2358,0.2359,42421.0
2025-01-13 08:45:00,0.2357,0.2357,0.2352,0.2356,19227.0
2025-01-13 08:46:00,0.2355,0.2355,0.2352,0.2352,1705.0
2025-01-13 08:47:00,0.2348,0.2349,0.2348,0.2348,9450.0
2025-01-13 08:48:00,0.2347,0.2349,0.2347,0.2348,11756.0
2025-01-13 08:49:00,0.2348,0.2348,0.2343,0.2343,11456.0
2025-01-13 08:50:00,0.2344,0.2345,0.2342,0.2342,21976.0
2025-01-13 08:51:00,0.2343,0.2343,0.2343,0.2343,5518.0
2025-01-13 08:52:00,0.2341,0.2343,0.2341,0.2343,14965.0
2025-01-13 08:53:00,0.2343,0.2344,0.2343,0.2344,1142.0
2025-01-13 08:54:00,0.2344,0.2344,0.2343,0.2343,3104.0
2025-01-13 08:55:00,0.2341,0.2346,0.2341,0.2346,19133.0
2025-01-13 08:56:00,0.2345,0.2345,0.2342,0.2343,7650.0
2025-01-13 08:57:00,0.2346,0.2349,0.2346,0.2348,6801.0
2025-01-13 08:58:00,0.2346,0.2346,0.2346,0.2346,4026.0
2025-01-13 08:59:00,0.2343,0.2343,0.2343,0.2343,1927.0
2025-01-13 09:00:00,0.2342,0.2344,0.2342,0.2344,11837.0
2025-01-13 09:01:00,0.2344,0.2344,0.2344,0.2344,13572.0
2025-01-13 09:02:00,0.2343,0.2353,0.2343,0.235,48910.0
2025-01-13 09:03:00,0.2351,0.2351,0.2346,0.2346,23773.0
2025-01-13 09:04:00,0.2346,0.2346,0.2338,0.2338,40884.0
2025-01-13 09:05:00,0.2339,0.2342,0.2338,0.234,13674.0
2025-01-13 09:06:00,0.2341,0.2341,0.2332,0.2332,53577.0
2025-01-13 09:07:00,0.2332,0.2334,0.2329,0.2329,46021.0
2025-01-13 09:08:00,0.2328,0.2328,0.232,0.232,22349.0
2025-01-13 09:09:00,0.232,0.2334,0.232,0.2333,56094.0
2025-01-13 09:10:00,0.2334,0.2335,0.2331,0.2334,13688.0
2025-01-13 09:11:00,0.2335,0.2338,0.2334,0.2336,9289.0
2025-01-13 09:12:00,0.2332,0.2333,0.2328,0.233,13019.0
2025-01-13 09:13:00,0.2329,0.2331,0.2328,0.2328,3019.0
2025-01-13 09:14:00,0.2325,0.2326,0.2324,0.2324,9653.0
2025-01-13 09:15:00,0.2324,0.2327,0.2321,0.2325,15307.0
2025-01-13 09:16:00,0.2323,0.2324,0.232,0.2323,9591.0
2025-01-13 09:17:00,0.2323,0.2323,0.2319,0.2321,42304.0
2025-01-13 09:18:00,0.2321,0.2326,0.2321,0.2325,10719.0
2025-01-13 09:19:00,0.2321,0.2324,0.2321,0.2321,6301.0
2025-01-13 09:20:00,0.2318,0.2321,0.2317,0.2317,16155.0
2025-01-13 09:21:00,0.2319,0.2321,0.2319,0.232,3981.0
2025-01-13 09:22:00,0.2319,0.232,0.2319,0.232,5226.0
2025-01-13 09:23:00,0.232,0.2321,0.232,0.232,1712.0
2025-01-13 09:24:00,0.2315,0.2319,0.231,0.2318,36868.0
2025-01-13 09:25:00,0.2315,0.2319,0.2315,0.2319,32875.0
2025-01-13 09:26:00,0.2319,0.2321,0.2319,0.2321,1321.0
2025-01-13 09:27:00,0.2316,0.2319,0.2316,0.2319,3845.0
2025-01-13 09:28:00,0.2318,0.2318,0.2314,0.2314,2234.0
2025-01-13 09:29:00,0.2313,0.2314,0.2308,0.231,33726.0
2025-01-13 09:30:00,0.2311,0.2314,0.231,0.231,16507.0
2025-01-13 09:31:00,0.2308,0.2319,0.2308,0.2314,108817.0
2025-01-13 09:32:00,0.2313,0.2315,0.2308,0.2312,16982.0
2025-01-13 09:33:00,0.2314,0.2314,0.2302,0.2305,137848.0
2025-01-13 09:34:00,0.2309,0.2313,0.2307,0.2307,12850.0
2025-01-13 09:35:00,0.2308,0.2317,0.2308,0.2317,8120.0
2025-01-13 09:36:00,0.2321,0.2321,0.2317,0.2317,21030.0
2025-01-13 09:37:00,0.232,0.2321,0.232,0.232,11668.0
2025-01-13 09:38:00,0.2322,0.2326,0.2322,0.2326,3983.0
2025-01-13 09:39:00,0.2325,0.2326,0.2323,0.2324,11858.0
2025-01-13 09:40:00,0.2325,0.2326,0.2324,0.2326,12576.0
2025-01-13 09:41:00,0.2322,0.2322,0.2322,0.2322,4738.0
2025-01-13 09:42:00,0.232,0.232,0.2317,0.2317,7707.0
2025-01-13 09:43:00,0.2317,0.2317,0.2317,0.2317,2975.0
2025-01-13 09:44:00,0.2317,0.2317,0.2317,0.2317,0.0
2025-01-13 09:45:00,0.2316,0.2316,0.2313,0.2313,7673.0
2025-01-13 09:46:00,0.2313,0.2315,0.2313,0.2313,8520.0
2025-01-13 09:47:00,0.2318,0.2318,0.2318,0.2318,801.0
2025-01-13 09:48:00,0.2319,0.2321,0.2319,0.2321,1217.0
2025-01-13 09:49:00,0.2317,0.2319,0.2317,0.2319,2390.0
2025-01-13 09:50:00,0.2319,0.2319,0.2317,0.2317,1113.0
2025-01-13 09:51:00,0.2318,0.2318,0.2316,0.2316,4791.0
2025-01-13 09:52:00,0.2314,0.2315,0.2314,0.2314,2217.0
2025-01-13 09:53:00,0.2316,0.2317,0.2316,0.2317,540.0
2025-01-13 09:54:00,0.2316,0.2316,0.2313,0.2313,246.0
2025-01-13 09:55:00,0.2311,0.2311,0.2311,0.2311,479.0
2025-01-13 09:56:00,0.231,0.231,0.231,0.231,112.0
2025-01-13 09:57:00,0.2312,0.2312,0.2312,0.2312,3783.0
2025-01-13 09:58:00,0.2312,0.2313,0.231,0.2312,18791.0
2025-01-13 09:59:00,0.2313,0.2313,0.2313,0.2313,216.0
2025-01-13 10:00:00,0.2314,0.2315,0.2309,0.2309,10622.0
2025-01-13 10:01:00,0.2307,0.2307,0.2305,0.2305,7258.0
2025-01-13 10:02:00,0.2303,0.2303,0.2302,0.2303,4293.0
2025-01-13 10:03:00,0.2305,0.2305,0.2302,0.2302,1116.0
2025-01-13 10:04:00,0.2301,0.2304,0.23,0.2301,37000.0
2025-01-13 10:05:00,0.2307,0.2309,0.2305,0.2305,32932.0
2025-01-13 10:06:00,0.2305,0.2311,0.2305,0.2308,1795.0
2025-01-13 10:07:00,0.2309,0.2309,0.2307,0.2307,21377.0
2025-01-13 10:08:00,0.2307,0.2307,0.2306,0.2306,1734.0
2025-01-13 10:09:00,0.2303,0.2309,0.2303,0.2309,3007.0
2025-01-13 10:10:00,0.231,0.2315,0.231,0.2313,30345.0
2025-01-13 10:11:00,0.2312,0.2315,0.231,0.2315,7946.0
2025-01-13 10:12:00,0.2316,0.2316,0.231,0.2311,60802.0
2025-01-13 10:13:00,0.2311,0.2311,0.2311,0.2311,52.0
2025-01-13 10:14:00,0.2311,0.2311,0.2311,0.2311,0.0
2025-01-13 10:15:00,0.2303,0.2306,0.2303,0.2306,52855.0
2025-01-13 10:16:00,0.2305,0.2312,0.2305,0.231,42802.0
2025-01-13 10:17:00,0.231,0.231,0.2307,0.2307,27805.0
2025-01-13 10:18:00,0.2305,0.2309,0.2305,0.2309,11636.0
2025-01-13 10:19:00,0.2307,0.2313,0.2307,0.2311,19827.0
2025-01-13 10:20:00,0.2311,0.2311,0.2306,0.2307,21973.0
2025-01-13 10:21:00,0.2307,0.2308,0.2306,0.2308,7446.0
2025-01-13 10:22:00,0.2305,0.2306,0.2303,0.2304,17586.0
2025-01-13 10:23:00,0.2305,0.2305,0.2303,0.2303,6956.0
2025-01-13 10:24:00,0.2303,0.2303,0.2295,0.2295,16253.0
2025-01-13 10:25:00,0.2297,0.23,0.2294,0.2294,22713.0
2025-01-13 10:26:00,0.2296,0.2297,0.2289,0.2292,28284.0
2025-01-13 10:27:00,0.2293,0.2293,0.2288,0.2289,73434.0
2025-01-13 10:28:00,0.2289,0.2291,0.2287,0.2287,50372.0
2025-01-13 10:29:00,0.2286,0.2289,0.2285,0.2286,55549.0
2025-01-13 10:30:00,0.2286,0.2287,0.2272,0.2274,131543.0
2025-01-13 10:31:00,0.2275,0.2278,0.2269,0.2275,166818.0
2025-01-13 10:32:00,0.2274,0.2274,0.2268,0.2268,106853.0
2025-01-13 10:33:00,0.2269,0.2274,0.2269,0.2271,39182.0
2025-01-13 10:34:00,0.2271,0.2278,0.2271,0.2278,28086.0
2025-01-13 10:35:00,0.2278,0.2282,0.2276,0.2279,34015.0
2025-01-13 10:36:00,0.2279,0.2287,0.2279,0.2281,3305.0
2025-01-13 10:37:00,0.2283,0.2285,0.2283,0.2283,4774.0
2025-01-13 10:38:00,0.2281,0.2281,0.2278,0.2278,21618.0
2025-01-13 10:39:00,0.2277,0.228,0.2277,0.228,15749.0
2025-01-13 10:40:00,0.2278,0.2281,0.2278,0.2279,9633.0
2025-01-13 10:41:00,0.2282,0.2282,0.2278,0.2278,17708.0
2025-01-13 10:42:00,0.2278,0.228,0.2276,0.2278,22822.0
2025-01-13 10:43:00,0.2278,0.2278,0.2276,0.2278,24507.0
2025-01-13 10:44:00,0.2276,0.2276,0.2275,0.2276,460.0
2025-01-13 10:45:00,0.2273,0.2276,0.2273,0.2276,4143.0
2025-01-13 10:46:00,0.2276,0.228,0.2276,0.2279,56623.0
2025-01-13 10:47:00,0.2277,0.2279,0.2274,0.2274,6106.0
2025-01-13 10:48:00,0.2273,0.2273,0.2271,0.2272,2310.0
2025-01-13 10:49:00,0.227,0.227,0.2268,0.2268,3892.0
2025-01-13 10:50:00,0.2271,0.2271,0.2268,0.2268,279.0
2025-01-13 10:51:00,0.2267,0.2269,0.2267,0.2268,4643.0
2025-01-13 10:52:00,0.2266,0.2266,0.2265,0.2265,7443.0
2025-01-13 10:53:00,0.2265,0.2267,0.2264,0.2267,18406.0
2025-01-13 10:54:00,0.2265,0.2266,0.2263,0.2266,17016.0
2025-01-13 10:55:00,0.2265,0.2266,0.2265,0.2265,1029.0
2025-01-13 10:56:00,0.2267,0.2278,0.2267,0.2275,35591.0
2025-01-13 10:57:00,0.2275,0.2281,0.2274,0.228,5369.0
2025-01-13 10:58:00,0.2282,0.2282,0.2282,0.2282,740.0
2025-01-13 10:59:00,0.2277,0.2278,0.2276,0.2276,2303.0
2025-01-13 11:00:00,0.2276,0.2278,0.2273,0.2273,28258.0
2025-01-13 11:01:00,0.2274,0.2274,0.2273,0.2273,2268.0
2025-01-13 11:02:00,0.2274,0.2275,0.2273,0.2275,3168.0
2025-01-13 11:03:00,0.2276,0.2279,0.2275,0.2279,3955.0
2025-01-13 11:04:00,0.2277,0.2279,0.2275,0.2277,9629.0
2025-01-13 11:05:00,0.2277,0.2282,0.2277,0.2278,43827.0
2025-01-13 11:06:00,0.2279,0.2279,0.2273,0.2273,8015.0
2025-01-13 11:07:00,0.2272,0.2274,0.2272,0.2273,5339.0
2025-01-13 11:08:00,0.2271,0.2271,0.2267,0.2267,8134.0
2025-01-13 11:09:00,0.2267,0.2267,0.2265,0.2265,18506.0
2025-01-13 11:10:00,0.2264,0.2266,0.2264,0.2264,8301.0
2025-01-13 11:11:00,0.2264,0.2265,0.2264,0.2265,3618.0
2025-01-13 11:12:00,0.2267,0.227,0.2267,0.227,2024.0
2025-01-13 11:13:00,0.2266,0.2266,0.2266,0.2266,3893.0
2025-01-13 11:14:00,0.2265,0.2265,0.2264,0.2264,7790.0
2025-01-13 11:15:00,0.2266,0.2266,0.2263,0.2263,591.0
2025-01-13 11:16:00,0.2265,0.2267,0.2265,0.2267,198.0
2025-01-13 11:17:00,0.2269,0.2269,0.2263,0.2263,32793.0
2025-01-13 11:18:00,0.2269,0.2269,0.2269,0.2269,86.0
2025-01-13 11:19:00,0.2271,0.2271,0.2268,0.2269,18754.0
2025-01-13 11:20:00,0.227,0.2272,0.2268,0.2268,6253.0
2025-01-13 11:21:00,0.227,0.2274,0.227,0.2274,377.0
2025-01-13 11:22:00,0.2273,0.2297,0.2273,0.2281,348644.0
2025-01-13 11:23:00,0.2281,0.2284,0.228,0.2283,29547.0
2025-01-13 11:24:00,0.2282,0.2282,0.2281,0.2282,9271.0
2025-01-13 11:25:00,0.228,0.228,0.2279,0.228,4142.0
2025-01-13 11:26:00,0.2276,0.2276,0.2272,0.2272,2863.0
2025-01-13 11:27:00,0.2272,0.2272,0.2268,0.2268,12078.0
2025-01-13 11:28:00,0.2266,0.2267,0.2266,0.2266,5142.0
2025-01-13 11:29:00,0.2265,0.2268,0.2265,0.2266,11105.0
2025-01-13 11:30:00,0.2268,0.2275,0.2268,0.2271,35108.0
2025-01-13 11:31:00,0.2272,0.2272,0.227,0.227,1064.0
2025-01-13 11:32:00,0.227,0.227,0.2262,0.2266,28852.0
2025-01-13 11:33:00,0.2265,0.2267,0.2259,0.2264,51924.0
2025-01-13 11:34:00,0.2265,0.2268,0.2264,0.2266,31976.0
2025-01-13 11:35:00,0.2261,0.2272,0.2261,0.2272,19454.0
2025-01-13 11:36:00,0.2269,0.2269,0.226,0.2263,39960.0
2025-01-13 11:37:00,0.2264,0.2264,0.2258,0.2258,14907.0
2025-01-13 11:38:00,0.2257,0.226,0.2255,0.2256,10258.0
2025-01-13 11:39:00,0.2255,0.226,0.2254,0.2254,16502.0
2025-01-13 11:40:00,0.2254,0.2254,0.2247,0.2249,32463.0
2025-01-13 11:41:00,0.2251,0.2251,0.2246,0.2247,17985.0
2025-01-13 11:42:00,0.2247,0.2247,0.2243,0.2243,35984.0
2025-01-13 11:43:00,0.2244,0.2248,0.2244,0.2245,61215.0
2025-01-13 11:44:00,0.2243,0.2249,0.2243,0.2249,4792.0
2025-01-13 11:45:00,0.2249,0.2256,0.2247,0.2254,14617.0
2025-01-13 11:46:00,0.2253,0.2262,0.2253,0.2257,46619.0
2025-01-13 11:47:00,0.2256,0.2262,0.2256,0.2259,42977.0
2025-01-13 11:48:00,0.2257,0.2257,0.2254,0.2255,11216.0
2025-01-13 11:49:00,0.2255,0.2257,0.2253,0.2257,13757.0
2025-01-13 11:50:00,0.2254,0.2259,0.2253,0.2259,3490.0
2025-01-13 11:51:00,0.2254,0.2257,0.2254,0.2257,15909.0
2025-01-13 11:52:00,0.2257,0.2257,0.2257,0.2257,0.0
2025-01-13 11:53:00,0.2253,0.2254,0.2251,0.2251,1848.0
2025-01-13 11:54:00,0.2248,0.225,0.2248,0.2249,44307.0
2025-01-13 11:55:00,0.2244,0.2246,0.2242,0.2243,15513.0
2025-01-13 11:56:00,0.2244,0.2246,0.2244,0.2246,9863.0
2025-01-13 11:57:00,0.2246,0.2249,0.2241,0.2242,7956.0
2025-01-13 11:58:00,0.224,0.224,0.2235,0.2238,21868.0
2025-01-13 11:59:00,0.2236,0.2237,0.2234,0.2234,7117.0
2025-01-13 12:00:00,0.2238,0.2243,0.2238,0.2238,11106.0
2025-01-13 12:01:00,0.2238,0.224,0.2237,0.2239,12289.0
2025-01-13 12:02:00,0.2242,0.2242,0.2237,0.224,2320.0
2025-01-13 12:03:00,0.2238,0.2239,0.2233,0.2233,10135.0
2025-01-13 12:04:00,0.2233,0.2237,0.2229,0.2229,22718.0
2025-01-13 12:05:00,0.2229,0.2234,0.2229,0.2231,17863.0
2025-01-13 12:06:00,0.2235,0.2245,0.2235,0.2245,46965.0
2025-01-13 12:07:00,0.2248,0.2255,0.2247,0.2252,24899.0
2025-01-13 12:08:00,0.2255,0.2257,0.2252,0.2252,13831.0
2025-01-13 12:09:00,0.2252,0.2256,0.2252,0.2256,6778.0
2025-01-13 12:10:00,0.226,0.2262,0.226,0.226,4959.0
2025-01-13 12:11:00,0.2262,0.2265,0.226,0.2264,35281.0
2025-01-13 12:12:00,0.2265,0.2265,0.2261,0.2261,18169.0
2025-01-13 12:13:00,0.2261,0.2263,0.226,0.2261,10195.0
2025-01-13 12:14:00,0.2262,0.2266,0.2253,0.2253,51195.0
2025-01-13 12:15:00,0.2253,0.2256,0.2251,0.2254,22584.0
2025-01-13 12:16:00,0.2255,0.2255,0.2248,0.2248,39895.0
2025-01-13 12:17:00,0.2249,0.2249,0.2245,0.2246,30543.0
2025-01-13 12:18:00,0.2248,0.225,0.2245,0.2247,4738.0
2025-01-13 12:19:00,0.2249,0.226,0.2249,0.226,100189.0
2025-01-13 12:20:00,0.2259,0.2267,0.2259,0.2267,6659.0
2025-01-13 12:21:00,0.2268,0.2271,0.2267,0.2271,4800.0
2025-01-13 12:22:00,0.2271,0.2272,0.227,0.227,229.0
2025-01-13 12:23:00,0.2269,0.2271,0.2269,0.227,3296.0
2025-01-13 12:24:00,0.2267,0.2267,0.226,0.226,6177.0
2025-01-13 12:25:00,0.2262,0.2262,0.2259,0.2259,9257.0
2025-01-13 12:26:00,0.2259,0.2261,0.2256,0.2259,23306.0
2025-01-13 12:27:00,0.2257,0.2257,0.2256,0.2256,2931.0
2025-01-13 12:28:00,0.2255,0.2263,0.2255,0.2262,4038.0
2025-01-13 12:29:00,0.2261,0.2261,0.226,0.226,9872.0
2025-01-13 12:30:00,0.2261,0.2261,0.226,0.226,480.0
2025-01-13 12:31:00,0.226,0.226,0.2257,0.2259,1876.0
2025-01-13 12:32:00,0.2258,0.2259,0.2255,0.2256,5967.0
2025-01-13 12:33:00,0.2254,0.2255,0.2252,0.2253,7290.0
2025-01-13 12:34:00,0.2254,0.2254,0.2252,0.2253,22157.0
2025-01-13 12:35:00,0.2251,0.2251,0.2251,0.2251,61.0
2025-01-13 12:36:00,0.2249,0.2252,0.2249,0.2252,1422.0
2025-01-13 12:37:00,0.2249,0.2249,0.2244,0.2244,7752.0
2025-01-13 12:38:00,0.2244,0.2248,0.2243,0.2247,28973.0
2025-01-13 12:39:00,0.2245,0.2245,0.2239,0.2239,13944.0
2025-01-13 12:40:00,0.2241,0.2244,0.224,0.2242,11525.0
2025-01-13 12:41:00,0.2242,0.2246,0.2242,0.2244,2771.0
2025-01-13 12:42:00,0.2243,0.225,0.2242,0.225,9059.0
2025-01-13 12:43:00,0.2252,0.2259,0.225,0.2259,6918.0
2025-01-13 12:44:00,0.2257,0.2259,0.2254,0.2259,6320.0
2025-01-13 12:45:00,0.2258,0.2259,0.2255,0.2255,2497.0
2025-01-13 12:46:00,0.2252,0.2254,0.2252,0.2254,7882.0
2025-01-13 12:47:00,0.2251,0.2251,0.2251,0.2251,112.0
2025-01-13 12:48:00,0.2252,0.2253,0.2252,0.2253,1138.0
2025-01-13 12:49:00,0.2255,0.2256,0.2251,0.2251,3721.0
2025-01-13 12:50:00,0.225,0.2257,0.225,0.2257,4216.0
2025-01-13 12:51:00,0.2254,0.2258,0.2254,0.2258,4305.0
2025-01-13 12:52:00,0.2257,0.2258,0.2254,0.2258,7559.0
2025-01-13 12:53:00,0.2258,0.226,0.2258,0.226,6748.0
2025-01-13 12:54:00,0.2262,0.2264,0.2262,0.2262,12163.0
2025-01-13 12:55:00,0.2262,0.2263,0.2254,0.2256,84282.0
2025-01-13 12:56:00,0.2256,0.2258,0.2256,0.2258,3928.0
2025-01-13 12:57:00,0.226,0.2263,0.226,0.2263,1465.0
2025-01-13 12:58:00,0.2262,0.2262,0.2258,0.2258,316.0
2025-01-13 12:59:00,0.2257,0.226,0.2257,0.2258,25438.0
2025-01-13 13:00:00,0.2257,0.2257,0.2255,0.2255,1511.0
2025-01-13 13:01:00,0.225,0.2251,0.2245,0.2245,2082.0
2025-01-13 13:02:00,0.2244,0.2248,0.2244,0.2248,1534.0
2025-01-13 13:03:00,0.2246,0.2254,0.2246,0.2254,6515.0
2025-01-13 13:04:00,0.2251,0.2255,0.2251,0.2255,6830.0
2025-01-13 13:05:00,0.2265,0.2265,0.2265,0.2265,386.0
2025-01-13 13:06:00,0.2264,0.2267,0.2264,0.2267,809.0
2025-01-13 13:07:00,0.2268,0.2273,0.2268,0.2273,3598.0
2025-01-13 13:08:00,0.2272,0.2278,0.2272,0.2278,17594.0
2025-01-13 13:09:00,0.2279,0.2284,0.2279,0.2284,11686.0
2025-01-13 13:10:00,0.2284,0.2284,0.2279,0.228,21698.0
2025-01-13 13:11:00,0.2277,0.228,0.2277,0.228,9239.0
2025-01-13 13:12:00,0.228,0.228,0.2278,0.2278,5234.0
2025-01-13 13:13:00,0.2276,0.2276,0.2276,0.2276,30.0
2025-01-13 13:14:00,0.2279,0.228,0.2276,0.228,1492.0
2025-01-13 13:15:00,0.228,0.2286,0.228,0.2286,11705.0
2025-01-13 13:16:00,0.2286,0.2289,0.2281,0.2282,11116.0
2025-01-13 13:17:00,0.2284,0.2291,0.2284,0.2291,5862.0
2025-01-13 13:18:00,0.2294,0.2301,0.2294,0.2301,5772.0
2025-01-13 13:19:00,0.23,0.2305,0.2299,0.2304,52027.0
2025-01-13 13:20:00,0.2303,0.2303,0.23,0.2302,12338.0
2025-01-13 13:21:00,0.2301,0.2301,0.2293,0.2296,8192.0
2025-01-13 13:22:00,0.2291,0.2296,0.2291,0.2296,2259.0
2025-01-13 13:23:00,0.2297,0.2297,0.2297,0.2297,4746.0
2025-01-13 13:24:00,0.2296,0.2296,0.2294,0.2295,20331.0
2025-01-13 13:25:00,0.2295,0.2295,0.2292,0.2293,2616.0
2025-01-13 13:26:00,0.229,0.2294,0.229,0.2294,1790.0
2025-01-13 13:27:00,0.2292,0.2292,0.2287,0.2287,9121.0
2025-01-13 13:28:00,0.2286,0.2289,0.2286,0.2288,4935.0
2025-01-13 13:29:00,0.2285,0.2285,0.2282,0.2282,23037.0
2025-01-13 13:30:00,0.2281,0.2281,0.2273,0.2273,10285.0
2025-01-13 13:31:00,0.2276,0.2279,0.2276,0.2279,5856.0
2025-01-13 13:32:00,0.228,0.2287,0.228,0.2287,18179.0
2025-01-13 13:33:00,0.2285,0.2286,0.2285,0.2285,2920.0
2025-01-13 13:34:00,0.2284,0.2285,0.2282,0.2285,7741.0
2025-01-13 13:35:00,0.2285,0.2285,0.2285,0.2285,0.0
2025-01-13 13:36:00,0.2283,0.2283,0.2283,0.2283,5262.0
2025-01-13 13:37:00,0.2282,0.2282,0.2279,0.2279,2442.0
2025-01-13 13:38:00,0.228,0.228,0.2274,0.2275,10377.0
2025-01-13 13:39:00,0.2277,0.2277,0.2275,0.2275,769.0
2025-01-13 13:40:00,0.2272,0.2272,0.227,0.227,1652.0
2025-01-13 13:41:00,0.2271,0.2274,0.2271,0.2274,3981.0
2025-01-13 13:42:00,0.227,0.2271,0.227,0.2271,6052.0
2025-01-13 13:43:00,0.2271,0.2273,0.2268,0.2268,10385.0
2025-01-13 13:44:00,0.2269,0.2271,0.2269,0.2269,10452.0
2025-01-13 13:45:00,0.2267,0.2267,0.2263,0.2267,21075.0
2025-01-13 13:46:00,0.2269,0.2269,0.2264,0.2264,6381.0
2025-01-13 13:47:00,0.2262,0.2262,0.226,0.226,142.0
2025-01-13 13:48:00,0.226,0.2262,0.226,0.2262,467.0
2025-01-13 13:49:00,0.226,0.226,0.2259,0.2259,3550.0
2025-01-13 13:50:00,0.2262,0.2268,0.2262,0.2268,5805.0
2025-01-13 13:51:00,0.2266,0.2267,0.2264,0.2264,6561.0
2025-01-13 13:52:00,0.2265,0.2265,0.2265,0.2265,5008.0
2025-01-13 13:53:00,0.2264,0.2266,0.2264,0.2266,435.0
2025-01-13 13:54:00,0.2268,0.2268,0.2268,0.2268,2790.0
2025-01-13 13:55:00,0.2268,0.2268,0.2268,0.2268,0.0
2025-01-13 13:56:00,0.2268,0.2268,0.2268,0.2268,0.0
2025-01-13 13:57:00,0.2267,0.2269,0.2267,0.2268,14541.0
2025-01-13 13:58:00,0.2269,0.2269,0.2267,0.2268,4580.0
2025-01-13 13:59:00,0.2268,0.2268,0.2267,0.2267,150.0
2025-01-13 14:00:00,0.2265,0.2265,0.2263,0.2263,2284.0
2025-01-13 14:01:00,0.2261,0.2261,0.226,0.226,5171.0
2025-01-13 14:02:00,0.2262,0.2262,0.2258,0.2258,7360.0
2025-01-13 14:03:00,0.2257,0.2257,0.2249,0.225,75804.0
2025-01-13 14:04:00,0.2251,0.2259,0.2251,0.2259,61987.0
2025-01-13 14:05:00,0.2264,0.2264,0.2253,0.2253,5669.0
2025-01-13 14:06:00,0.2258,0.226,0.2254,0.226,14487.0
2025-01-13 14:07:00,0.2258,0.2258,0.2253,0.2255,17245.0
2025-01-13 14:08:00,0.2255,0.226,0.2255,0.226,2036.0
2025-01-13 14:09:00,0.226,0.2261,0.2257,0.2261,2175.0
2025-01-13 14:10:00,0.2258,0.2258,0.2252,0.2252,6416.0
2025-01-13 14:11:00,0.2251,0.2251,0.2249,0.2249,2814.0
2025-01-13 14:12:00,0.2249,0.2249,0.2246,0.2247,3775.0
2025-01-13 14:13:00,0.2255,0.2255,0.2253,0.2253,15183.0
2025-01-13 14:14:00,0.2253,0.2255,0.2253,0.2253,13003.0
2025-01-13 14:15:00,0.2255,0.2257,0.2254,0.2256,2790.0
2025-01-13 14:16:00,0.2255,0.2255,0.2252,0.2252,18326.0
2025-01-13 14:17:00,0.2255,0.2255,0.2255,0.2255,3588.0
2025-01-13 14:18:00,0.2256,0.2256,0.2253,0.2253,723.0
2025-01-13 14:19:00,0.2255,0.2255,0.2255,0.2255,1129.0
2025-01-13 14:20:00,0.2255,0.2258,0.2254,0.2258,4246.0
2025-01-13 14:21:00,0.2257,0.2257,0.225,0.225,3446.0
2025-01-13 14:22:00,0.225,0.2252,0.225,0.2252,903.0
2025-01-13 14:23:00,0.2249,0.2249,0.2249,0.2249,69.0
2025-01-13 14:24:00,0.2255,0.2255,0.2249,0.2249,2117.0
2025-01-13 14:25:00,0.2249,0.2249,0.2246,0.2246,11777.0
2025-01-13 14:26:00,0.2245,0.2246,0.2244,0.2245,11405.0
2025-01-13 14:27:00,0.2241,0.2247,0.2241,0.2245,6407.0
2025-01-13 14:28:00,0.2244,0.2245,0.2244,0.2245,1547.0
2025-01-13 14:29:00,0.2251,0.2254,0.2251,0.2254,2041.0
2025-01-13 14:30:00,0.225,0.2254,0.225,0.2254,4295.0
2025-01-13 14:31:00,0.2252,0.2254,0.2243,0.2243,6240.0
2025-01-13 14:32:00,0.2245,0.225,0.2244,0.2244,4555.0
2025-01-13 14:33:00,0.2242,0.2242,0.2224,0.2225,78206.0
2025-01-13 14:34:00,0.2224,0.2231,0.2208,0.2218,252873.0
2025-01-13 14:35:00,0.2218,0.2228,0.2201,0.2204,217601.0
2025-01-13 14:36:00,0.2203,0.2236,0.2203,0.2231,178566.0
2025-01-13 14:37:00,0.2232,0.2243,0.2227,0.2235,190991.0
2025-01-13 14:38:00,0.2237,0.2252,0.2237,0.2252,102861.0
2025-01-13 14:39:00,0.2253,0.226,0.2249,0.225,96573.0
2025-01-13 14:40:00,0.2251,0.2267,0.225,0.2261,112315.0
2025-01-13 14:41:00,0.2263,0.2275,0.2262,0.2262,460937.0
2025-01-13 14:42:00,0.2261,0.2267,0.226,0.2267,112843.0
2025-01-13 14:43:00,0.2268,0.2277,0.2263,0.2277,44510.0
2025-01-13 14:44:00,0.2276,0.2282,0.2272,0.2272,60098.0
2025-01-13 14:45:00,0.2272,0.2276,0.227,0.2273,42298.0
2025-01-13 14:46:00,0.2268,0.227,0.2261,0.2264,22625.0
2025-01-13 14:47:00,0.2268,0.2269,0.2262,0.2266,14949.0
2025-01-13 14:48:00,0.2268,0.2279,0.2268,0.2278,55788.0
2025-01-13 14:49:00,0.2278,0.2278,0.2273,0.2276,14107.0
2025-01-13 14:50:00,0.2278,0.2283,0.2277,0.228,32848.0
2025-01-13 14:51:00,0.2282,0.2293,0.2279,0.2292,40644.0
2025-01-13 14:52:00,0.2292,0.23,0.229,0.23,118108.0
2025-01-13 14:53:00,0.2301,0.2301,0.2294,0.2294,9916.0
2025-01-13 14:54:00,0.2295,0.23,0.2295,0.23,10374.0
2025-01-13 14:55:00,0.23,0.23,0.2295,0.2298,17844.0
2025-01-13 14:56:00,0.2299,0.2305,0.2299,0.23,32234.0
2025-01-13 14:57:00,0.2297,0.2297,0.2293,0.2293,5754.0
2025-01-13 14:58:00,0.2292,0.2292,0.2284,0.2286,20372.0
2025-01-13 14:59:00,0.2284,0.2284,0.2279,0.2283,32359.0
2025-01-13 15:00:00,0.2284,0.2285,0.2277,0.2282,15133.0
2025-01-13 15:01:00,0.228,0.2282,0.2275,0.2281,22514.0
2025-01-13 15:02:00,0.2283,0.2296,0.2283,0.2296,19499.0
2025-01-13 15:03:00,0.2295,0.2297,0.2293,0.2293,25019.0
2025-01-13 15:04:00,0.2293,0.2298,0.2293,0.2295,3882.0
2025-01-13 15:05:00,0.2292,0.2298,0.2292,0.2298,25496.0
2025-01-13 15:06:00,0.2302,0.2312,0.2302,0.2312,11454.0
2025-01-13 15:07:00,0.2311,0.2312,0.2308,0.2309,6010.0
2025-01-13 15:08:00,0.2309,0.2317,0.2309,0.2317,6255.0
2025-01-13 15:09:00,0.2316,0.2316,0.2312,0.2312,2083.0
2025-01-13 15:10:00,0.2313,0.2313,0.2308,0.2308,4361.0
2025-01-13 15:11:00,0.2307,0.231,0.2305,0.2305,9532.0
2025-01-13 15:12:00,0.2305,0.2313,0.2305,0.2313,7286.0
2025-01-13 15:13:00,0.2314,0.2318,0.231,0.2318,15243.0
2025-01-13 15:14:00,0.2317,0.2318,0.2316,0.2317,4887.0
2025-01-13 15:15:00,0.2315,0.2315,0.2311,0.2311,5845.0
2025-01-13 15:16:00,0.231,0.2314,0.231,0.2314,18159.0
2025-01-13 15:17:00,0.2313,0.2323,0.2313,0.2323,4057.0
2025-01-13 15:18:00,0.2322,0.2328,0.2321,0.2328,9503.0
2025-01-13 15:19:00,0.2327,0.2332,0.2327,0.2329,16719.0
2025-01-13 15:20:00,0.2325,0.2327,0.2323,0.2327,2839.0
2025-01-13 15:21:00,0.2328,0.2333,0.2328,0.2333,10224.0
2025-01-13 15:22:00,0.2334,0.2334,0.2327,0.2327,23019.0
2025-01-13 15:23:00,0.2327,0.2329,0.2322,0.2329,142954.0
2025-01-13 15:24:00,0.2328,0.2328,0.232,0.232,7535.0
2025-01-13 15:25:00,0.232,0.232,0.2312,0.2315,25814.0
2025-01-13 15:26:00,0.2314,0.2315,0.2307,0.2307,7459.0
2025-01-13 15:27:00,0.2317,0.2318,0.2309,0.2309,15903.0
2025-01-13 15:28:00,0.2309,0.2309,0.2302,0.2302,14383.0
2025-01-13 15:29:00,0.2302,0.2302,0.2301,0.2302,7776.0
2025-01-13 15:30:00,0.2306,0.2306,0.2296,0.2301,15866.0
2025-01-13 15:31:00,0.2304,0.2309,0.2304,0.2305,19870.0
2025-01-13 15:32:00,0.2308,0.2311,0.2308,0.2311,2945.0
2025-01-13 15:33:00,0.2311,0.2315,0.231,0.2314,69647.0
2025-01-13 15:34:00,0.2314,0.2314,0.2305,0.2308,10855.0
2025-01-13 15:35:00,0.2305,0.2314,0.2305,0.2314,9511.0
2025-01-13 15:36:00,0.2315,0.2318,0.231,0.231,19148.0
2025-01-13 15:37:00,0.2311,0.2317,0.2311,0.2317,9858.0
2025-01-13 15:38:00,0.2318,0.2319,0.2312,0.2315,26965.0
2025-01-13 15:39:00,0.2319,0.2324,0.2319,0.2324,5014.0
2025-01-13 15:40:00,0.2326,0.2328,0.2323,0.2326,11224.0
2025-01-13 15:41:00,0.2329,0.2337,0.2328,0.2333,13030.0
2025-01-13 15:42:00,0.2333,0.2335,0.2333,0.2335,3599.0
2025-01-13 15:43:00,0.2335,0.2335,0.233,0.233,4229.0
2025-01-13 15:44:00,0.2334,0.2336,0.2334,0.2334,26856.0
2025-01-13 15:45:00,0.2334,0.2334,0.2328,0.2328,20353.0
2025-01-13 15:46:00,0.2328,0.2328,0.2324,0.2326,5383.0
2025-01-13 15:47:00,0.2326,0.2326,0.2319,0.232,12847.0
2025-01-13 15:48:00,0.2321,0.2323,0.2318,0.2323,31052.0
2025-01-13 15:49:00,0.2324,0.2325,0.2318,0.2318,54956.0
2025-01-13 15:50:00,0.2325,0.2328,0.2324,0.2328,3898.0
2025-01-13 15:51:00,0.2324,0.2324,0.2324,0.2324,1076.0
2025-01-13 15:52:00,0.2319,0.2321,0.2317,0.2317,23610.0
2025-01-13 15:53:00,0.2321,0.2322,0.2321,0.2322,1357.0
2025-01-13 15:54:00,0.2319,0.2319,0.2315,0.2315,3845.0
2025-01-13 15:55:00,0.2315,0.2317,0.2315,0.2316,4118.0
2025-01-13 15:56:00,0.2317,0.2317,0.2315,0.2315,733.0
2025-01-13 15:57:00,0.2317,0.2321,0.2317,0.2321,44697.0
2025-01-13 15:58:00,0.232,0.2324,0.232,0.2322,9733.0
2025-01-13 15:59:00,0.2323,0.2323,0.2323,0.2323,64.0
2025-01-13 16:00:00,0.2319,0.2319,0.23,0.23,35615.0
2025-01-13 16:01:00,0.2307,0.2313,0.2307,0.2313,14555.0
2025-01-13 16:02:00,0.2314,0.2317,0.2312,0.2316,6026.0
2025-01-13 16:03:00,0.2317,0.232,0.2314,0.2314,8159.0
2025-01-13 16:04:00,0.2318,0.2318,0.2314,0.2314,6957.0
2025-01-13 16:05:00,0.2317,0.2325,0.2317,0.2323,5961.0
2025-01-13 16:06:00,0.2314,0.2315,0.2313,0.2314,10673.0
2025-01-13 16:07:00,0.2321,0.2321,0.2321,0.2321,2790.0
2025-01-13 16:08:00,0.2323,0.2325,0.2323,0.2325,2896.0
2025-01-13 16:09:00,0.2318,0.2318,0.2309,0.2309,16059.0
2025-01-13 16:10:00,0.2306,0.2311,0.2306,0.2308,11885.0
2025-01-13 16:11:00,0.2306,0.2307,0.2303,0.2304,4039.0
2025-01-13 16:12:00,0.2305,0.2305,0.23,0.23,1762.0
2025-01-13 16:13:00,0.23,0.2304,0.2299,0.23,27455.0
2025-01-13 16:14:00,0.2305,0.2313,0.2304,0.2311,340135.0
2025-01-13 16:15:00,0.2311,0.2314,0.2311,0.2311,5874.0
2025-01-13 16:16:00,0.2315,0.2319,0.2314,0.2316,110437.0
2025-01-13 16:17:00,0.2313,0.2313,0.2303,0.2303,17704.0
2025-01-13 16:18:00,0.2309,0.2309,0.2303,0.2303,3266.0
2025-01-13 16:19:00,0.2302,0.2304,0.2299,0.2299,5522.0
2025-01-13 16:20:00,0.2299,0.2306,0.2298,0.2306,18814.0
2025-01-13 16:21:00,0.2299,0.2299,0.2294,0.2297,6890.0
2025-01-13 16:22:00,0.2295,0.2295,0.2292,0.2292,9893.0
2025-01-13 16:23:00,0.2293,0.2294,0.2293,0.2294,4834.0
2025-01-13 16:24:00,0.2295,0.2298,0.2293,0.2293,2318.0
2025-01-13 16:25:00,0.2293,0.2293,0.2293,0.2293,0.0
2025-01-13 16:26:00,0.2303,0.2304,0.2297,0.2297,4217.0
2025-01-13 16:27:00,0.2295,0.2296,0.2295,0.2295,2128.0
2025-01-13 16:28:00,0.2292,0.2292,0.229,0.229,6445.0
2025-01-13 16:29:00,0.229,0.2292,0.229,0.229,1865.0
2025-01-13 16:30:00,0.2289,0.2297,0.2287,0.2297,53480.0
2025-01-13 16:31:00,0.2296,0.2299,0.2296,0.2299,1307.0
2025-01-13 16:32:00,0.2301,0.2301,0.2297,0.2297,7160.0
2025-01-13 16:33:00,0.2299,0.2299,0.2299,0.2299,6349.0
2025-01-13 16:34:00,0.2297,0.2299,0.2297,0.2299,3694.0
2025-01-13 16:35:00,0.2299,0.2301,0.2299,0.2301,2253.0
2025-01-13 16:36:00,0.2301,0.2301,0.2301,0.2301,0.0
2025-01-13 16:37:00,0.2295,0.2295,0.2292,0.2295,3810.0
2025-01-13 16:38:00,0.2293,0.2294,0.2293,0.2293,4636.0
2025-01-13 16:39:00,0.2292,0.2292,0.2291,0.2291,5347.0
2025-01-13 16:40:00,0.2291,0.2292,0.2291,0.2292,4230.0
2025-01-13 16:41:00,0.2294,0.2295,0.2294,0.2295,1108.0
2025-01-13 16:42:00,0.2295,0.2295,0.2291,0.2291,7161.0
2025-01-13 16:43:00,0.2289,0.2299,0.2289,0.2299,143736.0
2025-01-13 16:44:00,0.2298,0.2304,0.2297,0.2304,11423.0
2025-01-13 16:45:00,0.2303,0.2309,0.2303,0.2309,7719.0
2025-01-13 16:46:00,0.231,0.231,0.2304,0.2305,1339.0
2025-01-13 16:47:00,0.2306,0.2307,0.2305,0.2307,1311.0
2025-01-13 16:48:00,0.2302,0.2302,0.2298,0.2298,7367.0
2025-01-13 16:49:00,0.2298,0.2298,0.2296,0.2296,682.0
2025-01-13 16:50:00,0.2295,0.2295,0.2291,0.2291,10122.0
2025-01-13 16:51:00,0.2291,0.2291,0.2289,0.2289,257.0
2025-01-13 16:52:00,0.229,0.229,0.2289,0.2289,1517.0
2025-01-13 16:53:00,0.2288,0.2288,0.2285,0.2285,382.0
2025-01-13 16:54:00,0.2285,0.2285,0.2285,0.2285,0.0
2025-01-13 16:55:00,0.2285,0.2285,0.2283,0.2283,145.0
2025-01-13 16:56:00,0.2283,0.2283,0.2281,0.2281,674.0
2025-01-13 16:57:00,0.2279,0.2281,0.2279,0.228,3438.0
2025-01-13 16:58:00,0.2277,0.2277,0.2275,0.2275,3036.0
2025-01-13 16:59:00,0.2274,0.2274,0.2273,0.2273,2900.0
2025-01-13 17:00:00,0.2273,0.2273,0.2271,0.2273,10276.0
2025-01-13 17:01:00,0.2278,0.228,0.2277,0.2277,4792.0
2025-01-13 17:02:00,0.2274,0.228,0.2274,0.228,14776.0
2025-01-13 17:03:00,0.228,0.2281,0.2279,0.2279,306.0
2025-01-13 17:04:00,0.228,0.228,0.2278,0.2278,3086.0
2025-01-13 17:05:00,0.2277,0.2277,0.2274,0.2276,2167.0
2025-01-13 17:06:00,0.2278,0.2279,0.2274,0.2276,5778.0
2025-01-13 17:07:00,0.2271,0.2275,0.227,0.2272,7004.0
2025-01-13 17:08:00,0.2276,0.2282,0.2276,0.2279,6960.0
2025-01-13 17:09:00,0.2286,0.2286,0.2286,0.2286,160.0
2025-01-13 17:10:00,0.2288,0.2288,0.2287,0.2287,1206.0
2025-01-13 17:11:00,0.2288,0.2291,0.2288,0.2291,574.0
2025-01-13 17:12:00,0.2294,0.2295,0.2288,0.2288,3547.0
2025-01-13 17:13:00,0.2286,0.2286,0.2282,0.2283,25014.0
2025-01-13 17:14:00,0.2283,0.2287,0.2283,0.2286,7329.0
2025-01-13 17:15:00,0.2288,0.2289,0.2288,0.2289,1487.0
2025-01-13 17:16:00,0.2289,0.2295,0.2289,0.2295,10215.0
2025-01-13 17:17:00,0.2296,0.2299,0.2296,0.2299,2402.0
2025-01-13 17:18:00,0.23,0.23,0.2293,0.2293,2280.0
2025-01-13 17:19:00,0.2292,0.2295,0.2292,0.2295,4223.0
2025-01-13 17:20:00,0.2299,0.2299,0.2297,0.2297,547.0
2025-01-13 17:21:00,0.2293,0.2294,0.2293,0.2294,1188.0
2025-01-13 17:22:00,0.229,0.2292,0.229,0.2292,1178.0
2025-01-13 17:23:00,0.2293,0.2293,0.2292,0.2292,106.0
2025-01-13 17:24:00,0.2294,0.2294,0.2293,0.2294,22749.0
2025-01-13 17:25:00,0.229,0.2292,0.229,0.2292,4059.0
2025-01-13 17:26:00,0.2292,0.2295,0.2292,0.2295,735.0
2025-01-13 17:27:00,0.2302,0.2303,0.2301,0.2301,5791.0
2025-01-13 17:28:00,0.23,0.2303,0.2299,0.2303,391.0
2025-01-13 17:29:00,0.2306,0.2306,0.2305,0.2305,152.0
2025-01-13 17:30:00,0.2301,0.2301,0.2292,0.2293,7567.0
2025-01-13 17:31:00,0.2292,0.2297,0.2292,0.2295,34265.0
2025-01-13 17:32:00,0.2295,0.2295,0.2294,0.2295,17123.0
2025-01-13 17:33:00,0.2297,0.2304,0.2297,0.2304,3350.0
2025-01-13 17:34:00,0.2305,0.2305,0.2302,0.2304,7188.0
2025-01-13 17:35:00,0.2306,0.2307,0.2303,0.2303,3064.0
2025-01-13 17:36:00,0.2302,0.2302,0.2302,0.2302,52.0
2025-01-13 17:37:00,0.2303,0.2303,0.2294,0.2294,3890.0
2025-01-13 17:38:00,0.2295,0.2295,0.2295,0.2295,267.0
2025-01-13 17:39:00,0.2292,0.2292,0.2286,0.2288,12800.0
2025-01-13 17:40:00,0.2285,0.2285,0.2283,0.2283,2841.0
2025-01-13 17:41:00,0.2283,0.2285,0.2279,0.2282,6419.0
2025-01-13 17:42:00,0.2283,0.2286,0.2283,0.2286,4117.0
2025-01-13 17:43:00,0.2283,0.2283,0.2279,0.2279,2445.0
2025-01-13 17:44:00,0.228,0.228,0.2274,0.2275,87184.0
2025-01-13 17:45:00,0.2276,0.2281,0.2276,0.2281,8725.0
2025-01-13 17:46:00,0.2284,0.2285,0.2284,0.2285,746.0
2025-01-13 17:47:00,0.2286,0.2286,0.2282,0.2282,7147.0
2025-01-13 17:48:00,0.2281,0.2281,0.2279,0.2279,1831.0
2025-01-13 17:49:00,0.2276,0.2277,0.2271,0.2271,12930.0
2025-01-13 17:50:00,0.2269,0.2272,0.2267,0.2271,20622.0
2025-01-13 17:51:00,0.2273,0.2274,0.2266,0.2266,10561.0
2025-01-13 17:52:00,0.2267,0.2269,0.2267,0.2267,12681.0
2025-01-13 17:53:00,0.2267,0.2267,0.2266,0.2266,644.0
2025-01-13 17:54:00,0.2266,0.2268,0.2266,0.2268,3929.0
2025-01-13 17:55:00,0.2269,0.227,0.2268,0.227,6645.0
2025-01-13 17:56:00,0.2267,0.2267,0.2267,0.2267,332.0
2025-01-13 17:57:00,0.2267,0.2267,0.2267,0.2267,0.0
2025-01-13 17:58:00,0.227,0.2271,0.2268,0.2271,2429.0
2025-01-13 17:59:00,0.2271,0.2272,0.2269,0.2272,3963.0
2025-01-13 18:00:00,0.2273,0.2277,0.2273,0.2276,1717.0
2025-01-13 18:01:00,0.2279,0.2284,0.2279,0.2284,4340.0
2025-01-13 18:02:00,0.2284,0.2286,0.228,0.2286,11435.0
2025-01-13 18:03:00,0.2288,0.2291,0.2286,0.2291,15474.0
2025-01-13 18:04:00,0.2291,0.2291,0.229,0.229,2202.0
2025-01-13 18:05:00,0.2292,0.2292,0.2288,0.2289,5950.0
2025-01-13 18:06:00,0.2291,0.2291,0.2291,0.2291,625.0
2025-01-13 18:07:00,0.2291,0.2291,0.2285,0.2287,10904.0
2025-01-13 18:08:00,0.2287,0.229,0.2287,0.2289,5628.0
2025-01-13 18:09:00,0.2285,0.2285,0.2282,0.2282,122.0
2025-01-13 18:10:00,0.2282,0.2282,0.2282,0.2282,1773.0
2025-01-13 18:11:00,0.2279,0.2279,0.2275,0.2275,3746.0
2025-01-13 18:12:00,0.2272,0.2273,0.2272,0.2273,153.0
2025-01-13 18:13:00,0.2272,0.2272,0.227,0.227,20879.0
2025-01-13 18:14:00,0.2271,0.2271,0.2271,0.2271,3435.0
2025-01-13 18:15:00,0.227,0.227,0.2265,0.2266,20803.0
2025-01-13 18:16:00,0.2268,0.227,0.2261,0.2261,45468.0
2025-01-13 18:17:00,0.2259,0.2263,0.2259,0.2263,7326.0
2025-01-13 18:18:00,0.2257,0.2257,0.2253,0.2253,4969.0
2025-01-13 18:19:00,0.2254,0.2257,0.2252,0.2253,10065.0
2025-01-13 18:20:00,0.2251,0.2251,0.2247,0.2247,10556.0
2025-01-13 18:21:00,0.2249,0.2251,0.2245,0.2247,15183.0
2025-01-13 18:22:00,0.2247,0.2247,0.2243,0.2245,18207.0
2025-01-13 18:23:00,0.2247,0.2254,0.2247,0.2254,4399.0
2025-01-13 18:24:00,0.225,0.225,0.2249,0.2249,834.0
2025-01-13 18:25:00,0.2247,0.2247,0.2247,0.2247,1395.0
2025-01-13 18:26:00,0.2252,0.2253,0.2249,0.2252,11230.0
2025-01-13 18:27:00,0.2255,0.2255,0.2247,0.2247,11399.0
2025-01-13 18:28:00,0.2248,0.2248,0.2245,0.2245,174.0
2025-01-13 18:29:00,0.2245,0.2247,0.2242,0.2243,14341.0
2025-01-13 18:30:00,0.2244,0.2258,0.2244,0.2258,49846.0
2025-01-13 18:31:00,0.2256,0.2258,0.2254,0.2258,7366.0
2025-01-13 18:32:00,0.2259,0.226,0.2258,0.226,2158.0
2025-01-13 18:33:00,0.2259,0.2262,0.2259,0.2262,7909.0
2025-01-13 18:34:00,0.2263,0.2263,0.2259,0.2259,4011.0
2025-01-13 18:35:00,0.2266,0.2266,0.2265,0.2265,4886.0
2025-01-13 18:36:00,0.2266,0.227,0.2266,0.227,10775.0
2025-01-13 18:37:00,0.2268,0.2272,0.2268,0.2269,6537.0
2025-01-13 18:38:00,0.2268,0.2268,0.2266,0.2266,1718.0
2025-01-13 18:39:00,0.2268,0.2268,0.2268,0.2268,45.0
2025-01-13 18:40:00,0.2269,0.227,0.2269,0.227,3383.0
2025-01-13 18:41:00,0.2269,0.2269,0.2262,0.2262,7250.0
2025-01-13 18:42:00,0.2262,0.2262,0.226,0.2261,10543.0
2025-01-13 18:43:00,0.2258,0.2258,0.2257,0.2258,3066.0
2025-01-13 18:44:00,0.2261,0.2262,0.2261,0.2262,52.0
2025-01-13 18:45:00,0.2257,0.2257,0.2253,0.2255,20643.0
2025-01-13 18:46:00,0.2263,0.2266,0.2263,0.2266,2777.0
2025-01-13 18:47:00,0.2268,0.2271,0.2268,0.2271,11006.0
2025-01-13 18:48:00,0.2269,0.2269,0.2267,0.2267,526.0
2025-01-13 18:49:00,0.2272,0.2278,0.2272,0.2278,3336.0
2025-01-13 18:50:00,0.2275,0.2277,0.2274,0.2276,2624.0
2025-01-13 18:51:00,0.2271,0.2272,0.2271,0.2272,9712.0
2025-01-13 18:52:00,0.2273,0.2273,0.227,0.2271,4109.0
2025-01-13 18:53:00,0.227,0.227,0.227,0.227,4405.0
2025-01-13 18:54:00,0.2266,0.2266,0.2264,0.2264,771.0
2025-01-13 18:55:00,0.227,0.2272,0.227,0.2272,1216.0
2025-01-13 18:56:00,0.2272,0.2272,0.2271,0.2272,7538.0
2025-01-13 18:57:00,0.2274,0.2274,0.2274,0.2274,31.0
2025-01-13 18:58:00,0.2274,0.2274,0.2274,0.2274,2790.0
2025-01-13 18:59:00,0.2273,0.2273,0.2273,0.2273,88.0
2025-01-13 19:00:00,0.2268,0.2268,0.2265,0.2265,9305.0
2025-01-13 19:01:00,0.2268,0.2273,0.2267,0.2273,16833.0
2025-01-13 19:02:00,0.2272,0.2274,0.2272,0.2272,7310.0
2025-01-13 19:03:00,0.2275,0.2278,0.2275,0.2278,6867.0
2025-01-13 19:04:00,0.2279,0.2281,0.2279,0.228,10691.0
2025-01-13 19:05:00,0.2282,0.2283,0.2282,0.2283,7668.0
2025-01-13 19:06:00,0.2285,0.2285,0.2285,0.2285,1138.0
2025-01-13 19:07:00,0.228,0.2283,0.228,0.2283,1488.0
2025-01-13 19:08:00,0.2284,0.2284,0.2283,0.2283,2830.0
2025-01-13 19:09:00,0.2284,0.2285,0.2282,0.2282,9415.0
2025-01-13 19:10:00,0.2282,0.2282,0.2281,0.2281,20000.0
2025-01-13 19:11:00,0.2282,0.2285,0.2282,0.2285,2445.0
2025-01-13 19:12:00,0.2282,0.2284,0.2281,0.2281,959.0
2025-01-13 19:13:00,0.2276,0.2276,0.2275,0.2275,79.0
2025-01-13 19:14:00,0.2276,0.2276,0.2275,0.2275,1669.0
2025-01-13 19:15:00,0.2273,0.2273,0.2266,0.2267,20881.0
2025-01-13 19:16:00,0.2271,0.2271,0.2271,0.2271,50.0
2025-01-13 19:17:00,0.2264,0.2264,0.226,0.226,1830.0
2025-01-13 19:18:00,0.226,0.2265,0.2259,0.2265,1467.0
2025-01-13 19:19:00,0.2265,0.2265,0.226,0.226,2631.0
2025-01-13 19:20:00,0.2258,0.2258,0.2255,0.2256,4999.0
2025-01-13 19:21:00,0.2257,0.2257,0.2254,0.2254,28859.0
2025-01-13 19:22:00,0.2255,0.2259,0.2255,0.2259,34922.0
2025-01-13 19:23:00,0.2258,0.2258,0.2258,0.2258,50.0
2025-01-13 19:24:00,0.2254,0.2256,0.2254,0.2256,16397.0
2025-01-13 19:25:00,0.2258,0.226,0.2258,0.226,172.0
2025-01-13 19:26:00,0.2264,0.2264,0.2263,0.2263,293.0
2025-01-13 19:27:00,0.2263,0.2263,0.2263,0.2263,1395.0
2025-01-13 19:28:00,0.2264,0.2264,0.2263,0.2264,740.0
2025-01-13 19:29:00,0.2264,0.2264,0.2264,0.2264,0.0
2025-01-13 19:30:00,0.2268,0.2273,0.2268,0.2273,3138.0
2025-01-13 19:31:00,0.2263,0.2263,0.2263,0.2263,2790.0
2025-01-13 19:32:00,0.2263,0.2264,0.2263,0.2264,212.0
2025-01-13 19:33:00,0.2268,0.2268,0.2264,0.2264,2595.0
2025-01-13 19:34:00,0.2265,0.2267,0.2263,0.2266,4711.0
2025-01-13 19:35:00,0.2266,0.2266,0.2263,0.2263,1339.0
2025-01-13 19:36:00,0.227,0.227,0.227,0.227,1101.0
2025-01-13 19:37:00,0.2271,0.2271,0.2271,0.2271,839.0
2025-01-13 19:38:00,0.2271,0.2276,0.2271,0.2276,1375.0
2025-01-13 19:39:00,0.2276,0.2279,0.2276,0.2279,1106.0
2025-01-13 19:40:00,0.2281,0.2286,0.2281,0.2286,328.0
2025-01-13 19:41:00,0.2286,0.229,0.2285,0.2288,1455.0
2025-01-13 19:42:00,0.2288,0.2288,0.2288,0.2288,16678.0
2025-01-13 19:43:00,0.2289,0.229,0.2287,0.2287,1641.0
2025-01-13 19:44:00,0.2286,0.2289,0.2286,0.2288,18790.0
2025-01-13 19:45:00,0.2287,0.2295,0.2287,0.2293,21718.0
2025-01-13 19:46:00,0.2291,0.2297,0.2291,0.2292,4426.0
2025-01-13 19:47:00,0.2289,0.2296,0.2289,0.2294,2793.0
2025-01-13 19:48:00,0.2299,0.2299,0.2292,0.2292,3551.0
2025-01-13 19:49:00,0.2292,0.2293,0.2285,0.2285,5967.0
2025-01-13 19:50:00,0.2285,0.2286,0.2284,0.2286,446.0
2025-01-13 19:51:00,0.2281,0.2281,0.2279,0.2279,608.0
2025-01-13 19:52:00,0.2276,0.2276,0.2274,0.2274,4550.0
2025-01-13 19:53:00,0.2276,0.2276,0.2272,0.2273,4077.0
2025-01-13 19:54:00,0.2274,0.2274,0.2274,0.2274,2447.0
2025-01-13 19:55:00,0.2274,0.2274,0.2274,0.2274,0.0
2025-01-13 19:56:00,0.2281,0.2281,0.2281,0.2281,2316.0
2025-01-13 19:57:00,0.2281,0.2282,0.2281,0.2282,181.0
2025-01-13 19:58:00,0.2282,0.2282,0.2282,0.2282,0.0
2025-01-13 19:59:00,0.2283,0.2283,0.228,0.228,273.0
2025-01-13 20:00:00,0.2278,0.2279,0.2278,0.2279,1599.0
2025-01-13 20:01:00,0.2274,0.2276,0.2273,0.2275,9381.0
2025-01-13 20:02:00,0.2273,0.2278,0.2273,0.2278,959.0
2025-01-13 20:03:00,0.2278,0.2278,0.2278,0.2278,0.0
2025-01-13 20:04:00,0.2271,0.2274,0.2268,0.2268,1574.0
2025-01-13 20:05:00,0.2268,0.2274,0.2268,0.2274,1188.0
2025-01-13 20:06:00,0.2268,0.2268,0.2267,0.2267,17976.0
2025-01-13 20:07:00,0.2267,0.2267,0.2263,0.2266,4989.0
2025-01-13 20:08:00,0.2266,0.2273,0.2266,0.2273,4182.0
2025-01-13 20:09:00,0.2271,0.2271,0.2266,0.2267,2339.0
2025-01-13 20:10:00,0.2268,0.2268,0.2266,0.2268,12404.0
2025-01-13 20:11:00,0.2266,0.2267,0.2266,0.2267,313.0
2025-01-13 20:12:00,0.2264,0.2264,0.2264,0.2264,425.0
2025-01-13 20:13:00,0.2269,0.2269,0.2269,0.2269,418.0
2025-01-13 20:14:00,0.2273,0.2273,0.2271,0.2272,593.0
2025-01-13 20:15:00,0.2271,0.2274,0.2271,0.2274,1628.0
2025-01-13 20:16:00,0.2272,0.2272,0.2269,0.227,409.0
2025-01-13 20:17:00,0.2275,0.2277,0.2275,0.2277,6868.0
2025-01-13 20:18:00,0.2277,0.2277,0.2277,0.2277,0.0
2025-01-13 20:19:00,0.2278,0.2279,0.2278,0.2279,927.0
2025-01-13 20:20:00,0.2281,0.2281,0.2281,0.2281,271.0
2025-01-13 20:21:00,0.2281,0.2284,0.2281,0.2283,5269.0
2025-01-13 20:22:00,0.2285,0.2286,0.2285,0.2286,1015.0
2025-01-13 20:23:00,0.2281,0.2281,0.2278,0.2278,12699.0
2025-01-13 20:24:00,0.2278,0.2278,0.2278,0.2278,0.0
2025-01-13 20:25:00,0.2279,0.2279,0.2279,0.2279,201.0
2025-01-13 20:26:00,0.228,0.2283,0.2279,0.2283,2299.0
2025-01-13 20:27:00,0.2282,0.2285,0.2282,0.2285,90.0
2025-01-13 20:28:00,0.2282,0.2282,0.2282,0.2282,5951.0
2025-01-13 20:29:00,0.2282,0.2282,0.2282,0.2282,0.0
2025-01-13 20:30:00,0.2287,0.2294,0.2287,0.2292,1620.0
2025-01-13 20:31:00,0.2295,0.2295,0.2294,0.2294,3902.0
2025-01-13 20:32:00,0.2294,0.2296,0.2294,0.2296,1215.0
2025-01-13 20:33:00,0.2299,0.23,0.2299,0.23,964.0
2025-01-13 20:34:00,0.2301,0.2306,0.2301,0.2306,2122.0
2025-01-13 20:35:00,0.2307,0.2309,0.2306,0.2309,4960.0
2025-01-13 20:36:00,0.231,0.2312,0.2309,0.2312,8005.0
2025-01-13 20:37:00,0.2313,0.2313,0.2311,0.2312,4833.0
2025-01-13 20:38:00,0.2313,0.2315,0.2313,0.2315,607.0
2025-01-13 20:39:00,0.2311,0.2311,0.2307,0.2309,4995.0
2025-01-13 20:40:00,0.2307,0.2309,0.2307,0.2309,1187.0
2025-01-13 20:41:00,0.2314,0.2315,0.2314,0.2315,42.0
2025-01-13 20:42:00,0.2315,0.2319,0.2315,0.2319,2563.0
2025-01-13 20:43:00,0.232,0.2323,0.232,0.2322,7006.0
2025-01-13 20:44:00,0.2319,0.2322,0.2318,0.2322,784.0
2025-01-13 20:45:00,0.2322,0.2335,0.2322,0.2335,15298.0
2025-01-13 20:46:00,0.2333,0.2337,0.2332,0.2332,8111.0
2025-01-13 20:47:00,0.233,0.2338,0.233,0.2338,6566.0
2025-01-13 20:48:00,0.2337,0.234,0.2337,0.2339,3769.0
2025-01-13 20:49:00,0.2338,0.2341,0.2338,0.2338,4532.0
2025-01-13 20:50:00,0.2339,0.2339,0.233,0.2334,14136.0
2025-01-13 20:51:00,0.2337,0.2349,0.2337,0.2349,57501.0
2025-01-13 20:52:00,0.2351,0.2357,0.2349,0.2356,31604.0
2025-01-13 20:53:00,0.2355,0.2357,0.2348,0.2348,22041.0
2025-01-13 20:54:00,0.2349,0.2354,0.2347,0.2354,9517.0
2025-01-13 20:55:00,0.2358,0.2359,0.2357,0.2357,2868.0
2025-01-13 20:56:00,0.2355,0.2355,0.2348,0.2348,2857.0
2025-01-13 20:57:00,0.2348,0.2348,0.2348,0.2348,0.0
2025-01-13 20:58:00,0.235,0.2352,0.2349,0.2352,4422.0
2025-01-13 20:59:00,0.2351,0.2351,0.2346,0.2348,1514.0
2025-01-13 21:00:00,0.2349,0.2354,0.2348,0.2352,6973.0
2025-01-13 21:01:00,0.2352,0.2352,0.235,0.2351,1021.0
2025-01-13 21:02:00,0.2354,0.2354,0.2349,0.235,22927.0
2025-01-13 21:03:00,0.2349,0.2349,0.2339,0.234,2446.0
2025-01-13 21:04:00,0.2338,0.2338,0.2334,0.2334,2698.0
2025-01-13 21:05:00,0.2344,0.2349,0.2343,0.2349,2753.0
2025-01-13 21:06:00,0.235,0.235,0.2342,0.2342,8357.0
2025-01-13 21:07:00,0.2338,0.2339,0.2338,0.2339,2510.0
2025-01-13 21:08:00,0.2339,0.2343,0.2339,0.2341,3567.0
2025-01-13 21:09:00,0.2345,0.2349,0.2345,0.2349,7456.0
2025-01-13 21:10:00,0.2344,0.2344,0.2344,0.2344,47.0
2025-01-13 21:11:00,0.235,0.235,0.2344,0.2345,4812.0
2025-01-13 21:12:00,0.2344,0.2346,0.2343,0.2346,7614.0
2025-01-13 21:13:00,0.2348,0.2348,0.2342,0.2343,3570.0
2025-01-13 21:14:00,0.2348,0.2348,0.2344,0.2344,1517.0
2025-01-13 21:15:00,0.2341,0.2344,0.2341,0.2344,4479.0
2025-01-13 21:16:00,0.235,0.235,0.2345,0.2345,428.0
2025-01-13 21:17:00,0.2343,0.2347,0.2341,0.2341,6051.0
2025-01-13 21:18:00,0.2339,0.2341,0.2337,0.2337,11368.0
2025-01-13 21:19:00,0.2339,0.2339,0.2336,0.2337,1624.0
2025-01-13 21:20:00,0.2338,0.2346,0.2338,0.2345,5367.0
2025-01-13 21:21:00,0.2345,0.2345,0.2342,0.2342,113.0
2025-01-13 21:22:00,0.2345,0.2345,0.2343,0.2343,309.0
2025-01-13 21:23:00,0.2343,0.2346,0.2342,0.2346,5354.0
2025-01-13 21:24:00,0.2346,0.2352,0.2346,0.2352,2369.0
2025-01-13 21:25:00,0.2355,0.2358,0.2355,0.2357,6982.0
2025-01-13 21:26:00,0.2355,0.2355,0.2351,0.2351,2526.0
2025-01-13 21:27:00,0.2349,0.2352,0.2349,0.235,2553.0
2025-01-13 21:28:00,0.2348,0.2348,0.2348,0.2348,52.0
2025-01-13 21:29:00,0.2348,0.2348,0.2348,0.2348,0.0
2025-01-13 21:30:00,0.2353,0.2359,0.2353,0.2359,2224.0
2025-01-13 21:31:00,0.236,0.2361,0.2355,0.2355,3449.0
2025-01-13 21:32:00,0.2352,0.2353,0.2352,0.2352,4666.0
2025-01-13 21:33:00,0.2354,0.2354,0.2351,0.2352,1593.0
2025-01-13 21:34:00,0.2352,0.2358,0.2352,0.2354,9693.0
2025-01-13 21:35:00,0.2351,0.2355,0.235,0.235,4631.0
2025-01-13 21:36:00,0.2349,0.2349,0.2347,0.2347,4236.0
2025-01-13 21:37:00,0.235,0.2358,0.235,0.2358,9855.0
2025-01-13 21:38:00,0.2361,0.2366,0.2361,0.2366,19748.0
2025-01-13 21:39:00,0.2364,0.2371,0.2364,0.2371,17475.0
2025-01-13 21:40:00,0.2372,0.238,0.2372,0.2379,20445.0
2025-01-13 21:41:00,0.2379,0.2384,0.2379,0.2381,28890.0
2025-01-13 21:42:00,0.2382,0.2383,0.2375,0.2376,9476.0
2025-01-13 21:43:00,0.2377,0.2379,0.2377,0.2379,167.0
2025-01-13 21:44:00,0.2379,0.238,0.2379,0.238,1149.0
2025-01-13 21:45:00,0.2381,0.2381,0.2381,0.2381,51.0
2025-01-13 21:46:00,0.238,0.238,0.2375,0.2377,11875.0
2025-01-13 21:47:00,0.2375,0.2375,0.2368,0.2368,15107.0
2025-01-13 21:48:00,0.2368,0.2369,0.2366,0.2366,5205.0
2025-01-13 21:49:00,0.2371,0.2376,0.2371,0.2374,2292.0
2025-01-13 21:50:00,0.2376,0.2376,0.2375,0.2375,1500.0
2025-01-13 21:51:00,0.2372,0.2372,0.2371,0.2372,4019.0
2025-01-13 21:52:00,0.2378,0.2378,0.2378,0.2378,1245.0
2025-01-13 21:53:00,0.238,0.2383,0.2379,0.2379,3271.0
2025-01-13 21:54:00,0.2376,0.2379,0.2372,0.2372,10827.0
2025-01-13 21:55:00,0.2372,0.2373,0.2371,0.2371,12220.0
2025-01-13 21:56:00,0.2371,0.2374,0.2371,0.2373,3660.0
2025-01-13 21:57:00,0.2376,0.2378,0.2373,0.2373,1963.0
2025-01-13 21:58:00,0.2374,0.2375,0.2373,0.2374,5768.0
2025-01-13 21:59:00,0.2376,0.2378,0.2376,0.2378,5744.0
2025-01-13 22:00:00,0.2379,0.2388,0.2379,0.2384,13785.0
2025-01-13 22:01:00,0.2384,0.239,0.2382,0.239,4470.0
2025-01-13 22:02:00,0.2389,0.2395,0.2389,0.2393,10583.0
2025-01-13 22:03:00,0.2393,0.2394,0.2388,0.2388,1402.0
2025-01-13 22:04:00,0.2392,0.2392,0.239,0.2391,5219.0
2025-01-13 22:05:00,0.2388,0.2388,0.2385,0.2386,1064.0
2025-01-13 22:06:00,0.2387,0.2391,0.2387,0.239,9359.0
2025-01-13 22:07:00,0.2394,0.2396,0.2394,0.2396,3849.0
2025-01-13 22:08:00,0.2397,0.2398,0.2393,0.2395,12293.0
2025-01-13 22:09:00,0.2395,0.2401,0.2395,0.2401,12455.0
2025-01-13 22:10:00,0.2401,0.241,0.2401,0.241,75163.0
2025-01-13 22:11:00,0.2409,0.2409,0.2404,0.2404,8245.0
2025-01-13 22:12:00,0.2403,0.2403,0.2401,0.2401,3930.0
2025-01-13 22:13:00,0.2401,0.2401,0.2399,0.2399,982.0
2025-01-13 22:14:00,0.2403,0.2408,0.2403,0.2408,10786.0
2025-01-13 22:15:00,0.2406,0.2406,0.2398,0.24,13554.0
2025-01-13 22:16:00,0.2399,0.2406,0.2399,0.2405,14829.0
2025-01-13 22:17:00,0.2405,0.2405,0.2402,0.2402,6936.0
2025-01-13 22:18:00,0.2407,0.2411,0.2406,0.2408,7760.0
2025-01-13 22:19:00,0.2407,0.2409,0.2407,0.2407,6167.0
2025-01-13 22:20:00,0.2409,0.241,0.2408,0.2409,2624.0
2025-01-13 22:21:00,0.2408,0.2408,0.2404,0.2404,4768.0
2025-01-13 22:22:00,0.2406,0.2406,0.2406,0.2406,1482.0
2025-01-13 22:23:00,0.2406,0.2406,0.2405,0.2406,10619.0
2025-01-13 22:24:00,0.2408,0.241,0.2408,0.2409,9831.0
2025-01-13 22:25:00,0.2407,0.2411,0.2406,0.2411,1953.0
2025-01-13 22:26:00,0.241,0.241,0.241,0.241,2718.0
2025-01-13 22:27:00,0.241,0.2411,0.2409,0.2411,3979.0
2025-01-13 22:28:00,0.2411,0.2411,0.2411,0.2411,0.0
2025-01-13 22:29:00,0.2411,0.2412,0.2411,0.2411,5297.0
2025-01-13 22:30:00,0.241,0.241,0.2403,0.2405,8964.0
2025-01-13 22:31:00,0.2405,0.2409,0.2405,0.2409,2854.0
2025-01-13 22:32:00,0.2409,0.2409,0.2403,0.2403,4250.0
2025-01-13 22:33:00,0.24,0.24,0.2394,0.2394,2912.0
2025-01-13 22:34:00,0.2394,0.2394,0.239,0.239,3948.0
2025-01-13 22:35:00,0.2395,0.2395,0.2391,0.2391,1724.0
2025-01-13 22:36:00,0.2389,0.2389,0.2384,0.2384,1142.0
2025-01-13 22:37:00,0.2381,0.2384,0.2381,0.2384,5046.0
2025-01-13 22:38:00,0.2385,0.2385,0.2385,0.2385,119.0
2025-01-13 22:39:00,0.239,0.239,0.2388,0.2388,928.0
2025-01-13 22:40:00,0.2388,0.2388,0.2387,0.2387,5346.0
2025-01-13 22:41:00,0.2388,0.2389,0.2388,0.2389,2088.0
2025-01-13 22:42:00,0.2391,0.2391,0.2391,0.2391,4255.0
2025-01-13 22:43:00,0.2391,0.2391,0.2391,0.2391,0.0
2025-01-13 22:44:00,0.239,0.2392,0.239,0.2392,1040.0
2025-01-13 22:45:00,0.2392,0.2392,0.2392,0.2392,43.0
2025-01-13 22:46:00,0.2392,0.2392,0.2392,0.2392,3613.0
2025-01-13 22:47:00,0.2392,0.2392,0.2392,0.2392,0.0
2025-01-13 22:48:00,0.2392,0.2392,0.239,0.239,2101.0
2025-01-13 22:49:00,0.2392,0.2392,0.2392,0.2392,181.0
2025-01-13 22:50:00,0.239,0.239,0.239,0.239,963.0
2025-01-13 22:51:00,0.2388,0.2388,0.2388,0.2388,628.0
2025-01-13 22:52:00,0.2385,0.2385,0.2384,0.2384,2180.0
2025-01-13 22:53:00,0.2384,0.2384,0.2384,0.2384,43.0
2025-01-13 22:54:00,0.2384,0.2384,0.2384,0.2384,0.0
2025-01-13 22:55:00,0.2385,0.2385,0.2385,0.2385,1048.0
2025-01-13 22:56:00,0.239,0.2391,0.2388,0.2388,3023.0
2025-01-13 22:57:00,0.2384,0.2385,0.2384,0.2385,3851.0
2025-01-13 22:58:00,0.2387,0.2387,0.2387,0.2387,104.0
2025-01-13 22:59:00,0.2384,0.2385,0.2384,0.2385,799.0
2025-01-13 23:00:00,0.2387,0.2387,0.2384,0.2384,170.0
2025-01-13 23:01:00,0.238,0.238,0.2378,0.2378,2020.0
2025-01-13 23:02:00,0.2377,0.2378,0.2377,0.2377,1679.0
2025-01-13 23:03:00,0.2377,0.2382,0.2377,0.2382,11092.0
2025-01-13 23:04:00,0.2382,0.2386,0.2382,0.2386,219030.0
2025-01-13 23:05:00,0.2386,0.2386,0.2382,0.2382,3196.0
2025-01-13 23:06:00,0.2382,0.2382,0.2379,0.2379,640.0
2025-01-13 23:07:00,0.238,0.238,0.238,0.238,1084.0
2025-01-13 23:08:00,0.2377,0.2381,0.2377,0.2381,5658.0
2025-01-13 23:09:00,0.2382,0.2382,0.2381,0.2382,5703.0
2025-01-13 23:10:00,0.2383,0.2386,0.2383,0.2385,8114.0
2025-01-13 23:11:00,0.2387,0.2388,0.2387,0.2388,73.0
2025-01-13 23:12:00,0.2386,0.2386,0.2386,0.2386,943.0
2025-01-13 23:13:00,0.2385,0.2387,0.2385,0.2386,8232.0
2025-01-13 23:14:00,0.2386,0.2386,0.2386,0.2386,42.0
2025-01-13 23:15:00,0.2386,0.2386,0.2386,0.2386,0.0
2025-01-13 23:16:00,0.2385,0.2385,0.2384,0.2384,627.0
2025-01-13 23:17:00,0.2382,0.2382,0.2382,0.2382,929.0
2025-01-13 23:18:00,0.2381,0.2381,0.2379,0.2379,9104.0
2025-01-13 23:19:00,0.238,0.2381,0.238,0.238,4803.0
2025-01-13 23:20:00,0.238,0.238,0.238,0.238,0.0
2025-01-13 23:21:00,0.2381,0.2382,0.238,0.238,3024.0
2025-01-13 23:22:00,0.238,0.2381,0.2379,0.238,5177.0
2025-01-13 23:23:00,0.238,0.238,0.2378,0.2378,4760.0
2025-01-13 23:24:00,0.2377,0.2377,0.2376,0.2376,4555.0
2025-01-13 23:25:00,0.2374,0.2374,0.2374,0.2374,30.0
2025-01-13 23:26:00,0.2373,0.2373,0.2373,0.2373,45.0
2025-01-13 23:27:00,0.2373,0.2373,0.2373,0.2373,10497.0
2025-01-13 23:28:00,0.2374,0.2374,0.2372,0.2374,1747.0
2025-01-13 23:29:00,0.2374,0.2374,0.2374,0.2374,211.0
2025-01-13 23:30:00,0.2375,0.2378,0.2375,0.2378,1331.0
2025-01-13 23:31:00,0.2377,0.2377,0.2377,0.2377,70.0
2025-01-13 23:32:00,0.2377,0.2377,0.2377,0.2377,86.0
2025-01-13 23:33:00,0.2377,0.2377,0.2377,0.2377,1105.0
2025-01-13 23:34:00,0.2375,0.2375,0.2375,0.2375,856.0
2025-01-13 23:35:00,0.2377,0.2379,0.2377,0.2379,4277.0
2025-01-13 23:36:00,0.238,0.238,0.238,0.238,2088.0
2025-01-13 23:37:00,0.2379,0.2379,0.2378,0.2378,140.0
2025-01-13 23:38:00,0.2377,0.2377,0.2377,0.2377,1081.0
2025-01-13 23:39:00,0.2377,0.2377,0.2377,0.2377,37.0
2025-01-13 23:40:00,0.2377,0.2377,0.2377,0.2377,0.0
2025-01-13 23:41:00,0.2378,0.2378,0.2378,0.2378,50.0
2025-01-13 23:42:00,0.2378,0.2378,0.2378,0.2378,0.0
2025-01-13 23:43:00,0.2377,0.2377,0.2377,0.2377,927.0
2025-01-13 23:44:00,0.2379,0.2379,0.2379,0.2379,303.0
2025-01-13 23:45:00,0.2379,0.2379,0.2379,0.2379,6211.0
2025-01-13 23:46:00,0.2379,0.2379,0.2379,0.2379,28.0
2025-01-13 23:47:00,0.2377,0.2377,0.2377,0.2377,51.0
2025-01-13 23:48:00,0.2375,0.2375,0.2374,0.2375,183.0
2025-01-13 23:49:00,0.2375,0.2375,0.2375,0.2375,0.0
2025-01-13 23:50:00,0.2377,0.2377,0.2377,0.2377,45.0
2025-01-13 23:51:00,0.2377,0.2377,0.2377,0.2377,0.0
2025-01-13 23:52:00,0.2377,0.2377,0.2376,0.2376,49.0
2025-01-13 23:53:00,0.2376,0.2376,0.2376,0.2376,0.0
2025-01-13 23:54:00,0.2376,0.2376,0.2376,0.2376,46.0
2025-01-13 23:55:00,0.2376,0.2376,0.2374,0.2374,210.0
2025-01-13 23:56:00,0.2377,0.2377,0.2377,0.2377,44.0
2025-01-13 23:57:00,0.2376,0.2376,0.2375,0.2375,123.0
2025-01-13 23:58:00,0.2374,0.2374,0.2374,0.2374,546.0
2025-01-13 23:59:00,0.2374,0.2375,0.2374,0.2375,580.0
2025-01-14 00:00:00,0.2376,0.2376,0.2368,0.237,54782.0
2025-01-14 00:01:00,0.237,0.2372,0.2368,0.2368,7638.0
2025-01-14 00:02:00,0.2367,0.2367,0.2361,0.2361,16761.0
2025-01-14 00:03:00,0.2362,0.2363,0.2362,0.2362,4653.0
2025-01-14 00:04:00,0.2363,0.2367,0.2363,0.2364,13538.0
2025-01-14 00:05:00,0.2363,0.2363,0.2361,0.2363,7380.0
2025-01-14 00:06:00,0.2363,0.2363,0.2361,0.2361,4344.0
2025-01-14 00:07:00,0.236,0.236,0.236,0.236,1208.0
2025-01-14 00:08:00,0.236,0.2362,0.236,0.2362,3917.0
2025-01-14 00:09:00,0.236,0.2361,0.236,0.2361,154.0
2025-01-14 00:10:00,0.2361,0.2361,0.2359,0.2359,11705.0
2025-01-14 00:11:00,0.236,0.236,0.236,0.236,4587.0
2025-01-14 00:12:00,0.236,0.236,0.236,0.236,0.0
2025-01-14 00:13:00,0.236,0.236,0.236,0.236,0.0
2025-01-14 00:14:00,0.2357,0.2357,0.2357,0.2357,70.0
2025-01-14 00:15:00,0.2357,0.2357,0.2354,0.2354,3999.0
2025-01-14 00:16:00,0.2354,0.2354,0.2353,0.2353,1000.0
2025-01-14 00:17:00,0.2354,0.2354,0.2354,0.2354,77.0
2025-01-14 00:18:00,0.2354,0.2356,0.2354,0.2356,1379.0
2025-01-14 00:19:00,0.2361,0.2364,0.2361,0.2361,3236.0
2025-01-14 00:20:00,0.2362,0.2367,0.2362,0.2367,8380.0
2025-01-14 00:21:00,0.2367,0.2367,0.2363,0.2364,4513.0
2025-01-14 00:22:00,0.2365,0.2367,0.2365,0.2365,3351.0
2025-01-14 00:23:00,0.2365,0.2369,0.2365,0.2368,1516.0
2025-01-14 00:24:00,0.2367,0.2367,0.2363,0.2365,3346.0
2025-01-14 00:25:00,0.2365,0.2365,0.2365,0.2365,26.0
2025-01-14 00:26:00,0.2359,0.2359,0.2359,0.2359,381.0
2025-01-14 00:27:00,0.2359,0.2359,0.2359,0.2359,9477.0
2025-01-14 00:28:00,0.236,0.2361,0.236,0.2361,196.0
2025-01-14 00:29:00,0.2362,0.2362,0.2362,0.2362,193.0
2025-01-14 00:30:00,0.2361,0.2361,0.2361,0.2361,71.0
2025-01-14 00:31:00,0.2354,0.2354,0.2354,0.2354,108.0
2025-01-14 00:32:00,0.2353,0.2353,0.2349,0.2349,2926.0
2025-01-14 00:33:00,0.2349,0.2349,0.2349,0.2349,172.0
2025-01-14 00:34:00,0.2349,0.2349,0.2349,0.2349,0.0
2025-01-14 00:35:00,0.235,0.2354,0.235,0.2354,3680.0
2025-01-14 00:36:00,0.2354,0.2354,0.2353,0.2354,982.0
2025-01-14 00:37:00,0.235,0.235,0.235,0.235,678.0
2025-01-14 00:38:00,0.235,0.235,0.235,0.235,1000.0
2025-01-14 00:39:00,0.2349,0.2349,0.2349,0.2349,1193.0
2025-01-14 00:40:00,0.2351,0.2351,0.235,0.235,2103.0
2025-01-14 00:41:00,0.2357,0.2358,0.2356,0.2356,9032.0
2025-01-14 00:42:00,0.2355,0.2355,0.2355,0.2355,3554.0
2025-01-14 00:43:00,0.2354,0.2354,0.2354,0.2354,911.0
2025-01-14 00:44:00,0.2352,0.2352,0.2352,0.2352,2260.0
2025-01-14 00:45:00,0.2349,0.2349,0.2349,0.2349,37.0
2025-01-14 00:46:00,0.235,0.235,0.235,0.235,43.0
2025-01-14 00:47:00,0.235,0.235,0.2348,0.2348,3186.0
2025-01-14 00:48:00,0.2349,0.2349,0.2345,0.2345,954.0
2025-01-14 00:49:00,0.2344,0.2346,0.2344,0.2346,5244.0
2025-01-14 00:50:00,0.2347,0.2353,0.2347,0.2353,875.0
2025-01-14 00:51:00,0.2354,0.2354,0.2354,0.2354,172.0
2025-01-14 00:52:00,0.2355,0.2355,0.2355,0.2355,3550.0
2025-01-14 00:53:00,0.2352,0.2352,0.2351,0.2351,6704.0
2025-01-14 00:54:00,0.2351,0.2352,0.2351,0.2352,2900.0
2025-01-14 00:55:00,0.2352,0.2352,0.235,0.235,196.0
2025-01-14 00:56:00,0.235,0.235,0.235,0.235,0.0
2025-01-14 00:57:00,0.2347,0.2347,0.2347,0.2347,47.0
2025-01-14 00:58:00,0.2345,0.2345,0.2345,0.2345,2365.0
2025-01-14 00:59:00,0.2347,0.2347,0.2347,0.2347,60.0
2025-01-14 01:00:00,0.2347,0.2355,0.2347,0.2355,3591.0
2025-01-14 01:01:00,0.2357,0.2365,0.2356,0.2363,7564.0
2025-01-14 01:02:00,0.2361,0.2363,0.2361,0.2363,2332.0
2025-01-14 01:03:00,0.2365,0.2368,0.2365,0.2367,2157.0
2025-01-14 01:04:00,0.2368,0.2368,0.2365,0.2368,3323.0
2025-01-14 01:05:00,0.2369,0.2369,0.2367,0.2367,356.0
2025-01-14 01:06:00,0.2369,0.2369,0.2365,0.2367,2352.0
2025-01-14 01:07:00,0.2369,0.2372,0.2369,0.2372,2818.0
2025-01-14 01:08:00,0.2373,0.2377,0.2373,0.2375,9211.0
2025-01-14 01:09:00,0.2375,0.2375,0.2375,0.2375,0.0
2025-01-14 01:10:00,0.2378,0.238,0.2378,0.238,7331.0
2025-01-14 01:11:00,0.2381,0.2381,0.2377,0.2377,12390.0
2025-01-14 01:12:00,0.2377,0.2378,0.2377,0.2378,1732.0
2025-01-14 01:13:00,0.2378,0.2378,0.2378,0.2378,251.0
2025-01-14 01:14:00,0.238,0.2381,0.238,0.238,8497.0
2025-01-14 01:15:00,0.2379,0.2379,0.2379,0.2379,1833.0
2025-01-14 01:16:00,0.2379,0.2379,0.2379,0.2379,0.0
2025-01-14 01:17:00,0.2372,0.2372,0.237,0.2371,5794.0
2025-01-14 01:18:00,0.2371,0.2371,0.2371,0.2371,0.0
2025-01-14 01:19:00,0.2369,0.2369,0.2367,0.2367,2913.0
2025-01-14 01:20:00,0.2366,0.2368,0.2366,0.2368,566.0
2025-01-14 01:21:00,0.2371,0.2371,0.237,0.237,6185.0
2025-01-14 01:22:00,0.2367,0.2368,0.2367,0.2367,2196.0
2025-01-14 01:23:00,0.2366,0.2366,0.2366,0.2366,46.0
2025-01-14 01:24:00,0.2365,0.2369,0.2364,0.2369,5978.0
2025-01-14 01:25:00,0.2369,0.2369,0.2368,0.2368,5008.0
2025-01-14 01:26:00,0.2368,0.2368,0.2368,0.2368,908.0
2025-01-14 01:27:00,0.2368,0.2368,0.2368,0.2368,0.0
2025-01-14 01:28:00,0.2371,0.2372,0.2371,0.2372,5608.0
2025-01-14 01:29:00,0.2372,0.2372,0.2372,0.2372,0.0
2025-01-14 01:30:00,0.237,0.237,0.2368,0.2368,1122.0
2025-01-14 01:31:00,0.2368,0.2368,0.2368,0.2368,0.0
2025-01-14 01:32:00,0.2369,0.2371,0.2368,0.2368,1211.0
2025-01-14 01:33:00,0.2366,0.2367,0.2365,0.2365,1433.0
2025-01-14 01:34:00,0.2365,0.2367,0.2365,0.2367,4253.0
2025-01-14 01:35:00,0.2367,0.2367,0.2363,0.2367,1011.0
2025-01-14 01:36:00,0.2366,0.2367,0.2363,0.2363,3170.0
2025-01-14 01:37:00,0.2364,0.2366,0.2363,0.2364,11108.0
2025-01-14 01:38:00,0.2365,0.2365,0.2362,0.2362,861.0
2025-01-14 01:39:00,0.2363,0.2366,0.2362,0.2366,6768.0
2025-01-14 01:40:00,0.2365,0.2367,0.2365,0.2367,1660.0
2025-01-14 01:41:00,0.2365,0.2366,0.2363,0.2363,4717.0
2025-01-14 01:42:00,0.2363,0.2364,0.2361,0.2364,661.0
2025-01-14 01:43:00,0.2363,0.2365,0.2363,0.2364,1621.0
2025-01-14 01:44:00,0.2364,0.2364,0.2363,0.2364,1139.0
2025-01-14 01:45:00,0.2363,0.2366,0.2363,0.2366,3947.0
2025-01-14 01:46:00,0.2367,0.2368,0.2363,0.2363,1438.0
2025-01-14 01:47:00,0.2362,0.2362,0.2358,0.2358,27524.0
2025-01-14 01:48:00,0.2359,0.236,0.2357,0.2358,5843.0
2025-01-14 01:49:00,0.2358,0.2362,0.2356,0.2362,1559.0
2025-01-14 01:50:00,0.236,0.2363,0.2358,0.2363,3021.0
2025-01-14 01:51:00,0.2362,0.2362,0.2359,0.2359,2529.0
2025-01-14 01:52:00,0.2359,0.236,0.2359,0.2359,1980.0
2025-01-14 01:53:00,0.2359,0.236,0.2359,0.236,1774.0
2025-01-14 01:54:00,0.2359,0.236,0.2358,0.236,10762.0
2025-01-14 01:55:00,0.2359,0.236,0.2359,0.2359,1115.0
2025-01-14 01:56:00,0.2359,0.236,0.2358,0.2359,5646.0
2025-01-14 01:57:00,0.2359,0.2359,0.2358,0.2359,780.0
2025-01-14 01:58:00,0.2359,0.2361,0.2359,0.2361,2068.0
2025-01-14 01:59:00,0.2361,0.2362,0.2361,0.2362,2612.0
2025-01-14 02:00:00,0.2363,0.237,0.2363,0.237,9164.0
2025-01-14 02:01:00,0.237,0.2381,0.237,0.2381,9984.0
2025-01-14 02:02:00,0.238,0.238,0.2377,0.2378,4475.0
2025-01-14 02:03:00,0.2376,0.2376,0.2376,0.2376,30.0
2025-01-14 02:04:00,0.2375,0.2376,0.2375,0.2376,178.0
2025-01-14 02:05:00,0.2376,0.2376,0.2376,0.2376,0.0
2025-01-14 02:06:00,0.2366,0.2366,0.2366,0.2366,93.0
2025-01-14 02:07:00,0.2367,0.2367,0.2365,0.2365,1522.0
2025-01-14 02:08:00,0.2367,0.237,0.2367,0.237,1527.0
2025-01-14 02:09:00,0.237,0.2372,0.237,0.2372,884.0
2025-01-14 02:10:00,0.2371,0.2372,0.2371,0.2372,173.0
2025-01-14 02:11:00,0.2371,0.2377,0.2371,0.2377,4397.0
2025-01-14 02:12:00,0.2376,0.2376,0.2375,0.2375,8397.0
2025-01-14 02:13:00,0.2375,0.2375,0.2375,0.2375,0.0
2025-01-14 02:14:00,0.2373,0.2374,0.2373,0.2374,4132.0
2025-01-14 02:15:00,0.2375,0.2375,0.2375,0.2375,865.0
2025-01-14 02:16:00,0.2375,0.2379,0.2375,0.2379,819.0
2025-01-14 02:17:00,0.2381,0.2381,0.2381,0.2381,1251.0
2025-01-14 02:18:00,0.2379,0.2379,0.2379,0.2379,1214.0
2025-01-14 02:19:00,0.2383,0.2387,0.2383,0.2386,7067.0
2025-01-14 02:20:00,0.2384,0.2384,0.2383,0.2383,1962.0
2025-01-14 02:21:00,0.2385,0.2395,0.2385,0.2395,22167.0
2025-01-14 02:22:00,0.2394,0.2402,0.2394,0.2401,11477.0
2025-01-14 02:23:00,0.2401,0.2402,0.2399,0.2399,1032.0
2025-01-14 02:24:00,0.24,0.24,0.2395,0.2399,4088.0
2025-01-14 02:25:00,0.2399,0.24,0.2397,0.24,2405.0
2025-01-14 02:26:00,0.2399,0.24,0.2399,0.2399,3847.0
2025-01-14 02:27:00,0.2397,0.2397,0.2393,0.2393,43674.0
2025-01-14 02:28:00,0.2394,0.2395,0.2392,0.2392,3130.0
2025-01-14 02:29:00,0.2392,0.2392,0.2392,0.2392,0.0
2025-01-14 02:30:00,0.2391,0.2391,0.2387,0.2387,3266.0
2025-01-14 02:31:00,0.2382,0.2382,0.2377,0.2378,10778.0
2025-01-14 02:32:00,0.2378,0.238,0.2376,0.238,7602.0
2025-01-14 02:33:00,0.238,0.238,0.238,0.238,0.0
2025-01-14 02:34:00,0.238,0.238,0.2378,0.2378,135.0
2025-01-14 02:35:00,0.2378,0.238,0.2378,0.238,7495.0
2025-01-14 02:36:00,0.238,0.238,0.238,0.238,0.0
2025-01-14 02:37:00,0.2378,0.2378,0.2377,0.2377,338.0
2025-01-14 02:38:00,0.238,0.2384,0.238,0.2384,14439.0
2025-01-14 02:39:00,0.2382,0.2382,0.2382,0.2382,1121.0
2025-01-14 02:40:00,0.238,0.238,0.238,0.238,442.0
2025-01-14 02:41:00,0.238,0.238,0.238,0.238,0.0
2025-01-14 02:42:00,0.2378,0.2378,0.2377,0.2377,3604.0
2025-01-14 02:43:00,0.2377,0.2377,0.2377,0.2377,0.0
2025-01-14 02:44:00,0.2377,0.2377,0.2376,0.2376,1440.0
2025-01-14 02:45:00,0.2376,0.2377,0.2376,0.2377,1547.0
2025-01-14 02:46:00,0.2377,0.2377,0.2377,0.2377,0.0
2025-01-14 02:47:00,0.2375,0.2375,0.2374,0.2374,7204.0
2025-01-14 02:48:00,0.2373,0.2373,0.2371,0.2371,879.0
2025-01-14 02:49:00,0.2371,0.2371,0.2371,0.2371,28.0
2025-01-14 02:50:00,0.237,0.2371,0.237,0.2371,6479.0
2025-01-14 02:51:00,0.2373,0.2374,0.2371,0.2374,616.0
2025-01-14 02:52:00,0.2374,0.2374,0.2374,0.2374,2790.0
2025-01-14 02:53:00,0.2374,0.2374,0.2374,0.2374,0.0
2025-01-14 02:54:00,0.2372,0.2372,0.2372,0.2372,24.0
2025-01-14 02:55:00,0.2371,0.2371,0.2371,0.2371,24.0
2025-01-14 02:56:00,0.2372,0.2372,0.2372,0.2372,67.0
2025-01-14 02:57:00,0.2373,0.2373,0.2373,0.2373,36.0
2025-01-14 02:58:00,0.2372,0.2372,0.2371,0.2371,695.0
2025-01-14 02:59:00,0.2371,0.2371,0.2371,0.2371,0.0
2025-01-14 03:00:00,0.2371,0.2376,0.2371,0.2376,558.0
2025-01-14 03:01:00,0.2375,0.2377,0.2375,0.2377,2827.0
2025-01-14 03:02:00,0.2377,0.2377,0.2377,0.2377,0.0
2025-01-14 03:03:00,0.2377,0.2377,0.2377,0.2377,0.0
2025-01-14 03:04:00,0.2375,0.2375,0.2373,0.2375,269.0
2025-01-14 03:05:00,0.2371,0.2371,0.2368,0.2371,9623.0
2025-01-14 03:06:00,0.2372,0.2372,0.2367,0.2368,25050.0
2025-01-14 03:07:00,0.2368,0.2368,0.2368,0.2368,120.0
2025-01-14 03:08:00,0.2369,0.2369,0.2369,0.2369,29.0
2025-01-14 03:09:00,0.2367,0.237,0.2367,0.237,5335.0
2025-01-14 03:10:00,0.2369,0.2372,0.2369,0.2372,6669.0
2025-01-14 03:11:00,0.2374,0.2374,0.2372,0.2372,503.0
2025-01-14 03:12:00,0.2372,0.2372,0.2372,0.2372,0.0
2025-01-14 03:13:00,0.2372,0.2372,0.2372,0.2372,0.0
2025-01-14 03:14:00,0.2372,0.2372,0.2372,0.2372,0.0
2025-01-14 03:15:00,0.2368,0.2368,0.2368,0.2368,4820.0
2025-01-14 03:16:00,0.237,0.2374,0.237,0.2373,31250.0
2025-01-14 03:17:00,0.2371,0.2372,0.2371,0.2372,917.0
2025-01-14 03:18:00,0.2373,0.2373,0.2373,0.2373,45.0
2025-01-14 03:19:00,0.2374,0.2375,0.2373,0.2373,4456.0
2025-01-14 03:20:00,0.2372,0.2378,0.2372,0.2378,490.0
2025-01-14 03:21:00,0.238,0.2383,0.238,0.2383,1015.0
2025-01-14 03:22:00,0.2381,0.2381,0.2381,0.2381,72.0
2025-01-14 03:23:00,0.2381,0.2381,0.2381,0.2381,0.0
2025-01-14 03:24:00,0.2381,0.2381,0.2381,0.2381,0.0
2025-01-14 03:25:00,0.238,0.2383,0.238,0.2383,211.0
2025-01-14 03:26:00,0.2379,0.2379,0.2376,0.2378,1208.0
2025-01-14 03:27:00,0.2377,0.2377,0.2377,0.2377,2790.0
2025-01-14 03:28:00,0.2379,0.2379,0.2379,0.2379,993.0
2025-01-14 03:29:00,0.2382,0.2382,0.2382,0.2382,3521.0
2025-01-14 03:30:00,0.2382,0.2384,0.2381,0.2382,17936.0
2025-01-14 03:31:00,0.2381,0.2381,0.2381,0.2381,2280.0
2025-01-14 03:32:00,0.2381,0.2381,0.2381,0.2381,0.0
2025-01-14 03:33:00,0.2374,0.2375,0.2374,0.2375,2920.0
2025-01-14 03:34:00,0.2375,0.2375,0.2375,0.2375,0.0
2025-01-14 03:35:00,0.2375,0.2375,0.2375,0.2375,0.0
2025-01-14 03:36:00,0.2373,0.2373,0.2371,0.2371,141.0
2025-01-14 03:37:00,0.2371,0.2371,0.2371,0.2371,1873.0
2025-01-14 03:38:00,0.2373,0.2373,0.2373,0.2373,1400.0
2025-01-14 03:39:00,0.2372,0.2374,0.2372,0.2374,1140.0
2025-01-14 03:40:00,0.2372,0.2372,0.2372,0.2372,2790.0
2025-01-14 03:41:00,0.2372,0.2372,0.2372,0.2372,0.0
2025-01-14 03:42:00,0.237,0.2371,0.2368,0.2371,5622.0
2025-01-14 03:43:00,0.2372,0.2372,0.2372,0.2372,27.0
2025-01-14 03:44:00,0.2372,0.2372,0.2372,0.2372,0.0
2025-01-14 03:45:00,0.2372,0.2372,0.2372,0.2372,0.0
2025-01-14 03:46:00,0.2373,0.2373,0.2372,0.2372,2715.0
2025-01-14 03:47:00,0.2372,0.2372,0.2372,0.2372,0.0
2025-01-14 03:48:00,0.2372,0.2372,0.2372,0.2372,201.0
2025-01-14 03:49:00,0.2372,0.2372,0.2372,0.2372,0.0
2025-01-14 03:50:00,0.237,0.237,0.237,0.237,64.0
2025-01-14 03:51:00,0.237,0.237,0.237,0.237,0.0
2025-01-14 03:52:00,0.237,0.237,0.237,0.237,0.0
2025-01-14 03:53:00,0.237,0.237,0.237,0.237,0.0
2025-01-14 03:54:00,0.2367,0.2368,0.2367,0.2367,14831.0
2025-01-14 03:55:00,0.2367,0.2367,0.2367,0.2367,0.0
2025-01-14 03:56:00,0.2365,0.2365,0.2365,0.2365,135.0
2025-01-14 03:57:00,0.2365,0.2365,0.2365,0.2365,0.0
2025-01-14 03:58:00,0.2364,0.2366,0.2364,0.2366,2629.0
2025-01-14 03:59:00,0.2366,0.2366,0.2366,0.2366,0.0
2025-01-14 04:00:00,0.2368,0.2378,0.2368,0.2376,14139.0
2025-01-14 04:01:00,0.2377,0.2377,0.2377,0.2377,2399.0
2025-01-14 04:02:00,0.2376,0.2376,0.2375,0.2375,6986.0
2025-01-14 04:03:00,0.2374,0.2374,0.2371,0.2372,3526.0
2025-01-14 04:04:00,0.2373,0.2374,0.2373,0.2374,2033.0
2025-01-14 04:05:00,0.2374,0.2374,0.2374,0.2374,0.0
2025-01-14 04:06:00,0.2372,0.2374,0.2371,0.2374,7489.0
2025-01-14 04:07:00,0.2373,0.2373,0.237,0.237,4103.0
2025-01-14 04:08:00,0.2372,0.2372,0.2372,0.2372,204.0
2025-01-14 04:09:00,0.2374,0.2376,0.2374,0.2374,16645.0
2025-01-14 04:10:00,0.2376,0.2376,0.2376,0.2376,63.0
2025-01-14 04:11:00,0.2372,0.2372,0.2372,0.2372,43.0
2025-01-14 04:12:00,0.2371,0.2374,0.237,0.2374,419.0
2025-01-14 04:13:00,0.2375,0.2375,0.2372,0.2372,15878.0
2025-01-14 04:14:00,0.2375,0.2377,0.2375,0.2377,923.0
2025-01-14 04:15:00,0.2379,0.238,0.2379,0.238,245.0
2025-01-14 04:16:00,0.2382,0.2384,0.2382,0.2384,27105.0
2025-01-14 04:17:00,0.2383,0.2383,0.2383,0.2383,211.0
2025-01-14 04:18:00,0.2384,0.2384,0.2384,0.2384,113.0
2025-01-14 04:19:00,0.2384,0.2384,0.2384,0.2384,0.0
2025-01-14 04:20:00,0.238,0.238,0.2378,0.2379,294.0
2025-01-14 04:21:00,0.2379,0.2379,0.2379,0.2379,0.0
2025-01-14 04:22:00,0.2379,0.2379,0.2379,0.2379,0.0
2025-01-14 04:23:00,0.2379,0.2379,0.2379,0.2379,0.0
2025-01-14 04:24:00,0.2381,0.2381,0.2381,0.2381,23.0
2025-01-14 04:25:00,0.238,0.238,0.238,0.238,43.0
2025-01-14 04:26:00,0.2377,0.2377,0.2377,0.2377,200.0
2025-01-14 04:27:00,0.2377,0.2377,0.2377,0.2377,0.0
2025-01-14 04:28:00,0.2377,0.2377,0.2377,0.2377,2053.0
2025-01-14 04:29:00,0.2377,0.2377,0.2377,0.2377,0.0
2025-01-14 04:30:00,0.2371,0.2371,0.237,0.237,1309.0
2025-01-14 04:31:00,0.237,0.237,0.237,0.237,64.0
2025-01-14 04:32:00,0.237,0.237,0.237,0.237,0.0
2025-01-14 04:33:00,0.237,0.237,0.237,0.237,0.0
2025-01-14 04:34:00,0.2371,0.2371,0.2368,0.2368,8202.0
2025-01-14 04:35:00,0.2369,0.2374,0.2369,0.2371,86705.0
2025-01-14 04:36:00,0.237,0.237,0.2369,0.2369,3613.0
2025-01-14 04:37:00,0.2371,0.2372,0.2371,0.2372,6980.0
2025-01-14 04:38:00,0.2373,0.2373,0.2373,0.2373,2790.0
2025-01-14 04:39:00,0.2373,0.2373,0.2373,0.2373,0.0
2025-01-14 04:40:00,0.2373,0.2373,0.2373,0.2373,0.0
2025-01-14 04:41:00,0.2374,0.2374,0.2374,0.2374,105.0
2025-01-14 04:42:00,0.2374,0.2375,0.2374,0.2375,3790.0
2025-01-14 04:43:00,0.2374,0.2374,0.2374,0.2374,1464.0
2025-01-14 04:44:00,0.2374,0.2374,0.2374,0.2374,0.0
2025-01-14 04:45:00,0.2379,0.2381,0.2379,0.2381,329.0
2025-01-14 04:46:00,0.2377,0.2377,0.2377,0.2377,275.0
2025-01-14 04:47:00,0.2378,0.2378,0.2378,0.2378,3204.0
2025-01-14 04:48:00,0.2378,0.2378,0.2378,0.2378,299.0
2025-01-14 04:49:00,0.2378,0.2378,0.2378,0.2378,0.0
2025-01-14 04:50:00,0.2379,0.2379,0.2379,0.2379,208.0
2025-01-14 04:51:00,0.2382,0.2383,0.2382,0.2383,1898.0
2025-01-14 04:52:00,0.2382,0.2382,0.2382,0.2382,1156.0
2025-01-14 04:53:00,0.2382,0.2382,0.2382,0.2382,0.0
2025-01-14 04:54:00,0.2386,0.2388,0.2386,0.2388,587.0
2025-01-14 04:55:00,0.2389,0.2391,0.2389,0.2391,2608.0
2025-01-14 04:56:00,0.2391,0.2391,0.2391,0.2391,254.0
2025-01-14 04:57:00,0.2391,0.2393,0.2391,0.2393,26672.0
2025-01-14 04:58:00,0.2393,0.2393,0.2393,0.2393,0.0
2025-01-14 04:59:00,0.239,0.239,0.239,0.239,357.0
2025-01-14 05:00:00,0.239,0.2391,0.2389,0.2391,7478.0
2025-01-14 05:01:00,0.2389,0.2395,0.2389,0.2395,2355.0
2025-01-14 05:02:00,0.2395,0.2395,0.2391,0.2391,1763.0
2025-01-14 05:03:00,0.2393,0.2395,0.2393,0.2395,2498.0
2025-01-14 05:04:00,0.2395,0.2396,0.2395,0.2396,1626.0
2025-01-14 05:05:00,0.2397,0.2404,0.2397,0.2404,32375.0
2025-01-14 05:06:00,0.2404,0.2404,0.2402,0.2402,1060.0
2025-01-14 05:07:00,0.2401,0.2405,0.2401,0.2405,17663.0
2025-01-14 05:08:00,0.2405,0.2406,0.2405,0.2405,455.0
2025-01-14 05:09:00,0.2404,0.2404,0.2403,0.2404,3331.0
2025-01-14 05:10:00,0.2405,0.2405,0.2402,0.2403,4539.0
2025-01-14 05:11:00,0.2404,0.2404,0.2403,0.2403,1284.0
2025-01-14 05:12:00,0.2403,0.2405,0.2403,0.2404,16449.0
2025-01-14 05:13:00,0.2406,0.2406,0.2406,0.2406,4705.0
2025-01-14 05:14:00,0.2405,0.2405,0.2404,0.2404,2920.0
2025-01-14 05:15:00,0.2404,0.2407,0.2404,0.2407,1380.0
2025-01-14 05:16:00,0.2407,0.2407,0.2406,0.2407,8919.0
2025-01-14 05:17:00,0.2408,0.2408,0.2408,0.2408,3603.0
2025-01-14 05:18:00,0.2402,0.2402,0.2399,0.2401,7347.0
2025-01-14 05:19:00,0.2399,0.2399,0.2398,0.2398,955.0
2025-01-14 05:20:00,0.2401,0.2401,0.2398,0.2399,15943.0
2025-01-14 05:21:00,0.2399,0.2399,0.2399,0.2399,0.0
2025-01-14 05:22:00,0.2396,0.2396,0.2394,0.2394,618.0
2025-01-14 05:23:00,0.2392,0.2392,0.2392,0.2392,5537.0
2025-01-14 05:24:00,0.2391,0.2391,0.2391,0.2391,2444.0
2025-01-14 05:25:00,0.2392,0.2395,0.2392,0.2395,6219.0
2025-01-14 05:26:00,0.2395,0.2395,0.2395,0.2395,0.0
2025-01-14 05:27:00,0.2391,0.2391,0.239,0.239,3155.0
2025-01-14 05:28:00,0.2391,0.2392,0.2391,0.2392,265.0
2025-01-14 05:29:00,0.2392,0.2392,0.2392,0.2392,0.0
2025-01-14 05:30:00,0.239,0.2393,0.239,0.2393,5710.0
2025-01-14 05:31:00,0.2391,0.2391,0.239,0.239,98.0
2025-01-14 05:32:00,0.2389,0.2389,0.2385,0.2385,1142.0
2025-01-14 05:33:00,0.2384,0.2385,0.2384,0.2384,19950.0
2025-01-14 05:34:00,0.2384,0.2384,0.2383,0.2383,2452.0
2025-01-14 05:35:00,0.2383,0.2383,0.2383,0.2383,500.0
2025-01-14 05:36:00,0.2384,0.2386,0.2384,0.2386,10504.0
2025-01-14 05:37:00,0.2386,0.2386,0.2386,0.2386,3626.0
2025-01-14 05:38:00,0.2384,0.2385,0.2384,0.2384,1052.0
2025-01-14 05:39:00,0.2386,0.2387,0.2386,0.2387,1224.0
2025-01-14 05:40:00,0.2387,0.239,0.2386,0.239,16079.0
2025-01-14 05:41:00,0.239,0.239,0.2389,0.2389,97.0
2025-01-14 05:42:00,0.2388,0.2388,0.2384,0.2385,7468.0
2025-01-14 05:43:00,0.2387,0.2387,0.2386,0.2386,1052.0
2025-01-14 05:44:00,0.2386,0.2386,0.2386,0.2386,3478.0
2025-01-14 05:45:00,0.2385,0.2385,0.2385,0.2385,1234.0
2025-01-14 05:46:00,0.2384,0.2384,0.2382,0.2382,3957.0
2025-01-14 05:47:00,0.2384,0.2385,0.2384,0.2385,5072.0
2025-01-14 05:48:00,0.2384,0.2385,0.2382,0.2384,19316.0
2025-01-14 05:49:00,0.2383,0.2384,0.2382,0.2382,12706.0
2025-01-14 05:50:00,0.2382,0.2382,0.2379,0.2379,12376.0
2025-01-14 05:51:00,0.238,0.238,0.238,0.238,686.0
2025-01-14 05:52:00,0.238,0.2381,0.238,0.2381,422.0
2025-01-14 05:53:00,0.2381,0.2381,0.2381,0.2381,3840.0
2025-01-14 05:54:00,0.2381,0.2381,0.2381,0.2381,0.0
2025-01-14 05:55:00,0.2379,0.2379,0.2379,0.2379,86.0
2025-01-14 05:56:00,0.2378,0.2378,0.2377,0.2377,2762.0
2025-01-14 05:57:00,0.2378,0.2378,0.2378,0.2378,43.0
2025-01-14 05:58:00,0.2379,0.238,0.2379,0.238,4635.0
2025-01-14 05:59:00,0.238,0.238,0.238,0.238,0.0
2025-01-14 06:00:00,0.2382,0.2385,0.2382,0.2384,5402.0
2025-01-14 06:01:00,0.2382,0.2382,0.2378,0.2378,16048.0
2025-01-14 06:02:00,0.2377,0.2379,0.2376,0.2377,16944.0
2025-01-14 06:03:00,0.2374,0.2374,0.2374,0.2374,30.0
2025-01-14 06:04:00,0.2374,0.2374,0.2373,0.2373,8055.0
2025-01-14 06:05:00,0.2374,0.2374,0.2374,0.2374,586.0
2025-01-14 06:06:00,0.2376,0.2376,0.2376,0.2376,461.0
2025-01-14 06:07:00,0.2373,0.2373,0.2373,0.2373,1395.0
2025-01-14 06:08:00,0.2373,0.2373,0.2373,0.2373,0.0
2025-01-14 06:09:00,0.2377,0.2377,0.2377,0.2377,94.0
2025-01-14 06:10:00,0.2377,0.2377,0.2376,0.2376,2590.0
2025-01-14 06:11:00,0.2377,0.2377,0.2377,0.2377,41.0
2025-01-14 06:12:00,0.2377,0.2377,0.2377,0.2377,0.0
2025-01-14 06:13:00,0.2379,0.2379,0.2379,0.2379,461.0
2025-01-14 06:14:00,0.2379,0.2379,0.2379,0.2379,0.0
2025-01-14 06:15:00,0.2379,0.2379,0.2379,0.2379,0.0
2025-01-14 06:16:00,0.2378,0.2379,0.2378,0.2379,15727.0
2025-01-14 06:17:00,0.238,0.2383,0.238,0.2383,374.0
2025-01-14 06:18:00,0.2383,0.2386,0.2383,0.2386,8713.0
2025-01-14 06:19:00,0.2386,0.2388,0.2386,0.2388,12913.0
2025-01-14 06:20:00,0.2386,0.2386,0.2385,0.2385,8679.0
2025-01-14 06:21:00,0.2382,0.2382,0.2382,0.2382,1424.0
2025-01-14 06:22:00,0.2382,0.2382,0.2382,0.2382,0.0
2025-01-14 06:23:00,0.2382,0.2382,0.2382,0.2382,821.0
2025-01-14 06:24:00,0.2385,0.2385,0.2383,0.2383,119.0
2025-01-14 06:25:00,0.2388,0.2389,0.2388,0.2389,307.0
2025-01-14 06:26:00,0.2389,0.2389,0.2389,0.2389,2790.0
2025-01-14 06:27:00,0.2389,0.2389,0.2389,0.2389,0.0
2025-01-14 06:28:00,0.239,0.239,0.239,0.239,47.0
2025-01-14 06:29:00,0.239,0.239,0.239,0.239,83.0
2025-01-14 06:30:00,0.239,0.239,0.239,0.239,0.0
2025-01-14 06:31:00,0.2385,0.2385,0.2384,0.2384,107.0
2025-01-14 06:32:00,0.2389,0.2389,0.2389,0.2389,3614.0
2025-01-14 06:33:00,0.2386,0.2387,0.2386,0.2387,3392.0
2025-01-14 06:34:00,0.2387,0.2387,0.2387,0.2387,0.0
2025-01-14 06:35:00,0.2392,0.2393,0.2392,0.2392,5256.0
2025-01-14 06:36:00,0.2393,0.2393,0.2393,0.2393,3943.0
2025-01-14 06:37:00,0.239,0.239,0.239,0.239,42.0
2025-01-14 06:38:00,0.2392,0.2395,0.2392,0.2395,2872.0
2025-01-14 06:39:00,0.2395,0.2395,0.2395,0.2395,0.0
2025-01-14 06:40:00,0.2399,0.24,0.2398,0.2398,4103.0
2025-01-14 06:41:00,0.2398,0.2398,0.2398,0.2398,0.0
2025-01-14 06:42:00,0.2398,0.2398,0.2397,0.2397,3961.0
2025-01-14 06:43:00,0.2397,0.2397,0.2397,0.2397,0.0
2025-01-14 06:44:00,0.2397,0.2397,0.2397,0.2397,0.0
2025-01-14 06:45:00,0.2392,0.2392,0.2392,0.2392,1118.0
2025-01-14 06:46:00,0.2389,0.2389,0.2389,0.2389,2790.0
2025-01-14 06:47:00,0.2392,0.2393,0.239,0.239,4611.0
2025-01-14 06:48:00,0.239,0.239,0.2388,0.2388,2367.0
2025-01-14 06:49:00,0.2388,0.2388,0.2388,0.2388,0.0
2025-01-14 06:50:00,0.239,0.2391,0.2388,0.2388,5651.0
2025-01-14 06:51:00,0.2388,0.2388,0.2388,0.2388,72.0
2025-01-14 06:52:00,0.2388,0.2388,0.2388,0.2388,2094.0
2025-01-14 06:53:00,0.239,0.2392,0.239,0.2392,6226.0
2025-01-14 06:54:00,0.2393,0.2393,0.2393,0.2393,568.0
2025-01-14 06:55:00,0.2388,0.2388,0.2388,0.2388,2192.0
2025-01-14 06:56:00,0.239,0.239,0.239,0.239,106.0
2025-01-14 06:57:00,0.239,0.239,0.239,0.239,0.0
2025-01-14 06:58:00,0.239,0.239,0.239,0.239,125.0
2025-01-14 06:59:00,0.2393,0.2393,0.2393,0.2393,62.0
2025-01-14 07:00:00,0.2396,0.2404,0.2396,0.24,2037.0
2025-01-14 07:01:00,0.2401,0.2404,0.2401,0.2401,9054.0
2025-01-14 07:02:00,0.2398,0.2398,0.2397,0.2397,3970.0
2025-01-14 07:03:00,0.2398,0.2399,0.2397,0.2397,5046.0
2025-01-14 07:04:00,0.2394,0.2394,0.2394,0.2394,42.0
2025-01-14 07:05:00,0.2397,0.2398,0.2395,0.2395,4104.0
2025-01-14 07:06:00,0.2395,0.2395,0.2395,0.2395,0.0
2025-01-14 07:07:00,0.2396,0.2399,0.2396,0.2397,2126.0
2025-01-14 07:08:00,0.2396,0.2396,0.2394,0.2394,5880.0
2025-01-14 07:09:00,0.2394,0.2397,0.2394,0.2397,9897.0
2025-01-14 07:10:00,0.2398,0.2399,0.2398,0.2399,44827.0
2025-01-14 07:11:00,0.2396,0.2396,0.2396,0.2396,699.0
2025-01-14 07:12:00,0.2396,0.2396,0.2396,0.2396,0.0
2025-01-14 07:13:00,0.2396,0.2397,0.2396,0.2397,7267.0
2025-01-14 07:14:00,0.2397,0.2397,0.2397,0.2397,1128.0
2025-01-14 07:15:00,0.2394,0.2394,0.2394,0.2394,90.0
2025-01-14 07:16:00,0.2395,0.2395,0.2394,0.2394,4223.0
2025-01-14 07:17:00,0.2394,0.2394,0.2394,0.2394,0.0
2025-01-14 07:18:00,0.239,0.2391,0.239,0.239,5953.0
2025-01-14 07:19:00,0.2392,0.2392,0.239,0.239,67.0
2025-01-14 07:20:00,0.2389,0.2389,0.2388,0.2388,929.0
2025-01-14 07:21:00,0.2388,0.2388,0.2388,0.2388,0.0
2025-01-14 07:22:00,0.2389,0.2389,0.2387,0.2387,2142.0
2025-01-14 07:23:00,0.2388,0.2388,0.2388,0.2388,510.0
2025-01-14 07:24:00,0.2388,0.2388,0.2388,0.2388,868.0
2025-01-14 07:25:00,0.239,0.239,0.239,0.239,2052.0
2025-01-14 07:26:00,0.2388,0.2389,0.2388,0.2389,703.0
2025-01-14 07:27:00,0.239,0.239,0.239,0.239,1003.0
2025-01-14 07:28:00,0.2389,0.2389,0.2389,0.2389,88.0
2025-01-14 07:29:00,0.2388,0.2389,0.2388,0.2389,10040.0
2025-01-14 07:30:00,0.2389,0.2391,0.2389,0.2391,20318.0
2025-01-14 07:31:00,0.2394,0.2394,0.2394,0.2394,5130.0
2025-01-14 07:32:00,0.2393,0.2394,0.2392,0.2392,10331.0
2025-01-14 07:33:00,0.2392,0.2392,0.2388,0.2388,10202.0
2025-01-14 07:34:00,0.2388,0.2388,0.2388,0.2388,0.0
2025-01-14 07:35:00,0.2385,0.2385,0.2385,0.2385,104.0
2025-01-14 07:36:00,0.2385,0.2388,0.2385,0.2388,3139.0
2025-01-14 07:37:00,0.2386,0.2386,0.2385,0.2386,4081.0
2025-01-14 07:38:00,0.2386,0.2386,0.2386,0.2386,0.0
2025-01-14 07:39:00,0.2385,0.2385,0.2385,0.2385,83.0
2025-01-14 07:40:00,0.2386,0.2386,0.2385,0.2385,4447.0
2025-01-14 07:41:00,0.2384,0.2384,0.2384,0.2384,140.0
2025-01-14 07:42:00,0.2385,0.2385,0.2385,0.2385,87.0
2025-01-14 07:43:00,0.2385,0.2385,0.2385,0.2385,0.0
2025-01-14 07:44:00,0.2385,0.2386,0.2385,0.2386,4563.0
2025-01-14 07:45:00,0.2386,0.2386,0.2386,0.2386,0.0
2025-01-14 07:46:00,0.2385,0.2386,0.2384,0.2386,8540.0
2025-01-14 07:47:00,0.2384,0.2384,0.2382,0.2383,12143.0
2025-01-14 07:48:00,0.2382,0.2385,0.2382,0.2385,4264.0
2025-01-14 07:49:00,0.2383,0.2383,0.2383,0.2383,1049.0
2025-01-14 07:50:00,0.2385,0.2385,0.2385,0.2385,2096.0
2025-01-14 07:51:00,0.2381,0.2382,0.238,0.2382,4942.0
2025-01-14 07:52:00,0.238,0.238,0.238,0.238,787.0
2025-01-14 07:53:00,0.2381,0.2381,0.238,0.2381,2065.0
2025-01-14 07:54:00,0.2381,0.2381,0.2381,0.2381,0.0
2025-01-14 07:55:00,0.2381,0.2381,0.2381,0.2381,0.0
2025-01-14 07:56:00,0.2381,0.2381,0.2381,0.2381,0.0
2025-01-14 07:57:00,0.2382,0.2382,0.2382,0.2382,79.0
2025-01-14 07:58:00,0.2379,0.2379,0.2379,0.2379,26.0
2025-01-14 07:59:00,0.2379,0.2379,0.2378,0.2378,867.0
2025-01-14 08:00:00,0.2379,0.2383,0.2379,0.2383,6909.0
2025-01-14 08:01:00,0.2381,0.2383,0.2381,0.2383,4506.0
2025-01-14 08:02:00,0.2386,0.2387,0.2386,0.2386,3881.0
2025-01-14 08:03:00,0.2385,0.2385,0.2384,0.2384,13097.0
2025-01-14 08:04:00,0.2384,0.2385,0.2384,0.2385,747.0
2025-01-14 08:05:00,0.2386,0.2387,0.2386,0.2387,3259.0
2025-01-14 08:06:00,0.2392,0.2392,0.2391,0.2391,95.0
2025-01-14 08:07:00,0.2391,0.2391,0.2391,0.2391,0.0
2025-01-14 08:08:00,0.2389,0.2391,0.2389,0.2391,5402.0
2025-01-14 08:09:00,0.2392,0.2392,0.2391,0.2391,2445.0
2025-01-14 08:10:00,0.239,0.2392,0.239,0.2392,12624.0
2025-01-14 08:11:00,0.2392,0.2397,0.2392,0.2397,12170.0
2025-01-14 08:12:00,0.2396,0.24,0.2396,0.24,16415.0
2025-01-14 08:13:00,0.24,0.2402,0.24,0.2402,652.0
2025-01-14 08:14:00,0.2402,0.2404,0.2402,0.2403,708.0
2025-01-14 08:15:00,0.2404,0.2408,0.2403,0.2408,36603.0
2025-01-14 08:16:00,0.2403,0.2403,0.2402,0.2402,21034.0
2025-01-14 08:17:00,0.2398,0.24,0.2397,0.24,18795.0
2025-01-14 08:18:00,0.2409,0.2411,0.2408,0.241,16046.0
2025-01-14 08:19:00,0.2407,0.2407,0.2405,0.2405,2874.0
2025-01-14 08:20:00,0.2403,0.2403,0.2401,0.2401,10867.0
2025-01-14 08:21:00,0.24,0.24,0.24,0.24,2417.0
2025-01-14 08:22:00,0.2398,0.2398,0.2396,0.2396,4348.0
2025-01-14 08:23:00,0.2396,0.2396,0.2395,0.2395,2802.0
2025-01-14 08:24:00,0.2394,0.2394,0.2394,0.2394,3916.0
2025-01-14 08:25:00,0.2394,0.2394,0.2392,0.2392,1346.0
2025-01-14 08:26:00,0.239,0.239,0.239,0.239,42.0
2025-01-14 08:27:00,0.2396,0.2396,0.2396,0.2396,1335.0
2025-01-14 08:28:00,0.2393,0.2393,0.2393,0.2393,3620.0
2025-01-14 08:29:00,0.2393,0.2393,0.2393,0.2393,13733.0
2025-01-14 08:30:00,0.2397,0.2402,0.2397,0.2402,2273.0
2025-01-14 08:31:00,0.2403,0.2406,0.2403,0.2403,4455.0
2025-01-14 08:32:00,0.2403,0.2403,0.2399,0.2399,16726.0
2025-01-14 08:33:00,0.2397,0.2398,0.2397,0.2398,1129.0
2025-01-14 08:34:00,0.2398,0.2403,0.2398,0.2402,6795.0
2025-01-14 08:35:00,0.2398,0.2399,0.2397,0.2399,14378.0
2025-01-14 08:36:00,0.2399,0.2399,0.2399,0.2399,0.0
2025-01-14 08:37:00,0.24,0.24,0.24,0.24,27.0
2025-01-14 08:38:00,0.2406,0.2407,0.2406,0.2407,8213.0
2025-01-14 08:39:00,0.2403,0.2403,0.2403,0.2403,2080.0
2025-01-14 08:40:00,0.2404,0.2404,0.2401,0.2401,1433.0
2025-01-14 08:41:00,0.2403,0.2403,0.2403,0.2403,89.0
2025-01-14 08:42:00,0.2407,0.2407,0.2403,0.2403,125.0
2025-01-14 08:43:00,0.2405,0.2405,0.2404,0.2404,8608.0
2025-01-14 08:44:00,0.2404,0.2405,0.2403,0.2405,5026.0
2025-01-14 08:45:00,0.2405,0.2405,0.2405,0.2405,0.0
2025-01-14 08:46:00,0.2408,0.2408,0.2405,0.2405,4511.0
2025-01-14 08:47:00,0.2409,0.2409,0.2409,0.2409,128.0
2025-01-14 08:48:00,0.2409,0.2411,0.2409,0.241,7247.0
2025-01-14 08:49:00,0.2409,0.2409,0.2408,0.2408,2491.0
2025-01-14 08:50:00,0.2408,0.241,0.2408,0.241,124.0
2025-01-14 08:51:00,0.2406,0.2406,0.2406,0.2406,40.0
2025-01-14 08:52:00,0.2408,0.2408,0.2406,0.2407,4284.0
2025-01-14 08:53:00,0.2409,0.2409,0.2408,0.2408,2433.0
2025-01-14 08:54:00,0.2406,0.2406,0.2404,0.2404,1568.0
2025-01-14 08:55:00,0.2405,0.2405,0.2404,0.2404,3862.0
2025-01-14 08:56:00,0.2402,0.2402,0.2402,0.2402,2436.0
2025-01-14 08:57:00,0.24,0.24,0.24,0.24,22.0
2025-01-14 08:58:00,0.24,0.24,0.24,0.24,0.0
2025-01-14 08:59:00,0.24,0.24,0.24,0.24,38.0
2025-01-14 09:00:00,0.2398,0.2398,0.2397,0.2397,976.0
2025-01-14 09:01:00,0.2399,0.2399,0.2399,0.2399,2842.0
2025-01-14 09:02:00,0.2399,0.2399,0.2399,0.2399,0.0
2025-01-14 09:03:00,0.2399,0.24,0.2399,0.24,858.0
2025-01-14 09:04:00,0.2399,0.2399,0.2396,0.2396,527.0
2025-01-14 09:05:00,0.2397,0.2401,0.2397,0.2401,4987.0
2025-01-14 09:06:00,0.24,0.24,0.24,0.24,767.0
2025-01-14 09:07:00,0.2397,0.2399,0.2397,0.2397,9136.0
2025-01-14 09:08:00,0.2398,0.2398,0.2396,0.2396,7043.0
2025-01-14 09:09:00,0.24,0.2401,0.2397,0.2397,9042.0
2025-01-14 09:10:00,0.2402,0.2402,0.2402,0.2402,1041.0
2025-01-14 09:11:00,0.2402,0.2402,0.2402,0.2402,0.0
2025-01-14 09:12:00,0.2402,0.2403,0.24,0.2403,23706.0
2025-01-14 09:13:00,0.2405,0.2407,0.2405,0.2407,3830.0
2025-01-14 09:14:00,0.2409,0.241,0.2408,0.241,5830.0
2025-01-14 09:15:00,0.2411,0.2411,0.241,0.241,1438.0
2025-01-14 09:16:00,0.2406,0.2408,0.2406,0.2406,559.0
2025-01-14 09:17:00,0.2406,0.2406,0.2406,0.2406,0.0
2025-01-14 09:18:00,0.2408,0.2412,0.2408,0.2412,1653.0
2025-01-14 09:19:00,0.2413,0.2417,0.2413,0.2415,3493.0
2025-01-14 09:20:00,0.2415,0.2415,0.2415,0.2415,1233.0
2025-01-14 09:21:00,0.2414,0.2415,0.2414,0.2415,447.0
2025-01-14 09:22:00,0.2416,0.2424,0.2416,0.2424,28587.0
2025-01-14 09:23:00,0.2423,0.2426,0.2423,0.2425,4967.0
2025-01-14 09:24:00,0.2427,0.2431,0.2426,0.243,39605.0
2025-01-14 09:25:00,0.2431,0.2435,0.2431,0.2432,18249.0
2025-01-14 09:26:00,0.2435,0.2437,0.2435,0.2437,4955.0
2025-01-14 09:27:00,0.2435,0.2435,0.243,0.2433,9878.0
2025-01-14 09:28:00,0.2435,0.2437,0.2435,0.2435,4288.0
2025-01-14 09:29:00,0.2434,0.2434,0.2428,0.2429,16390.0
2025-01-14 09:30:00,0.2424,0.2427,0.2423,0.2427,4495.0
2025-01-14 09:31:00,0.2424,0.2427,0.2423,0.2424,12655.0
2025-01-14 09:32:00,0.2422,0.2427,0.2422,0.2427,7680.0
2025-01-14 09:33:00,0.2428,0.2432,0.2428,0.2432,6785.0
2025-01-14 09:34:00,0.2429,0.2434,0.2429,0.2434,1228.0
2025-01-14 09:35:00,0.2437,0.2443,0.2436,0.2439,25663.0
2025-01-14 09:36:00,0.2439,0.2439,0.2437,0.2437,2853.0
2025-01-14 09:37:00,0.2442,0.2443,0.2441,0.2441,4788.0
2025-01-14 09:38:00,0.2442,0.2444,0.2442,0.2443,5500.0
2025-01-14 09:39:00,0.2442,0.2442,0.2439,0.2441,23985.0
2025-01-14 09:40:00,0.2444,0.2445,0.2443,0.2443,18977.0
2025-01-14 09:41:00,0.2441,0.2444,0.2441,0.2442,5857.0
2025-01-14 09:42:00,0.244,0.244,0.2439,0.2439,1995.0
2025-01-14 09:43:00,0.2439,0.2439,0.2439,0.2439,52.0
2025-01-14 09:44:00,0.2441,0.2441,0.2441,0.2441,2746.0
2025-01-14 09:45:00,0.2438,0.2438,0.2435,0.2435,1375.0
2025-01-14 09:46:00,0.244,0.244,0.2437,0.2437,5700.0
2025-01-14 09:47:00,0.244,0.2446,0.244,0.2446,4568.0
2025-01-14 09:48:00,0.2443,0.2444,0.2441,0.2444,23504.0
2025-01-14 09:49:00,0.2446,0.2449,0.2446,0.2449,7346.0
2025-01-14 09:50:00,0.2449,0.2452,0.2448,0.245,23673.0
2025-01-14 09:51:00,0.245,0.2451,0.2448,0.2448,13901.0
2025-01-14 09:52:00,0.2449,0.2451,0.2449,0.245,9255.0
2025-01-14 09:53:00,0.245,0.245,0.2442,0.2444,6708.0
2025-01-14 09:54:00,0.2446,0.2449,0.2444,0.2448,16896.0
2025-01-14 09:55:00,0.2448,0.2448,0.2446,0.2446,178.0
2025-01-14 09:56:00,0.2447,0.2448,0.2446,0.2448,4849.0
2025-01-14 09:57:00,0.2446,0.2446,0.2446,0.2446,1022.0
2025-01-14 09:58:00,0.2446,0.2446,0.2446,0.2446,0.0
2025-01-14 09:59:00,0.2441,0.2444,0.2441,0.2444,4809.0
2025-01-14 10:00:00,0.2441,0.2441,0.2437,0.2438,8421.0
2025-01-14 10:01:00,0.2436,0.2439,0.2436,0.2438,6146.0
2025-01-14 10:02:00,0.2439,0.2439,0.2436,0.2436,4803.0
2025-01-14 10:03:00,0.2437,0.2441,0.2437,0.2441,5679.0
2025-01-14 10:04:00,0.2442,0.2442,0.2436,0.2437,7285.0
2025-01-14 10:05:00,0.2436,0.2438,0.2434,0.2435,21387.0
2025-01-14 10:06:00,0.2433,0.2433,0.2429,0.243,3870.0
2025-01-14 10:07:00,0.2429,0.2429,0.2428,0.2428,1399.0
2025-01-14 10:08:00,0.2427,0.2427,0.2424,0.2424,8649.0
2025-01-14 10:09:00,0.2426,0.2426,0.2425,0.2426,3717.0
2025-01-14 10:10:00,0.2426,0.2426,0.2422,0.2422,15886.0
2025-01-14 10:11:00,0.2424,0.2424,0.2422,0.2422,306.0
2025-01-14 10:12:00,0.2424,0.2426,0.2423,0.2426,9865.0
2025-01-14 10:13:00,0.2423,0.2423,0.2423,0.2423,1350.0
2025-01-14 10:14:00,0.2424,0.2428,0.2424,0.2428,2395.0
2025-01-14 10:15:00,0.2431,0.2431,0.2431,0.2431,6501.0
2025-01-14 10:16:00,0.2425,0.2426,0.2423,0.2426,5509.0
2025-01-14 10:17:00,0.2431,0.2435,0.2431,0.2434,1784.0
2025-01-14 10:18:00,0.2436,0.2437,0.2436,0.2436,21738.0
2025-01-14 10:19:00,0.2437,0.2437,0.2437,0.2437,1818.0
2025-01-14 10:20:00,0.2434,0.2434,0.2434,0.2434,1027.0
2025-01-14 10:21:00,0.2437,0.2438,0.2435,0.2435,41108.0
2025-01-14 10:22:00,0.2436,0.2437,0.2433,0.2434,38861.0
2025-01-14 10:23:00,0.2436,0.2438,0.2436,0.2437,3837.0
2025-01-14 10:24:00,0.2436,0.2438,0.2436,0.2438,3647.0
2025-01-14 10:25:00,0.2439,0.2442,0.2439,0.2441,11023.0
2025-01-14 10:26:00,0.2438,0.2438,0.2437,0.2437,3027.0
2025-01-14 10:27:00,0.2437,0.2437,0.2437,0.2437,882.0
2025-01-14 10:28:00,0.2434,0.2434,0.2433,0.2434,2917.0
2025-01-14 10:29:00,0.2435,0.2435,0.2435,0.2435,41.0
2025-01-14 10:30:00,0.2433,0.2433,0.2431,0.2431,3737.0
2025-01-14 10:31:00,0.2432,0.2435,0.2432,0.2434,15489.0
2025-01-14 10:32:00,0.2431,0.2432,0.243,0.243,401.0
2025-01-14 10:33:00,0.2429,0.2429,0.2429,0.2429,170.0
2025-01-14 10:34:00,0.2428,0.2428,0.2428,0.2428,81.0
2025-01-14 10:35:00,0.2427,0.2427,0.2427,0.2427,1048.0
2025-01-14 10:36:00,0.243,0.2431,0.243,0.2431,102.0
2025-01-14 10:37:00,0.2429,0.2429,0.2429,0.2429,892.0
2025-01-14 10:38:00,0.243,0.243,0.2429,0.2429,584.0
2025-01-14 10:39:00,0.2429,0.2429,0.2429,0.2429,0.0
2025-01-14 10:40:00,0.2429,0.2429,0.2429,0.2429,0.0
2025-01-14 10:41:00,0.2429,0.2429,0.2429,0.2429,0.0
2025-01-14 10:42:00,0.243,0.2432,0.243,0.2432,1056.0
2025-01-14 10:43:00,0.2433,0.2433,0.2433,0.2433,1136.0
2025-01-14 10:44:00,0.2435,0.2441,0.2435,0.244,27167.0
2025-01-14 10:45:00,0.244,0.244,0.2437,0.2437,4033.0
2025-01-14 10:46:00,0.2438,0.2438,0.2438,0.2438,158.0
2025-01-14 10:47:00,0.2438,0.2438,0.2437,0.2437,4511.0
2025-01-14 10:48:00,0.2435,0.2435,0.2434,0.2434,2053.0
2025-01-14 10:49:00,0.2434,0.2434,0.2434,0.2434,293.0
2025-01-14 10:50:00,0.2432,0.2432,0.243,0.2432,24426.0
2025-01-14 10:51:00,0.2432,0.2433,0.2432,0.2432,1840.0
2025-01-14 10:52:00,0.2433,0.2436,0.2433,0.2436,2490.0
2025-01-14 10:53:00,0.2435,0.2435,0.2435,0.2435,2053.0
2025-01-14 10:54:00,0.2436,0.2436,0.2436,0.2436,44.0
2025-01-14 10:55:00,0.2434,0.2434,0.2433,0.2433,741.0
2025-01-14 10:56:00,0.2433,0.2433,0.2433,0.2433,100.0
2025-01-14 10:57:00,0.2431,0.2431,0.2429,0.2429,195.0
2025-01-14 10:58:00,0.2429,0.2429,0.2429,0.2429,0.0
2025-01-14 10:59:00,0.2432,0.2433,0.2432,0.2433,1371.0
2025-01-14 11:00:00,0.2435,0.2436,0.2428,0.2428,20864.0
2025-01-14 11:01:00,0.2428,0.2428,0.2427,0.2427,4357.0
2025-01-14 11:02:00,0.2427,0.2432,0.2427,0.2431,17970.0
2025-01-14 11:03:00,0.243,0.243,0.2427,0.2428,16052.0
2025-01-14 11:04:00,0.2428,0.2429,0.2428,0.2429,18021.0
2025-01-14 11:05:00,0.243,0.243,0.2428,0.2429,39230.0
2025-01-14 11:06:00,0.2429,0.2432,0.2429,0.243,32625.0
2025-01-14 11:07:00,0.2427,0.2427,0.2426,0.2426,5953.0
2025-01-14 11:08:00,0.2424,0.2424,0.2422,0.2422,6516.0
2025-01-14 11:09:00,0.2425,0.2425,0.2424,0.2424,6069.0
2025-01-14 11:10:00,0.2425,0.2427,0.2425,0.2427,2225.0
2025-01-14 11:11:00,0.2426,0.243,0.2426,0.243,8504.0
2025-01-14 11:12:00,0.2428,0.2429,0.2427,0.2428,11205.0
2025-01-14 11:13:00,0.2428,0.2428,0.2427,0.2427,13873.0
2025-01-14 11:14:00,0.2426,0.2427,0.2425,0.2427,16094.0
2025-01-14 11:15:00,0.2427,0.243,0.2426,0.2426,8335.0
2025-01-14 11:16:00,0.2426,0.2426,0.2426,0.2426,5240.0
2025-01-14 11:17:00,0.2426,0.2426,0.2423,0.2423,15492.0
2025-01-14 11:18:00,0.2424,0.2425,0.2424,0.2424,11661.0
2025-01-14 11:19:00,0.2424,0.2424,0.2422,0.2422,1698.0
2025-01-14 11:20:00,0.2422,0.2423,0.2422,0.2422,8570.0
2025-01-14 11:21:00,0.2422,0.2423,0.2418,0.2418,16483.0
2025-01-14 11:22:00,0.2417,0.2417,0.2415,0.2415,7880.0
2025-01-14 11:23:00,0.2414,0.2416,0.2413,0.2416,18318.0
2025-01-14 11:24:00,0.2416,0.2417,0.2415,0.2417,12590.0
2025-01-14 11:25:00,0.2419,0.242,0.2419,0.242,1032.0
2025-01-14 11:26:00,0.2419,0.2423,0.2419,0.2423,39685.0
2025-01-14 11:27:00,0.2422,0.2423,0.2422,0.2423,5420.0
2025-01-14 11:28:00,0.2424,0.2424,0.2423,0.2423,5957.0
2025-01-14 11:29:00,0.2422,0.2422,0.2422,0.2422,7574.0
2025-01-14 11:30:00,0.2427,0.2427,0.2427,0.2427,183.0
2025-01-14 11:31:00,0.2427,0.2429,0.2426,0.2429,15654.0
2025-01-14 11:32:00,0.2428,0.2428,0.2425,0.2425,26293.0
2025-01-14 11:33:00,0.2424,0.2426,0.2424,0.2425,9983.0
2025-01-14 11:34:00,0.2424,0.2425,0.2423,0.2423,3028.0
2025-01-14 11:35:00,0.2424,0.2424,0.2423,0.2423,7150.0
2025-01-14 11:36:00,0.2422,0.2424,0.242,0.242,8836.0
2025-01-14 11:37:00,0.242,0.2421,0.242,0.2421,4169.0
2025-01-14 11:38:00,0.2421,0.2421,0.242,0.242,9361.0
2025-01-14 11:39:00,0.242,0.242,0.2416,0.2416,5992.0
2025-01-14 11:40:00,0.2414,0.2414,0.2409,0.241,15273.0
2025-01-14 11:41:00,0.2411,0.2411,0.2408,0.2408,8266.0
2025-01-14 11:42:00,0.2409,0.2413,0.2408,0.2413,20596.0
2025-01-14 11:43:00,0.2412,0.2415,0.2412,0.2413,11432.0
2025-01-14 11:44:00,0.2413,0.2418,0.2413,0.2417,11623.0
2025-01-14 11:45:00,0.2415,0.2416,0.2413,0.2415,10124.0
2025-01-14 11:46:00,0.2415,0.2415,0.2411,0.2412,52328.0
2025-01-14 11:47:00,0.2413,0.2413,0.241,0.2413,3390.0
2025-01-14 11:48:00,0.2412,0.2413,0.2411,0.2412,886.0
2025-01-14 11:49:00,0.2412,0.2412,0.2409,0.2412,1869.0
2025-01-14 11:50:00,0.2412,0.2413,0.241,0.2413,2067.0
2025-01-14 11:51:00,0.2413,0.2418,0.2413,0.2416,7479.0
2025-01-14 11:52:00,0.2416,0.2416,0.2416,0.2416,2154.0
2025-01-14 11:53:00,0.2415,0.2417,0.2415,0.2416,4018.0
2025-01-14 11:54:00,0.2416,0.2417,0.2416,0.2417,1450.0
2025-01-14 11:55:00,0.2416,0.2417,0.2416,0.2417,916.0
2025-01-14 11:56:00,0.2417,0.242,0.2417,0.2418,4378.0
2025-01-14 11:57:00,0.2419,0.242,0.2418,0.2419,8767.0
2025-01-14 11:58:00,0.2419,0.2421,0.2419,0.2421,1868.0
2025-01-14 11:59:00,0.2421,0.2422,0.2421,0.2422,7505.0
2025-01-14 12:00:00,0.2422,0.2427,0.2422,0.2425,8205.0
2025-01-14 12:01:00,0.2425,0.2425,0.2419,0.2419,64812.0
2025-01-14 12:02:00,0.2419,0.2422,0.2419,0.2422,3641.0
2025-01-14 12:03:00,0.2421,0.2421,0.2418,0.2419,5934.0
2025-01-14 12:04:00,0.2417,0.2417,0.2413,0.2417,18567.0
2025-01-14 12:05:00,0.2413,0.2413,0.2413,0.2413,42.0
2025-01-14 12:06:00,0.2412,0.2412,0.2411,0.2412,7114.0
2025-01-14 12:07:00,0.2409,0.2409,0.2409,0.2409,4641.0
2025-01-14 12:08:00,0.2409,0.2409,0.2409,0.2409,31.0
2025-01-14 12:09:00,0.2408,0.2408,0.2408,0.2408,67.0
2025-01-14 12:10:00,0.2408,0.2408,0.2408,0.2408,0.0
2025-01-14 12:11:00,0.2411,0.2411,0.2411,0.2411,1642.0
2025-01-14 12:12:00,0.2411,0.2411,0.2411,0.2411,0.0
2025-01-14 12:13:00,0.2412,0.2413,0.2412,0.2412,1191.0
2025-01-14 12:14:00,0.241,0.2411,0.241,0.2411,541.0
2025-01-14 12:15:00,0.2409,0.2409,0.2409,0.2409,165.0
2025-01-14 12:16:00,0.2408,0.241,0.2407,0.241,899.0
2025-01-14 12:17:00,0.241,0.241,0.241,0.241,0.0
2025-01-14 12:18:00,0.2409,0.2409,0.2409,0.2409,1121.0
2025-01-14 12:19:00,0.2406,0.2409,0.2406,0.2409,1334.0
2025-01-14 12:20:00,0.2409,0.2409,0.2404,0.2404,5936.0
2025-01-14 12:21:00,0.2406,0.2406,0.2404,0.2404,8509.0
2025-01-14 12:22:00,0.2404,0.2404,0.2404,0.2404,0.0
2025-01-14 12:23:00,0.2404,0.2404,0.2403,0.2404,1352.0
2025-01-14 12:24:00,0.2401,0.2401,0.2401,0.2401,8508.0
2025-01-14 12:25:00,0.2401,0.2403,0.2401,0.2402,12054.0
2025-01-14 12:26:00,0.2403,0.241,0.2403,0.241,876.0
2025-01-14 12:27:00,0.2407,0.2407,0.2406,0.2406,1086.0
2025-01-14 12:28:00,0.2407,0.2408,0.2407,0.2408,1712.0
2025-01-14 12:29:00,0.2405,0.2405,0.2405,0.2405,286.0
2025-01-14 12:30:00,0.2405,0.2405,0.2405,0.2405,0.0
2025-01-14 12:31:00,0.2405,0.2405,0.2404,0.2405,11906.0
2025-01-14 12:32:00,0.2405,0.2405,0.2404,0.2404,3043.0
2025-01-14 12:33:00,0.2403,0.2403,0.2403,0.2403,3767.0
2025-01-14 12:34:00,0.2401,0.2401,0.2401,0.2401,42.0
2025-01-14 12:35:00,0.2403,0.2403,0.2401,0.2401,4951.0
2025-01-14 12:36:00,0.2404,0.2404,0.2401,0.2401,5778.0
2025-01-14 12:37:00,0.2404,0.2404,0.2404,0.2404,564.0
2025-01-14 12:38:00,0.2404,0.2404,0.2403,0.2403,790.0
2025-01-14 12:39:00,0.2404,0.2406,0.2404,0.2405,27490.0
2025-01-14 12:40:00,0.2405,0.2408,0.2405,0.2408,13549.0
2025-01-14 12:41:00,0.2406,0.2406,0.2401,0.2401,7705.0
2025-01-14 12:42:00,0.2401,0.2401,0.2397,0.2397,10900.0
2025-01-14 12:43:00,0.2397,0.2397,0.2395,0.2397,18308.0
2025-01-14 12:44:00,0.2397,0.2397,0.2395,0.2396,1640.0
2025-01-14 12:45:00,0.2396,0.2396,0.2395,0.2395,1671.0
2025-01-14 12:46:00,0.2396,0.2397,0.2395,0.2395,1524.0
2025-01-14 12:47:00,0.2395,0.2398,0.2395,0.2398,1393.0
2025-01-14 12:48:00,0.2398,0.2399,0.2397,0.2399,985.0
2025-01-14 12:49:00,0.2402,0.2405,0.2402,0.2405,2231.0
2025-01-14 12:50:00,0.2403,0.2403,0.2403,0.2403,263.0
2025-01-14 12:51:00,0.2403,0.2403,0.2403,0.2403,1040.0
2025-01-14 12:52:00,0.2402,0.2403,0.2402,0.2402,509.0
2025-01-14 12:53:00,0.2402,0.2402,0.2402,0.2402,0.0
2025-01-14 12:54:00,0.24,0.24,0.2399,0.2399,1343.0
2025-01-14 12:55:00,0.2398,0.2398,0.2396,0.2396,5020.0
2025-01-14 12:56:00,0.2396,0.2396,0.2396,0.2396,965.0
2025-01-14 12:57:00,0.2395,0.2395,0.2394,0.2394,14609.0
2025-01-14 12:58:00,0.2395,0.2395,0.2395,0.2395,1413.0
2025-01-14 12:59:00,0.2393,0.2393,0.2393,0.2393,206.0
2025-01-14 13:00:00,0.2395,0.2395,0.2394,0.2394,3498.0
2025-01-14 13:01:00,0.2396,0.2397,0.2392,0.2393,10390.0
2025-01-14 13:02:00,0.2391,0.2391,0.2388,0.239,14850.0
2025-01-14 13:03:00,0.239,0.2395,0.239,0.2395,6956.0
2025-01-14 13:04:00,0.2394,0.2397,0.2394,0.2397,577.0
2025-01-14 13:05:00,0.2398,0.2398,0.2397,0.2397,1309.0
2025-01-14 13:06:00,0.2398,0.2401,0.2398,0.2398,8249.0
2025-01-14 13:07:00,0.2399,0.2399,0.2397,0.2397,231.0
2025-01-14 13:08:00,0.2396,0.2396,0.2396,0.2396,3191.0
2025-01-14 13:09:00,0.2394,0.2394,0.2393,0.2393,1644.0
2025-01-14 13:10:00,0.2392,0.2392,0.2392,0.2392,166.0
2025-01-14 13:11:00,0.2394,0.2395,0.2394,0.2395,1659.0
2025-01-14 13:12:00,0.2395,0.2395,0.2391,0.2392,26216.0
2025-01-14 13:13:00,0.2393,0.2396,0.2393,0.2396,9521.0
2025-01-14 13:14:00,0.2397,0.2397,0.2391,0.2391,11173.0
2025-01-14 13:15:00,0.2392,0.2394,0.2392,0.2394,5551.0
2025-01-14 13:16:00,0.2392,0.2392,0.239,0.239,5853.0
2025-01-14 13:17:00,0.2389,0.2389,0.2388,0.2388,1068.0
2025-01-14 13:18:00,0.2387,0.2391,0.2385,0.2391,9918.0
2025-01-14 13:19:00,0.2389,0.2389,0.2389,0.2389,1046.0
2025-01-14 13:20:00,0.2387,0.2389,0.2387,0.2389,2544.0
2025-01-14 13:21:00,0.2391,0.2391,0.2391,0.2391,209.0
2025-01-14 13:22:00,0.2392,0.2392,0.2392,0.2392,1563.0
2025-01-14 13:23:00,0.239,0.239,0.239,0.239,70.0
2025-01-14 13:24:00,0.2389,0.2389,0.2389,0.2389,42.0
2025-01-14 13:25:00,0.239,0.239,0.239,0.239,24.0
2025-01-14 13:26:00,0.2385,0.2385,0.2385,0.2385,134.0
2025-01-14 13:27:00,0.2384,0.2384,0.2382,0.2384,13718.0
2025-01-14 13:28:00,0.2387,0.2389,0.2387,0.2389,449.0
2025-01-14 13:29:00,0.2388,0.2389,0.2383,0.2384,34996.0
2025-01-14 13:30:00,0.2385,0.2437,0.2385,0.2424,402494.0
2025-01-14 13:31:00,0.2425,0.2432,0.242,0.2426,238883.0
2025-01-14 13:32:00,0.2427,0.243,0.2415,0.2415,49261.0
2025-01-14 13:33:00,0.2414,0.2419,0.2411,0.2411,11060.0
2025-01-14 13:34:00,0.2412,0.2414,0.2411,0.2411,8615.0
2025-01-14 13:35:00,0.2405,0.2409,0.2403,0.2409,12022.0
2025-01-14 13:36:00,0.2405,0.2415,0.2405,0.2406,37560.0
2025-01-14 13:37:00,0.2405,0.2413,0.2405,0.241,8598.0
2025-01-14 13:38:00,0.2407,0.2407,0.2405,0.2406,6637.0
2025-01-14 13:39:00,0.2408,0.2411,0.2408,0.2411,1199.0
2025-01-14 13:40:00,0.2412,0.2413,0.2408,0.2408,1548.0
2025-01-14 13:41:00,0.2407,0.241,0.2406,0.241,4320.0
2025-01-14 13:42:00,0.2414,0.2414,0.2414,0.2414,125.0
2025-01-14 13:43:00,0.241,0.2416,0.241,0.2414,1602.0
2025-01-14 13:44:00,0.241,0.2411,0.2407,0.2407,4679.0
2025-01-14 13:45:00,0.2407,0.2407,0.2407,0.2407,0.0
2025-01-14 13:46:00,0.2417,0.2422,0.2417,0.2422,10016.0
2025-01-14 13:47:00,0.2423,0.2424,0.2423,0.2424,3567.0
2025-01-14 13:48:00,0.2425,0.2426,0.2423,0.2426,3915.0
2025-01-14 13:49:00,0.2423,0.2423,0.2421,0.2421,1679.0
2025-01-14 13:50:00,0.2422,0.2423,0.2418,0.2418,4614.0
2025-01-14 13:51:00,0.2419,0.2419,0.2409,0.2409,7347.0
2025-01-14 13:52:00,0.2411,0.2411,0.241,0.241,4359.0
2025-01-14 13:53:00,0.2409,0.241,0.2409,0.241,8826.0
2025-01-14 13:54:00,0.241,0.2412,0.241,0.2412,25660.0
2025-01-14 13:55:00,0.2411,0.2414,0.2411,0.2414,239.0
2025-01-14 13:56:00,0.2412,0.2412,0.2408,0.2408,614.0
2025-01-14 13:57:00,0.2408,0.2408,0.2408,0.2408,0.0
2025-01-14 13:58:00,0.2408,0.2408,0.2406,0.2406,31299.0
2025-01-14 13:59:00,0.2406,0.2406,0.2406,0.2406,0.0
2025-01-14 14:00:00,0.2409,0.241,0.2408,0.2408,944.0
2025-01-14 14:01:00,0.2408,0.2408,0.2408,0.2408,321.0
2025-01-14 14:02:00,0.2405,0.2405,0.2404,0.2404,8938.0
2025-01-14 14:03:00,0.2403,0.2405,0.2398,0.2398,12286.0
2025-01-14 14:04:00,0.24,0.2404,0.24,0.2403,4112.0
2025-01-14 14:05:00,0.2405,0.2405,0.2401,0.2401,3991.0
2025-01-14 14:06:00,0.24,0.2404,0.2399,0.2404,4268.0
2025-01-14 14:07:00,0.24,0.24,0.24,0.24,832.0
2025-01-14 14:08:00,0.2399,0.2399,0.2398,0.2398,3792.0
2025-01-14 14:09:00,0.2396,0.2396,0.2395,0.2395,1484.0
2025-01-14 14:10:00,0.2396,0.2396,0.2393,0.2393,3279.0
2025-01-14 14:11:00,0.2392,0.2393,0.2392,0.2393,6754.0
2025-01-14 14:12:00,0.2396,0.2396,0.2395,0.2395,1189.0
2025-01-14 14:13:00,0.2398,0.2398,0.2398,0.2398,62.0
2025-01-14 14:14:00,0.2397,0.2398,0.2397,0.2398,1105.0
2025-01-14 14:15:00,0.2398,0.24,0.2398,0.24,7417.0
2025-01-14 14:16:00,0.2402,0.2405,0.2402,0.2403,5692.0
2025-01-14 14:17:00,0.2402,0.2405,0.2402,0.2404,1155.0
2025-01-14 14:18:00,0.2402,0.2404,0.2401,0.2404,577.0
2025-01-14 14:19:00,0.2405,0.2405,0.2405,0.2405,42.0
2025-01-14 14:20:00,0.2405,0.2405,0.2405,0.2405,0.0
2025-01-14 14:21:00,0.2407,0.2408,0.2407,0.2408,313.0
2025-01-14 14:22:00,0.2409,0.2411,0.2409,0.2411,1715.0
2025-01-14 14:23:00,0.241,0.241,0.241,0.241,1085.0
2025-01-14 14:24:00,0.2409,0.2409,0.2409,0.2409,10124.0
2025-01-14 14:25:00,0.2411,0.2411,0.2409,0.241,1783.0
2025-01-14 14:26:00,0.2414,0.2417,0.2414,0.2417,700.0
2025-01-14 14:27:00,0.2416,0.2417,0.2416,0.2417,3614.0
2025-01-14 14:28:00,0.2418,0.2422,0.2418,0.2422,24630.0
2025-01-14 14:29:00,0.242,0.242,0.242,0.242,27.0
2025-01-14 14:30:00,0.2419,0.2424,0.2419,0.2423,35986.0
2025-01-14 14:31:00,0.2426,0.2427,0.2426,0.2427,4643.0
2025-01-14 14:32:00,0.2426,0.2427,0.2418,0.2418,12750.0
2025-01-14 14:33:00,0.2418,0.2418,0.2418,0.2418,16728.0
2025-01-14 14:34:00,0.2422,0.2425,0.2422,0.2424,13549.0
2025-01-14 14:35:00,0.2428,0.243,0.2426,0.2426,16875.0
2025-01-14 14:36:00,0.2424,0.2426,0.2424,0.2426,1558.0
2025-01-14 14:37:00,0.243,0.2435,0.243,0.2435,9515.0
2025-01-14 14:38:00,0.2436,0.2437,0.2434,0.2436,3151.0
2025-01-14 14:39:00,0.2438,0.2438,0.2433,0.2438,16078.0
2025-01-14 14:40:00,0.2438,0.244,0.2438,0.2438,3225.0
2025-01-14 14:41:00,0.2439,0.244,0.2435,0.2438,8567.0
2025-01-14 14:42:00,0.2434,0.2435,0.2434,0.2435,7384.0
2025-01-14 14:43:00,0.2432,0.2433,0.2429,0.2429,3069.0
2025-01-14 14:44:00,0.2428,0.2428,0.2427,0.2427,340.0
2025-01-14 14:45:00,0.2429,0.2429,0.2423,0.2426,18805.0
2025-01-14 14:46:00,0.2422,0.2423,0.2421,0.2421,10190.0
2025-01-14 14:47:00,0.2417,0.2419,0.2417,0.2417,2587.0
2025-01-14 14:48:00,0.2417,0.242,0.2416,0.2417,9544.0
2025-01-14 14:49:00,0.242,0.2422,0.2419,0.2422,14981.0
2025-01-14 14:50:00,0.2423,0.2427,0.2422,0.2422,15027.0
2025-01-14 14:51:00,0.2425,0.2428,0.2424,0.2428,5098.0
2025-01-14 14:52:00,0.2429,0.2429,0.2422,0.2424,1306.0
2025-01-14 14:53:00,0.242,0.242,0.2419,0.2419,436.0
2025-01-14 14:54:00,0.2416,0.2416,0.241,0.241,14773.0
2025-01-14 14:55:00,0.2411,0.2412,0.241,0.241,14429.0
2025-01-14 14:56:00,0.2409,0.2413,0.2409,0.2413,1147.0
2025-01-14 14:57:00,0.2411,0.2411,0.2409,0.2409,1589.0
2025-01-14 14:58:00,0.2407,0.2408,0.2407,0.2408,1650.0
2025-01-14 14:59:00,0.2408,0.2414,0.2408,0.2414,47884.0
2025-01-14 15:00:00,0.2415,0.2421,0.2415,0.2415,282567.0
2025-01-14 15:01:00,0.2414,0.2415,0.2412,0.2415,9511.0
2025-01-14 15:02:00,0.2417,0.2419,0.2415,0.2417,3184.0
2025-01-14 15:03:00,0.2419,0.2422,0.2419,0.2422,7750.0
2025-01-14 15:04:00,0.2423,0.2424,0.2418,0.2418,4481.0
2025-01-14 15:05:00,0.2417,0.2419,0.2414,0.2418,84905.0
2025-01-14 15:06:00,0.2419,0.2426,0.2419,0.2426,7305.0
2025-01-14 15:07:00,0.2427,0.2429,0.2427,0.2427,6767.0
2025-01-14 15:08:00,0.2427,0.2431,0.2427,0.2431,4063.0
2025-01-14 15:09:00,0.2431,0.2434,0.2431,0.2434,2032.0
2025-01-14 15:10:00,0.2427,0.2428,0.2426,0.2428,8242.0
2025-01-14 15:11:00,0.2428,0.243,0.2425,0.243,3788.0
2025-01-14 15:12:00,0.2431,0.2431,0.2431,0.2431,571.0
2025-01-14 15:13:00,0.2432,0.2432,0.2431,0.2431,535.0
2025-01-14 15:14:00,0.2432,0.2433,0.2432,0.2433,4485.0
2025-01-14 15:15:00,0.2433,0.2433,0.243,0.2431,12806.0
2025-01-14 15:16:00,0.2431,0.2436,0.2431,0.2436,20656.0
2025-01-14 15:17:00,0.2436,0.2438,0.2436,0.2438,1469.0
2025-01-14 15:18:00,0.2435,0.2435,0.2433,0.2434,4383.0
2025-01-14 15:19:00,0.2435,0.2435,0.2433,0.2435,5586.0
2025-01-14 15:20:00,0.2431,0.2434,0.2431,0.2434,6272.0
2025-01-14 15:21:00,0.2434,0.2434,0.2431,0.2432,1162.0
2025-01-14 15:22:00,0.2431,0.2431,0.2427,0.2427,5619.0
2025-01-14 15:23:00,0.2426,0.2431,0.2426,0.2429,4323.0
2025-01-14 15:24:00,0.2429,0.2429,0.2429,0.2429,131.0
2025-01-14 15:25:00,0.2431,0.2431,0.2431,0.2431,1777.0
2025-01-14 15:26:00,0.2428,0.2428,0.2424,0.2424,5755.0
2025-01-14 15:27:00,0.2423,0.2423,0.2422,0.2422,1092.0
2025-01-14 15:28:00,0.2423,0.2424,0.2423,0.2424,5102.0
2025-01-14 15:29:00,0.2422,0.2423,0.2422,0.2423,150.0
2025-01-14 15:30:00,0.2426,0.2426,0.2423,0.2423,154.0
2025-01-14 15:31:00,0.2422,0.2423,0.2421,0.2423,3185.0
2025-01-14 15:32:00,0.2426,0.2426,0.2422,0.2422,181.0
2025-01-14 15:33:00,0.2422,0.2426,0.2422,0.2426,265.0
2025-01-14 15:34:00,0.2426,0.2427,0.2425,0.2425,1709.0
2025-01-14 15:35:00,0.2425,0.2425,0.2425,0.2425,43.0
2025-01-14 15:36:00,0.2428,0.2428,0.2428,0.2428,876.0
2025-01-14 15:37:00,0.2425,0.2425,0.2422,0.2422,3001.0
2025-01-14 15:38:00,0.2425,0.2426,0.2422,0.2422,811.0
2025-01-14 15:39:00,0.2421,0.2421,0.2418,0.2419,1641.0
2025-01-14 15:40:00,0.2423,0.2423,0.2423,0.2423,384.0
2025-01-14 15:41:00,0.2426,0.2429,0.2426,0.2429,3814.0
2025-01-14 15:42:00,0.243,0.243,0.243,0.243,31.0
2025-01-14 15:43:00,0.243,0.2431,0.243,0.2431,657.0
2025-01-14 15:44:00,0.243,0.2434,0.243,0.2434,7599.0
2025-01-14 15:45:00,0.2431,0.2431,0.243,0.243,342.0
2025-01-14 15:46:00,0.2427,0.2427,0.2423,0.2425,1402.0
2025-01-14 15:47:00,0.2427,0.2428,0.2427,0.2428,2908.0
2025-01-14 15:48:00,0.2425,0.2428,0.2425,0.2428,3649.0
2025-01-14 15:49:00,0.2428,0.2428,0.2428,0.2428,5332.0
2025-01-14 15:50:00,0.2426,0.2427,0.2426,0.2427,662.0
2025-01-14 15:51:00,0.2427,0.2427,0.2426,0.2426,1468.0
2025-01-14 15:52:00,0.243,0.243,0.243,0.243,2234.0
2025-01-14 15:53:00,0.243,0.243,0.243,0.243,0.0
2025-01-14 15:54:00,0.2426,0.2428,0.2426,0.2428,1775.0
2025-01-14 15:55:00,0.2428,0.2428,0.2428,0.2428,0.0
2025-01-14 15:56:00,0.2425,0.2425,0.2422,0.2422,7061.0
2025-01-14 15:57:00,0.2423,0.2425,0.2421,0.2425,24732.0
2025-01-14 15:58:00,0.2421,0.2421,0.2419,0.2419,5178.0
2025-01-14 15:59:00,0.2419,0.2419,0.2419,0.2419,230.0
2025-01-14 16:00:00,0.2418,0.2418,0.2413,0.2413,5636.0
2025-01-14 16:01:00,0.2412,0.2412,0.2408,0.2408,7715.0
2025-01-14 16:02:00,0.2406,0.2406,0.2402,0.2402,2978.0
2025-01-14 16:03:00,0.2401,0.2401,0.2396,0.2399,23895.0
2025-01-14 16:04:00,0.2395,0.24,0.2395,0.2396,6697.0
2025-01-14 16:05:00,0.2394,0.2394,0.2391,0.2391,6541.0
2025-01-14 16:06:00,0.2396,0.2402,0.2396,0.2402,1849.0
2025-01-14 16:07:00,0.2406,0.2406,0.2402,0.2402,2172.0
2025-01-14 16:08:00,0.2402,0.2409,0.2401,0.2409,5552.0
2025-01-14 16:09:00,0.241,0.241,0.241,0.241,2123.0
2025-01-14 16:10:00,0.2402,0.2404,0.2402,0.2403,16324.0
2025-01-14 16:11:00,0.2398,0.24,0.2398,0.24,6245.0
2025-01-14 16:12:00,0.2401,0.2401,0.2401,0.2401,3118.0
2025-01-14 16:13:00,0.2401,0.2401,0.2401,0.2401,0.0
2025-01-14 16:14:00,0.2399,0.2404,0.2399,0.2404,2794.0
2025-01-14 16:15:00,0.24,0.24,0.24,0.24,900.0
2025-01-14 16:16:00,0.2402,0.2407,0.2402,0.2407,634.0
2025-01-14 16:17:00,0.2409,0.241,0.2409,0.241,662.0
2025-01-14 16:18:00,0.2409,0.2409,0.2406,0.2406,2526.0
2025-01-14 16:19:00,0.2407,0.2407,0.2407,0.2407,3021.0
2025-01-14 16:20:00,0.2409,0.241,0.2409,0.2409,10602.0
2025-01-14 16:21:00,0.2409,0.2409,0.2409,0.2409,0.0
2025-01-14 16:22:00,0.2411,0.2414,0.2411,0.2414,2897.0
2025-01-14 16:23:00,0.2416,0.2416,0.2416,0.2416,1035.0
2025-01-14 16:24:00,0.2414,0.2414,0.2414,0.2414,749.0
2025-01-14 16:25:00,0.2417,0.2417,0.2417,0.2417,44.0
2025-01-14 16:26:00,0.2417,0.2418,0.2416,0.2417,44258.0
2025-01-14 16:27:00,0.2417,0.2418,0.2417,0.2418,10908.0
2025-01-14 16:28:00,0.2417,0.2417,0.2415,0.2415,1454.0
2025-01-14 16:29:00,0.2413,0.2413,0.2413,0.2413,550.0
2025-01-14 16:30:00,0.241,0.241,0.2409,0.2409,2912.0
2025-01-14 16:31:00,0.2409,0.241,0.2409,0.2409,1536.0
2025-01-14 16:32:00,0.2408,0.2408,0.2405,0.2408,9624.0
2025-01-14 16:33:00,0.2409,0.2409,0.2409,0.2409,2268.0
2025-01-14 16:34:00,0.2409,0.2409,0.2409,0.2409,48.0
2025-01-14 16:35:00,0.2409,0.2409,0.2409,0.2409,0.0
2025-01-14 16:36:00,0.2408,0.2408,0.2408,0.2408,2036.0
2025-01-14 16:37:00,0.2408,0.2408,0.2408,0.2408,288.0
2025-01-14 16:38:00,0.2408,0.2408,0.2408,0.2408,0.0
2025-01-14 16:39:00,0.2403,0.2403,0.2403,0.2403,1395.0
2025-01-14 16:40:00,0.2403,0.2403,0.2403,0.2403,0.0
2025-01-14 16:41:00,0.2404,0.2404,0.2404,0.2404,1040.0
2025-01-14 16:42:00,0.2403,0.2403,0.2402,0.2402,23661.0
2025-01-14 16:43:00,0.2403,0.2403,0.2398,0.2399,15026.0
2025-01-14 16:44:00,0.2398,0.2398,0.2392,0.2395,354846.0
2025-01-14 16:45:00,0.2396,0.24,0.2396,0.24,26269.0
2025-01-14 16:46:00,0.2399,0.2401,0.2399,0.2401,1189.0
2025-01-14 16:47:00,0.2401,0.2401,0.2399,0.2399,6942.0
2025-01-14 16:48:00,0.24,0.2402,0.24,0.2402,6613.0
2025-01-14 16:49:00,0.2401,0.2401,0.2401,0.2401,24.0
2025-01-14 16:50:00,0.2401,0.2401,0.2401,0.2401,0.0
2025-01-14 16:51:00,0.2404,0.2406,0.2404,0.2405,2683.0
2025-01-14 16:52:00,0.2406,0.2406,0.2405,0.2405,1605.0
2025-01-14 16:53:00,0.2405,0.2405,0.2405,0.2405,270.0
2025-01-14 16:54:00,0.2408,0.2408,0.2406,0.2406,88.0
2025-01-14 16:55:00,0.2406,0.2406,0.2406,0.2406,3624.0
2025-01-14 16:56:00,0.2408,0.2408,0.2407,0.2407,2154.0
2025-01-14 16:57:00,0.2407,0.2407,0.2407,0.2407,187.0
2025-01-14 16:58:00,0.2411,0.2411,0.2411,0.2411,62.0
2025-01-14 16:59:00,0.2411,0.2411,0.2411,0.2411,1232.0
2025-01-14 17:00:00,0.2411,0.2417,0.2411,0.2415,13859.0
2025-01-14 17:01:00,0.2413,0.2413,0.2413,0.2413,372.0
2025-01-14 17:02:00,0.2415,0.2415,0.2414,0.2414,83.0
2025-01-14 17:03:00,0.2413,0.2416,0.2413,0.2416,792.0
2025-01-14 17:04:00,0.2412,0.2417,0.2412,0.2417,7089.0
2025-01-14 17:05:00,0.2419,0.2419,0.2419,0.2419,166.0
2025-01-14 17:06:00,0.242,0.2421,0.242,0.2421,1064.0
2025-01-14 17:07:00,0.2422,0.2432,0.2422,0.2431,5933.0
2025-01-14 17:08:00,0.2432,0.2433,0.2432,0.2433,3405.0
2025-01-14 17:09:00,0.2434,0.2434,0.2434,0.2434,1305.0
2025-01-14 17:10:00,0.2437,0.2437,0.2436,0.2436,196.0
2025-01-14 17:11:00,0.2436,0.2438,0.2436,0.2438,2862.0
2025-01-14 17:12:00,0.2439,0.2439,0.2438,0.2438,2842.0
2025-01-14 17:13:00,0.2438,0.244,0.2434,0.244,4149.0
2025-01-14 17:14:00,0.244,0.244,0.2437,0.2437,727.0
2025-01-14 17:15:00,0.2436,0.2436,0.2433,0.2433,5127.0
2025-01-14 17:16:00,0.2432,0.2439,0.2432,0.2439,757.0
2025-01-14 17:17:00,0.2441,0.2441,0.2441,0.2441,889.0
2025-01-14 17:18:00,0.2442,0.2446,0.2442,0.2446,2460.0
2025-01-14 17:19:00,0.2446,0.2446,0.2441,0.2441,5263.0
2025-01-14 17:20:00,0.2442,0.2442,0.2436,0.2436,3585.0
2025-01-14 17:21:00,0.2436,0.2436,0.243,0.2433,15349.0
2025-01-14 17:22:00,0.2432,0.2433,0.243,0.2432,7105.0
2025-01-14 17:23:00,0.2433,0.2433,0.2432,0.2432,1268.0
2025-01-14 17:24:00,0.2433,0.2433,0.2432,0.2432,341.0
2025-01-14 17:25:00,0.2436,0.2437,0.2434,0.2436,6459.0
2025-01-14 17:26:00,0.2437,0.2437,0.2437,0.2437,267.0
2025-01-14 17:27:00,0.2443,0.2443,0.244,0.2441,3210.0
2025-01-14 17:28:00,0.2442,0.2443,0.2442,0.2443,2086.0
2025-01-14 17:29:00,0.2444,0.2445,0.2444,0.2444,334.0
2025-01-14 17:30:00,0.2446,0.2448,0.2446,0.2448,4000.0
2025-01-14 17:31:00,0.2445,0.2446,0.2444,0.2445,15793.0
2025-01-14 17:32:00,0.2444,0.2445,0.2444,0.2445,2543.0
2025-01-14 17:33:00,0.2445,0.2445,0.2444,0.2444,1011.0
2025-01-14 17:34:00,0.2442,0.2442,0.244,0.244,3845.0
2025-01-14 17:35:00,0.2436,0.2436,0.2434,0.2434,175.0
2025-01-14 17:36:00,0.2437,0.2437,0.2437,0.2437,1566.0
2025-01-14 17:37:00,0.2436,0.2437,0.2436,0.2437,820.0
2025-01-14 17:38:00,0.2435,0.2435,0.2435,0.2435,1027.0
2025-01-14 17:39:00,0.2434,0.2437,0.2434,0.2437,2136.0
2025-01-14 17:40:00,0.2438,0.2438,0.2436,0.2436,1687.0
2025-01-14 17:41:00,0.2436,0.2439,0.2436,0.2438,1464.0
2025-01-14 17:42:00,0.2441,0.2446,0.2441,0.2446,1454.0
2025-01-14 17:43:00,0.2446,0.2446,0.2446,0.2446,43.0
2025-01-14 17:44:00,0.2446,0.2447,0.2445,0.2445,2850.0
2025-01-14 17:45:00,0.244,0.244,0.244,0.244,1000.0
2025-01-14 17:46:00,0.244,0.244,0.244,0.244,0.0
2025-01-14 17:47:00,0.2444,0.2446,0.2444,0.2445,24751.0
2025-01-14 17:48:00,0.2446,0.2446,0.2446,0.2446,2146.0
2025-01-14 17:49:00,0.2445,0.2445,0.244,0.244,10264.0
2025-01-14 17:50:00,0.2441,0.2442,0.2441,0.2442,1652.0
2025-01-14 17:51:00,0.244,0.244,0.244,0.244,211.0
2025-01-14 17:52:00,0.2442,0.2443,0.2442,0.2443,897.0
2025-01-14 17:53:00,0.2443,0.2443,0.2443,0.2443,0.0
2025-01-14 17:54:00,0.244,0.244,0.2439,0.2439,833.0
2025-01-14 17:55:00,0.2435,0.2436,0.2435,0.2436,2432.0
2025-01-14 17:56:00,0.2435,0.2435,0.2434,0.2434,1949.0
2025-01-14 17:57:00,0.2436,0.2436,0.2436,0.2436,553.0
2025-01-14 17:58:00,0.2439,0.2439,0.2439,0.2439,471.0
2025-01-14 17:59:00,0.2441,0.2441,0.2439,0.2439,6215.0
2025-01-14 18:00:00,0.2439,0.2446,0.2439,0.2446,5865.0
2025-01-14 18:01:00,0.2445,0.2445,0.2442,0.2442,1307.0
2025-01-14 18:02:00,0.2442,0.2442,0.244,0.244,1052.0
2025-01-14 18:03:00,0.244,0.244,0.244,0.244,0.0
2025-01-14 18:04:00,0.2436,0.2436,0.2434,0.2434,5837.0
2025-01-14 18:05:00,0.2436,0.2436,0.2436,0.2436,153.0
2025-01-14 18:06:00,0.2439,0.2439,0.2436,0.2436,2320.0
2025-01-14 18:07:00,0.2439,0.244,0.2438,0.244,3579.0
2025-01-14 18:08:00,0.244,0.244,0.2439,0.2439,183.0
2025-01-14 18:09:00,0.2439,0.2439,0.2439,0.2439,0.0
2025-01-14 18:10:00,0.244,0.244,0.2437,0.2437,1151.0
2025-01-14 18:11:00,0.2435,0.2435,0.2435,0.2435,1395.0
2025-01-14 18:12:00,0.2437,0.2437,0.2436,0.2436,1195.0
2025-01-14 18:13:00,0.2436,0.2437,0.2436,0.2437,3065.0
2025-01-14 18:14:00,0.2438,0.2438,0.2436,0.2436,941.0
2025-01-14 18:15:00,0.2439,0.244,0.2439,0.244,1720.0
2025-01-14 18:16:00,0.2441,0.2441,0.2441,0.2441,810.0
2025-01-14 18:17:00,0.2441,0.2441,0.2441,0.2441,913.0
2025-01-14 18:18:00,0.2441,0.2441,0.2441,0.2441,0.0
2025-01-14 18:19:00,0.244,0.244,0.2433,0.2433,3135.0
2025-01-14 18:20:00,0.2434,0.2436,0.2434,0.2436,13421.0
2025-01-14 18:21:00,0.2436,0.2436,0.2435,0.2436,7538.0
2025-01-14 18:22:00,0.2436,0.2436,0.2436,0.2436,33.0
2025-01-14 18:23:00,0.2436,0.2436,0.2436,0.2436,0.0
2025-01-14 18:24:00,0.2436,0.2436,0.2435,0.2436,945.0
2025-01-14 18:25:00,0.2441,0.2441,0.2441,0.2441,122.0
2025-01-14 18:26:00,0.244,0.2442,0.244,0.2441,837.0
2025-01-14 18:27:00,0.2441,0.2441,0.2441,0.2441,47.0
2025-01-14 18:28:00,0.2441,0.2441,0.2441,0.2441,0.0
2025-01-14 18:29:00,0.2441,0.2441,0.2441,0.2441,0.0
2025-01-14 18:30:00,0.2441,0.2441,0.2441,0.2441,288.0
2025-01-14 18:31:00,0.2439,0.2441,0.2439,0.2441,250.0
2025-01-14 18:32:00,0.2443,0.2443,0.2443,0.2443,2857.0
2025-01-14 18:33:00,0.2439,0.244,0.2439,0.244,1906.0
2025-01-14 18:34:00,0.2441,0.2441,0.2438,0.2438,2466.0
2025-01-14 18:35:00,0.244,0.2441,0.244,0.2441,2058.0
2025-01-14 18:36:00,0.2439,0.2441,0.2439,0.2441,106.0
2025-01-14 18:37:00,0.2442,0.2442,0.2442,0.2442,8359.0
2025-01-14 18:38:00,0.2442,0.2442,0.2442,0.2442,0.0
2025-01-14 18:39:00,0.2442,0.2442,0.2442,0.2442,0.0
2025-01-14 18:40:00,0.2446,0.2447,0.2444,0.2446,442.0
2025-01-14 18:41:00,0.2446,0.2446,0.2446,0.2446,0.0
2025-01-14 18:42:00,0.2442,0.2442,0.244,0.2441,3533.0
2025-01-14 18:43:00,0.2443,0.2443,0.2443,0.2443,397.0
2025-01-14 18:44:00,0.2443,0.2443,0.2443,0.2443,0.0
2025-01-14 18:45:00,0.2441,0.2441,0.244,0.244,2550.0
2025-01-14 18:46:00,0.244,0.244,0.244,0.244,1414.0
2025-01-14 18:47:00,0.244,0.244,0.244,0.244,0.0
2025-01-14 18:48:00,0.2445,0.2445,0.2444,0.2444,287.0
2025-01-14 18:49:00,0.2444,0.2444,0.2444,0.2444,0.0
2025-01-14 18:50:00,0.2444,0.2444,0.2444,0.2444,0.0
2025-01-14 18:51:00,0.2441,0.2442,0.2441,0.2442,169.0
2025-01-14 18:52:00,0.244,0.2441,0.2438,0.2438,28700.0
2025-01-14 18:53:00,0.2438,0.2438,0.2438,0.2438,0.0
2025-01-14 18:54:00,0.2444,0.2444,0.2442,0.2442,2019.0
2025-01-14 18:55:00,0.2442,0.2442,0.2441,0.2441,4013.0
2025-01-14 18:56:00,0.2441,0.2442,0.2441,0.2442,6577.0
2025-01-14 18:57:00,0.2441,0.2441,0.2439,0.244,34656.0
2025-01-14 18:58:00,0.2441,0.2441,0.244,0.2441,19250.0
2025-01-14 18:59:00,0.2441,0.2441,0.2441,0.2441,0.0
2025-01-14 19:00:00,0.2438,0.2438,0.2433,0.2434,27301.0
2025-01-14 19:01:00,0.2431,0.2431,0.243,0.243,6097.0
2025-01-14 19:02:00,0.2432,0.2432,0.2431,0.2431,1055.0
2025-01-14 19:03:00,0.243,0.2432,0.243,0.243,6562.0
2025-01-14 19:04:00,0.243,0.2432,0.243,0.2432,251.0
2025-01-14 19:05:00,0.2433,0.2433,0.2429,0.2429,2325.0
2025-01-14 19:06:00,0.2429,0.2429,0.2429,0.2429,0.0
2025-01-14 19:07:00,0.2429,0.2429,0.2429,0.2429,0.0
2025-01-14 19:08:00,0.2433,0.2435,0.2433,0.2433,3981.0
2025-01-14 19:09:00,0.2433,0.2433,0.243,0.243,1086.0
2025-01-14 19:10:00,0.243,0.243,0.243,0.243,2091.0
2025-01-14 19:11:00,0.2427,0.2427,0.2426,0.2426,4899.0
2025-01-14 19:12:00,0.2429,0.2431,0.2428,0.2428,1509.0
2025-01-14 19:13:00,0.2429,0.2429,0.2429,0.2429,1457.0
2025-01-14 19:14:00,0.2429,0.2429,0.2429,0.2429,0.0
2025-01-14 19:15:00,0.2433,0.2433,0.2433,0.2433,369.0
2025-01-14 19:16:00,0.2433,0.2433,0.2432,0.2433,5554.0
2025-01-14 19:17:00,0.2432,0.2432,0.2431,0.2431,4578.0
2025-01-14 19:18:00,0.2431,0.2433,0.2431,0.2433,1543.0
2025-01-14 19:19:00,0.2434,0.2434,0.2434,0.2434,103.0
2025-01-14 19:20:00,0.2434,0.2434,0.2434,0.2434,0.0
2025-01-14 19:21:00,0.2434,0.2438,0.2434,0.2438,625.0
2025-01-14 19:22:00,0.2438,0.2438,0.2438,0.2438,0.0
2025-01-14 19:23:00,0.2436,0.2436,0.2434,0.2434,2593.0
2025-01-14 19:24:00,0.2434,0.2434,0.2434,0.2434,0.0
2025-01-14 19:25:00,0.2436,0.2436,0.2436,0.2436,1985.0
2025-01-14 19:26:00,0.2435,0.244,0.2435,0.244,22264.0
2025-01-14 19:27:00,0.244,0.2442,0.2439,0.2439,7744.0
2025-01-14 19:28:00,0.2438,0.2438,0.2438,0.2438,27.0
2025-01-14 19:29:00,0.2438,0.2438,0.2438,0.2438,0.0
2025-01-14 19:30:00,0.2435,0.2435,0.2434,0.2435,555.0
2025-01-14 19:31:00,0.2433,0.2433,0.2431,0.2432,525.0
2025-01-14 19:32:00,0.2434,0.2434,0.2434,0.2434,76.0
2025-01-14 19:33:00,0.2433,0.2434,0.2433,0.2434,698.0
2025-01-14 19:34:00,0.2435,0.2436,0.2435,0.2435,995.0
2025-01-14 19:35:00,0.2437,0.2437,0.2437,0.2437,70.0
2025-01-14 19:36:00,0.2439,0.2439,0.2439,0.2439,108.0
2025-01-14 19:37:00,0.2439,0.244,0.2437,0.2437,2734.0
2025-01-14 19:38:00,0.2438,0.2438,0.2438,0.2438,2671.0
2025-01-14 19:39:00,0.2437,0.2437,0.2435,0.2435,4215.0
2025-01-14 19:40:00,0.2438,0.2438,0.2436,0.2436,1278.0
2025-01-14 19:41:00,0.2438,0.2441,0.2438,0.2441,4727.0
2025-01-14 19:42:00,0.2439,0.2439,0.2439,0.2439,33.0
2025-01-14 19:43:00,0.2439,0.2439,0.2439,0.2439,0.0
2025-01-14 19:44:00,0.2439,0.2439,0.2439,0.2439,0.0
2025-01-14 19:45:00,0.2436,0.2436,0.2434,0.2434,4230.0
2025-01-14 19:46:00,0.2434,0.2434,0.2434,0.2434,11859.0
2025-01-14 19:47:00,0.2434,0.2436,0.2434,0.2436,10569.0
2025-01-14 19:48:00,0.2434,0.2435,0.2432,0.2432,1129.0
2025-01-14 19:49:00,0.2432,0.2432,0.2432,0.2432,23.0
2025-01-14 19:50:00,0.2436,0.2436,0.2436,0.2436,44.0
2025-01-14 19:51:00,0.2434,0.2434,0.2434,0.2434,118.0
2025-01-14 19:52:00,0.2432,0.2436,0.2432,0.2436,2347.0
2025-01-14 19:53:00,0.2435,0.2435,0.2433,0.2433,2231.0
2025-01-14 19:54:00,0.2433,0.2433,0.2433,0.2433,0.0
2025-01-14 19:55:00,0.2435,0.2435,0.2433,0.2433,5905.0
2025-01-14 19:56:00,0.2433,0.2433,0.2432,0.2432,1481.0
2025-01-14 19:57:00,0.2432,0.2432,0.2432,0.2432,0.0
2025-01-14 19:58:00,0.2432,0.2432,0.2432,0.2432,0.0
2025-01-14 19:59:00,0.2431,0.2431,0.2431,0.2431,62.0
2025-01-14 20:00:00,0.2433,0.2437,0.2433,0.2435,10298.0
2025-01-14 20:01:00,0.243,0.2432,0.2427,0.2427,18933.0
2025-01-14 20:02:00,0.2429,0.2429,0.242,0.2422,43960.0
2025-01-14 20:03:00,0.2422,0.2425,0.2421,0.2424,27695.0
2025-01-14 20:04:00,0.2422,0.2422,0.2421,0.2422,1325.0
2025-01-14 20:05:00,0.2421,0.2423,0.2421,0.2422,7041.0
2025-01-14 20:06:00,0.2424,0.2424,0.2424,0.2424,68.0
2025-01-14 20:07:00,0.2422,0.2424,0.2422,0.2424,276.0
2025-01-14 20:08:00,0.2428,0.243,0.2428,0.2429,14615.0
2025-01-14 20:09:00,0.2429,0.2429,0.2429,0.2429,0.0
2025-01-14 20:10:00,0.2426,0.2426,0.2426,0.2426,265.0
2025-01-14 20:11:00,0.2426,0.2428,0.2426,0.2428,2061.0
2025-01-14 20:12:00,0.243,0.243,0.243,0.243,638.0
2025-01-14 20:13:00,0.243,0.243,0.2429,0.2429,1649.0
2025-01-14 20:14:00,0.2429,0.2429,0.2429,0.2429,0.0
2025-01-14 20:15:00,0.2431,0.2434,0.2431,0.2434,2563.0
2025-01-14 20:16:00,0.2433,0.2433,0.2433,0.2433,24.0
2025-01-14 20:17:00,0.2437,0.2439,0.2437,0.2437,3260.0
2025-01-14 20:18:00,0.2438,0.2438,0.2438,0.2438,5346.0
2025-01-14 20:19:00,0.244,0.2443,0.244,0.2443,31632.0
2025-01-14 20:20:00,0.2443,0.2446,0.2443,0.2444,4206.0
2025-01-14 20:21:00,0.2441,0.2441,0.2441,0.2441,72.0
2025-01-14 20:22:00,0.2442,0.2442,0.2442,0.2442,1024.0
2025-01-14 20:23:00,0.2442,0.2442,0.2442,0.2442,0.0
2025-01-14 20:24:00,0.2443,0.2447,0.2443,0.2446,774.0
2025-01-14 20:25:00,0.2448,0.2448,0.2448,0.2448,20340.0
2025-01-14 20:26:00,0.2444,0.2444,0.2442,0.2442,478.0
2025-01-14 20:27:00,0.2442,0.2442,0.2442,0.2442,0.0
2025-01-14 20:28:00,0.2445,0.2445,0.2445,0.2445,3079.0
2025-01-14 20:29:00,0.2445,0.2445,0.2445,0.2445,57.0
2025-01-14 20:30:00,0.2445,0.2445,0.2445,0.2445,65.0
2025-01-14 20:31:00,0.244,0.2441,0.2439,0.2441,6869.0
2025-01-14 20:32:00,0.244,0.244,0.2437,0.2439,13745.0
2025-01-14 20:33:00,0.2438,0.244,0.2438,0.2439,6573.0
2025-01-14 20:34:00,0.2439,0.2439,0.2439,0.2439,41.0
2025-01-14 20:35:00,0.244,0.244,0.2437,0.2437,2492.0
2025-01-14 20:36:00,0.244,0.2441,0.244,0.2441,1568.0
2025-01-14 20:37:00,0.2441,0.2441,0.2441,0.2441,0.0
2025-01-14 20:38:00,0.2442,0.2442,0.2438,0.2438,3884.0
2025-01-14 20:39:00,0.2438,0.2439,0.2438,0.2438,7681.0
2025-01-14 20:40:00,0.2438,0.2438,0.2438,0.2438,5027.0
2025-01-14 20:41:00,0.2439,0.2445,0.2439,0.2445,42570.0
2025-01-14 20:42:00,0.2442,0.2442,0.2442,0.2442,643.0
2025-01-14 20:43:00,0.244,0.2446,0.244,0.2446,47799.0
2025-01-14 20:44:00,0.2444,0.2447,0.2444,0.2446,25631.0
2025-01-14 20:45:00,0.2446,0.2447,0.2446,0.2446,10004.0
2025-01-14 20:46:00,0.2446,0.2449,0.2446,0.2448,38759.0
2025-01-14 20:47:00,0.2449,0.2451,0.2448,0.2449,23277.0
2025-01-14 20:48:00,0.245,0.2452,0.245,0.2451,8882.0
2025-01-14 20:49:00,0.2451,0.2452,0.2449,0.2449,1916.0
2025-01-14 20:50:00,0.2449,0.2454,0.2449,0.2453,7157.0
2025-01-14 20:51:00,0.245,0.245,0.2449,0.2449,490.0
2025-01-14 20:52:00,0.2449,0.2449,0.2449,0.2449,0.0
2025-01-14 20:53:00,0.2448,0.2448,0.2447,0.2447,1528.0
2025-01-14 20:54:00,0.2447,0.2448,0.2447,0.2448,131.0
2025-01-14 20:55:00,0.2448,0.2448,0.2448,0.2448,160.0
2025-01-14 20:56:00,0.2449,0.2449,0.2448,0.2448,4248.0
2025-01-14 20:57:00,0.2448,0.245,0.2448,0.245,1065.0
2025-01-14 20:58:00,0.2448,0.2448,0.2448,0.2448,115.0
2025-01-14 20:59:00,0.2451,0.2455,0.2451,0.2455,24752.0
2025-01-14 21:00:00,0.2456,0.2459,0.2452,0.2452,27177.0
2025-01-14 21:01:00,0.2451,0.2452,0.245,0.245,1838.0
2025-01-14 21:02:00,0.2449,0.2453,0.2449,0.2453,6898.0
2025-01-14 21:03:00,0.2451,0.2451,0.245,0.245,2545.0
2025-01-14 21:04:00,0.2452,0.2459,0.2452,0.2453,37558.0
2025-01-14 21:05:00,0.2453,0.2453,0.2452,0.2453,1567.0
2025-01-14 21:06:00,0.2456,0.2456,0.2456,0.2456,2418.0
2025-01-14 21:07:00,0.2457,0.2459,0.2457,0.2459,2555.0
2025-01-14 21:08:00,0.2458,0.2458,0.2458,0.2458,779.0
2025-01-14 21:09:00,0.2457,0.2457,0.2457,0.2457,90.0
2025-01-14 21:10:00,0.2457,0.2457,0.2457,0.2457,407.0
2025-01-14 21:11:00,0.2454,0.2454,0.2454,0.2454,80.0
2025-01-14 21:12:00,0.2456,0.2456,0.2455,0.2455,10900.0
2025-01-14 21:13:00,0.2452,0.2452,0.2452,0.2452,3725.0
2025-01-14 21:14:00,0.2452,0.2452,0.245,0.2451,21365.0
2025-01-14 21:15:00,0.2452,0.2452,0.2452,0.2452,25722.0
2025-01-14 21:16:00,0.2452,0.2454,0.2452,0.2454,2210.0
2025-01-14 21:17:00,0.2454,0.2454,0.2454,0.2454,4272.0
2025-01-14 21:18:00,0.2456,0.2456,0.2456,0.2456,800.0
2025-01-14 21:19:00,0.2458,0.2458,0.2458,0.2458,47.0
2025-01-14 21:20:00,0.2458,0.2458,0.2458,0.2458,406.0
2025-01-14 21:21:00,0.2458,0.2459,0.2458,0.2459,105.0
2025-01-14 21:22:00,0.2457,0.2457,0.2455,0.2455,13845.0
2025-01-14 21:23:00,0.2455,0.2455,0.2455,0.2455,0.0
2025-01-14 21:24:00,0.2458,0.2458,0.2458,0.2458,45.0
2025-01-14 21:25:00,0.2458,0.2458,0.2458,0.2458,0.0
2025-01-14 21:26:00,0.2458,0.2458,0.2457,0.2457,163.0
2025-01-14 21:27:00,0.2455,0.2455,0.2455,0.2455,530.0
2025-01-14 21:28:00,0.2456,0.2457,0.2455,0.2457,3974.0
2025-01-14 21:29:00,0.2458,0.2458,0.2458,0.2458,3767.0
2025-01-14 21:30:00,0.2456,0.2456,0.2451,0.2451,17057.0
2025-01-14 21:31:00,0.2451,0.2451,0.2449,0.245,96010.0
2025-01-14 21:32:00,0.2449,0.2449,0.2447,0.2447,10988.0
2025-01-14 21:33:00,0.2448,0.2448,0.2446,0.2446,26799.0
2025-01-14 21:34:00,0.2448,0.2452,0.2448,0.2451,1139.0
2025-01-14 21:35:00,0.245,0.245,0.2449,0.2449,5494.0
2025-01-14 21:36:00,0.2449,0.2449,0.2447,0.2447,6081.0
2025-01-14 21:37:00,0.2447,0.2451,0.2447,0.2451,449.0
2025-01-14 21:38:00,0.2451,0.2451,0.245,0.245,268.0
2025-01-14 21:39:00,0.245,0.245,0.245,0.245,67.0
2025-01-14 21:40:00,0.2449,0.2449,0.2449,0.2449,5514.0
2025-01-14 21:41:00,0.245,0.245,0.2449,0.2449,2821.0
2025-01-14 21:42:00,0.2449,0.2449,0.2449,0.2449,132.0
2025-01-14 21:43:00,0.2449,0.2449,0.2449,0.2449,1972.0
2025-01-14 21:44:00,0.2449,0.2449,0.2449,0.2449,0.0
2025-01-14 21:45:00,0.2452,0.2452,0.2449,0.2449,8473.0
2025-01-14 21:46:00,0.245,0.245,0.245,0.245,3407.0
2025-01-14 21:47:00,0.245,0.245,0.2448,0.2448,8488.0
2025-01-14 21:48:00,0.2448,0.2448,0.2448,0.2448,164.0
2025-01-14 21:49:00,0.2448,0.2448,0.2448,0.2448,618.0
2025-01-14 21:50:00,0.2449,0.245,0.2449,0.2449,8879.0
2025-01-14 21:51:00,0.2449,0.2449,0.2449,0.2449,39.0
2025-01-14 21:52:00,0.2449,0.2449,0.2449,0.2449,0.0
2025-01-14 21:53:00,0.2449,0.2449,0.2449,0.2449,0.0
2025-01-14 21:54:00,0.2449,0.2449,0.2449,0.2449,0.0
2025-01-14 21:55:00,0.2447,0.2447,0.2447,0.2447,85.0
2025-01-14 21:56:00,0.2447,0.2447,0.2447,0.2447,0.0
2025-01-14 21:57:00,0.2447,0.2447,0.2447,0.2447,0.0
2025-01-14 21:58:00,0.2449,0.2449,0.2449,0.2449,48.0
2025-01-14 21:59:00,0.2449,0.2449,0.2449,0.2449,0.0
2025-01-14 22:00:00,0.2456,0.2456,0.2454,0.2454,6954.0
2025-01-14 22:01:00,0.2456,0.2461,0.2456,0.2461,30941.0
2025-01-14 22:02:00,0.2461,0.2466,0.2461,0.2465,165399.0
2025-01-14 22:03:00,0.2465,0.2469,0.2465,0.2466,71453.0
2025-01-14 22:04:00,0.2466,0.2466,0.2465,0.2466,6110.0
2025-01-14 22:05:00,0.2467,0.2469,0.2467,0.2469,3255.0
2025-01-14 22:06:00,0.2465,0.2465,0.2462,0.2465,15255.0
2025-01-14 22:07:00,0.2465,0.2465,0.2465,0.2465,25.0
2025-01-14 22:08:00,0.2466,0.2466,0.2466,0.2466,25.0
2025-01-14 22:09:00,0.2466,0.2469,0.2466,0.2469,1690.0
2025-01-14 22:10:00,0.2469,0.2469,0.2466,0.2466,18565.0
2025-01-14 22:11:00,0.2466,0.2468,0.2465,0.2466,13495.0
2025-01-14 22:12:00,0.2466,0.2466,0.2466,0.2466,7478.0
2025-01-14 22:13:00,0.2466,0.2466,0.2465,0.2465,3103.0
2025-01-14 22:14:00,0.2466,0.2469,0.2466,0.2469,1079.0
2025-01-14 22:15:00,0.2469,0.2469,0.2469,0.2469,5750.0
2025-01-14 22:16:00,0.2469,0.2469,0.2469,0.2469,1302.0
2025-01-14 22:17:00,0.247,0.247,0.247,0.247,3052.0
2025-01-14 22:18:00,0.2471,0.2473,0.247,0.2471,1947.0
2025-01-14 22:19:00,0.2472,0.2476,0.2472,0.2474,56289.0
2025-01-14 22:20:00,0.2474,0.248,0.2474,0.248,40409.0
2025-01-14 22:21:00,0.248,0.2484,0.248,0.2482,25020.0
2025-01-14 22:22:00,0.2483,0.2485,0.2483,0.2484,1714.0
2025-01-14 22:23:00,0.2483,0.2483,0.2483,0.2483,25.0
2025-01-14 22:24:00,0.2482,0.2482,0.2481,0.2481,13166.0
2025-01-14 22:25:00,0.2482,0.2482,0.248,0.2481,1199.0
2025-01-14 22:26:00,0.2482,0.2484,0.2482,0.2484,24260.0
2025-01-14 22:27:00,0.2485,0.2486,0.2484,0.2486,4366.0
2025-01-14 22:28:00,0.2486,0.2489,0.2486,0.2488,5440.0
2025-01-14 22:29:00,0.2489,0.2489,0.2489,0.2489,199.0
2025-01-14 22:30:00,0.2489,0.2491,0.2489,0.2491,16916.0
2025-01-14 22:31:00,0.2491,0.2492,0.2491,0.2491,5918.0
2025-01-14 22:32:00,0.2491,0.2491,0.2488,0.2488,35023.0
2025-01-14 22:33:00,0.2488,0.2488,0.2485,0.2485,37585.0
2025-01-14 22:34:00,0.2487,0.2487,0.2483,0.2483,13774.0
2025-01-14 22:35:00,0.2483,0.2485,0.2483,0.2485,12388.0
2025-01-14 22:36:00,0.2486,0.2486,0.2485,0.2485,1988.0
2025-01-14 22:37:00,0.2486,0.2488,0.2486,0.2488,1551.0
2025-01-14 22:38:00,0.2488,0.2488,0.2488,0.2488,25.0
2025-01-14 22:39:00,0.2488,0.2491,0.2488,0.2491,3011.0
2025-01-14 22:40:00,0.2491,0.2491,0.249,0.2491,3033.0
2025-01-14 22:41:00,0.249,0.249,0.249,0.249,2739.0
2025-01-14 22:42:00,0.2491,0.2492,0.2489,0.2489,57162.0
2025-01-14 22:43:00,0.249,0.249,0.2488,0.2488,5420.0
2025-01-14 22:44:00,0.2487,0.2487,0.2486,0.2486,3749.0
2025-01-14 22:45:00,0.2486,0.2486,0.2486,0.2486,4205.0
2025-01-14 22:46:00,0.2486,0.2486,0.2485,0.2485,48.0
2025-01-14 22:47:00,0.2486,0.2488,0.2486,0.2488,6949.0
2025-01-14 22:48:00,0.2488,0.2488,0.2487,0.2488,5700.0
2025-01-14 22:49:00,0.2489,0.2489,0.2489,0.2489,14430.0
2025-01-14 22:50:00,0.2488,0.2492,0.2488,0.2492,62708.0
2025-01-14 22:51:00,0.2492,0.2495,0.2491,0.2495,22363.0
2025-01-14 22:52:00,0.2496,0.2496,0.2494,0.2494,147.0
2025-01-14 22:53:00,0.2495,0.2495,0.2495,0.2495,25.0
2025-01-14 22:54:00,0.2495,0.2495,0.2495,0.2495,0.0
2025-01-14 22:55:00,0.2495,0.2495,0.2495,0.2495,0.0
2025-01-14 22:56:00,0.2496,0.2497,0.2496,0.2497,2636.0
2025-01-14 22:57:00,0.2497,0.2497,0.2497,0.2497,25.0
2025-01-14 22:58:00,0.2496,0.2496,0.2493,0.2493,37538.0
2025-01-14 22:59:00,0.2492,0.2492,0.2491,0.2491,25064.0
2025-01-14 23:00:00,0.249,0.249,0.2487,0.2487,8479.0
2025-01-14 23:01:00,0.2487,0.2487,0.2485,0.2487,8493.0
2025-01-14 23:02:00,0.2486,0.2486,0.2482,0.2482,24277.0
2025-01-14 23:03:00,0.2481,0.2482,0.2481,0.2481,6866.0
2025-01-14 23:04:00,0.2483,0.2486,0.2482,0.2482,12505.0
2025-01-14 23:05:00,0.2484,0.2484,0.2482,0.2482,12372.0
2025-01-14 23:06:00,0.2482,0.2482,0.2477,0.2479,28970.0
2025-01-14 23:07:00,0.248,0.2482,0.248,0.2482,4214.0
2025-01-14 23:08:00,0.2483,0.2483,0.2482,0.2482,5636.0
2025-01-14 23:09:00,0.2482,0.2482,0.2481,0.2482,4594.0
2025-01-14 23:10:00,0.2483,0.2484,0.2482,0.2483,5712.0
2025-01-14 23:11:00,0.2485,0.249,0.2485,0.249,11537.0
2025-01-14 23:12:00,0.2489,0.2489,0.2488,0.2488,7252.0
2025-01-14 23:13:00,0.2489,0.2489,0.2488,0.2488,1354.0
2025-01-14 23:14:00,0.2489,0.249,0.2489,0.249,2130.0
2025-01-14 23:15:00,0.249,0.249,0.2489,0.2489,11369.0
2025-01-14 23:16:00,0.2491,0.2492,0.2491,0.2492,4546.0
2025-01-14 23:17:00,0.249,0.249,0.249,0.249,46.0
2025-01-14 23:18:00,0.2489,0.2489,0.2489,0.2489,1417.0
2025-01-14 23:19:00,0.249,0.2493,0.249,0.2493,2739.0
2025-01-14 23:20:00,0.2493,0.2496,0.2493,0.2496,2548.0
2025-01-14 23:21:00,0.2497,0.2497,0.2495,0.2495,1976.0
2025-01-14 23:22:00,0.2495,0.2495,0.2495,0.2495,25.0
2025-01-14 23:23:00,0.2495,0.2495,0.2494,0.2494,1382.0
2025-01-14 23:24:00,0.2494,0.2494,0.2492,0.2492,4192.0
2025-01-14 23:25:00,0.2491,0.2492,0.2491,0.2491,4394.0
2025-01-14 23:26:00,0.249,0.249,0.2489,0.2489,1016.0
2025-01-14 23:27:00,0.2491,0.2491,0.2488,0.2489,20177.0
2025-01-14 23:28:00,0.2488,0.2488,0.2488,0.2488,2070.0
2025-01-14 23:29:00,0.2488,0.2488,0.2488,0.2488,25.0
2025-01-14 23:30:00,0.2488,0.2491,0.2488,0.2489,4660.0
2025-01-14 23:31:00,0.2489,0.2492,0.2488,0.2491,2224.0
2025-01-14 23:32:00,0.2491,0.2491,0.249,0.249,10802.0
2025-01-14 23:33:00,0.249,0.249,0.249,0.249,25.0
2025-01-14 23:34:00,0.2489,0.2489,0.2488,0.2489,5671.0
2025-01-14 23:35:00,0.2487,0.2487,0.2486,0.2486,3104.0
2025-01-14 23:36:00,0.2485,0.2485,0.2485,0.2485,1006.0
2025-01-14 23:37:00,0.2484,0.2484,0.2484,0.2484,25.0
2025-01-14 23:38:00,0.2484,0.2485,0.2484,0.2485,66.0
2025-01-14 23:39:00,0.2486,0.2486,0.2486,0.2486,402.0
2025-01-14 23:40:00,0.2486,0.2493,0.2485,0.2493,13911.0
2025-01-14 23:41:00,0.2494,0.2496,0.2493,0.2496,10979.0
2025-01-14 23:42:00,0.2496,0.2497,0.2496,0.2497,256.0
2025-01-14 23:43:00,0.2497,0.2497,0.2496,0.2496,2101.0
2025-01-14 23:44:00,0.2497,0.2497,0.2496,0.2496,3269.0
2025-01-14 23:45:00,0.2493,0.2493,0.2493,0.2493,430.0
2025-01-14 23:46:00,0.2495,0.2496,0.2495,0.2496,142.0
2025-01-14 23:47:00,0.2495,0.2495,0.2495,0.2495,965.0
2025-01-14 23:48:00,0.2494,0.2494,0.2492,0.2492,4124.0
2025-01-14 23:49:00,0.2492,0.2492,0.2492,0.2492,309.0
2025-01-14 23:50:00,0.2493,0.2493,0.2492,0.2492,391.0
2025-01-14 23:51:00,0.2492,0.2494,0.2492,0.2494,129.0
2025-01-14 23:52:00,0.2492,0.2493,0.2491,0.2493,5574.0
2025-01-14 23:53:00,0.2492,0.2492,0.2492,0.2492,1003.0
2025-01-14 23:54:00,0.2491,0.2491,0.2489,0.2489,3588.0
2025-01-14 23:55:00,0.2489,0.2489,0.2489,0.2489,33226.0
2025-01-14 23:56:00,0.2489,0.2489,0.2489,0.2489,43.0
2025-01-14 23:57:00,0.2489,0.2489,0.2489,0.2489,0.0
2025-01-14 23:58:00,0.249,0.2491,0.249,0.2491,995.0
2025-01-14 23:59:00,0.2491,0.2492,0.2491,0.2492,2716.0
2025-01-15 00:00:00,0.2492,0.2492,0.2467,0.2467,117364.0
2025-01-15 00:01:00,0.2466,0.2476,0.2466,0.2474,18823.0
2025-01-15 00:02:00,0.2473,0.2473,0.2468,0.2473,12802.0
2025-01-15 00:03:00,0.2473,0.2474,0.2473,0.2473,4160.0
2025-01-15 00:04:00,0.2471,0.2471,0.2469,0.2469,6132.0
2025-01-15 00:05:00,0.2473,0.2481,0.2473,0.2475,35025.0
2025-01-15 00:06:00,0.2472,0.2473,0.2468,0.2471,6957.0
2025-01-15 00:07:00,0.2472,0.2479,0.2472,0.2477,14834.0
2025-01-15 00:08:00,0.2478,0.2482,0.2478,0.2482,5617.0
2025-01-15 00:09:00,0.2482,0.2483,0.2482,0.2483,6018.0
2025-01-15 00:10:00,0.2484,0.2484,0.248,0.248,879.0
2025-01-15 00:11:00,0.248,0.2485,0.248,0.2482,10871.0
2025-01-15 00:12:00,0.2484,0.2486,0.2484,0.2486,4337.0
2025-01-15 00:13:00,0.2486,0.2486,0.2486,0.2486,0.0
2025-01-15 00:14:00,0.2489,0.2492,0.2488,0.2488,14964.0
2025-01-15 00:15:00,0.249,0.2492,0.2489,0.2489,14322.0
2025-01-15 00:16:00,0.2487,0.2488,0.2484,0.2488,9358.0
2025-01-15 00:17:00,0.2486,0.249,0.2486,0.249,6208.0
2025-01-15 00:18:00,0.249,0.2491,0.2489,0.2491,3189.0
2025-01-15 00:19:00,0.2493,0.2493,0.249,0.249,3268.0
2025-01-15 00:20:00,0.2494,0.2496,0.2492,0.2493,7977.0
2025-01-15 00:21:00,0.2494,0.2496,0.2493,0.2493,7900.0
2025-01-15 00:22:00,0.2495,0.2495,0.2495,0.2495,2970.0
2025-01-15 00:23:00,0.2496,0.2499,0.2496,0.2497,12025.0
2025-01-15 00:24:00,0.2498,0.2498,0.2495,0.2495,11719.0
2025-01-15 00:25:00,0.2494,0.2496,0.2492,0.2496,10085.0
2025-01-15 00:26:00,0.2495,0.2497,0.2495,0.2497,6394.0
2025-01-15 00:27:00,0.2496,0.2496,0.2495,0.2495,2009.0
2025-01-15 00:28:00,0.2493,0.2494,0.2493,0.2493,3963.0
2025-01-15 00:29:00,0.2493,0.2494,0.2493,0.2494,4924.0
2025-01-15 00:30:00,0.2495,0.2495,0.2494,0.2494,12008.0
2025-01-15 00:31:00,0.2496,0.2498,0.2495,0.2497,18248.0
2025-01-15 00:32:00,0.2495,0.2495,0.2494,0.2494,1534.0
2025-01-15 00:33:00,0.2493,0.2493,0.249,0.2493,1825.0
2025-01-15 00:34:00,0.2493,0.2493,0.2492,0.2492,2232.0
2025-01-15 00:35:00,0.2489,0.2489,0.2486,0.2487,13799.0
2025-01-15 00:36:00,0.2487,0.2489,0.2486,0.2487,60869.0
2025-01-15 00:37:00,0.2486,0.2493,0.2485,0.2493,75137.0
2025-01-15 00:38:00,0.2495,0.2495,0.2492,0.2492,20643.0
2025-01-15 00:39:00,0.2492,0.2492,0.2491,0.2491,11223.0
2025-01-15 00:40:00,0.2491,0.2491,0.2489,0.2489,4478.0
2025-01-15 00:41:00,0.2489,0.2489,0.2487,0.2487,6013.0
2025-01-15 00:42:00,0.2488,0.2488,0.2486,0.2486,19325.0
2025-01-15 00:43:00,0.2483,0.2483,0.2481,0.2483,18976.0
2025-01-15 00:44:00,0.2483,0.2483,0.2483,0.2483,0.0
2025-01-15 00:45:00,0.2483,0.2483,0.2477,0.2477,22277.0
2025-01-15 00:46:00,0.2477,0.2479,0.2476,0.2479,2832.0
2025-01-15 00:47:00,0.2482,0.2482,0.2482,0.2482,102.0
2025-01-15 00:48:00,0.2483,0.2483,0.2483,0.2483,42.0
2025-01-15 00:49:00,0.2485,0.2485,0.2485,0.2485,1193.0
2025-01-15 00:50:00,0.2485,0.2491,0.2485,0.2491,5345.0
2025-01-15 00:51:00,0.2491,0.2491,0.2491,0.2491,135.0
2025-01-15 00:52:00,0.2487,0.2487,0.2486,0.2486,1547.0
2025-01-15 00:53:00,0.2486,0.2486,0.2486,0.2486,0.0
2025-01-15 00:54:00,0.2483,0.2483,0.2483,0.2483,124.0
2025-01-15 00:55:00,0.2481,0.2481,0.2481,0.2481,183.0
2025-01-15 00:56:00,0.2484,0.2484,0.2484,0.2484,2970.0
2025-01-15 00:57:00,0.248,0.248,0.248,0.248,566.0
2025-01-15 00:58:00,0.2481,0.2481,0.2481,0.2481,416.0
2025-01-15 00:59:00,0.2482,0.2482,0.2481,0.2481,578.0
2025-01-15 01:00:00,0.2478,0.2478,0.2471,0.2471,2644.0
2025-01-15 01:01:00,0.2471,0.2478,0.2471,0.2478,3138.0
2025-01-15 01:02:00,0.2479,0.248,0.2479,0.248,198.0
2025-01-15 01:03:00,0.2478,0.2479,0.2473,0.2473,6981.0
2025-01-15 01:04:00,0.2473,0.2473,0.2471,0.2471,3677.0
2025-01-15 01:05:00,0.2475,0.2475,0.2473,0.2473,69.0
2025-01-15 01:06:00,0.2473,0.2473,0.2473,0.2473,888.0
2025-01-15 01:07:00,0.2471,0.2475,0.2471,0.2475,1024.0
2025-01-15 01:08:00,0.2471,0.2472,0.2471,0.2472,83.0
2025-01-15 01:09:00,0.2473,0.2475,0.2473,0.2475,1190.0
2025-01-15 01:10:00,0.2474,0.2476,0.2474,0.2475,4314.0
2025-01-15 01:11:00,0.2474,0.2474,0.2469,0.2469,3244.0
2025-01-15 01:12:00,0.247,0.2473,0.247,0.2473,1964.0
2025-01-15 01:13:00,0.2469,0.2469,0.2469,0.2469,25.0
2025-01-15 01:14:00,0.2467,0.2468,0.2467,0.2468,293.0
2025-01-15 01:15:00,0.2467,0.2467,0.2462,0.2463,5543.0
2025-01-15 01:16:00,0.2463,0.2463,0.2462,0.2462,3623.0
2025-01-15 01:17:00,0.2466,0.2468,0.2466,0.2467,4701.0
2025-01-15 01:18:00,0.2462,0.2463,0.2462,0.2463,3165.0
2025-01-15 01:19:00,0.2464,0.2464,0.2464,0.2464,2051.0
2025-01-15 01:20:00,0.2461,0.2462,0.2461,0.2462,376.0
2025-01-15 01:21:00,0.2462,0.2463,0.2462,0.2463,2067.0
2025-01-15 01:22:00,0.2465,0.2468,0.2465,0.2468,3132.0
2025-01-15 01:23:00,0.2465,0.2465,0.2465,0.2465,90.0
2025-01-15 01:24:00,0.2466,0.2469,0.2466,0.2469,23997.0
2025-01-15 01:25:00,0.2469,0.2472,0.2469,0.2472,238.0
2025-01-15 01:26:00,0.2472,0.2474,0.2472,0.2474,12495.0
2025-01-15 01:27:00,0.2474,0.2474,0.2474,0.2474,830.0
2025-01-15 01:28:00,0.2473,0.2473,0.2471,0.2471,18465.0
2025-01-15 01:29:00,0.247,0.247,0.2469,0.247,2322.0
2025-01-15 01:30:00,0.2471,0.2471,0.2469,0.2469,7664.0
2025-01-15 01:31:00,0.2468,0.2474,0.2468,0.2474,1264.0
2025-01-15 01:32:00,0.2475,0.2478,0.2475,0.2478,1844.0
2025-01-15 01:33:00,0.2479,0.2481,0.2478,0.2478,5814.0
2025-01-15 01:34:00,0.248,0.2482,0.248,0.2482,1294.0
2025-01-15 01:35:00,0.248,0.248,0.2475,0.2475,16379.0
2025-01-15 01:36:00,0.2478,0.2479,0.2478,0.2479,5151.0
2025-01-15 01:37:00,0.2477,0.2478,0.2477,0.2478,5770.0
2025-01-15 01:38:00,0.2476,0.2476,0.2472,0.2472,13272.0
2025-01-15 01:39:00,0.2474,0.2474,0.2474,0.2474,91.0
2025-01-15 01:40:00,0.247,0.2471,0.247,0.2471,662.0
2025-01-15 01:41:00,0.247,0.2471,0.2466,0.2471,3460.0
2025-01-15 01:42:00,0.2472,0.2473,0.2472,0.2472,978.0
2025-01-15 01:43:00,0.2472,0.2478,0.2472,0.2478,3835.0
2025-01-15 01:44:00,0.2481,0.2484,0.2477,0.2477,4817.0
2025-01-15 01:45:00,0.248,0.2481,0.2479,0.248,1877.0
2025-01-15 01:46:00,0.2482,0.2483,0.2481,0.2481,1046.0
2025-01-15 01:47:00,0.2475,0.2475,0.2475,0.2475,631.0
2025-01-15 01:48:00,0.2471,0.2471,0.2466,0.2466,641.0
2025-01-15 01:49:00,0.2466,0.2467,0.2464,0.2467,10172.0
2025-01-15 01:50:00,0.2468,0.2468,0.246,0.246,9152.0
2025-01-15 01:51:00,0.2462,0.2465,0.2462,0.2465,8642.0
2025-01-15 01:52:00,0.246,0.2464,0.2457,0.2462,19384.0
2025-01-15 01:53:00,0.2462,0.2462,0.2462,0.2462,0.0
2025-01-15 01:54:00,0.2459,0.2465,0.2459,0.2465,16588.0
2025-01-15 01:55:00,0.2465,0.2472,0.2465,0.2472,8620.0
2025-01-15 01:56:00,0.2472,0.2474,0.2472,0.2472,5081.0
2025-01-15 01:57:00,0.2468,0.2468,0.2468,0.2468,85.0
2025-01-15 01:58:00,0.247,0.2471,0.247,0.2471,7593.0
2025-01-15 01:59:00,0.2468,0.2468,0.2465,0.2465,4288.0
2025-01-15 02:00:00,0.2468,0.247,0.2464,0.2464,6144.0
2025-01-15 02:01:00,0.2463,0.2466,0.2463,0.2463,9079.0
2025-01-15 02:02:00,0.2462,0.2462,0.2462,0.2462,1456.0
2025-01-15 02:03:00,0.2463,0.2466,0.2463,0.2466,313.0
2025-01-15 02:04:00,0.2462,0.2463,0.2461,0.2463,8272.0
2025-01-15 02:05:00,0.2469,0.2477,0.2469,0.2475,24757.0
2025-01-15 02:06:00,0.2477,0.2477,0.2474,0.2474,4085.0
2025-01-15 02:07:00,0.2476,0.2477,0.2471,0.2471,31842.0
2025-01-15 02:08:00,0.2472,0.2472,0.2468,0.247,2287.0
2025-01-15 02:09:00,0.2474,0.2474,0.247,0.247,1527.0
2025-01-15 02:10:00,0.247,0.247,0.2467,0.2467,2930.0
2025-01-15 02:11:00,0.2464,0.2464,0.2459,0.2459,1008.0
2025-01-15 02:12:00,0.2465,0.2466,0.2464,0.2464,1857.0
2025-01-15 02:13:00,0.2465,0.2465,0.2465,0.2465,1940.0
2025-01-15 02:14:00,0.2468,0.2469,0.2468,0.2469,1303.0
2025-01-15 02:15:00,0.2466,0.2466,0.2463,0.2463,15570.0
2025-01-15 02:16:00,0.2463,0.2463,0.2463,0.2463,552.0
2025-01-15 02:17:00,0.2464,0.2465,0.2464,0.2465,246.0
2025-01-15 02:18:00,0.2465,0.2465,0.2465,0.2465,0.0
2025-01-15 02:19:00,0.246,0.2461,0.246,0.2461,483.0
2025-01-15 02:20:00,0.2458,0.2458,0.2458,0.2458,258.0
2025-01-15 02:21:00,0.2457,0.2457,0.2452,0.2453,4858.0
2025-01-15 02:22:00,0.2452,0.2457,0.2452,0.2456,19209.0
2025-01-15 02:23:00,0.2454,0.2456,0.2454,0.2456,118.0
2025-01-15 02:24:00,0.2456,0.2456,0.2456,0.2456,0.0
2025-01-15 02:25:00,0.2455,0.2455,0.2454,0.2454,8286.0
2025-01-15 02:26:00,0.2456,0.246,0.2456,0.2459,1997.0
2025-01-15 02:27:00,0.2462,0.2462,0.2462,0.2462,781.0
2025-01-15 02:28:00,0.2462,0.2462,0.2462,0.2462,0.0
2025-01-15 02:29:00,0.2462,0.2462,0.2462,0.2462,0.0
2025-01-15 02:30:00,0.2455,0.2455,0.2451,0.2451,646.0
2025-01-15 02:31:00,0.2451,0.2451,0.2448,0.2449,6900.0
2025-01-15 02:32:00,0.2449,0.2449,0.2449,0.2449,0.0
2025-01-15 02:33:00,0.2451,0.2451,0.2451,0.2451,675.0
2025-01-15 02:34:00,0.2451,0.2452,0.2451,0.2452,1207.0
2025-01-15 02:35:00,0.2452,0.2452,0.2452,0.2452,384.0
2025-01-15 02:36:00,0.2448,0.245,0.2447,0.2449,9221.0
2025-01-15 02:37:00,0.2446,0.2448,0.2446,0.2448,217.0
2025-01-15 02:38:00,0.2448,0.2448,0.2448,0.2448,0.0
2025-01-15 02:39:00,0.2452,0.2453,0.2452,0.2453,1611.0
2025-01-15 02:40:00,0.2455,0.2457,0.2455,0.2457,3074.0
2025-01-15 02:41:00,0.2455,0.2455,0.2453,0.2453,268.0
2025-01-15 02:42:00,0.2451,0.2451,0.2451,0.2451,1350.0
2025-01-15 02:43:00,0.2451,0.2451,0.2451,0.2451,0.0
2025-01-15 02:44:00,0.2453,0.2453,0.2453,0.2453,81.0
2025-01-15 02:45:00,0.2452,0.2452,0.245,0.245,1535.0
2025-01-15 02:46:00,0.2451,0.2452,0.2451,0.2452,164.0
2025-01-15 02:47:00,0.2455,0.2463,0.2455,0.2463,5129.0
2025-01-15 02:48:00,0.2462,0.2465,0.2462,0.2465,10077.0
2025-01-15 02:49:00,0.2465,0.2465,0.2465,0.2465,3482.0
2025-01-15 02:50:00,0.2464,0.2464,0.2461,0.2462,247.0
2025-01-15 02:51:00,0.2463,0.2463,0.2461,0.2461,1625.0
2025-01-15 02:52:00,0.246,0.246,0.2459,0.2459,521.0
2025-01-15 02:53:00,0.2459,0.2459,0.2459,0.2459,0.0
2025-01-15 02:54:00,0.2461,0.2461,0.2454,0.2454,8929.0
2025-01-15 02:55:00,0.2454,0.2454,0.2454,0.2454,0.0
2025-01-15 02:56:00,0.2454,0.2455,0.2454,0.2455,1463.0
2025-01-15 02:57:00,0.2456,0.2456,0.2455,0.2455,5105.0
2025-01-15 02:58:00,0.2456,0.2456,0.2456,0.2456,343.0
2025-01-15 02:59:00,0.2454,0.2454,0.2452,0.2452,11901.0
2025-01-15 03:00:00,0.245,0.2453,0.245,0.2453,3905.0
2025-01-15 03:01:00,0.245,0.245,0.245,0.245,125.0
2025-01-15 03:02:00,0.245,0.245,0.2445,0.2445,2699.0
2025-01-15 03:03:00,0.2446,0.2448,0.2446,0.2446,770.0
2025-01-15 03:04:00,0.2444,0.2444,0.2442,0.2443,4320.0
2025-01-15 03:05:00,0.2443,0.2443,0.2437,0.2437,12223.0
2025-01-15 03:06:00,0.244,0.2443,0.244,0.2442,9680.0
2025-01-15 03:07:00,0.2442,0.2442,0.2442,0.2442,0.0
2025-01-15 03:08:00,0.2444,0.2445,0.2444,0.2445,136.0
2025-01-15 03:09:00,0.2447,0.2447,0.2447,0.2447,548.0
2025-01-15 03:10:00,0.2447,0.2454,0.2447,0.2454,18814.0
2025-01-15 03:11:00,0.2454,0.2456,0.2454,0.2454,22044.0
2025-01-15 03:12:00,0.2456,0.2456,0.2456,0.2456,698.0
2025-01-15 03:13:00,0.2452,0.2452,0.2452,0.2452,150.0
2025-01-15 03:14:00,0.2452,0.2452,0.2452,0.2452,0.0
2025-01-15 03:15:00,0.2455,0.2455,0.2455,0.2455,42.0
2025-01-15 03:16:00,0.2453,0.2453,0.2452,0.2453,4049.0
2025-01-15 03:17:00,0.2453,0.2453,0.2453,0.2453,0.0
2025-01-15 03:18:00,0.2452,0.2452,0.2448,0.2448,6583.0
2025-01-15 03:19:00,0.2447,0.2448,0.2447,0.2448,20377.0
2025-01-15 03:20:00,0.2444,0.2444,0.2443,0.2443,1785.0
2025-01-15 03:21:00,0.2444,0.2444,0.2443,0.2443,1277.0
2025-01-15 03:22:00,0.2442,0.2442,0.2442,0.2442,4602.0
2025-01-15 03:23:00,0.2445,0.2447,0.2445,0.2447,15158.0
2025-01-15 03:24:00,0.2448,0.2449,0.2448,0.2449,15684.0
2025-01-15 03:25:00,0.2449,0.2449,0.2449,0.2449,375.0
2025-01-15 03:26:00,0.2448,0.2448,0.2448,0.2448,1061.0
2025-01-15 03:27:00,0.2446,0.2446,0.2446,0.2446,3353.0
2025-01-15 03:28:00,0.2445,0.2445,0.2444,0.2444,85.0
2025-01-15 03:29:00,0.2445,0.2445,0.2445,0.2445,408.0
2025-01-15 03:30:00,0.2448,0.2448,0.2447,0.2448,9320.0
2025-01-15 03:31:00,0.2449,0.2449,0.2448,0.2448,1986.0
2025-01-15 03:32:00,0.245,0.2452,0.245,0.2452,445.0
2025-01-15 03:33:00,0.245,0.2451,0.245,0.2451,730.0
2025-01-15 03:34:00,0.245,0.245,0.2448,0.2449,11903.0
2025-01-15 03:35:00,0.2446,0.2446,0.2446,0.2446,96.0
2025-01-15 03:36:00,0.2448,0.2448,0.2448,0.2448,22.0
2025-01-15 03:37:00,0.2448,0.245,0.2448,0.245,4858.0
2025-01-15 03:38:00,0.2451,0.2451,0.2451,0.2451,10088.0
2025-01-15 03:39:00,0.2449,0.245,0.2449,0.245,267.0
2025-01-15 03:40:00,0.245,0.245,0.2448,0.2448,497.0
2025-01-15 03:41:00,0.245,0.2451,0.245,0.2451,246.0
2025-01-15 03:42:00,0.2449,0.2449,0.2448,0.2448,3209.0
2025-01-15 03:43:00,0.2447,0.2447,0.2445,0.2445,15825.0
2025-01-15 03:44:00,0.2445,0.2446,0.2445,0.2446,8098.0
2025-01-15 03:45:00,0.2447,0.2447,0.2442,0.2442,8139.0
2025-01-15 03:46:00,0.2441,0.2441,0.2441,0.2441,45.0
2025-01-15 03:47:00,0.2441,0.2441,0.2441,0.2441,0.0
2025-01-15 03:48:00,0.244,0.2441,0.244,0.2441,641.0
2025-01-15 03:49:00,0.2444,0.2444,0.2443,0.2443,4819.0
2025-01-15 03:50:00,0.2443,0.2443,0.2443,0.2443,0.0
2025-01-15 03:51:00,0.2443,0.2443,0.2443,0.2443,0.0
2025-01-15 03:52:00,0.245,0.245,0.2449,0.2449,428.0
2025-01-15 03:53:00,0.2449,0.245,0.2449,0.245,94.0
2025-01-15 03:54:00,0.245,0.245,0.245,0.245,0.0
2025-01-15 03:55:00,0.245,0.245,0.245,0.245,0.0
2025-01-15 03:56:00,0.245,0.245,0.245,0.245,0.0
2025-01-15 03:57:00,0.2454,0.2458,0.2454,0.2457,400.0
2025-01-15 03:58:00,0.2457,0.2458,0.2457,0.2458,403.0
2025-01-15 03:59:00,0.2458,0.2459,0.2457,0.2457,31400.0
2025-01-15 04:00:00,0.246,0.2473,0.246,0.2469,29891.0
2025-01-15 04:01:00,0.2469,0.2469,0.2469,0.2469,406.0
2025-01-15 04:02:00,0.247,0.247,0.2467,0.2467,18584.0
2025-01-15 04:03:00,0.2467,0.2467,0.2467,0.2467,539.0
2025-01-15 04:04:00,0.2463,0.2464,0.2461,0.2464,12740.0
2025-01-15 04:05:00,0.246,0.2462,0.246,0.2462,1938.0
2025-01-15 04:06:00,0.2464,0.2464,0.2461,0.2461,1761.0
2025-01-15 04:07:00,0.2461,0.2461,0.2458,0.2458,781.0
2025-01-15 04:08:00,0.2456,0.2456,0.2454,0.2454,112.0
2025-01-15 04:09:00,0.2459,0.246,0.2459,0.246,537.0
2025-01-15 04:10:00,0.246,0.246,0.2458,0.2458,4222.0
2025-01-15 04:11:00,0.2456,0.2456,0.2455,0.2456,14475.0
2025-01-15 04:12:00,0.2456,0.2456,0.2456,0.2456,0.0
2025-01-15 04:13:00,0.2456,0.2456,0.2456,0.2456,356.0
2025-01-15 04:14:00,0.2454,0.2454,0.2452,0.2452,238.0
2025-01-15 04:15:00,0.2451,0.2451,0.2448,0.2448,4809.0
2025-01-15 04:16:00,0.2447,0.2447,0.2445,0.2446,7437.0
2025-01-15 04:17:00,0.2445,0.2445,0.2443,0.2443,182.0
2025-01-15 04:18:00,0.2444,0.2444,0.2444,0.2444,3956.0
2025-01-15 04:19:00,0.2443,0.2443,0.2443,0.2443,3182.0
2025-01-15 04:20:00,0.2444,0.2444,0.2444,0.2444,90.0
2025-01-15 04:21:00,0.2443,0.2444,0.2443,0.2444,763.0
2025-01-15 04:22:00,0.2444,0.2444,0.2444,0.2444,409.0
2025-01-15 04:23:00,0.2444,0.2444,0.2444,0.2444,0.0
2025-01-15 04:24:00,0.2445,0.2445,0.2445,0.2445,44.0
2025-01-15 04:25:00,0.2445,0.2446,0.2445,0.2446,473.0
2025-01-15 04:26:00,0.2451,0.2451,0.2451,0.2451,21.0
2025-01-15 04:27:00,0.2449,0.2451,0.2449,0.245,108.0
2025-01-15 04:28:00,0.245,0.245,0.245,0.245,0.0
2025-01-15 04:29:00,0.245,0.245,0.2449,0.2449,1082.0
2025-01-15 04:30:00,0.2449,0.2449,0.2449,0.2449,1043.0
2025-01-15 04:31:00,0.2447,0.2447,0.2446,0.2446,144.0
2025-01-15 04:32:00,0.2446,0.2446,0.2446,0.2446,0.0
2025-01-15 04:33:00,0.2447,0.2447,0.2447,0.2447,36.0
2025-01-15 04:34:00,0.2447,0.2447,0.2447,0.2447,0.0
2025-01-15 04:35:00,0.245,0.245,0.245,0.245,44.0
2025-01-15 04:36:00,0.245,0.245,0.2449,0.2449,17778.0
2025-01-15 04:37:00,0.2449,0.2449,0.2449,0.2449,666.0
2025-01-15 04:38:00,0.2448,0.2448,0.2448,0.2448,42.0
2025-01-15 04:39:00,0.2448,0.2448,0.2448,0.2448,0.0
2025-01-15 04:40:00,0.2448,0.2448,0.2447,0.2448,3554.0
2025-01-15 04:41:00,0.2447,0.2447,0.2447,0.2447,1176.0
2025-01-15 04:42:00,0.2446,0.2446,0.2446,0.2446,1485.0
2025-01-15 04:43:00,0.2445,0.2447,0.2445,0.2445,129.0
2025-01-15 04:44:00,0.2444,0.2445,0.2444,0.2445,192.0
2025-01-15 04:45:00,0.2447,0.2447,0.2447,0.2447,44.0
2025-01-15 04:46:00,0.2447,0.2447,0.2447,0.2447,0.0
2025-01-15 04:47:00,0.2447,0.2447,0.2447,0.2447,0.0
2025-01-15 04:48:00,0.2446,0.2446,0.2446,0.2446,102.0
2025-01-15 04:49:00,0.2446,0.2446,0.2446,0.2446,0.0
2025-01-15 04:50:00,0.2446,0.2446,0.2446,0.2446,0.0
2025-01-15 04:51:00,0.2446,0.2448,0.2446,0.2448,770.0
2025-01-15 04:52:00,0.245,0.245,0.2447,0.2447,2119.0
2025-01-15 04:53:00,0.2448,0.2448,0.2447,0.2447,1944.0
2025-01-15 04:54:00,0.2448,0.2448,0.2448,0.2448,138.0
2025-01-15 04:55:00,0.2449,0.2449,0.2449,0.2449,1390.0
2025-01-15 04:56:00,0.2449,0.2449,0.2449,0.2449,1623.0
2025-01-15 04:57:00,0.2449,0.2449,0.2448,0.2448,1658.0
2025-01-15 04:58:00,0.2447,0.2447,0.2447,0.2447,108.0
2025-01-15 04:59:00,0.2448,0.2448,0.2448,0.2448,4016.0
2025-01-15 05:00:00,0.2448,0.2448,0.2448,0.2448,1206.0
2025-01-15 05:01:00,0.2448,0.2448,0.2443,0.2443,1951.0
2025-01-15 05:02:00,0.2443,0.2444,0.2443,0.2444,2269.0
2025-01-15 05:03:00,0.2446,0.2446,0.2442,0.2442,5977.0
2025-01-15 05:04:00,0.2442,0.2442,0.2442,0.2442,0.0
2025-01-15 05:05:00,0.2442,0.2442,0.2438,0.2439,1936.0
2025-01-15 05:06:00,0.244,0.2443,0.244,0.2441,5088.0
2025-01-15 05:07:00,0.2441,0.2441,0.2441,0.2441,0.0
2025-01-15 05:08:00,0.2438,0.2439,0.2438,0.2439,1267.0
2025-01-15 05:09:00,0.2437,0.2437,0.2434,0.2434,14877.0
2025-01-15 05:10:00,0.2433,0.2435,0.2433,0.2435,25741.0
2025-01-15 05:11:00,0.2436,0.2436,0.2434,0.2434,11103.0
2025-01-15 05:12:00,0.2434,0.2437,0.2434,0.2435,12044.0
2025-01-15 05:13:00,0.2435,0.2435,0.2435,0.2435,0.0
2025-01-15 05:14:00,0.2437,0.2439,0.2437,0.2437,17642.0
2025-01-15 05:15:00,0.2436,0.2436,0.2434,0.2434,4248.0
2025-01-15 05:16:00,0.2435,0.2435,0.2434,0.2434,3710.0
2025-01-15 05:17:00,0.2434,0.2435,0.2434,0.2435,14376.0
2025-01-15 05:18:00,0.2434,0.2434,0.2433,0.2433,8516.0
2025-01-15 05:19:00,0.2433,0.2436,0.2432,0.2436,57442.0
2025-01-15 05:20:00,0.2436,0.2438,0.2436,0.2438,1063.0
2025-01-15 05:21:00,0.2438,0.2438,0.2438,0.2438,3727.0
2025-01-15 05:22:00,0.2438,0.2438,0.2438,0.2438,0.0
2025-01-15 05:23:00,0.2439,0.2442,0.2439,0.2441,970.0
2025-01-15 05:24:00,0.2439,0.2439,0.2439,0.2439,90.0
2025-01-15 05:25:00,0.244,0.2443,0.244,0.2443,319.0
2025-01-15 05:26:00,0.2445,0.2445,0.2443,0.2443,194.0
2025-01-15 05:27:00,0.2443,0.2443,0.2443,0.2443,0.0
2025-01-15 05:28:00,0.2444,0.2445,0.2444,0.2445,1968.0
2025-01-15 05:29:00,0.2445,0.2446,0.2445,0.2446,1538.0
2025-01-15 05:30:00,0.2443,0.2443,0.2443,0.2443,291.0
2025-01-15 05:31:00,0.2443,0.2443,0.2443,0.2443,531.0
2025-01-15 05:32:00,0.2444,0.2446,0.2444,0.2446,784.0
2025-01-15 05:33:00,0.2447,0.2447,0.2447,0.2447,3126.0
2025-01-15 05:34:00,0.2448,0.2449,0.2448,0.2448,357.0
2025-01-15 05:35:00,0.2447,0.2447,0.2447,0.2447,772.0
2025-01-15 05:36:00,0.2446,0.2448,0.2446,0.2448,440.0
2025-01-15 05:37:00,0.2449,0.2455,0.2449,0.2455,6973.0
2025-01-15 05:38:00,0.2456,0.2456,0.2456,0.2456,1748.0
2025-01-15 05:39:00,0.2454,0.2454,0.2454,0.2454,830.0
2025-01-15 05:40:00,0.2456,0.2457,0.2456,0.2457,1515.0
2025-01-15 05:41:00,0.2453,0.2453,0.2453,0.2453,1043.0
2025-01-15 05:42:00,0.2452,0.2454,0.2452,0.2454,1535.0
2025-01-15 05:43:00,0.2455,0.2455,0.2455,0.2455,42.0
2025-01-15 05:44:00,0.2456,0.2458,0.2456,0.2458,340.0
2025-01-15 05:45:00,0.2456,0.2456,0.2455,0.2455,22089.0
2025-01-15 05:46:00,0.2456,0.2457,0.2456,0.2457,201.0
2025-01-15 05:47:00,0.2455,0.2455,0.2455,0.2455,67.0
2025-01-15 05:48:00,0.2455,0.2455,0.2455,0.2455,0.0
2025-01-15 05:49:00,0.2458,0.2458,0.2458,0.2458,394.0
2025-01-15 05:50:00,0.2457,0.2457,0.2457,0.2457,148.0
2025-01-15 05:51:00,0.2458,0.2458,0.2458,0.2458,25.0
2025-01-15 05:52:00,0.2455,0.2455,0.2454,0.2454,453.0
2025-01-15 05:53:00,0.2455,0.2455,0.2455,0.2455,143.0
2025-01-15 05:54:00,0.2455,0.2455,0.2455,0.2455,0.0
2025-01-15 05:55:00,0.2455,0.2455,0.2455,0.2455,0.0
2025-01-15 05:56:00,0.2457,0.2457,0.2457,0.2457,106.0
2025-01-15 05:57:00,0.2457,0.2457,0.2457,0.2457,0.0
2025-01-15 05:58:00,0.2457,0.2457,0.2457,0.2457,0.0
2025-01-15 05:59:00,0.2457,0.2457,0.2457,0.2457,0.0
2025-01-15 06:00:00,0.2456,0.2456,0.2456,0.2456,351.0
2025-01-15 06:01:00,0.2455,0.2456,0.2455,0.2456,32356.0
2025-01-15 06:02:00,0.2452,0.2453,0.2451,0.2453,1519.0
2025-01-15 06:03:00,0.2453,0.2453,0.2452,0.2452,2344.0
2025-01-15 06:04:00,0.2452,0.2452,0.2452,0.2452,0.0
2025-01-15 06:05:00,0.2451,0.2451,0.2451,0.2451,181.0
2025-01-15 06:06:00,0.2451,0.2451,0.2451,0.2451,0.0
2025-01-15 06:07:00,0.2451,0.2451,0.2451,0.2451,0.0
2025-01-15 06:08:00,0.2447,0.2447,0.2446,0.2446,4248.0
2025-01-15 06:09:00,0.2444,0.2445,0.2444,0.2445,950.0
2025-01-15 06:10:00,0.2445,0.2445,0.2445,0.2445,2275.0
2025-01-15 06:11:00,0.2445,0.2445,0.2445,0.2445,144.0
2025-01-15 06:12:00,0.2445,0.2445,0.2445,0.2445,1879.0
2025-01-15 06:13:00,0.2444,0.2444,0.2443,0.2443,2051.0
2025-01-15 06:14:00,0.2444,0.2444,0.2444,0.2444,54.0
2025-01-15 06:15:00,0.2443,0.2444,0.2443,0.2444,15662.0
2025-01-15 06:16:00,0.2444,0.2444,0.2444,0.2444,5693.0
2025-01-15 06:17:00,0.2444,0.2444,0.2443,0.2443,8830.0
2025-01-15 06:18:00,0.2443,0.2443,0.2443,0.2443,4648.0
2025-01-15 06:19:00,0.244,0.244,0.2439,0.2439,4562.0
2025-01-15 06:20:00,0.2439,0.2439,0.2438,0.2438,1861.0
2025-01-15 06:21:00,0.2439,0.2439,0.2439,0.2439,3550.0
2025-01-15 06:22:00,0.244,0.244,0.244,0.244,1025.0
2025-01-15 06:23:00,0.2441,0.2441,0.2441,0.2441,697.0
2025-01-15 06:24:00,0.2441,0.2441,0.2441,0.2441,38.0
2025-01-15 06:25:00,0.2441,0.2441,0.2439,0.2439,818.0
2025-01-15 06:26:00,0.2439,0.2439,0.2439,0.2439,233.0
2025-01-15 06:27:00,0.2439,0.2439,0.2439,0.2439,1004.0
2025-01-15 06:28:00,0.244,0.244,0.244,0.244,1485.0
2025-01-15 06:29:00,0.244,0.244,0.244,0.244,0.0
2025-01-15 06:30:00,0.2439,0.2443,0.2439,0.2442,1295.0
2025-01-15 06:31:00,0.244,0.244,0.2438,0.2438,1145.0
2025-01-15 06:32:00,0.2439,0.2439,0.2438,0.2438,775.0
2025-01-15 06:33:00,0.2439,0.2439,0.2437,0.2437,1992.0
2025-01-15 06:34:00,0.2436,0.2437,0.2436,0.2437,4034.0
2025-01-15 06:35:00,0.2437,0.2437,0.2436,0.2436,1069.0
2025-01-15 06:36:00,0.2436,0.2436,0.2436,0.2436,42.0
2025-01-15 06:37:00,0.2437,0.2437,0.2437,0.2437,1084.0
2025-01-15 06:38:00,0.2437,0.2438,0.2437,0.2437,3168.0
2025-01-15 06:39:00,0.244,0.244,0.244,0.244,805.0
2025-01-15 06:40:00,0.244,0.2444,0.244,0.2444,4520.0
2025-01-15 06:41:00,0.2444,0.2445,0.2444,0.2445,103.0
2025-01-15 06:42:00,0.2443,0.2444,0.2443,0.2444,7269.0
2025-01-15 06:43:00,0.2444,0.2444,0.2444,0.2444,0.0
2025-01-15 06:44:00,0.2445,0.2446,0.2445,0.2446,540.0
2025-01-15 06:45:00,0.2447,0.2448,0.2447,0.2448,1947.0
2025-01-15 06:46:00,0.2448,0.2448,0.2446,0.2447,7716.0
2025-01-15 06:47:00,0.2447,0.2448,0.2447,0.2448,3508.0
2025-01-15 06:48:00,0.2448,0.2448,0.2446,0.2446,18717.0
2025-01-15 06:49:00,0.2447,0.2448,0.2447,0.2448,8468.0
2025-01-15 06:50:00,0.2449,0.245,0.2449,0.245,373.0
2025-01-15 06:51:00,0.2452,0.2452,0.2452,0.2452,36.0
2025-01-15 06:52:00,0.2452,0.2453,0.2452,0.2453,1029.0
2025-01-15 06:53:00,0.2455,0.2456,0.2455,0.2456,300.0
2025-01-15 06:54:00,0.2457,0.2457,0.2455,0.2455,15253.0
2025-01-15 06:55:00,0.2454,0.2454,0.2454,0.2454,164.0
2025-01-15 06:56:00,0.2454,0.2454,0.2454,0.2454,362.0
2025-01-15 06:57:00,0.2453,0.2456,0.2453,0.2456,5006.0
2025-01-15 06:58:00,0.2457,0.2457,0.2457,0.2457,1989.0
2025-01-15 06:59:00,0.2456,0.2456,0.2455,0.2455,215.0
2025-01-15 07:00:00,0.2455,0.2455,0.2455,0.2455,0.0
2025-01-15 07:01:00,0.2455,0.2459,0.2455,0.2459,9752.0
2025-01-15 07:02:00,0.246,0.2462,0.246,0.2462,26798.0
2025-01-15 07:03:00,0.2462,0.2462,0.2462,0.2462,0.0
2025-01-15 07:04:00,0.246,0.246,0.246,0.246,71.0
2025-01-15 07:05:00,0.246,0.246,0.246,0.246,447.0
2025-01-15 07:06:00,0.2463,0.2463,0.2463,0.2463,109.0
2025-01-15 07:07:00,0.2464,0.2464,0.2463,0.2463,3440.0
2025-01-15 07:08:00,0.2462,0.2463,0.2462,0.2463,414.0
2025-01-15 07:09:00,0.2463,0.2463,0.2463,0.2463,0.0
2025-01-15 07:10:00,0.2463,0.2468,0.2463,0.2468,2288.0
2025-01-15 07:11:00,0.2466,0.2467,0.2466,0.2467,124.0
2025-01-15 07:12:00,0.2467,0.2467,0.2467,0.2467,25.0
2025-01-15 07:13:00,0.2466,0.2466,0.2466,0.2466,25.0
2025-01-15 07:14:00,0.2466,0.2466,0.2466,0.2466,0.0
2025-01-15 07:15:00,0.2466,0.2468,0.2466,0.2468,1386.0
2025-01-15 07:16:00,0.2469,0.2469,0.2468,0.2468,1383.0
2025-01-15 07:17:00,0.2469,0.2471,0.2469,0.2471,5821.0
2025-01-15 07:18:00,0.247,0.2471,0.247,0.2471,96.0
2025-01-15 07:19:00,0.2472,0.2475,0.2472,0.2475,585.0
2025-01-15 07:20:00,0.2475,0.2478,0.2475,0.2477,5674.0
2025-01-15 07:21:00,0.2478,0.2479,0.2477,0.2479,8008.0
2025-01-15 07:22:00,0.2479,0.2479,0.2477,0.2478,3866.0
2025-01-15 07:23:00,0.2479,0.2479,0.2476,0.2476,2746.0
2025-01-15 07:24:00,0.2476,0.248,0.2476,0.2479,49555.0
2025-01-15 07:25:00,0.2477,0.2478,0.2477,0.2478,3202.0
2025-01-15 07:26:00,0.2479,0.2479,0.2474,0.2474,7915.0
2025-01-15 07:27:00,0.2473,0.2473,0.2471,0.2473,29802.0
2025-01-15 07:28:00,0.2474,0.2477,0.2474,0.2477,2074.0
2025-01-15 07:29:00,0.2477,0.2477,0.2477,0.2477,0.0
2025-01-15 07:30:00,0.248,0.2482,0.248,0.248,3774.0
2025-01-15 07:31:00,0.2479,0.248,0.2476,0.2476,5605.0
2025-01-15 07:32:00,0.2477,0.2477,0.2476,0.2476,1877.0
2025-01-15 07:33:00,0.2476,0.2476,0.2476,0.2476,1034.0
2025-01-15 07:34:00,0.2478,0.2478,0.2478,0.2478,2779.0
2025-01-15 07:35:00,0.2472,0.2474,0.2472,0.2474,1708.0
2025-01-15 07:36:00,0.2474,0.2474,0.247,0.2471,4593.0
2025-01-15 07:37:00,0.2473,0.2478,0.2473,0.2476,38393.0
2025-01-15 07:38:00,0.2477,0.2477,0.2475,0.2475,179.0
2025-01-15 07:39:00,0.2474,0.2474,0.2474,0.2474,137.0
2025-01-15 07:40:00,0.2473,0.2473,0.2473,0.2473,25.0
2025-01-15 07:41:00,0.247,0.2474,0.2469,0.2474,6055.0
2025-01-15 07:42:00,0.2475,0.2475,0.2474,0.2474,6119.0
2025-01-15 07:43:00,0.2474,0.2474,0.2474,0.2474,0.0
2025-01-15 07:44:00,0.247,0.247,0.247,0.247,643.0
2025-01-15 07:45:00,0.2468,0.2469,0.2465,0.2465,12755.0
2025-01-15 07:46:00,0.2467,0.2468,0.2467,0.2468,309.0
2025-01-15 07:47:00,0.2468,0.2468,0.2468,0.2468,0.0
2025-01-15 07:48:00,0.2466,0.2466,0.2466,0.2466,115.0
2025-01-15 07:49:00,0.2468,0.2468,0.2466,0.2466,536.0
2025-01-15 07:50:00,0.2466,0.2466,0.2466,0.2466,0.0
2025-01-15 07:51:00,0.2467,0.2467,0.2464,0.2464,6141.0
2025-01-15 07:52:00,0.2465,0.2465,0.2464,0.2465,2842.0
2025-01-15 07:53:00,0.2463,0.2463,0.2461,0.2462,4323.0
2025-01-15 07:54:00,0.2461,0.2461,0.246,0.246,2762.0
2025-01-15 07:55:00,0.2461,0.2461,0.2461,0.2461,396.0
2025-01-15 07:56:00,0.246,0.246,0.246,0.246,1046.0
2025-01-15 07:57:00,0.246,0.2462,0.246,0.246,8296.0
2025-01-15 07:58:00,0.2459,0.2459,0.2459,0.2459,85.0
2025-01-15 07:59:00,0.2461,0.2461,0.246,0.246,180.0
2025-01-15 08:00:00,0.2467,0.2476,0.2467,0.2467,28546.0
2025-01-15 08:01:00,0.2469,0.2469,0.2468,0.2468,1527.0
2025-01-15 08:02:00,0.2468,0.2468,0.2468,0.2468,0.0
2025-01-15 08:03:00,0.2468,0.2475,0.2468,0.2475,4071.0
2025-01-15 08:04:00,0.247,0.247,0.2468,0.2468,126.0
2025-01-15 08:05:00,0.2468,0.2468,0.2468,0.2468,0.0
2025-01-15 08:06:00,0.2468,0.2468,0.2466,0.2466,270.0
2025-01-15 08:07:00,0.2464,0.2465,0.2464,0.2465,622.0
2025-01-15 08:08:00,0.2464,0.2465,0.2464,0.2465,168.0
2025-01-15 08:09:00,0.2468,0.2468,0.2468,0.2468,364.0
2025-01-15 08:10:00,0.2468,0.2468,0.2466,0.2466,660.0
2025-01-15 08:11:00,0.2469,0.2469,0.2469,0.2469,1555.0
2025-01-15 08:12:00,0.2469,0.247,0.2469,0.247,913.0
2025-01-15 08:13:00,0.2468,0.2468,0.2468,0.2468,2970.0
2025-01-15 08:14:00,0.2467,0.2468,0.2467,0.2468,20259.0
2025-01-15 08:15:00,0.2469,0.2471,0.2466,0.2466,4330.0
2025-01-15 08:16:00,0.2464,0.2464,0.246,0.2461,5622.0
2025-01-15 08:17:00,0.246,0.2463,0.246,0.2463,1628.0
2025-01-15 08:18:00,0.246,0.2461,0.2459,0.2461,1441.0
2025-01-15 08:19:00,0.2462,0.2462,0.2458,0.2458,10015.0
2025-01-15 08:20:00,0.2457,0.2458,0.2457,0.2458,2521.0
2025-01-15 08:21:00,0.2459,0.246,0.2459,0.246,2234.0
2025-01-15 08:22:00,0.2461,0.2461,0.246,0.246,2129.0
2025-01-15 08:23:00,0.246,0.246,0.246,0.246,0.0
2025-01-15 08:24:00,0.246,0.246,0.2458,0.2458,4151.0
2025-01-15 08:25:00,0.2459,0.2464,0.2459,0.2464,1897.0
2025-01-15 08:26:00,0.2465,0.2468,0.2465,0.2468,24248.0
2025-01-15 08:27:00,0.2468,0.247,0.2468,0.2469,10921.0
2025-01-15 08:28:00,0.2469,0.2473,0.2469,0.2473,8330.0
2025-01-15 08:29:00,0.2474,0.2474,0.2474,0.2474,525.0
2025-01-15 08:30:00,0.2475,0.2476,0.2471,0.2471,5980.0
2025-01-15 08:31:00,0.2471,0.2471,0.2471,0.2471,210.0
2025-01-15 08:32:00,0.2476,0.2479,0.2476,0.2478,17790.0
2025-01-15 08:33:00,0.2478,0.2479,0.2478,0.2479,64.0
2025-01-15 08:34:00,0.2478,0.2481,0.2478,0.2481,5937.0
2025-01-15 08:35:00,0.2481,0.2484,0.248,0.2483,4846.0
2025-01-15 08:36:00,0.2485,0.2488,0.2484,0.2484,3275.0
2025-01-15 08:37:00,0.2484,0.2484,0.2482,0.2482,1605.0
2025-01-15 08:38:00,0.2481,0.2481,0.2481,0.2481,25.0
2025-01-15 08:39:00,0.2482,0.2483,0.2482,0.2482,4534.0
2025-01-15 08:40:00,0.2481,0.2481,0.2481,0.2481,2995.0
2025-01-15 08:41:00,0.2476,0.2477,0.2475,0.2476,5574.0
2025-01-15 08:42:00,0.2474,0.2475,0.2472,0.2472,1723.0
2025-01-15 08:43:00,0.2472,0.2472,0.2472,0.2472,0.0
2025-01-15 08:44:00,0.2472,0.2473,0.2472,0.2473,612.0
2025-01-15 08:45:00,0.2474,0.2474,0.2472,0.2474,2578.0
2025-01-15 08:46:00,0.2473,0.2473,0.247,0.247,51.0
2025-01-15 08:47:00,0.247,0.247,0.247,0.247,0.0
2025-01-15 08:48:00,0.2475,0.2476,0.2472,0.2472,8541.0
2025-01-15 08:49:00,0.2469,0.2469,0.2469,0.2469,22.0
2025-01-15 08:50:00,0.2469,0.2469,0.2469,0.2469,0.0
2025-01-15 08:51:00,0.2466,0.2466,0.2465,0.2466,23822.0
2025-01-15 08:52:00,0.2466,0.2466,0.2466,0.2466,0.0
2025-01-15 08:53:00,0.2463,0.2463,0.2462,0.2462,382.0
2025-01-15 08:54:00,0.2463,0.2463,0.2463,0.2463,32.0
2025-01-15 08:55:00,0.2463,0.2463,0.2461,0.2462,4485.0
2025-01-15 08:56:00,0.246,0.246,0.2459,0.246,2394.0
2025-01-15 08:57:00,0.2461,0.2461,0.246,0.246,910.0
2025-01-15 08:58:00,0.2461,0.2461,0.2461,0.2461,42.0
2025-01-15 08:59:00,0.2461,0.2461,0.2458,0.2458,1625.0
2025-01-15 09:00:00,0.2456,0.2462,0.2456,0.2461,12380.0
2025-01-15 09:01:00,0.2458,0.2458,0.2451,0.2451,108523.0
2025-01-15 09:02:00,0.2451,0.2451,0.2442,0.2442,95102.0
2025-01-15 09:03:00,0.2442,0.2445,0.244,0.2443,125067.0
2025-01-15 09:04:00,0.2442,0.2442,0.2434,0.2435,79634.0
2025-01-15 09:05:00,0.2434,0.2439,0.2432,0.2432,145038.0
2025-01-15 09:06:00,0.2432,0.2442,0.2432,0.244,42078.0
2025-01-15 09:07:00,0.244,0.244,0.2436,0.2437,17497.0
2025-01-15 09:08:00,0.2437,0.2441,0.2437,0.2441,25625.0
2025-01-15 09:09:00,0.2441,0.2444,0.2441,0.2441,15367.0
2025-01-15 09:10:00,0.2441,0.2443,0.2441,0.2442,8492.0
2025-01-15 09:11:00,0.2442,0.2445,0.2442,0.2445,6106.0
2025-01-15 09:12:00,0.2445,0.2445,0.2441,0.2441,6999.0
2025-01-15 09:13:00,0.2441,0.2442,0.2441,0.2442,5952.0
2025-01-15 09:14:00,0.2443,0.2443,0.2442,0.2442,1311.0
2025-01-15 09:15:00,0.2442,0.2448,0.2442,0.2448,15702.0
2025-01-15 09:16:00,0.2447,0.2447,0.2444,0.2444,5413.0
2025-01-15 09:17:00,0.2443,0.2446,0.2443,0.2446,3591.0
2025-01-15 09:18:00,0.2446,0.2446,0.2444,0.2444,2045.0
2025-01-15 09:19:00,0.2444,0.2444,0.2444,0.2444,0.0
2025-01-15 09:20:00,0.2443,0.2444,0.2443,0.2444,4999.0
2025-01-15 09:21:00,0.2443,0.2445,0.2442,0.2443,14624.0
2025-01-15 09:22:00,0.244,0.2442,0.244,0.2442,2838.0
2025-01-15 09:23:00,0.2442,0.2442,0.244,0.244,2137.0
2025-01-15 09:24:00,0.2435,0.2435,0.2435,0.2435,98.0
2025-01-15 09:25:00,0.2435,0.2435,0.2433,0.2433,14140.0
2025-01-15 09:26:00,0.2433,0.2434,0.2432,0.2434,3789.0
2025-01-15 09:27:00,0.2434,0.2434,0.2432,0.2432,1487.0
2025-01-15 09:28:00,0.2432,0.2432,0.2432,0.2432,116.0
2025-01-15 09:29:00,0.2434,0.2434,0.2429,0.243,3430.0
2025-01-15 09:30:00,0.243,0.2431,0.2429,0.2429,2275.0
2025-01-15 09:31:00,0.243,0.243,0.243,0.243,136.0
2025-01-15 09:32:00,0.2433,0.2433,0.243,0.243,620.0
2025-01-15 09:33:00,0.243,0.243,0.2427,0.2427,6472.0
2025-01-15 09:34:00,0.2427,0.2428,0.2426,0.2428,2865.0
2025-01-15 09:35:00,0.2429,0.2429,0.2429,0.2429,1268.0
2025-01-15 09:36:00,0.2428,0.2428,0.2426,0.2426,2708.0
2025-01-15 09:37:00,0.2426,0.2426,0.2423,0.2425,24793.0
2025-01-15 09:38:00,0.2422,0.2422,0.2417,0.242,29029.0
2025-01-15 09:39:00,0.2421,0.2421,0.2421,0.2421,476.0
2025-01-15 09:40:00,0.2424,0.2425,0.2421,0.2421,2416.0
2025-01-15 09:41:00,0.2421,0.2421,0.2421,0.2421,21.0
2025-01-15 09:42:00,0.2422,0.2423,0.2422,0.2423,5646.0
2025-01-15 09:43:00,0.2424,0.2426,0.2424,0.2424,8229.0
2025-01-15 09:44:00,0.2421,0.2421,0.2421,0.2421,83.0
2025-01-15 09:45:00,0.2421,0.2424,0.2421,0.2424,4594.0
2025-01-15 09:46:00,0.2421,0.2421,0.2417,0.2417,5015.0
2025-01-15 09:47:00,0.2417,0.2417,0.2409,0.241,30578.0
2025-01-15 09:48:00,0.2411,0.2411,0.241,0.241,8986.0
2025-01-15 09:49:00,0.241,0.2411,0.2408,0.2408,3929.0
2025-01-15 09:50:00,0.2409,0.241,0.2407,0.2409,16874.0
2025-01-15 09:51:00,0.2408,0.2408,0.2405,0.2405,3850.0
2025-01-15 09:52:00,0.2406,0.2407,0.2406,0.2406,3249.0
2025-01-15 09:53:00,0.2406,0.241,0.2406,0.2407,26680.0
2025-01-15 09:54:00,0.2406,0.2407,0.2405,0.2405,11737.0
2025-01-15 09:55:00,0.2405,0.2407,0.2405,0.2405,1688.0
2025-01-15 09:56:00,0.2404,0.2404,0.2402,0.2403,526.0
2025-01-15 09:57:00,0.2404,0.2407,0.2404,0.2405,2984.0
2025-01-15 09:58:00,0.2405,0.2406,0.2405,0.2406,1467.0
2025-01-15 09:59:00,0.2406,0.2406,0.2404,0.2404,8546.0
2025-01-15 10:00:00,0.2405,0.2407,0.2405,0.2406,5967.0
2025-01-15 10:01:00,0.2407,0.2414,0.2407,0.2414,11533.0
2025-01-15 10:02:00,0.2408,0.241,0.2408,0.2409,17240.0
2025-01-15 10:03:00,0.2409,0.2409,0.2409,0.2409,0.0
2025-01-15 10:04:00,0.2414,0.2416,0.2414,0.2415,1381.0
2025-01-15 10:05:00,0.2413,0.2417,0.2413,0.2417,5155.0
2025-01-15 10:06:00,0.2416,0.2417,0.2415,0.2416,5234.0
2025-01-15 10:07:00,0.2417,0.2417,0.2417,0.2417,1385.0
2025-01-15 10:08:00,0.2417,0.2418,0.2417,0.2418,1759.0
2025-01-15 10:09:00,0.2418,0.2419,0.2418,0.2418,7048.0
2025-01-15 10:10:00,0.2417,0.2417,0.2417,0.2417,20.0
2025-01-15 10:11:00,0.2416,0.2416,0.2413,0.2413,9378.0
2025-01-15 10:12:00,0.2415,0.2415,0.2413,0.2413,1166.0
2025-01-15 10:13:00,0.2414,0.2414,0.2413,0.2413,3297.0
2025-01-15 10:14:00,0.2413,0.2413,0.2411,0.2411,1550.0
2025-01-15 10:15:00,0.241,0.241,0.2409,0.2409,1115.0
2025-01-15 10:16:00,0.2409,0.2409,0.2409,0.2409,0.0
2025-01-15 10:17:00,0.2414,0.2414,0.2411,0.2411,9714.0
2025-01-15 10:18:00,0.2411,0.2411,0.2408,0.241,8394.0
2025-01-15 10:19:00,0.2412,0.2412,0.2411,0.2411,4088.0
2025-01-15 10:20:00,0.2411,0.2413,0.2411,0.2413,840.0
2025-01-15 10:21:00,0.2414,0.2415,0.2414,0.2415,40820.0
2025-01-15 10:22:00,0.2417,0.2417,0.2416,0.2417,9784.0
2025-01-15 10:23:00,0.2417,0.2418,0.2417,0.2418,5305.0
2025-01-15 10:24:00,0.2419,0.2419,0.2419,0.2419,1944.0
2025-01-15 10:25:00,0.242,0.242,0.2419,0.242,3022.0
2025-01-15 10:26:00,0.242,0.242,0.2419,0.2419,1373.0
2025-01-15 10:27:00,0.2419,0.2419,0.2419,0.2419,0.0
2025-01-15 10:28:00,0.2419,0.2419,0.2419,0.2419,221.0
2025-01-15 10:29:00,0.2418,0.2419,0.2418,0.2419,635.0
2025-01-15 10:30:00,0.242,0.242,0.242,0.242,131.0
2025-01-15 10:31:00,0.2419,0.2419,0.2418,0.2418,11699.0
2025-01-15 10:32:00,0.2416,0.2421,0.2416,0.2421,5243.0
2025-01-15 10:33:00,0.2421,0.2421,0.2421,0.2421,0.0
2025-01-15 10:34:00,0.2421,0.2421,0.2418,0.2418,226.0
2025-01-15 10:35:00,0.242,0.242,0.2419,0.2419,1582.0
2025-01-15 10:36:00,0.2419,0.2421,0.2419,0.2421,495.0
2025-01-15 10:37:00,0.242,0.242,0.2419,0.2419,480.0
2025-01-15 10:38:00,0.2419,0.2419,0.2418,0.2418,1092.0
2025-01-15 10:39:00,0.2417,0.2419,0.2417,0.2419,530.0
2025-01-15 10:40:00,0.2418,0.2418,0.2418,0.2418,1901.0
2025-01-15 10:41:00,0.2417,0.2417,0.2411,0.2411,3490.0
2025-01-15 10:42:00,0.2412,0.2412,0.2412,0.2412,829.0
2025-01-15 10:43:00,0.2413,0.2414,0.2413,0.2414,198.0
2025-01-15 10:44:00,0.2414,0.2414,0.2414,0.2414,4170.0
2025-01-15 10:45:00,0.2412,0.2412,0.2412,0.2412,2731.0
2025-01-15 10:46:00,0.2412,0.2412,0.2412,0.2412,215.0
2025-01-15 10:47:00,0.2412,0.2413,0.2412,0.2413,3554.0
2025-01-15 10:48:00,0.2413,0.2413,0.2413,0.2413,0.0
2025-01-15 10:49:00,0.2414,0.2414,0.2411,0.2411,4900.0
2025-01-15 10:50:00,0.2411,0.2411,0.2411,0.2411,107.0
2025-01-15 10:51:00,0.2409,0.2409,0.2408,0.2409,9536.0
2025-01-15 10:52:00,0.2409,0.2409,0.2409,0.2409,7415.0
2025-01-15 10:53:00,0.2409,0.2409,0.2409,0.2409,0.0
2025-01-15 10:54:00,0.2409,0.2409,0.2409,0.2409,2120.0
2025-01-15 10:55:00,0.241,0.241,0.2409,0.2409,5759.0
2025-01-15 10:56:00,0.2408,0.2408,0.2404,0.2404,11161.0
2025-01-15 10:57:00,0.2405,0.2405,0.2404,0.2405,2995.0
2025-01-15 10:58:00,0.2405,0.2406,0.2405,0.2406,3126.0
2025-01-15 10:59:00,0.2406,0.2406,0.2406,0.2406,0.0
2025-01-15 11:00:00,0.2406,0.2407,0.2405,0.2407,1871.0
2025-01-15 11:01:00,0.2406,0.2406,0.2402,0.2402,11529.0
2025-01-15 11:02:00,0.2402,0.2403,0.2402,0.2402,12972.0
2025-01-15 11:03:00,0.2402,0.2403,0.2402,0.2403,750.0
2025-01-15 11:04:00,0.2403,0.2403,0.2402,0.2403,6109.0
2025-01-15 11:05:00,0.2403,0.2405,0.2403,0.2405,15757.0
2025-01-15 11:06:00,0.2405,0.2405,0.2405,0.2405,153.0
2025-01-15 11:07:00,0.2402,0.2402,0.2399,0.2399,17095.0
2025-01-15 11:08:00,0.2397,0.2397,0.2397,0.2397,46.0
2025-01-15 11:09:00,0.2395,0.2395,0.239,0.2392,6331.0
2025-01-15 11:10:00,0.2391,0.2392,0.2389,0.2392,11656.0
2025-01-15 11:11:00,0.2393,0.2394,0.2391,0.2391,5302.0
2025-01-15 11:12:00,0.2391,0.2394,0.2391,0.2394,7936.0
2025-01-15 11:13:00,0.2392,0.2392,0.239,0.2391,1231.0
2025-01-15 11:14:00,0.2393,0.2394,0.2391,0.2394,5551.0
2025-01-15 11:15:00,0.2396,0.24,0.2395,0.2395,22154.0
2025-01-15 11:16:00,0.2393,0.2393,0.2388,0.239,19990.0
2025-01-15 11:17:00,0.2389,0.239,0.2388,0.2388,3984.0
2025-01-15 11:18:00,0.2387,0.2387,0.2383,0.2385,15311.0
2025-01-15 11:19:00,0.2385,0.2385,0.2381,0.2383,42965.0
2025-01-15 11:20:00,0.2383,0.2387,0.2382,0.2385,7048.0
2025-01-15 11:21:00,0.2384,0.239,0.2384,0.2386,49434.0
2025-01-15 11:22:00,0.2385,0.2386,0.2381,0.2381,14890.0
2025-01-15 11:23:00,0.2382,0.2382,0.238,0.2382,2916.0
2025-01-15 11:24:00,0.2382,0.2384,0.2379,0.2379,10425.0
2025-01-15 11:25:00,0.2379,0.2381,0.2378,0.2379,15932.0
2025-01-15 11:26:00,0.2379,0.2385,0.2379,0.2385,14524.0
2025-01-15 11:27:00,0.2385,0.2385,0.2383,0.2384,971.0
2025-01-15 11:28:00,0.2384,0.2384,0.2383,0.2383,900.0
2025-01-15 11:29:00,0.238,0.238,0.238,0.238,378.0
2025-01-15 11:30:00,0.2384,0.2389,0.2384,0.2386,6038.0
2025-01-15 11:31:00,0.2386,0.2387,0.2385,0.2387,9195.0
2025-01-15 11:32:00,0.2388,0.2388,0.2381,0.2381,12686.0
2025-01-15 11:33:00,0.238,0.238,0.2378,0.2378,2202.0
2025-01-15 11:34:00,0.2379,0.2386,0.2379,0.2385,3999.0
2025-01-15 11:35:00,0.2384,0.2384,0.2384,0.2384,2468.0
2025-01-15 11:36:00,0.2385,0.2392,0.2385,0.2392,6614.0
2025-01-15 11:37:00,0.2392,0.2394,0.2391,0.2393,7294.0
2025-01-15 11:38:00,0.2391,0.2391,0.2391,0.2391,586.0
2025-01-15 11:39:00,0.2392,0.2392,0.2391,0.2391,3233.0
2025-01-15 11:40:00,0.2392,0.2392,0.2389,0.2389,5545.0
2025-01-15 11:41:00,0.2388,0.2388,0.2388,0.2388,685.0
2025-01-15 11:42:00,0.2387,0.239,0.2387,0.239,9755.0
2025-01-15 11:43:00,0.239,0.239,0.239,0.239,0.0
2025-01-15 11:44:00,0.2389,0.2389,0.2389,0.2389,64.0
2025-01-15 11:45:00,0.2388,0.2388,0.2388,0.2388,4376.0
2025-01-15 11:46:00,0.2392,0.2393,0.2392,0.2392,5627.0
2025-01-15 11:47:00,0.2394,0.2397,0.2394,0.2397,9585.0
2025-01-15 11:48:00,0.2396,0.2396,0.2395,0.2395,2596.0
2025-01-15 11:49:00,0.2395,0.2395,0.2395,0.2395,0.0
2025-01-15 11:50:00,0.2396,0.2399,0.2396,0.2399,7134.0
2025-01-15 11:51:00,0.2397,0.2397,0.2397,0.2397,129.0
2025-01-15 11:52:00,0.2397,0.2397,0.2397,0.2397,0.0
2025-01-15 11:53:00,0.2397,0.2397,0.2395,0.2395,360.0
2025-01-15 11:54:00,0.2394,0.2394,0.2394,0.2394,758.0
2025-01-15 11:55:00,0.2395,0.2395,0.2395,0.2395,242.0
2025-01-15 11:56:00,0.2396,0.2396,0.2394,0.2394,457.0
2025-01-15 11:57:00,0.2393,0.2394,0.2392,0.2394,6811.0
2025-01-15 11:58:00,0.2397,0.2397,0.2397,0.2397,61.0
2025-01-15 11:59:00,0.2397,0.2397,0.2397,0.2397,84.0
2025-01-15 12:00:00,0.2397,0.2399,0.2397,0.2398,23865.0
2025-01-15 12:01:00,0.2394,0.2394,0.2393,0.2394,1755.0
2025-01-15 12:02:00,0.2393,0.2393,0.2391,0.2392,2217.0
2025-01-15 12:03:00,0.2391,0.2392,0.2391,0.2391,2230.0
2025-01-15 12:04:00,0.2388,0.239,0.2388,0.239,4716.0
2025-01-15 12:05:00,0.2392,0.2393,0.2392,0.2393,2091.0
2025-01-15 12:06:00,0.2395,0.2395,0.2395,0.2395,3620.0
2025-01-15 12:07:00,0.2392,0.2393,0.239,0.2393,16194.0
2025-01-15 12:08:00,0.2392,0.2392,0.2392,0.2392,1149.0
2025-01-15 12:09:00,0.2389,0.2389,0.2388,0.2388,10355.0
2025-01-15 12:10:00,0.239,0.239,0.2388,0.2388,5439.0
2025-01-15 12:11:00,0.2388,0.2388,0.2387,0.2387,9477.0
2025-01-15 12:12:00,0.2388,0.2388,0.2388,0.2388,2956.0
2025-01-15 12:13:00,0.2388,0.2389,0.2387,0.2388,4788.0
2025-01-15 12:14:00,0.2388,0.2388,0.2388,0.2388,0.0
2025-01-15 12:15:00,0.2387,0.2387,0.2385,0.2386,13180.0
2025-01-15 12:16:00,0.2387,0.2388,0.2387,0.2387,13757.0
2025-01-15 12:17:00,0.2386,0.2386,0.2385,0.2385,2421.0
2025-01-15 12:18:00,0.2387,0.2387,0.2385,0.2385,3260.0
2025-01-15 12:19:00,0.2384,0.2384,0.2383,0.2383,1250.0
2025-01-15 12:20:00,0.2383,0.2383,0.2383,0.2383,0.0
2025-01-15 12:21:00,0.2386,0.2386,0.2386,0.2386,3037.0
2025-01-15 12:22:00,0.2383,0.2383,0.2383,0.2383,21.0
2025-01-15 12:23:00,0.238,0.238,0.238,0.238,669.0
2025-01-15 12:24:00,0.238,0.2381,0.238,0.2381,3725.0
2025-01-15 12:25:00,0.2381,0.2381,0.2381,0.2381,43.0
2025-01-15 12:26:00,0.2379,0.2379,0.2379,0.2379,213.0
2025-01-15 12:27:00,0.2379,0.2379,0.2379,0.2379,0.0
2025-01-15 12:28:00,0.2378,0.238,0.2378,0.238,5608.0
2025-01-15 12:29:00,0.238,0.238,0.238,0.238,0.0
2025-01-15 12:30:00,0.238,0.238,0.238,0.238,0.0
2025-01-15 12:31:00,0.2384,0.2384,0.2383,0.2383,127.0
2025-01-15 12:32:00,0.2388,0.2388,0.2386,0.2386,7467.0
2025-01-15 12:33:00,0.2386,0.2387,0.2386,0.2387,30.0
2025-01-15 12:34:00,0.2386,0.2386,0.2386,0.2386,83.0
2025-01-15 12:35:00,0.2386,0.2386,0.2386,0.2386,123.0
2025-01-15 12:36:00,0.2389,0.2391,0.2389,0.2391,4415.0
2025-01-15 12:37:00,0.239,0.239,0.239,0.239,6148.0
2025-01-15 12:38:00,0.239,0.239,0.239,0.239,0.0
2025-01-15 12:39:00,0.2394,0.2395,0.2394,0.2395,3491.0
2025-01-15 12:40:00,0.2397,0.2399,0.2396,0.2399,584.0
2025-01-15 12:41:00,0.24,0.2401,0.24,0.24,2991.0
2025-01-15 12:42:00,0.2399,0.2399,0.2395,0.2395,4448.0
2025-01-15 12:43:00,0.2397,0.24,0.2397,0.24,17836.0
2025-01-15 12:44:00,0.2399,0.2399,0.2399,0.2399,7168.0
2025-01-15 12:45:00,0.2395,0.2395,0.2391,0.2391,3408.0
2025-01-15 12:46:00,0.2392,0.2392,0.2392,0.2392,49.0
2025-01-15 12:47:00,0.2389,0.2389,0.2388,0.2388,553.0
2025-01-15 12:48:00,0.2387,0.2388,0.2387,0.2388,2056.0
2025-01-15 12:49:00,0.2388,0.2388,0.2388,0.2388,0.0
2025-01-15 12:50:00,0.2389,0.239,0.2389,0.2389,3790.0
2025-01-15 12:51:00,0.2389,0.2389,0.2388,0.2388,2194.0
2025-01-15 12:52:00,0.2388,0.2389,0.2388,0.2389,567.0
2025-01-15 12:53:00,0.2389,0.2389,0.2387,0.2387,781.0
2025-01-15 12:54:00,0.2389,0.2389,0.2387,0.2387,201.0
2025-01-15 12:55:00,0.2388,0.2388,0.2388,0.2388,96.0
2025-01-15 12:56:00,0.2389,0.2389,0.2387,0.2387,182.0
2025-01-15 12:57:00,0.2387,0.2387,0.2386,0.2387,4269.0
2025-01-15 12:58:00,0.2387,0.2387,0.2387,0.2387,0.0
2025-01-15 12:59:00,0.2387,0.2387,0.2387,0.2387,0.0
2025-01-15 13:00:00,0.2387,0.2388,0.2387,0.2388,5796.0
2025-01-15 13:01:00,0.2389,0.2395,0.2389,0.2395,18121.0
2025-01-15 13:02:00,0.2398,0.2398,0.2398,0.2398,169.0
2025-01-15 13:03:00,0.2397,0.2398,0.2397,0.2398,195.0
2025-01-15 13:04:00,0.2399,0.24,0.2399,0.2399,3240.0
2025-01-15 13:05:00,0.2396,0.2396,0.2396,0.2396,63.0
2025-01-15 13:06:00,0.2398,0.2398,0.2398,0.2398,3100.0
2025-01-15 13:07:00,0.2398,0.2398,0.2398,0.2398,0.0
2025-01-15 13:08:00,0.2396,0.2397,0.2396,0.2397,93.0
2025-01-15 13:09:00,0.2396,0.2396,0.2396,0.2396,3467.0
2025-01-15 13:10:00,0.2397,0.2397,0.2396,0.2396,456.0
2025-01-15 13:11:00,0.2397,0.2397,0.2397,0.2397,28.0
2025-01-15 13:12:00,0.2397,0.2397,0.2397,0.2397,103.0
2025-01-15 13:13:00,0.2396,0.2396,0.2396,0.2396,93.0
2025-01-15 13:14:00,0.2398,0.2398,0.2393,0.2393,14945.0
2025-01-15 13:15:00,0.2393,0.2393,0.2393,0.2393,250.0
2025-01-15 13:16:00,0.2388,0.239,0.2388,0.239,113.0
2025-01-15 13:17:00,0.2393,0.2393,0.2391,0.2391,9428.0
2025-01-15 13:18:00,0.2392,0.2392,0.2391,0.2391,4194.0
2025-01-15 13:19:00,0.2391,0.2391,0.2391,0.2391,0.0
2025-01-15 13:20:00,0.2396,0.2396,0.2396,0.2396,745.0
2025-01-15 13:21:00,0.2396,0.2396,0.2396,0.2396,0.0
2025-01-15 13:22:00,0.2396,0.2396,0.2396,0.2396,0.0
2025-01-15 13:23:00,0.2396,0.2402,0.2396,0.2401,6445.0
2025-01-15 13:24:00,0.2401,0.2401,0.2401,0.2401,154.0
2025-01-15 13:25:00,0.2402,0.2403,0.2402,0.2402,9866.0
2025-01-15 13:26:00,0.2402,0.2403,0.2402,0.2403,2137.0
2025-01-15 13:27:00,0.2405,0.241,0.2404,0.2406,43427.0
2025-01-15 13:28:00,0.2407,0.2407,0.2402,0.2402,6265.0
2025-01-15 13:29:00,0.2403,0.2403,0.24,0.24,1611.0
2025-01-15 13:30:00,0.24,0.2471,0.24,0.2456,463785.0
2025-01-15 13:31:00,0.2456,0.2469,0.245,0.2452,415355.0
2025-01-15 13:32:00,0.2454,0.2466,0.2452,0.2465,61492.0
2025-01-15 13:33:00,0.2465,0.2473,0.2463,0.2468,94135.0
2025-01-15 13:34:00,0.2467,0.2471,0.2462,0.2463,48918.0
2025-01-15 13:35:00,0.2463,0.2463,0.2447,0.2461,206656.0
2025-01-15 13:36:00,0.2461,0.2466,0.2456,0.2456,55969.0
2025-01-15 13:37:00,0.2455,0.2465,0.2454,0.2463,19005.0
2025-01-15 13:38:00,0.2463,0.2466,0.2453,0.2455,28951.0
2025-01-15 13:39:00,0.2456,0.2463,0.2455,0.2463,35670.0
2025-01-15 13:40:00,0.2463,0.2469,0.2461,0.2469,21818.0
2025-01-15 13:41:00,0.2466,0.2468,0.2461,0.2461,23726.0
2025-01-15 13:42:00,0.2462,0.2463,0.2456,0.2458,27294.0
2025-01-15 13:43:00,0.2456,0.2465,0.2453,0.2463,18233.0
2025-01-15 13:44:00,0.2464,0.2466,0.2463,0.2463,2978.0
2025-01-15 13:45:00,0.2466,0.2469,0.2464,0.2469,13383.0
2025-01-15 13:46:00,0.247,0.2476,0.247,0.2473,29373.0
2025-01-15 13:47:00,0.2475,0.2477,0.2473,0.2475,9712.0
2025-01-15 13:48:00,0.2477,0.2481,0.2476,0.248,9607.0
2025-01-15 13:49:00,0.2478,0.2483,0.2478,0.2482,13437.0
2025-01-15 13:50:00,0.2484,0.2487,0.2482,0.2484,26601.0
2025-01-15 13:51:00,0.2486,0.2486,0.2481,0.2482,13815.0
2025-01-15 13:52:00,0.248,0.2481,0.2477,0.2478,5553.0
2025-01-15 13:53:00,0.2477,0.2479,0.2474,0.2474,21392.0
2025-01-15 13:54:00,0.2477,0.2479,0.2475,0.2476,8447.0
2025-01-15 13:55:00,0.2479,0.2483,0.2479,0.2483,7185.0
2025-01-15 13:56:00,0.2484,0.2488,0.2484,0.2488,6074.0
2025-01-15 13:57:00,0.249,0.249,0.2487,0.249,11756.0
2025-01-15 13:58:00,0.2491,0.2492,0.249,0.249,3976.0
2025-01-15 13:59:00,0.2492,0.2493,0.2491,0.2493,3516.0
2025-01-15 14:00:00,0.2492,0.2503,0.2492,0.2503,29320.0
2025-01-15 14:01:00,0.2499,0.2504,0.2495,0.2503,53531.0
2025-01-15 14:02:00,0.2503,0.2505,0.2501,0.2505,5387.0
2025-01-15 14:03:00,0.2503,0.2503,0.2494,0.2495,80252.0
2025-01-15 14:04:00,0.2493,0.2504,0.2492,0.2502,42672.0
2025-01-15 14:05:00,0.2502,0.2502,0.2497,0.2502,10513.0
2025-01-15 14:06:00,0.2504,0.2508,0.2501,0.2502,21977.0
2025-01-15 14:07:00,0.2498,0.2499,0.2493,0.2493,39384.0
2025-01-15 14:08:00,0.2495,0.2502,0.2495,0.2499,57435.0
2025-01-15 14:09:00,0.2501,0.2504,0.2499,0.2499,27902.0
2025-01-15 14:10:00,0.2498,0.2499,0.2495,0.2499,4168.0
2025-01-15 14:11:00,0.25,0.2503,0.2498,0.2502,10051.0
2025-01-15 14:12:00,0.2498,0.2501,0.2496,0.2496,26306.0
2025-01-15 14:13:00,0.2496,0.2496,0.2488,0.2492,70537.0
2025-01-15 14:14:00,0.2494,0.2494,0.2485,0.2493,33082.0
2025-01-15 14:15:00,0.2493,0.2496,0.2488,0.2489,43208.0
2025-01-15 14:16:00,0.2487,0.2487,0.2475,0.2479,66891.0
2025-01-15 14:17:00,0.248,0.2482,0.2475,0.2477,34095.0
2025-01-15 14:18:00,0.2475,0.2484,0.2473,0.2482,27962.0
2025-01-15 14:19:00,0.2481,0.2484,0.248,0.2484,12578.0
2025-01-15 14:20:00,0.2487,0.2496,0.2487,0.2494,17460.0
2025-01-15 14:21:00,0.2495,0.2497,0.2491,0.2491,13184.0
2025-01-15 14:22:00,0.2491,0.2494,0.249,0.249,13367.0
2025-01-15 14:23:00,0.249,0.2491,0.2486,0.249,42714.0
2025-01-15 14:24:00,0.2491,0.2497,0.2491,0.2497,13497.0
2025-01-15 14:25:00,0.2498,0.25,0.2496,0.25,21444.0
2025-01-15 14:26:00,0.25,0.25,0.2498,0.2498,10590.0
2025-01-15 14:27:00,0.2497,0.2497,0.2491,0.2491,12191.0
2025-01-15 14:28:00,0.2491,0.2491,0.2487,0.2489,5161.0
2025-01-15 14:29:00,0.2489,0.2492,0.2489,0.2491,1194.0
2025-01-15 14:30:00,0.2489,0.2496,0.2489,0.2495,30396.0
2025-01-15 14:31:00,0.2496,0.2504,0.2495,0.2504,8667.0
2025-01-15 14:32:00,0.2504,0.2509,0.2503,0.2506,25826.0
2025-01-15 14:33:00,0.2505,0.251,0.2504,0.2505,20648.0
2025-01-15 14:34:00,0.2506,0.2506,0.2498,0.2499,10026.0
2025-01-15 14:35:00,0.2501,0.2501,0.2493,0.2493,3215.0
2025-01-15 14:36:00,0.2492,0.2498,0.2492,0.2498,2123.0
2025-01-15 14:37:00,0.2496,0.2496,0.249,0.249,4613.0
2025-01-15 14:38:00,0.249,0.2493,0.2489,0.2493,13866.0
2025-01-15 14:39:00,0.2498,0.2499,0.2496,0.2497,13966.0
2025-01-15 14:40:00,0.2501,0.2501,0.2498,0.2498,11380.0
2025-01-15 14:41:00,0.2497,0.25,0.2496,0.25,6578.0
2025-01-15 14:42:00,0.2501,0.2503,0.2499,0.25,3046.0
2025-01-15 14:43:00,0.25,0.2504,0.25,0.2504,3898.0
2025-01-15 14:44:00,0.2505,0.2506,0.2503,0.2505,3472.0
2025-01-15 14:45:00,0.2505,0.2508,0.2503,0.2508,20018.0
2025-01-15 14:46:00,0.2505,0.2506,0.2499,0.2501,3735.0
2025-01-15 14:47:00,0.2502,0.2512,0.2502,0.2511,17820.0
2025-01-15 14:48:00,0.2512,0.2512,0.251,0.251,4438.0
2025-01-15 14:49:00,0.2513,0.2516,0.2513,0.2514,6075.0
2025-01-15 14:50:00,0.2514,0.2514,0.2511,0.2512,10532.0
2025-01-15 14:51:00,0.2514,0.2519,0.2513,0.2518,7451.0
2025-01-15 14:52:00,0.2518,0.252,0.2517,0.252,11909.0
2025-01-15 14:53:00,0.2517,0.2519,0.2516,0.2517,6924.0
2025-01-15 14:54:00,0.2519,0.2521,0.2519,0.252,24098.0
2025-01-15 14:55:00,0.252,0.252,0.2516,0.2519,44124.0
2025-01-15 14:56:00,0.252,0.2524,0.252,0.2524,9896.0
2025-01-15 14:57:00,0.2523,0.2526,0.2522,0.2526,14953.0
2025-01-15 14:58:00,0.2526,0.2528,0.2525,0.2526,5969.0
2025-01-15 14:59:00,0.2527,0.2528,0.2525,0.2525,7639.0
2025-01-15 15:00:00,0.2526,0.2538,0.2526,0.2537,74685.0
2025-01-15 15:01:00,0.2537,0.2538,0.2532,0.2537,23947.0
2025-01-15 15:02:00,0.2537,0.2537,0.2533,0.2536,15974.0
2025-01-15 15:03:00,0.2537,0.2537,0.2535,0.2535,3380.0
2025-01-15 15:04:00,0.2531,0.2534,0.2529,0.2534,9781.0
2025-01-15 15:05:00,0.2531,0.2534,0.2526,0.2526,15926.0
2025-01-15 15:06:00,0.2526,0.2527,0.252,0.2522,143102.0
2025-01-15 15:07:00,0.2522,0.2522,0.2516,0.2517,155998.0
2025-01-15 15:08:00,0.2519,0.2528,0.2519,0.2527,14075.0
2025-01-15 15:09:00,0.2528,0.2528,0.2522,0.2522,5191.0
2025-01-15 15:10:00,0.2522,0.2533,0.252,0.2533,13498.0
2025-01-15 15:11:00,0.2534,0.2535,0.2533,0.2533,18131.0
2025-01-15 15:12:00,0.2534,0.2537,0.2531,0.2533,8292.0
2025-01-15 15:13:00,0.2534,0.2539,0.2534,0.2536,9803.0
2025-01-15 15:14:00,0.2535,0.2541,0.2535,0.2538,23410.0
2025-01-15 15:15:00,0.2537,0.2543,0.2534,0.2543,11148.0
2025-01-15 15:16:00,0.2543,0.2545,0.2539,0.2542,64334.0
2025-01-15 15:17:00,0.2542,0.2545,0.2539,0.2545,13434.0
2025-01-15 15:18:00,0.2544,0.2545,0.2538,0.2542,23257.0
2025-01-15 15:19:00,0.2542,0.2542,0.2533,0.2533,21324.0
2025-01-15 15:20:00,0.2534,0.2539,0.2534,0.2537,16393.0
2025-01-15 15:21:00,0.2536,0.2545,0.2536,0.2543,23216.0
2025-01-15 15:22:00,0.2543,0.2546,0.2537,0.2537,33705.0
2025-01-15 15:23:00,0.2538,0.2542,0.2538,0.2542,22956.0
2025-01-15 15:24:00,0.2542,0.255,0.2542,0.255,79121.0
2025-01-15 15:25:00,0.255,0.255,0.2546,0.2549,16369.0
2025-01-15 15:26:00,0.2549,0.255,0.2548,0.255,17048.0
2025-01-15 15:27:00,0.255,0.2555,0.255,0.2555,17046.0
2025-01-15 15:28:00,0.2553,0.2555,0.2551,0.2555,11778.0
2025-01-15 15:29:00,0.2555,0.2558,0.2555,0.2555,17470.0
2025-01-15 15:30:00,0.2555,0.2555,0.2544,0.2551,178541.0
2025-01-15 15:31:00,0.2549,0.2552,0.2547,0.2552,3447.0
2025-01-15 15:32:00,0.2553,0.2561,0.2552,0.2558,23233.0
2025-01-15 15:33:00,0.256,0.256,0.2555,0.2555,8699.0
2025-01-15 15:34:00,0.2558,0.2562,0.2558,0.2561,21211.0
2025-01-15 15:35:00,0.256,0.2563,0.2556,0.2556,2973.0
2025-01-15 15:36:00,0.2555,0.2557,0.2551,0.2552,65791.0
2025-01-15 15:37:00,0.2551,0.2561,0.2551,0.2561,4436.0
2025-01-15 15:38:00,0.2562,0.2563,0.256,0.2562,6107.0
2025-01-15 15:39:00,0.2563,0.2565,0.256,0.256,40477.0
2025-01-15 15:40:00,0.256,0.256,0.2556,0.2558,30438.0
2025-01-15 15:41:00,0.2559,0.256,0.2558,0.2559,11418.0
2025-01-15 15:42:00,0.2561,0.2561,0.2557,0.2559,81129.0
2025-01-15 15:43:00,0.2559,0.2561,0.2557,0.2558,18034.0
2025-01-15 15:44:00,0.2559,0.2562,0.2559,0.2561,13555.0
2025-01-15 15:45:00,0.2561,0.2564,0.2559,0.2564,48191.0
2025-01-15 15:46:00,0.2563,0.2563,0.2557,0.2557,6376.0
2025-01-15 15:47:00,0.2558,0.2558,0.2551,0.2551,3582.0
2025-01-15 15:48:00,0.2552,0.2555,0.2552,0.2555,6549.0
2025-01-15 15:49:00,0.2556,0.2556,0.2551,0.2552,55373.0
2025-01-15 15:50:00,0.2552,0.2552,0.2549,0.255,6409.0
2025-01-15 15:51:00,0.255,0.255,0.2546,0.2548,3246.0
2025-01-15 15:52:00,0.2547,0.2548,0.2543,0.2546,12424.0
2025-01-15 15:53:00,0.2549,0.2549,0.2547,0.2547,6994.0
2025-01-15 15:54:00,0.2549,0.2549,0.2548,0.2548,764.0
2025-01-15 15:55:00,0.2548,0.2552,0.2548,0.2552,16293.0
2025-01-15 15:56:00,0.2552,0.2552,0.2547,0.2548,9318.0
2025-01-15 15:57:00,0.2548,0.2549,0.2548,0.2549,513.0
2025-01-15 15:58:00,0.255,0.255,0.2545,0.2547,11079.0
2025-01-15 15:59:00,0.2547,0.2547,0.2545,0.2545,5842.0
2025-01-15 16:00:00,0.2547,0.2555,0.2547,0.2555,50530.0
2025-01-15 16:01:00,0.2553,0.2553,0.2548,0.2549,8505.0
2025-01-15 16:02:00,0.2548,0.2552,0.2546,0.2552,13385.0
2025-01-15 16:03:00,0.2554,0.2554,0.255,0.2551,16161.0
2025-01-15 16:04:00,0.2549,0.2554,0.2549,0.2554,3254.0
2025-01-15 16:05:00,0.2554,0.2558,0.2554,0.2558,11711.0
2025-01-15 16:06:00,0.2559,0.2561,0.2558,0.2561,16215.0
2025-01-15 16:07:00,0.256,0.256,0.2556,0.2557,6480.0
2025-01-15 16:08:00,0.2557,0.2557,0.2551,0.2551,8179.0
2025-01-15 16:09:00,0.2553,0.2556,0.2553,0.2555,18299.0
2025-01-15 16:10:00,0.2558,0.2558,0.2558,0.2558,1144.0
2025-01-15 16:11:00,0.2558,0.256,0.2558,0.256,2638.0
2025-01-15 16:12:00,0.256,0.256,0.2559,0.256,3354.0
2025-01-15 16:13:00,0.2559,0.2559,0.2559,0.2559,4153.0
2025-01-15 16:14:00,0.256,0.2561,0.256,0.2561,10160.0
2025-01-15 16:15:00,0.2561,0.2566,0.2561,0.2561,48648.0
2025-01-15 16:16:00,0.2561,0.2562,0.2557,0.2557,17701.0
2025-01-15 16:17:00,0.2558,0.2558,0.2553,0.2554,11247.0
2025-01-15 16:18:00,0.2557,0.2558,0.2555,0.2558,11023.0
2025-01-15 16:19:00,0.2559,0.2559,0.2549,0.255,17776.0
2025-01-15 16:20:00,0.255,0.255,0.2543,0.2544,22591.0
2025-01-15 16:21:00,0.2546,0.2547,0.2544,0.2547,1564.0
2025-01-15 16:22:00,0.2545,0.2552,0.2545,0.2552,5880.0
2025-01-15 16:23:00,0.2553,0.2553,0.2551,0.2551,19344.0
2025-01-15 16:24:00,0.2552,0.2552,0.2547,0.2549,48370.0
2025-01-15 16:25:00,0.255,0.2551,0.2549,0.255,2540.0
2025-01-15 16:26:00,0.2551,0.2556,0.2551,0.2556,12456.0
2025-01-15 16:27:00,0.2556,0.2557,0.2554,0.2556,9739.0
2025-01-15 16:28:00,0.2556,0.2557,0.2556,0.2557,3454.0
2025-01-15 16:29:00,0.2557,0.2561,0.2557,0.2559,19707.0
2025-01-15 16:30:00,0.2559,0.256,0.2556,0.2557,11913.0
2025-01-15 16:31:00,0.2557,0.2557,0.2552,0.2553,12191.0
2025-01-15 16:32:00,0.2554,0.2554,0.2548,0.2548,36274.0
2025-01-15 16:33:00,0.2549,0.2552,0.2549,0.2552,6972.0
2025-01-15 16:34:00,0.2553,0.2553,0.2545,0.2545,6055.0
2025-01-15 16:35:00,0.2545,0.2546,0.2543,0.2543,7948.0
2025-01-15 16:36:00,0.2543,0.2548,0.2543,0.2548,1574.0
2025-01-15 16:37:00,0.2546,0.2546,0.2544,0.2544,1351.0
2025-01-15 16:38:00,0.2546,0.255,0.2546,0.255,3112.0
2025-01-15 16:39:00,0.255,0.255,0.255,0.255,710.0
2025-01-15 16:40:00,0.2551,0.2552,0.2551,0.2551,7678.0
2025-01-15 16:41:00,0.255,0.255,0.255,0.255,442.0
2025-01-15 16:42:00,0.2549,0.2549,0.2547,0.2547,1793.0
2025-01-15 16:43:00,0.2546,0.2548,0.2546,0.2548,6530.0
2025-01-15 16:44:00,0.2547,0.2547,0.2546,0.2546,942.0
2025-01-15 16:45:00,0.255,0.255,0.2549,0.2549,3117.0
2025-01-15 16:46:00,0.2545,0.2546,0.2538,0.2542,7501.0
2025-01-15 16:47:00,0.2542,0.2543,0.2542,0.2543,1167.0
2025-01-15 16:48:00,0.2543,0.2544,0.2543,0.2543,726.0
2025-01-15 16:49:00,0.2543,0.2543,0.2542,0.2542,375.0
2025-01-15 16:50:00,0.2544,0.2546,0.2544,0.2546,2564.0
2025-01-15 16:51:00,0.2544,0.2544,0.2544,0.2544,311.0
2025-01-15 16:52:00,0.2544,0.2544,0.2542,0.2542,1435.0
2025-01-15 16:53:00,0.2542,0.2543,0.2538,0.2538,1474.0
2025-01-15 16:54:00,0.2539,0.254,0.2539,0.254,14394.0
2025-01-15 16:55:00,0.254,0.254,0.2538,0.2538,369.0
2025-01-15 16:56:00,0.2538,0.2538,0.2532,0.2534,90271.0
2025-01-15 16:57:00,0.2534,0.2537,0.2534,0.2534,17171.0
2025-01-15 16:58:00,0.2534,0.2536,0.2534,0.2536,4309.0
2025-01-15 16:59:00,0.2535,0.2535,0.2529,0.2531,8871.0
2025-01-15 17:00:00,0.253,0.2531,0.2528,0.2528,3806.0
2025-01-15 17:01:00,0.2529,0.2534,0.2528,0.2533,12133.0
2025-01-15 17:02:00,0.2533,0.2535,0.2527,0.253,115645.0
2025-01-15 17:03:00,0.2531,0.2531,0.2528,0.2528,5121.0
2025-01-15 17:04:00,0.2529,0.2534,0.2529,0.2533,8134.0
2025-01-15 17:05:00,0.2533,0.2534,0.2532,0.2534,2611.0
2025-01-15 17:06:00,0.2534,0.2537,0.2534,0.2537,5222.0
2025-01-15 17:07:00,0.2536,0.2536,0.2532,0.2532,881.0
2025-01-15 17:08:00,0.2533,0.2533,0.2532,0.2532,1108.0
2025-01-15 17:09:00,0.2533,0.2535,0.2533,0.2535,4720.0
2025-01-15 17:10:00,0.2536,0.2538,0.2535,0.2536,7874.0
2025-01-15 17:11:00,0.2535,0.2536,0.2534,0.2536,2031.0
2025-01-15 17:12:00,0.2537,0.254,0.2537,0.2538,2927.0
2025-01-15 17:13:00,0.2537,0.2539,0.2537,0.2539,7237.0
2025-01-15 17:14:00,0.2538,0.2539,0.2538,0.2538,2300.0
2025-01-15 17:15:00,0.2539,0.254,0.2537,0.2537,9619.0
2025-01-15 17:16:00,0.2538,0.254,0.2538,0.254,3920.0
2025-01-15 17:17:00,0.2539,0.2539,0.2538,0.2538,3635.0
2025-01-15 17:18:00,0.2534,0.2536,0.2534,0.2535,5507.0
2025-01-15 17:19:00,0.2535,0.2535,0.2535,0.2535,0.0
2025-01-15 17:20:00,0.2534,0.2537,0.2532,0.2537,6615.0
2025-01-15 17:21:00,0.2536,0.2536,0.2533,0.2533,18531.0
2025-01-15 17:22:00,0.2529,0.2529,0.2527,0.2527,3660.0
2025-01-15 17:23:00,0.2527,0.2528,0.2526,0.2526,371.0
2025-01-15 17:24:00,0.2526,0.2528,0.2526,0.2528,6272.0
2025-01-15 17:25:00,0.2529,0.2529,0.2526,0.2526,22661.0
2025-01-15 17:26:00,0.2526,0.2528,0.2526,0.2528,1253.0
2025-01-15 17:27:00,0.2528,0.2528,0.2528,0.2528,367.0
2025-01-15 17:28:00,0.2529,0.253,0.2529,0.253,462.0
2025-01-15 17:29:00,0.2527,0.2528,0.2526,0.2526,1072.0
2025-01-15 17:30:00,0.2527,0.2527,0.2523,0.2525,10451.0
2025-01-15 17:31:00,0.2524,0.2525,0.2524,0.2525,2207.0
2025-01-15 17:32:00,0.2531,0.2533,0.2531,0.2531,19229.0
2025-01-15 17:33:00,0.2533,0.2537,0.2533,0.2537,2773.0
2025-01-15 17:34:00,0.2533,0.2533,0.2533,0.2533,93.0
2025-01-15 17:35:00,0.2535,0.2535,0.2534,0.2534,8655.0
2025-01-15 17:36:00,0.2535,0.2536,0.2535,0.2536,2130.0
2025-01-15 17:37:00,0.2536,0.2536,0.2534,0.2534,202.0
2025-01-15 17:38:00,0.2531,0.2531,0.2531,0.2531,500.0
2025-01-15 17:39:00,0.2527,0.2527,0.2527,0.2527,307.0
2025-01-15 17:40:00,0.2529,0.253,0.2528,0.253,1469.0
2025-01-15 17:41:00,0.253,0.2531,0.2529,0.2529,1125.0
2025-01-15 17:42:00,0.2527,0.2527,0.2526,0.2526,189.0
2025-01-15 17:43:00,0.2526,0.2526,0.2526,0.2526,0.0
2025-01-15 17:44:00,0.2526,0.2526,0.2526,0.2526,201.0
2025-01-15 17:45:00,0.2527,0.2529,0.2527,0.2529,1719.0
2025-01-15 17:46:00,0.2524,0.2524,0.2518,0.2519,56603.0
2025-01-15 17:47:00,0.2519,0.2521,0.2519,0.2521,11730.0
2025-01-15 17:48:00,0.252,0.252,0.2519,0.252,6980.0
2025-01-15 17:49:00,0.2519,0.252,0.2519,0.2519,3077.0
2025-01-15 17:50:00,0.2519,0.2519,0.2517,0.2517,5580.0
2025-01-15 17:51:00,0.2516,0.2516,0.2515,0.2516,2804.0
2025-01-15 17:52:00,0.2514,0.2516,0.2514,0.2516,360.0
2025-01-15 17:53:00,0.2514,0.2514,0.2512,0.2513,19878.0
2025-01-15 17:54:00,0.2511,0.2511,0.2511,0.2511,179.0
2025-01-15 17:55:00,0.2513,0.2515,0.251,0.251,5370.0
2025-01-15 17:56:00,0.251,0.251,0.2507,0.2508,12943.0
2025-01-15 17:57:00,0.2508,0.2508,0.2507,0.2507,469.0
2025-01-15 17:58:00,0.2509,0.251,0.2509,0.251,8756.0
2025-01-15 17:59:00,0.2511,0.2511,0.251,0.251,3925.0
2025-01-15 18:00:00,0.251,0.2512,0.251,0.2512,36719.0
2025-01-15 18:01:00,0.2513,0.2517,0.2513,0.2517,20399.0
2025-01-15 18:02:00,0.2517,0.2519,0.2516,0.2517,14181.0
2025-01-15 18:03:00,0.2517,0.2517,0.2517,0.2517,1708.0
2025-01-15 18:04:00,0.2517,0.2517,0.2517,0.2517,3718.0
2025-01-15 18:05:00,0.2519,0.2522,0.2519,0.252,2473.0
2025-01-15 18:06:00,0.2518,0.2519,0.2518,0.2519,1079.0
2025-01-15 18:07:00,0.2519,0.2519,0.2519,0.2519,691.0
2025-01-15 18:08:00,0.2518,0.2518,0.2518,0.2518,992.0
2025-01-15 18:09:00,0.2517,0.252,0.2517,0.252,4989.0
2025-01-15 18:10:00,0.2519,0.2519,0.2516,0.2517,767.0
2025-01-15 18:11:00,0.2517,0.2519,0.2517,0.2519,1404.0
2025-01-15 18:12:00,0.2521,0.2521,0.252,0.252,7924.0
2025-01-15 18:13:00,0.252,0.252,0.2518,0.2518,6008.0
2025-01-15 18:14:00,0.2518,0.252,0.2518,0.252,18272.0
2025-01-15 18:15:00,0.2521,0.2525,0.2521,0.2525,15179.0
2025-01-15 18:16:00,0.2525,0.2525,0.2525,0.2525,993.0
2025-01-15 18:17:00,0.2525,0.2525,0.2525,0.2525,1469.0
2025-01-15 18:18:00,0.2525,0.2525,0.2525,0.2525,1145.0
2025-01-15 18:19:00,0.2525,0.2529,0.2525,0.2529,4048.0
2025-01-15 18:20:00,0.2528,0.2529,0.2528,0.2529,781.0
2025-01-15 18:21:00,0.2528,0.253,0.2528,0.253,1554.0
2025-01-15 18:22:00,0.253,0.2531,0.253,0.2531,881.0
2025-01-15 18:23:00,0.2532,0.2536,0.2532,0.2536,2568.0
2025-01-15 18:24:00,0.2537,0.2537,0.2534,0.2534,1899.0
2025-01-15 18:25:00,0.2535,0.2535,0.2535,0.2535,83.0
2025-01-15 18:26:00,0.2536,0.2537,0.2536,0.2537,1336.0
2025-01-15 18:27:00,0.2538,0.254,0.2538,0.254,7777.0
2025-01-15 18:28:00,0.2539,0.2539,0.2539,0.2539,3048.0
2025-01-15 18:29:00,0.2539,0.2539,0.2539,0.2539,160.0
2025-01-15 18:30:00,0.2539,0.2541,0.2539,0.2541,1065.0
2025-01-15 18:31:00,0.2541,0.2541,0.254,0.254,8000.0
2025-01-15 18:32:00,0.254,0.254,0.254,0.254,2399.0
2025-01-15 18:33:00,0.254,0.254,0.2538,0.2538,6144.0
2025-01-15 18:34:00,0.2538,0.254,0.2538,0.254,2940.0
2025-01-15 18:35:00,0.254,0.254,0.2536,0.2536,778.0
2025-01-15 18:36:00,0.2537,0.2537,0.2537,0.2537,119.0
2025-01-15 18:37:00,0.2534,0.2535,0.2534,0.2535,322.0
2025-01-15 18:38:00,0.2535,0.2535,0.2535,0.2535,197.0
2025-01-15 18:39:00,0.2536,0.2538,0.2535,0.2538,8077.0
2025-01-15 18:40:00,0.2536,0.2536,0.2535,0.2536,2764.0
2025-01-15 18:41:00,0.2538,0.2539,0.2538,0.2539,1664.0
2025-01-15 18:42:00,0.2537,0.2537,0.2537,0.2537,298.0
2025-01-15 18:43:00,0.2539,0.2539,0.2539,0.2539,188.0
2025-01-15 18:44:00,0.2539,0.2541,0.2539,0.254,1272.0
2025-01-15 18:45:00,0.2541,0.2545,0.2541,0.2544,33583.0
2025-01-15 18:46:00,0.2546,0.2547,0.2546,0.2547,3256.0
2025-01-15 18:47:00,0.2548,0.2548,0.2547,0.2547,414.0
2025-01-15 18:48:00,0.2548,0.2548,0.2548,0.2548,25.0
2025-01-15 18:49:00,0.2547,0.2547,0.2547,0.2547,227.0
2025-01-15 18:50:00,0.255,0.2553,0.255,0.2552,2464.0
2025-01-15 18:51:00,0.2551,0.2551,0.2548,0.2548,1843.0
2025-01-15 18:52:00,0.2554,0.2554,0.2553,0.2554,1285.0
2025-01-15 18:53:00,0.2554,0.2555,0.2554,0.2555,2919.0
2025-01-15 18:54:00,0.2555,0.2556,0.2555,0.2556,51.0
2025-01-15 18:55:00,0.2556,0.2556,0.2555,0.2555,405.0
2025-01-15 18:56:00,0.2556,0.2558,0.2554,0.2555,20217.0
2025-01-15 18:57:00,0.2555,0.2556,0.2555,0.2555,1709.0
2025-01-15 18:58:00,0.2555,0.2557,0.2555,0.2557,1559.0
2025-01-15 18:59:00,0.2556,0.2557,0.2556,0.2557,864.0
2025-01-15 19:00:00,0.2558,0.2558,0.2557,0.2557,59.0
2025-01-15 19:01:00,0.2557,0.2557,0.2552,0.2552,34819.0
2025-01-15 19:02:00,0.2552,0.2553,0.2551,0.2553,14946.0
2025-01-15 19:03:00,0.2555,0.2557,0.2555,0.2555,44929.0
2025-01-15 19:04:00,0.2556,0.2557,0.2554,0.2556,31533.0
2025-01-15 19:05:00,0.2557,0.2557,0.2555,0.2555,628.0
2025-01-15 19:06:00,0.2556,0.2559,0.2556,0.2559,49420.0
2025-01-15 19:07:00,0.2559,0.256,0.2559,0.256,2795.0
2025-01-15 19:08:00,0.256,0.256,0.2555,0.2556,17298.0
2025-01-15 19:09:00,0.2555,0.2557,0.2555,0.2557,5007.0
2025-01-15 19:10:00,0.2557,0.2557,0.2556,0.2556,1001.0
2025-01-15 19:11:00,0.2557,0.2558,0.2555,0.2555,20207.0
2025-01-15 19:12:00,0.2554,0.2554,0.2554,0.2554,24.0
2025-01-15 19:13:00,0.2556,0.2557,0.2556,0.2557,998.0
2025-01-15 19:14:00,0.2557,0.2557,0.2557,0.2557,0.0
2025-01-15 19:15:00,0.2555,0.2556,0.2555,0.2556,1002.0
2025-01-15 19:16:00,0.2555,0.2555,0.2555,0.2555,76.0
2025-01-15 19:17:00,0.2554,0.2554,0.2554,0.2554,24.0
2025-01-15 19:18:00,0.2552,0.2553,0.2552,0.2553,1369.0
2025-01-15 19:19:00,0.2554,0.2554,0.255,0.2551,80635.0
2025-01-15 19:20:00,0.255,0.255,0.255,0.255,25.0
2025-01-15 19:21:00,0.2551,0.2551,0.2549,0.2549,21680.0
2025-01-15 19:22:00,0.2548,0.2548,0.2547,0.2547,2563.0
2025-01-15 19:23:00,0.2547,0.2547,0.2547,0.2547,25.0
2025-01-15 19:24:00,0.2548,0.255,0.2547,0.2547,14703.0
2025-01-15 19:25:00,0.2549,0.2549,0.2549,0.2549,25.0
2025-01-15 19:26:00,0.255,0.255,0.2546,0.2549,7943.0
2025-01-15 19:27:00,0.2547,0.2548,0.2547,0.2548,1006.0
2025-01-15 19:28:00,0.2548,0.2548,0.2548,0.2548,53.0
2025-01-15 19:29:00,0.255,0.2551,0.2547,0.2547,925.0
2025-01-15 19:30:00,0.2547,0.2547,0.2546,0.2547,10749.0
2025-01-15 19:31:00,0.2546,0.2547,0.2545,0.2545,1059.0
2025-01-15 19:32:00,0.2546,0.2553,0.2546,0.2553,9059.0
2025-01-15 19:33:00,0.2552,0.2552,0.2552,0.2552,4651.0
2025-01-15 19:34:00,0.2554,0.2554,0.2551,0.2551,7649.0
2025-01-15 19:35:00,0.2554,0.2554,0.2554,0.2554,1002.0
2025-01-15 19:36:00,0.2555,0.2558,0.2555,0.2558,10731.0
2025-01-15 19:37:00,0.2558,0.2558,0.2557,0.2557,80.0
2025-01-15 19:38:00,0.2558,0.2558,0.2557,0.2557,374.0
2025-01-15 19:39:00,0.2556,0.2556,0.2556,0.2556,5473.0
2025-01-15 19:40:00,0.2556,0.2557,0.2553,0.2553,32666.0
2025-01-15 19:41:00,0.2554,0.2556,0.2554,0.2555,1537.0
2025-01-15 19:42:00,0.2555,0.2555,0.2552,0.2552,1272.0
2025-01-15 19:43:00,0.2552,0.2553,0.2552,0.2553,1638.0
2025-01-15 19:44:00,0.2553,0.2553,0.2553,0.2553,0.0
2025-01-15 19:45:00,0.2553,0.2553,0.2551,0.2551,20442.0
2025-01-15 19:46:00,0.2553,0.2554,0.2553,0.2554,1070.0
2025-01-15 19:47:00,0.2553,0.2553,0.2553,0.2553,2370.0
2025-01-15 19:48:00,0.2554,0.2556,0.2554,0.2554,7591.0
2025-01-15 19:49:00,0.2554,0.2554,0.2552,0.2552,3962.0
2025-01-15 19:50:00,0.2553,0.2553,0.255,0.2551,5182.0
2025-01-15 19:51:00,0.2552,0.2552,0.2549,0.2549,6814.0
2025-01-15 19:52:00,0.2551,0.2551,0.2551,0.2551,3950.0
2025-01-15 19:53:00,0.2552,0.2553,0.2551,0.2551,10131.0
2025-01-15 19:54:00,0.2552,0.2554,0.2552,0.2552,6683.0
2025-01-15 19:55:00,0.2551,0.2551,0.255,0.255,387.0
2025-01-15 19:56:00,0.2551,0.2552,0.2551,0.2551,770.0
2025-01-15 19:57:00,0.2554,0.2559,0.2554,0.2559,22334.0
2025-01-15 19:58:00,0.2558,0.2559,0.2557,0.2557,14447.0
2025-01-15 19:59:00,0.2558,0.2559,0.2556,0.2557,12047.0
2025-01-15 20:00:00,0.2556,0.2562,0.2555,0.2562,10509.0
2025-01-15 20:01:00,0.2563,0.2567,0.2562,0.2566,29479.0
2025-01-15 20:02:00,0.2565,0.2565,0.2564,0.2565,459.0
2025-01-15 20:03:00,0.2566,0.2568,0.2566,0.2568,11077.0
2025-01-15 20:04:00,0.2565,0.2565,0.2559,0.2561,15122.0
2025-01-15 20:05:00,0.2561,0.2562,0.2558,0.2558,49486.0
2025-01-15 20:06:00,0.2558,0.2562,0.2558,0.2562,1274.0
2025-01-15 20:07:00,0.2561,0.2561,0.2561,0.2561,24.0
2025-01-15 20:08:00,0.2561,0.2563,0.2559,0.2563,1096.0
2025-01-15 20:09:00,0.2564,0.2564,0.2564,0.2564,24.0
2025-01-15 20:10:00,0.2567,0.2567,0.2566,0.2566,153.0
2025-01-15 20:11:00,0.2565,0.2567,0.2564,0.2567,8701.0
2025-01-15 20:12:00,0.2567,0.2572,0.2567,0.2572,29280.0
2025-01-15 20:13:00,0.2573,0.2573,0.2571,0.2573,83.0
2025-01-15 20:14:00,0.2571,0.2572,0.2571,0.2572,109.0
2025-01-15 20:15:00,0.2572,0.2573,0.2572,0.2573,1107.0
2025-01-15 20:16:00,0.2574,0.2574,0.2571,0.2571,148.0
2025-01-15 20:17:00,0.2571,0.2571,0.2568,0.2568,4297.0
2025-01-15 20:18:00,0.2573,0.2574,0.2572,0.2574,2839.0
2025-01-15 20:19:00,0.2573,0.2574,0.2573,0.2574,3544.0
2025-01-15 20:20:00,0.2575,0.2577,0.2573,0.2573,8361.0
2025-01-15 20:21:00,0.2575,0.2575,0.2575,0.2575,257.0
2025-01-15 20:22:00,0.2574,0.2575,0.2574,0.2575,277.0
2025-01-15 20:23:00,0.2573,0.2574,0.2573,0.2574,167.0
2025-01-15 20:24:00,0.2574,0.2575,0.2573,0.2575,2740.0
2025-01-15 20:25:00,0.2574,0.2576,0.2574,0.2576,7375.0
2025-01-15 20:26:00,0.2574,0.2574,0.257,0.257,634.0
2025-01-15 20:27:00,0.2571,0.2574,0.2571,0.2574,250.0
2025-01-15 20:28:00,0.2573,0.2574,0.2568,0.2569,13063.0
2025-01-15 20:29:00,0.2568,0.257,0.2566,0.2567,1832.0
2025-01-15 20:30:00,0.2562,0.2562,0.2556,0.2556,18945.0
2025-01-15 20:31:00,0.2557,0.2561,0.2557,0.2559,11356.0
2025-01-15 20:32:00,0.2563,0.2566,0.2563,0.2566,7035.0
2025-01-15 20:33:00,0.2563,0.2563,0.2563,0.2563,12319.0
2025-01-15 20:34:00,0.2567,0.2567,0.2567,0.2567,24.0
2025-01-15 20:35:00,0.2565,0.2566,0.2564,0.2566,10834.0
2025-01-15 20:36:00,0.2565,0.2565,0.2561,0.2561,3529.0
2025-01-15 20:37:00,0.2562,0.2562,0.2562,0.2562,1252.0
2025-01-15 20:38:00,0.2562,0.2563,0.2562,0.2562,3370.0
2025-01-15 20:39:00,0.2559,0.2559,0.2559,0.2559,1977.0
2025-01-15 20:40:00,0.2561,0.2563,0.2559,0.2559,62416.0
2025-01-15 20:41:00,0.2559,0.2559,0.2556,0.2556,7787.0
2025-01-15 20:42:00,0.2555,0.2555,0.2555,0.2555,25.0
2025-01-15 20:43:00,0.2555,0.2557,0.2553,0.2553,7632.0
2025-01-15 20:44:00,0.2556,0.2557,0.2556,0.2556,6091.0
2025-01-15 20:45:00,0.2558,0.2558,0.2557,0.2557,1001.0
2025-01-15 20:46:00,0.2559,0.2559,0.2557,0.2558,480.0
2025-01-15 20:47:00,0.2558,0.2558,0.2551,0.2551,8831.0
2025-01-15 20:48:00,0.2551,0.2551,0.2548,0.2548,3857.0
2025-01-15 20:49:00,0.2548,0.2551,0.2548,0.2551,258.0
2025-01-15 20:50:00,0.2549,0.2551,0.2549,0.2551,70.0
2025-01-15 20:51:00,0.255,0.255,0.255,0.255,25.0
2025-01-15 20:52:00,0.2554,0.2555,0.2554,0.2554,5615.0
2025-01-15 20:53:00,0.2553,0.2557,0.2553,0.2557,7465.0
2025-01-15 20:54:00,0.2554,0.2554,0.2554,0.2554,24.0
2025-01-15 20:55:00,0.2554,0.2555,0.2554,0.2554,934.0
2025-01-15 20:56:00,0.2555,0.2556,0.2555,0.2556,3813.0
2025-01-15 20:57:00,0.2554,0.2555,0.2554,0.2555,243.0
2025-01-15 20:58:00,0.2554,0.2554,0.2554,0.2554,49.0
2025-01-15 20:59:00,0.2552,0.2554,0.255,0.2553,14169.0
2025-01-15 21:00:00,0.2554,0.2558,0.2554,0.2557,2608.0
2025-01-15 21:01:00,0.2558,0.256,0.2558,0.2559,404.0
2025-01-15 21:02:00,0.2561,0.2562,0.2561,0.2561,1866.0
2025-01-15 21:03:00,0.2561,0.2561,0.256,0.2561,1020.0
2025-01-15 21:04:00,0.2562,0.2562,0.2559,0.2559,852.0
2025-01-15 21:05:00,0.2558,0.2561,0.2558,0.2561,5129.0
2025-01-15 21:06:00,0.2561,0.2561,0.2556,0.2556,10939.0
2025-01-15 21:07:00,0.2558,0.2558,0.2558,0.2558,25.0
2025-01-15 21:08:00,0.2559,0.256,0.2558,0.2558,839.0
2025-01-15 21:09:00,0.2558,0.2562,0.2558,0.2562,1351.0
2025-01-15 21:10:00,0.2563,0.2563,0.2562,0.2562,235.0
2025-01-15 21:11:00,0.2562,0.2563,0.2562,0.2563,270.0
2025-01-15 21:12:00,0.2564,0.2566,0.2563,0.2565,7862.0
2025-01-15 21:13:00,0.2563,0.2563,0.2563,0.2563,1004.0
2025-01-15 21:14:00,0.2565,0.2565,0.2564,0.2564,654.0
2025-01-15 21:15:00,0.2565,0.2565,0.2565,0.2565,1000.0
2025-01-15 21:16:00,0.2565,0.2566,0.2565,0.2566,5323.0
2025-01-15 21:17:00,0.2566,0.2566,0.2565,0.2565,4047.0
2025-01-15 21:18:00,0.2565,0.2565,0.2565,0.2565,37.0
2025-01-15 21:19:00,0.2565,0.2565,0.2565,0.2565,863.0
2025-01-15 21:20:00,0.2566,0.2566,0.2565,0.2565,567.0
2025-01-15 21:21:00,0.2564,0.2564,0.2563,0.2563,89.0
2025-01-15 21:22:00,0.2563,0.2564,0.2563,0.2564,324.0
2025-01-15 21:23:00,0.2561,0.2561,0.256,0.256,667.0
2025-01-15 21:24:00,0.256,0.256,0.256,0.256,0.0
2025-01-15 21:25:00,0.2559,0.256,0.2558,0.2558,18731.0
2025-01-15 21:26:00,0.2558,0.256,0.2558,0.256,1837.0
2025-01-15 21:27:00,0.2561,0.2562,0.2561,0.2562,107.0
2025-01-15 21:28:00,0.2562,0.2562,0.2562,0.2562,0.0
2025-01-15 21:29:00,0.2561,0.2561,0.2561,0.2561,392.0
2025-01-15 21:30:00,0.2561,0.2561,0.2561,0.2561,0.0
2025-01-15 21:31:00,0.256,0.256,0.2559,0.2559,409.0
2025-01-15 21:32:00,0.2558,0.2558,0.2557,0.2557,5974.0
2025-01-15 21:33:00,0.2557,0.2557,0.2557,0.2557,73.0
2025-01-15 21:34:00,0.2554,0.2555,0.2554,0.2555,83.0
2025-01-15 21:35:00,0.2557,0.2557,0.2557,0.2557,24.0
2025-01-15 21:36:00,0.2558,0.2558,0.2558,0.2558,1055.0
2025-01-15 21:37:00,0.2556,0.2556,0.2554,0.2554,98.0
2025-01-15 21:38:00,0.2556,0.2556,0.2552,0.2554,14982.0
2025-01-15 21:39:00,0.2555,0.2555,0.2554,0.2554,783.0
2025-01-15 21:40:00,0.2553,0.2555,0.2553,0.2555,1219.0
2025-01-15 21:41:00,0.2554,0.2555,0.2554,0.2554,186.0
2025-01-15 21:42:00,0.2555,0.2555,0.2552,0.2552,8112.0
2025-01-15 21:43:00,0.2553,0.2554,0.2553,0.2554,5179.0
2025-01-15 21:44:00,0.2554,0.2556,0.2554,0.2555,6804.0
2025-01-15 21:45:00,0.2555,0.2555,0.2555,0.2555,2600.0
2025-01-15 21:46:00,0.2556,0.2558,0.2556,0.2558,3400.0
2025-01-15 21:47:00,0.2557,0.2557,0.2556,0.2556,51.0
2025-01-15 21:48:00,0.256,0.2562,0.256,0.2562,439.0
2025-01-15 21:49:00,0.2561,0.2562,0.2561,0.2562,5855.0
2025-01-15 21:50:00,0.2561,0.2563,0.2561,0.2563,6385.0
2025-01-15 21:51:00,0.2564,0.2571,0.2564,0.257,17513.0
2025-01-15 21:52:00,0.2571,0.2571,0.2569,0.2569,161.0
2025-01-15 21:53:00,0.2568,0.2568,0.256,0.2562,117844.0
2025-01-15 21:54:00,0.2561,0.2561,0.2555,0.2556,133168.0
2025-01-15 21:55:00,0.2557,0.2562,0.2557,0.256,20684.0
2025-01-15 21:56:00,0.2561,0.2561,0.2559,0.256,27683.0
2025-01-15 21:57:00,0.256,0.2562,0.256,0.2561,10616.0
2025-01-15 21:58:00,0.256,0.256,0.2559,0.2559,2544.0
2025-01-15 21:59:00,0.2559,0.2561,0.2557,0.2561,16861.0
2025-01-15 22:00:00,0.2559,0.2559,0.2555,0.2555,11013.0
2025-01-15 22:01:00,0.2557,0.256,0.2556,0.256,8862.0
2025-01-15 22:02:00,0.2556,0.2557,0.2556,0.2556,1552.0
2025-01-15 22:03:00,0.2559,0.2559,0.2558,0.2558,358.0
2025-01-15 22:04:00,0.2557,0.2558,0.2557,0.2558,4487.0
2025-01-15 22:05:00,0.2558,0.2558,0.2556,0.2557,9984.0
2025-01-15 22:06:00,0.2554,0.2555,0.2554,0.2554,4843.0
2025-01-15 22:07:00,0.2554,0.2558,0.2554,0.2556,26370.0
2025-01-15 22:08:00,0.2554,0.2554,0.2553,0.2554,1058.0
2025-01-15 22:09:00,0.2555,0.2556,0.2548,0.2553,129123.0
2025-01-15 22:10:00,0.2552,0.2554,0.2552,0.2553,6187.0
2025-01-15 22:11:00,0.2554,0.2556,0.2554,0.2556,6452.0
2025-01-15 22:12:00,0.2557,0.2558,0.2556,0.2556,10886.0
2025-01-15 22:13:00,0.2555,0.2555,0.2554,0.2554,2104.0
2025-01-15 22:14:00,0.2555,0.2557,0.2555,0.2557,2565.0
2025-01-15 22:15:00,0.2559,0.2559,0.2558,0.2558,1001.0
2025-01-15 22:16:00,0.2557,0.2557,0.2556,0.2556,51.0
2025-01-15 22:17:00,0.2556,0.2556,0.2553,0.2553,6469.0
2025-01-15 22:18:00,0.2554,0.2556,0.2554,0.2556,2804.0
2025-01-15 22:19:00,0.2556,0.2557,0.2555,0.2557,26876.0
2025-01-15 22:20:00,0.2558,0.2559,0.2558,0.2558,9668.0
2025-01-15 22:21:00,0.2555,0.2555,0.2555,0.2555,24.0
2025-01-15 22:22:00,0.2554,0.2554,0.2554,0.2554,5047.0
2025-01-15 22:23:00,0.2554,0.2555,0.2554,0.2555,2734.0
2025-01-15 22:24:00,0.2555,0.2556,0.2555,0.2556,1604.0
2025-01-15 22:25:00,0.2556,0.2556,0.2556,0.2556,89.0
2025-01-15 22:26:00,0.2556,0.2556,0.2556,0.2556,132.0
2025-01-15 22:27:00,0.2557,0.2557,0.2556,0.2556,806.0
2025-01-15 22:28:00,0.2557,0.2557,0.2556,0.2556,690.0
2025-01-15 22:29:00,0.2557,0.2559,0.2557,0.2559,60.0
2025-01-15 22:30:00,0.2559,0.2563,0.2559,0.2563,16169.0
2025-01-15 22:31:00,0.2561,0.2563,0.256,0.2563,13900.0
2025-01-15 22:32:00,0.2564,0.2565,0.2564,0.2565,4789.0
2025-01-15 22:33:00,0.2567,0.257,0.2567,0.257,11406.0
2025-01-15 22:34:00,0.257,0.257,0.2568,0.2568,546.0
2025-01-15 22:35:00,0.2567,0.2567,0.2565,0.2565,31513.0
2025-01-15 22:36:00,0.2562,0.2562,0.2562,0.2562,400.0
2025-01-15 22:37:00,0.2564,0.2564,0.2564,0.2564,39.0
2025-01-15 22:38:00,0.2564,0.2564,0.2564,0.2564,429.0
2025-01-15 22:39:00,0.2564,0.2564,0.2564,0.2564,297.0
2025-01-15 22:40:00,0.2565,0.2566,0.2564,0.2566,2621.0
2025-01-15 22:41:00,0.2565,0.2567,0.2564,0.2567,15972.0
2025-01-15 22:42:00,0.2567,0.2568,0.2565,0.2565,24013.0
2025-01-15 22:43:00,0.2566,0.2566,0.2565,0.2565,3644.0
2025-01-15 22:44:00,0.2564,0.2564,0.2563,0.2563,4010.0
2025-01-15 22:45:00,0.2564,0.2566,0.2564,0.2566,3410.0
2025-01-15 22:46:00,0.2565,0.2567,0.2565,0.2567,1494.0
2025-01-15 22:47:00,0.2568,0.2568,0.2567,0.2567,4091.0
2025-01-15 22:48:00,0.2568,0.2568,0.2568,0.2568,67.0
2025-01-15 22:49:00,0.2567,0.2568,0.2567,0.2568,92.0
2025-01-15 22:50:00,0.2568,0.2568,0.2568,0.2568,65.0
2025-01-15 22:51:00,0.2568,0.2568,0.2568,0.2568,99.0
2025-01-15 22:52:00,0.2567,0.2567,0.2567,0.2567,24.0
2025-01-15 22:53:00,0.2567,0.2568,0.2566,0.2568,67.0
2025-01-15 22:54:00,0.2568,0.2569,0.2567,0.2569,767.0
2025-01-15 22:55:00,0.2568,0.2568,0.2568,0.2568,24.0
2025-01-15 22:56:00,0.257,0.257,0.2569,0.2569,17060.0
2025-01-15 22:57:00,0.2569,0.2569,0.2568,0.2569,11024.0
2025-01-15 22:58:00,0.2569,0.2576,0.2569,0.2573,67846.0
2025-01-15 22:59:00,0.2573,0.2575,0.2571,0.2574,21661.0
2025-01-15 23:00:00,0.2575,0.2577,0.2575,0.2577,19610.0
2025-01-15 23:01:00,0.2577,0.2579,0.2574,0.2576,58221.0
2025-01-15 23:02:00,0.2572,0.2573,0.257,0.2571,5415.0
2025-01-15 23:03:00,0.2572,0.2573,0.2571,0.2573,25558.0
2025-01-15 23:04:00,0.2572,0.2578,0.2572,0.2578,26103.0
2025-01-15 23:05:00,0.2578,0.2578,0.2576,0.2577,5415.0
2025-01-15 23:06:00,0.2578,0.2578,0.2576,0.2576,8519.0
2025-01-15 23:07:00,0.2576,0.2576,0.2576,0.2576,0.0
2025-01-15 23:08:00,0.2575,0.2577,0.2575,0.2577,9275.0
2025-01-15 23:09:00,0.2574,0.2574,0.2574,0.2574,1061.0
2025-01-15 23:10:00,0.2575,0.2575,0.2575,0.2575,24.0
2025-01-15 23:11:00,0.2574,0.2574,0.2574,0.2574,762.0
2025-01-15 23:12:00,0.2571,0.2571,0.257,0.2571,6292.0
2025-01-15 23:13:00,0.2569,0.257,0.2569,0.257,6928.0
2025-01-15 23:14:00,0.2571,0.2573,0.2571,0.2572,1801.0
2025-01-15 23:15:00,0.2572,0.2577,0.2572,0.2577,10497.0
2025-01-15 23:16:00,0.2576,0.2576,0.2576,0.2576,5580.0
2025-01-15 23:17:00,0.2577,0.258,0.2577,0.2578,7526.0
2025-01-15 23:18:00,0.2577,0.2577,0.2574,0.2575,5494.0
2025-01-15 23:19:00,0.2577,0.2579,0.2577,0.2579,2638.0
2025-01-15 23:20:00,0.258,0.258,0.2579,0.2579,3423.0
2025-01-15 23:21:00,0.2578,0.2578,0.2577,0.2578,4979.0
2025-01-15 23:22:00,0.2578,0.2578,0.2577,0.2578,7020.0
2025-01-15 23:23:00,0.2579,0.258,0.2579,0.258,785.0
2025-01-15 23:24:00,0.2579,0.2579,0.2578,0.2579,6730.0
2025-01-15 23:25:00,0.2581,0.2584,0.2581,0.2584,4725.0
2025-01-15 23:26:00,0.2584,0.2584,0.2583,0.2584,5651.0
2025-01-15 23:27:00,0.2583,0.2583,0.258,0.2582,11238.0
2025-01-15 23:28:00,0.2584,0.2585,0.2583,0.2584,4660.0
2025-01-15 23:29:00,0.2584,0.2588,0.2584,0.2587,6085.0
2025-01-15 23:30:00,0.2588,0.2589,0.2583,0.2583,8895.0
2025-01-15 23:31:00,0.2584,0.2585,0.2583,0.2583,18264.0
2025-01-15 23:32:00,0.2582,0.2588,0.2582,0.2587,101342.0
2025-01-15 23:33:00,0.2583,0.2584,0.2583,0.2584,6322.0
2025-01-15 23:34:00,0.2584,0.2587,0.2584,0.2587,9007.0
2025-01-15 23:35:00,0.2587,0.259,0.2587,0.259,7143.0
2025-01-15 23:36:00,0.259,0.2591,0.259,0.259,3565.0
2025-01-15 23:37:00,0.259,0.2591,0.2589,0.2591,2726.0
2025-01-15 23:38:00,0.259,0.2591,0.259,0.259,1107.0
2025-01-15 23:39:00,0.259,0.2593,0.259,0.259,27619.0
2025-01-15 23:40:00,0.2593,0.2595,0.2593,0.2594,11578.0
2025-01-15 23:41:00,0.2594,0.2595,0.2594,0.2594,14992.0
2025-01-15 23:42:00,0.2593,0.2594,0.2593,0.2594,5766.0
2025-01-15 23:43:00,0.2595,0.2595,0.2593,0.2593,3243.0
2025-01-15 23:44:00,0.2593,0.2595,0.2593,0.2595,21127.0
2025-01-15 23:45:00,0.2595,0.2597,0.2594,0.2594,16833.0
2025-01-15 23:46:00,0.2596,0.2597,0.2595,0.2595,13745.0
2025-01-15 23:47:00,0.2597,0.2599,0.2597,0.2599,1305.0
2025-01-15 23:48:00,0.2598,0.2598,0.2596,0.2596,7352.0
2025-01-15 23:49:00,0.2596,0.2596,0.2595,0.2595,6943.0
2025-01-15 23:50:00,0.2595,0.2596,0.2594,0.2594,5935.0
2025-01-15 23:51:00,0.2595,0.2596,0.2595,0.2595,837.0
2025-01-15 23:52:00,0.2596,0.2596,0.2595,0.2595,338.0
2025-01-15 23:53:00,0.2596,0.2597,0.2595,0.2595,1495.0
2025-01-15 23:54:00,0.2595,0.2596,0.2595,0.2596,4066.0
2025-01-15 23:55:00,0.2595,0.2595,0.2594,0.2594,1044.0
2025-01-15 23:56:00,0.2594,0.2594,0.2591,0.2591,1595.0
2025-01-15 23:57:00,0.2591,0.2594,0.2591,0.2592,7287.0
2025-01-15 23:58:00,0.2592,0.2592,0.2591,0.2591,1712.0
2025-01-15 23:59:00,0.2593,0.2593,0.2592,0.2592,656.0
2025-01-16 00:00:00,0.2592,0.2595,0.2591,0.2594,30565.0
2025-01-16 00:01:00,0.2592,0.2592,0.2585,0.2588,18865.0
2025-01-16 00:02:00,0.2589,0.2589,0.2584,0.2586,12148.0
2025-01-16 00:03:00,0.2588,0.2594,0.2583,0.2583,10318.0
2025-01-16 00:04:00,0.2581,0.2581,0.2576,0.2577,25999.0
2025-01-16 00:05:00,0.2578,0.2582,0.2577,0.2577,62504.0
2025-01-16 00:06:00,0.2577,0.2577,0.2571,0.2571,15194.0
2025-01-16 00:07:00,0.257,0.2575,0.2568,0.2572,41004.0
2025-01-16 00:08:00,0.2571,0.2572,0.2568,0.2568,26507.0
2025-01-16 00:09:00,0.2569,0.2569,0.2564,0.2565,31356.0
2025-01-16 00:10:00,0.2565,0.2572,0.2563,0.2572,19783.0
2025-01-16 00:11:00,0.2573,0.2575,0.2572,0.2574,10985.0
2025-01-16 00:12:00,0.2571,0.2577,0.257,0.2577,9790.0
2025-01-16 00:13:00,0.2574,0.2574,0.2574,0.2574,3408.0
2025-01-16 00:14:00,0.2572,0.2572,0.257,0.257,1060.0
2025-01-16 00:15:00,0.2569,0.2569,0.2559,0.2559,19453.0
2025-01-16 00:16:00,0.2559,0.2565,0.2559,0.2562,5409.0
2025-01-16 00:17:00,0.2561,0.2563,0.2558,0.2558,2212.0
2025-01-16 00:18:00,0.2558,0.2558,0.2556,0.2556,5593.0
2025-01-16 00:19:00,0.2555,0.2564,0.2553,0.2564,5926.0
2025-01-16 00:20:00,0.2566,0.2566,0.2559,0.2559,1268.0
2025-01-16 00:21:00,0.256,0.256,0.2551,0.2551,6857.0
2025-01-16 00:22:00,0.2554,0.2554,0.2553,0.2553,292.0
2025-01-16 00:23:00,0.2553,0.2557,0.2553,0.2557,4123.0
2025-01-16 00:24:00,0.256,0.2561,0.2559,0.2559,3531.0
2025-01-16 00:25:00,0.256,0.2561,0.256,0.256,11743.0
2025-01-16 00:26:00,0.256,0.256,0.2557,0.2557,261.0
2025-01-16 00:27:00,0.2557,0.2557,0.2556,0.2556,1384.0
2025-01-16 00:28:00,0.2556,0.2556,0.2551,0.2551,4663.0
2025-01-16 00:29:00,0.2551,0.2552,0.2551,0.2552,1509.0
2025-01-16 00:30:00,0.2555,0.2555,0.2549,0.2549,14041.0
2025-01-16 00:31:00,0.255,0.255,0.2541,0.2544,73805.0
2025-01-16 00:32:00,0.2546,0.2553,0.2543,0.2553,18940.0
2025-01-16 00:33:00,0.255,0.255,0.2546,0.2546,11129.0
2025-01-16 00:34:00,0.2544,0.2546,0.2542,0.2542,11030.0
2025-01-16 00:35:00,0.254,0.2541,0.2538,0.2538,1315.0
2025-01-16 00:36:00,0.2539,0.2539,0.2531,0.2531,8391.0
2025-01-16 00:37:00,0.2538,0.2538,0.2529,0.253,8738.0
2025-01-16 00:38:00,0.2529,0.253,0.2524,0.2525,16712.0
2025-01-16 00:39:00,0.2525,0.2528,0.2522,0.2526,15904.0
2025-01-16 00:40:00,0.2525,0.2532,0.2525,0.2532,9035.0
2025-01-16 00:41:00,0.2535,0.2535,0.2533,0.2533,269.0
2025-01-16 00:42:00,0.2532,0.2533,0.253,0.253,7274.0
2025-01-16 00:43:00,0.2529,0.2529,0.2527,0.2528,15238.0
2025-01-16 00:44:00,0.2532,0.2532,0.2532,0.2532,25.0
2025-01-16 00:45:00,0.2536,0.2538,0.2535,0.2535,6830.0
2025-01-16 00:46:00,0.2536,0.2537,0.2534,0.2536,39794.0
2025-01-16 00:47:00,0.2538,0.254,0.2538,0.2539,2188.0
2025-01-16 00:48:00,0.2539,0.2544,0.2538,0.2543,10324.0
2025-01-16 00:49:00,0.2542,0.2543,0.2542,0.2542,1459.0
2025-01-16 00:50:00,0.2545,0.2548,0.2543,0.2547,16934.0
2025-01-16 00:51:00,0.2546,0.2548,0.2545,0.2545,12437.0
2025-01-16 00:52:00,0.2544,0.2545,0.2542,0.2542,10270.0
2025-01-16 00:53:00,0.2543,0.2543,0.2542,0.2543,240.0
2025-01-16 00:54:00,0.2544,0.2544,0.2542,0.2544,3134.0
2025-01-16 00:55:00,0.2543,0.2544,0.2543,0.2543,1250.0
2025-01-16 00:56:00,0.2541,0.2543,0.2541,0.2542,974.0
2025-01-16 00:57:00,0.2539,0.2539,0.2536,0.2537,2898.0
2025-01-16 00:58:00,0.2536,0.2538,0.2536,0.2538,5152.0
2025-01-16 00:59:00,0.254,0.2541,0.2539,0.2539,10001.0
2025-01-16 01:00:00,0.2537,0.2543,0.2537,0.2539,12197.0
2025-01-16 01:01:00,0.254,0.2544,0.254,0.2543,19002.0
2025-01-16 01:02:00,0.2544,0.2546,0.2541,0.2545,18424.0
2025-01-16 01:03:00,0.2547,0.2549,0.2547,0.2548,26854.0
2025-01-16 01:04:00,0.255,0.2551,0.2547,0.2547,3616.0
2025-01-16 01:05:00,0.2548,0.2551,0.2548,0.2551,481.0
2025-01-16 01:06:00,0.2551,0.2551,0.255,0.255,193.0
2025-01-16 01:07:00,0.2551,0.2556,0.2551,0.2556,2857.0
2025-01-16 01:08:00,0.2557,0.2558,0.2553,0.2555,2692.0
2025-01-16 01:09:00,0.2555,0.2556,0.2552,0.2556,15181.0
2025-01-16 01:10:00,0.2556,0.2556,0.2554,0.2556,1549.0
2025-01-16 01:11:00,0.2558,0.2558,0.2555,0.2555,10849.0
2025-01-16 01:12:00,0.2551,0.2551,0.2548,0.2548,327.0
2025-01-16 01:13:00,0.2546,0.2548,0.2546,0.2548,2512.0
2025-01-16 01:14:00,0.2551,0.2553,0.2551,0.2552,13488.0
2025-01-16 01:15:00,0.2551,0.2554,0.2551,0.2554,8099.0
2025-01-16 01:16:00,0.2554,0.2554,0.255,0.255,12593.0
2025-01-16 01:17:00,0.2549,0.2549,0.2547,0.2547,3235.0
2025-01-16 01:18:00,0.2547,0.2548,0.2545,0.2546,30036.0
2025-01-16 01:19:00,0.2548,0.2548,0.2548,0.2548,878.0
2025-01-16 01:20:00,0.2546,0.2546,0.2539,0.2539,3628.0
2025-01-16 01:21:00,0.2539,0.254,0.2539,0.254,350.0
2025-01-16 01:22:00,0.254,0.2543,0.254,0.2543,3019.0
2025-01-16 01:23:00,0.2544,0.2544,0.2544,0.2544,125.0
2025-01-16 01:24:00,0.2543,0.2544,0.2543,0.2544,151.0
2025-01-16 01:25:00,0.2547,0.2555,0.2547,0.2552,16551.0
2025-01-16 01:26:00,0.2552,0.2552,0.2552,0.2552,24.0
2025-01-16 01:27:00,0.2551,0.2552,0.2551,0.2552,7291.0
2025-01-16 01:28:00,0.2555,0.2555,0.2554,0.2554,113.0
2025-01-16 01:29:00,0.2556,0.2559,0.2556,0.2559,2381.0
2025-01-16 01:30:00,0.2557,0.2557,0.2553,0.2554,9930.0
2025-01-16 01:31:00,0.2555,0.2555,0.2552,0.2552,554.0
2025-01-16 01:32:00,0.2552,0.2552,0.2552,0.2552,1004.0
2025-01-16 01:33:00,0.2554,0.2554,0.2554,0.2554,419.0
2025-01-16 01:34:00,0.2556,0.2556,0.2555,0.2555,641.0
2025-01-16 01:35:00,0.2555,0.2555,0.2552,0.2553,2601.0
2025-01-16 01:36:00,0.2554,0.2557,0.2554,0.2557,634.0
2025-01-16 01:37:00,0.2556,0.256,0.2556,0.2559,3917.0
2025-01-16 01:38:00,0.256,0.256,0.256,0.256,703.0
2025-01-16 01:39:00,0.2562,0.2562,0.2562,0.2562,492.0
2025-01-16 01:40:00,0.2562,0.2562,0.2558,0.2558,1229.0
2025-01-16 01:41:00,0.2561,0.2562,0.2561,0.2562,1400.0
2025-01-16 01:42:00,0.2558,0.2558,0.2558,0.2558,627.0
2025-01-16 01:43:00,0.256,0.256,0.256,0.256,88.0
2025-01-16 01:44:00,0.256,0.256,0.256,0.256,917.0
2025-01-16 01:45:00,0.2562,0.2562,0.2562,0.2562,24.0
2025-01-16 01:46:00,0.2561,0.2561,0.2561,0.2561,63.0
2025-01-16 01:47:00,0.256,0.256,0.2558,0.2558,442.0
2025-01-16 01:48:00,0.2559,0.2559,0.2557,0.2558,564.0
2025-01-16 01:49:00,0.2559,0.256,0.2559,0.256,112.0
2025-01-16 01:50:00,0.256,0.2562,0.256,0.2561,199.0
2025-01-16 01:51:00,0.2559,0.256,0.2559,0.256,3856.0
2025-01-16 01:52:00,0.2562,0.2563,0.2561,0.2563,8649.0
2025-01-16 01:53:00,0.2563,0.2564,0.2563,0.2564,810.0
2025-01-16 01:54:00,0.2565,0.2565,0.2562,0.2562,279.0
2025-01-16 01:55:00,0.2562,0.257,0.2562,0.257,973.0
2025-01-16 01:56:00,0.2568,0.257,0.2568,0.257,4579.0
2025-01-16 01:57:00,0.2569,0.2571,0.2568,0.2569,9172.0
2025-01-16 01:58:00,0.2571,0.2571,0.2568,0.2568,3340.0
2025-01-16 01:59:00,0.2567,0.2567,0.2567,0.2567,24.0
2025-01-16 02:00:00,0.2563,0.2564,0.2561,0.2563,48242.0
2025-01-16 02:01:00,0.2562,0.2562,0.256,0.2561,14062.0
2025-01-16 02:02:00,0.256,0.256,0.2556,0.2558,12070.0
2025-01-16 02:03:00,0.2554,0.2554,0.255,0.255,3471.0
2025-01-16 02:04:00,0.255,0.2554,0.255,0.2554,692.0
2025-01-16 02:05:00,0.2557,0.2558,0.2557,0.2558,194.0
2025-01-16 02:06:00,0.2559,0.2559,0.2558,0.2558,387.0
2025-01-16 02:07:00,0.2559,0.2559,0.2558,0.2559,2582.0
2025-01-16 02:08:00,0.2558,0.2559,0.2558,0.2559,1740.0
2025-01-16 02:09:00,0.2555,0.2555,0.2555,0.2555,80.0
2025-01-16 02:10:00,0.2558,0.2558,0.2556,0.2557,11084.0
2025-01-16 02:11:00,0.2557,0.2557,0.2557,0.2557,24.0
2025-01-16 02:12:00,0.256,0.256,0.2559,0.2559,2606.0
2025-01-16 02:13:00,0.2558,0.2558,0.2557,0.2557,452.0
2025-01-16 02:14:00,0.256,0.256,0.2558,0.2558,670.0
2025-01-16 02:15:00,0.2557,0.2557,0.2557,0.2557,24.0
2025-01-16 02:16:00,0.2556,0.2556,0.2554,0.2555,4224.0
2025-01-16 02:17:00,0.2554,0.2555,0.2554,0.2554,2782.0
2025-01-16 02:18:00,0.2553,0.2554,0.2552,0.2554,1658.0
2025-01-16 02:19:00,0.2551,0.2553,0.255,0.2553,5202.0
2025-01-16 02:20:00,0.2553,0.2555,0.2553,0.2555,3275.0
2025-01-16 02:21:00,0.2555,0.2556,0.2554,0.2554,19127.0
2025-01-16 02:22:00,0.2555,0.2555,0.2551,0.2551,2542.0
2025-01-16 02:23:00,0.2551,0.2551,0.2551,0.2551,105.0
2025-01-16 02:24:00,0.2552,0.2554,0.2552,0.2554,916.0
2025-01-16 02:25:00,0.2549,0.2549,0.2548,0.2549,11404.0
2025-01-16 02:26:00,0.255,0.255,0.2549,0.2549,394.0
2025-01-16 02:27:00,0.2548,0.2548,0.2546,0.2546,671.0
2025-01-16 02:28:00,0.2545,0.2545,0.2545,0.2545,263.0
2025-01-16 02:29:00,0.2545,0.2548,0.2544,0.2547,3941.0
2025-01-16 02:30:00,0.2547,0.2553,0.2547,0.255,4037.0
2025-01-16 02:31:00,0.255,0.255,0.255,0.255,64.0
2025-01-16 02:32:00,0.2552,0.2552,0.2551,0.2551,7966.0
2025-01-16 02:33:00,0.2552,0.2555,0.2552,0.2555,1421.0
2025-01-16 02:34:00,0.2554,0.2557,0.2554,0.2555,36591.0
2025-01-16 02:35:00,0.2553,0.2553,0.2553,0.2553,24.0
2025-01-16 02:36:00,0.2552,0.2556,0.2552,0.2556,3393.0
2025-01-16 02:37:00,0.2556,0.2556,0.2551,0.2551,129.0
2025-01-16 02:38:00,0.2549,0.2551,0.2549,0.2551,7980.0
2025-01-16 02:39:00,0.2552,0.2552,0.2552,0.2552,1510.0
2025-01-16 02:40:00,0.2553,0.2553,0.2549,0.2549,4995.0
2025-01-16 02:41:00,0.2549,0.2552,0.2549,0.2551,2145.0
2025-01-16 02:42:00,0.2551,0.2551,0.2551,0.2551,64.0
2025-01-16 02:43:00,0.2549,0.255,0.2549,0.255,1706.0
2025-01-16 02:44:00,0.255,0.2553,0.255,0.2553,4595.0
2025-01-16 02:45:00,0.2554,0.2554,0.255,0.255,5241.0
2025-01-16 02:46:00,0.2549,0.2549,0.2549,0.2549,896.0
2025-01-16 02:47:00,0.2551,0.2551,0.2548,0.2548,124.0
2025-01-16 02:48:00,0.2548,0.2548,0.2548,0.2548,189.0
2025-01-16 02:49:00,0.2549,0.2549,0.2549,0.2549,25.0
2025-01-16 02:50:00,0.2548,0.2548,0.2546,0.2546,153.0
2025-01-16 02:51:00,0.255,0.255,0.2549,0.255,2850.0
2025-01-16 02:52:00,0.255,0.255,0.255,0.255,2994.0
2025-01-16 02:53:00,0.2548,0.2549,0.2548,0.2549,1703.0
2025-01-16 02:54:00,0.2546,0.2548,0.2545,0.2548,7870.0
2025-01-16 02:55:00,0.2547,0.2547,0.2546,0.2546,525.0
2025-01-16 02:56:00,0.2544,0.2544,0.2544,0.2544,25.0
2025-01-16 02:57:00,0.2546,0.2546,0.2546,0.2546,25.0
2025-01-16 02:58:00,0.2549,0.2551,0.2549,0.2551,4905.0
2025-01-16 02:59:00,0.255,0.2551,0.2549,0.2551,13925.0
2025-01-16 03:00:00,0.2551,0.2553,0.2551,0.2552,2469.0
2025-01-16 03:01:00,0.2551,0.2552,0.2551,0.2551,651.0
2025-01-16 03:02:00,0.2553,0.2557,0.2553,0.2557,8101.0
2025-01-16 03:03:00,0.2558,0.2558,0.2558,0.2558,1158.0
2025-01-16 03:04:00,0.2552,0.2554,0.2552,0.2554,2792.0
2025-01-16 03:05:00,0.2555,0.2556,0.2555,0.2556,576.0
2025-01-16 03:06:00,0.2557,0.2563,0.2557,0.2561,11966.0
2025-01-16 03:07:00,0.2558,0.2558,0.2554,0.2554,487.0
2025-01-16 03:08:00,0.2554,0.2558,0.2554,0.2558,4386.0
2025-01-16 03:09:00,0.2557,0.2557,0.2556,0.2556,863.0
2025-01-16 03:10:00,0.2558,0.2558,0.2557,0.2557,4130.0
2025-01-16 03:11:00,0.2556,0.2558,0.2556,0.2557,12971.0
2025-01-16 03:12:00,0.2555,0.2555,0.2555,0.2555,200.0
2025-01-16 03:13:00,0.2555,0.2556,0.2554,0.2555,13912.0
2025-01-16 03:14:00,0.2555,0.2555,0.2554,0.2554,3071.0
2025-01-16 03:15:00,0.2551,0.2551,0.2549,0.255,6075.0
2025-01-16 03:16:00,0.2549,0.2551,0.2549,0.2551,599.0
2025-01-16 03:17:00,0.2551,0.2554,0.2551,0.2554,3579.0
2025-01-16 03:18:00,0.2554,0.2554,0.2554,0.2554,24.0
2025-01-16 03:19:00,0.255,0.255,0.2547,0.2548,9325.0
2025-01-16 03:20:00,0.2547,0.2547,0.2546,0.2546,14305.0
2025-01-16 03:21:00,0.2548,0.255,0.2548,0.255,12704.0
2025-01-16 03:22:00,0.2549,0.2549,0.2546,0.2548,5502.0
2025-01-16 03:23:00,0.2547,0.2548,0.2547,0.2547,671.0
2025-01-16 03:24:00,0.2546,0.2547,0.2546,0.2546,1402.0
2025-01-16 03:25:00,0.2546,0.2548,0.2546,0.2547,16620.0
2025-01-16 03:26:00,0.2546,0.2548,0.2546,0.2547,7735.0
2025-01-16 03:27:00,0.2548,0.2552,0.2548,0.2552,2245.0
2025-01-16 03:28:00,0.2552,0.2552,0.2551,0.2551,169.0
2025-01-16 03:29:00,0.2546,0.2546,0.2546,0.2546,378.0
2025-01-16 03:30:00,0.2543,0.2543,0.2539,0.254,1826.0
2025-01-16 03:31:00,0.254,0.254,0.2537,0.2537,2203.0
2025-01-16 03:32:00,0.2537,0.2537,0.2535,0.2536,2636.0
2025-01-16 03:33:00,0.2536,0.2536,0.2532,0.2533,2217.0
2025-01-16 03:34:00,0.2533,0.2537,0.2533,0.2537,3224.0
2025-01-16 03:35:00,0.2538,0.2539,0.2532,0.2532,3281.0
2025-01-16 03:36:00,0.2533,0.2533,0.2532,0.2532,10440.0
2025-01-16 03:37:00,0.253,0.253,0.2528,0.253,4366.0
2025-01-16 03:38:00,0.253,0.2537,0.253,0.2537,3100.0
2025-01-16 03:39:00,0.2536,0.254,0.2536,0.2538,3618.0
2025-01-16 03:40:00,0.2537,0.2541,0.2536,0.2536,10362.0
2025-01-16 03:41:00,0.2538,0.2542,0.2538,0.254,10291.0
2025-01-16 03:42:00,0.2542,0.2542,0.2542,0.2542,25.0
2025-01-16 03:43:00,0.2541,0.2541,0.2541,0.2541,659.0
2025-01-16 03:44:00,0.2542,0.2544,0.2542,0.2544,3902.0
2025-01-16 03:45:00,0.2545,0.2547,0.2543,0.2543,1604.0
2025-01-16 03:46:00,0.2545,0.2546,0.2545,0.2546,74.0
2025-01-16 03:47:00,0.2544,0.2544,0.2543,0.2544,4057.0
2025-01-16 03:48:00,0.2544,0.2544,0.2541,0.2541,233.0
2025-01-16 03:49:00,0.2546,0.2546,0.2546,0.2546,25.0
2025-01-16 03:50:00,0.2544,0.2544,0.2543,0.2543,123.0
2025-01-16 03:51:00,0.2543,0.2544,0.2541,0.2544,1603.0
2025-01-16 03:52:00,0.2542,0.2543,0.2542,0.2543,1208.0
2025-01-16 03:53:00,0.2542,0.2542,0.2542,0.2542,211.0
2025-01-16 03:54:00,0.2542,0.2543,0.2542,0.2543,1289.0
2025-01-16 03:55:00,0.2542,0.2543,0.2542,0.2543,1081.0
2025-01-16 03:56:00,0.2543,0.2543,0.2543,0.2543,0.0
2025-01-16 03:57:00,0.2542,0.2542,0.2542,0.2542,91.0
2025-01-16 03:58:00,0.2542,0.2544,0.2542,0.2544,1454.0
2025-01-16 03:59:00,0.2545,0.2545,0.2545,0.2545,50.0
2025-01-16 04:00:00,0.2547,0.2549,0.2547,0.2549,526.0
2025-01-16 04:01:00,0.2547,0.2548,0.2547,0.2548,2700.0
2025-01-16 04:02:00,0.2548,0.2549,0.2548,0.2549,148.0
2025-01-16 04:03:00,0.2546,0.2546,0.2545,0.2546,1405.0
2025-01-16 04:04:00,0.2546,0.2547,0.2546,0.2547,524.0
2025-01-16 04:05:00,0.2547,0.2547,0.2547,0.2547,0.0
2025-01-16 04:06:00,0.2547,0.2547,0.2545,0.2545,5008.0
2025-01-16 04:07:00,0.2548,0.2553,0.2548,0.2549,76374.0
2025-01-16 04:08:00,0.2548,0.2548,0.2546,0.2546,17418.0
2025-01-16 04:09:00,0.2547,0.2548,0.2547,0.2548,715.0
2025-01-16 04:10:00,0.2548,0.2549,0.2546,0.2547,3316.0
2025-01-16 04:11:00,0.2548,0.2549,0.2546,0.2546,1770.0
2025-01-16 04:12:00,0.2547,0.2547,0.2547,0.2547,24.0
2025-01-16 04:13:00,0.2548,0.255,0.2548,0.255,75.0
2025-01-16 04:14:00,0.2547,0.2549,0.2547,0.2549,14401.0
2025-01-16 04:15:00,0.2548,0.2548,0.2548,0.2548,24.0
2025-01-16 04:16:00,0.2545,0.2549,0.2545,0.2548,2338.0
2025-01-16 04:17:00,0.2549,0.2549,0.2549,0.2549,24.0
2025-01-16 04:18:00,0.2546,0.2546,0.2545,0.2546,3427.0
2025-01-16 04:19:00,0.2546,0.2547,0.2546,0.2547,1767.0
2025-01-16 04:20:00,0.2545,0.2547,0.2545,0.2547,1915.0
2025-01-16 04:21:00,0.2547,0.2547,0.2545,0.2545,4739.0
2025-01-16 04:22:00,0.2545,0.2545,0.2543,0.2544,22215.0
2025-01-16 04:23:00,0.2544,0.2548,0.2544,0.2546,10297.0
2025-01-16 04:24:00,0.2543,0.2543,0.2543,0.2543,25.0
2025-01-16 04:25:00,0.2542,0.2543,0.2542,0.2543,2994.0
2025-01-16 04:26:00,0.2542,0.2545,0.2542,0.2545,5517.0
2025-01-16 04:27:00,0.2543,0.2544,0.2543,0.2544,2635.0
2025-01-16 04:28:00,0.2545,0.2547,0.2544,0.2547,16967.0
2025-01-16 04:29:00,0.2546,0.2546,0.2546,0.2546,166.0
2025-01-16 04:30:00,0.2545,0.2546,0.2545,0.2546,453.0
2025-01-16 04:31:00,0.2544,0.2544,0.2544,0.2544,2970.0
2025-01-16 04:32:00,0.2544,0.2544,0.2544,0.2544,0.0
2025-01-16 04:33:00,0.2544,0.2544,0.2544,0.2544,0.0
2025-01-16 04:34:00,0.2545,0.2545,0.2545,0.2545,25.0
2025-01-16 04:35:00,0.2545,0.2545,0.2545,0.2545,0.0
2025-01-16 04:36:00,0.2547,0.255,0.2547,0.255,130.0
2025-01-16 04:37:00,0.2551,0.2551,0.255,0.255,2065.0
2025-01-16 04:38:00,0.2551,0.2551,0.2551,0.2551,24.0
2025-01-16 04:39:00,0.2549,0.255,0.2549,0.255,4514.0
2025-01-16 04:40:00,0.2548,0.2548,0.2548,0.2548,181.0
2025-01-16 04:41:00,0.2546,0.2548,0.2545,0.2546,21418.0
2025-01-16 04:42:00,0.2548,0.2548,0.2548,0.2548,888.0
2025-01-16 04:43:00,0.255,0.255,0.255,0.255,24.0
2025-01-16 04:44:00,0.255,0.255,0.2549,0.2549,103.0
2025-01-16 04:45:00,0.2547,0.2547,0.2547,0.2547,224.0
2025-01-16 04:46:00,0.2547,0.2547,0.2545,0.2545,94.0
2025-01-16 04:47:00,0.2546,0.2546,0.2546,0.2546,975.0
2025-01-16 04:48:00,0.255,0.255,0.2548,0.2548,33403.0
2025-01-16 04:49:00,0.2548,0.2548,0.2548,0.2548,25.0
2025-01-16 04:50:00,0.2546,0.2548,0.2546,0.2548,2004.0
2025-01-16 04:51:00,0.2549,0.2549,0.2548,0.2548,522.0
2025-01-16 04:52:00,0.2545,0.2545,0.2543,0.2544,10049.0
2025-01-16 04:53:00,0.2545,0.2546,0.2544,0.2544,788.0
2025-01-16 04:54:00,0.2545,0.2547,0.2545,0.2546,3594.0
2025-01-16 04:55:00,0.2545,0.2545,0.2544,0.2545,260.0
2025-01-16 04:56:00,0.2543,0.2543,0.2542,0.2542,1205.0
2025-01-16 04:57:00,0.2542,0.2544,0.2542,0.2544,12543.0
2025-01-16 04:58:00,0.2544,0.2544,0.2544,0.2544,0.0
2025-01-16 04:59:00,0.2542,0.2543,0.2542,0.2543,6076.0
2025-01-16 05:00:00,0.2544,0.2544,0.2543,0.2543,1398.0
2025-01-16 05:01:00,0.2541,0.2541,0.2541,0.2541,25.0
2025-01-16 05:02:00,0.2539,0.254,0.2539,0.254,3834.0
2025-01-16 05:03:00,0.2541,0.2541,0.254,0.254,49.0
2025-01-16 05:04:00,0.2539,0.2539,0.2539,0.2539,52.0
2025-01-16 05:05:00,0.2538,0.2538,0.2538,0.2538,416.0
2025-01-16 05:06:00,0.2539,0.2539,0.2536,0.2536,3625.0
2025-01-16 05:07:00,0.2536,0.2536,0.2532,0.2535,38710.0
2025-01-16 05:08:00,0.2535,0.2537,0.2533,0.2535,16150.0
2025-01-16 05:09:00,0.2534,0.2537,0.2534,0.2537,5178.0
2025-01-16 05:10:00,0.2537,0.2537,0.2535,0.2535,274.0
2025-01-16 05:11:00,0.2534,0.2534,0.2534,0.2534,135.0
2025-01-16 05:12:00,0.2532,0.2532,0.2532,0.2532,53.0
2025-01-16 05:13:00,0.2532,0.2532,0.2532,0.2532,204.0
2025-01-16 05:14:00,0.2531,0.2533,0.2531,0.2533,225.0
2025-01-16 05:15:00,0.2532,0.2533,0.253,0.253,273.0
2025-01-16 05:16:00,0.2529,0.253,0.2529,0.253,50.0
2025-01-16 05:17:00,0.253,0.2534,0.253,0.2531,287.0
2025-01-16 05:18:00,0.2529,0.2529,0.2527,0.2527,994.0
2025-01-16 05:19:00,0.2527,0.253,0.2527,0.253,3829.0
2025-01-16 05:20:00,0.253,0.2534,0.253,0.2534,21062.0
2025-01-16 05:21:00,0.2534,0.2534,0.2533,0.2533,5114.0
2025-01-16 05:22:00,0.2534,0.2534,0.2533,0.2534,3408.0
2025-01-16 05:23:00,0.2535,0.2536,0.2534,0.2535,1366.0
2025-01-16 05:24:00,0.2535,0.2537,0.2534,0.2535,2688.0
2025-01-16 05:25:00,0.2537,0.2537,0.2533,0.2536,4500.0
2025-01-16 05:26:00,0.2538,0.2538,0.2534,0.2534,46.0
2025-01-16 05:27:00,0.2536,0.2536,0.2536,0.2536,113.0
2025-01-16 05:28:00,0.2536,0.2536,0.2536,0.2536,24.0
2025-01-16 05:29:00,0.2536,0.2536,0.2536,0.2536,24.0
2025-01-16 05:30:00,0.2537,0.2537,0.2536,0.2536,416.0
2025-01-16 05:31:00,0.2536,0.2539,0.2536,0.2539,1188.0
2025-01-16 05:32:00,0.2536,0.2536,0.2535,0.2535,924.0
2025-01-16 05:33:00,0.2537,0.2538,0.2537,0.2538,4707.0
2025-01-16 05:34:00,0.254,0.2543,0.254,0.254,20052.0
2025-01-16 05:35:00,0.254,0.254,0.2537,0.2537,11699.0
2025-01-16 05:36:00,0.2538,0.2538,0.2538,0.2538,4923.0
2025-01-16 05:37:00,0.254,0.254,0.2539,0.254,297.0
2025-01-16 05:38:00,0.2541,0.2541,0.2539,0.2539,305.0
2025-01-16 05:39:00,0.2539,0.254,0.2539,0.254,899.0
2025-01-16 05:40:00,0.254,0.254,0.254,0.254,24.0
2025-01-16 05:41:00,0.2539,0.254,0.2538,0.254,2917.0
2025-01-16 05:42:00,0.2539,0.2539,0.2538,0.2538,33.0
2025-01-16 05:43:00,0.2537,0.2537,0.2536,0.2537,104.0
2025-01-16 05:44:00,0.2538,0.2538,0.2538,0.2538,52.0
2025-01-16 05:45:00,0.2539,0.2541,0.2538,0.2538,6759.0
2025-01-16 05:46:00,0.2539,0.2539,0.2537,0.2537,6858.0
2025-01-16 05:47:00,0.254,0.254,0.2539,0.2539,61.0
2025-01-16 05:48:00,0.254,0.254,0.2539,0.254,247.0
2025-01-16 05:49:00,0.254,0.254,0.2539,0.2539,2103.0
2025-01-16 05:50:00,0.2538,0.2538,0.2538,0.2538,1537.0
2025-01-16 05:51:00,0.2539,0.2539,0.2537,0.2539,11214.0
2025-01-16 05:52:00,0.2536,0.2538,0.2536,0.2537,1436.0
2025-01-16 05:53:00,0.2539,0.2539,0.2539,0.2539,25.0
2025-01-16 05:54:00,0.2536,0.2536,0.2534,0.2534,1079.0
2025-01-16 05:55:00,0.2534,0.2534,0.2533,0.2533,3908.0
2025-01-16 05:56:00,0.2533,0.2533,0.2531,0.2531,1776.0
2025-01-16 05:57:00,0.2531,0.2532,0.2531,0.2532,3995.0
2025-01-16 05:58:00,0.2532,0.2532,0.2532,0.2532,25.0
2025-01-16 05:59:00,0.2531,0.2531,0.253,0.253,203.0
2025-01-16 06:00:00,0.2529,0.2529,0.2526,0.2527,4576.0
2025-01-16 06:01:00,0.2525,0.2525,0.2524,0.2524,2669.0
2025-01-16 06:02:00,0.2524,0.2527,0.2523,0.2525,3375.0
2025-01-16 06:03:00,0.2528,0.2528,0.2527,0.2528,1615.0
2025-01-16 06:04:00,0.2529,0.2529,0.2529,0.2529,127.0
2025-01-16 06:05:00,0.253,0.2531,0.2529,0.2529,9350.0
2025-01-16 06:06:00,0.2531,0.2531,0.2531,0.2531,25.0
2025-01-16 06:07:00,0.2533,0.2533,0.2531,0.2531,5181.0
2025-01-16 06:08:00,0.2531,0.2533,0.2531,0.2532,12522.0
2025-01-16 06:09:00,0.2531,0.2531,0.2528,0.2528,842.0
2025-01-16 06:10:00,0.2528,0.2529,0.2528,0.2529,665.0
2025-01-16 06:11:00,0.253,0.253,0.2529,0.2529,6836.0
2025-01-16 06:12:00,0.253,0.253,0.253,0.253,729.0
2025-01-16 06:13:00,0.253,0.253,0.253,0.253,2199.0
2025-01-16 06:14:00,0.253,0.253,0.253,0.253,3200.0
2025-01-16 06:15:00,0.2531,0.2531,0.2529,0.2529,901.0
2025-01-16 06:16:00,0.2528,0.2528,0.2528,0.2528,2178.0
2025-01-16 06:17:00,0.2527,0.2529,0.2527,0.2529,85.0
2025-01-16 06:18:00,0.2527,0.2527,0.2527,0.2527,25.0
2025-01-16 06:19:00,0.2526,0.2526,0.2526,0.2526,25.0
2025-01-16 06:20:00,0.2527,0.2527,0.2527,0.2527,25.0
2025-01-16 06:21:00,0.2529,0.2529,0.2526,0.2526,15436.0
2025-01-16 06:22:00,0.2527,0.2529,0.2527,0.2529,886.0
2025-01-16 06:23:00,0.2529,0.2529,0.2527,0.2528,4774.0
2025-01-16 06:24:00,0.2527,0.2528,0.2527,0.2528,2209.0
2025-01-16 06:25:00,0.2529,0.2529,0.2528,0.2529,4590.0
2025-01-16 06:26:00,0.253,0.253,0.253,0.253,170.0
2025-01-16 06:27:00,0.2535,0.2538,0.2535,0.2538,14492.0
2025-01-16 06:28:00,0.2536,0.2541,0.2536,0.2541,5372.0
2025-01-16 06:29:00,0.254,0.254,0.2539,0.2539,3924.0
2025-01-16 06:30:00,0.2541,0.2545,0.2539,0.2542,20475.0
2025-01-16 06:31:00,0.2542,0.2544,0.2541,0.2544,5868.0
2025-01-16 06:32:00,0.2546,0.2546,0.2543,0.2543,65.0
2025-01-16 06:33:00,0.2542,0.2542,0.2541,0.2541,2702.0
2025-01-16 06:34:00,0.2543,0.2543,0.2543,0.2543,24.0
2025-01-16 06:35:00,0.2543,0.2543,0.2542,0.2542,127.0
2025-01-16 06:36:00,0.2543,0.2546,0.2543,0.2546,9869.0
2025-01-16 06:37:00,0.2549,0.2549,0.2546,0.2546,23586.0
2025-01-16 06:38:00,0.2545,0.2545,0.2545,0.2545,2423.0
2025-01-16 06:39:00,0.2547,0.2548,0.2547,0.2547,8594.0
2025-01-16 06:40:00,0.2547,0.2547,0.2545,0.2545,455.0
2025-01-16 06:41:00,0.2545,0.2545,0.2543,0.2543,783.0
2025-01-16 06:42:00,0.2544,0.2544,0.2542,0.2542,3800.0
2025-01-16 06:43:00,0.2543,0.2543,0.254,0.254,569.0
2025-01-16 06:44:00,0.2541,0.2543,0.2541,0.2543,577.0
2025-01-16 06:45:00,0.2542,0.2542,0.2542,0.2542,25.0
2025-01-16 06:46:00,0.2538,0.2539,0.2536,0.2538,3987.0
2025-01-16 06:47:00,0.2541,0.2541,0.2541,0.2541,4115.0
2025-01-16 06:48:00,0.2542,0.2542,0.2542,0.2542,24.0
2025-01-16 06:49:00,0.2543,0.2543,0.2539,0.2539,990.0
2025-01-16 06:50:00,0.254,0.2543,0.254,0.2543,606.0
2025-01-16 06:51:00,0.2544,0.2544,0.2544,0.2544,2157.0
2025-01-16 06:52:00,0.2542,0.2542,0.2542,0.2542,3335.0
2025-01-16 06:53:00,0.2541,0.2541,0.2541,0.2541,2339.0
2025-01-16 06:54:00,0.2543,0.2543,0.2541,0.2543,2631.0
2025-01-16 06:55:00,0.2541,0.2541,0.254,0.2541,4976.0
2025-01-16 06:56:00,0.2542,0.2542,0.2542,0.2542,24.0
2025-01-16 06:57:00,0.2542,0.2542,0.2542,0.2542,56.0
2025-01-16 06:58:00,0.2543,0.2543,0.2543,0.2543,24.0
2025-01-16 06:59:00,0.2545,0.2545,0.2543,0.2543,906.0
2025-01-16 07:00:00,0.2544,0.2546,0.2544,0.2545,3663.0
2025-01-16 07:01:00,0.2545,0.2545,0.2544,0.2544,2598.0
2025-01-16 07:02:00,0.2545,0.2546,0.2544,0.2546,11471.0
2025-01-16 07:03:00,0.2548,0.2548,0.2548,0.2548,3870.0
2025-01-16 07:04:00,0.2548,0.255,0.2548,0.2549,12845.0
2025-01-16 07:05:00,0.2548,0.2549,0.2547,0.2547,7044.0
2025-01-16 07:06:00,0.2547,0.2547,0.2545,0.2547,1953.0
2025-01-16 07:07:00,0.2548,0.2548,0.2543,0.2545,97475.0
2025-01-16 07:08:00,0.2546,0.2546,0.2544,0.2544,5849.0
2025-01-16 07:09:00,0.2544,0.2545,0.2543,0.2545,8553.0
2025-01-16 07:10:00,0.2543,0.2545,0.2543,0.2545,64.0
2025-01-16 07:11:00,0.2546,0.2546,0.2546,0.2546,24.0
2025-01-16 07:12:00,0.2544,0.2548,0.2544,0.2548,21538.0
2025-01-16 07:13:00,0.2549,0.2549,0.2549,0.2549,785.0
2025-01-16 07:14:00,0.2549,0.255,0.2549,0.2549,5070.0
2025-01-16 07:15:00,0.2548,0.2548,0.2548,0.2548,165.0
2025-01-16 07:16:00,0.2548,0.2548,0.2548,0.2548,81.0
2025-01-16 07:17:00,0.2547,0.2548,0.2546,0.2547,4822.0
2025-01-16 07:18:00,0.2546,0.2546,0.2546,0.2546,25.0
2025-01-16 07:19:00,0.2546,0.2546,0.2543,0.2543,2308.0
2025-01-16 07:20:00,0.2544,0.2545,0.2544,0.2545,5190.0
2025-01-16 07:21:00,0.2545,0.2546,0.2545,0.2545,6511.0
2025-01-16 07:22:00,0.2544,0.2544,0.2544,0.2544,25.0
2025-01-16 07:23:00,0.2545,0.2547,0.2545,0.2547,6057.0
2025-01-16 07:24:00,0.2546,0.2546,0.2545,0.2545,105.0
2025-01-16 07:25:00,0.2544,0.2544,0.2542,0.2542,1070.0
2025-01-16 07:26:00,0.2541,0.2542,0.2541,0.2541,115.0
2025-01-16 07:27:00,0.254,0.2541,0.254,0.2541,5954.0
2025-01-16 07:28:00,0.254,0.254,0.254,0.254,1101.0
2025-01-16 07:29:00,0.254,0.254,0.254,0.254,162.0
2025-01-16 07:30:00,0.2546,0.2546,0.2546,0.2546,438.0
2025-01-16 07:31:00,0.2546,0.2546,0.2542,0.2542,6821.0
2025-01-16 07:32:00,0.2542,0.2542,0.2541,0.2541,4680.0
2025-01-16 07:33:00,0.2541,0.2543,0.2541,0.2543,1674.0
2025-01-16 07:34:00,0.2544,0.2546,0.2543,0.2546,5366.0
2025-01-16 07:35:00,0.2547,0.2547,0.2544,0.2544,6889.0
2025-01-16 07:36:00,0.2545,0.2545,0.2543,0.2543,2429.0
2025-01-16 07:37:00,0.2544,0.2544,0.2543,0.2543,65.0
2025-01-16 07:38:00,0.2544,0.2544,0.254,0.254,4440.0
2025-01-16 07:39:00,0.2543,0.2543,0.2543,0.2543,25.0
2025-01-16 07:40:00,0.2543,0.2543,0.2541,0.2541,1775.0
2025-01-16 07:41:00,0.2542,0.2544,0.2542,0.2544,4573.0
2025-01-16 07:42:00,0.2544,0.2544,0.2544,0.2544,25.0
2025-01-16 07:43:00,0.2544,0.2544,0.2542,0.2542,3448.0
2025-01-16 07:44:00,0.2542,0.2543,0.2541,0.2543,3017.0
2025-01-16 07:45:00,0.2544,0.2544,0.2541,0.2541,1510.0
2025-01-16 07:46:00,0.254,0.254,0.2538,0.2538,122.0
2025-01-16 07:47:00,0.2539,0.2539,0.2538,0.2539,5937.0
2025-01-16 07:48:00,0.2541,0.2541,0.2541,0.2541,25.0
2025-01-16 07:49:00,0.2538,0.2538,0.2538,0.2538,40.0
2025-01-16 07:50:00,0.2539,0.2539,0.2539,0.2539,6045.0
2025-01-16 07:51:00,0.2539,0.2539,0.2538,0.2538,76.0
2025-01-16 07:52:00,0.2538,0.2538,0.2538,0.2538,0.0
2025-01-16 07:53:00,0.2537,0.2537,0.2537,0.2537,25.0
2025-01-16 07:54:00,0.2537,0.2538,0.2537,0.2538,244.0
2025-01-16 07:55:00,0.2539,0.2539,0.2539,0.2539,59.0
2025-01-16 07:56:00,0.2538,0.2539,0.2538,0.2539,6691.0
2025-01-16 07:57:00,0.2537,0.2538,0.2537,0.2538,437.0
2025-01-16 07:58:00,0.2538,0.2538,0.2536,0.2537,7269.0
2025-01-16 07:59:00,0.2539,0.2539,0.2538,0.2538,2995.0
2025-01-16 08:00:00,0.254,0.2543,0.2539,0.2543,19189.0
2025-01-16 08:01:00,0.2542,0.2545,0.2542,0.2545,2548.0
2025-01-16 08:02:00,0.2546,0.2546,0.2544,0.2544,3047.0
2025-01-16 08:03:00,0.2543,0.2543,0.2543,0.2543,297.0
2025-01-16 08:04:00,0.2543,0.2543,0.2541,0.2541,5291.0
2025-01-16 08:05:00,0.2542,0.2542,0.2541,0.2541,188.0
2025-01-16 08:06:00,0.2542,0.2542,0.2542,0.2542,24.0
2025-01-16 08:07:00,0.2541,0.2541,0.2541,0.2541,673.0
2025-01-16 08:08:00,0.2541,0.2541,0.2541,0.2541,170.0
2025-01-16 08:09:00,0.2538,0.2538,0.2538,0.2538,354.0
2025-01-16 08:10:00,0.2539,0.2539,0.2537,0.2537,676.0
2025-01-16 08:11:00,0.2536,0.2537,0.2536,0.2537,1498.0
2025-01-16 08:12:00,0.2537,0.2537,0.2537,0.2537,0.0
2025-01-16 08:13:00,0.2535,0.2535,0.2533,0.2534,5094.0
2025-01-16 08:14:00,0.2533,0.2536,0.2532,0.2536,10032.0
2025-01-16 08:15:00,0.2536,0.2537,0.2535,0.2535,24083.0
2025-01-16 08:16:00,0.2535,0.2535,0.2535,0.2535,1659.0
2025-01-16 08:17:00,0.2533,0.2534,0.253,0.253,2922.0
2025-01-16 08:18:00,0.2529,0.2529,0.2528,0.2528,1245.0
2025-01-16 08:19:00,0.2527,0.2527,0.2524,0.2525,4802.0
2025-01-16 08:20:00,0.2522,0.2522,0.2519,0.2521,43460.0
2025-01-16 08:21:00,0.2521,0.2526,0.2521,0.2525,5171.0
2025-01-16 08:22:00,0.2524,0.2524,0.252,0.2521,6311.0
2025-01-16 08:23:00,0.252,0.2522,0.252,0.252,6843.0
2025-01-16 08:24:00,0.2519,0.2522,0.2519,0.2521,2385.0
2025-01-16 08:25:00,0.2522,0.2526,0.2522,0.2526,6138.0
2025-01-16 08:26:00,0.2525,0.2525,0.2524,0.2524,4869.0
2025-01-16 08:27:00,0.2526,0.2526,0.2526,0.2526,612.0
2025-01-16 08:28:00,0.2527,0.2527,0.2527,0.2527,612.0
2025-01-16 08:29:00,0.2524,0.2525,0.2523,0.2525,19612.0
2025-01-16 08:30:00,0.2524,0.2526,0.2522,0.2526,9846.0
2025-01-16 08:31:00,0.2525,0.2525,0.2523,0.2523,39791.0
2025-01-16 08:32:00,0.2522,0.2522,0.2515,0.2516,22649.0
2025-01-16 08:33:00,0.2517,0.2518,0.2514,0.2515,8641.0
2025-01-16 08:34:00,0.2514,0.2517,0.2513,0.2513,5390.0
2025-01-16 08:35:00,0.2515,0.2515,0.2514,0.2514,401.0
2025-01-16 08:36:00,0.2515,0.2517,0.2514,0.2514,15542.0
2025-01-16 08:37:00,0.2514,0.2515,0.2514,0.2514,8627.0
2025-01-16 08:38:00,0.2514,0.2514,0.2513,0.2513,1401.0
2025-01-16 08:39:00,0.2515,0.2517,0.2514,0.2517,10392.0
2025-01-16 08:40:00,0.2516,0.2516,0.2512,0.2512,1065.0
2025-01-16 08:41:00,0.2511,0.2511,0.2505,0.2505,4198.0
2025-01-16 08:42:00,0.2507,0.2508,0.2507,0.2507,2878.0
2025-01-16 08:43:00,0.2505,0.2505,0.2498,0.2499,33115.0
2025-01-16 08:44:00,0.2501,0.2507,0.2499,0.2499,18182.0
2025-01-16 08:45:00,0.2501,0.2503,0.25,0.25,2940.0
2025-01-16 08:46:00,0.25,0.2501,0.2499,0.2501,955.0
2025-01-16 08:47:00,0.2503,0.2503,0.2493,0.2496,27286.0
2025-01-16 08:48:00,0.2495,0.2495,0.2488,0.2488,50809.0
2025-01-16 08:49:00,0.2488,0.2489,0.2485,0.2485,15828.0
2025-01-16 08:50:00,0.2485,0.2492,0.248,0.2481,18883.0
2025-01-16 08:51:00,0.2482,0.2483,0.248,0.2482,6226.0
2025-01-16 08:52:00,0.2482,0.2485,0.2477,0.2479,31462.0
2025-01-16 08:53:00,0.248,0.2491,0.248,0.2487,61617.0
2025-01-16 08:54:00,0.2487,0.2487,0.2482,0.2484,4458.0
2025-01-16 08:55:00,0.2483,0.2492,0.2483,0.2492,27241.0
2025-01-16 08:56:00,0.249,0.2494,0.249,0.2493,36913.0
2025-01-16 08:57:00,0.2494,0.2496,0.2494,0.2495,588.0
2025-01-16 08:58:00,0.2495,0.2495,0.2495,0.2495,0.0
2025-01-16 08:59:00,0.2494,0.2494,0.2492,0.2494,52209.0
2025-01-16 09:00:00,0.2494,0.25,0.2494,0.2494,3151.0
2025-01-16 09:01:00,0.2495,0.2499,0.2495,0.2497,1359.0
2025-01-16 09:02:00,0.2497,0.2497,0.2489,0.2489,863.0
2025-01-16 09:03:00,0.2488,0.2489,0.2483,0.2483,2987.0
2025-01-16 09:04:00,0.2482,0.2482,0.2482,0.2482,4031.0
2025-01-16 09:05:00,0.2485,0.2491,0.2485,0.2487,3220.0
2025-01-16 09:06:00,0.2483,0.2484,0.2482,0.2484,818.0
2025-01-16 09:07:00,0.2485,0.2485,0.2482,0.2482,8990.0
2025-01-16 09:08:00,0.2482,0.2492,0.2482,0.2491,3597.0
2025-01-16 09:09:00,0.249,0.2491,0.2489,0.249,1502.0
2025-01-16 09:10:00,0.2492,0.2493,0.249,0.2491,10710.0
2025-01-16 09:11:00,0.2492,0.2492,0.2492,0.2492,120.0
2025-01-16 09:12:00,0.2492,0.2492,0.2492,0.2492,167.0
2025-01-16 09:13:00,0.2492,0.2492,0.2492,0.2492,5181.0
2025-01-16 09:14:00,0.2494,0.2494,0.2494,0.2494,533.0
2025-01-16 09:15:00,0.2495,0.2497,0.2495,0.2497,622.0
2025-01-16 09:16:00,0.2493,0.2496,0.2493,0.2495,3342.0
2025-01-16 09:17:00,0.2496,0.2496,0.2494,0.2494,104.0
2025-01-16 09:18:00,0.2494,0.2494,0.2492,0.2493,1229.0
2025-01-16 09:19:00,0.2493,0.2493,0.2493,0.2493,0.0
2025-01-16 09:20:00,0.2491,0.2491,0.2487,0.2487,6236.0
2025-01-16 09:21:00,0.2487,0.2488,0.2487,0.2488,3765.0
2025-01-16 09:22:00,0.2486,0.2486,0.2483,0.2483,8323.0
2025-01-16 09:23:00,0.2484,0.2485,0.2484,0.2485,9988.0
2025-01-16 09:24:00,0.2486,0.2488,0.2485,0.2488,13309.0
2025-01-16 09:25:00,0.2489,0.2491,0.2489,0.2489,4433.0
2025-01-16 09:26:00,0.2489,0.2492,0.2489,0.2492,4996.0
2025-01-16 09:27:00,0.2493,0.2497,0.2493,0.2496,11476.0
2025-01-16 09:28:00,0.2493,0.2493,0.2493,0.2493,1071.0
2025-01-16 09:29:00,0.2491,0.2491,0.2491,0.2491,4177.0
2025-01-16 09:30:00,0.2489,0.2489,0.2489,0.2489,687.0
2025-01-16 09:31:00,0.249,0.249,0.248,0.248,26234.0
2025-01-16 09:32:00,0.2481,0.2481,0.2481,0.2481,85.0
2025-01-16 09:33:00,0.2485,0.2485,0.2484,0.2484,931.0
2025-01-16 09:34:00,0.2483,0.2484,0.2483,0.2484,7333.0
2025-01-16 09:35:00,0.2485,0.2485,0.2485,0.2485,155.0
2025-01-16 09:36:00,0.2486,0.2487,0.2485,0.2487,6247.0
2025-01-16 09:37:00,0.2492,0.2492,0.2492,0.2492,2992.0
2025-01-16 09:38:00,0.2492,0.2492,0.2491,0.2491,2563.0
2025-01-16 09:39:00,0.249,0.249,0.249,0.249,305.0
2025-01-16 09:40:00,0.249,0.249,0.249,0.249,561.0
2025-01-16 09:41:00,0.249,0.249,0.2489,0.2489,785.0
2025-01-16 09:42:00,0.2489,0.249,0.2485,0.2485,13098.0
2025-01-16 09:43:00,0.2485,0.2487,0.2485,0.2487,6460.0
2025-01-16 09:44:00,0.2489,0.2489,0.2489,0.2489,195.0
2025-01-16 09:45:00,0.2489,0.2489,0.2489,0.2489,413.0
2025-01-16 09:46:00,0.2493,0.2499,0.2493,0.2499,7690.0
2025-01-16 09:47:00,0.2498,0.2498,0.2498,0.2498,393.0
2025-01-16 09:48:00,0.2499,0.2499,0.2499,0.2499,1485.0
2025-01-16 09:49:00,0.25,0.2501,0.25,0.2501,5169.0
2025-01-16 09:50:00,0.25,0.25,0.25,0.25,2996.0
2025-01-16 09:51:00,0.2501,0.2502,0.2501,0.2501,5083.0
2025-01-16 09:52:00,0.2501,0.2501,0.2501,0.2501,0.0
2025-01-16 09:53:00,0.2502,0.2502,0.2502,0.2502,52.0
2025-01-16 09:54:00,0.2501,0.2501,0.2501,0.2501,27.0
2025-01-16 09:55:00,0.2499,0.2499,0.2499,0.2499,490.0
2025-01-16 09:56:00,0.2498,0.25,0.2497,0.2497,42633.0
2025-01-16 09:57:00,0.2497,0.2499,0.2496,0.2499,22400.0
2025-01-16 09:58:00,0.2499,0.2499,0.2499,0.2499,881.0
2025-01-16 09:59:00,0.25,0.25,0.2497,0.2498,32154.0
2025-01-16 10:00:00,0.25,0.2506,0.25,0.2505,14026.0
2025-01-16 10:01:00,0.2503,0.2503,0.25,0.25,1509.0
2025-01-16 10:02:00,0.2498,0.2498,0.2497,0.2497,3850.0
2025-01-16 10:03:00,0.2499,0.2499,0.2496,0.2496,316.0
2025-01-16 10:04:00,0.2496,0.2496,0.2496,0.2496,0.0
2025-01-16 10:05:00,0.2496,0.2496,0.2496,0.2496,0.0
2025-01-16 10:06:00,0.2498,0.2498,0.2498,0.2498,708.0
2025-01-16 10:07:00,0.2497,0.2497,0.2497,0.2497,463.0
2025-01-16 10:08:00,0.2497,0.2497,0.2497,0.2497,6822.0
2025-01-16 10:09:00,0.2499,0.2501,0.2499,0.2501,1983.0
2025-01-16 10:10:00,0.2503,0.2503,0.25,0.25,460.0
2025-01-16 10:11:00,0.2502,0.2503,0.2501,0.2501,5063.0
2025-01-16 10:12:00,0.2499,0.2499,0.2498,0.2498,1040.0
2025-01-16 10:13:00,0.2499,0.2499,0.2499,0.2499,120.0
2025-01-16 10:14:00,0.25,0.25,0.25,0.25,1187.0
2025-01-16 10:15:00,0.2501,0.2503,0.2501,0.2503,431.0
2025-01-16 10:16:00,0.2504,0.2504,0.2502,0.2502,19515.0
2025-01-16 10:17:00,0.2502,0.2502,0.2497,0.2497,354.0
2025-01-16 10:18:00,0.2497,0.2497,0.2495,0.2495,356.0
2025-01-16 10:19:00,0.25,0.25,0.25,0.25,6090.0
2025-01-16 10:20:00,0.25,0.25,0.25,0.25,134.0
2025-01-16 10:21:00,0.25,0.25,0.2499,0.2499,315.0
2025-01-16 10:22:00,0.2499,0.2499,0.2499,0.2499,0.0
2025-01-16 10:23:00,0.25,0.2504,0.25,0.2504,4572.0
2025-01-16 10:24:00,0.2504,0.2504,0.2504,0.2504,68.0
2025-01-16 10:25:00,0.2504,0.2504,0.2504,0.2504,0.0
2025-01-16 10:26:00,0.2506,0.2506,0.2506,0.2506,967.0
2025-01-16 10:27:00,0.2507,0.251,0.2507,0.251,6187.0
2025-01-16 10:28:00,0.251,0.251,0.251,0.251,0.0
2025-01-16 10:29:00,0.251,0.251,0.251,0.251,0.0
2025-01-16 10:30:00,0.2505,0.2505,0.2505,0.2505,279.0
2025-01-16 10:31:00,0.2508,0.2508,0.2506,0.2506,2010.0
2025-01-16 10:32:00,0.2507,0.2507,0.2507,0.2507,21.0
2025-01-16 10:33:00,0.2507,0.2507,0.2504,0.2504,1827.0
2025-01-16 10:34:00,0.2506,0.2506,0.2506,0.2506,117.0
2025-01-16 10:35:00,0.2506,0.2506,0.2506,0.2506,0.0
2025-01-16 10:36:00,0.251,0.251,0.251,0.251,176.0
2025-01-16 10:37:00,0.251,0.251,0.2509,0.2509,4388.0
2025-01-16 10:38:00,0.2509,0.2509,0.2508,0.2508,221.0
2025-01-16 10:39:00,0.2509,0.251,0.2508,0.251,898.0
2025-01-16 10:40:00,0.2509,0.2509,0.2507,0.2507,4923.0
2025-01-16 10:41:00,0.2507,0.2507,0.2506,0.2506,1068.0
2025-01-16 10:42:00,0.2507,0.2507,0.2507,0.2507,316.0
2025-01-16 10:43:00,0.2507,0.2507,0.2507,0.2507,114.0
2025-01-16 10:44:00,0.2506,0.2506,0.2504,0.2504,3095.0
2025-01-16 10:45:00,0.2504,0.2504,0.2504,0.2504,0.0
2025-01-16 10:46:00,0.25,0.2501,0.2499,0.2501,525.0
2025-01-16 10:47:00,0.2502,0.2502,0.2501,0.2501,261.0
2025-01-16 10:48:00,0.2502,0.2504,0.2502,0.2504,3656.0
2025-01-16 10:49:00,0.2501,0.2501,0.2501,0.2501,443.0
2025-01-16 10:50:00,0.2501,0.2501,0.2501,0.2501,0.0
2025-01-16 10:51:00,0.2501,0.2501,0.2501,0.2501,0.0
2025-01-16 10:52:00,0.2505,0.2505,0.2505,0.2505,375.0
2025-01-16 10:53:00,0.2508,0.2508,0.2508,0.2508,24.0
2025-01-16 10:54:00,0.2509,0.2509,0.2509,0.2509,1062.0
2025-01-16 10:55:00,0.2508,0.2508,0.2508,0.2508,495.0
2025-01-16 10:56:00,0.2508,0.2508,0.2508,0.2508,2213.0
2025-01-16 10:57:00,0.2508,0.2508,0.2508,0.2508,0.0
2025-01-16 10:58:00,0.2508,0.2508,0.2508,0.2508,1057.0
2025-01-16 10:59:00,0.2509,0.2509,0.2509,0.2509,32.0
2025-01-16 11:00:00,0.2509,0.251,0.2509,0.251,1552.0
2025-01-16 11:01:00,0.2509,0.2509,0.2508,0.2509,206.0
2025-01-16 11:02:00,0.2511,0.2512,0.2511,0.2512,5091.0
2025-01-16 11:03:00,0.2512,0.2513,0.2512,0.2513,6338.0
2025-01-16 11:04:00,0.2511,0.2511,0.2508,0.2511,17996.0
2025-01-16 11:05:00,0.2505,0.2505,0.2505,0.2505,1546.0
2025-01-16 11:06:00,0.2506,0.2506,0.2504,0.2504,4133.0
2025-01-16 11:07:00,0.2504,0.2504,0.2504,0.2504,259.0
2025-01-16 11:08:00,0.2501,0.2501,0.2499,0.2499,1645.0
2025-01-16 11:09:00,0.2501,0.2515,0.2501,0.2513,33576.0
2025-01-16 11:10:00,0.2514,0.2515,0.2513,0.2513,5042.0
2025-01-16 11:11:00,0.2514,0.2523,0.2514,0.2523,11828.0
2025-01-16 11:12:00,0.2521,0.253,0.252,0.2528,56688.0
2025-01-16 11:13:00,0.2527,0.2531,0.2526,0.2531,9367.0
2025-01-16 11:14:00,0.2532,0.2532,0.2525,0.2525,16888.0
2025-01-16 11:15:00,0.2525,0.2525,0.2517,0.2517,9044.0
2025-01-16 11:16:00,0.2515,0.2515,0.2499,0.2505,50480.0
2025-01-16 11:17:00,0.2507,0.2507,0.2495,0.25,16879.0
2025-01-16 11:18:00,0.2502,0.2506,0.2501,0.2501,22689.0
2025-01-16 11:19:00,0.2501,0.2501,0.2495,0.2495,7195.0
2025-01-16 11:20:00,0.2499,0.2505,0.2499,0.2505,10068.0
2025-01-16 11:21:00,0.2502,0.2513,0.2502,0.2513,9535.0
2025-01-16 11:22:00,0.251,0.2512,0.251,0.2512,4863.0
2025-01-16 11:23:00,0.2509,0.2509,0.2509,0.2509,104.0
2025-01-16 11:24:00,0.251,0.251,0.251,0.251,45.0
2025-01-16 11:25:00,0.2509,0.2509,0.2507,0.2507,3570.0
2025-01-16 11:26:00,0.2508,0.251,0.2508,0.251,6094.0
2025-01-16 11:27:00,0.2514,0.2516,0.2514,0.2514,7648.0
2025-01-16 11:28:00,0.2514,0.2514,0.2514,0.2514,500.0
2025-01-16 11:29:00,0.2512,0.2512,0.2512,0.2512,1485.0
2025-01-16 11:30:00,0.2511,0.2513,0.2511,0.2513,2445.0
2025-01-16 11:31:00,0.2514,0.2517,0.2514,0.2515,3150.0
2025-01-16 11:32:00,0.2513,0.2513,0.2513,0.2513,54.0
2025-01-16 11:33:00,0.2518,0.2518,0.2513,0.2516,422.0
2025-01-16 11:34:00,0.2516,0.2516,0.2516,0.2516,362.0
2025-01-16 11:35:00,0.2513,0.2513,0.2513,0.2513,29.0
2025-01-16 11:36:00,0.2512,0.2513,0.2512,0.2513,4627.0
2025-01-16 11:37:00,0.2511,0.2511,0.2505,0.251,4849.0
2025-01-16 11:38:00,0.2507,0.2508,0.2504,0.2508,19956.0
2025-01-16 11:39:00,0.2507,0.2508,0.2507,0.2508,3599.0
2025-01-16 11:40:00,0.2505,0.251,0.2505,0.251,479.0
2025-01-16 11:41:00,0.2511,0.2512,0.2509,0.2509,2168.0
2025-01-16 11:42:00,0.251,0.2513,0.251,0.2513,13257.0
2025-01-16 11:43:00,0.2515,0.2517,0.2515,0.2517,6664.0
2025-01-16 11:44:00,0.2518,0.2521,0.2517,0.2517,263.0
2025-01-16 11:45:00,0.2517,0.2517,0.2517,0.2517,0.0
2025-01-16 11:46:00,0.2515,0.2518,0.2515,0.2518,13487.0
2025-01-16 11:47:00,0.2518,0.2521,0.2518,0.252,2051.0
2025-01-16 11:48:00,0.2523,0.2523,0.252,0.252,2028.0
2025-01-16 11:49:00,0.2522,0.2522,0.2522,0.2522,2600.0
2025-01-16 11:50:00,0.2523,0.253,0.2523,0.253,16956.0
2025-01-16 11:51:00,0.2528,0.2528,0.2526,0.2528,671.0
2025-01-16 11:52:00,0.2529,0.2529,0.2528,0.2529,1899.0
2025-01-16 11:53:00,0.2529,0.2533,0.2529,0.2531,5359.0
2025-01-16 11:54:00,0.2531,0.2534,0.2531,0.2533,1205.0
2025-01-16 11:55:00,0.2535,0.2536,0.2535,0.2536,151.0
2025-01-16 11:56:00,0.2536,0.2537,0.2535,0.2535,206.0
2025-01-16 11:57:00,0.2534,0.2534,0.2534,0.2534,369.0
2025-01-16 11:58:00,0.2536,0.2537,0.2536,0.2537,712.0
2025-01-16 11:59:00,0.2538,0.2538,0.2537,0.2537,4230.0
2025-01-16 12:00:00,0.2535,0.2537,0.2534,0.2535,20050.0
2025-01-16 12:01:00,0.2532,0.2532,0.2529,0.2532,13811.0
2025-01-16 12:02:00,0.253,0.253,0.2529,0.2529,297.0
2025-01-16 12:03:00,0.2528,0.2536,0.2528,0.2536,3895.0
2025-01-16 12:04:00,0.2537,0.2537,0.2533,0.2533,5660.0
2025-01-16 12:05:00,0.253,0.2533,0.2527,0.2533,8926.0
2025-01-16 12:06:00,0.2534,0.2535,0.2534,0.2534,8500.0
2025-01-16 12:07:00,0.2537,0.2537,0.2536,0.2537,9598.0
2025-01-16 12:08:00,0.2538,0.254,0.2534,0.2534,13283.0
2025-01-16 12:09:00,0.2533,0.2535,0.2533,0.2535,4327.0
2025-01-16 12:10:00,0.2533,0.2533,0.2531,0.2531,5601.0
2025-01-16 12:11:00,0.2532,0.2536,0.2532,0.2536,11584.0
2025-01-16 12:12:00,0.2539,0.2542,0.2539,0.2542,295.0
2025-01-16 12:13:00,0.2541,0.2544,0.2541,0.2544,1676.0
2025-01-16 12:14:00,0.2543,0.2546,0.2541,0.2546,5260.0
2025-01-16 12:15:00,0.2549,0.2552,0.2545,0.2545,23371.0
2025-01-16 12:16:00,0.2546,0.2548,0.2546,0.2548,644.0
2025-01-16 12:17:00,0.2545,0.2547,0.2545,0.2547,173.0
2025-01-16 12:18:00,0.2544,0.2544,0.2543,0.2543,2386.0
2025-01-16 12:19:00,0.2542,0.2547,0.2542,0.2547,22067.0
2025-01-16 12:20:00,0.2548,0.2553,0.2548,0.2553,6753.0
2025-01-16 12:21:00,0.2554,0.2559,0.2553,0.2559,14233.0
2025-01-16 12:22:00,0.2556,0.2562,0.2555,0.2562,24453.0
2025-01-16 12:23:00,0.256,0.2567,0.256,0.2562,20738.0
2025-01-16 12:24:00,0.2563,0.2567,0.2561,0.2562,24045.0
2025-01-16 12:25:00,0.2563,0.2564,0.256,0.2562,26275.0
2025-01-16 12:26:00,0.2559,0.2562,0.2557,0.256,30115.0
2025-01-16 12:27:00,0.256,0.256,0.2554,0.2556,10569.0
2025-01-16 12:28:00,0.2554,0.2557,0.2554,0.2554,12924.0
2025-01-16 12:29:00,0.2553,0.2553,0.2549,0.2553,18209.0
2025-01-16 12:30:00,0.2554,0.2562,0.2554,0.2561,11016.0
2025-01-16 12:31:00,0.2562,0.2567,0.256,0.2566,32490.0
2025-01-16 12:32:00,0.2564,0.2569,0.2564,0.2569,16964.0
2025-01-16 12:33:00,0.2569,0.2571,0.2565,0.2567,31962.0
2025-01-16 12:34:00,0.2568,0.2576,0.2568,0.2575,69597.0
2025-01-16 12:35:00,0.2574,0.2579,0.2574,0.2578,15855.0
2025-01-16 12:36:00,0.2578,0.2583,0.2578,0.2583,20226.0
2025-01-16 12:37:00,0.2579,0.258,0.2579,0.258,2607.0
2025-01-16 12:38:00,0.2581,0.2581,0.258,0.258,6413.0
2025-01-16 12:39:00,0.2581,0.2583,0.258,0.2583,27962.0
2025-01-16 12:40:00,0.2581,0.2582,0.2579,0.258,13833.0
2025-01-16 12:41:00,0.2578,0.2578,0.2575,0.2578,11983.0
2025-01-16 12:42:00,0.2577,0.258,0.2574,0.2578,57820.0
2025-01-16 12:43:00,0.2576,0.258,0.2575,0.2575,19970.0
2025-01-16 12:44:00,0.2574,0.2576,0.2574,0.2576,23082.0
2025-01-16 12:45:00,0.2578,0.2578,0.2575,0.2575,11492.0
2025-01-16 12:46:00,0.2576,0.258,0.2576,0.258,3328.0
2025-01-16 12:47:00,0.258,0.2582,0.2579,0.2579,7503.0
2025-01-16 12:48:00,0.2581,0.2582,0.2581,0.2581,2023.0
2025-01-16 12:49:00,0.2579,0.2579,0.2574,0.2574,1827.0
2025-01-16 12:50:00,0.2575,0.2578,0.2574,0.2577,5102.0
2025-01-16 12:51:00,0.2577,0.2579,0.2577,0.2579,16557.0
2025-01-16 12:52:00,0.2577,0.2582,0.2576,0.2582,9919.0
2025-01-16 12:53:00,0.2582,0.2589,0.2582,0.2587,25149.0
2025-01-16 12:54:00,0.2587,0.259,0.2586,0.2589,107942.0
2025-01-16 12:55:00,0.2588,0.2591,0.2585,0.2585,72460.0
2025-01-16 12:56:00,0.2584,0.2585,0.2583,0.2583,3369.0
2025-01-16 12:57:00,0.2585,0.2586,0.2585,0.2586,540.0
2025-01-16 12:58:00,0.2586,0.2592,0.2586,0.2587,39197.0
2025-01-16 12:59:00,0.2591,0.2591,0.259,0.259,10215.0
2025-01-16 13:00:00,0.259,0.2594,0.2588,0.2592,14242.0
2025-01-16 13:01:00,0.259,0.2598,0.259,0.2592,58076.0
2025-01-16 13:02:00,0.2591,0.2597,0.2591,0.2596,20255.0
2025-01-16 13:03:00,0.2597,0.2601,0.2596,0.2596,22048.0
2025-01-16 13:04:00,0.2598,0.2598,0.2585,0.2585,24908.0
2025-01-16 13:05:00,0.2584,0.2584,0.2574,0.2575,30211.0
2025-01-16 13:06:00,0.2576,0.2578,0.2571,0.2572,10918.0
2025-01-16 13:07:00,0.2571,0.2574,0.2566,0.2566,6664.0
2025-01-16 13:08:00,0.2565,0.2574,0.2562,0.257,45372.0
2025-01-16 13:09:00,0.257,0.257,0.2566,0.2566,9323.0
2025-01-16 13:10:00,0.2564,0.257,0.2563,0.257,20974.0
2025-01-16 13:11:00,0.2574,0.2574,0.2566,0.2566,14323.0
2025-01-16 13:12:00,0.2565,0.2565,0.2555,0.2556,54496.0
2025-01-16 13:13:00,0.2553,0.2557,0.255,0.2551,2122.0
2025-01-16 13:14:00,0.255,0.2552,0.2547,0.255,49555.0
2025-01-16 13:15:00,0.2547,0.2553,0.2547,0.2553,13815.0
2025-01-16 13:16:00,0.2558,0.2562,0.2558,0.2561,13305.0
2025-01-16 13:17:00,0.2562,0.2565,0.2561,0.2565,7844.0
2025-01-16 13:18:00,0.2565,0.2573,0.2565,0.2567,7882.0
2025-01-16 13:19:00,0.257,0.257,0.2565,0.2567,20113.0
2025-01-16 13:20:00,0.2566,0.2566,0.2561,0.2561,6774.0
2025-01-16 13:21:00,0.256,0.2561,0.2557,0.2561,8800.0
2025-01-16 13:22:00,0.2564,0.2568,0.2564,0.2565,4002.0
2025-01-16 13:23:00,0.2564,0.2572,0.2564,0.2572,3107.0
2025-01-16 13:24:00,0.2573,0.2576,0.2573,0.2575,4811.0
2025-01-16 13:25:00,0.258,0.2585,0.2579,0.2581,8899.0
2025-01-16 13:26:00,0.2577,0.2579,0.2577,0.2579,6430.0
2025-01-16 13:27:00,0.2578,0.2579,0.2576,0.2576,1929.0
2025-01-16 13:28:00,0.2573,0.2574,0.2569,0.257,7775.0
2025-01-16 13:29:00,0.2565,0.2566,0.2551,0.2552,74541.0
2025-01-16 13:30:00,0.2551,0.2572,0.2551,0.2572,250437.0
2025-01-16 13:31:00,0.2573,0.2583,0.2569,0.2569,51509.0
2025-01-16 13:32:00,0.2569,0.2574,0.2561,0.2574,30877.0
2025-01-16 13:33:00,0.2574,0.2574,0.2566,0.2566,12101.0
2025-01-16 13:34:00,0.2577,0.2583,0.2572,0.2573,37891.0
2025-01-16 13:35:00,0.257,0.2579,0.2568,0.2579,6191.0
2025-01-16 13:36:00,0.2581,0.2581,0.2563,0.2565,12941.0
2025-01-16 13:37:00,0.2566,0.2566,0.256,0.2562,7130.0
2025-01-16 13:38:00,0.2567,0.2578,0.2566,0.2575,20172.0
2025-01-16 13:39:00,0.2577,0.2577,0.2569,0.2572,3825.0
2025-01-16 13:40:00,0.2572,0.2575,0.2562,0.2562,25651.0
2025-01-16 13:41:00,0.2563,0.2575,0.2562,0.2572,16882.0
2025-01-16 13:42:00,0.2577,0.2583,0.2575,0.2582,15881.0
2025-01-16 13:43:00,0.2581,0.2581,0.2571,0.2575,10033.0
2025-01-16 13:44:00,0.2578,0.258,0.2574,0.2575,14855.0
2025-01-16 13:45:00,0.2574,0.2575,0.2569,0.257,18493.0
2025-01-16 13:46:00,0.2564,0.2566,0.2559,0.2563,23643.0
2025-01-16 13:47:00,0.2564,0.2573,0.2563,0.2573,8434.0
2025-01-16 13:48:00,0.257,0.2572,0.257,0.2571,555.0
2025-01-16 13:49:00,0.2565,0.2566,0.256,0.256,9683.0
2025-01-16 13:50:00,0.256,0.256,0.2556,0.2556,5494.0
2025-01-16 13:51:00,0.2559,0.256,0.2557,0.2558,14199.0
2025-01-16 13:52:00,0.2559,0.257,0.2559,0.2569,22354.0
2025-01-16 13:53:00,0.2568,0.2571,0.2567,0.2571,3552.0
2025-01-16 13:54:00,0.2573,0.2573,0.2565,0.2565,8142.0
2025-01-16 13:55:00,0.2565,0.2566,0.2561,0.2561,1934.0
2025-01-16 13:56:00,0.2563,0.257,0.2563,0.257,7408.0
2025-01-16 13:57:00,0.2565,0.2567,0.2565,0.2567,1022.0
2025-01-16 13:58:00,0.2564,0.2564,0.2562,0.2562,2407.0
2025-01-16 13:59:00,0.256,0.256,0.256,0.256,500.0
2025-01-16 14:00:00,0.2565,0.2568,0.2565,0.2566,8501.0
2025-01-16 14:01:00,0.2573,0.2575,0.257,0.2571,24074.0
2025-01-16 14:02:00,0.2566,0.2566,0.2561,0.2563,13547.0
2025-01-16 14:03:00,0.2561,0.2561,0.2555,0.2555,1359.0
2025-01-16 14:04:00,0.2554,0.2556,0.2554,0.2556,2286.0
2025-01-16 14:05:00,0.2557,0.2566,0.2557,0.2565,15844.0
2025-01-16 14:06:00,0.2563,0.2563,0.2563,0.2563,580.0
2025-01-16 14:07:00,0.2563,0.2563,0.2559,0.2559,40813.0
2025-01-16 14:08:00,0.2557,0.2558,0.2553,0.2558,18343.0
2025-01-16 14:09:00,0.2561,0.2563,0.2557,0.2557,14069.0
2025-01-16 14:10:00,0.2559,0.256,0.2559,0.256,6938.0
2025-01-16 14:11:00,0.2563,0.2563,0.2559,0.2559,13866.0
2025-01-16 14:12:00,0.2561,0.2561,0.2559,0.2561,13421.0
2025-01-16 14:13:00,0.2567,0.257,0.2567,0.2568,6798.0
2025-01-16 14:14:00,0.2571,0.2571,0.257,0.257,5138.0
2025-01-16 14:15:00,0.2573,0.2574,0.257,0.2574,17866.0
2025-01-16 14:16:00,0.2577,0.2577,0.2572,0.2572,7484.0
2025-01-16 14:17:00,0.2569,0.257,0.2569,0.2569,4207.0
2025-01-16 14:18:00,0.2571,0.2572,0.257,0.2572,5212.0
2025-01-16 14:19:00,0.2571,0.2572,0.2571,0.2571,3067.0
2025-01-16 14:20:00,0.2572,0.2573,0.257,0.257,618.0
2025-01-16 14:21:00,0.2568,0.2569,0.2568,0.2569,1403.0
2025-01-16 14:22:00,0.2568,0.2568,0.2568,0.2568,40.0
2025-01-16 14:23:00,0.2568,0.257,0.2567,0.257,3283.0
2025-01-16 14:24:00,0.257,0.257,0.257,0.257,164.0
2025-01-16 14:25:00,0.2572,0.2573,0.2572,0.2573,1757.0
2025-01-16 14:26:00,0.2575,0.2575,0.2569,0.2569,8061.0
2025-01-16 14:27:00,0.2569,0.2569,0.2569,0.2569,0.0
2025-01-16 14:28:00,0.257,0.257,0.257,0.257,474.0
2025-01-16 14:29:00,0.2571,0.2574,0.2571,0.2574,2456.0
2025-01-16 14:30:00,0.2572,0.2572,0.2565,0.2565,2380.0
2025-01-16 14:31:00,0.2565,0.2566,0.2553,0.2553,6565.0
2025-01-16 14:32:00,0.2553,0.2557,0.2553,0.2555,6393.0
2025-01-16 14:33:00,0.255,0.255,0.2546,0.2546,12286.0
2025-01-16 14:34:00,0.2548,0.2556,0.2548,0.2554,18812.0
2025-01-16 14:35:00,0.2561,0.2563,0.2557,0.2557,1245.0
2025-01-16 14:36:00,0.256,0.2561,0.256,0.256,1955.0
2025-01-16 14:37:00,0.2552,0.2553,0.2548,0.2548,13565.0
2025-01-16 14:38:00,0.2548,0.2553,0.2548,0.2552,52522.0
2025-01-16 14:39:00,0.2549,0.2549,0.2548,0.2548,1765.0
2025-01-16 14:40:00,0.2547,0.2547,0.2542,0.2543,6763.0
2025-01-16 14:41:00,0.2546,0.2546,0.2533,0.2533,18644.0
2025-01-16 14:42:00,0.2532,0.2532,0.2529,0.2529,9113.0
2025-01-16 14:43:00,0.2529,0.2538,0.2524,0.2524,112228.0
2025-01-16 14:44:00,0.2523,0.2527,0.2517,0.2517,93769.0
2025-01-16 14:45:00,0.2518,0.2518,0.2504,0.2504,52898.0
2025-01-16 14:46:00,0.2505,0.2522,0.25,0.2513,139645.0
2025-01-16 14:47:00,0.2513,0.2513,0.2493,0.2497,50972.0
2025-01-16 14:48:00,0.2498,0.2518,0.2493,0.2509,271583.0
2025-01-16 14:49:00,0.2507,0.2511,0.2489,0.2492,102509.0
2025-01-16 14:50:00,0.2492,0.2515,0.2492,0.2515,136340.0
2025-01-16 14:51:00,0.2515,0.2515,0.2496,0.2502,38754.0
2025-01-16 14:52:00,0.2504,0.2522,0.2504,0.2522,61477.0
2025-01-16 14:53:00,0.2523,0.2529,0.2521,0.2525,42468.0
2025-01-16 14:54:00,0.2518,0.2518,0.2509,0.2509,15929.0
2025-01-16 14:55:00,0.251,0.2517,0.2509,0.2517,10229.0
2025-01-16 14:56:00,0.2509,0.2511,0.2503,0.2504,35870.0
2025-01-16 14:57:00,0.2505,0.2516,0.2504,0.2516,21338.0
2025-01-16 14:58:00,0.2517,0.2517,0.2506,0.2508,44980.0
2025-01-16 14:59:00,0.2507,0.2509,0.2504,0.2505,12963.0
2025-01-16 15:00:00,0.2505,0.2509,0.2504,0.2507,7100.0
2025-01-16 15:01:00,0.2504,0.2504,0.2497,0.2499,63817.0
2025-01-16 15:02:00,0.2497,0.2517,0.2497,0.2517,25864.0
2025-01-16 15:03:00,0.2512,0.2523,0.2512,0.2523,21909.0
2025-01-16 15:04:00,0.2522,0.2525,0.2515,0.2523,21007.0
2025-01-16 15:05:00,0.2524,0.2527,0.2512,0.2521,32224.0
2025-01-16 15:06:00,0.2521,0.2527,0.252,0.2525,19119.0
2025-01-16 15:07:00,0.2527,0.2527,0.2516,0.2523,42468.0
2025-01-16 15:08:00,0.2526,0.2526,0.2517,0.2517,4745.0
2025-01-16 15:09:00,0.2518,0.2529,0.2518,0.2525,26600.0
2025-01-16 15:10:00,0.2526,0.2534,0.2525,0.2529,20080.0
2025-01-16 15:11:00,0.2529,0.2531,0.2528,0.2528,9441.0
2025-01-16 15:12:00,0.2526,0.2527,0.252,0.252,20182.0
2025-01-16 15:13:00,0.2521,0.2522,0.2516,0.2518,51708.0
2025-01-16 15:14:00,0.2517,0.2518,0.2514,0.2514,10844.0
2025-01-16 15:15:00,0.2517,0.2524,0.2515,0.2524,16076.0
2025-01-16 15:16:00,0.2525,0.253,0.2525,0.2529,2424.0
2025-01-16 15:17:00,0.2532,0.2533,0.2531,0.2531,10231.0
2025-01-16 15:18:00,0.2531,0.2531,0.2529,0.253,12059.0
2025-01-16 15:19:00,0.2531,0.2531,0.2528,0.2531,14948.0
2025-01-16 15:20:00,0.253,0.253,0.2527,0.253,8479.0
2025-01-16 15:21:00,0.2531,0.2537,0.2531,0.2534,1794.0
2025-01-16 15:22:00,0.2536,0.2536,0.2536,0.2536,1502.0
2025-01-16 15:23:00,0.2534,0.2534,0.2531,0.2532,3747.0
2025-01-16 15:24:00,0.2534,0.2535,0.2534,0.2535,3800.0
2025-01-16 15:25:00,0.2536,0.2537,0.2534,0.2537,3443.0
2025-01-16 15:26:00,0.2538,0.2539,0.2536,0.2536,4540.0
2025-01-16 15:27:00,0.2539,0.2539,0.2536,0.2538,7797.0
2025-01-16 15:28:00,0.2537,0.2538,0.2537,0.2538,6756.0
2025-01-16 15:29:00,0.254,0.2542,0.2538,0.2541,5634.0
2025-01-16 15:30:00,0.2543,0.2549,0.2543,0.2548,19595.0
2025-01-16 15:31:00,0.2548,0.2548,0.254,0.254,17378.0
2025-01-16 15:32:00,0.2542,0.2545,0.2542,0.2545,2583.0
2025-01-16 15:33:00,0.2543,0.2546,0.2543,0.2546,8124.0
2025-01-16 15:34:00,0.254,0.254,0.2536,0.2536,12407.0
2025-01-16 15:35:00,0.2537,0.2537,0.2535,0.2535,5730.0
2025-01-16 15:36:00,0.2531,0.2532,0.2529,0.2532,13124.0
2025-01-16 15:37:00,0.2531,0.2536,0.2531,0.2536,7719.0
2025-01-16 15:38:00,0.2536,0.2545,0.2536,0.2545,2082.0
2025-01-16 15:39:00,0.2545,0.2546,0.2544,0.2546,8363.0
2025-01-16 15:40:00,0.2544,0.2544,0.2538,0.2538,7820.0
2025-01-16 15:41:00,0.2537,0.2537,0.2537,0.2537,4107.0
2025-01-16 15:42:00,0.2538,0.2538,0.2538,0.2538,3097.0
2025-01-16 15:43:00,0.2535,0.2535,0.2535,0.2535,334.0
2025-01-16 15:44:00,0.2538,0.2541,0.2538,0.2539,4771.0
2025-01-16 15:45:00,0.2538,0.2541,0.2535,0.2535,2884.0
2025-01-16 15:46:00,0.254,0.254,0.2538,0.2538,9288.0
2025-01-16 15:47:00,0.2537,0.254,0.2536,0.254,583.0
2025-01-16 15:48:00,0.2541,0.2541,0.2541,0.2541,980.0
2025-01-16 15:49:00,0.2542,0.2545,0.2542,0.2545,245.0
2025-01-16 15:50:00,0.2546,0.2551,0.2546,0.2551,1296.0
2025-01-16 15:51:00,0.2551,0.2553,0.2551,0.2553,4774.0
2025-01-16 15:52:00,0.2555,0.2558,0.2555,0.2556,1376.0
2025-01-16 15:53:00,0.2555,0.2558,0.2555,0.2557,13008.0
2025-01-16 15:54:00,0.2556,0.2557,0.2555,0.2557,5375.0
2025-01-16 15:55:00,0.2555,0.2557,0.2553,0.2557,8628.0
2025-01-16 15:56:00,0.2558,0.256,0.2557,0.2557,15170.0
2025-01-16 15:57:00,0.256,0.2562,0.256,0.2562,9189.0
2025-01-16 15:58:00,0.2563,0.2565,0.2562,0.2565,1529.0
2025-01-16 15:59:00,0.2566,0.2572,0.2566,0.257,5326.0
2025-01-16 16:00:00,0.257,0.2574,0.2569,0.2569,8506.0
2025-01-16 16:01:00,0.2572,0.258,0.2572,0.2577,12957.0
2025-01-16 16:02:00,0.2579,0.2585,0.2579,0.2585,26656.0
2025-01-16 16:03:00,0.2584,0.2586,0.2584,0.2586,23983.0
2025-01-16 16:04:00,0.2588,0.2589,0.2586,0.2586,4902.0
2025-01-16 16:05:00,0.2588,0.2621,0.2586,0.2594,427947.0
2025-01-16 16:06:00,0.2595,0.2605,0.2592,0.2601,97023.0
2025-01-16 16:07:00,0.2602,0.2605,0.2596,0.2603,91495.0
2025-01-16 16:08:00,0.2601,0.2603,0.2599,0.2602,36769.0
2025-01-16 16:09:00,0.2601,0.2604,0.2601,0.2601,9924.0
2025-01-16 16:10:00,0.26,0.26,0.2594,0.2597,17744.0
2025-01-16 16:11:00,0.2594,0.2597,0.2593,0.2597,25185.0
2025-01-16 16:12:00,0.2597,0.26,0.2597,0.2598,9856.0
2025-01-16 16:13:00,0.2597,0.26,0.2596,0.2598,17865.0
2025-01-16 16:14:00,0.2596,0.2596,0.2592,0.2592,24737.0
2025-01-16 16:15:00,0.2591,0.2593,0.2587,0.2591,11482.0
2025-01-16 16:16:00,0.2588,0.2588,0.2582,0.2582,17271.0
2025-01-16 16:17:00,0.2582,0.2582,0.2577,0.2578,4732.0
2025-01-16 16:18:00,0.2578,0.2579,0.2576,0.2579,11806.0
2025-01-16 16:19:00,0.2582,0.2585,0.2582,0.2585,6469.0
2025-01-16 16:20:00,0.2586,0.2586,0.2583,0.2583,6321.0
2025-01-16 16:21:00,0.2581,0.2581,0.2581,0.2581,1693.0
2025-01-16 16:22:00,0.2584,0.2591,0.2584,0.2591,21909.0
2025-01-16 16:23:00,0.2587,0.259,0.2587,0.259,1396.0
2025-01-16 16:24:00,0.259,0.259,0.259,0.259,25.0
2025-01-16 16:25:00,0.259,0.2593,0.259,0.2591,15681.0
2025-01-16 16:26:00,0.2593,0.2597,0.2593,0.2596,5953.0
2025-01-16 16:27:00,0.2599,0.26,0.2598,0.26,4527.0
2025-01-16 16:28:00,0.2597,0.26,0.2597,0.26,4738.0
2025-01-16 16:29:00,0.26,0.2601,0.26,0.26,7248.0
2025-01-16 16:30:00,0.2599,0.2599,0.2597,0.2598,3292.0
2025-01-16 16:31:00,0.2599,0.2603,0.2599,0.2603,5245.0
2025-01-16 16:32:00,0.2601,0.2601,0.2591,0.2593,25635.0
2025-01-16 16:33:00,0.2593,0.2598,0.2593,0.2598,7710.0
2025-01-16 16:34:00,0.2599,0.26,0.2599,0.2599,679.0
2025-01-16 16:35:00,0.2596,0.2596,0.2593,0.2593,735.0
2025-01-16 16:36:00,0.2592,0.2595,0.2591,0.2592,64776.0
2025-01-16 16:37:00,0.2595,0.2598,0.2594,0.2597,15128.0
2025-01-16 16:38:00,0.2595,0.2596,0.259,0.259,6163.0
2025-01-16 16:39:00,0.259,0.2593,0.259,0.2593,4491.0
2025-01-16 16:40:00,0.2594,0.2601,0.2594,0.2598,6347.0
2025-01-16 16:41:00,0.2598,0.2598,0.2598,0.2598,483.0
2025-01-16 16:42:00,0.2593,0.2593,0.2588,0.2588,10535.0
2025-01-16 16:43:00,0.2585,0.2588,0.2585,0.2588,5674.0
2025-01-16 16:44:00,0.2588,0.2589,0.2587,0.2589,6428.0
2025-01-16 16:45:00,0.2591,0.2594,0.2591,0.2593,8742.0
2025-01-16 16:46:00,0.2593,0.2601,0.2593,0.2599,72349.0
2025-01-16 16:47:00,0.2599,0.26,0.2594,0.2594,4228.0
2025-01-16 16:48:00,0.2593,0.2593,0.2587,0.2587,12972.0
2025-01-16 16:49:00,0.2587,0.2588,0.2587,0.2588,1326.0
2025-01-16 16:50:00,0.2589,0.2589,0.2585,0.2585,7989.0
2025-01-16 16:51:00,0.2585,0.2586,0.2582,0.2586,13844.0
2025-01-16 16:52:00,0.2587,0.259,0.2586,0.2587,5732.0
2025-01-16 16:53:00,0.2589,0.2592,0.2589,0.2592,1128.0
2025-01-16 16:54:00,0.2586,0.2586,0.2586,0.2586,159.0
2025-01-16 16:55:00,0.2586,0.2587,0.2583,0.2584,45727.0
2025-01-16 16:56:00,0.2588,0.2588,0.2586,0.2588,3744.0
2025-01-16 16:57:00,0.2588,0.2588,0.2588,0.2588,1304.0
2025-01-16 16:58:00,0.2588,0.259,0.2587,0.259,10156.0
2025-01-16 16:59:00,0.259,0.259,0.2588,0.2589,50503.0
2025-01-16 17:00:00,0.2585,0.2585,0.2571,0.2574,27456.0
2025-01-16 17:01:00,0.2571,0.2577,0.2569,0.2574,44243.0
2025-01-16 17:02:00,0.2574,0.2579,0.2574,0.2579,14116.0
2025-01-16 17:03:00,0.258,0.258,0.2575,0.2575,4994.0
2025-01-16 17:04:00,0.2577,0.2582,0.2577,0.2581,4946.0
2025-01-16 17:05:00,0.2581,0.2583,0.258,0.2581,13454.0
2025-01-16 17:06:00,0.2581,0.2582,0.258,0.2581,3529.0
2025-01-16 17:07:00,0.2582,0.2582,0.2582,0.2582,98.0
2025-01-16 17:08:00,0.2581,0.2581,0.2581,0.2581,39.0
2025-01-16 17:09:00,0.2581,0.2581,0.2581,0.2581,669.0
2025-01-16 17:10:00,0.2577,0.2582,0.2577,0.2582,5298.0
2025-01-16 17:11:00,0.258,0.2581,0.258,0.258,972.0
2025-01-16 17:12:00,0.2582,0.2587,0.2582,0.2587,13446.0
2025-01-16 17:13:00,0.2583,0.2584,0.2583,0.2584,398.0
2025-01-16 17:14:00,0.2582,0.2582,0.2581,0.2581,542.0
2025-01-16 17:15:00,0.2578,0.2586,0.2578,0.2586,4957.0
2025-01-16 17:16:00,0.2588,0.259,0.2588,0.2589,1614.0
2025-01-16 17:17:00,0.2588,0.2588,0.2587,0.2587,4911.0
2025-01-16 17:18:00,0.2588,0.2588,0.2587,0.2587,658.0
2025-01-16 17:19:00,0.2592,0.2592,0.2592,0.2592,6002.0
2025-01-16 17:20:00,0.2592,0.2597,0.2592,0.2596,4277.0
2025-01-16 17:21:00,0.2594,0.2598,0.2594,0.2597,36505.0
2025-01-16 17:22:00,0.2594,0.2596,0.2592,0.2592,5023.0
2025-01-16 17:23:00,0.2594,0.2596,0.2594,0.2596,1500.0
2025-01-16 17:24:00,0.2597,0.2599,0.2597,0.2599,1235.0
2025-01-16 17:25:00,0.2599,0.2601,0.2599,0.26,2138.0
2025-01-16 17:26:00,0.2601,0.2602,0.2601,0.2602,1216.0
2025-01-16 17:27:00,0.26,0.2604,0.26,0.2602,6715.0
2025-01-16 17:28:00,0.2603,0.2603,0.2603,0.2603,2466.0
2025-01-16 17:29:00,0.2604,0.2606,0.2604,0.2605,9118.0
2025-01-16 17:30:00,0.2605,0.261,0.2605,0.2605,14139.0
2025-01-16 17:31:00,0.2607,0.2607,0.2603,0.2603,7643.0
2025-01-16 17:32:00,0.2605,0.2605,0.2604,0.2604,73.0
2025-01-16 17:33:00,0.2605,0.2606,0.2603,0.2603,2447.0
2025-01-16 17:34:00,0.2607,0.2607,0.2607,0.2607,516.0
2025-01-16 17:35:00,0.2605,0.2605,0.2604,0.2605,7475.0
2025-01-16 17:36:00,0.2607,0.261,0.2607,0.261,235.0
2025-01-16 17:37:00,0.261,0.261,0.261,0.261,565.0
2025-01-16 17:38:00,0.261,0.2612,0.2609,0.2611,13937.0
2025-01-16 17:39:00,0.2612,0.2612,0.2603,0.2603,12120.0
2025-01-16 17:40:00,0.2604,0.2604,0.2602,0.2603,12827.0
2025-01-16 17:41:00,0.2603,0.2605,0.2603,0.2605,656.0
2025-01-16 17:42:00,0.2607,0.2607,0.2603,0.2603,2677.0
2025-01-16 17:43:00,0.2603,0.2603,0.2601,0.2601,5695.0
2025-01-16 17:44:00,0.2601,0.2602,0.2601,0.2602,1852.0
2025-01-16 17:45:00,0.2601,0.2602,0.2601,0.2602,545.0
2025-01-16 17:46:00,0.26,0.2601,0.2598,0.2599,5446.0
2025-01-16 17:47:00,0.2599,0.2599,0.2596,0.2596,4112.0
2025-01-16 17:48:00,0.2591,0.2592,0.259,0.2592,7003.0
2025-01-16 17:49:00,0.2592,0.2595,0.2592,0.2594,7590.0
2025-01-16 17:50:00,0.2595,0.2596,0.2594,0.2595,3233.0
2025-01-16 17:51:00,0.2594,0.2595,0.2594,0.2595,1637.0
2025-01-16 17:52:00,0.2596,0.2597,0.2596,0.2597,965.0
2025-01-16 17:53:00,0.26,0.2602,0.26,0.2602,1509.0
2025-01-16 17:54:00,0.2602,0.2602,0.2602,0.2602,0.0
2025-01-16 17:55:00,0.2601,0.2604,0.2601,0.2603,4720.0
2025-01-16 17:56:00,0.2605,0.261,0.2605,0.261,6128.0
2025-01-16 17:57:00,0.2609,0.2611,0.2609,0.261,5997.0
2025-01-16 17:58:00,0.2611,0.2612,0.2608,0.2608,7079.0
2025-01-16 17:59:00,0.2605,0.2605,0.2605,0.2605,3511.0
2025-01-16 18:00:00,0.2605,0.2606,0.2605,0.2605,1971.0
2025-01-16 18:01:00,0.2605,0.2606,0.2605,0.2606,1477.0
2025-01-16 18:02:00,0.2605,0.2606,0.2605,0.2606,4170.0
2025-01-16 18:03:00,0.2606,0.2608,0.2606,0.2608,200.0
2025-01-16 18:04:00,0.2607,0.2608,0.2607,0.2608,642.0
2025-01-16 18:05:00,0.2611,0.2611,0.2611,0.2611,22224.0
2025-01-16 18:06:00,0.261,0.261,0.2608,0.261,1271.0
2025-01-16 18:07:00,0.261,0.261,0.261,0.261,0.0
2025-01-16 18:08:00,0.2609,0.2613,0.2609,0.2613,1372.0
2025-01-16 18:09:00,0.2614,0.2615,0.2614,0.2614,3705.0
2025-01-16 18:10:00,0.2612,0.2612,0.2611,0.2612,1214.0
2025-01-16 18:11:00,0.261,0.261,0.2603,0.2604,3596.0
2025-01-16 18:12:00,0.2604,0.2604,0.2603,0.2604,1005.0
2025-01-16 18:13:00,0.2602,0.2602,0.2602,0.2602,182.0
2025-01-16 18:14:00,0.2601,0.2601,0.26,0.26,1962.0
2025-01-16 18:15:00,0.2599,0.2599,0.2599,0.2599,1404.0
2025-01-16 18:16:00,0.2597,0.2598,0.2596,0.2596,379.0
2025-01-16 18:17:00,0.2594,0.2594,0.2594,0.2594,2485.0
2025-01-16 18:18:00,0.2593,0.2593,0.259,0.2592,33929.0
2025-01-16 18:19:00,0.2592,0.2592,0.2592,0.2592,0.0
2025-01-16 18:20:00,0.2593,0.2595,0.2593,0.2595,21924.0
2025-01-16 18:21:00,0.2596,0.2596,0.2595,0.2595,2502.0
2025-01-16 18:22:00,0.2595,0.2595,0.2593,0.2593,607.0
2025-01-16 18:23:00,0.2594,0.2596,0.2594,0.2596,1190.0
2025-01-16 18:24:00,0.2593,0.2593,0.2593,0.2593,946.0
2025-01-16 18:25:00,0.2594,0.2594,0.2592,0.2592,3563.0
2025-01-16 18:26:00,0.2591,0.2591,0.259,0.259,2007.0
2025-01-16 18:27:00,0.2589,0.2589,0.2585,0.2585,1711.0
2025-01-16 18:28:00,0.2584,0.2587,0.2583,0.2587,21721.0
2025-01-16 18:29:00,0.2584,0.2584,0.2581,0.2583,9686.0
2025-01-16 18:30:00,0.2581,0.2583,0.258,0.2583,8277.0
2025-01-16 18:31:00,0.2585,0.2586,0.2585,0.2586,2383.0
2025-01-16 18:32:00,0.2583,0.2584,0.2582,0.2584,4683.0
2025-01-16 18:33:00,0.258,0.2583,0.2578,0.2583,55591.0
2025-01-16 18:34:00,0.258,0.258,0.2577,0.2577,5099.0
2025-01-16 18:35:00,0.2579,0.2581,0.2579,0.2579,1009.0
2025-01-16 18:36:00,0.2578,0.2578,0.2577,0.2577,5217.0
2025-01-16 18:37:00,0.2574,0.2575,0.2574,0.2575,5643.0
2025-01-16 18:38:00,0.2575,0.2579,0.2573,0.2573,21965.0
2025-01-16 18:39:00,0.2573,0.2574,0.2572,0.2574,7753.0
2025-01-16 18:40:00,0.2575,0.2577,0.2574,0.2574,2204.0
2025-01-16 18:41:00,0.2576,0.2578,0.2575,0.2575,3280.0
2025-01-16 18:42:00,0.2575,0.2575,0.2573,0.2575,356.0
2025-01-16 18:43:00,0.2575,0.2575,0.2575,0.2575,0.0
2025-01-16 18:44:00,0.2574,0.2574,0.2574,0.2574,305.0
2025-01-16 18:45:00,0.2574,0.2574,0.2573,0.2573,1214.0
2025-01-16 18:46:00,0.2572,0.2574,0.2572,0.2574,2008.0
2025-01-16 18:47:00,0.2574,0.2574,0.257,0.257,1514.0
2025-01-16 18:48:00,0.2568,0.2571,0.2568,0.2571,4452.0
2025-01-16 18:49:00,0.2572,0.2575,0.2572,0.2574,3026.0
2025-01-16 18:50:00,0.2577,0.2578,0.2573,0.2573,643.0
2025-01-16 18:51:00,0.2576,0.2576,0.2576,0.2576,782.0
2025-01-16 18:52:00,0.2576,0.2577,0.2576,0.2577,929.0
2025-01-16 18:53:00,0.2577,0.2578,0.2576,0.2578,2326.0
2025-01-16 18:54:00,0.2579,0.258,0.2579,0.258,532.0
2025-01-16 18:55:00,0.2581,0.2582,0.258,0.258,1601.0
2025-01-16 18:56:00,0.2578,0.2579,0.2577,0.2579,1703.0
2025-01-16 18:57:00,0.2578,0.2578,0.2577,0.2578,933.0
2025-01-16 18:58:00,0.2577,0.2578,0.2573,0.2576,72504.0
2025-01-16 18:59:00,0.2577,0.2578,0.2577,0.2577,3983.0
2025-01-16 19:00:00,0.2573,0.2573,0.2571,0.2572,3173.0
2025-01-16 19:01:00,0.2567,0.2569,0.2566,0.2568,4604.0
2025-01-16 19:02:00,0.2569,0.2572,0.2568,0.2569,4105.0
2025-01-16 19:03:00,0.2567,0.2574,0.2567,0.2574,11405.0
2025-01-16 19:04:00,0.2574,0.2576,0.2573,0.2576,5000.0
2025-01-16 19:05:00,0.2578,0.2578,0.2576,0.2576,2544.0
2025-01-16 19:06:00,0.2576,0.2579,0.2576,0.2579,1742.0
2025-01-16 19:07:00,0.258,0.258,0.258,0.258,1233.0
2025-01-16 19:08:00,0.2579,0.2579,0.2577,0.2577,683.0
2025-01-16 19:09:00,0.2578,0.2578,0.2578,0.2578,500.0
2025-01-16 19:10:00,0.2581,0.2581,0.2581,0.2581,24.0
2025-01-16 19:11:00,0.2581,0.2582,0.2581,0.2582,724.0
2025-01-16 19:12:00,0.2582,0.2584,0.2581,0.2584,2030.0
2025-01-16 19:13:00,0.2585,0.2586,0.2585,0.2586,83.0
2025-01-16 19:14:00,0.2586,0.2586,0.2585,0.2585,11926.0
2025-01-16 19:15:00,0.2585,0.2585,0.2581,0.2581,3734.0
2025-01-16 19:16:00,0.2582,0.2584,0.2582,0.2584,6244.0
2025-01-16 19:17:00,0.2584,0.2584,0.2584,0.2584,0.0
2025-01-16 19:18:00,0.2586,0.2586,0.2586,0.2586,1316.0
2025-01-16 19:19:00,0.2588,0.2589,0.2588,0.2589,5372.0
2025-01-16 19:20:00,0.2588,0.259,0.2588,0.2589,23791.0
2025-01-16 19:21:00,0.2589,0.2589,0.2588,0.2589,12398.0
2025-01-16 19:22:00,0.2587,0.2587,0.2581,0.2582,31455.0
2025-01-16 19:23:00,0.2583,0.2584,0.2582,0.2582,2130.0
2025-01-16 19:24:00,0.2583,0.2584,0.2583,0.2584,3417.0
2025-01-16 19:25:00,0.2584,0.2586,0.2584,0.2586,1247.0
2025-01-16 19:26:00,0.2589,0.259,0.2589,0.259,555.0
2025-01-16 19:27:00,0.259,0.259,0.259,0.259,450.0
2025-01-16 19:28:00,0.259,0.2592,0.259,0.2592,2088.0
2025-01-16 19:29:00,0.2592,0.2592,0.2592,0.2592,0.0
2025-01-16 19:30:00,0.2591,0.2591,0.259,0.259,2637.0
2025-01-16 19:31:00,0.2589,0.2591,0.2588,0.2591,2997.0
2025-01-16 19:32:00,0.259,0.2591,0.259,0.2591,1289.0
2025-01-16 19:33:00,0.2592,0.2592,0.2592,0.2592,2254.0
2025-01-16 19:34:00,0.2593,0.2596,0.2593,0.2596,2662.0
2025-01-16 19:35:00,0.2596,0.2596,0.2596,0.2596,697.0
2025-01-16 19:36:00,0.2596,0.2598,0.2596,0.2598,3944.0
2025-01-16 19:37:00,0.26,0.2601,0.26,0.2601,2631.0
2025-01-16 19:38:00,0.2598,0.2605,0.2598,0.2605,6121.0
2025-01-16 19:39:00,0.2607,0.2607,0.2606,0.2606,490.0
2025-01-16 19:40:00,0.2606,0.2607,0.2606,0.2606,787.0
2025-01-16 19:41:00,0.2605,0.2605,0.2603,0.2603,10295.0
2025-01-16 19:42:00,0.2604,0.2604,0.2603,0.2603,2650.0
2025-01-16 19:43:00,0.2604,0.2606,0.2604,0.2605,1716.0
2025-01-16 19:44:00,0.2605,0.2605,0.2605,0.2605,271.0
2025-01-16 19:45:00,0.2604,0.2606,0.2604,0.2606,960.0
2025-01-16 19:46:00,0.2607,0.2607,0.2606,0.2607,279.0
2025-01-16 19:47:00,0.2608,0.2608,0.2605,0.2605,2643.0
2025-01-16 19:48:00,0.2605,0.261,0.2605,0.2609,22861.0
2025-01-16 19:49:00,0.261,0.2613,0.261,0.2611,647.0
2025-01-16 19:50:00,0.2612,0.2612,0.2611,0.2611,485.0
2025-01-16 19:51:00,0.2609,0.2609,0.2609,0.2609,173.0
2025-01-16 19:52:00,0.2606,0.2608,0.2605,0.2608,4359.0
2025-01-16 19:53:00,0.2608,0.2608,0.2608,0.2608,0.0
2025-01-16 19:54:00,0.2608,0.2609,0.2608,0.2608,5186.0
2025-01-16 19:55:00,0.2609,0.2609,0.2609,0.2609,559.0
2025-01-16 19:56:00,0.2609,0.261,0.2609,0.261,221.0
2025-01-16 19:57:00,0.2612,0.2613,0.2612,0.2613,12050.0
2025-01-16 19:58:00,0.2613,0.2613,0.2613,0.2613,2708.0
2025-01-16 19:59:00,0.2614,0.2616,0.2614,0.2615,58067.0
2025-01-16 20:00:00,0.2615,0.2616,0.2615,0.2616,772.0
2025-01-16 20:01:00,0.2617,0.2618,0.2616,0.2618,1934.0
2025-01-16 20:02:00,0.2617,0.2618,0.2617,0.2617,514.0
2025-01-16 20:03:00,0.2617,0.2623,0.2617,0.2623,57962.0
2025-01-16 20:04:00,0.2622,0.2622,0.2613,0.2616,8740.0
2025-01-16 20:05:00,0.2615,0.2615,0.2609,0.2609,18390.0
2025-01-16 20:06:00,0.2608,0.261,0.2607,0.2607,2764.0
2025-01-16 20:07:00,0.2607,0.2608,0.2603,0.2608,53530.0
2025-01-16 20:08:00,0.2607,0.2607,0.2607,0.2607,3587.0
2025-01-16 20:09:00,0.2609,0.261,0.2609,0.261,5428.0
2025-01-16 20:10:00,0.2608,0.2608,0.2608,0.2608,1481.0
2025-01-16 20:11:00,0.2605,0.2605,0.2602,0.2604,26353.0
2025-01-16 20:12:00,0.2604,0.2604,0.2604,0.2604,194.0
2025-01-16 20:13:00,0.2604,0.2604,0.2604,0.2604,0.0
2025-01-16 20:14:00,0.2605,0.2605,0.2602,0.2602,2009.0
2025-01-16 20:15:00,0.2603,0.2606,0.2603,0.2606,17043.0
2025-01-16 20:16:00,0.2603,0.2604,0.2603,0.2604,1133.0
2025-01-16 20:17:00,0.26,0.26,0.2596,0.2599,85143.0
2025-01-16 20:18:00,0.2595,0.2595,0.2593,0.2593,842.0
2025-01-16 20:19:00,0.2592,0.2595,0.2592,0.2595,28201.0
2025-01-16 20:20:00,0.2597,0.2597,0.2594,0.2595,424.0
2025-01-16 20:21:00,0.2595,0.2599,0.2595,0.2599,2551.0
2025-01-16 20:22:00,0.2599,0.2599,0.2599,0.2599,0.0
2025-01-16 20:23:00,0.2597,0.2597,0.2593,0.2593,749.0
2025-01-16 20:24:00,0.2593,0.2593,0.2591,0.2591,71.0
2025-01-16 20:25:00,0.2591,0.2591,0.2591,0.2591,1495.0
2025-01-16 20:26:00,0.2591,0.2596,0.2591,0.2595,2296.0
2025-01-16 20:27:00,0.2593,0.2593,0.2592,0.2592,1867.0
2025-01-16 20:28:00,0.2596,0.2597,0.2596,0.2597,1417.0
2025-01-16 20:29:00,0.2598,0.2598,0.2598,0.2598,3066.0
2025-01-16 20:30:00,0.2601,0.2602,0.2601,0.2602,10392.0
2025-01-16 20:31:00,0.2599,0.2599,0.2599,0.2599,2084.0
2025-01-16 20:32:00,0.26,0.2601,0.26,0.26,6371.0
2025-01-16 20:33:00,0.26,0.2601,0.2597,0.2597,5425.0
2025-01-16 20:34:00,0.2601,0.2601,0.2596,0.2596,8054.0
2025-01-16 20:35:00,0.2595,0.2598,0.2595,0.2597,3209.0
2025-01-16 20:36:00,0.2598,0.2598,0.2598,0.2598,783.0
2025-01-16 20:37:00,0.2597,0.2597,0.2597,0.2597,2149.0
2025-01-16 20:38:00,0.2597,0.2597,0.2594,0.2595,4267.0
2025-01-16 20:39:00,0.2596,0.2596,0.2595,0.2595,889.0
2025-01-16 20:40:00,0.2592,0.2595,0.2592,0.2595,3196.0
2025-01-16 20:41:00,0.2596,0.2596,0.2596,0.2596,2318.0
2025-01-16 20:42:00,0.2597,0.2602,0.2597,0.2602,3162.0
2025-01-16 20:43:00,0.2601,0.2601,0.2601,0.2601,417.0
2025-01-16 20:44:00,0.2601,0.2601,0.2601,0.2601,0.0
2025-01-16 20:45:00,0.2602,0.2602,0.2602,0.2602,946.0
2025-01-16 20:46:00,0.2605,0.2605,0.2603,0.2603,2404.0
2025-01-16 20:47:00,0.2599,0.2599,0.2599,0.2599,737.0
2025-01-16 20:48:00,0.2599,0.2599,0.2596,0.2596,1425.0
2025-01-16 20:49:00,0.2594,0.2595,0.2593,0.2595,743.0
2025-01-16 20:50:00,0.2595,0.2596,0.2594,0.2595,16980.0
2025-01-16 20:51:00,0.2596,0.2597,0.2595,0.2596,14344.0
2025-01-16 20:52:00,0.2599,0.2599,0.2599,0.2599,3066.0
2025-01-16 20:53:00,0.2599,0.2599,0.2597,0.2597,12524.0
2025-01-16 20:54:00,0.2595,0.2595,0.2594,0.2595,3812.0
2025-01-16 20:55:00,0.2593,0.2593,0.2589,0.2589,4426.0
2025-01-16 20:56:00,0.2591,0.2591,0.2591,0.2591,424.0
2025-01-16 20:57:00,0.2592,0.2592,0.2589,0.2592,2878.0
2025-01-16 20:58:00,0.2596,0.2596,0.2595,0.2595,11211.0
2025-01-16 20:59:00,0.2592,0.2594,0.2592,0.2594,10965.0
2025-01-16 21:00:00,0.2595,0.2596,0.2594,0.2594,10864.0
2025-01-16 21:01:00,0.2592,0.2592,0.2584,0.2584,10361.0
2025-01-16 21:02:00,0.2586,0.2587,0.2586,0.2587,1455.0
2025-01-16 21:03:00,0.2587,0.2587,0.2581,0.2581,5506.0
2025-01-16 21:04:00,0.2582,0.2582,0.2579,0.2579,1854.0
2025-01-16 21:05:00,0.2579,0.2583,0.2579,0.2581,13104.0
2025-01-16 21:06:00,0.258,0.258,0.2578,0.258,593.0
2025-01-16 21:07:00,0.2579,0.258,0.2579,0.258,320.0
2025-01-16 21:08:00,0.2581,0.2581,0.2581,0.2581,133.0
2025-01-16 21:09:00,0.258,0.258,0.258,0.258,291.0
2025-01-16 21:10:00,0.2583,0.2583,0.2583,0.2583,9446.0
2025-01-16 21:11:00,0.2586,0.2587,0.2586,0.2587,4027.0
2025-01-16 21:12:00,0.2588,0.2588,0.2588,0.2588,2079.0
2025-01-16 21:13:00,0.2588,0.2588,0.2587,0.2587,10704.0
2025-01-16 21:14:00,0.2587,0.2587,0.2586,0.2586,3002.0
2025-01-16 21:15:00,0.2584,0.2584,0.2582,0.2582,5974.0
2025-01-16 21:16:00,0.2582,0.2582,0.258,0.2581,15867.0
2025-01-16 21:17:00,0.2581,0.2581,0.2581,0.2581,0.0
2025-01-16 21:18:00,0.2575,0.2575,0.2575,0.2575,3313.0
2025-01-16 21:19:00,0.2573,0.2574,0.2569,0.2574,13178.0
2025-01-16 21:20:00,0.257,0.2573,0.2569,0.2569,8471.0
2025-01-16 21:21:00,0.2569,0.257,0.2564,0.2564,2994.0
2025-01-16 21:22:00,0.2568,0.2568,0.2565,0.2565,152.0
2025-01-16 21:23:00,0.2563,0.2563,0.256,0.256,5340.0
2025-01-16 21:24:00,0.2561,0.2563,0.2559,0.2562,22274.0
2025-01-16 21:25:00,0.2561,0.2563,0.2561,0.2563,3050.0
2025-01-16 21:26:00,0.2563,0.2563,0.2563,0.2563,3536.0
2025-01-16 21:27:00,0.2568,0.2568,0.2567,0.2567,54.0
2025-01-16 21:28:00,0.2568,0.2569,0.2568,0.2568,5184.0
2025-01-16 21:29:00,0.2566,0.2569,0.2566,0.2569,669.0
2025-01-16 21:30:00,0.2569,0.2571,0.2567,0.2569,2385.0
2025-01-16 21:31:00,0.2568,0.2572,0.2566,0.257,4881.0
2025-01-16 21:32:00,0.257,0.2573,0.257,0.2573,6079.0
2025-01-16 21:33:00,0.2571,0.2573,0.2571,0.2571,376.0
2025-01-16 21:34:00,0.2572,0.2573,0.2572,0.2573,841.0
2025-01-16 21:35:00,0.2571,0.2571,0.2569,0.2569,431.0
2025-01-16 21:36:00,0.2572,0.2573,0.257,0.257,3341.0
2025-01-16 21:37:00,0.257,0.257,0.257,0.257,7014.0
2025-01-16 21:38:00,0.2571,0.2571,0.2571,0.2571,351.0
2025-01-16 21:39:00,0.2575,0.2576,0.2575,0.2576,677.0
2025-01-16 21:40:00,0.2574,0.2574,0.2574,0.2574,220.0
2025-01-16 21:41:00,0.2574,0.2574,0.2574,0.2574,49.0
2025-01-16 21:42:00,0.2574,0.2574,0.2574,0.2574,0.0
2025-01-16 21:43:00,0.2576,0.258,0.2576,0.258,170.0
2025-01-16 21:44:00,0.258,0.258,0.258,0.258,0.0
2025-01-16 21:45:00,0.2579,0.2579,0.2579,0.2579,1492.0
2025-01-16 21:46:00,0.258,0.258,0.2579,0.258,1573.0
2025-01-16 21:47:00,0.2578,0.2578,0.2578,0.2578,232.0
2025-01-16 21:48:00,0.2577,0.2577,0.2577,0.2577,588.0
2025-01-16 21:49:00,0.2577,0.2577,0.2574,0.2575,11135.0
2025-01-16 21:50:00,0.2571,0.2571,0.2571,0.2571,192.0
2025-01-16 21:51:00,0.257,0.257,0.2566,0.2567,4825.0
2025-01-16 21:52:00,0.2567,0.2567,0.2567,0.2567,2486.0
2025-01-16 21:53:00,0.2567,0.2567,0.2567,0.2567,106.0
2025-01-16 21:54:00,0.2567,0.2567,0.2567,0.2567,0.0
2025-01-16 21:55:00,0.2567,0.2567,0.2567,0.2567,65.0
2025-01-16 21:56:00,0.2571,0.2571,0.257,0.2571,8953.0
2025-01-16 21:57:00,0.2571,0.2571,0.2571,0.2571,0.0
2025-01-16 21:58:00,0.2571,0.2571,0.2571,0.2571,0.0
2025-01-16 21:59:00,0.2567,0.2567,0.2567,0.2567,108.0
2025-01-16 22:00:00,0.2571,0.2571,0.257,0.257,2996.0
2025-01-16 22:01:00,0.2568,0.2568,0.2566,0.2566,3989.0
2025-01-16 22:02:00,0.2567,0.2567,0.2564,0.2564,3981.0
2025-01-16 22:03:00,0.2562,0.2562,0.2561,0.2562,2772.0
2025-01-16 22:04:00,0.256,0.2563,0.2559,0.2562,9437.0
2025-01-16 22:05:00,0.256,0.2561,0.256,0.2561,6014.0
2025-01-16 22:06:00,0.2558,0.2558,0.2558,0.2558,4069.0
2025-01-16 22:07:00,0.2561,0.2561,0.2553,0.2553,116136.0
2025-01-16 22:08:00,0.2552,0.2554,0.2552,0.2552,12170.0
2025-01-16 22:09:00,0.2552,0.2554,0.2552,0.2554,2099.0
2025-01-16 22:10:00,0.2552,0.2552,0.2552,0.2552,4458.0
2025-01-16 22:11:00,0.2552,0.2552,0.2552,0.2552,4034.0
2025-01-16 22:12:00,0.2553,0.2554,0.2552,0.2553,8838.0
2025-01-16 22:13:00,0.2553,0.2554,0.2552,0.2554,1179.0
2025-01-16 22:14:00,0.2554,0.2556,0.2554,0.2556,7112.0
2025-01-16 22:15:00,0.2556,0.2557,0.2555,0.2555,11233.0
2025-01-16 22:16:00,0.2554,0.256,0.2554,0.256,37264.0
2025-01-16 22:17:00,0.2557,0.2557,0.2557,0.2557,50.0
2025-01-16 22:18:00,0.2556,0.2556,0.2552,0.2552,15021.0
2025-01-16 22:19:00,0.255,0.255,0.2548,0.2548,6934.0
2025-01-16 22:20:00,0.255,0.255,0.2549,0.2549,61.0
2025-01-16 22:21:00,0.2547,0.2547,0.2547,0.2547,3165.0
2025-01-16 22:22:00,0.2546,0.2546,0.2543,0.2543,452.0
2025-01-16 22:23:00,0.2544,0.2546,0.2544,0.2546,11989.0
2025-01-16 22:24:00,0.2547,0.2548,0.2547,0.2548,1000.0
2025-01-16 22:25:00,0.2546,0.2549,0.2544,0.2545,32263.0
2025-01-16 22:26:00,0.2545,0.2545,0.2543,0.2543,440.0
2025-01-16 22:27:00,0.2543,0.2543,0.2543,0.2543,0.0
2025-01-16 22:28:00,0.2543,0.2543,0.2543,0.2543,0.0
2025-01-16 22:29:00,0.2543,0.2543,0.2543,0.2543,0.0
2025-01-16 22:30:00,0.2542,0.2542,0.2538,0.2538,2299.0
2025-01-16 22:31:00,0.2536,0.2536,0.253,0.2532,6129.0
2025-01-16 22:32:00,0.2531,0.2532,0.2528,0.2532,44432.0
2025-01-16 22:33:00,0.253,0.2532,0.253,0.253,2211.0
2025-01-16 22:34:00,0.253,0.253,0.253,0.253,0.0
2025-01-16 22:35:00,0.2528,0.2529,0.2526,0.2526,5314.0
2025-01-16 22:36:00,0.2526,0.2526,0.2526,0.2526,0.0
2025-01-16 22:37:00,0.2526,0.2526,0.2526,0.2526,0.0
2025-01-16 22:38:00,0.2527,0.2529,0.2527,0.2529,1704.0
2025-01-16 22:39:00,0.253,0.2532,0.253,0.2531,1177.0
2025-01-16 22:40:00,0.2533,0.2533,0.2531,0.2531,9445.0
2025-01-16 22:41:00,0.2531,0.2531,0.2531,0.2531,861.0
2025-01-16 22:42:00,0.2531,0.2531,0.2531,0.2531,0.0
2025-01-16 22:43:00,0.2531,0.2531,0.253,0.2531,1370.0
2025-01-16 22:44:00,0.2531,0.2533,0.2529,0.2529,9346.0
2025-01-16 22:45:00,0.2529,0.2529,0.2529,0.2529,0.0
2025-01-16 22:46:00,0.2531,0.2532,0.2531,0.2532,12286.0
2025-01-16 22:47:00,0.253,0.253,0.253,0.253,527.0
2025-01-16 22:48:00,0.2532,0.2533,0.2532,0.2532,14135.0
2025-01-16 22:49:00,0.2535,0.2536,0.2532,0.2533,13762.0
2025-01-16 22:50:00,0.2533,0.2533,0.2533,0.2533,0.0
2025-01-16 22:51:00,0.2535,0.2535,0.2535,0.2535,23.0
2025-01-16 22:52:00,0.2535,0.2535,0.2535,0.2535,0.0
2025-01-16 22:53:00,0.2532,0.2532,0.253,0.253,169.0
2025-01-16 22:54:00,0.253,0.2532,0.253,0.2532,1591.0
2025-01-16 22:55:00,0.2533,0.2533,0.2533,0.2533,1635.0
2025-01-16 22:56:00,0.2534,0.2534,0.2534,0.2534,986.0
2025-01-16 22:57:00,0.2532,0.2533,0.2532,0.2533,1603.0
2025-01-16 22:58:00,0.2532,0.2532,0.2531,0.2531,3480.0
2025-01-16 22:59:00,0.2531,0.2532,0.2531,0.2532,1487.0
2025-01-16 23:00:00,0.2534,0.2534,0.2533,0.2534,2387.0
2025-01-16 23:01:00,0.2534,0.2537,0.2533,0.2537,23986.0
2025-01-16 23:02:00,0.2538,0.2541,0.2537,0.2541,5211.0
2025-01-16 23:03:00,0.254,0.254,0.254,0.254,5722.0
2025-01-16 23:04:00,0.2541,0.2541,0.2541,0.2541,1820.0
2025-01-16 23:05:00,0.2539,0.2539,0.2539,0.2539,2173.0
2025-01-16 23:06:00,0.2539,0.2539,0.2539,0.2539,0.0
2025-01-16 23:07:00,0.2538,0.2538,0.2538,0.2538,40.0
2025-01-16 23:08:00,0.2537,0.2537,0.2537,0.2537,985.0
2025-01-16 23:09:00,0.2537,0.2537,0.2537,0.2537,0.0
2025-01-16 23:10:00,0.2539,0.2539,0.2537,0.2539,10610.0
2025-01-16 23:11:00,0.2539,0.2539,0.2538,0.2538,865.0
2025-01-16 23:12:00,0.2538,0.2538,0.2538,0.2538,0.0
2025-01-16 23:13:00,0.2537,0.2537,0.2536,0.2536,1802.0
2025-01-16 23:14:00,0.2535,0.2537,0.2535,0.2537,1024.0
2025-01-16 23:15:00,0.2539,0.2539,0.2539,0.2539,50.0
2025-01-16 23:16:00,0.2539,0.2539,0.2536,0.2536,2763.0
2025-01-16 23:17:00,0.2538,0.2539,0.2538,0.2539,789.0
2025-01-16 23:18:00,0.2537,0.2538,0.2537,0.2538,8001.0
2025-01-16 23:19:00,0.2538,0.2538,0.2535,0.2535,823.0
2025-01-16 23:20:00,0.2536,0.2536,0.2531,0.2531,267.0
2025-01-16 23:21:00,0.2528,0.2528,0.2525,0.2525,923.0
2025-01-16 23:22:00,0.2525,0.2526,0.2524,0.2526,4058.0
2025-01-16 23:23:00,0.2526,0.2526,0.2524,0.2524,1025.0
2025-01-16 23:24:00,0.2523,0.2523,0.2519,0.2519,9099.0
2025-01-16 23:25:00,0.2519,0.2519,0.2516,0.2516,3810.0
2025-01-16 23:26:00,0.2517,0.2519,0.2517,0.2518,4307.0
2025-01-16 23:27:00,0.2518,0.2523,0.2518,0.252,1252.0
2025-01-16 23:28:00,0.252,0.252,0.252,0.252,0.0
2025-01-16 23:29:00,0.252,0.252,0.252,0.252,0.0
2025-01-16 23:30:00,0.2523,0.2523,0.2521,0.2522,1225.0
2025-01-16 23:31:00,0.2523,0.2524,0.2523,0.2524,13613.0
2025-01-16 23:32:00,0.2525,0.253,0.2525,0.253,1643.0
2025-01-16 23:33:00,0.2529,0.2529,0.2529,0.2529,296.0
2025-01-16 23:34:00,0.2531,0.2531,0.2531,0.2531,975.0
2025-01-16 23:35:00,0.2532,0.2532,0.2532,0.2532,1313.0
2025-01-16 23:36:00,0.2532,0.2532,0.2532,0.2532,1602.0
2025-01-16 23:37:00,0.2531,0.2533,0.2531,0.2533,1201.0
2025-01-16 23:38:00,0.2534,0.2535,0.2534,0.2535,1287.0
2025-01-16 23:39:00,0.2535,0.2537,0.2535,0.2537,169.0
2025-01-16 23:40:00,0.2534,0.2534,0.2534,0.2534,1975.0
2025-01-16 23:41:00,0.2533,0.2535,0.2533,0.2535,10956.0
2025-01-16 23:42:00,0.2534,0.2534,0.2534,0.2534,618.0
2025-01-16 23:43:00,0.2536,0.2536,0.2536,0.2536,215.0
2025-01-16 23:44:00,0.2536,0.2536,0.2535,0.2535,6067.0
2025-01-16 23:45:00,0.2536,0.2536,0.2536,0.2536,120.0
2025-01-16 23:46:00,0.2536,0.2536,0.2536,0.2536,0.0
2025-01-16 23:47:00,0.2533,0.2533,0.2532,0.2533,4094.0
2025-01-16 23:48:00,0.2533,0.2533,0.2533,0.2533,0.0
2025-01-16 23:49:00,0.2533,0.2533,0.2533,0.2533,855.0
2025-01-16 23:50:00,0.2536,0.2536,0.2536,0.2536,42.0
2025-01-16 23:51:00,0.2535,0.2535,0.2533,0.2533,751.0
2025-01-16 23:52:00,0.2534,0.2534,0.2534,0.2534,21.0
2025-01-16 23:53:00,0.2536,0.2536,0.2536,0.2536,58.0
2025-01-16 23:54:00,0.2536,0.2536,0.2536,0.2536,0.0
2025-01-16 23:55:00,0.2536,0.2536,0.2536,0.2536,0.0
2025-01-16 23:56:00,0.2536,0.2538,0.2536,0.2536,574.0
2025-01-16 23:57:00,0.2536,0.2536,0.2535,0.2535,852.0
2025-01-16 23:58:00,0.2536,0.2536,0.2536,0.2536,27.0
2025-01-16 23:59:00,0.2534,0.2534,0.2533,0.2534,1321.0
2025-01-17 00:00:00,0.2535,0.2536,0.2533,0.2536,8390.0
2025-01-17 00:01:00,0.2538,0.2545,0.2538,0.2545,4947.0
2025-01-17 00:02:00,0.2542,0.2545,0.2542,0.2544,10185.0
2025-01-17 00:03:00,0.2543,0.255,0.2542,0.2547,75319.0
2025-01-17 00:04:00,0.2548,0.255,0.2544,0.2544,38838.0
2025-01-17 00:05:00,0.2545,0.2549,0.2545,0.2548,15551.0
2025-01-17 00:06:00,0.255,0.255,0.2547,0.2547,9928.0
2025-01-17 00:07:00,0.2548,0.255,0.2548,0.255,9346.0
2025-01-17 00:08:00,0.255,0.255,0.255,0.255,0.0
2025-01-17 00:09:00,0.255,0.255,0.2548,0.2548,5789.0
2025-01-17 00:10:00,0.2543,0.2545,0.2541,0.2545,19990.0
2025-01-17 00:11:00,0.2543,0.2543,0.2541,0.2543,18243.0
2025-01-17 00:12:00,0.2544,0.2551,0.2544,0.2549,3476.0
2025-01-17 00:13:00,0.2549,0.255,0.2547,0.255,8780.0
2025-01-17 00:14:00,0.255,0.2551,0.2547,0.2547,2071.0
2025-01-17 00:15:00,0.2548,0.2551,0.2548,0.2548,7581.0
2025-01-17 00:16:00,0.255,0.2553,0.255,0.2553,2903.0
2025-01-17 00:17:00,0.2555,0.2561,0.2555,0.2559,48437.0
2025-01-17 00:18:00,0.2559,0.256,0.2558,0.2558,16112.0
2025-01-17 00:19:00,0.2557,0.2557,0.2554,0.2554,139.0
2025-01-17 00:20:00,0.2555,0.2556,0.2554,0.2554,14219.0
2025-01-17 00:21:00,0.2554,0.2554,0.2554,0.2554,0.0
2025-01-17 00:22:00,0.2554,0.2554,0.2554,0.2554,0.0
2025-01-17 00:23:00,0.2552,0.2552,0.2551,0.2551,1579.0
2025-01-17 00:24:00,0.2551,0.2552,0.2551,0.2552,119.0
2025-01-17 00:25:00,0.2552,0.2552,0.255,0.255,370.0
2025-01-17 00:26:00,0.2547,0.2547,0.2544,0.2544,7653.0
2025-01-17 00:27:00,0.2545,0.2545,0.2544,0.2544,613.0
2025-01-17 00:28:00,0.2546,0.2546,0.2545,0.2545,3919.0
2025-01-17 00:29:00,0.2548,0.2548,0.2547,0.2547,3537.0
2025-01-17 00:30:00,0.2548,0.2555,0.2548,0.2555,10109.0
2025-01-17 00:31:00,0.2555,0.2555,0.2555,0.2555,51.0
2025-01-17 00:32:00,0.2556,0.2558,0.2556,0.2556,12482.0
2025-01-17 00:33:00,0.2558,0.2563,0.2558,0.2562,23386.0
2025-01-17 00:34:00,0.2562,0.2563,0.2561,0.2563,8417.0
2025-01-17 00:35:00,0.256,0.256,0.256,0.256,2178.0
2025-01-17 00:36:00,0.256,0.256,0.2559,0.2559,557.0
2025-01-17 00:37:00,0.2561,0.2561,0.2558,0.2558,5432.0
2025-01-17 00:38:00,0.2559,0.2559,0.2558,0.2558,6747.0
2025-01-17 00:39:00,0.2559,0.2561,0.2557,0.2561,527.0
2025-01-17 00:40:00,0.2563,0.2564,0.2563,0.2564,806.0
2025-01-17 00:41:00,0.2563,0.2565,0.2563,0.2565,4760.0
2025-01-17 00:42:00,0.2564,0.2565,0.2563,0.2563,1276.0
2025-01-17 00:43:00,0.2561,0.2561,0.2561,0.2561,393.0
2025-01-17 00:44:00,0.2563,0.2565,0.2563,0.2565,3029.0
2025-01-17 00:45:00,0.2563,0.2563,0.2563,0.2563,31.0
2025-01-17 00:46:00,0.2563,0.2563,0.2561,0.2561,9749.0
2025-01-17 00:47:00,0.2557,0.2557,0.2556,0.2556,1427.0
2025-01-17 00:48:00,0.2556,0.2556,0.2556,0.2556,863.0
2025-01-17 00:49:00,0.2556,0.2556,0.2556,0.2556,0.0
2025-01-17 00:50:00,0.2556,0.2556,0.2556,0.2556,0.0
2025-01-17 00:51:00,0.2555,0.2555,0.2555,0.2555,79.0
2025-01-17 00:52:00,0.2556,0.2558,0.2556,0.2558,667.0
2025-01-17 00:53:00,0.2558,0.2558,0.2557,0.2557,9404.0
2025-01-17 00:54:00,0.2558,0.2562,0.2558,0.2561,47214.0
2025-01-17 00:55:00,0.2561,0.2561,0.256,0.256,1552.0
2025-01-17 00:56:00,0.2563,0.2564,0.2563,0.2563,1379.0
2025-01-17 00:57:00,0.2565,0.2567,0.2564,0.2566,2858.0
2025-01-17 00:58:00,0.2566,0.2566,0.2562,0.2564,22383.0
2025-01-17 00:59:00,0.2564,0.2566,0.2564,0.2566,13806.0
2025-01-17 01:00:00,0.2565,0.2566,0.2564,0.2566,6261.0
2025-01-17 01:01:00,0.2567,0.2567,0.2565,0.2565,2980.0
2025-01-17 01:02:00,0.2565,0.2565,0.2563,0.2564,641.0
2025-01-17 01:03:00,0.2564,0.2565,0.2562,0.2563,11398.0
2025-01-17 01:04:00,0.2563,0.2566,0.2563,0.2564,15414.0
2025-01-17 01:05:00,0.2564,0.2569,0.2564,0.2569,20097.0
2025-01-17 01:06:00,0.2569,0.2569,0.2567,0.2569,2420.0
2025-01-17 01:07:00,0.2569,0.2569,0.2563,0.2564,16119.0
2025-01-17 01:08:00,0.2565,0.2567,0.2565,0.2567,1228.0
2025-01-17 01:09:00,0.2569,0.2573,0.2569,0.2572,6315.0
2025-01-17 01:10:00,0.2573,0.2577,0.2573,0.2574,25489.0
2025-01-17 01:11:00,0.2575,0.2577,0.2572,0.2573,25044.0
2025-01-17 01:12:00,0.2573,0.2573,0.2567,0.2568,32350.0
2025-01-17 01:13:00,0.2568,0.2569,0.2568,0.2569,4848.0
2025-01-17 01:14:00,0.2569,0.2569,0.2569,0.2569,0.0
2025-01-17 01:15:00,0.2569,0.2569,0.2569,0.2569,0.0
2025-01-17 01:16:00,0.2574,0.2574,0.2574,0.2574,116.0
2025-01-17 01:17:00,0.2571,0.2573,0.2571,0.2572,8461.0
2025-01-17 01:18:00,0.257,0.257,0.2567,0.2568,4532.0
2025-01-17 01:19:00,0.2569,0.2573,0.2569,0.2572,31859.0
2025-01-17 01:20:00,0.2569,0.2569,0.2569,0.2569,39.0
2025-01-17 01:21:00,0.2568,0.2568,0.2566,0.2566,16417.0
2025-01-17 01:22:00,0.2565,0.2565,0.2554,0.2558,157392.0
2025-01-17 01:23:00,0.2558,0.2559,0.2557,0.2558,11002.0
2025-01-17 01:24:00,0.2557,0.2558,0.2557,0.2557,5711.0
2025-01-17 01:25:00,0.2557,0.2563,0.2557,0.2563,9184.0
2025-01-17 01:26:00,0.2563,0.2567,0.2563,0.2567,3809.0
2025-01-17 01:27:00,0.2566,0.2567,0.2566,0.2567,2726.0
2025-01-17 01:28:00,0.2567,0.2568,0.2567,0.2567,7803.0
2025-01-17 01:29:00,0.2568,0.2568,0.2568,0.2568,4556.0
2025-01-17 01:30:00,0.2568,0.2568,0.2567,0.2568,751.0
2025-01-17 01:31:00,0.2569,0.2574,0.2569,0.2573,4443.0
2025-01-17 01:32:00,0.2573,0.258,0.2573,0.258,15198.0
2025-01-17 01:33:00,0.258,0.2585,0.258,0.2582,13373.0
2025-01-17 01:34:00,0.2584,0.2587,0.2584,0.2587,8299.0
2025-01-17 01:35:00,0.2587,0.2593,0.2587,0.2592,5563.0
2025-01-17 01:36:00,0.2593,0.2603,0.2593,0.2601,21086.0
2025-01-17 01:37:00,0.2602,0.2603,0.2595,0.2601,22446.0
2025-01-17 01:38:00,0.2599,0.2605,0.2599,0.2605,18818.0
2025-01-17 01:39:00,0.2606,0.2607,0.2602,0.2602,3653.0
2025-01-17 01:40:00,0.2603,0.2609,0.2603,0.2608,6172.0
2025-01-17 01:41:00,0.2607,0.2612,0.2604,0.2609,33907.0
2025-01-17 01:42:00,0.2609,0.2609,0.2607,0.2607,774.0
2025-01-17 01:43:00,0.2605,0.2605,0.2603,0.2604,1476.0
2025-01-17 01:44:00,0.2606,0.2608,0.2606,0.2608,525.0
2025-01-17 01:45:00,0.261,0.261,0.2601,0.2605,6614.0
2025-01-17 01:46:00,0.2606,0.2611,0.2606,0.2611,19840.0
2025-01-17 01:47:00,0.2611,0.2611,0.2608,0.2608,5365.0
2025-01-17 01:48:00,0.2608,0.261,0.26,0.2601,104872.0
2025-01-17 01:49:00,0.2602,0.2603,0.2598,0.2603,36944.0
2025-01-17 01:50:00,0.2603,0.2603,0.2601,0.2601,10126.0
2025-01-17 01:51:00,0.2602,0.2608,0.2599,0.2604,77094.0
2025-01-17 01:52:00,0.2603,0.2603,0.2601,0.2601,3667.0
2025-01-17 01:53:00,0.2602,0.2602,0.26,0.26,2962.0
2025-01-17 01:54:00,0.2601,0.2604,0.2601,0.2603,4471.0
2025-01-17 01:55:00,0.2605,0.2609,0.2605,0.2609,2402.0
2025-01-17 01:56:00,0.2609,0.261,0.2608,0.261,9049.0
2025-01-17 01:57:00,0.2609,0.261,0.2608,0.2608,3436.0
2025-01-17 01:58:00,0.261,0.2615,0.2609,0.2614,26713.0
2025-01-17 01:59:00,0.2614,0.2615,0.2612,0.2614,12936.0
2025-01-17 02:00:00,0.2614,0.2616,0.2612,0.2616,19232.0
2025-01-17 02:01:00,0.2615,0.2615,0.2613,0.2613,12865.0
2025-01-17 02:02:00,0.2614,0.2615,0.2609,0.2609,8690.0
2025-01-17 02:03:00,0.261,0.261,0.2607,0.2609,4394.0
2025-01-17 02:04:00,0.2612,0.2612,0.2608,0.2608,3264.0
2025-01-17 02:05:00,0.2608,0.2609,0.2606,0.2606,8433.0
2025-01-17 02:06:00,0.2605,0.2606,0.2603,0.2606,8681.0
2025-01-17 02:07:00,0.2606,0.2609,0.2606,0.2609,1513.0
2025-01-17 02:08:00,0.2607,0.2608,0.2605,0.2605,12185.0
2025-01-17 02:09:00,0.2605,0.2606,0.2604,0.2606,5409.0
2025-01-17 02:10:00,0.2607,0.2608,0.2605,0.2605,5983.0
2025-01-17 02:11:00,0.2605,0.2608,0.2605,0.2606,16854.0
2025-01-17 02:12:00,0.2608,0.2613,0.2606,0.2613,21845.0
2025-01-17 02:13:00,0.2612,0.2612,0.261,0.261,4147.0
2025-01-17 02:14:00,0.2611,0.2611,0.2609,0.261,2230.0
2025-01-17 02:15:00,0.2614,0.2621,0.2614,0.2621,12908.0
2025-01-17 02:16:00,0.2621,0.2623,0.2618,0.2618,11442.0
2025-01-17 02:17:00,0.2615,0.2621,0.2614,0.2621,22224.0
2025-01-17 02:18:00,0.262,0.262,0.2618,0.2619,8082.0
2025-01-17 02:19:00,0.262,0.262,0.2619,0.2619,1881.0
2025-01-17 02:20:00,0.262,0.2622,0.2615,0.2621,87254.0
2025-01-17 02:21:00,0.2621,0.2625,0.2619,0.2622,62609.0
2025-01-17 02:22:00,0.2624,0.2629,0.2623,0.2629,111868.0
2025-01-17 02:23:00,0.263,0.2634,0.2629,0.2634,117854.0
2025-01-17 02:24:00,0.2633,0.2635,0.2627,0.2631,39592.0
2025-01-17 02:25:00,0.2631,0.2633,0.2629,0.2629,10317.0
2025-01-17 02:26:00,0.2628,0.2628,0.2626,0.2627,14834.0
2025-01-17 02:27:00,0.2624,0.2628,0.2624,0.2628,1501.0
2025-01-17 02:28:00,0.2627,0.2627,0.2625,0.2625,335.0
2025-01-17 02:29:00,0.2625,0.2625,0.2623,0.2624,249.0
2025-01-17 02:30:00,0.2624,0.2624,0.262,0.262,374.0
2025-01-17 02:31:00,0.2619,0.262,0.2619,0.2619,655.0
2025-01-17 02:32:00,0.2621,0.2623,0.2619,0.2619,21149.0
2025-01-17 02:33:00,0.2618,0.2619,0.2618,0.2619,2572.0
2025-01-17 02:34:00,0.2619,0.2619,0.2619,0.2619,59.0
2025-01-17 02:35:00,0.2619,0.2619,0.2619,0.2619,253.0
2025-01-17 02:36:00,0.2619,0.2619,0.2619,0.2619,190.0
2025-01-17 02:37:00,0.2616,0.2617,0.2616,0.2616,14062.0
2025-01-17 02:38:00,0.2616,0.2616,0.2616,0.2616,0.0
2025-01-17 02:39:00,0.2614,0.2615,0.2614,0.2615,14248.0
2025-01-17 02:40:00,0.2616,0.2616,0.2615,0.2615,2164.0
2025-01-17 02:41:00,0.2616,0.2616,0.2613,0.2613,20691.0
2025-01-17 02:42:00,0.2613,0.2614,0.2612,0.2614,27294.0
2025-01-17 02:43:00,0.2613,0.2615,0.2613,0.2615,4636.0
2025-01-17 02:44:00,0.2612,0.2612,0.2612,0.2612,12594.0
2025-01-17 02:45:00,0.2612,0.2612,0.2608,0.2608,4768.0
2025-01-17 02:46:00,0.2604,0.2606,0.2604,0.2606,2605.0
2025-01-17 02:47:00,0.2605,0.2605,0.2604,0.2604,560.0
2025-01-17 02:48:00,0.2607,0.2607,0.2602,0.2603,18395.0
2025-01-17 02:49:00,0.2605,0.2605,0.2598,0.2602,17279.0
2025-01-17 02:50:00,0.2598,0.2604,0.2598,0.2602,17432.0
2025-01-17 02:51:00,0.26,0.26,0.2596,0.2596,19392.0
2025-01-17 02:52:00,0.2595,0.2601,0.2595,0.26,6427.0
2025-01-17 02:53:00,0.2598,0.2602,0.2598,0.26,29770.0
2025-01-17 02:54:00,0.2601,0.2603,0.2601,0.2603,1341.0
2025-01-17 02:55:00,0.2604,0.2604,0.2603,0.2603,3387.0
2025-01-17 02:56:00,0.2603,0.2604,0.2602,0.2602,18564.0
2025-01-17 02:57:00,0.2604,0.2608,0.2604,0.2605,25562.0
2025-01-17 02:58:00,0.2608,0.2608,0.2608,0.2608,3133.0
2025-01-17 02:59:00,0.2608,0.2614,0.2608,0.2614,11005.0
2025-01-17 03:00:00,0.2611,0.2611,0.2611,0.2611,6795.0
2025-01-17 03:01:00,0.261,0.2611,0.2607,0.2607,12505.0
2025-01-17 03:02:00,0.2608,0.2611,0.2608,0.261,3244.0
2025-01-17 03:03:00,0.2609,0.261,0.2608,0.2609,10863.0
2025-01-17 03:04:00,0.2608,0.2608,0.2606,0.2606,1080.0
2025-01-17 03:05:00,0.2606,0.2606,0.2604,0.2604,2772.0
2025-01-17 03:06:00,0.2603,0.2603,0.2601,0.2601,1458.0
2025-01-17 03:07:00,0.2602,0.2603,0.2602,0.2603,1192.0
2025-01-17 03:08:00,0.2604,0.2604,0.2602,0.2604,28560.0
2025-01-17 03:09:00,0.2608,0.2608,0.2608,0.2608,70.0
2025-01-17 03:10:00,0.2607,0.2608,0.2607,0.2608,1097.0
2025-01-17 03:11:00,0.2604,0.2604,0.2604,0.2604,84.0
2025-01-17 03:12:00,0.2601,0.2602,0.2601,0.2602,151.0
2025-01-17 03:13:00,0.2602,0.2602,0.2602,0.2602,729.0
2025-01-17 03:14:00,0.2602,0.2602,0.2602,0.2602,0.0
2025-01-17 03:15:00,0.2601,0.2603,0.2599,0.2599,3656.0
2025-01-17 03:16:00,0.2598,0.2598,0.2598,0.2598,85.0
2025-01-17 03:17:00,0.2598,0.2598,0.2598,0.2598,24.0
2025-01-17 03:18:00,0.2601,0.2601,0.2601,0.2601,150.0
2025-01-17 03:19:00,0.2603,0.2603,0.26,0.2601,65535.0
2025-01-17 03:20:00,0.2601,0.2605,0.2601,0.2605,3042.0
2025-01-17 03:21:00,0.2605,0.2605,0.2604,0.2604,238.0
2025-01-17 03:22:00,0.2604,0.2604,0.2602,0.2602,133.0
2025-01-17 03:23:00,0.2603,0.2603,0.2603,0.2603,49.0
2025-01-17 03:24:00,0.2604,0.2604,0.2601,0.2601,371.0
2025-01-17 03:25:00,0.2603,0.2603,0.2603,0.2603,113.0
2025-01-17 03:26:00,0.2603,0.2603,0.2601,0.2601,183.0
2025-01-17 03:27:00,0.2601,0.2601,0.2598,0.2598,10290.0
2025-01-17 03:28:00,0.2599,0.2599,0.2598,0.2599,30884.0
2025-01-17 03:29:00,0.2601,0.2601,0.2601,0.2601,6757.0
2025-01-17 03:30:00,0.2603,0.2603,0.2602,0.2602,822.0
2025-01-17 03:31:00,0.2602,0.2602,0.26,0.2601,10610.0
2025-01-17 03:32:00,0.26,0.2602,0.26,0.2602,179.0
2025-01-17 03:33:00,0.2602,0.2602,0.2599,0.2602,56637.0
2025-01-17 03:34:00,0.2603,0.2604,0.2603,0.2604,8786.0
2025-01-17 03:35:00,0.2602,0.2604,0.2602,0.2604,3082.0
2025-01-17 03:36:00,0.2604,0.2604,0.2604,0.2604,0.0
2025-01-17 03:37:00,0.2608,0.2608,0.2606,0.2606,1820.0
2025-01-17 03:38:00,0.2606,0.2606,0.2606,0.2606,0.0
2025-01-17 03:39:00,0.2606,0.2606,0.2605,0.2605,1627.0
2025-01-17 03:40:00,0.2605,0.2605,0.2605,0.2605,450.0
2025-01-17 03:41:00,0.2606,0.2606,0.2606,0.2606,1112.0
2025-01-17 03:42:00,0.2606,0.2607,0.2603,0.2603,660.0
2025-01-17 03:43:00,0.2604,0.2604,0.2603,0.2603,90.0
2025-01-17 03:44:00,0.2604,0.2605,0.2604,0.2605,100.0
2025-01-17 03:45:00,0.2605,0.2605,0.2605,0.2605,0.0
2025-01-17 03:46:00,0.2605,0.2605,0.2601,0.2601,7539.0
2025-01-17 03:47:00,0.2598,0.2598,0.2596,0.2596,1430.0
2025-01-17 03:48:00,0.2596,0.2602,0.2596,0.2601,39209.0
2025-01-17 03:49:00,0.2598,0.2598,0.2598,0.2598,1513.0
2025-01-17 03:50:00,0.2598,0.2598,0.2598,0.2598,0.0
2025-01-17 03:51:00,0.2598,0.2598,0.2595,0.2597,3241.0
2025-01-17 03:52:00,0.2597,0.2601,0.2597,0.2597,28425.0
2025-01-17 03:53:00,0.26,0.2601,0.2598,0.2598,3184.0
2025-01-17 03:54:00,0.2598,0.2598,0.2598,0.2598,0.0
2025-01-17 03:55:00,0.26,0.26,0.26,0.26,107.0
2025-01-17 03:56:00,0.2602,0.2602,0.2602,0.2602,25.0
2025-01-17 03:57:00,0.2604,0.2604,0.2602,0.2602,6660.0
2025-01-17 03:58:00,0.2602,0.2602,0.2602,0.2602,0.0
2025-01-17 03:59:00,0.2604,0.2605,0.2604,0.2605,1951.0
2025-01-17 04:00:00,0.2604,0.2604,0.2603,0.2604,247.0
2025-01-17 04:01:00,0.2606,0.2606,0.26,0.26,53529.0
2025-01-17 04:02:00,0.2601,0.2608,0.2601,0.2608,26548.0
2025-01-17 04:03:00,0.261,0.2611,0.2609,0.2609,4142.0
2025-01-17 04:04:00,0.2607,0.2608,0.2607,0.2608,3043.0
2025-01-17 04:05:00,0.2608,0.2608,0.2601,0.2602,17826.0
2025-01-17 04:06:00,0.2602,0.2604,0.2601,0.2604,2305.0
2025-01-17 04:07:00,0.2602,0.2602,0.2602,0.2602,2562.0
2025-01-17 04:08:00,0.26,0.26,0.2599,0.2599,214.0
2025-01-17 04:09:00,0.2599,0.2599,0.2597,0.2597,9844.0
2025-01-17 04:10:00,0.2596,0.2596,0.2591,0.2593,7290.0
2025-01-17 04:11:00,0.2593,0.2593,0.2591,0.2591,11056.0
2025-01-17 04:12:00,0.2594,0.2594,0.2594,0.2594,4324.0
2025-01-17 04:13:00,0.2596,0.2596,0.2595,0.2595,1283.0
2025-01-17 04:14:00,0.2596,0.2596,0.2594,0.2594,10758.0
2025-01-17 04:15:00,0.2592,0.2593,0.2591,0.2593,31838.0
2025-01-17 04:16:00,0.2593,0.2593,0.2593,0.2593,162.0
2025-01-17 04:17:00,0.2593,0.2594,0.2593,0.2594,3562.0
2025-01-17 04:18:00,0.2592,0.2592,0.2591,0.2591,7749.0
2025-01-17 04:19:00,0.259,0.259,0.2588,0.2588,2024.0
2025-01-17 04:20:00,0.2589,0.2592,0.2589,0.2592,1615.0
2025-01-17 04:21:00,0.2595,0.2595,0.2595,0.2595,3383.0
2025-01-17 04:22:00,0.2596,0.2603,0.2596,0.2602,25629.0
2025-01-17 04:23:00,0.26,0.2602,0.2599,0.2599,2557.0
2025-01-17 04:24:00,0.2599,0.2599,0.2599,0.2599,0.0
2025-01-17 04:25:00,0.2597,0.2597,0.2597,0.2597,436.0
2025-01-17 04:26:00,0.2597,0.2598,0.2596,0.2598,4308.0
2025-01-17 04:27:00,0.2595,0.2597,0.2594,0.2597,6333.0
2025-01-17 04:28:00,0.2598,0.2598,0.2598,0.2598,25.0
2025-01-17 04:29:00,0.2599,0.2599,0.2598,0.2598,2596.0
2025-01-17 04:30:00,0.2599,0.2599,0.2595,0.2596,4902.0
2025-01-17 04:31:00,0.2594,0.2594,0.2591,0.2593,16075.0
2025-01-17 04:32:00,0.2593,0.2593,0.2593,0.2593,701.0
2025-01-17 04:33:00,0.2593,0.2593,0.2593,0.2593,0.0
2025-01-17 04:34:00,0.2596,0.2596,0.2595,0.2596,13407.0
2025-01-17 04:35:00,0.2596,0.2598,0.2596,0.2596,12400.0
2025-01-17 04:36:00,0.2598,0.2598,0.2597,0.2598,2223.0
2025-01-17 04:37:00,0.2598,0.2598,0.2598,0.2598,0.0
2025-01-17 04:38:00,0.2598,0.2598,0.2598,0.2598,76.0
2025-01-17 04:39:00,0.2603,0.2604,0.2603,0.2604,307.0
2025-01-17 04:40:00,0.2603,0.2603,0.2602,0.2602,733.0
2025-01-17 04:41:00,0.2602,0.2606,0.2602,0.2606,3486.0
2025-01-17 04:42:00,0.2604,0.2607,0.2604,0.2606,1692.0
2025-01-17 04:43:00,0.2608,0.2609,0.2607,0.2607,343.0
2025-01-17 04:44:00,0.2606,0.2606,0.2604,0.2605,29096.0
2025-01-17 04:45:00,0.2605,0.261,0.2605,0.261,22223.0
2025-01-17 04:46:00,0.2611,0.2611,0.261,0.261,240.0
2025-01-17 04:47:00,0.2609,0.2614,0.2609,0.2614,24343.0
2025-01-17 04:48:00,0.2613,0.2613,0.2611,0.2611,13717.0
2025-01-17 04:49:00,0.2612,0.2612,0.261,0.2611,1240.0
2025-01-17 04:50:00,0.2611,0.2611,0.2611,0.2611,0.0
2025-01-17 04:51:00,0.2613,0.2616,0.2613,0.2616,1048.0
2025-01-17 04:52:00,0.2616,0.2619,0.2616,0.2617,15787.0
2025-01-17 04:53:00,0.2617,0.2619,0.2617,0.2619,971.0
2025-01-17 04:54:00,0.262,0.262,0.262,0.262,1121.0
2025-01-17 04:55:00,0.2619,0.2619,0.2619,0.2619,36.0
2025-01-17 04:56:00,0.2619,0.262,0.2619,0.2619,1088.0
2025-01-17 04:57:00,0.262,0.262,0.2619,0.2619,3573.0
2025-01-17 04:58:00,0.2619,0.2619,0.2619,0.2619,0.0
2025-01-17 04:59:00,0.2619,0.262,0.2619,0.262,4400.0
2025-01-17 05:00:00,0.2618,0.2618,0.2616,0.2616,518.0
2025-01-17 05:01:00,0.2616,0.2616,0.2616,0.2616,0.0
2025-01-17 05:02:00,0.2616,0.2616,0.2616,0.2616,0.0
2025-01-17 05:03:00,0.2612,0.2614,0.2612,0.2614,5842.0
2025-01-17 05:04:00,0.2612,0.2612,0.2612,0.2612,60.0
2025-01-17 05:05:00,0.2611,0.2611,0.2611,0.2611,160.0
2025-01-17 05:06:00,0.2612,0.2614,0.2612,0.2613,3868.0
2025-01-17 05:07:00,0.2615,0.2615,0.2615,0.2615,81.0
2025-01-17 05:08:00,0.2615,0.2615,0.2615,0.2615,9609.0
2025-01-17 05:09:00,0.2615,0.2615,0.2615,0.2615,0.0
2025-01-17 05:10:00,0.2613,0.2614,0.2613,0.2614,15546.0
2025-01-17 05:11:00,0.2612,0.2613,0.2611,0.2611,1064.0
2025-01-17 05:12:00,0.2611,0.2615,0.2611,0.2615,28383.0
2025-01-17 05:13:00,0.2611,0.2611,0.2611,0.2611,2034.0
2025-01-17 05:14:00,0.261,0.2611,0.2609,0.2609,19227.0
2025-01-17 05:15:00,0.2609,0.2611,0.2609,0.2609,5601.0
2025-01-17 05:16:00,0.2608,0.2608,0.2605,0.2605,1243.0
2025-01-17 05:17:00,0.2603,0.2603,0.2603,0.2603,3067.0
2025-01-17 05:18:00,0.2605,0.2606,0.2605,0.2606,1289.0
2025-01-17 05:19:00,0.2606,0.2606,0.2604,0.2604,5390.0
2025-01-17 05:20:00,0.2605,0.2606,0.2603,0.2606,12548.0
2025-01-17 05:21:00,0.2606,0.2608,0.2605,0.2606,17710.0
2025-01-17 05:22:00,0.2605,0.2608,0.2605,0.2608,32096.0
2025-01-17 05:23:00,0.2609,0.261,0.2609,0.2609,21312.0
2025-01-17 05:24:00,0.2608,0.2611,0.2608,0.2611,18801.0
2025-01-17 05:25:00,0.2611,0.2612,0.2611,0.2611,16883.0
2025-01-17 05:26:00,0.261,0.261,0.2608,0.2609,2632.0
2025-01-17 05:27:00,0.2609,0.2611,0.2609,0.2611,4306.0
2025-01-17 05:28:00,0.2612,0.2617,0.2612,0.2617,40877.0
2025-01-17 05:29:00,0.2617,0.2617,0.2613,0.2613,45271.0
2025-01-17 05:30:00,0.2614,0.2619,0.2614,0.2619,2953.0
2025-01-17 05:31:00,0.2618,0.2618,0.2616,0.2616,1016.0
2025-01-17 05:32:00,0.2615,0.2617,0.2614,0.2614,14203.0
2025-01-17 05:33:00,0.2617,0.2617,0.2615,0.2615,3666.0
2025-01-17 05:34:00,0.2614,0.2617,0.2614,0.2617,15840.0
2025-01-17 05:35:00,0.2616,0.2617,0.2614,0.2616,12636.0
2025-01-17 05:36:00,0.2616,0.2619,0.2616,0.2618,15334.0
2025-01-17 05:37:00,0.2618,0.2618,0.2615,0.2615,1896.0
2025-01-17 05:38:00,0.2616,0.2616,0.2612,0.2612,4177.0
2025-01-17 05:39:00,0.2611,0.2611,0.2611,0.2611,3060.0
2025-01-17 05:40:00,0.2615,0.2615,0.2614,0.2614,3488.0
2025-01-17 05:41:00,0.2613,0.2613,0.2613,0.2613,640.0
2025-01-17 05:42:00,0.2614,0.2614,0.2611,0.2611,12118.0
2025-01-17 05:43:00,0.261,0.2615,0.261,0.2614,12338.0
2025-01-17 05:44:00,0.2614,0.2614,0.2614,0.2614,0.0
2025-01-17 05:45:00,0.2615,0.2617,0.2615,0.2617,17768.0
2025-01-17 05:46:00,0.2618,0.2621,0.2617,0.2617,39427.0
2025-01-17 05:47:00,0.2616,0.2616,0.2615,0.2615,1674.0
2025-01-17 05:48:00,0.2618,0.262,0.2618,0.2619,4876.0
2025-01-17 05:49:00,0.2619,0.2619,0.2619,0.2619,1504.0
2025-01-17 05:50:00,0.262,0.2621,0.2619,0.2619,28169.0
2025-01-17 05:51:00,0.262,0.262,0.2619,0.262,11522.0
2025-01-17 05:52:00,0.2618,0.2619,0.2617,0.2617,9664.0
2025-01-17 05:53:00,0.2618,0.2619,0.2618,0.2619,102.0
2025-01-17 05:54:00,0.262,0.2621,0.262,0.262,2665.0
2025-01-17 05:55:00,0.262,0.262,0.2618,0.2618,4113.0
2025-01-17 05:56:00,0.2618,0.2618,0.2618,0.2618,42246.0
2025-01-17 05:57:00,0.2617,0.2617,0.2615,0.2616,10161.0
2025-01-17 05:58:00,0.2618,0.2619,0.2618,0.2619,4060.0
2025-01-17 05:59:00,0.2617,0.2617,0.2614,0.2614,3474.0
2025-01-17 06:00:00,0.2614,0.2615,0.2613,0.2613,3873.0
2025-01-17 06:01:00,0.2613,0.2613,0.2612,0.2612,468.0
2025-01-17 06:02:00,0.2612,0.2612,0.2612,0.2612,0.0
2025-01-17 06:03:00,0.2612,0.2612,0.2612,0.2612,0.0
2025-01-17 06:04:00,0.2612,0.2612,0.2612,0.2612,1086.0
2025-01-17 06:05:00,0.2612,0.2613,0.2612,0.2612,2646.0
2025-01-17 06:06:00,0.2611,0.2611,0.2611,0.2611,1321.0
2025-01-17 06:07:00,0.2611,0.2611,0.2611,0.2611,0.0
2025-01-17 06:08:00,0.2613,0.2614,0.2613,0.2613,2353.0
2025-01-17 06:09:00,0.2612,0.2612,0.261,0.261,12511.0
2025-01-17 06:10:00,0.2611,0.2611,0.2611,0.2611,1669.0
2025-01-17 06:11:00,0.2611,0.2611,0.2611,0.2611,54.0
2025-01-17 06:12:00,0.2614,0.2614,0.2614,0.2614,196.0
2025-01-17 06:13:00,0.2617,0.2619,0.2616,0.2617,55061.0
2025-01-17 06:14:00,0.2616,0.2617,0.2615,0.2617,10199.0
2025-01-17 06:15:00,0.2616,0.2619,0.2616,0.2619,8241.0
2025-01-17 06:16:00,0.2619,0.2619,0.2617,0.2617,327.0
2025-01-17 06:17:00,0.2617,0.2618,0.2617,0.2618,1524.0
2025-01-17 06:18:00,0.2621,0.2621,0.262,0.2621,5372.0
2025-01-17 06:19:00,0.2621,0.2622,0.262,0.2622,17454.0
2025-01-17 06:20:00,0.2622,0.2624,0.2622,0.2622,3680.0
2025-01-17 06:21:00,0.2619,0.2619,0.2617,0.2617,205.0
2025-01-17 06:22:00,0.2617,0.2618,0.2617,0.2618,1822.0
2025-01-17 06:23:00,0.2618,0.2618,0.2618,0.2618,4204.0
2025-01-17 06:24:00,0.2619,0.2619,0.2617,0.2617,6375.0
2025-01-17 06:25:00,0.2616,0.2616,0.2615,0.2616,5012.0
2025-01-17 06:26:00,0.2616,0.2616,0.2616,0.2616,0.0
2025-01-17 06:27:00,0.2616,0.2616,0.2616,0.2616,0.0
2025-01-17 06:28:00,0.2615,0.2615,0.2615,0.2615,918.0
2025-01-17 06:29:00,0.2614,0.2614,0.2614,0.2614,89.0
2025-01-17 06:30:00,0.2613,0.2613,0.2613,0.2613,1472.0
2025-01-17 06:31:00,0.2613,0.2613,0.2613,0.2613,9232.0
2025-01-17 06:32:00,0.2613,0.2613,0.2613,0.2613,144.0
2025-01-17 06:33:00,0.2614,0.2614,0.2613,0.2613,7483.0
2025-01-17 06:34:00,0.2613,0.2613,0.2613,0.2613,0.0
2025-01-17 06:35:00,0.2612,0.2612,0.2612,0.2612,96.0
2025-01-17 06:36:00,0.2611,0.2611,0.2609,0.2609,2336.0
2025-01-17 06:37:00,0.2609,0.261,0.2609,0.261,5226.0
2025-01-17 06:38:00,0.261,0.261,0.2607,0.261,388.0
2025-01-17 06:39:00,0.2611,0.2611,0.2611,0.2611,7196.0
2025-01-17 06:40:00,0.2608,0.261,0.2608,0.261,3320.0
2025-01-17 06:41:00,0.261,0.261,0.2609,0.2609,1691.0
2025-01-17 06:42:00,0.2608,0.2608,0.2607,0.2607,481.0
2025-01-17 06:43:00,0.2607,0.2607,0.2607,0.2607,38.0
2025-01-17 06:44:00,0.2608,0.2608,0.2608,0.2608,8611.0
2025-01-17 06:45:00,0.2607,0.2607,0.2606,0.2606,1282.0
2025-01-17 06:46:00,0.2606,0.2606,0.2606,0.2606,0.0
2025-01-17 06:47:00,0.2605,0.2605,0.2602,0.2602,3247.0
2025-01-17 06:48:00,0.2602,0.2602,0.2601,0.2602,8808.0
2025-01-17 06:49:00,0.2602,0.2604,0.2602,0.2604,1010.0
2025-01-17 06:50:00,0.2603,0.2604,0.2603,0.2604,229.0
2025-01-17 06:51:00,0.2604,0.2604,0.2603,0.2604,285.0
2025-01-17 06:52:00,0.2604,0.2604,0.2604,0.2604,0.0
2025-01-17 06:53:00,0.2604,0.2604,0.2604,0.2604,2212.0
2025-01-17 06:54:00,0.2606,0.2606,0.2604,0.2604,16423.0
2025-01-17 06:55:00,0.2607,0.2608,0.2607,0.2608,12023.0
2025-01-17 06:56:00,0.2606,0.2606,0.2606,0.2606,20.0
2025-01-17 06:57:00,0.2607,0.2607,0.2607,0.2607,1315.0
2025-01-17 06:58:00,0.2607,0.2607,0.2607,0.2607,0.0
2025-01-17 06:59:00,0.2607,0.2607,0.2607,0.2607,77.0
2025-01-17 07:00:00,0.2606,0.2606,0.2603,0.2606,60136.0
2025-01-17 07:01:00,0.2607,0.2607,0.2607,0.2607,130.0
2025-01-17 07:02:00,0.2605,0.2605,0.2604,0.2604,7394.0
2025-01-17 07:03:00,0.2604,0.2604,0.2603,0.2603,3270.0
2025-01-17 07:04:00,0.2601,0.2602,0.2601,0.2601,2776.0
2025-01-17 07:05:00,0.26,0.2602,0.26,0.2602,1291.0
2025-01-17 07:06:00,0.26,0.26,0.2598,0.2598,24371.0
2025-01-17 07:07:00,0.2598,0.2598,0.2598,0.2598,892.0
2025-01-17 07:08:00,0.2599,0.26,0.2599,0.26,7015.0
2025-01-17 07:09:00,0.26,0.2601,0.26,0.2601,13406.0
2025-01-17 07:10:00,0.26,0.26,0.2598,0.2599,8812.0
2025-01-17 07:11:00,0.26,0.2602,0.26,0.2601,6573.0
2025-01-17 07:12:00,0.26,0.26,0.2598,0.2598,4322.0
2025-01-17 07:13:00,0.2598,0.2598,0.2598,0.2598,0.0
2025-01-17 07:14:00,0.2599,0.2599,0.2599,0.2599,552.0
2025-01-17 07:15:00,0.2599,0.2599,0.2599,0.2599,0.0
2025-01-17 07:16:00,0.2599,0.2599,0.2597,0.2597,7759.0
2025-01-17 07:17:00,0.2599,0.2602,0.2599,0.2602,22971.0
2025-01-17 07:18:00,0.2601,0.2601,0.2599,0.26,4673.0
2025-01-17 07:19:00,0.26,0.26,0.26,0.26,0.0
2025-01-17 07:20:00,0.2599,0.2604,0.2599,0.2604,10244.0
2025-01-17 07:21:00,0.2603,0.2603,0.2602,0.2602,2009.0
2025-01-17 07:22:00,0.2602,0.2602,0.2601,0.2601,4802.0
2025-01-17 07:23:00,0.2602,0.2603,0.2602,0.2603,3233.0
2025-01-17 07:24:00,0.2603,0.2608,0.2603,0.2604,41499.0
2025-01-17 07:25:00,0.2605,0.2606,0.2605,0.2606,731.0
2025-01-17 07:26:00,0.2605,0.2605,0.2602,0.2602,5912.0
2025-01-17 07:27:00,0.2602,0.2602,0.2602,0.2602,0.0
2025-01-17 07:28:00,0.2602,0.2602,0.2601,0.2601,292.0
2025-01-17 07:29:00,0.2601,0.2601,0.2601,0.2601,3429.0
2025-01-17 07:30:00,0.2601,0.2601,0.2601,0.2601,0.0
2025-01-17 07:31:00,0.2601,0.2601,0.2601,0.2601,224.0
2025-01-17 07:32:00,0.2601,0.2603,0.2601,0.2603,2225.0
2025-01-17 07:33:00,0.2606,0.2606,0.2606,0.2606,39.0
2025-01-17 07:34:00,0.2607,0.2607,0.2605,0.2605,7299.0
2025-01-17 07:35:00,0.2602,0.2602,0.2602,0.2602,69.0
2025-01-17 07:36:00,0.2602,0.2602,0.26,0.26,7510.0
2025-01-17 07:37:00,0.2598,0.2598,0.2598,0.2598,339.0
2025-01-17 07:38:00,0.2598,0.2598,0.2596,0.2596,4072.0
2025-01-17 07:39:00,0.26,0.26,0.2599,0.2599,4041.0
2025-01-17 07:40:00,0.26,0.2605,0.26,0.2604,1385.0
2025-01-17 07:41:00,0.2604,0.2609,0.2602,0.2604,41776.0
2025-01-17 07:42:00,0.2604,0.2604,0.2604,0.2604,77.0
2025-01-17 07:43:00,0.2604,0.2604,0.2602,0.2603,2051.0
2025-01-17 07:44:00,0.2603,0.2603,0.2602,0.2602,474.0
2025-01-17 07:45:00,0.2601,0.2601,0.2601,0.2601,1952.0
2025-01-17 07:46:00,0.26,0.2603,0.26,0.2601,29310.0
2025-01-17 07:47:00,0.26,0.2601,0.2599,0.2599,14240.0
2025-01-17 07:48:00,0.26,0.2603,0.26,0.2603,6251.0
2025-01-17 07:49:00,0.2603,0.2603,0.2602,0.2602,8962.0
2025-01-17 07:50:00,0.2602,0.2603,0.2601,0.2601,6340.0
2025-01-17 07:51:00,0.2599,0.2599,0.2596,0.2596,3823.0
2025-01-17 07:52:00,0.2596,0.2597,0.2596,0.2597,13851.0
2025-01-17 07:53:00,0.2596,0.2596,0.2594,0.2594,1630.0
2025-01-17 07:54:00,0.2594,0.2594,0.2591,0.2591,1052.0
2025-01-17 07:55:00,0.259,0.259,0.2582,0.2586,211753.0
2025-01-17 07:56:00,0.2586,0.2588,0.2585,0.2586,16452.0
2025-01-17 07:57:00,0.2586,0.2588,0.2586,0.2588,9342.0
2025-01-17 07:58:00,0.2585,0.2587,0.2585,0.2585,12719.0
2025-01-17 07:59:00,0.2585,0.2586,0.2585,0.2585,4566.0
2025-01-17 08:00:00,0.2587,0.2599,0.2587,0.2599,35237.0
2025-01-17 08:01:00,0.2597,0.26,0.2597,0.2597,16249.0
2025-01-17 08:02:00,0.2597,0.2597,0.2595,0.2595,101.0
2025-01-17 08:03:00,0.2594,0.2594,0.2593,0.2594,3166.0
2025-01-17 08:04:00,0.2593,0.2593,0.2591,0.2591,357.0
2025-01-17 08:05:00,0.2593,0.2593,0.2593,0.2593,2278.0
2025-01-17 08:06:00,0.2593,0.2593,0.259,0.259,4746.0
2025-01-17 08:07:00,0.2593,0.2593,0.2591,0.2591,4574.0
2025-01-17 08:08:00,0.259,0.259,0.2585,0.2585,9059.0
2025-01-17 08:09:00,0.2585,0.2585,0.2582,0.2583,3970.0
2025-01-17 08:10:00,0.2584,0.2585,0.2581,0.2581,17860.0
2025-01-17 08:11:00,0.2581,0.2586,0.2581,0.2586,1041.0
2025-01-17 08:12:00,0.2586,0.2586,0.2586,0.2586,0.0
2025-01-17 08:13:00,0.2584,0.2584,0.2584,0.2584,441.0
2025-01-17 08:14:00,0.2581,0.2583,0.2581,0.2583,1366.0
2025-01-17 08:15:00,0.2583,0.2584,0.2582,0.2582,1004.0
2025-01-17 08:16:00,0.2582,0.2586,0.2582,0.2584,16197.0
2025-01-17 08:17:00,0.2584,0.2584,0.2581,0.2584,21571.0
2025-01-17 08:18:00,0.2586,0.2587,0.2585,0.2586,5739.0
2025-01-17 08:19:00,0.2584,0.2584,0.2582,0.2583,9824.0
2025-01-17 08:20:00,0.2582,0.2584,0.2582,0.2584,4607.0
2025-01-17 08:21:00,0.2583,0.2585,0.2582,0.2582,5468.0
2025-01-17 08:22:00,0.2582,0.2582,0.258,0.2581,22279.0
2025-01-17 08:23:00,0.258,0.2581,0.258,0.258,5838.0
2025-01-17 08:24:00,0.2581,0.2581,0.2575,0.2577,5494.0
2025-01-17 08:25:00,0.2576,0.2578,0.2573,0.2575,23714.0
2025-01-17 08:26:00,0.2575,0.2577,0.2573,0.2575,130168.0
2025-01-17 08:27:00,0.2575,0.2582,0.2575,0.258,9712.0
2025-01-17 08:28:00,0.2579,0.2579,0.2577,0.2578,6205.0
2025-01-17 08:29:00,0.2579,0.2581,0.2579,0.2581,5374.0
2025-01-17 08:30:00,0.2584,0.2588,0.2584,0.2588,14010.0
2025-01-17 08:31:00,0.2588,0.2594,0.2588,0.2592,60199.0
2025-01-17 08:32:00,0.2594,0.2599,0.2594,0.2597,9150.0
2025-01-17 08:33:00,0.2597,0.26,0.2597,0.2599,5000.0
2025-01-17 08:34:00,0.26,0.2603,0.26,0.2601,14657.0
2025-01-17 08:35:00,0.2603,0.2603,0.2598,0.2598,16994.0
2025-01-17 08:36:00,0.2598,0.2598,0.2595,0.2595,44772.0
2025-01-17 08:37:00,0.2597,0.2598,0.2596,0.2596,8281.0
2025-01-17 08:38:00,0.2595,0.2595,0.2588,0.2588,16705.0
2025-01-17 08:39:00,0.2588,0.2589,0.2585,0.2585,11168.0
2025-01-17 08:40:00,0.2587,0.2588,0.2583,0.2583,14288.0
2025-01-17 08:41:00,0.2583,0.2584,0.2583,0.2583,378.0
2025-01-17 08:42:00,0.2584,0.2586,0.2581,0.2581,12949.0
2025-01-17 08:43:00,0.2582,0.2585,0.2582,0.2585,3598.0
2025-01-17 08:44:00,0.2585,0.2586,0.2585,0.2586,3715.0
2025-01-17 08:45:00,0.2587,0.2587,0.2583,0.2584,77069.0
2025-01-17 08:46:00,0.2585,0.2586,0.2584,0.2585,9121.0
2025-01-17 08:47:00,0.2583,0.2585,0.2582,0.2583,16345.0
2025-01-17 08:48:00,0.2585,0.2586,0.2582,0.2582,7042.0
2025-01-17 08:49:00,0.2584,0.2585,0.2583,0.2585,13016.0
2025-01-17 08:50:00,0.259,0.2591,0.2588,0.2589,9013.0
2025-01-17 08:51:00,0.2592,0.2594,0.2592,0.2593,4741.0
2025-01-17 08:52:00,0.2592,0.2592,0.2591,0.2591,2738.0
2025-01-17 08:53:00,0.259,0.2592,0.259,0.2592,2982.0
2025-01-17 08:54:00,0.2595,0.2596,0.2595,0.2596,4688.0
2025-01-17 08:55:00,0.2597,0.2602,0.2597,0.26,18118.0
2025-01-17 08:56:00,0.26,0.26,0.2595,0.2599,80966.0
2025-01-17 08:57:00,0.2599,0.2599,0.259,0.259,109931.0
2025-01-17 08:58:00,0.2593,0.2599,0.2593,0.2598,24347.0
2025-01-17 08:59:00,0.2598,0.2598,0.2596,0.2598,5561.0
2025-01-17 09:00:00,0.2598,0.2607,0.2598,0.2603,7649.0
2025-01-17 09:01:00,0.2602,0.2604,0.26,0.2603,639.0
2025-01-17 09:02:00,0.2602,0.2603,0.2602,0.2603,4739.0
2025-01-17 09:03:00,0.2603,0.2603,0.2599,0.2599,3009.0
2025-01-17 09:04:00,0.26,0.2601,0.2598,0.2601,14080.0
2025-01-17 09:05:00,0.2598,0.2598,0.2596,0.2596,12814.0
2025-01-17 09:06:00,0.2598,0.2598,0.2594,0.2594,8479.0
2025-01-17 09:07:00,0.26,0.2601,0.26,0.2601,3610.0
2025-01-17 09:08:00,0.26,0.2601,0.26,0.2601,7931.0
2025-01-17 09:09:00,0.26,0.26,0.26,0.26,252.0
2025-01-17 09:10:00,0.26,0.2602,0.2599,0.2602,8010.0
2025-01-17 09:11:00,0.2601,0.2602,0.2598,0.2598,10491.0
2025-01-17 09:12:00,0.2598,0.2603,0.2598,0.2603,6047.0
2025-01-17 09:13:00,0.2603,0.2605,0.2603,0.2603,3972.0
2025-01-17 09:14:00,0.2603,0.2603,0.2603,0.2603,15643.0
2025-01-17 09:15:00,0.2603,0.2603,0.26,0.2602,9453.0
2025-01-17 09:16:00,0.26,0.26,0.2596,0.2596,7535.0
2025-01-17 09:17:00,0.2595,0.2595,0.2592,0.2594,2583.0
2025-01-17 09:18:00,0.2595,0.2595,0.2591,0.2591,1876.0
2025-01-17 09:19:00,0.2591,0.2593,0.259,0.2593,6171.0
2025-01-17 09:20:00,0.2592,0.2593,0.2589,0.2589,6360.0
2025-01-17 09:21:00,0.259,0.2592,0.259,0.2592,303.0
2025-01-17 09:22:00,0.2594,0.2595,0.2594,0.2595,648.0
2025-01-17 09:23:00,0.2594,0.2594,0.2592,0.2592,686.0
2025-01-17 09:24:00,0.2592,0.2592,0.2592,0.2592,365.0
2025-01-17 09:25:00,0.259,0.259,0.259,0.259,444.0
2025-01-17 09:26:00,0.259,0.2591,0.2588,0.2588,3805.0
2025-01-17 09:27:00,0.259,0.2591,0.2588,0.2588,4329.0
2025-01-17 09:28:00,0.2591,0.2591,0.2588,0.2588,20299.0
2025-01-17 09:29:00,0.2591,0.2592,0.2591,0.2592,1306.0
2025-01-17 09:30:00,0.2596,0.2598,0.2596,0.2598,2304.0
2025-01-17 09:31:00,0.2598,0.2599,0.2598,0.2598,301.0
2025-01-17 09:32:00,0.2598,0.26,0.2597,0.2597,6531.0
2025-01-17 09:33:00,0.2597,0.2597,0.2596,0.2596,6487.0
2025-01-17 09:34:00,0.2597,0.2598,0.2596,0.2598,1895.0
2025-01-17 09:35:00,0.2598,0.2601,0.2598,0.2599,2302.0
2025-01-17 09:36:00,0.2602,0.2604,0.2602,0.2604,2194.0
2025-01-17 09:37:00,0.2605,0.2606,0.2604,0.2605,27081.0
2025-01-17 09:38:00,0.2604,0.2604,0.2603,0.2603,3880.0
2025-01-17 09:39:00,0.2604,0.2604,0.2602,0.2602,13155.0
2025-01-17 09:40:00,0.2602,0.2602,0.2601,0.2602,8995.0
2025-01-17 09:41:00,0.2602,0.2603,0.2602,0.2603,8045.0
2025-01-17 09:42:00,0.2604,0.2604,0.2602,0.2603,416.0
2025-01-17 09:43:00,0.2601,0.2601,0.2599,0.2599,1576.0
2025-01-17 09:44:00,0.2597,0.2598,0.2596,0.2598,4000.0
2025-01-17 09:45:00,0.2597,0.2598,0.2596,0.2598,1014.0
2025-01-17 09:46:00,0.2597,0.2597,0.2595,0.2596,43148.0
2025-01-17 09:47:00,0.2596,0.2596,0.2596,0.2596,120.0
2025-01-17 09:48:00,0.2596,0.2596,0.2596,0.2596,268.0
2025-01-17 09:49:00,0.2597,0.2597,0.2597,0.2597,31.0
2025-01-17 09:50:00,0.2598,0.2598,0.2598,0.2598,79.0
2025-01-17 09:51:00,0.2597,0.2598,0.2596,0.2597,2569.0
2025-01-17 09:52:00,0.2598,0.2598,0.2598,0.2598,70.0
2025-01-17 09:53:00,0.2598,0.2598,0.2598,0.2598,0.0
2025-01-17 09:54:00,0.2599,0.2599,0.2599,0.2599,1834.0
2025-01-17 09:55:00,0.2599,0.2599,0.2595,0.2595,4775.0
2025-01-17 09:56:00,0.2594,0.2594,0.2593,0.2593,7176.0
2025-01-17 09:57:00,0.2593,0.2594,0.2593,0.2594,843.0
2025-01-17 09:58:00,0.2594,0.2594,0.2593,0.2594,718.0
2025-01-17 09:59:00,0.2594,0.2594,0.2594,0.2594,0.0
2025-01-17 10:00:00,0.2593,0.2594,0.2593,0.2594,156.0
2025-01-17 10:01:00,0.2594,0.2594,0.2591,0.2592,6758.0
2025-01-17 10:02:00,0.259,0.259,0.259,0.259,456.0
2025-01-17 10:03:00,0.2592,0.2593,0.2592,0.2593,8673.0
2025-01-17 10:04:00,0.2593,0.2595,0.2593,0.2594,1990.0
2025-01-17 10:05:00,0.2593,0.2593,0.2591,0.2591,1571.0
2025-01-17 10:06:00,0.2591,0.2591,0.2591,0.2591,0.0
2025-01-17 10:07:00,0.2594,0.2595,0.2594,0.2594,9352.0
2025-01-17 10:08:00,0.2595,0.2595,0.2595,0.2595,42.0
2025-01-17 10:09:00,0.2594,0.2594,0.2593,0.2594,20459.0
2025-01-17 10:10:00,0.2595,0.2595,0.2595,0.2595,5406.0
2025-01-17 10:11:00,0.2594,0.2594,0.2594,0.2594,385.0
2025-01-17 10:12:00,0.2596,0.2601,0.2595,0.2601,27986.0
2025-01-17 10:13:00,0.2602,0.2604,0.2601,0.2604,15094.0
2025-01-17 10:14:00,0.2606,0.2607,0.2602,0.2602,22628.0
2025-01-17 10:15:00,0.2602,0.2603,0.2601,0.2601,5275.0
2025-01-17 10:16:00,0.2602,0.2603,0.26,0.26,14860.0
2025-01-17 10:17:00,0.2602,0.2604,0.2602,0.2603,9295.0
2025-01-17 10:18:00,0.2606,0.2607,0.2605,0.2605,6021.0
2025-01-17 10:19:00,0.2601,0.2603,0.26,0.2603,12043.0
2025-01-17 10:20:00,0.2604,0.2608,0.2604,0.2606,14906.0
2025-01-17 10:21:00,0.2606,0.2606,0.2604,0.2606,33150.0
2025-01-17 10:22:00,0.2602,0.2602,0.2601,0.2601,1194.0
2025-01-17 10:23:00,0.26,0.2603,0.26,0.2603,66903.0
2025-01-17 10:24:00,0.2601,0.2603,0.2601,0.2603,300.0
2025-01-17 10:25:00,0.2601,0.2601,0.2601,0.2601,961.0
2025-01-17 10:26:00,0.2601,0.2603,0.2601,0.2603,1150.0
2025-01-17 10:27:00,0.2601,0.2601,0.2601,0.2601,39.0
2025-01-17 10:28:00,0.2602,0.2602,0.2601,0.2601,165.0
2025-01-17 10:29:00,0.2601,0.2601,0.2601,0.2601,3060.0
2025-01-17 10:30:00,0.2602,0.2602,0.26,0.26,8964.0
2025-01-17 10:31:00,0.2599,0.2601,0.2599,0.2601,4425.0
2025-01-17 10:32:00,0.2602,0.2603,0.26,0.2601,3850.0
2025-01-17 10:33:00,0.2602,0.2604,0.2602,0.2604,1107.0
2025-01-17 10:34:00,0.2604,0.2607,0.2604,0.2605,20789.0
2025-01-17 10:35:00,0.2605,0.2605,0.2605,0.2605,0.0
2025-01-17 10:36:00,0.2605,0.2605,0.2605,0.2605,4979.0
2025-01-17 10:37:00,0.2605,0.2605,0.2605,0.2605,127.0
2025-01-17 10:38:00,0.2604,0.2604,0.2604,0.2604,384.0
2025-01-17 10:39:00,0.2604,0.2604,0.2604,0.2604,0.0
2025-01-17 10:40:00,0.2602,0.2602,0.2601,0.2602,2584.0
2025-01-17 10:41:00,0.2604,0.2606,0.2604,0.2606,97.0
2025-01-17 10:42:00,0.2604,0.2604,0.2602,0.2604,667.0
2025-01-17 10:43:00,0.2603,0.2605,0.2603,0.2604,8804.0
2025-01-17 10:44:00,0.2603,0.2603,0.2602,0.2602,9924.0
2025-01-17 10:45:00,0.2601,0.2601,0.2599,0.26,7989.0
2025-01-17 10:46:00,0.2599,0.26,0.2598,0.2598,17458.0
2025-01-17 10:47:00,0.2598,0.2598,0.2598,0.2598,0.0
2025-01-17 10:48:00,0.26,0.26,0.26,0.26,473.0
2025-01-17 10:49:00,0.26,0.26,0.26,0.26,0.0
2025-01-17 10:50:00,0.2605,0.2605,0.2605,0.2605,1073.0
2025-01-17 10:51:00,0.2602,0.2603,0.2602,0.2602,149.0
2025-01-17 10:52:00,0.2601,0.2605,0.2601,0.2605,315.0
2025-01-17 10:53:00,0.2605,0.2605,0.2604,0.2604,11193.0
2025-01-17 10:54:00,0.2604,0.2604,0.2604,0.2604,100.0
2025-01-17 10:55:00,0.2604,0.2605,0.2604,0.2605,4210.0
2025-01-17 10:56:00,0.2608,0.261,0.2608,0.261,14640.0
2025-01-17 10:57:00,0.261,0.261,0.261,0.261,0.0
2025-01-17 10:58:00,0.2609,0.2609,0.2607,0.2607,5179.0
2025-01-17 10:59:00,0.2608,0.2608,0.2608,0.2608,159.0
2025-01-17 11:00:00,0.2607,0.2607,0.2607,0.2607,3399.0
2025-01-17 11:01:00,0.2608,0.2608,0.2606,0.2606,1348.0
2025-01-17 11:02:00,0.2605,0.2605,0.2605,0.2605,686.0
2025-01-17 11:03:00,0.2605,0.2605,0.2604,0.2605,4360.0
2025-01-17 11:04:00,0.2606,0.2606,0.2606,0.2606,41.0
2025-01-17 11:05:00,0.2604,0.2604,0.2604,0.2604,44318.0
2025-01-17 11:06:00,0.2605,0.2606,0.2605,0.2606,1797.0
2025-01-17 11:07:00,0.2604,0.2604,0.2604,0.2604,630.0
2025-01-17 11:08:00,0.2602,0.2603,0.2602,0.2603,2180.0
2025-01-17 11:09:00,0.2604,0.2604,0.2603,0.2603,1999.0
2025-01-17 11:10:00,0.2603,0.2603,0.2602,0.2603,587.0
2025-01-17 11:11:00,0.26,0.26,0.26,0.26,1000.0
2025-01-17 11:12:00,0.2602,0.2604,0.2602,0.2604,26335.0
2025-01-17 11:13:00,0.2603,0.2603,0.2603,0.2603,854.0
2025-01-17 11:14:00,0.2601,0.2601,0.26,0.26,4236.0
2025-01-17 11:15:00,0.2601,0.2602,0.2599,0.2601,108832.0
2025-01-17 11:16:00,0.2602,0.2603,0.2601,0.2601,12933.0
2025-01-17 11:17:00,0.2602,0.2605,0.26,0.2605,9720.0
2025-01-17 11:18:00,0.2604,0.2606,0.2603,0.2606,8559.0
2025-01-17 11:19:00,0.2605,0.2606,0.2605,0.2606,5985.0
2025-01-17 11:20:00,0.2606,0.2606,0.2606,0.2606,1977.0
2025-01-17 11:21:00,0.2608,0.2608,0.2608,0.2608,365.0
2025-01-17 11:22:00,0.2611,0.2611,0.2609,0.2609,1412.0
2025-01-17 11:23:00,0.2609,0.261,0.2609,0.2609,4298.0
2025-01-17 11:24:00,0.2613,0.2613,0.2613,0.2613,340.0
2025-01-17 11:25:00,0.2613,0.2613,0.2611,0.2611,1248.0
2025-01-17 11:26:00,0.261,0.261,0.261,0.261,70.0
2025-01-17 11:27:00,0.2612,0.2612,0.2612,0.2612,206.0
2025-01-17 11:28:00,0.2611,0.2612,0.2611,0.2612,905.0
2025-01-17 11:29:00,0.261,0.2611,0.2609,0.2611,1244.0
2025-01-17 11:30:00,0.261,0.2614,0.261,0.2614,5398.0
2025-01-17 11:31:00,0.2612,0.2612,0.2611,0.2611,268.0
2025-01-17 11:32:00,0.2611,0.2611,0.261,0.261,140.0
2025-01-17 11:33:00,0.2613,0.2615,0.2612,0.2615,1665.0
2025-01-17 11:34:00,0.2616,0.2616,0.2614,0.2614,1114.0
2025-01-17 11:35:00,0.2612,0.2612,0.2612,0.2612,160.0
2025-01-17 11:36:00,0.2612,0.2612,0.2612,0.2612,228.0
2025-01-17 11:37:00,0.2614,0.2614,0.2614,0.2614,1026.0
2025-01-17 11:38:00,0.2613,0.2614,0.2613,0.2614,3576.0
2025-01-17 11:39:00,0.2611,0.2612,0.2611,0.2612,123.0
2025-01-17 11:40:00,0.2612,0.2612,0.2612,0.2612,535.0
2025-01-17 11:41:00,0.2615,0.2615,0.2614,0.2614,2001.0
2025-01-17 11:42:00,0.2613,0.2613,0.2609,0.2609,42538.0
2025-01-17 11:43:00,0.2611,0.2611,0.2611,0.2611,957.0
2025-01-17 11:44:00,0.2613,0.2613,0.2612,0.2612,1161.0
2025-01-17 11:45:00,0.2611,0.2611,0.2609,0.2609,13275.0
2025-01-17 11:46:00,0.261,0.261,0.261,0.261,2617.0
2025-01-17 11:47:00,0.261,0.2611,0.261,0.261,5800.0
2025-01-17 11:48:00,0.261,0.2613,0.261,0.261,46136.0
2025-01-17 11:49:00,0.2612,0.2613,0.2612,0.2613,845.0
2025-01-17 11:50:00,0.2611,0.2611,0.2611,0.2611,1714.0
2025-01-17 11:51:00,0.2609,0.2609,0.2609,0.2609,69.0
2025-01-17 11:52:00,0.261,0.2611,0.261,0.2611,3467.0
2025-01-17 11:53:00,0.2611,0.2618,0.2611,0.2613,118572.0
2025-01-17 11:54:00,0.2612,0.2612,0.261,0.261,3827.0
2025-01-17 11:55:00,0.2611,0.2612,0.2611,0.2612,4353.0
2025-01-17 11:56:00,0.2609,0.2609,0.2605,0.2605,8388.0
2025-01-17 11:57:00,0.2607,0.2608,0.2607,0.2608,6192.0
2025-01-17 11:58:00,0.2607,0.2607,0.2607,0.2607,724.0
2025-01-17 11:59:00,0.2607,0.2607,0.2603,0.2604,32937.0
2025-01-17 12:00:00,0.2604,0.2605,0.2596,0.2596,13990.0
2025-01-17 12:01:00,0.2595,0.2595,0.2594,0.2595,3016.0
2025-01-17 12:02:00,0.2598,0.2598,0.2596,0.2597,6123.0
2025-01-17 12:03:00,0.2595,0.2595,0.2592,0.2592,2502.0
2025-01-17 12:04:00,0.2595,0.2596,0.2595,0.2596,5808.0
2025-01-17 12:05:00,0.2595,0.2595,0.2595,0.2595,4769.0
2025-01-17 12:06:00,0.2595,0.2595,0.2595,0.2595,60.0
2025-01-17 12:07:00,0.2595,0.26,0.2594,0.26,8775.0
2025-01-17 12:08:00,0.2599,0.2599,0.2599,0.2599,51.0
2025-01-17 12:09:00,0.2598,0.2598,0.2596,0.2596,814.0
2025-01-17 12:10:00,0.2599,0.26,0.2599,0.26,1326.0
2025-01-17 12:11:00,0.26,0.26,0.2598,0.2598,438.0
2025-01-17 12:12:00,0.2603,0.2603,0.2603,0.2603,1343.0
2025-01-17 12:13:00,0.2603,0.2603,0.2601,0.2601,27113.0
2025-01-17 12:14:00,0.26,0.26,0.26,0.26,35.0
2025-01-17 12:15:00,0.2604,0.2604,0.2601,0.2601,4590.0
2025-01-17 12:16:00,0.2601,0.2601,0.2599,0.26,1834.0
2025-01-17 12:17:00,0.26,0.26,0.26,0.26,0.0
2025-01-17 12:18:00,0.2599,0.2599,0.2598,0.2598,3778.0
2025-01-17 12:19:00,0.2601,0.2602,0.2601,0.2601,4830.0
2025-01-17 12:20:00,0.26,0.26,0.2599,0.2599,4541.0
2025-01-17 12:21:00,0.26,0.26,0.2599,0.2599,1369.0
2025-01-17 12:22:00,0.2599,0.2599,0.2595,0.2596,8406.0
2025-01-17 12:23:00,0.2597,0.2599,0.2597,0.2598,12401.0
2025-01-17 12:24:00,0.2601,0.2602,0.26,0.2602,6079.0
2025-01-17 12:25:00,0.2603,0.2604,0.2603,0.2603,6130.0
2025-01-17 12:26:00,0.2603,0.2603,0.26,0.26,7043.0
2025-01-17 12:27:00,0.2599,0.2599,0.2594,0.2594,5811.0
2025-01-17 12:28:00,0.2595,0.2595,0.2595,0.2595,1564.0
2025-01-17 12:29:00,0.2596,0.2596,0.2594,0.2594,1176.0
2025-01-17 12:30:00,0.2596,0.2596,0.2591,0.2591,17979.0
2025-01-17 12:31:00,0.259,0.2592,0.2588,0.2592,644.0
2025-01-17 12:32:00,0.2592,0.2592,0.2589,0.259,16135.0
2025-01-17 12:33:00,0.2592,0.2592,0.2591,0.2591,3581.0
2025-01-17 12:34:00,0.2591,0.2591,0.2591,0.2591,0.0
2025-01-17 12:35:00,0.2587,0.259,0.2583,0.259,13760.0
2025-01-17 12:36:00,0.2588,0.2588,0.2584,0.2584,14681.0
2025-01-17 12:37:00,0.2585,0.2587,0.2585,0.2586,4391.0
2025-01-17 12:38:00,0.2587,0.2588,0.2587,0.2588,3953.0
2025-01-17 12:39:00,0.2588,0.2588,0.2588,0.2588,39.0
2025-01-17 12:40:00,0.2588,0.2592,0.2588,0.2592,15659.0
2025-01-17 12:41:00,0.2592,0.2595,0.2592,0.2592,11016.0
2025-01-17 12:42:00,0.2594,0.2594,0.2594,0.2594,104.0
2025-01-17 12:43:00,0.2594,0.2594,0.2593,0.2594,20358.0
2025-01-17 12:44:00,0.2594,0.2594,0.2594,0.2594,3762.0
2025-01-17 12:45:00,0.2594,0.2596,0.2594,0.2596,1487.0
2025-01-17 12:46:00,0.2598,0.2598,0.2597,0.2598,6189.0
2025-01-17 12:47:00,0.2598,0.2598,0.2598,0.2598,0.0
2025-01-17 12:48:00,0.2598,0.2598,0.2594,0.2594,1677.0
2025-01-17 12:49:00,0.2594,0.2594,0.2594,0.2594,1758.0
2025-01-17 12:50:00,0.2594,0.2594,0.2593,0.2593,1093.0
2025-01-17 12:51:00,0.2593,0.2595,0.2591,0.2591,11425.0
2025-01-17 12:52:00,0.2591,0.2594,0.2591,0.2594,5283.0
2025-01-17 12:53:00,0.2593,0.2593,0.2592,0.2592,1964.0
2025-01-17 12:54:00,0.2593,0.2593,0.2589,0.259,6756.0
2025-01-17 12:55:00,0.2589,0.2589,0.2585,0.2585,6630.0
2025-01-17 12:56:00,0.2586,0.2587,0.2586,0.2586,2247.0
2025-01-17 12:57:00,0.2586,0.2586,0.2586,0.2586,30.0
2025-01-17 12:58:00,0.2585,0.2586,0.2584,0.2586,5294.0
2025-01-17 12:59:00,0.2588,0.2588,0.2587,0.2587,99.0
2025-01-17 13:00:00,0.2588,0.2591,0.2588,0.2591,2548.0
2025-01-17 13:01:00,0.2593,0.2595,0.2593,0.2594,5122.0
2025-01-17 13:02:00,0.2594,0.2596,0.2594,0.2596,6275.0
2025-01-17 13:03:00,0.2595,0.2596,0.2595,0.2596,3942.0
2025-01-17 13:04:00,0.2595,0.2597,0.2595,0.2597,38344.0
2025-01-17 13:05:00,0.2596,0.2599,0.2596,0.2597,6584.0
2025-01-17 13:06:00,0.2597,0.2597,0.2597,0.2597,0.0
2025-01-17 13:07:00,0.2598,0.26,0.2598,0.26,2467.0
2025-01-17 13:08:00,0.2601,0.2601,0.2601,0.2601,3094.0
2025-01-17 13:09:00,0.2602,0.2602,0.2601,0.2601,4513.0
2025-01-17 13:10:00,0.2602,0.2602,0.2601,0.2601,2866.0
2025-01-17 13:11:00,0.2599,0.26,0.2599,0.26,8286.0
2025-01-17 13:12:00,0.2602,0.2602,0.2602,0.2602,961.0
2025-01-17 13:13:00,0.2602,0.2602,0.2602,0.2602,103.0
2025-01-17 13:14:00,0.2602,0.2602,0.2602,0.2602,788.0
2025-01-17 13:15:00,0.2603,0.2603,0.2603,0.2603,3557.0
2025-01-17 13:16:00,0.2606,0.2606,0.2606,0.2606,5445.0
2025-01-17 13:17:00,0.2607,0.2607,0.2607,0.2607,1095.0
2025-01-17 13:18:00,0.2608,0.2608,0.2605,0.2606,9978.0
2025-01-17 13:19:00,0.2601,0.2603,0.2601,0.2602,820.0
2025-01-17 13:20:00,0.2604,0.2604,0.2604,0.2604,39.0
2025-01-17 13:21:00,0.2604,0.2606,0.2604,0.2606,2053.0
2025-01-17 13:22:00,0.2605,0.2606,0.2605,0.2606,223.0
2025-01-17 13:23:00,0.2607,0.2608,0.2606,0.2606,6177.0
2025-01-17 13:24:00,0.2605,0.2605,0.2605,0.2605,2429.0
2025-01-17 13:25:00,0.2604,0.2605,0.2604,0.2605,4200.0
2025-01-17 13:26:00,0.2607,0.2608,0.2606,0.2608,3227.0
2025-01-17 13:27:00,0.261,0.2612,0.2609,0.2609,8865.0
2025-01-17 13:28:00,0.2608,0.2608,0.2608,0.2608,1128.0
2025-01-17 13:29:00,0.2607,0.2607,0.2605,0.2606,9486.0
2025-01-17 13:30:00,0.2606,0.2606,0.2604,0.2604,6462.0
2025-01-17 13:31:00,0.2605,0.2605,0.2605,0.2605,1688.0
2025-01-17 13:32:00,0.2607,0.2607,0.2606,0.2606,2984.0
2025-01-17 13:33:00,0.2607,0.2608,0.2605,0.2605,5308.0
2025-01-17 13:34:00,0.2604,0.2604,0.2603,0.2603,560.0
2025-01-17 13:35:00,0.2602,0.2605,0.2602,0.2604,291.0
2025-01-17 13:36:00,0.2605,0.2605,0.2597,0.2597,318.0
2025-01-17 13:37:00,0.2597,0.2597,0.2592,0.2592,3185.0
2025-01-17 13:38:00,0.2592,0.2592,0.2586,0.2586,14678.0
2025-01-17 13:39:00,0.2586,0.2588,0.2581,0.2581,3804.0
2025-01-17 13:40:00,0.2584,0.2587,0.2583,0.2587,6468.0
2025-01-17 13:41:00,0.2589,0.2591,0.2589,0.2591,1990.0
2025-01-17 13:42:00,0.2593,0.2593,0.2592,0.2592,1880.0
2025-01-17 13:43:00,0.2592,0.2592,0.2591,0.2592,4975.0
2025-01-17 13:44:00,0.2592,0.2592,0.2592,0.2592,0.0
2025-01-17 13:45:00,0.2596,0.2597,0.2596,0.2597,278.0
2025-01-17 13:46:00,0.2594,0.2594,0.2594,0.2594,2943.0
2025-01-17 13:47:00,0.2596,0.2597,0.2596,0.2597,1626.0
2025-01-17 13:48:00,0.2593,0.2593,0.2593,0.2593,964.0
2025-01-17 13:49:00,0.2591,0.2591,0.2589,0.2589,231.0
2025-01-17 13:50:00,0.2585,0.2585,0.2584,0.2584,5032.0
2025-01-17 13:51:00,0.2585,0.2587,0.2585,0.2586,208.0
2025-01-17 13:52:00,0.2585,0.2585,0.2583,0.2584,5457.0
2025-01-17 13:53:00,0.2584,0.2584,0.2584,0.2584,0.0
2025-01-17 13:54:00,0.2587,0.2587,0.2585,0.2585,4711.0
2025-01-17 13:55:00,0.2588,0.2588,0.2586,0.2586,10471.0
2025-01-17 13:56:00,0.2587,0.2589,0.2587,0.2589,205.0
2025-01-17 13:57:00,0.2589,0.2589,0.2589,0.2589,49.0
2025-01-17 13:58:00,0.2589,0.2589,0.2589,0.2589,0.0
2025-01-17 13:59:00,0.2587,0.2587,0.2587,0.2587,107.0
2025-01-17 14:00:00,0.2588,0.2588,0.2586,0.2586,2096.0
2025-01-17 14:01:00,0.2587,0.2587,0.2586,0.2587,10792.0
2025-01-17 14:02:00,0.259,0.2596,0.2589,0.2596,13191.0
2025-01-17 14:03:00,0.2596,0.2596,0.2596,0.2596,0.0
2025-01-17 14:04:00,0.2596,0.2599,0.2595,0.2599,16384.0
2025-01-17 14:05:00,0.2596,0.2596,0.2595,0.2595,682.0
2025-01-17 14:06:00,0.2597,0.2597,0.2597,0.2597,382.0
2025-01-17 14:07:00,0.2596,0.2597,0.2596,0.2597,6969.0
2025-01-17 14:08:00,0.2598,0.2598,0.2597,0.2597,1153.0
2025-01-17 14:09:00,0.2597,0.2597,0.2597,0.2597,0.0
2025-01-17 14:10:00,0.26,0.26,0.26,0.26,1881.0
2025-01-17 14:11:00,0.2602,0.2607,0.2602,0.2606,351.0
2025-01-17 14:12:00,0.2606,0.2606,0.2604,0.2605,2925.0
2025-01-17 14:13:00,0.2603,0.2603,0.2601,0.2601,1124.0
2025-01-17 14:14:00,0.2601,0.2601,0.2601,0.2601,0.0
2025-01-17 14:15:00,0.2601,0.2601,0.2601,0.2601,280.0
2025-01-17 14:16:00,0.2601,0.2602,0.2601,0.2602,1606.0
2025-01-17 14:17:00,0.2601,0.2603,0.2601,0.2603,216.0
2025-01-17 14:18:00,0.2603,0.2603,0.2601,0.2601,2650.0
2025-01-17 14:19:00,0.2602,0.2602,0.2602,0.2602,7684.0
2025-01-17 14:20:00,0.2603,0.2603,0.2601,0.2601,20977.0
2025-01-17 14:21:00,0.26,0.26,0.26,0.26,961.0
2025-01-17 14:22:00,0.2603,0.2604,0.26,0.26,4061.0
2025-01-17 14:23:00,0.2601,0.2602,0.2601,0.2602,1877.0
2025-01-17 14:24:00,0.2602,0.2603,0.2601,0.2602,4741.0
2025-01-17 14:25:00,0.2603,0.2603,0.26,0.26,4092.0
2025-01-17 14:26:00,0.2602,0.2603,0.2601,0.2602,7445.0
2025-01-17 14:27:00,0.2602,0.2602,0.2601,0.2601,1247.0
2025-01-17 14:28:00,0.2604,0.2607,0.2604,0.2607,4435.0
2025-01-17 14:29:00,0.2608,0.2608,0.2608,0.2608,1007.0
2025-01-17 14:30:00,0.2608,0.2608,0.2599,0.2599,3853.0
2025-01-17 14:31:00,0.2599,0.2599,0.2588,0.2592,26363.0
2025-01-17 14:32:00,0.2594,0.2599,0.2593,0.2599,15426.0
2025-01-17 14:33:00,0.26,0.2605,0.2598,0.2598,25852.0
2025-01-17 14:34:00,0.2602,0.2603,0.2597,0.2603,20742.0
2025-01-17 14:35:00,0.2604,0.2606,0.2601,0.2603,6019.0
2025-01-17 14:36:00,0.2606,0.2613,0.2606,0.2612,17720.0
2025-01-17 14:37:00,0.2614,0.2614,0.2605,0.2607,12295.0
2025-01-17 14:38:00,0.2609,0.2611,0.2606,0.2606,37929.0
2025-01-17 14:39:00,0.2598,0.2606,0.2598,0.2604,4761.0
2025-01-17 14:40:00,0.2601,0.2605,0.2599,0.2603,6175.0
2025-01-17 14:41:00,0.2604,0.2604,0.2596,0.2596,1348.0
2025-01-17 14:42:00,0.2602,0.2605,0.2599,0.2599,16193.0
2025-01-17 14:43:00,0.2594,0.2597,0.2591,0.2597,8170.0
2025-01-17 14:44:00,0.2596,0.2597,0.2594,0.2597,8313.0
2025-01-17 14:45:00,0.2604,0.2612,0.2603,0.2609,13389.0
2025-01-17 14:46:00,0.2611,0.2611,0.2606,0.2606,8157.0
2025-01-17 14:47:00,0.2604,0.2604,0.2598,0.26,41100.0
2025-01-17 14:48:00,0.2596,0.2601,0.2593,0.2601,10135.0
2025-01-17 14:49:00,0.2602,0.2602,0.2598,0.2598,1713.0
2025-01-17 14:50:00,0.2598,0.2598,0.2596,0.2596,1107.0
2025-01-17 14:51:00,0.2595,0.2598,0.2595,0.2596,12298.0
2025-01-17 14:52:00,0.2601,0.2608,0.2601,0.2608,6976.0
2025-01-17 14:53:00,0.2609,0.261,0.2609,0.2609,7715.0
2025-01-17 14:54:00,0.2607,0.261,0.2603,0.261,87569.0
2025-01-17 14:55:00,0.2607,0.261,0.2607,0.2609,16490.0
2025-01-17 14:56:00,0.261,0.2613,0.261,0.2613,6564.0
2025-01-17 14:57:00,0.2614,0.2614,0.261,0.261,3997.0
2025-01-17 14:58:00,0.2609,0.2609,0.2607,0.2608,4869.0
2025-01-17 14:59:00,0.2606,0.2608,0.2606,0.2608,13114.0
2025-01-17 15:00:00,0.2608,0.2612,0.2608,0.2612,987.0
2025-01-17 15:01:00,0.2612,0.2614,0.2611,0.2614,15227.0
2025-01-17 15:02:00,0.2612,0.2617,0.2612,0.2617,5457.0
2025-01-17 15:03:00,0.2615,0.2618,0.2612,0.2612,18999.0
2025-01-17 15:04:00,0.2613,0.2618,0.2613,0.2618,8294.0
2025-01-17 15:05:00,0.2617,0.262,0.2616,0.262,21568.0
2025-01-17 15:06:00,0.2621,0.2623,0.262,0.2623,17839.0
2025-01-17 15:07:00,0.2621,0.2624,0.2621,0.2622,12328.0
2025-01-17 15:08:00,0.2624,0.2624,0.2622,0.2622,5558.0
2025-01-17 15:09:00,0.2618,0.2622,0.2618,0.2621,27294.0
2025-01-17 15:10:00,0.2623,0.2626,0.2623,0.2623,15428.0
2025-01-17 15:11:00,0.2623,0.2623,0.2617,0.2619,12518.0
2025-01-17 15:12:00,0.2623,0.2623,0.262,0.262,12036.0
2025-01-17 15:13:00,0.262,0.262,0.2616,0.2618,14670.0
2025-01-17 15:14:00,0.2618,0.2621,0.2617,0.262,66644.0
2025-01-17 15:15:00,0.262,0.2626,0.262,0.2626,49420.0
2025-01-17 15:16:00,0.2625,0.2626,0.2622,0.2622,8187.0
2025-01-17 15:17:00,0.2624,0.2624,0.2624,0.2624,19.0
2025-01-17 15:18:00,0.2619,0.2619,0.2618,0.2619,8723.0
2025-01-17 15:19:00,0.2622,0.2622,0.2621,0.2622,2828.0
2025-01-17 15:20:00,0.2621,0.2621,0.2614,0.2614,6516.0
2025-01-17 15:21:00,0.2612,0.2613,0.2608,0.2608,19858.0
2025-01-17 15:22:00,0.261,0.2611,0.2605,0.2605,4681.0
2025-01-17 15:23:00,0.2607,0.2609,0.2605,0.2609,11424.0
2025-01-17 15:24:00,0.2605,0.2607,0.2605,0.2607,1127.0
2025-01-17 15:25:00,0.2605,0.2608,0.26,0.2603,87011.0
2025-01-17 15:26:00,0.2603,0.2603,0.2594,0.2595,5468.0
2025-01-17 15:27:00,0.2593,0.2593,0.2587,0.2587,29010.0
2025-01-17 15:28:00,0.2587,0.2595,0.2586,0.259,12681.0
2025-01-17 15:29:00,0.2591,0.2593,0.2588,0.2593,6394.0
2025-01-17 15:30:00,0.2599,0.2601,0.2599,0.2601,6320.0
2025-01-17 15:31:00,0.2602,0.2602,0.26,0.26,1651.0
2025-01-17 15:32:00,0.2599,0.2599,0.2592,0.2592,1399.0
2025-01-17 15:33:00,0.2591,0.2592,0.2588,0.2592,2625.0
2025-01-17 15:34:00,0.259,0.2591,0.2589,0.259,7436.0
2025-01-17 15:35:00,0.2589,0.2594,0.2589,0.2592,18214.0
2025-01-17 15:36:00,0.2592,0.2597,0.2592,0.2597,2272.0
2025-01-17 15:37:00,0.26,0.2601,0.2599,0.26,9317.0
2025-01-17 15:38:00,0.26,0.26,0.2598,0.2598,373.0
2025-01-17 15:39:00,0.2601,0.2603,0.2601,0.2603,614.0
2025-01-17 15:40:00,0.2603,0.2605,0.2603,0.2603,68287.0
2025-01-17 15:41:00,0.2604,0.2604,0.2602,0.2602,2409.0
2025-01-17 15:42:00,0.2602,0.2602,0.2602,0.2602,355.0
2025-01-17 15:43:00,0.2606,0.2606,0.2606,0.2606,4141.0
2025-01-17 15:44:00,0.2604,0.2604,0.2601,0.2601,771.0
2025-01-17 15:45:00,0.2603,0.2606,0.26,0.26,29646.0
2025-01-17 15:46:00,0.2601,0.2601,0.2597,0.2597,1438.0
2025-01-17 15:47:00,0.2597,0.2597,0.2597,0.2597,0.0
2025-01-17 15:48:00,0.2594,0.2594,0.2594,0.2594,1000.0
2025-01-17 15:49:00,0.2594,0.26,0.2594,0.26,269.0
2025-01-17 15:50:00,0.2602,0.2602,0.2595,0.2595,338.0
2025-01-17 15:51:00,0.2599,0.2599,0.2596,0.2596,1518.0
2025-01-17 15:52:00,0.2596,0.2598,0.2596,0.2598,1119.0
2025-01-17 15:53:00,0.2596,0.2596,0.2594,0.2596,7052.0
2025-01-17 15:54:00,0.2594,0.2596,0.2594,0.2596,1555.0
2025-01-17 15:55:00,0.2598,0.2598,0.2598,0.2598,61.0
2025-01-17 15:56:00,0.2596,0.2596,0.2595,0.2595,4332.0
2025-01-17 15:57:00,0.2599,0.2599,0.2597,0.2597,133.0
2025-01-17 15:58:00,0.2597,0.2601,0.2597,0.2601,9343.0
2025-01-17 15:59:00,0.2601,0.2601,0.26,0.26,3524.0
2025-01-17 16:00:00,0.2602,0.2607,0.26,0.2606,13293.0
2025-01-17 16:01:00,0.2606,0.2609,0.2606,0.2609,108695.0
2025-01-17 16:02:00,0.2608,0.2608,0.2602,0.2602,5303.0
2025-01-17 16:03:00,0.2602,0.2602,0.2602,0.2602,0.0
2025-01-17 16:04:00,0.2602,0.2602,0.2601,0.2601,1190.0
2025-01-17 16:05:00,0.2601,0.2601,0.2601,0.2601,0.0
2025-01-17 16:06:00,0.2602,0.2603,0.2602,0.2603,125.0
2025-01-17 16:07:00,0.26,0.26,0.26,0.26,399.0
2025-01-17 16:08:00,0.26,0.26,0.2598,0.2598,538.0
2025-01-17 16:09:00,0.2598,0.2598,0.2596,0.2598,1987.0
2025-01-17 16:10:00,0.2603,0.2603,0.2603,0.2603,77.0
2025-01-17 16:11:00,0.2605,0.2608,0.2605,0.2608,18632.0
2025-01-17 16:12:00,0.2604,0.2611,0.2604,0.2611,9547.0
2025-01-17 16:13:00,0.2612,0.2615,0.2612,0.2615,10207.0
2025-01-17 16:14:00,0.2612,0.2613,0.2612,0.2613,6777.0
2025-01-17 16:15:00,0.2611,0.2616,0.2611,0.2616,21029.0
2025-01-17 16:16:00,0.2616,0.262,0.2615,0.262,7950.0
2025-01-17 16:17:00,0.2619,0.262,0.2619,0.2619,3197.0
2025-01-17 16:18:00,0.262,0.2626,0.2619,0.2626,14203.0
2025-01-17 16:19:00,0.2626,0.2626,0.2622,0.2622,4781.0
2025-01-17 16:20:00,0.2622,0.2624,0.2622,0.2623,1122.0
2025-01-17 16:21:00,0.2621,0.2621,0.262,0.2621,8797.0
2025-01-17 16:22:00,0.2623,0.2624,0.2623,0.2624,2857.0
2025-01-17 16:23:00,0.262,0.262,0.2616,0.2616,7985.0
2025-01-17 16:24:00,0.2617,0.2618,0.2616,0.2618,10895.0
2025-01-17 16:25:00,0.2622,0.2622,0.2621,0.2621,854.0
2025-01-17 16:26:00,0.2623,0.2623,0.2621,0.2621,4142.0
2025-01-17 16:27:00,0.2621,0.2623,0.2621,0.2623,4022.0
2025-01-17 16:28:00,0.2623,0.2623,0.2623,0.2623,0.0
2025-01-17 16:29:00,0.2625,0.2625,0.2625,0.2625,49.0
2025-01-17 16:30:00,0.2623,0.2623,0.2618,0.2618,13093.0
2025-01-17 16:31:00,0.2615,0.2623,0.2615,0.2622,12607.0
2025-01-17 16:32:00,0.2623,0.2626,0.2623,0.2626,939.0
2025-01-17 16:33:00,0.2625,0.2628,0.2625,0.2628,3609.0
2025-01-17 16:34:00,0.2627,0.2627,0.2626,0.2627,1293.0
2025-01-17 16:35:00,0.2626,0.2626,0.2624,0.2624,2297.0
2025-01-17 16:36:00,0.2627,0.2627,0.2623,0.2623,22692.0
2025-01-17 16:37:00,0.2625,0.2627,0.2624,0.2627,3533.0
2025-01-17 16:38:00,0.2628,0.2629,0.2628,0.2628,2851.0
2025-01-17 16:39:00,0.263,0.2633,0.2629,0.263,9991.0
2025-01-17 16:40:00,0.2632,0.2632,0.2628,0.2628,5294.0
2025-01-17 16:41:00,0.2627,0.2629,0.2625,0.2629,858.0
2025-01-17 16:42:00,0.263,0.263,0.2629,0.2629,5828.0
2025-01-17 16:43:00,0.2629,0.2629,0.2626,0.2626,243.0
2025-01-17 16:44:00,0.2626,0.2626,0.2626,0.2626,1872.0
2025-01-17 16:45:00,0.2626,0.2626,0.2625,0.2625,8230.0
2025-01-17 16:46:00,0.2623,0.2623,0.2621,0.2621,5862.0
2025-01-17 16:47:00,0.262,0.262,0.262,0.262,18315.0
2025-01-17 16:48:00,0.2623,0.2623,0.2622,0.2622,2935.0
2025-01-17 16:49:00,0.2624,0.2624,0.2624,0.2624,2780.0
2025-01-17 16:50:00,0.2622,0.2622,0.262,0.2621,4744.0
2025-01-17 16:51:00,0.2623,0.2623,0.2623,0.2623,1963.0
2025-01-17 16:52:00,0.2625,0.2625,0.2625,0.2625,712.0
2025-01-17 16:53:00,0.2625,0.2625,0.2625,0.2625,0.0
2025-01-17 16:54:00,0.2625,0.2626,0.2624,0.2625,724.0
2025-01-17 16:55:00,0.2624,0.2627,0.2624,0.2625,46187.0
2025-01-17 16:56:00,0.2623,0.2623,0.2623,0.2623,1058.0
2025-01-17 16:57:00,0.2621,0.2622,0.2621,0.2622,1294.0
2025-01-17 16:58:00,0.2622,0.2624,0.2622,0.2624,8416.0
2025-01-17 16:59:00,0.2624,0.2624,0.2624,0.2624,0.0
2025-01-17 17:00:00,0.2624,0.2624,0.2623,0.2623,18537.0
2025-01-17 17:01:00,0.2621,0.2625,0.2621,0.2623,73167.0
2025-01-17 17:02:00,0.2625,0.2629,0.2625,0.2629,83603.0
2025-01-17 17:03:00,0.2628,0.2632,0.2627,0.2631,4446.0
2025-01-17 17:04:00,0.2631,0.2631,0.2629,0.2631,5724.0
2025-01-17 17:05:00,0.2631,0.2634,0.2628,0.263,10890.0
2025-01-17 17:06:00,0.263,0.263,0.2625,0.2625,21432.0
2025-01-17 17:07:00,0.2625,0.2627,0.2625,0.2626,14372.0
2025-01-17 17:08:00,0.2629,0.2632,0.2629,0.2632,8922.0
2025-01-17 17:09:00,0.263,0.263,0.263,0.263,364.0
2025-01-17 17:10:00,0.2628,0.2629,0.2628,0.2628,277.0
2025-01-17 17:11:00,0.2629,0.2631,0.2629,0.2631,9110.0
2025-01-17 17:12:00,0.2632,0.2637,0.2632,0.2636,20296.0
2025-01-17 17:13:00,0.2634,0.2634,0.2629,0.2631,11139.0
2025-01-17 17:14:00,0.263,0.263,0.2629,0.263,3719.0
2025-01-17 17:15:00,0.263,0.263,0.2627,0.2627,1512.0
2025-01-17 17:16:00,0.2626,0.2626,0.2624,0.2624,7909.0
2025-01-17 17:17:00,0.2623,0.2623,0.2619,0.262,5970.0
2025-01-17 17:18:00,0.2619,0.2619,0.2616,0.2619,1983.0
2025-01-17 17:19:00,0.2619,0.2619,0.2619,0.2619,0.0
2025-01-17 17:20:00,0.2616,0.2616,0.2615,0.2615,2313.0
2025-01-17 17:21:00,0.2618,0.2618,0.2617,0.2617,2452.0
2025-01-17 17:22:00,0.2617,0.2618,0.2617,0.2618,1157.0
2025-01-17 17:23:00,0.2619,0.262,0.2618,0.262,3078.0
2025-01-17 17:24:00,0.262,0.2622,0.262,0.2622,14320.0
2025-01-17 17:25:00,0.2621,0.2628,0.2621,0.2628,6808.0
2025-01-17 17:26:00,0.2631,0.2633,0.263,0.263,9816.0
2025-01-17 17:27:00,0.2629,0.2629,0.2628,0.2628,1000.0
2025-01-17 17:28:00,0.2627,0.2628,0.2625,0.2625,3049.0
2025-01-17 17:29:00,0.2626,0.2626,0.2625,0.2625,2466.0
2025-01-17 17:30:00,0.2627,0.2628,0.2625,0.2625,4021.0
2025-01-17 17:31:00,0.2623,0.2623,0.2623,0.2623,32.0
2025-01-17 17:32:00,0.2619,0.2619,0.2617,0.2617,428.0
2025-01-17 17:33:00,0.2617,0.2617,0.2617,0.2617,1315.0
2025-01-17 17:34:00,0.2617,0.2617,0.2612,0.2613,1921.0
2025-01-17 17:35:00,0.2611,0.2611,0.261,0.261,2507.0
2025-01-17 17:36:00,0.2608,0.2609,0.2606,0.2606,4429.0
2025-01-17 17:37:00,0.2603,0.2606,0.26,0.2604,25537.0
2025-01-17 17:38:00,0.2602,0.2605,0.2602,0.2605,3306.0
2025-01-17 17:39:00,0.2604,0.2604,0.2602,0.2602,8371.0
2025-01-17 17:40:00,0.2604,0.2605,0.2604,0.2604,8028.0
2025-01-17 17:41:00,0.2602,0.2602,0.2602,0.2602,39.0
2025-01-17 17:42:00,0.2603,0.2603,0.26,0.26,5050.0
2025-01-17 17:43:00,0.2601,0.2602,0.26,0.2602,655.0
2025-01-17 17:44:00,0.2599,0.2601,0.2599,0.26,5603.0
2025-01-17 17:45:00,0.2604,0.2604,0.2604,0.2604,173.0
2025-01-17 17:46:00,0.2607,0.2609,0.2603,0.2603,4031.0
2025-01-17 17:47:00,0.2605,0.2605,0.2605,0.2605,313.0
2025-01-17 17:48:00,0.2605,0.2605,0.2605,0.2605,0.0
2025-01-17 17:49:00,0.2604,0.2604,0.2599,0.2599,1182.0
2025-01-17 17:50:00,0.2597,0.2597,0.2596,0.2597,8199.0
2025-01-17 17:51:00,0.2597,0.2598,0.2597,0.2598,1224.0
2025-01-17 17:52:00,0.2598,0.2598,0.2598,0.2598,3050.0
2025-01-17 17:53:00,0.2597,0.2597,0.2595,0.2595,3335.0
2025-01-17 17:54:00,0.2598,0.2602,0.2598,0.2602,464.0
2025-01-17 17:55:00,0.2599,0.2599,0.2595,0.2596,24734.0
2025-01-17 17:56:00,0.2596,0.2596,0.2595,0.2595,5140.0
2025-01-17 17:57:00,0.2595,0.2596,0.2593,0.2596,72172.0
2025-01-17 17:58:00,0.2596,0.2596,0.2596,0.2596,0.0
2025-01-17 17:59:00,0.2597,0.2597,0.2597,0.2597,3089.0
2025-01-17 18:00:00,0.2599,0.26,0.2599,0.26,799.0
2025-01-17 18:01:00,0.2597,0.26,0.2596,0.2599,32704.0
2025-01-17 18:02:00,0.2598,0.2598,0.2598,0.2598,961.0
2025-01-17 18:03:00,0.2599,0.26,0.2599,0.2599,4325.0
2025-01-17 18:04:00,0.2601,0.2603,0.2601,0.2603,1742.0
2025-01-17 18:05:00,0.2604,0.2604,0.2604,0.2604,5354.0
2025-01-17 18:06:00,0.2603,0.2603,0.2602,0.2602,478.0
2025-01-17 18:07:00,0.2601,0.2601,0.2601,0.2601,430.0
2025-01-17 18:08:00,0.2601,0.2601,0.2601,0.2601,0.0
2025-01-17 18:09:00,0.2598,0.2598,0.2596,0.2596,483.0
2025-01-17 18:10:00,0.2598,0.2598,0.2593,0.2593,3543.0
2025-01-17 18:11:00,0.2593,0.2595,0.2593,0.2595,2670.0
2025-01-17 18:12:00,0.2597,0.2599,0.2597,0.2598,10298.0
2025-01-17 18:13:00,0.2598,0.2598,0.2598,0.2598,0.0
2025-01-17 18:14:00,0.2598,0.2598,0.2598,0.2598,0.0
2025-01-17 18:15:00,0.26,0.26,0.2598,0.2598,241.0
2025-01-17 18:16:00,0.2597,0.2598,0.2597,0.2598,1923.0
2025-01-17 18:17:00,0.26,0.26,0.2599,0.2599,226.0
2025-01-17 18:18:00,0.2602,0.2602,0.2602,0.2602,141.0
2025-01-17 18:19:00,0.2605,0.2605,0.2605,0.2605,3060.0
2025-01-17 18:20:00,0.2606,0.2606,0.2606,0.2606,74.0
2025-01-17 18:21:00,0.2606,0.2608,0.2606,0.2608,45.0
2025-01-17 18:22:00,0.2609,0.261,0.2609,0.261,211.0
2025-01-17 18:23:00,0.2609,0.2609,0.2609,0.2609,1137.0
2025-01-17 18:24:00,0.2608,0.2608,0.2608,0.2608,214.0
2025-01-17 18:25:00,0.2608,0.2608,0.2608,0.2608,0.0
2025-01-17 18:26:00,0.261,0.2611,0.2609,0.2609,112.0
2025-01-17 18:27:00,0.2612,0.2612,0.2611,0.2611,1682.0
2025-01-17 18:28:00,0.261,0.261,0.261,0.261,957.0
2025-01-17 18:29:00,0.2609,0.2611,0.2609,0.2611,15566.0
2025-01-17 18:30:00,0.261,0.2611,0.261,0.261,5900.0
2025-01-17 18:31:00,0.261,0.261,0.2609,0.2609,5928.0
2025-01-17 18:32:00,0.261,0.261,0.2609,0.2609,2246.0
2025-01-17 18:33:00,0.2609,0.261,0.2608,0.261,2481.0
2025-01-17 18:34:00,0.261,0.2611,0.261,0.2611,2393.0
2025-01-17 18:35:00,0.2611,0.2611,0.2611,0.2611,0.0
2025-01-17 18:36:00,0.2607,0.2609,0.2607,0.2609,5342.0
2025-01-17 18:37:00,0.2611,0.2613,0.2611,0.2613,10393.0
2025-01-17 18:38:00,0.2612,0.2612,0.2612,0.2612,250.0
2025-01-17 18:39:00,0.2612,0.2612,0.2612,0.2612,108.0
2025-01-17 18:40:00,0.2612,0.2612,0.2611,0.2611,2325.0
2025-01-17 18:41:00,0.2612,0.2612,0.2612,0.2612,987.0
2025-01-17 18:42:00,0.2612,0.2613,0.2612,0.2613,302.0
2025-01-17 18:43:00,0.2612,0.2612,0.2612,0.2612,4397.0
2025-01-17 18:44:00,0.2611,0.2611,0.261,0.261,57.0
2025-01-17 18:45:00,0.261,0.261,0.261,0.261,0.0
2025-01-17 18:46:00,0.261,0.261,0.261,0.261,447.0
2025-01-17 18:47:00,0.2609,0.2609,0.2609,0.2609,1000.0
2025-01-17 18:48:00,0.2608,0.2608,0.2608,0.2608,39.0
2025-01-17 18:49:00,0.2607,0.2607,0.2605,0.2605,3542.0
2025-01-17 18:50:00,0.2607,0.2607,0.2603,0.2603,137.0
2025-01-17 18:51:00,0.2602,0.2602,0.2602,0.2602,73.0
2025-01-17 18:52:00,0.2602,0.2602,0.2602,0.2602,0.0
2025-01-17 18:53:00,0.2606,0.2606,0.2606,0.2606,438.0
2025-01-17 18:54:00,0.2606,0.2606,0.2606,0.2606,0.0
2025-01-17 18:55:00,0.2603,0.2603,0.2603,0.2603,3060.0
2025-01-17 18:56:00,0.2603,0.2603,0.2603,0.2603,0.0
2025-01-17 18:57:00,0.2603,0.2603,0.2603,0.2603,0.0
2025-01-17 18:58:00,0.2602,0.2602,0.2601,0.2602,2135.0
2025-01-17 18:59:00,0.26,0.26,0.26,0.26,1000.0
2025-01-17 19:00:00,0.2602,0.2602,0.26,0.2601,11878.0
2025-01-17 19:01:00,0.26,0.2606,0.26,0.2606,2726.0
2025-01-17 19:02:00,0.2605,0.2605,0.2604,0.2604,151.0
2025-01-17 19:03:00,0.2608,0.2608,0.2608,0.2608,119.0
2025-01-17 19:04:00,0.2608,0.2608,0.2607,0.2607,781.0
2025-01-17 19:05:00,0.2606,0.2606,0.2606,0.2606,196.0
2025-01-17 19:06:00,0.2605,0.2605,0.2605,0.2605,24.0
2025-01-17 19:07:00,0.2605,0.2605,0.2605,0.2605,21.0
2025-01-17 19:08:00,0.2604,0.2605,0.2604,0.2605,64.0
2025-01-17 19:09:00,0.2605,0.2605,0.2605,0.2605,199.0
2025-01-17 19:10:00,0.2605,0.2605,0.2605,0.2605,0.0
2025-01-17 19:11:00,0.2609,0.2609,0.2609,0.2609,626.0
2025-01-17 19:12:00,0.2609,0.2609,0.2609,0.2609,38.0
2025-01-17 19:13:00,0.2609,0.2609,0.2609,0.2609,0.0
2025-01-17 19:14:00,0.2612,0.2612,0.2612,0.2612,43.0
2025-01-17 19:15:00,0.2615,0.2615,0.2615,0.2615,22.0
2025-01-17 19:16:00,0.2614,0.2614,0.2614,0.2614,20.0
2025-01-17 19:17:00,0.2615,0.2615,0.2615,0.2615,1039.0
2025-01-17 19:18:00,0.2615,0.2622,0.2615,0.2622,13164.0
2025-01-17 19:19:00,0.2622,0.2625,0.2622,0.2623,2395.0
2025-01-17 19:20:00,0.2624,0.2624,0.2621,0.2621,1275.0
2025-01-17 19:21:00,0.2624,0.2624,0.2623,0.2623,7569.0
2025-01-17 19:22:00,0.2623,0.2623,0.2623,0.2623,87.0
2025-01-17 19:23:00,0.2623,0.2623,0.2623,0.2623,0.0
2025-01-17 19:24:00,0.2621,0.2621,0.2621,0.2621,26.0
2025-01-17 19:25:00,0.2624,0.2624,0.262,0.2621,3127.0
2025-01-17 19:26:00,0.2622,0.2623,0.2622,0.2622,2385.0
2025-01-17 19:27:00,0.2622,0.2622,0.2622,0.2622,0.0
2025-01-17 19:28:00,0.262,0.262,0.2617,0.2617,8016.0
2025-01-17 19:29:00,0.2617,0.2618,0.2617,0.2618,421.0
2025-01-17 19:30:00,0.262,0.262,0.2615,0.2615,4183.0
2025-01-17 19:31:00,0.2613,0.2614,0.2613,0.2613,1273.0
2025-01-17 19:32:00,0.2613,0.2613,0.2611,0.2611,10734.0
2025-01-17 19:33:00,0.2612,0.2612,0.2608,0.2608,955.0
2025-01-17 19:34:00,0.2609,0.2609,0.2609,0.2609,936.0
2025-01-17 19:35:00,0.2608,0.2608,0.2608,0.2608,26.0
2025-01-17 19:36:00,0.2608,0.2608,0.2608,0.2608,0.0
2025-01-17 19:37:00,0.2608,0.2608,0.2608,0.2608,0.0
2025-01-17 19:38:00,0.2612,0.2612,0.2612,0.2612,148.0
2025-01-17 19:39:00,0.2613,0.2613,0.2612,0.2612,3850.0
2025-01-17 19:40:00,0.261,0.261,0.261,0.261,1080.0
2025-01-17 19:41:00,0.2611,0.2612,0.2611,0.2612,1059.0
2025-01-17 19:42:00,0.2611,0.2612,0.2611,0.2612,130.0
2025-01-17 19:43:00,0.2612,0.2612,0.2612,0.2612,0.0
2025-01-17 19:44:00,0.261,0.2612,0.261,0.2612,1982.0
2025-01-17 19:45:00,0.261,0.2611,0.261,0.2611,2258.0
2025-01-17 19:46:00,0.2612,0.2612,0.261,0.261,59.0
2025-01-17 19:47:00,0.2612,0.2612,0.2612,0.2612,53896.0
2025-01-17 19:48:00,0.2612,0.2612,0.2611,0.2611,397.0
2025-01-17 19:49:00,0.2615,0.2615,0.2615,0.2615,45.0
2025-01-17 19:50:00,0.2615,0.2615,0.2614,0.2614,579.0
2025-01-17 19:51:00,0.2616,0.2616,0.2615,0.2615,352.0
2025-01-17 19:52:00,0.2615,0.2615,0.2614,0.2614,1910.0
2025-01-17 19:53:00,0.2613,0.2614,0.2612,0.2613,7280.0
2025-01-17 19:54:00,0.2613,0.2613,0.2612,0.2612,763.0
2025-01-17 19:55:00,0.2612,0.2612,0.2612,0.2612,0.0
2025-01-17 19:56:00,0.2614,0.2614,0.2614,0.2614,4500.0
2025-01-17 19:57:00,0.2613,0.2613,0.2613,0.2613,37.0
2025-01-17 19:58:00,0.2613,0.2613,0.2613,0.2613,2653.0
2025-01-17 19:59:00,0.2613,0.2613,0.2613,0.2613,155.0
2025-01-17 20:00:00,0.2613,0.2613,0.2613,0.2613,38.0
2025-01-17 20:01:00,0.2615,0.2615,0.2615,0.2615,90.0
2025-01-17 20:02:00,0.2615,0.2617,0.2614,0.2617,11106.0
2025-01-17 20:03:00,0.2617,0.2617,0.2617,0.2617,0.0
2025-01-17 20:04:00,0.2618,0.2618,0.2618,0.2618,3060.0
2025-01-17 20:05:00,0.2617,0.2619,0.2616,0.2619,7543.0
2025-01-17 20:06:00,0.2619,0.2619,0.2618,0.2618,1495.0
2025-01-17 20:07:00,0.262,0.262,0.262,0.262,34.0
2025-01-17 20:08:00,0.2621,0.2624,0.2621,0.2624,3292.0
2025-01-17 20:09:00,0.2625,0.2626,0.2625,0.2626,3363.0
2025-01-17 20:10:00,0.2627,0.2632,0.2627,0.2632,27835.0
2025-01-17 20:11:00,0.2629,0.2629,0.2628,0.2628,96.0
2025-01-17 20:12:00,0.2628,0.2632,0.2628,0.2632,3258.0
2025-01-17 20:13:00,0.2633,0.2633,0.2633,0.2633,397.0
2025-01-17 20:14:00,0.2632,0.2632,0.2632,0.2632,325.0
2025-01-17 20:15:00,0.2632,0.2632,0.2632,0.2632,1567.0
2025-01-17 20:16:00,0.2632,0.2634,0.2632,0.2634,8419.0
2025-01-17 20:17:00,0.2635,0.2635,0.2634,0.2635,6366.0
2025-01-17 20:18:00,0.2636,0.2636,0.2635,0.2635,2648.0
2025-01-17 20:19:00,0.2635,0.2641,0.2635,0.2638,35015.0
2025-01-17 20:20:00,0.2639,0.264,0.2639,0.264,3620.0
2025-01-17 20:21:00,0.264,0.264,0.264,0.264,3060.0
2025-01-17 20:22:00,0.2637,0.2637,0.2636,0.2637,297.0
2025-01-17 20:23:00,0.2636,0.2636,0.2636,0.2636,3279.0
2025-01-17 20:24:00,0.2635,0.2636,0.2635,0.2635,927.0
2025-01-17 20:25:00,0.2632,0.2634,0.2632,0.2634,2271.0
2025-01-17 20:26:00,0.2636,0.2638,0.2636,0.2638,2961.0
2025-01-17 20:27:00,0.2637,0.264,0.2637,0.264,5810.0
2025-01-17 20:28:00,0.264,0.264,0.2639,0.2639,1606.0
2025-01-17 20:29:00,0.2639,0.2641,0.2639,0.2641,6758.0
2025-01-17 20:30:00,0.2642,0.2642,0.2641,0.2642,11507.0
2025-01-17 20:31:00,0.264,0.264,0.2639,0.264,1094.0
2025-01-17 20:32:00,0.2641,0.2641,0.2641,0.2641,4006.0
2025-01-17 20:33:00,0.2641,0.2645,0.2641,0.2644,13909.0
2025-01-17 20:34:00,0.2644,0.2646,0.2643,0.2643,17992.0
2025-01-17 20:35:00,0.2642,0.2644,0.2642,0.2644,811.0
2025-01-17 20:36:00,0.2644,0.2644,0.2641,0.2641,5100.0
2025-01-17 20:37:00,0.2643,0.2643,0.2642,0.2642,10708.0
2025-01-17 20:38:00,0.2642,0.2645,0.2642,0.2645,306.0
2025-01-17 20:39:00,0.2643,0.2643,0.2643,0.2643,86.0
2025-01-17 20:40:00,0.2645,0.2645,0.2644,0.2645,5014.0
2025-01-17 20:41:00,0.2646,0.2646,0.2645,0.2646,17718.0
2025-01-17 20:42:00,0.2646,0.2648,0.2645,0.2645,25071.0
2025-01-17 20:43:00,0.2645,0.2646,0.2645,0.2646,2292.0
2025-01-17 20:44:00,0.2646,0.2646,0.2646,0.2646,3155.0
2025-01-17 20:45:00,0.2647,0.2647,0.2647,0.2647,430.0
2025-01-17 20:46:00,0.2647,0.2647,0.2647,0.2647,0.0
2025-01-17 20:47:00,0.2647,0.2647,0.2647,0.2647,1038.0
2025-01-17 20:48:00,0.2648,0.2648,0.2647,0.2647,1028.0
2025-01-17 20:49:00,0.2647,0.265,0.2647,0.265,7611.0
2025-01-17 20:50:00,0.265,0.265,0.265,0.265,46.0
2025-01-17 20:51:00,0.2649,0.2649,0.2646,0.2646,3798.0
2025-01-17 20:52:00,0.2649,0.2651,0.2649,0.2651,1441.0
2025-01-17 20:53:00,0.2651,0.2654,0.265,0.2652,73952.0
2025-01-17 20:54:00,0.2652,0.2654,0.2652,0.2654,6727.0
2025-01-17 20:55:00,0.2654,0.2654,0.2651,0.2653,4116.0
2025-01-17 20:56:00,0.2653,0.2653,0.2648,0.2648,3973.0
2025-01-17 20:57:00,0.265,0.265,0.2645,0.2646,13436.0
2025-01-17 20:58:00,0.2646,0.2648,0.2646,0.2648,1287.0
2025-01-17 20:59:00,0.265,0.2653,0.2649,0.2649,6847.0
2025-01-17 21:00:00,0.2648,0.2649,0.2646,0.2648,12008.0
2025-01-17 21:01:00,0.2649,0.2652,0.2649,0.2652,7180.0
2025-01-17 21:02:00,0.2652,0.2652,0.2652,0.2652,0.0
2025-01-17 21:03:00,0.2652,0.2652,0.265,0.2651,3496.0
2025-01-17 21:04:00,0.2652,0.2652,0.2652,0.2652,2034.0
2025-01-17 21:05:00,0.2652,0.2654,0.2652,0.2653,11549.0
2025-01-17 21:06:00,0.2652,0.2654,0.2649,0.265,16403.0
2025-01-17 21:07:00,0.265,0.2651,0.2649,0.2651,1551.0
2025-01-17 21:08:00,0.2646,0.2646,0.2643,0.2643,1885.0
2025-01-17 21:09:00,0.2644,0.2644,0.2643,0.2643,5513.0
2025-01-17 21:10:00,0.2643,0.2644,0.2643,0.2644,137.0
2025-01-17 21:11:00,0.2645,0.2645,0.2644,0.2644,3543.0
2025-01-17 21:12:00,0.2644,0.2644,0.2644,0.2644,944.0
2025-01-17 21:13:00,0.2643,0.2645,0.2643,0.2645,79.0
2025-01-17 21:14:00,0.2647,0.2649,0.2647,0.2649,3590.0
2025-01-17 21:15:00,0.2651,0.2651,0.2651,0.2651,51.0
2025-01-17 21:16:00,0.2652,0.2652,0.265,0.265,4873.0
2025-01-17 21:17:00,0.2648,0.2648,0.2648,0.2648,76.0
2025-01-17 21:18:00,0.2647,0.2647,0.2647,0.2647,2805.0
2025-01-17 21:19:00,0.2647,0.2647,0.2643,0.2643,4265.0
2025-01-17 21:20:00,0.2644,0.2644,0.2644,0.2644,324.0
2025-01-17 21:21:00,0.2645,0.2645,0.2645,0.2645,650.0
2025-01-17 21:22:00,0.2645,0.2645,0.2645,0.2645,0.0
2025-01-17 21:23:00,0.2645,0.2645,0.2645,0.2645,0.0
2025-01-17 21:24:00,0.265,0.265,0.2648,0.2649,7788.0
2025-01-17 21:25:00,0.2649,0.2649,0.2649,0.2649,181.0
2025-01-17 21:26:00,0.265,0.265,0.265,0.265,155.0
2025-01-17 21:27:00,0.2649,0.2649,0.2649,0.2649,5437.0
2025-01-17 21:28:00,0.265,0.265,0.2649,0.2649,1508.0
2025-01-17 21:29:00,0.2649,0.2649,0.2649,0.2649,943.0
2025-01-17 21:30:00,0.2648,0.2648,0.2647,0.2647,1019.0
2025-01-17 21:31:00,0.2646,0.2648,0.2646,0.2647,6474.0
2025-01-17 21:32:00,0.2648,0.265,0.2648,0.265,23722.0
2025-01-17 21:33:00,0.2651,0.2651,0.2646,0.2646,2185.0
2025-01-17 21:34:00,0.2645,0.2646,0.2644,0.2646,13070.0
2025-01-17 21:35:00,0.2646,0.2646,0.2646,0.2646,1464.0
2025-01-17 21:36:00,0.2647,0.2649,0.2645,0.2645,9974.0
2025-01-17 21:37:00,0.2645,0.2645,0.2645,0.2645,378.0
2025-01-17 21:38:00,0.2642,0.2642,0.2636,0.2637,26902.0
2025-01-17 21:39:00,0.2637,0.2637,0.2634,0.2637,16326.0
2025-01-17 21:40:00,0.2639,0.2639,0.2637,0.2639,2109.0
2025-01-17 21:41:00,0.2635,0.2635,0.2635,0.2635,21.0
2025-01-17 21:42:00,0.2637,0.2637,0.2636,0.2636,1133.0
2025-01-17 21:43:00,0.2638,0.2638,0.2638,0.2638,97.0
2025-01-17 21:44:00,0.2636,0.2636,0.2636,0.2636,1735.0
2025-01-17 21:45:00,0.2635,0.2637,0.2635,0.2637,1081.0
2025-01-17 21:46:00,0.2637,0.2638,0.2637,0.2638,1894.0
2025-01-17 21:47:00,0.2637,0.2637,0.2635,0.2635,3879.0
2025-01-17 21:48:00,0.2635,0.2637,0.2635,0.2637,1030.0
2025-01-17 21:49:00,0.2638,0.2638,0.2638,0.2638,3571.0
2025-01-17 21:50:00,0.264,0.264,0.264,0.264,94.0
2025-01-17 21:51:00,0.2637,0.2637,0.2635,0.2635,140.0
2025-01-17 21:52:00,0.2634,0.2635,0.2633,0.2635,978.0
2025-01-17 21:53:00,0.2638,0.2639,0.2638,0.2639,3686.0
2025-01-17 21:54:00,0.264,0.264,0.2639,0.2639,147.0
2025-01-17 21:55:00,0.2639,0.2639,0.2639,0.2639,0.0
2025-01-17 21:56:00,0.2639,0.2639,0.2638,0.2638,5659.0
2025-01-17 21:57:00,0.2639,0.2639,0.2639,0.2639,146.0
2025-01-17 21:58:00,0.2639,0.2639,0.2639,0.2639,0.0
2025-01-17 21:59:00,0.2642,0.2643,0.2642,0.2643,4169.0
2025-01-17 22:00:00,0.2643,0.2645,0.2643,0.2645,649.0
2025-01-17 22:01:00,0.2644,0.2644,0.2644,0.2644,1632.0
2025-01-17 22:02:00,0.2642,0.2642,0.2642,0.2642,33.0
2025-01-17 22:03:00,0.2642,0.2645,0.2642,0.2645,663.0
2025-01-17 22:04:00,0.2646,0.2647,0.2645,0.2647,6930.0
2025-01-17 22:05:00,0.2647,0.2647,0.2646,0.2647,49071.0
2025-01-17 22:06:00,0.2647,0.2647,0.2645,0.2645,765.0
2025-01-17 22:07:00,0.2647,0.2647,0.2647,0.2647,4335.0
2025-01-17 22:08:00,0.2649,0.2651,0.2649,0.2651,1644.0
2025-01-17 22:09:00,0.2651,0.2654,0.2651,0.2654,15077.0
2025-01-17 22:10:00,0.2653,0.2654,0.2653,0.2654,70.0
2025-01-17 22:11:00,0.2654,0.2655,0.2654,0.2655,5784.0
2025-01-17 22:12:00,0.2653,0.2654,0.2651,0.2654,5453.0
2025-01-17 22:13:00,0.2653,0.2653,0.2651,0.2652,10955.0
2025-01-17 22:14:00,0.2653,0.2653,0.2653,0.2653,57.0
2025-01-17 22:15:00,0.2654,0.2654,0.265,0.265,8175.0
2025-01-17 22:16:00,0.2652,0.2653,0.2651,0.2652,2731.0
2025-01-17 22:17:00,0.2651,0.2651,0.2651,0.2651,2450.0
2025-01-17 22:18:00,0.2651,0.2651,0.265,0.265,1030.0
2025-01-17 22:19:00,0.265,0.265,0.265,0.265,1075.0
2025-01-17 22:20:00,0.2649,0.2652,0.2648,0.2652,60173.0
2025-01-17 22:21:00,0.265,0.265,0.265,0.265,10000.0
2025-01-17 22:22:00,0.265,0.265,0.265,0.265,0.0
2025-01-17 22:23:00,0.2651,0.2651,0.2651,0.2651,32.0
2025-01-17 22:24:00,0.2655,0.2655,0.2654,0.2654,2632.0
2025-01-17 22:25:00,0.2654,0.2655,0.2654,0.2655,2366.0
2025-01-17 22:26:00,0.2655,0.2655,0.2654,0.2655,1698.0
2025-01-17 22:27:00,0.2655,0.2655,0.2655,0.2655,2237.0
2025-01-17 22:28:00,0.2656,0.2657,0.2655,0.2655,7529.0
2025-01-17 22:29:00,0.2656,0.2657,0.2656,0.2656,2347.0
2025-01-17 22:30:00,0.2656,0.2656,0.2656,0.2656,0.0
2025-01-17 22:31:00,0.2655,0.2655,0.2653,0.2653,7381.0
2025-01-17 22:32:00,0.2653,0.2653,0.2653,0.2653,0.0
2025-01-17 22:33:00,0.2653,0.2654,0.2653,0.2654,19683.0
2025-01-17 22:34:00,0.2654,0.2654,0.2654,0.2654,0.0
2025-01-17 22:35:00,0.2657,0.2657,0.2655,0.2655,493.0
2025-01-17 22:36:00,0.2657,0.2657,0.2655,0.2655,164.0
2025-01-17 22:37:00,0.2655,0.2655,0.2654,0.2654,2214.0
2025-01-17 22:38:00,0.2657,0.2657,0.2657,0.2657,685.0
2025-01-17 22:39:00,0.2655,0.2657,0.2655,0.2657,287.0
2025-01-17 22:40:00,0.2657,0.2658,0.2657,0.2658,2647.0
2025-01-17 22:41:00,0.2658,0.2659,0.2658,0.2658,1434.0
2025-01-17 22:42:00,0.2658,0.2658,0.2658,0.2658,8749.0
2025-01-17 22:43:00,0.2658,0.2658,0.2656,0.2658,5722.0
2025-01-17 22:44:00,0.2657,0.2657,0.2656,0.2657,1843.0
2025-01-17 22:45:00,0.2657,0.2657,0.2657,0.2657,853.0
2025-01-17 22:46:00,0.2656,0.2656,0.2655,0.2655,5487.0
2025-01-17 22:47:00,0.2655,0.2655,0.2652,0.2653,8132.0
2025-01-17 22:48:00,0.2652,0.2653,0.2651,0.2653,1040.0
2025-01-17 22:49:00,0.2653,0.2653,0.2652,0.2652,260.0
2025-01-17 22:50:00,0.2652,0.2652,0.2652,0.2652,1241.0
2025-01-17 22:51:00,0.2653,0.2654,0.2651,0.2651,20590.0
2025-01-17 22:52:00,0.2655,0.2658,0.2655,0.2658,3784.0
2025-01-17 22:53:00,0.2659,0.2661,0.2659,0.266,16998.0
2025-01-17 22:54:00,0.266,0.266,0.266,0.266,0.0
2025-01-17 22:55:00,0.2661,0.2663,0.2661,0.2663,1948.0
2025-01-17 22:56:00,0.2663,0.2664,0.2661,0.2661,5736.0
2025-01-17 22:57:00,0.2661,0.2662,0.2658,0.266,6750.0
2025-01-17 22:58:00,0.2658,0.2658,0.2658,0.2658,940.0
2025-01-17 22:59:00,0.2657,0.2657,0.2654,0.2654,15108.0
2025-01-17 23:00:00,0.2655,0.2656,0.2652,0.2652,46060.0
2025-01-17 23:01:00,0.2651,0.2651,0.2649,0.2649,16533.0
2025-01-17 23:02:00,0.2649,0.2651,0.2649,0.265,22128.0
2025-01-17 23:03:00,0.2649,0.2649,0.2647,0.2647,16025.0
2025-01-17 23:04:00,0.2647,0.265,0.2647,0.2648,31296.0
2025-01-17 23:05:00,0.2648,0.2648,0.2648,0.2648,2282.0
2025-01-17 23:06:00,0.2647,0.2647,0.2645,0.2645,3256.0
2025-01-17 23:07:00,0.2645,0.2647,0.2645,0.2647,393.0
2025-01-17 23:08:00,0.2648,0.265,0.2648,0.2648,1132.0
2025-01-17 23:09:00,0.2649,0.2649,0.2647,0.2647,13605.0
2025-01-17 23:10:00,0.2647,0.2648,0.2646,0.2646,4288.0
2025-01-17 23:11:00,0.2644,0.2644,0.2643,0.2643,3540.0
2025-01-17 23:12:00,0.2643,0.2646,0.2643,0.2646,1188.0
2025-01-17 23:13:00,0.2647,0.2648,0.2644,0.2644,17365.0
2025-01-17 23:14:00,0.2644,0.2644,0.2644,0.2644,0.0
2025-01-17 23:15:00,0.2644,0.2644,0.2644,0.2644,0.0
2025-01-17 23:16:00,0.2651,0.2651,0.2651,0.2651,136.0
2025-01-17 23:17:00,0.2651,0.2651,0.2651,0.2651,0.0
2025-01-17 23:18:00,0.2651,0.2651,0.2649,0.2649,4190.0
2025-01-17 23:19:00,0.2649,0.265,0.2649,0.265,2984.0
2025-01-17 23:20:00,0.2651,0.2651,0.2651,0.2651,1769.0
2025-01-17 23:21:00,0.2651,0.2654,0.265,0.2654,20210.0
2025-01-17 23:22:00,0.2652,0.2653,0.265,0.2653,8258.0
2025-01-17 23:23:00,0.2654,0.2655,0.2654,0.2655,553.0
2025-01-17 23:24:00,0.2654,0.2655,0.2653,0.2653,1233.0
2025-01-17 23:25:00,0.2654,0.2654,0.2654,0.2654,95.0
2025-01-17 23:26:00,0.2653,0.2653,0.2653,0.2653,104.0
2025-01-17 23:27:00,0.2651,0.2651,0.2651,0.2651,1644.0
2025-01-17 23:28:00,0.265,0.265,0.2649,0.2649,12100.0
2025-01-17 23:29:00,0.2649,0.2649,0.2649,0.2649,1093.0
2025-01-17 23:30:00,0.2649,0.2649,0.2649,0.2649,0.0
2025-01-17 23:31:00,0.2649,0.2649,0.2649,0.2649,73.0
2025-01-17 23:32:00,0.2653,0.2653,0.2653,0.2653,2235.0
2025-01-17 23:33:00,0.2651,0.2651,0.2651,0.2651,942.0
2025-01-17 23:34:00,0.2652,0.2652,0.2652,0.2652,1089.0
2025-01-17 23:35:00,0.2651,0.2651,0.2651,0.2651,1131.0
2025-01-17 23:36:00,0.2651,0.2651,0.2651,0.2651,0.0
2025-01-17 23:37:00,0.2651,0.2651,0.2651,0.2651,0.0
2025-01-17 23:38:00,0.2653,0.2653,0.2652,0.2652,3050.0
2025-01-17 23:39:00,0.2652,0.2652,0.2652,0.2652,0.0
2025-01-17 23:40:00,0.2652,0.2652,0.2652,0.2652,0.0
2025-01-17 23:41:00,0.2654,0.2654,0.2654,0.2654,39.0
2025-01-17 23:42:00,0.2654,0.2654,0.2654,0.2654,0.0
2025-01-17 23:43:00,0.2652,0.2652,0.2652,0.2652,1626.0
2025-01-17 23:44:00,0.2653,0.2653,0.2649,0.2649,49392.0
2025-01-17 23:45:00,0.2648,0.2648,0.2648,0.2648,11705.0
2025-01-17 23:46:00,0.2649,0.2649,0.2649,0.2649,38.0
2025-01-17 23:47:00,0.2648,0.2648,0.2647,0.2647,16286.0
2025-01-17 23:48:00,0.2647,0.2647,0.2647,0.2647,0.0
2025-01-17 23:49:00,0.2647,0.2647,0.2647,0.2647,2508.0
2025-01-17 23:50:00,0.2646,0.2646,0.2645,0.2645,793.0
2025-01-17 23:51:00,0.2643,0.2643,0.2642,0.2642,3421.0
2025-01-17 23:52:00,0.2643,0.2643,0.2643,0.2643,9750.0
2025-01-17 23:53:00,0.2643,0.2644,0.2643,0.2643,17443.0
2025-01-17 23:54:00,0.2643,0.2643,0.2643,0.2643,29.0
2025-01-17 23:55:00,0.2642,0.2643,0.2642,0.2642,1029.0
2025-01-17 23:56:00,0.2642,0.2642,0.2642,0.2642,0.0
2025-01-17 23:57:00,0.2642,0.2642,0.2642,0.2642,0.0
2025-01-17 23:58:00,0.2641,0.2641,0.2641,0.2641,858.0
2025-01-17 23:59:00,0.2641,0.2641,0.2641,0.2641,70.0
2025-01-18 00:00:00,0.2641,0.2644,0.264,0.264,12273.0
2025-01-18 00:01:00,0.264,0.2648,0.264,0.2648,6644.0
2025-01-18 00:02:00,0.2649,0.2653,0.2649,0.2652,4873.0
2025-01-18 00:03:00,0.265,0.265,0.265,0.265,1865.0
2025-01-18 00:04:00,0.2651,0.2651,0.265,0.265,81.0
2025-01-18 00:05:00,0.2652,0.2652,0.2649,0.2649,19572.0
2025-01-18 00:06:00,0.265,0.2652,0.265,0.2651,14652.0
2025-01-18 00:07:00,0.265,0.2653,0.265,0.2653,22631.0
2025-01-18 00:08:00,0.2653,0.2653,0.2653,0.2653,162.0
2025-01-18 00:09:00,0.2651,0.2653,0.2651,0.2653,1533.0
2025-01-18 00:10:00,0.2654,0.2657,0.2654,0.2655,7492.0
2025-01-18 00:11:00,0.2655,0.2655,0.2653,0.2653,4363.0
2025-01-18 00:12:00,0.2654,0.2654,0.2654,0.2654,4540.0
2025-01-18 00:13:00,0.2655,0.2655,0.2655,0.2655,1512.0
2025-01-18 00:14:00,0.2654,0.2657,0.2653,0.2657,13094.0
2025-01-18 00:15:00,0.2657,0.2662,0.2656,0.2661,24421.0
2025-01-18 00:16:00,0.2662,0.2667,0.2662,0.2666,23583.0
2025-01-18 00:17:00,0.2664,0.267,0.2664,0.2668,22870.0
2025-01-18 00:18:00,0.2668,0.2678,0.2668,0.2678,97257.0
2025-01-18 00:19:00,0.2678,0.2683,0.2677,0.2683,94844.0
2025-01-18 00:20:00,0.2683,0.2689,0.268,0.2687,87318.0
2025-01-18 00:21:00,0.2687,0.2709,0.2686,0.2688,674715.0
2025-01-18 00:22:00,0.2689,0.2694,0.2671,0.2678,118082.0
2025-01-18 00:23:00,0.2678,0.2694,0.2678,0.2688,112425.0
2025-01-18 00:24:00,0.2686,0.2686,0.2677,0.2682,35833.0
2025-01-18 00:25:00,0.2683,0.2693,0.2682,0.2689,45521.0
2025-01-18 00:26:00,0.269,0.27,0.269,0.2693,77597.0
2025-01-18 00:27:00,0.2692,0.2696,0.269,0.2694,51719.0
2025-01-18 00:28:00,0.2693,0.2693,0.2691,0.2693,29358.0
2025-01-18 00:29:00,0.2694,0.2696,0.2692,0.2692,15957.0
2025-01-18 00:30:00,0.2692,0.2694,0.2687,0.2687,33871.0
2025-01-18 00:31:00,0.2686,0.2688,0.2683,0.2687,41013.0
2025-01-18 00:32:00,0.2687,0.2687,0.2676,0.2676,24836.0
2025-01-18 00:33:00,0.2677,0.2677,0.2673,0.2674,28580.0
2025-01-18 00:34:00,0.2673,0.2673,0.2671,0.2671,6647.0
2025-01-18 00:35:00,0.2671,0.2671,0.2666,0.2666,31747.0
2025-01-18 00:36:00,0.2666,0.267,0.2666,0.2666,6266.0
2025-01-18 00:37:00,0.2666,0.2667,0.2663,0.2667,13115.0
2025-01-18 00:38:00,0.2669,0.2673,0.2669,0.2671,7886.0
2025-01-18 00:39:00,0.2674,0.2677,0.2673,0.2675,12139.0
2025-01-18 00:40:00,0.2676,0.2679,0.2673,0.2673,11584.0
2025-01-18 00:41:00,0.2672,0.2672,0.2668,0.2669,25292.0
2025-01-18 00:42:00,0.2671,0.2673,0.2671,0.2672,5418.0
2025-01-18 00:43:00,0.267,0.267,0.2669,0.2669,1958.0
2025-01-18 00:44:00,0.2669,0.2672,0.2669,0.2672,8716.0
2025-01-18 00:45:00,0.2673,0.2674,0.2669,0.2669,15036.0
2025-01-18 00:46:00,0.2669,0.2669,0.2665,0.2666,24411.0
2025-01-18 00:47:00,0.2667,0.2669,0.2667,0.2668,21552.0
2025-01-18 00:48:00,0.2668,0.2668,0.2665,0.2666,10652.0
2025-01-18 00:49:00,0.2665,0.2665,0.2664,0.2664,12423.0
2025-01-18 00:50:00,0.2665,0.2666,0.2665,0.2665,11030.0
2025-01-18 00:51:00,0.2665,0.2665,0.2661,0.2661,17516.0
2025-01-18 00:52:00,0.2661,0.2664,0.2661,0.2662,33399.0
2025-01-18 00:53:00,0.2662,0.2664,0.2662,0.2662,14228.0
2025-01-18 00:54:00,0.2662,0.2662,0.2662,0.2662,2340.0
2025-01-18 00:55:00,0.2663,0.2664,0.2662,0.2662,5063.0
2025-01-18 00:56:00,0.2663,0.2665,0.2663,0.2663,6174.0
2025-01-18 00:57:00,0.2666,0.2671,0.2666,0.2669,34747.0
2025-01-18 00:58:00,0.2668,0.2668,0.2668,0.2668,56.0
2025-01-18 00:59:00,0.2667,0.2667,0.2666,0.2666,2119.0
2025-01-18 01:00:00,0.2666,0.2666,0.2662,0.2662,2303.0
2025-01-18 01:01:00,0.2659,0.266,0.2656,0.2658,13602.0
2025-01-18 01:02:00,0.2658,0.2663,0.2658,0.2659,38835.0
2025-01-18 01:03:00,0.2658,0.266,0.2657,0.2659,19859.0
2025-01-18 01:04:00,0.266,0.2661,0.2658,0.2661,7088.0
2025-01-18 01:05:00,0.266,0.2662,0.266,0.2662,10682.0
2025-01-18 01:06:00,0.2659,0.2659,0.2652,0.2652,11406.0
2025-01-18 01:07:00,0.2652,0.2653,0.2648,0.2648,19962.0
2025-01-18 01:08:00,0.2649,0.265,0.2649,0.2649,3022.0
2025-01-18 01:09:00,0.2649,0.265,0.2647,0.2647,558.0
2025-01-18 01:10:00,0.2647,0.2648,0.2647,0.2647,4099.0
2025-01-18 01:11:00,0.2652,0.2652,0.265,0.265,4070.0
2025-01-18 01:12:00,0.2653,0.2655,0.2651,0.2651,17381.0
2025-01-18 01:13:00,0.2651,0.2651,0.265,0.265,8486.0
2025-01-18 01:14:00,0.265,0.2651,0.265,0.265,1909.0
2025-01-18 01:15:00,0.2647,0.2647,0.2642,0.2643,19812.0
2025-01-18 01:16:00,0.2643,0.2643,0.264,0.264,9760.0
2025-01-18 01:17:00,0.2641,0.2641,0.2641,0.2641,1000.0
2025-01-18 01:18:00,0.2642,0.2644,0.2638,0.2638,11138.0
2025-01-18 01:19:00,0.2638,0.2638,0.2637,0.2638,3292.0
2025-01-18 01:20:00,0.2637,0.2637,0.2635,0.2635,10267.0
2025-01-18 01:21:00,0.2634,0.2634,0.2633,0.2633,6795.0
2025-01-18 01:22:00,0.2635,0.2636,0.2635,0.2636,71.0
2025-01-18 01:23:00,0.2636,0.2637,0.2636,0.2637,2899.0
2025-01-18 01:24:00,0.2638,0.2639,0.2638,0.2639,3141.0
2025-01-18 01:25:00,0.2636,0.2637,0.2636,0.2636,2025.0
2025-01-18 01:26:00,0.2636,0.2636,0.2636,0.2636,0.0
2025-01-18 01:27:00,0.2636,0.2636,0.2635,0.2635,2850.0
2025-01-18 01:28:00,0.2635,0.2638,0.2635,0.2637,10524.0
2025-01-18 01:29:00,0.2637,0.2637,0.2637,0.2637,54.0
2025-01-18 01:30:00,0.2639,0.2639,0.2638,0.2638,3652.0
2025-01-18 01:31:00,0.2636,0.2636,0.2636,0.2636,21.0
2025-01-18 01:32:00,0.2636,0.2636,0.2636,0.2636,0.0
2025-01-18 01:33:00,0.2635,0.2635,0.263,0.263,14090.0
2025-01-18 01:34:00,0.2632,0.2632,0.2625,0.2628,28369.0
2025-01-18 01:35:00,0.2627,0.2627,0.2624,0.2624,2508.0
2025-01-18 01:36:00,0.2623,0.2627,0.2622,0.2626,2971.0
2025-01-18 01:37:00,0.2624,0.2626,0.2624,0.2625,8371.0
2025-01-18 01:38:00,0.2624,0.2625,0.2622,0.2625,4941.0
2025-01-18 01:39:00,0.2625,0.2625,0.2625,0.2625,3638.0
2025-01-18 01:40:00,0.2625,0.2626,0.2624,0.2626,6584.0
2025-01-18 01:41:00,0.2625,0.2625,0.2625,0.2625,1467.0
2025-01-18 01:42:00,0.263,0.2633,0.263,0.2632,2022.0
2025-01-18 01:43:00,0.2631,0.2631,0.2631,0.2631,4958.0
2025-01-18 01:44:00,0.263,0.263,0.263,0.263,1895.0
2025-01-18 01:45:00,0.263,0.2632,0.263,0.263,8177.0
2025-01-18 01:46:00,0.263,0.263,0.2628,0.2628,4613.0
2025-01-18 01:47:00,0.2625,0.2627,0.2625,0.2627,4403.0
2025-01-18 01:48:00,0.2629,0.263,0.2628,0.2628,12059.0
2025-01-18 01:49:00,0.2627,0.2627,0.2627,0.2627,413.0
2025-01-18 01:50:00,0.2628,0.2628,0.2628,0.2628,1161.0
2025-01-18 01:51:00,0.2629,0.2629,0.2629,0.2629,950.0
2025-01-18 01:52:00,0.263,0.263,0.263,0.263,90.0
2025-01-18 01:53:00,0.2631,0.2631,0.2629,0.2629,27289.0
2025-01-18 01:54:00,0.2628,0.2628,0.2626,0.2627,5732.0
2025-01-18 01:55:00,0.2631,0.2631,0.2631,0.2631,1551.0
2025-01-18 01:56:00,0.263,0.263,0.263,0.263,5000.0
2025-01-18 01:57:00,0.263,0.263,0.263,0.263,1691.0
2025-01-18 01:58:00,0.263,0.2632,0.263,0.2632,4146.0
2025-01-18 01:59:00,0.2631,0.2631,0.2629,0.2629,5096.0
2025-01-18 02:00:00,0.2629,0.2631,0.2629,0.2631,2450.0
2025-01-18 02:01:00,0.2632,0.2634,0.2632,0.2634,14398.0
2025-01-18 02:02:00,0.2633,0.2633,0.2631,0.2631,5972.0
2025-01-18 02:03:00,0.2632,0.2633,0.2632,0.2633,4195.0
2025-01-18 02:04:00,0.2632,0.2632,0.2631,0.2631,1918.0
2025-01-18 02:05:00,0.263,0.263,0.263,0.263,4579.0
2025-01-18 02:06:00,0.2631,0.2632,0.2629,0.2631,8908.0
2025-01-18 02:07:00,0.2631,0.2631,0.2629,0.2629,5794.0
2025-01-18 02:08:00,0.2631,0.264,0.2631,0.2639,14250.0
2025-01-18 02:09:00,0.2635,0.2635,0.2633,0.2633,7826.0
2025-01-18 02:10:00,0.2634,0.2634,0.2632,0.2632,4880.0
2025-01-18 02:11:00,0.2637,0.2637,0.2633,0.2633,1026.0
2025-01-18 02:12:00,0.2633,0.2633,0.2633,0.2633,1551.0
2025-01-18 02:13:00,0.2634,0.2634,0.2634,0.2634,57.0
2025-01-18 02:14:00,0.2635,0.2635,0.2635,0.2635,21.0
2025-01-18 02:15:00,0.2636,0.2643,0.2636,0.2641,14651.0
2025-01-18 02:16:00,0.264,0.264,0.2638,0.2638,1991.0
2025-01-18 02:17:00,0.2638,0.264,0.2638,0.264,1454.0
2025-01-18 02:18:00,0.264,0.264,0.264,0.264,946.0
2025-01-18 02:19:00,0.264,0.264,0.2638,0.2638,1943.0
2025-01-18 02:20:00,0.2639,0.2639,0.2637,0.2637,4755.0
2025-01-18 02:21:00,0.2638,0.2639,0.2638,0.2639,253.0
2025-01-18 02:22:00,0.264,0.264,0.2639,0.2639,1133.0
2025-01-18 02:23:00,0.2637,0.2637,0.2637,0.2637,968.0
2025-01-18 02:24:00,0.2638,0.2639,0.2638,0.2639,488.0
2025-01-18 02:25:00,0.2641,0.2641,0.2638,0.264,3379.0
2025-01-18 02:26:00,0.264,0.264,0.264,0.264,0.0
2025-01-18 02:27:00,0.2639,0.2639,0.2639,0.2639,946.0
2025-01-18 02:28:00,0.2639,0.2639,0.2639,0.2639,0.0
2025-01-18 02:29:00,0.2636,0.2636,0.2636,0.2636,239.0
2025-01-18 02:30:00,0.2637,0.2637,0.2633,0.2633,501.0
2025-01-18 02:31:00,0.2632,0.2633,0.2631,0.2633,1007.0
2025-01-18 02:32:00,0.2633,0.2633,0.263,0.263,128.0
2025-01-18 02:33:00,0.2632,0.2632,0.2632,0.2632,38.0
2025-01-18 02:34:00,0.2632,0.2632,0.2632,0.2632,195.0
2025-01-18 02:35:00,0.2632,0.2634,0.2632,0.2634,1516.0
2025-01-18 02:36:00,0.2635,0.2636,0.2635,0.2636,1005.0
2025-01-18 02:37:00,0.2636,0.2636,0.2635,0.2635,2853.0
2025-01-18 02:38:00,0.2634,0.2634,0.2634,0.2634,901.0
2025-01-18 02:39:00,0.2632,0.2632,0.2631,0.2631,1897.0
2025-01-18 02:40:00,0.2632,0.2633,0.2632,0.2633,118.0
2025-01-18 02:41:00,0.2633,0.2633,0.2632,0.2632,4773.0
2025-01-18 02:42:00,0.2634,0.2634,0.2634,0.2634,465.0
2025-01-18 02:43:00,0.2633,0.2633,0.2633,0.2633,41.0
2025-01-18 02:44:00,0.2633,0.2635,0.2633,0.2635,3669.0
2025-01-18 02:45:00,0.2637,0.2637,0.2637,0.2637,2489.0
2025-01-18 02:46:00,0.2636,0.2636,0.2636,0.2636,1000.0
2025-01-18 02:47:00,0.2635,0.2636,0.2635,0.2636,3622.0
2025-01-18 02:48:00,0.2636,0.2636,0.2636,0.2636,0.0
2025-01-18 02:49:00,0.2633,0.2633,0.2633,0.2633,38.0
2025-01-18 02:50:00,0.2633,0.2633,0.2633,0.2633,0.0
2025-01-18 02:51:00,0.2633,0.2633,0.2633,0.2633,0.0
2025-01-18 02:52:00,0.2634,0.2634,0.2629,0.2631,4296.0
2025-01-18 02:53:00,0.2632,0.2632,0.263,0.263,1955.0
2025-01-18 02:54:00,0.263,0.263,0.2628,0.2628,926.0
2025-01-18 02:55:00,0.2626,0.2626,0.2623,0.2623,21448.0
2025-01-18 02:56:00,0.2623,0.2623,0.2622,0.2622,1640.0
2025-01-18 02:57:00,0.2622,0.2624,0.2621,0.2624,11122.0
2025-01-18 02:58:00,0.2624,0.2624,0.2624,0.2624,0.0
2025-01-18 02:59:00,0.2624,0.2624,0.2624,0.2624,0.0
2025-01-18 03:00:00,0.2624,0.263,0.2624,0.2628,20090.0
2025-01-18 03:01:00,0.2629,0.2633,0.2629,0.2629,12513.0
2025-01-18 03:02:00,0.263,0.2637,0.263,0.2635,26947.0
2025-01-18 03:03:00,0.2632,0.2632,0.2632,0.2632,535.0
2025-01-18 03:04:00,0.2631,0.2634,0.263,0.2633,22170.0
2025-01-18 03:05:00,0.2631,0.2631,0.2628,0.2628,465.0
2025-01-18 03:06:00,0.2628,0.2628,0.2627,0.2627,760.0
2025-01-18 03:07:00,0.2629,0.2635,0.2629,0.2635,1649.0
2025-01-18 03:08:00,0.2633,0.2633,0.2633,0.2633,84.0
2025-01-18 03:09:00,0.2636,0.264,0.2636,0.264,14234.0
2025-01-18 03:10:00,0.2638,0.2638,0.2637,0.2637,1156.0
2025-01-18 03:11:00,0.2636,0.2636,0.2636,0.2636,1046.0
2025-01-18 03:12:00,0.2635,0.2635,0.2633,0.2633,1000.0
2025-01-18 03:13:00,0.2633,0.2633,0.2631,0.2632,1202.0
2025-01-18 03:14:00,0.2631,0.2633,0.2631,0.2633,1028.0
2025-01-18 03:15:00,0.2632,0.2634,0.2632,0.2634,497.0
2025-01-18 03:16:00,0.2634,0.2634,0.263,0.263,181.0
2025-01-18 03:17:00,0.2628,0.2628,0.2628,0.2628,89.0
2025-01-18 03:18:00,0.2628,0.2628,0.2622,0.2622,2516.0
2025-01-18 03:19:00,0.2621,0.2622,0.2619,0.2619,468.0
2025-01-18 03:20:00,0.262,0.262,0.2618,0.2619,49221.0
2025-01-18 03:21:00,0.2618,0.2618,0.2613,0.2613,11791.0
2025-01-18 03:22:00,0.2612,0.2615,0.261,0.2613,10016.0
2025-01-18 03:23:00,0.2613,0.2613,0.2613,0.2613,980.0
2025-01-18 03:24:00,0.2613,0.2613,0.2612,0.2612,7511.0
2025-01-18 03:25:00,0.261,0.261,0.2607,0.261,7576.0
2025-01-18 03:26:00,0.261,0.261,0.2606,0.2606,2629.0
2025-01-18 03:27:00,0.2606,0.2606,0.2602,0.2602,2695.0
2025-01-18 03:28:00,0.2603,0.2612,0.2602,0.261,10921.0
2025-01-18 03:29:00,0.2609,0.2609,0.2609,0.2609,9963.0
2025-01-18 03:30:00,0.2609,0.2609,0.2609,0.2609,31.0
2025-01-18 03:31:00,0.2606,0.2606,0.2603,0.2604,5493.0
2025-01-18 03:32:00,0.2605,0.2607,0.2604,0.2607,3302.0
2025-01-18 03:33:00,0.2608,0.2608,0.2606,0.2606,333.0
2025-01-18 03:34:00,0.2606,0.2606,0.2606,0.2606,0.0
2025-01-18 03:35:00,0.2601,0.2601,0.2598,0.2601,2748.0
2025-01-18 03:36:00,0.2599,0.2599,0.2597,0.2597,3200.0
2025-01-18 03:37:00,0.2597,0.2597,0.2588,0.2588,19275.0
2025-01-18 03:38:00,0.2589,0.2591,0.2587,0.2587,3038.0
2025-01-18 03:39:00,0.2588,0.2593,0.2588,0.2592,12067.0
2025-01-18 03:40:00,0.2587,0.2587,0.2583,0.2583,18241.0
2025-01-18 03:41:00,0.2583,0.2583,0.2572,0.2574,77467.0
2025-01-18 03:42:00,0.2574,0.2576,0.2573,0.2573,16203.0
2025-01-18 03:43:00,0.2573,0.2574,0.2564,0.2567,51991.0
2025-01-18 03:44:00,0.2565,0.2577,0.2562,0.2571,56762.0
2025-01-18 03:45:00,0.2572,0.2582,0.257,0.2582,23716.0
2025-01-18 03:46:00,0.2582,0.2583,0.258,0.2583,12383.0
2025-01-18 03:47:00,0.2582,0.2584,0.2582,0.2584,4898.0
2025-01-18 03:48:00,0.2583,0.2583,0.2577,0.2577,23628.0
2025-01-18 03:49:00,0.2574,0.2574,0.2573,0.2573,2795.0
2025-01-18 03:50:00,0.2573,0.2573,0.2567,0.2567,8593.0
2025-01-18 03:51:00,0.2566,0.2566,0.2564,0.2564,2856.0
2025-01-18 03:52:00,0.2563,0.2564,0.2559,0.2559,44474.0
2025-01-18 03:53:00,0.2559,0.2562,0.2557,0.2559,30400.0
2025-01-18 03:54:00,0.256,0.2574,0.256,0.2569,134882.0
2025-01-18 03:55:00,0.2568,0.2574,0.2568,0.2572,34136.0
2025-01-18 03:56:00,0.2572,0.2572,0.2568,0.2568,6486.0
2025-01-18 03:57:00,0.2571,0.2573,0.2571,0.2573,3957.0
2025-01-18 03:58:00,0.2572,0.2572,0.257,0.257,4745.0
2025-01-18 03:59:00,0.257,0.257,0.2565,0.2566,11038.0
2025-01-18 04:00:00,0.2565,0.2566,0.2564,0.2565,8569.0
2025-01-18 04:01:00,0.2568,0.2571,0.2567,0.2571,7379.0
2025-01-18 04:02:00,0.2572,0.2573,0.2571,0.2571,2385.0
2025-01-18 04:03:00,0.2569,0.2569,0.2566,0.2566,3869.0
2025-01-18 04:04:00,0.2568,0.2574,0.2568,0.2574,14239.0
2025-01-18 04:05:00,0.2573,0.2575,0.2572,0.2575,17064.0
2025-01-18 04:06:00,0.2574,0.2576,0.2574,0.2576,1924.0
2025-01-18 04:07:00,0.2577,0.2577,0.2575,0.2575,3724.0
2025-01-18 04:08:00,0.2575,0.2578,0.2575,0.2577,4492.0
2025-01-18 04:09:00,0.2576,0.2576,0.2571,0.2571,2864.0
2025-01-18 04:10:00,0.2571,0.2571,0.2571,0.2571,1785.0
2025-01-18 04:11:00,0.257,0.257,0.2569,0.2569,197.0
2025-01-18 04:12:00,0.2569,0.2569,0.2569,0.2569,0.0
2025-01-18 04:13:00,0.257,0.257,0.2567,0.2567,7330.0
2025-01-18 04:14:00,0.2569,0.2572,0.2565,0.2565,9564.0
2025-01-18 04:15:00,0.2564,0.2564,0.2559,0.256,21461.0
2025-01-18 04:16:00,0.2562,0.2564,0.2556,0.2556,44380.0
2025-01-18 04:17:00,0.2556,0.256,0.2556,0.2559,21383.0
2025-01-18 04:18:00,0.2556,0.2556,0.2553,0.2553,10944.0
2025-01-18 04:19:00,0.2553,0.2553,0.2548,0.2548,28271.0
2025-01-18 04:20:00,0.255,0.2552,0.2548,0.2551,8985.0
2025-01-18 04:21:00,0.255,0.2557,0.255,0.2557,3073.0
2025-01-18 04:22:00,0.2561,0.2561,0.2555,0.2555,12338.0
2025-01-18 04:23:00,0.2555,0.2555,0.2553,0.2553,1139.0
2025-01-18 04:24:00,0.2553,0.2553,0.2553,0.2553,0.0
2025-01-18 04:25:00,0.2553,0.2553,0.2545,0.2545,62437.0
2025-01-18 04:26:00,0.2545,0.2547,0.2544,0.2544,52094.0
2025-01-18 04:27:00,0.255,0.2553,0.2549,0.2552,4852.0
2025-01-18 04:28:00,0.255,0.2555,0.255,0.2554,9525.0
2025-01-18 04:29:00,0.2552,0.2552,0.255,0.2551,9316.0
2025-01-18 04:30:00,0.255,0.2553,0.255,0.2553,9115.0
2025-01-18 04:31:00,0.2551,0.2557,0.2551,0.2557,5068.0
2025-01-18 04:32:00,0.2558,0.2561,0.2557,0.2559,23413.0
2025-01-18 04:33:00,0.256,0.256,0.2556,0.2557,4441.0
2025-01-18 04:34:00,0.2558,0.2561,0.2558,0.2561,6387.0
2025-01-18 04:35:00,0.2561,0.2562,0.2558,0.2562,3853.0
2025-01-18 04:36:00,0.2564,0.2566,0.2563,0.2564,21443.0
2025-01-18 04:37:00,0.2561,0.2564,0.2561,0.2564,11070.0
2025-01-18 04:38:00,0.2563,0.2563,0.2562,0.2563,12169.0
2025-01-18 04:39:00,0.2564,0.2564,0.2561,0.2561,5746.0
2025-01-18 04:40:00,0.2563,0.2563,0.2561,0.2561,5528.0
2025-01-18 04:41:00,0.2562,0.2563,0.2561,0.2563,4021.0
2025-01-18 04:42:00,0.2563,0.2563,0.2561,0.2563,8427.0
2025-01-18 04:43:00,0.2561,0.2562,0.2561,0.2561,4734.0
2025-01-18 04:44:00,0.2559,0.256,0.2559,0.256,1079.0
2025-01-18 04:45:00,0.256,0.256,0.2556,0.2557,6241.0
2025-01-18 04:46:00,0.2556,0.2556,0.255,0.2552,13095.0
2025-01-18 04:47:00,0.2553,0.2553,0.2551,0.2551,4213.0
2025-01-18 04:48:00,0.2549,0.255,0.2548,0.2548,4422.0
2025-01-18 04:49:00,0.2549,0.255,0.2549,0.255,8236.0
2025-01-18 04:50:00,0.2545,0.2545,0.2542,0.2544,3368.0
2025-01-18 04:51:00,0.2542,0.2544,0.2539,0.2544,22899.0
2025-01-18 04:52:00,0.2548,0.2549,0.2547,0.2549,1908.0
2025-01-18 04:53:00,0.2549,0.2549,0.2549,0.2549,0.0
2025-01-18 04:54:00,0.2552,0.2552,0.255,0.255,3679.0
2025-01-18 04:55:00,0.255,0.255,0.255,0.255,1222.0
2025-01-18 04:56:00,0.2552,0.2556,0.2551,0.2556,16309.0
2025-01-18 04:57:00,0.2553,0.2555,0.2553,0.2555,131.0
2025-01-18 04:58:00,0.2555,0.2555,0.2555,0.2555,0.0
2025-01-18 04:59:00,0.2556,0.2556,0.2556,0.2556,3883.0
2025-01-18 05:00:00,0.2556,0.256,0.2556,0.256,3447.0
2025-01-18 05:01:00,0.2561,0.2565,0.256,0.256,9795.0
2025-01-18 05:02:00,0.2561,0.2563,0.256,0.256,6800.0
2025-01-18 05:03:00,0.256,0.256,0.256,0.256,0.0
2025-01-18 05:04:00,0.2563,0.2566,0.2563,0.2565,462.0
2025-01-18 05:05:00,0.2562,0.2562,0.2562,0.2562,420.0
2025-01-18 05:06:00,0.2559,0.2559,0.2559,0.2559,25.0
2025-01-18 05:07:00,0.2559,0.2559,0.2556,0.2558,2104.0
2025-01-18 05:08:00,0.2557,0.2557,0.2553,0.2553,174.0
2025-01-18 05:09:00,0.2551,0.2554,0.2551,0.2554,408.0
2025-01-18 05:10:00,0.2552,0.2552,0.2548,0.2549,8442.0
2025-01-18 05:11:00,0.2547,0.2547,0.2541,0.2542,13800.0
2025-01-18 05:12:00,0.2539,0.2539,0.2537,0.2537,20480.0
2025-01-18 05:13:00,0.2538,0.254,0.2533,0.2534,28909.0
2025-01-18 05:14:00,0.2535,0.2535,0.2531,0.2531,25228.0
2025-01-18 05:15:00,0.253,0.253,0.2528,0.2528,10343.0
2025-01-18 05:16:00,0.2528,0.2528,0.2526,0.2527,15919.0
2025-01-18 05:17:00,0.2528,0.2537,0.2528,0.253,26430.0
2025-01-18 05:18:00,0.2531,0.2538,0.2531,0.2538,3193.0
2025-01-18 05:19:00,0.254,0.2544,0.254,0.2544,21559.0
2025-01-18 05:20:00,0.2542,0.2544,0.2541,0.2542,3550.0
2025-01-18 05:21:00,0.2544,0.2544,0.2542,0.2542,831.0
2025-01-18 05:22:00,0.2543,0.2543,0.2541,0.2543,8154.0
2025-01-18 05:23:00,0.254,0.2541,0.2539,0.254,1434.0
2025-01-18 05:24:00,0.254,0.2542,0.254,0.2542,5954.0
2025-01-18 05:25:00,0.2538,0.2539,0.2536,0.2538,3928.0
2025-01-18 05:26:00,0.2539,0.2539,0.2536,0.2536,5801.0
2025-01-18 05:27:00,0.2535,0.2535,0.2527,0.2527,10806.0
2025-01-18 05:28:00,0.2527,0.2532,0.2526,0.253,14245.0
2025-01-18 05:29:00,0.2528,0.2533,0.2526,0.2526,8161.0
2025-01-18 05:30:00,0.2527,0.2528,0.2525,0.2526,2524.0
2025-01-18 05:31:00,0.2525,0.2525,0.2521,0.2521,2633.0
2025-01-18 05:32:00,0.2522,0.253,0.2519,0.253,30802.0
2025-01-18 05:33:00,0.2531,0.2533,0.253,0.253,12571.0
2025-01-18 05:34:00,0.2532,0.2532,0.2532,0.2532,2617.0
2025-01-18 05:35:00,0.2526,0.2527,0.2526,0.2526,4349.0
2025-01-18 05:36:00,0.2525,0.2525,0.2521,0.2521,5079.0
2025-01-18 05:37:00,0.252,0.2524,0.252,0.2524,13249.0
2025-01-18 05:38:00,0.2521,0.2521,0.2518,0.2518,810.0
2025-01-18 05:39:00,0.2521,0.2521,0.252,0.252,140.0
2025-01-18 05:40:00,0.252,0.2523,0.2518,0.2519,15398.0
2025-01-18 05:41:00,0.2521,0.2523,0.2519,0.252,41590.0
2025-01-18 05:42:00,0.2518,0.2522,0.2517,0.2518,6735.0
2025-01-18 05:43:00,0.2518,0.2519,0.2517,0.2519,2281.0
2025-01-18 05:44:00,0.2521,0.2521,0.2519,0.2519,4053.0
2025-01-18 05:45:00,0.2519,0.2521,0.2519,0.2519,1313.0
2025-01-18 05:46:00,0.2516,0.2516,0.2502,0.251,315619.0
2025-01-18 05:47:00,0.251,0.2513,0.251,0.251,13026.0
2025-01-18 05:48:00,0.2511,0.2511,0.2506,0.2506,54242.0
2025-01-18 05:49:00,0.2506,0.2506,0.2503,0.2505,14948.0
2025-01-18 05:50:00,0.2505,0.2505,0.25,0.2502,164721.0
2025-01-18 05:51:00,0.2501,0.2506,0.2501,0.2505,36171.0
2025-01-18 05:52:00,0.2502,0.2506,0.2501,0.2504,18940.0
2025-01-18 05:53:00,0.2501,0.2503,0.2492,0.2495,289767.0
2025-01-18 05:54:00,0.2494,0.2494,0.2485,0.2485,38326.0
2025-01-18 05:55:00,0.2486,0.2487,0.2478,0.248,47800.0
2025-01-18 05:56:00,0.2479,0.2494,0.2476,0.2484,106117.0
2025-01-18 05:57:00,0.2485,0.2485,0.2478,0.2479,38719.0
2025-01-18 05:58:00,0.248,0.248,0.2475,0.2479,27417.0
2025-01-18 05:59:00,0.2479,0.248,0.2475,0.2475,30526.0
2025-01-18 06:00:00,0.248,0.2494,0.248,0.2488,61584.0
2025-01-18 06:01:00,0.2486,0.2495,0.2485,0.2489,45839.0
2025-01-18 06:02:00,0.2496,0.2499,0.2491,0.2491,11284.0
2025-01-18 06:03:00,0.2491,0.2499,0.2491,0.2491,14775.0
2025-01-18 06:04:00,0.2494,0.2497,0.2492,0.2492,3539.0
2025-01-18 06:05:00,0.2494,0.25,0.2494,0.2497,6804.0
2025-01-18 06:06:00,0.2501,0.2503,0.2498,0.2501,10443.0
2025-01-18 06:07:00,0.25,0.25,0.2493,0.2499,8654.0
2025-01-18 06:08:00,0.2501,0.2501,0.25,0.25,804.0
2025-01-18 06:09:00,0.2498,0.2503,0.2498,0.2503,3639.0
2025-01-18 06:10:00,0.2502,0.2503,0.2501,0.2501,9113.0
2025-01-18 06:11:00,0.2498,0.2498,0.2495,0.2495,13803.0
2025-01-18 06:12:00,0.2494,0.2495,0.249,0.249,8107.0
2025-01-18 06:13:00,0.2489,0.2492,0.2489,0.2492,22985.0
2025-01-18 06:14:00,0.2492,0.2497,0.2492,0.2497,582.0
2025-01-18 06:15:00,0.2495,0.2499,0.2495,0.2499,2843.0
2025-01-18 06:16:00,0.2502,0.2502,0.2499,0.2501,6217.0
2025-01-18 06:17:00,0.2503,0.2509,0.2503,0.2509,24942.0
2025-01-18 06:18:00,0.2507,0.2508,0.2505,0.2506,8753.0
2025-01-18 06:19:00,0.2506,0.2506,0.2506,0.2506,85.0
2025-01-18 06:20:00,0.2506,0.2507,0.2501,0.2502,24570.0
2025-01-18 06:21:00,0.2502,0.2502,0.2499,0.2499,7540.0
2025-01-18 06:22:00,0.2496,0.2496,0.2491,0.2492,9379.0
2025-01-18 06:23:00,0.2493,0.2495,0.2493,0.2494,5816.0
2025-01-18 06:24:00,0.2494,0.2495,0.2493,0.2494,5792.0
2025-01-18 06:25:00,0.2494,0.2499,0.2494,0.2499,3034.0
2025-01-18 06:26:00,0.2497,0.2497,0.2497,0.2497,39.0
2025-01-18 06:27:00,0.2495,0.2496,0.2495,0.2496,2191.0
2025-01-18 06:28:00,0.2495,0.2496,0.2495,0.2496,1838.0
2025-01-18 06:29:00,0.2498,0.2499,0.2498,0.2499,1993.0
2025-01-18 06:30:00,0.2497,0.2497,0.2495,0.2495,13422.0
2025-01-18 06:31:00,0.2497,0.2498,0.2496,0.2498,90.0
2025-01-18 06:32:00,0.2494,0.2494,0.2494,0.2494,7527.0
2025-01-18 06:33:00,0.2494,0.2494,0.2494,0.2494,0.0
2025-01-18 06:34:00,0.2499,0.25,0.2499,0.2499,3755.0
2025-01-18 06:35:00,0.2497,0.2501,0.2497,0.2501,30492.0
2025-01-18 06:36:00,0.2502,0.2512,0.2502,0.2511,95894.0
2025-01-18 06:37:00,0.2513,0.2514,0.251,0.2511,12138.0
2025-01-18 06:38:00,0.251,0.2511,0.251,0.251,6910.0
2025-01-18 06:39:00,0.251,0.2511,0.251,0.2511,4930.0
2025-01-18 06:40:00,0.2508,0.2509,0.2508,0.2509,5071.0
2025-01-18 06:41:00,0.2507,0.2508,0.2506,0.2508,2921.0
2025-01-18 06:42:00,0.2506,0.2506,0.2504,0.2504,784.0
2025-01-18 06:43:00,0.2506,0.2508,0.2506,0.2507,16884.0
2025-01-18 06:44:00,0.2508,0.2508,0.2506,0.2506,87.0
2025-01-18 06:45:00,0.2506,0.2506,0.2506,0.2506,26560.0
2025-01-18 06:46:00,0.2509,0.2511,0.2509,0.2511,6406.0
2025-01-18 06:47:00,0.2511,0.2511,0.2511,0.2511,184.0
2025-01-18 06:48:00,0.2513,0.2517,0.2513,0.2517,52942.0
2025-01-18 06:49:00,0.2518,0.2518,0.2518,0.2518,1308.0
2025-01-18 06:50:00,0.2516,0.2517,0.2516,0.2517,100.0
2025-01-18 06:51:00,0.2517,0.2517,0.2516,0.2516,483.0
2025-01-18 06:52:00,0.2516,0.2517,0.2516,0.2516,763.0
2025-01-18 06:53:00,0.2516,0.2517,0.2516,0.2516,3988.0
2025-01-18 06:54:00,0.2518,0.2518,0.2515,0.2515,1562.0
2025-01-18 06:55:00,0.2515,0.2515,0.2515,0.2515,0.0
2025-01-18 06:56:00,0.2513,0.2513,0.2512,0.2512,1118.0
2025-01-18 06:57:00,0.2511,0.2512,0.2511,0.2512,3246.0
2025-01-18 06:58:00,0.2512,0.2513,0.2512,0.2513,1094.0
2025-01-18 06:59:00,0.2511,0.2512,0.2511,0.2512,1195.0
2025-01-18 07:00:00,0.2509,0.2512,0.2509,0.2512,5259.0
2025-01-18 07:01:00,0.2512,0.2514,0.2512,0.2514,862.0
2025-01-18 07:02:00,0.2513,0.2513,0.2507,0.2507,3240.0
2025-01-18 07:03:00,0.2507,0.2508,0.2507,0.2507,1008.0
2025-01-18 07:04:00,0.2506,0.2506,0.2504,0.2504,3341.0
2025-01-18 07:05:00,0.2504,0.2506,0.2504,0.2506,3242.0
2025-01-18 07:06:00,0.2506,0.2506,0.2502,0.2502,2001.0
2025-01-18 07:07:00,0.2502,0.2503,0.2502,0.2503,86.0
2025-01-18 07:08:00,0.2504,0.2504,0.2504,0.2504,402.0
2025-01-18 07:09:00,0.2504,0.2504,0.2496,0.2496,4822.0
2025-01-18 07:10:00,0.2496,0.2496,0.2496,0.2496,1076.0
2025-01-18 07:11:00,0.2495,0.2496,0.2493,0.2496,5263.0
2025-01-18 07:12:00,0.2492,0.2494,0.2492,0.2494,2703.0
2025-01-18 07:13:00,0.2493,0.2493,0.2491,0.2491,3453.0
2025-01-18 07:14:00,0.249,0.2494,0.249,0.2491,6571.0
2025-01-18 07:15:00,0.2493,0.2496,0.2493,0.2493,6424.0
2025-01-18 07:16:00,0.2494,0.2495,0.2494,0.2495,2063.0
2025-01-18 07:17:00,0.2495,0.2498,0.2495,0.2498,1309.0
2025-01-18 07:18:00,0.2497,0.2499,0.2497,0.2497,2296.0
2025-01-18 07:19:00,0.2494,0.2495,0.2493,0.2493,22291.0
2025-01-18 07:20:00,0.2499,0.2501,0.2499,0.2501,1056.0
2025-01-18 07:21:00,0.2501,0.2501,0.2484,0.2487,326817.0
2025-01-18 07:22:00,0.2487,0.2492,0.2484,0.2491,65736.0
2025-01-18 07:23:00,0.2491,0.2492,0.2491,0.2491,34084.0
2025-01-18 07:24:00,0.2492,0.2492,0.2491,0.2491,3721.0
2025-01-18 07:25:00,0.2492,0.2494,0.2492,0.2493,3051.0
2025-01-18 07:26:00,0.2493,0.2495,0.2493,0.2494,9616.0
2025-01-18 07:27:00,0.2492,0.2492,0.2491,0.2492,7953.0
2025-01-18 07:28:00,0.2493,0.2493,0.2493,0.2493,416.0
2025-01-18 07:29:00,0.2493,0.2494,0.2493,0.2493,4613.0
2025-01-18 07:30:00,0.2491,0.2491,0.2487,0.2487,1811.0
2025-01-18 07:31:00,0.2485,0.2485,0.2483,0.2483,1258.0
2025-01-18 07:32:00,0.2482,0.2483,0.2481,0.2481,10089.0
2025-01-18 07:33:00,0.248,0.2482,0.2479,0.2479,40935.0
2025-01-18 07:34:00,0.2479,0.2483,0.2479,0.2483,4938.0
2025-01-18 07:35:00,0.2483,0.2486,0.2483,0.2486,2259.0
2025-01-18 07:36:00,0.2487,0.2487,0.2481,0.2481,1266.0
2025-01-18 07:37:00,0.2484,0.2484,0.2483,0.2483,85.0
2025-01-18 07:38:00,0.2482,0.2483,0.2481,0.2483,3486.0
2025-01-18 07:39:00,0.2486,0.2486,0.2483,0.2483,107.0
2025-01-18 07:40:00,0.2485,0.2485,0.2485,0.2485,2390.0
2025-01-18 07:41:00,0.2485,0.2485,0.2484,0.2484,3441.0
2025-01-18 07:42:00,0.2484,0.2485,0.2484,0.2485,6249.0
2025-01-18 07:43:00,0.2484,0.2484,0.2482,0.2482,1127.0
2025-01-18 07:44:00,0.2483,0.2483,0.2483,0.2483,1133.0
2025-01-18 07:45:00,0.2482,0.2483,0.2482,0.2483,943.0
2025-01-18 07:46:00,0.2478,0.2479,0.2476,0.2477,5551.0
2025-01-18 07:47:00,0.2478,0.2479,0.2477,0.2477,4292.0
2025-01-18 07:48:00,0.2476,0.2476,0.2473,0.2474,26587.0
2025-01-18 07:49:00,0.2473,0.2473,0.2469,0.2469,20793.0
2025-01-18 07:50:00,0.247,0.247,0.2466,0.2466,870.0
2025-01-18 07:51:00,0.2466,0.247,0.2466,0.2467,20506.0
2025-01-18 07:52:00,0.2467,0.2468,0.2464,0.2467,25373.0
2025-01-18 07:53:00,0.2467,0.2471,0.2467,0.2471,2157.0
2025-01-18 07:54:00,0.2471,0.2474,0.2469,0.2474,43798.0
2025-01-18 07:55:00,0.2474,0.2476,0.2474,0.2476,3451.0
2025-01-18 07:56:00,0.2476,0.2476,0.2474,0.2474,3084.0
2025-01-18 07:57:00,0.2474,0.2474,0.2474,0.2474,3060.0
2025-01-18 07:58:00,0.2474,0.2474,0.2473,0.2473,893.0
2025-01-18 07:59:00,0.2469,0.2469,0.2469,0.2469,56.0
2025-01-18 08:00:00,0.2469,0.2469,0.2465,0.2465,8839.0
2025-01-18 08:01:00,0.2464,0.2464,0.2459,0.2459,21582.0
2025-01-18 08:02:00,0.2459,0.2459,0.2454,0.2455,22100.0
2025-01-18 08:03:00,0.2457,0.2457,0.2455,0.2455,4400.0
2025-01-18 08:04:00,0.2453,0.2453,0.2448,0.2448,33639.0
2025-01-18 08:05:00,0.245,0.2451,0.2444,0.2445,182891.0
2025-01-18 08:06:00,0.2447,0.245,0.2445,0.2445,227153.0
2025-01-18 08:07:00,0.2444,0.2444,0.2441,0.2441,12118.0
2025-01-18 08:08:00,0.244,0.2443,0.2435,0.2437,40576.0
2025-01-18 08:09:00,0.2437,0.2443,0.2434,0.2436,39057.0
2025-01-18 08:10:00,0.2435,0.2442,0.2433,0.2439,6025.0
2025-01-18 08:11:00,0.2442,0.2452,0.2442,0.2452,2708.0
2025-01-18 08:12:00,0.2452,0.2455,0.2449,0.2451,4402.0
2025-01-18 08:13:00,0.2451,0.2456,0.245,0.2456,2038.0
2025-01-18 08:14:00,0.2452,0.2455,0.245,0.2455,894.0
2025-01-18 08:15:00,0.2454,0.2459,0.2454,0.2455,4639.0
2025-01-18 08:16:00,0.2455,0.246,0.2453,0.246,6115.0
2025-01-18 08:17:00,0.2462,0.2462,0.2455,0.2455,2672.0
2025-01-18 08:18:00,0.2451,0.2452,0.2448,0.2448,5809.0
2025-01-18 08:19:00,0.2447,0.2448,0.2446,0.2446,2583.0
2025-01-18 08:20:00,0.2443,0.2444,0.2442,0.2444,67169.0
2025-01-18 08:21:00,0.2443,0.2447,0.2443,0.2443,9439.0
2025-01-18 08:22:00,0.2446,0.2446,0.2442,0.2442,5712.0
2025-01-18 08:23:00,0.2442,0.2442,0.2437,0.244,25698.0
2025-01-18 08:24:00,0.2441,0.2448,0.244,0.2448,7901.0
2025-01-18 08:25:00,0.2449,0.2455,0.2449,0.2455,10946.0
2025-01-18 08:26:00,0.2455,0.2457,0.2455,0.2457,3306.0
2025-01-18 08:27:00,0.2456,0.246,0.2456,0.2459,3369.0
2025-01-18 08:28:00,0.2459,0.246,0.2457,0.246,13650.0
2025-01-18 08:29:00,0.2461,0.2462,0.246,0.2462,3132.0
2025-01-18 08:30:00,0.2462,0.2465,0.2462,0.2465,10635.0
2025-01-18 08:31:00,0.2468,0.2468,0.2465,0.2466,3898.0
2025-01-18 08:32:00,0.2465,0.2466,0.2465,0.2466,1073.0
2025-01-18 08:33:00,0.2465,0.2469,0.2463,0.2469,14754.0
2025-01-18 08:34:00,0.2469,0.247,0.2469,0.247,237.0
2025-01-18 08:35:00,0.2468,0.2473,0.2468,0.2473,22543.0
2025-01-18 08:36:00,0.2472,0.2474,0.247,0.247,9542.0
2025-01-18 08:37:00,0.2468,0.2468,0.2468,0.2468,59.0
2025-01-18 08:38:00,0.2475,0.2476,0.2475,0.2476,27579.0
2025-01-18 08:39:00,0.2475,0.2477,0.2475,0.2477,3855.0
2025-01-18 08:40:00,0.2477,0.2477,0.2475,0.2476,2856.0
2025-01-18 08:41:00,0.2475,0.2476,0.2475,0.2476,3155.0
2025-01-18 08:42:00,0.2475,0.2476,0.2475,0.2476,11552.0
2025-01-18 08:43:00,0.2477,0.2478,0.2477,0.2478,1086.0
2025-01-18 08:44:00,0.2478,0.2479,0.2476,0.2479,3920.0
2025-01-18 08:45:00,0.2479,0.2479,0.2479,0.2479,200.0
2025-01-18 08:46:00,0.2474,0.2476,0.2474,0.2476,329.0
2025-01-18 08:47:00,0.2475,0.2476,0.2475,0.2476,2136.0
2025-01-18 08:48:00,0.2476,0.2478,0.2476,0.2478,2049.0
2025-01-18 08:49:00,0.2481,0.2481,0.248,0.248,3829.0
2025-01-18 08:50:00,0.2481,0.2481,0.2481,0.2481,2587.0
2025-01-18 08:51:00,0.2478,0.2479,0.2478,0.2478,12175.0
2025-01-18 08:52:00,0.248,0.2481,0.248,0.248,444.0
2025-01-18 08:53:00,0.2482,0.2482,0.2482,0.2482,788.0
2025-01-18 08:54:00,0.2483,0.2484,0.2483,0.2484,2625.0
2025-01-18 08:55:00,0.2484,0.2484,0.2484,0.2484,0.0
2025-01-18 08:56:00,0.2481,0.2481,0.2481,0.2481,199.0
2025-01-18 08:57:00,0.2481,0.2481,0.2481,0.2481,0.0
2025-01-18 08:58:00,0.248,0.248,0.248,0.248,795.0
2025-01-18 08:59:00,0.2477,0.2478,0.2477,0.2478,389.0
2025-01-18 09:00:00,0.2473,0.2474,0.2473,0.2474,3381.0
2025-01-18 09:01:00,0.2476,0.2476,0.2476,0.2476,57.0
2025-01-18 09:02:00,0.2476,0.2481,0.2476,0.2481,6023.0
2025-01-18 09:03:00,0.2479,0.2482,0.2479,0.2482,3433.0
2025-01-18 09:04:00,0.2482,0.2482,0.248,0.248,1957.0
2025-01-18 09:05:00,0.2481,0.2481,0.2481,0.2481,1032.0
2025-01-18 09:06:00,0.2481,0.2481,0.2479,0.248,5825.0
2025-01-18 09:07:00,0.2477,0.2477,0.2476,0.2476,1077.0
2025-01-18 09:08:00,0.2476,0.2477,0.2475,0.2475,3587.0
2025-01-18 09:09:00,0.2472,0.2472,0.2472,0.2472,2995.0
2025-01-18 09:10:00,0.2472,0.2472,0.2469,0.2471,18274.0
2025-01-18 09:11:00,0.2471,0.2471,0.247,0.2471,3281.0
2025-01-18 09:12:00,0.2472,0.2472,0.2472,0.2472,2650.0
2025-01-18 09:13:00,0.2472,0.2473,0.2472,0.2473,2190.0
2025-01-18 09:14:00,0.2472,0.2472,0.2472,0.2472,10101.0
2025-01-18 09:15:00,0.2475,0.2475,0.2475,0.2475,942.0
2025-01-18 09:16:00,0.2474,0.2475,0.2474,0.2475,2800.0
2025-01-18 09:17:00,0.2475,0.2475,0.2475,0.2475,0.0
2025-01-18 09:18:00,0.2474,0.2481,0.2474,0.2481,13076.0
2025-01-18 09:19:00,0.248,0.2484,0.248,0.2484,13700.0
2025-01-18 09:20:00,0.2483,0.2483,0.2481,0.2481,1288.0
2025-01-18 09:21:00,0.248,0.248,0.2478,0.2478,467.0
2025-01-18 09:22:00,0.2474,0.2474,0.2472,0.2472,8606.0
2025-01-18 09:23:00,0.2471,0.2471,0.2467,0.2467,2463.0
2025-01-18 09:24:00,0.2467,0.2467,0.2464,0.2464,19257.0
2025-01-18 09:25:00,0.2465,0.2471,0.2465,0.247,28884.0
2025-01-18 09:26:00,0.2472,0.2474,0.2472,0.2474,2312.0
2025-01-18 09:27:00,0.2472,0.2472,0.2471,0.2472,7307.0
2025-01-18 09:28:00,0.2471,0.2471,0.247,0.247,7343.0
2025-01-18 09:29:00,0.2471,0.2471,0.2471,0.2471,44.0
2025-01-18 09:30:00,0.2469,0.2469,0.2467,0.2467,78.0
2025-01-18 09:31:00,0.2467,0.2467,0.2467,0.2467,0.0
2025-01-18 09:32:00,0.2466,0.2466,0.246,0.246,2407.0
2025-01-18 09:33:00,0.2459,0.246,0.2459,0.2459,5674.0
2025-01-18 09:34:00,0.2459,0.2459,0.2458,0.2459,1601.0
2025-01-18 09:35:00,0.2458,0.2459,0.2458,0.2458,2980.0
2025-01-18 09:36:00,0.2459,0.2459,0.2458,0.2458,526.0
2025-01-18 09:37:00,0.2456,0.2459,0.2456,0.2459,6578.0
2025-01-18 09:38:00,0.2457,0.2457,0.2457,0.2457,1483.0
2025-01-18 09:39:00,0.2454,0.2454,0.2452,0.2453,21807.0
2025-01-18 09:40:00,0.2453,0.2453,0.2453,0.2453,1606.0
2025-01-18 09:41:00,0.2453,0.2454,0.2453,0.2454,1381.0
2025-01-18 09:42:00,0.2454,0.2454,0.2452,0.2452,501.0
2025-01-18 09:43:00,0.2454,0.2454,0.2454,0.2454,48.0
2025-01-18 09:44:00,0.2454,0.2458,0.2454,0.2457,528.0
2025-01-18 09:45:00,0.2458,0.2458,0.2458,0.2458,366.0
2025-01-18 09:46:00,0.246,0.2462,0.246,0.2461,3233.0
2025-01-18 09:47:00,0.2462,0.2462,0.2462,0.2462,28.0
2025-01-18 09:48:00,0.2461,0.2464,0.2461,0.2464,4746.0
2025-01-18 09:49:00,0.2464,0.2464,0.2462,0.2462,3829.0
2025-01-18 09:50:00,0.2465,0.2466,0.2465,0.2466,4460.0
2025-01-18 09:51:00,0.2467,0.247,0.2467,0.247,4540.0
2025-01-18 09:52:00,0.2474,0.2475,0.2474,0.2475,927.0
2025-01-18 09:53:00,0.2474,0.2474,0.2473,0.2474,3498.0
2025-01-18 09:54:00,0.2475,0.2475,0.2475,0.2475,2550.0
2025-01-18 09:55:00,0.2474,0.2475,0.2474,0.2474,8123.0
2025-01-18 09:56:00,0.2472,0.2472,0.2472,0.2472,940.0
2025-01-18 09:57:00,0.2471,0.2471,0.2471,0.2471,58.0
2025-01-18 09:58:00,0.2472,0.2474,0.2472,0.2474,999.0
2025-01-18 09:59:00,0.2474,0.2474,0.2474,0.2474,45.0
2025-01-18 10:00:00,0.2474,0.2474,0.2473,0.2474,1297.0
2025-01-18 10:01:00,0.2473,0.2473,0.2472,0.2472,1179.0
2025-01-18 10:02:00,0.2472,0.2476,0.2472,0.2476,3912.0
2025-01-18 10:03:00,0.2478,0.248,0.2478,0.248,14870.0
2025-01-18 10:04:00,0.2479,0.2481,0.2479,0.2481,2198.0
2025-01-18 10:05:00,0.2482,0.2482,0.2482,0.2482,1007.0
2025-01-18 10:06:00,0.2478,0.248,0.2478,0.248,3421.0
2025-01-18 10:07:00,0.2481,0.2481,0.2481,0.2481,362.0
2025-01-18 10:08:00,0.2481,0.2481,0.2481,0.2481,0.0
2025-01-18 10:09:00,0.2481,0.2481,0.248,0.248,1452.0
2025-01-18 10:10:00,0.2476,0.2476,0.2475,0.2475,3706.0
2025-01-18 10:11:00,0.2474,0.2474,0.2474,0.2474,88.0
2025-01-18 10:12:00,0.2474,0.2474,0.247,0.247,23271.0
2025-01-18 10:13:00,0.2472,0.2472,0.2464,0.2464,31213.0
2025-01-18 10:14:00,0.2466,0.2471,0.2466,0.2471,22107.0
2025-01-18 10:15:00,0.2468,0.2475,0.2468,0.2475,3936.0
2025-01-18 10:16:00,0.2476,0.2478,0.2475,0.2475,2069.0
2025-01-18 10:17:00,0.2478,0.2479,0.2477,0.2478,4865.0
2025-01-18 10:18:00,0.2478,0.2478,0.2475,0.2477,16339.0
2025-01-18 10:19:00,0.2477,0.2477,0.2477,0.2477,0.0
2025-01-18 10:20:00,0.2465,0.2465,0.2461,0.2463,61107.0
2025-01-18 10:21:00,0.2461,0.2461,0.2461,0.2461,3981.0
2025-01-18 10:22:00,0.2463,0.2463,0.2459,0.2459,2419.0
2025-01-18 10:23:00,0.246,0.2465,0.246,0.2465,3754.0
2025-01-18 10:24:00,0.2464,0.2464,0.2463,0.2463,1241.0
2025-01-18 10:25:00,0.2468,0.2468,0.2468,0.2468,561.0
2025-01-18 10:26:00,0.2472,0.2472,0.247,0.2471,1643.0
2025-01-18 10:27:00,0.2472,0.2472,0.2471,0.2471,1462.0
2025-01-18 10:28:00,0.2469,0.2469,0.2469,0.2469,1013.0
2025-01-18 10:29:00,0.2469,0.2469,0.2469,0.2469,0.0
2025-01-18 10:30:00,0.247,0.247,0.2468,0.2468,20514.0
2025-01-18 10:31:00,0.2466,0.2467,0.2464,0.2464,5375.0
2025-01-18 10:32:00,0.2462,0.2462,0.2462,0.2462,264.0
2025-01-18 10:33:00,0.2464,0.2464,0.2462,0.2462,893.0
2025-01-18 10:34:00,0.2465,0.2465,0.2465,0.2465,34.0
2025-01-18 10:35:00,0.2466,0.247,0.2465,0.2468,5572.0
2025-01-18 10:36:00,0.2464,0.2464,0.2461,0.2461,1160.0
2025-01-18 10:37:00,0.2463,0.2463,0.2459,0.2459,7416.0
2025-01-18 10:38:00,0.2459,0.2459,0.2457,0.2457,5898.0
2025-01-18 10:39:00,0.2456,0.2456,0.2453,0.2454,11833.0
2025-01-18 10:40:00,0.2452,0.2456,0.2451,0.2455,3086.0
2025-01-18 10:41:00,0.2453,0.2453,0.2453,0.2453,1214.0
2025-01-18 10:42:00,0.2453,0.2453,0.2453,0.2453,30.0
2025-01-18 10:43:00,0.2458,0.246,0.2458,0.2458,654.0
2025-01-18 10:44:00,0.2459,0.2459,0.2459,0.2459,598.0
2025-01-18 10:45:00,0.2453,0.2454,0.2453,0.2454,5050.0
2025-01-18 10:46:00,0.2451,0.2451,0.2445,0.2446,3658.0
2025-01-18 10:47:00,0.2447,0.2448,0.2445,0.2445,2717.0
2025-01-18 10:48:00,0.2448,0.2453,0.2448,0.2453,4264.0
2025-01-18 10:49:00,0.2452,0.2457,0.245,0.2456,19319.0
2025-01-18 10:50:00,0.2457,0.2458,0.2457,0.2458,3228.0
2025-01-18 10:51:00,0.2462,0.2465,0.2462,0.2462,3440.0
2025-01-18 10:52:00,0.2461,0.2462,0.2461,0.2462,2782.0
2025-01-18 10:53:00,0.2461,0.2461,0.2461,0.2461,3259.0
2025-01-18 10:54:00,0.2464,0.2465,0.2464,0.2464,2195.0
2025-01-18 10:55:00,0.2467,0.2467,0.2465,0.2465,6289.0
2025-01-18 10:56:00,0.2464,0.2464,0.246,0.2462,17231.0
2025-01-18 10:57:00,0.2462,0.2466,0.2462,0.2466,8384.0
2025-01-18 10:58:00,0.2466,0.2467,0.2466,0.2467,1351.0
2025-01-18 10:59:00,0.2461,0.2462,0.2461,0.2462,361.0
2025-01-18 11:00:00,0.2458,0.2458,0.2455,0.2457,8992.0
2025-01-18 11:01:00,0.2457,0.2458,0.2457,0.2458,1074.0
2025-01-18 11:02:00,0.246,0.246,0.2459,0.246,1286.0
2025-01-18 11:03:00,0.2461,0.2462,0.2459,0.2459,1093.0
2025-01-18 11:04:00,0.246,0.246,0.246,0.246,609.0
2025-01-18 11:05:00,0.2459,0.2459,0.2452,0.2455,8407.0
2025-01-18 11:06:00,0.2456,0.2457,0.2449,0.2449,8818.0
2025-01-18 11:07:00,0.2446,0.2449,0.2446,0.2447,5601.0
2025-01-18 11:08:00,0.2448,0.2449,0.2448,0.2448,5386.0
2025-01-18 11:09:00,0.2447,0.2454,0.2447,0.2454,1255.0
2025-01-18 11:10:00,0.2452,0.2452,0.245,0.245,1493.0
2025-01-18 11:11:00,0.2449,0.2452,0.2449,0.2451,1331.0
2025-01-18 11:12:00,0.2453,0.2453,0.2453,0.2453,106.0
2025-01-18 11:13:00,0.2453,0.2454,0.2453,0.2453,5060.0
2025-01-18 11:14:00,0.2454,0.2455,0.2454,0.2455,2036.0
2025-01-18 11:15:00,0.2458,0.2458,0.2457,0.2458,79.0
2025-01-18 11:16:00,0.2458,0.2458,0.2455,0.2455,7266.0
2025-01-18 11:17:00,0.246,0.2462,0.246,0.2462,921.0
2025-01-18 11:18:00,0.2461,0.2461,0.2461,0.2461,72.0
2025-01-18 11:19:00,0.2458,0.2458,0.2458,0.2458,338.0
2025-01-18 11:20:00,0.2458,0.2458,0.2458,0.2458,0.0
2025-01-18 11:21:00,0.2458,0.2459,0.2458,0.2458,2280.0
2025-01-18 11:22:00,0.2461,0.2461,0.2461,0.2461,4139.0
2025-01-18 11:23:00,0.2461,0.2465,0.2461,0.2465,1560.0
2025-01-18 11:24:00,0.2465,0.2469,0.2465,0.2469,3732.0
2025-01-18 11:25:00,0.2471,0.2478,0.2471,0.2478,5543.0
2025-01-18 11:26:00,0.2476,0.2476,0.2474,0.2474,164.0
2025-01-18 11:27:00,0.2474,0.2474,0.2473,0.2474,1314.0
2025-01-18 11:28:00,0.2474,0.2475,0.2474,0.2475,63.0
2025-01-18 11:29:00,0.2474,0.2474,0.2473,0.2473,1226.0
2025-01-18 11:30:00,0.2473,0.2473,0.2467,0.2468,2453.0
2025-01-18 11:31:00,0.2466,0.2466,0.2465,0.2465,4076.0
2025-01-18 11:32:00,0.2467,0.2468,0.2467,0.2467,2700.0
2025-01-18 11:33:00,0.2469,0.2472,0.2469,0.2472,1031.0
2025-01-18 11:34:00,0.247,0.247,0.247,0.247,1874.0
2025-01-18 11:35:00,0.247,0.247,0.247,0.247,0.0
2025-01-18 11:36:00,0.2469,0.2472,0.2469,0.2472,8289.0
2025-01-18 11:37:00,0.2475,0.2476,0.2475,0.2476,5244.0
2025-01-18 11:38:00,0.2477,0.248,0.2477,0.2479,10359.0
2025-01-18 11:39:00,0.2479,0.2479,0.2479,0.2479,0.0
2025-01-18 11:40:00,0.2481,0.2481,0.2481,0.2481,135.0
2025-01-18 11:41:00,0.248,0.2488,0.248,0.2485,28465.0
2025-01-18 11:42:00,0.2485,0.2487,0.2485,0.2487,608.0
2025-01-18 11:43:00,0.2489,0.2491,0.2489,0.2491,12990.0
2025-01-18 11:44:00,0.249,0.2494,0.249,0.2492,8399.0
2025-01-18 11:45:00,0.2493,0.2499,0.249,0.2498,25723.0
2025-01-18 11:46:00,0.2498,0.2501,0.2497,0.2501,9916.0
2025-01-18 11:47:00,0.2501,0.2501,0.2501,0.2501,343.0
2025-01-18 11:48:00,0.2499,0.25,0.2499,0.25,3401.0
2025-01-18 11:49:00,0.2493,0.2495,0.2493,0.2495,891.0
2025-01-18 11:50:00,0.2495,0.2495,0.2494,0.2494,1692.0
2025-01-18 11:51:00,0.2493,0.2493,0.249,0.2493,7078.0
2025-01-18 11:52:00,0.2489,0.2489,0.2488,0.2488,3907.0
2025-01-18 11:53:00,0.2488,0.2488,0.2488,0.2488,41481.0
2025-01-18 11:54:00,0.2491,0.2491,0.2491,0.2491,2267.0
2025-01-18 11:55:00,0.2493,0.2493,0.2493,0.2493,89.0
2025-01-18 11:56:00,0.2494,0.2495,0.2494,0.2495,2424.0
2025-01-18 11:57:00,0.2495,0.2498,0.2495,0.2498,5579.0
2025-01-18 11:58:00,0.2497,0.2497,0.2494,0.2494,13761.0
2025-01-18 11:59:00,0.2495,0.2496,0.2494,0.2495,8396.0
2025-01-18 12:00:00,0.2495,0.2495,0.2495,0.2495,31.0
2025-01-18 12:01:00,0.2496,0.2496,0.2491,0.2491,14460.0
2025-01-18 12:02:00,0.249,0.2492,0.2488,0.2492,32187.0
2025-01-18 12:03:00,0.2492,0.2492,0.249,0.2492,3222.0
2025-01-18 12:04:00,0.2494,0.2494,0.2494,0.2494,5589.0
2025-01-18 12:05:00,0.2499,0.2501,0.2499,0.2501,23033.0
2025-01-18 12:06:00,0.2501,0.2501,0.2497,0.2498,28889.0
2025-01-18 12:07:00,0.25,0.25,0.2499,0.2499,255.0
2025-01-18 12:08:00,0.2496,0.2497,0.2496,0.2497,7106.0
2025-01-18 12:09:00,0.2497,0.2498,0.2494,0.2498,9597.0
2025-01-18 12:10:00,0.2498,0.2501,0.2498,0.2501,3963.0
2025-01-18 12:11:00,0.2502,0.2502,0.2496,0.2498,12755.0
2025-01-18 12:12:00,0.2498,0.2498,0.2498,0.2498,2584.0
2025-01-18 12:13:00,0.2495,0.2499,0.2495,0.2496,1736.0
2025-01-18 12:14:00,0.2497,0.2497,0.2495,0.2495,2046.0
2025-01-18 12:15:00,0.2495,0.2495,0.2495,0.2495,0.0
2025-01-18 12:16:00,0.2494,0.2494,0.2494,0.2494,141.0
2025-01-18 12:17:00,0.2494,0.2494,0.2494,0.2494,34.0
2025-01-18 12:18:00,0.2494,0.2494,0.2494,0.2494,0.0
2025-01-18 12:19:00,0.249,0.2491,0.2488,0.2491,19249.0
2025-01-18 12:20:00,0.2493,0.2493,0.2492,0.2492,1018.0
2025-01-18 12:21:00,0.2494,0.2497,0.2494,0.2497,41485.0
2025-01-18 12:22:00,0.2491,0.2493,0.249,0.2492,22551.0
2025-01-18 12:23:00,0.2494,0.2494,0.2492,0.2492,5434.0
2025-01-18 12:24:00,0.2494,0.2494,0.2493,0.2493,6450.0
2025-01-18 12:25:00,0.2492,0.2492,0.249,0.249,4483.0
2025-01-18 12:26:00,0.249,0.249,0.2485,0.2489,37899.0
2025-01-18 12:27:00,0.2488,0.2488,0.2484,0.2486,21826.0
2025-01-18 12:28:00,0.2485,0.2485,0.2484,0.2484,131.0
2025-01-18 12:29:00,0.2485,0.2485,0.2485,0.2485,705.0
2025-01-18 12:30:00,0.2485,0.2487,0.2482,0.2487,75730.0
2025-01-18 12:31:00,0.2486,0.2486,0.2482,0.2482,6534.0
2025-01-18 12:32:00,0.2482,0.2482,0.2479,0.2479,23328.0
2025-01-18 12:33:00,0.2479,0.2479,0.2475,0.2475,2842.0
2025-01-18 12:34:00,0.2475,0.2476,0.2472,0.2472,6515.0
2025-01-18 12:35:00,0.2472,0.2474,0.2472,0.2472,1628.0
2025-01-18 12:36:00,0.247,0.247,0.247,0.247,27.0
2025-01-18 12:37:00,0.2469,0.2471,0.2469,0.2471,930.0
2025-01-18 12:38:00,0.2471,0.2473,0.2471,0.2472,4831.0
2025-01-18 12:39:00,0.2471,0.2471,0.247,0.2471,2684.0
2025-01-18 12:40:00,0.2474,0.2477,0.2474,0.2476,2270.0
2025-01-18 12:41:00,0.2476,0.2476,0.2476,0.2476,1066.0
2025-01-18 12:42:00,0.2476,0.2476,0.2475,0.2475,1092.0
2025-01-18 12:43:00,0.2477,0.2478,0.2475,0.2478,5896.0
2025-01-18 12:44:00,0.2478,0.2478,0.2478,0.2478,0.0
2025-01-18 12:45:00,0.2477,0.2477,0.2475,0.2477,1308.0
2025-01-18 12:46:00,0.2477,0.2477,0.2477,0.2477,28.0
2025-01-18 12:47:00,0.2476,0.2476,0.2476,0.2476,3018.0
2025-01-18 12:48:00,0.2477,0.2477,0.2477,0.2477,947.0
2025-01-18 12:49:00,0.2477,0.2477,0.2477,0.2477,0.0
2025-01-18 12:50:00,0.2481,0.2481,0.2481,0.2481,1000.0
2025-01-18 12:51:00,0.2483,0.2483,0.2483,0.2483,1030.0
2025-01-18 12:52:00,0.2483,0.2483,0.248,0.248,6423.0
2025-01-18 12:53:00,0.248,0.248,0.248,0.248,0.0
2025-01-18 12:54:00,0.2482,0.2482,0.2482,0.2482,25.0
2025-01-18 12:55:00,0.2484,0.2484,0.2483,0.2483,3145.0
2025-01-18 12:56:00,0.2483,0.2483,0.2481,0.2481,3537.0
2025-01-18 12:57:00,0.2482,0.2483,0.2482,0.2483,180.0
2025-01-18 12:58:00,0.2482,0.2482,0.2482,0.2482,1965.0
2025-01-18 12:59:00,0.2482,0.2482,0.2482,0.2482,0.0
2025-01-18 13:00:00,0.2481,0.2486,0.2481,0.2485,44734.0
2025-01-18 13:01:00,0.2483,0.2491,0.2483,0.2491,12079.0
2025-01-18 13:02:00,0.2492,0.2493,0.249,0.249,347.0
2025-01-18 13:03:00,0.249,0.249,0.2486,0.2486,413.0
2025-01-18 13:04:00,0.2484,0.2484,0.2483,0.2483,2038.0
2025-01-18 13:05:00,0.2481,0.2481,0.2476,0.2477,16489.0
2025-01-18 13:06:00,0.2476,0.2478,0.2475,0.2475,1187.0
2025-01-18 13:07:00,0.2476,0.2476,0.2476,0.2476,500.0
2025-01-18 13:08:00,0.2474,0.2474,0.2474,0.2474,500.0
2025-01-18 13:09:00,0.2472,0.2474,0.2472,0.2473,14563.0
2025-01-18 13:10:00,0.2476,0.2478,0.2476,0.2478,1307.0
2025-01-18 13:11:00,0.248,0.248,0.248,0.248,1000.0
2025-01-18 13:12:00,0.248,0.248,0.248,0.248,1728.0
2025-01-18 13:13:00,0.2481,0.2481,0.248,0.248,1040.0
2025-01-18 13:14:00,0.248,0.248,0.248,0.248,0.0
2025-01-18 13:15:00,0.2482,0.2483,0.2482,0.2482,3589.0
2025-01-18 13:16:00,0.2478,0.2478,0.2477,0.2478,1520.0
2025-01-18 13:17:00,0.2479,0.2479,0.2479,0.2479,55.0
2025-01-18 13:18:00,0.2482,0.2482,0.2482,0.2482,66.0
2025-01-18 13:19:00,0.2483,0.2483,0.2482,0.2482,2007.0
2025-01-18 13:20:00,0.2483,0.2483,0.2483,0.2483,171.0
2025-01-18 13:21:00,0.2486,0.2486,0.2486,0.2486,23.0
2025-01-18 13:22:00,0.2486,0.2486,0.2486,0.2486,115.0
2025-01-18 13:23:00,0.2486,0.2486,0.2486,0.2486,0.0
2025-01-18 13:24:00,0.2486,0.2487,0.2486,0.2487,6085.0
2025-01-18 13:25:00,0.2488,0.2491,0.2488,0.2491,8001.0
2025-01-18 13:26:00,0.2491,0.2491,0.2489,0.2489,1356.0
2025-01-18 13:27:00,0.2488,0.249,0.2488,0.249,692.0
2025-01-18 13:28:00,0.249,0.249,0.249,0.249,81.0
2025-01-18 13:29:00,0.249,0.2491,0.249,0.249,2880.0
2025-01-18 13:30:00,0.2489,0.2489,0.2489,0.2489,486.0
2025-01-18 13:31:00,0.249,0.2493,0.2489,0.2493,2757.0
2025-01-18 13:32:00,0.2496,0.2505,0.2496,0.2504,71962.0
2025-01-18 13:33:00,0.2503,0.2504,0.2501,0.2502,10511.0
2025-01-18 13:34:00,0.2502,0.2504,0.2502,0.2504,2122.0
2025-01-18 13:35:00,0.2504,0.2505,0.2504,0.2505,1772.0
2025-01-18 13:36:00,0.2506,0.2506,0.2504,0.2506,8656.0
2025-01-18 13:37:00,0.2506,0.2506,0.2505,0.2505,2256.0
2025-01-18 13:38:00,0.2506,0.2507,0.2506,0.2507,8281.0
2025-01-18 13:39:00,0.2504,0.2507,0.2504,0.2507,3928.0
2025-01-18 13:40:00,0.2506,0.2509,0.2506,0.2509,1822.0
2025-01-18 13:41:00,0.2508,0.2508,0.2504,0.2505,1398.0
2025-01-18 13:42:00,0.2506,0.2507,0.2506,0.2507,1797.0
2025-01-18 13:43:00,0.2508,0.2508,0.2508,0.2508,264.0
2025-01-18 13:44:00,0.251,0.2512,0.251,0.2512,3722.0
2025-01-18 13:45:00,0.2512,0.2514,0.2512,0.2512,6509.0
2025-01-18 13:46:00,0.2515,0.2516,0.2514,0.2514,532.0
2025-01-18 13:47:00,0.2512,0.2514,0.251,0.251,3054.0
2025-01-18 13:48:00,0.2509,0.2509,0.2507,0.2507,501.0
2025-01-18 13:49:00,0.2508,0.2511,0.2508,0.251,1924.0
2025-01-18 13:50:00,0.251,0.251,0.2503,0.2504,15418.0
2025-01-18 13:51:00,0.2506,0.2508,0.2505,0.2506,1670.0
2025-01-18 13:52:00,0.2504,0.2504,0.2502,0.2502,197.0
2025-01-18 13:53:00,0.2504,0.2504,0.2504,0.2504,839.0
2025-01-18 13:54:00,0.2505,0.2506,0.2505,0.2506,4995.0
2025-01-18 13:55:00,0.2506,0.2506,0.2506,0.2506,0.0
2025-01-18 13:56:00,0.2505,0.2509,0.2503,0.2509,38398.0
2025-01-18 13:57:00,0.2509,0.2512,0.2509,0.2512,54872.0
2025-01-18 13:58:00,0.2513,0.2513,0.251,0.2513,9569.0
2025-01-18 13:59:00,0.2515,0.2518,0.2515,0.2518,39738.0
2025-01-18 14:00:00,0.2516,0.2516,0.2512,0.2514,15076.0
2025-01-18 14:01:00,0.2513,0.2517,0.2512,0.2517,8359.0
2025-01-18 14:02:00,0.2513,0.2513,0.2512,0.2513,2567.0
2025-01-18 14:03:00,0.2515,0.2515,0.2512,0.2512,2390.0
2025-01-18 14:04:00,0.2513,0.2513,0.2511,0.2511,11351.0
2025-01-18 14:05:00,0.2511,0.2511,0.2511,0.2511,0.0
2025-01-18 14:06:00,0.2514,0.2514,0.2513,0.2513,158.0
2025-01-18 14:07:00,0.2512,0.2512,0.2506,0.2506,3711.0
2025-01-18 14:08:00,0.2507,0.251,0.2506,0.2507,42006.0
2025-01-18 14:09:00,0.2508,0.2508,0.2507,0.2507,116.0
2025-01-18 14:10:00,0.2504,0.2504,0.25,0.2504,66523.0
2025-01-18 14:11:00,0.2507,0.2507,0.2504,0.2504,2479.0
2025-01-18 14:12:00,0.2503,0.2503,0.2503,0.2503,40.0
2025-01-18 14:13:00,0.2503,0.2503,0.2502,0.2502,185.0
2025-01-18 14:14:00,0.2501,0.2501,0.25,0.25,4745.0
2025-01-18 14:15:00,0.2501,0.2501,0.2501,0.2501,56.0
2025-01-18 14:16:00,0.25,0.25,0.2495,0.2495,2497.0
2025-01-18 14:17:00,0.2495,0.2495,0.2495,0.2495,0.0
2025-01-18 14:18:00,0.2497,0.2498,0.2497,0.2498,1737.0
2025-01-18 14:19:00,0.2496,0.2499,0.2496,0.2498,9928.0
2025-01-18 14:20:00,0.2499,0.2499,0.2497,0.2497,5802.0
2025-01-18 14:21:00,0.2496,0.2496,0.2495,0.2495,1065.0
2025-01-18 14:22:00,0.2495,0.2495,0.2495,0.2495,0.0
2025-01-18 14:23:00,0.2499,0.2502,0.2499,0.25,5955.0
2025-01-18 14:24:00,0.2501,0.2501,0.2497,0.2497,13571.0
2025-01-18 14:25:00,0.2495,0.2496,0.2494,0.2494,431.0
2025-01-18 14:26:00,0.2493,0.2493,0.2493,0.2493,2388.0
2025-01-18 14:27:00,0.2495,0.2495,0.2495,0.2495,279.0
2025-01-18 14:28:00,0.2495,0.2495,0.2493,0.2493,1314.0
2025-01-18 14:29:00,0.2493,0.2493,0.2493,0.2493,0.0
2025-01-18 14:30:00,0.2492,0.2495,0.2492,0.2495,100.0
2025-01-18 14:31:00,0.2494,0.2495,0.2492,0.2492,27217.0
2025-01-18 14:32:00,0.2491,0.2495,0.2491,0.2493,7996.0
2025-01-18 14:33:00,0.2493,0.2493,0.2491,0.2491,10220.0
2025-01-18 14:34:00,0.2491,0.2491,0.2485,0.2486,8902.0
2025-01-18 14:35:00,0.2484,0.2484,0.248,0.248,11381.0
2025-01-18 14:36:00,0.2482,0.2482,0.2478,0.248,11904.0
2025-01-18 14:37:00,0.2479,0.2479,0.2478,0.2478,5622.0
2025-01-18 14:38:00,0.2478,0.2478,0.2476,0.2476,1217.0
2025-01-18 14:39:00,0.2475,0.2475,0.247,0.247,2699.0
2025-01-18 14:40:00,0.247,0.2474,0.2469,0.2471,13428.0
2025-01-18 14:41:00,0.2473,0.2479,0.2471,0.2471,38926.0
2025-01-18 14:42:00,0.2471,0.2472,0.2469,0.2471,23324.0
2025-01-18 14:43:00,0.2472,0.2472,0.2472,0.2472,2848.0
2025-01-18 14:44:00,0.2469,0.2469,0.2466,0.2469,20130.0
2025-01-18 14:45:00,0.2469,0.2469,0.2469,0.2469,0.0
2025-01-18 14:46:00,0.2471,0.2472,0.2471,0.2471,23080.0
2025-01-18 14:47:00,0.2471,0.2473,0.2471,0.2472,18777.0
2025-01-18 14:48:00,0.2472,0.2474,0.2472,0.2474,10868.0
2025-01-18 14:49:00,0.2474,0.2475,0.2474,0.2475,453.0
2025-01-18 14:50:00,0.2476,0.2476,0.2476,0.2476,39.0
2025-01-18 14:51:00,0.2476,0.2476,0.2476,0.2476,0.0
2025-01-18 14:52:00,0.2473,0.2473,0.2471,0.2471,1506.0
2025-01-18 14:53:00,0.2471,0.2471,0.2471,0.2471,0.0
2025-01-18 14:54:00,0.2471,0.2471,0.2471,0.2471,303.0
2025-01-18 14:55:00,0.2471,0.2471,0.2471,0.2471,8161.0
2025-01-18 14:56:00,0.2471,0.2471,0.2467,0.2467,13718.0
2025-01-18 14:57:00,0.2467,0.2467,0.2467,0.2467,0.0
2025-01-18 14:58:00,0.2467,0.2467,0.2467,0.2467,0.0
2025-01-18 14:59:00,0.2467,0.2467,0.2467,0.2467,0.0
2025-01-18 15:00:00,0.2468,0.2469,0.2468,0.2468,10187.0
2025-01-18 15:01:00,0.2465,0.2465,0.246,0.246,1481.0
2025-01-18 15:02:00,0.246,0.2461,0.2455,0.2455,6086.0
2025-01-18 15:03:00,0.2454,0.2454,0.2454,0.2454,1118.0
2025-01-18 15:04:00,0.2453,0.2454,0.2452,0.2454,14979.0
2025-01-18 15:05:00,0.2454,0.2462,0.2453,0.2462,6829.0
2025-01-18 15:06:00,0.2462,0.2463,0.246,0.2463,3559.0
2025-01-18 15:07:00,0.2458,0.2458,0.2456,0.2456,45.0
2025-01-18 15:08:00,0.2461,0.2461,0.2461,0.2461,3060.0
2025-01-18 15:09:00,0.2465,0.2466,0.2463,0.2463,10514.0
2025-01-18 15:10:00,0.246,0.2461,0.246,0.2461,49.0
2025-01-18 15:11:00,0.2463,0.2464,0.2463,0.2464,423.0
2025-01-18 15:12:00,0.2464,0.2466,0.2464,0.2466,8645.0
2025-01-18 15:13:00,0.2467,0.2467,0.2467,0.2467,6929.0
2025-01-18 15:14:00,0.2469,0.247,0.2469,0.2469,1150.0
2025-01-18 15:15:00,0.247,0.247,0.247,0.247,4072.0
2025-01-18 15:16:00,0.2471,0.2471,0.2471,0.2471,1528.0
2025-01-18 15:17:00,0.2473,0.2479,0.2473,0.2475,11497.0
2025-01-18 15:18:00,0.2474,0.2474,0.2473,0.2473,2468.0
2025-01-18 15:19:00,0.2472,0.2478,0.2472,0.2476,6467.0
2025-01-18 15:20:00,0.248,0.2485,0.248,0.2483,31397.0
2025-01-18 15:21:00,0.248,0.2483,0.248,0.2483,16658.0
2025-01-18 15:22:00,0.248,0.2481,0.2479,0.2481,17388.0
2025-01-18 15:23:00,0.2481,0.2481,0.2478,0.2478,15511.0
2025-01-18 15:24:00,0.2478,0.2481,0.2478,0.2481,832.0
2025-01-18 15:25:00,0.2482,0.2484,0.2481,0.2484,2100.0
2025-01-18 15:26:00,0.2484,0.2489,0.2484,0.2487,9944.0
2025-01-18 15:27:00,0.2487,0.2487,0.2487,0.2487,740.0
2025-01-18 15:28:00,0.2489,0.2491,0.2488,0.2491,745.0
2025-01-18 15:29:00,0.2487,0.2487,0.2487,0.2487,758.0
2025-01-18 15:30:00,0.2486,0.2487,0.2486,0.2487,811.0
2025-01-18 15:31:00,0.2485,0.2486,0.2482,0.2483,10671.0
2025-01-18 15:32:00,0.2484,0.2486,0.2483,0.2486,5110.0
2025-01-18 15:33:00,0.2488,0.2489,0.2488,0.2489,3838.0
2025-01-18 15:34:00,0.2492,0.2494,0.2492,0.2493,4402.0
2025-01-18 15:35:00,0.2496,0.2496,0.2496,0.2496,219.0
2025-01-18 15:36:00,0.2497,0.2498,0.2497,0.2498,15696.0
2025-01-18 15:37:00,0.2499,0.2499,0.2497,0.2497,737.0
2025-01-18 15:38:00,0.2496,0.2498,0.2495,0.2495,3709.0
2025-01-18 15:39:00,0.2496,0.2497,0.2496,0.2496,1579.0
2025-01-18 15:40:00,0.249,0.2491,0.2489,0.2489,9637.0
2025-01-18 15:41:00,0.2491,0.2493,0.2491,0.2493,21874.0
2025-01-18 15:42:00,0.2491,0.2491,0.2488,0.2488,3642.0
2025-01-18 15:43:00,0.2488,0.2491,0.2488,0.2489,599.0
2025-01-18 15:44:00,0.2489,0.2491,0.2489,0.2491,1734.0
2025-01-18 15:45:00,0.2493,0.2493,0.2487,0.2487,618.0
2025-01-18 15:46:00,0.249,0.2492,0.249,0.249,17444.0
2025-01-18 15:47:00,0.249,0.249,0.2487,0.2487,878.0
2025-01-18 15:48:00,0.2484,0.2487,0.2481,0.2481,7121.0
2025-01-18 15:49:00,0.2484,0.2484,0.2484,0.2484,999.0
2025-01-18 15:50:00,0.2483,0.2483,0.248,0.248,7412.0
2025-01-18 15:51:00,0.248,0.2483,0.2479,0.2481,5091.0
2025-01-18 15:52:00,0.2483,0.2483,0.2483,0.2483,1086.0
2025-01-18 15:53:00,0.248,0.2481,0.2475,0.2479,11535.0
2025-01-18 15:54:00,0.2482,0.2482,0.2482,0.2482,1696.0
2025-01-18 15:55:00,0.248,0.248,0.248,0.248,1530.0
2025-01-18 15:56:00,0.2476,0.2477,0.2475,0.2475,22681.0
2025-01-18 15:57:00,0.2478,0.2478,0.2471,0.2472,5825.0
2025-01-18 15:58:00,0.2471,0.2471,0.247,0.247,5413.0
2025-01-18 15:59:00,0.247,0.247,0.2466,0.2466,1268.0
2025-01-18 16:00:00,0.2466,0.2475,0.2387,0.2462,713403.0
2025-01-18 16:01:00,0.2462,0.2466,0.2462,0.2463,42741.0
2025-01-18 16:02:00,0.2462,0.2462,0.2451,0.2454,133821.0
2025-01-18 16:03:00,0.2455,0.2466,0.2453,0.2466,23081.0
2025-01-18 16:04:00,0.2464,0.2469,0.2464,0.2466,15735.0
2025-01-18 16:05:00,0.2466,0.247,0.2466,0.2467,31970.0
2025-01-18 16:06:00,0.2467,0.2472,0.2467,0.2469,22044.0
2025-01-18 16:07:00,0.2469,0.2469,0.2464,0.2464,12003.0
2025-01-18 16:08:00,0.2462,0.2468,0.2462,0.2468,4118.0
2025-01-18 16:09:00,0.247,0.2472,0.2459,0.2459,34701.0
2025-01-18 16:10:00,0.246,0.246,0.2452,0.2453,11273.0
2025-01-18 16:11:00,0.2455,0.2456,0.245,0.2452,13429.0
2025-01-18 16:12:00,0.2453,0.2453,0.2448,0.2452,6420.0
2025-01-18 16:13:00,0.2449,0.2452,0.2446,0.2446,10284.0
2025-01-18 16:14:00,0.2447,0.2459,0.2447,0.2454,54805.0
2025-01-18 16:15:00,0.2454,0.2457,0.2454,0.2454,13998.0
2025-01-18 16:16:00,0.245,0.245,0.2443,0.2445,33144.0
2025-01-18 16:17:00,0.2442,0.2443,0.2437,0.2441,63375.0
2025-01-18 16:18:00,0.244,0.2441,0.2432,0.2436,103582.0
2025-01-18 16:19:00,0.2435,0.2449,0.2433,0.2443,58033.0
2025-01-18 16:20:00,0.2446,0.2446,0.2437,0.2437,14228.0
2025-01-18 16:21:00,0.2441,0.2452,0.2441,0.2448,35584.0
2025-01-18 16:22:00,0.2452,0.2455,0.2452,0.2452,11686.0
2025-01-18 16:23:00,0.2455,0.2458,0.2454,0.2458,9875.0
2025-01-18 16:24:00,0.246,0.2461,0.2458,0.2461,13605.0
2025-01-18 16:25:00,0.246,0.2461,0.2457,0.2459,32338.0
2025-01-18 16:26:00,0.2459,0.2461,0.2457,0.2461,21749.0
2025-01-18 16:27:00,0.2461,0.2461,0.2458,0.2458,147.0
2025-01-18 16:28:00,0.2458,0.2458,0.2456,0.2458,15722.0
2025-01-18 16:29:00,0.2459,0.2459,0.2456,0.2458,19941.0
2025-01-18 16:30:00,0.2458,0.246,0.2457,0.2459,8601.0
2025-01-18 16:31:00,0.2462,0.2467,0.2462,0.2467,1108.0
2025-01-18 16:32:00,0.2467,0.247,0.2467,0.2469,11082.0
2025-01-18 16:33:00,0.247,0.2474,0.247,0.2474,3482.0
2025-01-18 16:34:00,0.2476,0.2476,0.2471,0.2474,33751.0
2025-01-18 16:35:00,0.2467,0.2467,0.2465,0.2466,807.0
2025-01-18 16:36:00,0.2463,0.2463,0.246,0.2462,517.0
2025-01-18 16:37:00,0.2462,0.2462,0.2462,0.2462,0.0
2025-01-18 16:38:00,0.2459,0.2459,0.2453,0.2453,21535.0
2025-01-18 16:39:00,0.2454,0.2454,0.2446,0.2446,4252.0
2025-01-18 16:40:00,0.2445,0.245,0.2442,0.2448,16676.0
2025-01-18 16:41:00,0.245,0.245,0.2446,0.2449,16535.0
2025-01-18 16:42:00,0.2451,0.2455,0.245,0.2451,13216.0
2025-01-18 16:43:00,0.2452,0.2453,0.2452,0.2453,14632.0
2025-01-18 16:44:00,0.2451,0.2451,0.2449,0.2449,3623.0
2025-01-18 16:45:00,0.2452,0.2458,0.245,0.2458,5225.0
2025-01-18 16:46:00,0.2456,0.2456,0.2455,0.2455,1590.0
2025-01-18 16:47:00,0.2454,0.2455,0.2452,0.2452,10966.0
2025-01-18 16:48:00,0.2453,0.2453,0.2448,0.2448,1987.0
2025-01-18 16:49:00,0.2447,0.2447,0.2446,0.2446,815.0
2025-01-18 16:50:00,0.2444,0.2444,0.2443,0.2443,1263.0
2025-01-18 16:51:00,0.2442,0.2442,0.244,0.244,11465.0
2025-01-18 16:52:00,0.2443,0.2444,0.2436,0.2436,7696.0
2025-01-18 16:53:00,0.2436,0.2439,0.2436,0.2439,14285.0
2025-01-18 16:54:00,0.2437,0.2437,0.2433,0.2437,19248.0
2025-01-18 16:55:00,0.2441,0.2447,0.2441,0.2446,8608.0
2025-01-18 16:56:00,0.2443,0.2445,0.2443,0.2445,443.0
2025-01-18 16:57:00,0.2442,0.2443,0.2442,0.2443,8579.0
2025-01-18 16:58:00,0.2438,0.2438,0.2437,0.2438,1097.0
2025-01-18 16:59:00,0.2436,0.2436,0.2431,0.2431,5910.0
2025-01-18 17:00:00,0.2431,0.2435,0.2429,0.2432,13591.0
2025-01-18 17:01:00,0.2429,0.2439,0.2429,0.2439,5082.0
2025-01-18 17:02:00,0.2442,0.2444,0.2442,0.2444,17484.0
2025-01-18 17:03:00,0.2444,0.2446,0.2442,0.2442,9637.0
2025-01-18 17:04:00,0.2444,0.2444,0.2443,0.2443,436.0
2025-01-18 17:05:00,0.2443,0.2443,0.2443,0.2443,66.0
2025-01-18 17:06:00,0.2445,0.2449,0.2445,0.2446,18479.0
2025-01-18 17:07:00,0.2444,0.2445,0.2444,0.2445,267.0
2025-01-18 17:08:00,0.244,0.244,0.2439,0.2439,279.0
2025-01-18 17:09:00,0.2434,0.2434,0.243,0.2431,3919.0
2025-01-18 17:10:00,0.2434,0.2434,0.2431,0.2431,9466.0
2025-01-18 17:11:00,0.2435,0.2437,0.2435,0.2437,18306.0
2025-01-18 17:12:00,0.2438,0.2438,0.2437,0.2437,1330.0
2025-01-18 17:13:00,0.2442,0.2444,0.244,0.2444,33561.0
2025-01-18 17:14:00,0.2444,0.2444,0.2444,0.2444,84.0
2025-01-18 17:15:00,0.2441,0.2443,0.2441,0.2443,4495.0
2025-01-18 17:16:00,0.2442,0.2443,0.2439,0.2443,56209.0
2025-01-18 17:17:00,0.2446,0.2449,0.2446,0.2448,3449.0
2025-01-18 17:18:00,0.2449,0.2449,0.2441,0.2443,53978.0
2025-01-18 17:19:00,0.2447,0.2447,0.2447,0.2447,229.0
2025-01-18 17:20:00,0.2444,0.2444,0.244,0.244,5179.0
2025-01-18 17:21:00,0.2436,0.2439,0.2434,0.2438,12186.0
2025-01-18 17:22:00,0.2443,0.2443,0.244,0.244,6954.0
2025-01-18 17:23:00,0.2441,0.2441,0.2438,0.2438,6461.0
2025-01-18 17:24:00,0.2438,0.2438,0.2435,0.2435,7052.0
2025-01-18 17:25:00,0.2436,0.2436,0.2431,0.2431,8264.0
2025-01-18 17:26:00,0.2438,0.2441,0.2438,0.2441,15283.0
2025-01-18 17:27:00,0.2442,0.2444,0.2442,0.2442,25235.0
2025-01-18 17:28:00,0.2442,0.2442,0.2439,0.2441,6638.0
2025-01-18 17:29:00,0.2441,0.2441,0.2441,0.2441,0.0
2025-01-18 17:30:00,0.2441,0.2441,0.2433,0.2438,36267.0
2025-01-18 17:31:00,0.2439,0.2439,0.2437,0.2437,795.0
2025-01-18 17:32:00,0.2436,0.2436,0.2436,0.2436,456.0
2025-01-18 17:33:00,0.244,0.2445,0.244,0.2445,14828.0
2025-01-18 17:34:00,0.2444,0.2447,0.2444,0.2447,4490.0
2025-01-18 17:35:00,0.2444,0.2445,0.2444,0.2445,1487.0
2025-01-18 17:36:00,0.2448,0.2448,0.2444,0.2446,5214.0
2025-01-18 17:37:00,0.2445,0.2446,0.2445,0.2446,704.0
2025-01-18 17:38:00,0.2445,0.2445,0.2444,0.2444,2743.0
2025-01-18 17:39:00,0.2443,0.2443,0.2442,0.2442,2080.0
2025-01-18 17:40:00,0.244,0.244,0.2437,0.2437,46478.0
2025-01-18 17:41:00,0.2439,0.2441,0.2438,0.2439,1646.0
2025-01-18 17:42:00,0.2437,0.2437,0.2433,0.2435,5392.0
2025-01-18 17:43:00,0.2436,0.2436,0.243,0.2434,30843.0
2025-01-18 17:44:00,0.2432,0.2433,0.243,0.2433,193.0
2025-01-18 17:45:00,0.2432,0.2432,0.2432,0.2432,1019.0
2025-01-18 17:46:00,0.2433,0.2433,0.2431,0.2433,22394.0
2025-01-18 17:47:00,0.2437,0.244,0.2436,0.244,18828.0
2025-01-18 17:48:00,0.2438,0.2439,0.2438,0.2439,2755.0
2025-01-18 17:49:00,0.244,0.2442,0.244,0.244,3527.0
2025-01-18 17:50:00,0.2435,0.2435,0.2432,0.2432,694.0
2025-01-18 17:51:00,0.2436,0.2436,0.243,0.2431,6560.0
2025-01-18 17:52:00,0.2431,0.2433,0.243,0.2432,16747.0
2025-01-18 17:53:00,0.2431,0.2431,0.2428,0.2428,2889.0
2025-01-18 17:54:00,0.2432,0.2432,0.2431,0.2431,128.0
2025-01-18 17:55:00,0.2429,0.2436,0.2429,0.2435,9981.0
2025-01-18 17:56:00,0.2434,0.2435,0.2433,0.2433,5648.0
2025-01-18 17:57:00,0.2431,0.2431,0.2431,0.2431,500.0
2025-01-18 17:58:00,0.2427,0.2427,0.2423,0.2423,24069.0
2025-01-18 17:59:00,0.2423,0.2424,0.2421,0.2422,11190.0
2025-01-18 18:00:00,0.2422,0.2426,0.2416,0.2424,114512.0
2025-01-18 18:01:00,0.2429,0.243,0.2429,0.243,5327.0
2025-01-18 18:02:00,0.2428,0.2431,0.2428,0.243,1875.0
2025-01-18 18:03:00,0.2431,0.2431,0.2429,0.2429,149.0
2025-01-18 18:04:00,0.243,0.2431,0.243,0.2431,1591.0
2025-01-18 18:05:00,0.2431,0.2431,0.2431,0.2431,80.0
2025-01-18 18:06:00,0.2429,0.2429,0.2429,0.2429,953.0
2025-01-18 18:07:00,0.2431,0.2431,0.2426,0.2426,1335.0
2025-01-18 18:08:00,0.2428,0.2428,0.2427,0.2427,1297.0
2025-01-18 18:09:00,0.2426,0.2426,0.242,0.242,3206.0
2025-01-18 18:10:00,0.2427,0.2429,0.2426,0.2426,7857.0
2025-01-18 18:11:00,0.2427,0.2427,0.2427,0.2427,3060.0
2025-01-18 18:12:00,0.2425,0.2425,0.2425,0.2425,2717.0
2025-01-18 18:13:00,0.2425,0.2426,0.2424,0.2426,2676.0
2025-01-18 18:14:00,0.2429,0.2429,0.2429,0.2429,81.0
2025-01-18 18:15:00,0.243,0.2432,0.243,0.2431,6058.0
2025-01-18 18:16:00,0.2429,0.2429,0.2427,0.2427,14518.0
2025-01-18 18:17:00,0.2426,0.2426,0.2419,0.2419,4483.0
2025-01-18 18:18:00,0.242,0.242,0.2412,0.2412,4984.0
2025-01-18 18:19:00,0.2411,0.2412,0.2406,0.241,94407.0
2025-01-18 18:20:00,0.2408,0.2409,0.2408,0.2409,3462.0
2025-01-18 18:21:00,0.2411,0.2419,0.2411,0.2418,8046.0
2025-01-18 18:22:00,0.2417,0.2421,0.2416,0.2417,6234.0
2025-01-18 18:23:00,0.2418,0.2418,0.2418,0.2418,638.0
2025-01-18 18:24:00,0.2418,0.2421,0.2417,0.242,2755.0
2025-01-18 18:25:00,0.2423,0.2424,0.2423,0.2424,3745.0
2025-01-18 18:26:00,0.2425,0.2427,0.2425,0.2427,8763.0
2025-01-18 18:27:00,0.2427,0.2427,0.2426,0.2426,86.0
2025-01-18 18:28:00,0.243,0.2432,0.243,0.2432,2139.0
2025-01-18 18:29:00,0.2431,0.2431,0.243,0.2431,6790.0
2025-01-18 18:30:00,0.2428,0.2431,0.2428,0.2431,1407.0
2025-01-18 18:31:00,0.2433,0.2433,0.2432,0.2433,421.0
2025-01-18 18:32:00,0.2432,0.2438,0.2432,0.2434,29851.0
2025-01-18 18:33:00,0.2433,0.2433,0.2431,0.2431,6767.0
2025-01-18 18:34:00,0.2429,0.2429,0.2425,0.2425,3675.0
2025-01-18 18:35:00,0.2425,0.2431,0.2424,0.2431,2836.0
2025-01-18 18:36:00,0.2432,0.2432,0.2432,0.2432,672.0
2025-01-18 18:37:00,0.243,0.2432,0.243,0.2432,3295.0
2025-01-18 18:38:00,0.2433,0.2433,0.2431,0.2431,21037.0
2025-01-18 18:39:00,0.2432,0.2432,0.243,0.243,278.0
2025-01-18 18:40:00,0.243,0.243,0.243,0.243,0.0
2025-01-18 18:41:00,0.243,0.243,0.243,0.243,0.0
2025-01-18 18:42:00,0.2434,0.2436,0.2433,0.2436,2410.0
2025-01-18 18:43:00,0.2434,0.2434,0.2432,0.2432,181.0
2025-01-18 18:44:00,0.2432,0.2432,0.2432,0.2432,884.0
2025-01-18 18:45:00,0.243,0.243,0.243,0.243,148.0
2025-01-18 18:46:00,0.2429,0.2433,0.2429,0.2433,3105.0
2025-01-18 18:47:00,0.2433,0.2433,0.2432,0.2432,815.0
2025-01-18 18:48:00,0.2431,0.2431,0.243,0.2431,4850.0
2025-01-18 18:49:00,0.2428,0.2431,0.2428,0.2431,9639.0
2025-01-18 18:50:00,0.2434,0.2434,0.2434,0.2434,337.0
2025-01-18 18:51:00,0.243,0.243,0.2424,0.2424,3567.0
2025-01-18 18:52:00,0.2423,0.2423,0.242,0.242,3506.0
2025-01-18 18:53:00,0.2418,0.2418,0.2416,0.2416,3047.0
2025-01-18 18:54:00,0.2414,0.2414,0.2411,0.2411,4009.0
2025-01-18 18:55:00,0.2411,0.2412,0.2409,0.2409,17023.0
2025-01-18 18:56:00,0.2408,0.2412,0.2407,0.2412,23153.0
2025-01-18 18:57:00,0.2415,0.2415,0.2415,0.2415,62.0
2025-01-18 18:58:00,0.2415,0.2415,0.2415,0.2415,0.0
2025-01-18 18:59:00,0.2413,0.2413,0.2411,0.2411,3903.0
2025-01-18 19:00:00,0.2414,0.242,0.2414,0.242,20227.0
2025-01-18 19:01:00,0.2421,0.2424,0.2421,0.2422,26347.0
2025-01-18 19:02:00,0.2417,0.2417,0.2417,0.2417,1035.0
2025-01-18 19:03:00,0.2418,0.2418,0.2414,0.2415,63861.0
2025-01-18 19:04:00,0.2415,0.2416,0.2412,0.2412,24822.0
2025-01-18 19:05:00,0.2413,0.2416,0.2412,0.2415,19453.0
2025-01-18 19:06:00,0.2416,0.2418,0.2416,0.2418,5903.0
2025-01-18 19:07:00,0.2419,0.242,0.2417,0.2418,12730.0
2025-01-18 19:08:00,0.2418,0.2421,0.2418,0.242,7852.0
2025-01-18 19:09:00,0.2424,0.2424,0.2424,0.2424,4220.0
2025-01-18 19:10:00,0.2423,0.2426,0.2423,0.2426,1747.0
2025-01-18 19:11:00,0.2423,0.2425,0.2423,0.2425,106.0
2025-01-18 19:12:00,0.2426,0.2427,0.242,0.242,28373.0
2025-01-18 19:13:00,0.242,0.242,0.242,0.242,0.0
2025-01-18 19:14:00,0.2421,0.2421,0.242,0.242,7454.0
2025-01-18 19:15:00,0.2424,0.2425,0.2424,0.2425,400.0
2025-01-18 19:16:00,0.2431,0.2431,0.2431,0.2431,770.0
2025-01-18 19:17:00,0.2431,0.2431,0.2431,0.2431,1918.0
2025-01-18 19:18:00,0.2433,0.2433,0.2433,0.2433,109.0
2025-01-18 19:19:00,0.2434,0.2434,0.2434,0.2434,1397.0
2025-01-18 19:20:00,0.2434,0.2436,0.2434,0.2434,9787.0
2025-01-18 19:21:00,0.2434,0.2436,0.2434,0.2434,40280.0
2025-01-18 19:22:00,0.2434,0.2434,0.2431,0.2431,4020.0
2025-01-18 19:23:00,0.2431,0.2431,0.2431,0.2431,0.0
2025-01-18 19:24:00,0.2428,0.2429,0.2428,0.2428,4756.0
2025-01-18 19:25:00,0.2431,0.2431,0.2429,0.243,26143.0
2025-01-18 19:26:00,0.2431,0.2431,0.243,0.243,114.0
2025-01-18 19:27:00,0.2431,0.2431,0.2431,0.2431,1537.0
2025-01-18 19:28:00,0.2431,0.2431,0.2431,0.2431,0.0
2025-01-18 19:29:00,0.2431,0.2431,0.2431,0.2431,4089.0
2025-01-18 19:30:00,0.2432,0.2435,0.2432,0.2435,1134.0
2025-01-18 19:31:00,0.2436,0.2437,0.2436,0.2436,3214.0
2025-01-18 19:32:00,0.2437,0.2437,0.2437,0.2437,763.0
2025-01-18 19:33:00,0.2435,0.2435,0.2434,0.2434,643.0
2025-01-18 19:34:00,0.2434,0.2437,0.2434,0.2436,1046.0
2025-01-18 19:35:00,0.2434,0.2434,0.2429,0.2429,1416.0
2025-01-18 19:36:00,0.2429,0.2433,0.2429,0.2433,4092.0
2025-01-18 19:37:00,0.2434,0.2434,0.2434,0.2434,369.0
2025-01-18 19:38:00,0.2434,0.2434,0.2434,0.2434,1200.0
2025-01-18 19:39:00,0.2434,0.244,0.2434,0.2438,49193.0
2025-01-18 19:40:00,0.2438,0.2438,0.2438,0.2438,213.0
2025-01-18 19:41:00,0.2437,0.2437,0.2437,0.2437,3041.0
2025-01-18 19:42:00,0.2438,0.2438,0.2438,0.2438,3016.0
2025-01-18 19:43:00,0.2438,0.2441,0.2438,0.244,3405.0
2025-01-18 19:44:00,0.244,0.244,0.2437,0.2438,4558.0
2025-01-18 19:45:00,0.2438,0.2438,0.2437,0.2437,224.0
2025-01-18 19:46:00,0.2437,0.2438,0.2437,0.2438,5313.0
2025-01-18 19:47:00,0.2442,0.2443,0.2439,0.2439,4754.0
2025-01-18 19:48:00,0.2441,0.2443,0.2441,0.2443,21832.0
2025-01-18 19:49:00,0.2443,0.2443,0.2443,0.2443,114.0
2025-01-18 19:50:00,0.244,0.244,0.2439,0.244,4776.0
2025-01-18 19:51:00,0.244,0.2442,0.244,0.2442,8736.0
2025-01-18 19:52:00,0.2442,0.2442,0.2442,0.2442,0.0
2025-01-18 19:53:00,0.2442,0.2442,0.2442,0.2442,0.0
2025-01-18 19:54:00,0.2443,0.2444,0.2443,0.2444,3048.0
2025-01-18 19:55:00,0.2445,0.2445,0.2442,0.2443,1104.0
2025-01-18 19:56:00,0.2443,0.2444,0.2442,0.2442,1323.0
2025-01-18 19:57:00,0.2442,0.2442,0.2442,0.2442,1858.0
2025-01-18 19:58:00,0.2442,0.2443,0.244,0.2443,49572.0
2025-01-18 19:59:00,0.2442,0.2442,0.2442,0.2442,2793.0
2025-01-18 20:00:00,0.2443,0.2449,0.2443,0.2449,16652.0
2025-01-18 20:01:00,0.2447,0.2447,0.2446,0.2447,44783.0
2025-01-18 20:02:00,0.2445,0.2445,0.2444,0.2444,2084.0
2025-01-18 20:03:00,0.2445,0.2446,0.2445,0.2445,4404.0
2025-01-18 20:04:00,0.2446,0.2446,0.2445,0.2445,1352.0
2025-01-18 20:05:00,0.2445,0.2446,0.2445,0.2445,10008.0
2025-01-18 20:06:00,0.2445,0.2445,0.2443,0.2444,11898.0
2025-01-18 20:07:00,0.2447,0.2447,0.2447,0.2447,102.0
2025-01-18 20:08:00,0.2447,0.2447,0.2445,0.2445,10467.0
2025-01-18 20:09:00,0.2446,0.2446,0.2444,0.2446,22983.0
2025-01-18 20:10:00,0.2446,0.2448,0.2445,0.2448,24057.0
2025-01-18 20:11:00,0.2448,0.2448,0.2447,0.2447,3543.0
2025-01-18 20:12:00,0.2447,0.2447,0.2443,0.2445,26850.0
2025-01-18 20:13:00,0.2447,0.2447,0.2447,0.2447,4443.0
2025-01-18 20:14:00,0.2446,0.2447,0.2445,0.2447,17089.0
2025-01-18 20:15:00,0.2448,0.2448,0.2445,0.2445,2750.0
2025-01-18 20:16:00,0.2445,0.2446,0.2443,0.2443,17761.0
2025-01-18 20:17:00,0.2443,0.2445,0.2443,0.2445,3997.0
2025-01-18 20:18:00,0.2445,0.2445,0.2442,0.2443,2927.0
2025-01-18 20:19:00,0.2443,0.2445,0.2443,0.2445,2573.0
2025-01-18 20:20:00,0.2444,0.2444,0.2444,0.2444,2702.0
2025-01-18 20:21:00,0.2441,0.2441,0.2439,0.2441,5976.0
2025-01-18 20:22:00,0.2439,0.2439,0.2439,0.2439,1234.0
2025-01-18 20:23:00,0.2436,0.2436,0.2436,0.2436,665.0
2025-01-18 20:24:00,0.2437,0.2437,0.2437,0.2437,988.0
2025-01-18 20:25:00,0.2434,0.2434,0.243,0.243,20270.0
2025-01-18 20:26:00,0.2429,0.243,0.2429,0.243,5850.0
2025-01-18 20:27:00,0.2427,0.2427,0.2425,0.2426,6391.0
2025-01-18 20:28:00,0.2426,0.2428,0.2426,0.2427,5525.0
2025-01-18 20:29:00,0.2427,0.2431,0.2427,0.2431,3282.0
2025-01-18 20:30:00,0.243,0.2432,0.2429,0.2432,7166.0
2025-01-18 20:31:00,0.2432,0.2436,0.2432,0.2436,3314.0
2025-01-18 20:32:00,0.2436,0.2436,0.2436,0.2436,1106.0
2025-01-18 20:33:00,0.2436,0.2436,0.2436,0.2436,0.0
2025-01-18 20:34:00,0.2436,0.2436,0.2436,0.2436,1026.0
2025-01-18 20:35:00,0.2437,0.2439,0.2437,0.2439,381.0
2025-01-18 20:36:00,0.2439,0.244,0.2438,0.2438,4398.0
2025-01-18 20:37:00,0.2437,0.2437,0.2434,0.2434,446.0
2025-01-18 20:38:00,0.2436,0.2436,0.2436,0.2436,615.0
2025-01-18 20:39:00,0.2436,0.2436,0.2436,0.2436,0.0
2025-01-18 20:40:00,0.2439,0.244,0.2438,0.244,13206.0
2025-01-18 20:41:00,0.244,0.244,0.244,0.244,0.0
2025-01-18 20:42:00,0.2437,0.2437,0.2437,0.2437,525.0
2025-01-18 20:43:00,0.2436,0.2436,0.2436,0.2436,62.0
2025-01-18 20:44:00,0.2436,0.2436,0.2435,0.2435,105.0
2025-01-18 20:45:00,0.2436,0.2436,0.2434,0.2434,4229.0
2025-01-18 20:46:00,0.2431,0.2431,0.2427,0.2427,825.0
2025-01-18 20:47:00,0.2425,0.2425,0.2423,0.2423,884.0
2025-01-18 20:48:00,0.2424,0.2424,0.2422,0.2422,8602.0
2025-01-18 20:49:00,0.2422,0.2423,0.2422,0.2423,4945.0
2025-01-18 20:50:00,0.2423,0.2423,0.2423,0.2423,0.0
2025-01-18 20:51:00,0.2429,0.243,0.2427,0.2427,22601.0
2025-01-18 20:52:00,0.2429,0.2429,0.2424,0.2424,3083.0
2025-01-18 20:53:00,0.2423,0.2424,0.2423,0.2424,1376.0
2025-01-18 20:54:00,0.2421,0.2421,0.2419,0.2419,16179.0
2025-01-18 20:55:00,0.2419,0.2421,0.2419,0.242,9673.0
2025-01-18 20:56:00,0.2419,0.242,0.2419,0.2419,462.0
2025-01-18 20:57:00,0.242,0.2423,0.242,0.2423,12095.0
2025-01-18 20:58:00,0.2422,0.2424,0.2422,0.2424,1093.0
2025-01-18 20:59:00,0.2424,0.2424,0.2424,0.2424,0.0
2025-01-18 21:00:00,0.2425,0.2434,0.2425,0.2434,48896.0
2025-01-18 21:01:00,0.2434,0.2434,0.2428,0.2428,4033.0
2025-01-18 21:02:00,0.2427,0.2431,0.2427,0.2431,1937.0
2025-01-18 21:03:00,0.2431,0.2431,0.2431,0.2431,0.0
2025-01-18 21:04:00,0.2429,0.2431,0.2429,0.2431,1050.0
2025-01-18 21:05:00,0.2431,0.2432,0.2431,0.2432,3982.0
2025-01-18 21:06:00,0.2434,0.2434,0.2433,0.2433,1320.0
2025-01-18 21:07:00,0.2435,0.2437,0.2435,0.2437,1124.0
2025-01-18 21:08:00,0.2437,0.2437,0.2437,0.2437,0.0
2025-01-18 21:09:00,0.2437,0.2437,0.2437,0.2437,2113.0
2025-01-18 21:10:00,0.2437,0.2439,0.2437,0.2439,1554.0
2025-01-18 21:11:00,0.2439,0.2439,0.2438,0.2438,1000.0
2025-01-18 21:12:00,0.2438,0.2439,0.2438,0.2439,3103.0
2025-01-18 21:13:00,0.2439,0.2439,0.2439,0.2439,75.0
2025-01-18 21:14:00,0.2438,0.2438,0.2438,0.2438,25.0
2025-01-18 21:15:00,0.2439,0.2442,0.2439,0.2442,1321.0
2025-01-18 21:16:00,0.2444,0.2445,0.2442,0.2442,533.0
2025-01-18 21:17:00,0.2442,0.2447,0.2442,0.2446,36951.0
2025-01-18 21:18:00,0.2444,0.2444,0.2444,0.2444,2305.0
2025-01-18 21:19:00,0.2442,0.2442,0.2441,0.2441,155.0
2025-01-18 21:20:00,0.2442,0.2442,0.2439,0.2439,12655.0
2025-01-18 21:21:00,0.244,0.2444,0.244,0.2443,42199.0
2025-01-18 21:22:00,0.244,0.244,0.244,0.244,4383.0
2025-01-18 21:23:00,0.244,0.244,0.244,0.244,2260.0
2025-01-18 21:24:00,0.2438,0.244,0.2437,0.244,2522.0
2025-01-18 21:25:00,0.244,0.244,0.244,0.244,0.0
2025-01-18 21:26:00,0.2438,0.244,0.2438,0.244,554.0
2025-01-18 21:27:00,0.244,0.244,0.244,0.244,429.0
2025-01-18 21:28:00,0.2439,0.2439,0.2438,0.2438,2561.0
2025-01-18 21:29:00,0.2438,0.2438,0.2438,0.2438,0.0
2025-01-18 21:30:00,0.2437,0.2437,0.2436,0.2436,3008.0
2025-01-18 21:31:00,0.2434,0.2434,0.2431,0.2432,3384.0
2025-01-18 21:32:00,0.243,0.2431,0.2428,0.2431,4547.0
2025-01-18 21:33:00,0.2429,0.2429,0.2426,0.2426,5871.0
2025-01-18 21:34:00,0.2426,0.2428,0.2426,0.2428,1367.0
2025-01-18 21:35:00,0.2428,0.2431,0.2428,0.2431,2747.0
2025-01-18 21:36:00,0.2431,0.2431,0.2426,0.2428,19823.0
2025-01-18 21:37:00,0.243,0.243,0.2429,0.2429,15284.0
2025-01-18 21:38:00,0.2431,0.2433,0.2431,0.2433,4468.0
2025-01-18 21:39:00,0.2434,0.2434,0.2434,0.2434,4274.0
2025-01-18 21:40:00,0.2434,0.2435,0.2434,0.2435,935.0
2025-01-18 21:41:00,0.2435,0.2435,0.2433,0.2433,2018.0
2025-01-18 21:42:00,0.2435,0.2435,0.2435,0.2435,1034.0
2025-01-18 21:43:00,0.2435,0.2435,0.2435,0.2435,1198.0
2025-01-18 21:44:00,0.2435,0.2435,0.2434,0.2434,1451.0
2025-01-18 21:45:00,0.2435,0.2435,0.2433,0.2433,3305.0
2025-01-18 21:46:00,0.2432,0.2432,0.2431,0.2432,9978.0
2025-01-18 21:47:00,0.2434,0.2435,0.2433,0.2435,17755.0
2025-01-18 21:48:00,0.2436,0.2436,0.2434,0.2434,9554.0
2025-01-18 21:49:00,0.2434,0.2436,0.2434,0.2436,1507.0
2025-01-18 21:50:00,0.2436,0.2436,0.2435,0.2435,3008.0
2025-01-18 21:51:00,0.2436,0.2436,0.2434,0.2434,2854.0
2025-01-18 21:52:00,0.2433,0.2433,0.2431,0.2431,3414.0
2025-01-18 21:53:00,0.2434,0.2435,0.2433,0.2433,2667.0
2025-01-18 21:54:00,0.2433,0.2434,0.2432,0.2432,3275.0
2025-01-18 21:55:00,0.2432,0.2432,0.2429,0.2429,13242.0
2025-01-18 21:56:00,0.2429,0.2429,0.2427,0.2427,4919.0
2025-01-18 21:57:00,0.2428,0.2428,0.2428,0.2428,93.0
2025-01-18 21:58:00,0.2429,0.2429,0.2429,0.2429,4712.0
2025-01-18 21:59:00,0.2429,0.2429,0.2429,0.2429,6990.0
2025-01-18 22:00:00,0.2429,0.2429,0.2427,0.2428,9310.0
2025-01-18 22:01:00,0.2428,0.2428,0.2425,0.2428,18391.0
2025-01-18 22:02:00,0.243,0.2431,0.243,0.243,4401.0
2025-01-18 22:03:00,0.2431,0.2431,0.243,0.243,2660.0
2025-01-18 22:04:00,0.243,0.243,0.2428,0.2428,2338.0
2025-01-18 22:05:00,0.2429,0.243,0.2429,0.243,1063.0
2025-01-18 22:06:00,0.2434,0.2436,0.2434,0.2435,3367.0
2025-01-18 22:07:00,0.2436,0.2437,0.2436,0.2437,4561.0
2025-01-18 22:08:00,0.2438,0.2438,0.2438,0.2438,2143.0
2025-01-18 22:09:00,0.2438,0.2438,0.2438,0.2438,75.0
2025-01-18 22:10:00,0.2439,0.244,0.2439,0.244,402.0
2025-01-18 22:11:00,0.244,0.244,0.244,0.244,191.0
2025-01-18 22:12:00,0.2442,0.2442,0.2441,0.2441,5257.0
2025-01-18 22:13:00,0.2442,0.2443,0.2442,0.2443,1008.0
2025-01-18 22:14:00,0.2444,0.2452,0.2444,0.2452,25636.0
2025-01-18 22:15:00,0.2453,0.2456,0.2451,0.2453,30259.0
2025-01-18 22:16:00,0.2453,0.2453,0.2453,0.2453,883.0
2025-01-18 22:17:00,0.2453,0.2454,0.2453,0.2454,6527.0
2025-01-18 22:18:00,0.2454,0.2456,0.2454,0.2456,2778.0
2025-01-18 22:19:00,0.2456,0.2456,0.2455,0.2455,2752.0
2025-01-18 22:20:00,0.2455,0.2455,0.2454,0.2454,1678.0
2025-01-18 22:21:00,0.2455,0.2455,0.2453,0.2453,1102.0
2025-01-18 22:22:00,0.2454,0.2456,0.2454,0.2456,1992.0
2025-01-18 22:23:00,0.2455,0.2455,0.2453,0.2453,5277.0
2025-01-18 22:24:00,0.2452,0.2452,0.2451,0.2451,1593.0
2025-01-18 22:25:00,0.2451,0.2451,0.2451,0.2451,2971.0
2025-01-18 22:26:00,0.2451,0.2452,0.245,0.2452,3429.0
2025-01-18 22:27:00,0.2453,0.2454,0.2453,0.2454,1063.0
2025-01-18 22:28:00,0.2455,0.2455,0.2454,0.2454,5011.0
2025-01-18 22:29:00,0.2454,0.2454,0.2454,0.2454,0.0
2025-01-18 22:30:00,0.2454,0.2454,0.2454,0.2454,0.0
2025-01-18 22:31:00,0.2458,0.2459,0.2458,0.2459,354.0
2025-01-18 22:32:00,0.246,0.2461,0.246,0.2461,5026.0
2025-01-18 22:33:00,0.2462,0.2463,0.2462,0.2462,14146.0
2025-01-18 22:34:00,0.2463,0.2463,0.246,0.246,674.0
2025-01-18 22:35:00,0.246,0.246,0.246,0.246,0.0
2025-01-18 22:36:00,0.2463,0.2464,0.2463,0.2464,2780.0
2025-01-18 22:37:00,0.2464,0.2464,0.2463,0.2463,142.0
2025-01-18 22:38:00,0.2465,0.2465,0.2464,0.2464,384.0
2025-01-18 22:39:00,0.2465,0.2467,0.2465,0.2467,7663.0
2025-01-18 22:40:00,0.2469,0.2469,0.2468,0.2468,1860.0
2025-01-18 22:41:00,0.2466,0.2466,0.2464,0.2464,1531.0
2025-01-18 22:42:00,0.2465,0.2465,0.2464,0.2464,7209.0
2025-01-18 22:43:00,0.2464,0.2464,0.2464,0.2464,1715.0
2025-01-18 22:44:00,0.2464,0.2464,0.2464,0.2464,43.0
2025-01-18 22:45:00,0.2464,0.2464,0.2464,0.2464,47.0
2025-01-18 22:46:00,0.2466,0.2466,0.2466,0.2466,43.0
2025-01-18 22:47:00,0.2466,0.2466,0.2466,0.2466,0.0
2025-01-18 22:48:00,0.2464,0.2464,0.2463,0.2463,89.0
2025-01-18 22:49:00,0.2464,0.2464,0.2462,0.2462,545.0
2025-01-18 22:50:00,0.2464,0.2464,0.2462,0.2462,46.0
2025-01-18 22:51:00,0.2462,0.2462,0.2462,0.2462,0.0
2025-01-18 22:52:00,0.2463,0.2463,0.2463,0.2463,45.0
2025-01-18 22:53:00,0.2463,0.2463,0.2461,0.2461,1651.0
2025-01-18 22:54:00,0.2463,0.2463,0.2463,0.2463,46.0
2025-01-18 22:55:00,0.2464,0.2464,0.2462,0.2462,6075.0
2025-01-18 22:56:00,0.2462,0.2462,0.246,0.246,1878.0
2025-01-18 22:57:00,0.2458,0.2459,0.2457,0.2457,2575.0
2025-01-18 22:58:00,0.2457,0.2458,0.2456,0.2456,7687.0
2025-01-18 22:59:00,0.2457,0.2457,0.2457,0.2457,1386.0
2025-01-18 23:00:00,0.2455,0.2455,0.2455,0.2455,433.0
2025-01-18 23:01:00,0.2455,0.2455,0.2455,0.2455,0.0
2025-01-18 23:02:00,0.2458,0.2459,0.2456,0.2459,197.0
2025-01-18 23:03:00,0.2461,0.2461,0.2461,0.2461,241.0
2025-01-18 23:04:00,0.2459,0.2459,0.2458,0.2458,83.0
2025-01-18 23:05:00,0.2456,0.2463,0.2456,0.2463,608.0
2025-01-18 23:06:00,0.2462,0.2462,0.246,0.246,74.0
2025-01-18 23:07:00,0.2461,0.2461,0.2461,0.2461,220.0
2025-01-18 23:08:00,0.2461,0.2461,0.2461,0.2461,5214.0
2025-01-18 23:09:00,0.2462,0.2462,0.2462,0.2462,1016.0
2025-01-18 23:10:00,0.2461,0.2463,0.246,0.2463,3586.0
2025-01-18 23:11:00,0.2462,0.2462,0.246,0.246,3329.0
2025-01-18 23:12:00,0.2461,0.2461,0.2461,0.2461,2530.0
2025-01-18 23:13:00,0.2461,0.2462,0.2461,0.2462,4050.0
2025-01-18 23:14:00,0.2462,0.2462,0.2462,0.2462,91.0
2025-01-18 23:15:00,0.2459,0.2459,0.2459,0.2459,35.0
2025-01-18 23:16:00,0.2463,0.2465,0.2463,0.2465,3357.0
2025-01-18 23:17:00,0.2465,0.2468,0.2465,0.2468,2001.0
2025-01-18 23:18:00,0.2468,0.2468,0.2466,0.2466,1046.0
2025-01-18 23:19:00,0.2466,0.2466,0.2466,0.2466,201.0
2025-01-18 23:20:00,0.2469,0.2471,0.2469,0.2471,213.0
2025-01-18 23:21:00,0.2472,0.2477,0.2472,0.2477,2215.0
2025-01-18 23:22:00,0.2477,0.2479,0.2477,0.2479,2879.0
2025-01-18 23:23:00,0.2479,0.2479,0.2479,0.2479,1034.0
2025-01-18 23:24:00,0.2477,0.2477,0.2474,0.2474,4987.0
2025-01-18 23:25:00,0.2477,0.2477,0.2477,0.2477,398.0
2025-01-18 23:26:00,0.2481,0.2482,0.2481,0.2482,999.0
2025-01-18 23:27:00,0.2483,0.2484,0.2482,0.2483,744.0
2025-01-18 23:28:00,0.2484,0.2485,0.2484,0.2484,1090.0
2025-01-18 23:29:00,0.2485,0.249,0.2485,0.2489,9830.0
2025-01-18 23:30:00,0.249,0.249,0.2489,0.249,507.0
2025-01-18 23:31:00,0.2489,0.2492,0.2489,0.249,1471.0
2025-01-18 23:32:00,0.2491,0.2496,0.2491,0.2494,11327.0
2025-01-18 23:33:00,0.2494,0.2494,0.2494,0.2494,54.0
2025-01-18 23:34:00,0.2496,0.2496,0.2496,0.2496,1289.0
2025-01-18 23:35:00,0.2491,0.2491,0.249,0.249,7030.0
2025-01-18 23:36:00,0.2488,0.2489,0.2488,0.2488,10043.0
2025-01-18 23:37:00,0.2492,0.2492,0.249,0.249,3184.0
2025-01-18 23:38:00,0.249,0.249,0.249,0.249,0.0
2025-01-18 23:39:00,0.2493,0.2495,0.2493,0.2495,1078.0
2025-01-18 23:40:00,0.2497,0.2497,0.2497,0.2497,3682.0
2025-01-18 23:41:00,0.2492,0.2492,0.249,0.249,1044.0
2025-01-18 23:42:00,0.2489,0.2492,0.2488,0.2492,1635.0
2025-01-18 23:43:00,0.2494,0.2494,0.2494,0.2494,402.0
2025-01-18 23:44:00,0.2493,0.2496,0.2492,0.2496,21614.0
2025-01-18 23:45:00,0.2497,0.2497,0.2495,0.2497,20061.0
2025-01-18 23:46:00,0.2497,0.2497,0.2496,0.2497,8818.0
2025-01-18 23:47:00,0.2497,0.2497,0.2495,0.2495,2113.0
2025-01-18 23:48:00,0.2495,0.2495,0.2494,0.2495,2987.0
2025-01-18 23:49:00,0.2495,0.2495,0.2495,0.2495,0.0
2025-01-18 23:50:00,0.2495,0.2495,0.2495,0.2495,1003.0
2025-01-18 23:51:00,0.2491,0.2491,0.2487,0.249,13665.0
2025-01-18 23:52:00,0.249,0.2491,0.2489,0.2489,974.0
2025-01-18 23:53:00,0.2493,0.2493,0.2493,0.2493,742.0
2025-01-18 23:54:00,0.2492,0.2492,0.2492,0.2492,2596.0
2025-01-18 23:55:00,0.2491,0.2491,0.2491,0.2491,1076.0
2025-01-18 23:56:00,0.2493,0.2493,0.2493,0.2493,2088.0
2025-01-18 23:57:00,0.2494,0.2495,0.2494,0.2495,4706.0
2025-01-18 23:58:00,0.2494,0.2494,0.2494,0.2494,972.0
2025-01-18 23:59:00,0.2492,0.2492,0.249,0.249,10670.0
2025-01-19 00:00:00,0.2491,0.2491,0.2482,0.2485,14941.0
2025-01-19 00:01:00,0.2485,0.2487,0.2483,0.2483,7792.0
2025-01-19 00:02:00,0.2481,0.2481,0.2479,0.2479,1556.0
2025-01-19 00:03:00,0.2478,0.2482,0.2478,0.2481,21343.0
2025-01-19 00:04:00,0.2481,0.2492,0.2481,0.2486,171227.0
2025-01-19 00:05:00,0.2487,0.2495,0.2487,0.2494,20699.0
2025-01-19 00:06:00,0.2495,0.2497,0.2491,0.2491,12728.0
2025-01-19 00:07:00,0.2491,0.2492,0.249,0.249,9377.0
2025-01-19 00:08:00,0.2492,0.2494,0.2492,0.2493,11119.0
2025-01-19 00:09:00,0.2493,0.2494,0.2492,0.2493,9373.0
2025-01-19 00:10:00,0.2491,0.2491,0.249,0.2491,10577.0
2025-01-19 00:11:00,0.2488,0.2488,0.2486,0.2486,11288.0
2025-01-19 00:12:00,0.2485,0.2485,0.2481,0.2481,24372.0
2025-01-19 00:13:00,0.2481,0.2481,0.2481,0.2481,377.0
2025-01-19 00:14:00,0.2482,0.2482,0.2477,0.2478,5201.0
2025-01-19 00:15:00,0.2485,0.2485,0.2485,0.2485,61.0
2025-01-19 00:16:00,0.249,0.2498,0.249,0.2498,23395.0
2025-01-19 00:17:00,0.2499,0.2501,0.2496,0.2501,56388.0
2025-01-19 00:18:00,0.2498,0.2498,0.2493,0.2494,6345.0
2025-01-19 00:19:00,0.2498,0.25,0.2498,0.25,5547.0
2025-01-19 00:20:00,0.2501,0.2501,0.2497,0.2497,8204.0
2025-01-19 00:21:00,0.2499,0.2499,0.2496,0.2498,12406.0
2025-01-19 00:22:00,0.25,0.25,0.2497,0.2499,10834.0
2025-01-19 00:23:00,0.25,0.2501,0.2499,0.25,14213.0
2025-01-19 00:24:00,0.25,0.25,0.2497,0.2497,6777.0
2025-01-19 00:25:00,0.2497,0.2497,0.2494,0.2497,5435.0
2025-01-19 00:26:00,0.2499,0.25,0.2497,0.2497,41072.0
2025-01-19 00:27:00,0.2498,0.2498,0.2497,0.2498,4468.0
2025-01-19 00:28:00,0.2495,0.2495,0.2493,0.2494,6533.0
2025-01-19 00:29:00,0.2494,0.2496,0.2494,0.2495,5591.0
2025-01-19 00:30:00,0.2496,0.2497,0.2495,0.2496,33760.0
2025-01-19 00:31:00,0.25,0.2502,0.2499,0.2499,5073.0
2025-01-19 00:32:00,0.2501,0.2507,0.2501,0.2502,10873.0
2025-01-19 00:33:00,0.2501,0.2501,0.2501,0.2501,702.0
2025-01-19 00:34:00,0.2502,0.2502,0.2501,0.2501,4485.0
2025-01-19 00:35:00,0.2501,0.2501,0.2499,0.2499,2095.0
2025-01-19 00:36:00,0.2498,0.2498,0.2495,0.2495,11382.0
2025-01-19 00:37:00,0.2496,0.2496,0.2494,0.2494,9615.0
2025-01-19 00:38:00,0.2494,0.2494,0.2492,0.2492,3226.0
2025-01-19 00:39:00,0.2492,0.2496,0.2491,0.2496,17163.0
2025-01-19 00:40:00,0.2495,0.2496,0.2495,0.2496,2191.0
2025-01-19 00:41:00,0.2496,0.2496,0.2496,0.2496,6982.0
2025-01-19 00:42:00,0.2499,0.2502,0.2499,0.2502,1183.0
2025-01-19 00:43:00,0.2503,0.2505,0.2503,0.2505,8223.0
2025-01-19 00:44:00,0.2503,0.2503,0.25,0.2501,2037.0
2025-01-19 00:45:00,0.2502,0.2503,0.2502,0.2503,130.0
2025-01-19 00:46:00,0.2506,0.2507,0.2506,0.2507,1357.0
2025-01-19 00:47:00,0.2504,0.2506,0.2504,0.2506,3235.0
2025-01-19 00:48:00,0.2503,0.2503,0.2503,0.2503,1950.0
2025-01-19 00:49:00,0.2498,0.2499,0.2498,0.2499,2107.0
2025-01-19 00:50:00,0.2497,0.2504,0.2497,0.2504,10454.0
2025-01-19 00:51:00,0.2503,0.2503,0.25,0.25,4375.0
2025-01-19 00:52:00,0.2498,0.2499,0.2498,0.2499,7413.0
2025-01-19 00:53:00,0.2501,0.2501,0.25,0.25,2000.0
2025-01-19 00:54:00,0.2498,0.2498,0.2498,0.2498,5881.0
2025-01-19 00:55:00,0.2499,0.2501,0.2499,0.2501,5145.0
2025-01-19 00:56:00,0.2502,0.2502,0.2501,0.2501,939.0
2025-01-19 00:57:00,0.2501,0.2501,0.2498,0.2498,4544.0
2025-01-19 00:58:00,0.2498,0.2503,0.2498,0.2503,6808.0
2025-01-19 00:59:00,0.2501,0.2501,0.2498,0.2498,6190.0
2025-01-19 01:00:00,0.2499,0.25,0.2499,0.25,13185.0
2025-01-19 01:01:00,0.2498,0.2499,0.2494,0.2494,3606.0
2025-01-19 01:02:00,0.2498,0.2498,0.2498,0.2498,28.0
2025-01-19 01:03:00,0.2502,0.2502,0.2502,0.2502,2563.0
2025-01-19 01:04:00,0.2503,0.2503,0.2501,0.2501,3737.0
2025-01-19 01:05:00,0.2502,0.2502,0.2502,0.2502,418.0
2025-01-19 01:06:00,0.2502,0.2505,0.2502,0.2505,3436.0
2025-01-19 01:07:00,0.2507,0.2509,0.2507,0.2509,3865.0
2025-01-19 01:08:00,0.2507,0.2512,0.2507,0.2512,5290.0
2025-01-19 01:09:00,0.2513,0.2513,0.2513,0.2513,1000.0
2025-01-19 01:10:00,0.2513,0.2516,0.2511,0.2516,11608.0
2025-01-19 01:11:00,0.2516,0.252,0.2516,0.2518,12642.0
2025-01-19 01:12:00,0.2519,0.2519,0.2519,0.2519,993.0
2025-01-19 01:13:00,0.2519,0.2523,0.2519,0.2521,12587.0
2025-01-19 01:14:00,0.2522,0.2522,0.2519,0.2519,14511.0
2025-01-19 01:15:00,0.2519,0.2523,0.2518,0.2521,8184.0
2025-01-19 01:16:00,0.2521,0.2521,0.2512,0.2514,10749.0
2025-01-19 01:17:00,0.2515,0.2517,0.2515,0.2517,4696.0
2025-01-19 01:18:00,0.2517,0.2517,0.2517,0.2517,0.0
2025-01-19 01:19:00,0.2515,0.2517,0.2515,0.2517,12739.0
2025-01-19 01:20:00,0.2518,0.2518,0.2518,0.2518,2145.0
2025-01-19 01:21:00,0.2518,0.2518,0.2515,0.2515,2368.0
2025-01-19 01:22:00,0.2516,0.2516,0.2516,0.2516,65.0
2025-01-19 01:23:00,0.2515,0.2515,0.2514,0.2514,148.0
2025-01-19 01:24:00,0.2516,0.2517,0.2516,0.2517,2238.0
2025-01-19 01:25:00,0.2514,0.2514,0.2509,0.251,36578.0
2025-01-19 01:26:00,0.2511,0.2511,0.2511,0.2511,2670.0
2025-01-19 01:27:00,0.2511,0.2514,0.2511,0.2514,13114.0
2025-01-19 01:28:00,0.2515,0.2515,0.2515,0.2515,1045.0
2025-01-19 01:29:00,0.2515,0.2515,0.2515,0.2515,0.0
2025-01-19 01:30:00,0.2521,0.2522,0.2518,0.2518,4474.0
2025-01-19 01:31:00,0.2517,0.2517,0.2513,0.2513,2416.0
2025-01-19 01:32:00,0.2513,0.2514,0.2513,0.2514,5005.0
2025-01-19 01:33:00,0.2515,0.2517,0.2512,0.2512,4009.0
2025-01-19 01:34:00,0.251,0.2513,0.2508,0.2512,137908.0
2025-01-19 01:35:00,0.2513,0.2514,0.2512,0.2513,3172.0
2025-01-19 01:36:00,0.2512,0.2512,0.2511,0.2511,3978.0
2025-01-19 01:37:00,0.2512,0.2514,0.2512,0.2514,8782.0
2025-01-19 01:38:00,0.2513,0.2521,0.2513,0.2521,12115.0
2025-01-19 01:39:00,0.2522,0.2526,0.2522,0.2526,45766.0
2025-01-19 01:40:00,0.2526,0.2526,0.2526,0.2526,0.0
2025-01-19 01:41:00,0.2526,0.2526,0.2522,0.2523,27128.0
2025-01-19 01:42:00,0.2524,0.2526,0.252,0.2521,397171.0
2025-01-19 01:43:00,0.2521,0.2529,0.252,0.2529,302077.0
2025-01-19 01:44:00,0.253,0.2532,0.253,0.2532,16076.0
2025-01-19 01:45:00,0.2533,0.2537,0.2533,0.2537,9304.0
2025-01-19 01:46:00,0.2538,0.2539,0.2535,0.2539,35524.0
2025-01-19 01:47:00,0.254,0.2542,0.2538,0.2538,8203.0
2025-01-19 01:48:00,0.254,0.254,0.2538,0.254,6504.0
2025-01-19 01:49:00,0.2539,0.254,0.2539,0.254,4564.0
2025-01-19 01:50:00,0.254,0.2542,0.254,0.2542,3909.0
2025-01-19 01:51:00,0.2543,0.2544,0.2541,0.2541,8083.0
2025-01-19 01:52:00,0.2541,0.2541,0.254,0.2541,1494.0
2025-01-19 01:53:00,0.2541,0.2542,0.2541,0.2542,4403.0
2025-01-19 01:54:00,0.2541,0.2542,0.2541,0.2542,61281.0
2025-01-19 01:55:00,0.2542,0.2542,0.2541,0.2541,4128.0
2025-01-19 01:56:00,0.2541,0.2544,0.2541,0.2544,3809.0
2025-01-19 01:57:00,0.2544,0.2544,0.2543,0.2543,8946.0
2025-01-19 01:58:00,0.2542,0.2542,0.2542,0.2542,60.0
2025-01-19 01:59:00,0.2542,0.2542,0.2542,0.2542,0.0
2025-01-19 02:00:00,0.2543,0.2544,0.2543,0.2543,5910.0
2025-01-19 02:01:00,0.2542,0.2542,0.2539,0.2539,4822.0
2025-01-19 02:02:00,0.2539,0.2539,0.2539,0.2539,0.0
2025-01-19 02:03:00,0.2539,0.2539,0.2539,0.2539,1635.0
2025-01-19 02:04:00,0.2539,0.2539,0.2539,0.2539,1012.0
2025-01-19 02:05:00,0.2539,0.2541,0.2539,0.2539,19674.0
2025-01-19 02:06:00,0.254,0.2541,0.2538,0.2538,13562.0
2025-01-19 02:07:00,0.2538,0.254,0.2538,0.254,599.0
2025-01-19 02:08:00,0.2541,0.2541,0.2541,0.2541,244.0
2025-01-19 02:09:00,0.2543,0.2543,0.254,0.254,4216.0
2025-01-19 02:10:00,0.254,0.254,0.254,0.254,5446.0
2025-01-19 02:11:00,0.254,0.254,0.254,0.254,421.0
2025-01-19 02:12:00,0.254,0.254,0.254,0.254,0.0
2025-01-19 02:13:00,0.254,0.254,0.254,0.254,0.0
2025-01-19 02:14:00,0.254,0.254,0.254,0.254,0.0
2025-01-19 02:15:00,0.2544,0.2544,0.2542,0.2542,375.0
2025-01-19 02:16:00,0.254,0.2541,0.254,0.2541,100.0
2025-01-19 02:17:00,0.2543,0.2543,0.254,0.254,14557.0
2025-01-19 02:18:00,0.2538,0.2539,0.2538,0.2538,7668.0
2025-01-19 02:19:00,0.2538,0.2538,0.2538,0.2538,0.0
2025-01-19 02:20:00,0.2538,0.2538,0.2538,0.2538,2108.0
2025-01-19 02:21:00,0.2539,0.2541,0.2539,0.2541,5827.0
2025-01-19 02:22:00,0.2541,0.2541,0.2541,0.2541,0.0
2025-01-19 02:23:00,0.2543,0.2547,0.2543,0.2547,8169.0
2025-01-19 02:24:00,0.2549,0.2553,0.2549,0.2551,36945.0
2025-01-19 02:25:00,0.2551,0.2553,0.2551,0.2551,871.0
2025-01-19 02:26:00,0.2553,0.2555,0.2551,0.2552,4467.0
2025-01-19 02:27:00,0.2551,0.2551,0.2549,0.2549,200.0
2025-01-19 02:28:00,0.2551,0.2551,0.255,0.255,6686.0
2025-01-19 02:29:00,0.255,0.255,0.255,0.255,0.0
2025-01-19 02:30:00,0.255,0.2552,0.255,0.2552,5689.0
2025-01-19 02:31:00,0.2552,0.2553,0.2551,0.2551,6092.0
2025-01-19 02:32:00,0.2549,0.2551,0.2545,0.2545,2450.0
2025-01-19 02:33:00,0.2544,0.2545,0.2539,0.2539,8014.0
2025-01-19 02:34:00,0.2542,0.2542,0.2542,0.2542,2038.0
2025-01-19 02:35:00,0.2542,0.2542,0.2542,0.2542,0.0
2025-01-19 02:36:00,0.2545,0.255,0.2545,0.255,5984.0
2025-01-19 02:37:00,0.255,0.255,0.255,0.255,391.0
2025-01-19 02:38:00,0.2553,0.2556,0.2553,0.2555,113485.0
2025-01-19 02:39:00,0.2556,0.2559,0.2556,0.2559,4416.0
2025-01-19 02:40:00,0.256,0.2561,0.256,0.2561,1689.0
2025-01-19 02:41:00,0.2562,0.2563,0.2561,0.2562,2384.0
2025-01-19 02:42:00,0.2563,0.2565,0.2563,0.2564,6667.0
2025-01-19 02:43:00,0.2564,0.2564,0.2564,0.2564,1231.0
2025-01-19 02:44:00,0.2563,0.2564,0.2562,0.2562,7046.0
2025-01-19 02:45:00,0.256,0.2561,0.2557,0.2557,31453.0
2025-01-19 02:46:00,0.2558,0.2558,0.2557,0.2557,4923.0
2025-01-19 02:47:00,0.2557,0.2557,0.2557,0.2557,0.0
2025-01-19 02:48:00,0.2555,0.2555,0.2551,0.2551,2972.0
2025-01-19 02:49:00,0.255,0.255,0.2547,0.2547,80.0
2025-01-19 02:50:00,0.2547,0.2549,0.2547,0.2549,9827.0
2025-01-19 02:51:00,0.2549,0.2549,0.2549,0.2549,0.0
2025-01-19 02:52:00,0.2551,0.2551,0.2546,0.2547,18431.0
2025-01-19 02:53:00,0.2547,0.2548,0.2547,0.2548,6168.0
2025-01-19 02:54:00,0.2548,0.2548,0.2548,0.2548,140.0
2025-01-19 02:55:00,0.2548,0.2548,0.2547,0.2547,5425.0
2025-01-19 02:56:00,0.2546,0.2546,0.2544,0.2544,25495.0
2025-01-19 02:57:00,0.2544,0.2544,0.2543,0.2543,248.0
2025-01-19 02:58:00,0.2542,0.2542,0.2538,0.2538,3089.0
2025-01-19 02:59:00,0.254,0.254,0.2535,0.2538,14562.0
2025-01-19 03:00:00,0.2539,0.2539,0.2533,0.2533,5565.0
2025-01-19 03:01:00,0.2535,0.2535,0.2533,0.2533,5167.0
2025-01-19 03:02:00,0.2534,0.2539,0.2534,0.2539,5546.0
2025-01-19 03:03:00,0.2539,0.2539,0.2532,0.2534,5740.0
2025-01-19 03:04:00,0.2534,0.2537,0.2534,0.2536,192.0
2025-01-19 03:05:00,0.2537,0.2539,0.2537,0.2538,1422.0
2025-01-19 03:06:00,0.2537,0.2537,0.2533,0.2533,1296.0
2025-01-19 03:07:00,0.2532,0.2532,0.2529,0.2529,5889.0
2025-01-19 03:08:00,0.2527,0.2527,0.2523,0.2525,22525.0
2025-01-19 03:09:00,0.2524,0.2524,0.2522,0.2522,1281.0
2025-01-19 03:10:00,0.2521,0.2521,0.2517,0.2517,854.0
2025-01-19 03:11:00,0.2516,0.2518,0.2516,0.2517,1022.0
2025-01-19 03:12:00,0.2518,0.2518,0.2515,0.2515,11939.0
2025-01-19 03:13:00,0.2517,0.2517,0.2516,0.2516,1556.0
2025-01-19 03:14:00,0.2517,0.2517,0.2515,0.2516,2389.0
2025-01-19 03:15:00,0.2518,0.2518,0.2517,0.2517,6261.0
2025-01-19 03:16:00,0.2517,0.2518,0.2517,0.2518,2480.0
2025-01-19 03:17:00,0.2516,0.2516,0.2516,0.2516,60.0
2025-01-19 03:18:00,0.2519,0.2523,0.2518,0.2521,7448.0
2025-01-19 03:19:00,0.2521,0.2521,0.2521,0.2521,1248.0
2025-01-19 03:20:00,0.252,0.2525,0.252,0.2524,1735.0
2025-01-19 03:21:00,0.2522,0.2522,0.2522,0.2522,4600.0
2025-01-19 03:22:00,0.2519,0.2519,0.2517,0.2517,861.0
2025-01-19 03:23:00,0.2517,0.2518,0.2517,0.2518,5743.0
2025-01-19 03:24:00,0.2515,0.2515,0.251,0.2513,4010.0
2025-01-19 03:25:00,0.251,0.251,0.251,0.251,1770.0
2025-01-19 03:26:00,0.2511,0.2513,0.2509,0.2513,8783.0
2025-01-19 03:27:00,0.2513,0.2513,0.2512,0.2512,74.0
2025-01-19 03:28:00,0.2509,0.2509,0.2509,0.2509,1576.0
2025-01-19 03:29:00,0.2509,0.2509,0.2509,0.2509,0.0
2025-01-19 03:30:00,0.2514,0.2517,0.2514,0.2517,5859.0
2025-01-19 03:31:00,0.2516,0.2516,0.2516,0.2516,882.0
2025-01-19 03:32:00,0.2514,0.2514,0.2514,0.2514,72.0
2025-01-19 03:33:00,0.251,0.251,0.251,0.251,500.0
2025-01-19 03:34:00,0.2506,0.2506,0.2505,0.2506,1774.0
2025-01-19 03:35:00,0.2506,0.2506,0.2505,0.2505,12182.0
2025-01-19 03:36:00,0.2507,0.2507,0.2507,0.2507,69.0
2025-01-19 03:37:00,0.2504,0.2504,0.2504,0.2504,356.0
2025-01-19 03:38:00,0.2505,0.2505,0.2505,0.2505,40.0
2025-01-19 03:39:00,0.2503,0.2503,0.2502,0.2502,5285.0
2025-01-19 03:40:00,0.2501,0.2501,0.25,0.2501,43403.0
2025-01-19 03:41:00,0.2503,0.2503,0.2501,0.2501,3642.0
2025-01-19 03:42:00,0.2501,0.2503,0.2501,0.2503,148.0
2025-01-19 03:43:00,0.2503,0.2504,0.2503,0.2504,12945.0
2025-01-19 03:44:00,0.2501,0.2504,0.25,0.2504,20483.0
2025-01-19 03:45:00,0.2504,0.2504,0.2504,0.2504,0.0
2025-01-19 03:46:00,0.2503,0.2507,0.2503,0.2507,3914.0
2025-01-19 03:47:00,0.2505,0.2519,0.2505,0.2519,15757.0
2025-01-19 03:48:00,0.2516,0.2516,0.2516,0.2516,3052.0
2025-01-19 03:49:00,0.2517,0.2521,0.2517,0.2521,1205.0
2025-01-19 03:50:00,0.2521,0.2523,0.2521,0.2523,2778.0
2025-01-19 03:51:00,0.2521,0.2523,0.2521,0.2521,3786.0
2025-01-19 03:52:00,0.2522,0.2522,0.2519,0.2519,4050.0
2025-01-19 03:53:00,0.252,0.252,0.252,0.252,2621.0
2025-01-19 03:54:00,0.2519,0.2519,0.2519,0.2519,993.0
2025-01-19 03:55:00,0.252,0.2525,0.252,0.2523,83333.0
2025-01-19 03:56:00,0.2522,0.2522,0.2521,0.2521,1165.0
2025-01-19 03:57:00,0.2521,0.2521,0.2513,0.2513,6628.0
2025-01-19 03:58:00,0.2514,0.2514,0.2512,0.2512,7206.0
2025-01-19 03:59:00,0.2512,0.2514,0.2511,0.2511,33033.0
2025-01-19 04:00:00,0.2513,0.2513,0.2508,0.2509,83731.0
2025-01-19 04:01:00,0.2504,0.2504,0.2498,0.2498,4585.0
2025-01-19 04:02:00,0.2499,0.2501,0.2499,0.25,3658.0
2025-01-19 04:03:00,0.2503,0.2503,0.2499,0.2499,237.0
2025-01-19 04:04:00,0.2499,0.25,0.2496,0.2499,20399.0
2025-01-19 04:05:00,0.2498,0.25,0.2498,0.25,8654.0
2025-01-19 04:06:00,0.2502,0.2502,0.2501,0.2501,160.0
2025-01-19 04:07:00,0.2502,0.2507,0.2502,0.2505,4058.0
2025-01-19 04:08:00,0.2504,0.2504,0.2499,0.2499,4633.0
2025-01-19 04:09:00,0.25,0.25,0.2498,0.2498,38222.0
2025-01-19 04:10:00,0.2495,0.2495,0.2493,0.2495,1314.0
2025-01-19 04:11:00,0.2492,0.2492,0.2489,0.2491,7370.0
2025-01-19 04:12:00,0.249,0.2491,0.249,0.2491,7684.0
2025-01-19 04:13:00,0.2494,0.2504,0.2494,0.2503,1999.0
2025-01-19 04:14:00,0.2504,0.2507,0.2504,0.2505,18319.0
2025-01-19 04:15:00,0.2506,0.2507,0.2501,0.2502,16550.0
2025-01-19 04:16:00,0.2506,0.2506,0.2494,0.2495,11594.0
2025-01-19 04:17:00,0.2499,0.2499,0.2483,0.2485,99024.0
2025-01-19 04:18:00,0.2487,0.2487,0.2479,0.2484,32843.0
2025-01-19 04:19:00,0.248,0.2491,0.248,0.2488,9786.0
2025-01-19 04:20:00,0.2483,0.2487,0.2483,0.2487,11637.0
2025-01-19 04:21:00,0.249,0.2499,0.249,0.2496,11684.0
2025-01-19 04:22:00,0.2494,0.2499,0.2493,0.2493,14769.0
2025-01-19 04:23:00,0.2493,0.2495,0.2489,0.2495,12173.0
2025-01-19 04:24:00,0.2499,0.2499,0.2499,0.2499,58.0
2025-01-19 04:25:00,0.2501,0.2504,0.2501,0.2504,1501.0
2025-01-19 04:26:00,0.2503,0.2503,0.2497,0.2497,5528.0
2025-01-19 04:27:00,0.2497,0.2497,0.2493,0.2493,13965.0
2025-01-19 04:28:00,0.2495,0.2497,0.2495,0.2497,585.0
2025-01-19 04:29:00,0.2498,0.2498,0.2495,0.2495,467.0
2025-01-19 04:30:00,0.2492,0.2492,0.2486,0.2486,7399.0
2025-01-19 04:31:00,0.2482,0.2483,0.2479,0.2482,38042.0
2025-01-19 04:32:00,0.2478,0.2478,0.2472,0.2477,3339.0
2025-01-19 04:33:00,0.2477,0.2477,0.2474,0.2474,3208.0
2025-01-19 04:34:00,0.2473,0.2476,0.2473,0.2476,913.0
2025-01-19 04:35:00,0.2483,0.2483,0.2482,0.2482,8515.0
2025-01-19 04:36:00,0.2482,0.2482,0.2482,0.2482,71.0
2025-01-19 04:37:00,0.2487,0.2488,0.2486,0.2487,6701.0
2025-01-19 04:38:00,0.2487,0.2487,0.2487,0.2487,0.0
2025-01-19 04:39:00,0.2489,0.2489,0.2487,0.2487,555.0
2025-01-19 04:40:00,0.2489,0.2489,0.2483,0.2483,29355.0
2025-01-19 04:41:00,0.2481,0.2481,0.2476,0.2478,8314.0
2025-01-19 04:42:00,0.2479,0.2479,0.2479,0.2479,899.0
2025-01-19 04:43:00,0.2481,0.2483,0.2481,0.2482,2356.0
2025-01-19 04:44:00,0.248,0.248,0.2476,0.2479,7517.0
2025-01-19 04:45:00,0.2479,0.2479,0.2475,0.2475,6786.0
2025-01-19 04:46:00,0.2475,0.2478,0.2473,0.2475,50096.0
2025-01-19 04:47:00,0.248,0.2487,0.248,0.2486,2933.0
2025-01-19 04:48:00,0.2484,0.2484,0.2484,0.2484,2054.0
2025-01-19 04:49:00,0.2481,0.2484,0.2481,0.2483,18177.0
2025-01-19 04:50:00,0.2486,0.2492,0.2486,0.2489,33688.0
2025-01-19 04:51:00,0.2485,0.2485,0.2481,0.2482,9495.0
2025-01-19 04:52:00,0.2483,0.2487,0.2483,0.2487,4778.0
2025-01-19 04:53:00,0.2485,0.2486,0.2482,0.2486,7932.0
2025-01-19 04:54:00,0.2484,0.2486,0.2483,0.2485,7553.0
2025-01-19 04:55:00,0.2484,0.2484,0.2476,0.2476,4135.0
2025-01-19 04:56:00,0.2477,0.2477,0.2476,0.2476,4102.0
2025-01-19 04:57:00,0.2473,0.2479,0.2473,0.2479,7222.0
2025-01-19 04:58:00,0.2476,0.2478,0.2476,0.2476,2000.0
2025-01-19 04:59:00,0.2477,0.2477,0.2474,0.2475,6080.0
2025-01-19 05:00:00,0.2475,0.2479,0.2472,0.2479,14431.0
2025-01-19 05:01:00,0.248,0.248,0.2478,0.2478,2335.0
2025-01-19 05:02:00,0.2474,0.2474,0.2469,0.247,2616.0
2025-01-19 05:03:00,0.2471,0.2472,0.247,0.247,809.0
2025-01-19 05:04:00,0.2472,0.2472,0.2466,0.2466,1291.0
2025-01-19 05:05:00,0.2465,0.2468,0.2462,0.2465,20094.0
2025-01-19 05:06:00,0.2468,0.2473,0.2464,0.2473,1506.0
2025-01-19 05:07:00,0.2475,0.2477,0.2473,0.2474,1840.0
2025-01-19 05:08:00,0.2476,0.2476,0.2469,0.2469,11085.0
2025-01-19 05:09:00,0.2465,0.2465,0.2464,0.2464,855.0
2025-01-19 05:10:00,0.2466,0.2466,0.2463,0.2463,2506.0
2025-01-19 05:11:00,0.2461,0.2461,0.246,0.2461,2970.0
2025-01-19 05:12:00,0.2461,0.2465,0.2461,0.2465,8554.0
2025-01-19 05:13:00,0.2465,0.2466,0.2455,0.2455,21754.0
2025-01-19 05:14:00,0.2455,0.2456,0.2454,0.2454,1211.0
2025-01-19 05:15:00,0.2454,0.2455,0.2454,0.2455,6698.0
2025-01-19 05:16:00,0.2453,0.2462,0.2452,0.2462,8103.0
2025-01-19 05:17:00,0.2459,0.2459,0.2455,0.2455,6406.0
2025-01-19 05:18:00,0.2454,0.2455,0.2452,0.2452,92078.0
2025-01-19 05:19:00,0.2453,0.2457,0.2453,0.2457,4997.0
2025-01-19 05:20:00,0.2459,0.2462,0.2458,0.2462,2091.0
2025-01-19 05:21:00,0.2463,0.2468,0.2463,0.2468,16648.0
2025-01-19 05:22:00,0.2469,0.2473,0.2469,0.2472,20193.0
2025-01-19 05:23:00,0.2473,0.2474,0.2473,0.2473,11400.0
2025-01-19 05:24:00,0.2475,0.2475,0.2473,0.2473,14883.0
2025-01-19 05:25:00,0.2473,0.2473,0.2473,0.2473,1030.0
2025-01-19 05:26:00,0.2475,0.2475,0.2472,0.2472,309.0
2025-01-19 05:27:00,0.2471,0.2471,0.2471,0.2471,14929.0
2025-01-19 05:28:00,0.247,0.2471,0.247,0.247,20846.0
2025-01-19 05:29:00,0.2471,0.2471,0.2471,0.2471,1219.0
2025-01-19 05:30:00,0.2474,0.2474,0.2474,0.2474,839.0
2025-01-19 05:31:00,0.2471,0.2472,0.2464,0.2464,23483.0
2025-01-19 05:32:00,0.2465,0.2465,0.2464,0.2464,5468.0
2025-01-19 05:33:00,0.2464,0.2464,0.2464,0.2464,0.0
2025-01-19 05:34:00,0.2464,0.2464,0.2464,0.2464,43.0
2025-01-19 05:35:00,0.2464,0.2464,0.2461,0.2461,2194.0
2025-01-19 05:36:00,0.2463,0.2467,0.2463,0.2467,118.0
2025-01-19 05:37:00,0.2464,0.2466,0.2464,0.2464,1852.0
2025-01-19 05:38:00,0.2464,0.2465,0.2464,0.2465,573.0
2025-01-19 05:39:00,0.2464,0.2464,0.2463,0.2463,82.0
2025-01-19 05:40:00,0.2462,0.2462,0.2459,0.2459,1911.0
2025-01-19 05:41:00,0.2458,0.2458,0.2453,0.2453,10508.0
2025-01-19 05:42:00,0.2453,0.2455,0.2453,0.2455,32346.0
2025-01-19 05:43:00,0.2455,0.2455,0.2455,0.2455,612.0
2025-01-19 05:44:00,0.2455,0.2455,0.2455,0.2455,7651.0
2025-01-19 05:45:00,0.2456,0.2457,0.2454,0.2454,25023.0
2025-01-19 05:46:00,0.2453,0.2453,0.2449,0.245,4602.0
2025-01-19 05:47:00,0.2447,0.2447,0.2443,0.2444,4138.0
2025-01-19 05:48:00,0.2444,0.2444,0.2444,0.2444,90.0
2025-01-19 05:49:00,0.2445,0.2455,0.2445,0.2454,8184.0
2025-01-19 05:50:00,0.2455,0.246,0.2453,0.246,15230.0
2025-01-19 05:51:00,0.2461,0.2461,0.246,0.246,1111.0
2025-01-19 05:52:00,0.2463,0.2463,0.246,0.246,6941.0
2025-01-19 05:53:00,0.2461,0.2461,0.2459,0.2459,3175.0
2025-01-19 05:54:00,0.2461,0.2462,0.246,0.2462,1581.0
2025-01-19 05:55:00,0.2464,0.2466,0.2462,0.2466,17280.0
2025-01-19 05:56:00,0.2467,0.2467,0.2465,0.2466,28726.0
2025-01-19 05:57:00,0.2464,0.2464,0.2464,0.2464,60.0
