timestamp,open,high,low,close,volume
2025-01-13 00:00:00,32.87,32.87,32.75,32.82,581.16
2025-01-13 00:01:00,32.82,32.84,32.76,32.84,131.24
2025-01-13 00:02:00,32.85,32.86,32.84,32.84,44.61
2025-01-13 00:03:00,32.85,32.9,32.85,32.87,305.49
2025-01-13 00:04:00,32.86,32.87,32.84,32.87,54.22
2025-01-13 00:05:00,32.86,32.86,32.84,32.85,39.29
2025-01-13 00:06:00,32.84,32.93,32.84,32.91,207.91
2025-01-13 00:07:00,32.92,32.95,32.92,32.94,85.56
2025-01-13 00:08:00,32.95,32.97,32.93,32.97,63.65
2025-01-13 00:09:00,32.96,32.96,32.92,32.92,54.95
2025-01-13 00:10:00,32.92,32.92,32.91,32.92,60.67
2025-01-13 00:11:00,32.94,32.94,32.94,32.94,1.34
2025-01-13 00:12:00,32.92,32.98,32.92,32.98,97.33
2025-01-13 00:13:00,32.98,32.98,32.97,32.97,10.77
2025-01-13 00:14:00,32.96,32.97,32.96,32.97,51.26
2025-01-13 00:15:00,32.97,33.0,32.97,33.0,20.68
2025-01-13 00:16:00,33.0,33.09,33.0,33.06,294.46
2025-01-13 00:17:00,33.04,33.04,32.98,32.99,162.02
2025-01-13 00:18:00,32.99,33.02,32.99,33.0,3.39
2025-01-13 00:19:00,33.02,33.02,32.97,32.97,49.22
2025-01-13 00:20:00,32.98,32.98,32.98,32.98,0.4
2025-01-13 00:21:00,32.94,32.95,32.93,32.93,53.16
2025-01-13 00:22:00,32.93,32.99,32.93,32.99,34.42
2025-01-13 00:23:00,32.99,33.02,32.99,33.02,61.89
2025-01-13 00:24:00,33.04,33.08,33.04,33.06,39.54
2025-01-13 00:25:00,33.08,33.15,33.08,33.15,221.1
2025-01-13 00:26:00,33.14,33.25,33.14,33.25,531.75
2025-01-13 00:27:00,33.24,33.27,33.21,33.26,67.2
2025-01-13 00:28:00,33.28,33.45,33.28,33.32,1834.37
2025-01-13 00:29:00,33.31,33.38,33.29,33.29,383.55
2025-01-13 00:30:00,33.34,33.44,33.34,33.44,113.19
2025-01-13 00:31:00,33.42,33.53,33.42,33.53,532.09
2025-01-13 00:32:00,33.54,33.62,33.54,33.55,731.89
2025-01-13 00:33:00,33.53,33.59,33.52,33.57,170.75
2025-01-13 00:34:00,33.62,33.63,33.53,33.54,197.66
2025-01-13 00:35:00,33.54,33.61,33.54,33.59,39.1
2025-01-13 00:36:00,33.61,33.68,33.61,33.68,126.09
2025-01-13 00:37:00,33.69,33.7,33.65,33.65,74.65
2025-01-13 00:38:00,33.61,33.61,33.56,33.57,146.94
2025-01-13 00:39:00,33.61,33.66,33.59,33.61,83.86
2025-01-13 00:40:00,33.63,33.66,33.61,33.62,104.97
2025-01-13 00:41:00,33.67,33.69,33.63,33.68,254.5
2025-01-13 00:42:00,33.7,33.86,33.7,33.81,1436.66
2025-01-13 00:43:00,33.77,33.8,33.76,33.78,125.62
2025-01-13 00:44:00,33.78,33.78,33.69,33.72,135.54
2025-01-13 00:45:00,33.73,33.75,33.65,33.65,42.25
2025-01-13 00:46:00,33.64,33.68,33.62,33.68,36.09
2025-01-13 00:47:00,33.67,33.68,33.65,33.65,49.76
2025-01-13 00:48:00,33.65,33.67,33.65,33.66,105.88
2025-01-13 00:49:00,33.65,33.71,33.65,33.69,10.08
2025-01-13 00:50:00,33.72,33.75,33.71,33.71,260.5
2025-01-13 00:51:00,33.7,33.73,33.68,33.69,38.18
2025-01-13 00:52:00,33.69,33.69,33.65,33.66,62.39
2025-01-13 00:53:00,33.68,33.69,33.68,33.68,2.75
2025-01-13 00:54:00,33.72,33.72,33.68,33.69,66.84
2025-01-13 00:55:00,33.69,33.69,33.63,33.63,168.03
2025-01-13 00:56:00,33.64,33.65,33.63,33.65,78.82
2025-01-13 00:57:00,33.67,33.67,33.65,33.65,22.68
2025-01-13 00:58:00,33.64,33.64,33.59,33.59,68.44
2025-01-13 00:59:00,33.59,33.62,33.59,33.62,82.09
2025-01-13 01:00:00,33.63,33.63,33.6,33.6,72.41
2025-01-13 01:01:00,33.67,33.68,33.61,33.64,80.04
2025-01-13 01:02:00,33.65,33.65,33.51,33.52,59.26
2025-01-13 01:03:00,33.54,33.56,33.49,33.5,203.03
2025-01-13 01:04:00,33.48,33.54,33.45,33.51,434.88
2025-01-13 01:05:00,33.48,33.48,33.43,33.43,101.06
2025-01-13 01:06:00,33.41,33.41,33.38,33.38,23.63
2025-01-13 01:07:00,33.39,33.39,33.36,33.39,112.05
2025-01-13 01:08:00,33.35,33.37,33.35,33.36,3.65
2025-01-13 01:09:00,33.35,33.38,33.31,33.37,621.09
2025-01-13 01:10:00,33.36,33.38,33.36,33.37,6.58
2025-01-13 01:11:00,33.4,33.41,33.35,33.35,122.87
2025-01-13 01:12:00,33.33,33.35,33.31,33.35,30.49
2025-01-13 01:13:00,33.33,33.33,33.27,33.27,37.22
2025-01-13 01:14:00,33.26,33.26,33.2,33.21,145.95
2025-01-13 01:15:00,33.21,33.25,33.19,33.19,1468.51
2025-01-13 01:16:00,33.25,33.25,33.15,33.15,62.59
2025-01-13 01:17:00,33.16,33.17,33.12,33.12,91.27
2025-01-13 01:18:00,33.12,33.14,33.11,33.13,215.31
2025-01-13 01:19:00,33.16,33.19,33.14,33.14,130.54
2025-01-13 01:20:00,33.17,33.23,33.17,33.22,29.26
2025-01-13 01:21:00,33.19,33.23,33.18,33.23,21.18
2025-01-13 01:22:00,33.22,33.22,33.19,33.19,60.81
2025-01-13 01:23:00,33.21,33.24,33.21,33.24,13.0
2025-01-13 01:24:00,33.26,33.32,33.26,33.31,363.28
2025-01-13 01:25:00,33.31,33.33,33.29,33.29,55.34
2025-01-13 01:26:00,33.3,33.35,33.3,33.33,47.08
2025-01-13 01:27:00,33.35,33.39,33.35,33.36,66.97
2025-01-13 01:28:00,33.36,33.36,33.33,33.33,13.65
2025-01-13 01:29:00,33.32,33.32,33.3,33.3,24.3
2025-01-13 01:30:00,33.31,33.35,33.25,33.27,163.6
2025-01-13 01:31:00,33.29,33.31,33.24,33.31,196.92
2025-01-13 01:32:00,33.32,33.4,33.32,33.36,66.99
2025-01-13 01:33:00,33.38,33.42,33.38,33.42,160.15
2025-01-13 01:34:00,33.41,33.41,33.4,33.4,5.96
2025-01-13 01:35:00,33.4,33.42,33.36,33.36,56.26
2025-01-13 01:36:00,33.34,33.34,33.3,33.3,40.07
2025-01-13 01:37:00,33.29,33.29,33.26,33.27,34.02
2025-01-13 01:38:00,33.26,33.26,33.21,33.23,60.82
2025-01-13 01:39:00,33.26,33.26,33.22,33.22,29.51
2025-01-13 01:40:00,33.22,33.22,33.14,33.14,59.03
2025-01-13 01:41:00,33.14,33.14,33.09,33.1,196.18
2025-01-13 01:42:00,33.08,33.1,33.06,33.1,12.84
2025-01-13 01:43:00,33.12,33.12,33.1,33.11,41.41
2025-01-13 01:44:00,33.13,33.13,33.11,33.11,29.4
2025-01-13 01:45:00,33.12,33.19,33.12,33.19,41.91
2025-01-13 01:46:00,33.2,33.2,33.15,33.15,49.41
2025-01-13 01:47:00,33.16,33.16,33.09,33.1,48.55
2025-01-13 01:48:00,33.07,33.11,33.07,33.09,113.29
2025-01-13 01:49:00,33.05,33.05,32.94,32.94,621.23
2025-01-13 01:50:00,32.93,33.02,32.93,32.94,298.4
2025-01-13 01:51:00,32.98,32.98,32.93,32.97,11.94
2025-01-13 01:52:00,32.95,32.99,32.95,32.96,67.46
2025-01-13 01:53:00,32.96,32.99,32.96,32.96,105.36
2025-01-13 01:54:00,32.91,32.91,32.89,32.89,5.71
2025-01-13 01:55:00,32.89,32.93,32.89,32.91,20.71
2025-01-13 01:56:00,32.92,32.94,32.9,32.91,33.97
2025-01-13 01:57:00,32.95,32.97,32.93,32.93,96.99
2025-01-13 01:58:00,32.92,32.94,32.91,32.93,50.97
2025-01-13 01:59:00,32.94,32.94,32.94,32.94,11.25
2025-01-13 02:00:00,32.97,33.06,32.97,33.04,269.97
2025-01-13 02:01:00,33.04,33.07,33.02,33.03,197.64
2025-01-13 02:02:00,33.02,33.02,32.92,32.92,74.05
2025-01-13 02:03:00,32.95,32.97,32.92,32.97,268.0
2025-01-13 02:04:00,32.93,32.93,32.92,32.92,48.04
2025-01-13 02:05:00,32.94,32.95,32.83,32.84,322.38
2025-01-13 02:06:00,32.87,32.87,32.82,32.83,73.79
2025-01-13 02:07:00,32.9,32.9,32.82,32.82,41.52
2025-01-13 02:08:00,32.83,32.83,32.82,32.82,18.75
2025-01-13 02:09:00,32.84,32.85,32.82,32.85,18.94
2025-01-13 02:10:00,32.86,32.87,32.86,32.86,66.25
2025-01-13 02:11:00,32.85,32.85,32.81,32.83,39.88
2025-01-13 02:12:00,32.83,32.85,32.83,32.85,62.64
2025-01-13 02:13:00,32.85,32.86,32.85,32.86,20.44
2025-01-13 02:14:00,32.89,32.89,32.86,32.86,32.83
2025-01-13 02:15:00,32.84,32.88,32.83,32.88,152.46
2025-01-13 02:16:00,32.9,32.96,32.9,32.94,94.73
2025-01-13 02:17:00,32.94,32.94,32.92,32.94,36.19
2025-01-13 02:18:00,32.95,32.96,32.88,32.9,165.05
2025-01-13 02:19:00,32.89,32.89,32.85,32.85,84.12
2025-01-13 02:20:00,32.84,32.84,32.76,32.79,153.64
2025-01-13 02:21:00,32.77,32.77,32.73,32.73,26.4
2025-01-13 02:22:00,32.73,32.73,32.68,32.68,92.07
2025-01-13 02:23:00,32.66,32.66,32.56,32.62,925.36
2025-01-13 02:24:00,32.61,32.61,32.6,32.6,72.8
2025-01-13 02:25:00,32.59,32.61,32.58,32.6,38.79
2025-01-13 02:26:00,32.64,32.69,32.64,32.66,178.18
2025-01-13 02:27:00,32.66,32.69,32.65,32.69,28.7
2025-01-13 02:28:00,32.68,32.7,32.68,32.69,30.17
2025-01-13 02:29:00,32.69,32.69,32.66,32.66,14.09
2025-01-13 02:30:00,32.66,32.66,32.62,32.62,12.12
2025-01-13 02:31:00,32.58,32.58,32.5,32.51,302.78
2025-01-13 02:32:00,32.51,32.53,32.48,32.48,211.64
2025-01-13 02:33:00,32.49,32.49,32.47,32.49,111.47
2025-01-13 02:34:00,32.48,32.56,32.48,32.53,193.1
2025-01-13 02:35:00,32.52,32.52,32.5,32.5,18.39
2025-01-13 02:36:00,32.5,32.5,32.47,32.47,48.64
2025-01-13 02:37:00,32.47,32.47,32.41,32.41,213.31
2025-01-13 02:38:00,32.4,32.44,32.37,32.4,941.26
2025-01-13 02:39:00,32.41,32.42,32.37,32.39,141.73
2025-01-13 02:40:00,32.39,32.42,32.35,32.35,130.2
2025-01-13 02:41:00,32.34,32.35,32.33,32.34,49.72
2025-01-13 02:42:00,32.33,32.34,32.3,32.33,254.43
2025-01-13 02:43:00,32.31,32.39,32.31,32.39,89.2
2025-01-13 02:44:00,32.38,32.38,32.31,32.31,89.38
2025-01-13 02:45:00,32.31,32.31,32.28,32.28,262.66
2025-01-13 02:46:00,32.27,32.27,32.24,32.27,106.61
2025-01-13 02:47:00,32.26,32.27,32.2,32.2,1173.56
2025-01-13 02:48:00,32.24,32.24,32.17,32.19,294.57
2025-01-13 02:49:00,32.17,32.18,32.12,32.12,312.33
2025-01-13 02:50:00,32.11,32.13,32.07,32.07,148.74
2025-01-13 02:51:00,32.06,32.1,32.03,32.1,555.29
2025-01-13 02:52:00,32.06,32.1,32.0,32.05,1473.95
2025-01-13 02:53:00,32.05,32.13,32.05,32.08,126.81
2025-01-13 02:54:00,32.08,32.2,32.08,32.2,63.34
2025-01-13 02:55:00,32.16,32.2,32.16,32.17,129.29
2025-01-13 02:56:00,32.16,32.21,32.12,32.2,621.81
2025-01-13 02:57:00,32.2,32.26,32.16,32.24,391.49
2025-01-13 02:58:00,32.23,32.27,32.23,32.26,58.73
2025-01-13 02:59:00,32.27,32.27,32.25,32.25,25.27
2025-01-13 03:00:00,32.25,32.3,32.2,32.21,591.7
2025-01-13 03:01:00,32.22,32.32,32.22,32.32,144.46
2025-01-13 03:02:00,32.31,32.32,32.27,32.32,398.59
2025-01-13 03:03:00,32.32,32.37,32.32,32.37,89.28
2025-01-13 03:04:00,32.38,32.42,32.38,32.39,271.07
2025-01-13 03:05:00,32.38,32.38,32.34,32.37,40.11
2025-01-13 03:06:00,32.36,32.38,32.33,32.38,98.67
2025-01-13 03:07:00,32.38,32.38,32.33,32.33,8.0
2025-01-13 03:08:00,32.34,32.35,32.33,32.33,38.52
2025-01-13 03:09:00,32.32,32.32,32.27,32.27,33.42
2025-01-13 03:10:00,32.32,32.32,32.22,32.23,307.95
2025-01-13 03:11:00,32.22,32.23,32.2,32.22,99.39
2025-01-13 03:12:00,32.25,32.29,32.25,32.28,105.66
2025-01-13 03:13:00,32.27,32.27,32.25,32.27,29.81
2025-01-13 03:14:00,32.24,32.24,32.22,32.23,43.79
2025-01-13 03:15:00,32.2,32.22,32.16,32.16,56.48
2025-01-13 03:16:00,32.14,32.19,32.1,32.19,70.54
2025-01-13 03:17:00,32.21,32.21,32.17,32.17,12.01
2025-01-13 03:18:00,32.14,32.14,32.08,32.08,61.23
2025-01-13 03:19:00,32.08,32.13,32.06,32.11,212.09
2025-01-13 03:20:00,32.09,32.11,32.05,32.11,43.28
2025-01-13 03:21:00,32.12,32.12,32.05,32.05,41.61
2025-01-13 03:22:00,32.04,32.05,31.99,32.0,469.41
2025-01-13 03:23:00,31.99,32.05,31.97,31.98,141.49
2025-01-13 03:24:00,31.98,32.06,31.98,32.06,190.21
2025-01-13 03:25:00,32.0,32.03,32.0,32.03,21.36
2025-01-13 03:26:00,32.05,32.15,32.05,32.13,696.82
2025-01-13 03:27:00,32.16,32.2,32.14,32.17,132.15
2025-01-13 03:28:00,32.15,32.15,32.13,32.13,10.47
2025-01-13 03:29:00,32.15,32.17,32.13,32.14,22.97
2025-01-13 03:30:00,32.17,32.21,32.13,32.19,66.16
2025-01-13 03:31:00,32.18,32.2,32.18,32.18,41.63
2025-01-13 03:32:00,32.15,32.15,32.12,32.12,224.58
2025-01-13 03:33:00,32.07,32.07,32.04,32.06,28.36
2025-01-13 03:34:00,32.07,32.12,32.07,32.11,71.83
2025-01-13 03:35:00,32.11,32.13,32.1,32.13,54.73
2025-01-13 03:36:00,32.11,32.11,32.09,32.1,14.88
2025-01-13 03:37:00,32.09,32.12,32.08,32.09,10.04
2025-01-13 03:38:00,32.09,32.1,32.09,32.09,35.83
2025-01-13 03:39:00,32.07,32.11,32.04,32.11,75.1
2025-01-13 03:40:00,32.1,32.12,32.06,32.1,1246.01
2025-01-13 03:41:00,32.05,32.08,32.05,32.08,40.33
2025-01-13 03:42:00,32.09,32.09,32.04,32.06,37.69
2025-01-13 03:43:00,32.06,32.13,32.06,32.13,181.49
2025-01-13 03:44:00,32.12,32.15,32.11,32.11,169.27
2025-01-13 03:45:00,32.08,32.08,31.76,31.8,1135.1
2025-01-13 03:46:00,31.81,31.88,31.76,31.84,328.49
2025-01-13 03:47:00,31.84,31.85,31.68,31.69,1490.67
2025-01-13 03:48:00,31.69,31.81,31.67,31.77,310.36
2025-01-13 03:49:00,31.79,31.85,31.77,31.78,112.44
2025-01-13 03:50:00,31.78,31.8,31.74,31.77,109.34
2025-01-13 03:51:00,31.78,31.83,31.74,31.83,112.38
2025-01-13 03:52:00,31.82,31.89,31.8,31.88,84.65
2025-01-13 03:53:00,31.89,31.93,31.88,31.93,207.44
2025-01-13 03:54:00,31.92,31.92,31.88,31.88,35.71
2025-01-13 03:55:00,31.86,31.86,31.85,31.86,40.96
2025-01-13 03:56:00,31.86,31.86,31.81,31.85,71.6
2025-01-13 03:57:00,31.81,31.84,31.79,31.82,65.2
2025-01-13 03:58:00,31.8,31.81,31.8,31.81,3.84
2025-01-13 03:59:00,31.82,31.83,31.79,31.79,27.98
2025-01-13 04:00:00,31.76,31.76,31.69,31.73,205.53
2025-01-13 04:01:00,31.73,31.78,31.7,31.7,50.47
2025-01-13 04:02:00,31.71,31.84,31.71,31.84,78.96
2025-01-13 04:03:00,31.84,31.9,31.84,31.89,73.41
2025-01-13 04:04:00,31.88,31.93,31.87,31.88,136.05
2025-01-13 04:05:00,31.9,31.93,31.9,31.93,147.84
2025-01-13 04:06:00,31.91,31.92,31.88,31.89,26.17
2025-01-13 04:07:00,31.9,31.91,31.87,31.9,38.63
2025-01-13 04:08:00,31.91,31.92,31.89,31.89,130.42
2025-01-13 04:09:00,31.89,31.94,31.88,31.92,244.39
2025-01-13 04:10:00,31.95,31.95,31.87,31.93,85.0
2025-01-13 04:11:00,31.94,32.01,31.94,32.01,48.85
2025-01-13 04:12:00,32.03,32.03,32.02,32.02,140.6
2025-01-13 04:13:00,32.02,32.03,32.01,32.01,63.32
2025-01-13 04:14:00,32.0,32.0,32.0,32.0,11.24
2025-01-13 04:15:00,32.02,32.1,32.02,32.06,86.58
2025-01-13 04:16:00,32.08,32.16,32.08,32.15,168.04
2025-01-13 04:17:00,32.14,32.2,32.14,32.18,324.41
2025-01-13 04:18:00,32.19,32.21,32.19,32.2,18.88
2025-01-13 04:19:00,32.19,32.2,32.18,32.18,18.33
2025-01-13 04:20:00,32.19,32.19,32.18,32.19,34.88
2025-01-13 04:21:00,32.2,32.2,32.18,32.18,23.0
2025-01-13 04:22:00,32.18,32.19,32.16,32.16,31.11
2025-01-13 04:23:00,32.16,32.18,32.16,32.18,19.39
2025-01-13 04:24:00,32.22,32.3,32.22,32.3,184.08
2025-01-13 04:25:00,32.3,32.43,32.3,32.43,479.54
2025-01-13 04:26:00,32.44,32.47,32.4,32.44,170.85
2025-01-13 04:27:00,32.45,32.45,32.42,32.43,62.47
2025-01-13 04:28:00,32.43,32.44,32.42,32.44,56.48
2025-01-13 04:29:00,32.42,32.43,32.39,32.39,23.0
2025-01-13 04:30:00,32.35,32.35,32.31,32.33,126.6
2025-01-13 04:31:00,32.35,32.4,32.35,32.4,12.33
2025-01-13 04:32:00,32.37,32.44,32.37,32.41,59.97
2025-01-13 04:33:00,32.41,32.41,32.35,32.35,59.29
2025-01-13 04:34:00,32.32,32.36,32.31,32.33,349.24
2025-01-13 04:35:00,32.31,32.31,32.22,32.26,102.57
2025-01-13 04:36:00,32.27,32.29,32.26,32.26,82.21
2025-01-13 04:37:00,32.25,32.25,32.18,32.18,403.1
2025-01-13 04:38:00,32.19,32.19,32.13,32.13,1406.04
2025-01-13 04:39:00,32.17,32.2,32.14,32.18,670.65
2025-01-13 04:40:00,32.19,32.24,32.19,32.22,101.76
2025-01-13 04:41:00,32.23,32.24,32.18,32.18,46.59
2025-01-13 04:42:00,32.2,32.2,32.17,32.19,468.94
2025-01-13 04:43:00,32.19,32.19,32.16,32.19,92.72
2025-01-13 04:44:00,32.17,32.17,32.14,32.15,96.63
2025-01-13 04:45:00,32.15,32.15,32.07,32.08,9.98
2025-01-13 04:46:00,32.13,32.14,32.11,32.14,41.62
2025-01-13 04:47:00,32.08,32.08,32.05,32.05,26.01
2025-01-13 04:48:00,32.04,32.07,32.03,32.07,48.49
2025-01-13 04:49:00,32.08,32.08,32.04,32.06,33.46
2025-01-13 04:50:00,32.07,32.09,32.06,32.08,68.17
2025-01-13 04:51:00,32.09,32.11,32.08,32.08,21.92
2025-01-13 04:52:00,32.11,32.11,32.07,32.07,110.16
2025-01-13 04:53:00,32.06,32.06,32.04,32.04,43.79
2025-01-13 04:54:00,32.06,32.09,32.04,32.04,45.5
2025-01-13 04:55:00,32.03,32.04,32.02,32.02,22.4
2025-01-13 04:56:00,32.01,32.06,32.01,32.05,54.07
2025-01-13 04:57:00,32.05,32.08,32.04,32.04,39.49
2025-01-13 04:58:00,32.04,32.09,32.03,32.09,73.33
2025-01-13 04:59:00,32.09,32.12,32.0,32.02,3643.87
2025-01-13 05:00:00,32.01,32.05,31.98,32.03,145.87
2025-01-13 05:01:00,32.04,32.04,31.95,31.97,546.31
2025-01-13 05:02:00,31.96,32.0,31.94,31.95,42.36
2025-01-13 05:03:00,31.96,31.96,31.9,31.9,232.25
2025-01-13 05:04:00,31.9,31.9,31.86,31.86,50.04
2025-01-13 05:05:00,31.86,31.88,31.84,31.87,102.96
2025-01-13 05:06:00,31.83,31.85,31.79,31.79,51.3
2025-01-13 05:07:00,31.8,31.93,31.8,31.91,104.42
2025-01-13 05:08:00,31.9,31.92,31.87,31.89,83.2
2025-01-13 05:09:00,31.9,31.91,31.87,31.89,190.55
2025-01-13 05:10:00,31.87,31.89,31.86,31.87,16.96
2025-01-13 05:11:00,31.9,31.9,31.85,31.85,73.58
2025-01-13 05:12:00,31.86,31.89,31.86,31.89,109.78
2025-01-13 05:13:00,31.88,31.9,31.84,31.84,87.34
2025-01-13 05:14:00,31.86,31.88,31.86,31.88,18.75
2025-01-13 05:15:00,31.85,31.92,31.83,31.92,116.8
2025-01-13 05:16:00,31.92,31.93,31.88,31.88,94.18
2025-01-13 05:17:00,31.9,31.9,31.88,31.9,13.26
2025-01-13 05:18:00,31.89,31.89,31.85,31.85,13.32
2025-01-13 05:19:00,31.89,31.93,31.88,31.88,59.39
2025-01-13 05:20:00,31.86,31.88,31.84,31.88,37.35
2025-01-13 05:21:00,31.89,31.98,31.88,31.98,96.88
2025-01-13 05:22:00,31.97,31.97,31.94,31.94,49.46
2025-01-13 05:23:00,31.94,31.94,31.91,31.92,223.55
2025-01-13 05:24:00,31.9,31.91,31.85,31.85,174.67
2025-01-13 05:25:00,31.83,31.83,31.79,31.82,138.37
2025-01-13 05:26:00,31.82,31.83,31.75,31.75,80.33
2025-01-13 05:27:00,31.77,31.8,31.77,31.8,53.34
2025-01-13 05:28:00,31.81,31.82,31.81,31.81,43.68
2025-01-13 05:29:00,31.82,31.83,31.81,31.83,68.34
2025-01-13 05:30:00,31.81,31.85,31.77,31.85,151.77
2025-01-13 05:31:00,31.85,31.87,31.82,31.82,94.29
2025-01-13 05:32:00,31.82,31.83,31.79,31.8,19.71
2025-01-13 05:33:00,31.8,31.8,31.78,31.79,31.68
2025-01-13 05:34:00,31.78,31.8,31.77,31.78,82.7
2025-01-13 05:35:00,31.78,31.78,31.75,31.77,64.9
2025-01-13 05:36:00,31.76,31.78,31.74,31.75,247.83
2025-01-13 05:37:00,31.77,31.77,31.68,31.7,362.28
2025-01-13 05:38:00,31.7,31.7,31.63,31.63,211.79
2025-01-13 05:39:00,31.64,31.66,31.62,31.62,283.49
2025-01-13 05:40:00,31.62,31.65,31.6,31.6,71.13
2025-01-13 05:41:00,31.61,31.7,31.6,31.7,236.62
2025-01-13 05:42:00,31.72,31.74,31.69,31.7,298.06
2025-01-13 05:43:00,31.69,31.69,31.63,31.66,407.46
2025-01-13 05:44:00,31.65,31.65,31.63,31.65,109.07
2025-01-13 05:45:00,31.64,31.64,31.57,31.57,336.86
2025-01-13 05:46:00,31.59,31.6,31.57,31.58,145.83
2025-01-13 05:47:00,31.58,31.61,31.51,31.52,735.49
2025-01-13 05:48:00,31.52,31.55,31.48,31.5,798.77
2025-01-13 05:49:00,31.5,31.51,31.46,31.51,156.32
2025-01-13 05:50:00,31.52,31.56,31.51,31.56,486.07
2025-01-13 05:51:00,31.57,31.66,31.56,31.66,212.79
2025-01-13 05:52:00,31.64,31.66,31.63,31.66,90.01
2025-01-13 05:53:00,31.66,31.71,31.66,31.71,72.51
2025-01-13 05:54:00,31.69,31.7,31.68,31.68,99.91
2025-01-13 05:55:00,31.68,31.69,31.68,31.69,6.47
2025-01-13 05:56:00,31.67,31.67,31.65,31.66,255.47
2025-01-13 05:57:00,31.65,31.67,31.61,31.63,56.1
2025-01-13 05:58:00,31.62,31.64,31.6,31.61,176.93
2025-01-13 05:59:00,31.61,31.65,31.61,31.62,73.32
2025-01-13 06:00:00,31.64,31.69,31.64,31.68,106.39
2025-01-13 06:01:00,31.64,31.67,31.63,31.66,462.37
2025-01-13 06:02:00,31.62,31.62,31.55,31.55,112.48
2025-01-13 06:03:00,31.53,31.61,31.53,31.61,51.28
2025-01-13 06:04:00,31.59,31.63,31.57,31.63,554.53
2025-01-13 06:05:00,31.63,31.74,31.63,31.74,112.8
2025-01-13 06:06:00,31.72,31.77,31.71,31.72,921.39
2025-01-13 06:07:00,31.72,31.76,31.71,31.75,102.11
2025-01-13 06:08:00,31.75,31.75,31.71,31.73,77.52
2025-01-13 06:09:00,31.73,31.73,31.67,31.67,161.46
2025-01-13 06:10:00,31.68,31.71,31.67,31.7,600.29
2025-01-13 06:11:00,31.71,31.71,31.69,31.69,36.75
2025-01-13 06:12:00,31.67,31.69,31.67,31.68,50.09
2025-01-13 06:13:00,31.69,31.74,31.69,31.74,322.91
2025-01-13 06:14:00,31.75,31.76,31.72,31.72,185.81
2025-01-13 06:15:00,31.7,31.7,31.65,31.67,111.79
2025-01-13 06:16:00,31.66,31.67,31.6,31.6,116.74
2025-01-13 06:17:00,31.6,31.61,31.56,31.57,94.57
2025-01-13 06:18:00,31.57,31.59,31.55,31.59,98.91
2025-01-13 06:19:00,31.6,31.62,31.55,31.55,400.49
2025-01-13 06:20:00,31.53,31.56,31.52,31.55,32.14
2025-01-13 06:21:00,31.56,31.6,31.56,31.59,64.78
2025-01-13 06:22:00,31.61,31.62,31.6,31.61,68.74
2025-01-13 06:23:00,31.61,31.63,31.6,31.62,209.35
2025-01-13 06:24:00,31.61,31.63,31.6,31.63,56.52
2025-01-13 06:25:00,31.64,31.65,31.57,31.57,312.65
2025-01-13 06:26:00,31.57,31.57,31.54,31.55,44.36
2025-01-13 06:27:00,31.55,31.55,31.46,31.46,153.72
2025-01-13 06:28:00,31.46,31.47,31.46,31.47,75.0
2025-01-13 06:29:00,31.47,31.52,31.46,31.51,229.08
2025-01-13 06:30:00,31.5,31.57,31.5,31.57,168.53
2025-01-13 06:31:00,31.55,31.56,31.52,31.52,55.19
2025-01-13 06:32:00,31.5,31.5,31.45,31.45,26.43
2025-01-13 06:33:00,31.45,31.46,31.44,31.46,94.61
2025-01-13 06:34:00,31.45,31.46,31.43,31.43,155.3
2025-01-13 06:35:00,31.43,31.43,31.38,31.38,1545.81
2025-01-13 06:36:00,31.39,31.42,31.38,31.39,2816.38
2025-01-13 06:37:00,31.38,31.42,31.38,31.41,1383.38
2025-01-13 06:38:00,31.39,31.43,31.38,31.4,508.81
2025-01-13 06:39:00,31.41,31.48,31.41,31.43,407.55
2025-01-13 06:40:00,31.43,31.48,31.4,31.48,143.91
2025-01-13 06:41:00,31.49,31.49,31.43,31.44,137.85
2025-01-13 06:42:00,31.43,31.44,31.41,31.41,240.02
2025-01-13 06:43:00,31.4,31.44,31.39,31.42,297.54
2025-01-13 06:44:00,31.4,31.45,31.39,31.45,905.96
2025-01-13 06:45:00,31.46,31.46,31.4,31.41,401.78
2025-01-13 06:46:00,31.4,31.4,31.36,31.36,1691.64
2025-01-13 06:47:00,31.36,31.36,31.25,31.25,1386.23
2025-01-13 06:48:00,31.26,31.34,31.26,31.32,410.05
2025-01-13 06:49:00,31.3,31.39,31.29,31.3,312.9
2025-01-13 06:50:00,31.29,31.33,31.23,31.26,504.42
2025-01-13 06:51:00,31.26,31.26,31.17,31.18,568.87
2025-01-13 06:52:00,31.19,31.22,31.16,31.18,509.19
2025-01-13 06:53:00,31.21,31.22,31.14,31.14,254.52
2025-01-13 06:54:00,31.14,31.15,31.1,31.11,539.43
2025-01-13 06:55:00,31.12,31.13,31.08,31.08,598.84
2025-01-13 06:56:00,31.1,31.17,31.09,31.15,401.8
2025-01-13 06:57:00,31.13,31.2,31.12,31.16,226.5
2025-01-13 06:58:00,31.15,31.25,31.15,31.18,365.99
2025-01-13 06:59:00,31.17,31.22,31.17,31.2,301.04
2025-01-13 07:00:00,31.19,31.28,31.19,31.24,475.4
2025-01-13 07:01:00,31.24,31.3,31.21,31.3,133.45
2025-01-13 07:02:00,31.27,31.28,31.24,31.28,376.96
2025-01-13 07:03:00,31.27,31.3,31.23,31.26,324.65
2025-01-13 07:04:00,31.28,31.37,31.28,31.3,152.11
2025-01-13 07:05:00,31.27,31.27,31.16,31.16,125.15
2025-01-13 07:06:00,31.15,31.19,31.13,31.13,69.83
2025-01-13 07:07:00,31.12,31.17,31.11,31.15,91.87
2025-01-13 07:08:00,31.15,31.27,31.15,31.24,109.93
2025-01-13 07:09:00,31.3,31.34,31.29,31.33,60.52
2025-01-13 07:10:00,31.34,31.4,31.34,31.4,41.36
2025-01-13 07:11:00,31.4,31.4,31.34,31.34,7.77
2025-01-13 07:12:00,31.35,31.35,31.3,31.31,186.16
2025-01-13 07:13:00,31.29,31.31,31.28,31.31,411.23
2025-01-13 07:14:00,31.3,31.3,31.22,31.22,92.65
2025-01-13 07:15:00,31.2,31.2,31.14,31.18,148.23
2025-01-13 07:16:00,31.14,31.19,31.14,31.16,155.62
2025-01-13 07:17:00,31.18,31.23,31.18,31.23,23.69
2025-01-13 07:18:00,31.25,31.28,31.25,31.28,37.92
2025-01-13 07:19:00,31.27,31.3,31.25,31.25,33.26
2025-01-13 07:20:00,31.25,31.31,31.24,31.31,26.03
2025-01-13 07:21:00,31.32,31.32,31.27,31.31,96.43
2025-01-13 07:22:00,31.33,31.35,31.3,31.35,76.02
2025-01-13 07:23:00,31.37,31.37,31.33,31.33,8.12
2025-01-13 07:24:00,31.33,31.35,31.32,31.35,126.21
2025-01-13 07:25:00,31.35,31.37,31.35,31.36,22.43
2025-01-13 07:26:00,31.34,31.35,31.33,31.33,43.64
2025-01-13 07:27:00,31.34,31.35,31.33,31.33,5.43
2025-01-13 07:28:00,31.34,31.38,31.34,31.38,87.76
2025-01-13 07:29:00,31.38,31.38,31.35,31.35,44.67
2025-01-13 07:30:00,31.35,31.35,31.28,31.28,139.79
2025-01-13 07:31:00,31.28,31.3,31.25,31.25,106.9
2025-01-13 07:32:00,31.29,31.36,31.29,31.35,73.26
2025-01-13 07:33:00,31.34,31.38,31.33,31.36,41.99
2025-01-13 07:34:00,31.35,31.37,31.34,31.34,49.97
2025-01-13 07:35:00,31.38,31.42,31.38,31.42,13.39
2025-01-13 07:36:00,31.42,31.47,31.42,31.47,162.25
2025-01-13 07:37:00,31.47,31.49,31.45,31.45,157.39
2025-01-13 07:38:00,31.45,31.47,31.45,31.45,7.74
2025-01-13 07:39:00,31.43,31.43,31.38,31.38,12.74
2025-01-13 07:40:00,31.37,31.37,31.34,31.36,37.19
2025-01-13 07:41:00,31.36,31.39,31.36,31.38,259.18
2025-01-13 07:42:00,31.4,31.42,31.4,31.41,49.07
2025-01-13 07:43:00,31.42,31.43,31.41,31.42,29.48
2025-01-13 07:44:00,31.43,31.43,31.41,31.41,19.14
2025-01-13 07:45:00,31.41,31.41,31.37,31.37,180.42
2025-01-13 07:46:00,31.37,31.37,31.32,31.36,73.38
2025-01-13 07:47:00,31.34,31.34,31.32,31.33,45.59
2025-01-13 07:48:00,31.34,31.35,31.31,31.31,34.93
2025-01-13 07:49:00,31.3,31.3,31.26,31.27,51.69
2025-01-13 07:50:00,31.27,31.29,31.23,31.29,174.41
2025-01-13 07:51:00,31.3,31.31,31.26,31.27,92.5
2025-01-13 07:52:00,31.26,31.29,31.26,31.27,166.36
2025-01-13 07:53:00,31.27,31.27,31.25,31.27,229.2
2025-01-13 07:54:00,31.26,31.3,31.26,31.3,302.99
2025-01-13 07:55:00,31.27,31.28,31.27,31.27,12.9
2025-01-13 07:56:00,31.26,31.27,31.25,31.26,151.77
2025-01-13 07:57:00,31.26,31.27,31.26,31.27,39.53
2025-01-13 07:58:00,31.26,31.28,31.25,31.28,30.22
2025-01-13 07:59:00,31.29,31.3,31.29,31.3,37.66
2025-01-13 08:00:00,31.3,31.36,31.28,31.28,180.72
2025-01-13 08:01:00,31.28,31.28,31.24,31.25,202.82
2025-01-13 08:02:00,31.25,31.26,31.23,31.26,38.61
2025-01-13 08:03:00,31.25,31.26,31.21,31.21,167.49
2025-01-13 08:04:00,31.21,31.28,31.19,31.24,580.77
2025-01-13 08:05:00,31.2,31.21,31.2,31.2,81.96
2025-01-13 08:06:00,31.18,31.2,31.15,31.15,101.33
2025-01-13 08:07:00,31.14,31.15,31.12,31.13,98.97
2025-01-13 08:08:00,31.12,31.12,31.08,31.08,212.73
2025-01-13 08:09:00,31.07,31.11,31.07,31.09,234.67
2025-01-13 08:10:00,31.1,31.1,31.06,31.06,69.8
2025-01-13 08:11:00,31.05,31.07,31.0,31.03,635.49
2025-01-13 08:12:00,31.02,31.04,30.99,31.02,210.87
2025-01-13 08:13:00,31.01,31.01,31.0,31.0,103.74
2025-01-13 08:14:00,31.0,31.04,30.96,31.04,210.71
2025-01-13 08:15:00,31.04,31.07,31.01,31.02,144.86
2025-01-13 08:16:00,31.01,31.01,30.96,30.96,74.32
2025-01-13 08:17:00,30.96,30.96,30.91,30.91,309.76
2025-01-13 08:18:00,30.9,30.9,30.88,30.89,611.15
2025-01-13 08:19:00,30.89,30.93,30.88,30.88,481.74
2025-01-13 08:20:00,30.89,30.97,30.89,30.93,78.68
2025-01-13 08:21:00,30.93,30.93,30.89,30.89,165.02
2025-01-13 08:22:00,30.89,30.9,30.81,30.82,669.09
2025-01-13 08:23:00,30.81,30.81,30.7,30.7,1032.03
2025-01-13 08:24:00,30.71,30.84,30.71,30.79,536.82
2025-01-13 08:25:00,30.78,30.84,30.76,30.83,66.7
2025-01-13 08:26:00,30.86,30.91,30.86,30.9,358.39
2025-01-13 08:27:00,30.92,30.93,30.87,30.88,134.04
2025-01-13 08:28:00,30.88,30.9,30.87,30.88,50.32
2025-01-13 08:29:00,30.86,30.86,30.82,30.83,58.46
2025-01-13 08:30:00,30.86,30.86,30.81,30.81,168.0
2025-01-13 08:31:00,30.83,30.88,30.83,30.87,459.09
2025-01-13 08:32:00,30.83,30.83,30.75,30.76,155.63
2025-01-13 08:33:00,30.75,30.76,30.7,30.72,411.98
2025-01-13 08:34:00,30.73,30.78,30.66,30.78,3039.23
2025-01-13 08:35:00,30.77,30.83,30.77,30.83,239.95
2025-01-13 08:36:00,30.84,30.86,30.84,30.84,167.42
2025-01-13 08:37:00,30.84,30.84,30.78,30.78,137.81
2025-01-13 08:38:00,30.78,30.78,30.75,30.78,116.73
2025-01-13 08:39:00,30.78,30.8,30.77,30.8,96.38
2025-01-13 08:40:00,30.81,30.82,30.8,30.82,83.77
2025-01-13 08:41:00,30.81,30.81,30.78,30.78,99.49
2025-01-13 08:42:00,30.78,30.82,30.78,30.78,271.9
2025-01-13 08:43:00,30.77,30.82,30.77,30.81,195.56
2025-01-13 08:44:00,30.82,30.83,30.81,30.83,103.28
2025-01-13 08:45:00,30.82,30.87,30.8,30.87,103.9
2025-01-13 08:46:00,30.86,30.86,30.8,30.8,98.66
2025-01-13 08:47:00,30.77,30.8,30.76,30.76,65.59
2025-01-13 08:48:00,30.76,30.77,30.74,30.75,329.77
2025-01-13 08:49:00,30.74,30.77,30.7,30.71,99.72
2025-01-13 08:50:00,30.71,30.71,30.68,30.68,137.25
2025-01-13 08:51:00,30.69,30.7,30.68,30.7,148.82
2025-01-13 08:52:00,30.69,30.7,30.67,30.68,251.45
2025-01-13 08:53:00,30.68,30.68,30.67,30.67,135.55
2025-01-13 08:54:00,30.66,30.67,30.66,30.66,7.96
2025-01-13 08:55:00,30.66,30.71,30.66,30.71,384.81
2025-01-13 08:56:00,30.72,30.72,30.7,30.72,168.41
2025-01-13 08:57:00,30.73,30.74,30.71,30.72,400.56
2025-01-13 08:58:00,30.74,30.74,30.71,30.73,97.59
2025-01-13 08:59:00,30.72,30.72,30.7,30.7,519.67
2025-01-13 09:00:00,30.69,30.72,30.67,30.71,245.68
2025-01-13 09:01:00,30.7,30.72,30.69,30.7,82.74
2025-01-13 09:02:00,30.72,30.81,30.72,30.81,69.65
2025-01-13 09:03:00,30.82,30.82,30.75,30.75,65.86
2025-01-13 09:04:00,30.74,30.74,30.66,30.69,215.84
2025-01-13 09:05:00,30.7,30.75,30.69,30.75,49.1
2025-01-13 09:06:00,30.76,30.77,30.66,30.66,194.58
2025-01-13 09:07:00,30.67,30.71,30.62,30.62,515.91
2025-01-13 09:08:00,30.62,30.62,30.53,30.53,739.98
2025-01-13 09:09:00,30.53,30.7,30.52,30.7,454.85
2025-01-13 09:10:00,30.71,30.73,30.66,30.67,193.54
2025-01-13 09:11:00,30.7,30.74,30.68,30.68,400.49
2025-01-13 09:12:00,30.69,30.69,30.64,30.67,239.51
2025-01-13 09:13:00,30.65,30.66,30.61,30.62,206.56
2025-01-13 09:14:00,30.6,30.6,30.53,30.57,146.72
2025-01-13 09:15:00,30.56,30.57,30.5,30.56,430.61
2025-01-13 09:16:00,30.55,30.55,30.48,30.54,911.04
2025-01-13 09:17:00,30.53,30.53,30.48,30.51,290.64
2025-01-13 09:18:00,30.5,30.61,30.49,30.55,767.61
2025-01-13 09:19:00,30.55,30.57,30.52,30.52,462.88
2025-01-13 09:20:00,30.52,30.55,30.48,30.5,685.81
2025-01-13 09:21:00,30.52,30.53,30.47,30.47,313.0
2025-01-13 09:22:00,30.46,30.48,30.45,30.46,397.09
2025-01-13 09:23:00,30.47,30.48,30.43,30.43,365.16
2025-01-13 09:24:00,30.42,30.46,30.38,30.41,529.18
2025-01-13 09:25:00,30.42,30.51,30.42,30.5,672.98
2025-01-13 09:26:00,30.5,30.54,30.48,30.53,93.85
2025-01-13 09:27:00,30.48,30.49,30.44,30.49,754.93
2025-01-13 09:28:00,30.48,30.48,30.41,30.41,381.47
2025-01-13 09:29:00,30.42,30.43,30.31,30.33,1324.2
2025-01-13 09:30:00,30.34,30.4,30.32,30.33,209.88
2025-01-13 09:31:00,30.34,30.43,30.34,30.39,144.43
2025-01-13 09:32:00,30.4,30.4,30.31,30.37,344.09
2025-01-13 09:33:00,30.39,30.4,30.22,30.25,1636.38
2025-01-13 09:34:00,30.27,30.37,30.25,30.26,676.49
2025-01-13 09:35:00,30.32,30.44,30.32,30.44,116.81
2025-01-13 09:36:00,30.44,30.49,30.42,30.45,395.19
2025-01-13 09:37:00,30.45,30.51,30.44,30.51,228.13
2025-01-13 09:38:00,30.51,30.58,30.51,30.57,142.24
2025-01-13 09:39:00,30.59,30.6,30.55,30.58,188.24
2025-01-13 09:40:00,30.59,30.65,30.57,30.57,509.61
2025-01-13 09:41:00,30.57,30.6,30.55,30.57,151.0
2025-01-13 09:42:00,30.56,30.56,30.52,30.54,198.64
2025-01-13 09:43:00,30.52,30.52,30.5,30.5,5.16
2025-01-13 09:44:00,30.49,30.51,30.48,30.48,218.05
2025-01-13 09:45:00,30.51,30.51,30.48,30.49,45.76
2025-01-13 09:46:00,30.49,30.51,30.44,30.51,343.58
2025-01-13 09:47:00,30.52,30.55,30.52,30.55,124.32
2025-01-13 09:48:00,30.54,30.58,30.54,30.58,76.14
2025-01-13 09:49:00,30.58,30.58,30.51,30.55,819.66
2025-01-13 09:50:00,30.54,30.55,30.51,30.55,107.45
2025-01-13 09:51:00,30.52,30.53,30.48,30.48,37.78
2025-01-13 09:52:00,30.48,30.48,30.45,30.48,176.59
2025-01-13 09:53:00,30.5,30.54,30.5,30.53,68.19
2025-01-13 09:54:00,30.53,30.53,30.47,30.47,330.61
2025-01-13 09:55:00,30.45,30.45,30.43,30.44,54.66
2025-01-13 09:56:00,30.44,30.47,30.44,30.45,842.78
2025-01-13 09:57:00,30.45,30.48,30.45,30.46,369.52
2025-01-13 09:58:00,30.48,30.5,30.47,30.49,46.46
2025-01-13 09:59:00,30.5,30.5,30.46,30.47,436.62
2025-01-13 10:00:00,30.47,30.48,30.39,30.39,290.73
2025-01-13 10:01:00,30.39,30.44,30.38,30.43,445.28
2025-01-13 10:02:00,30.43,30.43,30.33,30.37,165.15
2025-01-13 10:03:00,30.38,30.41,30.28,30.28,135.09
2025-01-13 10:04:00,30.29,30.36,30.27,30.36,634.82
2025-01-13 10:05:00,30.35,30.39,30.34,30.34,112.02
2025-01-13 10:06:00,30.33,30.4,30.32,30.35,105.7
2025-01-13 10:07:00,30.37,30.38,30.36,30.36,77.3
2025-01-13 10:08:00,30.39,30.39,30.33,30.34,38.66
2025-01-13 10:09:00,30.33,30.41,30.31,30.4,43.31
2025-01-13 10:10:00,30.43,30.45,30.42,30.43,88.19
2025-01-13 10:11:00,30.42,30.47,30.4,30.46,53.79
2025-01-13 10:12:00,30.44,30.44,30.41,30.43,43.98
2025-01-13 10:13:00,30.43,30.43,30.37,30.37,170.57
2025-01-13 10:14:00,30.36,30.37,30.35,30.35,83.7
2025-01-13 10:15:00,30.34,30.34,30.29,30.31,619.11
2025-01-13 10:16:00,30.33,30.38,30.32,30.38,416.89
2025-01-13 10:17:00,30.39,30.42,30.36,30.36,126.85
2025-01-13 10:18:00,30.36,30.39,30.36,30.37,151.12
2025-01-13 10:19:00,30.37,30.4,30.34,30.4,221.58
2025-01-13 10:20:00,30.39,30.39,30.34,30.35,35.12
2025-01-13 10:21:00,30.36,30.36,30.33,30.33,112.3
2025-01-13 10:22:00,30.34,30.34,30.26,30.27,694.5
2025-01-13 10:23:00,30.26,30.27,30.22,30.22,267.36
2025-01-13 10:24:00,30.22,30.22,30.13,30.14,554.57
2025-01-13 10:25:00,30.13,30.18,30.1,30.12,690.94
2025-01-13 10:26:00,30.12,30.16,30.11,30.11,243.37
2025-01-13 10:27:00,30.12,30.16,30.11,30.13,113.02
2025-01-13 10:28:00,30.15,30.19,30.08,30.1,643.38
2025-01-13 10:29:00,30.09,30.13,30.09,30.13,85.59
2025-01-13 10:30:00,30.13,30.13,30.02,30.03,864.88
2025-01-13 10:31:00,30.05,30.12,30.05,30.12,577.39
2025-01-13 10:32:00,30.08,30.1,30.03,30.04,573.4
2025-01-13 10:33:00,30.05,30.07,30.01,30.06,814.45
2025-01-13 10:34:00,30.04,30.12,30.04,30.1,413.71
2025-01-13 10:35:00,30.11,30.17,30.11,30.13,395.93
2025-01-13 10:36:00,30.13,30.22,30.13,30.16,671.68
2025-01-13 10:37:00,30.17,30.21,30.17,30.17,399.02
2025-01-13 10:38:00,30.18,30.18,30.13,30.13,433.23
2025-01-13 10:39:00,30.13,30.16,30.12,30.14,408.57
2025-01-13 10:40:00,30.13,30.19,30.13,30.19,239.14
2025-01-13 10:41:00,30.19,30.19,30.12,30.12,319.2
2025-01-13 10:42:00,30.11,30.14,30.07,30.08,743.17
2025-01-13 10:43:00,30.09,30.12,30.07,30.1,305.52
2025-01-13 10:44:00,30.07,30.08,30.05,30.07,63.51
2025-01-13 10:45:00,30.06,30.09,30.04,30.07,155.15
2025-01-13 10:46:00,30.06,30.17,30.06,30.17,706.25
2025-01-13 10:47:00,30.16,30.2,30.13,30.13,568.88
2025-01-13 10:48:00,30.11,30.12,30.09,30.09,128.56
2025-01-13 10:49:00,30.06,30.06,30.02,30.02,206.99
2025-01-13 10:50:00,30.03,30.09,30.03,30.07,93.1
2025-01-13 10:51:00,30.04,30.05,30.04,30.04,137.92
2025-01-13 10:52:00,30.05,30.06,30.0,30.01,1067.78
2025-01-13 10:53:00,30.01,30.04,30.0,30.02,545.15
2025-01-13 10:54:00,30.04,30.05,30.03,30.04,45.73
2025-01-13 10:55:00,30.05,30.05,30.03,30.03,86.14
2025-01-13 10:56:00,30.05,30.16,30.05,30.13,303.66
2025-01-13 10:57:00,30.14,30.23,30.13,30.23,209.57
2025-01-13 10:58:00,30.24,30.26,30.22,30.23,635.49
2025-01-13 10:59:00,30.23,30.23,30.17,30.17,68.2
2025-01-13 11:00:00,30.18,30.19,30.12,30.12,137.86
2025-01-13 11:01:00,30.13,30.17,30.13,30.14,342.78
2025-01-13 11:02:00,30.14,30.2,30.14,30.17,79.37
2025-01-13 11:03:00,30.16,30.17,30.14,30.17,73.13
2025-01-13 11:04:00,30.16,30.17,30.14,30.16,24.84
2025-01-13 11:05:00,30.19,30.25,30.19,30.21,179.32
2025-01-13 11:06:00,30.19,30.2,30.12,30.12,41.39
2025-01-13 11:07:00,30.12,30.15,30.12,30.15,112.16
2025-01-13 11:08:00,30.15,30.15,30.07,30.08,74.47
2025-01-13 11:09:00,30.09,30.09,30.03,30.04,161.97
2025-01-13 11:10:00,30.05,30.08,30.04,30.05,942.94
2025-01-13 11:11:00,30.06,30.07,30.03,30.06,1035.38
2025-01-13 11:12:00,30.06,30.1,30.05,30.09,93.17
2025-01-13 11:13:00,30.08,30.09,30.07,30.08,27.16
2025-01-13 11:14:00,30.08,30.08,30.04,30.05,47.79
2025-01-13 11:15:00,30.05,30.06,30.01,30.01,119.63
2025-01-13 11:16:00,30.02,30.05,30.02,30.04,100.23
2025-01-13 11:17:00,30.05,30.05,30.01,30.02,61.22
2025-01-13 11:18:00,30.0,30.1,30.0,30.1,72.34
2025-01-13 11:19:00,30.09,30.09,30.06,30.06,14.7
2025-01-13 11:20:00,30.07,30.12,30.07,30.09,255.02
2025-01-13 11:21:00,30.09,30.19,30.09,30.16,212.7
2025-01-13 11:22:00,30.17,30.22,30.17,30.22,25.18
2025-01-13 11:23:00,30.23,30.27,30.23,30.24,292.39
2025-01-13 11:24:00,30.21,30.24,30.2,30.21,189.47
2025-01-13 11:25:00,30.21,30.24,30.19,30.2,544.09
2025-01-13 11:26:00,30.18,30.19,30.16,30.17,150.68
2025-01-13 11:27:00,30.18,30.18,30.12,30.13,39.77
2025-01-13 11:28:00,30.13,30.16,30.13,30.16,189.85
2025-01-13 11:29:00,30.14,30.15,30.12,30.12,230.41
2025-01-13 11:30:00,30.14,30.23,30.14,30.2,342.73
2025-01-13 11:31:00,30.21,30.23,30.2,30.2,19.81
2025-01-13 11:32:00,30.21,30.22,30.07,30.11,1132.38
2025-01-13 11:33:00,30.11,30.12,30.03,30.06,1482.44
2025-01-13 11:34:00,30.08,30.11,30.08,30.09,23.95
2025-01-13 11:35:00,30.02,30.15,30.02,30.15,242.91
2025-01-13 11:36:00,30.15,30.15,30.02,30.03,553.15
2025-01-13 11:37:00,30.07,30.09,30.02,30.02,98.56
2025-01-13 11:38:00,30.02,30.03,29.99,30.0,274.1
2025-01-13 11:39:00,30.02,30.05,29.99,29.99,174.97
2025-01-13 11:40:00,29.99,30.02,29.93,29.94,445.11
2025-01-13 11:41:00,29.95,29.97,29.91,29.91,697.84
2025-01-13 11:42:00,29.93,29.94,29.9,29.91,332.83
2025-01-13 11:43:00,29.93,29.97,29.91,29.91,129.4
2025-01-13 11:44:00,29.92,29.95,29.88,29.95,86.62
2025-01-13 11:45:00,29.96,30.05,29.94,30.05,456.78
2025-01-13 11:46:00,30.0,30.13,30.0,30.09,568.14
2025-01-13 11:47:00,30.07,30.16,30.06,30.15,843.47
2025-01-13 11:48:00,30.15,30.17,30.12,30.13,190.94
2025-01-13 11:49:00,30.13,30.14,30.09,30.1,78.09
2025-01-13 11:50:00,30.1,30.15,30.09,30.09,76.49
2025-01-13 11:51:00,30.1,30.13,30.1,30.12,56.8
2025-01-13 11:52:00,30.11,30.12,30.07,30.07,49.73
2025-01-13 11:53:00,30.06,30.08,30.01,30.02,113.11
2025-01-13 11:54:00,30.01,30.03,29.99,29.99,139.84
2025-01-13 11:55:00,29.99,30.01,29.95,29.96,214.76
2025-01-13 11:56:00,29.95,29.96,29.94,29.95,512.44
2025-01-13 11:57:00,29.96,29.99,29.89,29.92,858.29
2025-01-13 11:58:00,29.91,29.91,29.83,29.88,990.24
2025-01-13 11:59:00,29.87,29.88,29.84,29.84,299.77
2025-01-13 12:00:00,29.86,29.94,29.85,29.9,543.72
2025-01-13 12:01:00,29.88,29.92,29.86,29.87,661.15
2025-01-13 12:02:00,29.85,29.87,29.75,29.78,1318.23
2025-01-13 12:03:00,29.78,29.78,29.71,29.73,1162.07
2025-01-13 12:04:00,29.75,29.77,29.65,29.67,872.24
2025-01-13 12:05:00,29.67,29.78,29.66,29.75,799.29
2025-01-13 12:06:00,29.75,29.95,29.75,29.95,1490.57
2025-01-13 12:07:00,29.95,30.05,29.94,30.01,620.95
2025-01-13 12:08:00,30.02,30.08,30.01,30.02,678.52
2025-01-13 12:09:00,30.02,30.09,29.98,30.09,115.45
2025-01-13 12:10:00,30.1,30.17,30.1,30.16,161.84
2025-01-13 12:11:00,30.18,30.22,30.17,30.2,541.32
2025-01-13 12:12:00,30.2,30.2,30.16,30.17,936.5
2025-01-13 12:13:00,30.15,30.15,30.12,30.12,130.99
2025-01-13 12:14:00,30.11,30.12,30.01,30.01,116.87
2025-01-13 12:15:00,30.01,30.04,29.98,30.03,506.3
2025-01-13 12:16:00,30.03,30.03,29.96,29.97,184.59
2025-01-13 12:17:00,29.97,29.98,29.94,29.94,248.32
2025-01-13 12:18:00,29.98,29.99,29.93,29.93,329.05
2025-01-13 12:19:00,29.99,30.09,29.99,30.06,88.94
2025-01-13 12:20:00,30.08,30.17,30.08,30.17,194.93
2025-01-13 12:21:00,30.2,30.21,30.17,30.21,183.48
2025-01-13 12:22:00,30.22,30.22,30.18,30.2,907.64
2025-01-13 12:23:00,30.2,30.25,30.2,30.24,449.21
2025-01-13 12:24:00,30.24,30.24,30.1,30.1,1117.32
2025-01-13 12:25:00,30.1,30.11,30.06,30.11,223.44
2025-01-13 12:26:00,30.11,30.12,30.09,30.11,107.97
2025-01-13 12:27:00,30.1,30.1,30.06,30.06,51.95
2025-01-13 12:28:00,30.07,30.15,30.07,30.14,29.66
2025-01-13 12:29:00,30.13,30.14,30.12,30.13,21.64
2025-01-13 12:30:00,30.14,30.14,30.1,30.1,108.78
2025-01-13 12:31:00,30.14,30.14,30.07,30.09,95.17
2025-01-13 12:32:00,30.09,30.1,30.06,30.07,62.87
2025-01-13 12:33:00,30.07,30.07,30.0,30.01,425.14
2025-01-13 12:34:00,30.05,30.07,30.03,30.03,103.07
2025-01-13 12:35:00,30.04,30.1,30.02,30.02,280.46
2025-01-13 12:36:00,30.03,30.03,29.96,29.97,664.56
2025-01-13 12:37:00,29.96,29.96,29.9,29.9,431.14
2025-01-13 12:38:00,29.91,30.02,29.89,30.0,1063.95
2025-01-13 12:39:00,29.98,30.02,29.95,29.96,63.76
2025-01-13 12:40:00,29.92,30.02,29.92,29.96,451.59
2025-01-13 12:41:00,29.99,30.03,29.98,30.0,350.77
2025-01-13 12:42:00,29.99,30.06,29.96,30.06,1052.83
2025-01-13 12:43:00,30.06,30.12,30.01,30.12,144.75
2025-01-13 12:44:00,30.13,30.18,30.07,30.16,289.78
2025-01-13 12:45:00,30.14,30.15,30.05,30.05,100.37
2025-01-13 12:46:00,30.04,30.04,30.03,30.04,32.06
2025-01-13 12:47:00,30.03,30.03,29.99,29.99,217.84
2025-01-13 12:48:00,29.98,30.0,29.96,30.0,34.35
2025-01-13 12:49:00,30.02,30.02,29.94,29.94,252.84
2025-01-13 12:50:00,29.96,30.04,29.96,30.03,174.09
2025-01-13 12:51:00,30.03,30.03,30.01,30.03,75.47
2025-01-13 12:52:00,30.02,30.03,29.99,30.03,239.81
2025-01-13 12:53:00,30.04,30.13,30.04,30.13,44.94
2025-01-13 12:54:00,30.14,30.15,30.08,30.08,133.95
2025-01-13 12:55:00,30.08,30.08,30.03,30.04,67.33
2025-01-13 12:56:00,30.05,30.08,30.05,30.08,108.34
2025-01-13 12:57:00,30.1,30.12,30.09,30.1,149.48
2025-01-13 12:58:00,30.11,30.11,30.05,30.05,146.38
2025-01-13 12:59:00,30.04,30.07,30.04,30.07,9.47
2025-01-13 13:00:00,30.04,30.06,29.97,29.99,203.15
2025-01-13 13:01:00,29.97,29.98,29.93,29.93,224.12
2025-01-13 13:02:00,29.9,29.95,29.9,29.93,196.95
2025-01-13 13:03:00,29.98,30.0,29.98,29.98,582.44
2025-01-13 13:04:00,30.04,30.06,30.03,30.06,135.06
2025-01-13 13:05:00,30.05,30.16,30.05,30.15,134.65
2025-01-13 13:06:00,30.15,30.21,30.15,30.21,74.73
2025-01-13 13:07:00,30.2,30.26,30.2,30.26,224.6
2025-01-13 13:08:00,30.26,30.34,30.25,30.34,494.13
2025-01-13 13:09:00,30.36,30.44,30.35,30.43,493.97
2025-01-13 13:10:00,30.45,30.45,30.39,30.4,445.07
2025-01-13 13:11:00,30.4,30.41,30.37,30.4,143.24
2025-01-13 13:12:00,30.41,30.42,30.39,30.41,66.35
2025-01-13 13:13:00,30.41,30.45,30.41,30.45,64.06
2025-01-13 13:14:00,30.45,30.47,30.42,30.46,325.62
2025-01-13 13:15:00,30.46,30.57,30.46,30.57,1018.57
2025-01-13 13:16:00,30.57,30.62,30.53,30.54,452.94
2025-01-13 13:17:00,30.54,30.7,30.54,30.66,453.28
2025-01-13 13:18:00,30.67,30.77,30.67,30.76,335.12
2025-01-13 13:19:00,30.77,30.85,30.77,30.85,603.85
2025-01-13 13:20:00,30.83,30.83,30.77,30.79,372.75
2025-01-13 13:21:00,30.77,30.77,30.67,30.67,133.15
2025-01-13 13:22:00,30.65,30.67,30.62,30.67,150.67
2025-01-13 13:23:00,30.68,30.74,30.68,30.72,753.21
2025-01-13 13:24:00,30.72,30.74,30.71,30.71,224.93
2025-01-13 13:25:00,30.67,30.69,30.67,30.68,47.57
2025-01-13 13:26:00,30.67,30.8,30.67,30.76,276.82
2025-01-13 13:27:00,30.75,30.75,30.69,30.69,49.17
2025-01-13 13:28:00,30.68,30.71,30.67,30.69,81.96
2025-01-13 13:29:00,30.62,30.62,30.54,30.56,90.67
2025-01-13 13:30:00,30.53,30.53,30.45,30.45,299.68
2025-01-13 13:31:00,30.49,30.49,30.46,30.48,188.75
2025-01-13 13:32:00,30.49,30.59,30.49,30.54,218.51
2025-01-13 13:33:00,30.54,30.56,30.53,30.54,18.03
2025-01-13 13:34:00,30.56,30.57,30.53,30.57,29.23
2025-01-13 13:35:00,30.55,30.56,30.55,30.56,0.75
2025-01-13 13:36:00,30.53,30.56,30.52,30.55,54.93
2025-01-13 13:37:00,30.52,30.54,30.49,30.54,80.24
2025-01-13 13:38:00,30.52,30.52,30.42,30.43,58.14
2025-01-13 13:39:00,30.43,30.46,30.4,30.4,111.69
2025-01-13 13:40:00,30.4,30.4,30.32,30.35,466.59
2025-01-13 13:41:00,30.37,30.4,30.36,30.36,102.59
2025-01-13 13:42:00,30.39,30.41,30.37,30.37,21.14
2025-01-13 13:43:00,30.34,30.37,30.34,30.34,112.48
2025-01-13 13:44:00,30.39,30.39,30.38,30.39,12.79
2025-01-13 13:45:00,30.35,30.36,30.28,30.34,230.47
2025-01-13 13:46:00,30.35,30.36,30.26,30.27,195.94
2025-01-13 13:47:00,30.28,30.29,30.23,30.24,486.25
2025-01-13 13:48:00,30.25,30.28,30.22,30.27,214.56
2025-01-13 13:49:00,30.24,30.24,30.2,30.2,39.59
2025-01-13 13:50:00,30.21,30.33,30.21,30.33,449.79
2025-01-13 13:51:00,30.29,30.29,30.27,30.27,0.75
2025-01-13 13:52:00,30.27,30.28,30.27,30.28,64.29
2025-01-13 13:53:00,30.31,30.33,30.31,30.33,44.16
2025-01-13 13:54:00,30.34,30.35,30.31,30.32,47.41
2025-01-13 13:55:00,30.32,30.35,30.32,30.34,112.27
2025-01-13 13:56:00,30.33,30.34,30.31,30.31,10.95
2025-01-13 13:57:00,30.32,30.32,30.3,30.3,10.95
2025-01-13 13:58:00,30.3,30.33,30.29,30.33,284.02
2025-01-13 13:59:00,30.34,30.34,30.29,30.29,9.24
2025-01-13 14:00:00,30.29,30.3,30.28,30.3,59.12
2025-01-13 14:01:00,30.27,30.27,30.21,30.25,428.88
2025-01-13 14:02:00,30.25,30.25,30.18,30.21,237.31
2025-01-13 14:03:00,30.18,30.18,30.08,30.09,583.94
2025-01-13 14:04:00,30.11,30.2,30.11,30.2,112.14
2025-01-13 14:05:00,30.23,30.24,30.16,30.16,29.55
2025-01-13 14:06:00,30.14,30.25,30.14,30.25,283.45
2025-01-13 14:07:00,30.23,30.25,30.19,30.19,104.13
2025-01-13 14:08:00,30.24,30.3,30.24,30.28,126.16
2025-01-13 14:09:00,30.27,30.27,30.25,30.26,49.0
2025-01-13 14:10:00,30.27,30.3,30.16,30.16,241.02
2025-01-13 14:11:00,30.15,30.16,30.14,30.15,102.51
2025-01-13 14:12:00,30.11,30.16,30.11,30.13,45.62
2025-01-13 14:13:00,30.13,30.22,30.13,30.2,98.55
2025-01-13 14:14:00,30.23,30.23,30.22,30.22,11.58
2025-01-13 14:15:00,30.21,30.28,30.21,30.28,21.49
2025-01-13 14:16:00,30.25,30.25,30.22,30.22,3.89
2025-01-13 14:17:00,30.26,30.27,30.24,30.27,30.24
2025-01-13 14:18:00,30.28,30.28,30.24,30.24,213.05
2025-01-13 14:19:00,30.26,30.26,30.24,30.24,30.49
2025-01-13 14:20:00,30.22,30.28,30.22,30.28,152.56
2025-01-13 14:21:00,30.31,30.31,30.2,30.2,90.63
2025-01-13 14:22:00,30.21,30.25,30.2,30.22,105.99
2025-01-13 14:23:00,30.2,30.23,30.19,30.23,44.7
2025-01-13 14:24:00,30.26,30.26,30.21,30.21,33.67
2025-01-13 14:25:00,30.16,30.16,30.15,30.16,20.11
2025-01-13 14:26:00,30.14,30.14,30.08,30.12,106.93
2025-01-13 14:27:00,30.08,30.14,30.08,30.14,37.18
2025-01-13 14:28:00,30.1,30.12,30.1,30.12,44.22
2025-01-13 14:29:00,30.13,30.22,30.13,30.2,113.95
2025-01-13 14:30:00,30.18,30.23,30.15,30.22,155.8
2025-01-13 14:31:00,30.22,30.22,30.08,30.08,183.17
2025-01-13 14:32:00,30.11,30.15,30.08,30.08,120.87
2025-01-13 14:33:00,30.07,30.07,29.82,29.83,2223.29
2025-01-13 14:34:00,29.83,29.9,29.66,29.74,5253.41
2025-01-13 14:35:00,29.75,29.93,29.54,29.6,3902.6
2025-01-13 14:36:00,29.6,30.0,29.6,29.94,2481.78
2025-01-13 14:37:00,29.96,30.09,29.89,30.06,1731.46
2025-01-13 14:38:00,30.05,30.29,30.05,30.29,901.9
2025-01-13 14:39:00,30.29,30.33,30.17,30.17,1227.34
2025-01-13 14:40:00,30.18,30.44,30.16,30.4,801.2
2025-01-13 14:41:00,30.41,30.51,30.36,30.36,1308.82
2025-01-13 14:42:00,30.36,30.46,30.33,30.45,303.94
2025-01-13 14:43:00,30.47,30.66,30.4,30.65,1004.2
2025-01-13 14:44:00,30.66,30.7,30.57,30.57,709.68
2025-01-13 14:45:00,30.57,30.64,30.53,30.59,310.66
2025-01-13 14:46:00,30.57,30.57,30.41,30.46,638.04
2025-01-13 14:47:00,30.51,30.53,30.44,30.47,199.0
2025-01-13 14:48:00,30.5,30.69,30.5,30.68,596.82
2025-01-13 14:49:00,30.69,30.69,30.6,30.64,1055.93
2025-01-13 14:50:00,30.66,30.7,30.63,30.69,195.11
2025-01-13 14:51:00,30.68,30.84,30.65,30.83,153.48
2025-01-13 14:52:00,30.83,30.96,30.81,30.95,723.62
2025-01-13 14:53:00,30.95,30.98,30.89,30.91,421.63
2025-01-13 14:54:00,30.92,31.0,30.92,31.0,154.46
2025-01-13 14:55:00,30.99,31.0,30.93,30.96,546.77
2025-01-13 14:56:00,30.96,31.08,30.95,31.03,615.88
2025-01-13 14:57:00,31.0,31.0,30.89,30.9,553.9
2025-01-13 14:58:00,30.87,30.87,30.75,30.75,1258.12
2025-01-13 14:59:00,30.75,30.75,30.69,30.72,426.53
2025-01-13 15:00:00,30.75,30.78,30.66,30.77,429.4
2025-01-13 15:01:00,30.76,30.76,30.64,30.74,489.83
2025-01-13 15:02:00,30.75,30.93,30.75,30.93,460.53
2025-01-13 15:03:00,30.91,30.95,30.88,30.91,395.21
2025-01-13 15:04:00,30.92,30.99,30.91,30.94,206.75
2025-01-13 15:05:00,30.95,31.0,30.92,31.0,145.68
2025-01-13 15:06:00,31.0,31.09,30.99,31.09,305.21
2025-01-13 15:07:00,31.08,31.1,31.04,31.04,611.59
2025-01-13 15:08:00,31.06,31.11,31.03,31.11,149.38
2025-01-13 15:09:00,31.11,31.12,31.04,31.08,435.42
2025-01-13 15:10:00,31.09,31.11,31.0,31.02,157.9
2025-01-13 15:11:00,31.03,31.03,30.96,30.96,102.66
2025-01-13 15:12:00,30.93,31.06,30.93,31.06,124.32
2025-01-13 15:13:00,31.06,31.11,31.03,31.11,88.2
2025-01-13 15:14:00,31.09,31.17,31.09,31.13,190.14
2025-01-13 15:15:00,31.12,31.12,31.03,31.04,184.97
2025-01-13 15:16:00,31.03,31.04,31.0,31.01,134.35
2025-01-13 15:17:00,31.03,31.12,30.99,31.12,254.47
2025-01-13 15:18:00,31.11,31.22,31.11,31.22,337.66
2025-01-13 15:19:00,31.21,31.24,31.16,31.16,227.62
2025-01-13 15:20:00,31.16,31.2,31.13,31.18,100.75
2025-01-13 15:21:00,31.17,31.27,31.17,31.27,136.54
2025-01-13 15:22:00,31.26,31.28,31.23,31.24,291.55
2025-01-13 15:23:00,31.22,31.3,31.21,31.3,374.37
2025-01-13 15:24:00,31.28,31.28,31.13,31.15,539.77
2025-01-13 15:25:00,31.12,31.13,31.07,31.08,227.73
2025-01-13 15:26:00,31.08,31.09,30.96,31.01,331.02
2025-01-13 15:27:00,31.03,31.08,30.98,30.99,166.2
2025-01-13 15:28:00,30.99,31.01,30.93,30.93,79.73
2025-01-13 15:29:00,30.93,30.97,30.87,30.97,50.89
2025-01-13 15:30:00,30.97,30.99,30.82,30.86,663.8
2025-01-13 15:31:00,30.89,30.99,30.89,30.94,283.87
2025-01-13 15:32:00,30.94,31.02,30.94,30.98,193.01
2025-01-13 15:33:00,30.98,31.0,30.94,30.99,102.79
2025-01-13 15:34:00,30.97,30.97,30.87,30.89,170.06
2025-01-13 15:35:00,30.89,30.98,30.89,30.98,34.38
2025-01-13 15:36:00,30.99,31.02,30.92,30.93,153.71
2025-01-13 15:37:00,30.95,31.04,30.94,31.04,156.39
2025-01-13 15:38:00,31.04,31.04,30.98,30.99,725.72
2025-01-13 15:39:00,31.02,31.12,31.02,31.12,657.14
2025-01-13 15:40:00,31.15,31.18,31.12,31.15,102.99
2025-01-13 15:41:00,31.18,31.31,31.18,31.3,499.64
2025-01-13 15:42:00,31.3,31.3,31.25,31.3,111.26
2025-01-13 15:43:00,31.29,31.29,31.21,31.21,461.02
2025-01-13 15:44:00,31.23,31.26,31.22,31.22,179.18
2025-01-13 15:45:00,31.24,31.25,31.19,31.19,85.13
2025-01-13 15:46:00,31.18,31.18,31.11,31.13,142.21
2025-01-13 15:47:00,31.15,31.15,31.06,31.06,86.9
2025-01-13 15:48:00,31.09,31.1,31.04,31.09,643.76
2025-01-13 15:49:00,31.11,31.14,31.1,31.13,141.06
2025-01-13 15:50:00,31.16,31.2,31.13,31.2,117.21
2025-01-13 15:51:00,31.19,31.19,31.14,31.15,33.04
2025-01-13 15:52:00,31.13,31.13,31.06,31.1,184.02
2025-01-13 15:53:00,31.07,31.11,31.07,31.08,12.86
2025-01-13 15:54:00,31.06,31.07,30.99,31.01,1259.89
2025-01-13 15:55:00,31.0,31.01,30.95,30.95,1500.44
2025-01-13 15:56:00,30.97,31.0,30.96,31.0,39.29
2025-01-13 15:57:00,30.98,31.02,30.97,31.0,39.72
2025-01-13 15:58:00,31.0,31.04,31.0,31.01,18.86
2025-01-13 15:59:00,30.99,30.99,30.96,30.97,391.41
2025-01-13 16:00:00,30.97,30.98,30.82,30.89,1285.3
2025-01-13 16:01:00,30.9,31.02,30.9,31.02,333.25
2025-01-13 16:02:00,31.01,31.07,31.0,31.03,139.61
2025-01-13 16:03:00,31.04,31.08,31.01,31.06,183.55
2025-01-13 16:04:00,31.06,31.06,31.0,31.04,208.13
2025-01-13 16:05:00,31.06,31.1,31.06,31.08,253.97
2025-01-13 16:06:00,31.04,31.07,31.01,31.03,576.97
2025-01-13 16:07:00,31.07,31.11,31.05,31.11,36.01
2025-01-13 16:08:00,31.12,31.16,31.08,31.1,941.86
2025-01-13 16:09:00,31.09,31.11,30.99,30.99,213.82
2025-01-13 16:10:00,31.0,31.04,30.96,30.97,99.23
2025-01-13 16:11:00,30.95,30.99,30.93,30.95,350.09
2025-01-13 16:12:00,30.96,30.97,30.85,30.86,37.33
2025-01-13 16:13:00,30.85,30.86,30.82,30.82,192.24
2025-01-13 16:14:00,30.86,30.95,30.86,30.95,19.06
2025-01-13 16:15:00,30.95,31.0,30.95,31.0,243.9
2025-01-13 16:16:00,31.01,31.02,30.97,31.0,43.48
2025-01-13 16:17:00,30.96,30.98,30.88,30.89,54.65
2025-01-13 16:18:00,30.86,30.88,30.86,30.86,86.66
2025-01-13 16:19:00,30.89,30.9,30.83,30.86,158.82
2025-01-13 16:20:00,30.86,30.9,30.81,30.9,176.55
2025-01-13 16:21:00,30.86,30.86,30.78,30.79,246.22
2025-01-13 16:22:00,30.81,30.82,30.76,30.76,133.59
2025-01-13 16:23:00,30.79,30.82,30.77,30.81,132.19
2025-01-13 16:24:00,30.81,30.85,30.8,30.8,147.32
2025-01-13 16:25:00,30.79,30.92,30.79,30.92,147.37
2025-01-13 16:26:00,30.93,30.93,30.84,30.84,64.58
2025-01-13 16:27:00,30.83,30.85,30.83,30.83,10.81
2025-01-13 16:28:00,30.83,30.83,30.77,30.77,60.75
2025-01-13 16:29:00,30.75,30.76,30.74,30.76,161.17
2025-01-13 16:30:00,30.75,30.82,30.7,30.82,748.81
2025-01-13 16:31:00,30.83,30.9,30.83,30.87,33.64
2025-01-13 16:32:00,30.91,30.91,30.84,30.84,37.96
2025-01-13 16:33:00,30.86,30.87,30.85,30.86,29.64
2025-01-13 16:34:00,30.86,30.89,30.86,30.87,48.6
2025-01-13 16:35:00,30.82,30.88,30.81,30.88,51.2
2025-01-13 16:36:00,30.88,30.88,30.86,30.87,91.45
2025-01-13 16:37:00,30.82,30.83,30.82,30.82,27.56
2025-01-13 16:38:00,30.82,30.83,30.8,30.81,216.31
2025-01-13 16:39:00,30.79,30.83,30.79,30.83,256.09
2025-01-13 16:40:00,30.81,30.9,30.81,30.85,67.17
2025-01-13 16:41:00,30.86,30.92,30.86,30.92,61.27
2025-01-13 16:42:00,30.9,30.9,30.83,30.83,133.88
2025-01-13 16:43:00,30.83,30.86,30.83,30.84,29.35
2025-01-13 16:44:00,30.85,30.91,30.85,30.91,32.64
2025-01-13 16:45:00,30.93,30.96,30.93,30.96,80.22
2025-01-13 16:46:00,30.93,30.93,30.88,30.89,651.6
2025-01-13 16:47:00,30.9,30.92,30.89,30.89,55.32
2025-01-13 16:48:00,30.87,30.87,30.84,30.84,10.09
2025-01-13 16:49:00,30.83,30.83,30.77,30.77,141.6
2025-01-13 16:50:00,30.79,30.79,30.73,30.73,64.45
2025-01-13 16:51:00,30.75,30.76,30.72,30.72,24.08
2025-01-13 16:52:00,30.73,30.73,30.72,30.72,69.36
2025-01-13 16:53:00,30.7,30.7,30.64,30.64,96.54
2025-01-13 16:54:00,30.66,30.66,30.64,30.64,115.85
2025-01-13 16:55:00,30.63,30.63,30.61,30.61,19.62
2025-01-13 16:56:00,30.63,30.65,30.58,30.59,130.64
2025-01-13 16:57:00,30.58,30.59,30.56,30.56,112.78
2025-01-13 16:58:00,30.57,30.57,30.52,30.52,197.66
2025-01-13 16:59:00,30.53,30.53,30.51,30.52,26.97
2025-01-13 17:00:00,30.52,30.54,30.49,30.54,430.41
2025-01-13 17:01:00,30.55,30.63,30.55,30.56,344.23
2025-01-13 17:02:00,30.54,30.64,30.53,30.64,155.98
2025-01-13 17:03:00,30.64,30.64,30.61,30.61,143.16
2025-01-13 17:04:00,30.63,30.65,30.58,30.58,55.03
2025-01-13 17:05:00,30.57,30.58,30.53,30.57,107.9
2025-01-13 17:06:00,30.58,30.58,30.5,30.5,110.39
2025-01-13 17:07:00,30.5,30.53,30.48,30.52,193.47
2025-01-13 17:08:00,30.54,30.6,30.54,30.58,71.16
2025-01-13 17:09:00,30.61,30.7,30.61,30.7,191.72
2025-01-13 17:10:00,30.71,30.72,30.69,30.72,297.91
2025-01-13 17:11:00,30.74,30.76,30.68,30.76,129.29
2025-01-13 17:12:00,30.76,30.78,30.7,30.7,127.7
2025-01-13 17:13:00,30.7,30.7,30.63,30.63,33.31
2025-01-13 17:14:00,30.66,30.68,30.65,30.67,339.51
2025-01-13 17:15:00,30.65,30.68,30.63,30.65,195.41
2025-01-13 17:16:00,30.67,30.73,30.64,30.73,279.32
2025-01-13 17:17:00,30.74,30.77,30.72,30.76,169.9
2025-01-13 17:18:00,30.77,30.77,30.68,30.68,122.26
2025-01-13 17:19:00,30.72,30.74,30.72,30.74,67.19
2025-01-13 17:20:00,30.76,30.77,30.68,30.68,212.8
2025-01-13 17:21:00,30.66,30.67,30.66,30.67,8.67
2025-01-13 17:22:00,30.65,30.65,30.56,30.63,740.87
2025-01-13 17:23:00,30.66,30.66,30.63,30.64,73.65
2025-01-13 17:24:00,30.66,30.66,30.59,30.59,77.6
2025-01-13 17:25:00,30.58,30.63,30.58,30.63,156.34
2025-01-13 17:26:00,30.63,30.66,30.62,30.63,84.82
2025-01-13 17:27:00,30.67,30.76,30.67,30.75,157.71
2025-01-13 17:28:00,30.74,30.75,30.71,30.75,134.03
2025-01-13 17:29:00,30.77,30.78,30.77,30.78,55.65
2025-01-13 17:30:00,30.73,30.73,30.62,30.62,259.64
2025-01-13 17:31:00,30.61,30.65,30.61,30.65,85.25
2025-01-13 17:32:00,30.65,30.67,30.63,30.63,79.09
2025-01-13 17:33:00,30.66,30.74,30.64,30.73,110.05
2025-01-13 17:34:00,30.73,30.77,30.7,30.76,62.83
2025-01-13 17:35:00,30.76,30.78,30.73,30.74,137.02
2025-01-13 17:36:00,30.71,30.73,30.7,30.71,74.89
2025-01-13 17:37:00,30.72,30.72,30.62,30.63,123.59
2025-01-13 17:38:00,30.62,30.67,30.62,30.67,132.29
2025-01-13 17:39:00,30.62,30.62,30.54,30.56,1058.86
2025-01-13 17:40:00,30.54,30.54,30.5,30.5,106.61
2025-01-13 17:41:00,30.46,30.51,30.46,30.49,198.58
2025-01-13 17:42:00,30.52,30.52,30.5,30.52,50.77
2025-01-13 17:43:00,30.49,30.49,30.42,30.42,76.09
2025-01-13 17:44:00,30.45,30.45,30.39,30.43,278.98
2025-01-13 17:45:00,30.43,30.54,30.43,30.54,150.38
2025-01-13 17:46:00,30.53,30.54,30.52,30.54,65.04
2025-01-13 17:47:00,30.55,30.56,30.5,30.5,328.42
2025-01-13 17:48:00,30.54,30.54,30.45,30.46,76.3
2025-01-13 17:49:00,30.47,30.47,30.39,30.42,202.78
2025-01-13 17:50:00,30.38,30.43,30.38,30.43,71.48
2025-01-13 17:51:00,30.44,30.45,30.36,30.37,242.09
2025-01-13 17:52:00,30.36,30.38,30.33,30.33,66.39
2025-01-13 17:53:00,30.32,30.35,30.32,30.35,156.65
2025-01-13 17:54:00,30.35,30.36,30.33,30.36,50.49
2025-01-13 17:55:00,30.39,30.41,30.39,30.4,30.66
2025-01-13 17:56:00,30.38,30.38,30.36,30.36,40.27
2025-01-13 17:57:00,30.39,30.41,30.39,30.41,18.97
2025-01-13 17:58:00,30.43,30.45,30.43,30.45,13.76
2025-01-13 17:59:00,30.45,30.46,30.42,30.45,56.44
2025-01-13 18:00:00,30.46,30.57,30.45,30.57,598.17
2025-01-13 18:01:00,30.58,30.66,30.58,30.66,426.44
2025-01-13 18:02:00,30.63,30.67,30.62,30.67,46.96
2025-01-13 18:03:00,30.67,30.74,30.67,30.74,125.08
2025-01-13 18:04:00,30.74,30.75,30.7,30.75,357.21
2025-01-13 18:05:00,30.73,30.77,30.68,30.68,347.07
2025-01-13 18:06:00,30.66,30.74,30.66,30.72,130.69
2025-01-13 18:07:00,30.74,30.74,30.68,30.68,27.91
2025-01-13 18:08:00,30.72,30.73,30.7,30.7,75.61
2025-01-13 18:09:00,30.68,30.68,30.65,30.68,127.75
2025-01-13 18:10:00,30.68,30.69,30.6,30.61,187.91
2025-01-13 18:11:00,30.6,30.6,30.55,30.57,153.69
2025-01-13 18:12:00,30.55,30.55,30.5,30.55,53.11
2025-01-13 18:13:00,30.5,30.5,30.48,30.49,157.45
2025-01-13 18:14:00,30.5,30.53,30.49,30.51,198.89
2025-01-13 18:15:00,30.51,30.51,30.44,30.48,130.28
2025-01-13 18:16:00,30.49,30.49,30.42,30.42,300.37
2025-01-13 18:17:00,30.41,30.41,30.36,30.36,180.29
2025-01-13 18:18:00,30.36,30.36,30.3,30.3,479.76
2025-01-13 18:19:00,30.3,30.33,30.29,30.29,132.04
2025-01-13 18:20:00,30.29,30.29,30.17,30.17,742.01
2025-01-13 18:21:00,30.21,30.22,30.14,30.15,575.57
2025-01-13 18:22:00,30.16,30.18,30.14,30.18,297.98
2025-01-13 18:23:00,30.19,30.27,30.15,30.23,212.51
2025-01-13 18:24:00,30.2,30.21,30.17,30.18,110.45
2025-01-13 18:25:00,30.16,30.23,30.16,30.22,203.85
2025-01-13 18:26:00,30.24,30.24,30.17,30.21,127.3
2025-01-13 18:27:00,30.23,30.24,30.12,30.12,176.65
2025-01-13 18:28:00,30.14,30.16,30.11,30.11,335.65
2025-01-13 18:29:00,30.12,30.15,30.08,30.09,499.48
2025-01-13 18:30:00,30.11,30.27,30.11,30.27,297.33
2025-01-13 18:31:00,30.25,30.28,30.2,30.25,90.01
2025-01-13 18:32:00,30.27,30.33,30.27,30.3,221.21
2025-01-13 18:33:00,30.32,30.36,30.3,30.36,291.92
2025-01-13 18:34:00,30.39,30.41,30.33,30.35,283.76
2025-01-13 18:35:00,30.37,30.43,30.36,30.41,64.37
2025-01-13 18:36:00,30.41,30.49,30.41,30.48,418.79
2025-01-13 18:37:00,30.47,30.5,30.4,30.41,410.44
2025-01-13 18:38:00,30.43,30.44,30.38,30.44,100.74
2025-01-13 18:39:00,30.45,30.5,30.42,30.46,195.08
2025-01-13 18:40:00,30.44,30.53,30.44,30.52,648.98
2025-01-13 18:41:00,30.5,30.5,30.4,30.4,191.9
2025-01-13 18:42:00,30.4,30.42,30.4,30.42,63.98
2025-01-13 18:43:00,30.39,30.39,30.35,30.38,9.11
2025-01-13 18:44:00,30.38,30.4,30.38,30.38,114.69
2025-01-13 18:45:00,30.37,30.37,30.28,30.33,220.84
2025-01-13 18:46:00,30.36,30.44,30.36,30.43,145.56
2025-01-13 18:47:00,30.44,30.51,30.44,30.51,99.51
2025-01-13 18:48:00,30.48,30.48,30.47,30.47,6.15
2025-01-13 18:49:00,30.5,30.57,30.5,30.56,145.68
2025-01-13 18:50:00,30.55,30.6,30.52,30.52,147.82
2025-01-13 18:51:00,30.52,30.54,30.52,30.53,46.11
2025-01-13 18:52:00,30.51,30.52,30.47,30.47,96.1
2025-01-13 18:53:00,30.49,30.5,30.46,30.47,100.64
2025-01-13 18:54:00,30.47,30.47,30.44,30.44,128.23
2025-01-13 18:55:00,30.43,30.54,30.43,30.54,47.0
2025-01-13 18:56:00,30.53,30.57,30.53,30.56,64.38
2025-01-13 18:57:00,30.57,30.61,30.57,30.61,42.11
2025-01-13 18:58:00,30.59,30.59,30.56,30.56,153.82
2025-01-13 18:59:00,30.55,30.57,30.55,30.55,72.89
2025-01-13 19:00:00,30.56,30.56,30.46,30.46,342.02
2025-01-13 19:01:00,30.49,30.59,30.49,30.58,73.85
2025-01-13 19:02:00,30.57,30.62,30.54,30.59,836.53
2025-01-13 19:03:00,30.58,30.65,30.58,30.64,240.02
2025-01-13 19:04:00,30.64,30.68,30.63,30.64,174.46
2025-01-13 19:05:00,30.66,30.71,30.65,30.68,218.09
2025-01-13 19:06:00,30.69,30.76,30.65,30.65,587.02
2025-01-13 19:07:00,30.65,30.73,30.64,30.69,283.04
2025-01-13 19:08:00,30.7,30.72,30.66,30.69,306.69
2025-01-13 19:09:00,30.7,30.72,30.65,30.66,240.56
2025-01-13 19:10:00,30.65,30.7,30.65,30.7,140.42
2025-01-13 19:11:00,30.66,30.7,30.66,30.68,264.0
2025-01-13 19:12:00,30.67,30.69,30.65,30.65,575.13
2025-01-13 19:13:00,30.65,30.65,30.54,30.54,612.12
2025-01-13 19:14:00,30.53,30.56,30.52,30.52,143.96
2025-01-13 19:15:00,30.51,30.51,30.44,30.47,246.77
2025-01-13 19:16:00,30.5,30.51,30.43,30.43,182.98
2025-01-13 19:17:00,30.45,30.45,30.35,30.35,246.99
2025-01-13 19:18:00,30.37,30.41,30.34,30.39,160.94
2025-01-13 19:19:00,30.41,30.44,30.34,30.34,213.4
2025-01-13 19:20:00,30.35,30.35,30.27,30.27,437.44
2025-01-13 19:21:00,30.31,30.33,30.25,30.25,264.46
2025-01-13 19:22:00,30.28,30.35,30.28,30.32,241.22
2025-01-13 19:23:00,30.31,30.32,30.28,30.29,1444.89
2025-01-13 19:24:00,30.32,30.35,30.29,30.33,81.98
2025-01-13 19:25:00,30.34,30.39,30.34,30.38,300.06
2025-01-13 19:26:00,30.39,30.42,30.39,30.39,484.81
2025-01-13 19:27:00,30.4,30.44,30.39,30.42,302.8
2025-01-13 19:28:00,30.4,30.41,30.37,30.4,66.01
2025-01-13 19:29:00,30.44,30.45,30.43,30.43,64.35
2025-01-13 19:30:00,30.43,30.52,30.43,30.47,390.82
2025-01-13 19:31:00,30.47,30.47,30.4,30.41,319.41
2025-01-13 19:32:00,30.42,30.48,30.4,30.47,563.68
2025-01-13 19:33:00,30.48,30.48,30.41,30.41,173.13
2025-01-13 19:34:00,30.41,30.46,30.4,30.46,254.43
2025-01-13 19:35:00,30.47,30.47,30.41,30.44,224.59
2025-01-13 19:36:00,30.44,30.53,30.44,30.47,342.54
2025-01-13 19:37:00,30.44,30.52,30.44,30.5,127.67
2025-01-13 19:38:00,30.52,30.6,30.52,30.6,131.86
2025-01-13 19:39:00,30.6,30.64,30.59,30.64,165.11
2025-01-13 19:40:00,30.64,30.69,30.63,30.67,126.37
2025-01-13 19:41:00,30.67,30.73,30.67,30.71,94.95
2025-01-13 19:42:00,30.69,30.71,30.66,30.69,568.91
2025-01-13 19:43:00,30.69,30.69,30.62,30.65,1116.73
2025-01-13 19:44:00,30.71,30.73,30.7,30.72,197.23
2025-01-13 19:45:00,30.72,30.8,30.68,30.77,500.43
2025-01-13 19:46:00,30.76,30.84,30.76,30.77,78.74
2025-01-13 19:47:00,30.79,30.8,30.79,30.8,96.29
2025-01-13 19:48:00,30.83,30.85,30.78,30.8,31.34
2025-01-13 19:49:00,30.76,30.76,30.72,30.72,27.86
2025-01-13 19:50:00,30.66,30.69,30.66,30.69,87.9
2025-01-13 19:51:00,30.66,30.66,30.57,30.57,96.34
2025-01-13 19:52:00,30.58,30.6,30.53,30.53,169.08
2025-01-13 19:53:00,30.56,30.56,30.5,30.51,539.49
2025-01-13 19:54:00,30.53,30.56,30.53,30.56,126.76
2025-01-13 19:55:00,30.58,30.65,30.58,30.65,274.88
2025-01-13 19:56:00,30.64,30.64,30.6,30.6,57.42
2025-01-13 19:57:00,30.62,30.66,30.61,30.65,68.86
2025-01-13 19:58:00,30.65,30.65,30.62,30.62,29.83
2025-01-13 19:59:00,30.62,30.63,30.61,30.63,28.6
2025-01-13 20:00:00,30.62,30.64,30.58,30.58,172.04
2025-01-13 20:01:00,30.59,30.59,30.51,30.53,271.89
2025-01-13 20:02:00,30.54,30.57,30.5,30.57,517.78
2025-01-13 20:03:00,30.59,30.59,30.49,30.49,158.55
2025-01-13 20:04:00,30.48,30.48,30.42,30.43,128.97
2025-01-13 20:05:00,30.45,30.49,30.45,30.49,712.26
2025-01-13 20:06:00,30.47,30.47,30.42,30.43,62.35
2025-01-13 20:07:00,30.41,30.41,30.39,30.4,204.75
2025-01-13 20:08:00,30.45,30.52,30.45,30.48,53.04
2025-01-13 20:09:00,30.46,30.46,30.42,30.42,20.47
2025-01-13 20:10:00,30.42,30.47,30.4,30.47,9.2
2025-01-13 20:11:00,30.47,30.47,30.43,30.43,43.35
2025-01-13 20:12:00,30.42,30.44,30.4,30.4,63.23
2025-01-13 20:13:00,30.44,30.49,30.44,30.47,171.64
2025-01-13 20:14:00,30.49,30.49,30.43,30.44,61.92
2025-01-13 20:15:00,30.45,30.48,30.45,30.48,91.24
2025-01-13 20:16:00,30.46,30.46,30.43,30.43,16.24
2025-01-13 20:17:00,30.45,30.5,30.45,30.48,38.79
2025-01-13 20:18:00,30.49,30.49,30.46,30.49,36.06
2025-01-13 20:19:00,30.5,30.52,30.5,30.52,38.21
2025-01-13 20:20:00,30.53,30.55,30.5,30.55,95.88
2025-01-13 20:21:00,30.57,30.58,30.56,30.58,29.38
2025-01-13 20:22:00,30.6,30.63,30.58,30.62,38.9
2025-01-13 20:23:00,30.61,30.63,30.53,30.53,319.68
2025-01-13 20:24:00,30.51,30.51,30.51,30.51,185.95
2025-01-13 20:25:00,30.53,30.54,30.53,30.54,51.8
2025-01-13 20:26:00,30.52,30.56,30.52,30.56,8.82
2025-01-13 20:27:00,30.58,30.6,30.58,30.6,11.28
2025-01-13 20:28:00,30.6,30.6,30.58,30.59,137.54
2025-01-13 20:29:00,30.57,30.61,30.57,30.61,3.98
2025-01-13 20:30:00,30.62,30.7,30.62,30.69,81.3
2025-01-13 20:31:00,30.7,30.72,30.69,30.7,66.77
2025-01-13 20:32:00,30.7,30.75,30.7,30.73,112.49
2025-01-13 20:33:00,30.72,30.75,30.72,30.75,36.29
2025-01-13 20:34:00,30.74,30.8,30.74,30.8,43.69
2025-01-13 20:35:00,30.81,30.85,30.81,30.83,118.77
2025-01-13 20:36:00,30.85,30.87,30.84,30.87,104.87
2025-01-13 20:37:00,30.86,30.9,30.86,30.9,28.81
2025-01-13 20:38:00,30.91,30.97,30.9,30.93,61.22
2025-01-13 20:39:00,30.93,30.94,30.86,30.87,355.8
2025-01-13 20:40:00,30.87,30.94,30.86,30.92,55.22
2025-01-13 20:41:00,30.93,30.96,30.93,30.94,162.91
2025-01-13 20:42:00,30.95,31.0,30.95,31.0,143.0
2025-01-13 20:43:00,31.01,31.05,31.0,31.03,222.12
2025-01-13 20:44:00,31.01,31.02,30.98,31.02,333.32
2025-01-13 20:45:00,31.05,31.17,31.05,31.16,157.74
2025-01-13 20:46:00,31.16,31.2,31.13,31.13,360.62
2025-01-13 20:47:00,31.12,31.18,31.09,31.18,149.7
2025-01-13 20:48:00,31.18,31.22,31.18,31.2,82.51
2025-01-13 20:49:00,31.23,31.25,31.23,31.24,571.76
2025-01-13 20:50:00,31.26,31.26,31.16,31.21,168.66
2025-01-13 20:51:00,31.22,31.43,31.21,31.38,1416.2
2025-01-13 20:52:00,31.41,31.48,31.4,31.45,595.16
2025-01-13 20:53:00,31.47,31.47,31.39,31.39,89.64
2025-01-13 20:54:00,31.38,31.45,31.38,31.44,342.76
2025-01-13 20:55:00,31.45,31.58,31.45,31.54,1546.47
2025-01-13 20:56:00,31.54,31.54,31.42,31.44,145.74
2025-01-13 20:57:00,31.45,31.51,31.45,31.46,122.53
2025-01-13 20:58:00,31.49,31.49,31.44,31.49,112.27
2025-01-13 20:59:00,31.46,31.47,31.41,31.44,150.81
2025-01-13 21:00:00,31.45,31.48,31.41,31.48,373.44
2025-01-13 21:01:00,31.46,31.52,31.43,31.51,186.92
2025-01-13 21:02:00,31.49,31.54,31.44,31.48,357.5
2025-01-13 21:03:00,31.51,31.51,31.37,31.37,306.88
2025-01-13 21:04:00,31.33,31.33,31.27,31.32,160.21
2025-01-13 21:05:00,31.35,31.46,31.35,31.46,120.13
2025-01-13 21:06:00,31.47,31.47,31.31,31.31,473.1
2025-01-13 21:07:00,31.32,31.32,31.28,31.31,236.63
2025-01-13 21:08:00,31.3,31.33,31.3,31.33,42.55
2025-01-13 21:09:00,31.38,31.45,31.38,31.4,433.55
2025-01-13 21:10:00,31.36,31.42,31.35,31.4,151.75
2025-01-13 21:11:00,31.41,31.41,31.35,31.38,302.35
2025-01-13 21:12:00,31.34,31.38,31.28,31.38,886.39
2025-01-13 21:13:00,31.39,31.4,31.37,31.37,159.19
2025-01-13 21:14:00,31.37,31.41,31.35,31.36,64.91
2025-01-13 21:15:00,31.34,31.34,31.3,31.33,177.24
2025-01-13 21:16:00,31.38,31.4,31.31,31.31,153.59
2025-01-13 21:17:00,31.31,31.35,31.27,31.27,266.93
2025-01-13 21:18:00,31.24,31.26,31.22,31.24,122.14
2025-01-13 21:19:00,31.24,31.25,31.2,31.2,56.85
2025-01-13 21:20:00,31.21,31.32,31.21,31.31,199.75
2025-01-13 21:21:00,31.33,31.33,31.24,31.28,76.19
2025-01-13 21:22:00,31.27,31.28,31.25,31.25,292.17
2025-01-13 21:23:00,31.29,31.3,31.27,31.29,46.09
2025-01-13 21:24:00,31.34,31.41,31.34,31.41,16.13
2025-01-13 21:25:00,31.4,31.47,31.4,31.44,119.19
2025-01-13 21:26:00,31.42,31.43,31.38,31.38,39.6
2025-01-13 21:27:00,31.34,31.34,31.33,31.33,39.48
2025-01-13 21:28:00,31.36,31.36,31.33,31.34,46.41
2025-01-13 21:29:00,31.34,31.37,31.34,31.37,30.39
2025-01-13 21:30:00,31.38,31.48,31.37,31.47,156.06
2025-01-13 21:31:00,31.48,31.5,31.43,31.45,100.69
2025-01-13 21:32:00,31.43,31.43,31.38,31.4,132.26
2025-01-13 21:33:00,31.39,31.4,31.35,31.35,143.44
2025-01-13 21:34:00,31.35,31.4,31.32,31.4,162.91
2025-01-13 21:35:00,31.35,31.39,31.34,31.38,239.88
2025-01-13 21:36:00,31.38,31.39,31.29,31.29,445.27
2025-01-13 21:37:00,31.33,31.45,31.33,31.45,133.35
2025-01-13 21:38:00,31.46,31.49,31.46,31.49,392.53
2025-01-13 21:39:00,31.55,31.58,31.52,31.56,353.91
2025-01-13 21:40:00,31.6,31.64,31.59,31.62,289.16
2025-01-13 21:41:00,31.63,31.69,31.61,31.68,783.02
2025-01-13 21:42:00,31.68,31.69,31.6,31.62,894.15
2025-01-13 21:43:00,31.61,31.72,31.61,31.68,1064.34
2025-01-13 21:44:00,31.68,31.7,31.65,31.67,658.59
2025-01-13 21:45:00,31.67,31.67,31.62,31.63,147.04
2025-01-13 21:46:00,31.63,31.63,31.58,31.58,99.09
2025-01-13 21:47:00,31.57,31.57,31.5,31.5,55.49
2025-01-13 21:48:00,31.52,31.53,31.45,31.52,1498.84
2025-01-13 21:49:00,31.53,31.54,31.52,31.52,40.36
2025-01-13 21:50:00,31.55,31.55,31.51,31.51,171.75
2025-01-13 21:51:00,31.51,31.52,31.48,31.52,71.27
2025-01-13 21:52:00,31.52,31.56,31.5,31.56,157.89
2025-01-13 21:53:00,31.57,31.59,31.55,31.55,1377.15
2025-01-13 21:54:00,31.53,31.57,31.53,31.53,76.72
2025-01-13 21:55:00,31.52,31.52,31.47,31.47,73.79
2025-01-13 21:56:00,31.48,31.54,31.48,31.54,102.76
2025-01-13 21:57:00,31.52,31.52,31.49,31.52,35.11
2025-01-13 21:58:00,31.51,31.55,31.51,31.55,53.42
2025-01-13 21:59:00,31.53,31.58,31.53,31.58,107.23
2025-01-13 22:00:00,31.57,31.64,31.56,31.62,213.01
2025-01-13 22:01:00,31.63,31.67,31.58,31.66,139.95
2025-01-13 22:02:00,31.68,31.73,31.68,31.71,288.03
2025-01-13 22:03:00,31.7,31.71,31.66,31.68,48.77
2025-01-13 22:04:00,31.7,31.73,31.7,31.73,105.76
2025-01-13 22:05:00,31.71,31.71,31.65,31.71,165.6
2025-01-13 22:06:00,31.72,31.75,31.71,31.74,80.63
2025-01-13 22:07:00,31.76,31.82,31.75,31.81,196.36
2025-01-13 22:08:00,31.79,31.83,31.79,31.81,83.74
2025-01-13 22:09:00,31.82,31.87,31.81,31.87,145.62
2025-01-13 22:10:00,31.87,31.94,31.87,31.94,130.58
2025-01-13 22:11:00,31.9,31.91,31.87,31.87,75.65
2025-01-13 22:12:00,31.86,31.91,31.85,31.88,32.68
2025-01-13 22:13:00,31.87,31.89,31.84,31.89,468.42
2025-01-13 22:14:00,31.88,31.92,31.88,31.91,89.13
2025-01-13 22:15:00,31.91,31.91,31.81,31.84,346.37
2025-01-13 22:16:00,31.86,31.92,31.84,31.92,123.18
2025-01-13 22:17:00,31.93,31.93,31.87,31.9,191.03
2025-01-13 22:18:00,31.91,31.96,31.9,31.95,45.85
2025-01-13 22:19:00,31.95,32.0,31.95,32.0,377.01
2025-01-13 22:20:00,32.01,32.03,32.0,32.01,242.13
2025-01-13 22:21:00,32.0,32.0,31.94,31.95,42.71
2025-01-13 22:22:00,31.96,31.96,31.96,31.96,3.75
2025-01-13 22:23:00,32.03,32.03,32.02,32.02,50.79
2025-01-13 22:24:00,32.03,32.03,31.99,31.99,79.09
2025-01-13 22:25:00,31.96,31.99,31.95,31.99,226.28
2025-01-13 22:26:00,32.0,32.0,31.96,31.97,70.63
2025-01-13 22:27:00,31.98,31.99,31.98,31.99,10.31
2025-01-13 22:28:00,31.97,31.98,31.96,31.98,20.14
2025-01-13 22:29:00,31.97,31.97,31.97,31.97,31.23
2025-01-13 22:30:00,31.93,31.93,31.86,31.86,312.8
2025-01-13 22:31:00,31.87,31.94,31.85,31.94,109.21
2025-01-13 22:32:00,31.96,31.96,31.9,31.9,24.69
2025-01-13 22:33:00,31.83,31.83,31.83,31.83,11.25
2025-01-13 22:34:00,31.8,31.81,31.79,31.8,26.75
2025-01-13 22:35:00,31.81,31.81,31.78,31.78,12.68
2025-01-13 22:36:00,31.78,31.78,31.69,31.69,173.17
2025-01-13 22:37:00,31.68,31.71,31.68,31.71,114.65
2025-01-13 22:38:00,31.73,31.76,31.73,31.76,76.14
2025-01-13 22:39:00,31.78,31.78,31.73,31.73,46.65
2025-01-13 22:40:00,31.73,31.77,31.73,31.76,37.69
2025-01-13 22:41:00,31.75,31.82,31.75,31.82,47.5
2025-01-13 22:42:00,31.82,31.83,31.82,31.83,17.37
2025-01-13 22:43:00,31.83,31.83,31.83,31.83,0.0
2025-01-13 22:44:00,31.84,31.84,31.84,31.84,92.91
2025-01-13 22:45:00,31.84,31.84,31.83,31.83,31.94
2025-01-13 22:46:00,31.85,31.86,31.84,31.84,26.26
2025-01-13 22:47:00,31.84,31.84,31.84,31.84,0.0
2025-01-13 22:48:00,31.87,31.87,31.86,31.86,23.16
2025-01-13 22:49:00,31.86,31.86,31.86,31.86,15.0
2025-01-13 22:50:00,31.85,31.86,31.84,31.84,61.78
2025-01-13 22:51:00,31.84,31.84,31.83,31.83,3.84
2025-01-13 22:52:00,31.78,31.78,31.72,31.72,288.32
2025-01-13 22:53:00,31.73,31.75,31.73,31.75,134.16
2025-01-13 22:54:00,31.75,31.75,31.75,31.75,0.0
2025-01-13 22:55:00,31.81,31.84,31.81,31.84,14.61
2025-01-13 22:56:00,31.8,31.8,31.8,31.8,1.89
2025-01-13 22:57:00,31.81,31.81,31.79,31.8,36.58
2025-01-13 22:58:00,31.83,31.85,31.81,31.81,25.05
2025-01-13 22:59:00,31.84,31.84,31.83,31.84,8.02
2025-01-13 23:00:00,31.85,31.86,31.84,31.84,9.31
2025-01-13 23:01:00,31.81,31.81,31.77,31.77,39.34
2025-01-13 23:02:00,31.76,31.76,31.75,31.75,2.01
2025-01-13 23:03:00,31.74,31.76,31.74,31.76,3.21
2025-01-13 23:04:00,31.76,31.76,31.76,31.76,0.0
2025-01-13 23:05:00,31.8,31.8,31.78,31.8,59.31
2025-01-13 23:06:00,31.78,31.78,31.77,31.77,29.94
2025-01-13 23:07:00,31.71,31.71,31.71,31.71,2.9
2025-01-13 23:08:00,31.71,31.75,31.71,31.75,22.59
2025-01-13 23:09:00,31.74,31.74,31.74,31.74,2.87
2025-01-13 23:10:00,31.78,31.83,31.78,31.83,44.49
2025-01-13 23:11:00,31.84,31.84,31.83,31.84,23.07
2025-01-13 23:12:00,31.83,31.83,31.83,31.83,0.19
2025-01-13 23:13:00,31.81,31.81,31.8,31.8,6.1
2025-01-13 23:14:00,31.79,31.8,31.79,31.8,15.86
2025-01-13 23:15:00,31.81,31.82,31.81,31.82,18.9
2025-01-13 23:16:00,31.8,31.8,31.8,31.8,1.63
2025-01-13 23:17:00,31.8,31.8,31.8,31.8,0.0
2025-01-13 23:18:00,31.8,31.8,31.8,31.8,0.0
2025-01-13 23:19:00,31.79,31.79,31.79,31.79,0.74
2025-01-13 23:20:00,31.81,31.83,31.81,31.83,77.81
2025-01-13 23:21:00,31.83,31.83,31.81,31.81,24.44
2025-01-13 23:22:00,31.81,31.81,31.81,31.81,0.72
2025-01-13 23:23:00,31.83,31.83,31.8,31.8,12.19
2025-01-13 23:24:00,31.78,31.78,31.76,31.76,5.84
2025-01-13 23:25:00,31.75,31.77,31.69,31.71,298.33
2025-01-13 23:26:00,31.7,31.7,31.7,31.7,3.14
2025-01-13 23:27:00,31.73,31.76,31.72,31.75,186.45
2025-01-13 23:28:00,31.75,31.75,31.75,31.75,0.0
2025-01-13 23:29:00,31.73,31.74,31.73,31.74,1.62
2025-01-13 23:30:00,31.74,31.78,31.74,31.77,64.46
2025-01-13 23:31:00,31.74,31.74,31.74,31.74,2.86
2025-01-13 23:32:00,31.74,31.74,31.74,31.74,0.0
2025-01-13 23:33:00,31.73,31.74,31.73,31.74,11.37
2025-01-13 23:34:00,31.74,31.74,31.74,31.74,0.0
2025-01-13 23:35:00,31.74,31.74,31.74,31.74,0.0
2025-01-13 23:36:00,31.79,31.83,31.79,31.82,56.44
2025-01-13 23:37:00,31.8,31.8,31.78,31.78,11.19
2025-01-13 23:38:00,31.77,31.78,31.77,31.78,31.45
2025-01-13 23:39:00,31.81,31.81,31.81,31.81,2.84
2025-01-13 23:40:00,31.82,31.82,31.79,31.79,8.75
2025-01-13 23:41:00,31.8,31.8,31.78,31.79,154.15
2025-01-13 23:42:00,31.77,31.81,31.77,31.81,10.92
2025-01-13 23:43:00,31.8,31.8,31.78,31.8,158.8
2025-01-13 23:44:00,31.8,31.8,31.8,31.8,0.36
2025-01-13 23:45:00,31.79,31.79,31.78,31.78,11.76
2025-01-13 23:46:00,31.79,31.79,31.77,31.77,3.3
2025-01-13 23:47:00,31.77,31.77,31.74,31.74,33.19
2025-01-13 23:48:00,31.72,31.73,31.71,31.73,38.38
2025-01-13 23:49:00,31.72,31.72,31.72,31.72,9.37
2025-01-13 23:50:00,31.74,31.74,31.74,31.74,18.34
2025-01-13 23:51:00,31.73,31.79,31.73,31.75,168.84
2025-01-13 23:52:00,31.75,31.75,31.75,31.75,0.47
2025-01-13 23:53:00,31.73,31.74,31.72,31.72,44.84
2025-01-13 23:54:00,31.73,31.74,31.73,31.74,0.64
2025-01-13 23:55:00,31.74,31.74,31.74,31.74,6.97
2025-01-13 23:56:00,31.75,31.78,31.75,31.78,50.82
2025-01-13 23:57:00,31.75,31.75,31.71,31.71,30.92
2025-01-13 23:58:00,31.71,31.71,31.71,31.71,0.0
2025-01-13 23:59:00,31.72,31.73,31.72,31.73,3.26
2025-01-14 00:00:00,31.74,31.75,31.71,31.73,59.16
2025-01-14 00:01:00,31.7,31.77,31.69,31.72,503.11
2025-01-14 00:02:00,31.7,31.7,31.66,31.66,37.72
2025-01-14 00:03:00,31.66,31.67,31.65,31.67,19.64
2025-01-14 00:04:00,31.67,31.7,31.67,31.68,58.11
2025-01-14 00:05:00,31.67,31.67,31.67,31.67,2.92
2025-01-14 00:06:00,31.68,31.68,31.63,31.63,16.46
2025-01-14 00:07:00,31.63,31.63,31.63,31.63,6.13
2025-01-14 00:08:00,31.63,31.63,31.63,31.63,12.23
2025-01-14 00:09:00,31.6,31.61,31.6,31.61,12.92
2025-01-14 00:10:00,31.62,31.62,31.6,31.6,1.44
2025-01-14 00:11:00,31.62,31.64,31.62,31.64,42.61
2025-01-14 00:12:00,31.6,31.6,31.57,31.57,74.62
2025-01-14 00:13:00,31.58,31.58,31.58,31.58,39.79
2025-01-14 00:14:00,31.57,31.57,31.57,31.57,3.98
2025-01-14 00:15:00,31.56,31.59,31.54,31.54,54.83
2025-01-14 00:16:00,31.55,31.57,31.54,31.54,109.62
2025-01-14 00:17:00,31.55,31.55,31.54,31.54,2.18
2025-01-14 00:18:00,31.55,31.6,31.55,31.6,125.05
2025-01-14 00:19:00,31.63,31.63,31.59,31.59,45.0
2025-01-14 00:20:00,31.6,31.72,31.6,31.72,47.99
2025-01-14 00:21:00,31.72,31.74,31.69,31.74,42.75
2025-01-14 00:22:00,31.76,31.77,31.74,31.74,11.79
2025-01-14 00:23:00,31.75,31.81,31.75,31.78,130.12
2025-01-14 00:24:00,31.77,31.77,31.75,31.75,145.65
2025-01-14 00:25:00,31.75,31.79,31.72,31.73,116.61
2025-01-14 00:26:00,31.72,31.72,31.69,31.69,81.03
2025-01-14 00:27:00,31.69,31.7,31.69,31.69,31.12
2025-01-14 00:28:00,31.69,31.69,31.69,31.69,0.0
2025-01-14 00:29:00,31.69,31.69,31.69,31.69,41.05
2025-01-14 00:30:00,31.68,31.72,31.66,31.66,95.64
2025-01-14 00:31:00,31.64,31.64,31.62,31.62,33.28
2025-01-14 00:32:00,31.62,31.62,31.61,31.61,6.19
2025-01-14 00:33:00,31.58,31.59,31.58,31.59,12.95
2025-01-14 00:34:00,31.63,31.63,31.62,31.62,60.0
2025-01-14 00:35:00,31.62,31.67,31.62,31.66,60.14
2025-01-14 00:36:00,31.64,31.64,31.64,31.64,19.8
2025-01-14 00:37:00,31.64,31.64,31.64,31.64,0.0
2025-01-14 00:38:00,31.64,31.64,31.62,31.62,96.64
2025-01-14 00:39:00,31.62,31.62,31.62,31.62,0.64
2025-01-14 00:40:00,31.62,31.73,31.62,31.73,108.9
2025-01-14 00:41:00,31.71,31.72,31.71,31.72,19.92
2025-01-14 00:42:00,31.72,31.72,31.71,31.72,297.15
2025-01-14 00:43:00,31.72,31.72,31.72,31.72,0.0
2025-01-14 00:44:00,31.68,31.68,31.65,31.65,138.95
2025-01-14 00:45:00,31.66,31.68,31.66,31.68,98.88
2025-01-14 00:46:00,31.7,31.7,31.68,31.68,101.87
2025-01-14 00:47:00,31.7,31.7,31.69,31.69,77.7
2025-01-14 00:48:00,31.68,31.69,31.63,31.63,167.53
2025-01-14 00:49:00,31.64,31.64,31.64,31.64,1.49
2025-01-14 00:50:00,31.65,31.71,31.65,31.71,134.57
2025-01-14 00:51:00,31.73,31.73,31.73,31.73,0.5
2025-01-14 00:52:00,31.76,31.76,31.72,31.72,92.48
2025-01-14 00:53:00,31.7,31.7,31.7,31.7,0.33
2025-01-14 00:54:00,31.71,31.72,31.71,31.72,11.98
2025-01-14 00:55:00,31.72,31.72,31.7,31.7,4.11
2025-01-14 00:56:00,31.67,31.67,31.65,31.65,74.07
2025-01-14 00:57:00,31.63,31.63,31.6,31.6,12.21
2025-01-14 00:58:00,31.61,31.61,31.61,31.61,0.94
2025-01-14 00:59:00,31.61,31.61,31.61,31.61,0.0
2025-01-14 01:00:00,31.65,31.76,31.65,31.76,331.75
2025-01-14 01:01:00,31.78,31.8,31.77,31.8,474.52
2025-01-14 01:02:00,31.78,31.81,31.78,31.81,2.34
2025-01-14 01:03:00,31.85,31.88,31.85,31.88,89.94
2025-01-14 01:04:00,31.88,31.89,31.83,31.87,134.57
2025-01-14 01:05:00,31.85,31.85,31.85,31.85,3.39
2025-01-14 01:06:00,31.87,31.87,31.87,31.87,11.25
2025-01-14 01:07:00,31.86,31.93,31.86,31.91,95.34
2025-01-14 01:08:00,31.94,31.99,31.94,31.97,396.74
2025-01-14 01:09:00,31.94,31.96,31.94,31.96,37.57
2025-01-14 01:10:00,31.97,31.98,31.95,31.95,257.18
2025-01-14 01:11:00,31.96,31.97,31.93,31.94,131.47
2025-01-14 01:12:00,31.95,31.95,31.95,31.95,0.48
2025-01-14 01:13:00,31.96,31.96,31.96,31.96,50.13
2025-01-14 01:14:00,31.98,31.98,31.98,31.98,61.0
2025-01-14 01:15:00,31.98,32.01,31.98,31.98,73.49
2025-01-14 01:16:00,31.96,31.96,31.89,31.89,81.66
2025-01-14 01:17:00,31.88,31.88,31.85,31.85,37.05
2025-01-14 01:18:00,31.87,31.87,31.85,31.85,7.51
2025-01-14 01:19:00,31.86,31.86,31.82,31.82,11.17
2025-01-14 01:20:00,31.83,31.85,31.83,31.85,4.81
2025-01-14 01:21:00,31.85,31.85,31.83,31.83,9.11
2025-01-14 01:22:00,31.86,31.86,31.82,31.82,147.42
2025-01-14 01:23:00,31.84,31.84,31.8,31.8,37.78
2025-01-14 01:24:00,31.82,31.86,31.82,31.86,132.27
2025-01-14 01:25:00,31.86,31.86,31.86,31.86,11.25
2025-01-14 01:26:00,31.85,31.85,31.83,31.83,5.34
2025-01-14 01:27:00,31.83,31.83,31.83,31.83,0.0
2025-01-14 01:28:00,31.86,31.91,31.86,31.91,159.11
2025-01-14 01:29:00,31.91,31.91,31.91,31.91,0.0
2025-01-14 01:30:00,31.89,31.89,31.86,31.86,37.48
2025-01-14 01:31:00,31.86,31.86,31.86,31.86,5.01
2025-01-14 01:32:00,31.86,31.86,31.86,31.86,0.0
2025-01-14 01:33:00,31.81,31.82,31.81,31.82,8.31
2025-01-14 01:34:00,31.8,31.81,31.78,31.78,116.52
2025-01-14 01:35:00,31.8,31.8,31.8,31.8,2.9
2025-01-14 01:36:00,31.8,31.8,31.8,31.8,0.0
2025-01-14 01:37:00,31.77,31.77,31.77,31.77,14.5
2025-01-14 01:38:00,31.77,31.77,31.75,31.75,121.28
2025-01-14 01:39:00,31.74,31.76,31.74,31.76,27.24
2025-01-14 01:40:00,31.77,31.77,31.74,31.77,2.06
2025-01-14 01:41:00,31.76,31.76,31.74,31.75,17.94
2025-01-14 01:42:00,31.7,31.72,31.69,31.72,25.21
2025-01-14 01:43:00,31.73,31.74,31.73,31.74,34.84
2025-01-14 01:44:00,31.73,31.73,31.73,31.73,0.56
2025-01-14 01:45:00,31.72,31.73,31.72,31.73,4.43
2025-01-14 01:46:00,31.77,31.77,31.73,31.73,33.24
2025-01-14 01:47:00,31.72,31.72,31.68,31.68,29.24
2025-01-14 01:48:00,31.67,31.68,31.67,31.68,3.25
2025-01-14 01:49:00,31.65,31.68,31.64,31.68,58.1
2025-01-14 01:50:00,31.68,31.74,31.67,31.73,33.23
2025-01-14 01:51:00,31.73,31.73,31.66,31.66,47.36
2025-01-14 01:52:00,31.67,31.68,31.67,31.68,47.18
2025-01-14 01:53:00,31.67,31.68,31.67,31.68,5.71
2025-01-14 01:54:00,31.65,31.65,31.65,31.65,2.21
2025-01-14 01:55:00,31.66,31.67,31.65,31.65,32.36
2025-01-14 01:56:00,31.65,31.65,31.65,31.65,9.15
2025-01-14 01:57:00,31.65,31.65,31.65,31.65,0.0
2025-01-14 01:58:00,31.65,31.66,31.65,31.66,36.81
2025-01-14 01:59:00,31.69,31.73,31.69,31.73,124.66
2025-01-14 02:00:00,31.76,31.79,31.76,31.79,50.37
2025-01-14 02:01:00,31.8,31.86,31.8,31.86,86.79
2025-01-14 02:02:00,31.86,31.86,31.82,31.82,170.08
2025-01-14 02:03:00,31.81,31.81,31.78,31.79,48.91
2025-01-14 02:04:00,31.79,31.81,31.79,31.8,9.43
2025-01-14 02:05:00,31.77,31.77,31.73,31.73,24.05
2025-01-14 02:06:00,31.71,31.71,31.69,31.7,40.41
2025-01-14 02:07:00,31.69,31.69,31.66,31.66,2.9
2025-01-14 02:08:00,31.71,31.71,31.71,31.71,0.35
2025-01-14 02:09:00,31.72,31.76,31.72,31.76,19.96
2025-01-14 02:10:00,31.75,31.75,31.72,31.72,16.78
2025-01-14 02:11:00,31.73,31.8,31.73,31.8,69.15
2025-01-14 02:12:00,31.8,31.8,31.8,31.8,0.0
2025-01-14 02:13:00,31.81,31.81,31.81,31.81,0.33
2025-01-14 02:14:00,31.78,31.78,31.78,31.78,21.32
2025-01-14 02:15:00,31.81,31.83,31.8,31.8,8.02
2025-01-14 02:16:00,31.81,31.89,31.81,31.89,52.88
2025-01-14 02:17:00,31.87,31.91,31.87,31.91,42.07
2025-01-14 02:18:00,31.86,31.86,31.86,31.86,25.3
2025-01-14 02:19:00,31.87,31.97,31.87,31.96,167.37
2025-01-14 02:20:00,31.95,31.95,31.92,31.95,91.4
2025-01-14 02:21:00,32.0,32.03,31.99,32.02,109.74
2025-01-14 02:22:00,32.03,32.1,32.03,32.1,188.64
2025-01-14 02:23:00,32.11,32.12,32.07,32.09,95.31
2025-01-14 02:24:00,32.06,32.09,32.05,32.06,15.89
2025-01-14 02:25:00,32.08,32.1,32.06,32.06,39.9
2025-01-14 02:26:00,32.09,32.09,32.03,32.03,21.77
2025-01-14 02:27:00,32.04,32.04,32.02,32.03,8.93
2025-01-14 02:28:00,32.01,32.01,31.99,31.99,95.11
2025-01-14 02:29:00,31.98,31.99,31.98,31.99,0.97
2025-01-14 02:30:00,31.99,31.99,31.95,31.95,55.27
2025-01-14 02:31:00,31.91,31.91,31.86,31.87,48.56
2025-01-14 02:32:00,31.84,31.86,31.82,31.85,361.99
2025-01-14 02:33:00,31.83,31.83,31.81,31.81,18.57
2025-01-14 02:34:00,31.82,31.82,31.82,31.82,2.75
2025-01-14 02:35:00,31.84,31.84,31.82,31.83,20.53
2025-01-14 02:36:00,31.84,31.89,31.83,31.87,798.96
2025-01-14 02:37:00,31.87,31.88,31.87,31.88,57.9
2025-01-14 02:38:00,31.9,31.92,31.9,31.92,131.73
2025-01-14 02:39:00,31.91,31.91,31.9,31.91,42.3
2025-01-14 02:40:00,31.88,31.91,31.87,31.91,19.79
2025-01-14 02:41:00,31.9,31.91,31.89,31.89,46.74
2025-01-14 02:42:00,31.87,31.87,31.86,31.86,47.51
2025-01-14 02:43:00,31.86,31.9,31.83,31.83,443.13
2025-01-14 02:44:00,31.85,31.85,31.84,31.84,50.5
2025-01-14 02:45:00,31.84,31.84,31.84,31.84,32.04
2025-01-14 02:46:00,31.81,31.81,31.78,31.79,25.12
2025-01-14 02:47:00,31.77,31.77,31.77,31.77,22.5
2025-01-14 02:48:00,31.77,31.78,31.74,31.74,198.61
2025-01-14 02:49:00,31.74,31.74,31.71,31.73,147.2
2025-01-14 02:50:00,31.73,31.77,31.72,31.77,50.45
2025-01-14 02:51:00,31.74,31.8,31.74,31.8,98.59
2025-01-14 02:52:00,31.79,31.79,31.78,31.79,46.12
2025-01-14 02:53:00,31.78,31.78,31.77,31.78,4.14
2025-01-14 02:54:00,31.78,31.78,31.78,31.78,0.0
2025-01-14 02:55:00,31.76,31.77,31.75,31.77,529.44
2025-01-14 02:56:00,31.76,31.76,31.75,31.75,492.22
2025-01-14 02:57:00,31.77,31.78,31.77,31.78,13.5
2025-01-14 02:58:00,31.76,31.76,31.75,31.75,477.66
2025-01-14 02:59:00,31.76,31.76,31.74,31.74,22.84
2025-01-14 03:00:00,31.75,31.8,31.75,31.8,21.5
2025-01-14 03:01:00,31.79,31.84,31.79,31.84,75.12
2025-01-14 03:02:00,31.81,31.81,31.77,31.77,7.4
2025-01-14 03:03:00,31.77,31.77,31.77,31.77,0.0
2025-01-14 03:04:00,31.79,31.82,31.79,31.82,20.59
2025-01-14 03:05:00,31.77,31.79,31.77,31.79,1.34
2025-01-14 03:06:00,31.8,31.8,31.76,31.76,101.7
2025-01-14 03:07:00,31.73,31.73,31.73,31.73,26.27
2025-01-14 03:08:00,31.76,31.77,31.75,31.75,41.81
2025-01-14 03:09:00,31.75,31.78,31.75,31.78,44.37
2025-01-14 03:10:00,31.78,31.81,31.78,31.81,161.71
2025-01-14 03:11:00,31.82,31.85,31.82,31.85,29.23
2025-01-14 03:12:00,31.82,31.85,31.82,31.85,22.27
2025-01-14 03:13:00,31.84,31.84,31.83,31.83,7.4
2025-01-14 03:14:00,31.84,31.85,31.84,31.84,54.86
2025-01-14 03:15:00,31.82,31.82,31.76,31.78,110.09
2025-01-14 03:16:00,31.8,31.8,31.8,31.8,8.34
2025-01-14 03:17:00,31.8,31.8,31.8,31.8,0.0
2025-01-14 03:18:00,31.79,31.79,31.79,31.79,0.31
2025-01-14 03:19:00,31.82,31.82,31.81,31.81,55.81
2025-01-14 03:20:00,31.8,31.87,31.8,31.87,31.47
2025-01-14 03:21:00,31.87,31.92,31.87,31.92,45.99
2025-01-14 03:22:00,31.89,31.89,31.89,31.89,0.94
2025-01-14 03:23:00,31.89,31.89,31.85,31.85,30.83
2025-01-14 03:24:00,31.86,31.86,31.86,31.86,0.5
2025-01-14 03:25:00,31.9,31.91,31.89,31.89,11.8
2025-01-14 03:26:00,31.86,31.86,31.86,31.86,73.75
2025-01-14 03:27:00,31.86,31.86,31.86,31.86,0.19
2025-01-14 03:28:00,31.86,31.86,31.86,31.86,2.6
2025-01-14 03:29:00,31.88,31.89,31.88,31.89,0.74
2025-01-14 03:30:00,31.9,31.92,31.9,31.9,56.16
2025-01-14 03:31:00,31.9,31.9,31.88,31.88,10.35
2025-01-14 03:32:00,31.83,31.84,31.82,31.83,60.27
2025-01-14 03:33:00,31.82,31.83,31.81,31.82,125.66
2025-01-14 03:34:00,31.79,31.81,31.79,31.81,5.99
2025-01-14 03:35:00,31.77,31.78,31.77,31.78,28.19
2025-01-14 03:36:00,31.8,31.8,31.79,31.79,21.28
2025-01-14 03:37:00,31.79,31.81,31.79,31.81,59.82
2025-01-14 03:38:00,31.82,31.83,31.81,31.81,30.09
2025-01-14 03:39:00,31.81,31.81,31.81,31.81,0.0
2025-01-14 03:40:00,31.81,31.81,31.81,31.81,0.0
2025-01-14 03:41:00,31.79,31.79,31.79,31.79,13.35
2025-01-14 03:42:00,31.77,31.77,31.77,31.77,0.31
2025-01-14 03:43:00,31.79,31.79,31.79,31.79,22.78
2025-01-14 03:44:00,31.79,31.79,31.79,31.79,0.0
2025-01-14 03:45:00,31.84,31.86,31.84,31.85,41.83
2025-01-14 03:46:00,31.84,31.84,31.83,31.83,14.78
2025-01-14 03:47:00,31.79,31.79,31.78,31.78,14.49
2025-01-14 03:48:00,31.78,31.78,31.77,31.77,370.0
2025-01-14 03:49:00,31.77,31.77,31.77,31.77,75.43
2025-01-14 03:50:00,31.76,31.77,31.76,31.76,41.29
2025-01-14 03:51:00,31.75,31.78,31.74,31.74,82.25
2025-01-14 03:52:00,31.74,31.74,31.74,31.74,11.85
2025-01-14 03:53:00,31.74,31.74,31.74,31.74,0.0
2025-01-14 03:54:00,31.74,31.74,31.74,31.74,15.06
2025-01-14 03:55:00,31.74,31.74,31.74,31.74,0.94
2025-01-14 03:56:00,31.74,31.74,31.74,31.74,19.14
2025-01-14 03:57:00,31.74,31.74,31.74,31.74,5.04
2025-01-14 03:58:00,31.72,31.76,31.72,31.75,4.98
2025-01-14 03:59:00,31.75,31.75,31.75,31.75,0.0
2025-01-14 04:00:00,31.86,31.87,31.83,31.83,149.62
2025-01-14 04:01:00,31.85,31.89,31.84,31.89,14.44
2025-01-14 04:02:00,31.86,31.86,31.84,31.84,12.54
2025-01-14 04:03:00,31.8,31.8,31.8,31.8,10.35
2025-01-14 04:04:00,31.81,31.81,31.78,31.78,50.36
2025-01-14 04:05:00,31.81,31.81,31.8,31.8,55.17
2025-01-14 04:06:00,31.8,31.8,31.8,31.8,33.75
2025-01-14 04:07:00,31.82,31.82,31.82,31.82,5.06
2025-01-14 04:08:00,31.82,31.82,31.77,31.77,23.98
2025-01-14 04:09:00,31.79,31.81,31.79,31.81,13.13
2025-01-14 04:10:00,31.83,31.84,31.82,31.82,43.06
2025-01-14 04:11:00,31.8,31.8,31.8,31.8,11.09
2025-01-14 04:12:00,31.8,31.8,31.8,31.8,7.61
2025-01-14 04:13:00,31.85,31.85,31.83,31.83,29.32
2025-01-14 04:14:00,31.89,31.9,31.89,31.9,14.33
2025-01-14 04:15:00,31.92,31.94,31.92,31.92,42.4
2025-01-14 04:16:00,31.93,31.93,31.93,31.93,11.73
2025-01-14 04:17:00,31.94,31.96,31.93,31.96,57.16
2025-01-14 04:18:00,31.94,31.94,31.93,31.93,4.39
2025-01-14 04:19:00,31.93,31.93,31.93,31.93,3.57
2025-01-14 04:20:00,31.88,31.89,31.88,31.89,51.09
2025-01-14 04:21:00,31.9,31.9,31.89,31.89,17.2
2025-01-14 04:22:00,31.89,31.89,31.89,31.89,1.1
2025-01-14 04:23:00,31.91,31.91,31.9,31.9,38.27
2025-01-14 04:24:00,31.93,31.93,31.92,31.92,56.88
2025-01-14 04:25:00,31.92,31.92,31.92,31.92,11.25
2025-01-14 04:26:00,31.91,31.91,31.85,31.85,70.17
2025-01-14 04:27:00,31.85,31.85,31.85,31.85,0.0
2025-01-14 04:28:00,31.87,31.88,31.84,31.84,124.27
2025-01-14 04:29:00,31.84,31.85,31.84,31.84,48.28
2025-01-14 04:30:00,31.85,31.85,31.8,31.8,76.55
2025-01-14 04:31:00,31.81,31.81,31.8,31.8,2.26
2025-01-14 04:32:00,31.8,31.8,31.8,31.8,1.1
2025-01-14 04:33:00,31.8,31.8,31.8,31.8,0.0
2025-01-14 04:34:00,31.81,31.81,31.81,31.81,9.19
2025-01-14 04:35:00,31.84,31.84,31.83,31.83,10.14
2025-01-14 04:36:00,31.81,31.81,31.81,31.81,22.5
2025-01-14 04:37:00,31.82,31.86,31.82,31.86,58.16
2025-01-14 04:38:00,31.86,31.87,31.86,31.87,40.06
2025-01-14 04:39:00,31.87,31.89,31.87,31.87,95.74
2025-01-14 04:40:00,31.9,31.9,31.89,31.89,34.2
2025-01-14 04:41:00,31.88,31.88,31.88,31.88,0.61
2025-01-14 04:42:00,31.89,31.89,31.89,31.89,2.3
2025-01-14 04:43:00,31.87,31.87,31.87,31.87,11.79
2025-01-14 04:44:00,31.88,31.88,31.87,31.88,25.57
2025-01-14 04:45:00,31.92,31.92,31.91,31.91,16.3
2025-01-14 04:46:00,31.89,31.89,31.89,31.89,0.9
2025-01-14 04:47:00,31.89,31.89,31.89,31.89,0.0
2025-01-14 04:48:00,31.9,31.9,31.89,31.89,15.75
2025-01-14 04:49:00,31.91,31.92,31.91,31.92,36.83
2025-01-14 04:50:00,31.9,31.93,31.9,31.93,0.79
2025-01-14 04:51:00,31.94,31.98,31.94,31.95,178.62
2025-01-14 04:52:00,31.96,31.96,31.94,31.95,4.46
2025-01-14 04:53:00,31.97,31.98,31.97,31.98,1.7
2025-01-14 04:54:00,32.0,32.03,32.0,32.03,15.78
2025-01-14 04:55:00,32.04,32.06,32.04,32.06,58.07
2025-01-14 04:56:00,32.06,32.06,32.05,32.05,10.65
2025-01-14 04:57:00,32.07,32.07,32.06,32.07,40.91
2025-01-14 04:58:00,32.07,32.07,32.04,32.04,51.0
2025-01-14 04:59:00,32.03,32.04,32.02,32.04,13.85
2025-01-14 05:00:00,32.02,32.02,32.02,32.02,0.6
2025-01-14 05:01:00,32.01,32.08,31.99,32.08,67.07
2025-01-14 05:02:00,32.09,32.09,32.05,32.05,54.66
2025-01-14 05:03:00,32.06,32.07,32.06,32.07,20.15
2025-01-14 05:04:00,32.08,32.09,32.08,32.09,34.61
2025-01-14 05:05:00,32.1,32.17,32.1,32.17,87.61
2025-01-14 05:06:00,32.17,32.18,32.17,32.17,23.6
2025-01-14 05:07:00,32.16,32.24,32.15,32.18,687.25
2025-01-14 05:08:00,32.2,32.23,32.19,32.21,25.46
2025-01-14 05:09:00,32.21,32.21,32.17,32.19,103.26
2025-01-14 05:10:00,32.18,32.19,32.14,32.16,106.91
2025-01-14 05:11:00,32.16,32.16,32.16,32.16,0.0
2025-01-14 05:12:00,32.15,32.17,32.15,32.17,46.59
2025-01-14 05:13:00,32.15,32.15,32.15,32.15,9.6
2025-01-14 05:14:00,32.17,32.18,32.17,32.17,5.81
2025-01-14 05:15:00,32.17,32.19,32.17,32.19,148.44
2025-01-14 05:16:00,32.19,32.19,32.16,32.18,121.27
2025-01-14 05:17:00,32.19,32.19,32.13,32.13,16.39
2025-01-14 05:18:00,32.11,32.11,32.08,32.09,19.73
2025-01-14 05:19:00,32.07,32.1,32.07,32.1,48.31
2025-01-14 05:20:00,32.1,32.1,32.08,32.08,101.99
2025-01-14 05:21:00,32.06,32.06,32.05,32.05,13.47
2025-01-14 05:22:00,32.05,32.05,32.03,32.03,103.44
2025-01-14 05:23:00,32.01,32.01,31.98,31.98,56.95
2025-01-14 05:24:00,32.0,32.0,31.99,31.99,60.36
2025-01-14 05:25:00,32.01,32.03,32.01,32.03,83.44
2025-01-14 05:26:00,32.03,32.03,32.02,32.02,3.99
2025-01-14 05:27:00,32.0,32.0,31.99,31.99,166.18
2025-01-14 05:28:00,31.99,32.01,31.98,32.0,407.23
2025-01-14 05:29:00,32.0,32.0,31.96,31.96,230.42
2025-01-14 05:30:00,31.99,31.99,31.98,31.98,78.98
2025-01-14 05:31:00,31.98,31.98,31.97,31.97,49.18
2025-01-14 05:32:00,31.96,31.96,31.92,31.92,58.51
2025-01-14 05:33:00,31.92,31.92,31.92,31.92,4.3
2025-01-14 05:34:00,31.92,31.92,31.91,31.91,31.3
2025-01-14 05:35:00,31.9,31.9,31.89,31.89,6.5
2025-01-14 05:36:00,31.9,31.94,31.9,31.93,33.87
2025-01-14 05:37:00,31.93,31.95,31.93,31.93,85.21
2025-01-14 05:38:00,31.93,31.93,31.92,31.92,24.1
2025-01-14 05:39:00,31.93,31.96,31.93,31.95,91.91
2025-01-14 05:40:00,31.96,32.0,31.96,32.0,104.88
2025-01-14 05:41:00,32.0,32.0,31.96,31.97,21.01
2025-01-14 05:42:00,31.96,31.96,31.9,31.91,253.08
2025-01-14 05:43:00,31.93,31.93,31.91,31.92,30.91
2025-01-14 05:44:00,31.92,31.92,31.9,31.91,34.9
2025-01-14 05:45:00,31.91,31.91,31.9,31.9,8.2
2025-01-14 05:46:00,31.89,31.89,31.88,31.88,17.11
2025-01-14 05:47:00,31.89,31.89,31.88,31.88,27.4
2025-01-14 05:48:00,31.88,31.92,31.88,31.92,503.41
2025-01-14 05:49:00,31.9,31.9,31.89,31.89,22.34
2025-01-14 05:50:00,31.87,31.87,31.85,31.85,134.43
2025-01-14 05:51:00,31.84,31.84,31.84,31.84,0.93
2025-01-14 05:52:00,31.84,31.86,31.84,31.86,43.86
2025-01-14 05:53:00,31.86,31.87,31.86,31.86,151.1
2025-01-14 05:54:00,31.86,31.86,31.86,31.86,0.0
2025-01-14 05:55:00,31.86,31.86,31.86,31.86,17.58
2025-01-14 05:56:00,31.85,31.85,31.83,31.83,14.46
2025-01-14 05:57:00,31.84,31.84,31.84,31.84,17.58
2025-01-14 05:58:00,31.83,31.85,31.82,31.85,272.89
2025-01-14 05:59:00,31.85,31.85,31.85,31.85,0.0
2025-01-14 06:00:00,31.86,31.91,31.85,31.86,701.62
2025-01-14 06:01:00,31.85,31.85,31.79,31.79,531.38
2025-01-14 06:02:00,31.79,31.83,31.79,31.8,103.65
2025-01-14 06:03:00,31.79,31.79,31.79,31.79,43.88
2025-01-14 06:04:00,31.78,31.79,31.72,31.75,320.78
2025-01-14 06:05:00,31.74,31.77,31.74,31.76,74.79
2025-01-14 06:06:00,31.75,31.76,31.75,31.76,83.76
2025-01-14 06:07:00,31.75,31.76,31.75,31.76,39.97
2025-01-14 06:08:00,31.77,31.79,31.77,31.78,57.68
2025-01-14 06:09:00,31.79,31.82,31.79,31.81,112.15
2025-01-14 06:10:00,31.82,31.83,31.82,31.83,35.55
2025-01-14 06:11:00,31.8,31.8,31.79,31.8,116.07
2025-01-14 06:12:00,31.81,31.81,31.79,31.79,36.26
2025-01-14 06:13:00,31.8,31.8,31.8,31.8,0.3
2025-01-14 06:14:00,31.78,31.78,31.77,31.77,34.58
2025-01-14 06:15:00,31.77,31.8,31.77,31.77,59.75
2025-01-14 06:16:00,31.79,31.79,31.77,31.77,21.3
2025-01-14 06:17:00,31.8,31.85,31.8,31.85,46.41
2025-01-14 06:18:00,31.84,31.88,31.84,31.86,231.97
2025-01-14 06:19:00,31.88,31.89,31.87,31.87,86.12
2025-01-14 06:20:00,31.88,31.88,31.85,31.85,12.7
2025-01-14 06:21:00,31.85,31.85,31.81,31.81,52.12
2025-01-14 06:22:00,31.81,31.82,31.8,31.81,65.96
2025-01-14 06:23:00,31.81,31.84,31.81,31.84,71.14
2025-01-14 06:24:00,31.85,31.86,31.84,31.86,56.94
2025-01-14 06:25:00,31.86,31.91,31.86,31.9,83.46
2025-01-14 06:26:00,31.91,31.93,31.91,31.91,55.51
2025-01-14 06:27:00,31.91,31.91,31.86,31.87,25.22
2025-01-14 06:28:00,31.88,31.88,31.88,31.88,0.5
2025-01-14 06:29:00,31.88,31.88,31.86,31.87,24.77
2025-01-14 06:30:00,31.86,31.86,31.86,31.86,18.33
2025-01-14 06:31:00,31.85,31.85,31.81,31.82,181.07
2025-01-14 06:32:00,31.83,31.86,31.83,31.86,6.62
2025-01-14 06:33:00,31.86,31.88,31.84,31.88,39.74
2025-01-14 06:34:00,31.86,31.87,31.86,31.87,2.66
2025-01-14 06:35:00,31.87,31.91,31.87,31.91,12.81
2025-01-14 06:36:00,31.93,31.95,31.93,31.93,28.15
2025-01-14 06:37:00,31.93,31.94,31.92,31.92,7.75
2025-01-14 06:38:00,31.95,31.95,31.94,31.94,35.14
2025-01-14 06:39:00,31.95,31.96,31.95,31.96,19.75
2025-01-14 06:40:00,31.98,31.99,31.96,31.96,44.38
2025-01-14 06:41:00,31.96,31.98,31.96,31.98,31.54
2025-01-14 06:42:00,31.97,31.97,31.97,31.97,22.04
2025-01-14 06:43:00,31.97,31.98,31.97,31.98,77.8
2025-01-14 06:44:00,31.94,31.94,31.94,31.94,0.62
2025-01-14 06:45:00,31.94,31.94,31.89,31.89,79.9
2025-01-14 06:46:00,31.89,31.9,31.88,31.89,46.2
2025-01-14 06:47:00,31.89,31.91,31.89,31.89,55.89
2025-01-14 06:48:00,31.88,31.88,31.84,31.84,88.57
2025-01-14 06:49:00,31.84,31.85,31.84,31.85,21.28
2025-01-14 06:50:00,31.85,31.85,31.85,31.85,10.61
2025-01-14 06:51:00,31.85,31.85,31.85,31.85,1.38
2025-01-14 06:52:00,31.85,31.85,31.83,31.85,19.74
2025-01-14 06:53:00,31.88,31.88,31.88,31.88,22.5
2025-01-14 06:54:00,31.89,31.89,31.87,31.87,8.67
2025-01-14 06:55:00,31.89,31.89,31.85,31.86,38.59
2025-01-14 06:56:00,31.88,31.88,31.88,31.88,1.54
2025-01-14 06:57:00,31.9,31.9,31.88,31.88,44.64
2025-01-14 06:58:00,31.88,31.88,31.88,31.88,0.0
2025-01-14 06:59:00,31.92,31.95,31.92,31.95,63.85
2025-01-14 07:00:00,31.97,32.01,31.96,32.01,114.4
2025-01-14 07:01:00,32.0,32.02,31.98,31.98,38.5
2025-01-14 07:02:00,31.99,31.99,31.98,31.99,34.38
2025-01-14 07:03:00,31.98,31.98,31.96,31.96,24.81
2025-01-14 07:04:00,31.97,31.99,31.97,31.99,12.5
2025-01-14 07:05:00,32.0,32.02,31.99,31.99,139.45
2025-01-14 07:06:00,32.0,32.01,32.0,32.01,22.11
2025-01-14 07:07:00,32.02,32.02,32.01,32.01,16.06
2025-01-14 07:08:00,32.02,32.03,32.01,32.01,62.23
2025-01-14 07:09:00,32.0,32.01,31.99,32.01,77.75
2025-01-14 07:10:00,32.01,32.01,32.0,32.0,29.66
2025-01-14 07:11:00,31.97,31.97,31.97,31.97,1.0
2025-01-14 07:12:00,31.96,31.98,31.96,31.98,11.78
2025-01-14 07:13:00,31.97,31.97,31.96,31.96,15.1
2025-01-14 07:14:00,31.99,31.99,31.99,31.99,11.85
2025-01-14 07:15:00,31.97,31.98,31.97,31.98,25.88
2025-01-14 07:16:00,31.97,31.97,31.96,31.96,3.78
2025-01-14 07:17:00,31.95,31.95,31.95,31.95,47.98
2025-01-14 07:18:00,31.95,31.95,31.95,31.95,29.91
2025-01-14 07:19:00,31.94,31.96,31.94,31.94,106.71
2025-01-14 07:20:00,31.94,31.97,31.94,31.97,143.6
2025-01-14 07:21:00,31.97,31.97,31.95,31.95,35.35
2025-01-14 07:22:00,31.96,31.96,31.95,31.96,80.13
2025-01-14 07:23:00,31.95,31.97,31.94,31.97,102.65
2025-01-14 07:24:00,31.98,31.98,31.98,31.98,2.0
2025-01-14 07:25:00,31.98,31.99,31.97,31.98,9.27
2025-01-14 07:26:00,31.96,31.96,31.96,31.96,32.83
2025-01-14 07:27:00,31.95,31.97,31.94,31.97,120.66
2025-01-14 07:28:00,31.96,31.96,31.96,31.96,0.45
2025-01-14 07:29:00,31.95,31.99,31.95,31.99,34.3
2025-01-14 07:30:00,31.99,31.99,31.99,31.99,0.0
2025-01-14 07:31:00,32.03,32.04,32.03,32.03,64.82
2025-01-14 07:32:00,32.03,32.06,32.03,32.05,38.71
2025-01-14 07:33:00,32.03,32.03,32.01,32.01,34.78
2025-01-14 07:34:00,31.99,31.99,31.97,31.98,95.06
2025-01-14 07:35:00,31.96,31.96,31.95,31.95,50.78
2025-01-14 07:36:00,31.95,31.95,31.95,31.95,0.43
2025-01-14 07:37:00,31.95,31.95,31.95,31.95,0.0
2025-01-14 07:38:00,31.95,31.95,31.94,31.95,57.65
2025-01-14 07:39:00,31.96,31.96,31.92,31.93,265.37
2025-01-14 07:40:00,31.9,31.91,31.86,31.87,516.31
2025-01-14 07:41:00,31.86,31.87,31.81,31.82,953.07
2025-01-14 07:42:00,31.83,31.83,31.79,31.82,314.77
2025-01-14 07:43:00,31.82,31.84,31.82,31.84,41.82
2025-01-14 07:44:00,31.84,31.84,31.84,31.84,0.0
2025-01-14 07:45:00,31.84,31.84,31.84,31.84,0.0
2025-01-14 07:46:00,31.85,31.85,31.82,31.82,25.09
2025-01-14 07:47:00,31.8,31.81,31.78,31.78,32.24
2025-01-14 07:48:00,31.78,31.8,31.76,31.8,128.35
2025-01-14 07:49:00,31.78,31.78,31.78,31.78,6.95
2025-01-14 07:50:00,31.79,31.79,31.77,31.77,10.6
2025-01-14 07:51:00,31.79,31.79,31.79,31.79,8.89
2025-01-14 07:52:00,31.78,31.78,31.76,31.76,4.27
2025-01-14 07:53:00,31.76,31.76,31.76,31.76,0.0
2025-01-14 07:54:00,31.76,31.76,31.76,31.76,0.0
2025-01-14 07:55:00,31.79,31.79,31.79,31.79,34.59
2025-01-14 07:56:00,31.8,31.8,31.79,31.79,23.68
2025-01-14 07:57:00,31.79,31.79,31.79,31.79,0.0
2025-01-14 07:58:00,31.79,31.79,31.79,31.79,5.78
2025-01-14 07:59:00,31.78,31.78,31.77,31.78,33.74
2025-01-14 08:00:00,31.78,31.84,31.78,31.79,39.0
2025-01-14 08:01:00,31.83,31.83,31.83,31.83,54.1
2025-01-14 08:02:00,31.85,31.85,31.82,31.82,106.5
2025-01-14 08:03:00,31.82,31.84,31.82,31.83,198.36
2025-01-14 08:04:00,31.82,31.82,31.8,31.81,1319.44
2025-01-14 08:05:00,31.81,31.84,31.79,31.84,536.56
2025-01-14 08:06:00,31.87,31.87,31.85,31.85,19.39
2025-01-14 08:07:00,31.85,31.87,31.84,31.87,87.53
2025-01-14 08:08:00,31.83,31.86,31.83,31.86,72.16
2025-01-14 08:09:00,31.89,31.9,31.89,31.9,7.36
2025-01-14 08:10:00,31.91,31.94,31.9,31.91,324.56
2025-01-14 08:11:00,31.92,31.98,31.92,31.98,59.09
2025-01-14 08:12:00,31.99,32.07,31.99,32.07,249.49
2025-01-14 08:13:00,32.05,32.09,32.05,32.07,114.84
2025-01-14 08:14:00,32.07,32.12,32.07,32.08,803.37
2025-01-14 08:15:00,32.06,32.12,32.06,32.12,53.99
2025-01-14 08:16:00,32.07,32.07,32.02,32.02,411.38
2025-01-14 08:17:00,32.01,32.12,32.0,32.12,309.63
2025-01-14 08:18:00,32.13,32.14,32.12,32.13,28.94
2025-01-14 08:19:00,32.11,32.12,32.08,32.09,486.33
2025-01-14 08:20:00,32.05,32.05,32.05,32.05,10.02
2025-01-14 08:21:00,32.04,32.05,32.01,32.01,37.97
2025-01-14 08:22:00,32.01,32.02,31.98,31.98,397.1
2025-01-14 08:23:00,31.96,31.98,31.96,31.96,22.74
2025-01-14 08:24:00,31.98,31.99,31.95,31.95,36.65
2025-01-14 08:25:00,31.94,31.95,31.92,31.92,96.22
2025-01-14 08:26:00,31.92,31.93,31.9,31.91,59.79
2025-01-14 08:27:00,31.92,31.96,31.92,31.96,201.42
2025-01-14 08:28:00,31.93,31.95,31.93,31.94,20.49
2025-01-14 08:29:00,31.94,31.94,31.94,31.94,0.0
2025-01-14 08:30:00,31.97,32.07,31.97,32.07,99.44
2025-01-14 08:31:00,32.08,32.08,32.03,32.04,48.76
2025-01-14 08:32:00,32.02,32.02,31.96,31.96,159.94
2025-01-14 08:33:00,31.93,31.94,31.92,31.94,42.66
2025-01-14 08:34:00,31.94,31.97,31.94,31.94,55.32
2025-01-14 08:35:00,31.95,31.96,31.93,31.93,30.92
2025-01-14 08:36:00,31.92,31.94,31.91,31.94,21.78
2025-01-14 08:37:00,31.98,32.03,31.98,32.03,82.85
2025-01-14 08:38:00,32.05,32.05,32.05,32.05,3.86
2025-01-14 08:39:00,32.02,32.05,32.01,32.05,51.43
2025-01-14 08:40:00,32.02,32.04,32.01,32.02,195.24
2025-01-14 08:41:00,32.01,32.04,32.01,32.03,30.79
2025-01-14 08:42:00,32.03,32.07,32.02,32.03,99.91
2025-01-14 08:43:00,32.03,32.04,32.03,32.04,12.13
2025-01-14 08:44:00,32.03,32.07,32.03,32.06,4.43
2025-01-14 08:45:00,32.07,32.1,32.06,32.07,362.36
2025-01-14 08:46:00,32.1,32.11,32.07,32.08,3004.06
2025-01-14 08:47:00,32.09,32.15,32.09,32.15,89.81
2025-01-14 08:48:00,32.15,32.15,32.12,32.13,200.33
2025-01-14 08:49:00,32.12,32.12,32.1,32.12,41.18
2025-01-14 08:50:00,32.11,32.14,32.11,32.12,85.29
2025-01-14 08:51:00,32.12,32.12,32.08,32.1,41.64
2025-01-14 08:52:00,32.1,32.13,32.07,32.13,178.11
2025-01-14 08:53:00,32.13,32.15,32.13,32.14,172.46
2025-01-14 08:54:00,32.11,32.11,32.06,32.06,61.67
2025-01-14 08:55:00,32.08,32.09,32.08,32.09,95.88
2025-01-14 08:56:00,32.07,32.08,32.05,32.05,83.08
2025-01-14 08:57:00,32.04,32.05,32.03,32.04,60.37
2025-01-14 08:58:00,32.05,32.07,32.05,32.07,73.0
2025-01-14 08:59:00,32.07,32.09,32.07,32.07,43.19
2025-01-14 09:00:00,32.06,32.06,32.04,32.05,49.4
2025-01-14 09:01:00,32.05,32.07,32.05,32.06,10.3
2025-01-14 09:02:00,32.07,32.08,32.07,32.08,8.6
2025-01-14 09:03:00,32.08,32.08,32.07,32.07,138.38
2025-01-14 09:04:00,32.06,32.06,32.01,32.02,49.03
2025-01-14 09:05:00,32.02,32.07,32.01,32.06,199.09
2025-01-14 09:06:00,32.05,32.05,32.01,32.01,42.8
2025-01-14 09:07:00,32.03,32.06,32.03,32.06,54.39
2025-01-14 09:08:00,32.07,32.08,32.03,32.08,276.9
2025-01-14 09:09:00,32.05,32.08,32.04,32.08,7.62
2025-01-14 09:10:00,32.07,32.11,32.07,32.11,44.22
2025-01-14 09:11:00,32.09,32.12,32.09,32.12,265.32
2025-01-14 09:12:00,32.12,32.14,32.12,32.13,338.61
2025-01-14 09:13:00,32.14,32.18,32.14,32.18,199.39
2025-01-14 09:14:00,32.19,32.21,32.18,32.21,37.42
2025-01-14 09:15:00,32.21,32.21,32.17,32.21,88.99
2025-01-14 09:16:00,32.15,32.15,32.13,32.14,14.02
2025-01-14 09:17:00,32.13,32.14,32.12,32.13,47.24
2025-01-14 09:18:00,32.14,32.19,32.14,32.19,50.65
2025-01-14 09:19:00,32.19,32.24,32.19,32.24,38.32
2025-01-14 09:20:00,32.25,32.26,32.22,32.25,213.44
2025-01-14 09:21:00,32.23,32.23,32.22,32.22,19.97
2025-01-14 09:22:00,32.23,32.32,32.23,32.32,1025.56
2025-01-14 09:23:00,32.33,32.36,32.33,32.36,58.37
2025-01-14 09:24:00,32.36,32.43,32.35,32.42,479.3
2025-01-14 09:25:00,32.42,32.48,32.42,32.46,477.76
2025-01-14 09:26:00,32.49,32.5,32.46,32.49,444.68
2025-01-14 09:27:00,32.5,32.52,32.49,32.52,364.84
2025-01-14 09:28:00,32.54,32.55,32.48,32.5,335.64
2025-01-14 09:29:00,32.51,32.51,32.44,32.44,37.57
2025-01-14 09:30:00,32.46,32.46,32.4,32.4,133.55
2025-01-14 09:31:00,32.39,32.43,32.37,32.43,129.62
2025-01-14 09:32:00,32.43,32.43,32.36,32.41,61.39
2025-01-14 09:33:00,32.43,32.45,32.41,32.43,174.17
2025-01-14 09:34:00,32.44,32.51,32.44,32.49,77.74
2025-01-14 09:35:00,32.51,32.58,32.5,32.51,370.04
2025-01-14 09:36:00,32.53,32.56,32.49,32.56,59.98
2025-01-14 09:37:00,32.56,32.56,32.52,32.54,628.42
2025-01-14 09:38:00,32.55,32.58,32.55,32.58,54.91
2025-01-14 09:39:00,32.54,32.55,32.53,32.55,290.04
2025-01-14 09:40:00,32.59,32.6,32.52,32.53,1053.52
2025-01-14 09:41:00,32.56,32.57,32.52,32.52,81.68
2025-01-14 09:42:00,32.52,32.55,32.5,32.5,134.24
2025-01-14 09:43:00,32.51,32.53,32.5,32.51,50.51
2025-01-14 09:44:00,32.54,32.54,32.53,32.54,64.93
2025-01-14 09:45:00,32.53,32.58,32.49,32.57,86.54
2025-01-14 09:46:00,32.57,32.57,32.52,32.53,38.5
2025-01-14 09:47:00,32.55,32.6,32.54,32.6,171.91
2025-01-14 09:48:00,32.6,32.62,32.57,32.62,299.22
2025-01-14 09:49:00,32.63,32.68,32.62,32.67,405.91
2025-01-14 09:50:00,32.69,32.7,32.66,32.66,327.6
2025-01-14 09:51:00,32.65,32.7,32.65,32.68,86.11
2025-01-14 09:52:00,32.68,32.7,32.68,32.68,85.16
2025-01-14 09:53:00,32.68,32.68,32.6,32.62,215.21
2025-01-14 09:54:00,32.62,32.62,32.59,32.62,61.5
2025-01-14 09:55:00,32.58,32.58,32.58,32.58,35.67
2025-01-14 09:56:00,32.59,32.62,32.59,32.61,197.01
2025-01-14 09:57:00,32.61,32.61,32.58,32.58,87.8
2025-01-14 09:58:00,32.57,32.6,32.55,32.57,328.81
2025-01-14 09:59:00,32.57,32.58,32.57,32.58,67.67
2025-01-14 10:00:00,32.59,32.61,32.55,32.55,547.06
2025-01-14 10:01:00,32.55,32.6,32.54,32.54,188.42
2025-01-14 10:02:00,32.52,32.53,32.46,32.46,185.57
2025-01-14 10:03:00,32.48,32.53,32.47,32.53,122.67
2025-01-14 10:04:00,32.53,32.53,32.46,32.47,80.2
2025-01-14 10:05:00,32.45,32.45,32.39,32.42,257.81
2025-01-14 10:06:00,32.4,32.42,32.39,32.42,220.14
2025-01-14 10:07:00,32.41,32.41,32.38,32.38,49.18
2025-01-14 10:08:00,32.37,32.37,32.35,32.35,151.36
2025-01-14 10:09:00,32.36,32.36,32.34,32.34,31.55
2025-01-14 10:10:00,32.34,32.35,32.3,32.31,108.74
2025-01-14 10:11:00,32.32,32.32,32.32,32.32,123.12
2025-01-14 10:12:00,32.31,32.35,32.31,32.33,71.92
2025-01-14 10:13:00,32.3,32.3,32.29,32.29,4.94
2025-01-14 10:14:00,32.29,32.35,32.29,32.35,25.62
2025-01-14 10:15:00,32.36,32.38,32.33,32.33,96.1
2025-01-14 10:16:00,32.3,32.33,32.3,32.33,52.21
2025-01-14 10:17:00,32.32,32.42,32.32,32.42,111.7
2025-01-14 10:18:00,32.42,32.43,32.39,32.41,210.43
2025-01-14 10:19:00,32.4,32.4,32.39,32.4,88.39
2025-01-14 10:20:00,32.38,32.41,32.38,32.41,13.58
2025-01-14 10:21:00,32.43,32.44,32.41,32.41,8.47
2025-01-14 10:22:00,32.42,32.43,32.42,32.43,17.41
2025-01-14 10:23:00,32.46,32.48,32.46,32.48,100.57
2025-01-14 10:24:00,32.47,32.48,32.47,32.47,17.81
2025-01-14 10:25:00,32.49,32.49,32.47,32.47,69.62
2025-01-14 10:26:00,32.46,32.47,32.44,32.44,75.5
2025-01-14 10:27:00,32.44,32.45,32.43,32.45,51.95
2025-01-14 10:28:00,32.42,32.42,32.41,32.42,99.59
2025-01-14 10:29:00,32.43,32.44,32.43,32.44,15.68
2025-01-14 10:30:00,32.4,32.4,32.35,32.35,47.14
2025-01-14 10:31:00,32.37,32.39,32.37,32.37,298.39
2025-01-14 10:32:00,32.36,32.36,32.34,32.34,7.47
2025-01-14 10:33:00,32.34,32.34,32.34,32.34,2.21
2025-01-14 10:34:00,32.31,32.32,32.31,32.31,42.0
2025-01-14 10:35:00,32.31,32.31,32.29,32.3,17.96
2025-01-14 10:36:00,32.34,32.34,32.32,32.32,38.3
2025-01-14 10:37:00,32.33,32.37,32.3,32.34,1964.63
2025-01-14 10:38:00,32.35,32.39,32.35,32.38,1823.85
2025-01-14 10:39:00,32.38,32.41,32.38,32.41,99.58
2025-01-14 10:40:00,32.38,32.4,32.37,32.39,175.36
2025-01-14 10:41:00,32.38,32.38,32.36,32.36,46.06
2025-01-14 10:42:00,32.36,32.39,32.36,32.39,28.12
2025-01-14 10:43:00,32.39,32.4,32.39,32.4,573.5
2025-01-14 10:44:00,32.43,32.48,32.43,32.46,626.69
2025-01-14 10:45:00,32.46,32.46,32.42,32.43,299.27
2025-01-14 10:46:00,32.43,32.43,32.41,32.42,450.73
2025-01-14 10:47:00,32.41,32.41,32.4,32.4,37.24
2025-01-14 10:48:00,32.4,32.4,32.39,32.39,83.1
2025-01-14 10:49:00,32.4,32.4,32.38,32.39,42.04
2025-01-14 10:50:00,32.39,32.39,32.38,32.38,27.26
2025-01-14 10:51:00,32.39,32.39,32.38,32.39,28.64
2025-01-14 10:52:00,32.42,32.42,32.41,32.41,269.15
2025-01-14 10:53:00,32.41,32.42,32.4,32.42,95.36
2025-01-14 10:54:00,32.42,32.42,32.41,32.41,24.03
2025-01-14 10:55:00,32.41,32.41,32.38,32.38,21.88
2025-01-14 10:56:00,32.35,32.35,32.34,32.34,49.36
2025-01-14 10:57:00,32.35,32.35,32.31,32.31,86.56
2025-01-14 10:58:00,32.32,32.33,32.32,32.32,19.88
2025-01-14 10:59:00,32.35,32.39,32.35,32.39,49.29
2025-01-14 11:00:00,32.39,32.41,32.36,32.37,30.36
2025-01-14 11:01:00,32.33,32.34,32.32,32.34,71.37
2025-01-14 11:02:00,32.36,32.36,32.33,32.33,17.81
2025-01-14 11:03:00,32.32,32.32,32.28,32.29,107.85
2025-01-14 11:04:00,32.28,32.28,32.25,32.25,19.48
2025-01-14 11:05:00,32.26,32.26,32.25,32.25,35.07
2025-01-14 11:06:00,32.26,32.26,32.25,32.25,40.05
2025-01-14 11:07:00,32.24,32.24,32.23,32.23,22.85
2025-01-14 11:08:00,32.22,32.23,32.17,32.2,111.55
2025-01-14 11:09:00,32.23,32.23,32.23,32.23,0.5
2025-01-14 11:10:00,32.23,32.23,32.22,32.22,46.82
2025-01-14 11:11:00,32.22,32.25,32.22,32.25,6.04
2025-01-14 11:12:00,32.25,32.25,32.25,32.25,1.01
2025-01-14 11:13:00,32.24,32.24,32.22,32.23,60.99
2025-01-14 11:14:00,32.22,32.24,32.21,32.24,32.14
2025-01-14 11:15:00,32.22,32.25,32.22,32.23,53.49
2025-01-14 11:16:00,32.22,32.23,32.2,32.21,74.53
2025-01-14 11:17:00,32.21,32.21,32.19,32.19,50.81
2025-01-14 11:18:00,32.18,32.2,32.16,32.2,210.18
2025-01-14 11:19:00,32.2,32.2,32.16,32.16,46.81
2025-01-14 11:20:00,32.16,32.17,32.13,32.13,151.88
2025-01-14 11:21:00,32.14,32.16,32.09,32.1,338.56
2025-01-14 11:22:00,32.1,32.11,32.08,32.08,43.03
2025-01-14 11:23:00,32.07,32.08,32.05,32.06,107.11
2025-01-14 11:24:00,32.07,32.08,32.06,32.08,57.34
2025-01-14 11:25:00,32.08,32.12,32.07,32.09,78.02
2025-01-14 11:26:00,32.12,32.14,32.12,32.13,19.27
2025-01-14 11:27:00,32.13,32.13,32.12,32.13,52.88
2025-01-14 11:28:00,32.14,32.14,32.14,32.14,0.7
2025-01-14 11:29:00,32.12,32.13,32.12,32.13,33.11
2025-01-14 11:30:00,32.13,32.17,32.13,32.17,80.47
2025-01-14 11:31:00,32.16,32.2,32.16,32.2,58.35
2025-01-14 11:32:00,32.21,32.21,32.19,32.19,14.2
2025-01-14 11:33:00,32.18,32.2,32.18,32.2,63.97
2025-01-14 11:34:00,32.17,32.17,32.16,32.17,22.48
2025-01-14 11:35:00,32.17,32.17,32.16,32.16,4.42
2025-01-14 11:36:00,32.17,32.17,32.15,32.15,51.14
2025-01-14 11:37:00,32.14,32.15,32.14,32.15,7.22
2025-01-14 11:38:00,32.15,32.15,32.15,32.15,83.62
2025-01-14 11:39:00,32.14,32.14,32.1,32.11,20.69
2025-01-14 11:40:00,32.07,32.09,32.04,32.04,147.09
2025-01-14 11:41:00,32.04,32.05,32.01,32.02,93.97
2025-01-14 11:42:00,32.02,32.08,32.01,32.07,250.41
2025-01-14 11:43:00,32.09,32.09,32.08,32.08,49.11
2025-01-14 11:44:00,32.07,32.16,32.07,32.14,107.16
2025-01-14 11:45:00,32.12,32.12,32.1,32.11,103.66
2025-01-14 11:46:00,32.11,32.11,32.08,32.11,12.73
2025-01-14 11:47:00,32.1,32.12,32.1,32.12,26.85
2025-01-14 11:48:00,32.1,32.1,32.1,32.1,5.08
2025-01-14 11:49:00,32.1,32.1,32.1,32.1,0.0
2025-01-14 11:50:00,32.09,32.13,32.09,32.13,54.78
2025-01-14 11:51:00,32.13,32.17,32.13,32.15,69.37
2025-01-14 11:52:00,32.15,32.16,32.15,32.16,10.8
2025-01-14 11:53:00,32.15,32.15,32.15,32.15,10.0
2025-01-14 11:54:00,32.14,32.16,32.14,32.16,36.64
2025-01-14 11:55:00,32.15,32.16,32.14,32.15,222.41
2025-01-14 11:56:00,32.16,32.16,32.15,32.15,522.05
2025-01-14 11:57:00,32.17,32.18,32.16,32.18,123.39
2025-01-14 11:58:00,32.18,32.23,32.18,32.23,64.71
2025-01-14 11:59:00,32.23,32.24,32.21,32.21,146.32
2025-01-14 12:00:00,32.23,32.32,32.23,32.28,229.28
2025-01-14 12:01:00,32.26,32.26,32.22,32.22,168.32
2025-01-14 12:02:00,32.21,32.21,32.2,32.2,37.55
2025-01-14 12:03:00,32.2,32.2,32.17,32.17,45.37
2025-01-14 12:04:00,32.16,32.16,32.13,32.13,85.48
2025-01-14 12:05:00,32.17,32.17,32.13,32.14,19.6
2025-01-14 12:06:00,32.12,32.12,32.1,32.11,57.75
2025-01-14 12:07:00,32.12,32.13,32.07,32.08,101.42
2025-01-14 12:08:00,32.08,32.08,32.05,32.05,114.4
2025-01-14 12:09:00,32.05,32.06,32.05,32.06,16.23
2025-01-14 12:10:00,32.07,32.07,32.06,32.07,63.88
2025-01-14 12:11:00,32.07,32.07,32.07,32.07,13.54
2025-01-14 12:12:00,32.06,32.07,32.06,32.07,31.2
2025-01-14 12:13:00,32.07,32.07,32.07,32.07,42.91
2025-01-14 12:14:00,32.06,32.08,32.05,32.08,45.9
2025-01-14 12:15:00,32.08,32.09,32.03,32.03,32.41
2025-01-14 12:16:00,32.03,32.07,32.03,32.07,121.45
2025-01-14 12:17:00,32.06,32.06,32.04,32.04,42.3
2025-01-14 12:18:00,32.04,32.04,32.02,32.02,86.86
2025-01-14 12:19:00,32.01,32.05,32.01,32.05,45.83
2025-01-14 12:20:00,32.03,32.03,31.97,31.98,197.98
2025-01-14 12:21:00,31.99,31.99,31.98,31.98,29.48
2025-01-14 12:22:00,31.97,31.99,31.97,31.98,34.85
2025-01-14 12:23:00,31.96,31.97,31.94,31.95,121.88
2025-01-14 12:24:00,31.94,31.94,31.9,31.9,173.35
2025-01-14 12:25:00,31.9,31.93,31.9,31.91,572.51
2025-01-14 12:26:00,31.92,31.97,31.91,31.97,704.06
2025-01-14 12:27:00,31.97,31.97,31.94,31.95,111.39
2025-01-14 12:28:00,31.94,31.95,31.94,31.95,90.84
2025-01-14 12:29:00,31.95,31.95,31.92,31.93,250.11
2025-01-14 12:30:00,31.94,31.98,31.93,31.98,52.51
2025-01-14 12:31:00,31.98,31.99,31.96,31.97,146.25
2025-01-14 12:32:00,31.98,32.02,31.98,31.98,363.31
2025-01-14 12:33:00,31.98,31.98,31.93,31.96,33.75
2025-01-14 12:34:00,31.95,31.95,31.94,31.95,31.39
2025-01-14 12:35:00,31.95,31.96,31.94,31.95,39.17
2025-01-14 12:36:00,31.96,31.96,31.94,31.94,19.86
2025-01-14 12:37:00,31.95,31.99,31.95,31.99,45.42
2025-01-14 12:38:00,32.0,32.0,31.98,31.98,42.14
2025-01-14 12:39:00,31.98,31.99,31.97,31.97,40.65
2025-01-14 12:40:00,31.98,32.04,31.98,32.04,112.43
2025-01-14 12:41:00,32.03,32.03,31.98,31.98,20.64
2025-01-14 12:42:00,31.97,31.98,31.96,31.96,18.39
2025-01-14 12:43:00,31.95,31.96,31.95,31.96,47.05
2025-01-14 12:44:00,31.95,31.95,31.94,31.94,32.12
2025-01-14 12:45:00,31.96,31.98,31.96,31.97,67.53
2025-01-14 12:46:00,31.98,31.98,31.95,31.95,7.4
2025-01-14 12:47:00,31.96,31.98,31.96,31.97,44.25
2025-01-14 12:48:00,31.98,31.99,31.98,31.99,30.83
2025-01-14 12:49:00,31.99,32.02,31.99,32.02,28.18
2025-01-14 12:50:00,32.02,32.06,32.02,32.03,203.25
2025-01-14 12:51:00,32.02,32.03,32.01,32.02,9.03
2025-01-14 12:52:00,32.01,32.01,32.01,32.01,3.28
2025-01-14 12:53:00,32.0,32.0,31.99,32.0,9.82
2025-01-14 12:54:00,31.98,31.98,31.97,31.97,13.75
2025-01-14 12:55:00,31.96,31.96,31.94,31.94,5.97
2025-01-14 12:56:00,31.94,31.94,31.93,31.93,19.18
2025-01-14 12:57:00,31.92,31.92,31.9,31.91,217.09
2025-01-14 12:58:00,31.9,31.9,31.9,31.9,3.81
2025-01-14 12:59:00,31.91,31.91,31.9,31.9,37.0
2025-01-14 13:00:00,31.89,31.9,31.88,31.89,90.14
2025-01-14 13:01:00,31.9,31.91,31.87,31.89,297.34
2025-01-14 13:02:00,31.87,31.89,31.86,31.87,784.19
2025-01-14 13:03:00,31.87,31.94,31.87,31.94,220.79
2025-01-14 13:04:00,31.95,31.98,31.95,31.98,59.67
2025-01-14 13:05:00,31.98,31.99,31.97,31.98,552.97
2025-01-14 13:06:00,31.99,32.0,31.97,31.97,260.47
2025-01-14 13:07:00,31.97,31.97,31.95,31.97,8.46
2025-01-14 13:08:00,31.96,31.96,31.95,31.95,20.98
2025-01-14 13:09:00,31.93,31.93,31.89,31.91,166.66
2025-01-14 13:10:00,31.89,31.91,31.89,31.91,112.21
2025-01-14 13:11:00,31.91,31.96,31.91,31.96,92.27
2025-01-14 13:12:00,31.96,31.97,31.93,31.93,54.76
2025-01-14 13:13:00,31.94,31.94,31.93,31.94,27.77
2025-01-14 13:14:00,31.95,31.95,31.94,31.94,77.42
2025-01-14 13:15:00,31.93,31.99,31.93,31.98,166.11
2025-01-14 13:16:00,31.97,31.97,31.95,31.95,13.99
2025-01-14 13:17:00,31.94,31.95,31.91,31.91,26.92
2025-01-14 13:18:00,31.9,31.94,31.86,31.94,141.51
2025-01-14 13:19:00,31.94,31.94,31.91,31.91,67.13
2025-01-14 13:20:00,31.9,31.9,31.89,31.9,21.44
2025-01-14 13:21:00,31.91,31.95,31.91,31.95,95.29
2025-01-14 13:22:00,31.94,31.96,31.94,31.96,40.88
2025-01-14 13:23:00,31.93,31.94,31.92,31.94,19.26
2025-01-14 13:24:00,31.93,31.93,31.91,31.91,133.5
2025-01-14 13:25:00,31.91,31.92,31.91,31.92,45.56
2025-01-14 13:26:00,31.9,31.9,31.87,31.88,84.15
2025-01-14 13:27:00,31.87,31.87,31.83,31.87,226.18
2025-01-14 13:28:00,31.86,31.91,31.86,31.91,68.4
2025-01-14 13:29:00,31.9,31.91,31.87,31.87,205.84
2025-01-14 13:30:00,31.89,32.52,31.89,32.4,4988.5
2025-01-14 13:31:00,32.39,32.5,32.35,32.37,2681.18
2025-01-14 13:32:00,32.4,32.44,32.27,32.28,866.09
2025-01-14 13:33:00,32.25,32.32,32.22,32.22,1276.74
2025-01-14 13:34:00,32.23,32.28,32.21,32.23,394.97
2025-01-14 13:35:00,32.2,32.2,32.1,32.14,291.46
2025-01-14 13:36:00,32.14,32.24,32.13,32.19,854.72
2025-01-14 13:37:00,32.2,32.26,32.17,32.22,322.39
2025-01-14 13:38:00,32.2,32.2,32.14,32.17,51.48
2025-01-14 13:39:00,32.17,32.23,32.15,32.21,140.32
2025-01-14 13:40:00,32.24,32.24,32.15,32.16,74.77
2025-01-14 13:41:00,32.14,32.2,32.14,32.2,21.67
2025-01-14 13:42:00,32.23,32.25,32.22,32.22,85.18
2025-01-14 13:43:00,32.26,32.26,32.23,32.23,10.71
2025-01-14 13:44:00,32.2,32.21,32.18,32.21,48.71
2025-01-14 13:45:00,32.19,32.31,32.19,32.31,69.37
2025-01-14 13:46:00,32.32,32.34,32.27,32.34,232.32
2025-01-14 13:47:00,32.37,32.42,32.37,32.42,7.79
2025-01-14 13:48:00,32.41,32.43,32.4,32.4,19.84
2025-01-14 13:49:00,32.4,32.4,32.35,32.35,13.88
2025-01-14 13:50:00,32.35,32.35,32.3,32.33,266.43
2025-01-14 13:51:00,32.31,32.32,32.23,32.23,36.13
2025-01-14 13:52:00,32.22,32.25,32.2,32.2,126.49
2025-01-14 13:53:00,32.19,32.23,32.18,32.22,69.58
2025-01-14 13:54:00,32.23,32.28,32.23,32.28,93.98
2025-01-14 13:55:00,32.26,32.33,32.25,32.33,42.05
2025-01-14 13:56:00,32.32,32.32,32.26,32.26,54.99
2025-01-14 13:57:00,32.25,32.27,32.23,32.27,12.31
2025-01-14 13:58:00,32.27,32.27,32.26,32.26,485.86
2025-01-14 13:59:00,32.26,32.26,32.25,32.26,13.17
2025-01-14 14:00:00,32.25,32.26,32.2,32.2,349.01
2025-01-14 14:01:00,32.2,32.27,32.2,32.25,104.55
2025-01-14 14:02:00,32.22,32.22,32.17,32.17,110.84
2025-01-14 14:03:00,32.12,32.17,32.1,32.1,74.41
2025-01-14 14:04:00,32.12,32.17,32.11,32.17,98.61
2025-01-14 14:05:00,32.15,32.19,32.13,32.13,106.76
2025-01-14 14:06:00,32.11,32.13,32.09,32.13,38.8
2025-01-14 14:07:00,32.17,32.17,32.13,32.13,42.35
2025-01-14 14:08:00,32.11,32.12,32.1,32.11,88.45
2025-01-14 14:09:00,32.11,32.11,32.1,32.1,53.45
2025-01-14 14:10:00,32.09,32.09,32.04,32.05,273.58
2025-01-14 14:11:00,32.04,32.07,32.04,32.07,4.86
2025-01-14 14:12:00,32.1,32.1,32.08,32.1,18.74
2025-01-14 14:13:00,32.08,32.12,32.08,32.12,16.79
2025-01-14 14:14:00,32.11,32.13,32.1,32.12,28.7
2025-01-14 14:15:00,32.14,32.19,32.14,32.18,138.45
2025-01-14 14:16:00,32.19,32.25,32.19,32.24,52.7
2025-01-14 14:17:00,32.24,32.27,32.22,32.23,173.3
2025-01-14 14:18:00,32.21,32.25,32.21,32.24,18.41
2025-01-14 14:19:00,32.23,32.25,32.23,32.23,35.25
2025-01-14 14:20:00,32.23,32.27,32.23,32.27,15.05
2025-01-14 14:21:00,32.26,32.28,32.26,32.28,1.17
2025-01-14 14:22:00,32.29,32.31,32.29,32.31,2.22
2025-01-14 14:23:00,32.29,32.29,32.27,32.28,17.35
2025-01-14 14:24:00,32.27,32.27,32.26,32.27,10.52
2025-01-14 14:25:00,32.27,32.29,32.27,32.29,29.32
2025-01-14 14:26:00,32.29,32.35,32.29,32.35,80.83
2025-01-14 14:27:00,32.37,32.4,32.36,32.37,363.62
2025-01-14 14:28:00,32.37,32.39,32.36,32.37,105.3
2025-01-14 14:29:00,32.37,32.38,32.37,32.38,87.18
2025-01-14 14:30:00,32.39,32.43,32.35,32.43,74.08
2025-01-14 14:31:00,32.43,32.45,32.42,32.45,168.0
2025-01-14 14:32:00,32.41,32.41,32.33,32.33,107.72
2025-01-14 14:33:00,32.33,32.36,32.29,32.36,105.47
2025-01-14 14:34:00,32.36,32.4,32.36,32.39,24.4
2025-01-14 14:35:00,32.48,32.49,32.45,32.45,278.11
2025-01-14 14:36:00,32.43,32.45,32.42,32.43,58.47
2025-01-14 14:37:00,32.48,32.59,32.48,32.58,368.06
2025-01-14 14:38:00,32.59,32.62,32.57,32.61,365.09
2025-01-14 14:39:00,32.61,32.61,32.51,32.55,99.83
2025-01-14 14:40:00,32.55,32.58,32.55,32.58,95.33
2025-01-14 14:41:00,32.56,32.57,32.51,32.51,63.86
2025-01-14 14:42:00,32.51,32.51,32.48,32.49,120.11
2025-01-14 14:43:00,32.49,32.49,32.41,32.42,85.11
2025-01-14 14:44:00,32.42,32.42,32.42,32.42,24.85
2025-01-14 14:45:00,32.44,32.46,32.34,32.35,375.78
2025-01-14 14:46:00,32.35,32.35,32.32,32.32,50.78
2025-01-14 14:47:00,32.28,32.29,32.26,32.29,18.84
2025-01-14 14:48:00,32.25,32.33,32.25,32.29,105.04
2025-01-14 14:49:00,32.3,32.33,32.27,32.33,36.21
2025-01-14 14:50:00,32.35,32.4,32.35,32.37,557.79
2025-01-14 14:51:00,32.35,32.43,32.35,32.43,38.14
2025-01-14 14:52:00,32.43,32.45,32.37,32.37,60.82
2025-01-14 14:53:00,32.34,32.36,32.3,32.3,53.59
2025-01-14 14:54:00,32.28,32.28,32.26,32.26,64.33
2025-01-14 14:55:00,32.25,32.26,32.23,32.25,107.66
2025-01-14 14:56:00,32.21,32.3,32.2,32.3,41.71
2025-01-14 14:57:00,32.28,32.29,32.25,32.26,107.89
2025-01-14 14:58:00,32.23,32.26,32.23,32.26,66.2
2025-01-14 14:59:00,32.26,32.28,32.25,32.28,63.5
2025-01-14 15:00:00,32.3,32.33,32.23,32.23,35.99
2025-01-14 15:01:00,32.27,32.27,32.23,32.26,35.15
2025-01-14 15:02:00,32.28,32.3,32.25,32.25,74.62
2025-01-14 15:03:00,32.27,32.31,32.27,32.3,19.8
2025-01-14 15:04:00,32.32,32.32,32.28,32.28,5.87
2025-01-14 15:05:00,32.27,32.27,32.22,32.22,17.37
2025-01-14 15:06:00,32.27,32.35,32.27,32.34,90.05
2025-01-14 15:07:00,32.4,32.4,32.36,32.36,39.19
2025-01-14 15:08:00,32.41,32.42,32.4,32.4,78.74
2025-01-14 15:09:00,32.41,32.45,32.41,32.41,60.56
2025-01-14 15:10:00,32.37,32.37,32.33,32.33,268.13
2025-01-14 15:11:00,32.34,32.38,32.34,32.38,9.64
2025-01-14 15:12:00,32.39,32.41,32.39,32.41,39.11
2025-01-14 15:13:00,32.41,32.42,32.38,32.39,125.42
2025-01-14 15:14:00,32.4,32.42,32.4,32.42,10.62
2025-01-14 15:15:00,32.4,32.42,32.35,32.35,39.72
2025-01-14 15:16:00,32.39,32.44,32.39,32.43,66.29
2025-01-14 15:17:00,32.44,32.44,32.43,32.44,1.86
2025-01-14 15:18:00,32.41,32.41,32.41,32.41,0.7
2025-01-14 15:19:00,32.39,32.39,32.35,32.35,18.53
2025-01-14 15:20:00,32.32,32.32,32.32,32.32,15.86
2025-01-14 15:21:00,32.34,32.36,32.34,32.34,52.35
2025-01-14 15:22:00,32.34,32.35,32.32,32.32,154.31
2025-01-14 15:23:00,32.29,32.34,32.29,32.34,33.51
2025-01-14 15:24:00,32.36,32.37,32.34,32.34,39.88
2025-01-14 15:25:00,32.35,32.36,32.35,32.36,1.85
2025-01-14 15:26:00,32.34,32.34,32.31,32.31,19.34
2025-01-14 15:27:00,32.29,32.29,32.29,32.29,1.18
2025-01-14 15:28:00,32.28,32.29,32.28,32.29,5.37
2025-01-14 15:29:00,32.29,32.33,32.29,32.33,16.62
2025-01-14 15:30:00,32.34,32.34,32.3,32.3,11.69
2025-01-14 15:31:00,32.32,32.32,32.28,32.31,78.56
2025-01-14 15:32:00,32.32,32.32,32.28,32.28,6.79
2025-01-14 15:33:00,32.26,32.3,32.25,32.3,42.66
2025-01-14 15:34:00,32.3,32.32,32.29,32.29,128.91
2025-01-14 15:35:00,32.27,32.28,32.27,32.28,0.86
2025-01-14 15:36:00,32.3,32.35,32.3,32.35,120.13
2025-01-14 15:37:00,32.32,32.32,32.29,32.31,34.85
2025-01-14 15:38:00,32.31,32.31,32.28,32.28,20.14
2025-01-14 15:39:00,32.26,32.26,32.24,32.24,17.72
2025-01-14 15:40:00,32.24,32.24,32.22,32.22,139.39
2025-01-14 15:41:00,32.31,32.37,32.31,32.36,125.2
2025-01-14 15:42:00,32.36,32.38,32.35,32.35,657.63
2025-01-14 15:43:00,32.34,32.38,32.34,32.38,4.0
2025-01-14 15:44:00,32.37,32.42,32.37,32.41,4.74
2025-01-14 15:45:00,32.39,32.39,32.29,32.31,381.44
2025-01-14 15:46:00,32.31,32.32,32.24,32.28,117.99
2025-01-14 15:47:00,32.28,32.33,32.28,32.31,88.51
2025-01-14 15:48:00,32.3,32.33,32.28,32.32,58.7
2025-01-14 15:49:00,32.3,32.32,32.29,32.32,19.87
2025-01-14 15:50:00,32.28,32.29,32.28,32.28,15.55
2025-01-14 15:51:00,32.32,32.32,32.28,32.32,4.54
2025-01-14 15:52:00,32.35,32.36,32.33,32.33,5.53
2025-01-14 15:53:00,32.3,32.31,32.29,32.31,15.39
2025-01-14 15:54:00,32.29,32.33,32.29,32.33,44.15
2025-01-14 15:55:00,32.31,32.32,32.3,32.32,32.28
2025-01-14 15:56:00,32.27,32.29,32.27,32.29,40.26
2025-01-14 15:57:00,32.29,32.3,32.28,32.28,6.66
2025-01-14 15:58:00,32.24,32.25,32.23,32.24,31.42
2025-01-14 15:59:00,32.23,32.24,32.23,32.24,27.82
2025-01-14 16:00:00,32.22,32.23,32.19,32.19,86.97
2025-01-14 16:01:00,32.19,32.19,32.12,32.12,232.01
2025-01-14 16:02:00,32.14,32.14,32.01,32.01,528.77
2025-01-14 16:03:00,32.01,32.01,31.93,32.0,498.45
2025-01-14 16:04:00,31.97,32.0,31.94,31.96,186.54
2025-01-14 16:05:00,31.96,31.96,31.9,31.92,227.47
2025-01-14 16:06:00,31.92,32.07,31.92,32.07,343.99
2025-01-14 16:07:00,32.09,32.11,32.07,32.07,62.89
2025-01-14 16:08:00,32.06,32.16,32.06,32.16,66.14
2025-01-14 16:09:00,32.17,32.17,32.1,32.1,46.94
2025-01-14 16:10:00,32.09,32.09,32.06,32.06,12.42
2025-01-14 16:11:00,32.05,32.06,32.04,32.04,32.23
2025-01-14 16:12:00,32.04,32.04,32.0,32.0,70.63
2025-01-14 16:13:00,32.02,32.02,32.0,32.0,14.56
2025-01-14 16:14:00,32.0,32.04,32.0,32.03,11.89
2025-01-14 16:15:00,32.06,32.06,32.0,32.0,140.49
2025-01-14 16:16:00,32.0,32.1,32.0,32.09,11.35
2025-01-14 16:17:00,32.1,32.14,32.09,32.12,86.31
2025-01-14 16:18:00,32.07,32.07,32.07,32.07,23.0
2025-01-14 16:19:00,32.05,32.08,32.05,32.08,9.97
2025-01-14 16:20:00,32.1,32.14,32.09,32.12,71.11
2025-01-14 16:21:00,32.11,32.13,32.1,32.1,2.68
2025-01-14 16:22:00,32.12,32.18,32.11,32.18,49.75
2025-01-14 16:23:00,32.17,32.18,32.17,32.18,1.5
2025-01-14 16:24:00,32.16,32.17,32.15,32.17,37.85
2025-01-14 16:25:00,32.15,32.2,32.15,32.2,154.45
2025-01-14 16:26:00,32.21,32.21,32.21,32.21,0.41
2025-01-14 16:27:00,32.22,32.26,32.22,32.26,115.44
2025-01-14 16:28:00,32.25,32.25,32.21,32.21,40.66
2025-01-14 16:29:00,32.2,32.21,32.19,32.2,41.95
2025-01-14 16:30:00,32.17,32.18,32.15,32.16,137.71
2025-01-14 16:31:00,32.17,32.17,32.15,32.15,1.09
2025-01-14 16:32:00,32.15,32.17,32.14,32.17,38.84
2025-01-14 16:33:00,32.19,32.2,32.13,32.13,33.95
2025-01-14 16:34:00,32.13,32.15,32.13,32.15,23.38
2025-01-14 16:35:00,32.17,32.17,32.15,32.16,8.63
2025-01-14 16:36:00,32.15,32.15,32.14,32.14,3.07
2025-01-14 16:37:00,32.14,32.16,32.13,32.16,52.25
2025-01-14 16:38:00,32.13,32.13,32.1,32.1,9.04
2025-01-14 16:39:00,32.09,32.12,32.07,32.12,181.29
2025-01-14 16:40:00,32.12,32.12,32.11,32.11,4.11
2025-01-14 16:41:00,32.09,32.11,32.09,32.11,3.81
2025-01-14 16:42:00,32.11,32.11,32.11,32.11,75.12
2025-01-14 16:43:00,32.11,32.12,32.07,32.07,31.81
2025-01-14 16:44:00,32.08,32.08,32.06,32.06,36.49
2025-01-14 16:45:00,32.07,32.15,32.07,32.15,149.62
2025-01-14 16:46:00,32.15,32.18,32.14,32.18,169.93
2025-01-14 16:47:00,32.19,32.19,32.15,32.15,18.2
2025-01-14 16:48:00,32.14,32.18,32.14,32.14,70.56
2025-01-14 16:49:00,32.17,32.17,32.14,32.14,23.28
2025-01-14 16:50:00,32.17,32.17,32.17,32.17,16.92
2025-01-14 16:51:00,32.16,32.21,32.16,32.21,73.49
2025-01-14 16:52:00,32.2,32.21,32.19,32.19,13.87
2025-01-14 16:53:00,32.2,32.2,32.18,32.18,35.49
2025-01-14 16:54:00,32.19,32.21,32.17,32.17,104.8
2025-01-14 16:55:00,32.19,32.21,32.19,32.2,8.1
2025-01-14 16:56:00,32.21,32.21,32.21,32.21,58.96
2025-01-14 16:57:00,32.22,32.22,32.2,32.2,3.36
2025-01-14 16:58:00,32.19,32.26,32.19,32.26,26.33
2025-01-14 16:59:00,32.25,32.26,32.25,32.26,18.53
2025-01-14 17:00:00,32.23,32.26,32.21,32.21,49.58
2025-01-14 17:01:00,32.19,32.21,32.19,32.2,215.93
2025-01-14 17:02:00,32.19,32.19,32.17,32.17,26.72
2025-01-14 17:03:00,32.17,32.17,32.15,32.15,2.95
2025-01-14 17:04:00,32.18,32.18,32.18,32.18,0.17
2025-01-14 17:05:00,32.21,32.22,32.21,32.22,31.39
2025-01-14 17:06:00,32.2,32.27,32.2,32.27,21.13
2025-01-14 17:07:00,32.31,32.38,32.31,32.37,72.89
2025-01-14 17:08:00,32.37,32.37,32.35,32.35,37.4
2025-01-14 17:09:00,32.36,32.36,32.36,32.36,14.29
2025-01-14 17:10:00,32.36,32.36,32.34,32.34,49.1
2025-01-14 17:11:00,32.35,32.38,32.35,32.37,31.85
2025-01-14 17:12:00,32.39,32.41,32.39,32.4,71.02
2025-01-14 17:13:00,32.41,32.45,32.4,32.45,138.5
2025-01-14 17:14:00,32.46,32.46,32.44,32.45,50.64
2025-01-14 17:15:00,32.44,32.45,32.41,32.41,82.05
2025-01-14 17:16:00,32.44,32.52,32.44,32.52,65.86
2025-01-14 17:17:00,32.5,32.54,32.5,32.54,10.94
2025-01-14 17:18:00,32.55,32.59,32.55,32.55,94.34
2025-01-14 17:19:00,32.52,32.52,32.48,32.49,156.49
2025-01-14 17:20:00,32.49,32.49,32.43,32.43,152.02
2025-01-14 17:21:00,32.42,32.42,32.36,32.36,107.28
2025-01-14 17:22:00,32.34,32.37,32.34,32.37,83.25
2025-01-14 17:23:00,32.38,32.38,32.37,32.37,3.84
2025-01-14 17:24:00,32.4,32.43,32.4,32.43,12.93
2025-01-14 17:25:00,32.43,32.43,32.41,32.42,55.72
2025-01-14 17:26:00,32.42,32.46,32.42,32.46,7.08
2025-01-14 17:27:00,32.48,32.48,32.4,32.42,215.47
2025-01-14 17:28:00,32.43,32.47,32.43,32.47,53.0
2025-01-14 17:29:00,32.48,32.5,32.48,32.49,19.33
2025-01-14 17:30:00,32.52,32.53,32.48,32.48,65.03
2025-01-14 17:31:00,32.47,32.48,32.46,32.46,34.22
2025-01-14 17:32:00,32.46,32.47,32.44,32.46,221.52
2025-01-14 17:33:00,32.49,32.49,32.49,32.49,23.7
2025-01-14 17:34:00,32.44,32.44,32.41,32.42,310.93
2025-01-14 17:35:00,32.39,32.39,32.39,32.39,1.18
2025-01-14 17:36:00,32.35,32.43,32.35,32.41,40.68
2025-01-14 17:37:00,32.4,32.41,32.38,32.39,407.16
2025-01-14 17:38:00,32.38,32.38,32.32,32.32,470.25
2025-01-14 17:39:00,32.35,32.37,32.35,32.37,32.08
2025-01-14 17:40:00,32.36,32.36,32.32,32.32,5.87
2025-01-14 17:41:00,32.34,32.36,32.33,32.35,65.95
2025-01-14 17:42:00,32.36,32.43,32.36,32.42,3.98
2025-01-14 17:43:00,32.43,32.44,32.42,32.44,14.04
2025-01-14 17:44:00,32.44,32.44,32.42,32.42,98.82
2025-01-14 17:45:00,32.39,32.39,32.37,32.38,70.17
2025-01-14 17:46:00,32.4,32.42,32.4,32.42,7.1
2025-01-14 17:47:00,32.42,32.43,32.41,32.43,94.69
2025-01-14 17:48:00,32.44,32.5,32.44,32.48,129.67
2025-01-14 17:49:00,32.48,32.48,32.42,32.42,48.45
2025-01-14 17:50:00,32.44,32.44,32.42,32.43,62.4
2025-01-14 17:51:00,32.41,32.44,32.41,32.43,15.79
2025-01-14 17:52:00,32.43,32.45,32.43,32.44,26.16
2025-01-14 17:53:00,32.45,32.45,32.4,32.4,42.91
2025-01-14 17:54:00,32.41,32.41,32.41,32.41,8.28
2025-01-14 17:55:00,32.4,32.4,32.35,32.35,76.54
2025-01-14 17:56:00,32.36,32.36,32.3,32.31,402.31
2025-01-14 17:57:00,32.33,32.35,32.32,32.34,330.65
2025-01-14 17:58:00,32.34,32.39,32.34,32.35,120.55
2025-01-14 17:59:00,32.39,32.4,32.39,32.4,68.05
2025-01-14 18:00:00,32.41,32.47,32.41,32.47,49.69
2025-01-14 18:01:00,32.44,32.44,32.42,32.42,16.78
2025-01-14 18:02:00,32.41,32.41,32.41,32.41,9.89
2025-01-14 18:03:00,32.41,32.41,32.39,32.4,15.31
2025-01-14 18:04:00,32.4,32.4,32.37,32.38,19.89
2025-01-14 18:05:00,32.39,32.39,32.38,32.38,2.18
2025-01-14 18:06:00,32.43,32.43,32.38,32.38,46.61
2025-01-14 18:07:00,32.42,32.45,32.4,32.43,124.75
2025-01-14 18:08:00,32.43,32.43,32.41,32.42,8.06
2025-01-14 18:09:00,32.43,32.43,32.39,32.39,38.06
2025-01-14 18:10:00,32.39,32.39,32.38,32.38,44.63
2025-01-14 18:11:00,32.34,32.34,32.32,32.32,140.7
2025-01-14 18:12:00,32.33,32.33,32.3,32.33,65.22
2025-01-14 18:13:00,32.33,32.35,32.33,32.33,220.62
2025-01-14 18:14:00,32.34,32.34,32.33,32.33,58.12
2025-01-14 18:15:00,32.33,32.37,32.32,32.37,39.04
2025-01-14 18:16:00,32.37,32.4,32.37,32.39,3.31
2025-01-14 18:17:00,32.39,32.41,32.38,32.38,170.04
2025-01-14 18:18:00,32.41,32.41,32.37,32.38,97.81
2025-01-14 18:19:00,32.37,32.37,32.31,32.31,101.19
2025-01-14 18:20:00,32.3,32.31,32.27,32.31,23.26
2025-01-14 18:21:00,32.33,32.33,32.32,32.32,15.82
2025-01-14 18:22:00,32.35,32.35,32.34,32.34,9.17
2025-01-14 18:23:00,32.35,32.38,32.35,32.38,40.23
2025-01-14 18:24:00,32.33,32.35,32.33,32.35,12.01
2025-01-14 18:25:00,32.4,32.4,32.4,32.4,0.38
2025-01-14 18:26:00,32.41,32.43,32.41,32.41,104.52
2025-01-14 18:27:00,32.41,32.41,32.4,32.4,9.06
2025-01-14 18:28:00,32.4,32.41,32.4,32.41,166.06
2025-01-14 18:29:00,32.43,32.43,32.42,32.43,54.9
2025-01-14 18:30:00,32.42,32.43,32.4,32.4,32.2
2025-01-14 18:31:00,32.39,32.43,32.39,32.43,25.47
2025-01-14 18:32:00,32.44,32.45,32.42,32.42,41.07
2025-01-14 18:33:00,32.43,32.43,32.41,32.41,40.51
2025-01-14 18:34:00,32.44,32.44,32.36,32.36,122.33
2025-01-14 18:35:00,32.39,32.41,32.39,32.4,34.19
2025-01-14 18:36:00,32.4,32.4,32.4,32.4,0.0
2025-01-14 18:37:00,32.42,32.42,32.41,32.42,33.93
2025-01-14 18:38:00,32.43,32.47,32.43,32.47,147.37
2025-01-14 18:39:00,32.47,32.5,32.47,32.5,67.12
2025-01-14 18:40:00,32.5,32.5,32.46,32.48,35.46
2025-01-14 18:41:00,32.46,32.46,32.39,32.4,27.02
2025-01-14 18:42:00,32.39,32.39,32.35,32.35,64.64
2025-01-14 18:43:00,32.42,32.42,32.41,32.42,19.38
2025-01-14 18:44:00,32.4,32.4,32.4,32.4,8.48
2025-01-14 18:45:00,32.39,32.4,32.38,32.38,24.3
2025-01-14 18:46:00,32.36,32.39,32.36,32.39,7.37
2025-01-14 18:47:00,32.44,32.45,32.43,32.43,53.46
2025-01-14 18:48:00,32.44,32.44,32.43,32.43,3.21
2025-01-14 18:49:00,32.43,32.43,32.41,32.42,5.89
2025-01-14 18:50:00,32.42,32.42,32.4,32.4,29.07
2025-01-14 18:51:00,32.4,32.4,32.4,32.4,95.83
2025-01-14 18:52:00,32.4,32.42,32.39,32.39,12.78
2025-01-14 18:53:00,32.41,32.46,32.41,32.46,39.72
2025-01-14 18:54:00,32.47,32.48,32.47,32.48,11.76
2025-01-14 18:55:00,32.47,32.47,32.47,32.47,41.47
2025-01-14 18:56:00,32.48,32.48,32.48,32.48,0.81
2025-01-14 18:57:00,32.46,32.46,32.46,32.46,11.56
2025-01-14 18:58:00,32.45,32.45,32.43,32.43,59.3
2025-01-14 18:59:00,32.42,32.42,32.42,32.42,7.45
2025-01-14 19:00:00,32.38,32.38,32.36,32.36,42.62
2025-01-14 19:01:00,32.37,32.37,32.31,32.31,214.13
2025-01-14 19:02:00,32.33,32.36,32.3,32.3,27.61
2025-01-14 19:03:00,32.29,32.32,32.29,32.3,5.91
2025-01-14 19:04:00,32.28,32.29,32.28,32.29,5.44
2025-01-14 19:05:00,32.31,32.31,32.29,32.29,51.45
2025-01-14 19:06:00,32.31,32.31,32.3,32.31,5.07
2025-01-14 19:07:00,32.33,32.33,32.29,32.29,23.62
2025-01-14 19:08:00,32.3,32.32,32.3,32.32,30.42
2025-01-14 19:09:00,32.31,32.31,32.28,32.28,45.08
2025-01-14 19:10:00,32.27,32.27,32.27,32.27,0.78
2025-01-14 19:11:00,32.27,32.28,32.27,32.28,9.97
2025-01-14 19:12:00,32.29,32.29,32.26,32.26,45.2
2025-01-14 19:13:00,32.28,32.3,32.27,32.3,21.2
2025-01-14 19:14:00,32.32,32.32,32.32,32.32,20.38
2025-01-14 19:15:00,32.32,32.39,32.32,32.39,82.37
2025-01-14 19:16:00,32.39,32.39,32.39,32.39,0.0
2025-01-14 19:17:00,32.31,32.33,32.31,32.32,131.37
2025-01-14 19:18:00,32.34,32.34,32.32,32.32,182.51
2025-01-14 19:19:00,32.32,32.32,32.32,32.32,0.0
2025-01-14 19:20:00,32.3,32.3,32.3,32.3,2.0
2025-01-14 19:21:00,32.3,32.35,32.3,32.34,40.5
2025-01-14 19:22:00,32.31,32.31,32.31,32.31,35.7
2025-01-14 19:23:00,32.32,32.32,32.31,32.31,31.45
2025-01-14 19:24:00,32.34,32.35,32.34,32.35,22.02
2025-01-14 19:25:00,32.35,32.35,32.35,32.35,0.0
2025-01-14 19:26:00,32.33,32.34,32.33,32.34,33.35
2025-01-14 19:27:00,32.35,32.38,32.35,32.38,37.99
2025-01-14 19:28:00,32.38,32.38,32.37,32.37,1.48
2025-01-14 19:29:00,32.37,32.37,32.37,32.37,0.0
2025-01-14 19:30:00,32.33,32.34,32.33,32.34,55.85
2025-01-14 19:31:00,32.35,32.35,32.32,32.32,14.28
2025-01-14 19:32:00,32.33,32.33,32.32,32.32,34.25
2025-01-14 19:33:00,32.31,32.34,32.31,32.34,1.45
2025-01-14 19:34:00,32.34,32.34,32.34,32.34,0.0
2025-01-14 19:35:00,32.36,32.4,32.36,32.4,328.49
2025-01-14 19:36:00,32.39,32.47,32.39,32.47,466.67
2025-01-14 19:37:00,32.45,32.45,32.45,32.45,31.15
2025-01-14 19:38:00,32.43,32.43,32.43,32.43,0.34
2025-01-14 19:39:00,32.42,32.42,32.38,32.39,143.19
2025-01-14 19:40:00,32.41,32.41,32.41,32.41,0.6
2025-01-14 19:41:00,32.41,32.44,32.41,32.44,12.25
2025-01-14 19:42:00,32.42,32.43,32.42,32.43,53.86
2025-01-14 19:43:00,32.42,32.43,32.42,32.43,7.5
2025-01-14 19:44:00,32.43,32.44,32.4,32.4,182.92
2025-01-14 19:45:00,32.4,32.4,32.39,32.39,27.42
2025-01-14 19:46:00,32.37,32.37,32.34,32.34,7.81
2025-01-14 19:47:00,32.36,32.36,32.35,32.35,7.91
2025-01-14 19:48:00,32.35,32.35,32.35,32.35,0.76
2025-01-14 19:49:00,32.35,32.35,32.35,32.35,24.33
2025-01-14 19:50:00,32.38,32.38,32.37,32.38,1.6
2025-01-14 19:51:00,32.36,32.36,32.36,32.36,3.08
2025-01-14 19:52:00,32.35,32.35,32.35,32.35,9.27
2025-01-14 19:53:00,32.36,32.36,32.36,32.36,0.7
2025-01-14 19:54:00,32.35,32.36,32.35,32.35,3.8
2025-01-14 19:55:00,32.38,32.38,32.37,32.37,1.5
2025-01-14 19:56:00,32.35,32.35,32.33,32.33,12.5
2025-01-14 19:57:00,32.33,32.33,32.3,32.3,22.15
2025-01-14 19:58:00,32.29,32.3,32.28,32.29,155.32
2025-01-14 19:59:00,32.27,32.3,32.27,32.3,33.14
2025-01-14 20:00:00,32.3,32.36,32.27,32.28,70.79
2025-01-14 20:01:00,32.26,32.26,32.23,32.23,19.71
2025-01-14 20:02:00,32.24,32.25,32.15,32.15,46.57
2025-01-14 20:03:00,32.16,32.18,32.11,32.16,255.4
2025-01-14 20:04:00,32.14,32.14,32.07,32.12,194.48
2025-01-14 20:05:00,32.11,32.17,32.1,32.17,8.91
2025-01-14 20:06:00,32.14,32.15,32.14,32.14,52.3
2025-01-14 20:07:00,32.13,32.18,32.12,32.18,90.54
2025-01-14 20:08:00,32.19,32.23,32.19,32.23,214.6
2025-01-14 20:09:00,32.22,32.25,32.21,32.21,36.36
2025-01-14 20:10:00,32.21,32.21,32.2,32.2,24.47
2025-01-14 20:11:00,32.19,32.2,32.16,32.17,52.83
2025-01-14 20:12:00,32.19,32.21,32.19,32.21,27.15
2025-01-14 20:13:00,32.22,32.23,32.22,32.23,1.16
2025-01-14 20:14:00,32.21,32.23,32.21,32.22,6.6
2025-01-14 20:15:00,32.23,32.28,32.23,32.28,157.37
2025-01-14 20:16:00,32.3,32.3,32.27,32.27,35.25
2025-01-14 20:17:00,32.32,32.36,32.32,32.35,156.79
2025-01-14 20:18:00,32.35,32.35,32.34,32.34,2.9
2025-01-14 20:19:00,32.34,32.34,32.34,32.34,3.01
2025-01-14 20:20:00,32.37,32.42,32.37,32.37,48.92
2025-01-14 20:21:00,32.36,32.36,32.36,32.36,28.49
2025-01-14 20:22:00,32.37,32.37,32.36,32.37,4.47
2025-01-14 20:23:00,32.37,32.42,32.37,32.39,865.29
2025-01-14 20:24:00,32.4,32.46,32.4,32.46,84.3
2025-01-14 20:25:00,32.48,32.49,32.45,32.45,120.22
2025-01-14 20:26:00,32.45,32.45,32.39,32.39,15.37
2025-01-14 20:27:00,32.4,32.42,32.4,32.42,15.26
2025-01-14 20:28:00,32.43,32.44,32.42,32.42,100.8
2025-01-14 20:29:00,32.44,32.44,32.44,32.44,12.25
2025-01-14 20:30:00,32.41,32.42,32.4,32.4,5.45
2025-01-14 20:31:00,32.36,32.36,32.36,32.36,0.6
2025-01-14 20:32:00,32.36,32.36,32.33,32.35,38.88
2025-01-14 20:33:00,32.34,32.37,32.33,32.37,58.96
2025-01-14 20:34:00,32.35,32.38,32.35,32.38,14.36
2025-01-14 20:35:00,32.37,32.38,32.37,32.37,18.42
2025-01-14 20:36:00,32.37,32.39,32.36,32.39,81.22
2025-01-14 20:37:00,32.39,32.39,32.37,32.37,1.06
2025-01-14 20:38:00,32.39,32.39,32.33,32.34,41.79
2025-01-14 20:39:00,32.33,32.33,32.33,32.33,33.75
2025-01-14 20:40:00,32.32,32.32,32.3,32.31,25.38
2025-01-14 20:41:00,32.32,32.32,32.32,32.32,0.5
2025-01-14 20:42:00,32.34,32.34,32.34,32.34,8.66
2025-01-14 20:43:00,32.32,32.32,32.31,32.31,12.66
2025-01-14 20:44:00,32.35,32.36,32.35,32.35,48.9
2025-01-14 20:45:00,32.34,32.38,32.34,32.35,801.99
2025-01-14 20:46:00,32.35,32.35,32.35,32.35,0.0
2025-01-14 20:47:00,32.33,32.34,32.33,32.34,23.2
2025-01-14 20:48:00,32.36,32.36,32.36,32.36,17.74
2025-01-14 20:49:00,32.37,32.37,32.34,32.35,80.48
2025-01-14 20:50:00,32.39,32.39,32.38,32.38,11.0
2025-01-14 20:51:00,32.38,32.38,32.36,32.38,79.88
2025-01-14 20:52:00,32.39,32.39,32.36,32.36,27.41
2025-01-14 20:53:00,32.36,32.38,32.35,32.35,20.31
2025-01-14 20:54:00,32.36,32.38,32.36,32.38,6.7
2025-01-14 20:55:00,32.37,32.39,32.37,32.38,167.38
2025-01-14 20:56:00,32.37,32.39,32.37,32.39,93.65
2025-01-14 20:57:00,32.4,32.42,32.4,32.4,11.29
2025-01-14 20:58:00,32.4,32.4,32.38,32.4,7.2
2025-01-14 20:59:00,32.43,32.49,32.43,32.48,82.59
2025-01-14 21:00:00,32.49,32.53,32.44,32.44,414.05
2025-01-14 21:01:00,32.44,32.44,32.41,32.41,57.87
2025-01-14 21:02:00,32.41,32.44,32.41,32.44,19.64
2025-01-14 21:03:00,32.45,32.45,32.42,32.43,59.73
2025-01-14 21:04:00,32.49,32.54,32.49,32.5,44.34
2025-01-14 21:05:00,32.49,32.49,32.46,32.49,24.23
2025-01-14 21:06:00,32.52,32.53,32.51,32.53,7.63
2025-01-14 21:07:00,32.53,32.56,32.53,32.56,26.3
2025-01-14 21:08:00,32.56,32.58,32.56,32.57,111.87
2025-01-14 21:09:00,32.56,32.57,32.55,32.55,43.3
2025-01-14 21:10:00,32.54,32.54,32.48,32.49,37.94
2025-01-14 21:11:00,32.49,32.52,32.49,32.52,10.19
2025-01-14 21:12:00,32.51,32.53,32.51,32.52,7.22
2025-01-14 21:13:00,32.52,32.52,32.51,32.51,46.3
2025-01-14 21:14:00,32.51,32.53,32.51,32.52,39.7
2025-01-14 21:15:00,32.51,32.53,32.51,32.53,18.96
2025-01-14 21:16:00,32.52,32.55,32.52,32.55,2.8
2025-01-14 21:17:00,32.55,32.58,32.55,32.57,13.74
2025-01-14 21:18:00,32.56,32.58,32.56,32.58,21.12
2025-01-14 21:19:00,32.59,32.62,32.59,32.62,40.91
2025-01-14 21:20:00,32.61,32.63,32.61,32.62,12.11
2025-01-14 21:21:00,32.64,32.64,32.61,32.61,12.29
2025-01-14 21:22:00,32.61,32.61,32.59,32.59,62.45
2025-01-14 21:23:00,32.6,32.61,32.59,32.61,13.42
2025-01-14 21:24:00,32.61,32.65,32.61,32.64,25.42
2025-01-14 21:25:00,32.64,32.64,32.63,32.63,13.03
2025-01-14 21:26:00,32.63,32.65,32.62,32.63,120.53
2025-01-14 21:27:00,32.63,32.63,32.6,32.62,56.75
2025-01-14 21:28:00,32.61,32.64,32.61,32.64,15.18
2025-01-14 21:29:00,32.64,32.65,32.64,32.64,15.42
2025-01-14 21:30:00,32.63,32.63,32.55,32.56,304.61
2025-01-14 21:31:00,32.55,32.55,32.54,32.54,29.32
2025-01-14 21:32:00,32.54,32.55,32.51,32.51,77.77
2025-01-14 21:33:00,32.52,32.53,32.51,32.52,10.96
2025-01-14 21:34:00,32.52,32.57,32.52,32.55,31.62
2025-01-14 21:35:00,32.55,32.55,32.53,32.53,7.3
2025-01-14 21:36:00,32.53,32.53,32.53,32.53,0.0
2025-01-14 21:37:00,32.5,32.52,32.5,32.52,15.29
2025-01-14 21:38:00,32.53,32.54,32.53,32.53,44.1
2025-01-14 21:39:00,32.52,32.52,32.51,32.51,3.18
2025-01-14 21:40:00,32.5,32.5,32.48,32.48,10.72
2025-01-14 21:41:00,32.5,32.5,32.5,32.5,1.8
2025-01-14 21:42:00,32.5,32.5,32.5,32.5,0.0
2025-01-14 21:43:00,32.5,32.5,32.5,32.5,0.0
2025-01-14 21:44:00,32.5,32.5,32.5,32.5,0.0
2025-01-14 21:45:00,32.51,32.51,32.5,32.5,5.26
2025-01-14 21:46:00,32.46,32.46,32.45,32.45,215.85
2025-01-14 21:47:00,32.43,32.43,32.43,32.43,61.86
2025-01-14 21:48:00,32.43,32.43,32.42,32.42,1.53
2025-01-14 21:49:00,32.42,32.42,32.42,32.42,14.41
2025-01-14 21:50:00,32.43,32.44,32.43,32.44,117.19
2025-01-14 21:51:00,32.45,32.47,32.45,32.47,250.35
2025-01-14 21:52:00,32.43,32.43,32.43,32.43,3.68
2025-01-14 21:53:00,32.47,32.47,32.47,32.47,0.25
2025-01-14 21:54:00,32.46,32.46,32.46,32.46,48.49
2025-01-14 21:55:00,32.45,32.45,32.45,32.45,0.92
2025-01-14 21:56:00,32.44,32.46,32.42,32.46,7.34
2025-01-14 21:57:00,32.46,32.46,32.46,32.46,0.0
2025-01-14 21:58:00,32.45,32.45,32.44,32.45,9.3
2025-01-14 21:59:00,32.45,32.45,32.45,32.45,0.0
2025-01-14 22:00:00,32.52,32.54,32.52,32.53,18.88
2025-01-14 22:01:00,32.53,32.53,32.52,32.52,6.44
2025-01-14 22:02:00,32.57,32.57,32.57,32.57,0.42
2025-01-14 22:03:00,32.54,32.54,32.52,32.52,6.71
2025-01-14 22:04:00,32.56,32.56,32.55,32.55,30.2
2025-01-14 22:05:00,32.54,32.54,32.53,32.53,6.13
2025-01-14 22:06:00,32.53,32.53,32.53,32.53,0.0
2025-01-14 22:07:00,32.51,32.52,32.5,32.5,287.55
2025-01-14 22:08:00,32.5,32.5,32.5,32.5,4.13
2025-01-14 22:09:00,32.51,32.53,32.51,32.53,607.56
2025-01-14 22:10:00,32.53,32.53,32.52,32.52,71.18
2025-01-14 22:11:00,32.53,32.54,32.53,32.54,1.18
2025-01-14 22:12:00,32.52,32.52,32.51,32.51,14.94
2025-01-14 22:13:00,32.53,32.53,32.52,32.52,3.96
2025-01-14 22:14:00,32.52,32.52,32.52,32.52,0.0
2025-01-14 22:15:00,32.52,32.53,32.5,32.5,45.86
2025-01-14 22:16:00,32.51,32.53,32.51,32.53,0.44
2025-01-14 22:17:00,32.53,32.54,32.53,32.54,2.72
2025-01-14 22:18:00,32.54,32.55,32.54,32.54,67.42
2025-01-14 22:19:00,32.55,32.55,32.55,32.55,101.49
2025-01-14 22:20:00,32.54,32.57,32.53,32.57,39.48
2025-01-14 22:21:00,32.56,32.58,32.56,32.57,14.24
2025-01-14 22:22:00,32.56,32.56,32.54,32.54,205.72
2025-01-14 22:23:00,32.55,32.55,32.55,32.55,0.63
2025-01-14 22:24:00,32.56,32.57,32.56,32.57,3.63
2025-01-14 22:25:00,32.59,32.6,32.59,32.6,1.24
2025-01-14 22:26:00,32.61,32.61,32.59,32.59,94.34
2025-01-14 22:27:00,32.59,32.59,32.59,32.59,1.39
2025-01-14 22:28:00,32.6,32.6,32.6,32.6,0.95
2025-01-14 22:29:00,32.61,32.61,32.61,32.61,0.43
2025-01-14 22:30:00,32.61,32.61,32.61,32.61,0.0
2025-01-14 22:31:00,32.6,32.6,32.6,32.6,2.17
2025-01-14 22:32:00,32.59,32.59,32.58,32.58,12.33
2025-01-14 22:33:00,32.56,32.56,32.56,32.56,1.15
2025-01-14 22:34:00,32.56,32.59,32.55,32.55,280.11
2025-01-14 22:35:00,32.57,32.59,32.57,32.59,71.26
2025-01-14 22:36:00,32.6,32.6,32.6,32.6,0.68
2025-01-14 22:37:00,32.61,32.63,32.61,32.62,2.27
2025-01-14 22:38:00,32.62,32.65,32.62,32.64,40.11
2025-01-14 22:39:00,32.64,32.66,32.63,32.66,93.19
2025-01-14 22:40:00,32.66,32.67,32.65,32.65,62.04
2025-01-14 22:41:00,32.66,32.68,32.66,32.68,138.9
2025-01-14 22:42:00,32.66,32.66,32.63,32.63,6.76
2025-01-14 22:43:00,32.66,32.66,32.65,32.65,1.23
2025-01-14 22:44:00,32.64,32.64,32.63,32.64,63.56
2025-01-14 22:45:00,32.64,32.66,32.64,32.64,57.88
2025-01-14 22:46:00,32.64,32.64,32.62,32.62,28.14
2025-01-14 22:47:00,32.65,32.65,32.65,32.65,35.52
2025-01-14 22:48:00,32.65,32.65,32.65,32.65,0.17
2025-01-14 22:49:00,32.68,32.68,32.68,32.68,1.57
2025-01-14 22:50:00,32.68,32.68,32.67,32.67,79.14
2025-01-14 22:51:00,32.67,32.67,32.67,32.67,20.76
2025-01-14 22:52:00,32.67,32.68,32.67,32.67,131.48
2025-01-14 22:53:00,32.67,32.68,32.67,32.68,36.91
2025-01-14 22:54:00,32.67,32.69,32.67,32.67,68.72
2025-01-14 22:55:00,32.7,32.7,32.7,32.7,32.85
2025-01-14 22:56:00,32.69,32.71,32.69,32.71,63.34
2025-01-14 22:57:00,32.7,32.74,32.7,32.71,348.69
2025-01-14 22:58:00,32.7,32.71,32.7,32.71,5.05
2025-01-14 22:59:00,32.71,32.73,32.71,32.72,188.4
2025-01-14 23:00:00,32.73,32.74,32.7,32.73,24.83
2025-01-14 23:01:00,32.73,32.77,32.73,32.75,348.1
2025-01-14 23:02:00,32.77,32.77,32.65,32.66,16.26
2025-01-14 23:03:00,32.67,32.67,32.65,32.65,1.2
2025-01-14 23:04:00,32.69,32.69,32.67,32.67,22.54
2025-01-14 23:05:00,32.67,32.67,32.67,32.67,0.79
2025-01-14 23:06:00,32.67,32.67,32.67,32.67,21.69
2025-01-14 23:07:00,32.69,32.69,32.68,32.68,1.1
2025-01-14 23:08:00,32.68,32.68,32.65,32.65,101.69
2025-01-14 23:09:00,32.64,32.64,32.62,32.62,12.2
2025-01-14 23:10:00,32.63,32.63,32.62,32.62,4.87
2025-01-14 23:11:00,32.64,32.64,32.64,32.64,1.14
2025-01-14 23:12:00,32.61,32.61,32.61,32.61,178.35
2025-01-14 23:13:00,32.61,32.61,32.61,32.61,16.86
2025-01-14 23:14:00,32.62,32.62,32.62,32.62,0.34
2025-01-14 23:15:00,32.62,32.63,32.61,32.63,161.83
2025-01-14 23:16:00,32.63,32.64,32.63,32.64,3.04
2025-01-14 23:17:00,32.62,32.62,32.61,32.61,36.67
2025-01-14 23:18:00,32.62,32.62,32.62,32.62,1.13
2025-01-14 23:19:00,32.64,32.69,32.64,32.68,21.55
2025-01-14 23:20:00,32.68,32.68,32.68,32.68,2.65
2025-01-14 23:21:00,32.68,32.69,32.66,32.66,53.38
2025-01-14 23:22:00,32.66,32.66,32.66,32.66,19.23
2025-01-14 23:23:00,32.68,32.68,32.68,32.68,0.17
2025-01-14 23:24:00,32.69,32.7,32.68,32.68,104.79
2025-01-14 23:25:00,32.69,32.69,32.68,32.68,67.88
2025-01-14 23:26:00,32.68,32.68,32.68,32.68,3.02
2025-01-14 23:27:00,32.65,32.65,32.65,32.65,13.54
2025-01-14 23:28:00,32.64,32.64,32.64,32.64,4.73
2025-01-14 23:29:00,32.63,32.66,32.62,32.66,144.37
2025-01-14 23:30:00,32.64,32.65,32.64,32.64,16.05
2025-01-14 23:31:00,32.65,32.68,32.65,32.68,33.89
2025-01-14 23:32:00,32.67,32.67,32.67,32.67,0.2
2025-01-14 23:33:00,32.66,32.66,32.66,32.66,1.82
2025-01-14 23:34:00,32.66,32.67,32.65,32.66,69.84
2025-01-14 23:35:00,32.63,32.63,32.63,32.63,66.78
2025-01-14 23:36:00,32.61,32.61,32.61,32.61,53.24
2025-01-14 23:37:00,32.61,32.61,32.59,32.59,113.68
2025-01-14 23:38:00,32.6,32.6,32.58,32.58,35.07
2025-01-14 23:39:00,32.59,32.6,32.59,32.59,12.29
2025-01-14 23:40:00,32.59,32.59,32.59,32.59,2.28
2025-01-14 23:41:00,32.66,32.66,32.66,32.66,4.91
2025-01-14 23:42:00,32.66,32.66,32.66,32.66,6.87
2025-01-14 23:43:00,32.67,32.68,32.67,32.68,13.74
2025-01-14 23:44:00,32.69,32.7,32.69,32.69,17.98
2025-01-14 23:45:00,32.69,32.69,32.69,32.69,26.95
2025-01-14 23:46:00,32.71,32.72,32.7,32.7,119.11
2025-01-14 23:47:00,32.7,32.7,32.7,32.7,0.0
2025-01-14 23:48:00,32.66,32.66,32.66,32.66,3.44
2025-01-14 23:49:00,32.66,32.66,32.66,32.66,0.0
2025-01-14 23:50:00,32.62,32.62,32.62,32.62,35.32
2025-01-14 23:51:00,32.63,32.63,32.63,32.63,2.37
2025-01-14 23:52:00,32.64,32.65,32.64,32.65,5.8
2025-01-14 23:53:00,32.65,32.65,32.65,32.65,0.0
2025-01-14 23:54:00,32.65,32.65,32.65,32.65,0.32
2025-01-14 23:55:00,32.64,32.67,32.64,32.67,26.03
2025-01-14 23:56:00,32.67,32.67,32.67,32.67,0.0
2025-01-14 23:57:00,32.63,32.63,32.61,32.61,53.13
2025-01-14 23:58:00,32.61,32.61,32.61,32.61,0.0
2025-01-14 23:59:00,32.62,32.62,32.62,32.62,1.18
2025-01-15 00:00:00,32.64,32.72,32.55,32.56,1821.21
2025-01-15 00:01:00,32.57,32.57,32.53,32.53,261.06
2025-01-15 00:02:00,32.52,32.54,32.5,32.54,483.57
2025-01-15 00:03:00,32.55,32.57,32.5,32.51,290.8
2025-01-15 00:04:00,32.49,32.49,32.47,32.48,110.45
2025-01-15 00:05:00,32.52,32.54,32.52,32.54,75.64
2025-01-15 00:06:00,32.52,32.52,32.49,32.49,7.73
2025-01-15 00:07:00,32.49,32.56,32.49,32.54,73.35
2025-01-15 00:08:00,32.59,32.67,32.59,32.67,144.83
2025-01-15 00:09:00,32.66,32.66,32.6,32.61,49.44
2025-01-15 00:10:00,32.61,32.63,32.59,32.59,48.82
2025-01-15 00:11:00,32.59,32.62,32.57,32.62,29.81
2025-01-15 00:12:00,32.63,32.65,32.63,32.65,46.35
2025-01-15 00:13:00,32.66,32.66,32.64,32.66,14.05
2025-01-15 00:14:00,32.68,32.68,32.64,32.64,118.64
2025-01-15 00:15:00,32.65,32.68,32.65,32.66,3.41
2025-01-15 00:16:00,32.68,32.7,32.67,32.68,35.48
2025-01-15 00:17:00,32.69,32.69,32.63,32.63,2.21
2025-01-15 00:18:00,32.65,32.66,32.65,32.66,2.98
2025-01-15 00:19:00,32.7,32.7,32.68,32.68,35.09
2025-01-15 00:20:00,32.68,32.68,32.68,32.68,0.5
2025-01-15 00:21:00,32.68,32.68,32.68,32.68,0.84
2025-01-15 00:22:00,32.72,32.76,32.71,32.76,210.09
2025-01-15 00:23:00,32.76,32.79,32.76,32.78,250.84
2025-01-15 00:24:00,32.78,32.79,32.77,32.79,46.43
2025-01-15 00:25:00,32.79,32.83,32.78,32.83,89.97
2025-01-15 00:26:00,32.81,32.83,32.8,32.82,101.94
2025-01-15 00:27:00,32.81,32.81,32.75,32.75,58.32
2025-01-15 00:28:00,32.76,32.76,32.73,32.73,79.33
2025-01-15 00:29:00,32.74,32.74,32.73,32.73,2.67
2025-01-15 00:30:00,32.74,32.76,32.72,32.76,19.38
2025-01-15 00:31:00,32.79,32.81,32.78,32.8,80.36
2025-01-15 00:32:00,32.76,32.77,32.76,32.77,13.12
2025-01-15 00:33:00,32.75,32.75,32.74,32.75,75.51
2025-01-15 00:34:00,32.76,32.76,32.73,32.73,13.5
2025-01-15 00:35:00,32.69,32.7,32.64,32.64,93.89
2025-01-15 00:36:00,32.65,32.65,32.61,32.61,22.16
2025-01-15 00:37:00,32.6,32.6,32.6,32.6,6.55
2025-01-15 00:38:00,32.62,32.64,32.62,32.62,59.87
2025-01-15 00:39:00,32.62,32.63,32.6,32.6,39.6
2025-01-15 00:40:00,32.62,32.62,32.56,32.56,32.7
2025-01-15 00:41:00,32.55,32.55,32.53,32.53,38.83
2025-01-15 00:42:00,32.53,32.54,32.53,32.54,78.89
2025-01-15 00:43:00,32.57,32.57,32.57,32.57,54.1
2025-01-15 00:44:00,32.56,32.57,32.55,32.57,118.26
2025-01-15 00:45:00,32.57,32.57,32.5,32.51,89.81
2025-01-15 00:46:00,32.53,32.53,32.53,32.53,1.3
2025-01-15 00:47:00,32.54,32.54,32.54,32.54,24.53
2025-01-15 00:48:00,32.57,32.58,32.57,32.58,60.63
2025-01-15 00:49:00,32.6,32.61,32.6,32.6,5.81
2025-01-15 00:50:00,32.61,32.61,32.6,32.6,11.79
2025-01-15 00:51:00,32.61,32.61,32.59,32.59,9.24
2025-01-15 00:52:00,32.58,32.58,32.55,32.55,11.1
2025-01-15 00:53:00,32.54,32.54,32.52,32.52,1.23
2025-01-15 00:54:00,32.52,32.54,32.52,32.54,2.43
2025-01-15 00:55:00,32.52,32.55,32.52,32.55,2.65
2025-01-15 00:56:00,32.55,32.55,32.54,32.54,6.29
2025-01-15 00:57:00,32.53,32.53,32.51,32.52,12.91
2025-01-15 00:58:00,32.53,32.53,32.53,32.53,19.68
2025-01-15 00:59:00,32.52,32.52,32.51,32.51,0.78
2025-01-15 01:00:00,32.48,32.48,32.43,32.46,39.49
2025-01-15 01:01:00,32.46,32.47,32.45,32.47,1.14
2025-01-15 01:02:00,32.5,32.5,32.5,32.5,2.76
2025-01-15 01:03:00,32.51,32.51,32.48,32.48,60.07
2025-01-15 01:04:00,32.44,32.44,32.42,32.42,26.42
2025-01-15 01:05:00,32.46,32.46,32.46,32.46,34.43
2025-01-15 01:06:00,32.46,32.46,32.44,32.45,3.32
2025-01-15 01:07:00,32.45,32.45,32.45,32.45,0.0
2025-01-15 01:08:00,32.46,32.46,32.46,32.46,0.32
2025-01-15 01:09:00,32.49,32.5,32.46,32.49,81.58
2025-01-15 01:10:00,32.51,32.55,32.5,32.55,103.52
2025-01-15 01:11:00,32.52,32.52,32.48,32.48,15.89
2025-01-15 01:12:00,32.48,32.48,32.48,32.48,0.0
2025-01-15 01:13:00,32.48,32.48,32.42,32.42,46.44
2025-01-15 01:14:00,32.42,32.43,32.41,32.42,10.61
2025-01-15 01:15:00,32.4,32.4,32.34,32.34,132.95
2025-01-15 01:16:00,32.33,32.39,32.33,32.38,20.87
2025-01-15 01:17:00,32.39,32.39,32.35,32.35,11.86
2025-01-15 01:18:00,32.36,32.38,32.36,32.38,45.05
2025-01-15 01:19:00,32.35,32.35,32.35,32.35,3.72
2025-01-15 01:20:00,32.33,32.34,32.33,32.33,7.05
2025-01-15 01:21:00,32.38,32.39,32.37,32.37,43.68
2025-01-15 01:22:00,32.43,32.44,32.43,32.44,74.12
2025-01-15 01:23:00,32.43,32.43,32.42,32.43,31.16
2025-01-15 01:24:00,32.43,32.51,32.43,32.5,95.67
2025-01-15 01:25:00,32.5,32.53,32.5,32.53,64.57
2025-01-15 01:26:00,32.55,32.55,32.5,32.53,22.39
2025-01-15 01:27:00,32.55,32.55,32.53,32.53,21.22
2025-01-15 01:28:00,32.52,32.52,32.5,32.5,84.51
2025-01-15 01:29:00,32.5,32.5,32.5,32.5,8.6
2025-01-15 01:30:00,32.49,32.49,32.44,32.44,63.33
2025-01-15 01:31:00,32.45,32.51,32.44,32.51,61.59
2025-01-15 01:32:00,32.52,32.56,32.5,32.52,82.76
2025-01-15 01:33:00,32.53,32.6,32.53,32.58,53.49
2025-01-15 01:34:00,32.6,32.66,32.6,32.64,353.59
2025-01-15 01:35:00,32.64,32.67,32.62,32.64,445.11
2025-01-15 01:36:00,32.63,32.68,32.62,32.65,186.84
2025-01-15 01:37:00,32.64,32.64,32.59,32.61,124.47
2025-01-15 01:38:00,32.62,32.62,32.55,32.56,79.38
2025-01-15 01:39:00,32.56,32.56,32.53,32.53,49.82
2025-01-15 01:40:00,32.52,32.54,32.51,32.54,126.92
2025-01-15 01:41:00,32.52,32.61,32.52,32.61,62.05
2025-01-15 01:42:00,32.59,32.63,32.59,32.63,165.08
2025-01-15 01:43:00,32.6,32.73,32.6,32.72,307.79
2025-01-15 01:44:00,32.73,32.74,32.65,32.65,241.72
2025-01-15 01:45:00,32.66,32.67,32.61,32.63,33.08
2025-01-15 01:46:00,32.66,32.67,32.63,32.63,35.3
2025-01-15 01:47:00,32.63,32.63,32.57,32.57,38.3
2025-01-15 01:48:00,32.55,32.58,32.54,32.54,56.9
2025-01-15 01:49:00,32.57,32.57,32.53,32.53,1.78
2025-01-15 01:50:00,32.54,32.54,32.45,32.45,186.25
2025-01-15 01:51:00,32.44,32.49,32.44,32.44,35.7
2025-01-15 01:52:00,32.43,32.47,32.42,32.45,25.86
2025-01-15 01:53:00,32.45,32.49,32.45,32.49,117.56
2025-01-15 01:54:00,32.5,32.54,32.5,32.54,46.25
2025-01-15 01:55:00,32.54,32.57,32.54,32.57,48.5
2025-01-15 01:56:00,32.62,32.63,32.59,32.6,126.45
2025-01-15 01:57:00,32.55,32.56,32.55,32.56,13.74
2025-01-15 01:58:00,32.57,32.57,32.57,32.57,1.11
2025-01-15 01:59:00,32.53,32.53,32.49,32.5,22.54
2025-01-15 02:00:00,32.55,32.55,32.49,32.5,1.22
2025-01-15 02:01:00,32.56,32.57,32.52,32.52,95.61
2025-01-15 02:02:00,32.52,32.55,32.52,32.55,12.0
2025-01-15 02:03:00,32.58,32.58,32.53,32.55,59.12
2025-01-15 02:04:00,32.56,32.67,32.56,32.67,60.45
2025-01-15 02:05:00,32.67,32.74,32.67,32.74,283.79
2025-01-15 02:06:00,32.74,32.75,32.71,32.73,121.83
2025-01-15 02:07:00,32.73,32.74,32.62,32.62,88.66
2025-01-15 02:08:00,32.63,32.63,32.58,32.61,87.27
2025-01-15 02:09:00,32.63,32.63,32.6,32.6,5.5
2025-01-15 02:10:00,32.58,32.58,32.56,32.56,11.14
2025-01-15 02:11:00,32.55,32.55,32.52,32.52,74.3
2025-01-15 02:12:00,32.55,32.55,32.52,32.52,6.39
2025-01-15 02:13:00,32.53,32.56,32.53,32.56,34.51
2025-01-15 02:14:00,32.56,32.56,32.56,32.56,3.65
2025-01-15 02:15:00,32.56,32.56,32.52,32.53,51.26
2025-01-15 02:16:00,32.53,32.53,32.51,32.51,30.11
2025-01-15 02:17:00,32.58,32.58,32.55,32.55,10.17
2025-01-15 02:18:00,32.53,32.53,32.53,32.53,31.54
2025-01-15 02:19:00,32.51,32.53,32.51,32.52,52.41
2025-01-15 02:20:00,32.5,32.5,32.5,32.5,2.26
2025-01-15 02:21:00,32.51,32.51,32.46,32.46,2.45
2025-01-15 02:22:00,32.47,32.47,32.44,32.44,25.06
2025-01-15 02:23:00,32.43,32.45,32.43,32.45,120.81
2025-01-15 02:24:00,32.45,32.45,32.45,32.45,0.0
2025-01-15 02:25:00,32.45,32.45,32.45,32.45,0.0
2025-01-15 02:26:00,32.44,32.48,32.44,32.47,70.52
2025-01-15 02:27:00,32.5,32.51,32.5,32.5,55.01
2025-01-15 02:28:00,32.48,32.48,32.45,32.46,14.62
2025-01-15 02:29:00,32.46,32.46,32.43,32.43,25.6
2025-01-15 02:30:00,32.41,32.41,32.39,32.39,138.5
2025-01-15 02:31:00,32.37,32.37,32.33,32.34,230.39
2025-01-15 02:32:00,32.36,32.36,32.34,32.34,16.04
2025-01-15 02:33:00,32.35,32.36,32.33,32.35,14.02
2025-01-15 02:34:00,32.33,32.33,32.31,32.31,94.55
2025-01-15 02:35:00,32.35,32.37,32.3,32.31,88.55
2025-01-15 02:36:00,32.28,32.32,32.28,32.29,50.84
2025-01-15 02:37:00,32.28,32.33,32.26,32.33,539.87
2025-01-15 02:38:00,32.36,32.36,32.34,32.35,39.53
2025-01-15 02:39:00,32.35,32.37,32.34,32.36,13.43
2025-01-15 02:40:00,32.36,32.36,32.34,32.35,65.09
2025-01-15 02:41:00,32.34,32.36,32.34,32.36,37.52
2025-01-15 02:42:00,32.35,32.35,32.33,32.35,36.14
2025-01-15 02:43:00,32.35,32.39,32.35,32.39,5.81
2025-01-15 02:44:00,32.36,32.37,32.35,32.35,62.08
2025-01-15 02:45:00,32.35,32.35,32.32,32.32,12.9
2025-01-15 02:46:00,32.36,32.36,32.36,32.36,12.4
2025-01-15 02:47:00,32.37,32.48,32.37,32.48,54.19
2025-01-15 02:48:00,32.48,32.53,32.47,32.53,14.95
2025-01-15 02:49:00,32.52,32.52,32.5,32.5,3.14
2025-01-15 02:50:00,32.47,32.49,32.47,32.48,9.41
2025-01-15 02:51:00,32.48,32.48,32.48,32.48,5.67
2025-01-15 02:52:00,32.46,32.46,32.44,32.45,87.6
2025-01-15 02:53:00,32.45,32.47,32.45,32.46,171.75
2025-01-15 02:54:00,32.46,32.46,32.39,32.39,18.29
2025-01-15 02:55:00,32.41,32.41,32.38,32.38,14.14
2025-01-15 02:56:00,32.38,32.39,32.37,32.39,84.34
2025-01-15 02:57:00,32.41,32.41,32.4,32.4,20.64
2025-01-15 02:58:00,32.4,32.4,32.37,32.38,18.32
2025-01-15 02:59:00,32.37,32.37,32.3,32.3,132.07
2025-01-15 03:00:00,32.29,32.37,32.29,32.36,69.18
2025-01-15 03:01:00,32.36,32.39,32.36,32.37,28.96
2025-01-15 03:02:00,32.36,32.36,32.34,32.34,16.83
2025-01-15 03:03:00,32.33,32.34,32.31,32.32,21.66
2025-01-15 03:04:00,32.28,32.28,32.27,32.27,423.99
2025-01-15 03:05:00,32.28,32.28,32.2,32.21,749.17
2025-01-15 03:06:00,32.22,32.29,32.22,32.27,165.84
2025-01-15 03:07:00,32.3,32.3,32.28,32.28,2.32
2025-01-15 03:08:00,32.29,32.3,32.29,32.3,44.87
2025-01-15 03:09:00,32.31,32.34,32.31,32.34,42.05
2025-01-15 03:10:00,32.35,32.39,32.35,32.39,35.13
2025-01-15 03:11:00,32.43,32.46,32.43,32.45,29.63
2025-01-15 03:12:00,32.47,32.48,32.46,32.48,48.9
2025-01-15 03:13:00,32.43,32.44,32.42,32.42,64.04
2025-01-15 03:14:00,32.42,32.42,32.41,32.42,1.08
2025-01-15 03:15:00,32.43,32.43,32.43,32.43,7.99
2025-01-15 03:16:00,32.41,32.45,32.41,32.45,21.23
2025-01-15 03:17:00,32.45,32.45,32.45,32.45,0.6
2025-01-15 03:18:00,32.43,32.43,32.39,32.39,32.83
2025-01-15 03:19:00,32.34,32.35,32.34,32.35,12.68
2025-01-15 03:20:00,32.34,32.34,32.28,32.28,37.36
2025-01-15 03:21:00,32.29,32.31,32.29,32.3,70.81
2025-01-15 03:22:00,32.3,32.33,32.28,32.33,12.57
2025-01-15 03:23:00,32.35,32.37,32.35,32.37,252.66
2025-01-15 03:24:00,32.37,32.41,32.37,32.39,71.76
2025-01-15 03:25:00,32.4,32.41,32.38,32.4,89.22
2025-01-15 03:26:00,32.37,32.37,32.37,32.37,0.92
2025-01-15 03:27:00,32.36,32.37,32.34,32.35,120.06
2025-01-15 03:28:00,32.34,32.34,32.33,32.33,31.63
2025-01-15 03:29:00,32.34,32.35,32.34,32.35,28.8
2025-01-15 03:30:00,32.35,32.38,32.35,32.38,12.38
2025-01-15 03:31:00,32.42,32.44,32.42,32.43,30.06
2025-01-15 03:32:00,32.47,32.47,32.47,32.47,0.9
2025-01-15 03:33:00,32.46,32.46,32.46,32.46,28.86
2025-01-15 03:34:00,32.45,32.46,32.44,32.44,32.09
2025-01-15 03:35:00,32.43,32.43,32.43,32.43,1.0
2025-01-15 03:36:00,32.43,32.43,32.4,32.4,31.88
2025-01-15 03:37:00,32.43,32.45,32.42,32.45,37.49
2025-01-15 03:38:00,32.45,32.45,32.45,32.45,0.0
2025-01-15 03:39:00,32.46,32.46,32.44,32.45,49.41
2025-01-15 03:40:00,32.46,32.46,32.43,32.43,2.68
2025-01-15 03:41:00,32.45,32.45,32.41,32.41,32.22
2025-01-15 03:42:00,32.41,32.41,32.41,32.41,0.0
2025-01-15 03:43:00,32.41,32.41,32.38,32.38,17.47
2025-01-15 03:44:00,32.36,32.36,32.36,32.36,11.0
2025-01-15 03:45:00,32.38,32.38,32.38,32.38,1.8
2025-01-15 03:46:00,32.34,32.34,32.34,32.34,0.44
2025-01-15 03:47:00,32.32,32.33,32.32,32.33,1.08
2025-01-15 03:48:00,32.35,32.35,32.34,32.35,75.19
2025-01-15 03:49:00,32.36,32.41,32.36,32.38,182.29
2025-01-15 03:50:00,32.41,32.42,32.41,32.42,15.98
2025-01-15 03:51:00,32.43,32.48,32.43,32.48,24.38
2025-01-15 03:52:00,32.46,32.46,32.45,32.45,41.29
2025-01-15 03:53:00,32.45,32.45,32.45,32.45,0.32
2025-01-15 03:54:00,32.45,32.45,32.45,32.45,0.0
2025-01-15 03:55:00,32.49,32.49,32.49,32.49,3.29
2025-01-15 03:56:00,32.48,32.51,32.48,32.51,436.34
2025-01-15 03:57:00,32.53,32.54,32.52,32.52,27.49
2025-01-15 03:58:00,32.55,32.55,32.55,32.55,2.42
2025-01-15 03:59:00,32.55,32.58,32.55,32.57,53.23
2025-01-15 04:00:00,32.58,32.69,32.58,32.68,342.6
2025-01-15 04:01:00,32.66,32.67,32.62,32.63,154.86
2025-01-15 04:02:00,32.63,32.64,32.61,32.61,36.86
2025-01-15 04:03:00,32.61,32.61,32.6,32.61,5.79
2025-01-15 04:04:00,32.58,32.6,32.57,32.6,14.81
2025-01-15 04:05:00,32.57,32.57,32.55,32.57,12.96
2025-01-15 04:06:00,32.62,32.64,32.6,32.6,13.0
2025-01-15 04:07:00,32.6,32.6,32.56,32.57,59.58
2025-01-15 04:08:00,32.56,32.56,32.54,32.54,1.09
2025-01-15 04:09:00,32.56,32.59,32.56,32.57,116.55
2025-01-15 04:10:00,32.57,32.57,32.51,32.51,89.98
2025-01-15 04:11:00,32.5,32.51,32.5,32.51,7.86
2025-01-15 04:12:00,32.51,32.51,32.51,32.51,0.0
2025-01-15 04:13:00,32.51,32.51,32.51,32.51,0.0
2025-01-15 04:14:00,32.46,32.46,32.44,32.44,27.91
2025-01-15 04:15:00,32.43,32.43,32.41,32.41,163.93
2025-01-15 04:16:00,32.41,32.41,32.38,32.38,5.03
2025-01-15 04:17:00,32.38,32.38,32.35,32.35,91.7
2025-01-15 04:18:00,32.4,32.4,32.38,32.38,5.22
2025-01-15 04:19:00,32.37,32.37,32.35,32.35,13.81
2025-01-15 04:20:00,32.36,32.36,32.35,32.35,14.01
2025-01-15 04:21:00,32.37,32.39,32.37,32.39,34.19
2025-01-15 04:22:00,32.39,32.39,32.38,32.39,68.39
2025-01-15 04:23:00,32.38,32.38,32.38,32.38,1.4
2025-01-15 04:24:00,32.41,32.41,32.41,32.41,5.86
2025-01-15 04:25:00,32.42,32.44,32.42,32.43,9.23
2025-01-15 04:26:00,32.46,32.46,32.46,32.46,5.66
2025-01-15 04:27:00,32.47,32.47,32.47,32.47,7.43
2025-01-15 04:28:00,32.47,32.47,32.46,32.46,90.72
2025-01-15 04:29:00,32.45,32.47,32.45,32.46,211.6
2025-01-15 04:30:00,32.45,32.45,32.45,32.45,19.22
2025-01-15 04:31:00,32.44,32.44,32.42,32.42,68.11
2025-01-15 04:32:00,32.42,32.42,32.42,32.42,11.22
2025-01-15 04:33:00,32.46,32.46,32.45,32.45,9.82
2025-01-15 04:34:00,32.45,32.45,32.45,32.45,1.47
2025-01-15 04:35:00,32.47,32.48,32.47,32.48,1.75
2025-01-15 04:36:00,32.5,32.5,32.49,32.49,15.15
2025-01-15 04:37:00,32.46,32.46,32.46,32.46,9.74
2025-01-15 04:38:00,32.46,32.46,32.46,32.46,0.0
2025-01-15 04:39:00,32.48,32.48,32.48,32.48,0.6
2025-01-15 04:40:00,32.48,32.48,32.48,32.48,12.32
2025-01-15 04:41:00,32.47,32.47,32.45,32.45,24.2
2025-01-15 04:42:00,32.43,32.44,32.43,32.44,18.2
2025-01-15 04:43:00,32.4,32.4,32.39,32.39,60.29
2025-01-15 04:44:00,32.4,32.4,32.4,32.4,0.61
2025-01-15 04:45:00,32.44,32.47,32.43,32.43,254.08
2025-01-15 04:46:00,32.42,32.44,32.42,32.42,30.15
2025-01-15 04:47:00,32.4,32.4,32.4,32.4,0.67
2025-01-15 04:48:00,32.43,32.43,32.43,32.43,0.8
2025-01-15 04:49:00,32.42,32.42,32.39,32.39,24.0
2025-01-15 04:50:00,32.41,32.42,32.41,32.42,36.71
2025-01-15 04:51:00,32.42,32.45,32.41,32.44,38.6
2025-01-15 04:52:00,32.45,32.45,32.44,32.44,1.8
2025-01-15 04:53:00,32.44,32.46,32.43,32.44,44.56
2025-01-15 04:54:00,32.47,32.49,32.45,32.49,50.37
2025-01-15 04:55:00,32.49,32.49,32.49,32.49,34.32
2025-01-15 04:56:00,32.5,32.51,32.48,32.48,324.9
2025-01-15 04:57:00,32.48,32.48,32.47,32.48,76.32
2025-01-15 04:58:00,32.47,32.47,32.47,32.47,4.72
2025-01-15 04:59:00,32.48,32.48,32.46,32.46,30.32
2025-01-15 05:00:00,32.46,32.46,32.45,32.45,13.47
2025-01-15 05:01:00,32.45,32.45,32.4,32.4,158.77
2025-01-15 05:02:00,32.4,32.45,32.4,32.45,26.31
2025-01-15 05:03:00,32.45,32.45,32.41,32.41,15.1
2025-01-15 05:04:00,32.39,32.4,32.39,32.4,13.72
2025-01-15 05:05:00,32.39,32.39,32.34,32.34,38.05
2025-01-15 05:06:00,32.37,32.38,32.37,32.37,16.72
2025-01-15 05:07:00,32.36,32.36,32.33,32.33,138.28
2025-01-15 05:08:00,32.33,32.35,32.33,32.34,20.07
2025-01-15 05:09:00,32.33,32.33,32.29,32.29,320.21
2025-01-15 05:10:00,32.3,32.3,32.28,32.29,142.31
2025-01-15 05:11:00,32.31,32.32,32.27,32.27,115.16
2025-01-15 05:12:00,32.28,32.29,32.28,32.29,21.32
2025-01-15 05:13:00,32.31,32.34,32.31,32.34,21.25
2025-01-15 05:14:00,32.34,32.36,32.33,32.35,69.71
2025-01-15 05:15:00,32.33,32.34,32.3,32.31,55.82
2025-01-15 05:16:00,32.32,32.32,32.3,32.3,49.75
2025-01-15 05:17:00,32.3,32.3,32.3,32.3,0.0
2025-01-15 05:18:00,32.27,32.27,32.27,32.27,93.44
2025-01-15 05:19:00,32.3,32.3,32.3,32.3,28.97
2025-01-15 05:20:00,32.32,32.32,32.32,32.32,4.0
2025-01-15 05:21:00,32.33,32.33,32.32,32.33,45.85
2025-01-15 05:22:00,32.34,32.34,32.34,32.34,0.92
2025-01-15 05:23:00,32.35,32.36,32.35,32.35,25.18
2025-01-15 05:24:00,32.34,32.34,32.34,32.34,1.13
2025-01-15 05:25:00,32.35,32.35,32.35,32.35,4.63
2025-01-15 05:26:00,32.36,32.36,32.36,32.36,0.7
2025-01-15 05:27:00,32.36,32.37,32.36,32.37,9.24
2025-01-15 05:28:00,32.39,32.4,32.38,32.38,124.47
2025-01-15 05:29:00,32.4,32.42,32.4,32.42,50.32
2025-01-15 05:30:00,32.39,32.39,32.36,32.36,36.7
2025-01-15 05:31:00,32.39,32.39,32.38,32.38,12.06
2025-01-15 05:32:00,32.4,32.43,32.4,32.43,1.21
2025-01-15 05:33:00,32.43,32.45,32.43,32.45,46.85
2025-01-15 05:34:00,32.45,32.45,32.44,32.45,5.05
2025-01-15 05:35:00,32.45,32.45,32.45,32.45,0.0
2025-01-15 05:36:00,32.42,32.44,32.4,32.44,42.07
2025-01-15 05:37:00,32.47,32.51,32.47,32.51,8.62
2025-01-15 05:38:00,32.5,32.5,32.5,32.5,56.42
2025-01-15 05:39:00,32.5,32.5,32.5,32.5,0.0
2025-01-15 05:40:00,32.52,32.52,32.5,32.5,2.23
2025-01-15 05:41:00,32.48,32.48,32.43,32.43,20.44
2025-01-15 05:42:00,32.45,32.46,32.44,32.46,101.7
2025-01-15 05:43:00,32.46,32.48,32.46,32.47,1.72
2025-01-15 05:44:00,32.47,32.47,32.47,32.47,0.0
2025-01-15 05:45:00,32.46,32.5,32.46,32.5,33.05
2025-01-15 05:46:00,32.5,32.51,32.49,32.49,199.27
2025-01-15 05:47:00,32.48,32.49,32.48,32.48,30.54
2025-01-15 05:48:00,32.49,32.51,32.49,32.51,36.43
2025-01-15 05:49:00,32.51,32.52,32.49,32.49,41.2
2025-01-15 05:50:00,32.5,32.5,32.5,32.5,1.53
2025-01-15 05:51:00,32.5,32.5,32.48,32.49,15.48
2025-01-15 05:52:00,32.48,32.48,32.47,32.47,3.43
2025-01-15 05:53:00,32.5,32.5,32.5,32.5,0.51
2025-01-15 05:54:00,32.5,32.5,32.5,32.5,0.0
2025-01-15 05:55:00,32.53,32.53,32.53,32.53,0.8
2025-01-15 05:56:00,32.51,32.52,32.51,32.52,4.24
2025-01-15 05:57:00,32.53,32.53,32.51,32.51,14.96
2025-01-15 05:58:00,32.5,32.5,32.49,32.49,4.58
2025-01-15 05:59:00,32.51,32.51,32.51,32.51,0.99
2025-01-15 06:00:00,32.52,32.53,32.51,32.51,13.76
2025-01-15 06:01:00,32.55,32.55,32.52,32.52,15.37
2025-01-15 06:02:00,32.51,32.52,32.51,32.52,14.46
2025-01-15 06:03:00,32.5,32.5,32.48,32.5,9.27
2025-01-15 06:04:00,32.49,32.49,32.46,32.46,116.52
2025-01-15 06:05:00,32.46,32.47,32.46,32.47,2.92
2025-01-15 06:06:00,32.47,32.47,32.43,32.43,171.56
2025-01-15 06:07:00,32.45,32.45,32.43,32.43,7.2
2025-01-15 06:08:00,32.43,32.43,32.38,32.38,31.48
2025-01-15 06:09:00,32.37,32.37,32.37,32.37,15.59
2025-01-15 06:10:00,32.38,32.38,32.38,32.38,7.43
2025-01-15 06:11:00,32.38,32.43,32.38,32.43,116.82
2025-01-15 06:12:00,32.41,32.41,32.41,32.41,1.3
2025-01-15 06:13:00,32.36,32.36,32.35,32.35,33.75
2025-01-15 06:14:00,32.37,32.37,32.36,32.36,24.03
2025-01-15 06:15:00,32.37,32.37,32.36,32.36,37.72
2025-01-15 06:16:00,32.38,32.38,32.38,32.38,0.5
2025-01-15 06:17:00,32.38,32.38,32.34,32.34,15.71
2025-01-15 06:18:00,32.31,32.31,32.3,32.31,186.12
2025-01-15 06:19:00,32.31,32.31,32.31,32.31,0.7
2025-01-15 06:20:00,32.31,32.32,32.3,32.32,34.29
2025-01-15 06:21:00,32.31,32.31,32.31,32.31,1.31
2025-01-15 06:22:00,32.34,32.35,32.34,32.34,9.42
2025-01-15 06:23:00,32.35,32.36,32.35,32.36,21.45
2025-01-15 06:24:00,32.36,32.36,32.35,32.35,1.45
2025-01-15 06:25:00,32.32,32.33,32.32,32.33,7.7
2025-01-15 06:26:00,32.33,32.33,32.33,32.33,0.0
2025-01-15 06:27:00,32.32,32.32,32.32,32.32,0.37
2025-01-15 06:28:00,32.33,32.33,32.31,32.31,17.23
2025-01-15 06:29:00,32.31,32.31,32.29,32.29,103.06
2025-01-15 06:30:00,32.3,32.37,32.3,32.37,13.0
2025-01-15 06:31:00,32.37,32.37,32.34,32.34,29.49
2025-01-15 06:32:00,32.34,32.34,32.33,32.33,2.59
2025-01-15 06:33:00,32.33,32.35,32.32,32.35,111.82
2025-01-15 06:34:00,32.32,32.34,32.32,32.34,50.93
2025-01-15 06:35:00,32.36,32.36,32.33,32.33,5.82
2025-01-15 06:36:00,32.36,32.37,32.36,32.36,25.7
2025-01-15 06:37:00,32.37,32.38,32.37,32.38,1.79
2025-01-15 06:38:00,32.38,32.4,32.38,32.4,81.35
2025-01-15 06:39:00,32.42,32.42,32.42,32.42,0.54
2025-01-15 06:40:00,32.42,32.45,32.42,32.45,45.02
2025-01-15 06:41:00,32.46,32.47,32.46,32.46,13.5
2025-01-15 06:42:00,32.46,32.46,32.45,32.45,21.22
2025-01-15 06:43:00,32.46,32.46,32.46,32.46,0.64
2025-01-15 06:44:00,32.46,32.46,32.46,32.46,0.0
2025-01-15 06:45:00,32.45,32.45,32.45,32.45,15.87
2025-01-15 06:46:00,32.48,32.48,32.45,32.45,25.65
2025-01-15 06:47:00,32.45,32.46,32.45,32.45,217.85
2025-01-15 06:48:00,32.45,32.45,32.45,32.45,0.22
2025-01-15 06:49:00,32.45,32.45,32.45,32.45,0.0
2025-01-15 06:50:00,32.49,32.56,32.49,32.56,30.36
2025-01-15 06:51:00,32.56,32.56,32.56,32.56,10.91
2025-01-15 06:52:00,32.57,32.6,32.57,32.6,18.38
2025-01-15 06:53:00,32.62,32.62,32.61,32.61,29.3
2025-01-15 06:54:00,32.6,32.6,32.58,32.59,17.75
2025-01-15 06:55:00,32.59,32.59,32.55,32.55,23.22
2025-01-15 06:56:00,32.57,32.57,32.56,32.56,48.17
2025-01-15 06:57:00,32.56,32.57,32.56,32.57,21.26
2025-01-15 06:58:00,32.58,32.58,32.58,32.58,9.04
2025-01-15 06:59:00,32.58,32.59,32.56,32.56,31.22
2025-01-15 07:00:00,32.59,32.62,32.59,32.62,1.85
2025-01-15 07:01:00,32.63,32.67,32.62,32.66,74.89
2025-01-15 07:02:00,32.68,32.69,32.68,32.69,24.3
2025-01-15 07:03:00,32.7,32.7,32.68,32.68,47.81
2025-01-15 07:04:00,32.69,32.7,32.68,32.68,481.81
2025-01-15 07:05:00,32.66,32.68,32.66,32.68,83.35
2025-01-15 07:06:00,32.69,32.69,32.68,32.68,102.69
2025-01-15 07:07:00,32.68,32.7,32.68,32.68,113.0
2025-01-15 07:08:00,32.65,32.66,32.65,32.66,14.3
2025-01-15 07:09:00,32.67,32.67,32.67,32.67,7.68
2025-01-15 07:10:00,32.69,32.74,32.69,32.71,2456.26
2025-01-15 07:11:00,32.7,32.72,32.7,32.71,37.23
2025-01-15 07:12:00,32.7,32.7,32.68,32.68,35.03
2025-01-15 07:13:00,32.68,32.68,32.67,32.67,31.1
2025-01-15 07:14:00,32.68,32.68,32.66,32.66,62.04
2025-01-15 07:15:00,32.71,32.71,32.71,32.71,0.37
2025-01-15 07:16:00,32.74,32.74,32.74,32.74,23.7
2025-01-15 07:17:00,32.73,32.76,32.73,32.74,190.09
2025-01-15 07:18:00,32.73,32.78,32.73,32.78,165.74
2025-01-15 07:19:00,32.78,32.78,32.76,32.78,47.74
2025-01-15 07:20:00,32.78,32.78,32.76,32.77,42.19
2025-01-15 07:21:00,32.77,32.81,32.77,32.81,26.1
2025-01-15 07:22:00,32.82,32.84,32.82,32.84,233.98
2025-01-15 07:23:00,32.86,32.86,32.81,32.81,25.94
2025-01-15 07:24:00,32.81,32.85,32.8,32.82,376.06
2025-01-15 07:25:00,32.82,32.82,32.81,32.82,153.59
2025-01-15 07:26:00,32.82,32.82,32.81,32.81,47.27
2025-01-15 07:27:00,32.81,32.83,32.8,32.82,22.82
2025-01-15 07:28:00,32.82,32.86,32.82,32.85,80.41
2025-01-15 07:29:00,32.86,32.86,32.85,32.85,150.3
2025-01-15 07:30:00,32.87,32.9,32.87,32.87,42.99
2025-01-15 07:31:00,32.87,32.87,32.83,32.83,174.42
2025-01-15 07:32:00,32.83,32.83,32.83,32.83,24.17
2025-01-15 07:33:00,32.82,32.82,32.82,32.82,0.6
2025-01-15 07:34:00,32.87,32.88,32.83,32.84,260.67
2025-01-15 07:35:00,32.85,32.86,32.85,32.85,42.03
2025-01-15 07:36:00,32.83,32.84,32.82,32.83,73.63
2025-01-15 07:37:00,32.84,32.88,32.84,32.88,83.53
2025-01-15 07:38:00,32.87,32.88,32.87,32.87,66.77
2025-01-15 07:39:00,32.87,32.87,32.87,32.87,13.11
2025-01-15 07:40:00,32.86,32.86,32.83,32.83,7.02
2025-01-15 07:41:00,32.82,32.86,32.82,32.86,36.29
2025-01-15 07:42:00,32.86,32.89,32.86,32.88,141.36
2025-01-15 07:43:00,32.88,32.88,32.88,32.88,38.76
2025-01-15 07:44:00,32.89,32.89,32.86,32.86,224.63
2025-01-15 07:45:00,32.84,32.86,32.84,32.86,33.27
2025-01-15 07:46:00,32.87,32.87,32.85,32.85,86.24
2025-01-15 07:47:00,32.85,32.87,32.84,32.84,25.4
2025-01-15 07:48:00,32.84,32.84,32.82,32.84,141.55
2025-01-15 07:49:00,32.84,32.87,32.83,32.86,108.92
2025-01-15 07:50:00,32.87,32.88,32.85,32.85,199.13
2025-01-15 07:51:00,32.85,32.85,32.84,32.84,33.12
2025-01-15 07:52:00,32.86,32.86,32.82,32.84,94.46
2025-01-15 07:53:00,32.82,32.82,32.75,32.75,83.99
2025-01-15 07:54:00,32.76,32.76,32.73,32.73,244.46
2025-01-15 07:55:00,32.75,32.81,32.73,32.77,249.71
2025-01-15 07:56:00,32.78,32.78,32.75,32.76,493.53
2025-01-15 07:57:00,32.77,32.78,32.75,32.78,143.19
2025-01-15 07:58:00,32.79,32.79,32.76,32.77,27.88
2025-01-15 07:59:00,32.79,32.82,32.79,32.82,61.11
2025-01-15 08:00:00,32.82,32.95,32.81,32.82,629.9
2025-01-15 08:01:00,32.83,32.83,32.79,32.8,253.62
2025-01-15 08:02:00,32.81,32.88,32.81,32.86,575.44
2025-01-15 08:03:00,32.89,32.97,32.89,32.94,88.61
2025-01-15 08:04:00,32.94,32.94,32.88,32.91,66.52
2025-01-15 08:05:00,32.9,32.9,32.86,32.88,35.55
2025-01-15 08:06:00,32.88,32.88,32.82,32.85,311.53
2025-01-15 08:07:00,32.86,32.86,32.85,32.86,18.51
2025-01-15 08:08:00,32.82,32.85,32.82,32.85,51.24
2025-01-15 08:09:00,32.86,32.88,32.86,32.86,39.19
2025-01-15 08:10:00,32.89,32.89,32.86,32.86,115.48
2025-01-15 08:11:00,32.92,32.94,32.92,32.94,38.04
2025-01-15 08:12:00,32.93,32.93,32.92,32.93,89.63
2025-01-15 08:13:00,32.91,32.91,32.9,32.91,46.22
2025-01-15 08:14:00,32.92,32.92,32.9,32.91,25.03
2025-01-15 08:15:00,32.91,32.93,32.85,32.85,59.06
2025-01-15 08:16:00,32.84,32.86,32.84,32.84,37.22
2025-01-15 08:17:00,32.85,32.87,32.85,32.87,31.19
2025-01-15 08:18:00,32.85,32.91,32.83,32.91,302.42
2025-01-15 08:19:00,32.9,32.9,32.85,32.85,93.57
2025-01-15 08:20:00,32.85,32.89,32.83,32.87,86.2
2025-01-15 08:21:00,32.88,32.92,32.88,32.91,32.51
2025-01-15 08:22:00,32.93,32.93,32.89,32.89,126.55
2025-01-15 08:23:00,32.86,32.88,32.86,32.88,33.18
2025-01-15 08:24:00,32.87,32.91,32.87,32.91,183.49
2025-01-15 08:25:00,32.92,33.0,32.92,33.0,296.23
2025-01-15 08:26:00,33.0,33.01,32.99,33.0,43.26
2025-01-15 08:27:00,32.99,33.05,32.99,33.03,316.69
2025-01-15 08:28:00,33.04,33.04,33.02,33.02,75.17
2025-01-15 08:29:00,33.02,33.08,33.01,33.08,314.26
2025-01-15 08:30:00,33.08,33.08,33.01,33.01,29.48
2025-01-15 08:31:00,33.0,33.04,32.99,33.04,42.28
2025-01-15 08:32:00,33.05,33.08,33.04,33.08,88.92
2025-01-15 08:33:00,33.08,33.08,33.04,33.04,19.34
2025-01-15 08:34:00,33.05,33.06,33.04,33.05,31.19
2025-01-15 08:35:00,33.03,33.07,33.03,33.05,23.11
2025-01-15 08:36:00,33.07,33.08,33.05,33.05,10.35
2025-01-15 08:37:00,33.05,33.06,33.03,33.03,167.06
2025-01-15 08:38:00,33.07,33.07,33.03,33.03,90.86
2025-01-15 08:39:00,33.03,33.05,33.03,33.03,321.47
2025-01-15 08:40:00,33.02,33.02,32.94,32.94,170.23
2025-01-15 08:41:00,32.95,32.96,32.94,32.94,3.25
2025-01-15 08:42:00,32.93,32.94,32.89,32.89,71.84
2025-01-15 08:43:00,32.9,32.9,32.87,32.87,8.3
2025-01-15 08:44:00,32.91,32.91,32.9,32.9,149.66
2025-01-15 08:45:00,32.89,32.89,32.86,32.89,74.34
2025-01-15 08:46:00,32.9,32.9,32.84,32.84,121.64
2025-01-15 08:47:00,32.83,32.83,32.83,32.83,6.04
2025-01-15 08:48:00,32.85,32.86,32.84,32.84,33.16
2025-01-15 08:49:00,32.82,32.82,32.78,32.78,125.67
2025-01-15 08:50:00,32.77,32.78,32.77,32.78,33.88
2025-01-15 08:51:00,32.76,32.76,32.73,32.73,14.58
2025-01-15 08:52:00,32.76,32.76,32.71,32.71,624.0
2025-01-15 08:53:00,32.71,32.71,32.69,32.7,199.69
2025-01-15 08:54:00,32.7,32.7,32.7,32.7,2.92
2025-01-15 08:55:00,32.71,32.71,32.68,32.7,53.23
2025-01-15 08:56:00,32.7,32.7,32.68,32.68,65.19
2025-01-15 08:57:00,32.69,32.7,32.69,32.7,1.9
2025-01-15 08:58:00,32.69,32.72,32.69,32.72,72.89
2025-01-15 08:59:00,32.71,32.71,32.7,32.7,1.35
2025-01-15 09:00:00,32.69,32.73,32.69,32.72,33.6
2025-01-15 09:01:00,32.71,32.71,32.63,32.64,333.14
2025-01-15 09:02:00,32.64,32.64,32.57,32.57,68.09
2025-01-15 09:03:00,32.58,32.66,32.58,32.65,124.26
2025-01-15 09:04:00,32.66,32.66,32.58,32.58,132.03
2025-01-15 09:05:00,32.58,32.58,32.53,32.54,79.31
2025-01-15 09:06:00,32.55,32.6,32.55,32.58,78.54
2025-01-15 09:07:00,32.57,32.58,32.54,32.54,78.72
2025-01-15 09:08:00,32.54,32.54,32.54,32.54,0.0
2025-01-15 09:09:00,32.57,32.58,32.54,32.54,59.64
2025-01-15 09:10:00,32.57,32.59,32.57,32.59,41.8
2025-01-15 09:11:00,32.58,32.63,32.58,32.63,57.8
2025-01-15 09:12:00,32.63,32.65,32.62,32.62,181.7
2025-01-15 09:13:00,32.61,32.63,32.6,32.6,76.12
2025-01-15 09:14:00,32.59,32.59,32.57,32.57,72.81
2025-01-15 09:15:00,32.59,32.62,32.59,32.6,22.96
2025-01-15 09:16:00,32.6,32.6,32.58,32.58,3.5
2025-01-15 09:17:00,32.56,32.59,32.55,32.59,20.01
2025-01-15 09:18:00,32.57,32.57,32.55,32.55,44.59
2025-01-15 09:19:00,32.56,32.56,32.56,32.56,2.72
2025-01-15 09:20:00,32.56,32.58,32.54,32.58,48.0
2025-01-15 09:21:00,32.58,32.58,32.54,32.54,49.04
2025-01-15 09:22:00,32.54,32.54,32.53,32.54,31.08
2025-01-15 09:23:00,32.52,32.52,32.5,32.5,3.75
2025-01-15 09:24:00,32.5,32.5,32.44,32.44,244.81
2025-01-15 09:25:00,32.46,32.46,32.39,32.4,193.38
2025-01-15 09:26:00,32.41,32.44,32.4,32.44,292.47
2025-01-15 09:27:00,32.42,32.42,32.41,32.41,38.43
2025-01-15 09:28:00,32.41,32.43,32.41,32.43,41.42
2025-01-15 09:29:00,32.45,32.45,32.4,32.4,112.68
2025-01-15 09:30:00,32.4,32.44,32.4,32.41,61.61
2025-01-15 09:31:00,32.41,32.43,32.41,32.41,45.9
2025-01-15 09:32:00,32.46,32.48,32.43,32.43,243.69
2025-01-15 09:33:00,32.42,32.44,32.38,32.38,253.88
2025-01-15 09:34:00,32.36,32.4,32.36,32.39,34.84
2025-01-15 09:35:00,32.36,32.4,32.36,32.4,26.83
2025-01-15 09:36:00,32.39,32.39,32.35,32.35,42.65
2025-01-15 09:37:00,32.35,32.35,32.29,32.29,65.36
2025-01-15 09:38:00,32.3,32.31,32.29,32.31,47.66
2025-01-15 09:39:00,32.29,32.31,32.29,32.31,79.72
2025-01-15 09:40:00,32.31,32.35,32.31,32.31,237.49
2025-01-15 09:41:00,32.31,32.33,32.31,32.33,19.53
2025-01-15 09:42:00,32.35,32.35,32.32,32.32,162.49
2025-01-15 09:43:00,32.31,32.35,32.31,32.35,42.79
2025-01-15 09:44:00,32.33,32.34,32.33,32.34,2.63
2025-01-15 09:45:00,32.32,32.35,32.32,32.34,133.92
2025-01-15 09:46:00,32.34,32.34,32.24,32.24,386.45
2025-01-15 09:47:00,32.24,32.24,32.15,32.16,1358.91
2025-01-15 09:48:00,32.15,32.16,32.13,32.13,318.61
2025-01-15 09:49:00,32.12,32.13,32.07,32.07,368.94
2025-01-15 09:50:00,32.07,32.08,32.04,32.05,422.59
2025-01-15 09:51:00,32.05,32.06,32.02,32.04,162.15
2025-01-15 09:52:00,32.06,32.09,32.03,32.03,43.92
2025-01-15 09:53:00,32.04,32.08,32.02,32.06,683.47
2025-01-15 09:54:00,32.05,32.05,32.02,32.02,149.53
2025-01-15 09:55:00,32.02,32.04,32.01,32.04,68.64
2025-01-15 09:56:00,32.02,32.02,31.95,31.98,1458.58
2025-01-15 09:57:00,32.02,32.02,31.98,31.98,25.84
2025-01-15 09:58:00,32.01,32.03,32.01,32.01,78.68
2025-01-15 09:59:00,32.0,32.01,31.99,32.0,141.04
2025-01-15 10:00:00,31.99,32.02,31.99,32.02,123.31
2025-01-15 10:01:00,32.04,32.09,32.04,32.06,212.28
2025-01-15 10:02:00,32.06,32.12,32.06,32.12,195.17
2025-01-15 10:03:00,32.1,32.1,32.09,32.1,19.45
2025-01-15 10:04:00,32.12,32.13,32.12,32.12,20.23
2025-01-15 10:05:00,32.11,32.13,32.11,32.13,2.81
2025-01-15 10:06:00,32.15,32.16,32.14,32.14,253.42
2025-01-15 10:07:00,32.15,32.15,32.14,32.14,61.83
2025-01-15 10:08:00,32.14,32.16,32.14,32.15,55.6
2025-01-15 10:09:00,32.14,32.14,32.14,32.14,14.52
2025-01-15 10:10:00,32.14,32.14,32.13,32.13,103.35
2025-01-15 10:11:00,32.12,32.12,32.1,32.1,114.8
2025-01-15 10:12:00,32.11,32.14,32.11,32.12,183.07
2025-01-15 10:13:00,32.13,32.15,32.12,32.15,32.7
2025-01-15 10:14:00,32.15,32.15,32.11,32.11,107.15
2025-01-15 10:15:00,32.1,32.11,32.08,32.08,58.87
2025-01-15 10:16:00,32.09,32.14,32.08,32.14,43.48
2025-01-15 10:17:00,32.14,32.14,32.1,32.11,42.69
2025-01-15 10:18:00,32.08,32.08,32.06,32.08,57.51
2025-01-15 10:19:00,32.09,32.11,32.09,32.11,29.62
2025-01-15 10:20:00,32.11,32.14,32.11,32.14,83.59
2025-01-15 10:21:00,32.14,32.16,32.14,32.16,43.11
2025-01-15 10:22:00,32.16,32.17,32.15,32.17,75.7
2025-01-15 10:23:00,32.17,32.19,32.17,32.19,86.01
2025-01-15 10:24:00,32.2,32.2,32.19,32.2,17.75
2025-01-15 10:25:00,32.19,32.21,32.19,32.2,69.21
2025-01-15 10:26:00,32.2,32.21,32.2,32.21,34.84
2025-01-15 10:27:00,32.21,32.21,32.21,32.21,6.8
2025-01-15 10:28:00,32.21,32.23,32.2,32.21,62.64
2025-01-15 10:29:00,32.21,32.23,32.21,32.23,25.94
2025-01-15 10:30:00,32.22,32.22,32.18,32.18,351.96
2025-01-15 10:31:00,32.19,32.2,32.18,32.18,19.3
2025-01-15 10:32:00,32.18,32.26,32.18,32.26,66.48
2025-01-15 10:33:00,32.25,32.25,32.23,32.24,21.43
2025-01-15 10:34:00,32.25,32.25,32.24,32.25,12.08
2025-01-15 10:35:00,32.25,32.27,32.22,32.22,64.97
2025-01-15 10:36:00,32.23,32.26,32.23,32.26,137.76
2025-01-15 10:37:00,32.27,32.28,32.27,32.27,144.91
2025-01-15 10:38:00,32.28,32.29,32.28,32.28,163.96
2025-01-15 10:39:00,32.27,32.28,32.27,32.28,30.18
2025-01-15 10:40:00,32.27,32.28,32.27,32.27,22.42
2025-01-15 10:41:00,32.24,32.24,32.2,32.2,65.36
2025-01-15 10:42:00,32.19,32.19,32.17,32.18,25.8
2025-01-15 10:43:00,32.18,32.19,32.18,32.19,66.9
2025-01-15 10:44:00,32.21,32.21,32.19,32.19,24.95
2025-01-15 10:45:00,32.21,32.21,32.2,32.2,14.65
2025-01-15 10:46:00,32.21,32.21,32.2,32.2,11.0
2025-01-15 10:47:00,32.2,32.21,32.2,32.2,6.46
2025-01-15 10:48:00,32.21,32.22,32.21,32.22,11.1
2025-01-15 10:49:00,32.2,32.2,32.18,32.18,34.58
2025-01-15 10:50:00,32.17,32.18,32.17,32.18,237.72
2025-01-15 10:51:00,32.16,32.16,32.15,32.15,13.49
2025-01-15 10:52:00,32.16,32.18,32.16,32.16,151.09
2025-01-15 10:53:00,32.17,32.17,32.17,32.17,9.3
2025-01-15 10:54:00,32.17,32.17,32.17,32.17,0.0
2025-01-15 10:55:00,32.19,32.19,32.19,32.19,8.47
2025-01-15 10:56:00,32.19,32.19,32.13,32.13,189.68
2025-01-15 10:57:00,32.12,32.12,32.11,32.12,76.09
2025-01-15 10:58:00,32.12,32.12,32.12,32.12,0.0
2025-01-15 10:59:00,32.17,32.18,32.16,32.16,13.83
2025-01-15 11:00:00,32.17,32.18,32.15,32.15,31.83
2025-01-15 11:01:00,32.15,32.15,32.07,32.07,11.22
2025-01-15 11:02:00,32.06,32.06,32.06,32.06,6.48
2025-01-15 11:03:00,32.08,32.08,32.08,32.08,3.7
2025-01-15 11:04:00,32.07,32.07,32.04,32.04,11.63
2025-01-15 11:05:00,32.09,32.1,32.09,32.1,37.92
2025-01-15 11:06:00,32.11,32.11,32.09,32.09,4.94
2025-01-15 11:07:00,32.09,32.09,32.01,32.01,47.27
2025-01-15 11:08:00,32.02,32.02,31.99,32.0,75.87
2025-01-15 11:09:00,31.97,31.97,31.89,31.94,304.48
2025-01-15 11:10:00,31.93,31.96,31.91,31.93,298.86
2025-01-15 11:11:00,31.96,32.0,31.95,31.95,197.03
2025-01-15 11:12:00,31.95,31.97,31.94,31.95,118.03
2025-01-15 11:13:00,31.98,31.99,31.98,31.99,25.66
2025-01-15 11:14:00,31.98,32.01,31.98,32.0,162.55
2025-01-15 11:15:00,32.0,32.05,31.99,31.99,100.44
2025-01-15 11:16:00,31.98,31.98,31.87,31.89,67.02
2025-01-15 11:17:00,31.91,31.93,31.91,31.91,34.56
2025-01-15 11:18:00,31.88,31.89,31.85,31.89,110.48
2025-01-15 11:19:00,31.86,31.88,31.86,31.87,41.08
2025-01-15 11:20:00,31.87,31.9,31.86,31.87,49.47
2025-01-15 11:21:00,31.93,31.94,31.9,31.9,56.07
2025-01-15 11:22:00,31.9,31.92,31.86,31.87,260.2
2025-01-15 11:23:00,31.88,31.88,31.83,31.85,164.19
2025-01-15 11:24:00,31.86,31.89,31.78,31.8,488.8
2025-01-15 11:25:00,31.8,31.81,31.79,31.81,122.56
2025-01-15 11:26:00,31.8,31.88,31.8,31.88,293.44
2025-01-15 11:27:00,31.86,31.89,31.85,31.89,72.9
2025-01-15 11:28:00,31.9,31.9,31.87,31.87,9.68
2025-01-15 11:29:00,31.87,31.87,31.85,31.87,36.71
2025-01-15 11:30:00,31.91,31.94,31.9,31.92,221.58
2025-01-15 11:31:00,31.92,31.94,31.9,31.94,59.27
2025-01-15 11:32:00,31.94,31.96,31.87,31.88,146.53
2025-01-15 11:33:00,31.85,31.86,31.82,31.82,94.59
2025-01-15 11:34:00,31.87,31.93,31.87,31.93,113.56
2025-01-15 11:35:00,31.91,31.91,31.86,31.88,199.22
2025-01-15 11:36:00,31.91,31.99,31.91,31.99,50.91
2025-01-15 11:37:00,31.99,32.0,31.97,32.0,57.29
2025-01-15 11:38:00,31.98,32.0,31.98,32.0,31.95
2025-01-15 11:39:00,32.0,32.0,31.98,32.0,20.9
2025-01-15 11:40:00,31.99,31.99,31.97,31.98,39.59
2025-01-15 11:41:00,31.95,31.95,31.94,31.94,19.69
2025-01-15 11:42:00,31.95,31.98,31.95,31.98,168.53
2025-01-15 11:43:00,31.97,31.99,31.97,31.99,54.1
2025-01-15 11:44:00,31.96,31.97,31.96,31.96,191.29
2025-01-15 11:45:00,31.95,32.01,31.94,32.01,129.38
2025-01-15 11:46:00,32.01,32.04,32.01,32.04,26.99
2025-01-15 11:47:00,32.03,32.05,32.03,32.04,20.21
2025-01-15 11:48:00,32.04,32.05,32.04,32.05,24.9
2025-01-15 11:49:00,32.03,32.03,32.03,32.03,0.5
2025-01-15 11:50:00,32.05,32.09,32.05,32.09,70.25
2025-01-15 11:51:00,32.09,32.09,32.04,32.04,7.0
2025-01-15 11:52:00,32.04,32.04,32.04,32.04,0.8
2025-01-15 11:53:00,32.08,32.08,32.04,32.04,6.56
2025-01-15 11:54:00,32.04,32.04,32.04,32.04,1.15
2025-01-15 11:55:00,32.05,32.05,32.04,32.05,15.85
2025-01-15 11:56:00,32.05,32.05,32.04,32.05,13.89
2025-01-15 11:57:00,32.02,32.02,32.01,32.02,2.33
2025-01-15 11:58:00,32.04,32.06,32.04,32.06,14.29
2025-01-15 11:59:00,32.06,32.07,32.06,32.07,39.97
2025-01-15 12:00:00,32.08,32.14,32.08,32.1,112.75
2025-01-15 12:01:00,32.08,32.08,32.05,32.05,63.6
2025-01-15 12:02:00,32.06,32.06,32.05,32.05,4.56
2025-01-15 12:03:00,32.03,32.03,31.98,31.98,26.99
2025-01-15 12:04:00,31.98,32.02,31.97,32.01,497.81
2025-01-15 12:05:00,32.03,32.04,32.0,32.02,49.07
2025-01-15 12:06:00,32.05,32.08,32.04,32.04,103.07
2025-01-15 12:07:00,32.06,32.09,32.05,32.08,119.26
2025-01-15 12:08:00,32.07,32.07,32.05,32.05,23.25
2025-01-15 12:09:00,32.04,32.04,32.02,32.03,15.18
2025-01-15 12:10:00,32.02,32.02,31.98,31.99,314.08
2025-01-15 12:11:00,31.99,32.01,31.99,32.01,7.4
2025-01-15 12:12:00,32.02,32.03,32.01,32.03,142.87
2025-01-15 12:13:00,32.03,32.04,32.02,32.03,121.49
2025-01-15 12:14:00,32.02,32.02,32.02,32.02,1.36
2025-01-15 12:15:00,32.03,32.04,31.98,31.98,198.91
2025-01-15 12:16:00,31.98,32.02,31.98,32.02,86.26
2025-01-15 12:17:00,32.01,32.01,32.01,32.01,18.1
2025-01-15 12:18:00,32.01,32.01,31.99,31.99,23.22
2025-01-15 12:19:00,32.0,32.0,31.98,31.98,54.08
2025-01-15 12:20:00,31.99,32.01,31.97,32.01,63.06
2025-01-15 12:21:00,31.99,31.99,31.94,31.97,252.65
2025-01-15 12:22:00,31.97,31.97,31.9,31.9,111.98
2025-01-15 12:23:00,31.92,31.93,31.89,31.92,181.73
2025-01-15 12:24:00,31.91,31.94,31.91,31.94,37.33
2025-01-15 12:25:00,31.92,31.92,31.9,31.91,5.96
2025-01-15 12:26:00,31.89,31.89,31.89,31.89,3.83
2025-01-15 12:27:00,31.91,31.93,31.9,31.9,57.25
2025-01-15 12:28:00,31.89,31.89,31.86,31.87,89.26
2025-01-15 12:29:00,31.86,31.9,31.85,31.9,6.18
2025-01-15 12:30:00,31.9,31.93,31.88,31.93,81.27
2025-01-15 12:31:00,31.92,31.92,31.9,31.9,20.78
2025-01-15 12:32:00,31.93,31.98,31.93,31.95,39.34
2025-01-15 12:33:00,31.95,31.96,31.93,31.96,64.44
2025-01-15 12:34:00,31.96,31.97,31.93,31.93,118.7
2025-01-15 12:35:00,31.93,31.97,31.93,31.97,252.26
2025-01-15 12:36:00,31.98,32.02,31.98,32.01,33.32
2025-01-15 12:37:00,32.0,32.02,32.0,32.02,12.7
2025-01-15 12:38:00,32.03,32.03,32.02,32.02,10.9
2025-01-15 12:39:00,32.02,32.07,32.02,32.07,358.89
2025-01-15 12:40:00,32.07,32.1,32.06,32.1,174.36
2025-01-15 12:41:00,32.09,32.14,32.09,32.11,84.3
2025-01-15 12:42:00,32.08,32.09,32.07,32.08,51.65
2025-01-15 12:43:00,32.09,32.12,32.09,32.1,280.44
2025-01-15 12:44:00,32.1,32.1,32.08,32.08,18.29
2025-01-15 12:45:00,32.07,32.07,32.02,32.02,29.15
2025-01-15 12:46:00,32.03,32.03,32.0,32.0,26.82
2025-01-15 12:47:00,32.01,32.01,31.97,31.98,65.66
2025-01-15 12:48:00,31.96,31.98,31.95,31.97,101.17
2025-01-15 12:49:00,31.97,31.98,31.95,31.95,80.83
2025-01-15 12:50:00,31.97,31.97,31.96,31.96,33.56
2025-01-15 12:51:00,31.96,31.96,31.95,31.95,6.53
2025-01-15 12:52:00,31.95,31.95,31.95,31.95,0.0
2025-01-15 12:53:00,31.95,31.95,31.95,31.95,0.34
2025-01-15 12:54:00,31.94,31.95,31.94,31.95,12.99
2025-01-15 12:55:00,31.95,31.95,31.93,31.94,398.19
2025-01-15 12:56:00,31.95,31.95,31.91,31.91,59.18
2025-01-15 12:57:00,31.91,31.91,31.9,31.9,29.92
2025-01-15 12:58:00,31.89,31.89,31.88,31.89,251.96
2025-01-15 12:59:00,31.9,31.9,31.9,31.9,4.12
2025-01-15 13:00:00,31.9,31.92,31.89,31.91,133.48
2025-01-15 13:01:00,31.92,31.98,31.92,31.98,160.27
2025-01-15 13:02:00,31.99,32.02,31.99,32.0,12.82
2025-01-15 13:03:00,32.01,32.01,32.0,32.0,38.94
2025-01-15 13:04:00,32.04,32.06,32.03,32.03,13.98
2025-01-15 13:05:00,32.03,32.03,31.99,32.0,86.05
2025-01-15 13:06:00,31.98,32.0,31.97,32.0,21.21
2025-01-15 13:07:00,32.0,32.02,31.99,32.0,49.27
2025-01-15 13:08:00,32.0,32.01,31.99,32.0,38.4
2025-01-15 13:09:00,32.0,32.01,31.99,32.01,57.42
2025-01-15 13:10:00,32.0,32.04,31.98,32.04,133.17
2025-01-15 13:11:00,32.02,32.05,32.01,32.05,92.12
2025-01-15 13:12:00,32.03,32.07,32.03,32.06,280.78
2025-01-15 13:13:00,32.06,32.08,32.06,32.08,135.91
2025-01-15 13:14:00,32.07,32.07,32.0,32.01,278.72
2025-01-15 13:15:00,31.99,31.99,31.93,31.95,954.83
2025-01-15 13:16:00,31.96,32.04,31.93,32.03,978.08
2025-01-15 13:17:00,32.03,32.04,31.98,32.0,163.73
2025-01-15 13:18:00,32.0,32.04,31.99,32.04,56.31
2025-01-15 13:19:00,32.05,32.07,32.04,32.05,295.35
2025-01-15 13:20:00,32.04,32.1,32.03,32.09,241.03
2025-01-15 13:21:00,32.09,32.1,32.07,32.07,63.66
2025-01-15 13:22:00,32.09,32.09,32.07,32.09,62.85
2025-01-15 13:23:00,32.08,32.17,32.08,32.17,304.58
2025-01-15 13:24:00,32.17,32.18,32.16,32.17,51.19
2025-01-15 13:25:00,32.19,32.22,32.19,32.2,99.31
2025-01-15 13:26:00,32.2,32.29,32.2,32.29,344.21
2025-01-15 13:27:00,32.29,32.33,32.26,32.27,493.44
2025-01-15 13:28:00,32.29,32.29,32.22,32.22,69.04
2025-01-15 13:29:00,32.21,32.23,32.18,32.21,229.44
2025-01-15 13:30:00,32.17,33.1,32.17,32.89,6199.2
2025-01-15 13:31:00,32.88,33.06,32.81,32.88,2899.53
2025-01-15 13:32:00,32.87,33.03,32.82,33.02,1694.29
2025-01-15 13:33:00,33.02,33.07,33.0,33.03,954.38
2025-01-15 13:34:00,33.01,33.05,32.9,32.94,1336.44
2025-01-15 13:35:00,32.93,32.94,32.72,32.91,2008.47
2025-01-15 13:36:00,32.94,32.95,32.82,32.82,521.19
2025-01-15 13:37:00,32.83,32.91,32.75,32.91,553.7
2025-01-15 13:38:00,32.92,32.95,32.79,32.84,228.14
2025-01-15 13:39:00,32.86,32.93,32.8,32.93,322.82
2025-01-15 13:40:00,32.93,32.96,32.91,32.94,143.66
2025-01-15 13:41:00,32.94,32.95,32.87,32.9,139.24
2025-01-15 13:42:00,32.87,32.94,32.86,32.86,102.15
2025-01-15 13:43:00,32.83,32.95,32.77,32.92,234.25
2025-01-15 13:44:00,32.95,32.95,32.92,32.93,120.6
2025-01-15 13:45:00,32.93,33.03,32.93,33.03,437.59
2025-01-15 13:46:00,33.02,33.09,33.01,33.04,622.93
2025-01-15 13:47:00,33.05,33.09,33.02,33.09,201.94
2025-01-15 13:48:00,33.1,33.12,33.07,33.1,1082.18
2025-01-15 13:49:00,33.1,33.17,33.07,33.13,834.98
2025-01-15 13:50:00,33.13,33.17,33.09,33.13,302.86
2025-01-15 13:51:00,33.15,33.16,33.07,33.07,230.54
2025-01-15 13:52:00,33.06,33.09,33.01,33.08,1251.19
2025-01-15 13:53:00,33.07,33.12,33.04,33.12,1090.5
2025-01-15 13:54:00,33.13,33.18,33.09,33.16,187.88
2025-01-15 13:55:00,33.18,33.25,33.17,33.22,363.55
2025-01-15 13:56:00,33.22,33.33,33.22,33.31,363.15
2025-01-15 13:57:00,33.32,33.33,33.28,33.33,178.7
2025-01-15 13:58:00,33.35,33.71,33.35,33.54,6114.71
2025-01-15 13:59:00,33.53,33.54,33.49,33.52,366.84
2025-01-15 14:00:00,33.52,33.68,33.52,33.67,324.1
2025-01-15 14:01:00,33.68,33.71,33.58,33.68,1104.26
2025-01-15 14:02:00,33.68,33.77,33.67,33.77,553.17
2025-01-15 14:03:00,33.75,33.75,33.57,33.59,458.81
2025-01-15 14:04:00,33.58,33.73,33.56,33.73,402.29
2025-01-15 14:05:00,33.72,33.76,33.66,33.75,566.1
2025-01-15 14:06:00,33.76,33.89,33.73,33.73,3907.96
2025-01-15 14:07:00,33.71,33.72,33.61,33.62,890.38
2025-01-15 14:08:00,33.61,33.77,33.61,33.75,927.94
2025-01-15 14:09:00,33.78,33.83,33.69,33.7,980.67
2025-01-15 14:10:00,33.69,33.7,33.62,33.65,247.35
2025-01-15 14:11:00,33.66,33.74,33.66,33.68,276.49
2025-01-15 14:12:00,33.67,33.7,33.58,33.59,188.04
2025-01-15 14:13:00,33.57,33.61,33.52,33.61,297.57
2025-01-15 14:14:00,33.6,33.6,33.47,33.6,544.05
2025-01-15 14:15:00,33.59,33.61,33.51,33.51,127.79
2025-01-15 14:16:00,33.48,33.49,33.34,33.36,581.44
2025-01-15 14:17:00,33.36,33.42,33.32,33.32,492.19
2025-01-15 14:18:00,33.32,33.41,33.28,33.39,1189.54
2025-01-15 14:19:00,33.37,33.42,33.36,33.37,310.27
2025-01-15 14:20:00,33.45,33.55,33.45,33.53,207.13
2025-01-15 14:21:00,33.53,33.58,33.48,33.48,99.14
2025-01-15 14:22:00,33.51,33.53,33.48,33.52,206.2
2025-01-15 14:23:00,33.5,33.5,33.43,33.48,234.69
2025-01-15 14:24:00,33.49,33.55,33.47,33.55,319.67
2025-01-15 14:25:00,33.53,33.61,33.53,33.6,85.03
2025-01-15 14:26:00,33.59,33.61,33.55,33.55,130.45
2025-01-15 14:27:00,33.53,33.53,33.45,33.45,126.78
2025-01-15 14:28:00,33.47,33.47,33.41,33.43,63.69
2025-01-15 14:29:00,33.44,33.49,33.42,33.46,173.04
2025-01-15 14:30:00,33.45,33.54,33.45,33.48,379.58
2025-01-15 14:31:00,33.5,33.69,33.5,33.69,423.47
2025-01-15 14:32:00,33.7,33.75,33.63,33.69,429.61
2025-01-15 14:33:00,33.74,33.76,33.65,33.68,193.47
2025-01-15 14:34:00,33.7,33.73,33.58,33.58,490.17
2025-01-15 14:35:00,33.62,33.67,33.56,33.56,628.61
2025-01-15 14:36:00,33.55,33.62,33.52,33.58,148.67
2025-01-15 14:37:00,33.57,33.57,33.47,33.49,53.59
2025-01-15 14:38:00,33.47,33.56,33.46,33.54,125.32
2025-01-15 14:39:00,33.55,33.61,33.55,33.58,213.94
2025-01-15 14:40:00,33.58,33.63,33.58,33.58,247.12
2025-01-15 14:41:00,33.54,33.59,33.53,33.59,181.0
2025-01-15 14:42:00,33.6,33.6,33.53,33.6,179.59
2025-01-15 14:43:00,33.58,33.61,33.56,33.61,88.39
2025-01-15 14:44:00,33.63,33.66,33.63,33.66,384.53
2025-01-15 14:45:00,33.65,33.65,33.58,33.63,93.07
2025-01-15 14:46:00,33.62,33.66,33.59,33.59,393.66
2025-01-15 14:47:00,33.62,33.74,33.62,33.7,195.17
2025-01-15 14:48:00,33.7,33.73,33.68,33.72,191.25
2025-01-15 14:49:00,33.73,33.77,33.73,33.73,174.52
2025-01-15 14:50:00,33.74,33.74,33.69,33.7,120.67
2025-01-15 14:51:00,33.72,33.79,33.72,33.78,477.67
2025-01-15 14:52:00,33.79,33.82,33.76,33.79,303.95
2025-01-15 14:53:00,33.79,33.79,33.75,33.77,61.58
2025-01-15 14:54:00,33.77,33.81,33.77,33.79,144.09
2025-01-15 14:55:00,33.8,33.8,33.75,33.78,95.47
2025-01-15 14:56:00,33.8,33.87,33.8,33.87,128.95
2025-01-15 14:57:00,33.86,33.91,33.86,33.86,223.38
2025-01-15 14:58:00,33.87,33.93,33.87,33.92,150.96
2025-01-15 14:59:00,33.93,34.02,33.93,33.99,1026.76
2025-01-15 15:00:00,33.99,34.13,33.99,34.13,1117.74
2025-01-15 15:01:00,34.14,34.14,34.03,34.11,282.15
2025-01-15 15:02:00,34.11,34.12,34.0,34.1,882.67
2025-01-15 15:03:00,34.09,34.1,34.05,34.05,196.87
2025-01-15 15:04:00,34.04,34.06,33.99,34.04,288.53
2025-01-15 15:05:00,34.02,34.06,33.96,33.98,319.96
2025-01-15 15:06:00,33.99,34.0,33.93,33.93,234.33
2025-01-15 15:07:00,33.94,33.99,33.92,33.94,502.01
2025-01-15 15:08:00,33.97,34.09,33.96,34.06,306.56
2025-01-15 15:09:00,34.04,34.04,33.97,33.97,60.44
2025-01-15 15:10:00,33.97,34.1,33.92,34.1,320.8
2025-01-15 15:11:00,34.11,34.12,34.07,34.1,99.27
2025-01-15 15:12:00,34.08,34.14,34.06,34.07,160.01
2025-01-15 15:13:00,34.08,34.18,34.08,34.16,494.18
2025-01-15 15:14:00,34.13,34.18,34.07,34.15,815.76
2025-01-15 15:15:00,34.13,34.21,34.09,34.2,460.64
2025-01-15 15:16:00,34.2,34.22,34.16,34.16,196.4
2025-01-15 15:17:00,34.15,34.21,34.11,34.21,507.31
2025-01-15 15:18:00,34.16,34.16,34.09,34.14,95.9
2025-01-15 15:19:00,34.12,34.12,34.04,34.04,105.0
2025-01-15 15:20:00,34.02,34.04,34.0,34.04,236.3
2025-01-15 15:21:00,34.03,34.16,34.02,34.16,81.1
2025-01-15 15:22:00,34.17,34.17,34.1,34.1,104.75
2025-01-15 15:23:00,34.11,34.17,34.11,34.17,122.99
2025-01-15 15:24:00,34.18,34.29,34.18,34.25,454.98
2025-01-15 15:25:00,34.26,34.28,34.22,34.27,218.36
2025-01-15 15:26:00,34.23,34.24,34.2,34.23,29.21
2025-01-15 15:27:00,34.24,34.31,34.23,34.29,409.91
2025-01-15 15:28:00,34.27,34.27,34.22,34.25,283.01
2025-01-15 15:29:00,34.25,34.34,34.25,34.31,410.36
2025-01-15 15:30:00,34.3,34.3,34.21,34.28,1342.23
2025-01-15 15:31:00,34.23,34.29,34.23,34.29,25.77
2025-01-15 15:32:00,34.28,34.33,34.25,34.32,206.07
2025-01-15 15:33:00,34.32,34.32,34.25,34.25,470.33
2025-01-15 15:34:00,34.27,34.32,34.27,34.32,160.79
2025-01-15 15:35:00,34.32,34.37,34.25,34.25,190.07
2025-01-15 15:36:00,34.27,34.27,34.2,34.21,134.88
2025-01-15 15:37:00,34.18,34.3,34.17,34.27,166.57
2025-01-15 15:38:00,34.31,34.34,34.31,34.32,48.08
2025-01-15 15:39:00,34.36,34.37,34.3,34.3,121.52
2025-01-15 15:40:00,34.28,34.28,34.23,34.24,196.67
2025-01-15 15:41:00,34.27,34.3,34.26,34.28,71.86
2025-01-15 15:42:00,34.31,34.33,34.29,34.29,269.08
2025-01-15 15:43:00,34.29,34.3,34.25,34.27,334.31
2025-01-15 15:44:00,34.3,34.3,34.22,34.26,1027.08
2025-01-15 15:45:00,34.3,34.35,34.3,34.33,67.9
2025-01-15 15:46:00,34.31,34.32,34.28,34.28,55.55
2025-01-15 15:47:00,34.27,34.27,34.18,34.18,98.17
2025-01-15 15:48:00,34.23,34.27,34.22,34.27,87.96
2025-01-15 15:49:00,34.26,34.27,34.23,34.25,48.22
2025-01-15 15:50:00,34.25,34.25,34.17,34.19,346.24
2025-01-15 15:51:00,34.17,34.17,34.1,34.12,138.99
2025-01-15 15:52:00,34.15,34.18,34.09,34.18,1916.07
2025-01-15 15:53:00,34.19,34.21,34.16,34.16,27.04
2025-01-15 15:54:00,34.18,34.19,34.15,34.15,86.59
2025-01-15 15:55:00,34.15,34.22,34.15,34.22,84.35
2025-01-15 15:56:00,34.25,34.26,34.19,34.22,164.59
2025-01-15 15:57:00,34.21,34.22,34.2,34.21,77.99
2025-01-15 15:58:00,34.19,34.19,34.12,34.15,359.45
2025-01-15 15:59:00,34.14,34.16,34.13,34.15,64.29
2025-01-15 16:00:00,34.17,34.37,34.17,34.37,1280.28
2025-01-15 16:01:00,34.38,34.39,34.3,34.37,1500.48
2025-01-15 16:02:00,34.37,34.42,34.34,34.38,236.87
2025-01-15 16:03:00,34.4,34.4,34.33,34.33,231.79
2025-01-15 16:04:00,34.32,34.37,34.27,34.37,287.1
2025-01-15 16:05:00,34.37,34.39,34.35,34.38,377.94
2025-01-15 16:06:00,34.4,34.41,34.38,34.39,246.42
2025-01-15 16:07:00,34.38,34.38,34.35,34.36,167.45
2025-01-15 16:08:00,34.34,34.34,34.28,34.29,98.02
2025-01-15 16:09:00,34.33,34.4,34.32,34.4,172.49
2025-01-15 16:10:00,34.43,34.43,34.39,34.39,473.94
2025-01-15 16:11:00,34.4,34.46,34.4,34.41,992.17
2025-01-15 16:12:00,34.43,34.43,34.42,34.43,60.65
2025-01-15 16:13:00,34.44,34.44,34.39,34.41,121.75
2025-01-15 16:14:00,34.41,34.45,34.4,34.44,79.93
2025-01-15 16:15:00,34.43,34.43,34.38,34.42,35.86
2025-01-15 16:16:00,34.42,34.42,34.37,34.38,60.8
2025-01-15 16:17:00,34.39,34.42,34.33,34.36,264.23
2025-01-15 16:18:00,34.41,34.41,34.38,34.41,77.39
2025-01-15 16:19:00,34.41,34.41,34.29,34.34,397.87
2025-01-15 16:20:00,34.32,34.32,34.27,34.28,104.45
2025-01-15 16:21:00,34.29,34.31,34.27,34.3,54.59
2025-01-15 16:22:00,34.3,34.41,34.3,34.41,99.47
2025-01-15 16:23:00,34.39,34.42,34.39,34.39,48.68
2025-01-15 16:24:00,34.39,34.39,34.35,34.37,74.59
2025-01-15 16:25:00,34.38,34.39,34.38,34.39,25.12
2025-01-15 16:26:00,34.41,34.48,34.4,34.47,335.5
2025-01-15 16:27:00,34.47,34.5,34.45,34.49,132.95
2025-01-15 16:28:00,34.48,34.52,34.46,34.52,251.77
2025-01-15 16:29:00,34.51,34.55,34.51,34.55,85.8
2025-01-15 16:30:00,34.55,34.55,34.42,34.45,436.14
2025-01-15 16:31:00,34.44,34.44,34.4,34.4,34.55
2025-01-15 16:32:00,34.36,34.36,34.3,34.31,54.63
2025-01-15 16:33:00,34.31,34.38,34.31,34.35,462.72
2025-01-15 16:34:00,34.35,34.35,34.3,34.3,21.43
2025-01-15 16:35:00,34.29,34.31,34.24,34.25,694.82
2025-01-15 16:36:00,34.23,34.3,34.15,34.28,1012.96
2025-01-15 16:37:00,34.27,34.27,34.19,34.21,712.78
2025-01-15 16:38:00,34.22,34.31,34.21,34.3,79.68
2025-01-15 16:39:00,34.29,34.31,34.29,34.31,103.0
2025-01-15 16:40:00,34.32,34.34,34.31,34.31,69.25
2025-01-15 16:41:00,34.32,34.33,34.28,34.28,74.04
2025-01-15 16:42:00,34.28,34.28,34.25,34.25,131.0
2025-01-15 16:43:00,34.27,34.27,34.27,34.27,63.8
2025-01-15 16:44:00,34.25,34.26,34.19,34.26,809.96
2025-01-15 16:45:00,34.27,34.29,34.26,34.27,245.52
2025-01-15 16:46:00,34.26,34.26,34.21,34.21,133.63
2025-01-15 16:47:00,34.21,34.25,34.21,34.24,49.42
2025-01-15 16:48:00,34.25,34.27,34.23,34.24,51.4
2025-01-15 16:49:00,34.25,34.25,34.24,34.24,7.83
2025-01-15 16:50:00,34.28,34.29,34.27,34.27,55.72
2025-01-15 16:51:00,34.26,34.26,34.24,34.25,31.92
2025-01-15 16:52:00,34.27,34.27,34.19,34.21,136.33
2025-01-15 16:53:00,34.18,34.18,34.15,34.16,81.32
2025-01-15 16:54:00,34.2,34.21,34.19,34.21,10.49
2025-01-15 16:55:00,34.21,34.21,34.19,34.2,26.78
2025-01-15 16:56:00,34.17,34.18,34.11,34.11,178.21
2025-01-15 16:57:00,34.13,34.15,34.13,34.13,180.33
2025-01-15 16:58:00,34.12,34.16,34.12,34.12,254.65
2025-01-15 16:59:00,34.11,34.11,34.03,34.03,327.98
2025-01-15 17:00:00,34.04,34.05,33.87,33.87,2015.54
2025-01-15 17:01:00,33.88,33.98,33.86,33.96,479.01
2025-01-15 17:02:00,33.96,33.97,33.92,33.97,671.77
2025-01-15 17:03:00,33.96,33.96,33.89,33.92,234.34
2025-01-15 17:04:00,33.91,33.97,33.91,33.96,253.2
2025-01-15 17:05:00,33.95,33.96,33.93,33.96,279.5
2025-01-15 17:06:00,33.96,34.0,33.95,33.98,165.3
2025-01-15 17:07:00,33.98,33.98,33.9,33.91,147.05
2025-01-15 17:08:00,33.91,33.91,33.86,33.88,331.03
2025-01-15 17:09:00,33.89,33.95,33.88,33.93,4487.45
2025-01-15 17:10:00,33.92,33.95,33.91,33.91,317.66
2025-01-15 17:11:00,33.91,33.94,33.89,33.93,326.04
2025-01-15 17:12:00,33.94,33.96,33.94,33.94,786.91
2025-01-15 17:13:00,33.93,33.97,33.93,33.96,115.8
2025-01-15 17:14:00,33.96,34.0,33.95,34.0,297.12
2025-01-15 17:15:00,34.01,34.03,33.95,33.95,132.7
2025-01-15 17:16:00,33.95,34.0,33.94,33.99,39.2
2025-01-15 17:17:00,33.98,33.98,33.92,33.94,90.06
2025-01-15 17:18:00,33.95,33.97,33.95,33.96,27.86
2025-01-15 17:19:00,33.98,33.98,33.96,33.96,30.7
2025-01-15 17:20:00,33.95,34.0,33.94,34.0,44.33
2025-01-15 17:21:00,34.0,34.02,33.96,33.96,194.46
2025-01-15 17:22:00,33.95,33.95,33.9,33.9,52.46
2025-01-15 17:23:00,33.89,33.91,33.85,33.85,114.91
2025-01-15 17:24:00,33.85,33.92,33.85,33.9,455.53
2025-01-15 17:25:00,33.93,33.93,33.88,33.88,85.62
2025-01-15 17:26:00,33.89,33.91,33.89,33.91,10.56
2025-01-15 17:27:00,33.94,33.95,33.93,33.93,65.17
2025-01-15 17:28:00,33.92,33.94,33.91,33.94,88.66
2025-01-15 17:29:00,33.92,33.92,33.89,33.9,43.66
2025-01-15 17:30:00,33.89,33.93,33.56,33.71,9536.01
2025-01-15 17:31:00,33.7,33.77,33.65,33.77,4974.2
2025-01-15 17:32:00,33.77,33.84,33.77,33.81,368.48
2025-01-15 17:33:00,33.81,33.9,33.81,33.84,435.36
2025-01-15 17:34:00,33.83,33.83,33.8,33.8,81.54
2025-01-15 17:35:00,33.82,33.83,33.78,33.79,979.98
2025-01-15 17:36:00,33.8,33.82,33.78,33.79,102.94
2025-01-15 17:37:00,33.81,33.84,33.77,33.77,196.73
2025-01-15 17:38:00,33.76,33.76,33.75,33.76,33.67
2025-01-15 17:39:00,33.75,33.75,33.72,33.73,78.72
2025-01-15 17:40:00,33.73,33.75,33.73,33.73,93.36
2025-01-15 17:41:00,33.73,33.75,33.73,33.73,72.47
2025-01-15 17:42:00,33.73,33.73,33.72,33.72,48.12
2025-01-15 17:43:00,33.73,33.73,33.69,33.72,430.83
2025-01-15 17:44:00,33.72,33.75,33.71,33.75,313.76
2025-01-15 17:45:00,33.75,33.81,33.75,33.81,118.46
2025-01-15 17:46:00,33.79,33.8,33.72,33.72,97.58
2025-01-15 17:47:00,33.71,33.71,33.7,33.71,44.64
2025-01-15 17:48:00,33.69,33.69,33.65,33.65,62.18
2025-01-15 17:49:00,33.67,33.69,33.65,33.67,212.85
2025-01-15 17:50:00,33.67,33.67,33.59,33.59,312.7
2025-01-15 17:51:00,33.6,33.6,33.57,33.57,164.7
2025-01-15 17:52:00,33.58,33.61,33.57,33.59,215.48
2025-01-15 17:53:00,33.57,33.58,33.56,33.57,78.09
2025-01-15 17:54:00,33.57,33.58,33.54,33.57,634.83
2025-01-15 17:55:00,33.58,33.59,33.54,33.56,204.15
2025-01-15 17:56:00,33.54,33.55,33.5,33.55,950.5
2025-01-15 17:57:00,33.54,33.54,33.52,33.53,21.21
2025-01-15 17:58:00,33.54,33.55,33.54,33.54,1.6
2025-01-15 17:59:00,33.55,33.57,33.55,33.57,25.66
2025-01-15 18:00:00,33.58,33.64,33.58,33.64,159.63
2025-01-15 18:01:00,33.64,33.68,33.64,33.68,296.37
2025-01-15 18:02:00,33.68,33.68,33.66,33.68,68.34
2025-01-15 18:03:00,33.68,33.71,33.67,33.71,302.83
2025-01-15 18:04:00,33.69,33.7,33.67,33.7,259.44
2025-01-15 18:05:00,33.73,33.74,33.73,33.74,63.23
2025-01-15 18:06:00,33.72,33.73,33.72,33.73,3.24
2025-01-15 18:07:00,33.72,33.72,33.7,33.71,10.6
2025-01-15 18:08:00,33.71,33.73,33.7,33.73,554.24
2025-01-15 18:09:00,33.74,33.75,33.72,33.72,227.94
2025-01-15 18:10:00,33.73,33.74,33.72,33.73,43.26
2025-01-15 18:11:00,33.75,33.76,33.75,33.76,9.41
2025-01-15 18:12:00,33.75,33.79,33.75,33.79,61.49
2025-01-15 18:13:00,33.76,33.76,33.75,33.75,2.84
2025-01-15 18:14:00,33.76,33.83,33.76,33.83,1044.66
2025-01-15 18:15:00,33.81,33.87,33.81,33.87,38.29
2025-01-15 18:16:00,33.86,33.87,33.86,33.87,30.15
2025-01-15 18:17:00,33.88,33.9,33.88,33.9,84.02
2025-01-15 18:18:00,33.88,33.92,33.88,33.9,3838.65
2025-01-15 18:19:00,33.91,33.96,33.91,33.96,422.45
2025-01-15 18:20:00,33.94,33.98,33.93,33.97,1323.27
2025-01-15 18:21:00,33.97,34.09,33.95,34.04,2875.33
2025-01-15 18:22:00,34.04,34.41,34.04,34.36,6045.77
2025-01-15 18:23:00,34.37,34.5,34.32,34.39,6657.79
2025-01-15 18:24:00,34.38,34.52,34.37,34.44,4730.09
2025-01-15 18:25:00,34.45,34.55,34.41,34.55,1107.09
2025-01-15 18:26:00,34.54,34.54,34.42,34.5,2067.17
2025-01-15 18:27:00,34.5,34.57,34.5,34.56,1270.88
2025-01-15 18:28:00,34.57,34.58,34.49,34.5,73.27
2025-01-15 18:29:00,34.49,34.51,34.47,34.49,313.84
2025-01-15 18:30:00,34.49,34.49,34.44,34.46,150.87
2025-01-15 18:31:00,34.45,34.5,34.43,34.48,357.89
2025-01-15 18:32:00,34.47,34.5,34.47,34.5,119.22
2025-01-15 18:33:00,34.51,34.51,34.4,34.4,81.25
2025-01-15 18:34:00,34.41,34.44,34.39,34.43,202.54
2025-01-15 18:35:00,34.43,34.43,34.35,34.43,489.28
2025-01-15 18:36:00,34.44,34.51,34.42,34.44,446.49
2025-01-15 18:37:00,34.42,34.43,34.41,34.41,104.75
2025-01-15 18:38:00,34.42,34.43,34.42,34.43,66.01
2025-01-15 18:39:00,34.45,34.46,34.42,34.46,113.02
2025-01-15 18:40:00,34.46,34.47,34.43,34.46,189.45
2025-01-15 18:41:00,34.46,34.52,34.46,34.48,267.54
2025-01-15 18:42:00,34.48,34.49,34.48,34.49,118.55
2025-01-15 18:43:00,34.5,34.56,34.49,34.56,208.82
2025-01-15 18:44:00,34.56,34.56,34.53,34.53,235.28
2025-01-15 18:45:00,34.51,34.58,34.51,34.57,714.58
2025-01-15 18:46:00,34.58,34.59,34.57,34.59,209.17
2025-01-15 18:47:00,34.59,34.59,34.54,34.54,147.54
2025-01-15 18:48:00,34.54,34.58,34.54,34.57,88.26
2025-01-15 18:49:00,34.58,34.6,34.58,34.6,190.76
2025-01-15 18:50:00,34.61,34.78,34.61,34.7,2030.83
2025-01-15 18:51:00,34.71,34.77,34.67,34.77,693.69
2025-01-15 18:52:00,34.78,34.78,34.74,34.76,620.94
2025-01-15 18:53:00,34.75,34.85,34.75,34.83,563.87
2025-01-15 18:54:00,34.82,34.96,34.8,34.95,1504.53
2025-01-15 18:55:00,34.95,34.96,34.9,34.9,979.71
2025-01-15 18:56:00,34.92,34.94,34.83,34.83,651.14
2025-01-15 18:57:00,34.83,34.88,34.82,34.87,794.35
2025-01-15 18:58:00,34.87,34.91,34.87,34.89,493.35
2025-01-15 18:59:00,34.86,34.88,34.85,34.88,26.46
2025-01-15 19:00:00,34.88,34.88,34.86,34.88,96.91
2025-01-15 19:01:00,34.89,34.89,34.8,34.8,289.1
2025-01-15 19:02:00,34.81,34.84,34.8,34.84,116.23
2025-01-15 19:03:00,34.83,34.86,34.82,34.85,208.03
2025-01-15 19:04:00,34.81,34.81,34.78,34.81,118.47
2025-01-15 19:05:00,34.81,34.81,34.77,34.78,184.82
2025-01-15 19:06:00,34.8,34.85,34.8,34.82,1039.94
2025-01-15 19:07:00,34.82,34.82,34.78,34.79,156.81
2025-01-15 19:08:00,34.79,34.81,34.78,34.81,66.37
2025-01-15 19:09:00,34.81,34.81,34.73,34.77,198.02
2025-01-15 19:10:00,34.77,34.78,34.77,34.78,27.44
2025-01-15 19:11:00,34.79,34.82,34.75,34.75,251.34
2025-01-15 19:12:00,34.75,34.76,34.74,34.76,10.04
2025-01-15 19:13:00,34.78,34.82,34.78,34.81,81.37
2025-01-15 19:14:00,34.8,34.8,34.76,34.76,82.14
2025-01-15 19:15:00,34.75,34.77,34.7,34.72,1341.45
2025-01-15 19:16:00,34.73,34.73,34.72,34.72,26.26
2025-01-15 19:17:00,34.71,34.71,34.65,34.66,453.76
2025-01-15 19:18:00,34.67,34.69,34.67,34.69,51.55
2025-01-15 19:19:00,34.69,34.72,34.69,34.72,11.63
2025-01-15 19:20:00,34.71,34.72,34.71,34.72,64.14
2025-01-15 19:21:00,34.73,34.75,34.72,34.75,58.63
2025-01-15 19:22:00,34.76,34.76,34.73,34.73,54.07
2025-01-15 19:23:00,34.72,34.73,34.68,34.68,301.9
2025-01-15 19:24:00,34.7,34.7,34.7,34.7,58.2
2025-01-15 19:25:00,34.69,34.69,34.67,34.68,27.88
2025-01-15 19:26:00,34.7,34.75,34.7,34.74,557.33
2025-01-15 19:27:00,34.74,34.76,34.74,34.75,314.56
2025-01-15 19:28:00,34.78,34.82,34.78,34.82,100.78
2025-01-15 19:29:00,34.83,34.83,34.79,34.79,265.85
2025-01-15 19:30:00,34.76,34.76,34.72,34.75,59.03
2025-01-15 19:31:00,34.74,34.76,34.74,34.75,156.1
2025-01-15 19:32:00,34.72,34.83,34.71,34.82,314.53
2025-01-15 19:33:00,34.8,34.81,34.8,34.8,14.69
2025-01-15 19:34:00,34.83,34.86,34.83,34.86,57.82
2025-01-15 19:35:00,34.83,34.86,34.81,34.85,173.15
2025-01-15 19:36:00,34.84,34.93,34.84,34.93,418.72
2025-01-15 19:37:00,34.93,34.93,34.87,34.87,35.21
2025-01-15 19:38:00,34.87,34.88,34.86,34.87,45.78
2025-01-15 19:39:00,34.87,34.87,34.85,34.87,193.01
2025-01-15 19:40:00,34.85,34.85,34.84,34.84,153.49
2025-01-15 19:41:00,34.84,34.85,34.83,34.85,61.67
2025-01-15 19:42:00,34.84,34.84,34.76,34.77,392.87
2025-01-15 19:43:00,34.77,34.77,34.76,34.77,124.92
2025-01-15 19:44:00,34.76,34.76,34.71,34.71,371.76
2025-01-15 19:45:00,34.72,34.73,34.65,34.69,499.9
2025-01-15 19:46:00,34.73,34.79,34.73,34.79,194.22
2025-01-15 19:47:00,34.79,34.8,34.77,34.77,106.3
2025-01-15 19:48:00,34.8,34.83,34.8,34.8,348.86
2025-01-15 19:49:00,34.82,34.82,34.79,34.81,75.28
2025-01-15 19:50:00,34.81,34.81,34.76,34.79,23.87
2025-01-15 19:51:00,34.8,34.81,34.76,34.78,147.27
2025-01-15 19:52:00,34.81,34.81,34.8,34.81,86.57
2025-01-15 19:53:00,34.84,34.84,34.84,34.84,14.34
2025-01-15 19:54:00,34.84,34.85,34.81,34.81,105.12
2025-01-15 19:55:00,34.79,34.79,34.76,34.77,100.56
2025-01-15 19:56:00,34.77,34.81,34.76,34.81,44.32
2025-01-15 19:57:00,34.84,34.89,34.83,34.89,540.35
2025-01-15 19:58:00,34.89,34.92,34.88,34.92,245.79
2025-01-15 19:59:00,34.92,34.95,34.91,34.92,279.04
2025-01-15 20:00:00,34.91,35.09,34.91,35.05,2675.2
2025-01-15 20:01:00,35.06,35.07,35.02,35.04,179.83
2025-01-15 20:02:00,35.01,35.02,35.0,35.02,130.72
2025-01-15 20:03:00,35.01,35.05,35.01,35.04,64.57
2025-01-15 20:04:00,35.01,35.01,34.92,34.93,137.03
2025-01-15 20:05:00,34.92,34.97,34.92,34.97,45.39
2025-01-15 20:06:00,34.98,35.03,34.98,35.0,181.82
2025-01-15 20:07:00,35.0,35.04,34.99,35.01,232.88
2025-01-15 20:08:00,35.0,35.03,35.0,35.03,117.98
2025-01-15 20:09:00,35.05,35.07,35.05,35.07,166.53
2025-01-15 20:10:00,35.06,35.06,35.04,35.04,54.52
2025-01-15 20:11:00,35.04,35.08,35.01,35.07,390.18
2025-01-15 20:12:00,35.07,35.11,35.06,35.11,230.49
2025-01-15 20:13:00,35.12,35.12,35.08,35.11,229.97
2025-01-15 20:14:00,35.11,35.11,35.08,35.1,214.04
2025-01-15 20:15:00,35.11,35.12,35.11,35.12,7.78
2025-01-15 20:16:00,35.11,35.15,35.1,35.13,890.9
2025-01-15 20:17:00,35.1,35.12,35.04,35.1,263.65
2025-01-15 20:18:00,35.1,35.17,35.1,35.17,190.57
2025-01-15 20:19:00,35.17,35.22,35.17,35.19,246.47
2025-01-15 20:20:00,35.2,35.22,35.15,35.16,796.19
2025-01-15 20:21:00,35.17,35.24,35.16,35.2,1081.6
2025-01-15 20:22:00,35.21,35.27,35.21,35.25,95.42
2025-01-15 20:23:00,35.24,35.26,35.2,35.22,867.68
2025-01-15 20:24:00,35.24,35.24,35.2,35.24,42.64
2025-01-15 20:25:00,35.23,35.3,35.23,35.29,308.36
2025-01-15 20:26:00,35.3,35.31,35.12,35.14,2751.61
2025-01-15 20:27:00,35.13,35.17,35.11,35.15,754.69
2025-01-15 20:28:00,35.15,35.15,35.05,35.07,275.02
2025-01-15 20:29:00,35.05,35.08,35.05,35.05,69.69
2025-01-15 20:30:00,35.05,35.05,34.87,34.89,479.47
2025-01-15 20:31:00,34.88,34.94,34.88,34.93,377.8
2025-01-15 20:32:00,34.93,35.05,34.93,35.04,789.67
2025-01-15 20:33:00,35.02,35.07,35.02,35.07,538.32
2025-01-15 20:34:00,35.07,35.07,35.06,35.07,97.51
2025-01-15 20:35:00,35.07,35.08,35.06,35.06,72.39
2025-01-15 20:36:00,35.02,35.02,34.95,34.97,336.76
2025-01-15 20:37:00,34.98,34.98,34.98,34.98,6.36
2025-01-15 20:38:00,34.96,34.98,34.96,34.98,77.42
2025-01-15 20:39:00,34.95,34.97,34.92,34.97,272.95
2025-01-15 20:40:00,34.94,34.94,34.87,34.9,593.95
2025-01-15 20:41:00,34.89,34.9,34.87,34.87,70.45
2025-01-15 20:42:00,34.86,34.88,34.84,34.87,182.04
2025-01-15 20:43:00,34.87,34.87,34.8,34.82,632.87
2025-01-15 20:44:00,34.83,34.87,34.83,34.87,55.52
2025-01-15 20:45:00,34.88,34.88,34.85,34.86,43.02
2025-01-15 20:46:00,34.88,34.89,34.86,34.86,250.06
2025-01-15 20:47:00,34.83,34.83,34.8,34.81,31.35
2025-01-15 20:48:00,34.81,34.81,34.73,34.73,485.66
2025-01-15 20:49:00,34.73,34.74,34.7,34.74,86.92
2025-01-15 20:50:00,34.72,34.76,34.71,34.74,170.05
2025-01-15 20:51:00,34.72,34.79,34.71,34.79,367.53
2025-01-15 20:52:00,34.8,34.83,34.79,34.82,217.83
2025-01-15 20:53:00,34.82,34.85,34.8,34.85,182.96
2025-01-15 20:54:00,34.86,34.86,34.84,34.84,49.86
2025-01-15 20:55:00,34.85,34.86,34.81,34.81,198.99
2025-01-15 20:56:00,34.81,34.83,34.8,34.8,775.45
2025-01-15 20:57:00,34.8,34.81,34.79,34.79,80.66
2025-01-15 20:58:00,34.79,34.8,34.76,34.77,258.02
2025-01-15 20:59:00,34.78,34.82,34.78,34.8,28.58
2025-01-15 21:00:00,34.82,34.84,34.81,34.84,36.4
2025-01-15 21:01:00,34.83,34.89,34.83,34.89,110.54
2025-01-15 21:02:00,34.88,34.89,34.87,34.89,55.62
2025-01-15 21:03:00,34.87,34.87,34.87,34.87,9.99
2025-01-15 21:04:00,34.87,34.87,34.8,34.8,340.33
2025-01-15 21:05:00,34.82,34.86,34.82,34.85,512.41
2025-01-15 21:06:00,34.84,34.84,34.78,34.8,278.61
2025-01-15 21:07:00,34.81,34.81,34.81,34.81,52.46
2025-01-15 21:08:00,34.82,34.84,34.8,34.8,191.05
2025-01-15 21:09:00,34.79,34.89,34.79,34.87,182.09
2025-01-15 21:10:00,34.89,34.9,34.89,34.9,19.75
2025-01-15 21:11:00,34.91,34.96,34.91,34.96,141.55
2025-01-15 21:12:00,34.97,35.03,34.97,34.99,87.89
2025-01-15 21:13:00,34.98,34.98,34.94,34.98,69.03
2025-01-15 21:14:00,34.95,34.96,34.94,34.94,23.5
2025-01-15 21:15:00,34.94,34.98,34.94,34.98,50.07
2025-01-15 21:16:00,34.94,35.03,34.94,35.01,273.61
2025-01-15 21:17:00,34.96,34.96,34.95,34.95,20.1
2025-01-15 21:18:00,34.96,34.98,34.95,34.98,57.76
2025-01-15 21:19:00,34.98,34.98,34.96,34.97,8.44
2025-01-15 21:20:00,34.99,34.99,34.95,34.95,139.17
2025-01-15 21:21:00,34.96,34.97,34.94,34.94,14.72
2025-01-15 21:22:00,34.95,34.96,34.95,34.96,7.25
2025-01-15 21:23:00,34.93,34.93,34.89,34.92,324.84
2025-01-15 21:24:00,34.91,34.91,34.9,34.9,128.5
2025-01-15 21:25:00,34.9,34.9,34.89,34.89,55.71
2025-01-15 21:26:00,34.88,34.9,34.88,34.9,465.06
2025-01-15 21:27:00,34.9,34.9,34.89,34.9,4.31
2025-01-15 21:28:00,34.89,34.92,34.89,34.9,34.45
2025-01-15 21:29:00,34.92,34.92,34.89,34.89,35.81
2025-01-15 21:30:00,34.89,34.89,34.88,34.88,30.7
2025-01-15 21:31:00,34.88,34.88,34.86,34.86,159.41
2025-01-15 21:32:00,34.86,34.87,34.83,34.83,127.82
2025-01-15 21:33:00,34.83,34.83,34.82,34.82,50.98
2025-01-15 21:34:00,34.81,34.81,34.73,34.73,612.53
2025-01-15 21:35:00,34.75,34.8,34.75,34.8,179.15
2025-01-15 21:36:00,34.75,34.76,34.75,34.76,50.0
2025-01-15 21:37:00,34.76,34.78,34.75,34.76,86.33
2025-01-15 21:38:00,34.76,34.77,34.75,34.75,67.71
2025-01-15 21:39:00,34.78,34.78,34.76,34.76,345.09
2025-01-15 21:40:00,34.76,34.76,34.73,34.73,16.38
2025-01-15 21:41:00,34.75,34.78,34.75,34.76,20.98
2025-01-15 21:42:00,34.76,34.76,34.73,34.74,49.69
2025-01-15 21:43:00,34.75,34.76,34.75,34.75,134.84
2025-01-15 21:44:00,34.77,34.77,34.76,34.76,23.63
2025-01-15 21:45:00,34.75,34.8,34.75,34.8,2.61
2025-01-15 21:46:00,34.8,34.83,34.78,34.82,177.13
2025-01-15 21:47:00,34.8,34.8,34.79,34.79,955.76
2025-01-15 21:48:00,34.82,34.89,34.82,34.89,159.12
2025-01-15 21:49:00,34.88,34.9,34.87,34.9,174.18
2025-01-15 21:50:00,34.88,34.93,34.88,34.93,164.75
2025-01-15 21:51:00,34.92,34.99,34.91,34.99,77.32
2025-01-15 21:52:00,35.0,35.0,34.96,34.96,59.48
2025-01-15 21:53:00,34.95,34.95,34.93,34.95,141.23
2025-01-15 21:54:00,34.95,34.95,34.91,34.91,143.75
2025-01-15 21:55:00,34.93,34.95,34.93,34.95,274.66
2025-01-15 21:56:00,34.91,34.91,34.89,34.89,44.59
2025-01-15 21:57:00,34.87,34.88,34.87,34.87,46.3
2025-01-15 21:58:00,34.88,34.88,34.86,34.86,25.03
2025-01-15 21:59:00,34.86,34.86,34.85,34.85,25.11
2025-01-15 22:00:00,34.87,34.89,34.77,34.77,99.34
2025-01-15 22:01:00,34.78,34.8,34.77,34.8,66.91
2025-01-15 22:02:00,34.77,34.78,34.75,34.77,150.43
2025-01-15 22:03:00,34.78,34.79,34.74,34.75,162.93
2025-01-15 22:04:00,34.74,34.78,34.74,34.78,58.7
2025-01-15 22:05:00,34.77,34.77,34.73,34.73,195.42
2025-01-15 22:06:00,34.74,34.74,34.71,34.72,157.84
2025-01-15 22:07:00,34.73,34.78,34.73,34.78,1077.77
2025-01-15 22:08:00,34.76,34.77,34.75,34.75,670.34
2025-01-15 22:09:00,34.79,34.8,34.72,34.73,564.51
2025-01-15 22:10:00,34.73,34.73,34.69,34.69,238.75
2025-01-15 22:11:00,34.69,34.74,34.67,34.74,280.55
2025-01-15 22:12:00,34.74,34.75,34.74,34.75,107.64
2025-01-15 22:13:00,34.75,34.78,34.75,34.77,145.0
2025-01-15 22:14:00,34.78,34.84,34.78,34.84,120.07
2025-01-15 22:15:00,34.84,34.84,34.81,34.84,55.86
2025-01-15 22:16:00,34.83,34.83,34.79,34.79,43.64
2025-01-15 22:17:00,34.79,34.79,34.76,34.77,44.39
2025-01-15 22:18:00,34.75,34.78,34.74,34.78,77.21
2025-01-15 22:19:00,34.78,34.8,34.77,34.8,301.02
2025-01-15 22:20:00,34.8,34.82,34.78,34.78,149.74
2025-01-15 22:21:00,34.78,34.79,34.78,34.79,13.99
2025-01-15 22:22:00,34.77,34.77,34.73,34.74,44.64
2025-01-15 22:23:00,34.76,34.76,34.75,34.75,28.72
2025-01-15 22:24:00,34.75,34.76,34.75,34.76,33.69
2025-01-15 22:25:00,34.76,34.76,34.72,34.73,140.27
2025-01-15 22:26:00,34.74,34.74,34.7,34.74,286.12
2025-01-15 22:27:00,34.73,34.75,34.73,34.74,28.15
2025-01-15 22:28:00,34.75,34.77,34.72,34.76,156.35
2025-01-15 22:29:00,34.76,34.76,34.76,34.76,12.02
2025-01-15 22:30:00,34.76,34.79,34.76,34.78,128.31
2025-01-15 22:31:00,34.79,34.81,34.78,34.79,138.4
2025-01-15 22:32:00,34.8,34.92,34.8,34.9,195.06
2025-01-15 22:33:00,34.9,34.93,34.9,34.93,41.25
2025-01-15 22:34:00,34.93,34.93,34.87,34.87,207.44
2025-01-15 22:35:00,34.86,34.86,34.83,34.85,124.94
2025-01-15 22:36:00,34.85,34.85,34.85,34.85,0.0
2025-01-15 22:37:00,34.85,34.85,34.85,34.85,0.0
2025-01-15 22:38:00,34.88,34.89,34.87,34.87,46.52
2025-01-15 22:39:00,34.89,34.92,34.89,34.92,258.01
2025-01-15 22:40:00,34.92,34.92,34.91,34.92,51.43
2025-01-15 22:41:00,34.93,34.94,34.93,34.94,3.31
2025-01-15 22:42:00,34.94,34.95,34.94,34.95,0.35
2025-01-15 22:43:00,34.95,34.96,34.94,34.94,99.12
2025-01-15 22:44:00,34.94,34.94,34.92,34.92,86.39
2025-01-15 22:45:00,34.94,34.96,34.94,34.94,24.75
2025-01-15 22:46:00,34.96,35.0,34.95,34.99,72.07
2025-01-15 22:47:00,34.99,35.0,34.98,34.99,51.31
2025-01-15 22:48:00,35.0,35.0,34.99,34.99,50.61
2025-01-15 22:49:00,34.99,35.0,34.98,35.0,87.33
2025-01-15 22:50:00,34.99,34.99,34.99,34.99,1.41
2025-01-15 22:51:00,34.99,34.99,34.95,34.95,65.24
2025-01-15 22:52:00,34.95,34.96,34.95,34.96,6.86
2025-01-15 22:53:00,34.97,34.97,34.96,34.97,38.78
2025-01-15 22:54:00,34.98,35.04,34.98,35.04,173.81
2025-01-15 22:55:00,35.04,35.11,35.04,35.1,583.1
2025-01-15 22:56:00,35.1,35.1,35.07,35.09,63.05
2025-01-15 22:57:00,35.09,35.09,35.08,35.08,13.55
2025-01-15 22:58:00,35.09,35.11,35.09,35.11,126.9
2025-01-15 22:59:00,35.11,35.12,35.1,35.12,61.23
2025-01-15 23:00:00,35.13,35.19,35.13,35.16,131.42
2025-01-15 23:01:00,35.15,35.17,35.14,35.16,88.43
2025-01-15 23:02:00,35.13,35.13,35.06,35.06,178.4
2025-01-15 23:03:00,35.06,35.12,35.06,35.09,157.52
2025-01-15 23:04:00,35.1,35.17,35.1,35.16,42.38
2025-01-15 23:05:00,35.13,35.16,35.13,35.16,4.78
2025-01-15 23:06:00,35.15,35.16,35.14,35.16,45.78
2025-01-15 23:07:00,35.14,35.15,35.13,35.15,31.04
2025-01-15 23:08:00,35.12,35.13,35.09,35.09,110.0
2025-01-15 23:09:00,35.1,35.1,35.08,35.08,30.33
2025-01-15 23:10:00,35.08,35.09,35.06,35.07,5.83
2025-01-15 23:11:00,35.06,35.07,35.04,35.04,44.99
2025-01-15 23:12:00,35.04,35.05,35.03,35.05,138.58
2025-01-15 23:13:00,35.05,35.09,35.05,35.09,93.09
2025-01-15 23:14:00,35.09,35.14,35.08,35.11,188.76
2025-01-15 23:15:00,35.13,35.19,35.13,35.17,103.54
2025-01-15 23:16:00,35.18,35.2,35.15,35.2,28.56
2025-01-15 23:17:00,35.21,35.21,35.15,35.15,240.12
2025-01-15 23:18:00,35.16,35.16,35.1,35.13,299.31
2025-01-15 23:19:00,35.17,35.17,35.15,35.15,76.39
2025-01-15 23:20:00,35.17,35.18,35.17,35.18,55.24
2025-01-15 23:21:00,35.15,35.15,35.07,35.08,1247.6
2025-01-15 23:22:00,35.09,35.1,35.07,35.1,193.36
2025-01-15 23:23:00,35.1,35.15,35.1,35.14,68.89
2025-01-15 23:24:00,35.14,35.25,35.14,35.24,294.27
2025-01-15 23:25:00,35.23,35.26,35.23,35.23,187.59
2025-01-15 23:26:00,35.23,35.24,35.22,35.23,19.05
2025-01-15 23:27:00,35.23,35.23,35.23,35.23,50.22
2025-01-15 23:28:00,35.23,35.24,35.23,35.24,38.41
2025-01-15 23:29:00,35.25,35.27,35.25,35.27,102.75
2025-01-15 23:30:00,35.25,35.26,35.21,35.21,48.8
2025-01-15 23:31:00,35.22,35.24,35.22,35.22,16.94
2025-01-15 23:32:00,35.23,35.27,35.22,35.22,197.6
2025-01-15 23:33:00,35.2,35.22,35.19,35.2,32.73
2025-01-15 23:34:00,35.21,35.26,35.21,35.26,140.09
2025-01-15 23:35:00,35.28,35.33,35.28,35.33,157.62
2025-01-15 23:36:00,35.31,35.33,35.3,35.3,128.45
2025-01-15 23:37:00,35.32,35.36,35.31,35.34,200.03
2025-01-15 23:38:00,35.33,35.34,35.32,35.34,133.71
2025-01-15 23:39:00,35.33,35.33,35.31,35.31,14.49
2025-01-15 23:40:00,35.31,35.34,35.31,35.34,17.31
2025-01-15 23:41:00,35.33,35.35,35.33,35.34,56.58
2025-01-15 23:42:00,35.35,35.35,35.29,35.3,735.63
2025-01-15 23:43:00,35.32,35.34,35.31,35.34,165.64
2025-01-15 23:44:00,35.35,35.35,35.34,35.34,90.34
2025-01-15 23:45:00,35.35,35.42,35.35,35.42,437.9
2025-01-15 23:46:00,35.42,35.47,35.42,35.45,452.81
2025-01-15 23:47:00,35.46,35.47,35.44,35.47,60.39
2025-01-15 23:48:00,35.46,35.46,35.45,35.45,39.63
2025-01-15 23:49:00,35.44,35.47,35.44,35.44,548.39
2025-01-15 23:50:00,35.46,35.46,35.43,35.43,11.96
2025-01-15 23:51:00,35.39,35.43,35.38,35.43,47.65
2025-01-15 23:52:00,35.43,35.44,35.43,35.44,1.9
2025-01-15 23:53:00,35.46,35.46,35.44,35.44,4.11
2025-01-15 23:54:00,35.44,35.44,35.44,35.44,2.85
2025-01-15 23:55:00,35.46,35.46,35.46,35.46,8.0
2025-01-15 23:56:00,35.43,35.43,35.43,35.43,32.01
2025-01-15 23:57:00,35.4,35.44,35.4,35.42,949.42
2025-01-15 23:58:00,35.41,35.41,35.37,35.37,104.72
2025-01-15 23:59:00,35.37,35.4,35.37,35.39,38.2
2025-01-16 00:00:00,35.4,35.5,35.4,35.48,260.65
2025-01-16 00:01:00,35.47,35.47,35.34,35.4,284.28
2025-01-16 00:02:00,35.41,35.43,35.39,35.41,176.88
2025-01-16 00:03:00,35.41,35.46,35.34,35.34,390.78
2025-01-16 00:04:00,35.33,35.34,35.26,35.29,323.9
2025-01-16 00:05:00,35.32,35.35,35.31,35.32,453.86
2025-01-16 00:06:00,35.32,35.32,35.21,35.21,251.96
2025-01-16 00:07:00,35.21,35.21,35.1,35.16,490.38
2025-01-16 00:08:00,35.16,35.16,35.05,35.05,91.12
2025-01-16 00:09:00,35.06,35.08,35.05,35.08,328.32
2025-01-16 00:10:00,35.05,35.12,35.03,35.11,24.79
2025-01-16 00:11:00,35.1,35.13,35.07,35.08,91.67
2025-01-16 00:12:00,35.07,35.16,35.07,35.16,106.62
2025-01-16 00:13:00,35.16,35.18,35.13,35.13,226.83
2025-01-16 00:14:00,35.12,35.16,35.08,35.12,424.87
2025-01-16 00:15:00,35.11,35.11,35.03,35.03,168.02
2025-01-16 00:16:00,35.03,35.11,35.03,35.08,106.06
2025-01-16 00:17:00,35.08,35.08,35.02,35.02,45.98
2025-01-16 00:18:00,35.01,35.01,34.97,34.97,102.93
2025-01-16 00:19:00,34.97,35.09,34.97,35.09,125.65
2025-01-16 00:20:00,35.11,35.12,35.06,35.07,56.71
2025-01-16 00:21:00,35.07,35.07,34.99,34.99,98.86
2025-01-16 00:22:00,34.99,34.99,34.96,34.97,92.91
2025-01-16 00:23:00,35.01,35.03,35.0,35.03,35.13
2025-01-16 00:24:00,35.05,35.07,35.05,35.07,29.45
2025-01-16 00:25:00,35.07,35.1,35.07,35.09,2.85
2025-01-16 00:26:00,35.08,35.09,35.03,35.07,17.84
2025-01-16 00:27:00,35.04,35.04,34.98,34.98,16.9
2025-01-16 00:28:00,34.97,34.97,34.95,34.95,42.14
2025-01-16 00:29:00,34.95,34.95,34.94,34.95,123.12
2025-01-16 00:30:00,34.97,35.0,34.89,34.9,342.5
2025-01-16 00:31:00,34.88,34.88,34.8,34.8,305.32
2025-01-16 00:32:00,34.82,34.92,34.76,34.91,546.05
2025-01-16 00:33:00,34.9,34.9,34.83,34.83,39.33
2025-01-16 00:34:00,34.82,34.82,34.77,34.77,42.14
2025-01-16 00:35:00,34.78,34.78,34.72,34.72,169.61
2025-01-16 00:36:00,34.73,34.73,34.63,34.63,448.38
2025-01-16 00:37:00,34.66,34.72,34.62,34.63,216.63
2025-01-16 00:38:00,34.63,34.63,34.45,34.47,1948.58
2025-01-16 00:39:00,34.47,34.51,34.46,34.47,366.76
2025-01-16 00:40:00,34.49,34.59,34.46,34.58,573.87
2025-01-16 00:41:00,34.63,34.66,34.63,34.65,129.54
2025-01-16 00:42:00,34.62,34.63,34.6,34.61,68.17
2025-01-16 00:43:00,34.61,34.66,34.59,34.64,388.08
2025-01-16 00:44:00,34.6,34.73,34.6,34.73,101.59
2025-01-16 00:45:00,34.68,34.75,34.68,34.75,31.68
2025-01-16 00:46:00,34.72,34.75,34.7,34.71,16.95
2025-01-16 00:47:00,34.74,34.75,34.72,34.73,53.76
2025-01-16 00:48:00,34.72,34.78,34.72,34.78,56.91
2025-01-16 00:49:00,34.78,34.8,34.77,34.78,195.51
2025-01-16 00:50:00,34.79,34.83,34.79,34.83,199.95
2025-01-16 00:51:00,34.82,34.83,34.81,34.81,44.56
2025-01-16 00:52:00,34.77,34.77,34.76,34.77,1.03
2025-01-16 00:53:00,34.78,34.78,34.77,34.77,42.74
2025-01-16 00:54:00,34.78,34.81,34.78,34.81,192.97
2025-01-16 00:55:00,34.82,34.82,34.82,34.82,15.97
2025-01-16 00:56:00,34.8,34.83,34.78,34.78,445.64
2025-01-16 00:57:00,34.79,34.79,34.78,34.78,15.13
2025-01-16 00:58:00,34.78,34.78,34.78,34.78,32.9
2025-01-16 00:59:00,34.8,34.81,34.78,34.78,80.97
2025-01-16 01:00:00,34.77,34.85,34.77,34.82,193.88
2025-01-16 01:01:00,34.85,34.89,34.85,34.89,64.16
2025-01-16 01:02:00,34.9,34.92,34.88,34.92,81.93
2025-01-16 01:03:00,34.92,34.94,34.91,34.94,41.94
2025-01-16 01:04:00,34.96,34.98,34.93,34.94,52.28
2025-01-16 01:05:00,34.95,34.98,34.95,34.96,11.55
2025-01-16 01:06:00,34.98,34.98,34.95,34.95,28.84
2025-01-16 01:07:00,34.93,35.04,34.93,35.04,183.46
2025-01-16 01:08:00,35.05,35.06,35.03,35.05,58.84
2025-01-16 01:09:00,35.06,35.06,35.05,35.05,64.09
2025-01-16 01:10:00,35.04,35.05,35.02,35.05,939.72
2025-01-16 01:11:00,35.07,35.08,35.04,35.04,304.53
2025-01-16 01:12:00,35.02,35.02,34.95,34.97,178.97
2025-01-16 01:13:00,34.96,34.97,34.94,34.97,27.82
2025-01-16 01:14:00,35.0,35.0,34.98,34.98,113.67
2025-01-16 01:15:00,35.01,35.06,35.01,35.06,66.42
2025-01-16 01:16:00,35.07,35.07,35.0,35.0,56.46
2025-01-16 01:17:00,34.99,34.99,34.95,34.96,61.3
2025-01-16 01:18:00,34.96,34.96,34.93,34.95,37.76
2025-01-16 01:19:00,34.96,34.96,34.96,34.96,34.32
2025-01-16 01:20:00,34.94,34.94,34.8,34.8,64.92
2025-01-16 01:21:00,34.81,34.85,34.81,34.84,90.64
2025-01-16 01:22:00,34.85,34.87,34.82,34.87,55.13
2025-01-16 01:23:00,34.89,34.9,34.89,34.9,94.1
2025-01-16 01:24:00,34.93,34.93,34.93,34.93,11.51
2025-01-16 01:25:00,34.92,34.94,34.92,34.94,37.63
2025-01-16 01:26:00,34.91,34.92,34.91,34.92,7.18
2025-01-16 01:27:00,34.91,34.92,34.91,34.91,15.84
2025-01-16 01:28:00,34.93,34.93,34.93,34.93,26.21
2025-01-16 01:29:00,34.94,34.97,34.94,34.96,59.14
2025-01-16 01:30:00,34.95,34.95,34.85,34.91,607.09
2025-01-16 01:31:00,34.89,34.89,34.82,34.83,289.85
2025-01-16 01:32:00,34.8,34.82,34.78,34.82,568.15
2025-01-16 01:33:00,34.81,34.86,34.79,34.86,339.58
2025-01-16 01:34:00,34.86,34.88,34.84,34.86,212.86
2025-01-16 01:35:00,34.87,34.88,34.86,34.87,18.78
2025-01-16 01:36:00,34.87,34.92,34.87,34.91,20.09
2025-01-16 01:37:00,34.9,34.94,34.87,34.93,144.66
2025-01-16 01:38:00,34.92,34.95,34.92,34.95,0.87
2025-01-16 01:39:00,34.97,34.99,34.97,34.99,1.92
2025-01-16 01:40:00,34.99,34.99,34.96,34.97,98.17
2025-01-16 01:41:00,34.98,34.98,34.96,34.96,85.17
2025-01-16 01:42:00,34.94,34.94,34.91,34.91,68.69
2025-01-16 01:43:00,34.92,34.93,34.92,34.93,40.71
2025-01-16 01:44:00,34.93,34.97,34.93,34.97,75.19
2025-01-16 01:45:00,35.0,35.02,34.99,35.01,61.48
2025-01-16 01:46:00,35.01,35.09,35.01,35.09,25.41
2025-01-16 01:47:00,35.06,35.06,35.01,35.01,115.39
2025-01-16 01:48:00,34.99,34.99,34.97,34.99,34.21
2025-01-16 01:49:00,34.99,35.0,34.99,34.99,34.27
2025-01-16 01:50:00,35.0,35.0,35.0,35.0,74.38
2025-01-16 01:51:00,35.0,35.0,34.98,34.99,36.89
2025-01-16 01:52:00,35.03,35.05,35.03,35.05,29.19
2025-01-16 01:53:00,35.05,35.06,35.05,35.06,2.25
2025-01-16 01:54:00,35.06,35.06,35.04,35.04,25.19
2025-01-16 01:55:00,35.05,35.08,35.01,35.08,265.07
2025-01-16 01:56:00,35.09,35.11,35.09,35.09,26.45
2025-01-16 01:57:00,35.08,35.08,35.06,35.07,29.35
2025-01-16 01:58:00,35.06,35.06,35.06,35.06,0.2
2025-01-16 01:59:00,35.04,35.04,35.03,35.03,44.14
2025-01-16 02:00:00,35.04,35.04,34.96,34.97,59.1
2025-01-16 02:01:00,34.94,34.94,34.87,34.87,54.14
2025-01-16 02:02:00,34.88,34.88,34.84,34.84,10.37
2025-01-16 02:03:00,34.82,34.83,34.8,34.8,75.81
2025-01-16 02:04:00,34.79,34.89,34.79,34.89,126.79
2025-01-16 02:05:00,34.87,34.88,34.87,34.88,75.81
2025-01-16 02:06:00,34.92,34.93,34.92,34.93,0.45
2025-01-16 02:07:00,34.92,34.92,34.91,34.91,16.27
2025-01-16 02:08:00,34.91,34.91,34.89,34.9,18.61
2025-01-16 02:09:00,34.9,34.9,34.85,34.88,57.51
2025-01-16 02:10:00,34.86,34.86,34.85,34.85,55.87
2025-01-16 02:11:00,34.84,34.89,34.84,34.89,28.73
2025-01-16 02:12:00,34.88,34.9,34.88,34.89,36.12
2025-01-16 02:13:00,34.89,34.91,34.88,34.91,1.31
2025-01-16 02:14:00,34.9,34.9,34.9,34.9,0.9
2025-01-16 02:15:00,34.87,34.87,34.85,34.86,8.85
2025-01-16 02:16:00,34.86,34.86,34.82,34.82,49.22
2025-01-16 02:17:00,34.82,34.82,34.82,34.82,0.3
2025-01-16 02:18:00,34.8,34.8,34.79,34.79,12.1
2025-01-16 02:19:00,34.78,34.78,34.76,34.78,79.41
2025-01-16 02:20:00,34.79,34.84,34.79,34.84,80.89
2025-01-16 02:21:00,34.89,34.93,34.89,34.93,104.82
2025-01-16 02:22:00,34.9,34.91,34.88,34.89,33.7
2025-01-16 02:23:00,34.87,34.88,34.87,34.88,17.59
2025-01-16 02:24:00,34.91,34.93,34.9,34.9,82.62
2025-01-16 02:25:00,34.88,34.88,34.83,34.83,378.98
2025-01-16 02:26:00,34.85,34.85,34.85,34.85,0.77
2025-01-16 02:27:00,34.83,34.83,34.78,34.78,70.73
2025-01-16 02:28:00,34.78,34.78,34.76,34.77,46.08
2025-01-16 02:29:00,34.78,34.78,34.78,34.78,11.55
2025-01-16 02:30:00,34.82,34.89,34.82,34.85,66.96
2025-01-16 02:31:00,34.85,34.85,34.85,34.85,0.2
2025-01-16 02:32:00,34.87,34.87,34.87,34.87,5.8
2025-01-16 02:33:00,34.87,34.91,34.87,34.9,60.78
2025-01-16 02:34:00,34.88,34.88,34.87,34.87,15.12
2025-01-16 02:35:00,34.87,34.87,34.85,34.85,26.22
2025-01-16 02:36:00,34.83,34.86,34.82,34.86,102.72
2025-01-16 02:37:00,34.85,34.85,34.8,34.8,90.81
2025-01-16 02:38:00,34.79,34.82,34.79,34.82,25.0
2025-01-16 02:39:00,34.8,34.8,34.79,34.79,16.56
2025-01-16 02:40:00,34.82,34.85,34.82,34.85,102.74
2025-01-16 02:41:00,34.86,34.86,34.86,34.86,88.69
2025-01-16 02:42:00,34.86,34.86,34.82,34.82,40.3
2025-01-16 02:43:00,34.83,34.83,34.83,34.83,0.29
2025-01-16 02:44:00,34.85,34.87,34.85,34.87,43.45
2025-01-16 02:45:00,34.87,34.87,34.85,34.85,14.35
2025-01-16 02:46:00,34.8,34.85,34.8,34.85,51.13
2025-01-16 02:47:00,34.83,34.83,34.82,34.82,32.22
2025-01-16 02:48:00,34.83,34.83,34.83,34.83,7.6
2025-01-16 02:49:00,34.83,34.83,34.83,34.83,0.0
2025-01-16 02:50:00,34.82,34.82,34.75,34.76,52.06
2025-01-16 02:51:00,34.81,34.81,34.8,34.8,2.03
2025-01-16 02:52:00,34.82,34.83,34.82,34.83,19.7
2025-01-16 02:53:00,34.81,34.81,34.75,34.76,23.84
2025-01-16 02:54:00,34.77,34.78,34.77,34.78,18.99
2025-01-16 02:55:00,34.8,34.8,34.76,34.76,3.29
2025-01-16 02:56:00,34.77,34.77,34.76,34.77,2.76
2025-01-16 02:57:00,34.8,34.8,34.8,34.8,2.33
2025-01-16 02:58:00,34.81,34.85,34.81,34.85,235.04
2025-01-16 02:59:00,34.83,34.83,34.82,34.82,4.52
2025-01-16 03:00:00,34.84,34.88,34.84,34.84,72.12
2025-01-16 03:01:00,34.83,34.84,34.82,34.82,26.43
2025-01-16 03:02:00,34.83,34.88,34.83,34.87,35.95
2025-01-16 03:03:00,34.89,34.94,34.86,34.86,165.43
2025-01-16 03:04:00,34.87,34.89,34.87,34.89,28.3
2025-01-16 03:05:00,34.9,34.93,34.9,34.92,83.06
2025-01-16 03:06:00,34.9,34.96,34.9,34.93,39.39
2025-01-16 03:07:00,34.94,34.94,34.91,34.91,53.82
2025-01-16 03:08:00,34.91,34.96,34.91,34.96,42.97
2025-01-16 03:09:00,34.96,34.99,34.96,34.99,58.46
2025-01-16 03:10:00,34.99,34.99,34.97,34.98,56.09
2025-01-16 03:11:00,34.99,35.0,34.98,34.98,32.7
2025-01-16 03:12:00,34.97,34.97,34.96,34.96,32.28
2025-01-16 03:13:00,34.96,34.96,34.92,34.92,260.47
2025-01-16 03:14:00,34.91,34.91,34.91,34.91,2.86
2025-01-16 03:15:00,34.89,34.89,34.85,34.85,2.84
2025-01-16 03:16:00,34.84,34.87,34.84,34.86,4.94
2025-01-16 03:17:00,34.87,34.88,34.87,34.88,1.78
2025-01-16 03:18:00,34.9,34.9,34.85,34.85,70.88
2025-01-16 03:19:00,34.82,34.82,34.79,34.8,42.8
2025-01-16 03:20:00,34.79,34.79,34.78,34.78,5.94
2025-01-16 03:21:00,34.81,34.84,34.81,34.84,31.99
2025-01-16 03:22:00,34.79,34.8,34.77,34.77,20.63
2025-01-16 03:23:00,34.77,34.78,34.76,34.76,95.11
2025-01-16 03:24:00,34.79,34.81,34.79,34.79,65.29
2025-01-16 03:25:00,34.78,34.81,34.78,34.81,72.65
2025-01-16 03:26:00,34.82,34.82,34.82,34.82,8.45
2025-01-16 03:27:00,34.83,34.85,34.83,34.85,2.3
2025-01-16 03:28:00,34.85,34.85,34.85,34.85,8.15
2025-01-16 03:29:00,34.82,34.82,34.79,34.79,36.82
2025-01-16 03:30:00,34.79,34.79,34.7,34.7,106.67
2025-01-16 03:31:00,34.69,34.69,34.63,34.63,196.38
2025-01-16 03:32:00,34.65,34.65,34.62,34.63,28.35
2025-01-16 03:33:00,34.61,34.61,34.54,34.57,231.53
2025-01-16 03:34:00,34.56,34.66,34.55,34.64,717.12
2025-01-16 03:35:00,34.66,34.66,34.58,34.58,597.45
2025-01-16 03:36:00,34.59,34.61,34.55,34.55,135.66
2025-01-16 03:37:00,34.53,34.55,34.53,34.53,55.06
2025-01-16 03:38:00,34.54,34.63,34.54,34.63,81.8
2025-01-16 03:39:00,34.63,34.68,34.63,34.66,77.2
2025-01-16 03:40:00,34.65,34.68,34.64,34.64,86.91
2025-01-16 03:41:00,34.63,34.67,34.63,34.65,11.26
2025-01-16 03:42:00,34.68,34.69,34.68,34.68,77.96
2025-01-16 03:43:00,34.67,34.67,34.66,34.66,3.03
2025-01-16 03:44:00,34.71,34.73,34.71,34.73,22.79
2025-01-16 03:45:00,34.74,34.77,34.74,34.77,65.31
2025-01-16 03:46:00,34.76,34.8,34.76,34.78,50.89
2025-01-16 03:47:00,34.76,34.76,34.75,34.75,20.03
2025-01-16 03:48:00,34.75,34.75,34.72,34.72,11.2
2025-01-16 03:49:00,34.72,34.73,34.72,34.73,29.24
2025-01-16 03:50:00,34.69,34.69,34.69,34.69,0.6
2025-01-16 03:51:00,34.69,34.69,34.69,34.69,0.0
2025-01-16 03:52:00,34.7,34.71,34.68,34.71,8.94
2025-01-16 03:53:00,34.67,34.69,34.67,34.68,8.05
2025-01-16 03:54:00,34.68,34.71,34.68,34.71,0.88
2025-01-16 03:55:00,34.69,34.72,34.69,34.72,10.48
2025-01-16 03:56:00,34.73,34.73,34.73,34.73,11.25
2025-01-16 03:57:00,34.73,34.73,34.73,34.73,12.37
2025-01-16 03:58:00,34.74,34.75,34.74,34.75,11.42
2025-01-16 03:59:00,34.76,34.76,34.76,34.76,0.59
2025-01-16 04:00:00,34.8,34.86,34.8,34.86,5.76
2025-01-16 04:01:00,34.85,34.85,34.81,34.81,5.58
2025-01-16 04:02:00,34.79,34.79,34.79,34.79,27.9
2025-01-16 04:03:00,34.76,34.76,34.76,34.76,14.42
2025-01-16 04:04:00,34.76,34.76,34.75,34.75,30.4
2025-01-16 04:05:00,34.73,34.73,34.73,34.73,8.72
2025-01-16 04:06:00,34.72,34.75,34.72,34.74,25.15
2025-01-16 04:07:00,34.76,34.76,34.76,34.76,37.61
2025-01-16 04:08:00,34.73,34.73,34.73,34.73,0.29
2025-01-16 04:09:00,34.75,34.76,34.75,34.75,42.09
2025-01-16 04:10:00,34.77,34.77,34.72,34.75,546.92
2025-01-16 04:11:00,34.77,34.77,34.75,34.75,34.11
2025-01-16 04:12:00,34.74,34.74,34.74,34.74,22.72
2025-01-16 04:13:00,34.76,34.78,34.76,34.78,22.41
2025-01-16 04:14:00,34.78,34.78,34.76,34.76,48.22
2025-01-16 04:15:00,34.74,34.74,34.74,34.74,14.77
2025-01-16 04:16:00,34.74,34.76,34.74,34.76,58.27
2025-01-16 04:17:00,34.79,34.79,34.78,34.79,20.34
2025-01-16 04:18:00,34.75,34.75,34.75,34.75,25.47
2025-01-16 04:19:00,34.74,34.76,34.68,34.71,801.89
2025-01-16 04:20:00,34.71,34.72,34.71,34.72,40.49
2025-01-16 04:21:00,34.71,34.71,34.7,34.71,38.53
2025-01-16 04:22:00,34.7,34.7,34.69,34.69,81.87
2025-01-16 04:23:00,34.7,34.72,34.69,34.69,76.85
2025-01-16 04:24:00,34.67,34.67,34.64,34.66,46.68
2025-01-16 04:25:00,34.66,34.66,34.62,34.62,19.44
2025-01-16 04:26:00,34.63,34.67,34.63,34.67,63.27
2025-01-16 04:27:00,34.66,34.69,34.66,34.69,30.05
2025-01-16 04:28:00,34.68,34.72,34.68,34.72,18.63
2025-01-16 04:29:00,34.71,34.72,34.71,34.71,28.35
2025-01-16 04:30:00,34.7,34.7,34.68,34.69,61.46
2025-01-16 04:31:00,34.67,34.67,34.63,34.63,81.73
2025-01-16 04:32:00,34.63,34.64,34.63,34.64,20.14
2025-01-16 04:33:00,34.64,34.67,34.64,34.67,25.75
2025-01-16 04:34:00,34.67,34.7,34.67,34.69,31.76
2025-01-16 04:35:00,34.69,34.71,34.69,34.71,62.08
2025-01-16 04:36:00,34.72,34.77,34.72,34.77,235.14
2025-01-16 04:37:00,34.77,34.8,34.77,34.8,78.81
2025-01-16 04:38:00,34.81,34.81,34.78,34.79,22.61
2025-01-16 04:39:00,34.82,34.84,34.82,34.84,59.62
2025-01-16 04:40:00,34.84,34.84,34.8,34.8,19.8
2025-01-16 04:41:00,34.79,34.8,34.79,34.8,4.2
2025-01-16 04:42:00,34.79,34.8,34.79,34.8,15.98
2025-01-16 04:43:00,34.82,34.87,34.82,34.87,1.13
2025-01-16 04:44:00,34.86,34.86,34.85,34.85,26.57
2025-01-16 04:45:00,34.84,34.84,34.78,34.78,22.75
2025-01-16 04:46:00,34.79,34.79,34.77,34.77,11.07
2025-01-16 04:47:00,34.77,34.8,34.77,34.8,36.25
2025-01-16 04:48:00,34.82,34.82,34.82,34.82,0.22
2025-01-16 04:49:00,34.83,34.83,34.8,34.8,273.62
2025-01-16 04:50:00,34.81,34.86,34.8,34.86,245.41
2025-01-16 04:51:00,34.87,34.87,34.83,34.83,82.99
2025-01-16 04:52:00,34.83,34.83,34.8,34.8,8.35
2025-01-16 04:53:00,34.81,34.82,34.81,34.82,30.66
2025-01-16 04:54:00,34.83,34.84,34.82,34.84,29.9
2025-01-16 04:55:00,34.82,34.82,34.82,34.82,27.32
2025-01-16 04:56:00,34.79,34.81,34.79,34.79,47.43
2025-01-16 04:57:00,34.8,34.8,34.8,34.8,0.3
2025-01-16 04:58:00,34.81,34.84,34.81,34.84,32.57
2025-01-16 04:59:00,34.84,34.84,34.84,34.84,0.0
2025-01-16 05:00:00,34.87,34.89,34.87,34.88,104.14
2025-01-16 05:01:00,34.87,34.87,34.81,34.81,110.41
2025-01-16 05:02:00,34.82,34.82,34.82,34.82,28.48
2025-01-16 05:03:00,34.81,34.84,34.81,34.82,44.44
2025-01-16 05:04:00,34.83,34.83,34.82,34.83,4.72
2025-01-16 05:05:00,34.83,34.83,34.8,34.81,69.97
2025-01-16 05:06:00,34.79,34.79,34.72,34.74,89.92
2025-01-16 05:07:00,34.73,34.74,34.73,34.74,9.78
2025-01-16 05:08:00,34.73,34.77,34.73,34.77,56.14
2025-01-16 05:09:00,34.8,34.8,34.8,34.8,6.66
2025-01-16 05:10:00,34.8,34.8,34.79,34.79,35.41
2025-01-16 05:11:00,34.79,34.79,34.75,34.77,88.28
2025-01-16 05:12:00,34.76,34.77,34.75,34.77,46.88
2025-01-16 05:13:00,34.77,34.77,34.77,34.77,7.7
2025-01-16 05:14:00,34.75,34.76,34.75,34.76,52.99
2025-01-16 05:15:00,34.74,34.74,34.7,34.71,255.2
2025-01-16 05:16:00,34.72,34.73,34.72,34.73,20.9
2025-01-16 05:17:00,34.74,34.76,34.7,34.7,384.91
2025-01-16 05:18:00,34.7,34.7,34.65,34.65,100.11
2025-01-16 05:19:00,34.66,34.7,34.66,34.7,279.56
2025-01-16 05:20:00,34.7,34.72,34.7,34.7,9.95
2025-01-16 05:21:00,34.75,34.75,34.73,34.73,48.43
2025-01-16 05:22:00,34.73,34.77,34.73,34.76,62.05
2025-01-16 05:23:00,34.76,34.82,34.76,34.81,137.89
2025-01-16 05:24:00,34.8,34.81,34.8,34.8,25.15
2025-01-16 05:25:00,34.8,34.82,34.8,34.82,13.69
2025-01-16 05:26:00,34.81,34.81,34.8,34.81,27.8
2025-01-16 05:27:00,34.81,34.81,34.81,34.81,20.65
2025-01-16 05:28:00,34.81,34.81,34.81,34.81,0.22
2025-01-16 05:29:00,34.82,34.82,34.82,34.82,10.14
2025-01-16 05:30:00,34.83,34.85,34.79,34.79,27.3
2025-01-16 05:31:00,34.81,34.81,34.79,34.79,39.76
2025-01-16 05:32:00,34.79,34.8,34.79,34.8,23.25
2025-01-16 05:33:00,34.78,34.84,34.78,34.84,142.22
2025-01-16 05:34:00,34.84,34.87,34.84,34.85,47.71
2025-01-16 05:35:00,34.83,34.83,34.8,34.8,38.45
2025-01-16 05:36:00,34.78,34.81,34.78,34.79,114.57
2025-01-16 05:37:00,34.8,34.83,34.8,34.83,68.5
2025-01-16 05:38:00,34.83,34.83,34.81,34.83,40.5
2025-01-16 05:39:00,34.83,34.83,34.83,34.83,0.0
2025-01-16 05:40:00,34.82,34.82,34.77,34.77,39.8
2025-01-16 05:41:00,34.79,34.81,34.79,34.81,28.63
2025-01-16 05:42:00,34.78,34.78,34.77,34.77,1.72
2025-01-16 05:43:00,34.76,34.78,34.76,34.78,21.41
2025-01-16 05:44:00,34.8,34.81,34.8,34.81,14.18
2025-01-16 05:45:00,34.81,34.83,34.81,34.83,62.99
2025-01-16 05:46:00,34.83,34.83,34.83,34.83,0.0
2025-01-16 05:47:00,34.83,34.83,34.83,34.83,7.0
2025-01-16 05:48:00,34.86,34.86,34.85,34.85,75.1
2025-01-16 05:49:00,34.84,34.85,34.83,34.83,30.92
2025-01-16 05:50:00,34.83,34.83,34.82,34.82,2.51
2025-01-16 05:51:00,34.8,34.8,34.79,34.79,48.11
2025-01-16 05:52:00,34.79,34.79,34.79,34.79,1.0
2025-01-16 05:53:00,34.8,34.8,34.78,34.78,11.76
2025-01-16 05:54:00,34.75,34.75,34.73,34.73,8.8
2025-01-16 05:55:00,34.74,34.75,34.72,34.72,228.61
2025-01-16 05:56:00,34.71,34.71,34.69,34.7,10.1
2025-01-16 05:57:00,34.69,34.69,34.69,34.69,0.28
2025-01-16 05:58:00,34.7,34.7,34.69,34.69,1.24
2025-01-16 05:59:00,34.69,34.69,34.68,34.68,4.81
2025-01-16 06:00:00,34.66,34.66,34.64,34.65,42.16
2025-01-16 06:01:00,34.63,34.63,34.6,34.6,33.63
2025-01-16 06:02:00,34.58,34.63,34.57,34.63,74.67
2025-01-16 06:03:00,34.63,34.65,34.63,34.64,44.69
2025-01-16 06:04:00,34.65,34.65,34.65,34.65,3.56
2025-01-16 06:05:00,34.65,34.73,34.65,34.72,155.71
2025-01-16 06:06:00,34.73,34.74,34.71,34.74,77.33
2025-01-16 06:07:00,34.73,34.74,34.73,34.74,3.5
2025-01-16 06:08:00,34.74,34.74,34.74,34.74,0.0
2025-01-16 06:09:00,34.72,34.72,34.68,34.68,16.52
2025-01-16 06:10:00,34.7,34.71,34.7,34.71,2.6
2025-01-16 06:11:00,34.72,34.73,34.72,34.72,45.85
2025-01-16 06:12:00,34.72,34.72,34.7,34.7,17.72
2025-01-16 06:13:00,34.68,34.73,34.68,34.73,25.99
2025-01-16 06:14:00,34.73,34.75,34.73,34.75,41.9
2025-01-16 06:15:00,34.73,34.73,34.71,34.71,11.28
2025-01-16 06:16:00,34.71,34.71,34.65,34.65,14.41
2025-01-16 06:17:00,34.67,34.67,34.66,34.67,80.82
2025-01-16 06:18:00,34.67,34.67,34.67,34.67,4.14
2025-01-16 06:19:00,34.67,34.67,34.65,34.66,98.52
2025-01-16 06:20:00,34.68,34.69,34.64,34.64,88.31
2025-01-16 06:21:00,34.68,34.7,34.68,34.69,72.65
2025-01-16 06:22:00,34.72,34.72,34.72,34.72,5.0
2025-01-16 06:23:00,34.72,34.73,34.72,34.73,1.47
2025-01-16 06:24:00,34.74,34.77,34.74,34.77,29.72
2025-01-16 06:25:00,34.73,34.73,34.73,34.73,33.52
2025-01-16 06:26:00,34.75,34.81,34.75,34.79,37.72
2025-01-16 06:27:00,34.8,34.83,34.79,34.82,62.14
2025-01-16 06:28:00,34.82,34.88,34.82,34.88,165.05
2025-01-16 06:29:00,34.85,34.85,34.84,34.84,12.46
2025-01-16 06:30:00,34.84,34.86,34.83,34.84,58.32
2025-01-16 06:31:00,34.85,34.96,34.85,34.93,1054.01
2025-01-16 06:32:00,34.93,34.93,34.89,34.9,106.43
2025-01-16 06:33:00,34.87,34.88,34.87,34.88,11.05
2025-01-16 06:34:00,34.86,34.88,34.86,34.88,2.59
2025-01-16 06:35:00,34.87,34.88,34.86,34.88,68.83
2025-01-16 06:36:00,34.89,34.92,34.89,34.9,91.83
2025-01-16 06:37:00,34.92,34.92,34.86,34.87,5.06
2025-01-16 06:38:00,34.87,34.87,34.86,34.86,24.57
2025-01-16 06:39:00,34.87,34.91,34.87,34.91,54.81
2025-01-16 06:40:00,34.89,34.89,34.87,34.87,17.29
2025-01-16 06:41:00,34.87,34.87,34.87,34.87,0.0
2025-01-16 06:42:00,34.86,34.86,34.84,34.86,86.9
2025-01-16 06:43:00,34.86,34.86,34.85,34.85,66.41
2025-01-16 06:44:00,34.84,34.84,34.83,34.84,75.22
2025-01-16 06:45:00,34.84,34.84,34.78,34.78,51.07
2025-01-16 06:46:00,34.79,34.79,34.79,34.79,22.96
2025-01-16 06:47:00,34.8,34.85,34.8,34.84,107.43
2025-01-16 06:48:00,34.86,34.86,34.85,34.85,0.63
2025-01-16 06:49:00,34.84,34.84,34.81,34.81,33.09
2025-01-16 06:50:00,34.87,34.87,34.87,34.87,0.18
2025-01-16 06:51:00,34.88,34.89,34.88,34.89,0.84
2025-01-16 06:52:00,34.89,34.9,34.87,34.87,116.16
2025-01-16 06:53:00,34.86,34.88,34.85,34.88,4.59
2025-01-16 06:54:00,34.89,34.89,34.87,34.87,29.82
2025-01-16 06:55:00,34.86,34.86,34.85,34.85,25.15
2025-01-16 06:56:00,34.85,34.86,34.84,34.86,12.02
2025-01-16 06:57:00,34.87,34.88,34.87,34.88,3.32
2025-01-16 06:58:00,34.88,34.89,34.88,34.89,32.01
2025-01-16 06:59:00,34.91,34.92,34.9,34.9,46.74
2025-01-16 07:00:00,34.92,34.95,34.9,34.93,671.17
2025-01-16 07:01:00,34.91,34.94,34.91,34.92,436.81
2025-01-16 07:02:00,34.92,34.97,34.92,34.96,54.27
2025-01-16 07:03:00,34.97,35.0,34.97,34.98,96.57
2025-01-16 07:04:00,35.01,35.02,35.0,35.0,69.83
2025-01-16 07:05:00,35.0,35.04,35.0,35.04,105.03
2025-01-16 07:06:00,35.04,35.04,34.97,35.01,116.81
2025-01-16 07:07:00,35.0,35.01,34.97,34.97,24.4
2025-01-16 07:08:00,34.96,34.97,34.96,34.97,32.39
2025-01-16 07:09:00,34.98,35.01,34.98,35.01,41.99
2025-01-16 07:10:00,35.0,35.03,34.99,35.01,91.5
2025-01-16 07:11:00,35.04,35.04,35.02,35.02,9.1
2025-01-16 07:12:00,35.02,35.09,35.02,35.08,146.03
2025-01-16 07:13:00,35.1,35.11,35.08,35.11,63.67
2025-01-16 07:14:00,35.09,35.1,35.0,35.0,493.98
2025-01-16 07:15:00,35.0,35.03,34.98,35.0,552.1
2025-01-16 07:16:00,35.0,35.03,35.0,35.02,69.73
2025-01-16 07:17:00,34.98,34.99,34.97,34.98,46.06
2025-01-16 07:18:00,34.99,35.01,34.96,35.0,351.64
2025-01-16 07:19:00,35.0,35.0,34.95,34.95,37.06
2025-01-16 07:20:00,34.98,34.98,34.97,34.97,92.97
2025-01-16 07:21:00,34.97,35.0,34.97,34.99,146.34
2025-01-16 07:22:00,34.98,34.98,34.96,34.96,40.92
2025-01-16 07:23:00,34.96,34.96,34.93,34.95,58.5
2025-01-16 07:24:00,34.95,34.95,34.94,34.94,3.64
2025-01-16 07:25:00,34.93,34.95,34.89,34.89,75.22
2025-01-16 07:26:00,34.91,34.92,34.89,34.89,168.13
2025-01-16 07:27:00,34.88,34.92,34.88,34.92,96.67
2025-01-16 07:28:00,34.93,34.95,34.93,34.94,95.35
2025-01-16 07:29:00,34.95,34.98,34.95,34.98,46.46
2025-01-16 07:30:00,34.99,35.04,34.99,35.03,218.82
2025-01-16 07:31:00,35.01,35.01,34.94,34.94,168.99
2025-01-16 07:32:00,34.91,34.93,34.91,34.93,28.6
2025-01-16 07:33:00,34.95,34.97,34.95,34.95,43.52
2025-01-16 07:34:00,34.97,35.05,34.97,35.05,191.32
2025-01-16 07:35:00,35.05,35.05,35.03,35.03,49.69
2025-01-16 07:36:00,35.03,35.04,34.98,34.99,61.26
2025-01-16 07:37:00,34.99,35.01,34.99,35.01,19.09
2025-01-16 07:38:00,34.99,35.01,34.97,34.97,100.15
2025-01-16 07:39:00,35.0,35.03,35.0,35.01,46.65
2025-01-16 07:40:00,35.02,35.03,35.02,35.02,45.12
2025-01-16 07:41:00,35.02,35.1,35.01,35.1,863.6
2025-01-16 07:42:00,35.09,35.09,35.06,35.09,343.32
2025-01-16 07:43:00,35.09,35.09,35.07,35.09,265.72
2025-01-16 07:44:00,35.08,35.16,35.07,35.16,768.28
2025-01-16 07:45:00,35.15,35.15,35.07,35.13,803.35
2025-01-16 07:46:00,35.12,35.12,35.06,35.06,59.9
2025-01-16 07:47:00,35.05,35.1,35.05,35.1,49.96
2025-01-16 07:48:00,35.11,35.11,35.08,35.08,56.46
2025-01-16 07:49:00,35.07,35.07,35.06,35.06,41.59
2025-01-16 07:50:00,35.08,35.09,35.07,35.07,46.33
2025-01-16 07:51:00,35.06,35.07,35.05,35.06,29.25
2025-01-16 07:52:00,35.05,35.05,35.05,35.05,1.22
2025-01-16 07:53:00,35.05,35.06,35.05,35.06,15.39
2025-01-16 07:54:00,35.06,35.1,35.06,35.09,24.84
2025-01-16 07:55:00,35.09,35.12,35.09,35.12,17.33
2025-01-16 07:56:00,35.11,35.11,35.09,35.09,92.61
2025-01-16 07:57:00,35.08,35.08,35.08,35.08,2.62
2025-01-16 07:58:00,35.07,35.09,35.07,35.09,10.37
2025-01-16 07:59:00,35.1,35.1,35.09,35.09,1.88
2025-01-16 08:00:00,35.09,35.16,35.08,35.16,170.24
2025-01-16 08:01:00,35.17,35.21,35.17,35.19,103.78
2025-01-16 08:02:00,35.19,35.23,35.19,35.2,503.2
2025-01-16 08:03:00,35.18,35.21,35.16,35.18,691.18
2025-01-16 08:04:00,35.19,35.21,35.15,35.2,903.38
2025-01-16 08:05:00,35.18,35.18,35.15,35.15,152.57
2025-01-16 08:06:00,35.14,35.16,35.14,35.16,103.44
2025-01-16 08:07:00,35.17,35.17,35.13,35.16,475.73
2025-01-16 08:08:00,35.15,35.17,35.15,35.16,20.29
2025-01-16 08:09:00,35.14,35.15,35.13,35.13,219.47
2025-01-16 08:10:00,35.16,35.16,35.13,35.14,12.18
2025-01-16 08:11:00,35.14,35.17,35.14,35.16,269.96
2025-01-16 08:12:00,35.15,35.16,35.14,35.16,6.85
2025-01-16 08:13:00,35.17,35.18,35.13,35.13,217.28
2025-01-16 08:14:00,35.13,35.13,35.1,35.13,276.36
2025-01-16 08:15:00,35.14,35.18,35.14,35.17,112.5
2025-01-16 08:16:00,35.18,35.22,35.18,35.22,120.0
2025-01-16 08:17:00,35.22,35.22,35.12,35.12,697.47
2025-01-16 08:18:00,35.11,35.12,35.1,35.1,43.53
2025-01-16 08:19:00,35.09,35.09,35.01,35.05,175.04
2025-01-16 08:20:00,34.99,34.99,34.93,34.93,399.52
2025-01-16 08:21:00,34.93,35.0,34.91,34.97,173.39
2025-01-16 08:22:00,34.97,34.99,34.91,34.93,97.08
2025-01-16 08:23:00,34.91,34.91,34.87,34.87,73.86
2025-01-16 08:24:00,34.87,34.91,34.87,34.89,20.65
2025-01-16 08:25:00,34.89,34.98,34.89,34.98,56.36
2025-01-16 08:26:00,34.99,35.01,34.98,35.0,28.09
2025-01-16 08:27:00,35.01,35.02,35.01,35.01,31.93
2025-01-16 08:28:00,35.02,35.03,35.02,35.02,31.78
2025-01-16 08:29:00,35.02,35.02,35.01,35.01,5.07
2025-01-16 08:30:00,35.02,35.07,35.0,35.06,215.3
2025-01-16 08:31:00,35.06,35.06,35.0,35.0,80.1
2025-01-16 08:32:00,34.99,34.99,34.86,34.87,281.63
2025-01-16 08:33:00,34.88,34.89,34.83,34.86,214.06
2025-01-16 08:34:00,34.84,34.89,34.84,34.84,95.95
2025-01-16 08:35:00,34.84,34.85,34.83,34.84,44.56
2025-01-16 08:36:00,34.84,34.87,34.84,34.87,17.05
2025-01-16 08:37:00,34.88,34.88,34.84,34.84,62.16
2025-01-16 08:38:00,34.85,34.85,34.83,34.84,146.03
2025-01-16 08:39:00,34.86,34.9,34.83,34.89,9.96
2025-01-16 08:40:00,34.88,34.88,34.84,34.84,45.58
2025-01-16 08:41:00,34.83,34.83,34.8,34.8,889.15
2025-01-16 08:42:00,34.81,34.84,34.8,34.81,199.24
2025-01-16 08:43:00,34.8,34.82,34.8,34.8,3613.43
2025-01-16 08:44:00,34.81,34.89,34.73,34.73,4150.91
2025-01-16 08:45:00,34.74,34.81,34.74,34.76,834.12
2025-01-16 08:46:00,34.74,34.8,34.72,34.8,468.72
2025-01-16 08:47:00,34.81,34.81,34.61,34.64,729.54
2025-01-16 08:48:00,34.63,34.64,34.57,34.57,385.58
2025-01-16 08:49:00,34.57,34.61,34.5,34.51,557.53
2025-01-16 08:50:00,34.52,34.63,34.48,34.48,821.43
2025-01-16 08:51:00,34.48,34.53,34.47,34.47,128.9
2025-01-16 08:52:00,34.48,34.49,34.44,34.45,219.97
2025-01-16 08:53:00,34.46,34.61,34.46,34.57,382.92
2025-01-16 08:54:00,34.58,34.59,34.5,34.53,78.31
2025-01-16 08:55:00,34.5,34.62,34.5,34.61,272.55
2025-01-16 08:56:00,34.63,34.65,34.61,34.65,64.44
2025-01-16 08:57:00,34.65,34.67,34.64,34.64,178.79
2025-01-16 08:58:00,34.66,34.66,34.59,34.6,40.98
2025-01-16 08:59:00,34.62,34.71,34.62,34.69,491.42
2025-01-16 09:00:00,34.7,34.76,34.66,34.66,183.26
2025-01-16 09:01:00,34.7,34.8,34.69,34.72,224.0
2025-01-16 09:02:00,34.71,34.74,34.63,34.64,172.29
2025-01-16 09:03:00,34.64,34.65,34.53,34.57,473.11
2025-01-16 09:04:00,34.53,34.59,34.52,34.58,405.7
2025-01-16 09:05:00,34.61,34.67,34.58,34.58,137.11
2025-01-16 09:06:00,34.55,34.55,34.51,34.54,270.32
2025-01-16 09:07:00,34.56,34.57,34.53,34.53,38.48
2025-01-16 09:08:00,34.51,34.65,34.51,34.64,74.91
2025-01-16 09:09:00,34.64,34.66,34.61,34.64,26.85
2025-01-16 09:10:00,34.63,34.68,34.62,34.65,152.36
2025-01-16 09:11:00,34.65,34.69,34.65,34.67,30.05
2025-01-16 09:12:00,34.67,34.68,34.66,34.68,45.46
2025-01-16 09:13:00,34.67,34.75,34.65,34.74,362.58
2025-01-16 09:14:00,34.75,34.83,34.75,34.76,183.43
2025-01-16 09:15:00,34.75,34.82,34.74,34.8,269.99
2025-01-16 09:16:00,34.81,34.82,34.77,34.82,98.98
2025-01-16 09:17:00,34.8,34.81,34.77,34.81,112.24
2025-01-16 09:18:00,34.78,34.78,34.76,34.78,29.27
2025-01-16 09:19:00,34.75,34.8,34.75,34.78,415.28
2025-01-16 09:20:00,34.78,34.82,34.75,34.75,293.69
2025-01-16 09:21:00,34.76,34.78,34.76,34.76,71.79
2025-01-16 09:22:00,34.76,34.76,34.72,34.72,30.27
2025-01-16 09:23:00,34.72,34.76,34.72,34.75,96.83
2025-01-16 09:24:00,34.76,34.8,34.76,34.8,69.4
2025-01-16 09:25:00,34.8,34.85,34.8,34.81,58.17
2025-01-16 09:26:00,34.81,34.91,34.81,34.89,664.27
2025-01-16 09:27:00,34.9,35.0,34.9,34.96,170.72
2025-01-16 09:28:00,34.95,34.96,34.93,34.96,360.22
2025-01-16 09:29:00,34.96,34.98,34.94,34.97,341.96
2025-01-16 09:30:00,34.97,34.97,34.87,34.9,591.1
2025-01-16 09:31:00,34.89,34.89,34.8,34.81,142.68
2025-01-16 09:32:00,34.81,34.84,34.81,34.83,197.08
2025-01-16 09:33:00,34.82,34.86,34.82,34.86,13.39
2025-01-16 09:34:00,34.83,34.87,34.83,34.86,60.08
2025-01-16 09:35:00,34.86,34.87,34.83,34.86,138.51
2025-01-16 09:36:00,34.85,34.93,34.85,34.92,188.07
2025-01-16 09:37:00,34.94,35.04,34.94,35.04,607.95
2025-01-16 09:38:00,35.04,35.04,35.0,35.03,179.7
2025-01-16 09:39:00,35.04,35.08,35.03,35.04,259.45
2025-01-16 09:40:00,35.04,35.04,34.98,34.98,428.52
2025-01-16 09:41:00,34.97,35.0,34.95,35.0,130.72
2025-01-16 09:42:00,34.99,35.0,34.93,34.93,285.3
2025-01-16 09:43:00,34.94,34.95,34.93,34.95,32.25
2025-01-16 09:44:00,34.92,34.95,34.92,34.95,24.67
2025-01-16 09:45:00,34.94,34.97,34.93,34.97,93.8
2025-01-16 09:46:00,34.95,35.08,34.95,35.07,1016.46
2025-01-16 09:47:00,35.07,35.07,35.02,35.02,155.86
2025-01-16 09:48:00,35.03,35.05,35.02,35.05,54.39
2025-01-16 09:49:00,35.05,35.08,35.05,35.07,534.76
2025-01-16 09:50:00,35.07,35.1,35.06,35.1,338.84
2025-01-16 09:51:00,35.09,35.17,35.07,35.16,1267.2
2025-01-16 09:52:00,35.15,35.17,35.15,35.17,70.35
2025-01-16 09:53:00,35.18,35.21,35.14,35.15,340.62
2025-01-16 09:54:00,35.14,35.16,35.13,35.13,126.68
2025-01-16 09:55:00,35.12,35.2,35.11,35.18,114.53
2025-01-16 09:56:00,35.19,35.19,35.16,35.16,68.97
2025-01-16 09:57:00,35.17,35.17,35.09,35.09,1433.08
2025-01-16 09:58:00,35.1,35.14,35.1,35.12,61.25
2025-01-16 09:59:00,35.12,35.14,35.09,35.14,222.23
2025-01-16 10:00:00,35.15,35.19,35.14,35.14,294.38
2025-01-16 10:01:00,35.14,35.14,35.07,35.07,88.19
2025-01-16 10:02:00,35.07,35.07,34.98,34.99,137.72
2025-01-16 10:03:00,35.02,35.06,35.01,35.04,456.29
2025-01-16 10:04:00,35.02,35.04,35.01,35.03,192.56
2025-01-16 10:05:00,35.02,35.02,34.99,35.0,95.7
2025-01-16 10:06:00,35.02,35.04,34.97,34.97,330.69
2025-01-16 10:07:00,34.98,35.01,34.97,35.01,27.02
2025-01-16 10:08:00,35.01,35.01,35.01,35.01,0.3
2025-01-16 10:09:00,35.02,35.13,35.02,35.13,121.46
2025-01-16 10:10:00,35.13,35.13,35.06,35.06,28.29
2025-01-16 10:11:00,35.06,35.13,35.06,35.09,14.7
2025-01-16 10:12:00,35.08,35.1,35.07,35.08,77.21
2025-01-16 10:13:00,35.1,35.1,35.08,35.1,101.97
2025-01-16 10:14:00,35.09,35.16,35.09,35.13,157.76
2025-01-16 10:15:00,35.15,35.2,35.15,35.2,80.94
2025-01-16 10:16:00,35.2,35.29,35.2,35.29,564.22
2025-01-16 10:17:00,35.3,35.32,35.23,35.23,521.06
2025-01-16 10:18:00,35.2,35.2,35.15,35.2,124.9
2025-01-16 10:19:00,35.19,35.24,35.19,35.22,85.76
2025-01-16 10:20:00,35.23,35.23,35.19,35.2,69.02
2025-01-16 10:21:00,35.2,35.21,35.2,35.21,39.24
2025-01-16 10:22:00,35.2,35.24,35.2,35.24,233.83
2025-01-16 10:23:00,35.26,35.34,35.26,35.3,416.96
2025-01-16 10:24:00,35.29,35.31,35.28,35.3,356.4
2025-01-16 10:25:00,35.29,35.38,35.29,35.38,317.66
2025-01-16 10:26:00,35.37,35.47,35.37,35.46,322.76
2025-01-16 10:27:00,35.45,35.5,35.45,35.45,602.91
2025-01-16 10:28:00,35.46,35.46,35.43,35.45,110.6
2025-01-16 10:29:00,35.46,35.46,35.43,35.44,63.99
2025-01-16 10:30:00,35.43,35.43,35.38,35.4,237.23
2025-01-16 10:31:00,35.41,35.43,35.4,35.42,75.92
2025-01-16 10:32:00,35.4,35.43,35.39,35.42,76.99
2025-01-16 10:33:00,35.42,35.42,35.35,35.39,111.43
2025-01-16 10:34:00,35.4,35.43,35.39,35.43,109.86
2025-01-16 10:35:00,35.44,35.5,35.44,35.5,190.81
2025-01-16 10:36:00,35.49,35.5,35.46,35.48,190.14
2025-01-16 10:37:00,35.49,35.5,35.46,35.48,196.01
2025-01-16 10:38:00,35.49,35.49,35.46,35.48,86.55
2025-01-16 10:39:00,35.47,35.49,35.45,35.49,162.46
2025-01-16 10:40:00,35.46,35.48,35.43,35.43,264.67
2025-01-16 10:41:00,35.42,35.44,35.42,35.44,75.79
2025-01-16 10:42:00,35.44,35.48,35.43,35.47,194.86
2025-01-16 10:43:00,35.47,35.49,35.47,35.48,429.73
2025-01-16 10:44:00,35.48,35.53,35.48,35.51,1255.27
2025-01-16 10:45:00,35.53,35.54,35.37,35.41,286.53
2025-01-16 10:46:00,35.4,35.43,35.38,35.38,177.22
2025-01-16 10:47:00,35.39,35.43,35.38,35.43,435.82
2025-01-16 10:48:00,35.46,35.52,35.45,35.49,129.92
2025-01-16 10:49:00,35.49,35.49,35.45,35.48,54.96
2025-01-16 10:50:00,35.5,35.61,35.5,35.61,928.88
2025-01-16 10:51:00,35.61,35.63,35.6,35.6,303.2
2025-01-16 10:52:00,35.6,35.65,35.59,35.64,173.43
2025-01-16 10:53:00,35.65,35.8,35.64,35.78,1711.74
2025-01-16 10:54:00,35.76,35.76,35.7,35.7,632.26
2025-01-16 10:55:00,35.72,35.72,35.64,35.68,1847.31
2025-01-16 10:56:00,35.69,35.75,35.68,35.75,408.68
2025-01-16 10:57:00,35.75,35.75,35.64,35.68,314.71
2025-01-16 10:58:00,35.67,35.68,35.65,35.65,52.99
2025-01-16 10:59:00,35.65,35.7,35.65,35.67,223.48
2025-01-16 11:00:00,35.69,35.69,35.56,35.56,1090.47
2025-01-16 11:01:00,35.57,35.63,35.55,35.63,209.6
2025-01-16 11:02:00,35.63,35.73,35.62,35.67,1311.25
2025-01-16 11:03:00,35.66,35.67,35.59,35.61,195.09
2025-01-16 11:04:00,35.6,35.62,35.54,35.62,345.12
2025-01-16 11:05:00,35.61,35.61,35.43,35.45,919.5
2025-01-16 11:06:00,35.46,35.47,35.37,35.37,254.61
2025-01-16 11:07:00,35.38,35.4,35.33,35.35,155.24
2025-01-16 11:08:00,35.34,35.35,35.31,35.31,266.74
2025-01-16 11:09:00,35.31,35.59,35.28,35.59,1546.84
2025-01-16 11:10:00,35.58,35.59,35.51,35.53,291.27
2025-01-16 11:11:00,35.56,35.66,35.56,35.64,385.99
2025-01-16 11:12:00,35.64,35.89,35.64,35.86,934.71
2025-01-16 11:13:00,35.86,35.96,35.82,35.96,617.28
2025-01-16 11:14:00,35.96,35.99,35.86,35.86,561.85
2025-01-16 11:15:00,35.88,35.96,35.71,35.71,658.39
2025-01-16 11:16:00,35.72,35.72,35.42,35.53,1145.79
2025-01-16 11:17:00,35.54,35.54,35.38,35.43,1236.04
2025-01-16 11:18:00,35.44,35.56,35.41,35.43,754.78
2025-01-16 11:19:00,35.42,35.42,35.31,35.37,537.14
2025-01-16 11:20:00,35.34,35.52,35.34,35.45,742.02
2025-01-16 11:21:00,35.44,35.65,35.44,35.61,486.32
2025-01-16 11:22:00,35.62,35.62,35.53,35.53,317.5
2025-01-16 11:23:00,35.55,35.55,35.42,35.43,218.3
2025-01-16 11:24:00,35.45,35.48,35.39,35.39,859.6
2025-01-16 11:25:00,35.39,35.42,35.37,35.41,271.8
2025-01-16 11:26:00,35.4,35.49,35.38,35.49,499.07
2025-01-16 11:27:00,35.48,35.7,35.48,35.68,223.79
2025-01-16 11:28:00,35.64,35.7,35.62,35.62,282.04
2025-01-16 11:29:00,35.63,35.65,35.53,35.56,859.67
2025-01-16 11:30:00,35.56,35.63,35.52,35.59,302.47
2025-01-16 11:31:00,35.59,35.69,35.59,35.67,387.67
2025-01-16 11:32:00,35.67,35.79,35.63,35.77,422.15
2025-01-16 11:33:00,35.78,35.87,35.77,35.81,2423.46
2025-01-16 11:34:00,35.86,35.9,35.84,35.84,680.0
2025-01-16 11:35:00,35.86,35.88,35.78,35.79,314.42
2025-01-16 11:36:00,35.79,35.79,35.66,35.69,260.46
2025-01-16 11:37:00,35.67,35.67,35.54,35.62,437.89
2025-01-16 11:38:00,35.6,35.66,35.58,35.66,179.77
2025-01-16 11:39:00,35.64,35.68,35.6,35.66,217.03
2025-01-16 11:40:00,35.68,35.79,35.68,35.77,197.49
2025-01-16 11:41:00,35.78,35.78,35.74,35.76,161.78
2025-01-16 11:42:00,35.76,35.86,35.75,35.86,208.9
2025-01-16 11:43:00,35.86,35.92,35.84,35.89,553.84
2025-01-16 11:44:00,35.87,35.99,35.86,35.89,596.3
2025-01-16 11:45:00,35.88,35.96,35.87,35.89,317.11
2025-01-16 11:46:00,35.88,35.94,35.83,35.9,355.2
2025-01-16 11:47:00,35.9,36.03,35.9,36.02,1394.72
2025-01-16 11:48:00,36.01,36.09,35.93,36.01,1175.61
2025-01-16 11:49:00,35.99,36.07,35.99,36.06,146.82
2025-01-16 11:50:00,36.04,36.3,36.03,36.26,2190.05
2025-01-16 11:51:00,36.22,36.24,36.09,36.13,296.66
2025-01-16 11:52:00,36.12,36.19,36.12,36.19,172.94
2025-01-16 11:53:00,36.2,36.25,36.19,36.2,328.62
2025-01-16 11:54:00,36.2,36.25,36.2,36.25,336.0
2025-01-16 11:55:00,36.25,36.28,36.22,36.23,168.21
2025-01-16 11:56:00,36.23,36.26,36.19,36.23,206.28
2025-01-16 11:57:00,36.22,36.22,36.17,36.19,179.87
2025-01-16 11:58:00,36.21,36.24,36.18,36.24,826.28
2025-01-16 11:59:00,36.24,36.27,36.22,36.24,442.78
2025-01-16 12:00:00,36.23,36.5,36.2,36.44,4149.93
2025-01-16 12:01:00,36.43,36.45,36.24,36.28,871.83
2025-01-16 12:02:00,36.31,36.34,36.16,36.19,795.39
2025-01-16 12:03:00,36.16,36.3,36.13,36.26,853.24
2025-01-16 12:04:00,36.3,36.32,36.06,36.11,467.47
2025-01-16 12:05:00,36.07,36.18,36.0,36.17,742.52
2025-01-16 12:06:00,36.18,36.29,36.14,36.22,1092.03
2025-01-16 12:07:00,36.23,36.35,36.22,36.35,591.06
2025-01-16 12:08:00,36.36,36.37,36.22,36.22,409.81
2025-01-16 12:09:00,36.26,36.33,36.25,36.29,569.54
2025-01-16 12:10:00,36.29,36.3,36.21,36.21,473.9
2025-01-16 12:11:00,36.23,36.44,36.23,36.41,283.4
2025-01-16 12:12:00,36.42,36.42,36.35,36.41,262.03
2025-01-16 12:13:00,36.39,36.4,36.34,36.4,190.08
2025-01-16 12:14:00,36.38,36.5,36.37,36.5,381.5
2025-01-16 12:15:00,36.48,36.62,36.48,36.52,1127.64
2025-01-16 12:16:00,36.5,36.59,36.5,36.59,740.68
2025-01-16 12:17:00,36.6,36.6,36.48,36.48,891.82
2025-01-16 12:18:00,36.48,36.48,36.43,36.46,369.47
2025-01-16 12:19:00,36.46,36.51,36.44,36.5,675.57
2025-01-16 12:20:00,36.54,36.63,36.41,36.41,1904.67
2025-01-16 12:21:00,36.4,36.53,36.4,36.53,867.7
2025-01-16 12:22:00,36.52,36.62,36.49,36.62,185.52
2025-01-16 12:23:00,36.63,36.77,36.61,36.71,1150.48
2025-01-16 12:24:00,36.71,36.71,36.53,36.54,408.3
2025-01-16 12:25:00,36.56,36.57,36.5,36.52,116.25
2025-01-16 12:26:00,36.52,36.55,36.47,36.53,616.24
2025-01-16 12:27:00,36.52,36.52,36.35,36.39,658.31
2025-01-16 12:28:00,36.37,36.42,36.32,36.32,548.69
2025-01-16 12:29:00,36.33,36.37,36.27,36.36,347.26
2025-01-16 12:30:00,36.37,36.59,36.37,36.59,409.24
2025-01-16 12:31:00,36.6,36.62,36.51,36.51,392.74
2025-01-16 12:32:00,36.51,36.81,36.51,36.76,3410.31
2025-01-16 12:33:00,36.75,36.75,36.61,36.65,325.98
2025-01-16 12:34:00,36.66,36.77,36.66,36.74,162.74
2025-01-16 12:35:00,36.75,36.76,36.62,36.64,3681.11
2025-01-16 12:36:00,36.66,36.75,36.66,36.75,117.37
2025-01-16 12:37:00,36.76,36.78,36.71,36.75,274.14
2025-01-16 12:38:00,36.74,36.76,36.72,36.72,198.41
2025-01-16 12:39:00,36.73,36.76,36.68,36.74,284.25
2025-01-16 12:40:00,36.74,36.76,36.61,36.64,939.16
2025-01-16 12:41:00,36.62,36.74,36.6,36.71,1681.22
2025-01-16 12:42:00,36.68,36.68,36.48,36.51,390.09
2025-01-16 12:43:00,36.5,36.54,36.42,36.42,427.03
2025-01-16 12:44:00,36.43,36.54,36.43,36.54,432.37
2025-01-16 12:45:00,36.54,36.54,36.42,36.44,874.31
2025-01-16 12:46:00,36.43,36.49,36.43,36.47,220.65
2025-01-16 12:47:00,36.48,36.64,36.48,36.6,479.5
2025-01-16 12:48:00,36.61,36.63,36.59,36.59,53.47
2025-01-16 12:49:00,36.58,36.6,36.53,36.55,156.47
2025-01-16 12:50:00,36.58,36.65,36.58,36.65,209.89
2025-01-16 12:51:00,36.66,36.7,36.63,36.66,460.57
2025-01-16 12:52:00,36.67,36.81,36.67,36.79,264.5
2025-01-16 12:53:00,36.76,36.84,36.76,36.78,330.97
2025-01-16 12:54:00,36.79,36.81,36.76,36.78,482.45
2025-01-16 12:55:00,36.78,36.78,36.68,36.68,1007.42
2025-01-16 12:56:00,36.69,36.72,36.67,36.69,55.58
2025-01-16 12:57:00,36.69,36.73,36.64,36.69,828.04
2025-01-16 12:58:00,36.69,36.76,36.68,36.73,792.92
2025-01-16 12:59:00,36.74,36.77,36.71,36.77,743.97
2025-01-16 13:00:00,36.78,36.8,36.73,36.79,568.07
2025-01-16 13:01:00,36.77,36.86,36.76,36.81,375.38
2025-01-16 13:02:00,36.8,36.91,36.76,36.89,528.03
2025-01-16 13:03:00,36.9,36.91,36.81,36.81,653.48
2025-01-16 13:04:00,36.82,36.84,36.58,36.58,464.07
2025-01-16 13:05:00,36.61,36.62,36.4,36.45,922.3
2025-01-16 13:06:00,36.5,36.55,36.4,36.41,1193.18
2025-01-16 13:07:00,36.41,36.48,36.34,36.34,384.67
2025-01-16 13:08:00,36.35,36.44,36.26,36.39,1119.42
2025-01-16 13:09:00,36.36,36.36,36.27,36.28,268.58
2025-01-16 13:10:00,36.29,36.43,36.24,36.42,397.81
2025-01-16 13:11:00,36.45,36.45,36.29,36.31,191.88
2025-01-16 13:12:00,36.32,36.33,36.16,36.18,559.46
2025-01-16 13:13:00,36.15,36.24,36.1,36.11,622.25
2025-01-16 13:14:00,36.1,36.18,36.04,36.14,925.72
2025-01-16 13:15:00,36.09,36.21,36.04,36.19,666.23
2025-01-16 13:16:00,36.22,36.28,36.2,36.25,321.76
2025-01-16 13:17:00,36.24,36.31,36.23,36.3,422.37
2025-01-16 13:18:00,36.29,36.42,36.27,36.33,670.41
2025-01-16 13:19:00,36.34,36.42,36.28,36.29,132.78
2025-01-16 13:20:00,36.27,36.27,36.18,36.19,246.49
2025-01-16 13:21:00,36.17,36.23,36.12,36.2,618.68
2025-01-16 13:22:00,36.2,36.3,36.2,36.24,534.72
2025-01-16 13:23:00,36.27,36.3,36.21,36.3,122.59
2025-01-16 13:24:00,36.33,36.44,36.33,36.43,147.74
2025-01-16 13:25:00,36.44,36.52,36.4,36.41,306.81
2025-01-16 13:26:00,36.4,36.41,36.37,36.41,68.41
2025-01-16 13:27:00,36.44,36.46,36.4,36.4,103.42
2025-01-16 13:28:00,36.4,36.4,36.26,36.28,261.75
2025-01-16 13:29:00,36.28,36.28,35.98,36.01,1806.32
2025-01-16 13:30:00,36.01,36.29,36.0,36.27,3328.88
2025-01-16 13:31:00,36.28,36.44,36.24,36.24,1022.36
2025-01-16 13:32:00,36.24,36.3,36.09,36.29,1370.58
2025-01-16 13:33:00,36.28,36.32,36.13,36.28,522.39
2025-01-16 13:34:00,36.32,36.39,36.18,36.24,275.07
2025-01-16 13:35:00,36.21,36.35,36.14,36.34,386.41
2025-01-16 13:36:00,36.35,36.36,36.08,36.13,258.44
2025-01-16 13:37:00,36.14,36.19,36.02,36.17,440.73
2025-01-16 13:38:00,36.17,36.36,36.14,36.31,488.23
2025-01-16 13:39:00,36.33,36.33,36.16,36.17,407.94
2025-01-16 13:40:00,36.17,36.27,36.09,36.11,416.14
2025-01-16 13:41:00,36.09,36.3,36.05,36.3,691.19
2025-01-16 13:42:00,36.29,36.39,36.28,36.37,681.41
2025-01-16 13:43:00,36.35,36.35,36.21,36.33,450.57
2025-01-16 13:44:00,36.34,36.38,36.26,36.27,255.25
2025-01-16 13:45:00,36.26,36.29,36.14,36.15,286.4
2025-01-16 13:46:00,36.17,36.2,36.1,36.15,192.36
2025-01-16 13:47:00,36.17,36.32,36.14,36.31,231.05
2025-01-16 13:48:00,36.33,36.33,36.21,36.21,203.28
2025-01-16 13:49:00,36.22,36.22,36.13,36.14,328.9
2025-01-16 13:50:00,36.14,36.16,36.06,36.06,394.91
2025-01-16 13:51:00,36.08,36.16,36.05,36.09,197.09
2025-01-16 13:52:00,36.1,36.22,36.08,36.22,126.16
2025-01-16 13:53:00,36.17,36.23,36.16,36.23,177.58
2025-01-16 13:54:00,36.25,36.27,36.14,36.14,438.82
2025-01-16 13:55:00,36.15,36.15,36.03,36.08,264.93
2025-01-16 13:56:00,36.08,36.16,36.03,36.16,249.53
2025-01-16 13:57:00,36.14,36.14,36.08,36.11,254.11
2025-01-16 13:58:00,36.13,36.14,36.02,36.06,238.86
2025-01-16 13:59:00,36.04,36.1,36.04,36.07,91.18
2025-01-16 14:00:00,36.09,36.19,36.09,36.19,462.55
2025-01-16 14:01:00,36.2,36.24,36.1,36.13,318.26
2025-01-16 14:02:00,36.11,36.14,36.02,36.08,221.25
2025-01-16 14:03:00,36.1,36.1,35.91,35.94,640.02
2025-01-16 14:04:00,35.95,35.98,35.93,35.98,331.79
2025-01-16 14:05:00,35.96,36.14,35.96,36.12,380.52
2025-01-16 14:06:00,36.12,36.13,36.04,36.05,305.59
2025-01-16 14:07:00,36.07,36.08,35.97,35.97,870.56
2025-01-16 14:08:00,35.97,36.04,35.92,36.04,1326.23
2025-01-16 14:09:00,36.01,36.03,35.97,35.97,628.26
2025-01-16 14:10:00,36.0,36.04,35.98,36.01,723.2
2025-01-16 14:11:00,36.03,36.13,36.03,36.06,924.93
2025-01-16 14:12:00,36.04,36.12,36.03,36.12,170.53
2025-01-16 14:13:00,36.1,36.22,36.08,36.19,270.37
2025-01-16 14:14:00,36.19,36.24,36.12,36.22,898.54
2025-01-16 14:15:00,36.19,36.28,36.19,36.22,241.63
2025-01-16 14:16:00,36.25,36.26,36.13,36.13,177.07
2025-01-16 14:17:00,36.13,36.19,36.12,36.19,177.97
2025-01-16 14:18:00,36.2,36.2,36.17,36.19,40.2
2025-01-16 14:19:00,36.2,36.21,36.15,36.19,246.13
2025-01-16 14:20:00,36.22,36.23,36.17,36.23,90.81
2025-01-16 14:21:00,36.21,36.21,36.16,36.17,197.58
2025-01-16 14:22:00,36.14,36.2,36.11,36.2,494.88
2025-01-16 14:23:00,36.2,36.2,36.15,36.19,458.48
2025-01-16 14:24:00,36.23,36.23,36.19,36.19,74.9
2025-01-16 14:25:00,36.21,36.26,36.2,36.25,168.82
2025-01-16 14:26:00,36.27,36.28,36.16,36.16,279.33
2025-01-16 14:27:00,36.16,36.19,36.12,36.13,307.08
2025-01-16 14:28:00,36.14,36.2,36.14,36.19,114.22
2025-01-16 14:29:00,36.23,36.26,36.21,36.23,77.93
2025-01-16 14:30:00,36.25,36.25,36.11,36.11,108.09
2025-01-16 14:31:00,36.1,36.13,35.93,35.93,806.65
2025-01-16 14:32:00,35.94,35.98,35.88,35.88,395.46
2025-01-16 14:33:00,35.87,35.87,35.8,35.82,389.76
2025-01-16 14:34:00,35.81,35.96,35.81,35.94,481.78
2025-01-16 14:35:00,35.98,36.09,35.94,36.0,371.11
2025-01-16 14:36:00,36.0,36.05,35.94,35.94,2378.96
2025-01-16 14:37:00,35.93,35.93,35.84,35.84,193.69
2025-01-16 14:38:00,35.83,35.94,35.82,35.86,59.14
2025-01-16 14:39:00,35.88,35.89,35.82,35.84,171.26
2025-01-16 14:40:00,35.86,35.89,35.82,35.82,567.1
2025-01-16 14:41:00,35.81,35.86,35.56,35.6,1261.41
2025-01-16 14:42:00,35.61,35.62,35.55,35.57,905.09
2025-01-16 14:43:00,35.56,35.72,35.5,35.52,2032.3
2025-01-16 14:44:00,35.52,35.56,35.37,35.45,1375.17
2025-01-16 14:45:00,35.43,35.47,35.27,35.28,1011.04
2025-01-16 14:46:00,35.27,35.51,35.24,35.36,1605.99
2025-01-16 14:47:00,35.35,35.35,35.05,35.1,1996.06
2025-01-16 14:48:00,35.14,35.42,35.09,35.31,1629.65
2025-01-16 14:49:00,35.29,35.35,35.06,35.1,1223.29
2025-01-16 14:50:00,35.11,35.38,35.09,35.36,1525.16
2025-01-16 14:51:00,35.35,35.4,35.13,35.23,1239.38
2025-01-16 14:52:00,35.22,35.48,35.22,35.44,913.96
2025-01-16 14:53:00,35.47,35.57,35.43,35.51,906.35
2025-01-16 14:54:00,35.5,35.5,35.3,35.32,1145.36
2025-01-16 14:55:00,35.3,35.37,35.26,35.32,336.4
2025-01-16 14:56:00,35.27,35.3,35.2,35.21,356.1
2025-01-16 14:57:00,35.22,35.41,35.22,35.41,489.89
2025-01-16 14:58:00,35.41,35.45,35.31,35.37,302.52
2025-01-16 14:59:00,35.38,35.41,35.34,35.34,129.49
2025-01-16 15:00:00,35.34,35.39,35.28,35.3,321.26
2025-01-16 15:01:00,35.27,35.3,35.18,35.18,484.57
2025-01-16 15:02:00,35.19,35.42,35.18,35.41,676.11
2025-01-16 15:03:00,35.43,35.54,35.37,35.53,560.75
2025-01-16 15:04:00,35.52,35.58,35.43,35.55,1160.13
2025-01-16 15:05:00,35.54,35.62,35.39,35.52,1158.32
2025-01-16 15:06:00,35.53,35.61,35.51,35.61,265.76
2025-01-16 15:07:00,35.61,35.63,35.46,35.57,578.56
2025-01-16 15:08:00,35.57,35.59,35.48,35.48,74.36
2025-01-16 15:09:00,35.46,35.66,35.46,35.64,215.5
2025-01-16 15:10:00,35.65,35.74,35.58,35.64,424.07
2025-01-16 15:11:00,35.65,35.75,35.65,35.65,270.81
2025-01-16 15:12:00,35.64,35.64,35.5,35.5,206.12
2025-01-16 15:13:00,35.5,35.51,35.42,35.44,557.02
2025-01-16 15:14:00,35.44,35.45,35.4,35.45,828.21
2025-01-16 15:15:00,35.44,35.54,35.4,35.54,247.58
2025-01-16 15:16:00,35.55,35.67,35.55,35.67,390.95
2025-01-16 15:17:00,35.65,35.69,35.6,35.63,227.05
2025-01-16 15:18:00,35.63,35.68,35.62,35.66,138.72
2025-01-16 15:19:00,35.66,35.67,35.59,35.64,75.08
2025-01-16 15:20:00,35.63,35.68,35.61,35.68,234.02
2025-01-16 15:21:00,35.66,35.73,35.66,35.71,175.91
2025-01-16 15:22:00,35.71,35.75,35.67,35.67,530.34
2025-01-16 15:23:00,35.66,35.67,35.61,35.65,102.74
2025-01-16 15:24:00,35.66,35.74,35.66,35.72,193.11
2025-01-16 15:25:00,35.73,35.78,35.72,35.78,472.35
2025-01-16 15:26:00,35.79,35.82,35.76,35.76,153.77
2025-01-16 15:27:00,35.82,35.82,35.76,35.77,150.79
2025-01-16 15:28:00,35.76,35.79,35.76,35.77,617.17
2025-01-16 15:29:00,35.79,35.89,35.78,35.88,279.38
2025-01-16 15:30:00,35.87,35.93,35.81,35.93,227.59
2025-01-16 15:31:00,35.92,35.93,35.78,35.79,379.49
2025-01-16 15:32:00,35.8,35.84,35.8,35.81,614.68
2025-01-16 15:33:00,35.81,35.86,35.79,35.79,134.83
2025-01-16 15:34:00,35.79,35.79,35.71,35.71,270.56
2025-01-16 15:35:00,35.75,35.76,35.7,35.7,177.31
2025-01-16 15:36:00,35.7,35.7,35.64,35.67,229.88
2025-01-16 15:37:00,35.66,35.79,35.64,35.78,194.15
2025-01-16 15:38:00,35.78,35.89,35.78,35.86,140.83
2025-01-16 15:39:00,35.87,35.9,35.86,35.88,93.8
2025-01-16 15:40:00,35.88,35.88,35.75,35.77,333.02
2025-01-16 15:41:00,35.75,35.77,35.7,35.71,85.45
2025-01-16 15:42:00,35.72,35.74,35.71,35.71,23.31
2025-01-16 15:43:00,35.71,35.75,35.69,35.73,179.08
2025-01-16 15:44:00,35.73,35.77,35.73,35.75,66.46
2025-01-16 15:45:00,35.73,35.77,35.69,35.69,236.69
2025-01-16 15:46:00,35.69,35.75,35.69,35.75,205.7
2025-01-16 15:47:00,35.74,35.77,35.71,35.75,47.54
2025-01-16 15:48:00,35.77,35.8,35.72,35.8,144.89
2025-01-16 15:49:00,35.8,35.81,35.76,35.78,590.64
2025-01-16 15:50:00,35.82,35.85,35.77,35.77,1555.08
2025-01-16 15:51:00,35.78,35.82,35.74,35.82,1420.82
2025-01-16 15:52:00,35.83,35.94,35.83,35.9,479.29
2025-01-16 15:53:00,35.88,35.94,35.86,35.92,198.15
2025-01-16 15:54:00,35.92,35.94,35.91,35.92,142.53
2025-01-16 15:55:00,35.93,35.96,35.91,35.95,135.72
2025-01-16 15:56:00,35.97,35.97,35.91,35.91,130.64
2025-01-16 15:57:00,35.92,35.97,35.92,35.95,308.15
2025-01-16 15:58:00,35.94,35.99,35.92,35.99,118.81
2025-01-16 15:59:00,36.0,36.1,35.99,36.08,669.57
2025-01-16 16:00:00,36.09,36.14,36.08,36.09,1261.16
2025-01-16 16:01:00,36.1,36.22,36.1,36.19,488.17
2025-01-16 16:02:00,36.23,36.28,36.23,36.27,558.57
2025-01-16 16:03:00,36.28,36.29,36.22,36.29,190.36
2025-01-16 16:04:00,36.29,36.33,36.29,36.33,549.68
2025-01-16 16:05:00,36.33,36.37,36.28,36.29,252.98
2025-01-16 16:06:00,36.32,36.44,36.32,36.44,1505.35
2025-01-16 16:07:00,36.43,36.44,36.37,36.43,539.22
2025-01-16 16:08:00,36.42,36.46,36.41,36.41,169.93
2025-01-16 16:09:00,36.44,36.44,36.41,36.41,117.77
2025-01-16 16:10:00,36.41,36.41,36.31,36.34,359.92
2025-01-16 16:11:00,36.31,36.34,36.28,36.34,203.68
2025-01-16 16:12:00,36.36,36.44,36.36,36.42,173.53
2025-01-16 16:13:00,36.42,36.44,36.39,36.39,172.49
2025-01-16 16:14:00,36.38,36.38,36.32,36.32,179.9
2025-01-16 16:15:00,36.31,36.38,36.27,36.31,396.5
2025-01-16 16:16:00,36.31,36.31,36.24,36.24,368.3
2025-01-16 16:17:00,36.27,36.28,36.19,36.2,127.55
2025-01-16 16:18:00,36.2,36.23,36.17,36.21,325.16
2025-01-16 16:19:00,36.23,36.3,36.23,36.3,73.48
2025-01-16 16:20:00,36.32,36.32,36.27,36.27,79.73
2025-01-16 16:21:00,36.25,36.26,36.19,36.26,221.41
2025-01-16 16:22:00,36.24,36.32,36.23,36.32,58.46
2025-01-16 16:23:00,36.32,36.35,36.31,36.35,52.85
2025-01-16 16:24:00,36.33,36.36,36.32,36.34,298.15
2025-01-16 16:25:00,36.31,36.42,36.31,36.34,2139.57
2025-01-16 16:26:00,36.36,36.44,36.36,36.42,58.77
2025-01-16 16:27:00,36.41,36.43,36.4,36.42,77.91
2025-01-16 16:28:00,36.44,36.46,36.44,36.44,117.05
2025-01-16 16:29:00,36.45,36.46,36.42,36.42,47.52
2025-01-16 16:30:00,36.4,36.43,36.36,36.41,188.31
2025-01-16 16:31:00,36.4,36.45,36.39,36.45,152.64
2025-01-16 16:32:00,36.46,36.46,36.33,36.39,196.71
2025-01-16 16:33:00,36.4,36.47,36.4,36.47,315.25
2025-01-16 16:34:00,36.48,36.52,36.45,36.45,239.67
2025-01-16 16:35:00,36.47,36.47,36.35,36.35,74.99
2025-01-16 16:36:00,36.42,36.42,36.41,36.41,23.21
2025-01-16 16:37:00,36.43,36.52,36.43,36.48,378.74
2025-01-16 16:38:00,36.48,36.5,36.39,36.4,102.93
2025-01-16 16:39:00,36.38,36.38,36.35,36.36,182.71
2025-01-16 16:40:00,36.38,36.48,36.38,36.45,257.07
2025-01-16 16:41:00,36.48,36.51,36.42,36.42,388.99
2025-01-16 16:42:00,36.41,36.43,36.36,36.36,509.64
2025-01-16 16:43:00,36.32,36.38,36.31,36.38,268.43
2025-01-16 16:44:00,36.38,36.44,36.37,36.43,281.16
2025-01-16 16:45:00,36.43,36.51,36.43,36.51,137.24
2025-01-16 16:46:00,36.45,36.52,36.44,36.52,637.17
2025-01-16 16:47:00,36.5,36.51,36.44,36.44,197.28
2025-01-16 16:48:00,36.44,36.48,36.35,36.37,820.32
2025-01-16 16:49:00,36.37,36.45,36.37,36.45,624.44
2025-01-16 16:50:00,36.42,36.45,36.37,36.39,370.1
2025-01-16 16:51:00,36.37,36.4,36.35,36.4,373.43
2025-01-16 16:52:00,36.4,36.41,36.36,36.41,321.58
2025-01-16 16:53:00,36.4,36.45,36.38,36.43,276.21
2025-01-16 16:54:00,36.43,36.43,36.38,36.38,287.66
2025-01-16 16:55:00,36.39,36.43,36.36,36.39,279.87
2025-01-16 16:56:00,36.39,36.42,36.37,36.39,104.35
2025-01-16 16:57:00,36.4,36.4,36.36,36.4,174.27
2025-01-16 16:58:00,36.4,36.42,36.37,36.41,145.27
2025-01-16 16:59:00,36.41,36.48,36.41,36.44,300.71
2025-01-16 17:00:00,36.42,36.42,36.21,36.25,479.22
2025-01-16 17:01:00,36.22,36.28,36.2,36.25,277.27
2025-01-16 17:02:00,36.26,36.34,36.26,36.34,150.28
2025-01-16 17:03:00,36.32,36.34,36.22,36.24,117.85
2025-01-16 17:04:00,36.26,36.33,36.24,36.33,6.32
2025-01-16 17:05:00,36.33,36.36,36.29,36.31,236.75
2025-01-16 17:06:00,36.33,36.36,36.3,36.32,94.91
2025-01-16 17:07:00,36.33,36.35,36.32,36.35,124.63
2025-01-16 17:08:00,36.36,36.39,36.36,36.37,127.69
2025-01-16 17:09:00,36.37,36.37,36.31,36.33,147.47
2025-01-16 17:10:00,36.32,36.37,36.31,36.34,123.29
2025-01-16 17:11:00,36.3,36.33,36.3,36.33,2.48
2025-01-16 17:12:00,36.34,36.42,36.34,36.4,304.38
2025-01-16 17:13:00,36.4,36.4,36.34,36.35,157.39
2025-01-16 17:14:00,36.36,36.36,36.32,36.33,197.15
2025-01-16 17:15:00,36.32,36.39,36.31,36.37,109.6
2025-01-16 17:16:00,36.36,36.46,36.36,36.42,45.76
2025-01-16 17:17:00,36.38,36.45,36.38,36.45,77.23
2025-01-16 17:18:00,36.43,36.5,36.43,36.47,290.97
2025-01-16 17:19:00,36.49,36.49,36.48,36.48,6.88
2025-01-16 17:20:00,36.5,36.56,36.5,36.52,465.66
2025-01-16 17:21:00,36.5,36.5,36.46,36.48,93.29
2025-01-16 17:22:00,36.47,36.47,36.43,36.43,35.84
2025-01-16 17:23:00,36.45,36.51,36.45,36.51,42.9
2025-01-16 17:24:00,36.5,36.56,36.5,36.56,226.17
2025-01-16 17:25:00,36.57,36.57,36.52,36.52,148.79
2025-01-16 17:26:00,36.55,36.58,36.55,36.58,49.37
2025-01-16 17:27:00,36.6,36.66,36.6,36.64,717.42
2025-01-16 17:28:00,36.64,36.66,36.63,36.63,252.57
2025-01-16 17:29:00,36.61,36.63,36.59,36.63,143.69
2025-01-16 17:30:00,36.64,36.69,36.64,36.65,264.15
2025-01-16 17:31:00,36.65,36.67,36.59,36.59,190.78
2025-01-16 17:32:00,36.6,36.64,36.6,36.61,292.86
2025-01-16 17:33:00,36.62,36.63,36.61,36.61,152.7
2025-01-16 17:34:00,36.61,36.66,36.61,36.64,49.28
2025-01-16 17:35:00,36.63,36.65,36.61,36.65,60.28
2025-01-16 17:36:00,36.64,36.69,36.64,36.66,429.6
2025-01-16 17:37:00,36.66,36.69,36.66,36.69,101.51
2025-01-16 17:38:00,36.69,36.74,36.69,36.73,213.23
2025-01-16 17:39:00,36.74,36.74,36.65,36.65,269.97
2025-01-16 17:40:00,36.62,36.63,36.58,36.63,236.28
2025-01-16 17:41:00,36.62,36.68,36.59,36.68,290.36
2025-01-16 17:42:00,36.69,36.71,36.64,36.66,97.43
2025-01-16 17:43:00,36.66,36.72,36.65,36.66,1677.08
2025-01-16 17:44:00,36.65,36.68,36.65,36.66,109.19
2025-01-16 17:45:00,36.66,36.7,36.63,36.68,248.74
2025-01-16 17:46:00,36.63,36.64,36.61,36.62,217.16
2025-01-16 17:47:00,36.65,36.65,36.56,36.56,300.69
2025-01-16 17:48:00,36.57,36.58,36.51,36.54,261.33
2025-01-16 17:49:00,36.53,36.59,36.53,36.59,232.86
2025-01-16 17:50:00,36.6,36.64,36.59,36.63,300.65
2025-01-16 17:51:00,36.63,36.64,36.62,36.64,115.68
2025-01-16 17:52:00,36.64,36.69,36.64,36.68,189.85
2025-01-16 17:53:00,36.69,36.73,36.68,36.69,1149.57
2025-01-16 17:54:00,36.69,36.71,36.66,36.71,250.01
2025-01-16 17:55:00,36.71,36.73,36.71,36.73,16.59
2025-01-16 17:56:00,36.73,36.8,36.73,36.78,212.03
2025-01-16 17:57:00,36.77,36.77,36.74,36.74,26.23
2025-01-16 17:58:00,36.74,36.74,36.7,36.7,97.37
2025-01-16 17:59:00,36.69,36.7,36.65,36.65,60.68
2025-01-16 18:00:00,36.66,36.7,36.66,36.68,107.28
2025-01-16 18:01:00,36.69,36.72,36.67,36.72,722.86
2025-01-16 18:02:00,36.72,36.73,36.71,36.73,244.26
2025-01-16 18:03:00,36.73,36.8,36.73,36.8,250.23
2025-01-16 18:04:00,36.79,36.87,36.79,36.85,368.6
2025-01-16 18:05:00,36.86,36.89,36.85,36.87,242.58
2025-01-16 18:06:00,36.87,36.89,36.85,36.89,59.33
2025-01-16 18:07:00,36.9,36.9,36.88,36.9,43.72
2025-01-16 18:08:00,36.9,36.97,36.9,36.94,305.71
2025-01-16 18:09:00,36.94,36.94,36.9,36.91,389.04
2025-01-16 18:10:00,36.9,36.91,36.88,36.91,126.74
2025-01-16 18:11:00,36.91,36.91,36.81,36.82,98.21
2025-01-16 18:12:00,36.83,36.84,36.79,36.81,115.68
2025-01-16 18:13:00,36.82,36.82,36.82,36.82,20.21
2025-01-16 18:14:00,36.82,36.83,36.79,36.82,71.36
2025-01-16 18:15:00,36.82,36.85,36.81,36.81,82.54
2025-01-16 18:16:00,36.78,36.8,36.74,36.74,65.62
2025-01-16 18:17:00,36.73,36.75,36.7,36.7,291.94
2025-01-16 18:18:00,36.71,36.71,36.67,36.71,165.53
2025-01-16 18:19:00,36.72,36.72,36.69,36.69,2.19
2025-01-16 18:20:00,36.66,36.74,36.66,36.72,81.52
2025-01-16 18:21:00,36.71,36.73,36.69,36.69,47.0
2025-01-16 18:22:00,36.7,36.72,36.69,36.69,47.07
2025-01-16 18:23:00,36.7,36.74,36.69,36.74,43.18
2025-01-16 18:24:00,36.73,36.73,36.69,36.7,49.34
2025-01-16 18:25:00,36.72,36.72,36.66,36.7,120.74
2025-01-16 18:26:00,36.71,36.74,36.66,36.66,413.31
2025-01-16 18:27:00,36.67,36.67,36.58,36.6,170.24
2025-01-16 18:28:00,36.6,36.63,36.6,36.61,258.79
2025-01-16 18:29:00,36.6,36.6,36.56,36.59,137.4
2025-01-16 18:30:00,36.58,36.59,36.53,36.59,301.07
2025-01-16 18:31:00,36.58,36.62,36.57,36.6,101.07
2025-01-16 18:32:00,36.61,36.62,36.55,36.55,88.28
2025-01-16 18:33:00,36.55,36.6,36.51,36.6,250.58
2025-01-16 18:34:00,36.6,36.61,36.5,36.56,164.94
2025-01-16 18:35:00,36.54,36.59,36.53,36.57,187.63
2025-01-16 18:36:00,36.57,36.6,36.52,36.52,127.17
2025-01-16 18:37:00,36.54,36.56,36.5,36.56,61.7
2025-01-16 18:38:00,36.55,36.56,36.52,36.52,70.7
2025-01-16 18:39:00,36.52,36.58,36.51,36.58,268.12
2025-01-16 18:40:00,36.59,36.64,36.59,36.63,242.04
2025-01-16 18:41:00,36.64,36.67,36.62,36.63,130.75
2025-01-16 18:42:00,36.64,36.64,36.56,36.6,238.96
2025-01-16 18:43:00,36.6,36.6,36.56,36.57,114.95
2025-01-16 18:44:00,36.55,36.55,36.52,36.52,76.99
2025-01-16 18:45:00,36.56,36.56,36.51,36.51,70.54
2025-01-16 18:46:00,36.52,36.53,36.52,36.53,76.61
2025-01-16 18:47:00,36.53,36.55,36.47,36.47,70.17
2025-01-16 18:48:00,36.48,36.49,36.46,36.49,130.44
2025-01-16 18:49:00,36.47,36.54,36.47,36.53,216.95
2025-01-16 18:50:00,36.55,36.56,36.53,36.53,81.06
2025-01-16 18:51:00,36.56,36.56,36.52,36.53,87.58
2025-01-16 18:52:00,36.53,36.58,36.53,36.55,100.24
2025-01-16 18:53:00,36.57,36.63,36.56,36.61,106.78
2025-01-16 18:54:00,36.61,36.66,36.61,36.62,159.11
2025-01-16 18:55:00,36.64,36.65,36.6,36.6,334.77
2025-01-16 18:56:00,36.6,36.6,36.59,36.6,22.46
2025-01-16 18:57:00,36.6,36.6,36.58,36.58,38.92
2025-01-16 18:58:00,36.59,36.59,36.55,36.55,422.33
2025-01-16 18:59:00,36.57,36.57,36.53,36.53,7.93
2025-01-16 19:00:00,36.53,36.53,36.42,36.42,110.06
2025-01-16 19:01:00,36.41,36.43,36.36,36.38,334.81
2025-01-16 19:02:00,36.38,36.4,36.36,36.36,69.26
2025-01-16 19:03:00,36.37,36.4,36.34,36.4,58.47
2025-01-16 19:04:00,36.4,36.42,36.38,36.42,84.2
2025-01-16 19:05:00,36.45,36.45,36.41,36.41,15.53
2025-01-16 19:06:00,36.41,36.45,36.41,36.45,33.18
2025-01-16 19:07:00,36.45,36.48,36.45,36.47,188.19
2025-01-16 19:08:00,36.49,36.49,36.46,36.47,44.38
2025-01-16 19:09:00,36.47,36.48,36.46,36.47,31.7
2025-01-16 19:10:00,36.47,36.52,36.47,36.5,113.44
2025-01-16 19:11:00,36.51,36.53,36.51,36.51,72.92
2025-01-16 19:12:00,36.53,36.54,36.53,36.54,1.4
2025-01-16 19:13:00,36.54,36.58,36.52,36.57,190.99
2025-01-16 19:14:00,36.55,36.55,36.51,36.52,18.37
2025-01-16 19:15:00,36.53,36.53,36.49,36.49,16.9
2025-01-16 19:16:00,36.48,36.52,36.48,36.52,20.6
2025-01-16 19:17:00,36.52,36.52,36.52,36.52,0.0
2025-01-16 19:18:00,36.52,36.55,36.52,36.55,10.89
2025-01-16 19:19:00,36.54,36.56,36.54,36.55,1.24
2025-01-16 19:20:00,36.55,36.55,36.53,36.53,29.35
2025-01-16 19:21:00,36.53,36.54,36.52,36.53,76.74
2025-01-16 19:22:00,36.54,36.54,36.44,36.45,215.73
2025-01-16 19:23:00,36.45,36.47,36.41,36.41,29.1
2025-01-16 19:24:00,36.42,36.44,36.42,36.44,13.58
2025-01-16 19:25:00,36.43,36.47,36.43,36.47,218.26
2025-01-16 19:26:00,36.49,36.53,36.49,36.51,187.51
2025-01-16 19:27:00,36.5,36.55,36.5,36.54,101.77
2025-01-16 19:28:00,36.54,36.62,36.54,36.62,375.78
2025-01-16 19:29:00,36.63,36.68,36.63,36.65,198.6
2025-01-16 19:30:00,36.64,36.64,36.57,36.57,343.36
2025-01-16 19:31:00,36.57,36.59,36.53,36.57,658.98
2025-01-16 19:32:00,36.55,36.56,36.54,36.56,50.64
2025-01-16 19:33:00,36.56,36.58,36.56,36.58,90.05
2025-01-16 19:34:00,36.58,36.65,36.58,36.65,124.38
2025-01-16 19:35:00,36.67,36.76,36.67,36.7,290.56
2025-01-16 19:36:00,36.69,36.75,36.69,36.73,487.45
2025-01-16 19:37:00,36.74,36.74,36.69,36.69,35.97
2025-01-16 19:38:00,36.7,36.75,36.7,36.74,163.84
2025-01-16 19:39:00,36.75,36.75,36.71,36.71,142.4
2025-01-16 19:40:00,36.71,36.74,36.68,36.74,172.59
2025-01-16 19:41:00,36.73,36.73,36.71,36.71,69.15
2025-01-16 19:42:00,36.71,36.71,36.69,36.69,12.29
2025-01-16 19:43:00,36.7,36.7,36.68,36.68,244.4
2025-01-16 19:44:00,36.7,36.7,36.67,36.68,106.8
2025-01-16 19:45:00,36.68,36.7,36.65,36.7,163.86
2025-01-16 19:46:00,36.73,36.74,36.73,36.73,16.5
2025-01-16 19:47:00,36.73,36.75,36.72,36.72,77.93
2025-01-16 19:48:00,36.73,36.83,36.71,36.8,357.65
2025-01-16 19:49:00,36.81,36.82,36.77,36.79,335.79
2025-01-16 19:50:00,36.77,36.77,36.7,36.7,204.57
2025-01-16 19:51:00,36.72,36.72,36.64,36.65,287.27
2025-01-16 19:52:00,36.65,36.68,36.64,36.68,34.7
2025-01-16 19:53:00,36.68,36.71,36.68,36.7,15.29
2025-01-16 19:54:00,36.71,36.72,36.7,36.71,23.91
2025-01-16 19:55:00,36.73,36.74,36.71,36.74,104.74
2025-01-16 19:56:00,36.76,36.76,36.73,36.74,101.88
2025-01-16 19:57:00,36.74,36.78,36.74,36.78,42.55
2025-01-16 19:58:00,36.77,36.81,36.77,36.8,166.62
2025-01-16 19:59:00,36.81,36.82,36.8,36.8,108.75
2025-01-16 20:00:00,36.8,36.84,36.8,36.84,72.84
2025-01-16 20:01:00,36.84,36.89,36.84,36.89,187.98
2025-01-16 20:02:00,36.89,36.9,36.86,36.9,393.11
2025-01-16 20:03:00,36.9,36.96,36.9,36.95,111.36
2025-01-16 20:04:00,36.93,36.94,36.78,36.79,191.33
2025-01-16 20:05:00,36.8,36.82,36.72,36.73,348.49
2025-01-16 20:06:00,36.73,36.76,36.71,36.71,330.36
2025-01-16 20:07:00,36.71,36.72,36.67,36.72,1366.48
2025-01-16 20:08:00,36.72,36.75,36.71,36.74,72.83
2025-01-16 20:09:00,36.75,36.79,36.72,36.72,121.09
2025-01-16 20:10:00,36.71,36.73,36.67,36.68,208.11
2025-01-16 20:11:00,36.67,36.68,36.62,36.68,352.86
2025-01-16 20:12:00,36.7,36.85,36.69,36.79,1682.66
2025-01-16 20:13:00,36.79,36.8,36.76,36.78,237.71
2025-01-16 20:14:00,36.77,36.8,36.71,36.73,1192.74
2025-01-16 20:15:00,36.77,36.78,36.76,36.78,60.36
2025-01-16 20:16:00,36.73,36.74,36.72,36.74,137.74
2025-01-16 20:17:00,36.73,36.73,36.63,36.65,123.73
2025-01-16 20:18:00,36.64,36.64,36.59,36.59,31.85
2025-01-16 20:19:00,36.58,36.63,36.57,36.6,315.51
2025-01-16 20:20:00,36.61,36.64,36.59,36.63,143.03
2025-01-16 20:21:00,36.63,36.7,36.61,36.7,102.16
2025-01-16 20:22:00,36.67,36.67,36.58,36.6,93.46
2025-01-16 20:23:00,36.59,36.59,36.48,36.5,677.05
2025-01-16 20:24:00,36.53,36.55,36.47,36.47,99.34
2025-01-16 20:25:00,36.46,36.48,36.45,36.46,54.87
2025-01-16 20:26:00,36.48,36.51,36.45,36.49,325.93
2025-01-16 20:27:00,36.48,36.49,36.44,36.47,493.19
2025-01-16 20:28:00,36.48,36.57,36.48,36.57,335.8
2025-01-16 20:29:00,36.56,36.6,36.56,36.58,323.87
2025-01-16 20:30:00,36.58,36.67,36.58,36.64,1207.32
2025-01-16 20:31:00,36.63,36.66,36.59,36.65,582.77
2025-01-16 20:32:00,36.65,36.72,36.65,36.72,384.18
2025-01-16 20:33:00,36.7,36.74,36.68,36.72,587.07
2025-01-16 20:34:00,36.73,36.8,36.73,36.73,715.69
2025-01-16 20:35:00,36.74,36.77,36.74,36.74,262.22
2025-01-16 20:36:00,36.75,36.8,36.75,36.8,588.65
2025-01-16 20:37:00,36.76,36.77,36.74,36.74,128.19
2025-01-16 20:38:00,36.74,36.77,36.7,36.72,156.15
2025-01-16 20:39:00,36.73,36.73,36.63,36.65,341.72
2025-01-16 20:40:00,36.65,36.68,36.64,36.66,48.8
2025-01-16 20:41:00,36.68,36.71,36.67,36.67,38.3
2025-01-16 20:42:00,36.67,36.72,36.67,36.71,25.75
2025-01-16 20:43:00,36.71,36.73,36.7,36.71,196.3
2025-01-16 20:44:00,36.71,36.73,36.71,36.72,79.39
2025-01-16 20:45:00,36.73,36.74,36.69,36.71,88.11
2025-01-16 20:46:00,36.72,36.72,36.65,36.65,135.54
2025-01-16 20:47:00,36.65,36.69,36.64,36.66,394.95
2025-01-16 20:48:00,36.67,36.67,36.58,36.59,142.39
2025-01-16 20:49:00,36.6,36.63,36.6,36.63,17.73
2025-01-16 20:50:00,36.67,36.71,36.67,36.71,58.74
2025-01-16 20:51:00,36.69,36.69,36.65,36.69,312.37
2025-01-16 20:52:00,36.66,36.69,36.66,36.69,21.67
2025-01-16 20:53:00,36.69,36.69,36.58,36.62,541.12
2025-01-16 20:54:00,36.6,36.6,36.57,36.59,59.09
2025-01-16 20:55:00,36.59,36.59,36.53,36.53,145.87
2025-01-16 20:56:00,36.55,36.59,36.55,36.59,0.8
2025-01-16 20:57:00,36.56,36.57,36.55,36.56,127.41
2025-01-16 20:58:00,36.61,36.64,36.6,36.6,140.58
2025-01-16 20:59:00,36.59,36.64,36.59,36.63,20.71
2025-01-16 21:00:00,36.64,36.66,36.6,36.61,38.49
2025-01-16 21:01:00,36.59,36.59,36.5,36.5,39.74
2025-01-16 21:02:00,36.48,36.54,36.48,36.53,29.42
2025-01-16 21:03:00,36.53,36.53,36.49,36.49,2.13
2025-01-16 21:04:00,36.46,36.46,36.39,36.41,193.81
2025-01-16 21:05:00,36.41,36.45,36.41,36.44,211.3
2025-01-16 21:06:00,36.43,36.46,36.43,36.45,109.14
2025-01-16 21:07:00,36.43,36.47,36.43,36.45,119.0
2025-01-16 21:08:00,36.44,36.45,36.43,36.45,98.38
2025-01-16 21:09:00,36.43,36.44,36.43,36.43,41.93
2025-01-16 21:10:00,36.45,36.46,36.45,36.46,16.91
2025-01-16 21:11:00,36.45,36.48,36.45,36.48,10.09
2025-01-16 21:12:00,36.5,36.5,36.49,36.5,38.97
2025-01-16 21:13:00,36.5,36.5,36.48,36.48,46.59
2025-01-16 21:14:00,36.44,36.49,36.44,36.48,217.62
2025-01-16 21:15:00,36.47,36.47,36.39,36.41,616.89
2025-01-16 21:16:00,36.41,36.41,36.37,36.41,505.82
2025-01-16 21:17:00,36.42,36.43,36.38,36.4,177.02
2025-01-16 21:18:00,36.41,36.41,36.36,36.36,1.61
2025-01-16 21:19:00,36.35,36.35,36.27,36.29,311.29
2025-01-16 21:20:00,36.3,36.32,36.26,36.26,282.18
2025-01-16 21:21:00,36.26,36.28,36.19,36.19,149.3
2025-01-16 21:22:00,36.2,36.22,36.17,36.19,269.92
2025-01-16 21:23:00,36.16,36.17,36.12,36.13,571.79
2025-01-16 21:24:00,36.12,36.14,36.1,36.12,2461.67
2025-01-16 21:25:00,36.14,36.18,36.14,36.15,105.78
2025-01-16 21:26:00,36.15,36.19,36.15,36.17,3.9
2025-01-16 21:27:00,36.17,36.2,36.17,36.2,33.54
2025-01-16 21:28:00,36.21,36.22,36.2,36.2,52.55
2025-01-16 21:29:00,36.2,36.22,36.2,36.22,119.9
2025-01-16 21:30:00,36.25,36.28,36.23,36.25,280.13
2025-01-16 21:31:00,36.22,36.25,36.22,36.22,10.94
2025-01-16 21:32:00,36.22,36.24,36.22,36.23,42.15
2025-01-16 21:33:00,36.22,36.24,36.2,36.2,169.69
2025-01-16 21:34:00,36.2,36.22,36.19,36.22,11.72
2025-01-16 21:35:00,36.21,36.21,36.16,36.16,108.52
2025-01-16 21:36:00,36.16,36.22,36.16,36.18,111.81
2025-01-16 21:37:00,36.18,36.18,36.16,36.16,41.09
2025-01-16 21:38:00,36.19,36.19,36.18,36.19,9.65
2025-01-16 21:39:00,36.2,36.29,36.2,36.26,194.34
2025-01-16 21:40:00,36.25,36.26,36.21,36.24,602.37
2025-01-16 21:41:00,36.25,36.25,36.21,36.21,176.25
2025-01-16 21:42:00,36.23,36.25,36.23,36.25,4.59
2025-01-16 21:43:00,36.26,36.31,36.26,36.3,117.0
2025-01-16 21:44:00,36.29,36.29,36.26,36.26,64.52
2025-01-16 21:45:00,36.29,36.3,36.27,36.3,66.2
2025-01-16 21:46:00,36.3,36.33,36.28,36.28,238.84
2025-01-16 21:47:00,36.28,36.28,36.28,36.28,0.37
2025-01-16 21:48:00,36.29,36.29,36.26,36.26,4.4
2025-01-16 21:49:00,36.26,36.29,36.24,36.25,107.71
2025-01-16 21:50:00,36.23,36.23,36.18,36.18,31.07
2025-01-16 21:51:00,36.19,36.19,36.14,36.14,138.49
2025-01-16 21:52:00,36.14,36.15,36.13,36.15,52.35
2025-01-16 21:53:00,36.15,36.15,36.12,36.12,61.44
2025-01-16 21:54:00,36.11,36.16,36.11,36.16,87.16
2025-01-16 21:55:00,36.14,36.14,36.14,36.14,8.36
2025-01-16 21:56:00,36.19,36.22,36.19,36.19,144.31
2025-01-16 21:57:00,36.2,36.2,36.19,36.19,27.59
2025-01-16 21:58:00,36.19,36.19,36.19,36.19,0.87
2025-01-16 21:59:00,36.16,36.18,36.16,36.18,25.47
2025-01-16 22:00:00,36.21,36.21,36.15,36.15,30.56
2025-01-16 22:01:00,36.16,36.16,36.11,36.13,76.77
2025-01-16 22:02:00,36.12,36.12,36.07,36.07,253.43
2025-01-16 22:03:00,36.06,36.06,36.0,36.01,364.15
2025-01-16 22:04:00,36.01,36.01,35.97,36.01,332.9
2025-01-16 22:05:00,36.02,36.03,35.98,35.98,103.32
2025-01-16 22:06:00,35.97,36.02,35.95,36.02,93.56
2025-01-16 22:07:00,36.02,36.02,35.94,35.94,141.97
2025-01-16 22:08:00,35.95,35.95,35.93,35.93,76.32
2025-01-16 22:09:00,35.92,35.94,35.92,35.94,56.79
2025-01-16 22:10:00,35.92,35.93,35.92,35.93,24.59
2025-01-16 22:11:00,35.92,35.93,35.91,35.93,61.89
2025-01-16 22:12:00,35.93,35.93,35.88,35.91,119.39
2025-01-16 22:13:00,35.92,35.93,35.92,35.93,6.52
2025-01-16 22:14:00,35.97,36.0,35.97,36.0,95.05
2025-01-16 22:15:00,36.01,36.05,36.01,36.01,224.08
2025-01-16 22:16:00,36.0,36.02,36.0,36.02,17.61
2025-01-16 22:17:00,36.01,36.01,36.01,36.01,11.59
2025-01-16 22:18:00,36.01,36.01,35.95,35.96,241.49
2025-01-16 22:19:00,35.94,35.94,35.89,35.89,153.81
2025-01-16 22:20:00,35.92,35.93,35.89,35.89,169.0
2025-01-16 22:21:00,35.9,35.9,35.84,35.88,549.13
2025-01-16 22:22:00,35.86,35.88,35.8,35.86,1396.68
2025-01-16 22:23:00,35.86,35.95,35.86,35.94,415.5
2025-01-16 22:24:00,35.92,35.98,35.91,35.96,461.33
2025-01-16 22:25:00,35.96,35.98,35.96,35.96,282.38
2025-01-16 22:26:00,35.96,35.99,35.94,35.98,338.78
2025-01-16 22:27:00,35.97,36.02,35.97,36.02,410.87
2025-01-16 22:28:00,36.01,36.07,36.01,36.02,380.8
2025-01-16 22:29:00,36.01,36.02,35.98,35.98,136.46
2025-01-16 22:30:00,35.97,35.97,35.9,35.9,65.23
2025-01-16 22:31:00,35.88,35.88,35.78,35.78,36.24
2025-01-16 22:32:00,35.78,35.8,35.78,35.78,66.45
2025-01-16 22:33:00,35.78,35.82,35.78,35.78,101.16
2025-01-16 22:34:00,35.78,35.78,35.75,35.75,65.29
2025-01-16 22:35:00,35.74,35.77,35.7,35.71,152.21
2025-01-16 22:36:00,35.7,35.72,35.69,35.72,91.45
2025-01-16 22:37:00,35.72,35.72,35.68,35.69,64.62
2025-01-16 22:38:00,35.68,35.77,35.66,35.77,225.52
2025-01-16 22:39:00,35.77,35.8,35.75,35.8,84.99
2025-01-16 22:40:00,35.8,35.8,35.78,35.78,127.55
2025-01-16 22:41:00,35.77,35.79,35.76,35.76,13.04
2025-01-16 22:42:00,35.74,35.74,35.7,35.7,11.19
2025-01-16 22:43:00,35.7,35.73,35.7,35.72,203.33
2025-01-16 22:44:00,35.73,35.73,35.71,35.71,56.39
2025-01-16 22:45:00,35.7,35.72,35.7,35.7,50.66
2025-01-16 22:46:00,35.7,35.72,35.7,35.71,60.44
2025-01-16 22:47:00,35.72,35.79,35.72,35.79,26.13
2025-01-16 22:48:00,35.82,35.82,35.82,35.82,13.73
2025-01-16 22:49:00,35.82,35.84,35.82,35.83,55.35
2025-01-16 22:50:00,35.83,35.87,35.83,35.84,129.59
2025-01-16 22:51:00,35.84,35.84,35.84,35.84,0.34
2025-01-16 22:52:00,35.81,35.81,35.8,35.8,3.77
2025-01-16 22:53:00,35.82,35.83,35.79,35.79,74.31
2025-01-16 22:54:00,35.79,35.83,35.79,35.82,18.86
2025-01-16 22:55:00,35.84,35.84,35.83,35.83,26.1
2025-01-16 22:56:00,35.85,35.86,35.85,35.86,60.93
2025-01-16 22:57:00,35.85,35.85,35.83,35.83,135.95
2025-01-16 22:58:00,35.84,35.84,35.84,35.84,2.32
2025-01-16 22:59:00,35.84,35.89,35.84,35.85,98.73
2025-01-16 23:00:00,35.85,35.92,35.85,35.88,196.17
2025-01-16 23:01:00,35.9,35.94,35.9,35.94,21.05
2025-01-16 23:02:00,35.95,36.01,35.95,36.01,44.95
2025-01-16 23:03:00,36.0,36.01,36.0,36.0,39.69
2025-01-16 23:04:00,36.02,36.05,36.0,36.03,72.17
2025-01-16 23:05:00,36.0,36.0,35.91,35.93,84.12
2025-01-16 23:06:00,35.92,35.98,35.92,35.98,31.73
2025-01-16 23:07:00,36.01,36.02,35.99,36.0,8.91
2025-01-16 23:08:00,35.98,36.01,35.98,36.0,37.61
2025-01-16 23:09:00,36.0,36.02,35.99,36.02,51.31
2025-01-16 23:10:00,36.03,36.03,35.98,35.98,83.03
2025-01-16 23:11:00,35.98,35.98,35.94,35.98,143.72
2025-01-16 23:12:00,35.98,35.99,35.97,35.98,68.32
2025-01-16 23:13:00,35.98,35.98,35.94,35.94,78.29
2025-01-16 23:14:00,35.93,35.96,35.93,35.96,38.17
2025-01-16 23:15:00,35.97,36.01,35.97,35.99,48.56
2025-01-16 23:16:00,35.98,35.99,35.94,35.94,47.0
2025-01-16 23:17:00,35.97,36.01,35.97,35.99,34.92
2025-01-16 23:18:00,35.99,35.99,35.99,35.99,32.63
2025-01-16 23:19:00,35.98,35.98,35.93,35.93,40.21
2025-01-16 23:20:00,35.94,35.94,35.9,35.9,32.12
2025-01-16 23:21:00,35.88,35.88,35.79,35.82,196.11
2025-01-16 23:22:00,35.81,35.82,35.81,35.82,23.41
2025-01-16 23:23:00,35.82,35.83,35.79,35.79,27.66
2025-01-16 23:24:00,35.77,35.77,35.72,35.74,195.82
2025-01-16 23:25:00,35.71,35.71,35.69,35.7,106.36
2025-01-16 23:26:00,35.71,35.73,35.71,35.73,36.38
2025-01-16 23:27:00,35.73,35.77,35.73,35.77,75.39
2025-01-16 23:28:00,35.75,35.77,35.75,35.77,70.08
2025-01-16 23:29:00,35.77,35.77,35.72,35.75,306.69
2025-01-16 23:30:00,35.78,35.78,35.75,35.77,2.55
2025-01-16 23:31:00,35.78,35.79,35.77,35.77,21.32
2025-01-16 23:32:00,35.79,35.86,35.79,35.83,185.34
2025-01-16 23:33:00,35.85,35.85,35.83,35.84,45.45
2025-01-16 23:34:00,35.84,35.89,35.84,35.86,444.0
2025-01-16 23:35:00,35.87,35.88,35.87,35.88,16.32
2025-01-16 23:36:00,35.86,35.88,35.86,35.88,69.53
2025-01-16 23:37:00,35.88,35.93,35.87,35.9,212.36
2025-01-16 23:38:00,35.92,35.94,35.92,35.94,10.0
2025-01-16 23:39:00,35.94,35.97,35.94,35.97,1.95
2025-01-16 23:40:00,35.97,35.97,35.93,35.93,31.63
2025-01-16 23:41:00,35.96,35.97,35.96,35.97,54.65
2025-01-16 23:42:00,35.96,35.96,35.94,35.94,83.9
2025-01-16 23:43:00,35.94,36.02,35.94,36.02,439.22
2025-01-16 23:44:00,35.99,36.0,35.98,36.0,42.0
2025-01-16 23:45:00,35.98,35.98,35.93,35.93,144.62
2025-01-16 23:46:00,35.93,35.99,35.92,35.98,434.56
2025-01-16 23:47:00,35.96,35.97,35.96,35.97,24.57
2025-01-16 23:48:00,35.97,35.97,35.97,35.97,0.0
2025-01-16 23:49:00,35.99,35.99,35.98,35.98,1.75
2025-01-16 23:50:00,36.01,36.01,35.98,35.99,89.22
2025-01-16 23:51:00,35.98,35.99,35.96,35.97,109.79
2025-01-16 23:52:00,35.97,35.97,35.97,35.97,7.75
2025-01-16 23:53:00,35.99,35.99,35.99,35.99,35.59
2025-01-16 23:54:00,35.97,35.98,35.97,35.97,1.31
2025-01-16 23:55:00,35.98,36.0,35.98,36.0,87.82
2025-01-16 23:56:00,36.02,36.02,36.01,36.01,23.97
2025-01-16 23:57:00,35.98,35.98,35.97,35.97,30.31
2025-01-16 23:58:00,35.97,35.97,35.96,35.96,41.87
2025-01-16 23:59:00,35.95,35.96,35.94,35.96,17.56
2025-01-17 00:00:00,35.99,36.09,35.99,36.09,307.76
2025-01-17 00:01:00,36.1,36.2,36.09,36.19,372.25
2025-01-17 00:02:00,36.2,36.2,36.09,36.1,599.02
2025-01-17 00:03:00,36.11,36.11,36.09,36.1,187.62
2025-01-17 00:04:00,36.1,36.13,36.1,36.11,139.39
2025-01-17 00:05:00,36.1,36.16,36.1,36.15,359.76
2025-01-17 00:06:00,36.18,36.21,36.16,36.17,173.64
2025-01-17 00:07:00,36.18,36.21,36.17,36.2,74.83
2025-01-17 00:08:00,36.21,36.22,36.21,36.21,77.94
2025-01-17 00:09:00,36.22,36.22,36.16,36.16,51.1
2025-01-17 00:10:00,36.14,36.17,36.13,36.17,29.41
2025-01-17 00:11:00,36.16,36.16,36.12,36.12,38.59
2025-01-17 00:12:00,36.16,36.24,36.16,36.24,28.61
2025-01-17 00:13:00,36.23,36.23,36.23,36.23,1.4
2025-01-17 00:14:00,36.25,36.26,36.22,36.22,79.54
2025-01-17 00:15:00,36.22,36.24,36.2,36.24,170.19
2025-01-17 00:16:00,36.25,36.32,36.25,36.32,95.2
2025-01-17 00:17:00,36.3,36.36,36.3,36.34,96.98
2025-01-17 00:18:00,36.35,36.36,36.33,36.36,19.83
2025-01-17 00:19:00,36.37,36.37,36.33,36.34,121.64
2025-01-17 00:20:00,36.34,36.41,36.34,36.4,55.24
2025-01-17 00:21:00,36.38,36.39,36.38,36.39,26.62
2025-01-17 00:22:00,36.37,36.37,36.37,36.37,6.45
2025-01-17 00:23:00,36.35,36.35,36.31,36.32,131.46
2025-01-17 00:24:00,36.32,36.36,36.32,36.36,71.05
2025-01-17 00:25:00,36.32,36.32,36.28,36.28,61.06
2025-01-17 00:26:00,36.27,36.27,36.19,36.22,447.51
2025-01-17 00:27:00,36.24,36.24,36.23,36.23,29.36
2025-01-17 00:28:00,36.24,36.27,36.23,36.26,38.38
2025-01-17 00:29:00,36.28,36.31,36.27,36.31,192.45
2025-01-17 00:30:00,36.28,36.36,36.28,36.36,196.2
2025-01-17 00:31:00,36.34,36.36,36.34,36.36,7.79
2025-01-17 00:32:00,36.37,36.37,36.37,36.37,10.0
2025-01-17 00:33:00,36.38,36.46,36.38,36.46,97.17
2025-01-17 00:34:00,36.43,36.44,36.42,36.44,23.69
2025-01-17 00:35:00,36.42,36.43,36.37,36.43,104.61
2025-01-17 00:36:00,36.43,36.5,36.43,36.5,154.3
2025-01-17 00:37:00,36.51,36.53,36.46,36.46,126.89
2025-01-17 00:38:00,36.46,36.48,36.46,36.48,9.49
2025-01-17 00:39:00,36.46,36.46,36.43,36.43,5.62
2025-01-17 00:40:00,36.49,36.5,36.47,36.48,49.19
2025-01-17 00:41:00,36.54,36.59,36.54,36.59,167.37
2025-01-17 00:42:00,36.58,36.58,36.49,36.52,390.84
2025-01-17 00:43:00,36.51,36.54,36.5,36.53,100.39
2025-01-17 00:44:00,36.56,36.58,36.55,36.58,5.84
2025-01-17 00:45:00,36.58,36.58,36.52,36.55,148.42
2025-01-17 00:46:00,36.57,36.6,36.55,36.55,81.12
2025-01-17 00:47:00,36.55,36.55,36.51,36.52,42.7
2025-01-17 00:48:00,36.51,36.52,36.51,36.52,19.26
2025-01-17 00:49:00,36.51,36.52,36.51,36.52,8.99
2025-01-17 00:50:00,36.54,36.54,36.53,36.53,1.22
2025-01-17 00:51:00,36.53,36.54,36.51,36.52,53.19
2025-01-17 00:52:00,36.53,36.58,36.53,36.57,36.14
2025-01-17 00:53:00,36.55,36.55,36.53,36.54,26.34
2025-01-17 00:54:00,36.53,36.59,36.53,36.58,140.92
2025-01-17 00:55:00,36.6,36.61,36.58,36.61,46.32
2025-01-17 00:56:00,36.62,36.63,36.61,36.63,43.55
2025-01-17 00:57:00,36.63,36.69,36.62,36.69,160.53
2025-01-17 00:58:00,36.68,36.68,36.66,36.67,192.36
2025-01-17 00:59:00,36.66,36.66,36.65,36.65,27.26
2025-01-17 01:00:00,36.66,36.67,36.62,36.67,9.0
2025-01-17 01:01:00,36.67,36.68,36.64,36.68,37.67
2025-01-17 01:02:00,36.68,36.8,36.68,36.75,1387.43
2025-01-17 01:03:00,36.76,36.76,36.64,36.64,1449.78
2025-01-17 01:04:00,36.65,36.71,36.64,36.68,602.16
2025-01-17 01:05:00,36.67,36.73,36.67,36.73,343.7
2025-01-17 01:06:00,36.73,36.73,36.68,36.73,231.51
2025-01-17 01:07:00,36.69,36.69,36.63,36.64,206.04
2025-01-17 01:08:00,36.64,36.64,36.6,36.6,7.17
2025-01-17 01:09:00,36.66,36.69,36.66,36.69,32.07
2025-01-17 01:10:00,36.71,36.75,36.71,36.72,132.18
2025-01-17 01:11:00,36.71,36.72,36.69,36.69,68.8
2025-01-17 01:12:00,36.66,36.66,36.64,36.65,132.99
2025-01-17 01:13:00,36.65,36.67,36.55,36.6,1826.18
2025-01-17 01:14:00,36.61,36.63,36.61,36.63,16.24
2025-01-17 01:15:00,36.62,36.63,36.62,36.63,27.67
2025-01-17 01:16:00,36.65,36.67,36.64,36.65,132.64
2025-01-17 01:17:00,36.61,36.64,36.61,36.61,139.65
2025-01-17 01:18:00,36.58,36.58,36.54,36.56,73.37
2025-01-17 01:19:00,36.56,36.61,36.56,36.57,591.1
2025-01-17 01:20:00,36.57,36.68,36.57,36.65,760.54
2025-01-17 01:21:00,36.64,36.64,36.59,36.61,305.37
2025-01-17 01:22:00,36.56,36.58,36.56,36.58,40.88
2025-01-17 01:23:00,36.56,36.56,36.52,36.52,221.85
2025-01-17 01:24:00,36.52,36.52,36.51,36.51,27.55
2025-01-17 01:25:00,36.5,36.6,36.5,36.6,441.58
2025-01-17 01:26:00,36.6,36.67,36.6,36.63,381.58
2025-01-17 01:27:00,36.63,36.63,36.62,36.62,12.26
2025-01-17 01:28:00,36.65,36.66,36.6,36.6,165.9
2025-01-17 01:29:00,36.6,36.61,36.6,36.61,85.55
2025-01-17 01:30:00,36.6,36.6,36.57,36.58,122.63
2025-01-17 01:31:00,36.59,36.66,36.59,36.65,132.03
2025-01-17 01:32:00,36.64,36.71,36.64,36.71,159.16
2025-01-17 01:33:00,36.72,36.74,36.72,36.74,84.29
2025-01-17 01:34:00,36.75,36.81,36.75,36.81,923.6
2025-01-17 01:35:00,36.81,36.87,36.81,36.85,259.64
2025-01-17 01:36:00,36.87,36.96,36.87,36.95,196.94
2025-01-17 01:37:00,36.94,36.96,36.89,36.9,142.35
2025-01-17 01:38:00,36.92,36.98,36.89,36.98,120.81
2025-01-17 01:39:00,36.98,37.0,36.92,36.96,194.52
2025-01-17 01:40:00,36.99,37.04,36.99,37.0,786.76
2025-01-17 01:41:00,37.02,37.06,36.96,36.97,262.37
2025-01-17 01:42:00,36.98,36.98,36.9,36.95,140.3
2025-01-17 01:43:00,36.95,36.95,36.91,36.94,91.94
2025-01-17 01:44:00,36.95,36.98,36.94,36.95,117.5
2025-01-17 01:45:00,36.94,36.97,36.9,36.97,517.6
2025-01-17 01:46:00,36.98,37.02,36.97,37.02,274.33
2025-01-17 01:47:00,37.02,37.02,36.95,36.95,40.91
2025-01-17 01:48:00,36.96,36.98,36.84,36.86,1319.9
2025-01-17 01:49:00,36.88,36.88,36.84,36.88,101.4
2025-01-17 01:50:00,36.88,36.88,36.84,36.88,83.3
2025-01-17 01:51:00,36.89,36.94,36.89,36.93,359.08
2025-01-17 01:52:00,36.93,36.93,36.92,36.92,17.01
2025-01-17 01:53:00,36.93,36.95,36.93,36.94,51.22
2025-01-17 01:54:00,36.97,36.99,36.97,36.99,41.67
2025-01-17 01:55:00,37.01,37.09,37.01,37.09,142.37
2025-01-17 01:56:00,37.07,37.07,37.05,37.05,61.08
2025-01-17 01:57:00,37.05,37.08,37.04,37.08,89.81
2025-01-17 01:58:00,37.09,37.13,37.07,37.11,211.38
2025-01-17 01:59:00,37.11,37.11,37.09,37.09,5.65
2025-01-17 02:00:00,37.1,37.12,37.07,37.09,254.06
2025-01-17 02:01:00,37.09,37.11,37.06,37.11,332.46
2025-01-17 02:02:00,37.12,37.13,37.04,37.04,239.28
2025-01-17 02:03:00,37.04,37.06,37.01,37.01,118.74
2025-01-17 02:04:00,37.05,37.06,37.02,37.02,40.59
2025-01-17 02:05:00,37.0,37.04,37.0,37.01,51.48
2025-01-17 02:06:00,37.01,37.02,36.99,37.01,70.43
2025-01-17 02:07:00,37.02,37.04,37.02,37.04,44.78
2025-01-17 02:08:00,37.03,37.03,36.96,36.97,152.95
2025-01-17 02:09:00,36.97,36.98,36.96,36.97,32.87
2025-01-17 02:10:00,36.97,37.0,36.94,36.94,128.56
2025-01-17 02:11:00,36.94,36.96,36.93,36.96,61.03
2025-01-17 02:12:00,36.95,37.01,36.92,37.01,102.83
2025-01-17 02:13:00,37.0,37.01,37.0,37.01,6.45
2025-01-17 02:14:00,36.99,37.0,36.97,37.0,43.91
2025-01-17 02:15:00,37.04,37.1,37.04,37.1,76.59
2025-01-17 02:16:00,37.1,37.14,37.05,37.05,157.44
2025-01-17 02:17:00,37.04,37.08,37.03,37.08,157.96
2025-01-17 02:18:00,37.09,37.09,37.05,37.07,207.33
2025-01-17 02:19:00,37.05,37.07,37.05,37.05,143.44
2025-01-17 02:20:00,37.05,37.05,36.97,37.05,1082.98
2025-01-17 02:21:00,37.04,37.04,37.0,37.0,218.21
2025-01-17 02:22:00,37.05,37.05,37.04,37.05,273.06
2025-01-17 02:23:00,37.04,37.04,37.03,37.03,27.35
2025-01-17 02:24:00,37.04,37.07,37.04,37.05,1423.27
2025-01-17 02:25:00,37.05,37.07,37.05,37.06,126.26
2025-01-17 02:26:00,37.06,37.06,37.02,37.02,115.73
2025-01-17 02:27:00,37.02,37.05,37.01,37.04,23.57
2025-01-17 02:28:00,37.05,37.05,37.02,37.02,13.16
2025-01-17 02:29:00,37.02,37.02,36.93,36.97,525.45
2025-01-17 02:30:00,36.97,36.97,36.93,36.97,196.42
2025-01-17 02:31:00,36.96,36.96,36.95,36.96,32.17
2025-01-17 02:32:00,36.97,36.99,36.97,36.98,13.59
2025-01-17 02:33:00,36.93,36.93,36.92,36.92,25.01
2025-01-17 02:34:00,36.93,36.93,36.91,36.91,31.09
2025-01-17 02:35:00,36.9,36.9,36.88,36.89,104.62
2025-01-17 02:36:00,36.89,36.89,36.85,36.86,101.48
2025-01-17 02:37:00,36.84,36.85,36.82,36.82,247.31
2025-01-17 02:38:00,36.83,36.83,36.76,36.79,509.57
2025-01-17 02:39:00,36.78,36.82,36.78,36.82,7.45
2025-01-17 02:40:00,36.83,36.96,36.83,36.91,1216.97
2025-01-17 02:41:00,36.9,36.9,36.84,36.85,204.39
2025-01-17 02:42:00,36.84,36.84,36.82,36.84,271.81
2025-01-17 02:43:00,36.84,36.85,36.84,36.85,11.37
2025-01-17 02:44:00,36.86,36.86,36.84,36.84,1.3
2025-01-17 02:45:00,36.85,36.85,36.76,36.77,127.04
2025-01-17 02:46:00,36.76,36.76,36.73,36.74,129.17
2025-01-17 02:47:00,36.74,36.75,36.72,36.72,31.2
2025-01-17 02:48:00,36.73,36.73,36.65,36.66,98.16
2025-01-17 02:49:00,36.71,36.71,36.58,36.62,1120.63
2025-01-17 02:50:00,36.6,36.65,36.59,36.61,155.05
2025-01-17 02:51:00,36.61,36.61,36.55,36.55,61.62
2025-01-17 02:52:00,36.54,36.6,36.54,36.58,105.85
2025-01-17 02:53:00,36.6,36.61,36.58,36.58,25.09
2025-01-17 02:54:00,36.62,36.65,36.62,36.64,51.0
2025-01-17 02:55:00,36.61,36.62,36.59,36.59,52.69
2025-01-17 02:56:00,36.61,36.62,36.58,36.62,61.14
2025-01-17 02:57:00,36.61,36.64,36.61,36.64,11.0
2025-01-17 02:58:00,36.65,36.69,36.65,36.69,250.34
2025-01-17 02:59:00,36.69,36.75,36.69,36.75,338.62
2025-01-17 03:00:00,36.74,36.78,36.74,36.75,59.14
2025-01-17 03:01:00,36.74,36.74,36.72,36.72,23.68
2025-01-17 03:02:00,36.72,36.72,36.72,36.72,0.95
2025-01-17 03:03:00,36.71,36.71,36.69,36.69,17.27
2025-01-17 03:04:00,36.69,36.69,36.65,36.65,19.66
2025-01-17 03:05:00,36.67,36.68,36.62,36.63,202.48
2025-01-17 03:06:00,36.65,36.65,36.61,36.61,7.96
2025-01-17 03:07:00,36.6,36.61,36.58,36.61,58.84
2025-01-17 03:08:00,36.61,36.62,36.61,36.62,13.22
2025-01-17 03:09:00,36.64,36.69,36.64,36.67,145.28
2025-01-17 03:10:00,36.68,36.69,36.67,36.67,71.75
2025-01-17 03:11:00,36.65,36.65,36.62,36.62,23.15
2025-01-17 03:12:00,36.62,36.62,36.61,36.62,36.94
2025-01-17 03:13:00,36.63,36.64,36.61,36.61,21.68
2025-01-17 03:14:00,36.62,36.62,36.62,36.62,1.4
2025-01-17 03:15:00,36.62,36.64,36.6,36.6,21.96
2025-01-17 03:16:00,36.6,36.6,36.59,36.59,38.11
2025-01-17 03:17:00,36.61,36.62,36.61,36.62,38.08
2025-01-17 03:18:00,36.63,36.66,36.63,36.66,106.64
2025-01-17 03:19:00,36.64,36.67,36.64,36.66,144.05
2025-01-17 03:20:00,36.66,36.7,36.66,36.7,56.72
2025-01-17 03:21:00,36.69,36.7,36.66,36.66,222.27
2025-01-17 03:22:00,36.64,36.64,36.62,36.62,72.44
2025-01-17 03:23:00,36.63,36.64,36.62,36.64,32.22
2025-01-17 03:24:00,36.62,36.62,36.6,36.62,53.85
2025-01-17 03:25:00,36.64,36.65,36.64,36.65,54.55
2025-01-17 03:26:00,36.66,36.66,36.61,36.61,143.23
2025-01-17 03:27:00,36.61,36.63,36.61,36.63,38.76
2025-01-17 03:28:00,36.63,36.63,36.63,36.63,0.22
2025-01-17 03:29:00,36.64,36.66,36.64,36.66,73.51
2025-01-17 03:30:00,36.68,36.68,36.65,36.65,24.43
2025-01-17 03:31:00,36.62,36.62,36.61,36.61,82.99
2025-01-17 03:32:00,36.62,36.62,36.62,36.62,14.48
2025-01-17 03:33:00,36.61,36.61,36.58,36.6,50.56
2025-01-17 03:34:00,36.62,36.62,36.58,36.59,94.26
2025-01-17 03:35:00,36.59,36.59,36.59,36.59,12.06
2025-01-17 03:36:00,36.64,36.64,36.64,36.64,0.2
2025-01-17 03:37:00,36.65,36.66,36.64,36.64,37.08
2025-01-17 03:38:00,36.63,36.64,36.62,36.64,12.62
2025-01-17 03:39:00,36.64,36.65,36.63,36.65,30.61
2025-01-17 03:40:00,36.67,36.67,36.67,36.67,10.1
2025-01-17 03:41:00,36.67,36.69,36.66,36.69,191.34
2025-01-17 03:42:00,36.69,36.7,36.69,36.7,18.59
2025-01-17 03:43:00,36.67,36.67,36.66,36.66,34.25
2025-01-17 03:44:00,36.68,36.72,36.68,36.69,333.19
2025-01-17 03:45:00,36.69,36.77,36.69,36.75,164.12
2025-01-17 03:46:00,36.73,36.73,36.66,36.66,232.62
2025-01-17 03:47:00,36.65,36.65,36.54,36.56,392.03
2025-01-17 03:48:00,36.55,36.6,36.52,36.57,1160.95
2025-01-17 03:49:00,36.56,36.57,36.55,36.57,52.15
2025-01-17 03:50:00,36.58,36.63,36.58,36.63,338.58
2025-01-17 03:51:00,36.63,36.63,36.58,36.61,148.08
2025-01-17 03:52:00,36.61,36.64,36.61,36.63,131.27
2025-01-17 03:53:00,36.64,36.64,36.59,36.63,149.76
2025-01-17 03:54:00,36.62,36.64,36.62,36.64,1.48
2025-01-17 03:55:00,36.63,36.68,36.63,36.68,74.99
2025-01-17 03:56:00,36.68,36.68,36.65,36.65,53.62
2025-01-17 03:57:00,36.65,36.65,36.65,36.65,10.17
2025-01-17 03:58:00,36.63,36.63,36.63,36.63,0.56
2025-01-17 03:59:00,36.67,36.67,36.67,36.67,21.26
2025-01-17 04:00:00,36.69,36.69,36.65,36.66,18.8
2025-01-17 04:01:00,36.64,36.64,36.6,36.63,271.7
2025-01-17 04:02:00,36.64,36.71,36.64,36.69,638.34
2025-01-17 04:03:00,36.69,36.69,36.66,36.66,130.73
2025-01-17 04:04:00,36.65,36.67,36.63,36.67,191.24
2025-01-17 04:05:00,36.65,36.65,36.59,36.6,100.78
2025-01-17 04:06:00,36.6,36.6,36.57,36.57,126.84
2025-01-17 04:07:00,36.57,36.59,36.57,36.57,87.86
2025-01-17 04:08:00,36.55,36.55,36.51,36.51,106.44
2025-01-17 04:09:00,36.51,36.53,36.48,36.48,127.19
2025-01-17 04:10:00,36.48,36.48,36.41,36.45,384.32
2025-01-17 04:11:00,36.45,36.46,36.42,36.44,413.86
2025-01-17 04:12:00,36.46,36.47,36.46,36.46,52.88
2025-01-17 04:13:00,36.46,36.46,36.45,36.46,71.7
2025-01-17 04:14:00,36.47,36.47,36.44,36.44,41.86
2025-01-17 04:15:00,36.43,36.45,36.42,36.45,24.22
2025-01-17 04:16:00,36.46,36.46,36.45,36.45,2.87
2025-01-17 04:17:00,36.47,36.47,36.46,36.46,3.14
2025-01-17 04:18:00,36.45,36.45,36.42,36.42,75.59
2025-01-17 04:19:00,36.41,36.41,36.39,36.39,181.83
2025-01-17 04:20:00,36.44,36.46,36.44,36.44,25.68
2025-01-17 04:21:00,36.44,36.51,36.44,36.51,208.27
2025-01-17 04:22:00,36.52,36.57,36.52,36.57,232.05
2025-01-17 04:23:00,36.57,36.57,36.54,36.55,50.58
2025-01-17 04:24:00,36.52,36.52,36.52,36.52,1.2
2025-01-17 04:25:00,36.51,36.51,36.49,36.49,9.98
2025-01-17 04:26:00,36.5,36.54,36.48,36.51,1169.67
2025-01-17 04:27:00,36.5,36.51,36.5,36.5,77.0
2025-01-17 04:28:00,36.49,36.5,36.49,36.5,124.42
2025-01-17 04:29:00,36.51,36.54,36.5,36.54,127.98
2025-01-17 04:30:00,36.53,36.53,36.48,36.49,190.92
2025-01-17 04:31:00,36.49,36.51,36.48,36.48,87.65
2025-01-17 04:32:00,36.5,36.52,36.47,36.52,62.96
2025-01-17 04:33:00,36.54,36.6,36.54,36.58,81.73
2025-01-17 04:34:00,36.55,36.56,36.55,36.55,5.97
2025-01-17 04:35:00,36.56,36.57,36.56,36.57,33.36
2025-01-17 04:36:00,36.58,36.61,36.58,36.61,2.95
2025-01-17 04:37:00,36.61,36.61,36.61,36.61,30.13
2025-01-17 04:38:00,36.61,36.65,36.61,36.65,23.88
2025-01-17 04:39:00,36.67,36.68,36.66,36.66,119.01
2025-01-17 04:40:00,36.66,36.67,36.66,36.67,45.75
2025-01-17 04:41:00,36.68,36.71,36.68,36.69,21.52
2025-01-17 04:42:00,36.69,36.72,36.69,36.72,63.57
2025-01-17 04:43:00,36.72,36.74,36.72,36.74,88.95
2025-01-17 04:44:00,36.71,36.72,36.7,36.72,33.86
2025-01-17 04:45:00,36.71,36.74,36.7,36.74,72.31
2025-01-17 04:46:00,36.75,36.77,36.75,36.77,32.75
2025-01-17 04:47:00,36.76,36.81,36.76,36.81,48.25
2025-01-17 04:48:00,36.79,36.79,36.77,36.77,31.39
2025-01-17 04:49:00,36.77,36.81,36.77,36.81,141.09
2025-01-17 04:50:00,36.82,36.87,36.82,36.86,38.39
2025-01-17 04:51:00,36.87,36.91,36.87,36.91,2.14
2025-01-17 04:52:00,36.9,36.93,36.88,36.93,36.34
2025-01-17 04:53:00,36.92,36.93,36.92,36.93,71.66
2025-01-17 04:54:00,36.94,36.94,36.91,36.91,44.88
2025-01-17 04:55:00,36.91,36.91,36.9,36.9,0.38
2025-01-17 04:56:00,36.9,36.91,36.88,36.91,102.09
2025-01-17 04:57:00,36.91,36.91,36.89,36.89,35.55
2025-01-17 04:58:00,36.9,36.9,36.9,36.9,11.95
2025-01-17 04:59:00,36.89,36.89,36.89,36.89,21.98
2025-01-17 05:00:00,36.88,36.88,36.86,36.87,6.53
2025-01-17 05:01:00,36.86,36.87,36.86,36.87,1.5
2025-01-17 05:02:00,36.85,36.85,36.84,36.84,21.87
2025-01-17 05:03:00,36.86,36.87,36.85,36.85,83.36
2025-01-17 05:04:00,36.86,36.86,36.84,36.84,36.12
2025-01-17 05:05:00,36.84,36.87,36.84,36.87,137.21
2025-01-17 05:06:00,36.88,36.95,36.88,36.92,170.35
2025-01-17 05:07:00,36.95,37.0,36.95,36.97,443.85
2025-01-17 05:08:00,36.98,36.98,36.97,36.98,39.07
2025-01-17 05:09:00,36.97,36.98,36.97,36.97,16.68
2025-01-17 05:10:00,37.0,37.02,36.99,37.0,35.74
2025-01-17 05:11:00,36.99,37.01,36.96,36.96,168.73
2025-01-17 05:12:00,36.96,37.03,36.95,37.0,873.18
2025-01-17 05:13:00,37.0,37.03,37.0,37.03,62.18
2025-01-17 05:14:00,37.02,37.03,36.96,36.96,100.95
2025-01-17 05:15:00,36.97,36.99,36.97,36.97,54.15
2025-01-17 05:16:00,36.96,36.96,36.89,36.89,60.93
2025-01-17 05:17:00,36.87,36.87,36.86,36.87,66.7
2025-01-17 05:18:00,36.9,36.94,36.9,36.93,92.32
2025-01-17 05:19:00,36.93,36.93,36.93,36.93,0.0
2025-01-17 05:20:00,36.94,36.99,36.91,36.99,179.09
2025-01-17 05:21:00,36.99,37.0,36.98,36.98,59.25
2025-01-17 05:22:00,36.98,37.01,36.96,37.01,243.9
2025-01-17 05:23:00,37.01,37.04,37.01,37.04,141.67
2025-01-17 05:24:00,37.04,37.04,37.03,37.04,58.13
2025-01-17 05:25:00,37.05,37.09,37.05,37.08,166.08
2025-01-17 05:26:00,37.08,37.08,37.05,37.05,52.36
2025-01-17 05:27:00,37.04,37.07,37.04,37.06,35.86
2025-01-17 05:28:00,37.08,37.11,37.07,37.11,79.24
2025-01-17 05:29:00,37.1,37.12,37.08,37.08,142.56
2025-01-17 05:30:00,37.09,37.15,37.09,37.15,446.36
2025-01-17 05:31:00,37.13,37.18,37.11,37.13,307.47
2025-01-17 05:32:00,37.13,37.14,37.12,37.13,173.76
2025-01-17 05:33:00,37.14,37.16,37.13,37.14,475.5
2025-01-17 05:34:00,37.15,37.16,37.12,37.14,183.78
2025-01-17 05:35:00,37.14,37.15,37.1,37.1,51.37
2025-01-17 05:36:00,37.09,37.13,37.09,37.13,30.37
2025-01-17 05:37:00,37.14,37.14,37.1,37.1,449.96
2025-01-17 05:38:00,37.11,37.12,37.05,37.05,97.65
2025-01-17 05:39:00,37.05,37.07,37.05,37.06,53.32
2025-01-17 05:40:00,37.04,37.08,37.04,37.04,94.39
2025-01-17 05:41:00,37.05,37.05,37.04,37.04,52.64
2025-01-17 05:42:00,37.02,37.02,37.0,37.01,64.86
2025-01-17 05:43:00,36.99,37.01,36.98,36.99,55.26
2025-01-17 05:44:00,36.98,37.01,36.97,36.99,511.89
2025-01-17 05:45:00,36.99,37.02,36.97,37.01,65.02
2025-01-17 05:46:00,37.01,37.04,37.01,37.03,91.87
2025-01-17 05:47:00,37.02,37.04,36.99,36.99,379.65
2025-01-17 05:48:00,36.99,37.06,36.99,37.06,93.26
2025-01-17 05:49:00,37.07,37.09,37.07,37.09,72.02
2025-01-17 05:50:00,37.1,37.15,37.1,37.14,238.74
2025-01-17 05:51:00,37.13,37.13,37.11,37.11,44.7
2025-01-17 05:52:00,37.11,37.36,37.1,37.35,8110.66
2025-01-17 05:53:00,37.36,37.37,37.28,37.31,1706.42
2025-01-17 05:54:00,37.31,37.31,37.26,37.26,228.36
2025-01-17 05:55:00,37.26,37.26,37.2,37.21,185.22
2025-01-17 05:56:00,37.22,37.23,37.21,37.21,126.83
2025-01-17 05:57:00,37.21,37.22,37.19,37.22,496.76
2025-01-17 05:58:00,37.2,37.22,37.2,37.21,471.39
2025-01-17 05:59:00,37.21,37.21,37.18,37.18,56.69
2025-01-17 06:00:00,37.19,37.19,37.14,37.14,75.85
2025-01-17 06:01:00,37.16,37.16,37.16,37.16,23.82
2025-01-17 06:02:00,37.15,37.18,37.15,37.17,169.76
2025-01-17 06:03:00,37.16,37.19,37.16,37.17,343.7
2025-01-17 06:04:00,37.18,37.24,37.18,37.22,241.43
2025-01-17 06:05:00,37.21,37.22,37.2,37.2,294.25
2025-01-17 06:06:00,37.2,37.22,37.17,37.21,49.09
2025-01-17 06:07:00,37.2,37.25,37.2,37.22,134.6
2025-01-17 06:08:00,37.23,37.25,37.23,37.25,100.13
2025-01-17 06:09:00,37.25,37.31,37.25,37.31,184.56
2025-01-17 06:10:00,37.31,37.35,37.29,37.31,334.56
2025-01-17 06:11:00,37.3,37.31,37.25,37.3,2415.74
2025-01-17 06:12:00,37.28,37.29,37.27,37.29,27.49
2025-01-17 06:13:00,37.31,37.37,37.31,37.34,429.8
2025-01-17 06:14:00,37.35,37.41,37.35,37.4,146.01
2025-01-17 06:15:00,37.4,37.44,37.39,37.43,178.56
2025-01-17 06:16:00,37.43,37.43,37.39,37.39,144.65
2025-01-17 06:17:00,37.37,37.38,37.35,37.38,82.72
2025-01-17 06:18:00,37.39,37.41,37.39,37.41,12.16
2025-01-17 06:19:00,37.41,37.42,37.39,37.39,56.38
2025-01-17 06:20:00,37.39,37.43,37.39,37.41,105.26
2025-01-17 06:21:00,37.36,37.39,37.36,37.37,25.29
2025-01-17 06:22:00,37.36,37.4,37.36,37.4,20.16
2025-01-17 06:23:00,37.4,37.48,37.4,37.48,178.81
2025-01-17 06:24:00,37.48,37.49,37.45,37.45,234.73
2025-01-17 06:25:00,37.41,37.42,37.38,37.39,121.3
2025-01-17 06:26:00,37.37,37.41,37.37,37.41,104.62
2025-01-17 06:27:00,37.41,37.41,37.38,37.38,89.25
2025-01-17 06:28:00,37.37,37.42,37.36,37.42,391.33
2025-01-17 06:29:00,37.42,37.42,37.39,37.4,55.16
2025-01-17 06:30:00,37.37,37.41,37.37,37.41,76.56
2025-01-17 06:31:00,37.38,37.39,37.37,37.39,35.92
2025-01-17 06:32:00,37.43,37.43,37.39,37.39,25.31
2025-01-17 06:33:00,37.41,37.41,37.41,37.41,60.26
2025-01-17 06:34:00,37.38,37.38,37.31,37.31,899.59
2025-01-17 06:35:00,37.32,37.34,37.27,37.29,153.2
2025-01-17 06:36:00,37.28,37.28,37.24,37.24,585.57
2025-01-17 06:37:00,37.24,37.27,37.24,37.27,9.0
2025-01-17 06:38:00,37.23,37.23,37.2,37.21,85.81
2025-01-17 06:39:00,37.22,37.23,37.2,37.2,50.94
2025-01-17 06:40:00,37.19,37.25,37.19,37.25,254.75
2025-01-17 06:41:00,37.25,37.26,37.24,37.26,121.54
2025-01-17 06:42:00,37.24,37.24,37.16,37.19,2374.34
2025-01-17 06:43:00,37.19,37.19,37.19,37.19,1.6
2025-01-17 06:44:00,37.18,37.23,37.18,37.2,255.24
2025-01-17 06:45:00,37.18,37.18,37.15,37.15,183.56
2025-01-17 06:46:00,37.14,37.14,37.12,37.12,50.06
2025-01-17 06:47:00,37.13,37.13,37.06,37.06,265.97
2025-01-17 06:48:00,37.06,37.1,37.06,37.08,88.59
2025-01-17 06:49:00,37.11,37.12,37.1,37.1,9.47
2025-01-17 06:50:00,37.12,37.12,37.11,37.11,35.0
2025-01-17 06:51:00,37.13,37.15,37.13,37.14,52.67
2025-01-17 06:52:00,37.13,37.13,37.11,37.11,64.47
2025-01-17 06:53:00,37.1,37.1,37.1,37.1,3.52
2025-01-17 06:54:00,37.12,37.15,37.12,37.15,13.0
2025-01-17 06:55:00,37.15,37.15,37.14,37.15,69.36
2025-01-17 06:56:00,37.13,37.13,37.11,37.11,288.24
2025-01-17 06:57:00,37.13,37.14,37.13,37.14,5.33
2025-01-17 06:58:00,37.15,37.15,37.14,37.14,168.24
2025-01-17 06:59:00,37.15,37.16,37.14,37.16,194.72
2025-01-17 07:00:00,37.2,37.25,37.2,37.21,662.36
2025-01-17 07:01:00,37.21,37.25,37.21,37.24,51.83
2025-01-17 07:02:00,37.24,37.29,37.21,37.21,669.11
2025-01-17 07:03:00,37.19,37.19,37.14,37.14,66.61
2025-01-17 07:04:00,37.16,37.16,37.14,37.16,12.09
2025-01-17 07:05:00,37.15,37.18,37.14,37.18,28.37
2025-01-17 07:06:00,37.13,37.14,37.13,37.14,11.99
2025-01-17 07:07:00,37.13,37.13,37.11,37.11,81.35
2025-01-17 07:08:00,37.12,37.17,37.12,37.17,79.95
2025-01-17 07:09:00,37.15,37.2,37.15,37.2,22.21
2025-01-17 07:10:00,37.2,37.2,37.15,37.18,210.77
2025-01-17 07:11:00,37.18,37.23,37.18,37.21,79.93
2025-01-17 07:12:00,37.21,37.21,37.19,37.19,35.1
2025-01-17 07:13:00,37.18,37.18,37.17,37.18,64.99
2025-01-17 07:14:00,37.19,37.23,37.19,37.21,86.64
2025-01-17 07:15:00,37.21,37.29,37.21,37.28,459.11
2025-01-17 07:16:00,37.28,37.3,37.26,37.29,264.63
2025-01-17 07:17:00,37.29,37.3,37.28,37.28,251.69
2025-01-17 07:18:00,37.28,37.28,37.23,37.23,271.77
2025-01-17 07:19:00,37.26,37.26,37.26,37.26,9.99
2025-01-17 07:20:00,37.25,37.25,37.24,37.24,30.46
2025-01-17 07:21:00,37.23,37.23,37.2,37.21,102.15
2025-01-17 07:22:00,37.22,37.34,37.22,37.32,1878.3
2025-01-17 07:23:00,37.32,37.34,37.27,37.27,238.55
2025-01-17 07:24:00,37.26,37.26,37.22,37.25,403.64
2025-01-17 07:25:00,37.24,37.25,37.23,37.24,29.87
2025-01-17 07:26:00,37.23,37.24,37.23,37.24,16.93
2025-01-17 07:27:00,37.21,37.21,37.14,37.16,429.94
2025-01-17 07:28:00,37.14,37.16,37.14,37.15,104.64
2025-01-17 07:29:00,37.15,37.15,37.15,37.15,1.34
2025-01-17 07:30:00,37.16,37.19,37.16,37.18,65.28
2025-01-17 07:31:00,37.18,37.27,37.18,37.22,1487.49
2025-01-17 07:32:00,37.22,37.33,37.22,37.3,678.48
2025-01-17 07:33:00,37.3,37.33,37.29,37.33,93.52
2025-01-17 07:34:00,37.31,37.31,37.25,37.25,203.49
2025-01-17 07:35:00,37.25,37.3,37.24,37.3,181.41
2025-01-17 07:36:00,37.32,37.32,37.28,37.28,38.44
2025-01-17 07:37:00,37.28,37.29,37.27,37.29,27.46
2025-01-17 07:38:00,37.3,37.31,37.29,37.31,66.18
2025-01-17 07:39:00,37.32,37.33,37.31,37.32,58.75
2025-01-17 07:40:00,37.31,37.38,37.28,37.37,392.87
2025-01-17 07:41:00,37.39,37.43,37.31,37.4,917.22
2025-01-17 07:42:00,37.4,37.42,37.39,37.4,155.98
2025-01-17 07:43:00,37.38,37.38,37.35,37.37,136.38
2025-01-17 07:44:00,37.39,37.39,37.36,37.38,41.24
2025-01-17 07:45:00,37.39,37.39,37.35,37.35,163.86
2025-01-17 07:46:00,37.35,37.36,37.33,37.34,434.09
2025-01-17 07:47:00,37.34,37.41,37.33,37.41,241.8
2025-01-17 07:48:00,37.42,37.47,37.41,37.44,571.38
2025-01-17 07:49:00,37.44,37.46,37.44,37.46,35.38
2025-01-17 07:50:00,37.46,37.48,37.44,37.44,318.9
2025-01-17 07:51:00,37.43,37.43,37.38,37.41,145.44
2025-01-17 07:52:00,37.39,37.39,37.38,37.39,42.64
2025-01-17 07:53:00,37.38,37.39,37.35,37.36,53.73
2025-01-17 07:54:00,37.34,37.34,37.27,37.27,67.71
2025-01-17 07:55:00,37.25,37.25,37.2,37.2,52.02
2025-01-17 07:56:00,37.21,37.26,37.21,37.26,70.75
2025-01-17 07:57:00,37.26,37.28,37.25,37.28,132.75
2025-01-17 07:58:00,37.26,37.26,37.24,37.24,32.02
2025-01-17 07:59:00,37.23,37.28,37.22,37.27,47.08
2025-01-17 08:00:00,37.27,37.44,37.27,37.4,696.22
2025-01-17 08:01:00,37.39,37.44,37.39,37.44,260.91
2025-01-17 08:02:00,37.41,37.42,37.38,37.4,518.99
2025-01-17 08:03:00,37.4,37.42,37.39,37.4,439.14
2025-01-17 08:04:00,37.42,37.43,37.39,37.41,274.27
2025-01-17 08:05:00,37.41,37.43,37.41,37.42,170.95
2025-01-17 08:06:00,37.42,37.43,37.38,37.43,611.15
2025-01-17 08:07:00,37.43,37.43,37.34,37.38,327.45
2025-01-17 08:08:00,37.38,37.42,37.31,37.36,905.36
2025-01-17 08:09:00,37.36,37.43,37.34,37.41,1657.06
2025-01-17 08:10:00,37.42,37.44,37.36,37.36,303.08
2025-01-17 08:11:00,37.35,37.38,37.3,37.38,96.94
2025-01-17 08:12:00,37.38,37.39,37.35,37.39,142.0
2025-01-17 08:13:00,37.39,37.39,37.31,37.31,151.61
2025-01-17 08:14:00,37.3,37.36,37.29,37.35,455.4
2025-01-17 08:15:00,37.36,37.4,37.36,37.37,76.02
2025-01-17 08:16:00,37.4,37.44,37.4,37.44,127.1
2025-01-17 08:17:00,37.43,37.46,37.4,37.46,301.03
2025-01-17 08:18:00,37.47,37.52,37.47,37.48,1053.86
2025-01-17 08:19:00,37.47,37.47,37.41,37.42,153.63
2025-01-17 08:20:00,37.43,37.43,37.4,37.43,576.44
2025-01-17 08:21:00,37.41,37.46,37.36,37.37,510.01
2025-01-17 08:22:00,37.36,37.36,37.31,37.32,243.33
2025-01-17 08:23:00,37.35,37.35,37.32,37.34,126.29
2025-01-17 08:24:00,37.33,37.37,37.31,37.32,1075.91
2025-01-17 08:25:00,37.32,37.33,37.29,37.3,429.06
2025-01-17 08:26:00,37.31,37.34,37.31,37.34,43.12
2025-01-17 08:27:00,37.33,37.39,37.33,37.37,329.27
2025-01-17 08:28:00,37.37,37.37,37.34,37.36,368.75
2025-01-17 08:29:00,37.37,37.41,37.37,37.38,352.09
2025-01-17 08:30:00,37.37,37.52,37.37,37.51,342.16
2025-01-17 08:31:00,37.51,37.57,37.51,37.55,531.03
2025-01-17 08:32:00,37.56,37.61,37.56,37.59,312.79
2025-01-17 08:33:00,37.6,37.65,37.6,37.62,373.2
2025-01-17 08:34:00,37.63,37.67,37.6,37.67,168.36
2025-01-17 08:35:00,37.69,37.69,37.6,37.61,70.81
2025-01-17 08:36:00,37.6,37.62,37.6,37.61,31.69
2025-01-17 08:37:00,37.6,37.61,37.56,37.56,52.5
2025-01-17 08:38:00,37.56,37.56,37.42,37.43,385.39
2025-01-17 08:39:00,37.43,37.47,37.39,37.41,477.0
2025-01-17 08:40:00,37.41,37.47,37.4,37.4,373.69
2025-01-17 08:41:00,37.4,37.44,37.39,37.43,74.48
2025-01-17 08:42:00,37.44,37.48,37.43,37.44,255.75
2025-01-17 08:43:00,37.43,37.48,37.43,37.47,109.34
2025-01-17 08:44:00,37.45,37.46,37.44,37.44,121.15
2025-01-17 08:45:00,37.45,37.48,37.37,37.37,626.56
2025-01-17 08:46:00,37.37,37.39,37.35,37.36,465.12
2025-01-17 08:47:00,37.34,37.36,37.31,37.36,53.67
2025-01-17 08:48:00,37.36,37.36,37.32,37.32,146.16
2025-01-17 08:49:00,37.33,37.4,37.32,37.4,69.01
2025-01-17 08:50:00,37.39,37.39,37.36,37.37,1122.59
2025-01-17 08:51:00,37.38,37.44,37.38,37.42,1204.56
2025-01-17 08:52:00,37.41,37.41,37.36,37.36,259.04
2025-01-17 08:53:00,37.34,37.41,37.32,37.41,96.82
2025-01-17 08:54:00,37.41,37.44,37.41,37.42,95.43
2025-01-17 08:55:00,37.48,37.53,37.48,37.49,334.38
2025-01-17 08:56:00,37.47,37.49,37.45,37.49,23.96
2025-01-17 08:57:00,37.49,37.49,37.48,37.48,57.72
2025-01-17 08:58:00,37.49,37.55,37.49,37.55,78.43
2025-01-17 08:59:00,37.53,37.56,37.53,37.55,68.38
2025-01-17 09:00:00,37.57,37.67,37.57,37.59,1055.44
2025-01-17 09:01:00,37.59,37.61,37.56,37.58,94.34
2025-01-17 09:02:00,37.58,37.59,37.55,37.55,138.24
2025-01-17 09:03:00,37.56,37.56,37.48,37.48,389.69
2025-01-17 09:04:00,37.47,37.47,37.42,37.44,356.63
2025-01-17 09:05:00,37.43,37.43,37.38,37.4,464.42
2025-01-17 09:06:00,37.43,37.44,37.38,37.44,131.85
2025-01-17 09:07:00,37.45,37.48,37.45,37.46,41.38
2025-01-17 09:08:00,37.48,37.52,37.48,37.51,42.84
2025-01-17 09:09:00,37.5,37.52,37.48,37.49,161.52
2025-01-17 09:10:00,37.5,37.5,37.49,37.49,27.0
2025-01-17 09:11:00,37.44,37.44,37.39,37.39,161.71
2025-01-17 09:12:00,37.4,37.48,37.4,37.46,32.81
2025-01-17 09:13:00,37.46,37.52,37.46,37.48,125.21
2025-01-17 09:14:00,37.5,37.52,37.5,37.5,62.22
2025-01-17 09:15:00,37.46,37.46,37.46,37.46,51.03
2025-01-17 09:16:00,37.42,37.43,37.38,37.39,96.08
2025-01-17 09:17:00,37.38,37.4,37.36,37.4,615.77
2025-01-17 09:18:00,37.41,37.41,37.32,37.33,119.96
2025-01-17 09:19:00,37.33,37.33,37.26,37.28,1741.19
2025-01-17 09:20:00,37.28,37.28,37.24,37.27,432.48
2025-01-17 09:21:00,37.27,37.29,37.27,37.29,14.91
2025-01-17 09:22:00,37.31,37.32,37.31,37.32,48.26
2025-01-17 09:23:00,37.29,37.29,37.27,37.27,39.81
2025-01-17 09:24:00,37.29,37.29,37.28,37.29,83.7
2025-01-17 09:25:00,37.27,37.28,37.25,37.25,14.86
2025-01-17 09:26:00,37.24,37.27,37.24,37.25,36.02
2025-01-17 09:27:00,37.24,37.24,37.23,37.23,78.9
2025-01-17 09:28:00,37.22,37.28,37.22,37.28,87.46
2025-01-17 09:29:00,37.27,37.32,37.27,37.31,29.9
2025-01-17 09:30:00,37.34,37.4,37.34,37.38,270.34
2025-01-17 09:31:00,37.4,37.4,37.4,37.4,0.29
2025-01-17 09:32:00,37.39,37.44,37.38,37.39,385.85
2025-01-17 09:33:00,37.39,37.39,37.35,37.37,100.17
2025-01-17 09:34:00,37.34,37.35,37.33,37.35,111.74
2025-01-17 09:35:00,37.37,37.39,37.36,37.39,44.75
2025-01-17 09:36:00,37.38,37.44,37.38,37.44,117.54
2025-01-17 09:37:00,37.45,37.45,37.41,37.41,72.48
2025-01-17 09:38:00,37.43,37.43,37.42,37.43,61.18
2025-01-17 09:39:00,37.43,37.47,37.43,37.47,184.16
2025-01-17 09:40:00,37.47,37.47,37.46,37.46,126.68
2025-01-17 09:41:00,37.46,37.46,37.45,37.45,16.49
2025-01-17 09:42:00,37.46,37.47,37.45,37.47,217.11
2025-01-17 09:43:00,37.46,37.46,37.37,37.39,204.36
2025-01-17 09:44:00,37.38,37.39,37.37,37.39,40.59
2025-01-17 09:45:00,37.38,37.42,37.38,37.42,70.9
2025-01-17 09:46:00,37.41,37.42,37.41,37.42,75.48
2025-01-17 09:47:00,37.42,37.42,37.41,37.42,54.61
2025-01-17 09:48:00,37.43,37.49,37.42,37.47,299.69
2025-01-17 09:49:00,37.47,37.48,37.47,37.48,71.61
2025-01-17 09:50:00,37.48,37.48,37.46,37.46,74.36
2025-01-17 09:51:00,37.47,37.49,37.44,37.48,112.46
2025-01-17 09:52:00,37.49,37.49,37.43,37.45,1307.74
2025-01-17 09:53:00,37.46,37.47,37.45,37.46,71.72
2025-01-17 09:54:00,37.45,37.46,37.45,37.45,98.26
2025-01-17 09:55:00,37.44,37.44,37.37,37.37,138.79
2025-01-17 09:56:00,37.36,37.36,37.34,37.35,123.68
2025-01-17 09:57:00,37.35,37.35,37.34,37.34,66.49
2025-01-17 09:58:00,37.34,37.34,37.33,37.34,40.87
2025-01-17 09:59:00,37.34,37.34,37.31,37.31,49.26
2025-01-17 10:00:00,37.32,37.36,37.31,37.32,134.74
2025-01-17 10:01:00,37.32,37.33,37.3,37.3,130.21
2025-01-17 10:02:00,37.29,37.29,37.27,37.28,43.84
2025-01-17 10:03:00,37.29,37.35,37.29,37.35,268.83
2025-01-17 10:04:00,37.33,37.37,37.33,37.37,134.81
2025-01-17 10:05:00,37.36,37.36,37.34,37.35,154.85
2025-01-17 10:06:00,37.37,37.37,37.36,37.36,24.23
2025-01-17 10:07:00,37.35,37.39,37.34,37.38,540.24
2025-01-17 10:08:00,37.39,37.39,37.3,37.31,554.15
2025-01-17 10:09:00,37.31,37.32,37.27,37.28,295.41
2025-01-17 10:10:00,37.3,37.31,37.29,37.3,225.49
2025-01-17 10:11:00,37.28,37.28,37.24,37.26,59.05
2025-01-17 10:12:00,37.28,37.36,37.26,37.36,633.8
2025-01-17 10:13:00,37.35,37.39,37.34,37.36,299.34
2025-01-17 10:14:00,37.39,37.4,37.36,37.36,51.76
2025-01-17 10:15:00,37.36,37.37,37.34,37.36,65.81
2025-01-17 10:16:00,37.38,37.38,37.35,37.35,21.05
2025-01-17 10:17:00,37.35,37.37,37.33,37.36,168.86
2025-01-17 10:18:00,37.38,37.39,37.34,37.35,153.24
2025-01-17 10:19:00,37.32,37.34,37.29,37.29,292.16
2025-01-17 10:20:00,37.35,37.4,37.34,37.4,70.56
2025-01-17 10:21:00,37.38,37.38,37.33,37.36,151.57
2025-01-17 10:22:00,37.36,37.37,37.34,37.35,100.74
2025-01-17 10:23:00,37.35,37.37,37.33,37.33,78.14
2025-01-17 10:24:00,37.32,37.35,37.31,37.31,207.44
2025-01-17 10:25:00,37.31,37.31,37.27,37.3,223.09
2025-01-17 10:26:00,37.32,37.33,37.3,37.33,48.69
2025-01-17 10:27:00,37.33,37.35,37.3,37.3,79.0
2025-01-17 10:28:00,37.3,37.32,37.3,37.32,84.11
2025-01-17 10:29:00,37.32,37.35,37.32,37.35,3.46
2025-01-17 10:30:00,37.35,37.36,37.29,37.3,150.56
2025-01-17 10:31:00,37.32,37.36,37.32,37.35,52.39
2025-01-17 10:32:00,37.36,37.4,37.36,37.37,170.76
2025-01-17 10:33:00,37.37,37.45,37.37,37.44,227.14
2025-01-17 10:34:00,37.43,37.45,37.43,37.45,36.69
2025-01-17 10:35:00,37.45,37.47,37.44,37.47,73.74
2025-01-17 10:36:00,37.43,37.44,37.42,37.44,93.65
2025-01-17 10:37:00,37.45,37.45,37.44,37.44,21.94
2025-01-17 10:38:00,37.44,37.44,37.38,37.38,56.07
2025-01-17 10:39:00,37.38,37.4,37.37,37.37,47.02
2025-01-17 10:40:00,37.37,37.4,37.37,37.4,11.81
2025-01-17 10:41:00,37.41,37.41,37.41,37.41,1.32
2025-01-17 10:42:00,37.39,37.39,37.33,37.35,1081.14
2025-01-17 10:43:00,37.36,37.36,37.3,37.3,161.27
2025-01-17 10:44:00,37.31,37.32,37.3,37.3,16.25
2025-01-17 10:45:00,37.3,37.3,37.21,37.23,206.72
2025-01-17 10:46:00,37.25,37.26,37.25,37.26,1.45
2025-01-17 10:47:00,37.26,37.27,37.26,37.27,4.77
2025-01-17 10:48:00,37.27,37.31,37.26,37.3,68.02
2025-01-17 10:49:00,37.33,37.36,37.33,37.36,26.65
2025-01-17 10:50:00,37.35,37.36,37.35,37.36,18.04
2025-01-17 10:51:00,37.32,37.34,37.32,37.33,60.8
2025-01-17 10:52:00,37.32,37.33,37.32,37.33,20.85
2025-01-17 10:53:00,37.34,37.37,37.34,37.35,20.31
2025-01-17 10:54:00,37.37,37.37,37.35,37.35,30.96
2025-01-17 10:55:00,37.31,37.31,37.29,37.3,1595.31
2025-01-17 10:56:00,37.33,37.34,37.33,37.34,63.04
2025-01-17 10:57:00,37.33,37.34,37.33,37.34,2.63
2025-01-17 10:58:00,37.33,37.33,37.32,37.33,2.15
2025-01-17 10:59:00,37.34,37.36,37.34,37.36,25.55
2025-01-17 11:00:00,37.37,37.38,37.33,37.33,45.43
2025-01-17 11:01:00,37.34,37.34,37.29,37.29,21.08
2025-01-17 11:02:00,37.31,37.31,37.25,37.25,52.68
2025-01-17 11:03:00,37.28,37.28,37.26,37.26,27.78
2025-01-17 11:04:00,37.28,37.28,37.26,37.26,34.79
2025-01-17 11:05:00,37.24,37.24,37.18,37.2,267.19
2025-01-17 11:06:00,37.22,37.22,37.19,37.19,47.87
2025-01-17 11:07:00,37.18,37.19,37.15,37.16,148.26
2025-01-17 11:08:00,37.14,37.18,37.13,37.18,378.7
2025-01-17 11:09:00,37.16,37.18,37.16,37.18,24.93
2025-01-17 11:10:00,37.19,37.19,37.16,37.17,7.91
2025-01-17 11:11:00,37.17,37.17,37.14,37.15,78.16
2025-01-17 11:12:00,37.15,37.17,37.15,37.16,70.59
2025-01-17 11:13:00,37.17,37.19,37.17,37.19,35.03
2025-01-17 11:14:00,37.2,37.2,37.19,37.2,18.57
2025-01-17 11:15:00,37.18,37.21,37.17,37.21,16.91
2025-01-17 11:16:00,37.21,37.26,37.21,37.23,97.03
2025-01-17 11:17:00,37.23,37.26,37.22,37.26,94.24
2025-01-17 11:18:00,37.25,37.3,37.25,37.29,142.72
2025-01-17 11:19:00,37.28,37.28,37.26,37.26,82.4
2025-01-17 11:20:00,37.24,37.29,37.24,37.29,95.71
2025-01-17 11:21:00,37.3,37.33,37.29,37.33,53.91
2025-01-17 11:22:00,37.33,37.34,37.32,37.32,43.55
2025-01-17 11:23:00,37.32,37.32,37.29,37.31,36.73
2025-01-17 11:24:00,37.29,37.31,37.29,37.31,16.67
2025-01-17 11:25:00,37.3,37.3,37.27,37.27,93.63
2025-01-17 11:26:00,37.27,37.28,37.27,37.28,31.17
2025-01-17 11:27:00,37.3,37.32,37.3,37.31,22.01
2025-01-17 11:28:00,37.31,37.33,37.29,37.29,139.74
2025-01-17 11:29:00,37.29,37.3,37.27,37.3,121.16
2025-01-17 11:30:00,37.3,37.31,37.29,37.31,247.5
2025-01-17 11:31:00,37.32,37.33,37.29,37.3,32.58
2025-01-17 11:32:00,37.3,37.34,37.29,37.34,42.19
2025-01-17 11:33:00,37.34,37.41,37.31,37.41,112.04
2025-01-17 11:34:00,37.4,37.42,37.4,37.4,37.97
2025-01-17 11:35:00,37.4,37.4,37.39,37.4,21.69
2025-01-17 11:36:00,37.4,37.44,37.4,37.42,71.31
2025-01-17 11:37:00,37.43,37.44,37.43,37.44,51.24
2025-01-17 11:38:00,37.43,37.43,37.4,37.41,58.64
2025-01-17 11:39:00,37.41,37.41,37.37,37.37,116.45
2025-01-17 11:40:00,37.39,37.39,37.36,37.36,127.23
2025-01-17 11:41:00,37.38,37.39,37.38,37.38,15.83
2025-01-17 11:42:00,37.39,37.42,37.39,37.41,31.11
2025-01-17 11:43:00,37.41,37.42,37.4,37.42,12.48
2025-01-17 11:44:00,37.42,37.42,37.4,37.4,14.1
2025-01-17 11:45:00,37.4,37.4,37.37,37.37,13.06
2025-01-17 11:46:00,37.35,37.36,37.35,37.36,53.51
2025-01-17 11:47:00,37.34,37.35,37.34,37.35,120.34
2025-01-17 11:48:00,37.35,37.35,37.33,37.34,24.83
2025-01-17 11:49:00,37.35,37.37,37.35,37.36,84.69
2025-01-17 11:50:00,37.36,37.37,37.36,37.36,41.34
2025-01-17 11:51:00,37.37,37.38,37.35,37.36,88.77
2025-01-17 11:52:00,37.37,37.39,37.37,37.39,38.79
2025-01-17 11:53:00,37.39,37.39,37.37,37.37,35.56
2025-01-17 11:54:00,37.36,37.36,37.36,37.36,218.94
2025-01-17 11:55:00,37.33,37.35,37.33,37.33,41.16
2025-01-17 11:56:00,37.32,37.32,37.27,37.27,208.24
2025-01-17 11:57:00,37.27,37.3,37.27,37.3,96.37
2025-01-17 11:58:00,37.27,37.28,37.27,37.28,18.78
2025-01-17 11:59:00,37.29,37.31,37.25,37.25,84.46
2025-01-17 12:00:00,37.25,37.26,37.17,37.17,145.36
2025-01-17 12:01:00,37.17,37.17,37.16,37.16,14.45
2025-01-17 12:02:00,37.19,37.22,37.17,37.17,67.16
2025-01-17 12:03:00,37.16,37.16,37.12,37.13,95.87
2025-01-17 12:04:00,37.14,37.21,37.14,37.21,530.32
2025-01-17 12:05:00,37.21,37.21,37.18,37.19,947.5
2025-01-17 12:06:00,37.19,37.22,37.19,37.2,119.59
2025-01-17 12:07:00,37.2,37.29,37.18,37.29,424.46
2025-01-17 12:08:00,37.29,37.29,37.24,37.26,316.02
2025-01-17 12:09:00,37.26,37.28,37.25,37.27,262.8
2025-01-17 12:10:00,37.27,37.31,37.27,37.3,40.28
2025-01-17 12:11:00,37.3,37.3,37.28,37.28,27.41
2025-01-17 12:12:00,37.3,37.34,37.3,37.32,87.27
2025-01-17 12:13:00,37.32,37.32,37.31,37.31,100.23
2025-01-17 12:14:00,37.31,37.33,37.3,37.32,49.41
2025-01-17 12:15:00,37.32,37.34,37.3,37.3,62.47
2025-01-17 12:16:00,37.28,37.28,37.26,37.27,488.1
2025-01-17 12:17:00,37.27,37.28,37.25,37.28,311.65
2025-01-17 12:18:00,37.27,37.29,37.26,37.29,207.1
2025-01-17 12:19:00,37.3,37.34,37.3,37.33,109.94
2025-01-17 12:20:00,37.32,37.33,37.3,37.3,161.99
2025-01-17 12:21:00,37.29,37.31,37.29,37.3,59.49
2025-01-17 12:22:00,37.29,37.31,37.28,37.31,184.16
2025-01-17 12:23:00,37.28,37.29,37.28,37.29,76.9
2025-01-17 12:24:00,37.28,37.31,37.27,37.31,131.03
2025-01-17 12:25:00,37.33,37.35,37.33,37.35,128.26
2025-01-17 12:26:00,37.33,37.33,37.26,37.26,144.98
2025-01-17 12:27:00,37.24,37.24,37.17,37.17,271.65
2025-01-17 12:28:00,37.18,37.22,37.18,37.21,24.95
2025-01-17 12:29:00,37.22,37.23,37.18,37.18,70.19
2025-01-17 12:30:00,37.18,37.19,37.13,37.13,135.13
2025-01-17 12:31:00,37.13,37.14,37.12,37.14,36.93
2025-01-17 12:32:00,37.15,37.15,37.11,37.11,17.37
2025-01-17 12:33:00,37.12,37.15,37.11,37.11,76.87
2025-01-17 12:34:00,37.12,37.13,37.07,37.08,81.48
2025-01-17 12:35:00,37.08,37.14,37.05,37.14,265.83
2025-01-17 12:36:00,37.14,37.14,37.07,37.08,165.97
2025-01-17 12:37:00,37.06,37.1,37.06,37.07,73.9
2025-01-17 12:38:00,37.07,37.11,37.07,37.1,49.04
2025-01-17 12:39:00,37.08,37.11,37.08,37.11,24.6
2025-01-17 12:40:00,37.07,37.14,37.07,37.12,493.26
2025-01-17 12:41:00,37.12,37.19,37.12,37.17,155.24
2025-01-17 12:42:00,37.15,37.21,37.15,37.18,689.59
2025-01-17 12:43:00,37.18,37.18,37.17,37.17,19.89
2025-01-17 12:44:00,37.17,37.18,37.15,37.15,411.55
2025-01-17 12:45:00,37.17,37.17,37.14,37.14,25.21
2025-01-17 12:46:00,37.19,37.21,37.19,37.21,16.15
2025-01-17 12:47:00,37.21,37.25,37.21,37.21,95.54
2025-01-17 12:48:00,37.19,37.22,37.17,37.17,103.71
2025-01-17 12:49:00,37.17,37.17,37.17,37.17,9.78
2025-01-17 12:50:00,37.17,37.17,37.15,37.15,52.94
2025-01-17 12:51:00,37.14,37.14,37.12,37.13,56.54
2025-01-17 12:52:00,37.12,37.17,37.1,37.16,218.76
2025-01-17 12:53:00,37.14,37.14,37.1,37.1,13.88
2025-01-17 12:54:00,37.11,37.12,37.09,37.09,279.07
2025-01-17 12:55:00,37.08,37.08,37.01,37.03,284.93
2025-01-17 12:56:00,37.05,37.06,37.0,37.0,177.92
2025-01-17 12:57:00,37.0,37.02,36.9,36.94,2032.26
2025-01-17 12:58:00,36.94,36.98,36.94,36.95,375.31
2025-01-17 12:59:00,36.97,36.98,36.96,36.98,224.29
2025-01-17 13:00:00,37.0,37.06,37.0,37.06,129.08
2025-01-17 13:01:00,37.06,37.08,37.06,37.07,179.52
2025-01-17 13:02:00,37.09,37.13,37.08,37.13,58.24
2025-01-17 13:03:00,37.13,37.13,37.11,37.12,32.97
2025-01-17 13:04:00,37.12,37.15,37.12,37.13,40.82
2025-01-17 13:05:00,37.11,37.13,37.11,37.13,21.5
2025-01-17 13:06:00,37.14,37.15,37.13,37.13,21.21
2025-01-17 13:07:00,37.13,37.18,37.13,37.18,4.89
2025-01-17 13:08:00,37.19,37.19,37.18,37.18,52.14
2025-01-17 13:09:00,37.14,37.15,37.13,37.14,22.29
2025-01-17 13:10:00,37.15,37.15,37.11,37.11,80.25
2025-01-17 13:11:00,37.13,37.16,37.13,37.16,1.3
2025-01-17 13:12:00,37.17,37.21,37.17,37.21,20.66
2025-01-17 13:13:00,37.18,37.18,37.17,37.18,24.21
2025-01-17 13:14:00,37.16,37.17,37.16,37.16,37.01
2025-01-17 13:15:00,37.17,37.18,37.16,37.18,58.68
2025-01-17 13:16:00,37.19,37.21,37.19,37.2,45.37
2025-01-17 13:17:00,37.2,37.23,37.2,37.21,86.48
2025-01-17 13:18:00,37.22,37.25,37.19,37.2,152.13
2025-01-17 13:19:00,37.19,37.19,37.13,37.13,82.71
2025-01-17 13:20:00,37.1,37.14,37.1,37.14,62.9
2025-01-17 13:21:00,37.16,37.19,37.16,37.19,138.29
2025-01-17 13:22:00,37.18,37.19,37.16,37.19,39.6
2025-01-17 13:23:00,37.2,37.21,37.19,37.19,123.63
2025-01-17 13:24:00,37.18,37.18,37.17,37.17,78.19
2025-01-17 13:25:00,37.18,37.26,37.18,37.25,696.71
2025-01-17 13:26:00,37.24,37.27,37.23,37.27,127.0
2025-01-17 13:27:00,37.29,37.32,37.28,37.28,56.39
2025-01-17 13:28:00,37.27,37.28,37.27,37.28,35.18
2025-01-17 13:29:00,37.26,37.27,37.24,37.24,72.47
2025-01-17 13:30:00,37.25,37.25,37.18,37.22,105.16
2025-01-17 13:31:00,37.23,37.26,37.22,37.26,139.7
2025-01-17 13:32:00,37.26,37.27,37.26,37.27,7.81
2025-01-17 13:33:00,37.26,37.28,37.21,37.21,29.01
2025-01-17 13:34:00,37.2,37.2,37.16,37.16,82.85
2025-01-17 13:35:00,37.16,37.19,37.16,37.19,0.69
2025-01-17 13:36:00,37.22,37.22,37.08,37.08,90.74
2025-01-17 13:37:00,37.07,37.08,37.0,37.0,97.18
2025-01-17 13:38:00,37.0,37.0,36.92,36.95,282.73
2025-01-17 13:39:00,36.91,36.91,36.83,36.86,597.42
2025-01-17 13:40:00,36.87,36.97,36.87,36.97,220.77
2025-01-17 13:41:00,36.97,37.01,36.97,37.01,27.11
2025-01-17 13:42:00,37.03,37.05,37.02,37.05,21.75
2025-01-17 13:43:00,37.05,37.05,37.0,37.02,156.92
2025-01-17 13:44:00,37.02,37.07,37.02,37.03,138.57
2025-01-17 13:45:00,37.04,37.13,37.04,37.13,32.78
2025-01-17 13:46:00,37.12,37.12,37.06,37.06,65.93
2025-01-17 13:47:00,37.06,37.11,37.06,37.09,115.9
2025-01-17 13:48:00,37.02,37.02,37.02,37.02,1.38
2025-01-17 13:49:00,36.96,36.96,36.95,36.95,30.5
2025-01-17 13:50:00,36.94,36.97,36.92,36.92,15.64
2025-01-17 13:51:00,36.96,36.99,36.93,36.95,42.08
2025-01-17 13:52:00,36.94,36.94,36.9,36.9,175.73
2025-01-17 13:53:00,36.92,36.94,36.92,36.94,51.03
2025-01-17 13:54:00,36.93,36.95,36.93,36.93,11.29
2025-01-17 13:55:00,36.93,36.96,36.93,36.95,116.57
2025-01-17 13:56:00,36.95,36.99,36.95,36.97,108.26
2025-01-17 13:57:00,36.99,37.0,36.95,36.95,142.43
2025-01-17 13:58:00,36.96,36.96,36.93,36.93,43.01
2025-01-17 13:59:00,36.96,36.96,36.96,36.96,11.75
2025-01-17 14:00:00,36.94,36.96,36.93,36.94,58.4
2025-01-17 14:01:00,37.0,37.02,37.0,37.02,27.71
2025-01-17 14:02:00,37.05,37.1,37.05,37.1,52.19
2025-01-17 14:03:00,37.1,37.12,37.1,37.1,131.6
2025-01-17 14:04:00,37.13,37.15,37.13,37.15,5.67
2025-01-17 14:05:00,37.13,37.13,37.08,37.08,35.92
2025-01-17 14:06:00,37.08,37.08,37.08,37.08,0.0
2025-01-17 14:07:00,37.08,37.11,37.06,37.11,111.3
2025-01-17 14:08:00,37.12,37.12,37.08,37.09,47.23
2025-01-17 14:09:00,37.09,37.09,37.09,37.09,0.0
2025-01-17 14:10:00,37.14,37.15,37.14,37.15,58.35
2025-01-17 14:11:00,37.15,37.21,37.15,37.21,350.18
2025-01-17 14:12:00,37.21,37.21,37.14,37.14,150.42
2025-01-17 14:13:00,37.14,37.14,37.12,37.12,16.43
2025-01-17 14:14:00,37.09,37.1,37.09,37.1,25.63
2025-01-17 14:15:00,37.11,37.12,37.1,37.12,20.8
2025-01-17 14:16:00,37.14,37.14,37.14,37.14,45.32
2025-01-17 14:17:00,37.14,37.15,37.14,37.15,1.32
2025-01-17 14:18:00,37.14,37.15,37.14,37.15,6.29
2025-01-17 14:19:00,37.13,37.15,37.11,37.15,125.58
2025-01-17 14:20:00,37.15,37.16,37.11,37.12,49.63
2025-01-17 14:21:00,37.13,37.13,37.09,37.12,307.86
2025-01-17 14:22:00,37.13,37.13,37.13,37.13,22.2
2025-01-17 14:23:00,37.14,37.16,37.14,37.16,16.62
2025-01-17 14:24:00,37.15,37.16,37.15,37.15,26.96
2025-01-17 14:25:00,37.16,37.18,37.14,37.15,109.5
2025-01-17 14:26:00,37.17,37.18,37.17,37.17,61.45
2025-01-17 14:27:00,37.17,37.17,37.17,37.17,10.8
2025-01-17 14:28:00,37.17,37.22,37.15,37.21,238.15
2025-01-17 14:29:00,37.22,37.22,37.2,37.21,301.51
2025-01-17 14:30:00,37.23,37.26,37.12,37.12,194.13
2025-01-17 14:31:00,37.14,37.14,36.96,37.02,621.55
2025-01-17 14:32:00,37.01,37.12,36.97,37.1,141.02
2025-01-17 14:33:00,37.14,37.24,37.14,37.15,398.59
2025-01-17 14:34:00,37.14,37.19,37.09,37.17,139.56
2025-01-17 14:35:00,37.18,37.25,37.17,37.18,226.49
2025-01-17 14:36:00,37.24,37.37,37.24,37.27,921.72
2025-01-17 14:37:00,37.33,37.37,37.18,37.25,260.1
2025-01-17 14:38:00,37.25,37.27,37.1,37.17,231.06
2025-01-17 14:39:00,37.09,37.2,37.05,37.14,60.16
2025-01-17 14:40:00,37.06,37.16,37.04,37.08,20.59
2025-01-17 14:41:00,37.1,37.13,37.02,37.03,62.69
2025-01-17 14:42:00,37.03,37.13,37.0,37.0,311.73
2025-01-17 14:43:00,37.0,37.06,36.94,37.04,554.58
2025-01-17 14:44:00,37.04,37.09,36.97,37.05,272.63
2025-01-17 14:45:00,37.13,37.22,37.12,37.18,71.52
2025-01-17 14:46:00,37.22,37.22,37.11,37.11,40.69
2025-01-17 14:47:00,37.1,37.1,36.98,37.03,246.33
2025-01-17 14:48:00,36.99,37.01,36.92,37.01,295.1
2025-01-17 14:49:00,37.02,37.03,36.98,37.03,174.69
2025-01-17 14:50:00,36.98,37.0,36.93,36.93,22.96
2025-01-17 14:51:00,36.95,37.04,36.93,37.04,127.21
2025-01-17 14:52:00,37.05,37.2,37.04,37.17,305.64
2025-01-17 14:53:00,37.19,37.19,37.16,37.17,228.02
2025-01-17 14:54:00,37.16,37.16,37.07,37.07,31.26
2025-01-17 14:55:00,37.14,37.18,37.14,37.15,215.79
2025-01-17 14:56:00,37.16,37.21,37.16,37.2,53.61
2025-01-17 14:57:00,37.21,37.21,37.16,37.19,61.04
2025-01-17 14:58:00,37.11,37.15,37.11,37.15,5.52
2025-01-17 14:59:00,37.11,37.16,37.07,37.16,85.17
2025-01-17 15:00:00,37.17,37.22,37.17,37.22,273.98
2025-01-17 15:01:00,37.19,37.22,37.16,37.22,102.77
2025-01-17 15:02:00,37.19,37.24,37.18,37.22,674.28
2025-01-17 15:03:00,37.21,37.24,37.14,37.14,219.68
2025-01-17 15:04:00,37.15,37.24,37.15,37.23,71.36
2025-01-17 15:05:00,37.25,37.31,37.25,37.3,192.54
2025-01-17 15:06:00,37.32,37.36,37.29,37.3,271.91
2025-01-17 15:07:00,37.3,37.36,37.28,37.36,191.12
2025-01-17 15:08:00,37.37,37.37,37.28,37.3,865.22
2025-01-17 15:09:00,37.29,37.36,37.29,37.35,210.56
2025-01-17 15:10:00,37.34,37.39,37.34,37.37,170.32
2025-01-17 15:11:00,37.35,37.36,37.27,37.36,302.94
2025-01-17 15:12:00,37.36,37.36,37.29,37.31,379.79
2025-01-17 15:13:00,37.28,37.29,37.25,37.29,195.96
2025-01-17 15:14:00,37.28,37.33,37.26,37.33,138.75
2025-01-17 15:15:00,37.34,37.38,37.34,37.36,169.1
2025-01-17 15:16:00,37.34,37.36,37.34,37.34,151.96
2025-01-17 15:17:00,37.34,37.37,37.33,37.37,108.35
2025-01-17 15:18:00,37.38,37.38,37.33,37.33,57.67
2025-01-17 15:19:00,37.35,37.35,37.34,37.34,192.28
2025-01-17 15:20:00,37.37,37.37,37.2,37.23,697.22
2025-01-17 15:21:00,37.2,37.21,37.13,37.13,696.28
2025-01-17 15:22:00,37.15,37.2,37.05,37.06,289.22
2025-01-17 15:23:00,37.06,37.1,37.04,37.1,182.61
2025-01-17 15:24:00,37.09,37.09,37.04,37.06,79.12
2025-01-17 15:25:00,37.08,37.13,37.02,37.02,114.08
2025-01-17 15:26:00,37.03,37.06,36.92,36.95,379.32
2025-01-17 15:27:00,36.92,36.94,36.84,36.85,306.3
2025-01-17 15:28:00,36.83,36.97,36.82,36.88,358.11
2025-01-17 15:29:00,36.92,36.96,36.87,36.96,72.09
2025-01-17 15:30:00,36.96,37.04,36.96,37.02,234.98
2025-01-17 15:31:00,37.02,37.06,37.02,37.02,153.82
2025-01-17 15:32:00,37.03,37.03,36.9,36.92,143.33
2025-01-17 15:33:00,36.89,36.92,36.85,36.92,52.71
2025-01-17 15:34:00,36.88,36.88,36.83,36.87,24.13
2025-01-17 15:35:00,36.87,36.94,36.86,36.93,89.51
2025-01-17 15:36:00,36.91,37.0,36.91,37.0,149.71
2025-01-17 15:37:00,37.02,37.05,37.02,37.05,54.7
2025-01-17 15:38:00,37.06,37.08,37.0,37.04,177.14
2025-01-17 15:39:00,37.06,37.11,37.05,37.11,106.02
2025-01-17 15:40:00,37.1,37.11,37.1,37.11,91.73
2025-01-17 15:41:00,37.11,37.11,37.1,37.1,77.08
2025-01-17 15:42:00,37.09,37.09,37.09,37.09,23.72
2025-01-17 15:43:00,37.12,37.13,37.1,37.12,359.67
2025-01-17 15:44:00,37.11,37.12,37.08,37.08,144.12
2025-01-17 15:45:00,37.09,37.12,37.08,37.08,65.7
2025-01-17 15:46:00,37.06,37.07,37.05,37.07,69.93
2025-01-17 15:47:00,37.03,37.45,37.02,37.13,7845.22
2025-01-17 15:48:00,37.12,37.14,37.08,37.09,335.29
2025-01-17 15:49:00,37.08,37.17,37.08,37.17,105.54
2025-01-17 15:50:00,37.18,37.18,37.09,37.09,66.74
2025-01-17 15:51:00,37.08,37.11,37.04,37.06,57.13
2025-01-17 15:52:00,37.06,37.12,37.06,37.12,159.32
2025-01-17 15:53:00,37.08,37.08,37.04,37.07,191.45
2025-01-17 15:54:00,37.07,37.08,37.04,37.08,50.38
2025-01-17 15:55:00,37.1,37.1,37.09,37.1,35.08
2025-01-17 15:56:00,37.11,37.11,37.07,37.09,9.64
2025-01-17 15:57:00,37.11,37.13,37.11,37.13,21.65
2025-01-17 15:58:00,37.12,37.17,37.12,37.17,67.13
2025-01-17 15:59:00,37.19,37.22,37.16,37.22,207.0
2025-01-17 16:00:00,37.23,37.27,37.2,37.2,76.76
2025-01-17 16:01:00,37.22,37.25,37.22,37.23,764.08
2025-01-17 16:02:00,37.23,37.25,37.14,37.14,27.62
2025-01-17 16:03:00,37.14,37.15,37.12,37.12,110.98
2025-01-17 16:04:00,37.17,37.17,37.14,37.15,73.68
2025-01-17 16:05:00,37.17,37.2,37.14,37.14,219.14
2025-01-17 16:06:00,37.18,37.19,37.12,37.12,749.95
2025-01-17 16:07:00,37.13,37.13,37.08,37.08,447.25
2025-01-17 16:08:00,37.08,37.11,37.08,37.11,108.96
2025-01-17 16:09:00,37.09,37.09,37.07,37.08,58.67
2025-01-17 16:10:00,37.14,37.16,37.14,37.16,11.29
2025-01-17 16:11:00,37.17,37.22,37.17,37.21,75.84
2025-01-17 16:12:00,37.22,37.28,37.22,37.27,108.36
2025-01-17 16:13:00,37.26,37.33,37.25,37.33,425.3
2025-01-17 16:14:00,37.33,37.33,37.29,37.31,121.4
2025-01-17 16:15:00,37.29,37.3,37.25,37.29,79.14
2025-01-17 16:16:00,37.32,37.35,37.25,37.33,125.85
2025-01-17 16:17:00,37.33,37.37,37.32,37.37,99.6
2025-01-17 16:18:00,37.38,37.44,37.34,37.44,301.03
2025-01-17 16:19:00,37.44,37.44,37.34,37.34,205.19
2025-01-17 16:20:00,37.35,37.38,37.35,37.36,72.86
2025-01-17 16:21:00,37.34,37.35,37.33,37.35,81.96
2025-01-17 16:22:00,37.35,37.38,37.33,37.33,352.41
2025-01-17 16:23:00,37.33,37.33,37.24,37.24,387.83
2025-01-17 16:24:00,37.24,37.3,37.21,37.3,74.07
2025-01-17 16:25:00,37.3,37.32,37.3,37.32,117.83
2025-01-17 16:26:00,37.31,37.33,37.3,37.31,25.96
2025-01-17 16:27:00,37.31,37.33,37.3,37.31,10.66
2025-01-17 16:28:00,37.35,37.36,37.34,37.35,71.23
2025-01-17 16:29:00,37.36,37.39,37.35,37.35,52.47
2025-01-17 16:30:00,37.35,37.36,37.33,37.35,263.88
2025-01-17 16:31:00,37.34,37.4,37.29,37.39,171.85
2025-01-17 16:32:00,37.38,37.43,37.37,37.43,204.53
2025-01-17 16:33:00,37.41,37.45,37.41,37.45,65.56
2025-01-17 16:34:00,37.42,37.43,37.41,37.42,41.72
2025-01-17 16:35:00,37.42,37.42,37.37,37.39,197.14
2025-01-17 16:36:00,37.38,37.38,37.36,37.36,178.09
2025-01-17 16:37:00,37.38,37.39,37.36,37.39,251.6
2025-01-17 16:38:00,37.41,37.47,37.39,37.47,618.98
2025-01-17 16:39:00,37.45,37.5,37.45,37.48,470.86
2025-01-17 16:40:00,37.48,37.48,37.43,37.43,35.48
2025-01-17 16:41:00,37.4,37.42,37.38,37.4,83.84
2025-01-17 16:42:00,37.41,37.44,37.4,37.4,95.75
2025-01-17 16:43:00,37.4,37.4,37.35,37.35,71.41
2025-01-17 16:44:00,37.35,37.36,37.32,37.35,105.37
2025-01-17 16:45:00,37.33,37.33,37.28,37.31,76.06
2025-01-17 16:46:00,37.31,37.31,37.27,37.27,42.91
2025-01-17 16:47:00,37.25,37.28,37.24,37.28,427.94
2025-01-17 16:48:00,37.31,37.32,37.3,37.31,84.37
2025-01-17 16:49:00,37.33,37.34,37.32,37.33,94.76
2025-01-17 16:50:00,37.31,37.32,37.29,37.3,19.11
2025-01-17 16:51:00,37.3,37.35,37.29,37.33,31.89
2025-01-17 16:52:00,37.34,37.35,37.33,37.35,88.04
2025-01-17 16:53:00,37.34,37.38,37.34,37.37,263.74
2025-01-17 16:54:00,37.37,37.37,37.35,37.36,114.96
2025-01-17 16:55:00,37.33,37.35,37.31,37.33,246.52
2025-01-17 16:56:00,37.3,37.3,37.3,37.3,49.66
2025-01-17 16:57:00,37.3,37.31,37.29,37.29,53.6
2025-01-17 16:58:00,37.31,37.33,37.3,37.32,23.5
2025-01-17 16:59:00,37.32,37.34,37.32,37.33,108.48
2025-01-17 17:00:00,37.34,37.34,37.32,37.32,32.06
2025-01-17 17:01:00,37.32,37.32,37.24,37.27,154.31
2025-01-17 17:02:00,37.27,37.31,37.27,37.3,23.53
2025-01-17 17:03:00,37.28,37.33,37.27,37.33,185.2
2025-01-17 17:04:00,37.32,37.32,37.28,37.29,87.96
2025-01-17 17:05:00,37.31,37.32,37.27,37.27,20.76
2025-01-17 17:06:00,37.27,37.27,37.21,37.23,132.89
2025-01-17 17:07:00,37.23,37.27,37.22,37.27,149.46
2025-01-17 17:08:00,37.33,37.35,37.33,37.35,90.42
2025-01-17 17:09:00,37.34,37.36,37.34,37.35,239.07
2025-01-17 17:10:00,37.33,37.35,37.32,37.32,81.99
2025-01-17 17:11:00,37.37,37.39,37.35,37.35,156.45
2025-01-17 17:12:00,37.37,37.4,37.36,37.36,35.72
2025-01-17 17:13:00,37.36,37.36,37.34,37.34,11.44
2025-01-17 17:14:00,37.34,37.34,37.33,37.33,3.15
2025-01-17 17:15:00,37.34,37.34,37.28,37.28,88.91
2025-01-17 17:16:00,37.27,37.27,37.25,37.25,172.19
2025-01-17 17:17:00,37.24,37.24,37.23,37.23,49.38
2025-01-17 17:18:00,37.22,37.22,37.21,37.22,31.25
2025-01-17 17:19:00,37.25,37.25,37.24,37.24,18.7
2025-01-17 17:20:00,37.25,37.25,37.23,37.24,56.27
2025-01-17 17:21:00,37.26,37.26,37.23,37.23,8.03
2025-01-17 17:22:00,37.22,37.25,37.22,37.24,155.33
2025-01-17 17:23:00,37.26,37.27,37.24,37.27,70.89
2025-01-17 17:24:00,37.26,37.27,37.25,37.27,72.6
2025-01-17 17:25:00,37.3,37.31,37.3,37.31,34.93
2025-01-17 17:26:00,37.37,37.41,37.36,37.36,32.56
2025-01-17 17:27:00,37.35,37.38,37.34,37.34,72.55
2025-01-17 17:28:00,37.34,37.34,37.28,37.28,87.54
2025-01-17 17:29:00,37.32,37.33,37.32,37.33,24.16
2025-01-17 17:30:00,37.34,37.35,37.3,37.3,530.12
2025-01-17 17:31:00,37.3,37.3,37.24,37.24,681.6
2025-01-17 17:32:00,37.23,37.26,37.21,37.25,684.73
2025-01-17 17:33:00,37.25,37.27,37.25,37.26,58.98
2025-01-17 17:34:00,37.26,37.26,37.21,37.21,373.07
2025-01-17 17:35:00,37.22,37.22,37.11,37.12,92.88
2025-01-17 17:36:00,37.09,37.12,37.05,37.05,162.92
2025-01-17 17:37:00,37.05,37.05,36.96,37.02,243.59
2025-01-17 17:38:00,37.02,37.04,36.99,37.01,274.18
2025-01-17 17:39:00,37.02,37.04,37.01,37.02,586.02
2025-01-17 17:40:00,37.04,37.09,37.04,37.09,99.41
2025-01-17 17:41:00,37.04,37.06,37.03,37.03,75.68
2025-01-17 17:42:00,37.04,37.04,36.98,36.98,127.29
2025-01-17 17:43:00,37.0,37.02,36.97,37.02,50.02
2025-01-17 17:44:00,36.99,36.99,36.99,36.99,22.47
2025-01-17 17:45:00,37.01,37.04,37.01,37.03,88.59
2025-01-17 17:46:00,37.07,37.13,37.05,37.05,407.49
2025-01-17 17:47:00,37.07,37.09,37.07,37.09,22.61
2025-01-17 17:48:00,37.07,37.07,37.01,37.03,148.45
2025-01-17 17:49:00,37.03,37.03,36.99,36.99,64.35
2025-01-17 17:50:00,37.0,37.01,36.96,36.98,199.51
2025-01-17 17:51:00,36.96,37.01,36.96,37.0,34.79
2025-01-17 17:52:00,36.99,37.0,36.96,36.96,43.09
2025-01-17 17:53:00,36.96,36.96,36.93,36.93,19.87
2025-01-17 17:54:00,36.94,37.04,36.94,37.04,293.1
2025-01-17 17:55:00,37.02,37.02,36.94,36.94,97.51
2025-01-17 17:56:00,36.95,36.95,36.93,36.94,20.32
2025-01-17 17:57:00,36.94,36.97,36.92,36.97,274.88
2025-01-17 17:58:00,36.97,36.97,36.97,36.97,101.77
2025-01-17 17:59:00,36.97,36.97,36.95,36.95,224.62
2025-01-17 18:00:00,36.97,36.97,36.94,36.94,75.37
2025-01-17 18:01:00,36.93,36.98,36.91,36.98,243.6
2025-01-17 18:02:00,36.94,36.94,36.93,36.94,411.34
2025-01-17 18:03:00,36.96,36.99,36.96,36.97,34.03
2025-01-17 18:04:00,36.99,37.01,36.99,37.01,55.16
2025-01-17 18:05:00,37.02,37.03,37.01,37.02,64.12
2025-01-17 18:06:00,37.01,37.02,36.98,37.0,36.46
2025-01-17 18:07:00,36.98,36.98,36.94,36.96,98.69
2025-01-17 18:08:00,36.96,36.96,36.93,36.95,37.93
2025-01-17 18:09:00,36.93,36.93,36.91,36.92,43.55
2025-01-17 18:10:00,36.92,36.94,36.85,36.85,134.46
2025-01-17 18:11:00,36.87,36.91,36.84,36.91,43.7
2025-01-17 18:12:00,36.91,36.93,36.91,36.92,61.26
2025-01-17 18:13:00,36.92,36.92,36.91,36.91,16.8
2025-01-17 18:14:00,36.93,36.95,36.91,36.94,172.2
2025-01-17 18:15:00,36.95,36.99,36.95,36.96,113.04
2025-01-17 18:16:00,36.93,37.0,36.93,37.0,99.3
2025-01-17 18:17:00,37.01,37.01,36.96,36.96,146.61
2025-01-17 18:18:00,36.99,37.02,36.99,37.02,22.4
2025-01-17 18:19:00,37.03,37.03,37.03,37.03,9.44
2025-01-17 18:20:00,37.02,37.04,37.02,37.04,44.66
2025-01-17 18:21:00,37.04,37.08,37.04,37.08,93.73
2025-01-17 18:22:00,37.08,37.12,37.08,37.11,144.56
2025-01-17 18:23:00,37.11,37.11,37.08,37.08,261.64
2025-01-17 18:24:00,37.04,37.07,37.04,37.07,11.1
2025-01-17 18:25:00,37.08,37.08,37.05,37.05,111.99
2025-01-17 18:26:00,37.09,37.11,37.08,37.09,65.82
2025-01-17 18:27:00,37.11,37.11,37.09,37.1,87.96
2025-01-17 18:28:00,37.1,37.12,37.09,37.1,80.76
2025-01-17 18:29:00,37.1,37.1,37.09,37.1,45.42
2025-01-17 18:30:00,37.11,37.11,37.07,37.08,103.81
2025-01-17 18:31:00,37.07,37.08,37.06,37.08,46.49
2025-01-17 18:32:00,37.08,37.12,37.08,37.1,50.76
2025-01-17 18:33:00,37.11,37.11,37.11,37.11,31.92
2025-01-17 18:34:00,37.13,37.13,37.13,37.13,16.45
2025-01-17 18:35:00,37.13,37.15,37.13,37.13,114.2
2025-01-17 18:36:00,37.11,37.16,37.11,37.15,94.43
2025-01-17 18:37:00,37.16,37.2,37.16,37.19,246.71
2025-01-17 18:38:00,37.18,37.18,37.15,37.17,104.61
2025-01-17 18:39:00,37.18,37.18,37.17,37.17,18.22
2025-01-17 18:40:00,37.18,37.19,37.17,37.18,101.96
2025-01-17 18:41:00,37.17,37.18,37.15,37.17,110.15
2025-01-17 18:42:00,37.17,37.17,37.14,37.14,335.79
2025-01-17 18:43:00,37.14,37.16,37.14,37.16,12.2
2025-01-17 18:44:00,37.16,37.16,37.16,37.16,0.0
2025-01-17 18:45:00,37.17,37.17,37.13,37.13,29.01
2025-01-17 18:46:00,37.13,37.13,37.13,37.13,0.0
2025-01-17 18:47:00,37.13,37.13,37.12,37.12,11.43
2025-01-17 18:48:00,37.1,37.11,37.1,37.11,20.16
2025-01-17 18:49:00,37.09,37.09,37.09,37.09,1.84
2025-01-17 18:50:00,37.07,37.07,37.03,37.04,80.79
2025-01-17 18:51:00,37.01,37.02,37.0,37.02,88.18
2025-01-17 18:52:00,37.03,37.03,37.03,37.03,19.41
2025-01-17 18:53:00,37.04,37.04,37.02,37.04,104.66
2025-01-17 18:54:00,37.04,37.04,37.02,37.02,28.44
2025-01-17 18:55:00,37.01,37.01,36.97,36.98,92.03
2025-01-17 18:56:00,36.98,36.98,36.96,36.96,125.3
2025-01-17 18:57:00,36.97,36.97,36.95,36.95,6.25
2025-01-17 18:58:00,36.94,36.94,36.94,36.94,3.9
2025-01-17 18:59:00,36.94,36.94,36.94,36.94,17.92
2025-01-17 19:00:00,36.94,37.01,36.94,37.01,83.63
2025-01-17 19:01:00,37.0,37.05,37.0,37.05,52.64
2025-01-17 19:02:00,37.05,37.05,37.05,37.05,29.13
2025-01-17 19:03:00,37.06,37.07,37.06,37.06,20.93
2025-01-17 19:04:00,37.08,37.08,37.05,37.06,61.91
2025-01-17 19:05:00,37.06,37.06,37.02,37.02,181.97
2025-01-17 19:06:00,37.01,37.01,36.99,36.99,74.04
2025-01-17 19:07:00,37.0,37.02,37.0,37.02,3.63
2025-01-17 19:08:00,37.0,37.01,37.0,37.01,15.04
2025-01-17 19:09:00,37.05,37.05,37.04,37.04,1.29
2025-01-17 19:10:00,37.05,37.08,37.04,37.08,23.11
2025-01-17 19:11:00,37.07,37.12,37.07,37.12,13.0
2025-01-17 19:12:00,37.12,37.14,37.12,37.13,40.03
2025-01-17 19:13:00,37.16,37.16,37.14,37.15,38.76
2025-01-17 19:14:00,37.16,37.17,37.15,37.17,24.23
2025-01-17 19:15:00,37.19,37.21,37.18,37.18,67.25
2025-01-17 19:16:00,37.17,37.18,37.17,37.17,35.74
2025-01-17 19:17:00,37.2,37.23,37.19,37.21,129.76
2025-01-17 19:18:00,37.21,37.3,37.21,37.3,92.67
2025-01-17 19:19:00,37.3,37.34,37.3,37.33,158.43
2025-01-17 19:20:00,37.3,37.3,37.28,37.28,109.71
2025-01-17 19:21:00,37.29,37.35,37.29,37.35,46.35
2025-01-17 19:22:00,37.33,37.34,37.3,37.34,72.71
2025-01-17 19:23:00,37.32,37.33,37.29,37.29,125.58
2025-01-17 19:24:00,37.29,37.32,37.29,37.31,146.36
2025-01-17 19:25:00,37.3,37.32,37.27,37.31,69.96
2025-01-17 19:26:00,37.31,37.33,37.31,37.33,24.84
2025-01-17 19:27:00,37.29,37.3,37.25,37.25,85.99
2025-01-17 19:28:00,37.25,37.25,37.19,37.21,130.2
2025-01-17 19:29:00,37.22,37.22,37.22,37.22,2.6
2025-01-17 19:30:00,37.19,37.19,37.14,37.14,124.17
2025-01-17 19:31:00,37.13,37.14,37.13,37.14,16.72
2025-01-17 19:32:00,37.14,37.14,37.09,37.09,101.47
2025-01-17 19:33:00,37.1,37.1,37.04,37.04,131.61
2025-01-17 19:34:00,37.05,37.05,37.03,37.05,65.13
2025-01-17 19:35:00,37.04,37.07,37.04,37.06,166.7
2025-01-17 19:36:00,37.05,37.09,37.05,37.08,96.63
2025-01-17 19:37:00,37.07,37.1,37.06,37.09,37.28
2025-01-17 19:38:00,37.11,37.11,37.11,37.11,8.07
2025-01-17 19:39:00,37.12,37.13,37.07,37.07,90.23
2025-01-17 19:40:00,37.07,37.09,37.07,37.09,86.63
2025-01-17 19:41:00,37.07,37.1,37.07,37.08,294.91
2025-01-17 19:42:00,37.07,37.07,37.07,37.07,25.11
2025-01-17 19:43:00,37.06,37.06,37.06,37.06,62.85
2025-01-17 19:44:00,37.07,37.08,37.05,37.08,88.53
2025-01-17 19:45:00,37.06,37.06,37.03,37.03,102.86
2025-01-17 19:46:00,37.06,37.08,37.06,37.08,22.69
2025-01-17 19:47:00,37.08,37.08,37.07,37.07,66.98
2025-01-17 19:48:00,37.08,37.08,37.06,37.08,44.42
2025-01-17 19:49:00,37.13,37.13,37.12,37.12,23.18
2025-01-17 19:50:00,37.12,37.12,37.1,37.1,85.35
2025-01-17 19:51:00,37.13,37.13,37.12,37.13,6.39
2025-01-17 19:52:00,37.13,37.13,37.1,37.1,55.71
2025-01-17 19:53:00,37.1,37.1,37.09,37.09,21.24
2025-01-17 19:54:00,37.11,37.12,37.11,37.12,42.77
2025-01-17 19:55:00,37.11,37.13,37.11,37.13,105.11
2025-01-17 19:56:00,37.15,37.15,37.12,37.13,66.52
2025-01-17 19:57:00,37.13,37.13,37.12,37.13,38.55
2025-01-17 19:58:00,37.12,37.12,37.12,37.12,3.65
2025-01-17 19:59:00,37.12,37.12,37.12,37.12,72.18
2025-01-17 20:00:00,37.12,37.13,37.11,37.11,39.36
2025-01-17 20:01:00,37.1,37.2,37.1,37.2,262.91
2025-01-17 20:02:00,37.2,37.23,37.16,37.23,176.27
2025-01-17 20:03:00,37.22,37.23,37.2,37.23,61.5
2025-01-17 20:04:00,37.23,37.24,37.2,37.2,535.32
2025-01-17 20:05:00,37.21,37.27,37.21,37.26,124.88
2025-01-17 20:06:00,37.26,37.26,37.26,37.26,91.36
2025-01-17 20:07:00,37.28,37.36,37.28,37.35,48.29
2025-01-17 20:08:00,37.35,37.36,37.34,37.36,122.14
2025-01-17 20:09:00,37.37,37.39,37.37,37.39,208.49
2025-01-17 20:10:00,37.4,37.46,37.4,37.43,404.09
2025-01-17 20:11:00,37.39,37.41,37.37,37.37,196.6
2025-01-17 20:12:00,37.37,37.42,37.37,37.42,91.96
2025-01-17 20:13:00,37.43,37.43,37.43,37.43,43.46
2025-01-17 20:14:00,37.43,37.43,37.41,37.41,77.97
2025-01-17 20:15:00,37.41,37.43,37.41,37.42,134.92
2025-01-17 20:16:00,37.43,37.46,37.43,37.46,68.96
2025-01-17 20:17:00,37.45,37.49,37.45,37.48,134.11
2025-01-17 20:18:00,37.48,37.49,37.48,37.48,68.52
2025-01-17 20:19:00,37.49,37.57,37.49,37.57,1990.96
2025-01-17 20:20:00,37.57,37.57,37.53,37.55,233.42
2025-01-17 20:21:00,37.56,37.57,37.54,37.54,57.01
2025-01-17 20:22:00,37.5,37.53,37.49,37.53,201.88
2025-01-17 20:23:00,37.52,37.54,37.51,37.54,53.38
2025-01-17 20:24:00,37.52,37.52,37.5,37.5,13.73
2025-01-17 20:25:00,37.5,37.52,37.5,37.52,32.26
2025-01-17 20:26:00,37.54,37.58,37.54,37.57,44.17
2025-01-17 20:27:00,37.58,37.6,37.56,37.57,226.5
2025-01-17 20:28:00,37.58,37.6,37.58,37.59,41.45
2025-01-17 20:29:00,37.58,37.65,37.55,37.64,307.42
2025-01-17 20:30:00,37.63,37.73,37.63,37.67,596.97
2025-01-17 20:31:00,37.67,37.67,37.6,37.65,591.17
2025-01-17 20:32:00,37.65,37.67,37.65,37.66,142.83
2025-01-17 20:33:00,37.65,37.69,37.65,37.66,215.06
2025-01-17 20:34:00,37.68,37.69,37.65,37.68,261.55
2025-01-17 20:35:00,37.66,37.7,37.66,37.68,68.18
2025-01-17 20:36:00,37.67,37.69,37.63,37.65,159.4
2025-01-17 20:37:00,37.67,37.67,37.62,37.63,101.1
2025-01-17 20:38:00,37.67,37.67,37.66,37.66,53.87
2025-01-17 20:39:00,37.67,37.67,37.65,37.67,45.71
2025-01-17 20:40:00,37.69,37.69,37.67,37.68,71.3
2025-01-17 20:41:00,37.73,37.76,37.73,37.76,333.88
2025-01-17 20:42:00,37.76,37.77,37.72,37.73,1487.81
2025-01-17 20:43:00,37.72,37.73,37.7,37.72,8.23
2025-01-17 20:44:00,37.73,37.74,37.7,37.71,54.27
2025-01-17 20:45:00,37.72,37.8,37.72,37.77,102.88
2025-01-17 20:46:00,37.73,37.75,37.72,37.72,225.64
2025-01-17 20:47:00,37.72,37.76,37.72,37.74,209.69
2025-01-17 20:48:00,37.73,37.73,37.72,37.72,144.49
2025-01-17 20:49:00,37.74,37.75,37.72,37.72,483.76
2025-01-17 20:50:00,37.72,37.72,37.72,37.72,15.65
2025-01-17 20:51:00,37.71,37.71,37.68,37.69,105.93
2025-01-17 20:52:00,37.7,37.71,37.69,37.71,42.09
2025-01-17 20:53:00,37.73,37.75,37.73,37.75,121.01
2025-01-17 20:54:00,37.77,37.79,37.76,37.78,76.75
2025-01-17 20:55:00,37.76,37.76,37.73,37.74,26.14
2025-01-17 20:56:00,37.74,37.74,37.72,37.73,25.46
2025-01-17 20:57:00,37.72,37.72,37.64,37.64,70.85
2025-01-17 20:58:00,37.66,37.7,37.66,37.7,73.38
2025-01-17 20:59:00,37.71,37.75,37.7,37.7,139.93
2025-01-17 21:00:00,37.68,37.75,37.68,37.7,229.27
2025-01-17 21:01:00,37.7,37.72,37.7,37.72,37.29
2025-01-17 21:02:00,37.74,37.82,37.72,37.76,1152.31
2025-01-17 21:03:00,37.71,37.71,37.68,37.7,115.18
2025-01-17 21:04:00,37.72,37.73,37.71,37.71,15.21
2025-01-17 21:05:00,37.71,37.74,37.7,37.71,143.52
2025-01-17 21:06:00,37.71,37.71,37.65,37.65,76.8
2025-01-17 21:07:00,37.65,37.65,37.64,37.64,53.95
2025-01-17 21:08:00,37.63,37.63,37.55,37.55,64.58
2025-01-17 21:09:00,37.56,37.57,37.56,37.57,11.1
2025-01-17 21:10:00,37.56,37.57,37.56,37.57,29.68
2025-01-17 21:11:00,37.59,37.61,37.59,37.61,33.7
2025-01-17 21:12:00,37.62,37.63,37.58,37.58,272.46
2025-01-17 21:13:00,37.6,37.6,37.59,37.59,44.11
2025-01-17 21:14:00,37.6,37.65,37.6,37.65,607.74
2025-01-17 21:15:00,37.66,37.74,37.66,37.74,95.82
2025-01-17 21:16:00,37.72,37.72,37.67,37.67,14.31
2025-01-17 21:17:00,37.65,37.65,37.64,37.64,52.85
2025-01-17 21:18:00,37.65,37.65,37.63,37.63,65.95
2025-01-17 21:19:00,37.64,37.64,37.6,37.6,126.56
2025-01-17 21:20:00,37.61,37.61,37.57,37.59,60.99
2025-01-17 21:21:00,37.6,37.64,37.6,37.64,18.6
2025-01-17 21:22:00,37.64,37.65,37.63,37.65,58.24
2025-01-17 21:23:00,37.65,37.67,37.64,37.67,31.77
2025-01-17 21:24:00,37.67,37.68,37.66,37.67,53.85
2025-01-17 21:25:00,37.66,37.69,37.66,37.66,55.93
2025-01-17 21:26:00,37.67,37.68,37.66,37.66,8.06
2025-01-17 21:27:00,37.67,37.68,37.67,37.68,106.33
2025-01-17 21:28:00,37.69,37.69,37.66,37.67,2.54
2025-01-17 21:29:00,37.67,37.67,37.64,37.67,464.88
2025-01-17 21:30:00,37.66,37.66,37.64,37.64,37.3
2025-01-17 21:31:00,37.65,37.65,37.64,37.65,91.62
2025-01-17 21:32:00,37.65,37.69,37.65,37.68,277.3
2025-01-17 21:33:00,37.69,37.69,37.6,37.6,64.9
2025-01-17 21:34:00,37.6,37.6,37.55,37.58,259.73
2025-01-17 21:35:00,37.57,37.6,37.57,37.6,41.7
2025-01-17 21:36:00,37.59,37.62,37.57,37.57,281.47
2025-01-17 21:37:00,37.55,37.56,37.52,37.52,157.58
2025-01-17 21:38:00,37.52,37.52,37.47,37.47,180.68
2025-01-17 21:39:00,37.47,37.47,37.42,37.46,252.15
2025-01-17 21:40:00,37.47,37.52,37.45,37.46,302.66
2025-01-17 21:41:00,37.46,37.46,37.38,37.42,414.69
2025-01-17 21:42:00,37.44,37.45,37.44,37.44,108.61
2025-01-17 21:43:00,37.46,37.47,37.46,37.47,9.28
2025-01-17 21:44:00,37.44,37.47,37.44,37.47,323.16
2025-01-17 21:45:00,37.46,37.5,37.46,37.49,155.42
2025-01-17 21:46:00,37.49,37.49,37.47,37.47,83.18
2025-01-17 21:47:00,37.46,37.46,37.42,37.44,581.76
2025-01-17 21:48:00,37.43,37.46,37.43,37.46,45.95
2025-01-17 21:49:00,37.48,37.48,37.46,37.46,97.85
2025-01-17 21:50:00,37.46,37.51,37.46,37.47,383.04
2025-01-17 21:51:00,37.47,37.47,37.41,37.41,476.53
2025-01-17 21:52:00,37.45,37.5,37.45,37.5,136.15
2025-01-17 21:53:00,37.51,37.55,37.51,37.55,54.84
2025-01-17 21:54:00,37.53,37.56,37.53,37.53,196.75
2025-01-17 21:55:00,37.54,37.54,37.51,37.51,33.3
2025-01-17 21:56:00,37.52,37.52,37.5,37.5,31.09
2025-01-17 21:57:00,37.51,37.53,37.51,37.53,53.87
2025-01-17 21:58:00,37.54,37.57,37.54,37.57,22.76
2025-01-17 21:59:00,37.55,37.56,37.55,37.56,39.41
2025-01-17 22:00:00,37.58,37.58,37.56,37.57,63.42
2025-01-17 22:01:00,37.57,37.57,37.54,37.54,31.04
2025-01-17 22:02:00,37.55,37.55,37.52,37.53,27.86
2025-01-17 22:03:00,37.55,37.61,37.55,37.61,61.1
2025-01-17 22:04:00,37.61,37.64,37.6,37.62,111.76
2025-01-17 22:05:00,37.61,37.63,37.61,37.63,32.21
2025-01-17 22:06:00,37.63,37.63,37.61,37.61,61.55
2025-01-17 22:07:00,37.62,37.64,37.61,37.64,28.8
2025-01-17 22:08:00,37.65,37.71,37.65,37.7,156.28
2025-01-17 22:09:00,37.71,37.73,37.7,37.73,125.43
2025-01-17 22:10:00,37.73,37.78,37.73,37.74,322.4
2025-01-17 22:11:00,37.74,37.75,37.72,37.72,153.89
2025-01-17 22:12:00,37.74,37.74,37.71,37.74,32.12
2025-01-17 22:13:00,37.71,37.74,37.71,37.74,63.02
2025-01-17 22:14:00,37.73,37.82,37.73,37.76,390.08
2025-01-17 22:15:00,37.75,37.78,37.73,37.78,505.15
2025-01-17 22:16:00,37.77,37.77,37.76,37.77,44.89
2025-01-17 22:17:00,37.76,37.76,37.74,37.75,22.47
2025-01-17 22:18:00,37.78,37.78,37.77,37.77,54.48
2025-01-17 22:19:00,37.78,37.78,37.76,37.76,20.78
2025-01-17 22:20:00,37.75,37.77,37.75,37.76,32.23
2025-01-17 22:21:00,37.77,37.77,37.76,37.76,19.98
2025-01-17 22:22:00,37.75,37.77,37.74,37.77,31.28
2025-01-17 22:23:00,37.76,37.79,37.75,37.79,21.02
2025-01-17 22:24:00,37.79,37.79,37.77,37.78,36.34
2025-01-17 22:25:00,37.78,37.78,37.74,37.74,212.35
2025-01-17 22:26:00,37.75,37.76,37.75,37.76,4.16
2025-01-17 22:27:00,37.76,37.78,37.76,37.78,18.9
2025-01-17 22:28:00,37.79,37.83,37.78,37.8,388.47
2025-01-17 22:29:00,37.8,37.8,37.79,37.79,33.34
2025-01-17 22:30:00,37.79,37.8,37.79,37.79,17.47
2025-01-17 22:31:00,37.78,37.78,37.77,37.77,9.12
2025-01-17 22:32:00,37.76,37.76,37.73,37.74,31.68
2025-01-17 22:33:00,37.75,37.77,37.75,37.77,32.09
2025-01-17 22:34:00,37.77,37.77,37.76,37.76,9.28
2025-01-17 22:35:00,37.78,37.8,37.78,37.8,126.75
2025-01-17 22:36:00,37.8,37.8,37.78,37.78,25.37
2025-01-17 22:37:00,37.79,37.79,37.76,37.77,128.61
2025-01-17 22:38:00,37.77,37.77,37.77,37.77,0.0
2025-01-17 22:39:00,37.77,37.77,37.77,37.77,0.0
2025-01-17 22:40:00,37.77,37.79,37.77,37.78,13.93
2025-01-17 22:41:00,37.79,37.8,37.79,37.79,25.72
2025-01-17 22:42:00,37.78,37.79,37.76,37.76,100.31
2025-01-17 22:43:00,37.74,37.74,37.73,37.73,29.75
2025-01-17 22:44:00,37.75,37.75,37.72,37.72,81.75
2025-01-17 22:45:00,37.74,37.74,37.71,37.71,53.45
2025-01-17 22:46:00,37.73,37.73,37.69,37.71,343.64
2025-01-17 22:47:00,37.71,37.71,37.7,37.7,81.94
2025-01-17 22:48:00,37.7,37.7,37.66,37.66,29.79
2025-01-17 22:49:00,37.66,37.66,37.64,37.64,75.68
2025-01-17 22:50:00,37.66,37.66,37.64,37.64,107.64
2025-01-17 22:51:00,37.64,37.65,37.46,37.46,2306.09
2025-01-17 22:52:00,37.47,37.53,37.45,37.5,806.37
2025-01-17 22:53:00,37.51,37.53,37.5,37.52,213.41
2025-01-17 22:54:00,37.53,37.66,37.53,37.65,332.25
2025-01-17 22:55:00,37.64,37.64,37.63,37.64,8.07
2025-01-17 22:56:00,37.66,37.66,37.64,37.64,85.53
2025-01-17 22:57:00,37.64,37.64,37.62,37.62,0.67
2025-01-17 22:58:00,37.63,37.63,37.6,37.6,12.81
2025-01-17 22:59:00,37.6,37.61,37.6,37.61,9.1
2025-01-17 23:00:00,37.6,37.61,37.58,37.59,9.19
2025-01-17 23:01:00,37.58,37.58,37.53,37.57,129.63
2025-01-17 23:02:00,37.57,37.58,37.54,37.55,33.4
2025-01-17 23:03:00,37.56,37.56,37.54,37.55,17.11
2025-01-17 23:04:00,37.55,37.57,37.53,37.57,128.28
2025-01-17 23:05:00,37.56,37.57,37.52,37.52,151.68
2025-01-17 23:06:00,37.52,37.53,37.5,37.52,143.45
2025-01-17 23:07:00,37.52,37.55,37.52,37.55,13.41
2025-01-17 23:08:00,37.55,37.56,37.53,37.53,302.48
2025-01-17 23:09:00,37.57,37.58,37.56,37.57,12.69
2025-01-17 23:10:00,37.58,37.58,37.56,37.56,15.47
2025-01-17 23:11:00,37.55,37.55,37.53,37.54,45.63
2025-01-17 23:12:00,37.51,37.54,37.51,37.54,0.69
2025-01-17 23:13:00,37.57,37.58,37.54,37.54,160.5
2025-01-17 23:14:00,37.54,37.54,37.5,37.53,630.24
2025-01-17 23:15:00,37.52,37.52,37.52,37.52,0.53
2025-01-17 23:16:00,37.52,37.54,37.52,37.54,27.92
2025-01-17 23:17:00,37.55,37.56,37.54,37.54,41.78
2025-01-17 23:18:00,37.57,37.57,37.54,37.54,81.06
2025-01-17 23:19:00,37.53,37.55,37.53,37.55,25.39
2025-01-17 23:20:00,37.55,37.55,37.55,37.55,0.0
2025-01-17 23:21:00,37.57,37.6,37.57,37.59,58.79
2025-01-17 23:22:00,37.58,37.58,37.57,37.57,14.2
2025-01-17 23:23:00,37.6,37.6,37.6,37.6,2.58
2025-01-17 23:24:00,37.6,37.6,37.56,37.56,68.91
2025-01-17 23:25:00,37.57,37.59,37.57,37.59,19.31
2025-01-17 23:26:00,37.59,37.59,37.58,37.59,6.64
2025-01-17 23:27:00,37.59,37.59,37.57,37.57,4.96
2025-01-17 23:28:00,37.57,37.57,37.57,37.57,27.58
2025-01-17 23:29:00,37.56,37.57,37.55,37.55,5.46
2025-01-17 23:30:00,37.55,37.57,37.55,37.57,35.05
2025-01-17 23:31:00,37.57,37.57,37.53,37.53,5.54
2025-01-17 23:32:00,37.54,37.55,37.53,37.54,17.3
2025-01-17 23:33:00,37.52,37.55,37.51,37.54,17.29
2025-01-17 23:34:00,37.51,37.52,37.51,37.52,24.63
2025-01-17 23:35:00,37.52,37.54,37.51,37.53,105.82
2025-01-17 23:36:00,37.53,37.53,37.53,37.53,1.65
2025-01-17 23:37:00,37.53,37.54,37.52,37.53,47.99
2025-01-17 23:38:00,37.53,37.53,37.53,37.53,0.0
2025-01-17 23:39:00,37.57,37.57,37.56,37.56,3.87
2025-01-17 23:40:00,37.56,37.56,37.56,37.56,0.27
2025-01-17 23:41:00,37.55,37.55,37.55,37.55,0.27
2025-01-17 23:42:00,37.54,37.54,37.54,37.54,0.58
2025-01-17 23:43:00,37.53,37.54,37.53,37.54,14.76
2025-01-17 23:44:00,37.55,37.56,37.55,37.56,31.21
2025-01-17 23:45:00,37.56,37.56,37.56,37.56,0.0
2025-01-17 23:46:00,37.57,37.58,37.56,37.56,25.44
2025-01-17 23:47:00,37.55,37.55,37.54,37.54,29.32
2025-01-17 23:48:00,37.54,37.54,37.51,37.52,206.43
2025-01-17 23:49:00,37.51,37.51,37.5,37.5,12.86
2025-01-17 23:50:00,37.5,37.5,37.48,37.48,31.5
2025-01-17 23:51:00,37.48,37.48,37.46,37.47,9.82
2025-01-17 23:52:00,37.47,37.47,37.46,37.46,29.41
2025-01-17 23:53:00,37.46,37.46,37.44,37.44,569.76
2025-01-17 23:54:00,37.45,37.47,37.43,37.45,516.35
2025-01-17 23:55:00,37.44,37.46,37.44,37.44,7.28
2025-01-17 23:56:00,37.44,37.44,37.43,37.43,28.21
2025-01-17 23:57:00,37.42,37.43,37.42,37.42,54.67
2025-01-17 23:58:00,37.42,37.42,37.4,37.41,67.0
2025-01-17 23:59:00,37.4,37.41,37.4,37.4,13.31
2025-01-18 00:00:00,37.42,37.5,37.42,37.49,724.29
2025-01-18 00:01:00,37.5,37.6,37.5,37.6,180.47
2025-01-18 00:02:00,37.58,37.58,37.57,37.57,4.23
2025-01-18 00:03:00,37.56,37.6,37.56,37.59,596.39
2025-01-18 00:04:00,37.59,37.64,37.59,37.64,333.78
2025-01-18 00:05:00,37.64,37.64,37.6,37.61,63.82
2025-01-18 00:06:00,37.61,37.61,37.56,37.57,39.08
2025-01-18 00:07:00,37.56,37.58,37.55,37.58,4.69
2025-01-18 00:08:00,37.59,37.59,37.59,37.59,0.95
2025-01-18 00:09:00,37.63,37.64,37.63,37.64,67.56
2025-01-18 00:10:00,37.64,37.7,37.62,37.62,396.81
2025-01-18 00:11:00,37.62,37.62,37.59,37.59,29.77
2025-01-18 00:12:00,37.59,37.6,37.58,37.59,17.17
2025-01-18 00:13:00,37.6,37.62,37.59,37.59,16.52
2025-01-18 00:14:00,37.58,37.58,37.55,37.55,32.26
2025-01-18 00:15:00,37.56,37.59,37.54,37.59,54.02
2025-01-18 00:16:00,37.6,37.63,37.6,37.62,40.01
2025-01-18 00:17:00,37.61,37.64,37.6,37.64,23.6
2025-01-18 00:18:00,37.63,37.68,37.62,37.68,61.02
2025-01-18 00:19:00,37.67,37.7,37.61,37.62,782.2
2025-01-18 00:20:00,37.64,37.65,37.61,37.64,106.92
2025-01-18 00:21:00,37.63,37.65,37.62,37.64,129.77
2025-01-18 00:22:00,37.63,37.63,37.62,37.63,21.79
2025-01-18 00:23:00,37.64,37.68,37.64,37.68,62.6
2025-01-18 00:24:00,37.7,37.71,37.7,37.7,70.94
2025-01-18 00:25:00,37.69,37.76,37.69,37.76,276.57
2025-01-18 00:26:00,37.76,37.78,37.73,37.74,168.39
2025-01-18 00:27:00,37.74,37.75,37.73,37.75,35.98
2025-01-18 00:28:00,37.76,37.76,37.74,37.75,103.9
2025-01-18 00:29:00,37.74,37.75,37.74,37.74,82.46
2025-01-18 00:30:00,37.73,37.74,37.71,37.72,33.26
2025-01-18 00:31:00,37.71,37.71,37.7,37.7,15.7
2025-01-18 00:32:00,37.71,37.71,37.65,37.66,161.54
2025-01-18 00:33:00,37.68,37.7,37.68,37.69,59.86
2025-01-18 00:34:00,37.69,37.69,37.67,37.67,4.93
2025-01-18 00:35:00,37.66,37.66,37.62,37.63,70.78
2025-01-18 00:36:00,37.65,37.66,37.64,37.64,39.81
2025-01-18 00:37:00,37.64,37.67,37.64,37.67,36.95
2025-01-18 00:38:00,37.69,37.74,37.69,37.73,147.19
2025-01-18 00:39:00,37.75,37.78,37.75,37.77,122.66
2025-01-18 00:40:00,37.77,37.78,37.75,37.78,109.21
2025-01-18 00:41:00,37.77,37.77,37.72,37.73,56.26
2025-01-18 00:42:00,37.73,37.73,37.72,37.73,14.62
2025-01-18 00:43:00,37.7,37.7,37.7,37.7,2.36
2025-01-18 00:44:00,37.72,37.72,37.72,37.72,0.29
2025-01-18 00:45:00,37.73,37.74,37.71,37.71,19.83
2025-01-18 00:46:00,37.71,37.71,37.66,37.7,153.78
2025-01-18 00:47:00,37.66,37.7,37.66,37.7,36.21
2025-01-18 00:48:00,37.73,37.74,37.71,37.71,19.34
2025-01-18 00:49:00,37.71,37.74,37.67,37.67,257.26
2025-01-18 00:50:00,37.69,37.69,37.67,37.67,16.01
2025-01-18 00:51:00,37.67,37.83,37.65,37.75,1475.18
2025-01-18 00:52:00,37.74,37.79,37.73,37.79,36.53
2025-01-18 00:53:00,37.79,37.8,37.78,37.78,97.76
2025-01-18 00:54:00,37.77,37.77,37.75,37.75,16.92
2025-01-18 00:55:00,37.74,37.77,37.72,37.77,95.73
2025-01-18 00:56:00,37.79,37.82,37.79,37.82,24.88
2025-01-18 00:57:00,37.82,37.86,37.76,37.76,146.41
2025-01-18 00:58:00,37.77,37.77,37.77,37.77,64.27
2025-01-18 00:59:00,37.78,37.81,37.78,37.81,55.7
2025-01-18 01:00:00,37.81,37.81,37.73,37.74,15.89
2025-01-18 01:01:00,37.73,37.73,37.69,37.71,73.66
2025-01-18 01:02:00,37.72,37.73,37.65,37.65,103.47
2025-01-18 01:03:00,37.65,37.68,37.63,37.66,228.83
2025-01-18 01:04:00,37.63,37.64,37.6,37.64,342.39
2025-01-18 01:05:00,37.63,37.71,37.63,37.7,129.08
2025-01-18 01:06:00,37.69,37.69,37.61,37.63,52.57
2025-01-18 01:07:00,37.64,37.7,37.64,37.64,1014.75
2025-01-18 01:08:00,37.63,37.63,37.62,37.62,68.52
2025-01-18 01:09:00,37.63,37.63,37.61,37.61,9.96
2025-01-18 01:10:00,37.62,37.67,37.62,37.66,420.42
2025-01-18 01:11:00,37.69,37.72,37.69,37.71,111.42
2025-01-18 01:12:00,37.73,37.75,37.72,37.72,495.22
2025-01-18 01:13:00,37.72,37.72,37.68,37.68,149.28
2025-01-18 01:14:00,37.72,37.72,37.62,37.62,122.07
2025-01-18 01:15:00,37.6,37.6,37.57,37.58,202.94
2025-01-18 01:16:00,37.59,37.59,37.55,37.55,79.18
2025-01-18 01:17:00,37.55,37.56,37.52,37.56,200.86
2025-01-18 01:18:00,37.6,37.6,37.56,37.56,13.5
2025-01-18 01:19:00,37.56,37.58,37.55,37.58,21.81
2025-01-18 01:20:00,37.57,37.59,37.56,37.56,78.24
2025-01-18 01:21:00,37.55,37.56,37.54,37.54,7.34
2025-01-18 01:22:00,37.54,37.54,37.52,37.54,26.23
2025-01-18 01:23:00,37.53,37.54,37.53,37.54,9.91
2025-01-18 01:24:00,37.52,37.55,37.52,37.55,41.96
2025-01-18 01:25:00,37.54,37.54,37.52,37.52,22.25
2025-01-18 01:26:00,37.52,37.52,37.48,37.5,164.17
2025-01-18 01:27:00,37.53,37.54,37.53,37.54,16.34
2025-01-18 01:28:00,37.53,37.54,37.51,37.51,235.27
2025-01-18 01:29:00,37.51,37.51,37.5,37.5,21.17
2025-01-18 01:30:00,37.51,37.52,37.48,37.48,82.29
2025-01-18 01:31:00,37.47,37.47,37.46,37.46,89.04
2025-01-18 01:32:00,37.45,37.45,37.44,37.45,77.17
2025-01-18 01:33:00,37.46,37.48,37.42,37.45,152.69
2025-01-18 01:34:00,37.46,37.46,37.41,37.41,55.52
2025-01-18 01:35:00,37.41,37.42,37.36,37.36,739.84
2025-01-18 01:36:00,37.36,37.41,37.35,37.38,90.15
2025-01-18 01:37:00,37.39,37.41,37.37,37.38,120.76
2025-01-18 01:38:00,37.38,37.4,37.38,37.4,25.74
2025-01-18 01:39:00,37.39,37.41,37.38,37.41,48.19
2025-01-18 01:40:00,37.4,37.43,37.4,37.42,48.35
2025-01-18 01:41:00,37.41,37.43,37.41,37.43,7.05
2025-01-18 01:42:00,37.44,37.49,37.44,37.47,43.7
2025-01-18 01:43:00,37.46,37.46,37.42,37.42,67.88
2025-01-18 01:44:00,37.4,37.4,37.39,37.4,20.62
2025-01-18 01:45:00,37.37,37.38,37.36,37.36,18.7
2025-01-18 01:46:00,37.37,37.37,37.3,37.32,400.27
2025-01-18 01:47:00,37.32,37.38,37.31,37.38,101.41
2025-01-18 01:48:00,37.38,37.41,37.38,37.38,150.98
2025-01-18 01:49:00,37.38,37.38,37.37,37.38,99.77
2025-01-18 01:50:00,37.37,37.37,37.36,37.36,15.15
2025-01-18 01:51:00,37.36,37.39,37.36,37.38,34.03
2025-01-18 01:52:00,37.39,37.39,37.39,37.39,29.13
2025-01-18 01:53:00,37.41,37.41,37.38,37.38,35.31
2025-01-18 01:54:00,37.38,37.38,37.38,37.38,0.0
2025-01-18 01:55:00,37.41,37.41,37.41,37.41,1.0
2025-01-18 01:56:00,37.41,37.41,37.41,37.41,0.0
2025-01-18 01:57:00,37.41,37.41,37.41,37.41,0.0
2025-01-18 01:58:00,37.42,37.42,37.42,37.42,0.2
2025-01-18 01:59:00,37.4,37.4,37.37,37.37,75.77
2025-01-18 02:00:00,37.38,37.38,37.38,37.38,38.38
2025-01-18 02:01:00,37.41,37.45,37.41,37.45,22.03
2025-01-18 02:02:00,37.44,37.44,37.4,37.4,242.61
2025-01-18 02:03:00,37.41,37.42,37.41,37.42,13.62
2025-01-18 02:04:00,37.42,37.42,37.42,37.42,0.0
2025-01-18 02:05:00,37.39,37.4,37.39,37.4,32.74
2025-01-18 02:06:00,37.38,37.38,37.36,37.36,157.91
2025-01-18 02:07:00,37.37,37.37,37.35,37.35,70.8
2025-01-18 02:08:00,37.36,37.46,37.36,37.44,352.96
2025-01-18 02:09:00,37.44,37.45,37.42,37.45,48.92
2025-01-18 02:10:00,37.45,37.45,37.45,37.45,0.0
2025-01-18 02:11:00,37.39,37.43,37.39,37.43,45.28
2025-01-18 02:12:00,37.41,37.41,37.36,37.36,185.17
2025-01-18 02:13:00,37.37,37.38,37.37,37.38,9.5
2025-01-18 02:14:00,37.4,37.41,37.4,37.41,1.99
2025-01-18 02:15:00,37.45,37.48,37.45,37.45,140.01
2025-01-18 02:16:00,37.43,37.43,37.42,37.42,8.75
2025-01-18 02:17:00,37.4,37.4,37.4,37.4,0.6
2025-01-18 02:18:00,37.43,37.44,37.42,37.42,13.25
2025-01-18 02:19:00,37.42,37.43,37.42,37.43,26.98
2025-01-18 02:20:00,37.4,37.41,37.39,37.4,52.4
2025-01-18 02:21:00,37.42,37.44,37.42,37.44,9.1
2025-01-18 02:22:00,37.41,37.41,37.41,37.41,1.31
2025-01-18 02:23:00,37.41,37.41,37.41,37.41,37.57
2025-01-18 02:24:00,37.42,37.44,37.42,37.44,25.68
2025-01-18 02:25:00,37.43,37.43,37.43,37.43,2.25
2025-01-18 02:26:00,37.45,37.46,37.45,37.45,11.44
2025-01-18 02:27:00,37.41,37.43,37.4,37.43,190.63
2025-01-18 02:28:00,37.41,37.41,37.41,37.41,1.54
2025-01-18 02:29:00,37.42,37.42,37.42,37.42,1.53
2025-01-18 02:30:00,37.38,37.38,37.32,37.33,48.91
2025-01-18 02:31:00,37.35,37.35,37.35,37.35,1.7
2025-01-18 02:32:00,37.34,37.34,37.33,37.33,52.92
2025-01-18 02:33:00,37.33,37.35,37.32,37.33,17.61
2025-01-18 02:34:00,37.3,37.32,37.3,37.31,13.84
2025-01-18 02:35:00,37.31,37.31,37.31,37.31,0.0
2025-01-18 02:36:00,37.39,37.41,37.38,37.41,35.22
2025-01-18 02:37:00,37.36,37.36,37.36,37.36,2.45
2025-01-18 02:38:00,37.37,37.37,37.37,37.37,47.15
2025-01-18 02:39:00,37.36,37.41,37.33,37.37,985.33
2025-01-18 02:40:00,37.37,37.38,37.36,37.36,32.78
2025-01-18 02:41:00,37.37,37.37,37.35,37.35,70.97
2025-01-18 02:42:00,37.37,37.37,37.37,37.37,13.36
2025-01-18 02:43:00,37.37,37.41,37.37,37.41,25.43
2025-01-18 02:44:00,37.42,37.45,37.42,37.45,7.19
2025-01-18 02:45:00,37.45,37.5,37.45,37.5,41.58
2025-01-18 02:46:00,37.47,37.47,37.45,37.45,10.52
2025-01-18 02:47:00,37.45,37.46,37.44,37.46,73.51
2025-01-18 02:48:00,37.42,37.42,37.41,37.41,0.56
2025-01-18 02:49:00,37.39,37.39,37.39,37.39,0.69
2025-01-18 02:50:00,37.4,37.42,37.39,37.42,28.54
2025-01-18 02:51:00,37.38,37.44,37.38,37.44,14.24
2025-01-18 02:52:00,37.4,37.41,37.4,37.4,10.92
2025-01-18 02:53:00,37.4,37.4,37.36,37.36,31.61
2025-01-18 02:54:00,37.34,37.35,37.34,37.35,15.76
2025-01-18 02:55:00,37.32,37.33,37.3,37.3,106.39
2025-01-18 02:56:00,37.28,37.28,37.24,37.25,40.27
2025-01-18 02:57:00,37.26,37.28,37.25,37.28,54.63
2025-01-18 02:58:00,37.27,37.27,37.27,37.27,20.11
2025-01-18 02:59:00,37.27,37.28,37.27,37.28,22.58
2025-01-18 03:00:00,37.31,37.37,37.31,37.34,56.53
2025-01-18 03:01:00,37.38,37.39,37.38,37.38,51.96
2025-01-18 03:02:00,37.37,37.42,37.37,37.42,159.21
2025-01-18 03:03:00,37.38,37.38,37.3,37.3,139.58
2025-01-18 03:04:00,37.28,37.3,37.28,37.3,20.01
2025-01-18 03:05:00,37.31,37.31,37.27,37.29,113.78
2025-01-18 03:06:00,37.26,37.26,37.18,37.22,788.93
2025-01-18 03:07:00,37.24,37.29,37.24,37.27,287.35
2025-01-18 03:08:00,37.31,37.31,37.27,37.28,50.98
2025-01-18 03:09:00,37.33,37.38,37.33,37.38,314.91
2025-01-18 03:10:00,37.38,37.38,37.37,37.37,89.84
2025-01-18 03:11:00,37.32,37.32,37.3,37.32,9.56
2025-01-18 03:12:00,37.28,37.28,37.28,37.28,2.84
2025-01-18 03:13:00,37.28,37.28,37.23,37.23,6.88
2025-01-18 03:14:00,37.25,37.25,37.25,37.25,1.07
2025-01-18 03:15:00,37.26,37.27,37.26,37.26,46.37
2025-01-18 03:16:00,37.22,37.23,37.22,37.23,38.04
2025-01-18 03:17:00,37.24,37.24,37.19,37.19,16.79
2025-01-18 03:18:00,37.19,37.19,37.19,37.19,0.0
2025-01-18 03:19:00,37.18,37.18,37.16,37.16,10.61
2025-01-18 03:20:00,37.13,37.15,37.13,37.15,44.36
2025-01-18 03:21:00,37.12,37.13,37.07,37.08,145.08
2025-01-18 03:22:00,37.06,37.08,36.96,37.04,1284.04
2025-01-18 03:23:00,37.03,37.06,37.03,37.05,85.21
2025-01-18 03:24:00,37.05,37.05,37.01,37.03,103.37
2025-01-18 03:25:00,36.99,37.01,36.99,36.99,59.78
2025-01-18 03:26:00,37.01,37.01,36.95,36.95,39.62
2025-01-18 03:27:00,36.94,36.94,36.91,36.92,215.07
2025-01-18 03:28:00,36.92,37.01,36.91,36.98,144.53
2025-01-18 03:29:00,37.01,37.02,36.94,36.98,569.45
2025-01-18 03:30:00,37.0,37.0,36.97,36.97,42.6
2025-01-18 03:31:00,36.97,36.97,36.9,36.91,91.58
2025-01-18 03:32:00,36.9,36.95,36.9,36.95,57.69
2025-01-18 03:33:00,36.98,36.98,36.92,36.92,24.24
2025-01-18 03:34:00,36.94,36.94,36.89,36.89,178.72
2025-01-18 03:35:00,36.88,36.89,36.84,36.84,41.49
2025-01-18 03:36:00,36.85,36.87,36.82,36.86,256.54
2025-01-18 03:37:00,36.83,36.83,36.71,36.71,139.77
2025-01-18 03:38:00,36.72,36.75,36.71,36.71,63.17
2025-01-18 03:39:00,36.72,36.78,36.72,36.72,90.61
2025-01-18 03:40:00,36.7,36.7,36.6,36.6,814.38
2025-01-18 03:41:00,36.61,36.62,36.5,36.5,797.48
2025-01-18 03:42:00,36.49,36.54,36.49,36.51,210.9
2025-01-18 03:43:00,36.48,36.51,36.4,36.4,355.15
2025-01-18 03:44:00,36.4,36.56,36.37,36.55,696.42
2025-01-18 03:45:00,36.54,36.65,36.45,36.65,232.96
2025-01-18 03:46:00,36.65,36.68,36.63,36.67,126.47
2025-01-18 03:47:00,36.64,36.7,36.62,36.65,133.76
2025-01-18 03:48:00,36.67,36.67,36.54,36.54,411.14
2025-01-18 03:49:00,36.56,36.58,36.56,36.57,56.18
2025-01-18 03:50:00,36.57,36.57,36.44,36.46,153.47
2025-01-18 03:51:00,36.45,36.45,36.34,36.36,2103.87
2025-01-18 03:52:00,36.36,36.39,36.3,36.3,342.6
2025-01-18 03:53:00,36.29,36.37,36.29,36.32,157.5
2025-01-18 03:54:00,36.34,36.5,36.34,36.47,1183.56
2025-01-18 03:55:00,36.46,36.53,36.43,36.51,157.62
2025-01-18 03:56:00,36.47,36.48,36.44,36.44,65.04
2025-01-18 03:57:00,36.47,36.52,36.47,36.52,22.02
2025-01-18 03:58:00,36.52,36.52,36.45,36.45,142.89
2025-01-18 03:59:00,36.46,36.46,36.39,36.39,235.27
2025-01-18 04:00:00,36.4,36.43,36.38,36.43,83.0
2025-01-18 04:01:00,36.42,36.48,36.41,36.48,55.03
2025-01-18 04:02:00,36.48,36.48,36.45,36.45,162.78
2025-01-18 04:03:00,36.44,36.44,36.4,36.42,84.61
2025-01-18 04:04:00,36.39,36.49,36.37,36.46,173.82
2025-01-18 04:05:00,36.45,36.51,36.44,36.51,169.55
2025-01-18 04:06:00,36.5,36.53,36.49,36.53,37.53
2025-01-18 04:07:00,36.54,36.54,36.49,36.49,85.75
2025-01-18 04:08:00,36.55,36.55,36.5,36.5,36.9
2025-01-18 04:09:00,36.5,36.5,36.45,36.46,56.86
2025-01-18 04:10:00,36.42,36.45,36.41,36.43,250.79
2025-01-18 04:11:00,36.42,36.44,36.4,36.41,26.03
2025-01-18 04:12:00,36.39,36.46,36.38,36.46,218.84
2025-01-18 04:13:00,36.44,36.44,36.39,36.43,19.4
2025-01-18 04:14:00,36.48,36.49,36.39,36.39,52.1
2025-01-18 04:15:00,36.39,36.39,36.31,36.34,361.59
2025-01-18 04:16:00,36.35,36.36,36.28,36.31,1111.27
2025-01-18 04:17:00,36.31,36.34,36.27,36.27,270.75
2025-01-18 04:18:00,36.25,36.27,36.24,36.25,44.12
2025-01-18 04:19:00,36.25,36.25,36.16,36.2,361.1
2025-01-18 04:20:00,36.19,36.25,36.17,36.23,81.81
2025-01-18 04:21:00,36.26,36.32,36.26,36.3,71.03
2025-01-18 04:22:00,36.31,36.34,36.27,36.28,158.9
2025-01-18 04:23:00,36.27,36.29,36.22,36.22,55.46
2025-01-18 04:24:00,36.22,36.22,36.19,36.2,205.03
2025-01-18 04:25:00,36.19,36.19,36.06,36.1,418.52
2025-01-18 04:26:00,36.1,36.13,36.08,36.1,152.8
2025-01-18 04:27:00,36.14,36.19,36.13,36.13,169.65
2025-01-18 04:28:00,36.14,36.24,36.14,36.24,142.87
2025-01-18 04:29:00,36.24,36.25,36.2,36.2,142.6
2025-01-18 04:30:00,36.22,36.26,36.22,36.26,115.01
2025-01-18 04:31:00,36.21,36.29,36.18,36.29,74.21
2025-01-18 04:32:00,36.29,36.38,36.29,36.35,364.28
2025-01-18 04:33:00,36.33,36.35,36.3,36.33,38.66
2025-01-18 04:34:00,36.34,36.36,36.34,36.34,110.57
2025-01-18 04:35:00,36.36,36.37,36.31,36.36,124.69
2025-01-18 04:36:00,36.36,36.42,36.36,36.4,289.28
2025-01-18 04:37:00,36.38,36.41,36.37,36.41,82.99
2025-01-18 04:38:00,36.4,36.44,36.4,36.41,148.08
2025-01-18 04:39:00,36.42,36.43,36.38,36.39,40.1
2025-01-18 04:40:00,36.4,36.41,36.35,36.38,222.2
2025-01-18 04:41:00,36.39,36.43,36.39,36.42,259.85
2025-01-18 04:42:00,36.43,36.43,36.41,36.43,71.44
2025-01-18 04:43:00,36.41,36.45,36.41,36.41,141.15
2025-01-18 04:44:00,36.4,36.43,36.38,36.41,63.26
2025-01-18 04:45:00,36.39,36.4,36.35,36.36,48.8
2025-01-18 04:46:00,36.34,36.34,36.26,36.29,100.29
2025-01-18 04:47:00,36.29,36.31,36.27,36.27,108.39
2025-01-18 04:48:00,36.24,36.24,36.2,36.24,310.69
2025-01-18 04:49:00,36.23,36.25,36.21,36.21,39.08
2025-01-18 04:50:00,36.19,36.19,36.13,36.14,161.76
2025-01-18 04:51:00,36.13,36.27,36.13,36.27,597.09
2025-01-18 04:52:00,36.27,36.28,36.26,36.27,92.72
2025-01-18 04:53:00,36.23,36.32,36.23,36.3,417.85
2025-01-18 04:54:00,36.29,36.31,36.28,36.3,74.67
2025-01-18 04:55:00,36.3,36.35,36.3,36.33,1161.18
2025-01-18 04:56:00,36.35,36.39,36.35,36.39,755.37
2025-01-18 04:57:00,36.38,36.43,36.36,36.42,359.14
2025-01-18 04:58:00,36.41,36.42,36.4,36.4,115.1
2025-01-18 04:59:00,36.4,36.41,36.39,36.41,154.73
2025-01-18 05:00:00,36.39,36.5,36.39,36.5,153.09
2025-01-18 05:01:00,36.5,36.55,36.47,36.47,172.42
2025-01-18 05:02:00,36.46,36.5,36.44,36.45,143.29
2025-01-18 05:03:00,36.46,36.51,36.46,36.49,79.76
2025-01-18 05:04:00,36.49,36.54,36.49,36.54,49.87
2025-01-18 05:05:00,36.53,36.55,36.48,36.48,176.08
2025-01-18 05:06:00,36.48,36.48,36.44,36.45,126.17
2025-01-18 05:07:00,36.45,36.46,36.44,36.45,21.51
2025-01-18 05:08:00,36.42,36.42,36.4,36.4,68.78
2025-01-18 05:09:00,36.37,36.41,36.37,36.37,106.37
2025-01-18 05:10:00,36.36,36.36,36.27,36.28,395.87
2025-01-18 05:11:00,36.27,36.28,36.19,36.21,228.58
2025-01-18 05:12:00,36.2,36.2,36.14,36.15,187.45
2025-01-18 05:13:00,36.17,36.2,36.09,36.1,564.39
2025-01-18 05:14:00,36.12,36.14,36.07,36.07,156.16
2025-01-18 05:15:00,36.07,36.08,36.03,36.03,419.17
2025-01-18 05:16:00,36.04,36.05,35.93,35.96,2167.73
2025-01-18 05:17:00,35.98,36.06,35.98,36.01,254.32
2025-01-18 05:18:00,36.03,36.15,36.03,36.15,351.38
2025-01-18 05:19:00,36.14,36.24,36.13,36.2,1514.6
2025-01-18 05:20:00,36.2,36.21,36.17,36.21,427.01
2025-01-18 05:21:00,36.2,36.21,36.16,36.16,93.9
2025-01-18 05:22:00,36.17,36.21,36.01,36.06,6212.33
2025-01-18 05:23:00,36.06,36.08,36.03,36.03,198.26
2025-01-18 05:24:00,36.04,36.08,36.02,36.08,533.53
2025-01-18 05:25:00,36.1,36.1,36.01,36.05,222.98
2025-01-18 05:26:00,36.07,36.07,36.0,36.01,120.06
2025-01-18 05:27:00,35.99,36.01,35.9,35.9,3576.32
2025-01-18 05:28:00,35.91,35.98,35.91,35.94,691.6
2025-01-18 05:29:00,35.94,35.99,35.94,35.95,115.64
2025-01-18 05:30:00,35.93,35.96,35.88,35.89,286.92
2025-01-18 05:31:00,35.89,35.91,35.83,35.83,298.44
2025-01-18 05:32:00,35.86,35.99,35.85,35.98,118.48
2025-01-18 05:33:00,35.98,36.06,35.98,36.0,578.87
2025-01-18 05:34:00,36.0,36.09,36.0,36.05,1260.22
2025-01-18 05:35:00,36.05,36.05,35.92,35.92,527.12
2025-01-18 05:36:00,35.91,35.93,35.86,35.86,50.73
2025-01-18 05:37:00,35.86,35.9,35.86,35.89,246.55
2025-01-18 05:38:00,35.88,35.89,35.83,35.89,352.16
2025-01-18 05:39:00,35.86,35.86,35.84,35.84,207.94
2025-01-18 05:40:00,35.85,35.92,35.85,35.88,430.48
2025-01-18 05:41:00,35.91,35.95,35.84,35.84,528.33
2025-01-18 05:42:00,35.84,35.89,35.84,35.84,323.02
2025-01-18 05:43:00,35.82,35.88,35.78,35.88,452.84
2025-01-18 05:44:00,35.88,35.95,35.88,35.9,119.81
2025-01-18 05:45:00,35.89,35.9,35.87,35.87,187.06
2025-01-18 05:46:00,35.85,35.85,35.82,35.82,137.8
2025-01-18 05:47:00,35.87,35.91,35.86,35.9,316.75
2025-01-18 05:48:00,35.9,35.9,35.8,35.8,325.18
2025-01-18 05:49:00,35.8,35.81,35.73,35.74,338.74
2025-01-18 05:50:00,35.76,35.76,35.63,35.64,519.96
2025-01-18 05:51:00,35.65,35.74,35.63,35.66,183.24
2025-01-18 05:52:00,35.66,35.69,35.64,35.66,362.47
2025-01-18 05:53:00,35.66,35.66,35.57,35.58,593.16
2025-01-18 05:54:00,35.6,35.6,35.48,35.49,515.97
2025-01-18 05:55:00,35.49,35.49,35.29,35.33,2413.81
2025-01-18 05:56:00,35.34,35.52,35.28,35.36,1355.7
2025-01-18 05:57:00,35.39,35.4,35.28,35.28,718.87
2025-01-18 05:58:00,35.29,35.35,35.26,35.33,367.01
2025-01-18 05:59:00,35.32,35.32,35.27,35.27,276.04
2025-01-18 06:00:00,35.26,35.57,35.25,35.48,692.33
2025-01-18 06:01:00,35.48,35.6,35.46,35.54,585.2
2025-01-18 06:02:00,35.59,35.64,35.48,35.54,218.29
2025-01-18 06:03:00,35.52,35.63,35.51,35.52,210.55
2025-01-18 06:04:00,35.55,35.6,35.5,35.5,537.67
2025-01-18 06:05:00,35.54,35.61,35.49,35.54,1483.44
2025-01-18 06:06:00,35.53,35.65,35.52,35.58,368.01
2025-01-18 06:07:00,35.57,35.57,35.49,35.56,323.53
2025-01-18 06:08:00,35.55,35.6,35.54,35.59,86.69
2025-01-18 06:09:00,35.59,35.69,35.58,35.66,290.71
2025-01-18 06:10:00,35.69,35.69,35.63,35.63,173.06
2025-01-18 06:11:00,35.64,35.64,35.54,35.55,230.59
2025-01-18 06:12:00,35.53,35.6,35.53,35.57,106.45
2025-01-18 06:13:00,35.55,35.59,35.53,35.58,581.54
2025-01-18 06:14:00,35.65,35.67,35.63,35.64,118.06
2025-01-18 06:15:00,35.64,35.71,35.63,35.7,320.45
2025-01-18 06:16:00,35.7,35.72,35.65,35.69,718.82
2025-01-18 06:17:00,35.7,35.76,35.7,35.73,176.09
2025-01-18 06:18:00,35.73,35.74,35.69,35.71,211.4
2025-01-18 06:19:00,35.72,35.75,35.7,35.75,52.79
2025-01-18 06:20:00,35.75,35.76,35.65,35.67,215.62
2025-01-18 06:21:00,35.67,35.68,35.59,35.61,277.42
2025-01-18 06:22:00,35.61,35.61,35.49,35.52,160.65
2025-01-18 06:23:00,35.54,35.58,35.54,35.57,96.42
2025-01-18 06:24:00,35.57,35.57,35.54,35.55,275.58
2025-01-18 06:25:00,35.56,35.67,35.56,35.67,198.02
2025-01-18 06:26:00,35.66,35.67,35.63,35.63,147.11
2025-01-18 06:27:00,35.64,35.68,35.64,35.67,78.27
2025-01-18 06:28:00,35.67,35.68,35.66,35.66,87.03
2025-01-18 06:29:00,35.68,35.7,35.67,35.7,53.97
2025-01-18 06:30:00,35.72,35.72,35.65,35.67,312.85
2025-01-18 06:31:00,35.68,35.7,35.67,35.68,561.66
2025-01-18 06:32:00,35.68,35.7,35.63,35.68,169.78
2025-01-18 06:33:00,35.67,35.73,35.66,35.72,135.46
2025-01-18 06:34:00,35.71,35.74,35.68,35.69,250.52
2025-01-18 06:35:00,35.7,35.72,35.66,35.72,275.15
2025-01-18 06:36:00,35.71,35.88,35.7,35.85,750.14
2025-01-18 06:37:00,35.85,35.9,35.84,35.86,633.19
2025-01-18 06:38:00,35.87,35.88,35.82,35.82,159.42
2025-01-18 06:39:00,35.82,35.84,35.8,35.83,110.33
2025-01-18 06:40:00,35.82,35.82,35.77,35.78,208.22
2025-01-18 06:41:00,35.77,35.8,35.76,35.8,269.54
2025-01-18 06:42:00,35.79,35.79,35.75,35.75,171.61
2025-01-18 06:43:00,35.76,35.78,35.76,35.78,41.13
2025-01-18 06:44:00,35.77,35.78,35.76,35.78,47.06
2025-01-18 06:45:00,35.78,35.83,35.78,35.82,131.74
2025-01-18 06:46:00,35.83,35.86,35.83,35.84,198.42
2025-01-18 06:47:00,35.83,35.87,35.82,35.87,162.52
2025-01-18 06:48:00,35.87,35.89,35.86,35.89,449.45
2025-01-18 06:49:00,35.88,35.9,35.87,35.9,88.85
2025-01-18 06:50:00,35.9,35.93,35.86,35.93,732.55
2025-01-18 06:51:00,35.91,35.91,35.85,35.87,138.39
2025-01-18 06:52:00,35.87,35.88,35.85,35.85,16.02
2025-01-18 06:53:00,35.85,35.88,35.85,35.88,19.4
2025-01-18 06:54:00,35.89,35.89,35.86,35.86,89.47
2025-01-18 06:55:00,35.85,35.86,35.81,35.81,113.66
2025-01-18 06:56:00,35.81,35.81,35.78,35.78,44.1
2025-01-18 06:57:00,35.76,35.79,35.76,35.79,23.64
2025-01-18 06:58:00,35.8,35.8,35.8,35.8,41.45
2025-01-18 06:59:00,35.8,35.8,35.77,35.77,510.12
2025-01-18 07:00:00,35.75,35.81,35.75,35.8,129.01
2025-01-18 07:01:00,35.81,35.87,35.81,35.85,155.78
2025-01-18 07:02:00,35.85,35.87,35.77,35.77,625.28
2025-01-18 07:03:00,35.75,35.79,35.75,35.77,117.49
2025-01-18 07:04:00,35.75,35.79,35.71,35.71,225.62
2025-01-18 07:05:00,35.72,35.77,35.72,35.77,186.98
2025-01-18 07:06:00,35.78,35.78,35.73,35.74,113.0
2025-01-18 07:07:00,35.74,35.74,35.73,35.74,43.67
2025-01-18 07:08:00,35.75,35.79,35.75,35.79,260.02
2025-01-18 07:09:00,35.76,35.8,35.65,35.65,1705.1
2025-01-18 07:10:00,35.63,35.64,35.6,35.62,274.1
2025-01-18 07:11:00,35.63,35.63,35.58,35.6,63.56
2025-01-18 07:12:00,35.57,35.58,35.56,35.58,39.32
2025-01-18 07:13:00,35.57,35.57,35.51,35.51,59.53
2025-01-18 07:14:00,35.5,35.6,35.5,35.51,217.97
2025-01-18 07:15:00,35.52,35.59,35.52,35.58,141.96
2025-01-18 07:16:00,35.56,35.62,35.54,35.59,405.72
2025-01-18 07:17:00,35.61,35.68,35.61,35.68,136.73
2025-01-18 07:18:00,35.66,35.68,35.64,35.65,241.08
2025-01-18 07:19:00,35.65,35.65,35.59,35.6,53.54
2025-01-18 07:20:00,35.63,35.71,35.63,35.71,111.31
2025-01-18 07:21:00,35.7,35.73,35.68,35.68,201.0
2025-01-18 07:22:00,35.68,35.7,35.68,35.68,61.11
2025-01-18 07:23:00,35.68,35.7,35.68,35.7,74.72
2025-01-18 07:24:00,35.71,35.71,35.71,35.71,52.0
2025-01-18 07:25:00,35.71,35.74,35.71,35.71,387.17
2025-01-18 07:26:00,35.7,35.74,35.7,35.74,3.0
2025-01-18 07:27:00,35.72,35.72,35.66,35.66,9.58
2025-01-18 07:28:00,35.66,35.68,35.66,35.68,57.8
2025-01-18 07:29:00,35.7,35.71,35.7,35.71,2.02
2025-01-18 07:30:00,35.69,35.69,35.67,35.68,192.86
2025-01-18 07:31:00,35.7,35.72,35.68,35.68,499.03
2025-01-18 07:32:00,35.66,35.66,35.66,35.66,8.78
2025-01-18 07:33:00,35.62,35.62,35.6,35.6,53.85
2025-01-18 07:34:00,35.59,35.68,35.59,35.68,118.42
2025-01-18 07:35:00,35.7,35.7,35.7,35.7,0.38
2025-01-18 07:36:00,35.68,35.68,35.67,35.67,1.29
2025-01-18 07:37:00,35.65,35.65,35.64,35.64,26.6
2025-01-18 07:38:00,35.67,35.72,35.67,35.71,583.92
2025-01-18 07:39:00,35.72,35.72,35.68,35.68,88.5
2025-01-18 07:40:00,35.7,35.73,35.7,35.73,81.17
2025-01-18 07:41:00,35.71,35.71,35.67,35.69,38.63
2025-01-18 07:42:00,35.69,35.71,35.69,35.71,23.84
2025-01-18 07:43:00,35.71,35.71,35.66,35.66,489.73
2025-01-18 07:44:00,35.64,35.66,35.64,35.65,22.56
2025-01-18 07:45:00,35.64,35.65,35.64,35.64,31.23
2025-01-18 07:46:00,35.57,35.57,35.52,35.54,444.53
2025-01-18 07:47:00,35.56,35.56,35.48,35.48,206.42
2025-01-18 07:48:00,35.48,35.48,35.44,35.45,67.53
2025-01-18 07:49:00,35.43,35.46,35.4,35.4,75.91
2025-01-18 07:50:00,35.4,35.41,35.37,35.37,73.19
2025-01-18 07:51:00,35.34,35.4,35.34,35.35,84.86
2025-01-18 07:52:00,35.37,35.37,35.34,35.35,115.02
2025-01-18 07:53:00,35.37,35.43,35.37,35.43,53.98
2025-01-18 07:54:00,35.43,35.48,35.43,35.48,259.32
2025-01-18 07:55:00,35.5,35.51,35.5,35.5,7.87
2025-01-18 07:56:00,35.51,35.51,35.47,35.5,142.95
2025-01-18 07:57:00,35.48,35.48,35.46,35.46,34.06
2025-01-18 07:58:00,35.47,35.47,35.47,35.47,14.74
2025-01-18 07:59:00,35.44,35.44,35.43,35.43,14.95
2025-01-18 08:00:00,35.42,35.42,35.29,35.29,237.28
2025-01-18 08:01:00,35.3,35.31,35.28,35.28,118.87
2025-01-18 08:02:00,35.27,35.27,35.22,35.27,614.1
2025-01-18 08:03:00,35.27,35.29,35.19,35.25,1660.98
2025-01-18 08:04:00,35.24,35.24,35.17,35.18,163.9
2025-01-18 08:05:00,35.18,35.25,35.12,35.15,1572.33
2025-01-18 08:06:00,35.13,35.17,35.09,35.12,650.17
2025-01-18 08:07:00,35.1,35.11,35.05,35.05,749.47
2025-01-18 08:08:00,35.05,35.05,34.92,34.94,1989.28
2025-01-18 08:09:00,34.95,35.05,34.92,34.98,515.79
2025-01-18 08:10:00,34.95,35.07,34.92,35.01,216.46
2025-01-18 08:11:00,35.04,35.22,35.04,35.22,235.85
2025-01-18 08:12:00,35.23,35.26,35.18,35.2,132.56
2025-01-18 08:13:00,35.2,35.28,35.2,35.28,21.14
2025-01-18 08:14:00,35.28,35.28,35.19,35.27,109.11
2025-01-18 08:15:00,35.27,35.33,35.25,35.3,179.18
2025-01-18 08:16:00,35.29,35.38,35.28,35.38,379.61
2025-01-18 08:17:00,35.37,35.39,35.28,35.28,605.17
2025-01-18 08:18:00,35.23,35.24,35.19,35.19,82.78
2025-01-18 08:19:00,35.18,35.2,35.15,35.18,207.04
2025-01-18 08:20:00,35.16,35.16,35.05,35.09,363.65
2025-01-18 08:21:00,35.08,35.14,35.06,35.06,666.9
2025-01-18 08:22:00,35.09,35.1,35.04,35.04,625.68
2025-01-18 08:23:00,35.05,35.08,34.99,34.99,72.77
2025-01-18 08:24:00,35.02,35.12,34.99,35.11,480.92
2025-01-18 08:25:00,35.13,35.25,35.12,35.25,105.05
2025-01-18 08:26:00,35.23,35.25,35.2,35.25,613.65
2025-01-18 08:27:00,35.27,35.3,35.27,35.29,26.7
2025-01-18 08:28:00,35.29,35.35,35.26,35.35,1059.24
2025-01-18 08:29:00,35.33,35.34,35.3,35.33,52.15
2025-01-18 08:30:00,35.33,35.37,35.32,35.37,460.98
2025-01-18 08:31:00,35.38,35.38,35.34,35.34,408.98
2025-01-18 08:32:00,35.35,35.35,35.33,35.33,54.13
2025-01-18 08:33:00,35.32,35.38,35.31,35.38,99.01
2025-01-18 08:34:00,35.39,35.4,35.36,35.37,1253.82
2025-01-18 08:35:00,35.36,35.4,35.36,35.4,1940.37
2025-01-18 08:36:00,35.39,35.4,35.35,35.35,800.8
2025-01-18 08:37:00,35.36,35.4,35.35,35.39,1142.16
2025-01-18 08:38:00,35.4,35.51,35.4,35.47,2041.09
2025-01-18 08:39:00,35.46,35.51,35.45,35.5,150.92
2025-01-18 08:40:00,35.51,35.53,35.49,35.5,145.96
2025-01-18 08:41:00,35.5,35.55,35.5,35.54,56.34
2025-01-18 08:42:00,35.54,35.54,35.49,35.51,117.14
2025-01-18 08:43:00,35.53,35.57,35.53,35.55,127.4
2025-01-18 08:44:00,35.55,35.57,35.54,35.55,21.57
2025-01-18 08:45:00,35.55,35.56,35.53,35.53,336.52
2025-01-18 08:46:00,35.53,35.54,35.52,35.54,127.82
2025-01-18 08:47:00,35.56,35.58,35.55,35.57,43.25
2025-01-18 08:48:00,35.58,35.62,35.58,35.62,192.92
2025-01-18 08:49:00,35.63,35.64,35.6,35.62,66.28
2025-01-18 08:50:00,35.64,35.64,35.57,35.57,79.91
2025-01-18 08:51:00,35.55,35.55,35.55,35.55,66.89
2025-01-18 08:52:00,35.56,35.59,35.55,35.59,174.1
2025-01-18 08:53:00,35.6,35.63,35.6,35.63,120.18
2025-01-18 08:54:00,35.63,35.66,35.63,35.66,73.91
2025-01-18 08:55:00,35.64,35.64,35.62,35.63,26.92
2025-01-18 08:56:00,35.63,35.66,35.63,35.66,159.75
2025-01-18 08:57:00,35.64,35.64,35.62,35.62,54.92
2025-01-18 08:58:00,35.61,35.62,35.59,35.59,388.15
2025-01-18 08:59:00,35.58,35.62,35.57,35.62,105.33
2025-01-18 09:00:00,35.6,35.6,35.57,35.59,17.3
2025-01-18 09:01:00,35.6,35.64,35.6,35.64,70.75
2025-01-18 09:02:00,35.64,35.68,35.64,35.68,211.65
2025-01-18 09:03:00,35.68,35.7,35.66,35.7,135.44
2025-01-18 09:04:00,35.69,35.71,35.66,35.68,149.26
2025-01-18 09:05:00,35.68,35.68,35.64,35.65,88.01
2025-01-18 09:06:00,35.64,35.64,35.61,35.62,81.19
2025-01-18 09:07:00,35.62,35.62,35.59,35.59,109.96
2025-01-18 09:08:00,35.58,35.58,35.55,35.55,60.87
2025-01-18 09:09:00,35.55,35.55,35.53,35.54,99.27
2025-01-18 09:10:00,35.5,35.5,35.45,35.5,461.7
2025-01-18 09:11:00,35.5,35.5,35.46,35.49,138.84
2025-01-18 09:12:00,35.49,35.49,35.44,35.46,90.67
2025-01-18 09:13:00,35.46,35.47,35.45,35.47,25.23
2025-01-18 09:14:00,35.48,35.49,35.44,35.49,130.22
2025-01-18 09:15:00,35.51,35.53,35.45,35.45,284.1
2025-01-18 09:16:00,35.47,35.52,35.47,35.52,18.81
2025-01-18 09:17:00,35.54,35.54,35.52,35.52,28.76
2025-01-18 09:18:00,35.49,35.53,35.49,35.52,147.22
2025-01-18 09:19:00,35.51,35.56,35.51,35.56,67.67
2025-01-18 09:20:00,35.55,35.56,35.44,35.47,1440.91
2025-01-18 09:21:00,35.46,35.46,35.39,35.42,100.24
2025-01-18 09:22:00,35.41,35.41,35.37,35.38,112.58
2025-01-18 09:23:00,35.37,35.37,35.32,35.34,149.44
2025-01-18 09:24:00,35.35,35.35,35.33,35.34,4.68
2025-01-18 09:25:00,35.34,35.38,35.34,35.38,31.28
2025-01-18 09:26:00,35.39,35.46,35.39,35.46,135.57
2025-01-18 09:27:00,35.46,35.46,35.43,35.44,21.65
2025-01-18 09:28:00,35.43,35.43,35.42,35.42,8.5
2025-01-18 09:29:00,35.42,35.42,35.42,35.42,0.8
2025-01-18 09:30:00,35.41,35.42,35.35,35.35,172.68
2025-01-18 09:31:00,35.35,35.37,35.34,35.36,24.57
2025-01-18 09:32:00,35.37,35.37,35.27,35.27,257.51
2025-01-18 09:33:00,35.26,35.31,35.25,35.31,589.01
2025-01-18 09:34:00,35.27,35.28,35.26,35.27,149.35
2025-01-18 09:35:00,35.27,35.27,35.23,35.24,46.6
2025-01-18 09:36:00,35.26,35.26,35.22,35.24,68.18
2025-01-18 09:37:00,35.2,35.27,35.2,35.27,13.19
2025-01-18 09:38:00,35.25,35.25,35.2,35.2,471.87
2025-01-18 09:39:00,35.19,35.19,35.13,35.15,245.78
2025-01-18 09:40:00,35.15,35.18,35.15,35.16,64.1
2025-01-18 09:41:00,35.2,35.21,35.19,35.19,75.31
2025-01-18 09:42:00,35.18,35.18,35.13,35.13,25.3
2025-01-18 09:43:00,35.15,35.17,35.14,35.16,56.68
2025-01-18 09:44:00,35.17,35.22,35.16,35.22,93.13
2025-01-18 09:45:00,35.24,35.27,35.24,35.27,27.78
2025-01-18 09:46:00,35.21,35.24,35.21,35.24,40.94
2025-01-18 09:47:00,35.23,35.25,35.23,35.25,13.18
2025-01-18 09:48:00,35.23,35.24,35.23,35.24,43.78
2025-01-18 09:49:00,35.23,35.27,35.22,35.27,61.62
2025-01-18 09:50:00,35.28,35.3,35.28,35.29,39.0
2025-01-18 09:51:00,35.31,35.35,35.31,35.35,13.54
2025-01-18 09:52:00,35.35,35.42,35.35,35.41,57.05
2025-01-18 09:53:00,35.4,35.4,35.4,35.4,4.4
2025-01-18 09:54:00,35.42,35.44,35.42,35.42,17.5
2025-01-18 09:55:00,35.43,35.43,35.4,35.41,300.27
2025-01-18 09:56:00,35.42,35.43,35.41,35.42,132.82
2025-01-18 09:57:00,35.4,35.4,35.4,35.4,0.53
2025-01-18 09:58:00,35.42,35.45,35.42,35.44,62.97
2025-01-18 09:59:00,35.44,35.44,35.43,35.44,15.88
2025-01-18 10:00:00,35.44,35.45,35.44,35.44,1.5
2025-01-18 10:01:00,35.43,35.43,35.39,35.41,20.02
2025-01-18 10:02:00,35.41,35.46,35.4,35.46,80.49
2025-01-18 10:03:00,35.49,35.54,35.49,35.5,79.44
2025-01-18 10:04:00,35.52,35.58,35.52,35.55,216.54
2025-01-18 10:05:00,35.55,35.55,35.48,35.49,68.3
2025-01-18 10:06:00,35.51,35.56,35.51,35.56,115.9
2025-01-18 10:07:00,35.55,35.57,35.54,35.56,64.6
2025-01-18 10:08:00,35.55,35.57,35.54,35.57,22.43
2025-01-18 10:09:00,35.56,35.56,35.51,35.51,41.11
2025-01-18 10:10:00,35.49,35.49,35.43,35.44,359.08
2025-01-18 10:11:00,35.42,35.42,35.38,35.38,51.93
2025-01-18 10:12:00,35.39,35.4,35.36,35.4,188.9
2025-01-18 10:13:00,35.39,35.39,35.27,35.27,268.74
2025-01-18 10:14:00,35.27,35.35,35.27,35.31,750.08
2025-01-18 10:15:00,35.29,35.41,35.29,35.4,61.53
2025-01-18 10:16:00,35.44,35.44,35.38,35.42,174.15
2025-01-18 10:17:00,35.44,35.48,35.42,35.45,76.91
2025-01-18 10:18:00,35.47,35.47,35.45,35.45,29.05
2025-01-18 10:19:00,35.41,35.41,35.37,35.37,20.44
2025-01-18 10:20:00,35.34,35.34,35.27,35.27,301.42
2025-01-18 10:21:00,35.27,35.3,35.23,35.28,575.24
2025-01-18 10:22:00,35.28,35.28,35.2,35.22,74.19
2025-01-18 10:23:00,35.22,35.3,35.22,35.28,144.45
2025-01-18 10:24:00,35.29,35.3,35.25,35.29,52.2
2025-01-18 10:25:00,35.3,35.41,35.3,35.37,250.92
2025-01-18 10:26:00,35.4,35.41,35.37,35.37,229.2
2025-01-18 10:27:00,35.38,35.45,35.38,35.43,739.46
2025-01-18 10:28:00,35.4,35.44,35.39,35.44,485.05
2025-01-18 10:29:00,35.43,35.45,35.4,35.45,97.33
2025-01-18 10:30:00,35.45,35.45,35.4,35.44,258.79
2025-01-18 10:31:00,35.42,35.43,35.36,35.36,178.94
2025-01-18 10:32:00,35.42,35.44,35.4,35.4,111.23
2025-01-18 10:33:00,35.4,35.41,35.35,35.37,133.29
2025-01-18 10:34:00,35.37,35.45,35.37,35.45,119.04
2025-01-18 10:35:00,35.45,35.49,35.41,35.44,194.94
2025-01-18 10:36:00,35.4,35.41,35.34,35.36,95.04
2025-01-18 10:37:00,35.39,35.39,35.33,35.34,132.72
2025-01-18 10:38:00,35.33,35.34,35.32,35.32,14.94
2025-01-18 10:39:00,35.31,35.33,35.28,35.29,450.99
2025-01-18 10:40:00,35.29,35.36,35.27,35.33,526.33
2025-01-18 10:41:00,35.32,35.36,35.28,35.28,425.88
2025-01-18 10:42:00,35.31,35.39,35.3,35.38,445.04
2025-01-18 10:43:00,35.4,35.4,35.33,35.33,162.09
2025-01-18 10:44:00,35.33,35.36,35.33,35.34,202.24
2025-01-18 10:45:00,35.31,35.31,35.21,35.23,312.98
2025-01-18 10:46:00,35.23,35.27,35.19,35.25,295.1
2025-01-18 10:47:00,35.24,35.25,35.23,35.23,35.3
2025-01-18 10:48:00,35.25,35.33,35.25,35.32,542.53
2025-01-18 10:49:00,35.32,35.4,35.3,35.39,147.21
2025-01-18 10:50:00,35.4,35.44,35.37,35.44,222.8
2025-01-18 10:51:00,35.45,35.49,35.43,35.48,164.53
2025-01-18 10:52:00,35.47,35.48,35.43,35.45,192.82
2025-01-18 10:53:00,35.45,35.46,35.41,35.46,69.9
2025-01-18 10:54:00,35.45,35.5,35.45,35.5,75.93
2025-01-18 10:55:00,35.51,35.52,35.49,35.5,151.37
2025-01-18 10:56:00,35.49,35.49,35.44,35.45,46.28
2025-01-18 10:57:00,35.48,35.52,35.48,35.5,243.01
2025-01-18 10:58:00,35.49,35.51,35.47,35.47,43.1
2025-01-18 10:59:00,35.47,35.49,35.44,35.44,68.33
2025-01-18 11:00:00,35.43,35.45,35.39,35.45,125.67
2025-01-18 11:01:00,35.45,35.49,35.43,35.48,220.07
2025-01-18 11:02:00,35.5,35.58,35.5,35.55,545.75
2025-01-18 11:03:00,35.58,35.59,35.52,35.52,143.91
2025-01-18 11:04:00,35.52,35.55,35.5,35.55,69.34
2025-01-18 11:05:00,35.54,35.54,35.43,35.51,189.26
2025-01-18 11:06:00,35.51,35.51,35.41,35.41,171.61
2025-01-18 11:07:00,35.39,35.4,35.35,35.36,133.81
2025-01-18 11:08:00,35.36,35.36,35.3,35.31,1474.83
2025-01-18 11:09:00,35.31,35.42,35.31,35.4,355.02
2025-01-18 11:10:00,35.42,35.45,35.39,35.39,474.5
2025-01-18 11:11:00,35.37,35.45,35.37,35.43,114.55
2025-01-18 11:12:00,35.41,35.44,35.4,35.44,35.08
2025-01-18 11:13:00,35.46,35.48,35.44,35.44,49.55
2025-01-18 11:14:00,35.46,35.46,35.4,35.42,89.17
2025-01-18 11:15:00,35.45,35.48,35.44,35.48,120.61
2025-01-18 11:16:00,35.45,35.47,35.42,35.44,37.48
2025-01-18 11:17:00,35.44,35.54,35.44,35.54,66.44
2025-01-18 11:18:00,35.57,35.57,35.49,35.49,78.82
2025-01-18 11:19:00,35.51,35.52,35.5,35.52,62.32
2025-01-18 11:20:00,35.54,35.54,35.52,35.54,100.98
2025-01-18 11:21:00,35.53,35.58,35.53,35.58,38.48
2025-01-18 11:22:00,35.6,35.65,35.59,35.63,121.25
2025-01-18 11:23:00,35.59,35.64,35.59,35.64,146.53
2025-01-18 11:24:00,35.63,35.7,35.63,35.7,136.09
2025-01-18 11:25:00,35.7,35.8,35.69,35.8,355.74
2025-01-18 11:26:00,35.79,35.79,35.76,35.79,16.96
2025-01-18 11:27:00,35.78,35.78,35.73,35.76,72.37
2025-01-18 11:28:00,35.76,35.79,35.76,35.79,100.77
2025-01-18 11:29:00,35.79,35.81,35.77,35.78,83.49
2025-01-18 11:30:00,35.78,35.78,35.66,35.67,348.5
2025-01-18 11:31:00,35.65,35.67,35.64,35.66,67.64
2025-01-18 11:32:00,35.64,35.66,35.62,35.66,70.82
2025-01-18 11:33:00,35.68,35.73,35.67,35.73,72.33
2025-01-18 11:34:00,35.73,35.74,35.7,35.7,171.35
2025-01-18 11:35:00,35.71,35.73,35.7,35.71,61.0
2025-01-18 11:36:00,35.67,35.76,35.67,35.76,48.78
2025-01-18 11:37:00,35.76,35.83,35.75,35.82,173.4
2025-01-18 11:38:00,35.83,35.86,35.82,35.86,91.46
2025-01-18 11:39:00,35.85,35.86,35.83,35.84,292.06
2025-01-18 11:40:00,35.84,35.84,35.82,35.84,117.17
2025-01-18 11:41:00,35.84,36.02,35.82,36.0,621.33
2025-01-18 11:42:00,35.99,36.03,35.99,36.03,126.79
2025-01-18 11:43:00,36.03,36.1,36.02,36.1,138.9
2025-01-18 11:44:00,36.08,36.12,36.08,36.08,68.28
2025-01-18 11:45:00,36.06,36.09,36.0,36.05,996.44
2025-01-18 11:46:00,36.04,36.13,36.01,36.13,1077.11
2025-01-18 11:47:00,36.12,36.12,36.09,36.09,90.51
2025-01-18 11:48:00,36.09,36.09,36.06,36.06,101.06
2025-01-18 11:49:00,36.04,36.06,36.04,36.05,39.34
2025-01-18 11:50:00,36.03,36.08,36.03,36.03,528.97
2025-01-18 11:51:00,36.03,36.05,36.0,36.05,410.09
2025-01-18 11:52:00,36.04,36.05,35.97,35.98,55.2
2025-01-18 11:53:00,35.98,36.02,35.97,36.02,309.61
2025-01-18 11:54:00,36.01,36.05,36.0,36.04,22.89
2025-01-18 11:55:00,36.06,36.09,36.05,36.08,115.55
2025-01-18 11:56:00,36.08,36.11,36.07,36.1,173.96
2025-01-18 11:57:00,36.09,36.14,36.08,36.14,97.84
2025-01-18 11:58:00,36.12,36.12,36.06,36.06,160.45
2025-01-18 11:59:00,36.07,36.08,36.07,36.08,11.81
2025-01-18 12:00:00,36.09,36.09,36.03,36.07,322.98
2025-01-18 12:01:00,36.07,36.07,36.01,36.01,131.06
2025-01-18 12:02:00,35.97,36.04,35.97,36.04,168.52
2025-01-18 12:03:00,36.05,36.07,36.04,36.07,1.76
2025-01-18 12:04:00,36.08,36.14,36.08,36.13,99.77
2025-01-18 12:05:00,36.15,36.18,36.15,36.18,89.76
2025-01-18 12:06:00,36.18,36.19,36.13,36.15,55.42
2025-01-18 12:07:00,36.16,36.16,36.07,36.1,663.74
2025-01-18 12:08:00,36.07,36.15,36.07,36.11,607.3
2025-01-18 12:09:00,36.11,36.11,36.06,36.08,72.78
2025-01-18 12:10:00,36.06,36.11,36.06,36.1,67.29
2025-01-18 12:11:00,36.11,36.11,36.04,36.04,155.64
2025-01-18 12:12:00,36.06,36.08,36.05,36.05,253.23
2025-01-18 12:13:00,36.04,36.07,36.03,36.07,50.32
2025-01-18 12:14:00,36.07,36.08,36.04,36.05,41.03
2025-01-18 12:15:00,36.05,36.08,36.04,36.04,35.05
2025-01-18 12:16:00,36.05,36.06,36.04,36.06,42.34
2025-01-18 12:17:00,36.06,36.08,36.04,36.04,30.93
2025-01-18 12:18:00,36.03,36.06,36.03,36.06,32.2
2025-01-18 12:19:00,36.03,36.04,36.02,36.04,70.58
2025-01-18 12:20:00,36.05,36.05,36.01,36.02,32.73
2025-01-18 12:21:00,36.04,36.11,36.04,36.08,270.33
2025-01-18 12:22:00,36.06,36.06,36.05,36.06,55.61
2025-01-18 12:23:00,36.05,36.07,36.04,36.07,56.37
2025-01-18 12:24:00,36.08,36.1,36.08,36.1,51.45
2025-01-18 12:25:00,36.07,36.07,36.04,36.05,7.4
2025-01-18 12:26:00,36.05,36.05,36.0,36.04,94.92
2025-01-18 12:27:00,36.04,36.04,35.97,35.98,388.41
2025-01-18 12:28:00,35.99,35.99,35.98,35.99,12.39
2025-01-18 12:29:00,35.99,36.02,35.99,36.0,20.37
2025-01-18 12:30:00,36.01,36.02,36.0,36.0,170.03
2025-01-18 12:31:00,35.98,35.99,35.93,35.93,182.86
2025-01-18 12:32:00,35.93,35.94,35.92,35.94,63.52
2025-01-18 12:33:00,35.92,35.93,35.9,35.91,59.38
2025-01-18 12:34:00,35.91,35.91,35.84,35.84,207.35
2025-01-18 12:35:00,35.83,35.83,35.79,35.83,300.18
2025-01-18 12:36:00,35.81,35.82,35.8,35.81,31.67
2025-01-18 12:37:00,35.81,35.85,35.81,35.85,111.43
2025-01-18 12:38:00,35.84,35.84,35.81,35.81,7.45
2025-01-18 12:39:00,35.79,35.83,35.76,35.81,541.43
2025-01-18 12:40:00,35.86,35.89,35.86,35.88,5.6
2025-01-18 12:41:00,35.91,35.92,35.88,35.88,72.54
2025-01-18 12:42:00,35.87,35.87,35.86,35.86,23.47
2025-01-18 12:43:00,35.84,35.85,35.82,35.85,61.05
2025-01-18 12:44:00,35.85,35.85,35.83,35.83,39.82
2025-01-18 12:45:00,35.83,35.86,35.82,35.86,37.89
2025-01-18 12:46:00,35.86,35.86,35.84,35.85,13.41
2025-01-18 12:47:00,35.8,35.81,35.8,35.81,11.64
2025-01-18 12:48:00,35.83,35.86,35.83,35.84,46.33
2025-01-18 12:49:00,35.86,35.86,35.84,35.84,20.44
2025-01-18 12:50:00,35.87,35.91,35.87,35.9,62.37
2025-01-18 12:51:00,35.93,35.93,35.92,35.93,7.98
2025-01-18 12:52:00,35.92,35.92,35.9,35.9,5.22
2025-01-18 12:53:00,35.94,35.95,35.92,35.92,29.52
2025-01-18 12:54:00,35.91,35.91,35.9,35.9,28.27
2025-01-18 12:55:00,35.9,35.92,35.89,35.91,9.9
2025-01-18 12:56:00,35.93,35.93,35.92,35.92,8.22
2025-01-18 12:57:00,35.95,35.95,35.92,35.92,2.93
2025-01-18 12:58:00,35.92,35.92,35.91,35.91,38.22
2025-01-18 12:59:00,35.92,35.95,35.92,35.94,30.24
2025-01-18 13:00:00,35.94,35.99,35.94,35.98,43.44
2025-01-18 13:01:00,35.99,36.11,35.99,36.11,83.2
2025-01-18 13:02:00,36.12,36.12,36.07,36.09,138.05
2025-01-18 13:03:00,36.05,36.05,36.04,36.04,1.58
2025-01-18 13:04:00,36.0,36.0,35.97,35.97,37.51
2025-01-18 13:05:00,35.96,35.96,35.86,35.86,104.82
2025-01-18 13:06:00,35.86,35.87,35.84,35.85,42.46
2025-01-18 13:07:00,35.87,35.87,35.82,35.85,27.24
2025-01-18 13:08:00,35.83,35.84,35.71,35.77,852.45
2025-01-18 13:09:00,35.77,35.77,35.71,35.73,33.93
2025-01-18 13:10:00,35.73,35.77,35.7,35.77,182.92
2025-01-18 13:11:00,35.79,35.84,35.79,35.81,93.16
2025-01-18 13:12:00,35.79,35.79,35.76,35.79,134.87
2025-01-18 13:13:00,35.79,35.79,35.77,35.77,82.47
2025-01-18 13:14:00,35.77,35.77,35.77,35.77,0.0
2025-01-18 13:15:00,35.8,35.8,35.69,35.69,65.57
2025-01-18 13:16:00,35.72,35.73,35.72,35.73,11.42
2025-01-18 13:17:00,35.75,35.77,35.75,35.75,59.75
2025-01-18 13:18:00,35.77,35.82,35.77,35.81,95.56
2025-01-18 13:19:00,35.8,35.8,35.79,35.79,5.65
2025-01-18 13:20:00,35.79,35.82,35.78,35.82,127.26
2025-01-18 13:21:00,35.87,35.88,35.84,35.86,43.44
2025-01-18 13:22:00,35.86,35.86,35.86,35.86,15.86
2025-01-18 13:23:00,35.85,35.85,35.82,35.82,21.47
2025-01-18 13:24:00,35.84,35.86,35.84,35.86,39.96
2025-01-18 13:25:00,35.86,35.93,35.86,35.93,161.03
2025-01-18 13:26:00,35.91,35.91,35.88,35.88,28.85
2025-01-18 13:27:00,35.89,35.9,35.89,35.9,3.45
2025-01-18 13:28:00,35.9,35.92,35.9,35.92,0.58
2025-01-18 13:29:00,35.92,35.92,35.9,35.9,10.58
2025-01-18 13:30:00,35.91,35.91,35.86,35.88,45.11
2025-01-18 13:31:00,35.87,35.98,35.87,35.98,137.65
2025-01-18 13:32:00,35.97,36.11,35.97,36.05,1057.83
2025-01-18 13:33:00,36.05,36.1,36.05,36.1,42.35
2025-01-18 13:34:00,36.04,36.07,36.04,36.07,36.14
2025-01-18 13:35:00,36.09,36.13,36.09,36.12,139.87
2025-01-18 13:36:00,36.12,36.17,36.1,36.12,144.38
2025-01-18 13:37:00,36.11,36.13,36.09,36.12,299.08
2025-01-18 13:38:00,36.11,36.15,36.06,36.06,374.85
2025-01-18 13:39:00,36.06,36.12,36.06,36.12,51.21
2025-01-18 13:40:00,36.09,36.14,36.08,36.14,161.68
2025-01-18 13:41:00,36.15,36.15,36.1,36.1,109.11
2025-01-18 13:42:00,36.11,36.13,36.1,36.12,101.83
2025-01-18 13:43:00,36.14,36.17,36.12,36.15,202.48
2025-01-18 13:44:00,36.16,36.17,36.16,36.16,9.91
2025-01-18 13:45:00,36.17,36.22,36.16,36.2,174.51
2025-01-18 13:46:00,36.21,36.24,36.21,36.23,106.65
2025-01-18 13:47:00,36.21,36.21,36.15,36.17,82.37
2025-01-18 13:48:00,36.17,36.18,36.15,36.18,323.13
2025-01-18 13:49:00,36.19,36.2,36.17,36.17,92.02
2025-01-18 13:50:00,36.16,36.18,36.11,36.14,193.74
2025-01-18 13:51:00,36.15,36.17,36.14,36.14,142.68
2025-01-18 13:52:00,36.14,36.14,36.08,36.11,134.84
2025-01-18 13:53:00,36.11,36.11,36.07,36.11,24.73
2025-01-18 13:54:00,36.11,36.12,36.11,36.12,32.57
2025-01-18 13:55:00,36.1,36.12,36.09,36.12,47.63
2025-01-18 13:56:00,36.12,36.17,36.12,36.17,78.64
2025-01-18 13:57:00,36.19,36.27,36.19,36.27,194.39
2025-01-18 13:58:00,36.26,36.29,36.26,36.27,94.82
2025-01-18 13:59:00,36.28,36.3,36.27,36.3,136.96
2025-01-18 14:00:00,36.29,36.33,36.22,36.29,1307.93
2025-01-18 14:01:00,36.24,36.32,36.24,36.29,185.49
2025-01-18 14:02:00,36.28,36.28,36.25,36.25,29.66
2025-01-18 14:03:00,36.3,36.3,36.22,36.22,8.84
2025-01-18 14:04:00,36.25,36.25,36.21,36.23,37.05
2025-01-18 14:05:00,36.21,36.3,36.21,36.23,991.85
2025-01-18 14:06:00,36.26,36.26,36.26,36.26,20.22
2025-01-18 14:07:00,36.26,36.27,36.18,36.18,128.05
2025-01-18 14:08:00,36.18,36.18,36.13,36.13,20.72
2025-01-18 14:09:00,36.13,36.14,36.1,36.13,110.68
2025-01-18 14:10:00,36.1,36.14,36.08,36.14,278.37
2025-01-18 14:11:00,36.14,36.14,36.09,36.13,241.63
2025-01-18 14:12:00,36.12,36.12,36.11,36.11,22.31
2025-01-18 14:13:00,36.11,36.11,36.09,36.1,25.5
2025-01-18 14:14:00,36.09,36.1,36.07,36.1,5.89
2025-01-18 14:15:00,36.08,36.08,36.06,36.06,47.1
2025-01-18 14:16:00,36.05,36.05,36.0,36.01,57.18
2025-01-18 14:17:00,36.08,36.08,36.08,36.08,3.69
2025-01-18 14:18:00,36.09,36.09,36.07,36.07,1.09
2025-01-18 14:19:00,36.06,36.11,36.06,36.09,196.66
2025-01-18 14:20:00,36.12,36.12,36.07,36.07,24.85
2025-01-18 14:21:00,36.06,36.06,36.04,36.04,101.03
2025-01-18 14:22:00,36.06,36.07,36.05,36.07,71.59
2025-01-18 14:23:00,36.1,36.15,36.09,36.15,66.74
2025-01-18 14:24:00,36.13,36.13,36.0,36.0,700.5
2025-01-18 14:25:00,36.0,36.0,35.87,35.87,380.0
2025-01-18 14:26:00,35.9,35.9,35.83,35.89,486.17
2025-01-18 14:27:00,35.87,35.87,35.83,35.83,210.26
2025-01-18 14:28:00,35.82,35.82,35.79,35.79,77.19
2025-01-18 14:29:00,35.8,35.81,35.79,35.79,81.04
2025-01-18 14:30:00,35.81,35.82,35.78,35.82,122.7
2025-01-18 14:31:00,35.82,35.82,35.76,35.76,105.63
2025-01-18 14:32:00,35.77,35.77,35.74,35.75,4.35
2025-01-18 14:33:00,35.74,35.76,35.72,35.73,110.16
2025-01-18 14:34:00,35.72,35.72,35.64,35.64,208.81
2025-01-18 14:35:00,35.64,35.64,35.58,35.59,261.21
2025-01-18 14:36:00,35.61,35.62,35.56,35.56,118.73
2025-01-18 14:37:00,35.58,35.62,35.56,35.61,52.71
2025-01-18 14:38:00,35.61,35.61,35.56,35.57,66.86
2025-01-18 14:39:00,35.55,35.55,35.52,35.53,515.19
2025-01-18 14:40:00,35.53,35.59,35.52,35.56,20.22
2025-01-18 14:41:00,35.55,35.61,35.55,35.58,241.03
2025-01-18 14:42:00,35.58,35.58,35.57,35.58,12.71
2025-01-18 14:43:00,35.58,35.58,35.53,35.56,83.38
2025-01-18 14:44:00,35.56,35.57,35.55,35.57,4.48
2025-01-18 14:45:00,35.54,35.61,35.54,35.6,142.31
2025-01-18 14:46:00,35.6,35.66,35.6,35.66,58.23
2025-01-18 14:47:00,35.67,35.68,35.66,35.68,52.67
2025-01-18 14:48:00,35.68,35.68,35.67,35.67,51.77
2025-01-18 14:49:00,35.71,35.73,35.71,35.72,43.98
2025-01-18 14:50:00,35.68,35.68,35.66,35.67,54.6
2025-01-18 14:51:00,35.63,35.64,35.59,35.59,88.82
2025-01-18 14:52:00,35.59,35.59,35.56,35.56,57.92
2025-01-18 14:53:00,35.54,35.54,35.5,35.53,48.47
2025-01-18 14:54:00,35.53,35.58,35.53,35.58,30.0
2025-01-18 14:55:00,35.61,35.61,35.57,35.59,130.5
2025-01-18 14:56:00,35.56,35.56,35.5,35.5,77.57
2025-01-18 14:57:00,35.51,35.54,35.51,35.54,97.97
2025-01-18 14:58:00,35.55,35.55,35.55,35.55,1.31
2025-01-18 14:59:00,35.55,35.57,35.53,35.53,30.67
2025-01-18 15:00:00,35.52,35.54,35.46,35.46,177.28
2025-01-18 15:01:00,35.46,35.46,35.36,35.36,247.01
2025-01-18 15:02:00,35.36,35.38,35.29,35.29,196.07
2025-01-18 15:03:00,35.31,35.31,35.28,35.31,66.86
2025-01-18 15:04:00,35.3,35.35,35.28,35.29,105.83
2025-01-18 15:05:00,35.27,35.38,35.27,35.37,50.23
2025-01-18 15:06:00,35.39,35.41,35.35,35.35,96.36
2025-01-18 15:07:00,35.36,35.37,35.33,35.33,41.14
2025-01-18 15:08:00,35.32,35.43,35.32,35.43,49.92
2025-01-18 15:09:00,35.44,35.44,35.38,35.38,335.84
2025-01-18 15:10:00,35.38,35.43,35.36,35.42,129.84
2025-01-18 15:11:00,35.45,35.5,35.45,35.48,251.36
2025-01-18 15:12:00,35.48,35.48,35.45,35.48,106.38
2025-01-18 15:13:00,35.52,35.52,35.52,35.52,0.2
2025-01-18 15:14:00,35.5,35.52,35.5,35.51,83.55
2025-01-18 15:15:00,35.52,35.53,35.52,35.52,7.91
2025-01-18 15:16:00,35.53,35.54,35.51,35.54,503.88
2025-01-18 15:17:00,35.54,35.63,35.54,35.58,156.81
2025-01-18 15:18:00,35.59,35.59,35.55,35.56,287.14
2025-01-18 15:19:00,35.55,35.63,35.5,35.62,1537.0
2025-01-18 15:20:00,35.63,35.75,35.63,35.69,428.4
2025-01-18 15:21:00,35.66,35.68,35.63,35.67,337.37
2025-01-18 15:22:00,35.66,35.66,35.58,35.6,1286.82
2025-01-18 15:23:00,35.59,35.61,35.53,35.53,408.59
2025-01-18 15:24:00,35.55,35.59,35.55,35.58,105.95
2025-01-18 15:25:00,35.6,35.66,35.6,35.61,413.65
2025-01-18 15:26:00,35.6,35.66,35.6,35.66,77.92
2025-01-18 15:27:00,35.64,35.64,35.63,35.64,49.3
2025-01-18 15:28:00,35.65,35.7,35.65,35.7,71.24
2025-01-18 15:29:00,35.7,35.7,35.62,35.62,102.3
2025-01-18 15:30:00,35.61,35.66,35.6,35.61,165.13
2025-01-18 15:31:00,35.59,35.59,35.54,35.54,40.19
2025-01-18 15:32:00,35.58,35.61,35.58,35.61,14.4
2025-01-18 15:33:00,35.63,35.69,35.61,35.68,184.63
2025-01-18 15:34:00,35.68,35.75,35.68,35.73,280.53
2025-01-18 15:35:00,35.75,35.78,35.71,35.78,301.56
2025-01-18 15:36:00,35.76,35.81,35.76,35.8,863.96
2025-01-18 15:37:00,35.79,35.83,35.79,35.82,131.51
2025-01-18 15:38:00,35.8,35.8,35.78,35.78,12.88
2025-01-18 15:39:00,35.79,35.79,35.73,35.74,83.1
2025-01-18 15:40:00,35.71,35.73,35.64,35.65,203.83
2025-01-18 15:41:00,35.64,35.72,35.64,35.72,294.58
2025-01-18 15:42:00,35.68,35.69,35.64,35.64,75.78
2025-01-18 15:43:00,35.64,35.71,35.64,35.68,124.44
2025-01-18 15:44:00,35.65,35.71,35.65,35.71,736.02
2025-01-18 15:45:00,35.72,35.72,35.58,35.65,242.94
2025-01-18 15:46:00,35.64,35.64,35.64,35.64,2.0
2025-01-18 15:47:00,35.65,35.65,35.57,35.57,64.71
2025-01-18 15:48:00,35.57,35.6,35.52,35.55,165.84
2025-01-18 15:49:00,35.53,35.56,35.48,35.52,134.67
2025-01-18 15:50:00,35.52,35.53,35.47,35.51,326.71
2025-01-18 15:51:00,35.52,35.53,35.49,35.49,23.46
2025-01-18 15:52:00,35.5,35.51,35.46,35.46,296.09
2025-01-18 15:53:00,35.47,35.51,35.42,35.5,236.51
2025-01-18 15:54:00,35.52,35.55,35.51,35.51,72.94
2025-01-18 15:55:00,35.48,35.5,35.44,35.45,38.69
2025-01-18 15:56:00,35.44,35.44,35.41,35.43,108.5
2025-01-18 15:57:00,35.45,35.46,35.4,35.41,251.72
2025-01-18 15:58:00,35.39,35.4,35.37,35.37,126.31
2025-01-18 15:59:00,35.38,35.38,35.32,35.33,177.91
2025-01-18 16:00:00,35.34,35.44,35.34,35.41,564.63
2025-01-18 16:01:00,35.41,35.45,35.41,35.41,17.09
2025-01-18 16:02:00,35.39,35.39,35.24,35.28,448.69
2025-01-18 16:03:00,35.27,35.4,35.23,35.4,251.27
2025-01-18 16:04:00,35.38,35.49,35.38,35.42,175.87
2025-01-18 16:05:00,35.46,35.47,35.4,35.42,93.67
2025-01-18 16:06:00,35.41,35.48,35.4,35.43,357.67
2025-01-18 16:07:00,35.42,35.42,35.29,35.35,572.21
2025-01-18 16:08:00,35.35,35.38,35.26,35.37,336.94
2025-01-18 16:09:00,35.39,35.41,35.24,35.24,209.83
2025-01-18 16:10:00,35.25,35.25,35.15,35.19,320.46
2025-01-18 16:11:00,35.19,35.22,35.14,35.18,80.53
2025-01-18 16:12:00,35.14,35.15,35.08,35.15,197.05
2025-01-18 16:13:00,35.13,35.16,35.08,35.08,152.7
2025-01-18 16:14:00,35.06,35.25,35.05,35.18,428.95
2025-01-18 16:15:00,35.16,35.16,35.12,35.12,3.23
2025-01-18 16:16:00,35.11,35.11,34.97,34.98,1176.21
2025-01-18 16:17:00,34.96,34.97,34.87,34.92,898.51
2025-01-18 16:18:00,34.92,34.93,34.85,34.85,276.63
2025-01-18 16:19:00,34.85,35.07,34.85,35.0,627.69
2025-01-18 16:20:00,35.02,35.05,34.92,34.97,184.25
2025-01-18 16:21:00,34.99,35.14,34.99,35.09,279.96
2025-01-18 16:22:00,35.13,35.17,35.13,35.15,86.65
2025-01-18 16:23:00,35.12,35.23,35.12,35.23,347.54
2025-01-18 16:24:00,35.23,35.26,35.21,35.22,510.62
2025-01-18 16:25:00,35.24,35.24,35.16,35.22,200.46
2025-01-18 16:26:00,35.22,35.22,35.14,35.19,245.28
2025-01-18 16:27:00,35.22,35.24,35.17,35.17,116.45
2025-01-18 16:28:00,35.17,35.21,35.15,35.2,228.37
2025-01-18 16:29:00,35.2,35.2,35.16,35.19,59.31
2025-01-18 16:30:00,35.15,35.22,35.14,35.22,80.34
2025-01-18 16:31:00,35.22,35.29,35.22,35.29,479.22
2025-01-18 16:32:00,35.29,35.33,35.29,35.3,63.1
2025-01-18 16:33:00,35.32,35.36,35.32,35.35,75.48
2025-01-18 16:34:00,35.36,35.36,35.29,35.29,396.57
2025-01-18 16:35:00,35.28,35.28,35.21,35.21,209.83
2025-01-18 16:36:00,35.2,35.2,35.13,35.14,104.13
2025-01-18 16:37:00,35.19,35.19,35.14,35.14,107.93
2025-01-18 16:38:00,35.14,35.14,35.07,35.07,289.94
2025-01-18 16:39:00,35.06,35.08,34.98,34.98,1782.55
2025-01-18 16:40:00,34.95,35.04,34.92,35.02,462.41
2025-01-18 16:41:00,35.04,35.06,34.98,35.06,500.06
2025-01-18 16:42:00,35.07,35.14,35.06,35.1,505.7
2025-01-18 16:43:00,35.12,35.17,35.11,35.12,475.78
2025-01-18 16:44:00,35.09,35.15,35.08,35.09,380.09
2025-01-18 16:45:00,35.12,35.19,35.08,35.19,194.72
2025-01-18 16:46:00,35.18,35.21,35.12,35.12,200.07
2025-01-18 16:47:00,35.1,35.11,35.08,35.08,191.22
2025-01-18 16:48:00,35.07,35.08,35.01,35.01,210.55
2025-01-18 16:49:00,35.0,35.02,34.96,34.97,43.73
2025-01-18 16:50:00,35.0,35.0,34.94,34.94,55.36
2025-01-18 16:51:00,34.94,34.95,34.92,34.92,39.74
2025-01-18 16:52:00,34.95,34.96,34.87,34.87,233.85
2025-01-18 16:53:00,34.87,34.92,34.87,34.89,574.25
2025-01-18 16:54:00,34.88,34.88,34.8,34.85,577.83
2025-01-18 16:55:00,34.85,35.05,34.85,35.01,781.26
2025-01-18 16:56:00,35.0,35.0,34.94,34.99,438.92
2025-01-18 16:57:00,34.96,34.98,34.92,34.93,107.72
2025-01-18 16:58:00,34.91,34.91,34.88,34.91,37.06
2025-01-18 16:59:00,34.88,34.88,34.79,34.81,366.52
2025-01-18 17:00:00,34.8,34.85,34.78,34.8,261.09
2025-01-18 17:01:00,34.8,34.92,34.78,34.92,325.88
2025-01-18 17:02:00,34.91,35.02,34.9,35.02,56.37
2025-01-18 17:03:00,35.03,35.04,34.99,34.99,21.7
2025-01-18 17:04:00,35.02,35.02,34.98,34.98,193.76
2025-01-18 17:05:00,35.0,35.01,34.94,34.94,11.85
2025-01-18 17:06:00,34.95,35.02,34.95,34.98,238.96
2025-01-18 17:07:00,34.96,34.98,34.95,34.95,104.43
2025-01-18 17:08:00,34.94,34.97,34.89,34.92,139.7
2025-01-18 17:09:00,34.89,34.89,34.81,34.81,49.09
2025-01-18 17:10:00,34.82,34.89,34.81,34.84,193.77
2025-01-18 17:11:00,34.93,34.97,34.93,34.97,34.45
2025-01-18 17:12:00,34.98,35.02,34.97,34.97,194.35
2025-01-18 17:13:00,35.01,35.08,35.0,35.06,149.88
2025-01-18 17:14:00,35.05,35.07,35.04,35.06,241.48
2025-01-18 17:15:00,35.05,35.09,35.01,35.09,82.69
2025-01-18 17:16:00,35.05,35.11,35.0,35.1,169.8
2025-01-18 17:17:00,35.1,35.17,35.1,35.15,81.1
2025-01-18 17:18:00,35.16,35.16,35.08,35.08,134.21
2025-01-18 17:19:00,35.09,35.16,35.09,35.16,40.72
2025-01-18 17:20:00,35.16,35.16,35.04,35.07,70.89
2025-01-18 17:21:00,35.03,35.03,34.98,35.02,218.33
2025-01-18 17:22:00,35.09,35.09,35.07,35.07,27.76
2025-01-18 17:23:00,35.05,35.08,35.02,35.03,68.08
2025-01-18 17:24:00,35.03,35.03,34.98,35.0,63.38
2025-01-18 17:25:00,35.01,35.01,34.94,34.99,73.21
2025-01-18 17:26:00,34.99,35.09,34.99,35.09,99.02
2025-01-18 17:27:00,35.12,35.13,35.08,35.09,179.26
2025-01-18 17:28:00,35.07,35.07,35.02,35.03,46.73
2025-01-18 17:29:00,35.01,35.03,35.0,35.03,25.86
2025-01-18 17:30:00,35.04,35.04,34.94,34.99,56.75
2025-01-18 17:31:00,35.01,35.06,35.0,35.02,231.63
2025-01-18 17:32:00,35.04,35.06,35.0,35.0,113.93
2025-01-18 17:33:00,35.05,35.11,35.05,35.1,91.63
2025-01-18 17:34:00,35.12,35.13,35.12,35.13,3.38
2025-01-18 17:35:00,35.1,35.14,35.06,35.14,93.7
2025-01-18 17:36:00,35.14,35.17,35.1,35.12,83.16
2025-01-18 17:37:00,35.1,35.16,35.1,35.14,241.73
2025-01-18 17:38:00,35.18,35.18,35.1,35.1,15.22
2025-01-18 17:39:00,35.08,35.11,35.06,35.1,60.2
2025-01-18 17:40:00,35.07,35.07,34.99,35.0,171.94
2025-01-18 17:41:00,35.01,35.04,35.01,35.04,110.8
2025-01-18 17:42:00,34.98,34.98,34.95,34.96,29.9
2025-01-18 17:43:00,34.98,34.98,34.9,34.94,61.52
2025-01-18 17:44:00,34.92,34.95,34.9,34.95,49.0
2025-01-18 17:45:00,34.99,35.01,34.99,35.0,8.58
2025-01-18 17:46:00,34.94,34.97,34.92,34.97,9.06
2025-01-18 17:47:00,35.02,35.06,35.01,35.06,154.45
2025-01-18 17:48:00,35.04,35.06,35.04,35.04,10.99
2025-01-18 17:49:00,35.07,35.07,35.01,35.01,64.15
2025-01-18 17:50:00,35.01,35.01,34.98,34.98,51.03
2025-01-18 17:51:00,34.99,35.02,34.96,34.96,10.46
2025-01-18 17:52:00,34.97,34.97,34.95,34.96,43.54
2025-01-18 17:53:00,34.97,34.97,34.93,34.95,49.31
2025-01-18 17:54:00,34.97,34.98,34.93,34.94,47.9
2025-01-18 17:55:00,34.95,35.03,34.95,35.0,165.49
2025-01-18 17:56:00,35.0,35.03,34.99,35.02,68.91
2025-01-18 17:57:00,34.97,34.97,34.95,34.95,40.35
2025-01-18 17:58:00,34.92,34.92,34.84,34.85,158.03
2025-01-18 17:59:00,34.85,34.85,34.82,34.82,5.2
2025-01-18 18:00:00,34.82,34.86,34.81,34.84,200.01
2025-01-18 18:01:00,34.83,34.89,34.83,34.88,222.82
2025-01-18 18:02:00,34.91,34.92,34.9,34.92,80.41
2025-01-18 18:03:00,34.92,34.94,34.86,34.87,311.73
2025-01-18 18:04:00,34.9,34.92,34.89,34.91,56.66
2025-01-18 18:05:00,34.93,35.02,34.93,34.95,796.96
2025-01-18 18:06:00,34.96,34.97,34.88,34.92,128.91
2025-01-18 18:07:00,34.88,34.88,34.86,34.86,6.12
2025-01-18 18:08:00,34.9,34.9,34.86,34.86,46.51
2025-01-18 18:09:00,34.88,34.88,34.79,34.87,214.79
2025-01-18 18:10:00,34.89,34.93,34.89,34.91,204.06
2025-01-18 18:11:00,34.89,34.89,34.87,34.88,61.41
2025-01-18 18:12:00,34.9,34.9,34.85,34.85,55.55
2025-01-18 18:13:00,34.87,34.91,34.86,34.91,24.57
2025-01-18 18:14:00,34.91,34.95,34.91,34.95,26.67
2025-01-18 18:15:00,34.96,34.96,34.93,34.93,106.11
2025-01-18 18:16:00,34.92,34.92,34.9,34.9,27.39
2025-01-18 18:17:00,34.84,34.84,34.78,34.79,190.04
2025-01-18 18:18:00,34.79,34.79,34.69,34.69,210.36
2025-01-18 18:19:00,34.68,34.72,34.67,34.68,353.1
2025-01-18 18:20:00,34.68,34.69,34.65,34.69,223.24
2025-01-18 18:21:00,34.69,34.83,34.68,34.81,143.06
2025-01-18 18:22:00,34.82,34.85,34.79,34.79,65.45
2025-01-18 18:23:00,34.81,34.81,34.8,34.81,59.09
2025-01-18 18:24:00,34.84,34.85,34.84,34.85,23.64
2025-01-18 18:25:00,34.84,34.9,34.83,34.88,176.52
2025-01-18 18:26:00,34.87,34.9,34.87,34.9,365.32
2025-01-18 18:27:00,34.89,34.9,34.86,34.9,254.02
2025-01-18 18:28:00,34.89,34.94,34.89,34.94,25.32
2025-01-18 18:29:00,34.97,34.98,34.91,34.92,285.88
2025-01-18 18:30:00,34.9,34.95,34.89,34.95,69.8
2025-01-18 18:31:00,34.95,34.95,34.93,34.94,243.82
2025-01-18 18:32:00,34.92,35.0,34.91,34.95,209.47
2025-01-18 18:33:00,34.96,34.97,34.94,34.94,6.45
2025-01-18 18:34:00,34.92,34.92,34.88,34.89,1018.73
2025-01-18 18:35:00,34.87,34.93,34.85,34.93,501.45
2025-01-18 18:36:00,34.95,34.96,34.93,34.93,181.7
2025-01-18 18:37:00,34.93,34.96,34.93,34.96,20.66
2025-01-18 18:38:00,34.96,34.99,34.96,34.96,215.85
2025-01-18 18:39:00,34.97,34.98,34.96,34.96,17.88
2025-01-18 18:40:00,34.96,35.0,34.94,35.0,173.47
2025-01-18 18:41:00,35.01,35.1,35.01,35.06,1042.7
2025-01-18 18:42:00,35.06,35.08,35.04,35.08,25.77
2025-01-18 18:43:00,35.07,35.07,34.99,35.0,115.43
2025-01-18 18:44:00,34.99,35.03,34.99,35.03,56.18
2025-01-18 18:45:00,35.04,35.04,34.95,34.95,102.49
2025-01-18 18:46:00,34.98,34.99,34.98,34.99,25.91
2025-01-18 18:47:00,35.0,35.04,35.0,35.04,31.49
2025-01-18 18:48:00,35.03,35.03,34.98,35.0,494.69
2025-01-18 18:49:00,34.98,35.0,34.96,35.0,190.59
2025-01-18 18:50:00,35.02,35.04,35.01,35.01,8.43
2025-01-18 18:51:00,35.0,35.0,34.95,34.95,27.29
2025-01-18 18:52:00,34.94,34.94,34.86,34.86,54.17
2025-01-18 18:53:00,34.85,34.85,34.82,34.82,18.51
2025-01-18 18:54:00,34.8,34.8,34.76,34.76,40.1
2025-01-18 18:55:00,34.76,34.79,34.74,34.74,124.49
2025-01-18 18:56:00,34.74,34.74,34.72,34.73,141.78
2025-01-18 18:57:00,34.77,34.82,34.76,34.8,66.92
2025-01-18 18:58:00,34.8,34.8,34.8,34.8,0.0
2025-01-18 18:59:00,34.78,34.8,34.78,34.8,36.55
2025-01-18 19:00:00,34.82,34.91,34.8,34.9,314.46
2025-01-18 19:01:00,34.91,34.93,34.85,34.85,333.19
2025-01-18 19:02:00,34.87,34.87,34.86,34.86,49.27
2025-01-18 19:03:00,34.87,34.89,34.87,34.88,79.02
2025-01-18 19:04:00,34.9,34.9,34.87,34.87,71.1
2025-01-18 19:05:00,34.84,34.87,34.83,34.85,97.84
2025-01-18 19:06:00,34.91,34.94,34.91,34.94,57.47
2025-01-18 19:07:00,34.94,34.96,34.93,34.94,65.44
2025-01-18 19:08:00,34.95,34.97,34.94,34.97,32.96
2025-01-18 19:09:00,34.98,35.02,34.98,35.0,75.57
2025-01-18 19:10:00,34.96,34.99,34.96,34.99,63.65
2025-01-18 19:11:00,34.99,34.99,34.97,34.98,185.83
2025-01-18 19:12:00,35.0,35.01,34.98,34.98,296.86
2025-01-18 19:13:00,34.91,34.93,34.91,34.93,75.14
2025-01-18 19:14:00,34.94,34.94,34.88,34.91,425.25
2025-01-18 19:15:00,34.93,34.98,34.93,34.98,80.08
2025-01-18 19:16:00,34.97,35.05,34.97,35.04,191.54
2025-01-18 19:17:00,35.03,35.07,35.03,35.06,14.58
2025-01-18 19:18:00,35.08,35.1,35.04,35.07,385.93
2025-01-18 19:19:00,35.1,35.1,35.09,35.09,12.15
2025-01-18 19:20:00,35.08,35.11,35.06,35.07,112.95
2025-01-18 19:21:00,35.07,35.11,35.06,35.09,334.69
2025-01-18 19:22:00,35.08,35.08,35.05,35.05,153.93
2025-01-18 19:23:00,35.05,35.06,35.04,35.04,71.86
2025-01-18 19:24:00,35.03,35.03,35.0,35.01,36.5
2025-01-18 19:25:00,35.03,35.03,35.03,35.03,7.13
2025-01-18 19:26:00,35.06,35.06,35.04,35.04,3.86
2025-01-18 19:27:00,35.02,35.05,35.02,35.05,15.1
2025-01-18 19:28:00,35.04,35.06,35.04,35.06,16.56
2025-01-18 19:29:00,35.06,35.06,35.06,35.06,25.07
2025-01-18 19:30:00,35.08,35.11,35.08,35.11,63.59
2025-01-18 19:31:00,35.1,35.12,35.1,35.11,40.88
2025-01-18 19:32:00,35.12,35.15,35.11,35.11,79.13
2025-01-18 19:33:00,35.1,35.1,35.08,35.09,71.42
2025-01-18 19:34:00,35.08,35.1,35.07,35.08,206.53
2025-01-18 19:35:00,35.07,35.07,34.98,34.98,61.26
2025-01-18 19:36:00,35.0,35.06,35.0,35.06,33.61
2025-01-18 19:37:00,35.09,35.09,35.09,35.09,1.21
2025-01-18 19:38:00,35.1,35.1,35.09,35.09,52.04
2025-01-18 19:39:00,35.09,35.1,35.09,35.1,12.15
2025-01-18 19:40:00,35.12,35.13,35.1,35.1,3.38
2025-01-18 19:41:00,35.09,35.09,35.09,35.09,0.4
2025-01-18 19:42:00,35.08,35.09,35.08,35.09,36.52
2025-01-18 19:43:00,35.09,35.12,35.09,35.1,35.97
2025-01-18 19:44:00,35.11,35.19,35.11,35.16,900.88
2025-01-18 19:45:00,35.18,35.18,35.18,35.18,27.63
2025-01-18 19:46:00,35.19,35.24,35.19,35.24,67.25
2025-01-18 19:47:00,35.24,35.28,35.22,35.22,300.53
2025-01-18 19:48:00,35.21,35.22,35.2,35.21,232.78
2025-01-18 19:49:00,35.23,35.24,35.21,35.21,48.95
2025-01-18 19:50:00,35.19,35.21,35.18,35.21,30.08
2025-01-18 19:51:00,35.2,35.27,35.2,35.27,14.01
2025-01-18 19:52:00,35.26,35.29,35.26,35.28,13.88
2025-01-18 19:53:00,35.27,35.27,35.25,35.25,35.92
2025-01-18 19:54:00,35.27,35.3,35.27,35.3,31.85
2025-01-18 19:55:00,35.27,35.27,35.26,35.26,120.06
2025-01-18 19:56:00,35.26,35.26,35.22,35.22,265.73
2025-01-18 19:57:00,35.25,35.25,35.24,35.24,71.86
2025-01-18 19:58:00,35.27,35.27,35.27,35.27,19.61
2025-01-18 19:59:00,35.27,35.27,35.27,35.27,13.78
2025-01-18 20:00:00,35.3,35.37,35.3,35.35,118.4
2025-01-18 20:01:00,35.35,35.36,35.34,35.34,76.79
2025-01-18 20:02:00,35.32,35.32,35.3,35.3,38.26
2025-01-18 20:03:00,35.29,35.29,35.2,35.2,134.96
2025-01-18 20:04:00,35.22,35.22,35.19,35.19,72.01
2025-01-18 20:05:00,35.2,35.22,35.2,35.21,42.44
2025-01-18 20:06:00,35.18,35.19,35.09,35.12,680.38
2025-01-18 20:07:00,35.14,35.16,35.14,35.15,4.58
2025-01-18 20:08:00,35.16,35.16,35.14,35.15,58.55
2025-01-18 20:09:00,35.13,35.18,35.09,35.18,666.69
2025-01-18 20:10:00,35.17,35.29,35.14,35.28,1589.76
2025-01-18 20:11:00,35.28,35.29,35.24,35.24,201.28
2025-01-18 20:12:00,35.22,35.23,35.18,35.2,87.64
2025-01-18 20:13:00,35.22,35.24,35.2,35.2,61.17
2025-01-18 20:14:00,35.2,35.22,35.17,35.22,90.24
2025-01-18 20:15:00,35.21,35.25,35.17,35.18,94.1
2025-01-18 20:16:00,35.2,35.2,35.13,35.14,351.76
2025-01-18 20:17:00,35.11,35.14,35.11,35.14,56.32
2025-01-18 20:18:00,35.13,35.13,35.09,35.11,49.91
2025-01-18 20:19:00,35.11,35.16,35.11,35.16,167.63
2025-01-18 20:20:00,35.17,35.18,35.13,35.18,613.91
2025-01-18 20:21:00,35.18,35.19,35.1,35.1,529.36
2025-01-18 20:22:00,35.11,35.16,35.11,35.16,444.46
2025-01-18 20:23:00,35.17,35.18,35.14,35.15,105.62
2025-01-18 20:24:00,35.15,35.2,35.13,35.19,446.07
2025-01-18 20:25:00,35.19,35.22,35.06,35.06,740.74
2025-01-18 20:26:00,35.05,35.09,35.02,35.03,154.98
2025-01-18 20:27:00,35.03,35.03,35.03,35.03,40.8
2025-01-18 20:28:00,35.04,35.13,35.04,35.11,653.75
2025-01-18 20:29:00,35.1,35.24,35.1,35.18,1206.88
2025-01-18 20:30:00,35.17,35.24,35.17,35.23,567.42
2025-01-18 20:31:00,35.23,35.31,35.23,35.26,649.68
2025-01-18 20:32:00,35.27,35.37,35.27,35.37,615.85
2025-01-18 20:33:00,35.37,35.38,35.26,35.27,1121.01
2025-01-18 20:34:00,35.27,35.27,35.25,35.26,105.84
2025-01-18 20:35:00,35.26,35.27,35.24,35.27,22.42
2025-01-18 20:36:00,35.24,35.25,35.24,35.25,25.0
2025-01-18 20:37:00,35.23,35.23,35.16,35.19,45.76
2025-01-18 20:38:00,35.23,35.26,35.23,35.26,13.5
2025-01-18 20:39:00,35.27,35.27,35.24,35.27,250.9
2025-01-18 20:40:00,35.27,35.37,35.27,35.37,661.2
2025-01-18 20:41:00,35.36,35.41,35.34,35.41,666.04
2025-01-18 20:42:00,35.4,35.48,35.4,35.48,1358.37
2025-01-18 20:43:00,35.48,35.51,35.44,35.5,1906.19
2025-01-18 20:44:00,35.5,35.53,35.47,35.51,716.95
2025-01-18 20:45:00,35.5,35.5,35.42,35.45,745.97
2025-01-18 20:46:00,35.45,35.45,35.33,35.35,1091.79
2025-01-18 20:47:00,35.34,35.36,35.29,35.3,887.26
2025-01-18 20:48:00,35.27,35.31,35.24,35.24,116.19
2025-01-18 20:49:00,35.22,35.28,35.22,35.28,188.86
2025-01-18 20:50:00,35.28,35.32,35.28,35.31,207.16
2025-01-18 20:51:00,35.31,35.34,35.3,35.3,483.5
2025-01-18 20:52:00,35.31,35.31,35.21,35.23,884.31
2025-01-18 20:53:00,35.23,35.23,35.21,35.21,144.98
2025-01-18 20:54:00,35.19,35.2,35.11,35.11,341.9
2025-01-18 20:55:00,35.12,35.17,35.07,35.08,753.6
2025-01-18 20:56:00,35.07,35.1,35.03,35.1,225.8
2025-01-18 20:57:00,35.11,35.13,35.07,35.09,373.93
2025-01-18 20:58:00,35.09,35.1,35.06,35.09,339.14
2025-01-18 20:59:00,35.09,35.11,35.08,35.08,315.95
2025-01-18 21:00:00,35.09,35.2,35.09,35.2,515.16
2025-01-18 21:01:00,35.19,35.2,35.12,35.12,62.08
2025-01-18 21:02:00,35.11,35.14,35.08,35.14,61.0
2025-01-18 21:03:00,35.13,35.13,35.08,35.1,117.48
2025-01-18 21:04:00,35.11,35.16,35.11,35.16,24.89
2025-01-18 21:05:00,35.15,35.19,35.14,35.19,84.62
2025-01-18 21:06:00,35.19,35.21,35.17,35.19,40.63
2025-01-18 21:07:00,35.18,35.22,35.18,35.21,168.07
2025-01-18 21:08:00,35.22,35.22,35.19,35.19,23.15
2025-01-18 21:09:00,35.22,35.26,35.2,35.2,213.0
2025-01-18 21:10:00,35.2,35.23,35.18,35.23,67.42
2025-01-18 21:11:00,35.22,35.25,35.22,35.23,178.31
2025-01-18 21:12:00,35.21,35.25,35.21,35.25,8.09
2025-01-18 21:13:00,35.26,35.28,35.26,35.26,25.46
2025-01-18 21:14:00,35.29,35.33,35.29,35.33,51.8
2025-01-18 21:15:00,35.32,35.4,35.32,35.4,92.44
2025-01-18 21:16:00,35.42,35.44,35.4,35.43,205.32
2025-01-18 21:17:00,35.43,35.43,35.42,35.43,47.67
2025-01-18 21:18:00,35.42,35.44,35.37,35.38,162.21
2025-01-18 21:19:00,35.37,35.37,35.33,35.34,50.68
2025-01-18 21:20:00,35.38,35.38,35.3,35.32,283.27
2025-01-18 21:21:00,35.31,35.38,35.31,35.35,296.09
2025-01-18 21:22:00,35.32,35.35,35.32,35.35,104.58
2025-01-18 21:23:00,35.34,35.35,35.34,35.35,23.83
2025-01-18 21:24:00,35.34,35.34,35.3,35.31,242.83
2025-01-18 21:25:00,35.33,35.33,35.29,35.29,118.61
2025-01-18 21:26:00,35.3,35.35,35.3,35.32,1142.03
2025-01-18 21:27:00,35.33,35.34,35.31,35.32,55.19
2025-01-18 21:28:00,35.31,35.31,35.28,35.3,54.55
2025-01-18 21:29:00,35.29,35.3,35.29,35.3,4.98
2025-01-18 21:30:00,35.3,35.3,35.2,35.2,188.36
2025-01-18 21:31:00,35.19,35.2,35.14,35.14,98.89
2025-01-18 21:32:00,35.14,35.16,35.14,35.15,108.41
2025-01-18 21:33:00,35.13,35.13,35.07,35.07,22.17
2025-01-18 21:34:00,35.08,35.12,35.08,35.11,40.27
2025-01-18 21:35:00,35.11,35.11,35.11,35.11,5.0
2025-01-18 21:36:00,35.15,35.15,35.08,35.1,192.88
2025-01-18 21:37:00,35.13,35.13,35.1,35.1,71.79
2025-01-18 21:38:00,35.12,35.17,35.12,35.17,162.3
2025-01-18 21:39:00,35.16,35.16,35.14,35.14,168.48
2025-01-18 21:40:00,35.13,35.17,35.13,35.14,174.19
2025-01-18 21:41:00,35.14,35.14,35.11,35.13,39.36
2025-01-18 21:42:00,35.13,35.15,35.11,35.15,44.56
2025-01-18 21:43:00,35.12,35.13,35.11,35.13,74.58
2025-01-18 21:44:00,35.13,35.13,35.13,35.13,0.0
2025-01-18 21:45:00,35.12,35.14,35.12,35.13,39.68
2025-01-18 21:46:00,35.07,35.14,35.07,35.14,5.35
2025-01-18 21:47:00,35.18,35.18,35.17,35.18,3.24
2025-01-18 21:48:00,35.16,35.16,35.14,35.14,11.14
2025-01-18 21:49:00,35.15,35.15,35.15,35.15,1.15
2025-01-18 21:50:00,35.17,35.17,35.15,35.16,79.9
2025-01-18 21:51:00,35.15,35.15,35.1,35.12,35.94
2025-01-18 21:52:00,35.12,35.12,35.12,35.12,0.6
2025-01-18 21:53:00,35.16,35.16,35.16,35.16,0.41
2025-01-18 21:54:00,35.14,35.14,35.13,35.13,1.58
2025-01-18 21:55:00,35.11,35.11,35.08,35.09,20.66
2025-01-18 21:56:00,35.08,35.08,35.07,35.07,3.66
2025-01-18 21:57:00,35.05,35.07,35.05,35.07,23.96
2025-01-18 21:58:00,35.07,35.07,35.06,35.06,52.44
2025-01-18 21:59:00,35.08,35.08,35.08,35.08,21.74
2025-01-18 22:00:00,35.07,35.11,35.07,35.1,167.2
2025-01-18 22:01:00,35.1,35.1,35.05,35.07,30.58
2025-01-18 22:02:00,35.11,35.13,35.11,35.12,21.76
2025-01-18 22:03:00,35.11,35.12,35.11,35.11,58.6
2025-01-18 22:04:00,35.08,35.08,35.04,35.04,84.88
2025-01-18 22:05:00,35.06,35.12,35.06,35.12,48.92
2025-01-18 22:06:00,35.14,35.16,35.13,35.13,215.56
2025-01-18 22:07:00,35.14,35.15,35.14,35.15,8.19
2025-01-18 22:08:00,35.16,35.18,35.16,35.18,76.1
2025-01-18 22:09:00,35.2,35.2,35.19,35.19,11.53
2025-01-18 22:10:00,35.19,35.19,35.19,35.19,32.4
2025-01-18 22:11:00,35.19,35.25,35.19,35.25,38.03
2025-01-18 22:12:00,35.25,35.25,35.22,35.22,27.52
2025-01-18 22:13:00,35.26,35.26,35.25,35.25,16.7
2025-01-18 22:14:00,35.26,35.39,35.23,35.39,438.1
2025-01-18 22:15:00,35.41,35.41,35.34,35.34,63.94
2025-01-18 22:16:00,35.34,35.37,35.34,35.34,198.11
2025-01-18 22:17:00,35.34,35.36,35.34,35.34,38.35
2025-01-18 22:18:00,35.37,35.4,35.37,35.39,25.64
2025-01-18 22:19:00,35.38,35.39,35.36,35.39,40.58
2025-01-18 22:20:00,35.38,35.38,35.36,35.36,105.75
2025-01-18 22:21:00,35.35,35.37,35.35,35.37,11.17
2025-01-18 22:22:00,35.37,35.37,35.37,35.37,11.42
2025-01-18 22:23:00,35.35,35.35,35.28,35.3,97.01
2025-01-18 22:24:00,35.29,35.3,35.29,35.29,2.46
2025-01-18 22:25:00,35.29,35.3,35.26,35.27,44.36
2025-01-18 22:26:00,35.29,35.31,35.29,35.31,4.69
2025-01-18 22:27:00,35.31,35.31,35.31,35.31,0.0
2025-01-18 22:28:00,35.33,35.36,35.33,35.36,73.64
2025-01-18 22:29:00,35.36,35.36,35.36,35.36,0.0
2025-01-18 22:30:00,35.44,35.46,35.43,35.45,121.68
2025-01-18 22:31:00,35.46,35.46,35.43,35.43,66.23
2025-01-18 22:32:00,35.42,35.44,35.42,35.43,15.58
2025-01-18 22:33:00,35.42,35.42,35.42,35.42,0.88
2025-01-18 22:34:00,35.39,35.39,35.37,35.37,1.09
2025-01-18 22:35:00,35.35,35.35,35.35,35.35,1.26
2025-01-18 22:36:00,35.37,35.38,35.36,35.36,61.75
2025-01-18 22:37:00,35.34,35.34,35.34,35.34,48.61
2025-01-18 22:38:00,35.36,35.37,35.36,35.37,16.07
2025-01-18 22:39:00,35.37,35.4,35.37,35.4,119.71
2025-01-18 22:40:00,35.39,35.39,35.36,35.36,42.69
2025-01-18 22:41:00,35.35,35.35,35.31,35.32,126.98
2025-01-18 22:42:00,35.32,35.33,35.31,35.33,20.92
2025-01-18 22:43:00,35.33,35.35,35.33,35.35,20.54
2025-01-18 22:44:00,35.33,35.33,35.33,35.33,100.78
2025-01-18 22:45:00,35.32,35.33,35.32,35.33,43.98
2025-01-18 22:46:00,35.34,35.34,35.34,35.34,0.19
2025-01-18 22:47:00,35.35,35.35,35.35,35.35,27.01
2025-01-18 22:48:00,35.34,35.34,35.32,35.32,40.57
2025-01-18 22:49:00,35.32,35.33,35.32,35.33,16.78
2025-01-18 22:50:00,35.33,35.33,35.3,35.3,18.53
2025-01-18 22:51:00,35.31,35.32,35.31,35.32,30.53
2025-01-18 22:52:00,35.33,35.35,35.33,35.33,42.47
2025-01-18 22:53:00,35.35,35.35,35.33,35.33,31.57
2025-01-18 22:54:00,35.35,35.35,35.35,35.35,116.49
2025-01-18 22:55:00,35.37,35.37,35.34,35.35,37.68
2025-01-18 22:56:00,35.31,35.32,35.31,35.32,14.15
2025-01-18 22:57:00,35.29,35.29,35.29,35.29,1.23
2025-01-18 22:58:00,35.29,35.29,35.27,35.29,67.14
2025-01-18 22:59:00,35.28,35.28,35.28,35.28,0.26
2025-01-18 23:00:00,35.27,35.29,35.27,35.29,1.06
2025-01-18 23:01:00,35.29,35.3,35.28,35.28,1.2
2025-01-18 23:02:00,35.28,35.32,35.28,35.32,40.14
2025-01-18 23:03:00,35.31,35.31,35.31,35.31,31.6
2025-01-18 23:04:00,35.3,35.3,35.24,35.24,140.36
2025-01-18 23:05:00,35.28,35.31,35.26,35.31,36.95
2025-01-18 23:06:00,35.32,35.32,35.3,35.3,5.84
2025-01-18 23:07:00,35.29,35.31,35.29,35.29,28.85
2025-01-18 23:08:00,35.26,35.28,35.26,35.28,24.5
2025-01-18 23:09:00,35.31,35.33,35.31,35.33,36.39
2025-01-18 23:10:00,35.31,35.31,35.26,35.29,220.1
2025-01-18 23:11:00,35.29,35.31,35.29,35.29,75.24
2025-01-18 23:12:00,35.28,35.28,35.26,35.27,3.85
2025-01-18 23:13:00,35.26,35.28,35.26,35.28,20.75
2025-01-18 23:14:00,35.27,35.28,35.26,35.26,3.28
2025-01-18 23:15:00,35.25,35.25,35.21,35.25,70.31
2025-01-18 23:16:00,35.27,35.33,35.27,35.32,444.98
2025-01-18 23:17:00,35.37,35.38,35.37,35.38,39.13
2025-01-18 23:18:00,35.39,35.39,35.37,35.39,24.23
2025-01-18 23:19:00,35.4,35.4,35.36,35.38,205.76
2025-01-18 23:20:00,35.41,35.51,35.4,35.51,843.45
2025-01-18 23:21:00,35.5,35.54,35.49,35.52,163.81
2025-01-18 23:22:00,35.52,35.55,35.51,35.54,71.16
2025-01-18 23:23:00,35.54,35.54,35.52,35.53,186.36
2025-01-18 23:24:00,35.53,35.55,35.49,35.49,177.89
2025-01-18 23:25:00,35.48,35.52,35.48,35.52,15.59
2025-01-18 23:26:00,35.55,35.59,35.53,35.58,106.4
2025-01-18 23:27:00,35.57,35.57,35.56,35.57,102.53
2025-01-18 23:28:00,35.58,35.58,35.58,35.58,7.26
2025-01-18 23:29:00,35.58,35.64,35.55,35.63,590.55
2025-01-18 23:30:00,35.63,35.64,35.59,35.6,336.76
2025-01-18 23:31:00,35.6,35.66,35.57,35.62,328.3
2025-01-18 23:32:00,35.65,35.72,35.65,35.72,423.38
2025-01-18 23:33:00,35.73,35.74,35.7,35.74,106.52
2025-01-18 23:34:00,35.74,35.74,35.69,35.69,363.78
2025-01-18 23:35:00,35.69,35.69,35.63,35.63,53.17
2025-01-18 23:36:00,35.64,35.64,35.59,35.64,359.14
2025-01-18 23:37:00,35.66,35.67,35.65,35.66,99.41
2025-01-18 23:38:00,35.68,35.71,35.65,35.7,462.57
2025-01-18 23:39:00,35.69,35.73,35.66,35.7,873.41
2025-01-18 23:40:00,35.69,35.74,35.69,35.72,72.4
2025-01-18 23:41:00,35.72,35.72,35.61,35.64,304.69
2025-01-18 23:42:00,35.63,35.68,35.63,35.67,83.15
2025-01-18 23:43:00,35.67,35.69,35.67,35.69,53.58
2025-01-18 23:44:00,35.69,35.7,35.67,35.7,85.93
2025-01-18 23:45:00,35.7,35.72,35.69,35.7,48.54
2025-01-18 23:46:00,35.7,35.74,35.68,35.74,125.05
2025-01-18 23:47:00,35.73,35.73,35.69,35.69,21.51
2025-01-18 23:48:00,35.69,35.72,35.68,35.69,175.86
2025-01-18 23:49:00,35.69,35.7,35.67,35.7,144.91
2025-01-18 23:50:00,35.7,35.71,35.67,35.67,147.18
2025-01-18 23:51:00,35.67,35.67,35.63,35.66,80.33
2025-01-18 23:52:00,35.68,35.68,35.63,35.65,119.08
2025-01-18 23:53:00,35.65,35.66,35.65,35.66,11.9
2025-01-18 23:54:00,35.67,35.67,35.66,35.67,36.61
2025-01-18 23:55:00,35.66,35.66,35.63,35.63,10.05
2025-01-18 23:56:00,35.63,35.66,35.63,35.66,78.2
2025-01-18 23:57:00,35.64,35.65,35.62,35.64,32.74
2025-01-18 23:58:00,35.62,35.62,35.59,35.59,36.42
2025-01-18 23:59:00,35.59,35.59,35.57,35.57,52.35
2025-01-19 00:00:00,35.56,35.57,35.45,35.52,755.78
2025-01-19 00:01:00,35.5,35.51,35.45,35.46,59.15
2025-01-19 00:02:00,35.44,35.45,35.4,35.4,46.38
2025-01-19 00:03:00,35.39,35.41,35.37,35.38,175.61
2025-01-19 00:04:00,35.37,35.42,35.37,35.42,59.72
2025-01-19 00:05:00,35.42,35.53,35.42,35.5,303.28
2025-01-19 00:06:00,35.5,35.51,35.48,35.49,71.7
2025-01-19 00:07:00,35.48,35.5,35.48,35.49,62.9
2025-01-19 00:08:00,35.5,35.56,35.5,35.55,75.56
2025-01-19 00:09:00,35.56,35.6,35.55,35.55,40.0
2025-01-19 00:10:00,35.53,35.53,35.52,35.53,121.62
2025-01-19 00:11:00,35.51,35.51,35.49,35.49,305.36
2025-01-19 00:12:00,35.5,35.51,35.47,35.48,170.45
2025-01-19 00:13:00,35.48,35.51,35.48,35.51,19.97
2025-01-19 00:14:00,35.5,35.51,35.46,35.49,200.71
2025-01-19 00:15:00,35.48,35.62,35.48,35.62,121.85
2025-01-19 00:16:00,35.63,35.7,35.63,35.7,349.63
2025-01-19 00:17:00,35.72,35.75,35.72,35.72,517.93
2025-01-19 00:18:00,35.72,35.72,35.69,35.71,215.38
2025-01-19 00:19:00,35.76,35.81,35.76,35.78,274.46
2025-01-19 00:20:00,35.78,35.8,35.76,35.77,160.36
2025-01-19 00:21:00,35.76,35.77,35.75,35.77,117.13
2025-01-19 00:22:00,35.79,35.79,35.73,35.74,149.76
2025-01-19 00:23:00,35.74,35.82,35.74,35.81,381.71
2025-01-19 00:24:00,35.8,35.83,35.76,35.79,107.18
2025-01-19 00:25:00,35.78,35.82,35.76,35.81,143.99
2025-01-19 00:26:00,35.81,35.89,35.81,35.88,285.27
2025-01-19 00:27:00,35.89,35.91,35.85,35.86,251.66
2025-01-19 00:28:00,35.85,35.85,35.81,35.82,57.62
2025-01-19 00:29:00,35.83,35.86,35.83,35.84,76.32
2025-01-19 00:30:00,35.85,35.87,35.83,35.85,157.45
2025-01-19 00:31:00,35.88,35.91,35.88,35.89,441.44
2025-01-19 00:32:00,35.92,35.96,35.91,35.92,155.84
2025-01-19 00:33:00,35.93,35.93,35.89,35.91,46.61
2025-01-19 00:34:00,35.93,35.95,35.92,35.92,28.12
2025-01-19 00:35:00,35.93,35.93,35.9,35.9,212.84
2025-01-19 00:36:00,35.87,35.88,35.84,35.84,35.89
2025-01-19 00:37:00,35.87,35.87,35.82,35.85,124.4
2025-01-19 00:38:00,35.84,35.85,35.81,35.82,40.59
2025-01-19 00:39:00,35.83,35.83,35.83,35.83,23.94
2025-01-19 00:40:00,35.8,35.82,35.79,35.81,7.35
2025-01-19 00:41:00,35.82,35.85,35.82,35.85,99.41
2025-01-19 00:42:00,35.84,35.89,35.82,35.89,196.53
2025-01-19 00:43:00,35.91,35.93,35.91,35.92,143.31
2025-01-19 00:44:00,35.89,35.9,35.87,35.88,105.29
2025-01-19 00:45:00,35.88,35.91,35.88,35.9,36.21
2025-01-19 00:46:00,35.92,35.96,35.92,35.93,61.6
2025-01-19 00:47:00,35.93,35.96,35.93,35.94,85.73
2025-01-19 00:48:00,35.93,35.94,35.87,35.87,63.01
2025-01-19 00:49:00,35.86,35.86,35.85,35.85,2.0
2025-01-19 00:50:00,35.87,35.91,35.87,35.91,38.09
2025-01-19 00:51:00,35.92,35.92,35.89,35.89,33.71
2025-01-19 00:52:00,35.86,35.87,35.85,35.87,14.66
2025-01-19 00:53:00,35.88,35.88,35.87,35.87,3.47
2025-01-19 00:54:00,35.86,35.86,35.82,35.83,169.51
2025-01-19 00:55:00,35.83,35.87,35.83,35.87,39.02
2025-01-19 00:56:00,35.86,35.87,35.83,35.83,53.04
2025-01-19 00:57:00,35.83,35.83,35.76,35.78,198.06
2025-01-19 00:58:00,35.8,35.84,35.8,35.84,24.01
2025-01-19 00:59:00,35.8,35.81,35.79,35.8,22.26
2025-01-19 01:00:00,35.8,35.8,35.78,35.78,28.62
2025-01-19 01:01:00,35.76,35.8,35.76,35.78,25.21
2025-01-19 01:02:00,35.81,35.86,35.81,35.86,25.9
2025-01-19 01:03:00,35.87,35.91,35.87,35.91,70.5
2025-01-19 01:04:00,35.9,35.9,35.87,35.87,34.99
2025-01-19 01:05:00,35.87,35.89,35.85,35.89,37.08
2025-01-19 01:06:00,35.87,35.9,35.86,35.9,215.4
2025-01-19 01:07:00,35.92,35.98,35.92,35.98,238.88
2025-01-19 01:08:00,35.97,36.07,35.95,36.07,142.61
2025-01-19 01:09:00,36.08,36.12,36.06,36.12,129.88
2025-01-19 01:10:00,36.11,36.18,36.11,36.18,685.62
2025-01-19 01:11:00,36.19,36.23,36.19,36.23,368.03
2025-01-19 01:12:00,36.22,36.23,36.18,36.19,45.06
2025-01-19 01:13:00,36.2,36.24,36.2,36.23,101.56
2025-01-19 01:14:00,36.24,36.24,36.15,36.15,200.49
2025-01-19 01:15:00,36.17,36.17,36.12,36.17,418.64
2025-01-19 01:16:00,36.13,36.13,36.05,36.08,1102.34
2025-01-19 01:17:00,36.06,36.08,36.05,36.07,10.8
2025-01-19 01:18:00,36.11,36.15,36.07,36.07,787.1
2025-01-19 01:19:00,36.12,36.14,36.08,36.1,724.5
2025-01-19 01:20:00,36.1,36.13,36.07,36.07,493.31
2025-01-19 01:21:00,36.09,36.1,36.04,36.04,63.09
2025-01-19 01:22:00,36.04,36.06,36.04,36.06,34.59
2025-01-19 01:23:00,36.06,36.06,36.03,36.03,24.42
2025-01-19 01:24:00,36.08,36.08,36.01,36.02,266.98
2025-01-19 01:25:00,36.02,36.03,35.94,35.98,231.3
2025-01-19 01:26:00,35.95,36.0,35.93,35.98,180.71
2025-01-19 01:27:00,35.95,35.97,35.95,35.97,60.92
2025-01-19 01:28:00,35.99,36.01,35.97,35.97,48.91
2025-01-19 01:29:00,35.99,36.02,35.99,36.01,51.65
2025-01-19 01:30:00,36.0,36.05,35.97,35.97,92.24
2025-01-19 01:31:00,35.96,35.96,35.89,35.89,190.71
2025-01-19 01:32:00,35.9,35.95,35.9,35.92,194.61
2025-01-19 01:33:00,35.95,35.95,35.9,35.91,56.24
2025-01-19 01:34:00,35.88,35.98,35.87,35.98,63.74
2025-01-19 01:35:00,35.98,36.04,35.97,36.04,35.92
2025-01-19 01:36:00,36.04,36.04,35.98,35.98,354.78
2025-01-19 01:37:00,35.98,36.01,35.97,36.0,109.77
2025-01-19 01:38:00,36.02,36.09,36.02,36.07,133.92
2025-01-19 01:39:00,36.07,36.1,36.07,36.08,63.62
2025-01-19 01:40:00,36.08,36.13,36.08,36.13,351.47
2025-01-19 01:41:00,36.12,36.13,36.09,36.13,266.19
2025-01-19 01:42:00,36.13,36.17,36.13,36.15,68.28
2025-01-19 01:43:00,36.16,36.16,36.13,36.15,39.33
2025-01-19 01:44:00,36.13,36.16,36.13,36.16,14.38
2025-01-19 01:45:00,36.15,36.2,36.15,36.2,248.89
2025-01-19 01:46:00,36.2,36.21,36.16,36.21,115.26
2025-01-19 01:47:00,36.22,36.23,36.19,36.19,151.92
2025-01-19 01:48:00,36.22,36.23,36.21,36.22,37.2
2025-01-19 01:49:00,36.23,36.24,36.21,36.23,51.8
2025-01-19 01:50:00,36.23,36.25,36.22,36.25,67.41
2025-01-19 01:51:00,36.25,36.26,36.21,36.21,23.11
2025-01-19 01:52:00,36.21,36.21,36.18,36.21,372.73
2025-01-19 01:53:00,36.21,36.21,36.19,36.19,20.73
2025-01-19 01:54:00,36.19,36.2,36.19,36.2,24.92
2025-01-19 01:55:00,36.19,36.19,36.17,36.17,26.54
2025-01-19 01:56:00,36.17,36.21,36.17,36.2,51.07
2025-01-19 01:57:00,36.22,36.22,36.18,36.18,72.2
2025-01-19 01:58:00,36.19,36.19,36.18,36.19,2.02
2025-01-19 01:59:00,36.19,36.21,36.19,36.21,2.49
2025-01-19 02:00:00,36.21,36.24,36.2,36.21,86.19
2025-01-19 02:01:00,36.19,36.2,36.19,36.19,0.97
2025-01-19 02:02:00,36.17,36.19,36.16,36.19,111.1
2025-01-19 02:03:00,36.2,36.21,36.18,36.21,37.62
2025-01-19 02:04:00,36.21,36.21,36.19,36.19,93.83
2025-01-19 02:05:00,36.2,36.2,36.2,36.2,17.43
2025-01-19 02:06:00,36.18,36.18,36.17,36.17,10.07
2025-01-19 02:07:00,36.22,36.22,36.22,36.22,8.0
2025-01-19 02:08:00,36.24,36.25,36.22,36.24,108.31
2025-01-19 02:09:00,36.24,36.24,36.16,36.16,26.1
2025-01-19 02:10:00,36.17,36.17,36.17,36.17,2.76
2025-01-19 02:11:00,36.18,36.18,36.15,36.15,13.42
2025-01-19 02:12:00,36.16,36.16,36.12,36.12,126.31
2025-01-19 02:13:00,36.12,36.14,36.09,36.12,335.78
2025-01-19 02:14:00,36.12,36.16,36.12,36.16,44.53
2025-01-19 02:15:00,36.15,36.17,36.13,36.13,79.31
2025-01-19 02:16:00,36.12,36.14,36.12,36.14,21.72
2025-01-19 02:17:00,36.14,36.14,36.1,36.1,44.79
2025-01-19 02:18:00,36.08,36.09,36.06,36.09,87.76
2025-01-19 02:19:00,36.1,36.13,36.1,36.13,25.12
2025-01-19 02:20:00,36.08,36.08,36.08,36.08,6.38
2025-01-19 02:21:00,36.09,36.12,36.09,36.12,60.01
2025-01-19 02:22:00,36.14,36.15,36.13,36.14,30.92
2025-01-19 02:23:00,36.15,36.25,36.15,36.21,128.36
2025-01-19 02:24:00,36.21,36.25,36.21,36.25,8.07
2025-01-19 02:25:00,36.25,36.27,36.25,36.27,21.86
2025-01-19 02:26:00,36.27,36.27,36.21,36.21,86.1
2025-01-19 02:27:00,36.2,36.21,36.19,36.19,8.93
2025-01-19 02:28:00,36.21,36.22,36.21,36.22,17.09
2025-01-19 02:29:00,36.23,36.23,36.2,36.2,77.73
2025-01-19 02:30:00,36.2,36.21,36.17,36.19,272.45
2025-01-19 02:31:00,36.18,36.22,36.18,36.18,120.07
2025-01-19 02:32:00,36.19,36.19,36.09,36.09,55.28
2025-01-19 02:33:00,36.09,36.09,36.05,36.06,24.48
2025-01-19 02:34:00,36.09,36.1,36.08,36.1,28.53
2025-01-19 02:35:00,36.11,36.11,36.1,36.1,33.38
2025-01-19 02:36:00,36.11,36.22,36.11,36.22,105.01
2025-01-19 02:37:00,36.21,36.22,36.21,36.22,25.84
2025-01-19 02:38:00,36.22,36.26,36.22,36.26,7.09
2025-01-19 02:39:00,36.26,36.29,36.26,36.28,96.05
2025-01-19 02:40:00,36.29,36.3,36.29,36.3,5.04
2025-01-19 02:41:00,36.29,36.31,36.29,36.31,21.8
2025-01-19 02:42:00,36.29,36.32,36.29,36.31,96.47
2025-01-19 02:43:00,36.31,36.32,36.31,36.31,3.05
2025-01-19 02:44:00,36.32,36.32,36.26,36.26,56.44
2025-01-19 02:45:00,36.25,36.27,36.22,36.22,82.13
2025-01-19 02:46:00,36.23,36.24,36.17,36.17,63.69
2025-01-19 02:47:00,36.19,36.19,36.16,36.16,24.25
2025-01-19 02:48:00,36.16,36.16,36.12,36.12,66.5
2025-01-19 02:49:00,36.13,36.13,36.08,36.08,20.96
2025-01-19 02:50:00,36.07,36.07,36.05,36.06,19.68
2025-01-19 02:51:00,36.08,36.09,36.07,36.08,100.03
2025-01-19 02:52:00,36.09,36.13,36.09,36.12,46.53
2025-01-19 02:53:00,36.12,36.12,36.1,36.1,15.07
2025-01-19 02:54:00,36.11,36.11,36.09,36.1,13.36
2025-01-19 02:55:00,36.11,36.11,36.09,36.09,32.45
2025-01-19 02:56:00,36.08,36.09,36.06,36.06,88.44
2025-01-19 02:57:00,36.05,36.05,36.05,36.05,9.9
2025-01-19 02:58:00,36.05,36.05,36.05,36.05,17.18
2025-01-19 02:59:00,35.99,36.0,35.93,35.98,548.21
2025-01-19 03:00:00,36.0,36.0,35.93,35.93,16.9
2025-01-19 03:01:00,35.94,35.98,35.94,35.96,66.23
2025-01-19 03:02:00,35.95,36.03,35.94,36.02,77.77
2025-01-19 03:03:00,36.03,36.03,35.98,35.98,21.6
2025-01-19 03:04:00,35.97,36.01,35.97,35.99,340.44
2025-01-19 03:05:00,35.99,36.04,35.99,36.01,34.01
2025-01-19 03:06:00,36.01,36.01,35.95,35.98,64.44
2025-01-19 03:07:00,35.95,35.95,35.91,35.92,70.98
2025-01-19 03:08:00,35.93,35.93,35.86,35.86,190.51
2025-01-19 03:09:00,35.87,35.87,35.84,35.86,14.82
2025-01-19 03:10:00,35.86,35.86,35.75,35.75,199.19
2025-01-19 03:11:00,35.75,35.81,35.75,35.78,149.45
2025-01-19 03:12:00,35.78,35.79,35.75,35.77,12.58
2025-01-19 03:13:00,35.77,35.77,35.76,35.77,16.84
2025-01-19 03:14:00,35.77,35.78,35.76,35.78,36.43
2025-01-19 03:15:00,35.79,35.81,35.75,35.75,61.93
2025-01-19 03:16:00,35.77,35.79,35.76,35.78,2.4
2025-01-19 03:17:00,35.76,35.8,35.76,35.8,2.31
2025-01-19 03:18:00,35.79,35.86,35.79,35.86,147.24
2025-01-19 03:19:00,35.84,35.84,35.84,35.84,10.93
2025-01-19 03:20:00,35.86,35.93,35.86,35.91,264.35
2025-01-19 03:21:00,35.89,35.89,35.87,35.87,14.35
2025-01-19 03:22:00,35.84,35.84,35.81,35.81,88.92
2025-01-19 03:23:00,35.8,35.8,35.79,35.79,20.38
2025-01-19 03:24:00,35.79,35.79,35.69,35.7,48.34
2025-01-19 03:25:00,35.71,35.74,35.67,35.68,23.66
2025-01-19 03:26:00,35.68,35.68,35.65,35.68,24.35
2025-01-19 03:27:00,35.68,35.68,35.64,35.64,23.72
2025-01-19 03:28:00,35.66,35.68,35.66,35.68,26.81
2025-01-19 03:29:00,35.69,35.73,35.69,35.73,88.12
2025-01-19 03:30:00,35.74,35.79,35.74,35.79,49.01
2025-01-19 03:31:00,35.75,35.75,35.73,35.73,3.58
2025-01-19 03:32:00,35.73,35.73,35.73,35.73,0.36
2025-01-19 03:33:00,35.69,35.69,35.67,35.67,6.7
2025-01-19 03:34:00,35.66,35.67,35.66,35.66,8.83
2025-01-19 03:35:00,35.68,35.68,35.65,35.65,22.92
2025-01-19 03:36:00,35.65,35.71,35.65,35.7,60.95
2025-01-19 03:37:00,35.68,35.68,35.64,35.66,204.53
2025-01-19 03:38:00,35.67,35.7,35.67,35.68,203.47
2025-01-19 03:39:00,35.66,35.69,35.66,35.69,43.83
2025-01-19 03:40:00,35.64,35.64,35.64,35.64,44.71
2025-01-19 03:41:00,35.65,35.65,35.65,35.65,3.01
2025-01-19 03:42:00,35.65,35.69,35.65,35.67,65.79
2025-01-19 03:43:00,35.66,35.75,35.62,35.7,1038.27
2025-01-19 03:44:00,35.68,35.68,35.61,35.64,574.66
2025-01-19 03:45:00,35.65,35.67,35.65,35.67,20.53
2025-01-19 03:46:00,35.67,35.68,35.67,35.68,14.35
2025-01-19 03:47:00,35.71,35.81,35.71,35.81,103.49
2025-01-19 03:48:00,35.77,35.8,35.77,35.8,34.4
2025-01-19 03:49:00,35.8,35.84,35.8,35.84,1.99
2025-01-19 03:50:00,35.86,35.9,35.86,35.89,54.66
2025-01-19 03:51:00,35.88,35.88,35.86,35.86,20.46
2025-01-19 03:52:00,35.82,35.84,35.82,35.84,18.56
2025-01-19 03:53:00,35.84,35.84,35.83,35.84,30.32
2025-01-19 03:54:00,35.85,35.85,35.82,35.82,23.3
2025-01-19 03:55:00,35.81,35.84,35.81,35.82,23.52
2025-01-19 03:56:00,35.82,35.83,35.82,35.83,0.48
2025-01-19 03:57:00,35.8,35.8,35.72,35.72,127.39
2025-01-19 03:58:00,35.71,35.71,35.7,35.71,6.38
2025-01-19 03:59:00,35.71,35.71,35.65,35.66,241.33
2025-01-19 04:00:00,35.66,35.66,35.58,35.58,42.77
2025-01-19 04:01:00,35.57,35.57,35.53,35.56,147.01
2025-01-19 04:02:00,35.56,35.56,35.56,35.56,0.0
2025-01-19 04:03:00,35.53,35.53,35.53,35.53,35.96
2025-01-19 04:04:00,35.52,35.56,35.5,35.56,20.1
2025-01-19 04:05:00,35.55,35.59,35.55,35.57,21.99
2025-01-19 04:06:00,35.59,35.6,35.57,35.57,51.12
2025-01-19 04:07:00,35.59,35.62,35.57,35.59,610.24
2025-01-19 04:08:00,35.55,35.55,35.53,35.53,34.61
2025-01-19 04:09:00,35.51,35.54,35.47,35.47,246.18
2025-01-19 04:10:00,35.46,35.49,35.45,35.46,45.17
2025-01-19 04:11:00,35.43,35.43,35.43,35.43,9.9
2025-01-19 04:12:00,35.43,35.43,35.42,35.42,16.1
2025-01-19 04:13:00,35.44,35.54,35.44,35.54,151.27
2025-01-19 04:14:00,35.58,35.6,35.55,35.57,902.23
2025-01-19 04:15:00,35.56,35.62,35.53,35.57,343.42
2025-01-19 04:16:00,35.58,35.58,35.43,35.44,201.69
2025-01-19 04:17:00,35.47,35.51,35.33,35.34,834.56
2025-01-19 04:18:00,35.35,35.37,35.25,35.29,627.44
2025-01-19 04:19:00,35.3,35.42,35.3,35.33,199.86
2025-01-19 04:20:00,35.33,35.34,35.31,35.34,119.73
2025-01-19 04:21:00,35.43,35.5,35.43,35.45,79.49
2025-01-19 04:22:00,35.49,35.5,35.42,35.42,91.43
2025-01-19 04:23:00,35.44,35.54,35.41,35.53,486.92
2025-01-19 04:24:00,35.54,35.56,35.5,35.5,214.21
2025-01-19 04:25:00,35.56,35.62,35.56,35.61,815.24
2025-01-19 04:26:00,35.57,35.59,35.5,35.51,4284.13
2025-01-19 04:27:00,35.5,35.52,35.45,35.46,341.33
2025-01-19 04:28:00,35.45,35.55,35.45,35.52,258.79
2025-01-19 04:29:00,35.54,35.55,35.49,35.49,33.41
2025-01-19 04:30:00,35.48,35.48,35.35,35.35,242.3
2025-01-19 04:31:00,35.35,35.37,35.32,35.37,354.41
2025-01-19 04:32:00,35.38,35.39,35.27,35.31,173.23
2025-01-19 04:33:00,35.32,35.32,35.27,35.28,69.1
2025-01-19 04:34:00,35.25,35.28,35.23,35.28,18.83
2025-01-19 04:35:00,35.31,35.36,35.31,35.34,97.8
2025-01-19 04:36:00,35.36,35.39,35.34,35.38,249.12
2025-01-19 04:37:00,35.38,35.43,35.37,35.43,440.52
2025-01-19 04:38:00,35.41,35.46,35.39,35.46,63.6
2025-01-19 04:39:00,35.47,35.48,35.42,35.47,99.05
2025-01-19 04:40:00,35.46,35.46,35.43,35.43,48.13
2025-01-19 04:41:00,35.39,35.41,35.34,35.34,146.18
2025-01-19 04:42:00,35.35,35.41,35.34,35.41,139.25
2025-01-19 04:43:00,35.41,35.42,35.4,35.4,33.81
2025-01-19 04:44:00,35.4,35.4,35.32,35.33,145.71
2025-01-19 04:45:00,35.37,35.37,35.31,35.31,108.17
2025-01-19 04:46:00,35.3,35.38,35.29,35.38,33.39
2025-01-19 04:47:00,35.42,35.5,35.42,35.48,463.83
2025-01-19 04:48:00,35.5,35.5,35.47,35.47,10.09
2025-01-19 04:49:00,35.46,35.46,35.42,35.43,68.4
2025-01-19 04:50:00,35.45,35.51,35.45,35.45,163.64
2025-01-19 04:51:00,35.42,35.42,35.34,35.34,136.1
2025-01-19 04:52:00,35.4,35.4,35.39,35.39,2.51
2025-01-19 04:53:00,35.4,35.42,35.38,35.42,201.46
2025-01-19 04:54:00,35.42,35.43,35.38,35.41,184.79
2025-01-19 04:55:00,35.39,35.39,35.33,35.33,35.44
2025-01-19 04:56:00,35.31,35.31,35.3,35.31,9.22
2025-01-19 04:57:00,35.28,35.31,35.25,35.29,4075.46
2025-01-19 04:58:00,35.27,35.28,35.25,35.25,15.55
2025-01-19 04:59:00,35.28,35.3,35.24,35.29,341.16
2025-01-19 05:00:00,35.28,35.35,35.26,35.35,1309.73
2025-01-19 05:01:00,35.35,35.35,35.28,35.31,169.28
2025-01-19 05:02:00,35.29,35.29,35.19,35.22,303.88
2025-01-19 05:03:00,35.24,35.3,35.22,35.22,183.93
2025-01-19 05:04:00,35.22,35.25,35.15,35.16,214.29
2025-01-19 05:05:00,35.14,35.17,35.11,35.15,470.2
2025-01-19 05:06:00,35.18,35.25,35.18,35.22,24.96
2025-01-19 05:07:00,35.26,35.3,35.25,35.25,147.1
2025-01-19 05:08:00,35.24,35.25,35.18,35.19,81.93
2025-01-19 05:09:00,35.21,35.21,35.08,35.11,1800.7
2025-01-19 05:10:00,35.14,35.14,35.09,35.09,34.15
2025-01-19 05:11:00,35.08,35.08,35.04,35.08,149.73
2025-01-19 05:12:00,35.05,35.08,35.05,35.08,47.18
2025-01-19 05:13:00,35.08,35.08,34.96,34.96,503.68
2025-01-19 05:14:00,34.99,35.0,34.98,34.98,52.56
2025-01-19 05:15:00,34.97,34.99,34.9,34.92,964.69
2025-01-19 05:16:00,34.91,35.05,34.91,35.04,349.72
2025-01-19 05:17:00,35.01,35.02,34.94,34.94,153.28
2025-01-19 05:18:00,34.92,34.95,34.92,34.93,87.85
2025-01-19 05:19:00,34.91,34.98,34.9,34.98,189.59
2025-01-19 05:20:00,35.0,35.03,35.0,35.03,13.67
2025-01-19 05:21:00,35.02,35.11,35.02,35.11,100.17
2025-01-19 05:22:00,35.13,35.17,35.13,35.15,220.43
2025-01-19 05:23:00,35.17,35.19,35.17,35.18,17.56
2025-01-19 05:24:00,35.14,35.15,35.13,35.15,86.26
2025-01-19 05:25:00,35.17,35.17,35.14,35.15,48.36
2025-01-19 05:26:00,35.16,35.18,35.14,35.16,257.19
2025-01-19 05:27:00,35.15,35.18,35.15,35.18,626.84
2025-01-19 05:28:00,35.15,35.17,35.15,35.17,377.25
2025-01-19 05:29:00,35.18,35.21,35.17,35.2,295.22
2025-01-19 05:30:00,35.2,35.2,35.15,35.17,102.78
2025-01-19 05:31:00,35.15,35.2,35.11,35.11,1010.18
2025-01-19 05:32:00,35.09,35.11,35.09,35.11,407.62
2025-01-19 05:33:00,35.1,35.16,35.1,35.16,615.32
2025-01-19 05:34:00,35.11,35.12,35.11,35.12,18.39
2025-01-19 05:35:00,35.09,35.11,35.05,35.06,1503.67
2025-01-19 05:36:00,35.1,35.16,35.1,35.16,14.98
2025-01-19 05:37:00,35.15,35.15,35.15,35.15,41.19
2025-01-19 05:38:00,35.16,35.18,35.16,35.18,38.37
2025-01-19 05:39:00,35.16,35.17,35.12,35.13,103.47
2025-01-19 05:40:00,35.12,35.12,35.05,35.05,185.19
2025-01-19 05:41:00,35.05,35.05,35.01,35.01,22.68
2025-01-19 05:42:00,35.01,35.13,35.01,35.09,645.67
2025-01-19 05:43:00,35.1,35.12,35.09,35.12,206.29
2025-01-19 05:44:00,35.1,35.1,35.09,35.09,22.39
2025-01-19 05:45:00,35.15,35.17,35.14,35.17,112.04
2025-01-19 05:46:00,35.13,35.13,35.09,35.1,84.1
2025-01-19 05:47:00,35.08,35.08,35.04,35.06,164.55
2025-01-19 05:48:00,35.05,35.06,35.05,35.05,24.03
2025-01-19 05:49:00,35.06,35.19,35.06,35.19,38.01
2025-01-19 05:50:00,35.19,35.27,35.18,35.27,216.76
2025-01-19 05:51:00,35.26,35.27,35.26,35.27,50.85
2025-01-19 05:52:00,35.28,35.29,35.27,35.28,42.59
2025-01-19 05:53:00,35.27,35.27,35.27,35.27,10.25
2025-01-19 05:54:00,35.3,35.34,35.29,35.34,296.99
2025-01-19 05:55:00,35.35,35.36,35.3,35.36,292.21
2025-01-19 05:56:00,35.39,35.4,35.34,35.38,2505.56
2025-01-19 05:57:00,35.4,35.41,35.38,35.39,104.87
2025-01-19 05:58:00,35.38,35.4,35.38,35.4,7.21
2025-01-19 05:59:00,35.4,35.44,35.4,35.44,49.55
2025-01-19 06:00:00,35.4,35.42,35.39,35.4,92.77
2025-01-19 06:01:00,35.36,35.42,35.34,35.37,101.18
2025-01-19 06:02:00,35.38,35.39,35.36,35.36,76.61
2025-01-19 06:03:00,35.34,35.34,35.28,35.28,42.25
2025-01-19 06:04:00,35.28,35.28,35.23,35.24,51.54
2025-01-19 06:05:00,35.24,35.24,35.24,35.24,0.0
