timestamp,open,high,low,close,volume
2025-01-13 00:00:00,0.4299,0.4299,0.4288,0.4293,4934.0
2025-01-13 00:01:00,0.4291,0.4293,0.4291,0.4293,236.0
2025-01-13 00:02:00,0.4294,0.4294,0.4294,0.4294,4907.0
2025-01-13 00:03:00,0.4297,0.4299,0.4297,0.4299,418.0
2025-01-13 00:04:00,0.4298,0.4306,0.4298,0.4305,5925.0
2025-01-13 00:05:00,0.4303,0.4308,0.43,0.4302,15202.0
2025-01-13 00:06:00,0.4309,0.4325,0.4309,0.4314,26500.0
2025-01-13 00:07:00,0.4315,0.4326,0.4315,0.4323,9059.0
2025-01-13 00:08:00,0.4324,0.433,0.4321,0.4329,6526.0
2025-01-13 00:09:00,0.4328,0.4332,0.4328,0.4329,19614.0
2025-01-13 00:10:00,0.4328,0.4328,0.4325,0.4325,1367.0
2025-01-13 00:11:00,0.4323,0.4323,0.4321,0.4321,1232.0
2025-01-13 00:12:00,0.432,0.4328,0.432,0.4328,1921.0
2025-01-13 00:13:00,0.4326,0.4331,0.4326,0.433,1007.0
2025-01-13 00:14:00,0.4326,0.4329,0.4326,0.4329,1034.0
2025-01-13 00:15:00,0.4332,0.4337,0.4332,0.4332,1929.0
2025-01-13 00:16:00,0.4333,0.4339,0.4333,0.4339,1731.0
2025-01-13 00:17:00,0.4332,0.4332,0.432,0.432,1442.0
2025-01-13 00:18:00,0.432,0.4322,0.432,0.4322,1279.0
2025-01-13 00:19:00,0.4321,0.4321,0.4321,0.4321,36.0
2025-01-13 00:20:00,0.4318,0.4318,0.4315,0.4315,816.0
2025-01-13 00:21:00,0.4314,0.4314,0.4314,0.4314,13.0
2025-01-13 00:22:00,0.4313,0.4314,0.4313,0.4314,91.0
2025-01-13 00:23:00,0.4317,0.4322,0.4317,0.4322,1248.0
2025-01-13 00:24:00,0.4323,0.4325,0.4322,0.4323,6984.0
2025-01-13 00:25:00,0.4329,0.4329,0.4329,0.4329,12.0
2025-01-13 00:26:00,0.433,0.4343,0.4329,0.4343,3671.0
2025-01-13 00:27:00,0.4345,0.4355,0.4344,0.4354,18231.0
2025-01-13 00:28:00,0.4354,0.438,0.4354,0.4362,68344.0
2025-01-13 00:29:00,0.4362,0.4374,0.4362,0.4364,15578.0
2025-01-13 00:30:00,0.4365,0.4378,0.4365,0.4377,13290.0
2025-01-13 00:31:00,0.4376,0.4383,0.4372,0.4383,6010.0
2025-01-13 00:32:00,0.4386,0.4392,0.4383,0.4383,21915.0
2025-01-13 00:33:00,0.4382,0.439,0.4379,0.439,10229.0
2025-01-13 00:34:00,0.439,0.4395,0.4389,0.4389,45405.0
2025-01-13 00:35:00,0.4385,0.4393,0.4385,0.4392,5777.0
2025-01-13 00:36:00,0.4391,0.4399,0.4391,0.4398,10251.0
2025-01-13 00:37:00,0.4398,0.4402,0.4393,0.4394,8051.0
2025-01-13 00:38:00,0.4394,0.4395,0.4386,0.4395,10846.0
2025-01-13 00:39:00,0.4397,0.4405,0.4396,0.4396,3940.0
2025-01-13 00:40:00,0.4402,0.4402,0.4391,0.4396,51962.0
2025-01-13 00:41:00,0.44,0.4402,0.4397,0.4402,9366.0
2025-01-13 00:42:00,0.4403,0.441,0.44,0.44,23561.0
2025-01-13 00:43:00,0.44,0.4401,0.4394,0.4394,2859.0
2025-01-13 00:44:00,0.4394,0.4394,0.4383,0.4384,7878.0
2025-01-13 00:45:00,0.4391,0.4391,0.438,0.438,7114.0
2025-01-13 00:46:00,0.4377,0.4381,0.4372,0.4381,18954.0
2025-01-13 00:47:00,0.4381,0.4381,0.4376,0.4379,2383.0
2025-01-13 00:48:00,0.4378,0.4381,0.4378,0.4381,239.0
2025-01-13 00:49:00,0.4378,0.4382,0.4376,0.4379,974.0
2025-01-13 00:50:00,0.4385,0.4389,0.4385,0.4385,2812.0
2025-01-13 00:51:00,0.4387,0.439,0.4383,0.4383,688.0
2025-01-13 00:52:00,0.4384,0.4386,0.4384,0.4386,90.0
2025-01-13 00:53:00,0.4382,0.4383,0.4379,0.438,2775.0
2025-01-13 00:54:00,0.4382,0.4382,0.438,0.438,650.0
2025-01-13 00:55:00,0.4379,0.4379,0.4372,0.4372,1188.0
2025-01-13 00:56:00,0.4376,0.4377,0.4376,0.4377,597.0
2025-01-13 00:57:00,0.4374,0.4374,0.4374,0.4374,76.0
2025-01-13 00:58:00,0.4373,0.4373,0.4371,0.4372,106.0
2025-01-13 00:59:00,0.4372,0.4372,0.4371,0.4371,58.0
2025-01-13 01:00:00,0.4371,0.4374,0.4371,0.4374,431.0
2025-01-13 01:01:00,0.4374,0.4376,0.437,0.4376,1103.0
2025-01-13 01:02:00,0.4376,0.4376,0.4363,0.4363,7743.0
2025-01-13 01:03:00,0.436,0.436,0.4357,0.4357,6155.0
2025-01-13 01:04:00,0.4359,0.4365,0.4359,0.4365,241.0
2025-01-13 01:05:00,0.4361,0.4361,0.4356,0.4356,890.0
2025-01-13 01:06:00,0.4355,0.4355,0.4352,0.4354,1061.0
2025-01-13 01:07:00,0.4355,0.4357,0.4351,0.4353,2852.0
2025-01-13 01:08:00,0.435,0.435,0.4349,0.435,1119.0
2025-01-13 01:09:00,0.4351,0.4355,0.4351,0.4353,5464.0
2025-01-13 01:10:00,0.4353,0.4356,0.4353,0.4356,53.0
2025-01-13 01:11:00,0.4351,0.4352,0.4347,0.4347,5686.0
2025-01-13 01:12:00,0.4346,0.435,0.4345,0.4348,2005.0
2025-01-13 01:13:00,0.4345,0.4345,0.4339,0.4339,1630.0
2025-01-13 01:14:00,0.4336,0.4336,0.433,0.433,3247.0
2025-01-13 01:15:00,0.4331,0.4331,0.4327,0.4327,522.0
2025-01-13 01:16:00,0.4328,0.4333,0.4319,0.4319,12689.0
2025-01-13 01:17:00,0.4323,0.4326,0.4323,0.4324,13112.0
2025-01-13 01:18:00,0.4321,0.4326,0.4321,0.4326,8654.0
2025-01-13 01:19:00,0.4327,0.4327,0.4326,0.4326,1667.0
2025-01-13 01:20:00,0.4327,0.4329,0.4327,0.4329,59.0
2025-01-13 01:21:00,0.4326,0.4333,0.4326,0.4332,316.0
2025-01-13 01:22:00,0.4332,0.4332,0.4332,0.4332,44.0
2025-01-13 01:23:00,0.4331,0.4335,0.4331,0.4335,498.0
2025-01-13 01:24:00,0.4336,0.4341,0.4336,0.4341,2847.0
2025-01-13 01:25:00,0.434,0.4343,0.4339,0.4339,2668.0
2025-01-13 01:26:00,0.4345,0.4345,0.4343,0.4345,4383.0
2025-01-13 01:27:00,0.4346,0.435,0.4346,0.4347,119.0
2025-01-13 01:28:00,0.4343,0.4343,0.4341,0.4341,313.0
2025-01-13 01:29:00,0.4336,0.4336,0.4336,0.4336,440.0
2025-01-13 01:30:00,0.4338,0.4342,0.4333,0.4334,4192.0
2025-01-13 01:31:00,0.4336,0.4339,0.4336,0.4339,2000.0
2025-01-13 01:32:00,0.4343,0.4351,0.4343,0.4345,460.0
2025-01-13 01:33:00,0.4348,0.435,0.4348,0.435,531.0
2025-01-13 01:34:00,0.435,0.435,0.435,0.435,0.0
2025-01-13 01:35:00,0.4345,0.4347,0.4344,0.4344,179.0
2025-01-13 01:36:00,0.4341,0.4341,0.4338,0.4338,345.0
2025-01-13 01:37:00,0.4335,0.4335,0.433,0.433,328.0
2025-01-13 01:38:00,0.4331,0.4331,0.432,0.4324,4061.0
2025-01-13 01:39:00,0.4327,0.4327,0.4323,0.4323,3253.0
2025-01-13 01:40:00,0.4321,0.4321,0.4316,0.4319,7009.0
2025-01-13 01:41:00,0.4314,0.4314,0.4309,0.431,4286.0
2025-01-13 01:42:00,0.4307,0.4313,0.4306,0.4312,5664.0
2025-01-13 01:43:00,0.4313,0.4316,0.4313,0.4316,4177.0
2025-01-13 01:44:00,0.4316,0.4318,0.4313,0.4313,1147.0
2025-01-13 01:45:00,0.4313,0.4322,0.4313,0.4322,618.0
2025-01-13 01:46:00,0.4323,0.4325,0.432,0.432,243.0
2025-01-13 01:47:00,0.4317,0.4317,0.4313,0.4313,72.0
2025-01-13 01:48:00,0.4313,0.4314,0.4311,0.4311,585.0
2025-01-13 01:49:00,0.4304,0.4304,0.4293,0.4293,4889.0
2025-01-13 01:50:00,0.4293,0.4303,0.4286,0.4288,53612.0
2025-01-13 01:51:00,0.4294,0.4295,0.4288,0.4294,3743.0
2025-01-13 01:52:00,0.4293,0.4297,0.429,0.429,5083.0
2025-01-13 01:53:00,0.429,0.4297,0.4287,0.4287,4811.0
2025-01-13 01:54:00,0.4287,0.4287,0.4282,0.4282,3901.0
2025-01-13 01:55:00,0.4282,0.4288,0.4277,0.4284,24868.0
2025-01-13 01:56:00,0.4284,0.4289,0.4281,0.4287,3631.0
2025-01-13 01:57:00,0.4288,0.429,0.4284,0.4284,3630.0
2025-01-13 01:58:00,0.4283,0.4289,0.4282,0.4289,1858.0
2025-01-13 01:59:00,0.4288,0.429,0.4287,0.429,557.0
2025-01-13 02:00:00,0.429,0.4302,0.4289,0.4295,39903.0
2025-01-13 02:01:00,0.4296,0.4299,0.4293,0.4293,4137.0
2025-01-13 02:02:00,0.4293,0.4293,0.4288,0.4288,1603.0
2025-01-13 02:03:00,0.4285,0.4289,0.4281,0.4288,4470.0
2025-01-13 02:04:00,0.4289,0.4289,0.4283,0.4285,1697.0
2025-01-13 02:05:00,0.4286,0.4288,0.4274,0.4278,12347.0
2025-01-13 02:06:00,0.4278,0.428,0.4271,0.4278,7288.0
2025-01-13 02:07:00,0.4279,0.428,0.4271,0.4272,3391.0
2025-01-13 02:08:00,0.4273,0.4274,0.4271,0.4271,12191.0
2025-01-13 02:09:00,0.4271,0.4273,0.427,0.4272,9135.0
2025-01-13 02:10:00,0.4274,0.4276,0.4273,0.4273,4377.0
2025-01-13 02:11:00,0.4273,0.4273,0.427,0.427,2953.0
2025-01-13 02:12:00,0.4271,0.4271,0.4271,0.4271,14.0
2025-01-13 02:13:00,0.4271,0.4271,0.4271,0.4271,0.0
2025-01-13 02:14:00,0.4276,0.4278,0.4272,0.4272,2674.0
2025-01-13 02:15:00,0.4269,0.4272,0.4269,0.4272,187.0
2025-01-13 02:16:00,0.4277,0.4282,0.4277,0.428,1426.0
2025-01-13 02:17:00,0.4276,0.4278,0.4276,0.4278,298.0
2025-01-13 02:18:00,0.4278,0.4278,0.4278,0.4278,417.0
2025-01-13 02:19:00,0.427,0.4273,0.427,0.427,1003.0
2025-01-13 02:20:00,0.4269,0.4269,0.4265,0.4265,13955.0
2025-01-13 02:21:00,0.4265,0.4265,0.4259,0.4259,3910.0
2025-01-13 02:22:00,0.4259,0.4259,0.4255,0.4255,5551.0
2025-01-13 02:23:00,0.4256,0.4258,0.4252,0.4257,27097.0
2025-01-13 02:24:00,0.4256,0.4258,0.4254,0.4257,1562.0
2025-01-13 02:25:00,0.4256,0.4257,0.4244,0.4253,31931.0
2025-01-13 02:26:00,0.4257,0.426,0.4256,0.4256,1737.0
2025-01-13 02:27:00,0.4255,0.4258,0.4255,0.4257,1033.0
2025-01-13 02:28:00,0.4256,0.4261,0.4255,0.426,16940.0
2025-01-13 02:29:00,0.426,0.426,0.4257,0.426,14435.0
2025-01-13 02:30:00,0.4258,0.4258,0.4249,0.425,9002.0
2025-01-13 02:31:00,0.4249,0.4249,0.4238,0.424,17384.0
2025-01-13 02:32:00,0.424,0.4243,0.4238,0.4238,4221.0
2025-01-13 02:33:00,0.4238,0.424,0.4237,0.424,1660.0
2025-01-13 02:34:00,0.4239,0.4245,0.4232,0.4241,80662.0
2025-01-13 02:35:00,0.424,0.424,0.4233,0.4238,33801.0
2025-01-13 02:36:00,0.4237,0.4237,0.4236,0.4237,455.0
2025-01-13 02:37:00,0.4237,0.4237,0.4229,0.4231,6786.0
2025-01-13 02:38:00,0.423,0.4232,0.4222,0.4224,27059.0
2025-01-13 02:39:00,0.4226,0.4228,0.4225,0.4226,8127.0
2025-01-13 02:40:00,0.4226,0.4228,0.4223,0.4223,3124.0
2025-01-13 02:41:00,0.4222,0.4224,0.4221,0.4222,3529.0
2025-01-13 02:42:00,0.4221,0.4221,0.4211,0.4218,100949.0
2025-01-13 02:43:00,0.4218,0.4226,0.4215,0.4225,28625.0
2025-01-13 02:44:00,0.4224,0.4224,0.4213,0.4213,13858.0
2025-01-13 02:45:00,0.4215,0.4217,0.4208,0.4211,24063.0
2025-01-13 02:46:00,0.4212,0.4212,0.4208,0.421,7592.0
2025-01-13 02:47:00,0.4209,0.4212,0.4203,0.4212,29869.0
2025-01-13 02:48:00,0.4212,0.4213,0.4204,0.4206,7273.0
2025-01-13 02:49:00,0.4205,0.4205,0.4197,0.42,15691.0
2025-01-13 02:50:00,0.4199,0.4201,0.4191,0.4194,12525.0
2025-01-13 02:51:00,0.4194,0.4196,0.4188,0.4196,18335.0
2025-01-13 02:52:00,0.4198,0.4198,0.4189,0.4192,6545.0
2025-01-13 02:53:00,0.4191,0.4198,0.4191,0.4197,13978.0
2025-01-13 02:54:00,0.4197,0.4208,0.4197,0.4206,6700.0
2025-01-13 02:55:00,0.4207,0.4209,0.4204,0.4204,7220.0
2025-01-13 02:56:00,0.4203,0.4207,0.42,0.4203,15075.0
2025-01-13 02:57:00,0.4206,0.4213,0.4206,0.4213,23691.0
2025-01-13 02:58:00,0.4214,0.4224,0.4213,0.4223,26968.0
2025-01-13 02:59:00,0.4223,0.4224,0.422,0.422,7953.0
2025-01-13 03:00:00,0.4223,0.4227,0.4219,0.4225,12510.0
2025-01-13 03:01:00,0.4226,0.4237,0.4226,0.4236,12115.0
2025-01-13 03:02:00,0.4236,0.4237,0.4232,0.4235,9929.0
2025-01-13 03:03:00,0.4237,0.4248,0.4237,0.4248,5753.0
2025-01-13 03:04:00,0.4249,0.4251,0.4248,0.425,8162.0
2025-01-13 03:05:00,0.4247,0.4247,0.4235,0.4241,47375.0
2025-01-13 03:06:00,0.4243,0.4246,0.424,0.4246,1282.0
2025-01-13 03:07:00,0.4247,0.4247,0.4239,0.4239,57.0
2025-01-13 03:08:00,0.4242,0.4242,0.4242,0.4242,888.0
2025-01-13 03:09:00,0.4238,0.4238,0.4231,0.4231,1366.0
2025-01-13 03:10:00,0.4237,0.4237,0.4229,0.4229,3112.0
2025-01-13 03:11:00,0.423,0.423,0.4229,0.423,7983.0
2025-01-13 03:12:00,0.4232,0.4237,0.4232,0.4237,606.0
2025-01-13 03:13:00,0.4238,0.4241,0.4235,0.4237,26660.0
2025-01-13 03:14:00,0.4235,0.4235,0.4231,0.4233,4328.0
2025-01-13 03:15:00,0.4229,0.4229,0.4224,0.4224,6100.0
2025-01-13 03:16:00,0.422,0.4228,0.4217,0.4228,6041.0
2025-01-13 03:17:00,0.423,0.4235,0.4228,0.423,19579.0
2025-01-13 03:18:00,0.4227,0.4228,0.4223,0.4223,153.0
2025-01-13 03:19:00,0.4223,0.4229,0.4223,0.4226,2413.0
2025-01-13 03:20:00,0.4224,0.4228,0.4221,0.4228,11286.0
2025-01-13 03:21:00,0.4228,0.423,0.4219,0.4219,1400.0
2025-01-13 03:22:00,0.4217,0.4217,0.4216,0.4216,143.0
2025-01-13 03:23:00,0.4215,0.422,0.4215,0.4215,3085.0
2025-01-13 03:24:00,0.4216,0.4227,0.4215,0.4227,23301.0
2025-01-13 03:25:00,0.4216,0.4218,0.4215,0.4216,4791.0
2025-01-13 03:26:00,0.4221,0.4231,0.4221,0.4231,3448.0
2025-01-13 03:27:00,0.423,0.4235,0.4228,0.4234,2632.0
2025-01-13 03:28:00,0.4228,0.4228,0.4228,0.4228,159.0
2025-01-13 03:29:00,0.4232,0.4232,0.4231,0.4231,3971.0
2025-01-13 03:30:00,0.4234,0.4238,0.4233,0.4238,12390.0
2025-01-13 03:31:00,0.4237,0.4237,0.4235,0.4235,271.0
2025-01-13 03:32:00,0.4233,0.4233,0.423,0.423,8736.0
2025-01-13 03:33:00,0.4229,0.4229,0.4223,0.4228,1562.0
2025-01-13 03:34:00,0.4228,0.4237,0.4228,0.4236,2253.0
2025-01-13 03:35:00,0.4235,0.424,0.4235,0.424,1340.0
2025-01-13 03:36:00,0.4239,0.4239,0.4237,0.4237,531.0
2025-01-13 03:37:00,0.4241,0.4241,0.4238,0.4238,441.0
2025-01-13 03:38:00,0.4239,0.4239,0.4239,0.4239,1198.0
2025-01-13 03:39:00,0.424,0.424,0.4234,0.4236,5884.0
2025-01-13 03:40:00,0.4236,0.4236,0.4232,0.4232,1440.0
2025-01-13 03:41:00,0.4232,0.4232,0.4228,0.4231,1549.0
2025-01-13 03:42:00,0.4227,0.4227,0.4226,0.4227,1079.0
2025-01-13 03:43:00,0.423,0.4232,0.423,0.4232,882.0
2025-01-13 03:44:00,0.4236,0.4237,0.4236,0.4236,92.0
2025-01-13 03:45:00,0.4234,0.4234,0.4203,0.4208,11480.0
2025-01-13 03:46:00,0.4209,0.4212,0.42,0.4211,9350.0
2025-01-13 03:47:00,0.4211,0.4211,0.4194,0.4194,13300.0
2025-01-13 03:48:00,0.4196,0.4203,0.4193,0.4203,10013.0
2025-01-13 03:49:00,0.42,0.421,0.4193,0.4198,35383.0
2025-01-13 03:50:00,0.4197,0.4199,0.4195,0.4199,4279.0
2025-01-13 03:51:00,0.4197,0.4206,0.4197,0.4205,1869.0
2025-01-13 03:52:00,0.4207,0.4215,0.4207,0.4215,5192.0
2025-01-13 03:53:00,0.4212,0.4219,0.4212,0.4218,1091.0
2025-01-13 03:54:00,0.4217,0.4217,0.4213,0.4214,10633.0
2025-01-13 03:55:00,0.4211,0.4211,0.4207,0.421,2794.0
2025-01-13 03:56:00,0.4209,0.4209,0.4203,0.4207,13471.0
2025-01-13 03:57:00,0.4207,0.4208,0.4204,0.4207,1196.0
2025-01-13 03:58:00,0.4205,0.4211,0.4205,0.421,18586.0
2025-01-13 03:59:00,0.4209,0.4209,0.4205,0.4205,449.0
2025-01-13 04:00:00,0.42,0.42,0.4191,0.4191,12699.0
2025-01-13 04:01:00,0.4191,0.4198,0.4189,0.4189,8173.0
2025-01-13 04:02:00,0.4188,0.4205,0.4188,0.4205,2899.0
2025-01-13 04:03:00,0.4205,0.4213,0.4205,0.4213,1311.0
2025-01-13 04:04:00,0.4209,0.4213,0.4206,0.4206,2171.0
2025-01-13 04:05:00,0.4211,0.4213,0.421,0.4211,214.0
2025-01-13 04:06:00,0.421,0.4211,0.421,0.4211,2086.0
2025-01-13 04:07:00,0.4207,0.4209,0.4207,0.4209,847.0
2025-01-13 04:08:00,0.4211,0.4213,0.4209,0.4209,1749.0
2025-01-13 04:09:00,0.4209,0.4214,0.4209,0.4213,1939.0
2025-01-13 04:10:00,0.4213,0.4214,0.4209,0.4214,2028.0
2025-01-13 04:11:00,0.4215,0.422,0.4215,0.422,327.0
2025-01-13 04:12:00,0.4222,0.4223,0.4219,0.4219,4125.0
2025-01-13 04:13:00,0.4219,0.4221,0.4219,0.422,1582.0
2025-01-13 04:14:00,0.4222,0.4222,0.4218,0.4219,1868.0
2025-01-13 04:15:00,0.4221,0.4229,0.4221,0.4225,1457.0
2025-01-13 04:16:00,0.4227,0.4234,0.4227,0.4234,1687.0
2025-01-13 04:17:00,0.4235,0.4237,0.4233,0.4233,6970.0
2025-01-13 04:18:00,0.4236,0.4238,0.4236,0.4238,523.0
2025-01-13 04:19:00,0.4238,0.4238,0.4238,0.4238,0.0
2025-01-13 04:20:00,0.4238,0.4238,0.4235,0.4235,568.0
2025-01-13 04:21:00,0.4237,0.4237,0.4232,0.4235,1226.0
2025-01-13 04:22:00,0.4235,0.4238,0.4235,0.4235,5894.0
2025-01-13 04:23:00,0.4235,0.4238,0.4235,0.4238,1052.0
2025-01-13 04:24:00,0.424,0.4246,0.424,0.4246,1634.0
2025-01-13 04:25:00,0.4246,0.4255,0.4246,0.4255,2850.0
2025-01-13 04:26:00,0.4258,0.426,0.4254,0.4257,5990.0
2025-01-13 04:27:00,0.4257,0.4257,0.4253,0.4253,1874.0
2025-01-13 04:28:00,0.4253,0.4257,0.4253,0.4253,4080.0
2025-01-13 04:29:00,0.4252,0.4253,0.425,0.425,3971.0
2025-01-13 04:30:00,0.4251,0.4251,0.4245,0.4248,2573.0
2025-01-13 04:31:00,0.4247,0.4255,0.4247,0.4255,2141.0
2025-01-13 04:32:00,0.4251,0.4256,0.4249,0.4254,6705.0
2025-01-13 04:33:00,0.425,0.425,0.425,0.425,14.0
2025-01-13 04:34:00,0.4251,0.4251,0.4248,0.4248,4218.0
2025-01-13 04:35:00,0.4246,0.4246,0.4237,0.4239,8545.0
2025-01-13 04:36:00,0.4243,0.4244,0.4237,0.4237,9984.0
2025-01-13 04:37:00,0.4237,0.4237,0.423,0.423,3012.0
2025-01-13 04:38:00,0.4232,0.4233,0.4232,0.4232,2408.0
2025-01-13 04:39:00,0.423,0.4236,0.423,0.4236,711.0
2025-01-13 04:40:00,0.424,0.4242,0.424,0.4242,225.0
2025-01-13 04:41:00,0.4239,0.4239,0.4239,0.4239,310.0
2025-01-13 04:42:00,0.424,0.4244,0.424,0.4244,1409.0
2025-01-13 04:43:00,0.4244,0.4244,0.4244,0.4244,0.0
2025-01-13 04:44:00,0.4237,0.4237,0.4237,0.4237,304.0
2025-01-13 04:45:00,0.4233,0.4233,0.4226,0.4226,1186.0
2025-01-13 04:46:00,0.4234,0.4237,0.4233,0.4236,1891.0
2025-01-13 04:47:00,0.4232,0.4232,0.4232,0.4232,495.0
2025-01-13 04:48:00,0.4227,0.4228,0.4227,0.4228,1285.0
2025-01-13 04:49:00,0.4225,0.4229,0.4225,0.4226,1325.0
2025-01-13 04:50:00,0.423,0.423,0.4229,0.4229,4128.0
2025-01-13 04:51:00,0.4232,0.4235,0.4232,0.4235,1853.0
2025-01-13 04:52:00,0.4234,0.4234,0.4234,0.4234,1661.0
2025-01-13 04:53:00,0.4227,0.4229,0.4227,0.4229,567.0
2025-01-13 04:54:00,0.4231,0.4231,0.4228,0.4228,320.0
2025-01-13 04:55:00,0.4228,0.4228,0.4225,0.4227,1455.0
2025-01-13 04:56:00,0.4223,0.4226,0.4223,0.4226,196.0
2025-01-13 04:57:00,0.4228,0.4229,0.4227,0.4229,4359.0
2025-01-13 04:58:00,0.4225,0.4227,0.4224,0.4227,612.0
2025-01-13 04:59:00,0.4229,0.4231,0.4229,0.4231,2579.0
2025-01-13 05:00:00,0.4229,0.4233,0.4229,0.4231,477.0
2025-01-13 05:01:00,0.4228,0.4228,0.4224,0.4225,600.0
2025-01-13 05:02:00,0.4224,0.4226,0.4223,0.4223,1486.0
2025-01-13 05:03:00,0.4221,0.4221,0.4221,0.4221,259.0
2025-01-13 05:04:00,0.4217,0.4217,0.4215,0.4215,2215.0
2025-01-13 05:05:00,0.4212,0.4213,0.4211,0.4213,2006.0
2025-01-13 05:06:00,0.421,0.421,0.4203,0.4203,7361.0
2025-01-13 05:07:00,0.4204,0.4219,0.4204,0.4219,891.0
2025-01-13 05:08:00,0.4219,0.4219,0.4219,0.4219,0.0
2025-01-13 05:09:00,0.4215,0.4215,0.421,0.421,868.0
2025-01-13 05:10:00,0.4208,0.421,0.4208,0.421,1081.0
2025-01-13 05:11:00,0.4208,0.421,0.4205,0.4205,174.0
2025-01-13 05:12:00,0.4207,0.4207,0.4206,0.4206,75.0
2025-01-13 05:13:00,0.4208,0.4208,0.4202,0.4202,63.0
2025-01-13 05:14:00,0.4204,0.4208,0.4204,0.4208,153.0
2025-01-13 05:15:00,0.4208,0.4215,0.4208,0.4215,138.0
2025-01-13 05:16:00,0.4217,0.4218,0.4214,0.4214,142.0
2025-01-13 05:17:00,0.4214,0.4214,0.4213,0.4213,1143.0
2025-01-13 05:18:00,0.4209,0.4211,0.4209,0.4211,809.0
2025-01-13 05:19:00,0.4215,0.4218,0.4215,0.4215,1214.0
2025-01-13 05:20:00,0.421,0.4213,0.421,0.4213,158.0
2025-01-13 05:21:00,0.4216,0.4224,0.4216,0.4224,2461.0
2025-01-13 05:22:00,0.4222,0.4223,0.4219,0.4219,368.0
2025-01-13 05:23:00,0.4214,0.4214,0.4214,0.4214,15.0
2025-01-13 05:24:00,0.4211,0.4211,0.4208,0.4208,359.0
2025-01-13 05:25:00,0.4202,0.4202,0.42,0.4201,587.0
2025-01-13 05:26:00,0.4202,0.4203,0.4195,0.4195,5360.0
2025-01-13 05:27:00,0.4196,0.4202,0.4193,0.4201,24701.0
2025-01-13 05:28:00,0.42,0.42,0.4198,0.4199,986.0
2025-01-13 05:29:00,0.4201,0.4203,0.4201,0.4203,325.0
2025-01-13 05:30:00,0.4203,0.4207,0.4196,0.4207,1903.0
2025-01-13 05:31:00,0.4206,0.4206,0.4199,0.4199,2105.0
2025-01-13 05:32:00,0.4194,0.4194,0.4194,0.4194,53.0
2025-01-13 05:33:00,0.4193,0.4193,0.4193,0.4193,1305.0
2025-01-13 05:34:00,0.4193,0.4197,0.4193,0.4195,1022.0
2025-01-13 05:35:00,0.4195,0.4197,0.419,0.4195,1414.0
2025-01-13 05:36:00,0.4194,0.4197,0.4193,0.4196,3047.0
2025-01-13 05:37:00,0.4197,0.4197,0.4193,0.4193,2359.0
2025-01-13 05:38:00,0.4189,0.4189,0.4185,0.4189,6157.0
2025-01-13 05:39:00,0.4188,0.419,0.4185,0.4186,2025.0
2025-01-13 05:40:00,0.4187,0.4192,0.4184,0.4184,4506.0
2025-01-13 05:41:00,0.4185,0.4196,0.4183,0.4196,4759.0
2025-01-13 05:42:00,0.4197,0.42,0.4194,0.4195,3217.0
2025-01-13 05:43:00,0.4195,0.4195,0.4189,0.4189,4056.0
2025-01-13 05:44:00,0.4189,0.4191,0.4188,0.419,2889.0
2025-01-13 05:45:00,0.4191,0.4191,0.4179,0.4182,6439.0
2025-01-13 05:46:00,0.4183,0.4184,0.4182,0.4183,3481.0
2025-01-13 05:47:00,0.4184,0.4185,0.4174,0.4178,24886.0
2025-01-13 05:48:00,0.4178,0.418,0.4177,0.4177,1982.0
2025-01-13 05:49:00,0.4178,0.4178,0.4173,0.4178,5960.0
2025-01-13 05:50:00,0.4179,0.4183,0.4179,0.418,9171.0
2025-01-13 05:51:00,0.4181,0.4189,0.4179,0.4189,8962.0
2025-01-13 05:52:00,0.419,0.4191,0.4187,0.419,2648.0
2025-01-13 05:53:00,0.4192,0.4199,0.4192,0.4197,6121.0
2025-01-13 05:54:00,0.4196,0.4196,0.4194,0.4194,7886.0
2025-01-13 05:55:00,0.4194,0.4197,0.4193,0.4195,2700.0
2025-01-13 05:56:00,0.4195,0.4195,0.4188,0.4189,4971.0
2025-01-13 05:57:00,0.4189,0.4191,0.4186,0.4186,3413.0
2025-01-13 05:58:00,0.4187,0.4188,0.4186,0.4186,1251.0
2025-01-13 05:59:00,0.4185,0.4187,0.4185,0.4187,603.0
2025-01-13 06:00:00,0.4186,0.419,0.4184,0.4189,1296.0
2025-01-13 06:01:00,0.4184,0.4184,0.4183,0.4184,1302.0
2025-01-13 06:02:00,0.418,0.418,0.4173,0.4173,9019.0
2025-01-13 06:03:00,0.4174,0.4183,0.4174,0.4183,7594.0
2025-01-13 06:04:00,0.4182,0.4188,0.418,0.4188,4109.0
2025-01-13 06:05:00,0.4188,0.4199,0.4188,0.4199,3547.0
2025-01-13 06:06:00,0.4198,0.42,0.4196,0.4199,1557.0
2025-01-13 06:07:00,0.4198,0.4204,0.4195,0.4204,1814.0
2025-01-13 06:08:00,0.4197,0.42,0.4197,0.42,1441.0
2025-01-13 06:09:00,0.4197,0.4197,0.4194,0.4194,5107.0
2025-01-13 06:10:00,0.4195,0.4199,0.4195,0.4199,2687.0
2025-01-13 06:11:00,0.42,0.42,0.4197,0.4197,351.0
2025-01-13 06:12:00,0.4196,0.4196,0.4196,0.4196,225.0
2025-01-13 06:13:00,0.4195,0.4199,0.4195,0.4199,724.0
2025-01-13 06:14:00,0.4199,0.4199,0.4199,0.4199,0.0
2025-01-13 06:15:00,0.4197,0.4197,0.4191,0.4192,3189.0
2025-01-13 06:16:00,0.4186,0.4186,0.4186,0.4186,509.0
2025-01-13 06:17:00,0.4185,0.4185,0.4183,0.4183,478.0
2025-01-13 06:18:00,0.4183,0.4186,0.4181,0.4185,7922.0
2025-01-13 06:19:00,0.4188,0.4189,0.4185,0.4188,5601.0
2025-01-13 06:20:00,0.4179,0.4181,0.4179,0.4181,780.0
2025-01-13 06:21:00,0.4181,0.4184,0.4181,0.4184,3199.0
2025-01-13 06:22:00,0.4187,0.4188,0.4185,0.4185,838.0
2025-01-13 06:23:00,0.4186,0.4187,0.4186,0.4187,2146.0
2025-01-13 06:24:00,0.4185,0.4185,0.4185,0.4185,1754.0
2025-01-13 06:25:00,0.4188,0.4188,0.4183,0.4183,2128.0
2025-01-13 06:26:00,0.4181,0.4181,0.4179,0.4181,2351.0
2025-01-13 06:27:00,0.4178,0.4178,0.4167,0.4167,2411.0
2025-01-13 06:28:00,0.4169,0.4169,0.416,0.4164,33871.0
2025-01-13 06:29:00,0.4166,0.4168,0.4166,0.4168,1137.0
2025-01-13 06:30:00,0.4168,0.4178,0.4167,0.4177,5340.0
2025-01-13 06:31:00,0.4176,0.4176,0.417,0.417,2161.0
2025-01-13 06:32:00,0.4171,0.4172,0.4165,0.4166,7183.0
2025-01-13 06:33:00,0.4165,0.4167,0.4161,0.4166,2970.0
2025-01-13 06:34:00,0.4165,0.4168,0.416,0.416,7571.0
2025-01-13 06:35:00,0.4159,0.4159,0.4153,0.4155,10280.0
2025-01-13 06:36:00,0.4155,0.4159,0.4148,0.4149,19743.0
2025-01-13 06:37:00,0.415,0.4155,0.4146,0.415,12023.0
2025-01-13 06:38:00,0.4151,0.4155,0.4147,0.4149,26888.0
2025-01-13 06:39:00,0.4153,0.4156,0.415,0.4151,3332.0
2025-01-13 06:40:00,0.4151,0.4155,0.4149,0.4155,7998.0
2025-01-13 06:41:00,0.4156,0.4157,0.4144,0.4146,34198.0
2025-01-13 06:42:00,0.4147,0.4148,0.4142,0.4145,10800.0
2025-01-13 06:43:00,0.4144,0.4148,0.414,0.4145,3921.0
2025-01-13 06:44:00,0.4144,0.4147,0.4142,0.4147,1809.0
2025-01-13 06:45:00,0.4148,0.4148,0.4143,0.4144,10433.0
2025-01-13 06:46:00,0.4143,0.4143,0.4135,0.4135,18920.0
2025-01-13 06:47:00,0.4134,0.4134,0.4123,0.4124,48229.0
2025-01-13 06:48:00,0.4124,0.4132,0.4124,0.4129,18632.0
2025-01-13 06:49:00,0.4127,0.4139,0.4126,0.4128,5274.0
2025-01-13 06:50:00,0.4127,0.4132,0.4123,0.4125,6131.0
2025-01-13 06:51:00,0.4125,0.4125,0.4112,0.4114,8653.0
2025-01-13 06:52:00,0.4116,0.4124,0.4112,0.4119,7839.0
2025-01-13 06:53:00,0.4123,0.4123,0.4111,0.4111,3689.0
2025-01-13 06:54:00,0.4111,0.4111,0.41,0.4106,32536.0
2025-01-13 06:55:00,0.4106,0.4107,0.4097,0.4103,19439.0
2025-01-13 06:56:00,0.4106,0.411,0.4101,0.4108,11338.0
2025-01-13 06:57:00,0.4107,0.4115,0.4104,0.4109,6129.0
2025-01-13 06:58:00,0.4111,0.412,0.4111,0.4114,4023.0
2025-01-13 06:59:00,0.4113,0.4119,0.411,0.4117,4067.0
2025-01-13 07:00:00,0.4116,0.4125,0.4116,0.4119,7061.0
2025-01-13 07:01:00,0.412,0.4125,0.4119,0.4125,7933.0
2025-01-13 07:02:00,0.4125,0.4125,0.4116,0.4118,13408.0
2025-01-13 07:03:00,0.412,0.4121,0.4112,0.4117,2297.0
2025-01-13 07:04:00,0.4119,0.4127,0.4118,0.4118,4626.0
2025-01-13 07:05:00,0.4118,0.4118,0.4104,0.4104,9445.0
2025-01-13 07:06:00,0.4104,0.4104,0.4099,0.4099,10674.0
2025-01-13 07:07:00,0.41,0.4105,0.4097,0.4102,7515.0
2025-01-13 07:08:00,0.4103,0.4119,0.4103,0.4115,5374.0
2025-01-13 07:09:00,0.4114,0.4123,0.411,0.4123,32377.0
2025-01-13 07:10:00,0.4124,0.4134,0.4124,0.4131,25267.0
2025-01-13 07:11:00,0.413,0.413,0.4123,0.4123,2226.0
2025-01-13 07:12:00,0.4123,0.4124,0.4119,0.4119,3272.0
2025-01-13 07:13:00,0.4119,0.4121,0.4117,0.4121,2171.0
2025-01-13 07:14:00,0.4122,0.4122,0.4112,0.4112,5450.0
2025-01-13 07:15:00,0.411,0.411,0.4103,0.4108,4550.0
2025-01-13 07:16:00,0.4106,0.4112,0.4106,0.4108,640.0
2025-01-13 07:17:00,0.4109,0.4118,0.4109,0.4118,1899.0
2025-01-13 07:18:00,0.412,0.4123,0.412,0.4123,2452.0
2025-01-13 07:19:00,0.4124,0.4125,0.4124,0.4125,4698.0
2025-01-13 07:20:00,0.4123,0.4128,0.4123,0.4128,3469.0
2025-01-13 07:21:00,0.4129,0.413,0.4129,0.4129,1049.0
2025-01-13 07:22:00,0.413,0.4135,0.413,0.4132,576.0
2025-01-13 07:23:00,0.4131,0.4131,0.4131,0.4131,20.0
2025-01-13 07:24:00,0.4131,0.4131,0.413,0.4131,651.0
2025-01-13 07:25:00,0.4131,0.4132,0.413,0.413,795.0
2025-01-13 07:26:00,0.4128,0.4128,0.4128,0.4128,4469.0
2025-01-13 07:27:00,0.4131,0.4131,0.4131,0.4131,1234.0
2025-01-13 07:28:00,0.4133,0.4136,0.4133,0.4136,668.0
2025-01-13 07:29:00,0.4136,0.4136,0.4135,0.4136,1730.0
2025-01-13 07:30:00,0.4135,0.4135,0.413,0.413,6817.0
2025-01-13 07:31:00,0.4128,0.413,0.4126,0.4126,1162.0
2025-01-13 07:32:00,0.4128,0.4137,0.4128,0.4137,3530.0
2025-01-13 07:33:00,0.414,0.414,0.414,0.414,1024.0
2025-01-13 07:34:00,0.4135,0.4135,0.4135,0.4135,13.0
2025-01-13 07:35:00,0.414,0.4148,0.414,0.4148,9273.0
2025-01-13 07:36:00,0.4149,0.4156,0.4149,0.4153,14220.0
2025-01-13 07:37:00,0.4153,0.4153,0.415,0.415,3793.0
2025-01-13 07:38:00,0.415,0.4152,0.4149,0.4149,6641.0
2025-01-13 07:39:00,0.4146,0.4146,0.4144,0.4145,161.0
2025-01-13 07:40:00,0.4143,0.4143,0.4141,0.4143,603.0
2025-01-13 07:41:00,0.4145,0.4147,0.4145,0.4147,803.0
2025-01-13 07:42:00,0.4148,0.415,0.4148,0.4149,1531.0
2025-01-13 07:43:00,0.415,0.415,0.4147,0.4147,3153.0
2025-01-13 07:44:00,0.4147,0.4147,0.4147,0.4147,0.0
2025-01-13 07:45:00,0.4147,0.4147,0.4144,0.4144,5813.0
2025-01-13 07:46:00,0.4141,0.4144,0.414,0.4144,3231.0
2025-01-13 07:47:00,0.4142,0.4142,0.414,0.4141,2847.0
2025-01-13 07:48:00,0.414,0.4142,0.4137,0.4138,2369.0
2025-01-13 07:49:00,0.4132,0.4132,0.4129,0.413,2798.0
2025-01-13 07:50:00,0.4129,0.4131,0.4124,0.4131,2815.0
2025-01-13 07:51:00,0.4131,0.4133,0.4129,0.4131,1292.0
2025-01-13 07:52:00,0.4128,0.413,0.4128,0.413,1275.0
2025-01-13 07:53:00,0.4128,0.4129,0.4128,0.4128,144.0
2025-01-13 07:54:00,0.4128,0.4131,0.4128,0.4131,293.0
2025-01-13 07:55:00,0.4131,0.4131,0.4131,0.4131,0.0
2025-01-13 07:56:00,0.4129,0.4131,0.4129,0.4131,560.0
2025-01-13 07:57:00,0.413,0.4131,0.4129,0.4129,904.0
2025-01-13 07:58:00,0.4129,0.4131,0.4128,0.4131,1256.0
2025-01-13 07:59:00,0.4133,0.4134,0.4133,0.4134,589.0
2025-01-13 08:00:00,0.4135,0.4142,0.4132,0.4132,3450.0
2025-01-13 08:01:00,0.413,0.4131,0.4127,0.4127,3829.0
2025-01-13 08:02:00,0.4131,0.4131,0.4127,0.4131,1095.0
2025-01-13 08:03:00,0.4131,0.4132,0.4124,0.4124,1824.0
2025-01-13 08:04:00,0.4123,0.4125,0.4118,0.412,13372.0
2025-01-13 08:05:00,0.4121,0.4123,0.4116,0.4116,6567.0
2025-01-13 08:06:00,0.4117,0.4117,0.4114,0.4114,5722.0
2025-01-13 08:07:00,0.4112,0.4114,0.4112,0.4113,4852.0
2025-01-13 08:08:00,0.4111,0.4111,0.4108,0.4108,1084.0
2025-01-13 08:09:00,0.4107,0.4108,0.4103,0.4103,21714.0
2025-01-13 08:10:00,0.4105,0.4105,0.4096,0.4096,9879.0
2025-01-13 08:11:00,0.4097,0.41,0.4091,0.4093,18436.0
2025-01-13 08:12:00,0.4093,0.4097,0.4091,0.4092,3375.0
2025-01-13 08:13:00,0.4091,0.4092,0.4089,0.409,14997.0
2025-01-13 08:14:00,0.4091,0.4097,0.409,0.4096,3280.0
2025-01-13 08:15:00,0.4096,0.4102,0.4095,0.4098,3059.0
2025-01-13 08:16:00,0.4098,0.4098,0.409,0.4091,7420.0
2025-01-13 08:17:00,0.409,0.409,0.4078,0.4079,17288.0
2025-01-13 08:18:00,0.408,0.408,0.4074,0.4075,10270.0
2025-01-13 08:19:00,0.4077,0.4078,0.4071,0.4076,10439.0
2025-01-13 08:20:00,0.4076,0.4087,0.4075,0.4083,7535.0
2025-01-13 08:21:00,0.4083,0.4083,0.4078,0.4078,3923.0
2025-01-13 08:22:00,0.4078,0.4081,0.4066,0.4069,19771.0
2025-01-13 08:23:00,0.407,0.407,0.4051,0.4056,44253.0
2025-01-13 08:24:00,0.4056,0.4071,0.4056,0.4065,11612.0
2025-01-13 08:25:00,0.4066,0.4072,0.4062,0.4071,14064.0
2025-01-13 08:26:00,0.4074,0.4079,0.4074,0.4076,4833.0
2025-01-13 08:27:00,0.4078,0.4081,0.4072,0.4073,5350.0
2025-01-13 08:28:00,0.4075,0.4079,0.4074,0.4075,6036.0
2025-01-13 08:29:00,0.4075,0.4075,0.4069,0.4075,6801.0
2025-01-13 08:30:00,0.4075,0.4079,0.407,0.4072,15120.0
2025-01-13 08:31:00,0.4075,0.4085,0.4075,0.4082,6547.0
2025-01-13 08:32:00,0.4081,0.4081,0.4071,0.4071,18296.0
2025-01-13 08:33:00,0.4072,0.4074,0.4068,0.4071,22365.0
2025-01-13 08:34:00,0.4072,0.4081,0.407,0.4079,5738.0
2025-01-13 08:35:00,0.4079,0.4089,0.4078,0.4089,6383.0
2025-01-13 08:36:00,0.409,0.4093,0.4089,0.409,2286.0
2025-01-13 08:37:00,0.4089,0.4089,0.4083,0.4083,6029.0
2025-01-13 08:38:00,0.4084,0.4084,0.4082,0.4084,901.0
2025-01-13 08:39:00,0.4084,0.4088,0.4084,0.4088,12897.0
2025-01-13 08:40:00,0.4089,0.4089,0.4086,0.4088,1918.0
2025-01-13 08:41:00,0.4087,0.4087,0.4084,0.4084,4603.0
2025-01-13 08:42:00,0.4085,0.4087,0.4083,0.4083,12758.0
2025-01-13 08:43:00,0.4082,0.4083,0.4082,0.4083,562.0
2025-01-13 08:44:00,0.4086,0.4088,0.4086,0.4088,56.0
2025-01-13 08:45:00,0.4086,0.4087,0.4084,0.4087,4134.0
2025-01-13 08:46:00,0.4087,0.4088,0.4082,0.4084,4292.0
2025-01-13 08:47:00,0.4081,0.4083,0.408,0.4081,8707.0
2025-01-13 08:48:00,0.4078,0.408,0.4076,0.4079,2489.0
2025-01-13 08:49:00,0.408,0.408,0.4076,0.4076,4773.0
2025-01-13 08:50:00,0.4074,0.4074,0.4069,0.4069,5335.0
2025-01-13 08:51:00,0.407,0.4076,0.407,0.4076,19450.0
2025-01-13 08:52:00,0.4073,0.4076,0.4071,0.4071,13419.0
2025-01-13 08:53:00,0.4072,0.4073,0.4072,0.4073,1523.0
2025-01-13 08:54:00,0.407,0.407,0.4064,0.4064,9390.0
2025-01-13 08:55:00,0.4066,0.4072,0.4066,0.407,26794.0
2025-01-13 08:56:00,0.4071,0.4071,0.4069,0.407,1267.0
2025-01-13 08:57:00,0.4071,0.4076,0.4071,0.4073,4512.0
2025-01-13 08:58:00,0.4073,0.4073,0.4073,0.4073,0.0
2025-01-13 08:59:00,0.4074,0.4074,0.407,0.4071,839.0
2025-01-13 09:00:00,0.4069,0.4076,0.4069,0.4074,6917.0
2025-01-13 09:01:00,0.4073,0.4077,0.4072,0.4077,2688.0
2025-01-13 09:02:00,0.4082,0.4084,0.4082,0.4084,182.0
2025-01-13 09:03:00,0.4089,0.4089,0.4081,0.4081,2966.0
2025-01-13 09:04:00,0.4075,0.4075,0.4068,0.4073,11606.0
2025-01-13 09:05:00,0.4072,0.408,0.4072,0.408,257.0
2025-01-13 09:06:00,0.4079,0.408,0.4069,0.4071,9380.0
2025-01-13 09:07:00,0.4067,0.4067,0.4058,0.406,11464.0
2025-01-13 09:08:00,0.4058,0.406,0.4045,0.4046,29267.0
2025-01-13 09:09:00,0.4045,0.4068,0.4045,0.4064,14941.0
2025-01-13 09:10:00,0.4066,0.407,0.4057,0.4058,107164.0
2025-01-13 09:11:00,0.4062,0.4066,0.4058,0.4058,4964.0
2025-01-13 09:12:00,0.4057,0.406,0.4052,0.4054,16079.0
2025-01-13 09:13:00,0.4056,0.4057,0.4054,0.4054,8040.0
2025-01-13 09:14:00,0.4054,0.4054,0.4044,0.4047,15339.0
2025-01-13 09:15:00,0.4046,0.4046,0.403,0.4037,121715.0
2025-01-13 09:16:00,0.4036,0.4036,0.403,0.4034,6176.0
2025-01-13 09:17:00,0.4034,0.4034,0.4029,0.4029,9430.0
2025-01-13 09:18:00,0.4028,0.4041,0.4028,0.4033,11143.0
2025-01-13 09:19:00,0.4032,0.4036,0.4031,0.4031,7303.0
2025-01-13 09:20:00,0.4031,0.4037,0.4026,0.403,11984.0
2025-01-13 09:21:00,0.4033,0.4036,0.4029,0.4029,4408.0
2025-01-13 09:22:00,0.4028,0.4033,0.4026,0.4027,5404.0
2025-01-13 09:23:00,0.4027,0.4029,0.4024,0.4024,21910.0
2025-01-13 09:24:00,0.4023,0.4027,0.4016,0.4021,17026.0
2025-01-13 09:25:00,0.4022,0.4032,0.4022,0.4031,4416.0
2025-01-13 09:26:00,0.4031,0.4037,0.4029,0.4032,6928.0
2025-01-13 09:27:00,0.4031,0.4035,0.4029,0.4035,5167.0
2025-01-13 09:28:00,0.4034,0.4034,0.4028,0.4028,7204.0
2025-01-13 09:29:00,0.4028,0.4028,0.4017,0.4019,17498.0
2025-01-13 09:30:00,0.402,0.4026,0.4018,0.4018,13696.0
2025-01-13 09:31:00,0.402,0.4028,0.402,0.4027,21071.0
2025-01-13 09:32:00,0.4026,0.4029,0.4013,0.4022,4659.0
2025-01-13 09:33:00,0.4025,0.4025,0.4001,0.4005,67754.0
2025-01-13 09:34:00,0.4005,0.4021,0.4005,0.4008,20930.0
2025-01-13 09:35:00,0.4014,0.4028,0.4014,0.4028,3628.0
2025-01-13 09:36:00,0.4029,0.4035,0.4028,0.4035,9242.0
2025-01-13 09:37:00,0.4035,0.4041,0.4035,0.4039,3372.0
2025-01-13 09:38:00,0.404,0.4048,0.404,0.4047,6540.0
2025-01-13 09:39:00,0.4046,0.4048,0.4041,0.4044,6572.0
2025-01-13 09:40:00,0.4045,0.4049,0.4044,0.4044,7561.0
2025-01-13 09:41:00,0.4041,0.4044,0.4037,0.4037,18866.0
2025-01-13 09:42:00,0.4039,0.4039,0.4035,0.4036,5991.0
2025-01-13 09:43:00,0.4031,0.4032,0.4031,0.4032,511.0
2025-01-13 09:44:00,0.4032,0.4032,0.4031,0.4032,3795.0
2025-01-13 09:45:00,0.4032,0.4033,0.4028,0.4033,36991.0
2025-01-13 09:46:00,0.4027,0.4031,0.4027,0.4031,2027.0
2025-01-13 09:47:00,0.4033,0.4037,0.4033,0.4037,3283.0
2025-01-13 09:48:00,0.4038,0.4047,0.4038,0.4047,10299.0
2025-01-13 09:49:00,0.4043,0.4046,0.404,0.4044,4361.0
2025-01-13 09:50:00,0.4043,0.4045,0.4042,0.4045,415.0
2025-01-13 09:51:00,0.4045,0.4045,0.404,0.4042,10605.0
2025-01-13 09:52:00,0.4038,0.4041,0.4037,0.4041,367.0
2025-01-13 09:53:00,0.4041,0.4045,0.4041,0.4045,731.0
2025-01-13 09:54:00,0.4043,0.4043,0.4036,0.4036,2747.0
2025-01-13 09:55:00,0.4035,0.4035,0.4031,0.4032,1193.0
2025-01-13 09:56:00,0.4031,0.4034,0.4031,0.4031,1467.0
2025-01-13 09:57:00,0.403,0.4032,0.4029,0.4029,4733.0
2025-01-13 09:58:00,0.403,0.4032,0.403,0.4031,5391.0
2025-01-13 09:59:00,0.4031,0.4032,0.4027,0.4027,7631.0
2025-01-13 10:00:00,0.403,0.403,0.4017,0.4017,2621.0
2025-01-13 10:01:00,0.4018,0.4019,0.4014,0.4019,3483.0
2025-01-13 10:02:00,0.4019,0.4019,0.4006,0.4012,5674.0
2025-01-13 10:03:00,0.4013,0.4014,0.4001,0.4002,2104.0
2025-01-13 10:04:00,0.4004,0.4011,0.4,0.4011,21931.0
2025-01-13 10:05:00,0.4011,0.4017,0.401,0.401,8170.0
2025-01-13 10:06:00,0.4009,0.4018,0.4008,0.4014,11866.0
2025-01-13 10:07:00,0.4014,0.4015,0.4012,0.4014,2109.0
2025-01-13 10:08:00,0.4014,0.4015,0.4011,0.4011,247.0
2025-01-13 10:09:00,0.4007,0.4016,0.4007,0.4014,2032.0
2025-01-13 10:10:00,0.4017,0.4021,0.4016,0.4018,24110.0
2025-01-13 10:11:00,0.4018,0.4024,0.4018,0.4024,2056.0
2025-01-13 10:12:00,0.4021,0.4021,0.4017,0.4021,231.0
2025-01-13 10:13:00,0.402,0.402,0.4016,0.4016,883.0
2025-01-13 10:14:00,0.4014,0.4014,0.4012,0.4013,1634.0
2025-01-13 10:15:00,0.4013,0.4013,0.4007,0.4008,6647.0
2025-01-13 10:16:00,0.4009,0.4012,0.4007,0.4011,16063.0
2025-01-13 10:17:00,0.4014,0.4016,0.4009,0.4009,22215.0
2025-01-13 10:18:00,0.4006,0.4008,0.4002,0.4003,12671.0
2025-01-13 10:19:00,0.4004,0.4013,0.4004,0.4013,2008.0
2025-01-13 10:20:00,0.4009,0.4009,0.4006,0.4006,708.0
2025-01-13 10:21:00,0.4005,0.4008,0.4004,0.4008,442.0
2025-01-13 10:22:00,0.4005,0.4005,0.3993,0.3998,10116.0
2025-01-13 10:23:00,0.3997,0.3998,0.3995,0.3997,8170.0
2025-01-13 10:24:00,0.3996,0.3996,0.3983,0.3984,13730.0
2025-01-13 10:25:00,0.3984,0.399,0.3983,0.3984,8093.0
2025-01-13 10:26:00,0.3983,0.3988,0.3983,0.3983,4001.0
2025-01-13 10:27:00,0.3984,0.3989,0.3983,0.3986,4652.0
2025-01-13 10:28:00,0.3988,0.399,0.3979,0.3981,13891.0
2025-01-13 10:29:00,0.398,0.3986,0.3979,0.3985,6873.0
2025-01-13 10:30:00,0.3986,0.3987,0.3972,0.3974,10946.0
2025-01-13 10:31:00,0.3975,0.3982,0.3975,0.3982,32170.0
2025-01-13 10:32:00,0.3982,0.3982,0.3971,0.3971,7713.0
2025-01-13 10:33:00,0.3974,0.3976,0.3968,0.3969,13852.0
2025-01-13 10:34:00,0.3968,0.3979,0.3967,0.3979,25547.0
2025-01-13 10:35:00,0.3979,0.3984,0.3979,0.398,16417.0
2025-01-13 10:36:00,0.3982,0.3992,0.3981,0.3988,6393.0
2025-01-13 10:37:00,0.399,0.3995,0.399,0.3993,5022.0
2025-01-13 10:38:00,0.399,0.3992,0.3985,0.3985,7597.0
2025-01-13 10:39:00,0.3985,0.3987,0.3984,0.3986,3959.0
2025-01-13 10:40:00,0.3984,0.3996,0.3984,0.3995,2795.0
2025-01-13 10:41:00,0.3993,0.3993,0.3988,0.3989,2328.0
2025-01-13 10:42:00,0.3986,0.3987,0.3981,0.3981,5304.0
2025-01-13 10:43:00,0.3985,0.3985,0.3979,0.3979,2141.0
2025-01-13 10:44:00,0.3979,0.3979,0.3977,0.3978,6422.0
2025-01-13 10:45:00,0.3977,0.3982,0.3974,0.3978,3850.0
2025-01-13 10:46:00,0.3977,0.3987,0.3977,0.3986,12276.0
2025-01-13 10:47:00,0.399,0.399,0.3982,0.3982,11458.0
2025-01-13 10:48:00,0.3983,0.3983,0.3976,0.3976,4185.0
2025-01-13 10:49:00,0.3975,0.3976,0.3969,0.3969,6336.0
2025-01-13 10:50:00,0.3971,0.3975,0.3971,0.3973,15323.0
2025-01-13 10:51:00,0.3975,0.3975,0.3972,0.3973,3295.0
2025-01-13 10:52:00,0.3972,0.3972,0.3968,0.3968,7902.0
2025-01-13 10:53:00,0.3968,0.3971,0.3966,0.3968,10095.0
2025-01-13 10:54:00,0.3968,0.397,0.3967,0.3968,8574.0
2025-01-13 10:55:00,0.3968,0.3972,0.3968,0.3971,3456.0
2025-01-13 10:56:00,0.3971,0.3984,0.397,0.3982,7212.0
2025-01-13 10:57:00,0.3982,0.3991,0.3981,0.3991,10478.0
2025-01-13 10:58:00,0.3992,0.3995,0.399,0.3993,2255.0
2025-01-13 10:59:00,0.399,0.399,0.3985,0.3985,9091.0
2025-01-13 11:00:00,0.3983,0.3987,0.3978,0.3978,4920.0
2025-01-13 11:01:00,0.398,0.398,0.3975,0.3975,2831.0
2025-01-13 11:02:00,0.3974,0.3983,0.3974,0.398,8097.0
2025-01-13 11:03:00,0.398,0.3982,0.3977,0.3982,3337.0
2025-01-13 11:04:00,0.398,0.3986,0.398,0.3985,4083.0
2025-01-13 11:05:00,0.3985,0.3992,0.3985,0.3986,11892.0
2025-01-13 11:06:00,0.3987,0.3989,0.3975,0.3975,16525.0
2025-01-13 11:07:00,0.3977,0.3981,0.3977,0.3981,189.0
2025-01-13 11:08:00,0.3981,0.3981,0.3972,0.3972,2367.0
2025-01-13 11:09:00,0.3972,0.3973,0.3968,0.3968,3560.0
2025-01-13 11:10:00,0.397,0.3972,0.3967,0.3968,4155.0
2025-01-13 11:11:00,0.3967,0.3971,0.3966,0.3969,3197.0
2025-01-13 11:12:00,0.3971,0.3978,0.3971,0.3976,2835.0
2025-01-13 11:13:00,0.3976,0.3977,0.3974,0.3974,3666.0
2025-01-13 11:14:00,0.3976,0.3979,0.3971,0.3972,53015.0
2025-01-13 11:15:00,0.3973,0.3974,0.397,0.397,4075.0
2025-01-13 11:16:00,0.397,0.3973,0.3968,0.3972,1983.0
2025-01-13 11:17:00,0.3975,0.3976,0.3969,0.3969,1702.0
2025-01-13 11:18:00,0.3968,0.3981,0.3967,0.3981,3705.0
2025-01-13 11:19:00,0.398,0.398,0.3976,0.3979,2745.0
2025-01-13 11:20:00,0.3976,0.398,0.3976,0.3976,3527.0
2025-01-13 11:21:00,0.3978,0.3983,0.3978,0.3982,6387.0
2025-01-13 11:22:00,0.3988,0.3993,0.3988,0.3993,1555.0
2025-01-13 11:23:00,0.3993,0.3996,0.3992,0.3994,3596.0
2025-01-13 11:24:00,0.399,0.3991,0.3988,0.3988,3591.0
2025-01-13 11:25:00,0.3989,0.3991,0.3987,0.3988,3441.0
2025-01-13 11:26:00,0.3986,0.3986,0.3982,0.3982,1359.0
2025-01-13 11:27:00,0.3982,0.3984,0.3979,0.3979,5077.0
2025-01-13 11:28:00,0.3978,0.3979,0.3977,0.3977,4124.0
2025-01-13 11:29:00,0.3975,0.3976,0.3974,0.3975,2065.0
2025-01-13 11:30:00,0.3978,0.3986,0.3978,0.398,2865.0
2025-01-13 11:31:00,0.3981,0.3982,0.3979,0.3979,1682.0
2025-01-13 11:32:00,0.3976,0.3977,0.3961,0.3964,24820.0
2025-01-13 11:33:00,0.3965,0.397,0.3955,0.3964,59755.0
2025-01-13 11:34:00,0.3962,0.3968,0.3957,0.3957,122990.0
2025-01-13 11:35:00,0.3955,0.3973,0.3954,0.3972,5135.0
2025-01-13 11:36:00,0.397,0.3972,0.3956,0.3959,13609.0
2025-01-13 11:37:00,0.396,0.3965,0.3955,0.3955,6895.0
2025-01-13 11:38:00,0.3955,0.3956,0.3941,0.3944,83144.0
2025-01-13 11:39:00,0.3944,0.3949,0.394,0.394,12625.0
2025-01-13 11:40:00,0.394,0.3941,0.3929,0.393,27836.0
2025-01-13 11:41:00,0.3931,0.3934,0.3925,0.3925,35510.0
2025-01-13 11:42:00,0.3926,0.3929,0.3919,0.3921,27727.0
2025-01-13 11:43:00,0.3922,0.393,0.3921,0.3923,10186.0
2025-01-13 11:44:00,0.3922,0.3931,0.3919,0.3929,6486.0
2025-01-13 11:45:00,0.3931,0.3941,0.3926,0.3934,29748.0
2025-01-13 11:46:00,0.3935,0.3958,0.3933,0.3951,71093.0
2025-01-13 11:47:00,0.395,0.3959,0.3947,0.3957,5804.0
2025-01-13 11:48:00,0.3956,0.3956,0.3942,0.3946,61689.0
2025-01-13 11:49:00,0.3949,0.3949,0.3944,0.3946,5425.0
2025-01-13 11:50:00,0.3946,0.3952,0.3943,0.3946,4321.0
2025-01-13 11:51:00,0.3947,0.3954,0.3946,0.395,5373.0
2025-01-13 11:52:00,0.395,0.3951,0.3946,0.3946,3733.0
2025-01-13 11:53:00,0.3946,0.3949,0.3937,0.3941,24060.0
2025-01-13 11:54:00,0.3942,0.3942,0.3936,0.3938,9840.0
2025-01-13 11:55:00,0.3937,0.394,0.3935,0.3936,3869.0
2025-01-13 11:56:00,0.3936,0.3942,0.3935,0.3938,5475.0
2025-01-13 11:57:00,0.394,0.3943,0.3924,0.3926,17151.0
2025-01-13 11:58:00,0.393,0.393,0.3917,0.3917,14652.0
2025-01-13 11:59:00,0.3919,0.3919,0.3914,0.3914,12060.0
2025-01-13 12:00:00,0.3915,0.3961,0.3915,0.3943,588077.0
2025-01-13 12:01:00,0.3941,0.3941,0.3926,0.3937,22263.0
2025-01-13 12:02:00,0.3936,0.3936,0.3929,0.3932,13029.0
2025-01-13 12:03:00,0.3929,0.393,0.3923,0.3923,5141.0
2025-01-13 12:04:00,0.3926,0.3928,0.3917,0.3917,10418.0
2025-01-13 12:05:00,0.3915,0.393,0.3915,0.3925,11669.0
2025-01-13 12:06:00,0.3927,0.3944,0.3927,0.3944,2250.0
2025-01-13 12:07:00,0.3944,0.396,0.3943,0.3954,8859.0
2025-01-13 12:08:00,0.3957,0.3964,0.3953,0.3957,17815.0
2025-01-13 12:09:00,0.3954,0.3961,0.395,0.3961,16906.0
2025-01-13 12:10:00,0.3962,0.3972,0.3962,0.397,21736.0
2025-01-13 12:11:00,0.3969,0.3972,0.3965,0.3972,7172.0
2025-01-13 12:12:00,0.3972,0.3974,0.3967,0.3971,3799.0
2025-01-13 12:13:00,0.3971,0.3973,0.3967,0.3967,10512.0
2025-01-13 12:14:00,0.3967,0.3968,0.3954,0.3954,3623.0
2025-01-13 12:15:00,0.3954,0.3958,0.395,0.3956,9021.0
2025-01-13 12:16:00,0.3956,0.3957,0.3945,0.3948,5623.0
2025-01-13 12:17:00,0.3947,0.3949,0.3945,0.3946,3611.0
2025-01-13 12:18:00,0.3947,0.3947,0.3941,0.3945,17356.0
2025-01-13 12:19:00,0.3946,0.3961,0.3946,0.3957,2482.0
2025-01-13 12:20:00,0.3962,0.3973,0.3962,0.3973,6739.0
2025-01-13 12:21:00,0.3974,0.3976,0.397,0.3976,2451.0
2025-01-13 12:22:00,0.3977,0.3977,0.397,0.3971,3409.0
2025-01-13 12:23:00,0.397,0.397,0.3969,0.397,393.0
2025-01-13 12:24:00,0.397,0.397,0.396,0.3961,2924.0
2025-01-13 12:25:00,0.3958,0.3958,0.3957,0.3958,2221.0
2025-01-13 12:26:00,0.3958,0.3962,0.3955,0.3956,5520.0
2025-01-13 12:27:00,0.3956,0.3956,0.3953,0.3953,1497.0
2025-01-13 12:28:00,0.3955,0.3965,0.3955,0.3961,5397.0
2025-01-13 12:29:00,0.3961,0.3962,0.3957,0.3962,7463.0
2025-01-13 12:30:00,0.3961,0.3962,0.3958,0.3959,4608.0
2025-01-13 12:31:00,0.3963,0.3963,0.3959,0.3959,878.0
2025-01-13 12:32:00,0.3956,0.3957,0.3953,0.3957,4687.0
2025-01-13 12:33:00,0.3953,0.3953,0.3948,0.395,15186.0
2025-01-13 12:34:00,0.3952,0.3958,0.3951,0.3951,3235.0
2025-01-13 12:35:00,0.3951,0.3955,0.3951,0.3952,333.0
2025-01-13 12:36:00,0.3949,0.3949,0.3944,0.3947,7760.0
2025-01-13 12:37:00,0.3946,0.3946,0.394,0.3942,3429.0
2025-01-13 12:38:00,0.3942,0.3945,0.3936,0.394,25529.0
2025-01-13 12:39:00,0.3939,0.3945,0.3933,0.3933,25235.0
2025-01-13 12:40:00,0.3936,0.3942,0.3934,0.3936,5188.0
2025-01-13 12:41:00,0.3936,0.394,0.3936,0.3938,2782.0
2025-01-13 12:42:00,0.3936,0.3949,0.3935,0.3949,768.0
2025-01-13 12:43:00,0.3953,0.3959,0.3948,0.3959,1169.0
2025-01-13 12:44:00,0.3961,0.3973,0.3959,0.3971,14250.0
2025-01-13 12:45:00,0.3972,0.3974,0.3961,0.3964,9335.0
2025-01-13 12:46:00,0.3959,0.3964,0.3959,0.3963,1744.0
2025-01-13 12:47:00,0.3959,0.3959,0.3955,0.3956,427.0
2025-01-13 12:48:00,0.3953,0.3959,0.3952,0.3959,5101.0
2025-01-13 12:49:00,0.396,0.3964,0.3953,0.3953,6645.0
2025-01-13 12:50:00,0.3953,0.3961,0.3951,0.3961,1086.0
2025-01-13 12:51:00,0.3959,0.3962,0.3956,0.3961,1825.0
2025-01-13 12:52:00,0.3957,0.3959,0.3954,0.3959,2953.0
2025-01-13 12:53:00,0.396,0.397,0.396,0.397,2022.0
2025-01-13 12:54:00,0.3969,0.3971,0.3964,0.3967,3323.0
2025-01-13 12:55:00,0.3966,0.3971,0.3961,0.3961,18372.0
2025-01-13 12:56:00,0.3962,0.3965,0.3962,0.3964,2929.0
2025-01-13 12:57:00,0.3965,0.3969,0.3965,0.3969,7561.0
2025-01-13 12:58:00,0.397,0.397,0.3966,0.3966,525.0
2025-01-13 12:59:00,0.3966,0.3966,0.3966,0.3966,0.0
2025-01-13 13:00:00,0.3962,0.3964,0.3958,0.3958,1030.0
2025-01-13 13:01:00,0.3949,0.3955,0.3946,0.3946,7558.0
2025-01-13 13:02:00,0.3946,0.3949,0.3944,0.3948,660.0
2025-01-13 13:03:00,0.395,0.3957,0.395,0.3953,5825.0
2025-01-13 13:04:00,0.3955,0.3963,0.3954,0.3963,5379.0
2025-01-13 13:05:00,0.3964,0.3972,0.3961,0.3972,2744.0
2025-01-13 13:06:00,0.3972,0.3978,0.3972,0.3976,1734.0
2025-01-13 13:07:00,0.3978,0.3982,0.3975,0.3982,4279.0
2025-01-13 13:08:00,0.3984,0.3998,0.3984,0.3996,8799.0
2025-01-13 13:09:00,0.3999,0.4005,0.3999,0.4005,7438.0
2025-01-13 13:10:00,0.4007,0.4007,0.3996,0.3999,2727.0
2025-01-13 13:11:00,0.3999,0.3999,0.3996,0.3999,4087.0
2025-01-13 13:12:00,0.3996,0.3998,0.3996,0.3998,101.0
2025-01-13 13:13:00,0.3995,0.3997,0.3993,0.3997,8404.0
2025-01-13 13:14:00,0.3998,0.4,0.3994,0.3999,4469.0
2025-01-13 13:15:00,0.4002,0.4005,0.4002,0.4005,4384.0
2025-01-13 13:16:00,0.4009,0.4013,0.4007,0.4007,2276.0
2025-01-13 13:17:00,0.4008,0.4019,0.4008,0.4019,7112.0
2025-01-13 13:18:00,0.4019,0.4033,0.4019,0.4033,6898.0
2025-01-13 13:19:00,0.4033,0.4037,0.4032,0.4035,13871.0
2025-01-13 13:20:00,0.4035,0.4035,0.403,0.403,7641.0
2025-01-13 13:21:00,0.4029,0.4029,0.4018,0.402,18180.0
2025-01-13 13:22:00,0.4016,0.4018,0.4012,0.4018,4398.0
2025-01-13 13:23:00,0.4017,0.4023,0.4017,0.4022,7315.0
2025-01-13 13:24:00,0.4021,0.4024,0.4016,0.4016,3739.0
2025-01-13 13:25:00,0.4016,0.4016,0.4008,0.4011,4301.0
2025-01-13 13:26:00,0.4011,0.4021,0.401,0.4021,3303.0
2025-01-13 13:27:00,0.4018,0.4018,0.4009,0.4009,1111.0
2025-01-13 13:28:00,0.4005,0.401,0.4005,0.401,602.0
2025-01-13 13:29:00,0.4,0.4,0.3997,0.3997,3137.0
2025-01-13 13:30:00,0.3994,0.3994,0.3984,0.3984,4852.0
2025-01-13 13:31:00,0.3986,0.3989,0.3985,0.3987,5586.0
2025-01-13 13:32:00,0.3993,0.4001,0.3993,0.4001,5078.0
2025-01-13 13:33:00,0.4001,0.4004,0.3999,0.4004,3526.0
2025-01-13 13:34:00,0.4002,0.4002,0.3998,0.3998,406.0
2025-01-13 13:35:00,0.4,0.4007,0.4,0.4,4926.0
2025-01-13 13:36:00,0.3999,0.4009,0.3997,0.4004,52866.0
2025-01-13 13:37:00,0.4002,0.4005,0.4,0.4004,4315.0
2025-01-13 13:38:00,0.4,0.4,0.3996,0.3996,120.0
2025-01-13 13:39:00,0.3995,0.4,0.3995,0.3997,1531.0
2025-01-13 13:40:00,0.399,0.399,0.3986,0.3988,1070.0
2025-01-13 13:41:00,0.3987,0.3994,0.3987,0.3994,1384.0
2025-01-13 13:42:00,0.3995,0.3995,0.3988,0.399,1455.0
2025-01-13 13:43:00,0.3988,0.399,0.3984,0.3984,3968.0
2025-01-13 13:44:00,0.3984,0.3984,0.3984,0.3984,0.0
2025-01-13 13:45:00,0.3987,0.3987,0.3979,0.3981,5148.0
2025-01-13 13:46:00,0.3983,0.3983,0.3971,0.3971,3738.0
2025-01-13 13:47:00,0.397,0.3972,0.3965,0.3966,22639.0
2025-01-13 13:48:00,0.3965,0.3965,0.396,0.3962,28553.0
2025-01-13 13:49:00,0.3961,0.3961,0.3956,0.3957,59888.0
2025-01-13 13:50:00,0.3959,0.3974,0.3959,0.3974,6144.0
2025-01-13 13:51:00,0.3972,0.3972,0.3966,0.3968,1608.0
2025-01-13 13:52:00,0.3967,0.3967,0.3963,0.3965,7131.0
2025-01-13 13:53:00,0.3964,0.3971,0.3963,0.397,1675.0
2025-01-13 13:54:00,0.3973,0.3973,0.3973,0.3973,145.0
2025-01-13 13:55:00,0.3972,0.3973,0.3969,0.3973,424.0
2025-01-13 13:56:00,0.3973,0.3975,0.3971,0.3975,805.0
2025-01-13 13:57:00,0.3973,0.3973,0.397,0.3972,544.0
2025-01-13 13:58:00,0.3971,0.398,0.3971,0.398,4465.0
2025-01-13 13:59:00,0.398,0.398,0.3972,0.3972,1635.0
2025-01-13 14:00:00,0.3973,0.3973,0.3969,0.397,2768.0
2025-01-13 14:01:00,0.3966,0.3966,0.3962,0.3965,1275.0
2025-01-13 14:02:00,0.3967,0.3967,0.396,0.396,1399.0
2025-01-13 14:03:00,0.3957,0.3957,0.3948,0.3949,17248.0
2025-01-13 14:04:00,0.395,0.3965,0.395,0.3965,2338.0
2025-01-13 14:05:00,0.3965,0.3965,0.3954,0.3954,462.0
2025-01-13 14:06:00,0.3959,0.3965,0.3959,0.3965,2285.0
2025-01-13 14:07:00,0.3968,0.3968,0.3962,0.3962,1363.0
2025-01-13 14:08:00,0.3967,0.3973,0.3967,0.3973,1367.0
2025-01-13 14:09:00,0.397,0.397,0.3966,0.397,788.0
2025-01-13 14:10:00,0.3972,0.3972,0.3956,0.3956,6855.0
2025-01-13 14:11:00,0.3955,0.3957,0.3951,0.3951,16095.0
2025-01-13 14:12:00,0.3951,0.3955,0.3948,0.3953,9076.0
2025-01-13 14:13:00,0.3955,0.3964,0.3955,0.3962,982.0
2025-01-13 14:14:00,0.3967,0.3967,0.3963,0.3963,3869.0
2025-01-13 14:15:00,0.3963,0.3972,0.3963,0.3966,4867.0
2025-01-13 14:16:00,0.3965,0.3966,0.3961,0.3961,991.0
2025-01-13 14:17:00,0.3964,0.3966,0.3963,0.3965,9619.0
2025-01-13 14:18:00,0.3965,0.3966,0.396,0.396,1152.0
2025-01-13 14:19:00,0.3966,0.3968,0.396,0.396,666.0
2025-01-13 14:20:00,0.396,0.3966,0.3958,0.3964,2996.0
2025-01-13 14:21:00,0.3968,0.3968,0.3962,0.3962,150.0
2025-01-13 14:22:00,0.3956,0.3962,0.3955,0.3957,4779.0
2025-01-13 14:23:00,0.3954,0.3954,0.3954,0.3954,63.0
2025-01-13 14:24:00,0.396,0.3962,0.3957,0.3957,1607.0
2025-01-13 14:25:00,0.3952,0.3953,0.3948,0.3948,1881.0
2025-01-13 14:26:00,0.3948,0.3948,0.3936,0.3939,27261.0
2025-01-13 14:27:00,0.3938,0.3942,0.3936,0.3941,5346.0
2025-01-13 14:28:00,0.3941,0.3941,0.3938,0.3941,2432.0
2025-01-13 14:29:00,0.394,0.3949,0.3937,0.3949,1395.0
2025-01-13 14:30:00,0.3948,0.3951,0.3941,0.3949,5206.0
2025-01-13 14:31:00,0.3947,0.3948,0.3935,0.3935,2912.0
2025-01-13 14:32:00,0.3936,0.3947,0.3936,0.394,3239.0
2025-01-13 14:33:00,0.3935,0.3935,0.39,0.3902,68513.0
2025-01-13 14:34:00,0.3901,0.3912,0.3874,0.3888,179588.0
2025-01-13 14:35:00,0.3888,0.3913,0.3864,0.3868,248476.0
2025-01-13 14:36:00,0.3869,0.3931,0.3869,0.392,95459.0
2025-01-13 14:37:00,0.3921,0.3935,0.3909,0.3929,56547.0
2025-01-13 14:38:00,0.3931,0.3958,0.3931,0.3958,16385.0
2025-01-13 14:39:00,0.3959,0.3968,0.395,0.3952,35202.0
2025-01-13 14:40:00,0.3951,0.3975,0.3948,0.3965,104126.0
2025-01-13 14:41:00,0.3968,0.3983,0.3965,0.3965,66641.0
2025-01-13 14:42:00,0.3965,0.3979,0.3962,0.3974,14542.0
2025-01-13 14:43:00,0.3976,0.3998,0.3966,0.3996,62422.0
2025-01-13 14:44:00,0.3997,0.4004,0.3987,0.3987,46235.0
2025-01-13 14:45:00,0.3984,0.4,0.3982,0.3992,88106.0
2025-01-13 14:46:00,0.3984,0.3991,0.3976,0.3981,17953.0
2025-01-13 14:47:00,0.3983,0.3991,0.3977,0.3983,7335.0
2025-01-13 14:48:00,0.3986,0.401,0.3986,0.4008,20261.0
2025-01-13 14:49:00,0.4008,0.4008,0.3997,0.4005,17095.0
2025-01-13 14:50:00,0.4008,0.4012,0.4001,0.4012,21202.0
2025-01-13 14:51:00,0.4009,0.4031,0.4008,0.4031,23021.0
2025-01-13 14:52:00,0.4028,0.4039,0.4024,0.4038,31139.0
2025-01-13 14:53:00,0.4038,0.4041,0.4026,0.4031,19440.0
2025-01-13 14:54:00,0.4028,0.4042,0.4028,0.4042,7048.0
2025-01-13 14:55:00,0.4042,0.4042,0.4035,0.4035,2430.0
2025-01-13 14:56:00,0.4039,0.4052,0.4035,0.4045,10087.0
2025-01-13 14:57:00,0.4041,0.4041,0.4036,0.4036,8610.0
2025-01-13 14:58:00,0.4034,0.4035,0.4019,0.4021,5103.0
2025-01-13 14:59:00,0.4019,0.4019,0.4008,0.4015,21348.0
2025-01-13 15:00:00,0.4017,0.4018,0.4006,0.4018,19735.0
2025-01-13 15:01:00,0.4011,0.4016,0.4002,0.4016,5863.0
2025-01-13 15:02:00,0.4017,0.4034,0.4017,0.4034,701.0
2025-01-13 15:03:00,0.4033,0.4036,0.403,0.403,836.0
2025-01-13 15:04:00,0.403,0.4039,0.403,0.4033,5511.0
2025-01-13 15:05:00,0.4035,0.4043,0.4034,0.4043,1716.0
2025-01-13 15:06:00,0.4047,0.4057,0.4047,0.4056,17443.0
2025-01-13 15:07:00,0.4057,0.4062,0.4053,0.4059,32569.0
2025-01-13 15:08:00,0.406,0.4064,0.4055,0.4063,26565.0
2025-01-13 15:09:00,0.4062,0.4068,0.4056,0.4068,18339.0
2025-01-13 15:10:00,0.4067,0.4067,0.4056,0.4057,29022.0
2025-01-13 15:11:00,0.4057,0.4061,0.4054,0.4057,19366.0
2025-01-13 15:12:00,0.4056,0.407,0.4056,0.4069,3265.0
2025-01-13 15:13:00,0.407,0.4077,0.4064,0.4074,8623.0
2025-01-13 15:14:00,0.4074,0.4079,0.4074,0.4077,6588.0
2025-01-13 15:15:00,0.4073,0.4073,0.4065,0.4065,4091.0
2025-01-13 15:16:00,0.4066,0.4067,0.4059,0.4067,9178.0
2025-01-13 15:17:00,0.4065,0.4082,0.4065,0.4079,5879.0
2025-01-13 15:18:00,0.4082,0.4091,0.408,0.4091,4184.0
2025-01-13 15:19:00,0.4088,0.4095,0.4085,0.4085,2541.0
2025-01-13 15:20:00,0.4084,0.409,0.4081,0.4087,4473.0
2025-01-13 15:21:00,0.4086,0.4098,0.4086,0.4098,4083.0
2025-01-13 15:22:00,0.4097,0.41,0.409,0.409,10203.0
2025-01-13 15:23:00,0.4089,0.41,0.4087,0.4099,9091.0
2025-01-13 15:24:00,0.4098,0.41,0.4092,0.4093,23968.0
2025-01-13 15:25:00,0.4082,0.4082,0.4073,0.4074,2747.0
2025-01-13 15:26:00,0.408,0.408,0.4066,0.4067,6404.0
2025-01-13 15:27:00,0.4073,0.408,0.4066,0.4066,39015.0
2025-01-13 15:28:00,0.4069,0.4069,0.4058,0.406,5229.0
2025-01-13 15:29:00,0.4056,0.4056,0.405,0.4054,15313.0
2025-01-13 15:30:00,0.4061,0.4061,0.4039,0.4048,11271.0
2025-01-13 15:31:00,0.4054,0.4065,0.4054,0.4061,6560.0
2025-01-13 15:32:00,0.4066,0.4077,0.4063,0.4077,14116.0
2025-01-13 15:33:00,0.407,0.4076,0.4065,0.4075,15471.0
2025-01-13 15:34:00,0.4073,0.4073,0.4062,0.4064,2723.0
2025-01-13 15:35:00,0.4062,0.4077,0.4062,0.4077,6597.0
2025-01-13 15:36:00,0.4079,0.4085,0.4068,0.4068,6388.0
2025-01-13 15:37:00,0.4069,0.4077,0.4068,0.4077,7099.0
2025-01-13 15:38:00,0.4077,0.4081,0.4071,0.4075,4435.0
2025-01-13 15:39:00,0.4078,0.4093,0.4078,0.4093,6144.0
2025-01-13 15:40:00,0.4093,0.4098,0.4086,0.4093,14596.0
2025-01-13 15:41:00,0.4096,0.4116,0.4096,0.4112,16041.0
2025-01-13 15:42:00,0.4113,0.4115,0.4106,0.4111,10083.0
2025-01-13 15:43:00,0.4108,0.4111,0.4097,0.4101,5442.0
2025-01-13 15:44:00,0.4098,0.4105,0.4098,0.4098,21164.0
2025-01-13 15:45:00,0.41,0.4104,0.4094,0.4094,9767.0
2025-01-13 15:46:00,0.4092,0.4092,0.4086,0.4091,3400.0
2025-01-13 15:47:00,0.408,0.4083,0.4077,0.4077,3597.0
2025-01-13 15:48:00,0.4079,0.408,0.4073,0.4079,3448.0
2025-01-13 15:49:00,0.408,0.4085,0.4077,0.4083,3497.0
2025-01-13 15:50:00,0.4086,0.4088,0.4081,0.4088,4259.0
2025-01-13 15:51:00,0.4082,0.4088,0.4082,0.4088,1176.0
2025-01-13 15:52:00,0.4073,0.4076,0.4069,0.4072,4799.0
2025-01-13 15:53:00,0.407,0.4077,0.407,0.4077,3220.0
2025-01-13 15:54:00,0.407,0.407,0.4062,0.4066,4804.0
2025-01-13 15:55:00,0.4065,0.4067,0.4064,0.4064,565.0
2025-01-13 15:56:00,0.4066,0.407,0.4066,0.4068,3279.0
2025-01-13 15:57:00,0.4066,0.4074,0.4066,0.4073,3694.0
2025-01-13 15:58:00,0.4072,0.4076,0.4072,0.4076,1401.0
2025-01-13 15:59:00,0.4074,0.4074,0.4068,0.4068,946.0
2025-01-13 16:00:00,0.4067,0.4069,0.4044,0.4052,18059.0
2025-01-13 16:01:00,0.4053,0.407,0.4053,0.407,6898.0
2025-01-13 16:02:00,0.407,0.4075,0.4064,0.4067,5142.0
2025-01-13 16:03:00,0.4069,0.4076,0.4067,0.407,7281.0
2025-01-13 16:04:00,0.4068,0.407,0.4065,0.407,999.0
2025-01-13 16:05:00,0.4071,0.4076,0.4068,0.4069,29803.0
2025-01-13 16:06:00,0.4063,0.4067,0.4063,0.4067,6437.0
2025-01-13 16:07:00,0.4069,0.4074,0.4069,0.4073,1091.0
2025-01-13 16:08:00,0.4075,0.4078,0.4066,0.4066,4165.0
2025-01-13 16:09:00,0.4064,0.4064,0.405,0.405,928.0
2025-01-13 16:10:00,0.4053,0.4055,0.4049,0.4049,1981.0
2025-01-13 16:11:00,0.4052,0.4056,0.4044,0.4049,2082.0
2025-01-13 16:12:00,0.4054,0.4054,0.4043,0.4044,5929.0
2025-01-13 16:13:00,0.4042,0.4044,0.4034,0.4041,27538.0
2025-01-13 16:14:00,0.4038,0.4052,0.4038,0.4051,2624.0
2025-01-13 16:15:00,0.4051,0.4054,0.4049,0.4053,4403.0
2025-01-13 16:16:00,0.4053,0.4055,0.4053,0.4055,78.0
2025-01-13 16:17:00,0.4047,0.4047,0.4036,0.4038,12361.0
2025-01-13 16:18:00,0.4042,0.4042,0.4038,0.404,2548.0
2025-01-13 16:19:00,0.4039,0.4039,0.4035,0.4036,1005.0
2025-01-13 16:20:00,0.4036,0.4042,0.4031,0.4042,5073.0
2025-01-13 16:21:00,0.4036,0.4036,0.4027,0.4027,3146.0
2025-01-13 16:22:00,0.4027,0.4029,0.4022,0.4025,9828.0
2025-01-13 16:23:00,0.4026,0.4029,0.4025,0.4028,4198.0
2025-01-13 16:24:00,0.403,0.403,0.403,0.403,41.0
2025-01-13 16:25:00,0.4032,0.4042,0.4032,0.4042,1057.0
2025-01-13 16:26:00,0.404,0.404,0.4029,0.4029,1815.0
2025-01-13 16:27:00,0.4031,0.4031,0.403,0.403,103.0
2025-01-13 16:28:00,0.4024,0.4026,0.4024,0.4026,402.0
2025-01-13 16:29:00,0.4021,0.4023,0.4019,0.4022,4991.0
2025-01-13 16:30:00,0.4018,0.4026,0.4014,0.4026,16194.0
2025-01-13 16:31:00,0.4031,0.4038,0.403,0.4038,2742.0
2025-01-13 16:32:00,0.4039,0.4039,0.4034,0.4034,294.0
2025-01-13 16:33:00,0.4034,0.4038,0.4034,0.4034,836.0
2025-01-13 16:34:00,0.4034,0.4039,0.4034,0.4036,730.0
2025-01-13 16:35:00,0.4034,0.4036,0.4026,0.4036,4459.0
2025-01-13 16:36:00,0.4036,0.4037,0.4034,0.4034,995.0
2025-01-13 16:37:00,0.403,0.4032,0.4029,0.4029,688.0
2025-01-13 16:38:00,0.4031,0.4031,0.403,0.4031,158.0
2025-01-13 16:39:00,0.4028,0.4028,0.4026,0.4026,151.0
2025-01-13 16:40:00,0.4027,0.4032,0.4027,0.4029,1082.0
2025-01-13 16:41:00,0.4029,0.4037,0.4029,0.4037,195.0
2025-01-13 16:42:00,0.4034,0.4034,0.4029,0.4029,621.0
2025-01-13 16:43:00,0.4027,0.4032,0.4027,0.4032,146.0
2025-01-13 16:44:00,0.4032,0.4043,0.4032,0.4043,3202.0
2025-01-13 16:45:00,0.4039,0.405,0.4039,0.4049,1446.0
2025-01-13 16:46:00,0.405,0.405,0.4039,0.4042,4219.0
2025-01-13 16:47:00,0.4041,0.4047,0.4041,0.4044,2530.0
2025-01-13 16:48:00,0.4042,0.4042,0.4037,0.4038,5745.0
2025-01-13 16:49:00,0.4035,0.4035,0.403,0.403,118.0
2025-01-13 16:50:00,0.4033,0.4034,0.4024,0.4024,2264.0
2025-01-13 16:51:00,0.4022,0.4026,0.4019,0.4019,2391.0
2025-01-13 16:52:00,0.4021,0.4023,0.4019,0.4023,2081.0
2025-01-13 16:53:00,0.4019,0.4019,0.4014,0.4015,2779.0
2025-01-13 16:54:00,0.4014,0.4018,0.4012,0.4014,4545.0
2025-01-13 16:55:00,0.4015,0.4016,0.4012,0.4013,3350.0
2025-01-13 16:56:00,0.4014,0.4016,0.4007,0.4009,19295.0
2025-01-13 16:57:00,0.4009,0.4009,0.4005,0.4007,4276.0
2025-01-13 16:58:00,0.4007,0.4007,0.3998,0.4,9731.0
2025-01-13 16:59:00,0.4001,0.4002,0.3998,0.4001,8005.0
2025-01-13 17:00:00,0.4,0.4002,0.3993,0.4002,26469.0
2025-01-13 17:01:00,0.4003,0.4012,0.4002,0.4002,7211.0
2025-01-13 17:02:00,0.4003,0.4011,0.3999,0.4011,7925.0
2025-01-13 17:03:00,0.4012,0.4012,0.4006,0.401,3324.0
2025-01-13 17:04:00,0.4008,0.4012,0.4004,0.4006,3502.0
2025-01-13 17:05:00,0.4001,0.4002,0.3998,0.4001,4576.0
2025-01-13 17:06:00,0.4004,0.4005,0.3993,0.3993,1703.0
2025-01-13 17:07:00,0.3991,0.3997,0.3991,0.3995,3715.0
2025-01-13 17:08:00,0.4,0.4006,0.4,0.4005,2098.0
2025-01-13 17:09:00,0.4007,0.4018,0.4007,0.4018,3936.0
2025-01-13 17:10:00,0.402,0.4022,0.4017,0.4022,2234.0
2025-01-13 17:11:00,0.4023,0.4026,0.4014,0.4023,13991.0
2025-01-13 17:12:00,0.4024,0.4026,0.4024,0.4025,1519.0
2025-01-13 17:13:00,0.4014,0.4014,0.4006,0.4006,2231.0
2025-01-13 17:14:00,0.401,0.4013,0.4008,0.4013,5426.0
2025-01-13 17:15:00,0.4013,0.4017,0.4009,0.4017,1666.0
2025-01-13 17:16:00,0.4014,0.4021,0.4013,0.4021,1404.0
2025-01-13 17:17:00,0.4025,0.4025,0.4025,0.4025,48.0
2025-01-13 17:18:00,0.4022,0.4022,0.4015,0.4017,354.0
2025-01-13 17:19:00,0.4017,0.4022,0.4017,0.4022,1453.0
2025-01-13 17:20:00,0.4019,0.4025,0.4019,0.4023,435.0
2025-01-13 17:21:00,0.4022,0.4022,0.4022,0.4022,285.0
2025-01-13 17:22:00,0.4015,0.4019,0.4009,0.4019,1298.0
2025-01-13 17:23:00,0.4021,0.4021,0.402,0.402,1291.0
2025-01-13 17:24:00,0.402,0.402,0.4019,0.4019,214.0
2025-01-13 17:25:00,0.4015,0.4015,0.4015,0.4015,40.0
2025-01-13 17:26:00,0.4019,0.4024,0.4019,0.4024,2012.0
2025-01-13 17:27:00,0.4027,0.4039,0.4027,0.4039,5266.0
2025-01-13 17:28:00,0.4033,0.4033,0.4027,0.4032,1852.0
2025-01-13 17:29:00,0.4033,0.4033,0.4033,0.4033,248.0
2025-01-13 17:30:00,0.4028,0.4028,0.4017,0.4017,7549.0
2025-01-13 17:31:00,0.4016,0.4019,0.4016,0.4016,632.0
2025-01-13 17:32:00,0.4016,0.402,0.4016,0.402,73.0
2025-01-13 17:33:00,0.4024,0.4029,0.4024,0.4029,1465.0
2025-01-13 17:34:00,0.4029,0.4034,0.4025,0.4025,1510.0
2025-01-13 17:35:00,0.4035,0.4035,0.403,0.403,360.0
2025-01-13 17:36:00,0.4024,0.4029,0.4024,0.4025,347.0
2025-01-13 17:37:00,0.4025,0.4025,0.402,0.402,1790.0
2025-01-13 17:38:00,0.4012,0.4017,0.4011,0.4011,573.0
2025-01-13 17:39:00,0.401,0.401,0.4,0.4,6082.0
2025-01-13 17:40:00,0.4003,0.4003,0.3997,0.3997,7933.0
2025-01-13 17:41:00,0.3997,0.3997,0.399,0.3995,1803.0
2025-01-13 17:42:00,0.3996,0.4002,0.3993,0.4002,2560.0
2025-01-13 17:43:00,0.3994,0.3994,0.3987,0.3988,3417.0
2025-01-13 17:44:00,0.399,0.3991,0.3987,0.3987,1184.0
2025-01-13 17:45:00,0.3994,0.4,0.3994,0.4,69.0
2025-01-13 17:46:00,0.4002,0.4002,0.4,0.4,464.0
2025-01-13 17:47:00,0.4001,0.4006,0.3996,0.3996,4513.0
2025-01-13 17:48:00,0.3988,0.399,0.3987,0.3987,1560.0
2025-01-13 17:49:00,0.3987,0.3987,0.3978,0.3981,7951.0
2025-01-13 17:50:00,0.398,0.3984,0.3977,0.3984,7658.0
2025-01-13 17:51:00,0.3985,0.3986,0.3974,0.3974,5018.0
2025-01-13 17:52:00,0.3976,0.3977,0.3972,0.3972,3232.0
2025-01-13 17:53:00,0.3971,0.3974,0.3971,0.3973,1375.0
2025-01-13 17:54:00,0.3974,0.3975,0.3972,0.3975,4888.0
2025-01-13 17:55:00,0.3976,0.3983,0.3976,0.3982,3297.0
2025-01-13 17:56:00,0.3981,0.3981,0.3976,0.3978,3556.0
2025-01-13 17:57:00,0.3978,0.3984,0.3977,0.3983,8630.0
2025-01-13 17:58:00,0.3983,0.3988,0.3977,0.3988,20465.0
2025-01-13 17:59:00,0.3987,0.3987,0.3982,0.3984,905.0
2025-01-13 18:00:00,0.3983,0.3994,0.3982,0.3994,7016.0
2025-01-13 18:01:00,0.3995,0.4003,0.3995,0.4003,374.0
2025-01-13 18:02:00,0.3999,0.4009,0.3999,0.4009,79.0
2025-01-13 18:03:00,0.401,0.402,0.401,0.402,8888.0
2025-01-13 18:04:00,0.4018,0.4019,0.4013,0.4013,1897.0
2025-01-13 18:05:00,0.4016,0.4016,0.4008,0.4008,2290.0
2025-01-13 18:06:00,0.4005,0.4012,0.4001,0.4012,7572.0
2025-01-13 18:07:00,0.4014,0.4014,0.4003,0.4007,3293.0
2025-01-13 18:08:00,0.4013,0.4013,0.4013,0.4013,168.0
2025-01-13 18:09:00,0.4006,0.4006,0.3999,0.3999,2208.0
2025-01-13 18:10:00,0.4004,0.4004,0.3993,0.3993,5268.0
2025-01-13 18:11:00,0.399,0.399,0.3986,0.3986,189.0
2025-01-13 18:12:00,0.3982,0.3986,0.3982,0.3986,1008.0
2025-01-13 18:13:00,0.3979,0.3979,0.3976,0.3977,3092.0
2025-01-13 18:14:00,0.3981,0.3983,0.3977,0.3978,152.0
2025-01-13 18:15:00,0.3978,0.3978,0.3968,0.3978,6034.0
2025-01-13 18:16:00,0.3978,0.3978,0.3969,0.3969,4193.0
2025-01-13 18:17:00,0.3968,0.397,0.3963,0.3963,9247.0
2025-01-13 18:18:00,0.3963,0.3963,0.3955,0.3955,10991.0
2025-01-13 18:19:00,0.3954,0.396,0.395,0.3953,21617.0
2025-01-13 18:20:00,0.3953,0.3953,0.3942,0.3946,34578.0
2025-01-13 18:21:00,0.3947,0.3948,0.3939,0.394,12924.0
2025-01-13 18:22:00,0.3941,0.3945,0.3936,0.3945,12963.0
2025-01-13 18:23:00,0.3945,0.3955,0.3942,0.3951,7138.0
2025-01-13 18:24:00,0.395,0.395,0.3945,0.3947,11775.0
2025-01-13 18:25:00,0.3946,0.3954,0.3943,0.3952,12151.0
2025-01-13 18:26:00,0.3954,0.3954,0.3946,0.3951,7034.0
2025-01-13 18:27:00,0.3952,0.3956,0.3938,0.3939,12175.0
2025-01-13 18:28:00,0.394,0.3943,0.3936,0.3938,7872.0
2025-01-13 18:29:00,0.3939,0.3941,0.3934,0.3935,4004.0
2025-01-13 18:30:00,0.3937,0.3958,0.3936,0.3955,33727.0
2025-01-13 18:31:00,0.3956,0.3958,0.3948,0.3952,7642.0
2025-01-13 18:32:00,0.3955,0.396,0.3952,0.396,19928.0
2025-01-13 18:33:00,0.3957,0.3965,0.3956,0.3965,2488.0
2025-01-13 18:34:00,0.3966,0.3968,0.3958,0.3966,1685.0
2025-01-13 18:35:00,0.3967,0.3972,0.3967,0.3972,13145.0
2025-01-13 18:36:00,0.3972,0.3975,0.397,0.3975,3457.0
2025-01-13 18:37:00,0.3977,0.3982,0.3968,0.3968,2531.0
2025-01-13 18:38:00,0.3973,0.3973,0.3967,0.3973,707.0
2025-01-13 18:39:00,0.3976,0.3976,0.397,0.3975,9176.0
2025-01-13 18:40:00,0.3976,0.3982,0.3976,0.3978,643.0
2025-01-13 18:41:00,0.3977,0.3977,0.3961,0.3961,7037.0
2025-01-13 18:42:00,0.3962,0.3963,0.3954,0.396,44868.0
2025-01-13 18:43:00,0.3956,0.3956,0.3955,0.3955,117.0
2025-01-13 18:44:00,0.3956,0.3962,0.3956,0.3961,1559.0
2025-01-13 18:45:00,0.3959,0.3959,0.395,0.3955,4958.0
2025-01-13 18:46:00,0.3964,0.3972,0.3964,0.397,5644.0
2025-01-13 18:47:00,0.3972,0.3982,0.397,0.3982,8730.0
2025-01-13 18:48:00,0.398,0.3981,0.3977,0.3981,2754.0
2025-01-13 18:49:00,0.3982,0.3991,0.3982,0.399,4818.0
2025-01-13 18:50:00,0.3987,0.3991,0.3979,0.3979,7970.0
2025-01-13 18:51:00,0.3978,0.3989,0.3978,0.3989,3747.0
2025-01-13 18:52:00,0.3981,0.3981,0.3975,0.3975,1048.0
2025-01-13 18:53:00,0.3976,0.3978,0.3972,0.3975,2843.0
2025-01-13 18:54:00,0.397,0.397,0.3967,0.3967,517.0
2025-01-13 18:55:00,0.3972,0.3983,0.3972,0.3983,1503.0
2025-01-13 18:56:00,0.3983,0.3985,0.3983,0.3984,473.0
2025-01-13 18:57:00,0.3988,0.3991,0.3988,0.3989,2707.0
2025-01-13 18:58:00,0.3986,0.3986,0.3983,0.3983,2768.0
2025-01-13 18:59:00,0.3982,0.3986,0.3981,0.3983,1331.0
2025-01-13 19:00:00,0.3974,0.3974,0.3971,0.3971,4472.0
2025-01-13 19:01:00,0.3972,0.399,0.3972,0.399,3448.0
2025-01-13 19:02:00,0.3987,0.399,0.3986,0.3988,7859.0
2025-01-13 19:03:00,0.3988,0.3997,0.3987,0.3997,4451.0
2025-01-13 19:04:00,0.3997,0.3998,0.3995,0.3998,6284.0
2025-01-13 19:05:00,0.3998,0.3999,0.3998,0.3998,2976.0
2025-01-13 19:06:00,0.4,0.4004,0.3994,0.3994,2845.0
2025-01-13 19:07:00,0.3992,0.4003,0.3992,0.3999,1766.0
2025-01-13 19:08:00,0.3998,0.4002,0.3997,0.4002,1576.0
2025-01-13 19:09:00,0.4003,0.4005,0.4003,0.4003,2449.0
2025-01-13 19:10:00,0.3997,0.4004,0.3997,0.4004,2034.0
2025-01-13 19:11:00,0.4004,0.4005,0.4001,0.4003,4068.0
2025-01-13 19:12:00,0.4002,0.4005,0.4002,0.4005,13730.0
2025-01-13 19:13:00,0.4002,0.4004,0.3993,0.3993,9427.0
2025-01-13 19:14:00,0.3995,0.3997,0.3992,0.3992,1944.0
2025-01-13 19:15:00,0.3986,0.3989,0.3982,0.3989,3249.0
2025-01-13 19:16:00,0.3987,0.3987,0.3981,0.3981,1884.0
2025-01-13 19:17:00,0.3982,0.3982,0.3968,0.3968,1255.0
2025-01-13 19:18:00,0.3969,0.3974,0.3968,0.3974,2387.0
2025-01-13 19:19:00,0.3977,0.3981,0.397,0.3971,1840.0
2025-01-13 19:20:00,0.397,0.397,0.3959,0.3959,7187.0
2025-01-13 19:21:00,0.3963,0.3966,0.3959,0.3962,13389.0
2025-01-13 19:22:00,0.3961,0.3969,0.3961,0.3965,3786.0
2025-01-13 19:23:00,0.3965,0.3965,0.396,0.396,1000.0
2025-01-13 19:24:00,0.3962,0.3963,0.3962,0.3962,1201.0
2025-01-13 19:25:00,0.3967,0.397,0.3967,0.3969,8238.0
2025-01-13 19:26:00,0.3972,0.3973,0.397,0.397,217.0
2025-01-13 19:27:00,0.3971,0.3976,0.3971,0.3976,177.0
2025-01-13 19:28:00,0.3975,0.3975,0.3971,0.3972,3215.0
2025-01-13 19:29:00,0.3974,0.3974,0.3974,0.3974,147.0
2025-01-13 19:30:00,0.3981,0.399,0.3981,0.3983,3544.0
2025-01-13 19:31:00,0.3979,0.3979,0.3972,0.3973,918.0
2025-01-13 19:32:00,0.3971,0.3973,0.397,0.3973,3624.0
2025-01-13 19:33:00,0.3977,0.3977,0.3974,0.3974,645.0
2025-01-13 19:34:00,0.397,0.3979,0.397,0.3979,3991.0
2025-01-13 19:35:00,0.3977,0.3977,0.3972,0.3972,600.0
2025-01-13 19:36:00,0.3984,0.3986,0.3982,0.3982,2197.0
2025-01-13 19:37:00,0.3976,0.3985,0.3976,0.3983,2378.0
2025-01-13 19:38:00,0.399,0.3995,0.399,0.3992,657.0
2025-01-13 19:39:00,0.4,0.4001,0.3999,0.4001,1116.0
2025-01-13 19:40:00,0.4002,0.4007,0.4001,0.4007,2736.0
2025-01-13 19:41:00,0.4005,0.4013,0.4004,0.4013,1854.0
2025-01-13 19:42:00,0.401,0.4013,0.401,0.4013,347.0
2025-01-13 19:43:00,0.4011,0.4011,0.4003,0.4004,8021.0
2025-01-13 19:44:00,0.4011,0.4013,0.4011,0.4013,1551.0
2025-01-13 19:45:00,0.4011,0.4024,0.4008,0.4024,12000.0
2025-01-13 19:46:00,0.4019,0.4026,0.4015,0.4018,11774.0
2025-01-13 19:47:00,0.4018,0.4025,0.4017,0.4024,10714.0
2025-01-13 19:48:00,0.4023,0.403,0.4022,0.4022,9693.0
2025-01-13 19:49:00,0.4019,0.402,0.4008,0.4008,4934.0
2025-01-13 19:50:00,0.4007,0.4009,0.4004,0.4006,3258.0
2025-01-13 19:51:00,0.4004,0.4004,0.3994,0.3994,5174.0
2025-01-13 19:52:00,0.3997,0.3997,0.399,0.399,3445.0
2025-01-13 19:53:00,0.399,0.399,0.3989,0.3989,1072.0
2025-01-13 19:54:00,0.3991,0.3991,0.3991,0.3991,2150.0
2025-01-13 19:55:00,0.3998,0.4007,0.3996,0.4007,3642.0
2025-01-13 19:56:00,0.4,0.4001,0.4,0.4001,36.0
2025-01-13 19:57:00,0.4002,0.4002,0.4002,0.4002,499.0
2025-01-13 19:58:00,0.4002,0.4002,0.4002,0.4002,0.0
2025-01-13 19:59:00,0.4002,0.4002,0.4002,0.4002,749.0
2025-01-13 20:00:00,0.3999,0.4,0.3992,0.3992,4438.0
2025-01-13 20:01:00,0.399,0.399,0.3987,0.3989,906.0
2025-01-13 20:02:00,0.3989,0.3994,0.3983,0.3994,3282.0
2025-01-13 20:03:00,0.3997,0.3999,0.3984,0.3984,5099.0
2025-01-13 20:04:00,0.3983,0.3986,0.3976,0.3976,3258.0
2025-01-13 20:05:00,0.3981,0.3983,0.3979,0.3981,817.0
2025-01-13 20:06:00,0.3982,0.3982,0.3977,0.3977,1666.0
2025-01-13 20:07:00,0.3973,0.3975,0.3973,0.3975,1503.0
2025-01-13 20:08:00,0.3974,0.399,0.3974,0.3987,2882.0
2025-01-13 20:09:00,0.3987,0.3987,0.3987,0.3987,0.0
2025-01-13 20:10:00,0.3973,0.3979,0.3973,0.3979,1430.0
2025-01-13 20:11:00,0.3982,0.3982,0.3977,0.3977,78.0
2025-01-13 20:12:00,0.3973,0.3973,0.397,0.397,221.0
2025-01-13 20:13:00,0.3972,0.3977,0.3972,0.3977,1701.0
2025-01-13 20:14:00,0.3982,0.3982,0.3976,0.3977,295.0
2025-01-13 20:15:00,0.3974,0.3979,0.3973,0.3979,2527.0
2025-01-13 20:16:00,0.3981,0.3981,0.3977,0.398,77.0
2025-01-13 20:17:00,0.3979,0.3989,0.3979,0.3989,2321.0
2025-01-13 20:18:00,0.3988,0.3988,0.3984,0.3984,3297.0
2025-01-13 20:19:00,0.3988,0.3992,0.3988,0.3991,2411.0
2025-01-13 20:20:00,0.3986,0.3993,0.3986,0.3993,745.0
2025-01-13 20:21:00,0.3993,0.3994,0.3992,0.3992,2418.0
2025-01-13 20:22:00,0.3997,0.4001,0.3997,0.3998,726.0
2025-01-13 20:23:00,0.3998,0.3998,0.3991,0.3991,5878.0
2025-01-13 20:24:00,0.3986,0.3987,0.3985,0.3987,116.0
2025-01-13 20:25:00,0.3988,0.3991,0.3988,0.3991,3364.0
2025-01-13 20:26:00,0.399,0.3993,0.399,0.399,2030.0
2025-01-13 20:27:00,0.3995,0.3995,0.3995,0.3995,478.0
2025-01-13 20:28:00,0.3995,0.3995,0.3995,0.3995,0.0
2025-01-13 20:29:00,0.3997,0.3997,0.3997,0.3997,245.0
2025-01-13 20:30:00,0.4,0.401,0.4,0.401,5754.0
2025-01-13 20:31:00,0.4006,0.4006,0.4006,0.4006,24.0
2025-01-13 20:32:00,0.4008,0.4008,0.4006,0.4006,3744.0
2025-01-13 20:33:00,0.4011,0.4016,0.4011,0.4016,2511.0
2025-01-13 20:34:00,0.4015,0.4026,0.4015,0.4026,5126.0
2025-01-13 20:35:00,0.4025,0.4031,0.4025,0.4028,4385.0
2025-01-13 20:36:00,0.4031,0.4037,0.4028,0.4037,4361.0
2025-01-13 20:37:00,0.4033,0.4039,0.4032,0.4038,3054.0
2025-01-13 20:38:00,0.404,0.4044,0.404,0.404,1577.0
2025-01-13 20:39:00,0.4038,0.4038,0.403,0.403,5247.0
2025-01-13 20:40:00,0.4029,0.4036,0.4028,0.4036,9357.0
2025-01-13 20:41:00,0.4037,0.4042,0.4037,0.4041,1766.0
2025-01-13 20:42:00,0.4047,0.4052,0.4047,0.4051,6404.0
2025-01-13 20:43:00,0.4052,0.4057,0.4049,0.4056,15109.0
2025-01-13 20:44:00,0.4052,0.4057,0.405,0.4056,3828.0
2025-01-13 20:45:00,0.4054,0.4072,0.4054,0.4072,16424.0
2025-01-13 20:46:00,0.4073,0.408,0.4065,0.407,18385.0
2025-01-13 20:47:00,0.4068,0.4081,0.4063,0.4081,37384.0
2025-01-13 20:48:00,0.4078,0.4085,0.4077,0.408,7861.0
2025-01-13 20:49:00,0.4081,0.4088,0.4081,0.4084,7003.0
2025-01-13 20:50:00,0.4084,0.4088,0.4072,0.4078,3866.0
2025-01-13 20:51:00,0.4079,0.4102,0.4079,0.41,61844.0
2025-01-13 20:52:00,0.4102,0.4116,0.4102,0.411,34955.0
2025-01-13 20:53:00,0.4109,0.4115,0.41,0.4105,15709.0
2025-01-13 20:54:00,0.4101,0.4112,0.4099,0.4111,14325.0
2025-01-13 20:55:00,0.4111,0.4121,0.4111,0.4113,16893.0
2025-01-13 20:56:00,0.411,0.4113,0.4099,0.4102,12988.0
2025-01-13 20:57:00,0.4103,0.4108,0.4101,0.4105,7783.0
2025-01-13 20:58:00,0.4106,0.4106,0.4099,0.4101,2602.0
2025-01-13 20:59:00,0.4101,0.4104,0.4097,0.4098,4004.0
2025-01-13 21:00:00,0.4105,0.4105,0.4098,0.4102,12328.0
2025-01-13 21:01:00,0.4104,0.4106,0.4099,0.4105,3803.0
2025-01-13 21:02:00,0.4105,0.4105,0.4102,0.4102,771.0
2025-01-13 21:03:00,0.4103,0.4103,0.4086,0.4086,2909.0
2025-01-13 21:04:00,0.408,0.4083,0.4074,0.4083,15085.0
2025-01-13 21:05:00,0.4085,0.4101,0.4085,0.4101,2452.0
2025-01-13 21:06:00,0.41,0.41,0.4087,0.4087,4647.0
2025-01-13 21:07:00,0.4086,0.4086,0.4081,0.4082,1460.0
2025-01-13 21:08:00,0.4083,0.409,0.4083,0.409,3371.0
2025-01-13 21:09:00,0.4093,0.4102,0.4093,0.4096,11170.0
2025-01-13 21:10:00,0.4093,0.41,0.4091,0.4098,4604.0
2025-01-13 21:11:00,0.41,0.4102,0.4093,0.4094,4368.0
2025-01-13 21:12:00,0.4091,0.4101,0.4091,0.41,20781.0
2025-01-13 21:13:00,0.41,0.4101,0.4089,0.4092,2819.0
2025-01-13 21:14:00,0.4092,0.4097,0.4089,0.4089,1572.0
2025-01-13 21:15:00,0.4092,0.4092,0.4083,0.4089,4275.0
2025-01-13 21:16:00,0.4092,0.4097,0.4087,0.4087,847.0
2025-01-13 21:17:00,0.4087,0.4087,0.4084,0.4084,955.0
2025-01-13 21:18:00,0.4081,0.4084,0.4079,0.4084,2361.0
2025-01-13 21:19:00,0.4084,0.4084,0.4074,0.4075,974.0
2025-01-13 21:20:00,0.4076,0.4093,0.4076,0.4093,2696.0
2025-01-13 21:21:00,0.4093,0.4093,0.4083,0.4083,749.0
2025-01-13 21:22:00,0.409,0.409,0.4088,0.4088,568.0
2025-01-13 21:23:00,0.4087,0.4089,0.4087,0.4089,180.0
2025-01-13 21:24:00,0.4095,0.4102,0.4095,0.4102,623.0
2025-01-13 21:25:00,0.4107,0.411,0.4107,0.4108,380.0
2025-01-13 21:26:00,0.4104,0.4105,0.4103,0.4105,1440.0
2025-01-13 21:27:00,0.4097,0.4097,0.4094,0.4094,121.0
2025-01-13 21:28:00,0.4098,0.4098,0.4098,0.4098,73.0
2025-01-13 21:29:00,0.4099,0.4101,0.4098,0.4101,989.0
2025-01-13 21:30:00,0.4102,0.4117,0.4102,0.4114,6441.0
2025-01-13 21:31:00,0.4116,0.4116,0.4112,0.4112,2263.0
2025-01-13 21:32:00,0.4103,0.4103,0.4101,0.4101,542.0
2025-01-13 21:33:00,0.4103,0.4104,0.41,0.4102,4926.0
2025-01-13 21:34:00,0.4102,0.4112,0.4101,0.4112,7178.0
2025-01-13 21:35:00,0.4104,0.4109,0.4101,0.4106,5753.0
2025-01-13 21:36:00,0.4106,0.4106,0.41,0.41,17365.0
2025-01-13 21:37:00,0.41,0.4117,0.4099,0.4117,17463.0
2025-01-13 21:38:00,0.4118,0.4121,0.4115,0.4121,1116.0
2025-01-13 21:39:00,0.4121,0.4131,0.4121,0.413,10176.0
2025-01-13 21:40:00,0.4131,0.4144,0.4131,0.414,8347.0
2025-01-13 21:41:00,0.4139,0.4146,0.4139,0.4145,5513.0
2025-01-13 21:42:00,0.4144,0.4146,0.4132,0.4132,10547.0
2025-01-13 21:43:00,0.4135,0.4148,0.4135,0.414,12188.0
2025-01-13 21:44:00,0.414,0.4142,0.414,0.4142,1612.0
2025-01-13 21:45:00,0.4142,0.4143,0.414,0.4143,654.0
2025-01-13 21:46:00,0.4138,0.4138,0.4135,0.4135,4167.0
2025-01-13 21:47:00,0.4135,0.4135,0.4127,0.4127,701.0
2025-01-13 21:48:00,0.4125,0.4126,0.4123,0.4125,961.0
2025-01-13 21:49:00,0.413,0.4136,0.413,0.4136,1251.0
2025-01-13 21:50:00,0.4137,0.4137,0.4131,0.4131,908.0
2025-01-13 21:51:00,0.4133,0.4134,0.4128,0.4134,1326.0
2025-01-13 21:52:00,0.4135,0.4139,0.4133,0.4139,8187.0
2025-01-13 21:53:00,0.4143,0.4147,0.4142,0.4142,375.0
2025-01-13 21:54:00,0.4139,0.4139,0.4139,0.4139,47.0
2025-01-13 21:55:00,0.413,0.4132,0.413,0.4132,1331.0
2025-01-13 21:56:00,0.4132,0.4136,0.4132,0.4136,1285.0
2025-01-13 21:57:00,0.4138,0.4139,0.4135,0.4135,2607.0
2025-01-13 21:58:00,0.4141,0.4142,0.4138,0.4139,1790.0
2025-01-13 21:59:00,0.414,0.4153,0.4139,0.4149,49325.0
2025-01-13 22:00:00,0.415,0.4163,0.415,0.4158,39427.0
2025-01-13 22:01:00,0.4159,0.417,0.4153,0.4169,11069.0
2025-01-13 22:02:00,0.417,0.4175,0.4169,0.4172,5654.0
2025-01-13 22:03:00,0.4173,0.4174,0.4166,0.4171,12906.0
2025-01-13 22:04:00,0.4172,0.4177,0.4172,0.4177,4651.0
2025-01-13 22:05:00,0.4174,0.4181,0.417,0.4178,91189.0
2025-01-13 22:06:00,0.4179,0.4185,0.4179,0.4182,4124.0
2025-01-13 22:07:00,0.4185,0.4194,0.4184,0.4193,6661.0
2025-01-13 22:08:00,0.4195,0.4195,0.4191,0.4192,2822.0
2025-01-13 22:09:00,0.4193,0.4204,0.4193,0.4204,10988.0
2025-01-13 22:10:00,0.4201,0.421,0.4201,0.421,17352.0
2025-01-13 22:11:00,0.4212,0.4212,0.4204,0.4204,6833.0
2025-01-13 22:12:00,0.4203,0.4206,0.4202,0.4205,2837.0
2025-01-13 22:13:00,0.4204,0.4204,0.4197,0.42,2880.0
2025-01-13 22:14:00,0.4202,0.4207,0.4202,0.4207,3363.0
2025-01-13 22:15:00,0.4204,0.4204,0.4192,0.4201,19014.0
2025-01-13 22:16:00,0.42,0.4209,0.4198,0.4209,24620.0
2025-01-13 22:17:00,0.4208,0.4208,0.4199,0.4202,8479.0
2025-01-13 22:18:00,0.42,0.4205,0.42,0.4201,5529.0
2025-01-13 22:19:00,0.4205,0.421,0.4205,0.421,6124.0
2025-01-13 22:20:00,0.421,0.4211,0.4206,0.4206,9020.0
2025-01-13 22:21:00,0.4203,0.4203,0.4195,0.4199,2763.0
2025-01-13 22:22:00,0.4199,0.4211,0.4199,0.4206,10241.0
2025-01-13 22:23:00,0.4205,0.421,0.4205,0.4207,6193.0
2025-01-13 22:24:00,0.421,0.4212,0.421,0.4212,4452.0
2025-01-13 22:25:00,0.421,0.4215,0.421,0.4214,4236.0
2025-01-13 22:26:00,0.4212,0.4212,0.4212,0.4212,237.0
2025-01-13 22:27:00,0.4212,0.4212,0.4212,0.4212,0.0
2025-01-13 22:28:00,0.4211,0.4211,0.4207,0.4207,1773.0
2025-01-13 22:29:00,0.421,0.421,0.4208,0.4208,106.0
2025-01-13 22:30:00,0.4203,0.4203,0.42,0.42,5543.0
2025-01-13 22:31:00,0.4194,0.4194,0.4194,0.4194,16.0
2025-01-13 22:32:00,0.4204,0.4204,0.4192,0.4192,1924.0
2025-01-13 22:33:00,0.4191,0.4192,0.4183,0.4183,4786.0
2025-01-13 22:34:00,0.4182,0.4184,0.418,0.418,2030.0
2025-01-13 22:35:00,0.4181,0.4181,0.4179,0.4179,1153.0
2025-01-13 22:36:00,0.4178,0.4178,0.4166,0.4166,6094.0
2025-01-13 22:37:00,0.4164,0.4173,0.4161,0.4173,31348.0
2025-01-13 22:38:00,0.417,0.4174,0.417,0.4174,5708.0
2025-01-13 22:39:00,0.4175,0.4181,0.4174,0.4174,10650.0
2025-01-13 22:40:00,0.4174,0.4174,0.4165,0.4171,7929.0
2025-01-13 22:41:00,0.4169,0.4171,0.4169,0.4171,1615.0
2025-01-13 22:42:00,0.4173,0.4174,0.4173,0.4174,573.0
2025-01-13 22:43:00,0.4175,0.4177,0.4175,0.4177,123.0
2025-01-13 22:44:00,0.4176,0.4176,0.4176,0.4176,14.0
2025-01-13 22:45:00,0.4176,0.4176,0.4176,0.4176,0.0
2025-01-13 22:46:00,0.4175,0.4179,0.4175,0.4178,3227.0
2025-01-13 22:47:00,0.4178,0.4179,0.4178,0.4179,1766.0
2025-01-13 22:48:00,0.4179,0.4179,0.4179,0.4179,0.0
2025-01-13 22:49:00,0.4179,0.4179,0.4179,0.4179,0.0
2025-01-13 22:50:00,0.4179,0.4179,0.4179,0.4179,0.0
2025-01-13 22:51:00,0.4179,0.4179,0.4175,0.4175,507.0
2025-01-13 22:52:00,0.417,0.417,0.4168,0.4168,2828.0
2025-01-13 22:53:00,0.4169,0.4169,0.4169,0.4169,1439.0
2025-01-13 22:54:00,0.4169,0.4169,0.4169,0.4169,0.0
2025-01-13 22:55:00,0.4169,0.4177,0.4169,0.4173,8754.0
2025-01-13 22:56:00,0.4176,0.4176,0.417,0.417,1453.0
2025-01-13 22:57:00,0.4169,0.4171,0.4169,0.4171,1302.0
2025-01-13 22:58:00,0.4171,0.4171,0.4169,0.4169,1229.0
2025-01-13 22:59:00,0.4169,0.4169,0.4169,0.4169,0.0
2025-01-13 23:00:00,0.4174,0.4176,0.4168,0.4168,1048.0
2025-01-13 23:01:00,0.4168,0.4168,0.4163,0.4164,1569.0
2025-01-13 23:02:00,0.4161,0.4161,0.4159,0.4159,273.0
2025-01-13 23:03:00,0.4162,0.4165,0.4162,0.4165,6076.0
2025-01-13 23:04:00,0.4165,0.4165,0.4165,0.4165,0.0
2025-01-13 23:05:00,0.4165,0.4169,0.4165,0.4168,5051.0
2025-01-13 23:06:00,0.4166,0.4166,0.4162,0.4162,748.0
2025-01-13 23:07:00,0.4162,0.4162,0.4162,0.4162,168.0
2025-01-13 23:08:00,0.4162,0.4162,0.4162,0.4162,549.0
2025-01-13 23:09:00,0.4164,0.4164,0.4164,0.4164,46.0
2025-01-13 23:10:00,0.4166,0.4171,0.4166,0.417,1003.0
2025-01-13 23:11:00,0.4171,0.4171,0.4168,0.4168,32.0
2025-01-13 23:12:00,0.4168,0.4168,0.4168,0.4168,0.0
2025-01-13 23:13:00,0.4174,0.4174,0.4173,0.4173,436.0
2025-01-13 23:14:00,0.4173,0.4173,0.4173,0.4173,0.0
2025-01-13 23:15:00,0.4176,0.4176,0.4176,0.4176,47.0
2025-01-13 23:16:00,0.4174,0.4174,0.4174,0.4174,23.0
2025-01-13 23:17:00,0.4174,0.4174,0.4174,0.4174,0.0
2025-01-13 23:18:00,0.4171,0.4171,0.4171,0.4171,148.0
2025-01-13 23:19:00,0.4171,0.4171,0.4171,0.4171,0.0
2025-01-13 23:20:00,0.4171,0.4171,0.4171,0.4171,0.0
2025-01-13 23:21:00,0.4175,0.4176,0.4173,0.4173,11129.0
2025-01-13 23:22:00,0.4177,0.4179,0.4177,0.4179,4512.0
2025-01-13 23:23:00,0.4179,0.4179,0.4179,0.4179,0.0
2025-01-13 23:24:00,0.4174,0.4175,0.4174,0.4174,2164.0
2025-01-13 23:25:00,0.4167,0.4167,0.4159,0.4159,1174.0
2025-01-13 23:26:00,0.4163,0.4163,0.4163,0.4163,56.0
2025-01-13 23:27:00,0.4163,0.4163,0.4163,0.4163,1537.0
2025-01-13 23:28:00,0.4165,0.4166,0.4164,0.4164,1085.0
2025-01-13 23:29:00,0.4166,0.4166,0.4165,0.4165,694.0
2025-01-13 23:30:00,0.4165,0.4165,0.4165,0.4165,0.0
2025-01-13 23:31:00,0.4166,0.4166,0.4166,0.4166,854.0
2025-01-13 23:32:00,0.4167,0.4167,0.4166,0.4166,2518.0
2025-01-13 23:33:00,0.4164,0.4167,0.4164,0.4167,1959.0
2025-01-13 23:34:00,0.4167,0.4167,0.4167,0.4167,0.0
2025-01-13 23:35:00,0.4169,0.4169,0.4168,0.4168,1580.0
2025-01-13 23:36:00,0.4173,0.4173,0.4172,0.4172,520.0
2025-01-13 23:37:00,0.4171,0.4171,0.4171,0.4171,20.0
2025-01-13 23:38:00,0.4171,0.4171,0.4171,0.4171,0.0
2025-01-13 23:39:00,0.4164,0.4167,0.4164,0.4167,416.0
2025-01-13 23:40:00,0.4167,0.4167,0.4167,0.4167,0.0
2025-01-13 23:41:00,0.4167,0.4167,0.4167,0.4167,0.0
2025-01-13 23:42:00,0.4169,0.4169,0.4169,0.4169,495.0
2025-01-13 23:43:00,0.4169,0.4169,0.4169,0.4169,46.0
2025-01-13 23:44:00,0.4169,0.417,0.4168,0.4168,1813.0
2025-01-13 23:45:00,0.4165,0.4165,0.4164,0.4165,2488.0
2025-01-13 23:46:00,0.4166,0.4166,0.4166,0.4166,14.0
2025-01-13 23:47:00,0.4161,0.4161,0.416,0.416,3860.0
2025-01-13 23:48:00,0.416,0.416,0.416,0.416,160.0
2025-01-13 23:49:00,0.416,0.416,0.416,0.416,0.0
2025-01-13 23:50:00,0.4166,0.4166,0.4166,0.4166,509.0
2025-01-13 23:51:00,0.4167,0.417,0.4167,0.4169,2789.0
2025-01-13 23:52:00,0.4168,0.4168,0.4164,0.4164,388.0
2025-01-13 23:53:00,0.4164,0.4167,0.4164,0.4167,3182.0
2025-01-13 23:54:00,0.4167,0.4167,0.4167,0.4167,0.0
2025-01-13 23:55:00,0.4165,0.4166,0.4164,0.4165,7390.0
2025-01-13 23:56:00,0.4168,0.4169,0.4168,0.4169,5188.0
2025-01-13 23:57:00,0.4164,0.4164,0.4164,0.4164,36.0
2025-01-13 23:58:00,0.4163,0.4163,0.4163,0.4163,301.0
2025-01-13 23:59:00,0.4165,0.4166,0.4165,0.4166,2400.0
2025-01-14 00:00:00,0.4167,0.4167,0.4161,0.4161,4161.0
2025-01-14 00:01:00,0.4159,0.416,0.4155,0.4155,6480.0
2025-01-14 00:02:00,0.4154,0.4157,0.4147,0.4148,4882.0
2025-01-14 00:03:00,0.4147,0.4148,0.4146,0.4146,4020.0
2025-01-14 00:04:00,0.415,0.415,0.4145,0.4146,3377.0
2025-01-14 00:05:00,0.4145,0.4149,0.4144,0.4149,1398.0
2025-01-14 00:06:00,0.4151,0.4151,0.4144,0.4144,4160.0
2025-01-14 00:07:00,0.4145,0.4145,0.414,0.414,1128.0
2025-01-14 00:08:00,0.414,0.4141,0.414,0.4141,780.0
2025-01-14 00:09:00,0.4141,0.4141,0.4132,0.4132,14456.0
2025-01-14 00:10:00,0.4135,0.4138,0.4133,0.4133,4156.0
2025-01-14 00:11:00,0.4134,0.4141,0.4134,0.414,10833.0
2025-01-14 00:12:00,0.414,0.414,0.4132,0.4132,3795.0
2025-01-14 00:13:00,0.4133,0.4133,0.4132,0.4132,367.0
2025-01-14 00:14:00,0.4132,0.4133,0.4131,0.4131,4718.0
2025-01-14 00:15:00,0.413,0.4134,0.413,0.4131,5542.0
2025-01-14 00:16:00,0.413,0.4132,0.4129,0.4129,1651.0
2025-01-14 00:17:00,0.4128,0.4128,0.4126,0.4126,186.0
2025-01-14 00:18:00,0.4125,0.413,0.4125,0.413,5276.0
2025-01-14 00:19:00,0.4136,0.4137,0.4134,0.4134,1095.0
2025-01-14 00:20:00,0.4128,0.4137,0.4128,0.4137,9086.0
2025-01-14 00:21:00,0.4141,0.4143,0.4136,0.4143,2464.0
2025-01-14 00:22:00,0.4143,0.4146,0.414,0.414,29825.0
2025-01-14 00:23:00,0.4143,0.4148,0.4143,0.4145,7308.0
2025-01-14 00:24:00,0.4144,0.4144,0.4138,0.4138,1686.0
2025-01-14 00:25:00,0.4144,0.4151,0.4138,0.4139,36039.0
2025-01-14 00:26:00,0.4138,0.4138,0.4131,0.4131,9312.0
2025-01-14 00:27:00,0.4128,0.4131,0.4128,0.4131,4975.0
2025-01-14 00:28:00,0.4132,0.4132,0.4128,0.4128,3277.0
2025-01-14 00:29:00,0.4127,0.4129,0.4127,0.4129,539.0
2025-01-14 00:30:00,0.4129,0.413,0.4123,0.4123,5901.0
2025-01-14 00:31:00,0.4122,0.4123,0.4115,0.4115,7542.0
2025-01-14 00:32:00,0.4116,0.4116,0.411,0.4111,9746.0
2025-01-14 00:33:00,0.411,0.4113,0.411,0.4113,7505.0
2025-01-14 00:34:00,0.4113,0.4114,0.4109,0.411,23934.0
2025-01-14 00:35:00,0.4109,0.4112,0.4108,0.4112,14876.0
2025-01-14 00:36:00,0.4111,0.4114,0.4107,0.4107,6067.0
2025-01-14 00:37:00,0.4106,0.411,0.4106,0.4107,1425.0
2025-01-14 00:38:00,0.4108,0.4108,0.4104,0.4104,2312.0
2025-01-14 00:39:00,0.4104,0.4105,0.4104,0.4104,2328.0
2025-01-14 00:40:00,0.4109,0.4115,0.4108,0.4113,2468.0
2025-01-14 00:41:00,0.4113,0.4113,0.411,0.411,8342.0
2025-01-14 00:42:00,0.4111,0.4111,0.4107,0.4107,6109.0
2025-01-14 00:43:00,0.4106,0.4106,0.4103,0.4105,8470.0
2025-01-14 00:44:00,0.4105,0.4105,0.4099,0.41,8898.0
2025-01-14 00:45:00,0.4101,0.4103,0.41,0.4103,15125.0
2025-01-14 00:46:00,0.4102,0.4103,0.41,0.41,5525.0
2025-01-14 00:47:00,0.4102,0.4102,0.4096,0.4096,6981.0
2025-01-14 00:48:00,0.4096,0.4098,0.4088,0.4088,25037.0
2025-01-14 00:49:00,0.4089,0.4089,0.4087,0.4087,12266.0
2025-01-14 00:50:00,0.4088,0.4096,0.4088,0.4096,15898.0
2025-01-14 00:51:00,0.4096,0.4096,0.4096,0.4096,23.0
2025-01-14 00:52:00,0.4101,0.4101,0.4096,0.4097,1795.0
2025-01-14 00:53:00,0.4094,0.4096,0.4094,0.4096,1404.0
2025-01-14 00:54:00,0.4095,0.4095,0.4095,0.4095,48.0
2025-01-14 00:55:00,0.4102,0.4102,0.4102,0.4102,47.0
2025-01-14 00:56:00,0.41,0.41,0.4095,0.4095,4805.0
2025-01-14 00:57:00,0.4094,0.4094,0.4091,0.4091,1766.0
2025-01-14 00:58:00,0.4091,0.4091,0.4091,0.4091,162.0
2025-01-14 00:59:00,0.4093,0.4093,0.4093,0.4093,648.0
2025-01-14 01:00:00,0.4096,0.4104,0.4096,0.4104,9091.0
2025-01-14 01:01:00,0.4103,0.411,0.4103,0.4109,10890.0
2025-01-14 01:02:00,0.411,0.4111,0.411,0.4111,543.0
2025-01-14 01:03:00,0.4115,0.4116,0.4113,0.4116,4987.0
2025-01-14 01:04:00,0.4117,0.4117,0.4112,0.4114,12072.0
2025-01-14 01:05:00,0.412,0.412,0.4115,0.4115,4132.0
2025-01-14 01:06:00,0.4117,0.4119,0.4117,0.4119,81.0
2025-01-14 01:07:00,0.4121,0.4126,0.4121,0.4126,1343.0
2025-01-14 01:08:00,0.4126,0.4132,0.4126,0.4131,8895.0
2025-01-14 01:09:00,0.4128,0.413,0.4126,0.413,5040.0
2025-01-14 01:10:00,0.4133,0.4137,0.4133,0.4134,4665.0
2025-01-14 01:11:00,0.4137,0.4137,0.413,0.413,4700.0
2025-01-14 01:12:00,0.4131,0.4134,0.4128,0.4134,19678.0
2025-01-14 01:13:00,0.4134,0.4134,0.413,0.4132,11779.0
2025-01-14 01:14:00,0.4137,0.4138,0.4137,0.4138,2627.0
2025-01-14 01:15:00,0.4139,0.4139,0.4136,0.4136,2136.0
2025-01-14 01:16:00,0.4135,0.4135,0.4125,0.4125,2182.0
2025-01-14 01:17:00,0.4125,0.4125,0.4122,0.4122,1213.0
2025-01-14 01:18:00,0.4121,0.4121,0.4117,0.4117,1467.0
2025-01-14 01:19:00,0.4119,0.412,0.4116,0.4116,735.0
2025-01-14 01:20:00,0.4118,0.4118,0.4112,0.4115,8616.0
2025-01-14 01:21:00,0.4116,0.4117,0.411,0.411,12932.0
2025-01-14 01:22:00,0.4111,0.4111,0.4107,0.411,9046.0
2025-01-14 01:23:00,0.411,0.411,0.411,0.411,340.0
2025-01-14 01:24:00,0.4107,0.411,0.4105,0.411,8458.0
2025-01-14 01:25:00,0.4111,0.4114,0.411,0.4112,7588.0
2025-01-14 01:26:00,0.4111,0.4111,0.4106,0.4106,6908.0
2025-01-14 01:27:00,0.4105,0.4108,0.4105,0.4108,315.0
2025-01-14 01:28:00,0.4108,0.4116,0.4108,0.4116,9462.0
2025-01-14 01:29:00,0.4115,0.4115,0.4111,0.4112,968.0
2025-01-14 01:30:00,0.4111,0.4114,0.4106,0.4114,10733.0
2025-01-14 01:31:00,0.4117,0.412,0.4114,0.4114,1424.0
2025-01-14 01:32:00,0.4114,0.4114,0.4111,0.4111,780.0
2025-01-14 01:33:00,0.4106,0.4106,0.4103,0.4103,1504.0
2025-01-14 01:34:00,0.4102,0.4102,0.41,0.41,1264.0
2025-01-14 01:35:00,0.4103,0.4103,0.4099,0.41,8103.0
2025-01-14 01:36:00,0.4101,0.4101,0.4095,0.4095,2247.0
2025-01-14 01:37:00,0.4095,0.4096,0.4095,0.4095,2982.0
2025-01-14 01:38:00,0.4095,0.4099,0.4093,0.4093,15971.0
2025-01-14 01:39:00,0.4091,0.4096,0.4091,0.4096,12747.0
2025-01-14 01:40:00,0.4094,0.4094,0.4092,0.4094,391.0
2025-01-14 01:41:00,0.4092,0.4092,0.4089,0.4089,6831.0
2025-01-14 01:42:00,0.4088,0.409,0.4085,0.409,9776.0
2025-01-14 01:43:00,0.4089,0.4091,0.4089,0.4089,2382.0
2025-01-14 01:44:00,0.4092,0.4092,0.4091,0.4091,1059.0
2025-01-14 01:45:00,0.4092,0.4097,0.4092,0.4097,8605.0
2025-01-14 01:46:00,0.4096,0.4096,0.4087,0.4087,2771.0
2025-01-14 01:47:00,0.4086,0.4087,0.408,0.408,12910.0
2025-01-14 01:48:00,0.4081,0.4081,0.408,0.408,980.0
2025-01-14 01:49:00,0.408,0.4088,0.408,0.4088,3747.0
2025-01-14 01:50:00,0.4087,0.4092,0.4084,0.4092,9515.0
2025-01-14 01:51:00,0.409,0.409,0.4083,0.4083,1526.0
2025-01-14 01:52:00,0.4083,0.4083,0.4081,0.4081,2068.0
2025-01-14 01:53:00,0.4083,0.4083,0.4083,0.4083,14.0
2025-01-14 01:54:00,0.4081,0.4081,0.4079,0.4081,1863.0
2025-01-14 01:55:00,0.4079,0.4079,0.4078,0.4078,1057.0
2025-01-14 01:56:00,0.4078,0.4078,0.4078,0.4078,13.0
2025-01-14 01:57:00,0.4078,0.408,0.4078,0.408,69.0
2025-01-14 01:58:00,0.408,0.4083,0.408,0.4083,209.0
2025-01-14 01:59:00,0.4087,0.4089,0.4087,0.4087,930.0
2025-01-14 02:00:00,0.4089,0.4094,0.4089,0.4094,17959.0
2025-01-14 02:01:00,0.4098,0.4108,0.4098,0.4107,4450.0
2025-01-14 02:02:00,0.4104,0.4104,0.4102,0.4102,1722.0
2025-01-14 02:03:00,0.41,0.41,0.4096,0.4098,679.0
2025-01-14 02:04:00,0.4099,0.41,0.4099,0.41,27.0
2025-01-14 02:05:00,0.4101,0.4109,0.41,0.4101,25997.0
2025-01-14 02:06:00,0.4099,0.4099,0.4093,0.4093,6107.0
2025-01-14 02:07:00,0.4092,0.4092,0.4087,0.4089,6968.0
2025-01-14 02:08:00,0.4088,0.4096,0.4088,0.4095,2353.0
2025-01-14 02:09:00,0.4095,0.4095,0.4095,0.4095,0.0
2025-01-14 02:10:00,0.4096,0.4096,0.4096,0.4096,48.0
2025-01-14 02:11:00,0.4095,0.4108,0.4095,0.4106,5266.0
2025-01-14 02:12:00,0.4105,0.4106,0.4096,0.4096,49113.0
2025-01-14 02:13:00,0.4097,0.41,0.4097,0.41,610.0
2025-01-14 02:14:00,0.4099,0.41,0.4095,0.41,3271.0
2025-01-14 02:15:00,0.41,0.4104,0.4097,0.4097,9273.0
2025-01-14 02:16:00,0.4097,0.4104,0.4097,0.4104,7466.0
2025-01-14 02:17:00,0.411,0.4113,0.4109,0.4109,2395.0
2025-01-14 02:18:00,0.4106,0.4106,0.4106,0.4106,48.0
2025-01-14 02:19:00,0.411,0.4124,0.4109,0.4124,8138.0
2025-01-14 02:20:00,0.4122,0.4128,0.4117,0.4128,10531.0
2025-01-14 02:21:00,0.4126,0.4143,0.4126,0.4141,7963.0
2025-01-14 02:22:00,0.4144,0.4154,0.4144,0.4154,27434.0
2025-01-14 02:23:00,0.4153,0.4154,0.4148,0.4148,9877.0
2025-01-14 02:24:00,0.4147,0.4149,0.4145,0.4149,2454.0
2025-01-14 02:25:00,0.415,0.415,0.4144,0.4144,2547.0
2025-01-14 02:26:00,0.4146,0.4147,0.4143,0.4145,12954.0
2025-01-14 02:27:00,0.4144,0.4144,0.4139,0.4139,1488.0
2025-01-14 02:28:00,0.4138,0.4141,0.4132,0.4132,757.0
2025-01-14 02:29:00,0.4133,0.4133,0.4133,0.4133,19.0
2025-01-14 02:30:00,0.4127,0.4127,0.4119,0.4119,17500.0
2025-01-14 02:31:00,0.4119,0.4121,0.4115,0.4115,6869.0
2025-01-14 02:32:00,0.4111,0.4113,0.411,0.4113,4463.0
2025-01-14 02:33:00,0.4112,0.4113,0.4112,0.4113,531.0
2025-01-14 02:34:00,0.4112,0.4112,0.4112,0.4112,49.0
2025-01-14 02:35:00,0.411,0.4112,0.411,0.4112,540.0
2025-01-14 02:36:00,0.4111,0.4111,0.4106,0.4106,5369.0
2025-01-14 02:37:00,0.411,0.411,0.4107,0.4107,683.0
2025-01-14 02:38:00,0.4111,0.4117,0.4111,0.4113,8281.0
2025-01-14 02:39:00,0.4111,0.4113,0.4111,0.4111,194.0
2025-01-14 02:40:00,0.411,0.411,0.411,0.411,47.0
2025-01-14 02:41:00,0.4114,0.4114,0.4111,0.4111,381.0
2025-01-14 02:42:00,0.4109,0.4111,0.4108,0.411,14321.0
2025-01-14 02:43:00,0.4109,0.4109,0.4104,0.4104,3163.0
2025-01-14 02:44:00,0.4106,0.4108,0.4106,0.4108,736.0
2025-01-14 02:45:00,0.4103,0.4106,0.4103,0.4106,753.0
2025-01-14 02:46:00,0.4106,0.4106,0.4103,0.4103,1829.0
2025-01-14 02:47:00,0.4102,0.4106,0.41,0.4106,3211.0
2025-01-14 02:48:00,0.4105,0.4105,0.41,0.41,2062.0
2025-01-14 02:49:00,0.41,0.41,0.4099,0.4099,232.0
2025-01-14 02:50:00,0.4099,0.4099,0.4097,0.4097,687.0
2025-01-14 02:51:00,0.4099,0.41,0.4099,0.41,112.0
2025-01-14 02:52:00,0.4104,0.4105,0.4103,0.4103,2764.0
2025-01-14 02:53:00,0.4102,0.4102,0.4102,0.4102,2502.0
2025-01-14 02:54:00,0.4103,0.4103,0.4102,0.4103,346.0
2025-01-14 02:55:00,0.4104,0.4104,0.4104,0.4104,13.0
2025-01-14 02:56:00,0.4101,0.4103,0.41,0.41,1235.0
2025-01-14 02:57:00,0.4106,0.4106,0.4106,0.4106,219.0
2025-01-14 02:58:00,0.4104,0.4104,0.41,0.41,1303.0
2025-01-14 02:59:00,0.4104,0.4104,0.4104,0.4104,1132.0
2025-01-14 03:00:00,0.4107,0.4112,0.4107,0.4112,1418.0
2025-01-14 03:01:00,0.4115,0.4115,0.4112,0.4112,89.0
2025-01-14 03:02:00,0.4108,0.4108,0.4108,0.4108,48.0
2025-01-14 03:03:00,0.4108,0.4108,0.4108,0.4108,0.0
2025-01-14 03:04:00,0.4108,0.4108,0.4108,0.4108,0.0
2025-01-14 03:05:00,0.4101,0.4101,0.4096,0.4098,3415.0
2025-01-14 03:06:00,0.4099,0.4099,0.4095,0.4095,1986.0
2025-01-14 03:07:00,0.4092,0.4095,0.4092,0.4095,2295.0
2025-01-14 03:08:00,0.4095,0.4096,0.4094,0.4094,4100.0
2025-01-14 03:09:00,0.4094,0.4097,0.4094,0.4097,784.0
2025-01-14 03:10:00,0.4099,0.4103,0.4099,0.4103,1586.0
2025-01-14 03:11:00,0.4106,0.4106,0.4102,0.4102,406.0
2025-01-14 03:12:00,0.41,0.4109,0.41,0.4107,17015.0
2025-01-14 03:13:00,0.4106,0.4106,0.4106,0.4106,48.0
2025-01-14 03:14:00,0.4106,0.4106,0.4106,0.4106,0.0
2025-01-14 03:15:00,0.4106,0.4106,0.41,0.41,157.0
2025-01-14 03:16:00,0.4105,0.4106,0.4105,0.4105,298.0
2025-01-14 03:17:00,0.4098,0.4101,0.4097,0.4101,9095.0
2025-01-14 03:18:00,0.4104,0.4104,0.4104,0.4104,224.0
2025-01-14 03:19:00,0.4105,0.4105,0.4105,0.4105,48.0
2025-01-14 03:20:00,0.4105,0.4105,0.4105,0.4105,0.0
2025-01-14 03:21:00,0.411,0.4111,0.411,0.4111,46.0
2025-01-14 03:22:00,0.4115,0.4115,0.4111,0.4111,568.0
2025-01-14 03:23:00,0.4109,0.4109,0.4106,0.4106,342.0
2025-01-14 03:24:00,0.4106,0.4106,0.4106,0.4106,0.0
2025-01-14 03:25:00,0.4113,0.4113,0.4113,0.4113,300.0
2025-01-14 03:26:00,0.4112,0.4112,0.4109,0.411,5825.0
2025-01-14 03:27:00,0.4111,0.4111,0.4111,0.4111,15.0
2025-01-14 03:28:00,0.4111,0.4111,0.4111,0.4111,0.0
2025-01-14 03:29:00,0.4114,0.4116,0.4114,0.4116,322.0
2025-01-14 03:30:00,0.4116,0.4118,0.4116,0.4118,255.0
2025-01-14 03:31:00,0.4115,0.4115,0.411,0.4111,205.0
2025-01-14 03:32:00,0.411,0.411,0.4107,0.4107,326.0
2025-01-14 03:33:00,0.4106,0.4106,0.4104,0.4104,68.0
2025-01-14 03:34:00,0.4099,0.4099,0.4099,0.4099,219.0
2025-01-14 03:35:00,0.4099,0.4099,0.4099,0.4099,0.0
2025-01-14 03:36:00,0.4099,0.4101,0.4095,0.4097,2156.0
2025-01-14 03:37:00,0.4097,0.4097,0.4091,0.4093,47843.0
2025-01-14 03:38:00,0.41,0.41,0.4097,0.4097,1225.0
2025-01-14 03:39:00,0.4101,0.4101,0.4101,0.4101,314.0
2025-01-14 03:40:00,0.4101,0.4101,0.4101,0.4101,729.0
2025-01-14 03:41:00,0.4098,0.4099,0.4098,0.4098,4870.0
2025-01-14 03:42:00,0.4096,0.41,0.4095,0.41,12575.0
2025-01-14 03:43:00,0.41,0.41,0.41,0.41,390.0
2025-01-14 03:44:00,0.4101,0.4103,0.4101,0.4103,240.0
2025-01-14 03:45:00,0.4104,0.4104,0.4103,0.4104,1123.0
2025-01-14 03:46:00,0.4102,0.4102,0.4098,0.4098,583.0
2025-01-14 03:47:00,0.4099,0.4099,0.4095,0.4096,4451.0
2025-01-14 03:48:00,0.41,0.4102,0.41,0.4101,583.0
2025-01-14 03:49:00,0.4098,0.4098,0.4098,0.4098,640.0
2025-01-14 03:50:00,0.4094,0.4094,0.4094,0.4094,622.0
2025-01-14 03:51:00,0.4097,0.4098,0.4095,0.4095,1182.0
2025-01-14 03:52:00,0.4093,0.4093,0.4093,0.4093,977.0
2025-01-14 03:53:00,0.4093,0.4093,0.4091,0.4093,102.0
2025-01-14 03:54:00,0.4093,0.4093,0.4093,0.4093,0.0
2025-01-14 03:55:00,0.4093,0.4093,0.4093,0.4093,48.0
2025-01-14 03:56:00,0.4093,0.4093,0.4091,0.4091,785.0
2025-01-14 03:57:00,0.4092,0.4092,0.4092,0.4092,13.0
2025-01-14 03:58:00,0.4092,0.4092,0.4092,0.4092,316.0
2025-01-14 03:59:00,0.4096,0.4096,0.4094,0.4094,416.0
2025-01-14 04:00:00,0.4099,0.411,0.4099,0.4108,5046.0
2025-01-14 04:01:00,0.4106,0.4106,0.4105,0.4105,51.0
2025-01-14 04:02:00,0.4103,0.4103,0.4103,0.4103,731.0
2025-01-14 04:03:00,0.41,0.41,0.4097,0.4097,2953.0
2025-01-14 04:04:00,0.4097,0.4097,0.4097,0.4097,0.0
2025-01-14 04:05:00,0.4099,0.4099,0.4099,0.4099,619.0
2025-01-14 04:06:00,0.4103,0.4103,0.4099,0.4099,160.0
2025-01-14 04:07:00,0.4099,0.4099,0.4099,0.4099,0.0
2025-01-14 04:08:00,0.4095,0.4095,0.4095,0.4095,47.0
2025-01-14 04:09:00,0.4095,0.4095,0.4095,0.4095,0.0
2025-01-14 04:10:00,0.4098,0.41,0.4098,0.4098,331.0
2025-01-14 04:11:00,0.41,0.41,0.4097,0.4097,2723.0
2025-01-14 04:12:00,0.4097,0.4102,0.4097,0.4102,4811.0
2025-01-14 04:13:00,0.4103,0.4104,0.4103,0.4104,696.0
2025-01-14 04:14:00,0.4107,0.4113,0.4107,0.4113,4478.0
2025-01-14 04:15:00,0.4114,0.4118,0.4113,0.4113,1528.0
2025-01-14 04:16:00,0.4112,0.4112,0.4112,0.4112,48.0
2025-01-14 04:17:00,0.4119,0.412,0.4119,0.412,722.0
2025-01-14 04:18:00,0.4121,0.4121,0.4115,0.4115,3786.0
2025-01-14 04:19:00,0.4113,0.4113,0.411,0.411,459.0
2025-01-14 04:20:00,0.4109,0.4111,0.4108,0.4109,740.0
2025-01-14 04:21:00,0.4109,0.4109,0.4109,0.4109,101.0
2025-01-14 04:22:00,0.4109,0.4109,0.4105,0.4105,5485.0
2025-01-14 04:23:00,0.4109,0.4111,0.4109,0.4111,1810.0
2025-01-14 04:24:00,0.4113,0.4113,0.4111,0.4111,786.0
2025-01-14 04:25:00,0.411,0.4111,0.411,0.4111,61.0
2025-01-14 04:26:00,0.4111,0.4111,0.4106,0.4106,2115.0
2025-01-14 04:27:00,0.4107,0.4107,0.4107,0.4107,297.0
2025-01-14 04:28:00,0.411,0.4111,0.4105,0.4105,3280.0
2025-01-14 04:29:00,0.4104,0.4104,0.4103,0.4104,716.0
2025-01-14 04:30:00,0.4105,0.4105,0.4097,0.4097,3350.0
2025-01-14 04:31:00,0.4097,0.4098,0.4096,0.4098,411.0
2025-01-14 04:32:00,0.4097,0.4097,0.4097,0.4097,41.0
2025-01-14 04:33:00,0.4096,0.4096,0.4096,0.4096,13.0
2025-01-14 04:34:00,0.41,0.41,0.41,0.41,351.0
2025-01-14 04:35:00,0.4102,0.4102,0.41,0.4102,3782.0
2025-01-14 04:36:00,0.4101,0.4101,0.4098,0.4099,650.0
2025-01-14 04:37:00,0.41,0.4101,0.41,0.4101,1982.0
2025-01-14 04:38:00,0.4104,0.4106,0.4104,0.4104,4322.0
2025-01-14 04:39:00,0.4105,0.4106,0.4105,0.4106,826.0
2025-01-14 04:40:00,0.4106,0.4106,0.4106,0.4106,0.0
2025-01-14 04:41:00,0.4102,0.4104,0.4102,0.4103,81.0
2025-01-14 04:42:00,0.4103,0.4103,0.4103,0.4103,0.0
2025-01-14 04:43:00,0.4102,0.4103,0.4101,0.4103,627.0
2025-01-14 04:44:00,0.4104,0.4104,0.4104,0.4104,495.0
2025-01-14 04:45:00,0.4104,0.411,0.4104,0.4106,3927.0
2025-01-14 04:46:00,0.4105,0.4105,0.4105,0.4105,185.0
2025-01-14 04:47:00,0.4106,0.4106,0.4104,0.4104,413.0
2025-01-14 04:48:00,0.4106,0.4107,0.4105,0.4107,177.0
2025-01-14 04:49:00,0.4107,0.4107,0.4107,0.4107,0.0
2025-01-14 04:50:00,0.4113,0.4113,0.4113,0.4113,228.0
2025-01-14 04:51:00,0.4114,0.4114,0.4114,0.4114,582.0
2025-01-14 04:52:00,0.4116,0.4118,0.4115,0.4118,697.0
2025-01-14 04:53:00,0.4122,0.4123,0.4122,0.4123,3379.0
2025-01-14 04:54:00,0.4123,0.4126,0.4121,0.4126,731.0
2025-01-14 04:55:00,0.4128,0.4129,0.4126,0.4126,2537.0
2025-01-14 04:56:00,0.4128,0.4128,0.4123,0.4123,3517.0
2025-01-14 04:57:00,0.4125,0.4125,0.4125,0.4125,40.0
2025-01-14 04:58:00,0.4128,0.4129,0.4128,0.4129,5189.0
2025-01-14 04:59:00,0.4123,0.4124,0.4122,0.4124,803.0
2025-01-14 05:00:00,0.4124,0.4126,0.4124,0.4126,423.0
2025-01-14 05:01:00,0.4125,0.4133,0.4125,0.4133,334.0
2025-01-14 05:02:00,0.4136,0.4138,0.4133,0.4134,7777.0
2025-01-14 05:03:00,0.4133,0.4139,0.4132,0.4139,10255.0
2025-01-14 05:04:00,0.4139,0.4142,0.4139,0.4141,3399.0
2025-01-14 05:05:00,0.4141,0.4149,0.414,0.4149,6155.0
2025-01-14 05:06:00,0.4149,0.4151,0.4148,0.4148,3268.0
2025-01-14 05:07:00,0.415,0.4154,0.415,0.4152,1056.0
2025-01-14 05:08:00,0.4153,0.4153,0.4153,0.4153,48.0
2025-01-14 05:09:00,0.4153,0.4154,0.415,0.4152,2184.0
2025-01-14 05:10:00,0.4152,0.4152,0.4146,0.4148,5408.0
2025-01-14 05:11:00,0.4147,0.4148,0.4147,0.4148,1015.0
2025-01-14 05:12:00,0.4151,0.4151,0.4151,0.4151,1154.0
2025-01-14 05:13:00,0.4151,0.4151,0.4151,0.4151,15.0
2025-01-14 05:14:00,0.415,0.415,0.415,0.415,1282.0
2025-01-14 05:15:00,0.415,0.4155,0.415,0.4154,5504.0
2025-01-14 05:16:00,0.4153,0.4154,0.4149,0.4154,4941.0
2025-01-14 05:17:00,0.4154,0.4154,0.4151,0.4151,3256.0
2025-01-14 05:18:00,0.4146,0.4146,0.4144,0.4144,2403.0
2025-01-14 05:19:00,0.4142,0.4143,0.4141,0.4141,667.0
2025-01-14 05:20:00,0.4139,0.414,0.4139,0.4139,968.0
2025-01-14 05:21:00,0.4136,0.4136,0.4136,0.4136,13.0
2025-01-14 05:22:00,0.4136,0.4137,0.4132,0.4132,14998.0
2025-01-14 05:23:00,0.413,0.413,0.4124,0.4128,9432.0
2025-01-14 05:24:00,0.4131,0.4131,0.4128,0.413,2241.0
2025-01-14 05:25:00,0.4131,0.4134,0.4131,0.4134,2487.0
2025-01-14 05:26:00,0.4132,0.4133,0.4131,0.4131,3207.0
2025-01-14 05:27:00,0.4129,0.4129,0.4129,0.4129,134.0
2025-01-14 05:28:00,0.4132,0.4133,0.4132,0.4133,735.0
2025-01-14 05:29:00,0.4132,0.4132,0.4131,0.4131,41.0
2025-01-14 05:30:00,0.4131,0.4131,0.4127,0.4129,142.0
2025-01-14 05:31:00,0.413,0.4131,0.4129,0.4129,6207.0
2025-01-14 05:32:00,0.4123,0.4123,0.4122,0.4122,994.0
2025-01-14 05:33:00,0.4123,0.4123,0.412,0.412,131.0
2025-01-14 05:34:00,0.4121,0.4121,0.4118,0.4118,702.0
2025-01-14 05:35:00,0.4116,0.4116,0.4112,0.4112,974.0
2025-01-14 05:36:00,0.4115,0.4121,0.4115,0.412,8090.0
2025-01-14 05:37:00,0.4121,0.4122,0.4119,0.4119,6747.0
2025-01-14 05:38:00,0.4119,0.412,0.4119,0.412,27.0
2025-01-14 05:39:00,0.4122,0.4123,0.4121,0.4121,1083.0
2025-01-14 05:40:00,0.4121,0.4128,0.4121,0.4128,1924.0
2025-01-14 05:41:00,0.4126,0.4126,0.4126,0.4126,101.0
2025-01-14 05:42:00,0.4123,0.4124,0.412,0.4124,12843.0
2025-01-14 05:43:00,0.4123,0.4123,0.4123,0.4123,13.0
2025-01-14 05:44:00,0.4122,0.4122,0.4121,0.4121,79.0
2025-01-14 05:45:00,0.4122,0.4122,0.4122,0.4122,14.0
2025-01-14 05:46:00,0.412,0.412,0.4117,0.4117,5334.0
2025-01-14 05:47:00,0.4119,0.4119,0.4118,0.4118,2145.0
2025-01-14 05:48:00,0.4118,0.4118,0.4118,0.4118,0.0
2025-01-14 05:49:00,0.4119,0.4119,0.4119,0.4119,120.0
2025-01-14 05:50:00,0.4115,0.4115,0.4106,0.4106,1840.0
2025-01-14 05:51:00,0.4108,0.4108,0.4108,0.4108,47.0
2025-01-14 05:52:00,0.4107,0.4107,0.4107,0.4107,16.0
2025-01-14 05:53:00,0.4107,0.4107,0.4107,0.4107,0.0
2025-01-14 05:54:00,0.4107,0.4109,0.4107,0.4109,181.0
2025-01-14 05:55:00,0.411,0.4111,0.4107,0.4107,965.0
2025-01-14 05:56:00,0.4106,0.4106,0.4104,0.4104,5826.0
2025-01-14 05:57:00,0.4104,0.4104,0.4104,0.4104,0.0
2025-01-14 05:58:00,0.4108,0.4109,0.4106,0.4109,4138.0
2025-01-14 05:59:00,0.411,0.411,0.4108,0.4108,687.0
2025-01-14 06:00:00,0.411,0.4116,0.411,0.4113,2101.0
2025-01-14 06:01:00,0.411,0.411,0.4104,0.4104,1450.0
2025-01-14 06:02:00,0.4106,0.4109,0.4104,0.4108,4833.0
2025-01-14 06:03:00,0.4108,0.4108,0.4108,0.4108,0.0
2025-01-14 06:04:00,0.4103,0.4103,0.4102,0.4102,2559.0
2025-01-14 06:05:00,0.4102,0.4107,0.4102,0.4107,623.0
2025-01-14 06:06:00,0.4105,0.4105,0.4105,0.4105,803.0
2025-01-14 06:07:00,0.4104,0.4104,0.4104,0.4104,356.0
2025-01-14 06:08:00,0.4107,0.4108,0.4107,0.4108,71.0
2025-01-14 06:09:00,0.4107,0.4108,0.4106,0.4106,4633.0
2025-01-14 06:10:00,0.4108,0.4109,0.4108,0.4109,1770.0
2025-01-14 06:11:00,0.4106,0.4107,0.4106,0.4106,787.0
2025-01-14 06:12:00,0.4106,0.4106,0.4106,0.4106,47.0
2025-01-14 06:13:00,0.4106,0.4108,0.4105,0.4108,6080.0
2025-01-14 06:14:00,0.4108,0.4108,0.4105,0.4105,406.0
2025-01-14 06:15:00,0.4105,0.4105,0.4105,0.4105,0.0
2025-01-14 06:16:00,0.4105,0.4105,0.4105,0.4105,0.0
2025-01-14 06:17:00,0.4108,0.411,0.4108,0.411,1623.0
2025-01-14 06:18:00,0.411,0.411,0.411,0.411,0.0
2025-01-14 06:19:00,0.412,0.412,0.4117,0.4117,5786.0
2025-01-14 06:20:00,0.4115,0.4115,0.4115,0.4115,13.0
2025-01-14 06:21:00,0.4113,0.4113,0.4111,0.4111,5386.0
2025-01-14 06:22:00,0.411,0.4112,0.411,0.4112,6204.0
2025-01-14 06:23:00,0.4112,0.4114,0.4112,0.4114,1385.0
2025-01-14 06:24:00,0.4117,0.4117,0.4117,0.4117,1345.0
2025-01-14 06:25:00,0.4123,0.4125,0.4123,0.4125,1413.0
2025-01-14 06:26:00,0.4128,0.413,0.4127,0.4127,3982.0
2025-01-14 06:27:00,0.4127,0.4127,0.4127,0.4127,0.0
2025-01-14 06:28:00,0.4125,0.4125,0.4125,0.4125,279.0
2025-01-14 06:29:00,0.4125,0.4125,0.4125,0.4125,0.0
2025-01-14 06:30:00,0.4123,0.4123,0.4123,0.4123,16.0
2025-01-14 06:31:00,0.4115,0.4117,0.4115,0.4116,191.0
2025-01-14 06:32:00,0.4122,0.4122,0.4122,0.4122,24.0
2025-01-14 06:33:00,0.4118,0.4121,0.4118,0.4121,40.0
2025-01-14 06:34:00,0.4122,0.4122,0.4122,0.4122,153.0
2025-01-14 06:35:00,0.4125,0.4128,0.4125,0.4128,3196.0
2025-01-14 06:36:00,0.4131,0.4131,0.4131,0.4131,649.0
2025-01-14 06:37:00,0.413,0.4134,0.413,0.4134,9677.0
2025-01-14 06:38:00,0.4135,0.4135,0.4135,0.4135,884.0
2025-01-14 06:39:00,0.4136,0.4138,0.4136,0.4138,425.0
2025-01-14 06:40:00,0.4138,0.4139,0.4135,0.4135,865.0
2025-01-14 06:41:00,0.4135,0.4139,0.4135,0.4139,217.0
2025-01-14 06:42:00,0.4139,0.4139,0.4139,0.4139,451.0
2025-01-14 06:43:00,0.414,0.414,0.414,0.414,13.0
2025-01-14 06:44:00,0.4139,0.4139,0.4135,0.4135,4484.0
2025-01-14 06:45:00,0.4136,0.4136,0.4129,0.4131,1257.0
2025-01-14 06:46:00,0.4128,0.413,0.4128,0.413,383.0
2025-01-14 06:47:00,0.4131,0.4131,0.413,0.413,276.0
2025-01-14 06:48:00,0.413,0.413,0.4123,0.4123,2049.0
2025-01-14 06:49:00,0.4123,0.4123,0.4123,0.4123,0.0
2025-01-14 06:50:00,0.4124,0.4124,0.4124,0.4124,13.0
2025-01-14 06:51:00,0.4125,0.4125,0.4125,0.4125,55.0
2025-01-14 06:52:00,0.4125,0.4125,0.4125,0.4125,47.0
2025-01-14 06:53:00,0.4129,0.4131,0.4129,0.4131,1836.0
2025-01-14 06:54:00,0.4127,0.4128,0.4127,0.4128,639.0
2025-01-14 06:55:00,0.413,0.413,0.4125,0.4125,176.0
2025-01-14 06:56:00,0.4125,0.4125,0.4125,0.4125,0.0
2025-01-14 06:57:00,0.4129,0.4129,0.4126,0.4126,520.0
2025-01-14 06:58:00,0.4128,0.4128,0.4128,0.4128,47.0
2025-01-14 06:59:00,0.4131,0.4133,0.4131,0.4133,1953.0
2025-01-14 07:00:00,0.4134,0.4142,0.4134,0.414,4655.0
2025-01-14 07:01:00,0.4142,0.4144,0.4142,0.4142,1108.0
2025-01-14 07:02:00,0.4134,0.4135,0.4134,0.4135,265.0
2025-01-14 07:03:00,0.4137,0.4137,0.4131,0.4131,8524.0
2025-01-14 07:04:00,0.4133,0.4138,0.4133,0.4138,3701.0
2025-01-14 07:05:00,0.4136,0.4136,0.4135,0.4135,398.0
2025-01-14 07:06:00,0.4135,0.4138,0.4135,0.4137,123.0
2025-01-14 07:07:00,0.4137,0.4138,0.4137,0.4138,893.0
2025-01-14 07:08:00,0.4139,0.414,0.4139,0.414,2810.0
2025-01-14 07:09:00,0.4138,0.414,0.4138,0.4139,855.0
2025-01-14 07:10:00,0.4141,0.4141,0.414,0.414,1844.0
2025-01-14 07:11:00,0.4136,0.4136,0.4136,0.4136,13.0
2025-01-14 07:12:00,0.4136,0.4136,0.4136,0.4136,0.0
2025-01-14 07:13:00,0.4136,0.4136,0.4136,0.4136,0.0
2025-01-14 07:14:00,0.4136,0.4136,0.4136,0.4136,0.0
2025-01-14 07:15:00,0.4136,0.4136,0.4136,0.4136,14.0
2025-01-14 07:16:00,0.4133,0.4133,0.4133,0.4133,2500.0
2025-01-14 07:17:00,0.413,0.413,0.413,0.413,73.0
2025-01-14 07:18:00,0.413,0.413,0.413,0.413,0.0
2025-01-14 07:19:00,0.4132,0.4133,0.413,0.413,688.0
2025-01-14 07:20:00,0.4129,0.4132,0.4129,0.4132,2876.0
2025-01-14 07:21:00,0.4129,0.413,0.4125,0.4125,5967.0
2025-01-14 07:22:00,0.4127,0.4127,0.4127,0.4127,1247.0
2025-01-14 07:23:00,0.4127,0.4129,0.4127,0.4129,4787.0
2025-01-14 07:24:00,0.4128,0.4131,0.4127,0.413,21718.0
2025-01-14 07:25:00,0.4131,0.4131,0.4131,0.4131,28.0
2025-01-14 07:26:00,0.4131,0.4131,0.4131,0.4131,0.0
2025-01-14 07:27:00,0.4128,0.4128,0.4127,0.4127,3818.0
2025-01-14 07:28:00,0.4127,0.4127,0.4127,0.4127,0.0
2025-01-14 07:29:00,0.4125,0.4125,0.4125,0.4125,1318.0
2025-01-14 07:30:00,0.4125,0.4125,0.4125,0.4125,0.0
2025-01-14 07:31:00,0.4132,0.4132,0.4129,0.4129,1494.0
2025-01-14 07:32:00,0.4127,0.413,0.4126,0.4126,7331.0
2025-01-14 07:33:00,0.4124,0.4124,0.4122,0.4122,429.0
2025-01-14 07:34:00,0.4122,0.4122,0.4122,0.4122,0.0
2025-01-14 07:35:00,0.4117,0.4117,0.4113,0.4113,797.0
2025-01-14 07:36:00,0.4113,0.4114,0.4113,0.4114,94.0
2025-01-14 07:37:00,0.4114,0.4114,0.4114,0.4114,972.0
2025-01-14 07:38:00,0.4114,0.4114,0.4114,0.4114,0.0
2025-01-14 07:39:00,0.4113,0.4113,0.4112,0.4112,2502.0
2025-01-14 07:40:00,0.4112,0.4113,0.4112,0.4112,111.0
2025-01-14 07:41:00,0.411,0.411,0.411,0.411,3847.0
2025-01-14 07:42:00,0.4109,0.4109,0.4109,0.4109,14.0
2025-01-14 07:43:00,0.411,0.411,0.411,0.411,305.0
2025-01-14 07:44:00,0.4111,0.4111,0.4109,0.4109,1295.0
2025-01-14 07:45:00,0.4111,0.4111,0.4107,0.4109,13679.0
2025-01-14 07:46:00,0.4111,0.4111,0.4109,0.4109,799.0
2025-01-14 07:47:00,0.4108,0.4108,0.4105,0.4105,2892.0
2025-01-14 07:48:00,0.4105,0.4105,0.4105,0.4105,14.0
2025-01-14 07:49:00,0.4108,0.4108,0.4108,0.4108,14.0
2025-01-14 07:50:00,0.4109,0.4109,0.4109,0.4109,16.0
2025-01-14 07:51:00,0.4105,0.4105,0.4104,0.4104,900.0
2025-01-14 07:52:00,0.4104,0.4104,0.4104,0.4104,798.0
2025-01-14 07:53:00,0.4106,0.4106,0.4106,0.4106,280.0
2025-01-14 07:54:00,0.4106,0.4106,0.4106,0.4106,0.0
2025-01-14 07:55:00,0.4104,0.4106,0.4104,0.4106,41.0
2025-01-14 07:56:00,0.4106,0.4107,0.4106,0.4106,1571.0
2025-01-14 07:57:00,0.4107,0.4107,0.4105,0.4107,2322.0
2025-01-14 07:58:00,0.4105,0.4106,0.4105,0.4106,486.0
2025-01-14 07:59:00,0.4105,0.4106,0.4102,0.4104,14609.0
2025-01-14 08:00:00,0.4104,0.411,0.4104,0.411,3149.0
2025-01-14 08:01:00,0.4109,0.4109,0.4109,0.4109,852.0
2025-01-14 08:02:00,0.4114,0.4114,0.4112,0.4112,3341.0
2025-01-14 08:03:00,0.4114,0.4114,0.4114,0.4114,28.0
2025-01-14 08:04:00,0.4115,0.4117,0.4115,0.4117,51.0
2025-01-14 08:05:00,0.4118,0.4125,0.4118,0.4124,8053.0
2025-01-14 08:06:00,0.4128,0.4128,0.4127,0.4127,1054.0
2025-01-14 08:07:00,0.4126,0.4126,0.4125,0.4125,231.0
2025-01-14 08:08:00,0.4124,0.4128,0.4123,0.4128,5739.0
2025-01-14 08:09:00,0.4127,0.4132,0.4127,0.4132,4712.0
2025-01-14 08:10:00,0.4128,0.413,0.4123,0.413,2683.0
2025-01-14 08:11:00,0.4128,0.4136,0.4128,0.4135,9746.0
2025-01-14 08:12:00,0.414,0.4145,0.4138,0.4144,6773.0
2025-01-14 08:13:00,0.4144,0.4146,0.4144,0.4145,339.0
2025-01-14 08:14:00,0.4147,0.4149,0.4147,0.4149,1414.0
2025-01-14 08:15:00,0.4143,0.4151,0.4143,0.4148,6255.0
2025-01-14 08:16:00,0.4145,0.4146,0.4142,0.4142,2765.0
2025-01-14 08:17:00,0.4138,0.4154,0.4137,0.4154,6831.0
2025-01-14 08:18:00,0.4156,0.416,0.4155,0.416,8235.0
2025-01-14 08:19:00,0.4157,0.4157,0.4152,0.4152,2159.0
2025-01-14 08:20:00,0.4148,0.4148,0.4142,0.4142,5225.0
2025-01-14 08:21:00,0.4144,0.4145,0.4143,0.4143,1224.0
2025-01-14 08:22:00,0.4143,0.4144,0.4136,0.4136,415.0
2025-01-14 08:23:00,0.4136,0.4138,0.4136,0.4137,635.0
2025-01-14 08:24:00,0.4138,0.4138,0.4138,0.4138,48.0
2025-01-14 08:25:00,0.4133,0.4134,0.4131,0.4131,2457.0
2025-01-14 08:26:00,0.4132,0.4133,0.4132,0.4132,156.0
2025-01-14 08:27:00,0.4132,0.4137,0.4132,0.4134,1936.0
2025-01-14 08:28:00,0.4134,0.4138,0.4134,0.4136,1999.0
2025-01-14 08:29:00,0.4137,0.4139,0.4137,0.4139,143.0
2025-01-14 08:30:00,0.414,0.4154,0.414,0.4154,10205.0
2025-01-14 08:31:00,0.4155,0.4157,0.4154,0.4154,3346.0
2025-01-14 08:32:00,0.4154,0.4154,0.4146,0.4147,12637.0
2025-01-14 08:33:00,0.4145,0.4148,0.4145,0.4148,2162.0
2025-01-14 08:34:00,0.415,0.4151,0.4147,0.4147,1892.0
2025-01-14 08:35:00,0.4149,0.415,0.4149,0.415,4015.0
2025-01-14 08:36:00,0.4149,0.4152,0.4146,0.4152,1867.0
2025-01-14 08:37:00,0.4152,0.4159,0.4152,0.4159,2338.0
2025-01-14 08:38:00,0.416,0.416,0.416,0.416,691.0
2025-01-14 08:39:00,0.4158,0.4159,0.4157,0.4159,1045.0
2025-01-14 08:40:00,0.4159,0.4159,0.4155,0.4155,59.0
2025-01-14 08:41:00,0.4156,0.4156,0.4153,0.4154,9192.0
2025-01-14 08:42:00,0.4153,0.4157,0.4153,0.4156,1737.0
2025-01-14 08:43:00,0.4156,0.4156,0.4155,0.4155,75.0
2025-01-14 08:44:00,0.4154,0.4155,0.4154,0.4154,6481.0
2025-01-14 08:45:00,0.4153,0.4155,0.4153,0.4155,66.0
2025-01-14 08:46:00,0.4158,0.4161,0.4158,0.4158,7203.0
2025-01-14 08:47:00,0.4163,0.4166,0.4163,0.4165,2090.0
2025-01-14 08:48:00,0.4165,0.4166,0.4164,0.4164,3956.0
2025-01-14 08:49:00,0.4164,0.4164,0.4162,0.4162,712.0
2025-01-14 08:50:00,0.4163,0.4167,0.4163,0.4167,1493.0
2025-01-14 08:51:00,0.4162,0.4162,0.416,0.4161,646.0
2025-01-14 08:52:00,0.4163,0.4166,0.416,0.4166,7942.0
2025-01-14 08:53:00,0.4165,0.4166,0.4163,0.4163,2847.0
2025-01-14 08:54:00,0.4163,0.4163,0.4157,0.4157,60.0
2025-01-14 08:55:00,0.4157,0.4158,0.4156,0.4156,1555.0
2025-01-14 08:56:00,0.4157,0.4157,0.4151,0.4151,3443.0
2025-01-14 08:57:00,0.4152,0.4152,0.4152,0.4152,55.0
2025-01-14 08:58:00,0.4152,0.4154,0.4152,0.4152,3440.0
2025-01-14 08:59:00,0.4154,0.4154,0.4154,0.4154,13.0
2025-01-14 09:00:00,0.4152,0.4153,0.4152,0.4153,1431.0
2025-01-14 09:01:00,0.4154,0.4156,0.4153,0.4156,787.0
2025-01-14 09:02:00,0.4156,0.4156,0.4151,0.4153,3962.0
2025-01-14 09:03:00,0.4152,0.4154,0.4152,0.4153,691.0
2025-01-14 09:04:00,0.4151,0.4151,0.4145,0.4146,3976.0
2025-01-14 09:05:00,0.4148,0.4153,0.4148,0.4153,2525.0
2025-01-14 09:06:00,0.4153,0.4153,0.4147,0.4148,974.0
2025-01-14 09:07:00,0.4152,0.4152,0.4152,0.4152,1073.0
2025-01-14 09:08:00,0.4152,0.4152,0.4152,0.4152,0.0
2025-01-14 09:09:00,0.4156,0.4156,0.4153,0.4153,81.0
2025-01-14 09:10:00,0.4157,0.4162,0.4157,0.4162,304.0
2025-01-14 09:11:00,0.4162,0.4162,0.4161,0.4161,574.0
2025-01-14 09:12:00,0.4163,0.4165,0.4161,0.4165,6510.0
2025-01-14 09:13:00,0.4165,0.4169,0.4165,0.4169,1950.0
2025-01-14 09:14:00,0.4169,0.4172,0.4169,0.4172,2897.0
2025-01-14 09:15:00,0.4172,0.4173,0.4166,0.4173,228.0
2025-01-14 09:16:00,0.4171,0.4171,0.4167,0.4167,9066.0
2025-01-14 09:17:00,0.4166,0.4167,0.4165,0.4165,1772.0
2025-01-14 09:18:00,0.4168,0.4174,0.4168,0.4174,1324.0
2025-01-14 09:19:00,0.4177,0.4183,0.4177,0.4182,3486.0
2025-01-14 09:20:00,0.418,0.4182,0.418,0.4182,1251.0
2025-01-14 09:21:00,0.4181,0.4181,0.418,0.4181,602.0
2025-01-14 09:22:00,0.4182,0.4189,0.4182,0.4189,10350.0
2025-01-14 09:23:00,0.419,0.4193,0.4188,0.4193,5555.0
2025-01-14 09:24:00,0.4193,0.4205,0.4193,0.4205,14819.0
2025-01-14 09:25:00,0.4205,0.4218,0.4205,0.4215,13578.0
2025-01-14 09:26:00,0.4218,0.4223,0.4216,0.4223,5038.0
2025-01-14 09:27:00,0.422,0.4228,0.4219,0.4225,23265.0
2025-01-14 09:28:00,0.4225,0.4225,0.4218,0.422,14866.0
2025-01-14 09:29:00,0.422,0.4223,0.4214,0.4223,7548.0
2025-01-14 09:30:00,0.4223,0.4223,0.4216,0.422,10561.0
2025-01-14 09:31:00,0.4215,0.4219,0.4214,0.4217,2435.0
2025-01-14 09:32:00,0.422,0.422,0.4215,0.4219,2562.0
2025-01-14 09:33:00,0.422,0.4224,0.4219,0.4224,4943.0
2025-01-14 09:34:00,0.4222,0.4231,0.4222,0.4231,5963.0
2025-01-14 09:35:00,0.4232,0.424,0.4229,0.4234,9659.0
2025-01-14 09:36:00,0.4233,0.4238,0.4228,0.4237,5168.0
2025-01-14 09:37:00,0.4234,0.4238,0.4231,0.4237,11157.0
2025-01-14 09:38:00,0.4236,0.4242,0.4236,0.4242,5840.0
2025-01-14 09:39:00,0.4236,0.4237,0.4232,0.4237,10457.0
2025-01-14 09:40:00,0.4238,0.4246,0.4238,0.4241,10046.0
2025-01-14 09:41:00,0.4242,0.4245,0.4241,0.4241,3883.0
2025-01-14 09:42:00,0.4239,0.4241,0.4234,0.4234,11401.0
2025-01-14 09:43:00,0.4233,0.4235,0.4233,0.4235,615.0
2025-01-14 09:44:00,0.4235,0.424,0.4235,0.424,2806.0
2025-01-14 09:45:00,0.4236,0.4242,0.4232,0.4241,3886.0
2025-01-14 09:46:00,0.424,0.4243,0.4239,0.4243,7757.0
2025-01-14 09:47:00,0.4245,0.4251,0.4245,0.4248,8625.0
2025-01-14 09:48:00,0.4247,0.4249,0.4246,0.4249,9896.0
2025-01-14 09:49:00,0.425,0.4257,0.4249,0.4257,12831.0
2025-01-14 09:50:00,0.4255,0.4271,0.4254,0.4256,57501.0
2025-01-14 09:51:00,0.4256,0.4261,0.4256,0.426,3762.0
2025-01-14 09:52:00,0.4261,0.4264,0.426,0.4264,6780.0
2025-01-14 09:53:00,0.4264,0.4268,0.4251,0.4258,15254.0
2025-01-14 09:54:00,0.4257,0.4259,0.4253,0.4257,13185.0
2025-01-14 09:55:00,0.4255,0.4257,0.4255,0.4257,2059.0
2025-01-14 09:56:00,0.4253,0.4259,0.4253,0.4259,4875.0
2025-01-14 09:57:00,0.4258,0.426,0.4252,0.4252,53.0
2025-01-14 09:58:00,0.4251,0.4252,0.4251,0.4251,3779.0
2025-01-14 09:59:00,0.4251,0.4251,0.4251,0.4251,141.0
2025-01-14 10:00:00,0.4248,0.4248,0.4236,0.4236,10624.0
2025-01-14 10:01:00,0.4239,0.4243,0.4235,0.4235,716.0
2025-01-14 10:02:00,0.4232,0.4235,0.4232,0.4233,10826.0
2025-01-14 10:03:00,0.4234,0.424,0.4234,0.424,504.0
2025-01-14 10:04:00,0.4241,0.4241,0.4229,0.4229,5851.0
2025-01-14 10:05:00,0.423,0.4231,0.4223,0.4227,6498.0
2025-01-14 10:06:00,0.4226,0.4226,0.4224,0.4224,4293.0
2025-01-14 10:07:00,0.4225,0.4225,0.4223,0.4223,454.0
2025-01-14 10:08:00,0.4224,0.4224,0.422,0.422,1460.0
2025-01-14 10:09:00,0.422,0.422,0.4218,0.4218,260.0
2025-01-14 10:10:00,0.422,0.4221,0.4217,0.4217,14335.0
2025-01-14 10:11:00,0.4219,0.4219,0.4217,0.4217,782.0
2025-01-14 10:12:00,0.4218,0.4219,0.4217,0.4217,1269.0
2025-01-14 10:13:00,0.4215,0.4216,0.4215,0.4216,3415.0
2025-01-14 10:14:00,0.4215,0.422,0.4215,0.422,1244.0
2025-01-14 10:15:00,0.4222,0.4226,0.4222,0.4224,812.0
2025-01-14 10:16:00,0.4217,0.4222,0.4217,0.4219,941.0
2025-01-14 10:17:00,0.4221,0.4231,0.4221,0.4231,3839.0
2025-01-14 10:18:00,0.4233,0.4233,0.4232,0.4232,1504.0
2025-01-14 10:19:00,0.4232,0.4234,0.4232,0.4234,991.0
2025-01-14 10:20:00,0.423,0.423,0.423,0.423,12.0
2025-01-14 10:21:00,0.4235,0.4238,0.4235,0.4236,712.0
2025-01-14 10:22:00,0.4241,0.4241,0.4241,0.4241,1240.0
2025-01-14 10:23:00,0.4242,0.4244,0.4242,0.4244,1594.0
2025-01-14 10:24:00,0.4243,0.4243,0.4243,0.4243,47.0
2025-01-14 10:25:00,0.4244,0.4245,0.4243,0.4243,142.0
2025-01-14 10:26:00,0.4241,0.4246,0.4241,0.4241,19211.0
2025-01-14 10:27:00,0.4242,0.4242,0.4242,0.4242,29.0
2025-01-14 10:28:00,0.4236,0.4237,0.4236,0.4237,1389.0
2025-01-14 10:29:00,0.4238,0.4238,0.4237,0.4237,71.0
2025-01-14 10:30:00,0.4231,0.4231,0.4226,0.4226,682.0
2025-01-14 10:31:00,0.4228,0.4232,0.4228,0.4232,283.0
2025-01-14 10:32:00,0.4224,0.4225,0.4224,0.4225,887.0
2025-01-14 10:33:00,0.4222,0.4226,0.4221,0.4226,2769.0
2025-01-14 10:34:00,0.4225,0.4225,0.4222,0.4224,666.0
2025-01-14 10:35:00,0.4221,0.4221,0.4215,0.4221,21837.0
2025-01-14 10:36:00,0.4223,0.4223,0.4222,0.4222,89.0
2025-01-14 10:37:00,0.4223,0.4223,0.4221,0.4221,262.0
2025-01-14 10:38:00,0.4221,0.4222,0.4219,0.422,1193.0
2025-01-14 10:39:00,0.4225,0.4225,0.4221,0.4221,1120.0
2025-01-14 10:40:00,0.4223,0.4226,0.4223,0.4226,259.0
2025-01-14 10:41:00,0.4226,0.4226,0.4226,0.4226,990.0
2025-01-14 10:42:00,0.4227,0.4227,0.4227,0.4227,183.0
2025-01-14 10:43:00,0.423,0.4231,0.423,0.4231,986.0
2025-01-14 10:44:00,0.4234,0.4235,0.4234,0.4234,1391.0
2025-01-14 10:45:00,0.4235,0.4239,0.4235,0.4239,18153.0
2025-01-14 10:46:00,0.4235,0.4236,0.4234,0.4236,128.0
2025-01-14 10:47:00,0.4238,0.4238,0.4238,0.4238,16.0
2025-01-14 10:48:00,0.423,0.4234,0.423,0.4233,692.0
2025-01-14 10:49:00,0.4229,0.4229,0.4229,0.4229,238.0
2025-01-14 10:50:00,0.4229,0.4229,0.4229,0.4229,0.0
2025-01-14 10:51:00,0.4229,0.4229,0.4229,0.4229,0.0
2025-01-14 10:52:00,0.4228,0.4231,0.4228,0.423,1294.0
2025-01-14 10:53:00,0.423,0.4234,0.423,0.4234,2943.0
2025-01-14 10:54:00,0.423,0.423,0.423,0.423,12.0
2025-01-14 10:55:00,0.423,0.423,0.423,0.423,0.0
2025-01-14 10:56:00,0.4228,0.4228,0.4228,0.4228,50.0
2025-01-14 10:57:00,0.4225,0.4225,0.4222,0.4222,5139.0
2025-01-14 10:58:00,0.4222,0.4224,0.4222,0.4224,50.0
2025-01-14 10:59:00,0.4224,0.4224,0.4224,0.4224,0.0
2025-01-14 11:00:00,0.4233,0.4234,0.4232,0.4232,272.0
2025-01-14 11:01:00,0.4225,0.4228,0.4225,0.4228,2253.0
2025-01-14 11:02:00,0.4227,0.4227,0.4227,0.4227,81.0
2025-01-14 11:03:00,0.4226,0.4226,0.4221,0.4221,6360.0
2025-01-14 11:04:00,0.422,0.4226,0.422,0.4221,26657.0
2025-01-14 11:05:00,0.4219,0.4219,0.4219,0.4219,495.0
2025-01-14 11:06:00,0.4219,0.4219,0.4215,0.4215,34.0
2025-01-14 11:07:00,0.4215,0.4215,0.4214,0.4214,2102.0
2025-01-14 11:08:00,0.4213,0.4214,0.4208,0.421,2907.0
2025-01-14 11:09:00,0.4212,0.4213,0.4212,0.4212,1538.0
2025-01-14 11:10:00,0.4214,0.4215,0.4212,0.4214,2056.0
2025-01-14 11:11:00,0.4216,0.422,0.4216,0.4219,4184.0
2025-01-14 11:12:00,0.4218,0.4218,0.4217,0.4217,1226.0
2025-01-14 11:13:00,0.4217,0.4217,0.4215,0.4215,885.0
2025-01-14 11:14:00,0.4213,0.4215,0.4213,0.4215,1562.0
2025-01-14 11:15:00,0.4213,0.4214,0.4212,0.4212,2218.0
2025-01-14 11:16:00,0.4208,0.421,0.4208,0.421,4321.0
2025-01-14 11:17:00,0.4211,0.4211,0.4206,0.4206,1455.0
2025-01-14 11:18:00,0.4207,0.4209,0.4207,0.4209,661.0
2025-01-14 11:19:00,0.4205,0.4205,0.4205,0.4205,20.0
2025-01-14 11:20:00,0.4204,0.4206,0.42,0.4201,28946.0
2025-01-14 11:21:00,0.4204,0.4204,0.4198,0.4198,4564.0
2025-01-14 11:22:00,0.4196,0.4196,0.4193,0.4193,1478.0
2025-01-14 11:23:00,0.4193,0.4194,0.4192,0.4194,4327.0
2025-01-14 11:24:00,0.4194,0.4194,0.4194,0.4194,1513.0
2025-01-14 11:25:00,0.4193,0.4199,0.4193,0.4197,4379.0
2025-01-14 11:26:00,0.4199,0.4203,0.4198,0.4202,5586.0
2025-01-14 11:27:00,0.4202,0.4202,0.4202,0.4202,48.0
2025-01-14 11:28:00,0.4205,0.4205,0.4202,0.4202,125.0
2025-01-14 11:29:00,0.42,0.42,0.42,0.42,46.0
2025-01-14 11:30:00,0.4204,0.4205,0.4204,0.4205,1983.0
2025-01-14 11:31:00,0.4208,0.4209,0.4206,0.4209,393.0
2025-01-14 11:32:00,0.4209,0.4209,0.4209,0.4209,0.0
2025-01-14 11:33:00,0.421,0.421,0.421,0.421,620.0
2025-01-14 11:34:00,0.4209,0.4209,0.4208,0.4208,92.0
2025-01-14 11:35:00,0.4208,0.4208,0.4208,0.4208,50.0
2025-01-14 11:36:00,0.4208,0.4208,0.4208,0.4208,0.0
2025-01-14 11:37:00,0.4208,0.4208,0.4208,0.4208,0.0
2025-01-14 11:38:00,0.4208,0.4208,0.4208,0.4208,495.0
2025-01-14 11:39:00,0.4207,0.4207,0.4201,0.4201,498.0
2025-01-14 11:40:00,0.4202,0.4202,0.4194,0.4195,1248.0
2025-01-14 11:41:00,0.4195,0.4195,0.4193,0.4193,2725.0
2025-01-14 11:42:00,0.4192,0.42,0.4188,0.42,22782.0
2025-01-14 11:43:00,0.42,0.4202,0.42,0.4202,1379.0
2025-01-14 11:44:00,0.4204,0.4207,0.4204,0.4206,327.0
2025-01-14 11:45:00,0.4204,0.4204,0.4202,0.4202,872.0
2025-01-14 11:46:00,0.4201,0.4201,0.4197,0.4201,423.0
2025-01-14 11:47:00,0.4201,0.4201,0.4198,0.4199,1618.0
2025-01-14 11:48:00,0.42,0.42,0.4199,0.4199,295.0
2025-01-14 11:49:00,0.4198,0.4198,0.4195,0.4195,691.0
2025-01-14 11:50:00,0.4198,0.4203,0.4198,0.4203,2141.0
2025-01-14 11:51:00,0.4209,0.4211,0.4205,0.4205,7763.0
2025-01-14 11:52:00,0.4208,0.4208,0.4207,0.4207,51.0
2025-01-14 11:53:00,0.4207,0.4207,0.4207,0.4207,143.0
2025-01-14 11:54:00,0.4208,0.4208,0.4208,0.4208,1495.0
2025-01-14 11:55:00,0.421,0.4213,0.4209,0.4213,1998.0
2025-01-14 11:56:00,0.4214,0.4214,0.4212,0.4213,1208.0
2025-01-14 11:57:00,0.4213,0.4215,0.4213,0.4215,2990.0
2025-01-14 11:58:00,0.4215,0.4224,0.4215,0.4224,921.0
2025-01-14 11:59:00,0.4225,0.4225,0.4223,0.4223,1821.0
2025-01-14 12:00:00,0.4226,0.4234,0.4226,0.4233,10879.0
2025-01-14 12:01:00,0.4236,0.4236,0.4228,0.4228,2625.0
2025-01-14 12:02:00,0.4227,0.423,0.4227,0.423,4335.0
2025-01-14 12:03:00,0.423,0.4231,0.4228,0.4228,8559.0
2025-01-14 12:04:00,0.4227,0.4227,0.4224,0.4224,2960.0
2025-01-14 12:05:00,0.4224,0.4224,0.4224,0.4224,0.0
2025-01-14 12:06:00,0.4218,0.422,0.4216,0.4219,10535.0
2025-01-14 12:07:00,0.4215,0.4215,0.4215,0.4215,136.0
2025-01-14 12:08:00,0.4211,0.4211,0.4208,0.4208,2740.0
2025-01-14 12:09:00,0.4208,0.421,0.4207,0.421,3183.0
2025-01-14 12:10:00,0.421,0.421,0.4205,0.4209,19472.0
2025-01-14 12:11:00,0.4208,0.4208,0.4205,0.4205,793.0
2025-01-14 12:12:00,0.4205,0.4207,0.4205,0.4207,2518.0
2025-01-14 12:13:00,0.4207,0.4207,0.4207,0.4207,1033.0
2025-01-14 12:14:00,0.4207,0.4207,0.4207,0.4207,0.0
2025-01-14 12:15:00,0.4209,0.4209,0.4204,0.4204,744.0
2025-01-14 12:16:00,0.4208,0.4208,0.4208,0.4208,48.0
2025-01-14 12:17:00,0.4207,0.4207,0.4207,0.4207,115.0
2025-01-14 12:18:00,0.4205,0.4205,0.4204,0.4204,2039.0
2025-01-14 12:19:00,0.42,0.42,0.42,0.42,546.0
2025-01-14 12:20:00,0.4195,0.4195,0.4194,0.4194,536.0
2025-01-14 12:21:00,0.4195,0.4196,0.4194,0.4194,2726.0
2025-01-14 12:22:00,0.4195,0.4195,0.4191,0.4191,6756.0
2025-01-14 12:23:00,0.4191,0.4191,0.419,0.419,1612.0
2025-01-14 12:24:00,0.4188,0.4188,0.4182,0.4182,4813.0
2025-01-14 12:25:00,0.4185,0.4187,0.4185,0.4187,1703.0
2025-01-14 12:26:00,0.4187,0.4192,0.4186,0.4192,3176.0
2025-01-14 12:27:00,0.4196,0.4196,0.4193,0.4194,3334.0
2025-01-14 12:28:00,0.4195,0.4195,0.4194,0.4194,102.0
2025-01-14 12:29:00,0.4196,0.4196,0.4191,0.4191,5223.0
2025-01-14 12:30:00,0.4194,0.4201,0.4194,0.4199,1554.0
2025-01-14 12:31:00,0.4199,0.42,0.4198,0.4198,830.0
2025-01-14 12:32:00,0.42,0.4202,0.42,0.4202,4950.0
2025-01-14 12:33:00,0.4198,0.4198,0.4187,0.4187,41037.0
2025-01-14 12:34:00,0.4191,0.4191,0.4188,0.4191,10890.0
2025-01-14 12:35:00,0.419,0.4192,0.4189,0.4191,4833.0
2025-01-14 12:36:00,0.4191,0.4191,0.4189,0.4189,1401.0
2025-01-14 12:37:00,0.419,0.4192,0.419,0.4192,1640.0
2025-01-14 12:38:00,0.4193,0.4193,0.4192,0.4192,2061.0
2025-01-14 12:39:00,0.4193,0.4194,0.4193,0.4194,83.0
2025-01-14 12:40:00,0.4194,0.4201,0.4193,0.4201,2162.0
2025-01-14 12:41:00,0.4201,0.4201,0.4195,0.4195,1533.0
2025-01-14 12:42:00,0.4192,0.4193,0.4191,0.4193,4556.0
2025-01-14 12:43:00,0.4191,0.4192,0.4191,0.4192,298.0
2025-01-14 12:44:00,0.4192,0.4194,0.4192,0.4192,195.0
2025-01-14 12:45:00,0.4193,0.4193,0.4192,0.4192,123.0
2025-01-14 12:46:00,0.4193,0.4193,0.4193,0.4193,154.0
2025-01-14 12:47:00,0.4193,0.4193,0.4193,0.4193,48.0
2025-01-14 12:48:00,0.4192,0.4198,0.4192,0.4198,2008.0
2025-01-14 12:49:00,0.4201,0.4202,0.4201,0.4201,405.0
2025-01-14 12:50:00,0.4204,0.4204,0.4203,0.4204,2937.0
2025-01-14 12:51:00,0.4203,0.4203,0.42,0.42,871.0
2025-01-14 12:52:00,0.4199,0.4203,0.4199,0.42,10884.0
2025-01-14 12:53:00,0.4198,0.42,0.4197,0.4197,6337.0
2025-01-14 12:54:00,0.4197,0.4197,0.4192,0.4192,1652.0
2025-01-14 12:55:00,0.4191,0.4191,0.4188,0.4191,4018.0
2025-01-14 12:56:00,0.4191,0.4191,0.4188,0.4188,4640.0
2025-01-14 12:57:00,0.4186,0.4186,0.4181,0.4181,27901.0
2025-01-14 12:58:00,0.4183,0.4183,0.4183,0.4183,1069.0
2025-01-14 12:59:00,0.4182,0.4185,0.4181,0.4181,6740.0
2025-01-14 13:00:00,0.4181,0.4185,0.418,0.418,13407.0
2025-01-14 13:01:00,0.418,0.4185,0.4177,0.4177,13347.0
2025-01-14 13:02:00,0.4176,0.4176,0.4171,0.4171,16272.0
2025-01-14 13:03:00,0.417,0.4184,0.417,0.4184,19351.0
2025-01-14 13:04:00,0.4181,0.4187,0.418,0.4187,12098.0
2025-01-14 13:05:00,0.4186,0.4192,0.4186,0.419,21975.0
2025-01-14 13:06:00,0.4192,0.4192,0.4185,0.4187,10941.0
2025-01-14 13:07:00,0.4185,0.4185,0.4182,0.4182,12975.0
2025-01-14 13:08:00,0.4181,0.4182,0.4178,0.418,6429.0
2025-01-14 13:09:00,0.4177,0.4177,0.4171,0.4171,9272.0
2025-01-14 13:10:00,0.4171,0.4176,0.4171,0.4176,9369.0
2025-01-14 13:11:00,0.4176,0.4179,0.4176,0.4179,545.0
2025-01-14 13:12:00,0.4183,0.4184,0.4182,0.4182,1783.0
2025-01-14 13:13:00,0.4181,0.4186,0.4181,0.4186,1062.0
2025-01-14 13:14:00,0.4186,0.4186,0.4186,0.4186,29.0
2025-01-14 13:15:00,0.4185,0.4189,0.4185,0.4186,9074.0
2025-01-14 13:16:00,0.4186,0.4186,0.418,0.418,8120.0
2025-01-14 13:17:00,0.418,0.418,0.4176,0.4176,2896.0
2025-01-14 13:18:00,0.4175,0.4175,0.417,0.4172,2636.0
2025-01-14 13:19:00,0.4182,0.4183,0.4179,0.4179,2791.0
2025-01-14 13:20:00,0.4177,0.4177,0.4175,0.4177,2259.0
2025-01-14 13:21:00,0.4179,0.4183,0.4179,0.4183,686.0
2025-01-14 13:22:00,0.4181,0.4185,0.4181,0.4185,605.0
2025-01-14 13:23:00,0.4182,0.4185,0.4182,0.4185,1632.0
2025-01-14 13:24:00,0.4184,0.4184,0.4179,0.4181,720.0
2025-01-14 13:25:00,0.4182,0.4183,0.4182,0.4183,1516.0
2025-01-14 13:26:00,0.4179,0.4179,0.4179,0.4179,76.0
2025-01-14 13:27:00,0.4177,0.4177,0.4174,0.4175,2167.0
2025-01-14 13:28:00,0.4177,0.418,0.4177,0.418,245.0
2025-01-14 13:29:00,0.4182,0.4182,0.4175,0.4175,150.0
2025-01-14 13:30:00,0.4177,0.4265,0.4177,0.425,132803.0
2025-01-14 13:31:00,0.425,0.4262,0.4242,0.4244,112866.0
2025-01-14 13:32:00,0.4245,0.4254,0.4234,0.4234,12169.0
2025-01-14 13:33:00,0.4232,0.4237,0.4223,0.4223,17213.0
2025-01-14 13:34:00,0.4222,0.4231,0.4221,0.4221,4017.0
2025-01-14 13:35:00,0.4218,0.4219,0.4206,0.4213,12712.0
2025-01-14 13:36:00,0.4217,0.4227,0.4217,0.4218,5995.0
2025-01-14 13:37:00,0.4216,0.4226,0.4216,0.4225,988.0
2025-01-14 13:38:00,0.4222,0.4222,0.4213,0.4215,4599.0
2025-01-14 13:39:00,0.4218,0.4218,0.4217,0.4218,882.0
2025-01-14 13:40:00,0.4228,0.4228,0.4217,0.4217,3579.0
2025-01-14 13:41:00,0.4216,0.4234,0.4216,0.4234,688.0
2025-01-14 13:42:00,0.4228,0.4231,0.4227,0.4228,3874.0
2025-01-14 13:43:00,0.4222,0.4234,0.4221,0.4228,4839.0
2025-01-14 13:44:00,0.4226,0.4228,0.4222,0.4222,8094.0
2025-01-14 13:45:00,0.4226,0.4238,0.4225,0.4238,1401.0
2025-01-14 13:46:00,0.4238,0.4241,0.4237,0.4241,478.0
2025-01-14 13:47:00,0.4243,0.425,0.4243,0.425,4173.0
2025-01-14 13:48:00,0.425,0.425,0.4245,0.4245,458.0
2025-01-14 13:49:00,0.4243,0.4244,0.4239,0.4239,2435.0
2025-01-14 13:50:00,0.424,0.4241,0.4232,0.4235,2893.0
2025-01-14 13:51:00,0.4233,0.4233,0.4227,0.4227,405.0
2025-01-14 13:52:00,0.4225,0.4226,0.4221,0.4221,353.0
2025-01-14 13:53:00,0.4222,0.4228,0.4222,0.4228,1259.0
2025-01-14 13:54:00,0.4225,0.4225,0.4225,0.4225,547.0
2025-01-14 13:55:00,0.4238,0.4238,0.4236,0.4236,53.0
2025-01-14 13:56:00,0.4235,0.4235,0.4228,0.4228,388.0
2025-01-14 13:57:00,0.4228,0.4235,0.4228,0.4235,2029.0
2025-01-14 13:58:00,0.423,0.4234,0.4228,0.4228,196.0
2025-01-14 13:59:00,0.4232,0.4232,0.4232,0.4232,28.0
2025-01-14 14:00:00,0.4233,0.4233,0.4232,0.4233,1199.0
2025-01-14 14:01:00,0.4223,0.4229,0.4222,0.4229,2027.0
2025-01-14 14:02:00,0.422,0.4222,0.422,0.4222,855.0
2025-01-14 14:03:00,0.4217,0.4218,0.4212,0.4212,4464.0
2025-01-14 14:04:00,0.4214,0.4224,0.4214,0.4222,2053.0
2025-01-14 14:05:00,0.4227,0.4227,0.4218,0.4218,2806.0
2025-01-14 14:06:00,0.4217,0.4219,0.4214,0.4219,1801.0
2025-01-14 14:07:00,0.4229,0.4229,0.4221,0.4221,207.0
2025-01-14 14:08:00,0.4219,0.422,0.4219,0.4219,842.0
2025-01-14 14:09:00,0.4219,0.4219,0.4219,0.4219,0.0
2025-01-14 14:10:00,0.4214,0.4214,0.4209,0.4209,1663.0
2025-01-14 14:11:00,0.4208,0.4215,0.4208,0.4215,559.0
2025-01-14 14:12:00,0.4215,0.4215,0.4215,0.4215,105.0
2025-01-14 14:13:00,0.4216,0.4217,0.4215,0.4217,1128.0
2025-01-14 14:14:00,0.4217,0.4218,0.4217,0.4218,78.0
2025-01-14 14:15:00,0.4222,0.4222,0.4222,0.4222,23.0
2025-01-14 14:16:00,0.4225,0.4229,0.4225,0.4229,1014.0
2025-01-14 14:17:00,0.4229,0.4233,0.4229,0.423,2221.0
2025-01-14 14:18:00,0.4229,0.4229,0.4229,0.4229,16.0
2025-01-14 14:19:00,0.4231,0.4231,0.423,0.4231,3936.0
2025-01-14 14:20:00,0.423,0.423,0.423,0.423,2192.0
2025-01-14 14:21:00,0.4237,0.4239,0.4235,0.4239,11340.0
2025-01-14 14:22:00,0.4239,0.4239,0.4239,0.4239,0.0
2025-01-14 14:23:00,0.4239,0.4239,0.4237,0.4237,54.0
2025-01-14 14:24:00,0.4237,0.4238,0.4237,0.4237,179.0
2025-01-14 14:25:00,0.4238,0.424,0.4236,0.4236,3494.0
2025-01-14 14:26:00,0.4239,0.4245,0.4239,0.4245,3440.0
2025-01-14 14:27:00,0.4246,0.4247,0.4245,0.4245,114.0
2025-01-14 14:28:00,0.4247,0.425,0.4247,0.425,2942.0
2025-01-14 14:29:00,0.425,0.427,0.425,0.4268,314419.0
2025-01-14 14:30:00,0.4269,0.427,0.4265,0.4269,19900.0
2025-01-14 14:31:00,0.427,0.4272,0.4269,0.4272,18113.0
2025-01-14 14:32:00,0.4271,0.4271,0.4244,0.4244,313410.0
2025-01-14 14:33:00,0.4244,0.4248,0.424,0.4248,5904.0
2025-01-14 14:34:00,0.4252,0.4256,0.4252,0.4256,4323.0
2025-01-14 14:35:00,0.4262,0.4262,0.4262,0.4262,3047.0
2025-01-14 14:36:00,0.426,0.4261,0.4255,0.426,1148.0
2025-01-14 14:37:00,0.4269,0.4279,0.4269,0.4275,28536.0
2025-01-14 14:38:00,0.4276,0.428,0.4272,0.428,4808.0
2025-01-14 14:39:00,0.4281,0.4281,0.427,0.4277,5419.0
2025-01-14 14:40:00,0.4278,0.4283,0.4278,0.4283,6039.0
2025-01-14 14:41:00,0.4283,0.4283,0.4275,0.4276,9659.0
2025-01-14 14:42:00,0.4272,0.4273,0.4268,0.4269,25957.0
2025-01-14 14:43:00,0.4268,0.4268,0.4263,0.4263,2072.0
2025-01-14 14:44:00,0.4261,0.4262,0.4261,0.4261,799.0
2025-01-14 14:45:00,0.4261,0.4262,0.4251,0.4256,7854.0
2025-01-14 14:46:00,0.4252,0.4252,0.4249,0.4249,731.0
2025-01-14 14:47:00,0.4246,0.4246,0.4242,0.4244,8866.0
2025-01-14 14:48:00,0.4243,0.4251,0.4241,0.4245,2983.0
2025-01-14 14:49:00,0.4247,0.4251,0.4247,0.4251,1544.0
2025-01-14 14:50:00,0.4261,0.4265,0.4259,0.4261,17014.0
2025-01-14 14:51:00,0.4259,0.4264,0.4259,0.4262,10770.0
2025-01-14 14:52:00,0.4267,0.4272,0.4259,0.426,1916.0
2025-01-14 14:53:00,0.4259,0.4259,0.4256,0.4256,151.0
2025-01-14 14:54:00,0.425,0.425,0.4248,0.4249,24782.0
2025-01-14 14:55:00,0.4251,0.4251,0.4245,0.4246,2397.0
2025-01-14 14:56:00,0.4243,0.4251,0.4243,0.4251,898.0
2025-01-14 14:57:00,0.4247,0.4247,0.4245,0.4245,728.0
2025-01-14 14:58:00,0.4242,0.4244,0.4242,0.4244,1181.0
2025-01-14 14:59:00,0.4246,0.4251,0.4246,0.4251,1088.0
2025-01-14 15:00:00,0.4252,0.4252,0.4243,0.4243,2733.0
2025-01-14 15:01:00,0.4245,0.4245,0.4239,0.4243,3357.0
2025-01-14 15:02:00,0.4246,0.4249,0.4246,0.4249,479.0
2025-01-14 15:03:00,0.425,0.4252,0.425,0.4251,525.0
2025-01-14 15:04:00,0.4254,0.4254,0.425,0.4252,1345.0
2025-01-14 15:05:00,0.4249,0.425,0.4245,0.4245,449.0
2025-01-14 15:06:00,0.4252,0.4262,0.4252,0.4262,1998.0
2025-01-14 15:07:00,0.4264,0.4266,0.426,0.426,2326.0
2025-01-14 15:08:00,0.4261,0.4265,0.4261,0.4264,7022.0
2025-01-14 15:09:00,0.4264,0.4265,0.4264,0.4265,196.0
2025-01-14 15:10:00,0.4257,0.4257,0.4257,0.4257,500.0
2025-01-14 15:11:00,0.4256,0.4265,0.4256,0.4265,5648.0
2025-01-14 15:12:00,0.4268,0.4268,0.4268,0.4268,87.0
2025-01-14 15:13:00,0.4269,0.427,0.4269,0.427,6354.0
2025-01-14 15:14:00,0.4271,0.4273,0.4271,0.4272,379.0
2025-01-14 15:15:00,0.4271,0.4271,0.4266,0.4267,228.0
2025-01-14 15:16:00,0.4272,0.4272,0.4272,0.4272,91.0
2025-01-14 15:17:00,0.4275,0.4278,0.4275,0.4275,1147.0
2025-01-14 15:18:00,0.4273,0.4274,0.427,0.4272,9461.0
2025-01-14 15:19:00,0.4271,0.4272,0.4269,0.4272,3791.0
2025-01-14 15:20:00,0.4266,0.4268,0.4266,0.4268,89.0
2025-01-14 15:21:00,0.4266,0.4271,0.4266,0.427,1923.0
2025-01-14 15:22:00,0.426,0.426,0.426,0.426,2332.0
2025-01-14 15:23:00,0.4258,0.4265,0.4258,0.4265,225.0
2025-01-14 15:24:00,0.4264,0.4264,0.4264,0.4264,47.0
2025-01-14 15:25:00,0.4266,0.4266,0.4262,0.4262,887.0
2025-01-14 15:26:00,0.4262,0.4262,0.4262,0.4262,0.0
2025-01-14 15:27:00,0.4255,0.4256,0.4255,0.4256,59.0
2025-01-14 15:28:00,0.4256,0.4257,0.4256,0.4257,68.0
2025-01-14 15:29:00,0.4259,0.426,0.4259,0.426,92.0
2025-01-14 15:30:00,0.4264,0.4264,0.426,0.426,679.0
2025-01-14 15:31:00,0.4255,0.4264,0.4255,0.4264,826.0
2025-01-14 15:32:00,0.4266,0.4266,0.4266,0.4266,351.0
2025-01-14 15:33:00,0.4259,0.4264,0.4257,0.4264,480.0
2025-01-14 15:34:00,0.4267,0.4267,0.4267,0.4267,510.0
2025-01-14 15:35:00,0.4261,0.4263,0.4261,0.4262,365.0
2025-01-14 15:36:00,0.4264,0.4267,0.4264,0.4267,137.0
2025-01-14 15:37:00,0.4257,0.4259,0.4255,0.4259,6284.0
2025-01-14 15:38:00,0.4262,0.4265,0.4256,0.4257,634.0
2025-01-14 15:39:00,0.426,0.426,0.4253,0.4253,717.0
2025-01-14 15:40:00,0.4253,0.4262,0.4253,0.4262,448.0
2025-01-14 15:41:00,0.4262,0.4266,0.4262,0.4266,3068.0
2025-01-14 15:42:00,0.4265,0.4268,0.4265,0.4268,1790.0
2025-01-14 15:43:00,0.4264,0.4264,0.4264,0.4264,166.0
2025-01-14 15:44:00,0.427,0.4274,0.427,0.4274,119.0
2025-01-14 15:45:00,0.4271,0.4271,0.4259,0.4259,2655.0
2025-01-14 15:46:00,0.426,0.426,0.4253,0.4253,2014.0
2025-01-14 15:47:00,0.4256,0.4259,0.4256,0.4259,370.0
2025-01-14 15:48:00,0.4253,0.4259,0.4253,0.4259,255.0
2025-01-14 15:49:00,0.4259,0.4261,0.4257,0.4261,1489.0
2025-01-14 15:50:00,0.426,0.4264,0.426,0.4264,364.0
2025-01-14 15:51:00,0.4265,0.4267,0.426,0.4267,1218.0
2025-01-14 15:52:00,0.4267,0.4268,0.4264,0.4265,422.0
2025-01-14 15:53:00,0.4265,0.4265,0.4265,0.4265,0.0
2025-01-14 15:54:00,0.4261,0.4264,0.4261,0.4264,131.0
2025-01-14 15:55:00,0.4264,0.4264,0.4262,0.4264,1334.0
2025-01-14 15:56:00,0.426,0.4261,0.4259,0.4259,3986.0
2025-01-14 15:57:00,0.426,0.426,0.4257,0.4257,3653.0
2025-01-14 15:58:00,0.4253,0.4254,0.4252,0.4252,253.0
2025-01-14 15:59:00,0.4252,0.4252,0.425,0.425,5245.0
2025-01-14 16:00:00,0.425,0.425,0.4237,0.4239,6401.0
2025-01-14 16:01:00,0.4237,0.4239,0.4234,0.4234,4128.0
2025-01-14 16:02:00,0.4234,0.4234,0.4224,0.4224,2350.0
2025-01-14 16:03:00,0.4221,0.4221,0.4209,0.4216,12765.0
2025-01-14 16:04:00,0.4215,0.422,0.421,0.422,2839.0
2025-01-14 16:05:00,0.4211,0.4212,0.4208,0.4211,4751.0
2025-01-14 16:06:00,0.4208,0.4224,0.4208,0.4224,2509.0
2025-01-14 16:07:00,0.4228,0.4228,0.4228,0.4228,124.0
2025-01-14 16:08:00,0.4223,0.423,0.4223,0.423,2577.0
2025-01-14 16:09:00,0.4234,0.4234,0.4234,0.4234,750.0
2025-01-14 16:10:00,0.4221,0.4221,0.4221,0.4221,182.0
2025-01-14 16:11:00,0.4223,0.4223,0.4222,0.4222,80.0
2025-01-14 16:12:00,0.4219,0.4219,0.4218,0.4218,59.0
2025-01-14 16:13:00,0.4218,0.4218,0.421,0.4211,14782.0
2025-01-14 16:14:00,0.4214,0.4221,0.4214,0.4221,7546.0
2025-01-14 16:15:00,0.4219,0.4219,0.4213,0.4213,1067.0
2025-01-14 16:16:00,0.4216,0.4222,0.4216,0.4222,347.0
2025-01-14 16:17:00,0.4227,0.4228,0.4227,0.4228,1152.0
2025-01-14 16:18:00,0.4222,0.4222,0.422,0.4221,6614.0
2025-01-14 16:19:00,0.4221,0.4221,0.422,0.422,25.0
2025-01-14 16:20:00,0.4224,0.4226,0.4224,0.4226,2090.0
2025-01-14 16:21:00,0.4226,0.4226,0.4226,0.4226,0.0
2025-01-14 16:22:00,0.4226,0.4226,0.4226,0.4226,0.0
2025-01-14 16:23:00,0.4235,0.4235,0.4235,0.4235,14.0
2025-01-14 16:24:00,0.4233,0.4233,0.4233,0.4233,30.0
2025-01-14 16:25:00,0.4231,0.424,0.4231,0.424,4362.0
2025-01-14 16:26:00,0.424,0.4243,0.424,0.4243,738.0
2025-01-14 16:27:00,0.4243,0.4243,0.4243,0.4243,96.0
2025-01-14 16:28:00,0.4243,0.4243,0.424,0.424,1160.0
2025-01-14 16:29:00,0.4233,0.4233,0.423,0.423,962.0
2025-01-14 16:30:00,0.4227,0.4227,0.4226,0.4226,1414.0
2025-01-14 16:31:00,0.4229,0.423,0.4229,0.423,176.0
2025-01-14 16:32:00,0.4224,0.4226,0.4221,0.4226,631.0
2025-01-14 16:33:00,0.423,0.423,0.4223,0.4223,1564.0
2025-01-14 16:34:00,0.4226,0.4226,0.4226,0.4226,470.0
2025-01-14 16:35:00,0.4228,0.4231,0.4226,0.4231,4515.0
2025-01-14 16:36:00,0.4227,0.4227,0.4227,0.4227,47.0
2025-01-14 16:37:00,0.4226,0.4226,0.4226,0.4226,25.0
2025-01-14 16:38:00,0.4222,0.4222,0.422,0.422,937.0
2025-01-14 16:39:00,0.4218,0.4219,0.4218,0.4219,1131.0
2025-01-14 16:40:00,0.4224,0.4224,0.4221,0.4221,6573.0
2025-01-14 16:41:00,0.4215,0.4217,0.4211,0.4217,15215.0
2025-01-14 16:42:00,0.4217,0.4217,0.4217,0.4217,514.0
2025-01-14 16:43:00,0.4212,0.4212,0.4212,0.4212,1646.0
2025-01-14 16:44:00,0.4212,0.4212,0.421,0.4211,1595.0
2025-01-14 16:45:00,0.4215,0.4215,0.4215,0.4215,47.0
2025-01-14 16:46:00,0.4217,0.4219,0.4217,0.4219,167.0
2025-01-14 16:47:00,0.422,0.422,0.422,0.422,54.0
2025-01-14 16:48:00,0.422,0.422,0.422,0.422,47.0
2025-01-14 16:49:00,0.4221,0.4221,0.4219,0.4219,1764.0
2025-01-14 16:50:00,0.4222,0.4222,0.4222,0.4222,47.0
2025-01-14 16:51:00,0.4225,0.4229,0.4225,0.4226,2956.0
2025-01-14 16:52:00,0.4224,0.4225,0.4224,0.4225,1401.0
2025-01-14 16:53:00,0.4225,0.4225,0.4222,0.4222,1777.0
2025-01-14 16:54:00,0.4225,0.4225,0.4221,0.4221,562.0
2025-01-14 16:55:00,0.4221,0.4221,0.422,0.422,387.0
2025-01-14 16:56:00,0.4224,0.4224,0.4224,0.4224,983.0
2025-01-14 16:57:00,0.4224,0.4224,0.4222,0.4222,2916.0
2025-01-14 16:58:00,0.4225,0.4227,0.4225,0.4227,2857.0
2025-01-14 16:59:00,0.4227,0.4227,0.4225,0.4225,1689.0
2025-01-14 17:00:00,0.4229,0.4229,0.4229,0.4229,535.0
2025-01-14 17:01:00,0.4222,0.4222,0.4222,0.4222,30.0
2025-01-14 17:02:00,0.4228,0.4228,0.4228,0.4228,54.0
2025-01-14 17:03:00,0.4228,0.4228,0.4228,0.4228,0.0
2025-01-14 17:04:00,0.4225,0.4228,0.4225,0.4228,1232.0
2025-01-14 17:05:00,0.4229,0.4231,0.4227,0.4227,2669.0
2025-01-14 17:06:00,0.4228,0.4236,0.4228,0.4236,5219.0
2025-01-14 17:07:00,0.4237,0.4251,0.4237,0.4251,3816.0
2025-01-14 17:08:00,0.4248,0.4248,0.4248,0.4248,14.0
2025-01-14 17:09:00,0.425,0.425,0.425,0.425,47.0
2025-01-14 17:10:00,0.4253,0.4257,0.4253,0.4255,4047.0
2025-01-14 17:11:00,0.4251,0.4257,0.4251,0.4257,500.0
2025-01-14 17:12:00,0.426,0.4262,0.426,0.426,1732.0
2025-01-14 17:13:00,0.4261,0.4264,0.4261,0.4264,941.0
2025-01-14 17:14:00,0.4265,0.4265,0.4262,0.4264,2163.0
2025-01-14 17:15:00,0.4261,0.4261,0.426,0.426,361.0
2025-01-14 17:16:00,0.426,0.4272,0.426,0.4271,2447.0
2025-01-14 17:17:00,0.4267,0.4272,0.4267,0.4272,2074.0
2025-01-14 17:18:00,0.427,0.4273,0.427,0.4273,584.0
2025-01-14 17:19:00,0.4268,0.4268,0.4262,0.4262,3474.0
2025-01-14 17:20:00,0.4265,0.4265,0.4252,0.4252,9481.0
2025-01-14 17:21:00,0.4252,0.4252,0.4243,0.4245,2245.0
2025-01-14 17:22:00,0.4243,0.4243,0.424,0.424,1277.0
2025-01-14 17:23:00,0.4243,0.4245,0.4242,0.4244,3490.0
2025-01-14 17:24:00,0.4246,0.4248,0.4245,0.4248,5018.0
2025-01-14 17:25:00,0.4251,0.4252,0.4251,0.4252,3029.0
2025-01-14 17:26:00,0.4252,0.4259,0.4252,0.4257,3393.0
2025-01-14 17:27:00,0.4262,0.4263,0.4257,0.4258,3561.0
2025-01-14 17:28:00,0.4258,0.4263,0.4258,0.4262,3253.0
2025-01-14 17:29:00,0.4264,0.4265,0.4264,0.4264,1415.0
2025-01-14 17:30:00,0.4264,0.4267,0.426,0.4261,3313.0
2025-01-14 17:31:00,0.4258,0.4261,0.4258,0.4261,121.0
2025-01-14 17:32:00,0.4259,0.4263,0.4259,0.4263,17026.0
2025-01-14 17:33:00,0.4264,0.4266,0.4262,0.4262,463.0
2025-01-14 17:34:00,0.4262,0.4262,0.4256,0.4256,3875.0
2025-01-14 17:35:00,0.4253,0.4253,0.425,0.425,2046.0
2025-01-14 17:36:00,0.425,0.4261,0.425,0.426,3623.0
2025-01-14 17:37:00,0.4256,0.4261,0.4256,0.4259,2478.0
2025-01-14 17:38:00,0.4259,0.426,0.4257,0.4257,4501.0
2025-01-14 17:39:00,0.4253,0.426,0.4253,0.426,2523.0
2025-01-14 17:40:00,0.4261,0.4261,0.4258,0.4258,1757.0
2025-01-14 17:41:00,0.4258,0.426,0.4258,0.426,365.0
2025-01-14 17:42:00,0.4263,0.4272,0.4263,0.4271,12610.0
2025-01-14 17:43:00,0.4271,0.4271,0.4268,0.4269,7475.0
2025-01-14 17:44:00,0.4269,0.4269,0.4269,0.4269,0.0
2025-01-14 17:45:00,0.4262,0.4262,0.4261,0.4261,389.0
2025-01-14 17:46:00,0.4258,0.4262,0.4258,0.426,495.0
2025-01-14 17:47:00,0.4264,0.4265,0.4264,0.4264,434.0
2025-01-14 17:48:00,0.4269,0.4274,0.4269,0.4274,1250.0
2025-01-14 17:49:00,0.4271,0.4271,0.427,0.427,185.0
2025-01-14 17:50:00,0.4267,0.4267,0.4266,0.4266,364.0
2025-01-14 17:51:00,0.4266,0.4266,0.4266,0.4266,0.0
2025-01-14 17:52:00,0.4266,0.4267,0.4266,0.4267,80.0
2025-01-14 17:53:00,0.4266,0.4266,0.4266,0.4266,1015.0
2025-01-14 17:54:00,0.4265,0.4266,0.4265,0.4265,788.0
2025-01-14 17:55:00,0.4262,0.4263,0.426,0.4263,3040.0
2025-01-14 17:56:00,0.4257,0.4259,0.4257,0.4259,3705.0
2025-01-14 17:57:00,0.4264,0.4265,0.4264,0.4265,231.0
2025-01-14 17:58:00,0.4265,0.4268,0.4265,0.4268,466.0
2025-01-14 17:59:00,0.4268,0.4268,0.4268,0.4268,0.0
2025-01-14 18:00:00,0.4269,0.4277,0.4269,0.4277,2371.0
2025-01-14 18:01:00,0.427,0.4272,0.427,0.427,2090.0
2025-01-14 18:02:00,0.4269,0.427,0.4269,0.427,188.0
2025-01-14 18:03:00,0.4269,0.4269,0.4268,0.4268,2082.0
2025-01-14 18:04:00,0.427,0.427,0.4268,0.4269,357.0
2025-01-14 18:05:00,0.4268,0.4276,0.4268,0.4276,2672.0
2025-01-14 18:06:00,0.4278,0.4278,0.4271,0.4272,884.0
2025-01-14 18:07:00,0.4273,0.4278,0.4273,0.4278,1373.0
2025-01-14 18:08:00,0.4273,0.4276,0.4273,0.4276,138.0
2025-01-14 18:09:00,0.4277,0.4277,0.4272,0.4272,8019.0
2025-01-14 18:10:00,0.4274,0.4277,0.4271,0.4272,469.0
2025-01-14 18:11:00,0.427,0.4272,0.427,0.4272,1080.0
2025-01-14 18:12:00,0.4271,0.4273,0.4268,0.4273,290.0
2025-01-14 18:13:00,0.4273,0.4274,0.4273,0.4274,1893.0
2025-01-14 18:14:00,0.4272,0.4272,0.4272,0.4272,64.0
2025-01-14 18:15:00,0.4268,0.427,0.4267,0.427,3270.0
2025-01-14 18:16:00,0.4274,0.4276,0.4272,0.4276,3938.0
2025-01-14 18:17:00,0.4276,0.4277,0.4276,0.4277,549.0
2025-01-14 18:18:00,0.4274,0.4274,0.4273,0.4273,2293.0
2025-01-14 18:19:00,0.4263,0.4264,0.4263,0.4264,224.0
2025-01-14 18:20:00,0.4263,0.4266,0.4262,0.4266,867.0
2025-01-14 18:21:00,0.4267,0.4267,0.4265,0.4267,647.0
2025-01-14 18:22:00,0.4265,0.4267,0.4263,0.4266,1097.0
2025-01-14 18:23:00,0.4266,0.4268,0.4266,0.4268,1295.0
2025-01-14 18:24:00,0.4268,0.4268,0.4265,0.4268,920.0
2025-01-14 18:25:00,0.4271,0.4283,0.4271,0.428,83583.0
2025-01-14 18:26:00,0.4279,0.428,0.4278,0.4278,349.0
2025-01-14 18:27:00,0.4274,0.4274,0.4274,0.4274,46.0
2025-01-14 18:28:00,0.4277,0.428,0.4277,0.428,104.0
2025-01-14 18:29:00,0.4282,0.4283,0.4282,0.4282,178.0
2025-01-14 18:30:00,0.4281,0.4282,0.4278,0.4278,6444.0
2025-01-14 18:31:00,0.4276,0.4279,0.4273,0.4279,5369.0
2025-01-14 18:32:00,0.4279,0.4282,0.4279,0.4282,3553.0
2025-01-14 18:33:00,0.4279,0.4279,0.4276,0.4277,1549.0
2025-01-14 18:34:00,0.4278,0.4278,0.4275,0.4275,748.0
2025-01-14 18:35:00,0.4276,0.428,0.4276,0.4279,2817.0
2025-01-14 18:36:00,0.4277,0.428,0.4277,0.428,2652.0
2025-01-14 18:37:00,0.4281,0.4282,0.4281,0.4282,585.0
2025-01-14 18:38:00,0.4284,0.4284,0.4284,0.4284,1106.0
2025-01-14 18:39:00,0.4281,0.4289,0.4281,0.4289,2296.0
2025-01-14 18:40:00,0.4287,0.4287,0.4285,0.4285,58.0
2025-01-14 18:41:00,0.4286,0.4287,0.4286,0.4287,1039.0
2025-01-14 18:42:00,0.428,0.428,0.4278,0.428,4073.0
2025-01-14 18:43:00,0.4283,0.4285,0.4283,0.4285,190.0
2025-01-14 18:44:00,0.4284,0.4284,0.4283,0.4283,804.0
2025-01-14 18:45:00,0.4282,0.4282,0.4282,0.4282,97.0
2025-01-14 18:46:00,0.4278,0.4283,0.4276,0.4283,3456.0
2025-01-14 18:47:00,0.4285,0.4288,0.4285,0.4287,122.0
2025-01-14 18:48:00,0.4285,0.4287,0.4285,0.4287,494.0
2025-01-14 18:49:00,0.4286,0.4287,0.4286,0.4287,270.0
2025-01-14 18:50:00,0.4286,0.4288,0.4286,0.4286,2859.0
2025-01-14 18:51:00,0.4285,0.4285,0.428,0.4285,20188.0
2025-01-14 18:52:00,0.4285,0.4285,0.4285,0.4285,0.0
2025-01-14 18:53:00,0.4285,0.4292,0.4285,0.4292,2132.0
2025-01-14 18:54:00,0.4291,0.4294,0.4291,0.4294,1195.0
2025-01-14 18:55:00,0.4294,0.4294,0.429,0.429,706.0
2025-01-14 18:56:00,0.4294,0.4294,0.4294,0.4294,1132.0
2025-01-14 18:57:00,0.4292,0.4292,0.4292,0.4292,345.0
2025-01-14 18:58:00,0.4292,0.4292,0.4292,0.4292,0.0
2025-01-14 18:59:00,0.4288,0.4288,0.4287,0.4287,347.0
2025-01-14 19:00:00,0.4288,0.4288,0.4278,0.4278,11043.0
2025-01-14 19:01:00,0.4278,0.4279,0.427,0.427,5377.0
2025-01-14 19:02:00,0.4271,0.4275,0.4265,0.4265,1293.0
2025-01-14 19:03:00,0.4266,0.4268,0.4264,0.4264,1334.0
2025-01-14 19:04:00,0.4264,0.4268,0.4261,0.4268,3629.0
2025-01-14 19:05:00,0.4269,0.4269,0.4269,0.4269,96.0
2025-01-14 19:06:00,0.4268,0.4269,0.4268,0.4269,106.0
2025-01-14 19:07:00,0.4273,0.4273,0.4271,0.4271,590.0
2025-01-14 19:08:00,0.427,0.4273,0.427,0.4272,218.0
2025-01-14 19:09:00,0.4272,0.4272,0.4272,0.4272,0.0
2025-01-14 19:10:00,0.427,0.4271,0.4267,0.4267,173.0
2025-01-14 19:11:00,0.4265,0.4265,0.4265,0.4265,91.0
2025-01-14 19:12:00,0.427,0.427,0.4269,0.4269,774.0
2025-01-14 19:13:00,0.4268,0.4272,0.4268,0.4272,258.0
2025-01-14 19:14:00,0.4273,0.4273,0.4273,0.4273,45.0
2025-01-14 19:15:00,0.4271,0.4279,0.4271,0.4279,1142.0
2025-01-14 19:16:00,0.4274,0.4274,0.4274,0.4274,12.0
2025-01-14 19:17:00,0.4274,0.4274,0.4274,0.4274,0.0
2025-01-14 19:18:00,0.427,0.4273,0.427,0.4273,208.0
2025-01-14 19:19:00,0.4273,0.4273,0.4267,0.4267,2214.0
2025-01-14 19:20:00,0.4267,0.4269,0.4266,0.4266,1319.0
2025-01-14 19:21:00,0.4269,0.4273,0.4269,0.4273,1398.0
2025-01-14 19:22:00,0.4271,0.4271,0.427,0.4271,187.0
2025-01-14 19:23:00,0.427,0.427,0.4269,0.4269,410.0
2025-01-14 19:24:00,0.4269,0.4271,0.4269,0.4271,676.0
2025-01-14 19:25:00,0.4273,0.4274,0.427,0.4271,1231.0
2025-01-14 19:26:00,0.4271,0.4271,0.4271,0.4271,46.0
2025-01-14 19:27:00,0.4278,0.4278,0.4278,0.4278,20.0
2025-01-14 19:28:00,0.4279,0.4279,0.4278,0.4278,540.0
2025-01-14 19:29:00,0.4273,0.4273,0.4273,0.4273,12.0
2025-01-14 19:30:00,0.4273,0.4275,0.4273,0.4275,91.0
2025-01-14 19:31:00,0.4276,0.4277,0.4272,0.4272,3421.0
2025-01-14 19:32:00,0.4273,0.4273,0.4271,0.4271,862.0
2025-01-14 19:33:00,0.427,0.4272,0.427,0.4272,686.0
2025-01-14 19:34:00,0.4276,0.4276,0.4275,0.4275,1279.0
2025-01-14 19:35:00,0.4276,0.4278,0.4276,0.4278,632.0
2025-01-14 19:36:00,0.4281,0.4284,0.4281,0.4284,232.0
2025-01-14 19:37:00,0.4285,0.4285,0.4284,0.4284,477.0
2025-01-14 19:38:00,0.4282,0.4282,0.428,0.428,2355.0
2025-01-14 19:39:00,0.4279,0.4279,0.4272,0.4272,5472.0
2025-01-14 19:40:00,0.4279,0.4281,0.4279,0.4281,1680.0
2025-01-14 19:41:00,0.4278,0.4282,0.4277,0.4282,1309.0
2025-01-14 19:42:00,0.4282,0.4282,0.4282,0.4282,153.0
2025-01-14 19:43:00,0.4282,0.4282,0.4282,0.4282,3188.0
2025-01-14 19:44:00,0.4282,0.4285,0.4282,0.4285,2920.0
2025-01-14 19:45:00,0.428,0.428,0.4271,0.4271,2061.0
2025-01-14 19:46:00,0.4271,0.4271,0.4269,0.427,4619.0
2025-01-14 19:47:00,0.4271,0.4271,0.4271,0.4271,1314.0
2025-01-14 19:48:00,0.4276,0.4276,0.4276,0.4276,374.0
2025-01-14 19:49:00,0.4268,0.427,0.4268,0.427,55.0
2025-01-14 19:50:00,0.4272,0.4272,0.4271,0.4271,728.0
2025-01-14 19:51:00,0.4271,0.4271,0.4271,0.4271,0.0
2025-01-14 19:52:00,0.4269,0.4269,0.4269,0.4269,162.0
2025-01-14 19:53:00,0.4268,0.4269,0.4267,0.4267,1889.0
2025-01-14 19:54:00,0.4268,0.4269,0.4268,0.4268,4765.0
2025-01-14 19:55:00,0.4268,0.427,0.4268,0.427,446.0
2025-01-14 19:56:00,0.4268,0.4268,0.4267,0.4267,86.0
2025-01-14 19:57:00,0.4261,0.4261,0.4261,0.4261,112.0
2025-01-14 19:58:00,0.4261,0.4262,0.4261,0.4262,534.0
2025-01-14 19:59:00,0.4262,0.4262,0.4262,0.4262,0.0
2025-01-14 20:00:00,0.4269,0.4269,0.4259,0.4259,938.0
2025-01-14 20:01:00,0.4258,0.4258,0.4253,0.4253,3245.0
2025-01-14 20:02:00,0.4255,0.4255,0.4242,0.4244,4815.0
2025-01-14 20:03:00,0.4244,0.4246,0.4235,0.4239,10678.0
2025-01-14 20:04:00,0.4238,0.424,0.4234,0.424,2290.0
2025-01-14 20:05:00,0.4239,0.4241,0.4236,0.4241,513.0
2025-01-14 20:06:00,0.4239,0.4239,0.4239,0.4239,969.0
2025-01-14 20:07:00,0.4237,0.4239,0.4237,0.4239,3283.0
2025-01-14 20:08:00,0.4244,0.4251,0.4242,0.4249,5632.0
2025-01-14 20:09:00,0.4249,0.4251,0.4246,0.4246,1574.0
2025-01-14 20:10:00,0.4247,0.4249,0.4247,0.4249,990.0
2025-01-14 20:11:00,0.4249,0.4249,0.4249,0.4249,0.0
2025-01-14 20:12:00,0.4243,0.4248,0.4243,0.4248,4724.0
2025-01-14 20:13:00,0.4247,0.4248,0.4246,0.4246,825.0
2025-01-14 20:14:00,0.4248,0.4248,0.4248,0.4248,47.0
2025-01-14 20:15:00,0.4246,0.4256,0.4246,0.4256,4317.0
2025-01-14 20:16:00,0.4249,0.4251,0.4249,0.425,1536.0
2025-01-14 20:17:00,0.4256,0.4256,0.4256,0.4256,273.0
2025-01-14 20:18:00,0.4256,0.4256,0.4256,0.4256,0.0
2025-01-14 20:19:00,0.4258,0.4264,0.4257,0.4264,2683.0
2025-01-14 20:20:00,0.4269,0.4269,0.4262,0.4262,2701.0
2025-01-14 20:21:00,0.4261,0.4263,0.4261,0.4262,2573.0
2025-01-14 20:22:00,0.4262,0.4262,0.4262,0.4262,4868.0
2025-01-14 20:23:00,0.4262,0.4262,0.4262,0.4262,0.0
2025-01-14 20:24:00,0.4264,0.4264,0.4264,0.4264,46.0
2025-01-14 20:25:00,0.4271,0.4271,0.4267,0.4267,3236.0
2025-01-14 20:26:00,0.4267,0.4267,0.4262,0.4263,1750.0
2025-01-14 20:27:00,0.4262,0.4264,0.4262,0.4264,57.0
2025-01-14 20:28:00,0.4264,0.4264,0.4264,0.4264,0.0
2025-01-14 20:29:00,0.4264,0.4264,0.4264,0.4264,0.0
2025-01-14 20:30:00,0.4266,0.4268,0.4261,0.4261,6820.0
2025-01-14 20:31:00,0.4255,0.4255,0.4253,0.4253,1533.0
2025-01-14 20:32:00,0.425,0.4252,0.425,0.4252,5792.0
2025-01-14 20:33:00,0.4249,0.425,0.4249,0.425,944.0
2025-01-14 20:34:00,0.4252,0.4252,0.4252,0.4252,9783.0
2025-01-14 20:35:00,0.4252,0.4253,0.4247,0.4252,4021.0
2025-01-14 20:36:00,0.4253,0.4253,0.4253,0.4253,46.0
2025-01-14 20:37:00,0.4254,0.4254,0.4253,0.4253,116.0
2025-01-14 20:38:00,0.4254,0.4255,0.425,0.425,1317.0
2025-01-14 20:39:00,0.4249,0.4249,0.4248,0.4249,114.0
2025-01-14 20:40:00,0.4247,0.4249,0.4247,0.4249,6226.0
2025-01-14 20:41:00,0.4249,0.4249,0.4248,0.4249,1316.0
2025-01-14 20:42:00,0.4252,0.4253,0.4252,0.4253,92.0
2025-01-14 20:43:00,0.4253,0.4253,0.4253,0.4253,0.0
2025-01-14 20:44:00,0.4255,0.4256,0.4255,0.4256,1651.0
2025-01-14 20:45:00,0.4258,0.4258,0.4258,0.4258,495.0
2025-01-14 20:46:00,0.4258,0.4258,0.4258,0.4258,0.0
2025-01-14 20:47:00,0.4253,0.4253,0.4252,0.4252,2873.0
2025-01-14 20:48:00,0.4255,0.4257,0.4255,0.4257,1439.0
2025-01-14 20:49:00,0.4256,0.4256,0.4253,0.4253,549.0
2025-01-14 20:50:00,0.4257,0.4259,0.4255,0.4255,1381.0
2025-01-14 20:51:00,0.4258,0.4258,0.4255,0.4255,1171.0
2025-01-14 20:52:00,0.4256,0.4256,0.4256,0.4256,46.0
2025-01-14 20:53:00,0.4256,0.4256,0.4256,0.4256,3296.0
2025-01-14 20:54:00,0.4255,0.4258,0.4255,0.4258,2086.0
2025-01-14 20:55:00,0.4257,0.426,0.4257,0.4258,923.0
2025-01-14 20:56:00,0.4259,0.4259,0.4259,0.4259,378.0
2025-01-14 20:57:00,0.4262,0.4263,0.4262,0.4262,2563.0
2025-01-14 20:58:00,0.4262,0.4263,0.4262,0.4263,1318.0
2025-01-14 20:59:00,0.4264,0.4271,0.4264,0.4271,4477.0
2025-01-14 21:00:00,0.4271,0.4278,0.4268,0.4268,4062.0
2025-01-14 21:01:00,0.4267,0.4268,0.4267,0.4268,33.0
2025-01-14 21:02:00,0.4268,0.427,0.4268,0.427,86.0
2025-01-14 21:03:00,0.427,0.427,0.427,0.427,0.0
2025-01-14 21:04:00,0.4269,0.4284,0.4269,0.4277,2492.0
2025-01-14 21:05:00,0.4271,0.4274,0.4271,0.4274,74.0
2025-01-14 21:06:00,0.4274,0.4274,0.4274,0.4274,0.0
2025-01-14 21:07:00,0.4277,0.428,0.4277,0.428,1085.0
2025-01-14 21:08:00,0.4277,0.428,0.4277,0.428,1019.0
2025-01-14 21:09:00,0.428,0.428,0.428,0.428,0.0
2025-01-14 21:10:00,0.4276,0.4276,0.4276,0.4276,350.0
2025-01-14 21:11:00,0.4272,0.4277,0.4272,0.4277,1152.0
2025-01-14 21:12:00,0.4278,0.4278,0.4278,0.4278,46.0
2025-01-14 21:13:00,0.4278,0.4278,0.4278,0.4278,0.0
2025-01-14 21:14:00,0.4275,0.4278,0.4275,0.4278,2767.0
2025-01-14 21:15:00,0.4278,0.428,0.4278,0.428,982.0
2025-01-14 21:16:00,0.428,0.428,0.428,0.428,0.0
2025-01-14 21:17:00,0.4282,0.4284,0.4282,0.4284,532.0
2025-01-14 21:18:00,0.4284,0.4284,0.4284,0.4284,0.0
2025-01-14 21:19:00,0.4285,0.4285,0.4285,0.4285,46.0
2025-01-14 21:20:00,0.4285,0.4285,0.4285,0.4285,233.0
2025-01-14 21:21:00,0.4287,0.4287,0.4286,0.4286,842.0
2025-01-14 21:22:00,0.4285,0.4285,0.4281,0.4281,1795.0
2025-01-14 21:23:00,0.4282,0.4284,0.428,0.4282,1046.0
2025-01-14 21:24:00,0.4284,0.4284,0.4284,0.4284,47.0
2025-01-14 21:25:00,0.4287,0.4287,0.4287,0.4287,46.0
2025-01-14 21:26:00,0.4285,0.4285,0.4283,0.4283,179.0
2025-01-14 21:27:00,0.4281,0.4281,0.4279,0.4279,1479.0
2025-01-14 21:28:00,0.4279,0.4279,0.4279,0.4279,0.0
2025-01-14 21:29:00,0.4285,0.4287,0.4284,0.4284,582.0
2025-01-14 21:30:00,0.428,0.428,0.4277,0.4277,2112.0
2025-01-14 21:31:00,0.4276,0.4276,0.4274,0.4274,3153.0
2025-01-14 21:32:00,0.4271,0.4274,0.4268,0.4268,2241.0
2025-01-14 21:33:00,0.427,0.4272,0.4269,0.4269,2488.0
2025-01-14 21:34:00,0.4269,0.4273,0.4269,0.4273,719.0
2025-01-14 21:35:00,0.4271,0.4271,0.4271,0.4271,29.0
2025-01-14 21:36:00,0.427,0.427,0.4265,0.4265,828.0
2025-01-14 21:37:00,0.4265,0.4268,0.4265,0.4268,310.0
2025-01-14 21:38:00,0.4267,0.4267,0.4267,0.4267,12.0
2025-01-14 21:39:00,0.4268,0.4268,0.4267,0.4267,38.0
2025-01-14 21:40:00,0.4266,0.4266,0.4264,0.4264,285.0
2025-01-14 21:41:00,0.4265,0.4266,0.4265,0.4266,89.0
2025-01-14 21:42:00,0.4266,0.4266,0.4266,0.4266,0.0
2025-01-14 21:43:00,0.4264,0.4266,0.4264,0.4266,514.0
2025-01-14 21:44:00,0.4263,0.4263,0.4263,0.4263,117.0
2025-01-14 21:45:00,0.4264,0.4264,0.426,0.426,888.0
2025-01-14 21:46:00,0.4262,0.4262,0.4259,0.426,505.0
2025-01-14 21:47:00,0.4262,0.4262,0.4259,0.4259,2463.0
2025-01-14 21:48:00,0.4258,0.426,0.4258,0.426,1206.0
2025-01-14 21:49:00,0.426,0.426,0.426,0.426,58.0
2025-01-14 21:50:00,0.4261,0.4263,0.4261,0.4262,672.0
2025-01-14 21:51:00,0.4262,0.4264,0.4262,0.4264,105.0
2025-01-14 21:52:00,0.426,0.426,0.426,0.426,21.0
2025-01-14 21:53:00,0.426,0.4265,0.426,0.4265,5676.0
2025-01-14 21:54:00,0.4264,0.4264,0.4264,0.4264,5872.0
2025-01-14 21:55:00,0.4264,0.4264,0.4264,0.4264,0.0
2025-01-14 21:56:00,0.4261,0.4264,0.4261,0.4264,1070.0
2025-01-14 21:57:00,0.4264,0.4264,0.4264,0.4264,0.0
2025-01-14 21:58:00,0.4265,0.4268,0.4265,0.4268,147.0
2025-01-14 21:59:00,0.4267,0.4268,0.4267,0.4268,90.0
2025-01-14 22:00:00,0.4275,0.4277,0.4273,0.4273,291.0
2025-01-14 22:01:00,0.4273,0.4279,0.4273,0.4279,1475.0
2025-01-14 22:02:00,0.428,0.4281,0.428,0.4281,92.0
2025-01-14 22:03:00,0.4278,0.4279,0.4278,0.4279,1343.0
2025-01-14 22:04:00,0.428,0.4282,0.428,0.4281,4802.0
2025-01-14 22:05:00,0.4277,0.4277,0.4277,0.4277,68.0
2025-01-14 22:06:00,0.4277,0.4277,0.4275,0.4275,536.0
2025-01-14 22:07:00,0.4275,0.4276,0.4275,0.4275,951.0
2025-01-14 22:08:00,0.4275,0.4275,0.4275,0.4275,288.0
2025-01-14 22:09:00,0.4277,0.4282,0.4277,0.4282,149.0
2025-01-14 22:10:00,0.4284,0.4285,0.4282,0.4283,811.0
2025-01-14 22:11:00,0.4283,0.4287,0.4283,0.4285,510.0
2025-01-14 22:12:00,0.4284,0.4284,0.4284,0.4284,46.0
2025-01-14 22:13:00,0.4285,0.4285,0.4282,0.4282,5199.0
2025-01-14 22:14:00,0.4285,0.4288,0.4285,0.4288,180.0
2025-01-14 22:15:00,0.4283,0.4283,0.4283,0.4283,23.0
2025-01-14 22:16:00,0.4281,0.4283,0.4281,0.4283,2655.0
2025-01-14 22:17:00,0.4283,0.4285,0.4283,0.4285,52.0
2025-01-14 22:18:00,0.4286,0.4288,0.4286,0.4288,166.0
2025-01-14 22:19:00,0.429,0.4293,0.429,0.4293,1804.0
2025-01-14 22:20:00,0.4293,0.4296,0.4293,0.4296,626.0
2025-01-14 22:21:00,0.4294,0.4296,0.4294,0.4295,1222.0
2025-01-14 22:22:00,0.4295,0.4295,0.4295,0.4295,0.0
2025-01-14 22:23:00,0.4295,0.4295,0.4295,0.4295,13.0
2025-01-14 22:24:00,0.4295,0.4296,0.4295,0.4295,4272.0
2025-01-14 22:25:00,0.4294,0.4298,0.4294,0.4298,5358.0
2025-01-14 22:26:00,0.4297,0.4298,0.4297,0.4297,1493.0
2025-01-14 22:27:00,0.4298,0.4301,0.4298,0.4301,12191.0
2025-01-14 22:28:00,0.4301,0.4303,0.4301,0.4303,605.0
2025-01-14 22:29:00,0.4301,0.4301,0.4301,0.4301,1207.0
2025-01-14 22:30:00,0.43,0.43,0.43,0.43,272.0
2025-01-14 22:31:00,0.43,0.43,0.43,0.43,125.0
2025-01-14 22:32:00,0.4298,0.4298,0.4298,0.4298,55.0
2025-01-14 22:33:00,0.4298,0.4298,0.4298,0.4298,47.0
2025-01-14 22:34:00,0.4297,0.4297,0.4295,0.4295,1385.0
2025-01-14 22:35:00,0.4296,0.4299,0.4296,0.4299,930.0
2025-01-14 22:36:00,0.4302,0.4303,0.4302,0.4303,375.0
2025-01-14 22:37:00,0.4303,0.4306,0.4303,0.4303,598.0
2025-01-14 22:38:00,0.4303,0.4306,0.4303,0.4306,2334.0
2025-01-14 22:39:00,0.4306,0.4306,0.4306,0.4306,34.0
2025-01-14 22:40:00,0.4308,0.4309,0.4305,0.4305,4498.0
2025-01-14 22:41:00,0.4308,0.4308,0.4305,0.4305,202.0
2025-01-14 22:42:00,0.4307,0.4307,0.4307,0.4307,580.0
2025-01-14 22:43:00,0.4307,0.4307,0.4307,0.4307,0.0
2025-01-14 22:44:00,0.4308,0.4308,0.4308,0.4308,1160.0
2025-01-14 22:45:00,0.4308,0.4308,0.4308,0.4308,0.0
2025-01-14 22:46:00,0.4309,0.431,0.4308,0.4308,1019.0
2025-01-14 22:47:00,0.4308,0.4308,0.4308,0.4308,0.0
2025-01-14 22:48:00,0.431,0.4312,0.431,0.4312,1153.0
2025-01-14 22:49:00,0.4313,0.4313,0.4313,0.4313,695.0
2025-01-14 22:50:00,0.4313,0.4313,0.4313,0.4313,0.0
2025-01-14 22:51:00,0.4313,0.4313,0.4313,0.4313,114.0
2025-01-14 22:52:00,0.4313,0.4313,0.4313,0.4313,36.0
2025-01-14 22:53:00,0.4313,0.4313,0.4313,0.4313,93.0
2025-01-14 22:54:00,0.4312,0.4312,0.4312,0.4312,100.0
2025-01-14 22:55:00,0.4312,0.4316,0.4312,0.4315,7105.0
2025-01-14 22:56:00,0.4314,0.4315,0.4314,0.4315,1549.0
2025-01-14 22:57:00,0.4317,0.4318,0.4317,0.4318,283.0
2025-01-14 22:58:00,0.4315,0.4315,0.4313,0.4315,946.0
2025-01-14 22:59:00,0.4314,0.4314,0.4314,0.4314,25.0
2025-01-14 23:00:00,0.4308,0.4308,0.4305,0.4305,380.0
2025-01-14 23:01:00,0.4305,0.4305,0.4305,0.4305,2043.0
2025-01-14 23:02:00,0.4309,0.4309,0.4297,0.4297,6575.0
2025-01-14 23:03:00,0.4297,0.4298,0.4297,0.4298,2321.0
2025-01-14 23:04:00,0.43,0.4305,0.43,0.4305,7511.0
2025-01-14 23:05:00,0.4305,0.4305,0.4305,0.4305,0.0
2025-01-14 23:06:00,0.4298,0.4298,0.4297,0.4298,453.0
2025-01-14 23:07:00,0.4298,0.43,0.4298,0.4299,3150.0
2025-01-14 23:08:00,0.4296,0.4296,0.4296,0.4296,1754.0
2025-01-14 23:09:00,0.4296,0.4297,0.4296,0.4297,126.0
2025-01-14 23:10:00,0.4297,0.4299,0.4297,0.4299,141.0
2025-01-14 23:11:00,0.4299,0.4299,0.4299,0.4299,0.0
2025-01-14 23:12:00,0.4298,0.4298,0.4293,0.4293,6765.0
2025-01-14 23:13:00,0.4293,0.4293,0.4288,0.4288,5980.0
2025-01-14 23:14:00,0.4293,0.4293,0.4293,0.4293,24.0
2025-01-14 23:15:00,0.4292,0.4295,0.4292,0.4295,129.0
2025-01-14 23:16:00,0.4295,0.4295,0.4295,0.4295,473.0
2025-01-14 23:17:00,0.429,0.429,0.429,0.429,55.0
2025-01-14 23:18:00,0.4288,0.4288,0.428,0.4285,68348.0
2025-01-14 23:19:00,0.4285,0.4285,0.4285,0.4285,0.0
2025-01-14 23:20:00,0.4288,0.4288,0.4287,0.4287,1189.0
2025-01-14 23:21:00,0.4291,0.4292,0.4287,0.4287,1261.0
2025-01-14 23:22:00,0.4289,0.4289,0.4289,0.4289,1547.0
2025-01-14 23:23:00,0.4288,0.4288,0.4288,0.4288,2000.0
2025-01-14 23:24:00,0.4287,0.4287,0.4287,0.4287,986.0
2025-01-14 23:25:00,0.4291,0.4291,0.4289,0.4289,875.0
2025-01-14 23:26:00,0.4289,0.429,0.4289,0.429,138.0
2025-01-14 23:27:00,0.429,0.429,0.4289,0.4289,2110.0
2025-01-14 23:28:00,0.4289,0.4289,0.4289,0.4289,40.0
2025-01-14 23:29:00,0.4291,0.4292,0.429,0.4292,3652.0
2025-01-14 23:30:00,0.4292,0.4294,0.4292,0.4294,107.0
2025-01-14 23:31:00,0.4294,0.4294,0.4288,0.4294,23617.0
2025-01-14 23:32:00,0.4295,0.4295,0.4293,0.4293,2502.0
2025-01-14 23:33:00,0.4292,0.4292,0.429,0.429,2111.0
2025-01-14 23:34:00,0.429,0.4291,0.429,0.4291,739.0
2025-01-14 23:35:00,0.4289,0.4289,0.4289,0.4289,2082.0
2025-01-14 23:36:00,0.4287,0.4287,0.4285,0.4285,2112.0
2025-01-14 23:37:00,0.4285,0.4285,0.4285,0.4285,170.0
2025-01-14 23:38:00,0.4285,0.4285,0.4285,0.4285,0.0
2025-01-14 23:39:00,0.4285,0.4285,0.4285,0.4285,0.0
2025-01-14 23:40:00,0.4285,0.4287,0.4285,0.4287,2113.0
2025-01-14 23:41:00,0.4288,0.4291,0.4288,0.4291,1352.0
2025-01-14 23:42:00,0.4291,0.4293,0.4291,0.4293,3826.0
2025-01-14 23:43:00,0.4294,0.4294,0.4294,0.4294,1321.0
2025-01-14 23:44:00,0.4298,0.4298,0.4295,0.4295,264.0
2025-01-14 23:45:00,0.4294,0.4297,0.4294,0.4297,852.0
2025-01-14 23:46:00,0.4298,0.4302,0.4298,0.4302,1438.0
2025-01-14 23:47:00,0.4302,0.4302,0.4302,0.4302,0.0
2025-01-14 23:48:00,0.4297,0.4297,0.4295,0.4295,3068.0
2025-01-14 23:49:00,0.4295,0.4295,0.4293,0.4293,4821.0
2025-01-14 23:50:00,0.4293,0.4294,0.429,0.429,5974.0
2025-01-14 23:51:00,0.429,0.4293,0.429,0.4292,15838.0
2025-01-14 23:52:00,0.4293,0.4297,0.4293,0.4296,1981.0
2025-01-14 23:53:00,0.4297,0.4297,0.4293,0.4293,1342.0
2025-01-14 23:54:00,0.4293,0.4294,0.4292,0.4292,1369.0
2025-01-14 23:55:00,0.4294,0.4298,0.4294,0.4297,2689.0
2025-01-14 23:56:00,0.4296,0.4296,0.4296,0.4296,140.0
2025-01-14 23:57:00,0.4296,0.4296,0.4296,0.4296,0.0
2025-01-14 23:58:00,0.4294,0.4295,0.4293,0.4293,649.0
2025-01-14 23:59:00,0.4294,0.4296,0.4294,0.4296,420.0
2025-01-15 00:00:00,0.4296,0.4296,0.4278,0.4278,19667.0
2025-01-15 00:01:00,0.4278,0.4279,0.4275,0.4275,7758.0
2025-01-15 00:02:00,0.4274,0.4276,0.4272,0.4273,20208.0
2025-01-15 00:03:00,0.4272,0.4278,0.4272,0.4278,20952.0
2025-01-15 00:04:00,0.4275,0.4275,0.4272,0.4272,4259.0
2025-01-15 00:05:00,0.4274,0.4282,0.4274,0.4278,8367.0
2025-01-15 00:06:00,0.4275,0.4275,0.4267,0.4267,4095.0
2025-01-15 00:07:00,0.4269,0.4281,0.4269,0.4277,3511.0
2025-01-15 00:08:00,0.4279,0.4287,0.4279,0.4287,14080.0
2025-01-15 00:09:00,0.4286,0.4286,0.428,0.428,2576.0
2025-01-15 00:10:00,0.4281,0.4287,0.4281,0.4285,1372.0
2025-01-15 00:11:00,0.4286,0.4291,0.4283,0.429,2903.0
2025-01-15 00:12:00,0.4293,0.4298,0.4291,0.4298,1728.0
2025-01-15 00:13:00,0.4298,0.43,0.4297,0.43,1155.0
2025-01-15 00:14:00,0.43,0.43,0.4297,0.43,1639.0
2025-01-15 00:15:00,0.4301,0.4304,0.43,0.43,2022.0
2025-01-15 00:16:00,0.4302,0.4302,0.4302,0.4302,1125.0
2025-01-15 00:17:00,0.43,0.4304,0.43,0.4304,5261.0
2025-01-15 00:18:00,0.4303,0.4313,0.4303,0.4311,7838.0
2025-01-15 00:19:00,0.4312,0.4315,0.4309,0.4311,7166.0
2025-01-15 00:20:00,0.431,0.4316,0.431,0.4314,12727.0
2025-01-15 00:21:00,0.4314,0.4316,0.4313,0.4316,2174.0
2025-01-15 00:22:00,0.4315,0.4317,0.4313,0.4317,1934.0
2025-01-15 00:23:00,0.4319,0.432,0.4315,0.4316,2375.0
2025-01-15 00:24:00,0.4317,0.4319,0.4317,0.4317,306.0
2025-01-15 00:25:00,0.4312,0.4313,0.4309,0.4311,2849.0
2025-01-15 00:26:00,0.4311,0.4311,0.4311,0.4311,0.0
2025-01-15 00:27:00,0.4317,0.4317,0.4317,0.4317,1249.0
2025-01-15 00:28:00,0.4311,0.4313,0.4308,0.431,9220.0
2025-01-15 00:29:00,0.431,0.4315,0.431,0.4315,5475.0
2025-01-15 00:30:00,0.4313,0.4317,0.4313,0.4317,3365.0
2025-01-15 00:31:00,0.432,0.432,0.4316,0.4318,2332.0
2025-01-15 00:32:00,0.4315,0.4315,0.4315,0.4315,18.0
2025-01-15 00:33:00,0.431,0.431,0.431,0.431,24.0
2025-01-15 00:34:00,0.4311,0.4313,0.4311,0.4313,931.0
2025-01-15 00:35:00,0.4306,0.4306,0.4299,0.4299,2525.0
2025-01-15 00:36:00,0.43,0.4301,0.4297,0.4299,804.0
2025-01-15 00:37:00,0.4296,0.4296,0.4295,0.4295,89.0
2025-01-15 00:38:00,0.4298,0.43,0.4298,0.4298,276.0
2025-01-15 00:39:00,0.4297,0.4298,0.4297,0.4298,92.0
2025-01-15 00:40:00,0.43,0.4301,0.4296,0.4296,1118.0
2025-01-15 00:41:00,0.4293,0.4293,0.4289,0.429,2491.0
2025-01-15 00:42:00,0.429,0.4293,0.429,0.4293,1691.0
2025-01-15 00:43:00,0.4294,0.4297,0.4294,0.4295,1430.0
2025-01-15 00:44:00,0.4296,0.4297,0.4296,0.4297,137.0
2025-01-15 00:45:00,0.429,0.429,0.429,0.429,47.0
2025-01-15 00:46:00,0.4286,0.4292,0.4286,0.4292,69.0
2025-01-15 00:47:00,0.4291,0.4295,0.4291,0.4295,186.0
2025-01-15 00:48:00,0.4295,0.4301,0.4295,0.4301,486.0
2025-01-15 00:49:00,0.4303,0.4307,0.4303,0.4307,239.0
2025-01-15 00:50:00,0.4305,0.431,0.4305,0.431,659.0
2025-01-15 00:51:00,0.4309,0.4311,0.4309,0.4309,464.0
2025-01-15 00:52:00,0.4303,0.4303,0.4303,0.4303,27.0
2025-01-15 00:53:00,0.4299,0.43,0.4299,0.4299,3316.0
2025-01-15 00:54:00,0.43,0.43,0.43,0.43,45.0
2025-01-15 00:55:00,0.4299,0.4306,0.4299,0.4306,281.0
2025-01-15 00:56:00,0.4306,0.4306,0.4306,0.4306,116.0
2025-01-15 00:57:00,0.4299,0.4299,0.4299,0.4299,45.0
2025-01-15 00:58:00,0.4301,0.4302,0.4301,0.4302,685.0
2025-01-15 00:59:00,0.43,0.43,0.4296,0.4298,2932.0
2025-01-15 01:00:00,0.4294,0.4294,0.4287,0.4289,6685.0
2025-01-15 01:01:00,0.429,0.4292,0.429,0.4292,117.0
2025-01-15 01:02:00,0.4295,0.4299,0.4295,0.4299,271.0
2025-01-15 01:03:00,0.43,0.43,0.4296,0.4296,188.0
2025-01-15 01:04:00,0.429,0.4293,0.4288,0.4291,4366.0
2025-01-15 01:05:00,0.4292,0.4295,0.4292,0.4295,182.0
2025-01-15 01:06:00,0.4295,0.4295,0.4295,0.4295,45.0
2025-01-15 01:07:00,0.4292,0.4294,0.4292,0.4294,82.0
2025-01-15 01:08:00,0.4293,0.4293,0.4293,0.4293,46.0
2025-01-15 01:09:00,0.4295,0.4296,0.4294,0.4296,491.0
2025-01-15 01:10:00,0.4298,0.43,0.4298,0.43,2031.0
2025-01-15 01:11:00,0.4299,0.4299,0.4293,0.4293,1926.0
2025-01-15 01:12:00,0.4294,0.4294,0.4294,0.4294,46.0
2025-01-15 01:13:00,0.4295,0.4295,0.4288,0.4288,248.0
2025-01-15 01:14:00,0.4287,0.4287,0.4287,0.4287,26.0
2025-01-15 01:15:00,0.4278,0.4278,0.4275,0.4276,2187.0
2025-01-15 01:16:00,0.4277,0.4286,0.4277,0.4286,517.0
2025-01-15 01:17:00,0.4285,0.4287,0.4285,0.4285,631.0
2025-01-15 01:18:00,0.4282,0.4284,0.4282,0.4284,407.0
2025-01-15 01:19:00,0.4285,0.4285,0.4283,0.4283,393.0
2025-01-15 01:20:00,0.4281,0.4283,0.4281,0.4283,162.0
2025-01-15 01:21:00,0.4286,0.4288,0.4282,0.4282,74.0
2025-01-15 01:22:00,0.4287,0.4291,0.4287,0.4291,756.0
2025-01-15 01:23:00,0.429,0.429,0.429,0.429,566.0
2025-01-15 01:24:00,0.4293,0.4298,0.4293,0.4298,798.0
2025-01-15 01:25:00,0.4296,0.4299,0.4296,0.4299,85.0
2025-01-15 01:26:00,0.4302,0.4302,0.4299,0.4299,256.0
2025-01-15 01:27:00,0.4301,0.4301,0.4301,0.4301,564.0
2025-01-15 01:28:00,0.4299,0.4299,0.4297,0.4297,1619.0
2025-01-15 01:29:00,0.4293,0.4293,0.4291,0.4292,12919.0
2025-01-15 01:30:00,0.4291,0.4291,0.4283,0.4283,7809.0
2025-01-15 01:31:00,0.428,0.428,0.4272,0.4274,35421.0
2025-01-15 01:32:00,0.4275,0.4278,0.4271,0.4275,30069.0
2025-01-15 01:33:00,0.4275,0.4281,0.4275,0.4279,4629.0
2025-01-15 01:34:00,0.4282,0.4286,0.4281,0.4281,2324.0
2025-01-15 01:35:00,0.4281,0.4284,0.4278,0.4278,3985.0
2025-01-15 01:36:00,0.4282,0.4282,0.4279,0.4281,4850.0
2025-01-15 01:37:00,0.4283,0.4284,0.4278,0.4282,12137.0
2025-01-15 01:38:00,0.4283,0.4283,0.4275,0.4277,30034.0
2025-01-15 01:39:00,0.4275,0.4278,0.4275,0.4276,1843.0
2025-01-15 01:40:00,0.4273,0.4276,0.427,0.4273,8130.0
2025-01-15 01:41:00,0.4272,0.428,0.427,0.428,10025.0
2025-01-15 01:42:00,0.4281,0.4284,0.4281,0.4281,4486.0
2025-01-15 01:43:00,0.4279,0.4292,0.4279,0.4292,14569.0
2025-01-15 01:44:00,0.4293,0.4295,0.4285,0.4285,3509.0
2025-01-15 01:45:00,0.4286,0.4286,0.4283,0.4283,1036.0
2025-01-15 01:46:00,0.4288,0.4289,0.4284,0.4284,1414.0
2025-01-15 01:47:00,0.4283,0.4283,0.4276,0.4276,9411.0
2025-01-15 01:48:00,0.4275,0.4275,0.4271,0.4271,2842.0
2025-01-15 01:49:00,0.4277,0.4277,0.4271,0.4271,4155.0
2025-01-15 01:50:00,0.427,0.427,0.4258,0.426,10666.0
2025-01-15 01:51:00,0.4261,0.4265,0.4261,0.4262,9821.0
2025-01-15 01:52:00,0.4258,0.4265,0.4257,0.4263,20620.0
2025-01-15 01:53:00,0.4264,0.4264,0.4258,0.4258,13817.0
2025-01-15 01:54:00,0.4262,0.4266,0.4262,0.4266,2811.0
2025-01-15 01:55:00,0.4269,0.4272,0.4269,0.4272,10940.0
2025-01-15 01:56:00,0.4277,0.4278,0.4275,0.4275,1275.0
2025-01-15 01:57:00,0.4275,0.4275,0.4275,0.4275,45.0
2025-01-15 01:58:00,0.4275,0.4275,0.4274,0.4275,857.0
2025-01-15 01:59:00,0.4274,0.4274,0.4268,0.4269,8639.0
2025-01-15 02:00:00,0.427,0.4277,0.4265,0.4265,2475.0
2025-01-15 02:01:00,0.4273,0.4276,0.4273,0.4276,3097.0
2025-01-15 02:02:00,0.4271,0.4271,0.4271,0.4271,12.0
2025-01-15 02:03:00,0.4273,0.4273,0.4271,0.4271,918.0
2025-01-15 02:04:00,0.4268,0.4271,0.4265,0.4271,4144.0
2025-01-15 02:05:00,0.4273,0.4283,0.4273,0.4282,6736.0
2025-01-15 02:06:00,0.4281,0.4282,0.4278,0.4282,316.0
2025-01-15 02:07:00,0.4275,0.4275,0.4275,0.4275,30.0
2025-01-15 02:08:00,0.4274,0.4274,0.4272,0.4273,7286.0
2025-01-15 02:09:00,0.4278,0.4279,0.4275,0.4275,2898.0
2025-01-15 02:10:00,0.4276,0.4276,0.4269,0.4269,1665.0
2025-01-15 02:11:00,0.4263,0.4263,0.4262,0.4262,215.0
2025-01-15 02:12:00,0.4262,0.4262,0.4262,0.4262,0.0
2025-01-15 02:13:00,0.4264,0.4266,0.4264,0.4266,58.0
2025-01-15 02:14:00,0.427,0.427,0.4269,0.427,896.0
2025-01-15 02:15:00,0.4269,0.427,0.4265,0.4265,1404.0
2025-01-15 02:16:00,0.4264,0.4264,0.4259,0.4259,2274.0
2025-01-15 02:17:00,0.4262,0.4267,0.4262,0.4264,3157.0
2025-01-15 02:18:00,0.4262,0.4262,0.4262,0.4262,275.0
2025-01-15 02:19:00,0.4259,0.4261,0.4259,0.4261,250.0
2025-01-15 02:20:00,0.4259,0.4259,0.4257,0.4258,3622.0
2025-01-15 02:21:00,0.426,0.4261,0.4253,0.4253,2571.0
2025-01-15 02:22:00,0.4251,0.4251,0.425,0.4251,1947.0
2025-01-15 02:23:00,0.4252,0.4252,0.4252,0.4252,48.0
2025-01-15 02:24:00,0.4254,0.4254,0.4254,0.4254,47.0
2025-01-15 02:25:00,0.4254,0.4254,0.4253,0.4253,146.0
2025-01-15 02:26:00,0.4255,0.426,0.4255,0.4259,6459.0
2025-01-15 02:27:00,0.4262,0.4262,0.4259,0.4259,692.0
2025-01-15 02:28:00,0.4257,0.4257,0.4257,0.4257,505.0
2025-01-15 02:29:00,0.4257,0.4257,0.4257,0.4257,55.0
2025-01-15 02:30:00,0.4249,0.4249,0.4247,0.4247,2317.0
2025-01-15 02:31:00,0.4245,0.4245,0.4239,0.4239,1884.0
2025-01-15 02:32:00,0.4242,0.4242,0.4239,0.4239,2993.0
2025-01-15 02:33:00,0.4241,0.4243,0.4238,0.4238,2464.0
2025-01-15 02:34:00,0.4238,0.424,0.4237,0.424,322.0
2025-01-15 02:35:00,0.4242,0.4242,0.4235,0.4236,1161.0
2025-01-15 02:36:00,0.4235,0.4238,0.4232,0.4232,8782.0
2025-01-15 02:37:00,0.4231,0.4242,0.423,0.4241,26057.0
2025-01-15 02:38:00,0.4244,0.4248,0.4243,0.4246,18271.0
2025-01-15 02:39:00,0.4243,0.4247,0.4242,0.4244,28154.0
2025-01-15 02:40:00,0.4243,0.4245,0.4241,0.4245,8074.0
2025-01-15 02:41:00,0.4241,0.4243,0.4241,0.4243,261.0
2025-01-15 02:42:00,0.4243,0.4243,0.4243,0.4243,0.0
2025-01-15 02:43:00,0.4247,0.4249,0.4247,0.4249,946.0
2025-01-15 02:44:00,0.4245,0.4245,0.4245,0.4245,110.0
2025-01-15 02:45:00,0.4243,0.4244,0.4243,0.4244,2580.0
2025-01-15 02:46:00,0.4246,0.4246,0.4245,0.4246,1352.0
2025-01-15 02:47:00,0.4249,0.4259,0.4249,0.4258,12221.0
2025-01-15 02:48:00,0.4258,0.4262,0.4256,0.4262,2009.0
2025-01-15 02:49:00,0.4262,0.4262,0.4262,0.4262,0.0
2025-01-15 02:50:00,0.4258,0.4258,0.4255,0.4258,5346.0
2025-01-15 02:51:00,0.4256,0.4257,0.4254,0.4256,308.0
2025-01-15 02:52:00,0.4253,0.4253,0.4253,0.4253,193.0
2025-01-15 02:53:00,0.4255,0.426,0.4255,0.4259,4452.0
2025-01-15 02:54:00,0.4256,0.4256,0.425,0.425,9655.0
2025-01-15 02:55:00,0.425,0.4251,0.4249,0.425,6723.0
2025-01-15 02:56:00,0.4248,0.4249,0.4248,0.4249,1509.0
2025-01-15 02:57:00,0.4252,0.4252,0.4252,0.4252,3233.0
2025-01-15 02:58:00,0.4252,0.4252,0.4252,0.4252,0.0
2025-01-15 02:59:00,0.4246,0.4247,0.4238,0.4238,8267.0
2025-01-15 03:00:00,0.4237,0.4244,0.4237,0.4244,4097.0
2025-01-15 03:01:00,0.4245,0.4248,0.4245,0.4246,3205.0
2025-01-15 03:02:00,0.4245,0.4245,0.4237,0.4237,2318.0
2025-01-15 03:03:00,0.4238,0.4241,0.4237,0.4237,2977.0
2025-01-15 03:04:00,0.4234,0.4234,0.423,0.4231,6670.0
2025-01-15 03:05:00,0.4231,0.4231,0.4223,0.4223,6154.0
2025-01-15 03:06:00,0.4223,0.4229,0.4223,0.4229,2412.0
2025-01-15 03:07:00,0.4233,0.4233,0.4233,0.4233,1105.0
2025-01-15 03:08:00,0.4235,0.4237,0.4235,0.4237,54.0
2025-01-15 03:09:00,0.4236,0.424,0.4236,0.424,3455.0
2025-01-15 03:10:00,0.4243,0.4254,0.4243,0.4254,2870.0
2025-01-15 03:11:00,0.4256,0.4256,0.4253,0.4256,5540.0
2025-01-15 03:12:00,0.4254,0.4255,0.4251,0.4251,1064.0
2025-01-15 03:13:00,0.4252,0.4252,0.4249,0.4249,260.0
2025-01-15 03:14:00,0.4249,0.4249,0.4249,0.4249,0.0
2025-01-15 03:15:00,0.4249,0.4249,0.4249,0.4249,233.0
2025-01-15 03:16:00,0.425,0.4259,0.425,0.4259,4168.0
2025-01-15 03:17:00,0.4261,0.4261,0.4256,0.4257,3097.0
2025-01-15 03:18:00,0.4251,0.4251,0.4247,0.4247,3111.0
2025-01-15 03:19:00,0.4245,0.4245,0.4243,0.4243,1810.0
2025-01-15 03:20:00,0.4242,0.4242,0.4235,0.4235,1067.0
2025-01-15 03:21:00,0.4235,0.4235,0.4232,0.4232,4738.0
2025-01-15 03:22:00,0.4233,0.424,0.4233,0.424,110.0
2025-01-15 03:23:00,0.4241,0.4243,0.4239,0.4243,721.0
2025-01-15 03:24:00,0.4243,0.4247,0.4243,0.4247,4080.0
2025-01-15 03:25:00,0.4247,0.4247,0.4247,0.4247,393.0
2025-01-15 03:26:00,0.4245,0.4245,0.4245,0.4245,281.0
2025-01-15 03:27:00,0.4244,0.4244,0.4244,0.4244,594.0
2025-01-15 03:28:00,0.4241,0.4241,0.4241,0.4241,163.0
2025-01-15 03:29:00,0.4244,0.4244,0.4244,0.4244,2330.0
2025-01-15 03:30:00,0.4245,0.4249,0.4245,0.4246,2558.0
2025-01-15 03:31:00,0.4252,0.4252,0.4249,0.425,1119.0
2025-01-15 03:32:00,0.4251,0.4258,0.4251,0.4254,4507.0
2025-01-15 03:33:00,0.4252,0.4253,0.425,0.425,1574.0
2025-01-15 03:34:00,0.4249,0.4249,0.4249,0.4249,230.0
2025-01-15 03:35:00,0.4247,0.425,0.4247,0.425,6242.0
2025-01-15 03:36:00,0.425,0.425,0.4249,0.4249,106.0
2025-01-15 03:37:00,0.4251,0.4255,0.4251,0.4255,1759.0
2025-01-15 03:38:00,0.4256,0.4256,0.4253,0.4253,4542.0
2025-01-15 03:39:00,0.4255,0.4255,0.4252,0.4253,1927.0
2025-01-15 03:40:00,0.4253,0.4253,0.4253,0.4253,216.0
2025-01-15 03:41:00,0.4257,0.4257,0.4253,0.4253,2443.0
2025-01-15 03:42:00,0.4253,0.4253,0.4253,0.4253,0.0
2025-01-15 03:43:00,0.425,0.425,0.425,0.425,233.0
2025-01-15 03:44:00,0.4251,0.4251,0.4251,0.4251,12.0
2025-01-15 03:45:00,0.4252,0.4252,0.4247,0.4247,1301.0
2025-01-15 03:46:00,0.4246,0.4246,0.4242,0.4242,228.0
2025-01-15 03:47:00,0.4242,0.4242,0.4242,0.4242,0.0
2025-01-15 03:48:00,0.4242,0.4242,0.4242,0.4242,0.0
2025-01-15 03:49:00,0.4248,0.425,0.4248,0.425,1916.0
2025-01-15 03:50:00,0.4255,0.4255,0.4255,0.4255,12.0
2025-01-15 03:51:00,0.4257,0.4261,0.4257,0.426,945.0
2025-01-15 03:52:00,0.4256,0.4256,0.4256,0.4256,12.0
2025-01-15 03:53:00,0.4257,0.4259,0.4257,0.4259,1567.0
2025-01-15 03:54:00,0.4259,0.4259,0.4259,0.4259,0.0
2025-01-15 03:55:00,0.4259,0.4259,0.4259,0.4259,0.0
2025-01-15 03:56:00,0.4263,0.4267,0.4263,0.4266,3693.0
2025-01-15 03:57:00,0.4267,0.4269,0.4267,0.4268,1473.0
2025-01-15 03:58:00,0.4269,0.4269,0.4269,0.4269,81.0
2025-01-15 03:59:00,0.4271,0.4273,0.4271,0.4273,2072.0
2025-01-15 04:00:00,0.4274,0.4285,0.4274,0.4284,8135.0
2025-01-15 04:01:00,0.4287,0.4287,0.428,0.4282,1189.0
2025-01-15 04:02:00,0.4283,0.4285,0.4278,0.4278,2992.0
2025-01-15 04:03:00,0.4278,0.4282,0.4277,0.4282,1923.0
2025-01-15 04:04:00,0.4278,0.4278,0.4278,0.4278,1475.0
2025-01-15 04:05:00,0.4276,0.4276,0.4272,0.4276,2956.0
2025-01-15 04:06:00,0.4277,0.4277,0.4277,0.4277,46.0
2025-01-15 04:07:00,0.4273,0.4273,0.4273,0.4273,26.0
2025-01-15 04:08:00,0.4266,0.4267,0.4265,0.4265,56.0
2025-01-15 04:09:00,0.4268,0.4272,0.4268,0.4272,1238.0
2025-01-15 04:10:00,0.4272,0.4272,0.4272,0.4272,0.0
2025-01-15 04:11:00,0.4267,0.4267,0.4264,0.4264,649.0
2025-01-15 04:12:00,0.4262,0.4262,0.4262,0.4262,15.0
2025-01-15 04:13:00,0.4265,0.4265,0.4261,0.4261,58.0
2025-01-15 04:14:00,0.4261,0.4261,0.4261,0.4261,0.0
2025-01-15 04:15:00,0.4258,0.4258,0.4258,0.4258,16.0
2025-01-15 04:16:00,0.4253,0.4253,0.4251,0.4251,71.0
2025-01-15 04:17:00,0.4249,0.4249,0.4249,0.4249,14.0
2025-01-15 04:18:00,0.4247,0.4251,0.4247,0.4251,58.0
2025-01-15 04:19:00,0.4251,0.4251,0.4251,0.4251,0.0
2025-01-15 04:20:00,0.4248,0.4248,0.4248,0.4248,1525.0
2025-01-15 04:21:00,0.4248,0.4252,0.4248,0.4252,666.0
2025-01-15 04:22:00,0.4251,0.4251,0.4251,0.4251,1399.0
2025-01-15 04:23:00,0.4254,0.4255,0.4254,0.4255,320.0
2025-01-15 04:24:00,0.4255,0.4255,0.4255,0.4255,208.0
2025-01-15 04:25:00,0.4258,0.4258,0.4258,0.4258,2113.0
2025-01-15 04:26:00,0.4262,0.4262,0.4262,0.4262,111.0
2025-01-15 04:27:00,0.426,0.426,0.426,0.426,45.0
2025-01-15 04:28:00,0.4262,0.4262,0.4262,0.4262,46.0
2025-01-15 04:29:00,0.426,0.426,0.426,0.426,294.0
2025-01-15 04:30:00,0.4259,0.4259,0.4255,0.4257,6434.0
2025-01-15 04:31:00,0.4257,0.4257,0.4257,0.4257,0.0
2025-01-15 04:32:00,0.4258,0.426,0.4258,0.426,93.0
2025-01-15 04:33:00,0.4262,0.4262,0.426,0.426,3590.0
2025-01-15 04:34:00,0.426,0.426,0.426,0.426,12.0
2025-01-15 04:35:00,0.4262,0.4265,0.4262,0.4265,66.0
2025-01-15 04:36:00,0.4267,0.4267,0.4265,0.4265,1756.0
2025-01-15 04:37:00,0.4265,0.4265,0.4265,0.4265,12.0
2025-01-15 04:38:00,0.4263,0.4267,0.4262,0.4267,1326.0
2025-01-15 04:39:00,0.4266,0.4266,0.4265,0.4265,4268.0
2025-01-15 04:40:00,0.4263,0.4266,0.4263,0.4266,10087.0
2025-01-15 04:41:00,0.4263,0.4263,0.4263,0.4263,756.0
2025-01-15 04:42:00,0.4261,0.4261,0.4261,0.4261,134.0
2025-01-15 04:43:00,0.426,0.426,0.4257,0.4257,723.0
2025-01-15 04:44:00,0.4256,0.4256,0.4256,0.4256,12.0
2025-01-15 04:45:00,0.4258,0.4258,0.4257,0.4257,69.0
2025-01-15 04:46:00,0.4256,0.4258,0.4255,0.4258,2917.0
2025-01-15 04:47:00,0.4258,0.4258,0.4258,0.4258,0.0
2025-01-15 04:48:00,0.4257,0.4262,0.4257,0.4261,2660.0
2025-01-15 04:49:00,0.4254,0.4256,0.4253,0.4256,4648.0
2025-01-15 04:50:00,0.4258,0.4261,0.4258,0.4261,746.0
2025-01-15 04:51:00,0.426,0.4262,0.426,0.4261,494.0
2025-01-15 04:52:00,0.4263,0.4264,0.4263,0.4264,234.0
2025-01-15 04:53:00,0.4265,0.4266,0.4265,0.4266,316.0
2025-01-15 04:54:00,0.4269,0.4271,0.4269,0.4271,97.0
2025-01-15 04:55:00,0.4272,0.4275,0.4272,0.4275,71.0
2025-01-15 04:56:00,0.4276,0.4277,0.4275,0.4275,3417.0
2025-01-15 04:57:00,0.4276,0.4278,0.4276,0.4276,115.0
2025-01-15 04:58:00,0.4274,0.4276,0.4274,0.4276,28.0
2025-01-15 04:59:00,0.4276,0.4276,0.4276,0.4276,46.0
2025-01-15 05:00:00,0.4274,0.4278,0.4274,0.4276,268.0
2025-01-15 05:01:00,0.4275,0.4275,0.4268,0.4268,4339.0
2025-01-15 05:02:00,0.4265,0.4271,0.4264,0.4271,3465.0
2025-01-15 05:03:00,0.4273,0.4273,0.4265,0.4265,460.0
2025-01-15 05:04:00,0.4267,0.4267,0.4263,0.4263,2386.0
2025-01-15 05:05:00,0.4265,0.4265,0.4259,0.4261,5039.0
2025-01-15 05:06:00,0.4261,0.4265,0.4261,0.4265,4850.0
2025-01-15 05:07:00,0.4261,0.4261,0.4259,0.4259,2214.0
2025-01-15 05:08:00,0.426,0.426,0.426,0.426,540.0
2025-01-15 05:09:00,0.4257,0.4257,0.4253,0.4256,3450.0
2025-01-15 05:10:00,0.4254,0.4256,0.4254,0.4256,938.0
2025-01-15 05:11:00,0.4253,0.4253,0.4253,0.4253,586.0
2025-01-15 05:12:00,0.4255,0.4255,0.4254,0.4254,81.0
2025-01-15 05:13:00,0.4255,0.4258,0.4255,0.4258,289.0
2025-01-15 05:14:00,0.4258,0.4258,0.4258,0.4258,46.0
2025-01-15 05:15:00,0.426,0.426,0.4253,0.4254,4628.0
2025-01-15 05:16:00,0.4258,0.4259,0.4258,0.4259,281.0
2025-01-15 05:17:00,0.4255,0.4255,0.4255,0.4255,25.0
2025-01-15 05:18:00,0.4256,0.426,0.4256,0.426,3268.0
2025-01-15 05:19:00,0.426,0.4262,0.426,0.426,3155.0
2025-01-15 05:20:00,0.4261,0.4261,0.4261,0.4261,441.0
2025-01-15 05:21:00,0.4263,0.4263,0.426,0.4261,2474.0
2025-01-15 05:22:00,0.4263,0.4266,0.4263,0.4263,6617.0
2025-01-15 05:23:00,0.4262,0.4266,0.4262,0.4266,3405.0
2025-01-15 05:24:00,0.4265,0.4265,0.4265,0.4265,938.0
2025-01-15 05:25:00,0.4266,0.427,0.4266,0.427,3056.0
2025-01-15 05:26:00,0.4271,0.4271,0.4268,0.4268,1831.0
2025-01-15 05:27:00,0.4269,0.427,0.4269,0.427,938.0
2025-01-15 05:28:00,0.4272,0.4273,0.4272,0.4273,1189.0
2025-01-15 05:29:00,0.4276,0.4277,0.4275,0.4276,10061.0
2025-01-15 05:30:00,0.4269,0.4269,0.4267,0.4267,5571.0
2025-01-15 05:31:00,0.4268,0.427,0.4267,0.4267,109.0
2025-01-15 05:32:00,0.4267,0.4271,0.4267,0.4271,3031.0
2025-01-15 05:33:00,0.4271,0.4271,0.4271,0.4271,0.0
2025-01-15 05:34:00,0.4278,0.4278,0.4278,0.4278,469.0
2025-01-15 05:35:00,0.4273,0.4275,0.4273,0.4273,669.0
2025-01-15 05:36:00,0.4274,0.4276,0.4274,0.4276,984.0
2025-01-15 05:37:00,0.4276,0.4276,0.4276,0.4276,0.0
2025-01-15 05:38:00,0.4285,0.4285,0.4285,0.4285,12.0
2025-01-15 05:39:00,0.4284,0.4288,0.4284,0.4288,94.0
2025-01-15 05:40:00,0.4288,0.4288,0.4283,0.4283,4296.0
2025-01-15 05:41:00,0.4282,0.4282,0.4282,0.4282,46.0
2025-01-15 05:42:00,0.4279,0.428,0.4279,0.428,1064.0
2025-01-15 05:43:00,0.4284,0.4285,0.4284,0.4285,4713.0
2025-01-15 05:44:00,0.4288,0.4288,0.4288,0.4288,1878.0
2025-01-15 05:45:00,0.4286,0.4286,0.4286,0.4286,46.0
2025-01-15 05:46:00,0.4287,0.4287,0.4287,0.4287,46.0
2025-01-15 05:47:00,0.4287,0.4287,0.4287,0.4287,0.0
2025-01-15 05:48:00,0.429,0.4292,0.429,0.4292,6977.0
2025-01-15 05:49:00,0.4292,0.4292,0.4292,0.4292,93.0
2025-01-15 05:50:00,0.429,0.429,0.429,0.429,78.0
2025-01-15 05:51:00,0.4288,0.4288,0.4288,0.4288,12.0
2025-01-15 05:52:00,0.4289,0.4291,0.4289,0.4291,2611.0
2025-01-15 05:53:00,0.4289,0.429,0.4289,0.429,69.0
2025-01-15 05:54:00,0.4291,0.4293,0.4291,0.4293,496.0
2025-01-15 05:55:00,0.4291,0.4291,0.4286,0.4286,560.0
2025-01-15 05:56:00,0.4287,0.429,0.4286,0.429,5264.0
2025-01-15 05:57:00,0.4292,0.4292,0.4287,0.4287,1100.0
2025-01-15 05:58:00,0.4287,0.4287,0.4287,0.4287,13.0
2025-01-15 05:59:00,0.4287,0.4287,0.4287,0.4287,0.0
2025-01-15 06:00:00,0.4287,0.4287,0.4284,0.4286,6226.0
2025-01-15 06:01:00,0.4286,0.4286,0.4286,0.4286,0.0
2025-01-15 06:02:00,0.4283,0.4285,0.4283,0.4285,2271.0
2025-01-15 06:03:00,0.4284,0.4284,0.4281,0.4284,600.0
2025-01-15 06:04:00,0.4282,0.4282,0.4278,0.4278,1100.0
2025-01-15 06:05:00,0.4277,0.4277,0.4277,0.4277,68.0
2025-01-15 06:06:00,0.4277,0.4277,0.4277,0.4277,55.0
2025-01-15 06:07:00,0.4276,0.4276,0.4276,0.4276,45.0
2025-01-15 06:08:00,0.4273,0.4273,0.4269,0.4269,143.0
2025-01-15 06:09:00,0.4267,0.4275,0.4267,0.4275,1961.0
2025-01-15 06:10:00,0.4275,0.4276,0.4273,0.4276,8064.0
2025-01-15 06:11:00,0.4274,0.4277,0.4274,0.4275,5532.0
2025-01-15 06:12:00,0.4272,0.4273,0.427,0.427,1067.0
2025-01-15 06:13:00,0.4266,0.4268,0.4266,0.4268,480.0
2025-01-15 06:14:00,0.4266,0.4268,0.4266,0.4268,497.0
2025-01-15 06:15:00,0.4264,0.4265,0.4264,0.4265,49.0
2025-01-15 06:16:00,0.4265,0.4265,0.4263,0.4263,175.0
2025-01-15 06:17:00,0.4263,0.4263,0.4261,0.4261,4178.0
2025-01-15 06:18:00,0.4259,0.4259,0.4257,0.4257,270.0
2025-01-15 06:19:00,0.4254,0.4256,0.4253,0.4256,4032.0
2025-01-15 06:20:00,0.4256,0.4256,0.4256,0.4256,582.0
2025-01-15 06:21:00,0.4256,0.4257,0.4256,0.4257,2450.0
2025-01-15 06:22:00,0.426,0.426,0.426,0.426,468.0
2025-01-15 06:23:00,0.4262,0.4264,0.4262,0.4264,3010.0
2025-01-15 06:24:00,0.4265,0.4265,0.4263,0.4263,509.0
2025-01-15 06:25:00,0.426,0.426,0.426,0.426,2448.0
2025-01-15 06:26:00,0.426,0.4261,0.4257,0.4257,1943.0
2025-01-15 06:27:00,0.4257,0.426,0.4257,0.426,739.0
2025-01-15 06:28:00,0.426,0.426,0.426,0.426,55.0
2025-01-15 06:29:00,0.426,0.426,0.426,0.426,117.0
2025-01-15 06:30:00,0.4262,0.4265,0.4262,0.4264,1656.0
2025-01-15 06:31:00,0.4265,0.4265,0.4265,0.4265,34.0
2025-01-15 06:32:00,0.4263,0.4263,0.426,0.426,584.0
2025-01-15 06:33:00,0.4261,0.4261,0.4261,0.4261,540.0
2025-01-15 06:34:00,0.4259,0.4261,0.4257,0.4261,2314.0
2025-01-15 06:35:00,0.4261,0.4262,0.4261,0.4262,468.0
2025-01-15 06:36:00,0.4261,0.4261,0.4261,0.4261,46.0
2025-01-15 06:37:00,0.4261,0.4261,0.4261,0.4261,0.0
2025-01-15 06:38:00,0.4261,0.4267,0.4261,0.4267,506.0
2025-01-15 06:39:00,0.4266,0.4267,0.4265,0.4267,641.0
2025-01-15 06:40:00,0.4268,0.4272,0.4268,0.4272,2417.0
2025-01-15 06:41:00,0.4273,0.4274,0.4271,0.4272,738.0
2025-01-15 06:42:00,0.427,0.427,0.427,0.427,250.0
2025-01-15 06:43:00,0.4272,0.4272,0.4272,0.4272,826.0
2025-01-15 06:44:00,0.4272,0.4273,0.4271,0.4273,1497.0
2025-01-15 06:45:00,0.4273,0.4274,0.4272,0.4274,801.0
2025-01-15 06:46:00,0.4276,0.4277,0.4275,0.4275,4785.0
2025-01-15 06:47:00,0.4272,0.4276,0.4272,0.4275,799.0
2025-01-15 06:48:00,0.4275,0.4275,0.4275,0.4275,47.0
2025-01-15 06:49:00,0.4279,0.4283,0.4279,0.4281,4072.0
2025-01-15 06:50:00,0.428,0.4284,0.428,0.4284,2877.0
2025-01-15 06:51:00,0.4282,0.4284,0.4282,0.4284,1388.0
2025-01-15 06:52:00,0.4284,0.4286,0.4282,0.4286,6259.0
2025-01-15 06:53:00,0.4282,0.4283,0.4282,0.4283,5398.0
2025-01-15 06:54:00,0.4285,0.4285,0.4281,0.4281,516.0
2025-01-15 06:55:00,0.4281,0.4282,0.4279,0.4279,2895.0
2025-01-15 06:56:00,0.4279,0.4279,0.4279,0.4279,21.0
2025-01-15 06:57:00,0.4279,0.4279,0.4279,0.4279,0.0
2025-01-15 06:58:00,0.4282,0.4282,0.4282,0.4282,93.0
2025-01-15 06:59:00,0.4282,0.4282,0.4282,0.4282,233.0
2025-01-15 07:00:00,0.4283,0.4288,0.4283,0.4288,1296.0
2025-01-15 07:01:00,0.4288,0.429,0.4288,0.4288,2109.0
2025-01-15 07:02:00,0.4289,0.4293,0.4289,0.4293,3074.0
2025-01-15 07:03:00,0.4294,0.4295,0.4293,0.4293,1421.0
2025-01-15 07:04:00,0.4293,0.4293,0.4289,0.4289,64.0
2025-01-15 07:05:00,0.4289,0.4292,0.4289,0.4292,1598.0
2025-01-15 07:06:00,0.4293,0.4298,0.4293,0.4298,1819.0
2025-01-15 07:07:00,0.4299,0.4299,0.4292,0.4292,3552.0
2025-01-15 07:08:00,0.4294,0.4294,0.4294,0.4294,29.0
2025-01-15 07:09:00,0.4298,0.4299,0.4298,0.4299,1614.0
2025-01-15 07:10:00,0.43,0.43,0.4297,0.4298,1254.0
2025-01-15 07:11:00,0.4301,0.4301,0.4299,0.4299,151.0
2025-01-15 07:12:00,0.4298,0.4298,0.4297,0.4297,338.0
2025-01-15 07:13:00,0.4297,0.4297,0.4297,0.4297,95.0
2025-01-15 07:14:00,0.4297,0.4298,0.4296,0.4296,3613.0
2025-01-15 07:15:00,0.4295,0.4298,0.4295,0.4296,6710.0
2025-01-15 07:16:00,0.4298,0.43,0.4298,0.4299,5232.0
2025-01-15 07:17:00,0.43,0.4305,0.43,0.4304,4836.0
2025-01-15 07:18:00,0.4303,0.4307,0.4303,0.4306,3114.0
2025-01-15 07:19:00,0.4305,0.4305,0.4303,0.4305,2670.0
2025-01-15 07:20:00,0.4302,0.4302,0.43,0.43,627.0
2025-01-15 07:21:00,0.43,0.4303,0.43,0.4303,7416.0
2025-01-15 07:22:00,0.4305,0.4306,0.4304,0.4304,2506.0
2025-01-15 07:23:00,0.4308,0.4308,0.4307,0.4307,4166.0
2025-01-15 07:24:00,0.4305,0.4307,0.4305,0.4307,140.0
2025-01-15 07:25:00,0.4306,0.4306,0.4304,0.4305,1096.0
2025-01-15 07:26:00,0.4306,0.4306,0.4305,0.4305,524.0
2025-01-15 07:27:00,0.4305,0.4305,0.4304,0.4304,130.0
2025-01-15 07:28:00,0.4307,0.4309,0.4307,0.4309,2076.0
2025-01-15 07:29:00,0.4309,0.4311,0.4307,0.4307,8632.0
2025-01-15 07:30:00,0.4313,0.4313,0.431,0.431,2111.0
2025-01-15 07:31:00,0.4309,0.4309,0.4303,0.4303,8088.0
2025-01-15 07:32:00,0.4302,0.4302,0.4302,0.4302,46.0
2025-01-15 07:33:00,0.4301,0.4302,0.4301,0.4302,137.0
2025-01-15 07:34:00,0.4302,0.4302,0.43,0.43,159.0
2025-01-15 07:35:00,0.4298,0.4298,0.4298,0.4298,12.0
2025-01-15 07:36:00,0.4298,0.4298,0.4298,0.4298,381.0
2025-01-15 07:37:00,0.4301,0.4301,0.4301,0.4301,1204.0
2025-01-15 07:38:00,0.4301,0.4301,0.4301,0.4301,0.0
2025-01-15 07:39:00,0.4301,0.4301,0.4301,0.4301,29.0
2025-01-15 07:40:00,0.4301,0.4301,0.43,0.43,114.0
2025-01-15 07:41:00,0.43,0.43,0.43,0.43,0.0
2025-01-15 07:42:00,0.4301,0.4304,0.4301,0.4302,1238.0
2025-01-15 07:43:00,0.4302,0.4302,0.43,0.43,6665.0
2025-01-15 07:44:00,0.43,0.43,0.4299,0.4299,1144.0
2025-01-15 07:45:00,0.4297,0.4297,0.4293,0.4295,7104.0
2025-01-15 07:46:00,0.4294,0.4296,0.429,0.4291,573.0
2025-01-15 07:47:00,0.4291,0.4292,0.429,0.4292,199.0
2025-01-15 07:48:00,0.429,0.429,0.4287,0.4287,3663.0
2025-01-15 07:49:00,0.4293,0.4293,0.4292,0.4292,806.0
2025-01-15 07:50:00,0.4292,0.4292,0.429,0.4292,1092.0
2025-01-15 07:51:00,0.4291,0.4291,0.4289,0.429,2765.0
2025-01-15 07:52:00,0.4289,0.4292,0.4288,0.4288,192.0
2025-01-15 07:53:00,0.429,0.429,0.4287,0.4287,1358.0
2025-01-15 07:54:00,0.4286,0.4286,0.4285,0.4286,816.0
2025-01-15 07:55:00,0.4286,0.4287,0.4286,0.4287,869.0
2025-01-15 07:56:00,0.4288,0.4288,0.4288,0.4288,311.0
2025-01-15 07:57:00,0.4287,0.4289,0.4286,0.4286,676.0
2025-01-15 07:58:00,0.4287,0.4287,0.4285,0.4285,67.0
2025-01-15 07:59:00,0.4286,0.4286,0.4286,0.4286,1072.0
2025-01-15 08:00:00,0.4289,0.4298,0.4289,0.4289,3602.0
2025-01-15 08:01:00,0.429,0.4291,0.4289,0.4289,2319.0
2025-01-15 08:02:00,0.4292,0.4293,0.4288,0.4288,1300.0
2025-01-15 08:03:00,0.4298,0.4298,0.4298,0.4298,1080.0
2025-01-15 08:04:00,0.4298,0.4298,0.4298,0.4298,0.0
2025-01-15 08:05:00,0.4295,0.4295,0.4295,0.4295,232.0
2025-01-15 08:06:00,0.4289,0.429,0.4288,0.4289,1225.0
2025-01-15 08:07:00,0.4286,0.429,0.4286,0.4287,1867.0
2025-01-15 08:08:00,0.4287,0.4287,0.4287,0.4287,0.0
2025-01-15 08:09:00,0.4292,0.4292,0.4292,0.4292,48.0
2025-01-15 08:10:00,0.4293,0.4294,0.4293,0.4294,528.0
2025-01-15 08:11:00,0.4293,0.4305,0.4293,0.4303,49771.0
2025-01-15 08:12:00,0.4302,0.4302,0.4301,0.4301,3893.0
2025-01-15 08:13:00,0.4299,0.4299,0.4299,0.4299,908.0
2025-01-15 08:14:00,0.4299,0.4299,0.4299,0.4299,0.0
2025-01-15 08:15:00,0.4302,0.4302,0.4297,0.4297,2727.0
2025-01-15 08:16:00,0.4289,0.4289,0.4289,0.4289,934.0
2025-01-15 08:17:00,0.4289,0.4293,0.4289,0.4291,1304.0
2025-01-15 08:18:00,0.4289,0.429,0.4289,0.429,73.0
2025-01-15 08:19:00,0.429,0.429,0.429,0.429,56.0
2025-01-15 08:20:00,0.4289,0.4292,0.4288,0.4292,395.0
2025-01-15 08:21:00,0.4294,0.4295,0.4294,0.4295,43.0
2025-01-15 08:22:00,0.4295,0.4295,0.4295,0.4295,0.0
2025-01-15 08:23:00,0.429,0.429,0.429,0.429,53.0
2025-01-15 08:24:00,0.4295,0.4295,0.4293,0.4293,1312.0
2025-01-15 08:25:00,0.4298,0.4306,0.4298,0.4305,5265.0
2025-01-15 08:26:00,0.4304,0.4307,0.4304,0.4307,1463.0
2025-01-15 08:27:00,0.4307,0.4307,0.4307,0.4307,0.0
2025-01-15 08:28:00,0.431,0.4312,0.431,0.4311,324.0
2025-01-15 08:29:00,0.4311,0.4311,0.4311,0.4311,0.0
2025-01-15 08:30:00,0.4312,0.4312,0.4306,0.4306,2481.0
2025-01-15 08:31:00,0.4303,0.4305,0.4303,0.4304,135.0
2025-01-15 08:32:00,0.4304,0.4304,0.4304,0.4304,0.0
2025-01-15 08:33:00,0.4314,0.4314,0.4312,0.4312,477.0
2025-01-15 08:34:00,0.4312,0.4315,0.4312,0.4315,1556.0
2025-01-15 08:35:00,0.4314,0.4318,0.4314,0.4317,1907.0
2025-01-15 08:36:00,0.4319,0.4321,0.4318,0.4318,933.0
2025-01-15 08:37:00,0.4317,0.4317,0.4314,0.4314,10519.0
2025-01-15 08:38:00,0.4314,0.4314,0.4314,0.4314,0.0
2025-01-15 08:39:00,0.4316,0.4316,0.4316,0.4316,53.0
2025-01-15 08:40:00,0.4313,0.4313,0.4306,0.4306,4351.0
2025-01-15 08:41:00,0.4308,0.4308,0.4308,0.4308,1155.0
2025-01-15 08:42:00,0.4301,0.4301,0.43,0.43,2285.0
2025-01-15 08:43:00,0.4302,0.4302,0.4299,0.4299,769.0
2025-01-15 08:44:00,0.43,0.4306,0.43,0.4306,1247.0
2025-01-15 08:45:00,0.4302,0.4304,0.4301,0.4304,2504.0
2025-01-15 08:46:00,0.4304,0.4304,0.4299,0.4299,3148.0
2025-01-15 08:47:00,0.4301,0.4301,0.4301,0.4301,560.0
2025-01-15 08:48:00,0.4304,0.4304,0.4304,0.4304,239.0
2025-01-15 08:49:00,0.4298,0.4298,0.4295,0.4295,979.0
2025-01-15 08:50:00,0.4295,0.4295,0.4295,0.4295,0.0
2025-01-15 08:51:00,0.4292,0.4292,0.4291,0.4291,606.0
2025-01-15 08:52:00,0.4292,0.4292,0.4291,0.4291,1016.0
2025-01-15 08:53:00,0.4288,0.4288,0.4288,0.4288,14.0
2025-01-15 08:54:00,0.4288,0.4288,0.4287,0.4287,100.0
2025-01-15 08:55:00,0.4287,0.4287,0.4283,0.4285,4311.0
2025-01-15 08:56:00,0.4284,0.4284,0.4283,0.4283,601.0
2025-01-15 08:57:00,0.4285,0.4286,0.4283,0.4283,3451.0
2025-01-15 08:58:00,0.4286,0.4286,0.4286,0.4286,329.0
2025-01-15 08:59:00,0.4286,0.4286,0.4286,0.4286,0.0
2025-01-15 09:00:00,0.428,0.4287,0.428,0.4286,613.0
2025-01-15 09:01:00,0.4286,0.4286,0.4284,0.4284,74.0
2025-01-15 09:02:00,0.4279,0.4279,0.4275,0.4275,1217.0
2025-01-15 09:03:00,0.4275,0.4275,0.4275,0.4275,0.0
2025-01-15 09:04:00,0.4277,0.4277,0.4273,0.4273,1092.0
2025-01-15 09:05:00,0.427,0.427,0.4267,0.4269,5641.0
2025-01-15 09:06:00,0.4268,0.4273,0.4268,0.4271,28727.0
2025-01-15 09:07:00,0.4271,0.4271,0.4268,0.4268,303.0
2025-01-15 09:08:00,0.4267,0.4267,0.4266,0.4266,12974.0
2025-01-15 09:09:00,0.4271,0.4271,0.4271,0.4271,495.0
2025-01-15 09:10:00,0.4267,0.4269,0.4265,0.4265,20748.0
2025-01-15 09:11:00,0.4267,0.4272,0.4267,0.4272,843.0
2025-01-15 09:12:00,0.4271,0.4271,0.4269,0.4269,1359.0
2025-01-15 09:13:00,0.4266,0.4266,0.4265,0.4265,91.0
2025-01-15 09:14:00,0.4265,0.4265,0.4265,0.4265,129.0
2025-01-15 09:15:00,0.4269,0.427,0.4269,0.4269,476.0
2025-01-15 09:16:00,0.4268,0.4268,0.4268,0.4268,44.0
2025-01-15 09:17:00,0.4267,0.4269,0.4267,0.4269,4962.0
2025-01-15 09:18:00,0.4267,0.4267,0.4267,0.4267,59.0
2025-01-15 09:19:00,0.4265,0.4265,0.4265,0.4265,12.0
2025-01-15 09:20:00,0.4264,0.4264,0.4264,0.4264,59.0
2025-01-15 09:21:00,0.4267,0.4267,0.4263,0.4264,539.0
2025-01-15 09:22:00,0.4264,0.4265,0.4263,0.4265,1291.0
2025-01-15 09:23:00,0.4262,0.4262,0.426,0.426,261.0
2025-01-15 09:24:00,0.426,0.426,0.4255,0.4255,2048.0
2025-01-15 09:25:00,0.4254,0.4254,0.4246,0.4246,4212.0
2025-01-15 09:26:00,0.4248,0.4249,0.4246,0.4249,703.0
2025-01-15 09:27:00,0.4248,0.4248,0.4241,0.4243,28947.0
2025-01-15 09:28:00,0.4242,0.4243,0.4242,0.4243,976.0
2025-01-15 09:29:00,0.4243,0.4244,0.4237,0.4237,6716.0
2025-01-15 09:30:00,0.4238,0.4238,0.4235,0.4237,7560.0
2025-01-15 09:31:00,0.4237,0.4237,0.4237,0.4237,777.0
2025-01-15 09:32:00,0.4243,0.4243,0.4243,0.4243,53.0
2025-01-15 09:33:00,0.424,0.4242,0.4238,0.4238,1266.0
2025-01-15 09:34:00,0.4237,0.4243,0.4237,0.4243,1262.0
2025-01-15 09:35:00,0.4243,0.4244,0.4241,0.4241,848.0
2025-01-15 09:36:00,0.424,0.424,0.424,0.424,2615.0
2025-01-15 09:37:00,0.4239,0.424,0.423,0.423,12650.0
2025-01-15 09:38:00,0.4229,0.4229,0.4229,0.4229,697.0
2025-01-15 09:39:00,0.4227,0.4227,0.4227,0.4227,1030.0
2025-01-15 09:40:00,0.423,0.423,0.4228,0.4228,552.0
2025-01-15 09:41:00,0.4231,0.4231,0.4227,0.4227,2959.0
2025-01-15 09:42:00,0.423,0.4231,0.4229,0.4231,374.0
2025-01-15 09:43:00,0.4231,0.4236,0.4231,0.4235,2649.0
2025-01-15 09:44:00,0.4235,0.4235,0.4235,0.4235,0.0
2025-01-15 09:45:00,0.4231,0.4234,0.4231,0.4234,1552.0
2025-01-15 09:46:00,0.423,0.423,0.422,0.422,6902.0
2025-01-15 09:47:00,0.4219,0.4219,0.4209,0.4209,5375.0
2025-01-15 09:48:00,0.4209,0.421,0.4208,0.4208,4745.0
2025-01-15 09:49:00,0.421,0.421,0.4201,0.4202,16083.0
2025-01-15 09:50:00,0.4202,0.4203,0.4197,0.4197,10899.0
2025-01-15 09:51:00,0.4197,0.4198,0.4192,0.4192,3556.0
2025-01-15 09:52:00,0.4198,0.4198,0.4191,0.4191,5788.0
2025-01-15 09:53:00,0.4191,0.4202,0.4191,0.4196,5998.0
2025-01-15 09:54:00,0.4194,0.4195,0.4188,0.4188,18811.0
2025-01-15 09:55:00,0.4191,0.4192,0.4186,0.4186,7073.0
2025-01-15 09:56:00,0.419,0.4193,0.4186,0.4193,3221.0
2025-01-15 09:57:00,0.4195,0.4195,0.4191,0.4192,1253.0
2025-01-15 09:58:00,0.4194,0.4197,0.4191,0.4193,11117.0
2025-01-15 09:59:00,0.4193,0.4195,0.4192,0.4192,22428.0
2025-01-15 10:00:00,0.4193,0.4197,0.4193,0.4195,1265.0
2025-01-15 10:01:00,0.4196,0.4204,0.4196,0.4196,7054.0
2025-01-15 10:02:00,0.4195,0.4205,0.4194,0.4202,11900.0
2025-01-15 10:03:00,0.4204,0.4204,0.4202,0.4202,560.0
2025-01-15 10:04:00,0.4203,0.4208,0.4203,0.4205,2465.0
2025-01-15 10:05:00,0.4208,0.4213,0.4206,0.4213,1712.0
2025-01-15 10:06:00,0.4213,0.4216,0.4211,0.4211,2640.0
2025-01-15 10:07:00,0.4214,0.4214,0.4212,0.4212,1328.0
2025-01-15 10:08:00,0.4215,0.4217,0.4215,0.4217,496.0
2025-01-15 10:09:00,0.4217,0.4219,0.4217,0.4217,2559.0
2025-01-15 10:10:00,0.4217,0.4217,0.4215,0.4215,2881.0
2025-01-15 10:11:00,0.4216,0.4216,0.4209,0.421,2541.0
2025-01-15 10:12:00,0.4211,0.4216,0.421,0.4215,5573.0
2025-01-15 10:13:00,0.4214,0.4216,0.4213,0.4215,635.0
2025-01-15 10:14:00,0.4215,0.4216,0.4211,0.4211,3233.0
2025-01-15 10:15:00,0.421,0.4211,0.4208,0.4209,6192.0
2025-01-15 10:16:00,0.4208,0.4209,0.4206,0.4209,3248.0
2025-01-15 10:17:00,0.4214,0.4214,0.4209,0.421,1214.0
2025-01-15 10:18:00,0.4209,0.4209,0.4205,0.4206,1135.0
2025-01-15 10:19:00,0.4209,0.4211,0.4206,0.4206,8187.0
2025-01-15 10:20:00,0.4208,0.4209,0.4208,0.4209,2332.0
2025-01-15 10:21:00,0.4209,0.4209,0.4209,0.4209,0.0
2025-01-15 10:22:00,0.4216,0.4216,0.4215,0.4216,1832.0
2025-01-15 10:23:00,0.4216,0.4216,0.4216,0.4216,0.0
2025-01-15 10:24:00,0.4219,0.4219,0.4218,0.4218,636.0
2025-01-15 10:25:00,0.4218,0.422,0.4218,0.422,163.0
2025-01-15 10:26:00,0.422,0.422,0.422,0.422,65.0
2025-01-15 10:27:00,0.422,0.422,0.4219,0.4219,157.0
2025-01-15 10:28:00,0.4219,0.4219,0.4215,0.4215,398.0
2025-01-15 10:29:00,0.4218,0.4219,0.4218,0.4219,2394.0
2025-01-15 10:30:00,0.4221,0.4221,0.4219,0.4219,658.0
2025-01-15 10:31:00,0.4221,0.4222,0.4221,0.4222,451.0
2025-01-15 10:32:00,0.4217,0.4227,0.4217,0.4226,22265.0
2025-01-15 10:33:00,0.4223,0.4223,0.4221,0.4221,954.0
2025-01-15 10:34:00,0.4221,0.4221,0.4218,0.4218,2050.0
2025-01-15 10:35:00,0.4221,0.4223,0.4214,0.4214,28474.0
2025-01-15 10:36:00,0.4215,0.4219,0.4213,0.4219,1168.0
2025-01-15 10:37:00,0.4218,0.4218,0.4217,0.4217,448.0
2025-01-15 10:38:00,0.4218,0.4218,0.4215,0.4215,262.0
2025-01-15 10:39:00,0.4215,0.4216,0.4215,0.4216,475.0
2025-01-15 10:40:00,0.4218,0.4218,0.4214,0.4214,1510.0
2025-01-15 10:41:00,0.4214,0.4214,0.4206,0.4206,1424.0
2025-01-15 10:42:00,0.4205,0.4205,0.4205,0.4205,506.0
2025-01-15 10:43:00,0.4208,0.4208,0.4206,0.4206,4787.0
2025-01-15 10:44:00,0.4208,0.4211,0.4208,0.4211,1912.0
2025-01-15 10:45:00,0.4213,0.4213,0.4211,0.4211,1067.0
2025-01-15 10:46:00,0.421,0.421,0.4209,0.4209,753.0
2025-01-15 10:47:00,0.4211,0.4214,0.4211,0.4214,2835.0
2025-01-15 10:48:00,0.4216,0.4216,0.4216,0.4216,671.0
2025-01-15 10:49:00,0.4211,0.4211,0.421,0.421,983.0
2025-01-15 10:50:00,0.421,0.421,0.4204,0.4206,3457.0
2025-01-15 10:51:00,0.4205,0.4205,0.4203,0.4203,994.0
2025-01-15 10:52:00,0.4203,0.4205,0.4203,0.4205,1321.0
2025-01-15 10:53:00,0.4205,0.4207,0.4205,0.4207,536.0
2025-01-15 10:54:00,0.4207,0.4207,0.4205,0.4205,104.0
2025-01-15 10:55:00,0.4206,0.4206,0.4205,0.4205,34.0
2025-01-15 10:56:00,0.4205,0.4205,0.4198,0.4198,1710.0
2025-01-15 10:57:00,0.4196,0.4196,0.4194,0.4194,1449.0
2025-01-15 10:58:00,0.42,0.4202,0.4198,0.4202,8425.0
2025-01-15 10:59:00,0.4202,0.4202,0.4202,0.4202,0.0
2025-01-15 11:00:00,0.4205,0.4205,0.4203,0.4203,894.0
2025-01-15 11:01:00,0.4199,0.4199,0.4195,0.4195,2863.0
2025-01-15 11:02:00,0.4194,0.4194,0.4192,0.4192,394.0
2025-01-15 11:03:00,0.4193,0.4195,0.4192,0.4193,14359.0
2025-01-15 11:04:00,0.4193,0.4193,0.419,0.4191,926.0
2025-01-15 11:05:00,0.4195,0.4196,0.4195,0.4196,4852.0
2025-01-15 11:06:00,0.4195,0.4195,0.4192,0.4193,237.0
2025-01-15 11:07:00,0.4192,0.4192,0.4181,0.4181,16296.0
2025-01-15 11:08:00,0.4181,0.4182,0.4175,0.4175,15096.0
2025-01-15 11:09:00,0.4175,0.4175,0.4169,0.4173,11458.0
2025-01-15 11:10:00,0.4172,0.418,0.4171,0.4179,5334.0
2025-01-15 11:11:00,0.418,0.4184,0.4178,0.4178,3327.0
2025-01-15 11:12:00,0.4177,0.418,0.4177,0.418,2008.0
2025-01-15 11:13:00,0.4182,0.4182,0.4178,0.418,2534.0
2025-01-15 11:14:00,0.4181,0.4181,0.4181,0.4181,2939.0
2025-01-15 11:15:00,0.4183,0.4186,0.4178,0.4178,13852.0
2025-01-15 11:16:00,0.4178,0.4178,0.4165,0.4166,12124.0
2025-01-15 11:17:00,0.4168,0.4175,0.4168,0.4169,18024.0
2025-01-15 11:18:00,0.4168,0.4169,0.4164,0.4169,3092.0
2025-01-15 11:19:00,0.4168,0.4169,0.4164,0.4168,10104.0
2025-01-15 11:20:00,0.4167,0.4171,0.4166,0.4167,12285.0
2025-01-15 11:21:00,0.4169,0.4176,0.4169,0.417,5029.0
2025-01-15 11:22:00,0.4172,0.4172,0.4163,0.4163,1653.0
2025-01-15 11:23:00,0.4163,0.4163,0.416,0.4161,11158.0
2025-01-15 11:24:00,0.4166,0.4166,0.4155,0.4158,17008.0
2025-01-15 11:25:00,0.4157,0.4161,0.4157,0.4158,1688.0
2025-01-15 11:26:00,0.4157,0.4166,0.4157,0.4166,11168.0
2025-01-15 11:27:00,0.4165,0.4166,0.4162,0.4166,13989.0
2025-01-15 11:28:00,0.4166,0.4166,0.4162,0.4162,1537.0
2025-01-15 11:29:00,0.4159,0.4164,0.4158,0.4164,1685.0
2025-01-15 11:30:00,0.4166,0.4169,0.4165,0.4165,4333.0
2025-01-15 11:31:00,0.4163,0.4169,0.4163,0.4169,1699.0
2025-01-15 11:32:00,0.4167,0.4167,0.4156,0.4156,1419.0
2025-01-15 11:33:00,0.4154,0.4156,0.4151,0.4152,3758.0
2025-01-15 11:34:00,0.4151,0.4168,0.4151,0.4166,3774.0
2025-01-15 11:35:00,0.4166,0.4166,0.4158,0.4162,11957.0
2025-01-15 11:36:00,0.4162,0.4176,0.4162,0.4174,4159.0
2025-01-15 11:37:00,0.4174,0.4178,0.4171,0.4178,17432.0
2025-01-15 11:38:00,0.4176,0.4177,0.4175,0.4176,4449.0
2025-01-15 11:39:00,0.4176,0.4176,0.4174,0.4174,759.0
2025-01-15 11:40:00,0.4176,0.4176,0.4174,0.4174,1029.0
2025-01-15 11:41:00,0.4175,0.4175,0.4172,0.4172,1425.0
2025-01-15 11:42:00,0.4175,0.4175,0.4175,0.4175,23.0
2025-01-15 11:43:00,0.4175,0.4181,0.4175,0.4179,4123.0
2025-01-15 11:44:00,0.4176,0.4177,0.4176,0.4177,575.0
2025-01-15 11:45:00,0.4173,0.4177,0.417,0.4177,3038.0
2025-01-15 11:46:00,0.4176,0.4184,0.4176,0.418,6913.0
2025-01-15 11:47:00,0.4179,0.4185,0.4179,0.4183,4661.0
2025-01-15 11:48:00,0.4182,0.4185,0.4182,0.4185,3171.0
2025-01-15 11:49:00,0.418,0.418,0.4179,0.4179,2317.0
2025-01-15 11:50:00,0.4183,0.4187,0.4183,0.4187,5835.0
2025-01-15 11:51:00,0.4186,0.4187,0.4183,0.4184,6167.0
2025-01-15 11:52:00,0.4183,0.4184,0.4183,0.4184,477.0
2025-01-15 11:53:00,0.4188,0.4188,0.4186,0.4186,514.0
2025-01-15 11:54:00,0.4183,0.4185,0.4181,0.4181,1681.0
2025-01-15 11:55:00,0.4183,0.4186,0.4183,0.4186,981.0
2025-01-15 11:56:00,0.4186,0.4186,0.4185,0.4185,2491.0
2025-01-15 11:57:00,0.4184,0.4185,0.4184,0.4185,577.0
2025-01-15 11:58:00,0.4185,0.4185,0.4183,0.4185,5531.0
2025-01-15 11:59:00,0.4185,0.4189,0.4185,0.4187,23542.0
2025-01-15 12:00:00,0.4187,0.42,0.4187,0.4189,88600.0
2025-01-15 12:01:00,0.4189,0.4189,0.4184,0.4187,15382.0
2025-01-15 12:02:00,0.4187,0.4187,0.4183,0.4185,13717.0
2025-01-15 12:03:00,0.4183,0.4183,0.417,0.4171,22681.0
2025-01-15 12:04:00,0.4172,0.4175,0.4166,0.4175,3715.0
2025-01-15 12:05:00,0.4179,0.4179,0.4176,0.4176,728.0
2025-01-15 12:06:00,0.4178,0.4183,0.4178,0.4182,2093.0
2025-01-15 12:07:00,0.4183,0.4185,0.4183,0.4185,4468.0
2025-01-15 12:08:00,0.4185,0.4185,0.4179,0.4179,8412.0
2025-01-15 12:09:00,0.4179,0.4179,0.4179,0.4179,3341.0
2025-01-15 12:10:00,0.4179,0.4179,0.4174,0.4174,622.0
2025-01-15 12:11:00,0.4174,0.4178,0.4174,0.4178,811.0
2025-01-15 12:12:00,0.4176,0.4179,0.4176,0.4179,666.0
2025-01-15 12:13:00,0.4181,0.4181,0.4178,0.4178,5212.0
2025-01-15 12:14:00,0.4176,0.4177,0.4176,0.4177,816.0
2025-01-15 12:15:00,0.4179,0.4179,0.4172,0.4172,1760.0
2025-01-15 12:16:00,0.4174,0.4176,0.4174,0.4175,214.0
2025-01-15 12:17:00,0.4175,0.4175,0.4175,0.4175,0.0
2025-01-15 12:18:00,0.4175,0.4175,0.4173,0.4173,1807.0
2025-01-15 12:19:00,0.4171,0.4171,0.4171,0.4171,95.0
2025-01-15 12:20:00,0.4175,0.4175,0.4175,0.4175,457.0
2025-01-15 12:21:00,0.4176,0.4176,0.4175,0.4175,193.0
2025-01-15 12:22:00,0.4172,0.4172,0.4171,0.4171,590.0
2025-01-15 12:23:00,0.417,0.417,0.4164,0.4165,3344.0
2025-01-15 12:24:00,0.4166,0.4167,0.4162,0.4167,15618.0
2025-01-15 12:25:00,0.4167,0.4167,0.4163,0.4163,806.0
2025-01-15 12:26:00,0.4161,0.4161,0.4161,0.4161,1561.0
2025-01-15 12:27:00,0.4164,0.4167,0.4162,0.4165,8682.0
2025-01-15 12:28:00,0.4164,0.4164,0.4162,0.4163,680.0
2025-01-15 12:29:00,0.4162,0.4166,0.4162,0.4165,2459.0
2025-01-15 12:30:00,0.4167,0.4171,0.4167,0.4171,1045.0
2025-01-15 12:31:00,0.417,0.4174,0.4169,0.4174,635.0
2025-01-15 12:32:00,0.4175,0.4178,0.4175,0.4177,1762.0
2025-01-15 12:33:00,0.4176,0.4179,0.4175,0.4179,567.0
2025-01-15 12:34:00,0.418,0.418,0.418,0.418,151.0
2025-01-15 12:35:00,0.4178,0.4181,0.4178,0.4181,1175.0
2025-01-15 12:36:00,0.4189,0.4192,0.4189,0.4191,4810.0
2025-01-15 12:37:00,0.4188,0.4188,0.4188,0.4188,354.0
2025-01-15 12:38:00,0.4194,0.4198,0.4192,0.4198,29979.0
2025-01-15 12:39:00,0.4196,0.4199,0.4196,0.4198,3280.0
2025-01-15 12:40:00,0.42,0.4203,0.4199,0.4202,6450.0
2025-01-15 12:41:00,0.4201,0.4208,0.42,0.4202,6736.0
2025-01-15 12:42:00,0.42,0.42,0.4196,0.4197,2150.0
2025-01-15 12:43:00,0.4196,0.4199,0.4196,0.4199,1921.0
2025-01-15 12:44:00,0.4197,0.4199,0.4195,0.4195,2058.0
2025-01-15 12:45:00,0.4195,0.4195,0.4191,0.4192,3832.0
2025-01-15 12:46:00,0.4188,0.4188,0.4188,0.4188,13.0
2025-01-15 12:47:00,0.4187,0.4188,0.4187,0.4188,471.0
2025-01-15 12:48:00,0.4188,0.4188,0.4188,0.4188,0.0
2025-01-15 12:49:00,0.4187,0.4187,0.4187,0.4187,826.0
2025-01-15 12:50:00,0.4188,0.4188,0.418,0.4185,34237.0
2025-01-15 12:51:00,0.4185,0.4185,0.4184,0.4184,415.0
2025-01-15 12:52:00,0.4184,0.4184,0.4184,0.4184,993.0
2025-01-15 12:53:00,0.4184,0.4184,0.4184,0.4184,0.0
2025-01-15 12:54:00,0.4183,0.4183,0.4183,0.4183,307.0
2025-01-15 12:55:00,0.4185,0.4187,0.4185,0.4187,9749.0
2025-01-15 12:56:00,0.4187,0.4187,0.4184,0.4184,596.0
2025-01-15 12:57:00,0.4183,0.4183,0.4182,0.4182,1253.0
2025-01-15 12:58:00,0.4181,0.4184,0.4181,0.4184,4934.0
2025-01-15 12:59:00,0.4185,0.4187,0.4185,0.4185,14198.0
2025-01-15 13:00:00,0.4183,0.4187,0.4183,0.4187,2281.0
2025-01-15 13:01:00,0.4187,0.4194,0.4186,0.4193,22733.0
2025-01-15 13:02:00,0.4194,0.4197,0.4194,0.4195,1988.0
2025-01-15 13:03:00,0.4195,0.4195,0.4195,0.4195,50.0
2025-01-15 13:04:00,0.4198,0.4202,0.4198,0.4202,3178.0
2025-01-15 13:05:00,0.4199,0.4199,0.4195,0.4195,755.0
2025-01-15 13:06:00,0.4192,0.4197,0.4191,0.4197,1487.0
2025-01-15 13:07:00,0.4196,0.4196,0.4193,0.4193,1357.0
2025-01-15 13:08:00,0.4195,0.4195,0.4192,0.4194,1451.0
2025-01-15 13:09:00,0.4194,0.4196,0.4194,0.4196,271.0
2025-01-15 13:10:00,0.4196,0.4202,0.4195,0.4202,3034.0
2025-01-15 13:11:00,0.4202,0.4202,0.4202,0.4202,0.0
2025-01-15 13:12:00,0.4199,0.4201,0.4199,0.4201,619.0
2025-01-15 13:13:00,0.4201,0.4202,0.4201,0.4202,198.0
2025-01-15 13:14:00,0.4201,0.4201,0.4196,0.4198,2298.0
2025-01-15 13:15:00,0.4192,0.4192,0.4192,0.4192,2995.0
2025-01-15 13:16:00,0.4189,0.4194,0.4189,0.4192,1677.0
2025-01-15 13:17:00,0.4197,0.4197,0.4191,0.4191,8211.0
2025-01-15 13:18:00,0.4194,0.4197,0.4194,0.4197,5957.0
2025-01-15 13:19:00,0.4198,0.42,0.4197,0.4198,5960.0
2025-01-15 13:20:00,0.42,0.42,0.42,0.42,1790.0
2025-01-15 13:21:00,0.4202,0.4202,0.42,0.42,945.0
2025-01-15 13:22:00,0.4201,0.4201,0.42,0.42,968.0
2025-01-15 13:23:00,0.4202,0.4209,0.4202,0.4209,4932.0
2025-01-15 13:24:00,0.4207,0.4208,0.4206,0.4207,2336.0
2025-01-15 13:25:00,0.4209,0.4211,0.4209,0.4209,1294.0
2025-01-15 13:26:00,0.421,0.4217,0.421,0.4217,5520.0
2025-01-15 13:27:00,0.4215,0.4221,0.4215,0.4221,10692.0
2025-01-15 13:28:00,0.4221,0.4221,0.4212,0.4213,6038.0
2025-01-15 13:29:00,0.4215,0.4215,0.4206,0.4206,1550.0
2025-01-15 13:30:00,0.4207,0.4323,0.4207,0.4306,211120.0
2025-01-15 13:31:00,0.4304,0.4312,0.4286,0.4297,182704.0
2025-01-15 13:32:00,0.4296,0.4319,0.429,0.4313,83151.0
2025-01-15 13:33:00,0.4311,0.4324,0.431,0.432,65601.0
2025-01-15 13:34:00,0.4319,0.4322,0.4303,0.4308,48209.0
2025-01-15 13:35:00,0.4308,0.431,0.4277,0.4303,95190.0
2025-01-15 13:36:00,0.4307,0.4312,0.4292,0.4294,33547.0
2025-01-15 13:37:00,0.4294,0.4307,0.4287,0.4306,16659.0
2025-01-15 13:38:00,0.4312,0.4312,0.429,0.4298,24935.0
2025-01-15 13:39:00,0.4301,0.4308,0.4292,0.4307,17119.0
2025-01-15 13:40:00,0.4309,0.4314,0.4306,0.4309,5486.0
2025-01-15 13:41:00,0.4311,0.4315,0.4305,0.4308,13264.0
2025-01-15 13:42:00,0.4306,0.4313,0.4303,0.4304,11108.0
2025-01-15 13:43:00,0.4301,0.4314,0.4293,0.4309,11464.0
2025-01-15 13:44:00,0.431,0.4314,0.4303,0.4311,3755.0
2025-01-15 13:45:00,0.4311,0.4318,0.4311,0.4317,5918.0
2025-01-15 13:46:00,0.4319,0.433,0.4319,0.4326,9071.0
2025-01-15 13:47:00,0.4324,0.4335,0.4324,0.4335,26058.0
2025-01-15 13:48:00,0.4335,0.4337,0.433,0.4337,18393.0
2025-01-15 13:49:00,0.4337,0.4339,0.4336,0.4338,3455.0
2025-01-15 13:50:00,0.4338,0.4344,0.4336,0.4341,11481.0
2025-01-15 13:51:00,0.4339,0.4343,0.4331,0.4335,56873.0
2025-01-15 13:52:00,0.433,0.4334,0.4323,0.4325,9909.0
2025-01-15 13:53:00,0.4325,0.4328,0.4319,0.4323,2089.0
2025-01-15 13:54:00,0.4325,0.4329,0.4325,0.4325,8679.0
2025-01-15 13:55:00,0.4328,0.4335,0.4328,0.4333,7372.0
2025-01-15 13:56:00,0.4334,0.4342,0.4334,0.4339,12550.0
2025-01-15 13:57:00,0.4341,0.4344,0.434,0.4341,8916.0
2025-01-15 13:58:00,0.4344,0.4347,0.4342,0.4346,7144.0
2025-01-15 13:59:00,0.4347,0.435,0.4346,0.4348,20204.0
2025-01-15 14:00:00,0.4348,0.4362,0.4347,0.436,19593.0
2025-01-15 14:01:00,0.4361,0.4365,0.4351,0.4362,17872.0
2025-01-15 14:02:00,0.4363,0.4369,0.4361,0.4368,19916.0
2025-01-15 14:03:00,0.4368,0.4368,0.4351,0.4352,13610.0
2025-01-15 14:04:00,0.4349,0.4373,0.4348,0.4373,8805.0
2025-01-15 14:05:00,0.4369,0.4373,0.4361,0.4373,21883.0
2025-01-15 14:06:00,0.4374,0.4379,0.437,0.437,10741.0
2025-01-15 14:07:00,0.4368,0.4373,0.436,0.4365,15731.0
2025-01-15 14:08:00,0.4361,0.4375,0.4361,0.4375,20310.0
2025-01-15 14:09:00,0.4375,0.4377,0.4368,0.4368,11567.0
2025-01-15 14:10:00,0.4364,0.4364,0.4359,0.4362,8142.0
2025-01-15 14:11:00,0.4364,0.437,0.4364,0.4367,5503.0
2025-01-15 14:12:00,0.4361,0.4361,0.435,0.435,6700.0
2025-01-15 14:13:00,0.435,0.435,0.4339,0.4344,35855.0
2025-01-15 14:14:00,0.4342,0.4349,0.4333,0.4348,9233.0
2025-01-15 14:15:00,0.4346,0.4348,0.4341,0.4341,7193.0
2025-01-15 14:16:00,0.4332,0.4333,0.432,0.4324,12625.0
2025-01-15 14:17:00,0.4324,0.4325,0.4319,0.4319,5970.0
2025-01-15 14:18:00,0.4318,0.4329,0.4315,0.4327,16935.0
2025-01-15 14:19:00,0.4327,0.4333,0.4325,0.433,9564.0
2025-01-15 14:20:00,0.4331,0.4348,0.4331,0.4346,4524.0
2025-01-15 14:21:00,0.4344,0.4345,0.4341,0.4341,1590.0
2025-01-15 14:22:00,0.4343,0.4345,0.4343,0.4345,936.0
2025-01-15 14:23:00,0.4341,0.4341,0.4339,0.4339,5371.0
2025-01-15 14:24:00,0.4346,0.4358,0.4346,0.4356,9708.0
2025-01-15 14:25:00,0.4354,0.4363,0.4353,0.4361,3989.0
2025-01-15 14:26:00,0.436,0.436,0.4355,0.4355,184.0
2025-01-15 14:27:00,0.4353,0.4354,0.4343,0.4343,23213.0
2025-01-15 14:28:00,0.4342,0.4343,0.4338,0.4343,6688.0
2025-01-15 14:29:00,0.4341,0.4343,0.4341,0.4343,1783.0
2025-01-15 14:30:00,0.4345,0.435,0.4343,0.4345,5166.0
2025-01-15 14:31:00,0.4348,0.4363,0.4346,0.4361,44097.0
2025-01-15 14:32:00,0.4363,0.4369,0.4359,0.4366,10552.0
2025-01-15 14:33:00,0.4369,0.4372,0.4363,0.4363,7165.0
2025-01-15 14:34:00,0.4364,0.4367,0.4355,0.4355,9319.0
2025-01-15 14:35:00,0.4355,0.4359,0.435,0.435,6145.0
2025-01-15 14:36:00,0.435,0.4356,0.4347,0.4355,2894.0
2025-01-15 14:37:00,0.4354,0.4356,0.4343,0.4343,4243.0
2025-01-15 14:38:00,0.4343,0.435,0.4341,0.435,9803.0
2025-01-15 14:39:00,0.4348,0.436,0.4348,0.4358,7222.0
2025-01-15 14:40:00,0.4359,0.4367,0.4357,0.4357,7054.0
2025-01-15 14:41:00,0.4357,0.4361,0.4355,0.4361,5351.0
2025-01-15 14:42:00,0.4363,0.4364,0.4353,0.4361,10088.0
2025-01-15 14:43:00,0.436,0.4367,0.436,0.4364,2973.0
2025-01-15 14:44:00,0.4367,0.4369,0.4367,0.4368,1609.0
2025-01-15 14:45:00,0.4367,0.4372,0.4365,0.437,6703.0
2025-01-15 14:46:00,0.4372,0.4372,0.4361,0.4361,771.0
2025-01-15 14:47:00,0.4362,0.4377,0.4362,0.4373,13265.0
2025-01-15 14:48:00,0.4373,0.4376,0.437,0.4372,2547.0
2025-01-15 14:49:00,0.4378,0.4382,0.4377,0.4378,4364.0
2025-01-15 14:50:00,0.4376,0.4377,0.4374,0.4377,3427.0
2025-01-15 14:51:00,0.4381,0.4386,0.4381,0.4385,3306.0
2025-01-15 14:52:00,0.4385,0.4391,0.4383,0.4387,5288.0
2025-01-15 14:53:00,0.4386,0.439,0.4384,0.4389,2776.0
2025-01-15 14:54:00,0.439,0.439,0.4386,0.4386,3571.0
2025-01-15 14:55:00,0.4388,0.4388,0.4385,0.4385,224.0
2025-01-15 14:56:00,0.4389,0.4394,0.4389,0.4394,5243.0
2025-01-15 14:57:00,0.4392,0.44,0.4392,0.4399,5026.0
2025-01-15 14:58:00,0.4399,0.4403,0.4396,0.44,17053.0
2025-01-15 14:59:00,0.4402,0.4406,0.4399,0.4401,3848.0
2025-01-15 15:00:00,0.4401,0.4416,0.4401,0.4414,21129.0
2025-01-15 15:01:00,0.4414,0.4416,0.4408,0.4415,16678.0
2025-01-15 15:02:00,0.4415,0.4415,0.4405,0.4412,12341.0
2025-01-15 15:03:00,0.4411,0.4416,0.4408,0.4408,13328.0
2025-01-15 15:04:00,0.4408,0.4412,0.4405,0.4408,10640.0
2025-01-15 15:05:00,0.4411,0.4412,0.4397,0.4399,12427.0
2025-01-15 15:06:00,0.4399,0.4399,0.4392,0.4393,4501.0
2025-01-15 15:07:00,0.4391,0.4397,0.4388,0.4388,5819.0
2025-01-15 15:08:00,0.4395,0.4404,0.4394,0.4403,6178.0
2025-01-15 15:09:00,0.4403,0.4403,0.4397,0.4397,1096.0
2025-01-15 15:10:00,0.4393,0.4407,0.4389,0.4407,13684.0
2025-01-15 15:11:00,0.4409,0.4409,0.4406,0.4406,18662.0
2025-01-15 15:12:00,0.4405,0.4411,0.4404,0.4404,4811.0
2025-01-15 15:13:00,0.4409,0.4411,0.4407,0.441,6923.0
2025-01-15 15:14:00,0.4405,0.4409,0.4404,0.4405,7479.0
2025-01-15 15:15:00,0.4404,0.4414,0.4401,0.4414,11825.0
2025-01-15 15:16:00,0.4416,0.4419,0.4409,0.4412,10036.0
2025-01-15 15:17:00,0.441,0.4416,0.4407,0.4416,7497.0
2025-01-15 15:18:00,0.4419,0.442,0.4404,0.4409,10266.0
2025-01-15 15:19:00,0.4405,0.4405,0.4401,0.4402,14534.0
2025-01-15 15:20:00,0.44,0.44,0.4395,0.4395,11244.0
2025-01-15 15:21:00,0.4397,0.4412,0.4397,0.4411,11433.0
2025-01-15 15:22:00,0.4413,0.4415,0.4405,0.4405,6816.0
2025-01-15 15:23:00,0.4404,0.4407,0.4403,0.4407,3863.0
2025-01-15 15:24:00,0.4413,0.4415,0.4411,0.4415,1678.0
2025-01-15 15:25:00,0.4412,0.4412,0.4407,0.4408,3579.0
2025-01-15 15:26:00,0.4408,0.441,0.4408,0.4409,6869.0
2025-01-15 15:27:00,0.4412,0.4419,0.4412,0.4418,9747.0
2025-01-15 15:28:00,0.4419,0.4419,0.4416,0.4419,7362.0
2025-01-15 15:29:00,0.442,0.443,0.442,0.4429,40879.0
2025-01-15 15:30:00,0.4427,0.4431,0.4414,0.4431,44729.0
2025-01-15 15:31:00,0.4428,0.4433,0.4426,0.4431,19232.0
2025-01-15 15:32:00,0.443,0.4433,0.4423,0.4432,19813.0
2025-01-15 15:33:00,0.4432,0.4432,0.4425,0.4427,8272.0
2025-01-15 15:34:00,0.4429,0.4431,0.4427,0.4428,5277.0
2025-01-15 15:35:00,0.4429,0.4434,0.4427,0.4427,8795.0
2025-01-15 15:36:00,0.4424,0.4425,0.4414,0.4414,6131.0
2025-01-15 15:37:00,0.4414,0.4428,0.4413,0.4424,11319.0
2025-01-15 15:38:00,0.4429,0.4431,0.4429,0.4431,2982.0
2025-01-15 15:39:00,0.4431,0.4433,0.4425,0.4425,10471.0
2025-01-15 15:40:00,0.4424,0.4427,0.4421,0.4421,14886.0
2025-01-15 15:41:00,0.4424,0.4427,0.4422,0.4424,2154.0
2025-01-15 15:42:00,0.4424,0.4428,0.4423,0.4428,1742.0
2025-01-15 15:43:00,0.4429,0.4429,0.4421,0.4422,6031.0
2025-01-15 15:44:00,0.4423,0.4426,0.4421,0.4426,8502.0
2025-01-15 15:45:00,0.4424,0.4431,0.4423,0.443,31336.0
2025-01-15 15:46:00,0.4429,0.4429,0.4418,0.4421,2884.0
2025-01-15 15:47:00,0.4421,0.4421,0.4411,0.4411,4029.0
2025-01-15 15:48:00,0.4413,0.4421,0.4411,0.4418,9712.0
2025-01-15 15:49:00,0.4418,0.4419,0.4414,0.4418,10384.0
2025-01-15 15:50:00,0.442,0.442,0.4416,0.4418,288.0
2025-01-15 15:51:00,0.4414,0.4414,0.4409,0.4411,4703.0
2025-01-15 15:52:00,0.4412,0.4412,0.4406,0.441,6003.0
2025-01-15 15:53:00,0.4416,0.4417,0.441,0.441,2126.0
2025-01-15 15:54:00,0.4412,0.4414,0.441,0.441,1601.0
2025-01-15 15:55:00,0.4412,0.4414,0.4412,0.4414,1545.0
2025-01-15 15:56:00,0.4417,0.4417,0.4412,0.4413,2379.0
2025-01-15 15:57:00,0.4411,0.4413,0.441,0.441,378.0
2025-01-15 15:58:00,0.4412,0.4413,0.4409,0.4411,5564.0
2025-01-15 15:59:00,0.4409,0.441,0.4408,0.4408,3026.0
2025-01-15 16:00:00,0.4411,0.4422,0.4411,0.4422,44755.0
2025-01-15 16:01:00,0.442,0.4422,0.4411,0.4422,22811.0
2025-01-15 16:02:00,0.4418,0.443,0.4417,0.4427,10811.0
2025-01-15 16:03:00,0.4429,0.4429,0.4423,0.4427,10349.0
2025-01-15 16:04:00,0.4425,0.4428,0.4421,0.4428,1906.0
2025-01-15 16:05:00,0.4428,0.4437,0.4428,0.4437,5198.0
2025-01-15 16:06:00,0.4437,0.4439,0.4435,0.4436,6736.0
2025-01-15 16:07:00,0.4435,0.4435,0.443,0.4433,3591.0
2025-01-15 16:08:00,0.4433,0.4433,0.4421,0.4425,9307.0
2025-01-15 16:09:00,0.4426,0.4432,0.4422,0.4432,5690.0
2025-01-15 16:10:00,0.4433,0.4437,0.4433,0.4437,2203.0
2025-01-15 16:11:00,0.4438,0.4443,0.4437,0.4439,8384.0
2025-01-15 16:12:00,0.4438,0.4441,0.4436,0.4441,5172.0
2025-01-15 16:13:00,0.4439,0.4441,0.4438,0.4438,525.0
2025-01-15 16:14:00,0.4438,0.444,0.4438,0.4439,2112.0
2025-01-15 16:15:00,0.4439,0.4444,0.4439,0.4441,17455.0
2025-01-15 16:16:00,0.4443,0.4443,0.4436,0.4436,4816.0
2025-01-15 16:17:00,0.4435,0.4437,0.443,0.4437,1813.0
2025-01-15 16:18:00,0.4438,0.444,0.4435,0.4439,1342.0
2025-01-15 16:19:00,0.4438,0.4439,0.4427,0.4431,2715.0
2025-01-15 16:20:00,0.443,0.443,0.4423,0.4426,1420.0
2025-01-15 16:21:00,0.443,0.443,0.4424,0.4425,972.0
2025-01-15 16:22:00,0.4431,0.4436,0.4431,0.4436,1753.0
2025-01-15 16:23:00,0.4439,0.4443,0.4439,0.444,828.0
2025-01-15 16:24:00,0.4439,0.4439,0.4436,0.4438,2286.0
2025-01-15 16:25:00,0.444,0.4442,0.444,0.444,2308.0
2025-01-15 16:26:00,0.4438,0.4445,0.4438,0.4445,3883.0
2025-01-15 16:27:00,0.4444,0.4446,0.4443,0.4444,3025.0
2025-01-15 16:28:00,0.4445,0.4447,0.4444,0.4447,6085.0
2025-01-15 16:29:00,0.4447,0.445,0.4446,0.4449,5957.0
2025-01-15 16:30:00,0.4449,0.445,0.444,0.4443,6331.0
2025-01-15 16:31:00,0.4442,0.4442,0.4435,0.4435,8219.0
2025-01-15 16:32:00,0.4434,0.4434,0.4425,0.4425,7514.0
2025-01-15 16:33:00,0.4426,0.4431,0.4424,0.4431,7629.0
2025-01-15 16:34:00,0.4429,0.4429,0.4422,0.4422,2601.0
2025-01-15 16:35:00,0.4422,0.4425,0.4419,0.442,5088.0
2025-01-15 16:36:00,0.442,0.4429,0.442,0.4425,3202.0
2025-01-15 16:37:00,0.4427,0.4427,0.4424,0.4424,1415.0
2025-01-15 16:38:00,0.4424,0.4435,0.4424,0.4433,2417.0
2025-01-15 16:39:00,0.4435,0.4435,0.4432,0.4435,4082.0
2025-01-15 16:40:00,0.4437,0.4438,0.4436,0.4436,5999.0
2025-01-15 16:41:00,0.4435,0.4435,0.443,0.4432,3073.0
2025-01-15 16:42:00,0.4429,0.443,0.4427,0.4429,6158.0
2025-01-15 16:43:00,0.4429,0.4429,0.4429,0.4429,235.0
2025-01-15 16:44:00,0.4425,0.4429,0.4424,0.4429,3687.0
2025-01-15 16:45:00,0.443,0.443,0.4426,0.4426,1747.0
2025-01-15 16:46:00,0.4423,0.4423,0.4419,0.4421,1040.0
2025-01-15 16:47:00,0.4421,0.4425,0.4421,0.4424,2428.0
2025-01-15 16:48:00,0.4423,0.4427,0.4423,0.4423,1039.0
2025-01-15 16:49:00,0.4423,0.4426,0.4423,0.4426,779.0
2025-01-15 16:50:00,0.4429,0.4431,0.4428,0.4431,71.0
2025-01-15 16:51:00,0.4424,0.4424,0.4424,0.4424,1569.0
2025-01-15 16:52:00,0.4428,0.4428,0.442,0.4422,8537.0
2025-01-15 16:53:00,0.4424,0.4424,0.4419,0.4419,89.0
2025-01-15 16:54:00,0.4421,0.443,0.4419,0.4429,57385.0
2025-01-15 16:55:00,0.4428,0.4428,0.4426,0.4428,4307.0
2025-01-15 16:56:00,0.4424,0.4424,0.4423,0.4423,2404.0
2025-01-15 16:57:00,0.4423,0.4424,0.4423,0.4424,2116.0
2025-01-15 16:58:00,0.4426,0.4426,0.4426,0.4426,851.0
2025-01-15 16:59:00,0.4424,0.4424,0.4414,0.4414,2268.0
2025-01-15 17:00:00,0.4415,0.4417,0.4413,0.4413,7128.0
2025-01-15 17:01:00,0.4413,0.4418,0.4409,0.4418,2424.0
2025-01-15 17:02:00,0.442,0.4421,0.442,0.442,4051.0
2025-01-15 17:03:00,0.442,0.442,0.4413,0.4414,1739.0
2025-01-15 17:04:00,0.4414,0.4422,0.4414,0.4422,3539.0
2025-01-15 17:05:00,0.4421,0.4422,0.4418,0.4421,2154.0
2025-01-15 17:06:00,0.442,0.4423,0.4416,0.4423,3349.0
2025-01-15 17:07:00,0.4422,0.4423,0.4414,0.4414,3729.0
2025-01-15 17:08:00,0.4414,0.4414,0.4414,0.4414,199.0
2025-01-15 17:09:00,0.4417,0.4417,0.4413,0.4416,1180.0
2025-01-15 17:10:00,0.442,0.4421,0.4417,0.4419,3411.0
2025-01-15 17:11:00,0.4414,0.4415,0.4412,0.4415,858.0
2025-01-15 17:12:00,0.4419,0.442,0.4419,0.442,471.0
2025-01-15 17:13:00,0.4418,0.4419,0.4417,0.4417,3834.0
2025-01-15 17:14:00,0.4417,0.4417,0.4413,0.4413,5992.0
2025-01-15 17:15:00,0.4418,0.4418,0.4412,0.4412,9523.0
2025-01-15 17:16:00,0.4412,0.4415,0.4411,0.4415,4394.0
2025-01-15 17:17:00,0.4414,0.4414,0.4409,0.4409,471.0
2025-01-15 17:18:00,0.4409,0.441,0.4409,0.441,412.0
2025-01-15 17:19:00,0.441,0.441,0.4408,0.4408,119.0
2025-01-15 17:20:00,0.4411,0.4411,0.4411,0.4411,228.0
2025-01-15 17:21:00,0.4412,0.4412,0.4405,0.4405,5476.0
2025-01-15 17:22:00,0.4405,0.4405,0.4399,0.4399,2118.0
2025-01-15 17:23:00,0.4399,0.44,0.4396,0.4396,5659.0
2025-01-15 17:24:00,0.4401,0.4405,0.4399,0.4399,9300.0
2025-01-15 17:25:00,0.4404,0.4405,0.4398,0.4398,8886.0
2025-01-15 17:26:00,0.4404,0.4406,0.4404,0.4405,2426.0
2025-01-15 17:27:00,0.4406,0.4407,0.44,0.4401,1338.0
2025-01-15 17:28:00,0.44,0.44,0.44,0.44,143.0
2025-01-15 17:29:00,0.4402,0.4404,0.44,0.4402,1029.0
2025-01-15 17:30:00,0.4403,0.4404,0.4398,0.4398,3378.0
2025-01-15 17:31:00,0.4398,0.4404,0.4398,0.4404,9045.0
2025-01-15 17:32:00,0.4407,0.441,0.4407,0.4408,3016.0
2025-01-15 17:33:00,0.4411,0.4418,0.4411,0.4415,2767.0
2025-01-15 17:34:00,0.4414,0.4414,0.4412,0.4412,1608.0
2025-01-15 17:35:00,0.4413,0.4416,0.4413,0.4416,400.0
2025-01-15 17:36:00,0.4417,0.4417,0.4416,0.4416,136.0
2025-01-15 17:37:00,0.4418,0.4418,0.4412,0.4413,1721.0
2025-01-15 17:38:00,0.4412,0.4414,0.4412,0.4412,10937.0
2025-01-15 17:39:00,0.4412,0.4412,0.4408,0.4408,2189.0
2025-01-15 17:40:00,0.4407,0.4407,0.4407,0.4407,142.0
2025-01-15 17:41:00,0.4407,0.4407,0.4406,0.4406,2133.0
2025-01-15 17:42:00,0.4407,0.4407,0.4406,0.4406,1284.0
2025-01-15 17:43:00,0.4407,0.4407,0.4407,0.4407,98.0
2025-01-15 17:44:00,0.441,0.441,0.441,0.441,1823.0
2025-01-15 17:45:00,0.4412,0.4414,0.441,0.4411,12055.0
2025-01-15 17:46:00,0.441,0.441,0.4403,0.4403,5025.0
2025-01-15 17:47:00,0.4403,0.4405,0.4403,0.4405,955.0
2025-01-15 17:48:00,0.4403,0.4403,0.4402,0.4403,1527.0
2025-01-15 17:49:00,0.4399,0.4399,0.4399,0.4399,859.0
2025-01-15 17:50:00,0.4401,0.4401,0.4393,0.4393,541.0
2025-01-15 17:51:00,0.4392,0.4392,0.4387,0.4387,4180.0
2025-01-15 17:52:00,0.439,0.439,0.4386,0.4387,1744.0
2025-01-15 17:53:00,0.4386,0.4386,0.4381,0.4381,5491.0
2025-01-15 17:54:00,0.4381,0.4381,0.4379,0.4379,6353.0
2025-01-15 17:55:00,0.4382,0.4383,0.4378,0.4378,1599.0
2025-01-15 17:56:00,0.4377,0.4377,0.4375,0.4375,2631.0
2025-01-15 17:57:00,0.4374,0.4374,0.4374,0.4374,167.0
2025-01-15 17:58:00,0.4377,0.4377,0.4377,0.4377,20.0
2025-01-15 17:59:00,0.4382,0.4382,0.4379,0.4379,1660.0
2025-01-15 18:00:00,0.438,0.4388,0.438,0.4386,2816.0
2025-01-15 18:01:00,0.4388,0.4395,0.4387,0.4391,43452.0
2025-01-15 18:02:00,0.4391,0.4394,0.4389,0.4394,7088.0
2025-01-15 18:03:00,0.4392,0.4392,0.4389,0.4389,4741.0
2025-01-15 18:04:00,0.4388,0.4388,0.4383,0.4385,29650.0
2025-01-15 18:05:00,0.4388,0.4395,0.4386,0.4393,4522.0
2025-01-15 18:06:00,0.4391,0.4393,0.439,0.4391,12624.0
2025-01-15 18:07:00,0.4389,0.439,0.4386,0.4388,14707.0
2025-01-15 18:08:00,0.4389,0.4392,0.4389,0.4389,2254.0
2025-01-15 18:09:00,0.4391,0.4391,0.439,0.439,1376.0
2025-01-15 18:10:00,0.439,0.4391,0.4386,0.439,6412.0
2025-01-15 18:11:00,0.4391,0.4392,0.4389,0.4392,212.0
2025-01-15 18:12:00,0.4391,0.4393,0.4391,0.4393,105.0
2025-01-15 18:13:00,0.4392,0.4392,0.4391,0.4391,98.0
2025-01-15 18:14:00,0.4394,0.4394,0.4393,0.4393,1432.0
2025-01-15 18:15:00,0.4396,0.4406,0.4395,0.4406,10223.0
2025-01-15 18:16:00,0.4405,0.4406,0.4405,0.4406,339.0
2025-01-15 18:17:00,0.4407,0.4408,0.4406,0.4408,2753.0
2025-01-15 18:18:00,0.4407,0.441,0.4407,0.441,312.0
2025-01-15 18:19:00,0.4413,0.4415,0.441,0.441,3148.0
2025-01-15 18:20:00,0.4415,0.4415,0.4413,0.4413,1311.0
2025-01-15 18:21:00,0.4413,0.4414,0.4413,0.4414,2403.0
2025-01-15 18:22:00,0.4415,0.4418,0.4415,0.4416,7895.0
2025-01-15 18:23:00,0.4417,0.4423,0.4417,0.4422,1682.0
2025-01-15 18:24:00,0.442,0.4424,0.442,0.4422,2447.0
2025-01-15 18:25:00,0.4422,0.4423,0.4422,0.4423,61.0
2025-01-15 18:26:00,0.4423,0.4423,0.442,0.4423,315.0
2025-01-15 18:27:00,0.4421,0.4433,0.4421,0.4431,34165.0
2025-01-15 18:28:00,0.4431,0.4431,0.4431,0.4431,0.0
2025-01-15 18:29:00,0.4428,0.4428,0.4426,0.4426,1173.0
2025-01-15 18:30:00,0.4427,0.4428,0.4427,0.4428,334.0
2025-01-15 18:31:00,0.4429,0.4429,0.4429,0.4429,13.0
2025-01-15 18:32:00,0.443,0.4431,0.4429,0.4431,321.0
2025-01-15 18:33:00,0.4429,0.4429,0.4424,0.4424,4304.0
2025-01-15 18:34:00,0.4427,0.4427,0.4427,0.4427,89.0
2025-01-15 18:35:00,0.4427,0.4427,0.4424,0.4424,1165.0
2025-01-15 18:36:00,0.4417,0.4417,0.4417,0.4417,582.0
2025-01-15 18:37:00,0.4417,0.4417,0.4417,0.4417,2092.0
2025-01-15 18:38:00,0.4417,0.4417,0.4417,0.4417,1257.0
2025-01-15 18:39:00,0.4417,0.4417,0.4415,0.4415,92.0
2025-01-15 18:40:00,0.4416,0.4418,0.4413,0.4418,2484.0
2025-01-15 18:41:00,0.4422,0.4425,0.4422,0.4422,665.0
2025-01-15 18:42:00,0.4422,0.4422,0.4422,0.4422,0.0
2025-01-15 18:43:00,0.4422,0.4422,0.4422,0.4422,0.0
2025-01-15 18:44:00,0.4428,0.4428,0.4424,0.4424,10221.0
2025-01-15 18:45:00,0.4426,0.4431,0.4426,0.443,10346.0
2025-01-15 18:46:00,0.4432,0.4435,0.4432,0.4435,2304.0
2025-01-15 18:47:00,0.4435,0.4439,0.4435,0.4435,3535.0
2025-01-15 18:48:00,0.4431,0.4434,0.4431,0.4434,2422.0
2025-01-15 18:49:00,0.4434,0.4435,0.443,0.4434,12080.0
2025-01-15 18:50:00,0.4435,0.4437,0.4433,0.4433,4440.0
2025-01-15 18:51:00,0.4434,0.4434,0.443,0.4431,5163.0
2025-01-15 18:52:00,0.4433,0.4434,0.4433,0.4434,926.0
2025-01-15 18:53:00,0.4434,0.4434,0.4434,0.4434,0.0
2025-01-15 18:54:00,0.4436,0.4438,0.4435,0.4437,356.0
2025-01-15 18:55:00,0.4437,0.4439,0.4436,0.4437,8164.0
2025-01-15 18:56:00,0.444,0.444,0.4438,0.4438,1335.0
2025-01-15 18:57:00,0.4438,0.444,0.4438,0.444,2959.0
2025-01-15 18:58:00,0.444,0.4445,0.444,0.4441,16255.0
2025-01-15 18:59:00,0.4441,0.4443,0.4441,0.4443,5085.0
2025-01-15 19:00:00,0.4442,0.4443,0.4439,0.4443,4043.0
2025-01-15 19:01:00,0.4445,0.4445,0.4436,0.4439,13497.0
2025-01-15 19:02:00,0.4433,0.4441,0.4433,0.4441,7108.0
2025-01-15 19:03:00,0.444,0.4442,0.444,0.4442,39.0
2025-01-15 19:04:00,0.444,0.444,0.4433,0.4435,5369.0
2025-01-15 19:05:00,0.4436,0.4436,0.4435,0.4435,740.0
2025-01-15 19:06:00,0.4437,0.4442,0.4437,0.4442,4717.0
2025-01-15 19:07:00,0.4441,0.4442,0.4441,0.4442,119.0
2025-01-15 19:08:00,0.4442,0.4442,0.4442,0.4442,41.0
2025-01-15 19:09:00,0.4437,0.4437,0.4436,0.4436,4908.0
2025-01-15 19:10:00,0.4436,0.4438,0.4436,0.4438,3593.0
2025-01-15 19:11:00,0.4437,0.4437,0.4436,0.4436,4663.0
2025-01-15 19:12:00,0.4427,0.4431,0.4427,0.4429,5803.0
2025-01-15 19:13:00,0.4432,0.4435,0.4432,0.4435,911.0
2025-01-15 19:14:00,0.4435,0.4435,0.4433,0.4434,5583.0
2025-01-15 19:15:00,0.4437,0.4437,0.4437,0.4437,56.0
2025-01-15 19:16:00,0.4434,0.4437,0.4433,0.4433,1376.0
2025-01-15 19:17:00,0.4435,0.4435,0.4435,0.4435,11.0
2025-01-15 19:18:00,0.4432,0.4435,0.4432,0.4435,1016.0
2025-01-15 19:19:00,0.4435,0.4438,0.4435,0.4438,5817.0
2025-01-15 19:20:00,0.4437,0.4439,0.4437,0.4439,2120.0
2025-01-15 19:21:00,0.4439,0.4441,0.4438,0.4441,2048.0
2025-01-15 19:22:00,0.4438,0.4438,0.4438,0.4438,43.0
2025-01-15 19:23:00,0.4437,0.4438,0.4433,0.4435,6130.0
2025-01-15 19:24:00,0.4437,0.4437,0.4437,0.4437,1073.0
2025-01-15 19:25:00,0.4437,0.4442,0.4437,0.4442,521.0
2025-01-15 19:26:00,0.444,0.4442,0.4439,0.4439,159.0
2025-01-15 19:27:00,0.4441,0.4441,0.4441,0.4441,900.0
2025-01-15 19:28:00,0.4442,0.4447,0.4442,0.4446,1614.0
2025-01-15 19:29:00,0.4445,0.4446,0.4444,0.4444,4699.0
2025-01-15 19:30:00,0.4444,0.4444,0.444,0.444,379.0
2025-01-15 19:31:00,0.4442,0.4444,0.4441,0.4441,3801.0
2025-01-15 19:32:00,0.4444,0.4448,0.4444,0.4446,8684.0
2025-01-15 19:33:00,0.4445,0.445,0.4445,0.4448,15451.0
2025-01-15 19:34:00,0.4451,0.4452,0.445,0.445,2296.0
2025-01-15 19:35:00,0.445,0.4452,0.4449,0.4451,2753.0
2025-01-15 19:36:00,0.4449,0.4458,0.4449,0.4458,11518.0
2025-01-15 19:37:00,0.4457,0.4459,0.4453,0.4454,5000.0
2025-01-15 19:38:00,0.4454,0.4458,0.4454,0.4456,3861.0
2025-01-15 19:39:00,0.4454,0.446,0.4453,0.4459,41792.0
2025-01-15 19:40:00,0.4457,0.4457,0.4453,0.4455,3739.0
2025-01-15 19:41:00,0.4455,0.4456,0.4455,0.4456,811.0
2025-01-15 19:42:00,0.4448,0.4451,0.4448,0.4449,1688.0
2025-01-15 19:43:00,0.4449,0.4451,0.4449,0.4451,2009.0
2025-01-15 19:44:00,0.4451,0.4451,0.4451,0.4451,112.0
2025-01-15 19:45:00,0.4451,0.4452,0.4446,0.4451,1494.0
2025-01-15 19:46:00,0.4451,0.4456,0.4451,0.4456,4790.0
2025-01-15 19:47:00,0.4457,0.4459,0.4457,0.4459,8666.0
2025-01-15 19:48:00,0.4456,0.4461,0.4455,0.4458,10989.0
2025-01-15 19:49:00,0.4458,0.4459,0.4455,0.4458,10043.0
2025-01-15 19:50:00,0.4456,0.4456,0.4452,0.4455,2959.0
2025-01-15 19:51:00,0.4455,0.4457,0.4453,0.4453,4078.0
2025-01-15 19:52:00,0.4454,0.4459,0.4454,0.4459,5377.0
2025-01-15 19:53:00,0.4458,0.4461,0.4458,0.446,3324.0
2025-01-15 19:54:00,0.446,0.446,0.4457,0.4458,928.0
2025-01-15 19:55:00,0.4456,0.4456,0.4454,0.4454,7658.0
2025-01-15 19:56:00,0.4454,0.4458,0.4454,0.4457,18227.0
2025-01-15 19:57:00,0.4458,0.4467,0.4458,0.4465,18985.0
2025-01-15 19:58:00,0.4464,0.4466,0.4463,0.4463,13648.0
2025-01-15 19:59:00,0.4464,0.4464,0.4462,0.4462,7328.0
2025-01-15 20:00:00,0.4462,0.447,0.4462,0.4467,21619.0
2025-01-15 20:01:00,0.4467,0.4471,0.4464,0.4467,2544.0
2025-01-15 20:02:00,0.4467,0.4468,0.4465,0.4468,3094.0
2025-01-15 20:03:00,0.4467,0.4471,0.4464,0.4468,10036.0
2025-01-15 20:04:00,0.4467,0.447,0.4458,0.4458,34791.0
2025-01-15 20:05:00,0.4456,0.4461,0.4456,0.4461,25833.0
2025-01-15 20:06:00,0.4461,0.4463,0.4461,0.4463,6833.0
2025-01-15 20:07:00,0.4463,0.4467,0.4463,0.4466,20742.0
2025-01-15 20:08:00,0.4466,0.4471,0.4466,0.4469,18350.0
2025-01-15 20:09:00,0.4472,0.448,0.4472,0.4478,27395.0
2025-01-15 20:10:00,0.4478,0.448,0.4477,0.448,730.0
2025-01-15 20:11:00,0.4478,0.4481,0.4474,0.4479,23721.0
2025-01-15 20:12:00,0.4479,0.4484,0.4479,0.4483,10876.0
2025-01-15 20:13:00,0.4483,0.4483,0.448,0.4481,2462.0
2025-01-15 20:14:00,0.4481,0.4483,0.4481,0.4483,1101.0
2025-01-15 20:15:00,0.4483,0.4485,0.4483,0.4485,2525.0
2025-01-15 20:16:00,0.4483,0.4485,0.448,0.448,5558.0
2025-01-15 20:17:00,0.4481,0.4483,0.4476,0.4483,2587.0
2025-01-15 20:18:00,0.4481,0.4488,0.4481,0.4488,3953.0
2025-01-15 20:19:00,0.4487,0.449,0.4485,0.4487,6047.0
2025-01-15 20:20:00,0.4486,0.4491,0.4485,0.4486,8520.0
2025-01-15 20:21:00,0.4487,0.449,0.4487,0.449,4200.0
2025-01-15 20:22:00,0.4488,0.4492,0.4487,0.4489,4976.0
2025-01-15 20:23:00,0.4487,0.4488,0.4485,0.4486,2157.0
2025-01-15 20:24:00,0.4486,0.4488,0.4484,0.4487,2665.0
2025-01-15 20:25:00,0.4486,0.4489,0.4486,0.4488,2152.0
2025-01-15 20:26:00,0.4484,0.4484,0.4478,0.4478,969.0
2025-01-15 20:27:00,0.4478,0.4483,0.4475,0.4482,19131.0
2025-01-15 20:28:00,0.4482,0.4485,0.4474,0.4477,12319.0
2025-01-15 20:29:00,0.4474,0.4477,0.4472,0.4472,4101.0
2025-01-15 20:30:00,0.4472,0.4472,0.4453,0.4453,4723.0
2025-01-15 20:31:00,0.4453,0.4461,0.4453,0.4458,2146.0
2025-01-15 20:32:00,0.4461,0.4469,0.4461,0.4466,2080.0
2025-01-15 20:33:00,0.4465,0.4471,0.4465,0.4471,1253.0
2025-01-15 20:34:00,0.4471,0.4473,0.4471,0.4471,1124.0
2025-01-15 20:35:00,0.4469,0.4471,0.4469,0.4469,271.0
2025-01-15 20:36:00,0.4465,0.4465,0.4464,0.4464,667.0
2025-01-15 20:37:00,0.4462,0.4463,0.4462,0.4463,5767.0
2025-01-15 20:38:00,0.4463,0.4463,0.4463,0.4463,0.0
2025-01-15 20:39:00,0.4458,0.4458,0.4455,0.4455,54.0
2025-01-15 20:40:00,0.4456,0.4456,0.4453,0.4453,7964.0
2025-01-15 20:41:00,0.4451,0.4453,0.445,0.445,877.0
2025-01-15 20:42:00,0.4449,0.445,0.4449,0.445,238.0
2025-01-15 20:43:00,0.445,0.445,0.4449,0.445,2609.0
2025-01-15 20:44:00,0.4451,0.4453,0.4451,0.4453,9604.0
2025-01-15 20:45:00,0.4453,0.4453,0.4452,0.4452,2025.0
2025-01-15 20:46:00,0.4455,0.4455,0.4455,0.4455,20.0
2025-01-15 20:47:00,0.4453,0.4453,0.4447,0.4447,3168.0
2025-01-15 20:48:00,0.4443,0.4443,0.444,0.444,5506.0
2025-01-15 20:49:00,0.4437,0.444,0.4437,0.4437,1168.0
2025-01-15 20:50:00,0.4436,0.4441,0.4433,0.4438,4666.0
2025-01-15 20:51:00,0.4436,0.4447,0.4434,0.4447,1963.0
2025-01-15 20:52:00,0.4447,0.4447,0.4445,0.4445,1039.0
2025-01-15 20:53:00,0.4445,0.4449,0.4444,0.4449,396.0
2025-01-15 20:54:00,0.4452,0.4454,0.4451,0.4453,1314.0
2025-01-15 20:55:00,0.4449,0.4449,0.4447,0.4447,740.0
2025-01-15 20:56:00,0.445,0.445,0.445,0.445,240.0
2025-01-15 20:57:00,0.445,0.445,0.445,0.445,0.0
2025-01-15 20:58:00,0.4445,0.4445,0.4445,0.4445,2696.0
2025-01-15 20:59:00,0.4448,0.4449,0.4448,0.4449,1343.0
2025-01-15 21:00:00,0.4452,0.4453,0.445,0.4453,698.0
2025-01-15 21:01:00,0.4453,0.4458,0.4453,0.4458,1372.0
2025-01-15 21:02:00,0.4459,0.446,0.4458,0.4458,3234.0
2025-01-15 21:03:00,0.4457,0.4459,0.4456,0.4457,4514.0
2025-01-15 21:04:00,0.4457,0.4457,0.445,0.445,86.0
2025-01-15 21:05:00,0.445,0.4454,0.445,0.4453,1765.0
2025-01-15 21:06:00,0.4448,0.4448,0.4448,0.4448,23.0
2025-01-15 21:07:00,0.445,0.445,0.4448,0.4449,2933.0
2025-01-15 21:08:00,0.4452,0.4452,0.4451,0.4451,803.0
2025-01-15 21:09:00,0.445,0.4454,0.445,0.4454,209.0
2025-01-15 21:10:00,0.4457,0.4457,0.4457,0.4457,540.0
2025-01-15 21:11:00,0.4458,0.446,0.4458,0.446,174.0
2025-01-15 21:12:00,0.4462,0.4467,0.4462,0.4464,1327.0
2025-01-15 21:13:00,0.4463,0.4463,0.4463,0.4463,4502.0
2025-01-15 21:14:00,0.4463,0.4463,0.4463,0.4463,0.0
2025-01-15 21:15:00,0.4463,0.4463,0.4463,0.4463,4180.0
2025-01-15 21:16:00,0.4467,0.4467,0.4465,0.4465,2896.0
2025-01-15 21:17:00,0.4464,0.4469,0.4464,0.4469,8499.0
2025-01-15 21:18:00,0.4463,0.4464,0.4462,0.4464,484.0
2025-01-15 21:19:00,0.4463,0.4464,0.4463,0.4464,656.0
2025-01-15 21:20:00,0.4465,0.4466,0.4465,0.4466,222.0
2025-01-15 21:21:00,0.4465,0.4465,0.4464,0.4465,2225.0
2025-01-15 21:22:00,0.4465,0.4467,0.4463,0.4463,1608.0
2025-01-15 21:23:00,0.4461,0.4461,0.4455,0.4455,1619.0
2025-01-15 21:24:00,0.446,0.446,0.446,0.446,539.0
2025-01-15 21:25:00,0.446,0.446,0.4458,0.4458,12992.0
2025-01-15 21:26:00,0.4457,0.4464,0.4457,0.4461,1723.0
2025-01-15 21:27:00,0.4464,0.4465,0.4464,0.4465,3347.0
2025-01-15 21:28:00,0.4465,0.4465,0.4463,0.4464,1198.0
2025-01-15 21:29:00,0.4464,0.4464,0.4464,0.4464,0.0
2025-01-15 21:30:00,0.4463,0.4466,0.4463,0.4464,2024.0
2025-01-15 21:31:00,0.4463,0.4463,0.4459,0.4459,843.0
2025-01-15 21:32:00,0.4461,0.4463,0.446,0.446,7167.0
2025-01-15 21:33:00,0.4459,0.4459,0.4454,0.4454,1376.0
2025-01-15 21:34:00,0.4454,0.4454,0.4454,0.4454,12.0
2025-01-15 21:35:00,0.4456,0.4456,0.4456,0.4456,27.0
2025-01-15 21:36:00,0.4454,0.4455,0.4453,0.4453,1274.0
2025-01-15 21:37:00,0.4454,0.4457,0.4454,0.4457,25.0
2025-01-15 21:38:00,0.4457,0.4457,0.4457,0.4457,0.0
2025-01-15 21:39:00,0.4454,0.4454,0.4454,0.4454,35.0
2025-01-15 21:40:00,0.4453,0.4454,0.4453,0.4454,462.0
2025-01-15 21:41:00,0.4453,0.4454,0.4453,0.4454,644.0
2025-01-15 21:42:00,0.4454,0.4454,0.4453,0.4453,66.0
2025-01-15 21:43:00,0.4454,0.4454,0.4453,0.4453,53.0
2025-01-15 21:44:00,0.4455,0.4455,0.4455,0.4455,12.0
2025-01-15 21:45:00,0.4456,0.4457,0.4456,0.4457,912.0
2025-01-15 21:46:00,0.4457,0.4458,0.4457,0.4458,1232.0
2025-01-15 21:47:00,0.4454,0.4454,0.4454,0.4454,12.0
2025-01-15 21:48:00,0.4457,0.4462,0.4457,0.4462,1791.0
2025-01-15 21:49:00,0.4462,0.4462,0.4462,0.4462,0.0
2025-01-15 21:50:00,0.4465,0.4467,0.4463,0.4465,2316.0
2025-01-15 21:51:00,0.4467,0.447,0.4467,0.447,58.0
2025-01-15 21:52:00,0.4473,0.4473,0.4473,0.4473,136.0
2025-01-15 21:53:00,0.4467,0.4467,0.4467,0.4467,43.0
2025-01-15 21:54:00,0.4465,0.4465,0.4465,0.4465,242.0
2025-01-15 21:55:00,0.4465,0.4466,0.4465,0.4466,417.0
2025-01-15 21:56:00,0.4462,0.4462,0.446,0.446,577.0
2025-01-15 21:57:00,0.446,0.446,0.446,0.446,1649.0
2025-01-15 21:58:00,0.446,0.446,0.446,0.446,0.0
2025-01-15 21:59:00,0.446,0.446,0.446,0.446,1594.0
2025-01-15 22:00:00,0.446,0.446,0.4452,0.4452,1326.0
2025-01-15 22:01:00,0.4454,0.4456,0.4454,0.4455,847.0
2025-01-15 22:02:00,0.4452,0.4452,0.4452,0.4452,1433.0
2025-01-15 22:03:00,0.4456,0.4456,0.4456,0.4456,23.0
2025-01-15 22:04:00,0.4456,0.4457,0.4456,0.4457,1000.0
2025-01-15 22:05:00,0.4455,0.4455,0.4455,0.4455,27.0
2025-01-15 22:06:00,0.4457,0.4458,0.4457,0.4458,267.0
2025-01-15 22:07:00,0.4458,0.4458,0.4458,0.4458,902.0
2025-01-15 22:08:00,0.4458,0.4458,0.4458,0.4458,0.0
2025-01-15 22:09:00,0.4459,0.446,0.4459,0.446,1124.0
2025-01-15 22:10:00,0.446,0.446,0.446,0.446,0.0
2025-01-15 22:11:00,0.4456,0.4456,0.4456,0.4456,14.0
2025-01-15 22:12:00,0.446,0.446,0.4457,0.4457,3761.0
2025-01-15 22:13:00,0.4456,0.4456,0.4454,0.4454,1259.0
2025-01-15 22:14:00,0.4458,0.4461,0.4458,0.446,10176.0
2025-01-15 22:15:00,0.4462,0.4462,0.4459,0.446,1014.0
2025-01-15 22:16:00,0.4458,0.4458,0.4455,0.4455,175.0
2025-01-15 22:17:00,0.4453,0.4454,0.4452,0.4453,4306.0
2025-01-15 22:18:00,0.4458,0.4458,0.4458,0.4458,43.0
2025-01-15 22:19:00,0.4459,0.4459,0.4459,0.4459,12.0
2025-01-15 22:20:00,0.4459,0.4459,0.4454,0.4454,829.0
2025-01-15 22:21:00,0.4455,0.4455,0.4453,0.4453,2689.0
2025-01-15 22:22:00,0.4452,0.4452,0.4448,0.4448,804.0
2025-01-15 22:23:00,0.4449,0.4452,0.4448,0.4452,2882.0
2025-01-15 22:24:00,0.4452,0.4456,0.4452,0.4456,9212.0
2025-01-15 22:25:00,0.4456,0.4456,0.4456,0.4456,0.0
2025-01-15 22:26:00,0.4451,0.4451,0.4448,0.4448,16216.0
2025-01-15 22:27:00,0.4452,0.4456,0.4452,0.4453,4428.0
2025-01-15 22:28:00,0.4456,0.4457,0.4456,0.4457,899.0
2025-01-15 22:29:00,0.4457,0.4457,0.4455,0.4455,306.0
2025-01-15 22:30:00,0.4457,0.446,0.4457,0.446,4071.0
2025-01-15 22:31:00,0.446,0.4463,0.4457,0.4463,5225.0
2025-01-15 22:32:00,0.4465,0.4468,0.4464,0.4466,3709.0
2025-01-15 22:33:00,0.4467,0.4471,0.4467,0.4469,4026.0
2025-01-15 22:34:00,0.447,0.447,0.447,0.447,36.0
2025-01-15 22:35:00,0.4465,0.4465,0.4463,0.4463,1764.0
2025-01-15 22:36:00,0.4462,0.4462,0.4462,0.4462,1165.0
2025-01-15 22:37:00,0.4462,0.4462,0.4462,0.4462,43.0
2025-01-15 22:38:00,0.4462,0.4462,0.4462,0.4462,0.0
2025-01-15 22:39:00,0.4466,0.4466,0.4465,0.4465,491.0
2025-01-15 22:40:00,0.4467,0.4467,0.4466,0.4466,1738.0
2025-01-15 22:41:00,0.4467,0.4467,0.4467,0.4467,42.0
2025-01-15 22:42:00,0.4469,0.4469,0.4467,0.4467,29.0
2025-01-15 22:43:00,0.4467,0.4467,0.4467,0.4467,141.0
2025-01-15 22:44:00,0.4466,0.4468,0.4464,0.4468,3412.0
2025-01-15 22:45:00,0.4468,0.4468,0.4468,0.4468,1988.0
2025-01-15 22:46:00,0.4468,0.4469,0.4468,0.4469,676.0
2025-01-15 22:47:00,0.447,0.447,0.447,0.447,71.0
2025-01-15 22:48:00,0.4471,0.4471,0.4471,0.4471,25.0
2025-01-15 22:49:00,0.4473,0.4473,0.4473,0.4473,15.0
2025-01-15 22:50:00,0.4474,0.4476,0.4473,0.4476,720.0
2025-01-15 22:51:00,0.4474,0.4474,0.4474,0.4474,186.0
2025-01-15 22:52:00,0.4472,0.4472,0.4472,0.4472,12.0
2025-01-15 22:53:00,0.4472,0.4472,0.4472,0.4472,0.0
2025-01-15 22:54:00,0.4472,0.4472,0.4472,0.4472,0.0
2025-01-15 22:55:00,0.4472,0.4472,0.4472,0.4472,0.0
2025-01-15 22:56:00,0.4475,0.4477,0.4475,0.4477,502.0
2025-01-15 22:57:00,0.4478,0.4485,0.4478,0.4481,20787.0
2025-01-15 22:58:00,0.4481,0.4481,0.448,0.448,554.0
2025-01-15 22:59:00,0.4478,0.4478,0.4478,0.4478,140.0
2025-01-15 23:00:00,0.4478,0.4483,0.4478,0.4481,2173.0
2025-01-15 23:01:00,0.4482,0.4484,0.4481,0.4481,1810.0
2025-01-15 23:02:00,0.4478,0.4478,0.4473,0.4473,2200.0
2025-01-15 23:03:00,0.4472,0.4473,0.4471,0.4473,914.0
2025-01-15 23:04:00,0.4473,0.448,0.4472,0.4479,3531.0
2025-01-15 23:05:00,0.4478,0.4479,0.4476,0.4478,5187.0
2025-01-15 23:06:00,0.4475,0.4478,0.4475,0.4477,5329.0
2025-01-15 23:07:00,0.4477,0.4479,0.4476,0.4476,2852.0
2025-01-15 23:08:00,0.4475,0.4477,0.4475,0.4477,914.0
2025-01-15 23:09:00,0.4474,0.4474,0.4474,0.4474,522.0
2025-01-15 23:10:00,0.4478,0.4478,0.4474,0.4474,56.0
2025-01-15 23:11:00,0.4477,0.4478,0.4473,0.4473,600.0
2025-01-15 23:12:00,0.4473,0.4474,0.4472,0.4472,935.0
2025-01-15 23:13:00,0.4474,0.4475,0.4471,0.4475,2404.0
2025-01-15 23:14:00,0.4476,0.4481,0.4475,0.4475,15193.0
2025-01-15 23:15:00,0.4474,0.4486,0.4474,0.4483,6246.0
2025-01-15 23:16:00,0.4483,0.4486,0.4482,0.4486,102.0
2025-01-15 23:17:00,0.4488,0.4488,0.4484,0.4485,9373.0
2025-01-15 23:18:00,0.4484,0.4484,0.4479,0.4481,2470.0
2025-01-15 23:19:00,0.4481,0.4481,0.448,0.448,500.0
2025-01-15 23:20:00,0.4481,0.4481,0.4479,0.4479,2065.0
2025-01-15 23:21:00,0.4479,0.4479,0.4474,0.4474,1289.0
2025-01-15 23:22:00,0.4476,0.4478,0.4475,0.4476,960.0
2025-01-15 23:23:00,0.4477,0.4477,0.4477,0.4477,392.0
2025-01-15 23:24:00,0.4477,0.4477,0.4476,0.4476,6649.0
2025-01-15 23:25:00,0.4481,0.4482,0.448,0.448,783.0
2025-01-15 23:26:00,0.448,0.4483,0.448,0.4481,774.0
2025-01-15 23:27:00,0.448,0.448,0.448,0.448,445.0
2025-01-15 23:28:00,0.4482,0.4483,0.4482,0.4483,298.0
2025-01-15 23:29:00,0.4483,0.4488,0.4483,0.4488,640.0
2025-01-15 23:30:00,0.4486,0.4486,0.4479,0.4481,6360.0
2025-01-15 23:31:00,0.448,0.448,0.4479,0.448,372.0
2025-01-15 23:32:00,0.448,0.4482,0.448,0.4481,1959.0
2025-01-15 23:33:00,0.4479,0.4479,0.4473,0.4473,1975.0
2025-01-15 23:34:00,0.4479,0.4481,0.4479,0.4481,1048.0
2025-01-15 23:35:00,0.4485,0.4487,0.4485,0.4487,688.0
2025-01-15 23:36:00,0.4487,0.4491,0.4487,0.4489,13609.0
2025-01-15 23:37:00,0.4492,0.4492,0.4492,0.4492,352.0
2025-01-15 23:38:00,0.4492,0.4492,0.4492,0.4492,0.0
2025-01-15 23:39:00,0.4492,0.4493,0.4492,0.4492,1324.0
2025-01-15 23:40:00,0.4492,0.4494,0.4491,0.4491,292.0
2025-01-15 23:41:00,0.4492,0.4494,0.4492,0.4494,6411.0
2025-01-15 23:42:00,0.4493,0.4493,0.4491,0.4491,227.0
2025-01-15 23:43:00,0.4492,0.4493,0.4491,0.4491,540.0
2025-01-15 23:44:00,0.4492,0.4495,0.4492,0.4495,6114.0
2025-01-15 23:45:00,0.4494,0.4494,0.4488,0.449,1645.0
2025-01-15 23:46:00,0.449,0.449,0.4487,0.4488,1290.0
2025-01-15 23:47:00,0.4487,0.4488,0.4486,0.4487,2429.0
2025-01-15 23:48:00,0.4486,0.4487,0.4485,0.4485,1914.0
2025-01-15 23:49:00,0.4484,0.4486,0.4483,0.4483,2006.0
2025-01-15 23:50:00,0.4483,0.4484,0.448,0.448,7667.0
2025-01-15 23:51:00,0.4479,0.4481,0.4477,0.4481,3827.0
2025-01-15 23:52:00,0.4485,0.4485,0.4483,0.4485,558.0
2025-01-15 23:53:00,0.4488,0.4488,0.4484,0.4484,696.0
2025-01-15 23:54:00,0.4487,0.4487,0.4484,0.4484,2263.0
2025-01-15 23:55:00,0.4486,0.449,0.4486,0.4488,8702.0
2025-01-15 23:56:00,0.4493,0.4493,0.4493,0.4493,955.0
2025-01-15 23:57:00,0.449,0.449,0.449,0.449,769.0
2025-01-15 23:58:00,0.4489,0.4491,0.4489,0.4491,3319.0
2025-01-15 23:59:00,0.4492,0.4492,0.4492,0.4492,23.0
2025-01-16 00:00:00,0.4494,0.45,0.4493,0.4493,20385.0
2025-01-16 00:01:00,0.4492,0.4492,0.4485,0.4492,20771.0
2025-01-16 00:02:00,0.4494,0.4494,0.4494,0.4494,5636.0
2025-01-16 00:03:00,0.4497,0.45,0.4486,0.4486,6999.0
2025-01-16 00:04:00,0.4486,0.4488,0.4477,0.4479,25221.0
2025-01-16 00:05:00,0.4477,0.4484,0.4477,0.4483,18310.0
2025-01-16 00:06:00,0.4485,0.4485,0.4474,0.4475,7722.0
2025-01-16 00:07:00,0.4472,0.4472,0.4464,0.4468,7016.0
2025-01-16 00:08:00,0.4467,0.4467,0.4459,0.4459,3733.0
2025-01-16 00:09:00,0.4458,0.4461,0.4456,0.4461,3949.0
2025-01-16 00:10:00,0.4461,0.4466,0.4456,0.4465,6538.0
2025-01-16 00:11:00,0.4464,0.4464,0.4461,0.4461,114.0
2025-01-16 00:12:00,0.4464,0.4467,0.4464,0.4464,79.0
2025-01-16 00:13:00,0.4464,0.4465,0.4462,0.4462,1269.0
2025-01-16 00:14:00,0.4459,0.446,0.4453,0.4453,10083.0
2025-01-16 00:15:00,0.4454,0.4455,0.4446,0.4446,7799.0
2025-01-16 00:16:00,0.4445,0.4448,0.4442,0.4442,18904.0
2025-01-16 00:17:00,0.4444,0.4445,0.444,0.444,1264.0
2025-01-16 00:18:00,0.4438,0.4439,0.4432,0.4432,2981.0
2025-01-16 00:19:00,0.4434,0.4442,0.4434,0.4442,12959.0
2025-01-16 00:20:00,0.4442,0.4449,0.4442,0.4443,2007.0
2025-01-16 00:21:00,0.4441,0.4441,0.443,0.4432,4694.0
2025-01-16 00:22:00,0.4432,0.4432,0.4429,0.4431,5636.0
2025-01-16 00:23:00,0.4433,0.4438,0.4433,0.4438,1480.0
2025-01-16 00:24:00,0.4442,0.4444,0.4439,0.4444,2516.0
2025-01-16 00:25:00,0.4444,0.4444,0.4444,0.4444,450.0
2025-01-16 00:26:00,0.4447,0.4447,0.4445,0.4446,856.0
2025-01-16 00:27:00,0.4443,0.4443,0.4435,0.4435,3989.0
2025-01-16 00:28:00,0.4439,0.4441,0.4436,0.4436,6451.0
2025-01-16 00:29:00,0.4434,0.4434,0.4429,0.4434,8881.0
2025-01-16 00:30:00,0.4434,0.444,0.4427,0.4428,8141.0
2025-01-16 00:31:00,0.4427,0.4427,0.4418,0.4418,15252.0
2025-01-16 00:32:00,0.4421,0.4429,0.4416,0.4429,7185.0
2025-01-16 00:33:00,0.4425,0.4425,0.4422,0.4422,3359.0
2025-01-16 00:34:00,0.442,0.442,0.4413,0.4413,4133.0
2025-01-16 00:35:00,0.4414,0.4416,0.4409,0.4409,9439.0
2025-01-16 00:36:00,0.4406,0.4406,0.4395,0.4395,9007.0
2025-01-16 00:37:00,0.4396,0.4402,0.439,0.4394,13180.0
2025-01-16 00:38:00,0.4394,0.4396,0.4384,0.4384,11412.0
2025-01-16 00:39:00,0.4386,0.4388,0.4382,0.4383,3958.0
2025-01-16 00:40:00,0.4386,0.4397,0.4386,0.4397,36104.0
2025-01-16 00:41:00,0.4397,0.44,0.4397,0.4398,7421.0
2025-01-16 00:42:00,0.4397,0.4398,0.4396,0.4398,1902.0
2025-01-16 00:43:00,0.4392,0.4397,0.4391,0.4394,7194.0
2025-01-16 00:44:00,0.4395,0.4407,0.4395,0.4407,1654.0
2025-01-16 00:45:00,0.4404,0.441,0.4402,0.441,6247.0
2025-01-16 00:46:00,0.4406,0.4406,0.4401,0.4405,489.0
2025-01-16 00:47:00,0.4409,0.4412,0.4408,0.4411,7788.0
2025-01-16 00:48:00,0.4409,0.4414,0.4409,0.4414,564.0
2025-01-16 00:49:00,0.4413,0.4417,0.4413,0.4416,4883.0
2025-01-16 00:50:00,0.4415,0.4423,0.4415,0.4423,877.0
2025-01-16 00:51:00,0.4421,0.4421,0.4418,0.4418,1214.0
2025-01-16 00:52:00,0.4418,0.4418,0.4411,0.4413,174.0
2025-01-16 00:53:00,0.4409,0.4409,0.4409,0.4409,12.0
2025-01-16 00:54:00,0.4411,0.4415,0.4411,0.4415,578.0
2025-01-16 00:55:00,0.4415,0.4415,0.4413,0.4413,2400.0
2025-01-16 00:56:00,0.4412,0.4415,0.4412,0.4413,1165.0
2025-01-16 00:57:00,0.4412,0.4412,0.4408,0.4408,1843.0
2025-01-16 00:58:00,0.441,0.4412,0.441,0.4412,3778.0
2025-01-16 00:59:00,0.4413,0.4413,0.4409,0.4409,1928.0
2025-01-16 01:00:00,0.4409,0.4415,0.4409,0.4411,3855.0
2025-01-16 01:01:00,0.4413,0.4422,0.4413,0.4422,11411.0
2025-01-16 01:02:00,0.4421,0.4421,0.442,0.4421,1929.0
2025-01-16 01:03:00,0.4427,0.443,0.4427,0.443,1896.0
2025-01-16 01:04:00,0.443,0.4432,0.4429,0.4429,2231.0
2025-01-16 01:05:00,0.443,0.4436,0.443,0.4433,2981.0
2025-01-16 01:06:00,0.4436,0.4436,0.443,0.4433,2241.0
2025-01-16 01:07:00,0.4433,0.4437,0.4433,0.4437,774.0
2025-01-16 01:08:00,0.4439,0.4442,0.4439,0.4439,6127.0
2025-01-16 01:09:00,0.4438,0.4441,0.4438,0.4441,1496.0
2025-01-16 01:10:00,0.4442,0.4442,0.4442,0.4442,225.0
2025-01-16 01:11:00,0.4445,0.4445,0.4441,0.4441,545.0
2025-01-16 01:12:00,0.4439,0.4439,0.4429,0.4429,1994.0
2025-01-16 01:13:00,0.4428,0.4429,0.4428,0.4429,2614.0
2025-01-16 01:14:00,0.4433,0.4434,0.4433,0.4434,760.0
2025-01-16 01:15:00,0.4434,0.4441,0.4434,0.4441,934.0
2025-01-16 01:16:00,0.4441,0.4441,0.4435,0.4435,737.0
2025-01-16 01:17:00,0.4432,0.4432,0.4432,0.4432,44.0
2025-01-16 01:18:00,0.4426,0.4426,0.4426,0.4426,161.0
2025-01-16 01:19:00,0.4427,0.4427,0.4427,0.4427,2950.0
2025-01-16 01:20:00,0.4422,0.4422,0.4412,0.4412,1260.0
2025-01-16 01:21:00,0.4412,0.4414,0.441,0.441,2069.0
2025-01-16 01:22:00,0.4412,0.4417,0.4408,0.4417,1883.0
2025-01-16 01:23:00,0.442,0.442,0.442,0.442,182.0
2025-01-16 01:24:00,0.442,0.442,0.442,0.442,0.0
2025-01-16 01:25:00,0.4422,0.4427,0.4421,0.4425,10620.0
2025-01-16 01:26:00,0.4424,0.4424,0.4422,0.4422,237.0
2025-01-16 01:27:00,0.4422,0.4424,0.4422,0.4424,64.0
2025-01-16 01:28:00,0.4428,0.4428,0.4427,0.4427,863.0
2025-01-16 01:29:00,0.4428,0.4432,0.4427,0.4432,17557.0
2025-01-16 01:30:00,0.443,0.4432,0.4426,0.4428,726.0
2025-01-16 01:31:00,0.4425,0.4425,0.4419,0.4419,3268.0
2025-01-16 01:32:00,0.4418,0.4418,0.4418,0.4418,881.0
2025-01-16 01:33:00,0.4422,0.4423,0.4422,0.4423,897.0
2025-01-16 01:34:00,0.4424,0.4427,0.4424,0.4427,785.0
2025-01-16 01:35:00,0.4421,0.4423,0.4419,0.4422,7546.0
2025-01-16 01:36:00,0.4423,0.4426,0.4423,0.4425,8862.0
2025-01-16 01:37:00,0.4424,0.4432,0.4421,0.4431,6897.0
2025-01-16 01:38:00,0.4431,0.4435,0.4431,0.4434,19307.0
2025-01-16 01:39:00,0.4436,0.4436,0.4435,0.4435,57.0
2025-01-16 01:40:00,0.4435,0.4435,0.443,0.443,3672.0
2025-01-16 01:41:00,0.4434,0.4434,0.443,0.443,134.0
2025-01-16 01:42:00,0.443,0.443,0.443,0.443,0.0
2025-01-16 01:43:00,0.4425,0.4426,0.4421,0.4421,5267.0
2025-01-16 01:44:00,0.4428,0.4429,0.4428,0.4429,28.0
2025-01-16 01:45:00,0.443,0.4432,0.4429,0.4431,1959.0
2025-01-16 01:46:00,0.4433,0.4434,0.4433,0.4434,1778.0
2025-01-16 01:47:00,0.4434,0.4434,0.4434,0.4434,426.0
2025-01-16 01:48:00,0.4432,0.4435,0.4428,0.4429,58021.0
2025-01-16 01:49:00,0.4431,0.4431,0.4429,0.4429,529.0
2025-01-16 01:50:00,0.4432,0.4432,0.4432,0.4432,45.0
2025-01-16 01:51:00,0.4429,0.4429,0.4429,0.4429,44.0
2025-01-16 01:52:00,0.4432,0.4432,0.4431,0.4431,73.0
2025-01-16 01:53:00,0.4437,0.4437,0.4436,0.4436,60.0
2025-01-16 01:54:00,0.4437,0.4437,0.4433,0.4433,138.0
2025-01-16 01:55:00,0.4436,0.4439,0.4436,0.4439,4190.0
2025-01-16 01:56:00,0.444,0.4441,0.4438,0.4438,1256.0
2025-01-16 01:57:00,0.4437,0.4437,0.4433,0.4433,3373.0
2025-01-16 01:58:00,0.4433,0.4433,0.4433,0.4433,45.0
2025-01-16 01:59:00,0.4432,0.4432,0.443,0.443,176.0
2025-01-16 02:00:00,0.4429,0.4429,0.4424,0.4424,681.0
2025-01-16 02:01:00,0.4423,0.4423,0.4416,0.4416,959.0
2025-01-16 02:02:00,0.4415,0.4416,0.4414,0.4414,3732.0
2025-01-16 02:03:00,0.4413,0.4413,0.4406,0.4406,222.0
2025-01-16 02:04:00,0.4404,0.4416,0.4404,0.4416,2939.0
2025-01-16 02:05:00,0.4417,0.4422,0.4417,0.4422,2835.0
2025-01-16 02:06:00,0.4425,0.4426,0.4423,0.4426,234.0
2025-01-16 02:07:00,0.4425,0.4426,0.4424,0.4425,788.0
2025-01-16 02:08:00,0.4425,0.4426,0.4424,0.4424,2971.0
2025-01-16 02:09:00,0.4422,0.4422,0.442,0.4422,571.0
2025-01-16 02:10:00,0.4426,0.4428,0.4424,0.4424,1134.0
2025-01-16 02:11:00,0.4428,0.443,0.4428,0.443,4835.0
2025-01-16 02:12:00,0.4428,0.443,0.4427,0.443,4242.0
2025-01-16 02:13:00,0.4428,0.4428,0.4428,0.4428,12.0
2025-01-16 02:14:00,0.4427,0.4428,0.4427,0.4428,57.0
2025-01-16 02:15:00,0.443,0.443,0.443,0.443,12.0
2025-01-16 02:16:00,0.4424,0.4424,0.4423,0.4423,1108.0
2025-01-16 02:17:00,0.4423,0.4423,0.4423,0.4423,0.0
2025-01-16 02:18:00,0.4423,0.4423,0.4423,0.4423,0.0
2025-01-16 02:19:00,0.4423,0.4423,0.4423,0.4423,0.0
2025-01-16 02:20:00,0.4424,0.4424,0.4422,0.4422,1174.0
2025-01-16 02:21:00,0.4425,0.443,0.4425,0.4428,3200.0
2025-01-16 02:22:00,0.4428,0.4428,0.4423,0.4423,745.0
2025-01-16 02:23:00,0.4421,0.4423,0.4421,0.4423,846.0
2025-01-16 02:24:00,0.4427,0.4427,0.4426,0.4426,229.0
2025-01-16 02:25:00,0.442,0.442,0.4416,0.4416,4096.0
2025-01-16 02:26:00,0.4419,0.4419,0.4419,0.4419,1122.0
2025-01-16 02:27:00,0.4416,0.4416,0.4415,0.4415,89.0
2025-01-16 02:28:00,0.441,0.441,0.441,0.441,26.0
2025-01-16 02:29:00,0.4414,0.4415,0.4414,0.4415,312.0
2025-01-16 02:30:00,0.4421,0.4422,0.4417,0.4419,762.0
2025-01-16 02:31:00,0.4417,0.4417,0.4417,0.4417,12.0
2025-01-16 02:32:00,0.4417,0.4417,0.4417,0.4417,0.0
2025-01-16 02:33:00,0.4423,0.4425,0.4423,0.4425,1463.0
2025-01-16 02:34:00,0.4422,0.4422,0.442,0.442,2165.0
2025-01-16 02:35:00,0.442,0.442,0.4417,0.4417,448.0
2025-01-16 02:36:00,0.4417,0.4418,0.4417,0.4418,6008.0
2025-01-16 02:37:00,0.4423,0.4423,0.4415,0.4415,806.0
2025-01-16 02:38:00,0.4415,0.4415,0.4415,0.4415,0.0
2025-01-16 02:39:00,0.4415,0.4415,0.4415,0.4415,0.0
2025-01-16 02:40:00,0.4417,0.4418,0.4414,0.4414,1512.0
2025-01-16 02:41:00,0.4418,0.4418,0.4416,0.4416,45.0
2025-01-16 02:42:00,0.4417,0.4418,0.4417,0.4417,819.0
2025-01-16 02:43:00,0.4415,0.4415,0.4415,0.4415,12.0
2025-01-16 02:44:00,0.4415,0.4415,0.4415,0.4415,0.0
2025-01-16 02:45:00,0.4417,0.4417,0.4412,0.4412,535.0
2025-01-16 02:46:00,0.441,0.441,0.4405,0.4409,7146.0
2025-01-16 02:47:00,0.441,0.4412,0.4405,0.4407,10934.0
2025-01-16 02:48:00,0.4409,0.4411,0.4409,0.4411,540.0
2025-01-16 02:49:00,0.4411,0.4411,0.4411,0.4411,0.0
2025-01-16 02:50:00,0.4408,0.4408,0.4406,0.4406,253.0
2025-01-16 02:51:00,0.4411,0.4411,0.4411,0.4411,298.0
2025-01-16 02:52:00,0.4413,0.4415,0.4413,0.4415,37.0
2025-01-16 02:53:00,0.4409,0.4409,0.4407,0.4407,1215.0
2025-01-16 02:54:00,0.4406,0.4408,0.4406,0.4408,574.0
2025-01-16 02:55:00,0.4408,0.4411,0.4408,0.4411,132.0
2025-01-16 02:56:00,0.4408,0.4408,0.4408,0.4408,12.0
2025-01-16 02:57:00,0.4407,0.4409,0.4407,0.4409,2441.0
2025-01-16 02:58:00,0.441,0.4412,0.441,0.4411,3679.0
2025-01-16 02:59:00,0.4412,0.4415,0.441,0.4414,5445.0
2025-01-16 03:00:00,0.4414,0.4416,0.4414,0.4416,127.0
2025-01-16 03:01:00,0.4413,0.4413,0.4413,0.4413,45.0
2025-01-16 03:02:00,0.4416,0.4417,0.4416,0.4417,2327.0
2025-01-16 03:03:00,0.442,0.4424,0.4417,0.4417,589.0
2025-01-16 03:04:00,0.4417,0.4417,0.4417,0.4417,0.0
2025-01-16 03:05:00,0.4416,0.4421,0.4416,0.4421,272.0
2025-01-16 03:06:00,0.4425,0.4425,0.4424,0.4424,107.0
2025-01-16 03:07:00,0.4421,0.4421,0.4417,0.4418,1126.0
2025-01-16 03:08:00,0.4418,0.4418,0.4418,0.4418,449.0
2025-01-16 03:09:00,0.4422,0.4422,0.4421,0.4421,1183.0
2025-01-16 03:10:00,0.4422,0.4422,0.4422,0.4422,45.0
2025-01-16 03:11:00,0.4421,0.4421,0.4421,0.4421,127.0
2025-01-16 03:12:00,0.4422,0.4424,0.4421,0.4424,2356.0
2025-01-16 03:13:00,0.4423,0.4423,0.4418,0.4418,6904.0
2025-01-16 03:14:00,0.4418,0.4418,0.4417,0.4417,100.0
2025-01-16 03:15:00,0.4416,0.4416,0.4412,0.4412,563.0
2025-01-16 03:16:00,0.4416,0.4416,0.4416,0.4416,286.0
2025-01-16 03:17:00,0.4415,0.4418,0.4415,0.4418,4687.0
2025-01-16 03:18:00,0.442,0.4421,0.4418,0.4418,3377.0
2025-01-16 03:19:00,0.4418,0.4418,0.4418,0.4418,0.0
2025-01-16 03:20:00,0.4408,0.4408,0.4406,0.4406,2540.0
2025-01-16 03:21:00,0.4414,0.4414,0.4414,0.4414,24.0
2025-01-16 03:22:00,0.441,0.441,0.44,0.4402,61071.0
2025-01-16 03:23:00,0.4405,0.4405,0.4404,0.4404,2733.0
2025-01-16 03:24:00,0.4403,0.4403,0.4403,0.4403,433.0
2025-01-16 03:25:00,0.4403,0.4403,0.4403,0.4403,12.0
2025-01-16 03:26:00,0.4406,0.4406,0.4403,0.4403,3795.0
2025-01-16 03:27:00,0.4408,0.4408,0.4408,0.4408,675.0
2025-01-16 03:28:00,0.4408,0.4408,0.4408,0.4408,0.0
2025-01-16 03:29:00,0.4404,0.4404,0.44,0.44,239.0
2025-01-16 03:30:00,0.4398,0.4398,0.4393,0.4393,3419.0
2025-01-16 03:31:00,0.4392,0.4394,0.4391,0.4391,1765.0
2025-01-16 03:32:00,0.4391,0.4391,0.4389,0.439,2348.0
2025-01-16 03:33:00,0.439,0.439,0.4382,0.4385,4122.0
2025-01-16 03:34:00,0.4384,0.4391,0.4383,0.4391,4178.0
2025-01-16 03:35:00,0.4392,0.4392,0.4382,0.4382,1370.0
2025-01-16 03:36:00,0.4387,0.4387,0.4385,0.4385,4088.0
2025-01-16 03:37:00,0.4381,0.4381,0.438,0.438,1493.0
2025-01-16 03:38:00,0.4384,0.4389,0.4384,0.4389,1578.0
2025-01-16 03:39:00,0.4394,0.4398,0.4394,0.4398,3230.0
2025-01-16 03:40:00,0.4391,0.4391,0.4389,0.4389,2897.0
2025-01-16 03:41:00,0.4392,0.4394,0.4391,0.4394,219.0
2025-01-16 03:42:00,0.4394,0.4394,0.4394,0.4394,13.0
2025-01-16 03:43:00,0.4394,0.4395,0.4394,0.4395,149.0
2025-01-16 03:44:00,0.44,0.4401,0.44,0.4401,174.0
2025-01-16 03:45:00,0.4402,0.4405,0.4402,0.4402,1218.0
2025-01-16 03:46:00,0.4403,0.4403,0.4403,0.4403,12.0
2025-01-16 03:47:00,0.44,0.44,0.44,0.44,1000.0
2025-01-16 03:48:00,0.4395,0.4395,0.4395,0.4395,2000.0
2025-01-16 03:49:00,0.4396,0.4396,0.4396,0.4396,1533.0
2025-01-16 03:50:00,0.4396,0.4397,0.4396,0.4397,110.0
2025-01-16 03:51:00,0.4393,0.4394,0.4392,0.4394,204.0
2025-01-16 03:52:00,0.4394,0.4394,0.4394,0.4394,0.0
2025-01-16 03:53:00,0.4394,0.4394,0.4394,0.4394,0.0
2025-01-16 03:54:00,0.4393,0.4393,0.4393,0.4393,12.0
2025-01-16 03:55:00,0.4396,0.4396,0.4396,0.4396,162.0
2025-01-16 03:56:00,0.4396,0.4396,0.4396,0.4396,0.0
2025-01-16 03:57:00,0.4395,0.4396,0.4395,0.4396,110.0
2025-01-16 03:58:00,0.4399,0.44,0.4399,0.44,936.0
2025-01-16 03:59:00,0.4401,0.4402,0.4401,0.4401,622.0
2025-01-16 04:00:00,0.4401,0.4403,0.4401,0.4403,1598.0
2025-01-16 04:01:00,0.4405,0.4408,0.4405,0.4406,257.0
2025-01-16 04:02:00,0.4406,0.4406,0.4403,0.4403,416.0
2025-01-16 04:03:00,0.4401,0.4401,0.44,0.44,1347.0
2025-01-16 04:04:00,0.44,0.44,0.44,0.44,0.0
2025-01-16 04:05:00,0.44,0.44,0.44,0.44,0.0
2025-01-16 04:06:00,0.4399,0.44,0.4399,0.44,935.0
2025-01-16 04:07:00,0.4402,0.4402,0.4402,0.4402,1267.0
2025-01-16 04:08:00,0.4399,0.4399,0.4398,0.4399,919.0
2025-01-16 04:09:00,0.4398,0.4403,0.4398,0.4403,5951.0
2025-01-16 04:10:00,0.4403,0.441,0.4403,0.4405,16588.0
2025-01-16 04:11:00,0.4407,0.4407,0.4405,0.4405,70.0
2025-01-16 04:12:00,0.4404,0.4404,0.4404,0.4404,13.0
2025-01-16 04:13:00,0.4404,0.4407,0.4404,0.4407,585.0
2025-01-16 04:14:00,0.4405,0.4405,0.4404,0.4404,254.0
2025-01-16 04:15:00,0.4404,0.4404,0.4401,0.4401,253.0
2025-01-16 04:16:00,0.4401,0.4401,0.4401,0.4401,0.0
2025-01-16 04:17:00,0.4406,0.4406,0.4406,0.4406,1023.0
2025-01-16 04:18:00,0.4406,0.4406,0.4406,0.4406,0.0
2025-01-16 04:19:00,0.4402,0.4402,0.4402,0.4402,100.0
2025-01-16 04:20:00,0.44,0.4401,0.44,0.4401,621.0
2025-01-16 04:21:00,0.44,0.44,0.4399,0.4399,80.0
2025-01-16 04:22:00,0.4399,0.4399,0.4399,0.4399,12.0
2025-01-16 04:23:00,0.44,0.44,0.4399,0.4399,51.0
2025-01-16 04:24:00,0.4398,0.4398,0.4395,0.4395,308.0
2025-01-16 04:25:00,0.4397,0.4397,0.4393,0.4393,238.0
2025-01-16 04:26:00,0.4395,0.4395,0.4394,0.4394,356.0
2025-01-16 04:27:00,0.4394,0.4396,0.4394,0.4396,834.0
2025-01-16 04:28:00,0.4396,0.4399,0.4396,0.4399,643.0
2025-01-16 04:29:00,0.4399,0.4399,0.4395,0.4395,427.0
2025-01-16 04:30:00,0.4396,0.4396,0.4396,0.4396,13.0
2025-01-16 04:31:00,0.4394,0.4394,0.4388,0.4388,1690.0
2025-01-16 04:32:00,0.4388,0.439,0.4387,0.4387,2158.0
2025-01-16 04:33:00,0.439,0.439,0.439,0.439,59.0
2025-01-16 04:34:00,0.4392,0.4392,0.4392,0.4392,540.0
2025-01-16 04:35:00,0.4389,0.4389,0.4389,0.4389,45.0
2025-01-16 04:36:00,0.4393,0.4393,0.4393,0.4393,36.0
2025-01-16 04:37:00,0.4395,0.4395,0.4395,0.4395,1046.0
2025-01-16 04:38:00,0.4395,0.4395,0.4392,0.4392,3869.0
2025-01-16 04:39:00,0.4393,0.4395,0.4393,0.4394,3879.0
2025-01-16 04:40:00,0.4395,0.4395,0.4391,0.4391,4554.0
2025-01-16 04:41:00,0.439,0.4391,0.439,0.4391,2999.0
2025-01-16 04:42:00,0.4392,0.4395,0.4392,0.4394,2057.0
2025-01-16 04:43:00,0.4395,0.4397,0.4393,0.4397,6542.0
2025-01-16 04:44:00,0.4395,0.4395,0.4393,0.4393,3738.0
2025-01-16 04:45:00,0.4394,0.4394,0.4389,0.4389,19226.0
2025-01-16 04:46:00,0.4391,0.4391,0.4387,0.4387,331.0
2025-01-16 04:47:00,0.4387,0.4387,0.4387,0.4387,0.0
2025-01-16 04:48:00,0.439,0.4393,0.439,0.4393,24.0
2025-01-16 04:49:00,0.4393,0.4394,0.4392,0.4392,529.0
2025-01-16 04:50:00,0.4392,0.4394,0.4392,0.4393,1297.0
2025-01-16 04:51:00,0.4395,0.4397,0.4395,0.4397,1856.0
2025-01-16 04:52:00,0.4391,0.4391,0.439,0.439,3796.0
2025-01-16 04:53:00,0.4394,0.4394,0.4394,0.4394,17.0
2025-01-16 04:54:00,0.4395,0.4396,0.4395,0.4396,1079.0
2025-01-16 04:55:00,0.4393,0.4394,0.4393,0.4394,773.0
2025-01-16 04:56:00,0.4393,0.4393,0.439,0.4391,663.0
2025-01-16 04:57:00,0.4392,0.4393,0.4392,0.4393,38.0
2025-01-16 04:58:00,0.4393,0.4393,0.4393,0.4393,1012.0
2025-01-16 04:59:00,0.4395,0.4395,0.4395,0.4395,26.0
2025-01-16 05:00:00,0.4396,0.4396,0.4396,0.4396,624.0
2025-01-16 05:01:00,0.4396,0.4396,0.4396,0.4396,0.0
2025-01-16 05:02:00,0.4391,0.4391,0.439,0.439,2442.0
2025-01-16 05:03:00,0.439,0.4391,0.439,0.4391,1107.0
2025-01-16 05:04:00,0.4388,0.4388,0.4386,0.4386,2538.0
2025-01-16 05:05:00,0.4389,0.4389,0.4389,0.4389,45.0
2025-01-16 05:06:00,0.4387,0.4388,0.4387,0.4388,608.0
2025-01-16 05:07:00,0.4386,0.4386,0.4383,0.4383,8259.0
2025-01-16 05:08:00,0.4382,0.4382,0.4382,0.4382,12.0
2025-01-16 05:09:00,0.4387,0.4387,0.4387,0.4387,279.0
2025-01-16 05:10:00,0.4385,0.4385,0.438,0.4381,46807.0
2025-01-16 05:11:00,0.4379,0.4379,0.4379,0.4379,23.0
2025-01-16 05:12:00,0.4378,0.4378,0.4377,0.4377,910.0
2025-01-16 05:13:00,0.4377,0.4377,0.4375,0.4375,14532.0
2025-01-16 05:14:00,0.4375,0.4377,0.4375,0.4376,21622.0
2025-01-16 05:15:00,0.4377,0.4377,0.437,0.437,4857.0
2025-01-16 05:16:00,0.4371,0.4371,0.4371,0.4371,206.0
2025-01-16 05:17:00,0.4375,0.4375,0.4375,0.4375,68.0
2025-01-16 05:18:00,0.4369,0.437,0.4369,0.437,418.0
2025-01-16 05:19:00,0.437,0.4373,0.437,0.4373,4208.0
2025-01-16 05:20:00,0.4375,0.438,0.4375,0.438,2512.0
2025-01-16 05:21:00,0.4381,0.4381,0.4381,0.4381,390.0
2025-01-16 05:22:00,0.4378,0.4379,0.4378,0.4379,2589.0
2025-01-16 05:23:00,0.4381,0.4384,0.438,0.438,11255.0
2025-01-16 05:24:00,0.4381,0.4384,0.4381,0.4382,617.0
2025-01-16 05:25:00,0.4382,0.4384,0.438,0.4384,2555.0
2025-01-16 05:26:00,0.4382,0.4382,0.438,0.438,1388.0
2025-01-16 05:27:00,0.4381,0.4384,0.4381,0.4384,3452.0
2025-01-16 05:28:00,0.4384,0.4385,0.4384,0.4384,128.0
2025-01-16 05:29:00,0.4384,0.4384,0.4384,0.4384,0.0
2025-01-16 05:30:00,0.4387,0.439,0.4386,0.439,3823.0
2025-01-16 05:31:00,0.4391,0.4393,0.4391,0.4392,4907.0
2025-01-16 05:32:00,0.439,0.4402,0.439,0.4398,109624.0
2025-01-16 05:33:00,0.4397,0.4399,0.4396,0.4399,3783.0
2025-01-16 05:34:00,0.4402,0.4402,0.4402,0.4402,340.0
2025-01-16 05:35:00,0.4403,0.4403,0.4401,0.4401,600.0
2025-01-16 05:36:00,0.4398,0.4402,0.4398,0.4399,10121.0
2025-01-16 05:37:00,0.4403,0.4408,0.4403,0.4408,1681.0
2025-01-16 05:38:00,0.4406,0.4408,0.4406,0.4408,3749.0
2025-01-16 05:39:00,0.4404,0.4406,0.4404,0.4405,4101.0
2025-01-16 05:40:00,0.4404,0.4407,0.4404,0.4407,2064.0
2025-01-16 05:41:00,0.4402,0.4404,0.4402,0.4404,4745.0
2025-01-16 05:42:00,0.4403,0.4403,0.4397,0.4397,243.0
2025-01-16 05:43:00,0.44,0.44,0.4398,0.44,936.0
2025-01-16 05:44:00,0.44,0.44,0.44,0.44,0.0
2025-01-16 05:45:00,0.4406,0.4413,0.4406,0.4408,14865.0
2025-01-16 05:46:00,0.4408,0.4408,0.4406,0.4406,49.0
2025-01-16 05:47:00,0.4408,0.4409,0.4408,0.4409,49.0
2025-01-16 05:48:00,0.4409,0.4409,0.4406,0.4409,15136.0
2025-01-16 05:49:00,0.4408,0.4415,0.4408,0.4411,49897.0
2025-01-16 05:50:00,0.4409,0.4413,0.4409,0.4411,3466.0
2025-01-16 05:51:00,0.4411,0.4411,0.441,0.441,1320.0
2025-01-16 05:52:00,0.4411,0.4411,0.4411,0.4411,26.0
2025-01-16 05:53:00,0.4411,0.4412,0.4408,0.4408,2504.0
2025-01-16 05:54:00,0.4407,0.4409,0.4404,0.4404,769.0
2025-01-16 05:55:00,0.4407,0.4412,0.4406,0.4408,20707.0
2025-01-16 05:56:00,0.4409,0.4409,0.4408,0.4409,22613.0
2025-01-16 05:57:00,0.4409,0.4409,0.4409,0.4409,2305.0
2025-01-16 05:58:00,0.4409,0.441,0.4408,0.4408,1992.0
2025-01-16 05:59:00,0.4408,0.4409,0.4407,0.4407,13692.0
2025-01-16 06:00:00,0.4408,0.4408,0.4406,0.4407,10944.0
2025-01-16 06:01:00,0.4406,0.4406,0.4399,0.4399,18711.0
2025-01-16 06:02:00,0.44,0.4405,0.4399,0.4405,5101.0
2025-01-16 06:03:00,0.4406,0.4409,0.4406,0.4407,590.0
2025-01-16 06:04:00,0.4409,0.441,0.4408,0.441,2535.0
2025-01-16 06:05:00,0.441,0.4418,0.441,0.4416,10655.0
2025-01-16 06:06:00,0.4417,0.4419,0.4417,0.4417,5560.0
2025-01-16 06:07:00,0.4418,0.4418,0.4416,0.4416,3878.0
2025-01-16 06:08:00,0.4416,0.4416,0.4414,0.4415,3254.0
2025-01-16 06:09:00,0.4413,0.4413,0.4413,0.4413,27.0
2025-01-16 06:10:00,0.4413,0.4418,0.4413,0.4418,1842.0
2025-01-16 06:11:00,0.4416,0.4418,0.4416,0.4418,89.0
2025-01-16 06:12:00,0.4416,0.4416,0.4416,0.4416,178.0
2025-01-16 06:13:00,0.4415,0.4415,0.4414,0.4414,280.0
2025-01-16 06:14:00,0.4418,0.4421,0.4418,0.4421,3453.0
2025-01-16 06:15:00,0.4421,0.4424,0.4418,0.4418,3784.0
2025-01-16 06:16:00,0.4415,0.4415,0.4413,0.4413,225.0
2025-01-16 06:17:00,0.4417,0.4417,0.4415,0.4417,535.0
2025-01-16 06:18:00,0.4417,0.4417,0.4417,0.4417,111.0
2025-01-16 06:19:00,0.4415,0.4415,0.4411,0.4414,15654.0
2025-01-16 06:20:00,0.441,0.4411,0.4409,0.4411,703.0
2025-01-16 06:21:00,0.4411,0.4411,0.4411,0.4411,0.0
2025-01-16 06:22:00,0.4417,0.4417,0.4417,0.4417,1499.0
2025-01-16 06:23:00,0.4415,0.4416,0.4415,0.4416,35.0
2025-01-16 06:24:00,0.4419,0.4419,0.4417,0.4417,1679.0
2025-01-16 06:25:00,0.4419,0.4419,0.4416,0.4416,936.0
2025-01-16 06:26:00,0.4421,0.4424,0.4421,0.4424,4465.0
2025-01-16 06:27:00,0.4424,0.4427,0.4424,0.4427,3269.0
2025-01-16 06:28:00,0.4427,0.4433,0.4427,0.4433,2163.0
2025-01-16 06:29:00,0.4432,0.4432,0.443,0.443,779.0
2025-01-16 06:30:00,0.4434,0.4436,0.4432,0.4432,1076.0
2025-01-16 06:31:00,0.4435,0.444,0.4432,0.4439,12774.0
2025-01-16 06:32:00,0.4439,0.4439,0.4434,0.4434,2841.0
2025-01-16 06:33:00,0.4432,0.4432,0.4432,0.4432,36.0
2025-01-16 06:34:00,0.4435,0.4435,0.4433,0.4433,772.0
2025-01-16 06:35:00,0.4433,0.4433,0.4431,0.4431,456.0
2025-01-16 06:36:00,0.4433,0.4433,0.4433,0.4433,1329.0
2025-01-16 06:37:00,0.4435,0.4435,0.4431,0.4431,205.0
2025-01-16 06:38:00,0.4432,0.4432,0.4432,0.4432,25.0
2025-01-16 06:39:00,0.4436,0.4438,0.4433,0.4438,7829.0
2025-01-16 06:40:00,0.4436,0.4436,0.4432,0.4433,1267.0
2025-01-16 06:41:00,0.4431,0.4432,0.4431,0.4432,41.0
2025-01-16 06:42:00,0.4431,0.4431,0.4429,0.4429,1769.0
2025-01-16 06:43:00,0.4429,0.4429,0.4429,0.4429,53.0
2025-01-16 06:44:00,0.4428,0.4431,0.4426,0.4431,1766.0
2025-01-16 06:45:00,0.443,0.4431,0.4423,0.4423,1186.0
2025-01-16 06:46:00,0.4425,0.4425,0.4421,0.4421,342.0
2025-01-16 06:47:00,0.4425,0.4431,0.4425,0.4431,2249.0
2025-01-16 06:48:00,0.4428,0.443,0.4428,0.443,294.0
2025-01-16 06:49:00,0.443,0.443,0.4425,0.4425,964.0
2025-01-16 06:50:00,0.4427,0.4432,0.4426,0.4432,749.0
2025-01-16 06:51:00,0.443,0.4432,0.4429,0.4432,742.0
2025-01-16 06:52:00,0.443,0.4431,0.443,0.443,246.0
2025-01-16 06:53:00,0.4428,0.443,0.4428,0.443,640.0
2025-01-16 06:54:00,0.4431,0.4431,0.4429,0.4429,224.0
2025-01-16 06:55:00,0.4427,0.4428,0.4427,0.4428,28.0
2025-01-16 06:56:00,0.4429,0.4429,0.4429,0.4429,25.0
2025-01-16 06:57:00,0.4429,0.4429,0.4429,0.4429,6845.0
2025-01-16 06:58:00,0.4429,0.443,0.4428,0.4429,8616.0
2025-01-16 06:59:00,0.4431,0.4433,0.4427,0.4429,7660.0
2025-01-16 07:00:00,0.443,0.443,0.4426,0.4426,1517.0
2025-01-16 07:01:00,0.4426,0.4427,0.4424,0.4427,314.0
2025-01-16 07:02:00,0.4426,0.4429,0.4426,0.4428,2572.0
2025-01-16 07:03:00,0.4432,0.4432,0.4428,0.443,3312.0
2025-01-16 07:04:00,0.4433,0.4437,0.4432,0.4435,1746.0
2025-01-16 07:05:00,0.4437,0.4437,0.4433,0.4433,5041.0
2025-01-16 07:06:00,0.4434,0.4434,0.443,0.443,2453.0
2025-01-16 07:07:00,0.4431,0.4431,0.4428,0.4428,1781.0
2025-01-16 07:08:00,0.4428,0.4428,0.4428,0.4428,0.0
2025-01-16 07:09:00,0.4429,0.4429,0.4429,0.4429,284.0
2025-01-16 07:10:00,0.443,0.4431,0.4429,0.4429,712.0
2025-01-16 07:11:00,0.443,0.443,0.4429,0.443,2239.0
2025-01-16 07:12:00,0.4427,0.443,0.4427,0.443,1448.0
2025-01-16 07:13:00,0.4431,0.4432,0.4431,0.4432,173.0
2025-01-16 07:14:00,0.4432,0.4433,0.4431,0.4431,2378.0
2025-01-16 07:15:00,0.4428,0.4432,0.4428,0.4428,2806.0
2025-01-16 07:16:00,0.4428,0.4428,0.4428,0.4428,92.0
2025-01-16 07:17:00,0.4427,0.4427,0.4423,0.4424,1605.0
2025-01-16 07:18:00,0.4424,0.4424,0.4422,0.4422,123.0
2025-01-16 07:19:00,0.4421,0.4422,0.4419,0.4422,1083.0
2025-01-16 07:20:00,0.4422,0.4422,0.442,0.442,1673.0
2025-01-16 07:21:00,0.4423,0.4423,0.4423,0.4423,43.0
2025-01-16 07:22:00,0.4424,0.4425,0.4423,0.4423,106.0
2025-01-16 07:23:00,0.4422,0.4424,0.4422,0.4424,707.0
2025-01-16 07:24:00,0.4425,0.4426,0.4425,0.4426,469.0
2025-01-16 07:25:00,0.4423,0.4426,0.4422,0.4422,1476.0
2025-01-16 07:26:00,0.442,0.442,0.442,0.442,19.0
2025-01-16 07:27:00,0.442,0.442,0.442,0.442,0.0
2025-01-16 07:28:00,0.4417,0.4417,0.4416,0.4416,694.0
2025-01-16 07:29:00,0.4417,0.442,0.4417,0.442,7324.0
2025-01-16 07:30:00,0.4422,0.4426,0.4422,0.4424,951.0
2025-01-16 07:31:00,0.4425,0.4425,0.4419,0.4419,1410.0
2025-01-16 07:32:00,0.4418,0.4418,0.4417,0.4417,280.0
2025-01-16 07:33:00,0.442,0.4425,0.442,0.4421,2608.0
2025-01-16 07:34:00,0.4423,0.443,0.4422,0.4429,11274.0
2025-01-16 07:35:00,0.4427,0.4427,0.4425,0.4425,281.0
2025-01-16 07:36:00,0.4424,0.4424,0.4422,0.4422,355.0
2025-01-16 07:37:00,0.4424,0.4424,0.4422,0.4422,7386.0
2025-01-16 07:38:00,0.4422,0.4422,0.4419,0.4419,421.0
2025-01-16 07:39:00,0.4423,0.4423,0.4423,0.4423,328.0
2025-01-16 07:40:00,0.4422,0.4422,0.442,0.442,216.0
2025-01-16 07:41:00,0.442,0.442,0.442,0.442,141.0
2025-01-16 07:42:00,0.4422,0.4423,0.4421,0.4421,277.0
2025-01-16 07:43:00,0.4422,0.4422,0.442,0.442,416.0
2025-01-16 07:44:00,0.4419,0.4419,0.4417,0.4418,2618.0
2025-01-16 07:45:00,0.4422,0.4422,0.4417,0.4417,500.0
2025-01-16 07:46:00,0.4415,0.4416,0.4414,0.4414,507.0
2025-01-16 07:47:00,0.4414,0.4415,0.4414,0.4415,46.0
2025-01-16 07:48:00,0.4419,0.4419,0.4419,0.4419,14.0
2025-01-16 07:49:00,0.4415,0.4415,0.4414,0.4415,1053.0
2025-01-16 07:50:00,0.4417,0.4417,0.4416,0.4416,308.0
2025-01-16 07:51:00,0.4415,0.4415,0.4412,0.4412,131.0
2025-01-16 07:52:00,0.4414,0.4414,0.4413,0.4413,212.0
2025-01-16 07:53:00,0.4413,0.4416,0.4413,0.4416,74.0
2025-01-16 07:54:00,0.4415,0.4417,0.4415,0.4417,25.0
2025-01-16 07:55:00,0.4417,0.442,0.4417,0.442,385.0
2025-01-16 07:56:00,0.4421,0.4421,0.442,0.442,1334.0
2025-01-16 07:57:00,0.4419,0.442,0.4419,0.442,290.0
2025-01-16 07:58:00,0.4419,0.442,0.4418,0.442,3313.0
2025-01-16 07:59:00,0.442,0.4421,0.4419,0.442,2174.0
2025-01-16 08:00:00,0.442,0.4423,0.4418,0.4421,7333.0
2025-01-16 08:01:00,0.4425,0.4426,0.4425,0.4426,3910.0
2025-01-16 08:02:00,0.4424,0.4424,0.4424,0.4424,16.0
2025-01-16 08:03:00,0.442,0.442,0.4416,0.4416,1683.0
2025-01-16 08:04:00,0.4417,0.4417,0.4415,0.4415,4453.0
2025-01-16 08:05:00,0.4416,0.4417,0.4412,0.4413,726.0
2025-01-16 08:06:00,0.4414,0.4414,0.4411,0.4411,7894.0
2025-01-16 08:07:00,0.4413,0.4413,0.441,0.4411,1352.0
2025-01-16 08:08:00,0.4411,0.4413,0.4411,0.4411,1133.0
2025-01-16 08:09:00,0.4412,0.4412,0.4411,0.4411,369.0
2025-01-16 08:10:00,0.4415,0.4416,0.4412,0.4412,4446.0
2025-01-16 08:11:00,0.4412,0.4413,0.4411,0.4413,1346.0
2025-01-16 08:12:00,0.4413,0.4413,0.4411,0.4412,1576.0
2025-01-16 08:13:00,0.4413,0.4413,0.4412,0.4412,279.0
2025-01-16 08:14:00,0.4411,0.4411,0.441,0.441,90.0
2025-01-16 08:15:00,0.4411,0.4412,0.4411,0.4412,547.0
2025-01-16 08:16:00,0.4414,0.4414,0.4411,0.4411,2513.0
2025-01-16 08:17:00,0.4411,0.4411,0.4402,0.4402,3054.0
2025-01-16 08:18:00,0.4402,0.4402,0.4398,0.4398,1967.0
2025-01-16 08:19:00,0.4398,0.4399,0.4391,0.4393,8833.0
2025-01-16 08:20:00,0.4392,0.4392,0.4386,0.4388,3974.0
2025-01-16 08:21:00,0.4386,0.4394,0.4385,0.4394,2174.0
2025-01-16 08:22:00,0.4389,0.4389,0.4385,0.4385,2033.0
2025-01-16 08:23:00,0.4383,0.4383,0.438,0.438,1707.0
2025-01-16 08:24:00,0.438,0.4381,0.4379,0.4381,3583.0
2025-01-16 08:25:00,0.4382,0.4389,0.4382,0.4389,4682.0
2025-01-16 08:26:00,0.4388,0.4389,0.4386,0.4389,4194.0
2025-01-16 08:27:00,0.439,0.439,0.4388,0.4388,610.0
2025-01-16 08:28:00,0.4389,0.4389,0.4388,0.4389,625.0
2025-01-16 08:29:00,0.4389,0.439,0.4389,0.4389,182.0
2025-01-16 08:30:00,0.4389,0.4394,0.4387,0.4392,1815.0
2025-01-16 08:31:00,0.4394,0.4394,0.439,0.439,1794.0
2025-01-16 08:32:00,0.4389,0.4389,0.4377,0.4377,3696.0
2025-01-16 08:33:00,0.4378,0.4379,0.437,0.4374,11432.0
2025-01-16 08:34:00,0.4374,0.4376,0.4372,0.4376,8141.0
2025-01-16 08:35:00,0.4376,0.4376,0.4374,0.4374,306.0
2025-01-16 08:36:00,0.4376,0.4376,0.4376,0.4376,631.0
2025-01-16 08:37:00,0.4377,0.4378,0.4374,0.4374,2421.0
2025-01-16 08:38:00,0.4375,0.4375,0.4374,0.4375,2738.0
2025-01-16 08:39:00,0.4375,0.438,0.4373,0.4379,5713.0
2025-01-16 08:40:00,0.4378,0.4378,0.4368,0.4368,1446.0
2025-01-16 08:41:00,0.4367,0.4368,0.4358,0.4358,15264.0
2025-01-16 08:42:00,0.4359,0.4362,0.4358,0.4358,4338.0
2025-01-16 08:43:00,0.4357,0.4357,0.435,0.4351,9643.0
2025-01-16 08:44:00,0.4352,0.4362,0.4352,0.4354,9381.0
2025-01-16 08:45:00,0.4352,0.4355,0.4346,0.4348,29039.0
2025-01-16 08:46:00,0.4348,0.4352,0.4346,0.4352,5737.0
2025-01-16 08:47:00,0.4355,0.4355,0.4338,0.4341,11114.0
2025-01-16 08:48:00,0.4339,0.4339,0.4332,0.4332,17162.0
2025-01-16 08:49:00,0.4334,0.4334,0.4327,0.4328,9755.0
2025-01-16 08:50:00,0.4328,0.4339,0.4322,0.4322,20656.0
2025-01-16 08:51:00,0.4323,0.4328,0.432,0.4324,18218.0
2025-01-16 08:52:00,0.4323,0.4325,0.4315,0.4316,12506.0
2025-01-16 08:53:00,0.4317,0.4336,0.4317,0.4331,19328.0
2025-01-16 08:54:00,0.4333,0.4333,0.4323,0.4324,10826.0
2025-01-16 08:55:00,0.4324,0.4335,0.4323,0.4335,32563.0
2025-01-16 08:56:00,0.4335,0.4339,0.4333,0.4335,25805.0
2025-01-16 08:57:00,0.434,0.4341,0.4338,0.434,9231.0
2025-01-16 08:58:00,0.4339,0.4339,0.4335,0.4338,2937.0
2025-01-16 08:59:00,0.4338,0.4338,0.4335,0.4335,1652.0
2025-01-16 09:00:00,0.4336,0.4339,0.4332,0.4332,6727.0
2025-01-16 09:01:00,0.4336,0.4343,0.4335,0.4338,8542.0
2025-01-16 09:02:00,0.4335,0.4335,0.4324,0.4324,6200.0
2025-01-16 09:03:00,0.4324,0.4324,0.4314,0.4316,2110.0
2025-01-16 09:04:00,0.4316,0.432,0.4311,0.4318,6951.0
2025-01-16 09:05:00,0.4318,0.4329,0.4318,0.4322,10802.0
2025-01-16 09:06:00,0.4321,0.4321,0.4317,0.4319,6759.0
2025-01-16 09:07:00,0.432,0.432,0.4314,0.4314,4885.0
2025-01-16 09:08:00,0.4313,0.433,0.4313,0.4329,9394.0
2025-01-16 09:09:00,0.4329,0.433,0.4328,0.4329,731.0
2025-01-16 09:10:00,0.4331,0.4332,0.433,0.433,257.0
2025-01-16 09:11:00,0.4331,0.4333,0.4331,0.4332,2466.0
2025-01-16 09:12:00,0.4332,0.4332,0.4332,0.4332,2693.0
2025-01-16 09:13:00,0.433,0.433,0.433,0.433,25.0
2025-01-16 09:14:00,0.4331,0.4334,0.433,0.433,3775.0
2025-01-16 09:15:00,0.4334,0.4337,0.4334,0.4337,362.0
2025-01-16 09:16:00,0.4335,0.434,0.4332,0.4339,2359.0
2025-01-16 09:17:00,0.4336,0.4338,0.4336,0.4338,1416.0
2025-01-16 09:18:00,0.4337,0.4337,0.4337,0.4337,461.0
2025-01-16 09:19:00,0.4335,0.4336,0.4335,0.4336,6381.0
2025-01-16 09:20:00,0.4336,0.4337,0.4329,0.4329,9490.0
2025-01-16 09:21:00,0.4325,0.433,0.4325,0.433,6336.0
2025-01-16 09:22:00,0.4324,0.4324,0.432,0.432,9117.0
2025-01-16 09:23:00,0.432,0.432,0.432,0.432,0.0
2025-01-16 09:24:00,0.4323,0.4323,0.4323,0.4323,22.0
2025-01-16 09:25:00,0.4329,0.4331,0.4329,0.4331,78.0
2025-01-16 09:26:00,0.433,0.433,0.433,0.433,43.0
2025-01-16 09:27:00,0.4334,0.4342,0.4334,0.4339,10749.0
2025-01-16 09:28:00,0.4336,0.4337,0.4336,0.4337,523.0
2025-01-16 09:29:00,0.4335,0.4335,0.4328,0.4332,64359.0
2025-01-16 09:30:00,0.433,0.433,0.4326,0.4327,5145.0
2025-01-16 09:31:00,0.4329,0.4329,0.4318,0.4318,3450.0
2025-01-16 09:32:00,0.432,0.432,0.4317,0.4317,25.0
2025-01-16 09:33:00,0.4321,0.4326,0.4321,0.4323,1091.0
2025-01-16 09:34:00,0.4323,0.4325,0.4321,0.4325,940.0
2025-01-16 09:35:00,0.4326,0.4327,0.432,0.4324,20781.0
2025-01-16 09:36:00,0.4328,0.4334,0.4326,0.4334,14142.0
2025-01-16 09:37:00,0.4335,0.4341,0.4335,0.4341,7776.0
2025-01-16 09:38:00,0.4337,0.4337,0.4336,0.4336,737.0
2025-01-16 09:39:00,0.434,0.434,0.434,0.434,157.0
2025-01-16 09:40:00,0.4337,0.4337,0.4336,0.4337,4082.0
2025-01-16 09:41:00,0.4336,0.4336,0.4332,0.4332,401.0
2025-01-16 09:42:00,0.4334,0.4334,0.4327,0.4327,8050.0
2025-01-16 09:43:00,0.4327,0.4333,0.4327,0.4333,7947.0
2025-01-16 09:44:00,0.4334,0.4334,0.4333,0.4334,348.0
2025-01-16 09:45:00,0.4339,0.4339,0.4337,0.4337,59.0
2025-01-16 09:46:00,0.4339,0.4351,0.4338,0.4351,1695.0
2025-01-16 09:47:00,0.4352,0.4353,0.435,0.4352,4496.0
2025-01-16 09:48:00,0.4351,0.4354,0.4351,0.4354,1516.0
2025-01-16 09:49:00,0.4354,0.4357,0.4354,0.4357,2566.0
2025-01-16 09:50:00,0.4356,0.4356,0.4354,0.4354,715.0
2025-01-16 09:51:00,0.4353,0.4353,0.4353,0.4353,125.0
2025-01-16 09:52:00,0.4352,0.4355,0.4352,0.4355,263.0
2025-01-16 09:53:00,0.4357,0.4358,0.4354,0.4354,318.0
2025-01-16 09:54:00,0.4355,0.4355,0.4352,0.4352,125.0
2025-01-16 09:55:00,0.4352,0.4353,0.4352,0.4352,2327.0
2025-01-16 09:56:00,0.4352,0.4354,0.4352,0.4353,914.0
2025-01-16 09:57:00,0.4354,0.4354,0.4352,0.4352,382.0
2025-01-16 09:58:00,0.4355,0.4358,0.4355,0.4356,1120.0
2025-01-16 09:59:00,0.4356,0.4359,0.4356,0.4359,765.0
2025-01-16 10:00:00,0.436,0.4361,0.4358,0.4358,1728.0
2025-01-16 10:01:00,0.4351,0.4352,0.4343,0.4343,27886.0
2025-01-16 10:02:00,0.4345,0.4345,0.4343,0.4343,2348.0
2025-01-16 10:03:00,0.4346,0.4347,0.4344,0.4344,359.0
2025-01-16 10:04:00,0.4345,0.4347,0.4345,0.4345,128.0
2025-01-16 10:05:00,0.4344,0.4346,0.4343,0.4346,961.0
2025-01-16 10:06:00,0.4347,0.4351,0.4347,0.4349,24441.0
2025-01-16 10:07:00,0.4344,0.4347,0.4344,0.4347,1352.0
2025-01-16 10:08:00,0.4349,0.4349,0.4349,0.4349,24.0
2025-01-16 10:09:00,0.4349,0.4358,0.4349,0.4358,2989.0
2025-01-16 10:10:00,0.4358,0.4358,0.4353,0.4353,677.0
2025-01-16 10:11:00,0.4354,0.4359,0.4354,0.4358,1091.0
2025-01-16 10:12:00,0.4356,0.4356,0.4354,0.4355,1447.0
2025-01-16 10:13:00,0.4355,0.4355,0.4355,0.4355,0.0
2025-01-16 10:14:00,0.4357,0.4357,0.4355,0.4356,5539.0
2025-01-16 10:15:00,0.4358,0.436,0.4358,0.4358,390.0
2025-01-16 10:16:00,0.4358,0.4358,0.4358,0.4358,0.0
2025-01-16 10:17:00,0.4353,0.4353,0.4349,0.4349,718.0
2025-01-16 10:18:00,0.4345,0.4345,0.4345,0.4345,44.0
2025-01-16 10:19:00,0.4345,0.4345,0.4345,0.4345,0.0
2025-01-16 10:20:00,0.4351,0.4351,0.435,0.435,90.0
2025-01-16 10:21:00,0.435,0.435,0.435,0.435,0.0
2025-01-16 10:22:00,0.4351,0.4351,0.4351,0.4351,12.0
2025-01-16 10:23:00,0.4353,0.4358,0.4353,0.4356,1642.0
2025-01-16 10:24:00,0.4356,0.4357,0.4354,0.4354,1164.0
2025-01-16 10:25:00,0.4356,0.4357,0.4356,0.4357,276.0
2025-01-16 10:26:00,0.4358,0.436,0.4358,0.436,235.0
2025-01-16 10:27:00,0.4361,0.4361,0.4359,0.4359,131.0
2025-01-16 10:28:00,0.4357,0.4357,0.4357,0.4357,14.0
2025-01-16 10:29:00,0.4357,0.4357,0.4357,0.4357,0.0
2025-01-16 10:30:00,0.4356,0.4356,0.4354,0.4356,232.0
2025-01-16 10:31:00,0.4358,0.4361,0.4358,0.4361,212.0
2025-01-16 10:32:00,0.4359,0.4359,0.4359,0.4359,45.0
2025-01-16 10:33:00,0.4358,0.4359,0.4356,0.4356,928.0
2025-01-16 10:34:00,0.4357,0.4359,0.4357,0.4359,696.0
2025-01-16 10:35:00,0.436,0.436,0.4358,0.4358,260.0
2025-01-16 10:36:00,0.436,0.4361,0.436,0.4361,2077.0
2025-01-16 10:37:00,0.4361,0.4361,0.436,0.436,2367.0
2025-01-16 10:38:00,0.4362,0.4362,0.4358,0.4358,354.0
2025-01-16 10:39:00,0.4359,0.4359,0.4359,0.4359,43.0
2025-01-16 10:40:00,0.4358,0.4358,0.4355,0.4355,3090.0
2025-01-16 10:41:00,0.4355,0.4356,0.4355,0.4356,739.0
2025-01-16 10:42:00,0.4357,0.4359,0.4357,0.4359,126.0
2025-01-16 10:43:00,0.4358,0.4358,0.4353,0.4354,3789.0
2025-01-16 10:44:00,0.4353,0.4353,0.4349,0.4351,2863.0
2025-01-16 10:45:00,0.4351,0.4351,0.4342,0.4342,663.0
2025-01-16 10:46:00,0.4343,0.4346,0.4343,0.4345,8273.0
2025-01-16 10:47:00,0.4345,0.435,0.4345,0.435,14352.0
2025-01-16 10:48:00,0.435,0.4353,0.4349,0.4353,722.0
2025-01-16 10:49:00,0.4354,0.4354,0.4349,0.4352,594.0
2025-01-16 10:50:00,0.4355,0.4357,0.4355,0.4356,24207.0
2025-01-16 10:51:00,0.4358,0.4358,0.4356,0.4356,690.0
2025-01-16 10:52:00,0.4359,0.4359,0.4358,0.4358,43.0
2025-01-16 10:53:00,0.4359,0.4359,0.4359,0.4359,499.0
2025-01-16 10:54:00,0.4363,0.4364,0.4363,0.4363,1119.0
2025-01-16 10:55:00,0.4363,0.4364,0.4363,0.4363,1616.0
2025-01-16 10:56:00,0.4363,0.4363,0.4363,0.4363,103.0
2025-01-16 10:57:00,0.4364,0.4364,0.4363,0.4364,77.0
2025-01-16 10:58:00,0.4363,0.4364,0.4361,0.4361,89.0
2025-01-16 10:59:00,0.4363,0.4363,0.4362,0.4363,612.0
2025-01-16 11:00:00,0.4363,0.4363,0.436,0.436,412.0
2025-01-16 11:01:00,0.4358,0.4362,0.4358,0.4362,2999.0
2025-01-16 11:02:00,0.4363,0.4363,0.4363,0.4363,12.0
2025-01-16 11:03:00,0.4364,0.4364,0.4362,0.4362,484.0
2025-01-16 11:04:00,0.4362,0.4362,0.4358,0.4358,526.0
2025-01-16 11:05:00,0.4355,0.4355,0.4349,0.4352,2164.0
2025-01-16 11:06:00,0.4353,0.4353,0.4349,0.4349,1557.0
2025-01-16 11:07:00,0.4348,0.4348,0.4345,0.4345,1481.0
2025-01-16 11:08:00,0.4341,0.4341,0.4338,0.4338,3940.0
2025-01-16 11:09:00,0.4339,0.4362,0.4339,0.4362,22892.0
2025-01-16 11:10:00,0.4366,0.4366,0.4362,0.4366,2492.0
2025-01-16 11:11:00,0.4369,0.4377,0.4367,0.4373,15984.0
2025-01-16 11:12:00,0.4371,0.4397,0.437,0.4395,26552.0
2025-01-16 11:13:00,0.439,0.44,0.4388,0.44,7718.0
2025-01-16 11:14:00,0.4401,0.4404,0.4388,0.4388,5712.0
2025-01-16 11:15:00,0.439,0.4393,0.4374,0.4376,4935.0
2025-01-16 11:16:00,0.4375,0.4376,0.4353,0.4359,12317.0
2025-01-16 11:17:00,0.436,0.4361,0.4346,0.4351,14498.0
2025-01-16 11:18:00,0.4353,0.4363,0.4352,0.4354,12675.0
2025-01-16 11:19:00,0.4351,0.4351,0.4346,0.4347,8551.0
2025-01-16 11:20:00,0.4351,0.4362,0.4351,0.436,9479.0
2025-01-16 11:21:00,0.4358,0.4373,0.4358,0.4371,15621.0
2025-01-16 11:22:00,0.4374,0.4374,0.4372,0.4373,4973.0
2025-01-16 11:23:00,0.4371,0.4371,0.4363,0.4367,14185.0
2025-01-16 11:24:00,0.4365,0.4369,0.4363,0.4365,2451.0
2025-01-16 11:25:00,0.4364,0.4367,0.4363,0.4366,2089.0
2025-01-16 11:26:00,0.4367,0.437,0.4367,0.437,1278.0
2025-01-16 11:27:00,0.4372,0.4379,0.4372,0.4378,7344.0
2025-01-16 11:28:00,0.4377,0.4381,0.4377,0.4381,5685.0
2025-01-16 11:29:00,0.4374,0.4375,0.4371,0.4372,7266.0
2025-01-16 11:30:00,0.4369,0.4373,0.4367,0.4372,4063.0
2025-01-16 11:31:00,0.4373,0.4377,0.4373,0.4374,10995.0
2025-01-16 11:32:00,0.4373,0.4379,0.4373,0.4378,14155.0
2025-01-16 11:33:00,0.4379,0.4384,0.4375,0.4378,12664.0
2025-01-16 11:34:00,0.4381,0.4383,0.438,0.438,2574.0
2025-01-16 11:35:00,0.4378,0.438,0.4374,0.4374,2879.0
2025-01-16 11:36:00,0.4373,0.4373,0.437,0.437,148.0
2025-01-16 11:37:00,0.4369,0.4369,0.4364,0.4367,1315.0
2025-01-16 11:38:00,0.4367,0.4367,0.4367,0.4367,13.0
2025-01-16 11:39:00,0.4368,0.4368,0.4366,0.4366,2762.0
2025-01-16 11:40:00,0.4367,0.437,0.4367,0.437,76.0
2025-01-16 11:41:00,0.4371,0.4372,0.437,0.4372,994.0
2025-01-16 11:42:00,0.4372,0.438,0.4372,0.438,1823.0
2025-01-16 11:43:00,0.438,0.4384,0.4379,0.4382,7877.0
2025-01-16 11:44:00,0.4382,0.4387,0.438,0.438,5148.0
2025-01-16 11:45:00,0.4379,0.4379,0.4376,0.4377,1831.0
2025-01-16 11:46:00,0.4377,0.4382,0.4373,0.4382,5616.0
2025-01-16 11:47:00,0.438,0.4387,0.438,0.4387,7002.0
2025-01-16 11:48:00,0.4386,0.4389,0.4382,0.4387,6967.0
2025-01-16 11:49:00,0.4385,0.4389,0.4384,0.4389,3890.0
2025-01-16 11:50:00,0.4387,0.4393,0.4387,0.439,9098.0
2025-01-16 11:51:00,0.4393,0.4393,0.4388,0.4392,1932.0
2025-01-16 11:52:00,0.4392,0.4396,0.439,0.4392,13070.0
2025-01-16 11:53:00,0.4395,0.4396,0.4395,0.4395,467.0
2025-01-16 11:54:00,0.4394,0.44,0.4394,0.44,4453.0
2025-01-16 11:55:00,0.4399,0.4399,0.4399,0.4399,1305.0
2025-01-16 11:56:00,0.4402,0.4402,0.44,0.4402,366.0
2025-01-16 11:57:00,0.44,0.4401,0.4398,0.4399,807.0
2025-01-16 11:58:00,0.44,0.4406,0.44,0.4405,12448.0
2025-01-16 11:59:00,0.4405,0.4405,0.44,0.44,9164.0
2025-01-16 12:00:00,0.44,0.4406,0.4399,0.4399,11545.0
2025-01-16 12:01:00,0.44,0.44,0.4392,0.4393,4887.0
2025-01-16 12:02:00,0.4398,0.4398,0.439,0.439,2403.0
2025-01-16 12:03:00,0.4393,0.4403,0.4388,0.4403,26960.0
2025-01-16 12:04:00,0.4404,0.4404,0.4397,0.4397,6893.0
2025-01-16 12:05:00,0.4396,0.4399,0.4389,0.4399,4539.0
2025-01-16 12:06:00,0.44,0.4402,0.4398,0.4401,7622.0
2025-01-16 12:07:00,0.44,0.441,0.44,0.4408,22896.0
2025-01-16 12:08:00,0.441,0.4411,0.4405,0.4405,3453.0
2025-01-16 12:09:00,0.4404,0.441,0.4404,0.4406,6092.0
2025-01-16 12:10:00,0.4407,0.4407,0.4402,0.4402,1379.0
2025-01-16 12:11:00,0.4406,0.4412,0.4406,0.4412,8341.0
2025-01-16 12:12:00,0.4414,0.4417,0.4411,0.4417,5250.0
2025-01-16 12:13:00,0.4414,0.4419,0.4414,0.4419,13149.0
2025-01-16 12:14:00,0.4418,0.4421,0.4416,0.4421,10180.0
2025-01-16 12:15:00,0.4421,0.4425,0.4416,0.4416,14295.0
2025-01-16 12:16:00,0.4415,0.442,0.4415,0.442,17130.0
2025-01-16 12:17:00,0.442,0.4423,0.4416,0.4416,4800.0
2025-01-16 12:18:00,0.4419,0.4419,0.4414,0.4416,2853.0
2025-01-16 12:19:00,0.4415,0.4419,0.4415,0.4419,2163.0
2025-01-16 12:20:00,0.4421,0.4433,0.4421,0.4433,29633.0
2025-01-16 12:21:00,0.443,0.4432,0.4428,0.4431,8221.0
2025-01-16 12:22:00,0.4429,0.4435,0.4428,0.4434,10944.0
2025-01-16 12:23:00,0.4433,0.4442,0.4433,0.4436,24529.0
2025-01-16 12:24:00,0.4434,0.444,0.4434,0.4437,26577.0
2025-01-16 12:25:00,0.4437,0.4438,0.4428,0.443,7209.0
2025-01-16 12:26:00,0.4429,0.4431,0.4427,0.4431,6170.0
2025-01-16 12:27:00,0.443,0.4431,0.442,0.442,5081.0
2025-01-16 12:28:00,0.4419,0.4422,0.4416,0.4417,10646.0
2025-01-16 12:29:00,0.4416,0.4417,0.4412,0.4415,1161.0
2025-01-16 12:30:00,0.4422,0.4431,0.4422,0.4431,4942.0
2025-01-16 12:31:00,0.4429,0.4432,0.4426,0.4429,4031.0
2025-01-16 12:32:00,0.4429,0.4433,0.4429,0.4431,14538.0
2025-01-16 12:33:00,0.4434,0.4434,0.4427,0.4427,7021.0
2025-01-16 12:34:00,0.4427,0.4438,0.4427,0.4437,16513.0
2025-01-16 12:35:00,0.4438,0.4444,0.4435,0.4444,16158.0
2025-01-16 12:36:00,0.4445,0.4453,0.4444,0.4453,35417.0
2025-01-16 12:37:00,0.4452,0.4455,0.445,0.4454,8395.0
2025-01-16 12:38:00,0.4454,0.4455,0.445,0.445,4867.0
2025-01-16 12:39:00,0.4452,0.4454,0.4449,0.4452,15599.0
2025-01-16 12:40:00,0.445,0.445,0.4448,0.4448,2465.0
2025-01-16 12:41:00,0.4446,0.445,0.4444,0.445,9367.0
2025-01-16 12:42:00,0.445,0.445,0.4443,0.4444,5127.0
2025-01-16 12:43:00,0.4444,0.4444,0.4439,0.444,553.0
2025-01-16 12:44:00,0.4442,0.4445,0.4442,0.4445,116.0
2025-01-16 12:45:00,0.4447,0.4448,0.4444,0.4448,1844.0
2025-01-16 12:46:00,0.4446,0.445,0.4446,0.445,6127.0
2025-01-16 12:47:00,0.4452,0.4457,0.4451,0.4455,3801.0
2025-01-16 12:48:00,0.4456,0.4459,0.4454,0.4454,7600.0
2025-01-16 12:49:00,0.4454,0.4454,0.4442,0.4445,3408.0
2025-01-16 12:50:00,0.4445,0.4451,0.4445,0.445,2693.0
2025-01-16 12:51:00,0.4449,0.445,0.4447,0.4447,2101.0
2025-01-16 12:52:00,0.4446,0.4455,0.4446,0.4455,781.0
2025-01-16 12:53:00,0.4455,0.4459,0.4455,0.4459,3430.0
2025-01-16 12:54:00,0.4459,0.4459,0.4455,0.4455,9487.0
2025-01-16 12:55:00,0.4458,0.4458,0.4449,0.445,8338.0
2025-01-16 12:56:00,0.4449,0.4454,0.4449,0.4449,1916.0
2025-01-16 12:57:00,0.445,0.4451,0.4448,0.4451,1842.0
2025-01-16 12:58:00,0.4454,0.4462,0.4454,0.4458,10674.0
2025-01-16 12:59:00,0.446,0.446,0.4457,0.4457,1926.0
2025-01-16 13:00:00,0.4459,0.4463,0.4457,0.4459,4031.0
2025-01-16 13:01:00,0.4458,0.4465,0.4455,0.446,3300.0
2025-01-16 13:02:00,0.446,0.4464,0.4458,0.4464,1541.0
2025-01-16 13:03:00,0.4465,0.4468,0.4462,0.4463,3413.0
2025-01-16 13:04:00,0.4462,0.4462,0.4444,0.4445,12487.0
2025-01-16 13:05:00,0.4446,0.4447,0.4432,0.4434,31621.0
2025-01-16 13:06:00,0.4432,0.444,0.4427,0.4427,5201.0
2025-01-16 13:07:00,0.4427,0.4427,0.4419,0.4419,23695.0
2025-01-16 13:08:00,0.4419,0.4429,0.4418,0.4426,10564.0
2025-01-16 13:09:00,0.442,0.4421,0.4417,0.4417,2668.0
2025-01-16 13:10:00,0.4418,0.4428,0.4415,0.4427,20474.0
2025-01-16 13:11:00,0.4428,0.4429,0.4411,0.4411,6169.0
2025-01-16 13:12:00,0.4412,0.4414,0.4391,0.4393,47481.0
2025-01-16 13:13:00,0.4392,0.4403,0.4387,0.4387,39453.0
2025-01-16 13:14:00,0.4387,0.44,0.4385,0.4393,17423.0
2025-01-16 13:15:00,0.4393,0.4398,0.4388,0.4398,3943.0
2025-01-16 13:16:00,0.4405,0.4406,0.4404,0.4406,2857.0
2025-01-16 13:17:00,0.4409,0.4413,0.4408,0.4408,12050.0
2025-01-16 13:18:00,0.4419,0.4422,0.4417,0.4417,7923.0
2025-01-16 13:19:00,0.4414,0.4417,0.4411,0.4411,6252.0
2025-01-16 13:20:00,0.4409,0.4409,0.4399,0.4399,14912.0
2025-01-16 13:21:00,0.4396,0.4404,0.4394,0.4403,5581.0
2025-01-16 13:22:00,0.4404,0.4407,0.4404,0.4407,5259.0
2025-01-16 13:23:00,0.4406,0.4414,0.4404,0.4413,8869.0
2025-01-16 13:24:00,0.4417,0.4423,0.4417,0.4423,2307.0
2025-01-16 13:25:00,0.4425,0.4425,0.442,0.442,3365.0
2025-01-16 13:26:00,0.4419,0.4424,0.4418,0.4424,2230.0
2025-01-16 13:27:00,0.4425,0.4427,0.4422,0.4422,3019.0
2025-01-16 13:28:00,0.4421,0.4421,0.4412,0.4414,4465.0
2025-01-16 13:29:00,0.4411,0.4411,0.4377,0.4381,40073.0
2025-01-16 13:30:00,0.4381,0.4411,0.4381,0.441,92201.0
2025-01-16 13:31:00,0.4413,0.4423,0.4409,0.4411,17229.0
2025-01-16 13:32:00,0.4408,0.4413,0.4398,0.4413,18534.0
2025-01-16 13:33:00,0.4416,0.4422,0.4404,0.4422,17056.0
2025-01-16 13:34:00,0.4423,0.4427,0.4407,0.4413,35602.0
2025-01-16 13:35:00,0.441,0.4423,0.4404,0.4423,12486.0
2025-01-16 13:36:00,0.4425,0.4425,0.4398,0.4398,9189.0
2025-01-16 13:37:00,0.4407,0.4407,0.4394,0.4403,5748.0
2025-01-16 13:38:00,0.4405,0.4419,0.4404,0.4419,4012.0
2025-01-16 13:39:00,0.4423,0.4425,0.4412,0.4418,15439.0
2025-01-16 13:40:00,0.4418,0.4428,0.441,0.441,12366.0
2025-01-16 13:41:00,0.4408,0.4426,0.4405,0.4426,7341.0
2025-01-16 13:42:00,0.4425,0.4437,0.4425,0.4437,4704.0
2025-01-16 13:43:00,0.4433,0.4433,0.4421,0.4429,3662.0
2025-01-16 13:44:00,0.4432,0.4433,0.4425,0.4425,474.0
2025-01-16 13:45:00,0.4425,0.4427,0.4413,0.4413,4306.0
2025-01-16 13:46:00,0.4413,0.4415,0.4408,0.4415,6695.0
2025-01-16 13:47:00,0.4415,0.4427,0.4414,0.4427,3548.0
2025-01-16 13:48:00,0.4427,0.4429,0.4421,0.4421,3482.0
2025-01-16 13:49:00,0.4417,0.4418,0.4414,0.4418,1274.0
2025-01-16 13:50:00,0.4409,0.4411,0.4407,0.4407,1436.0
2025-01-16 13:51:00,0.4409,0.4411,0.4403,0.4407,2226.0
2025-01-16 13:52:00,0.4408,0.4418,0.4407,0.4418,6976.0
2025-01-16 13:53:00,0.4414,0.4419,0.4414,0.4418,793.0
2025-01-16 13:54:00,0.4422,0.4422,0.4413,0.4413,3727.0
2025-01-16 13:55:00,0.4413,0.4413,0.4407,0.4407,1541.0
2025-01-16 13:56:00,0.4403,0.4417,0.4402,0.4417,3090.0
2025-01-16 13:57:00,0.4415,0.4415,0.4406,0.4409,1750.0
2025-01-16 13:58:00,0.4414,0.4414,0.4404,0.4404,3409.0
2025-01-16 13:59:00,0.4406,0.4409,0.4406,0.4409,581.0
2025-01-16 14:00:00,0.4405,0.4415,0.4405,0.4415,14903.0
2025-01-16 14:01:00,0.4415,0.4419,0.4411,0.4414,3443.0
2025-01-16 14:02:00,0.4411,0.4411,0.44,0.4405,5376.0
2025-01-16 14:03:00,0.4401,0.4401,0.439,0.4393,2581.0
2025-01-16 14:04:00,0.4393,0.4394,0.4389,0.4389,5381.0
2025-01-16 14:05:00,0.4395,0.4409,0.4392,0.4409,8810.0
2025-01-16 14:06:00,0.4405,0.4406,0.4404,0.4404,610.0
2025-01-16 14:07:00,0.4407,0.4407,0.44,0.4401,5930.0
2025-01-16 14:08:00,0.4392,0.4403,0.4392,0.4403,3777.0
2025-01-16 14:09:00,0.4398,0.4405,0.4397,0.4402,951.0
2025-01-16 14:10:00,0.4403,0.4406,0.4401,0.4401,7262.0
2025-01-16 14:11:00,0.4407,0.4407,0.4404,0.4404,1211.0
2025-01-16 14:12:00,0.4405,0.441,0.4404,0.441,315.0
2025-01-16 14:13:00,0.4407,0.4418,0.4407,0.4418,69.0
2025-01-16 14:14:00,0.4417,0.4417,0.4412,0.4415,635.0
2025-01-16 14:15:00,0.4415,0.4422,0.4415,0.4421,863.0
2025-01-16 14:16:00,0.4424,0.4424,0.4414,0.4414,10222.0
2025-01-16 14:17:00,0.4413,0.4414,0.4411,0.4412,446.0
2025-01-16 14:18:00,0.4412,0.4417,0.4411,0.4417,4863.0
2025-01-16 14:19:00,0.4413,0.4413,0.4411,0.4411,3799.0
2025-01-16 14:20:00,0.4413,0.4415,0.4409,0.4411,10187.0
2025-01-16 14:21:00,0.4409,0.4409,0.4406,0.4409,2175.0
2025-01-16 14:22:00,0.4407,0.4407,0.4405,0.4407,3322.0
2025-01-16 14:23:00,0.4405,0.4406,0.4405,0.4406,720.0
2025-01-16 14:24:00,0.441,0.4412,0.441,0.4411,1393.0
2025-01-16 14:25:00,0.4412,0.4412,0.4412,0.4412,1029.0
2025-01-16 14:26:00,0.4409,0.4409,0.4405,0.4405,4226.0
2025-01-16 14:27:00,0.4405,0.4405,0.4401,0.4404,11518.0
2025-01-16 14:28:00,0.4405,0.4405,0.4405,0.4405,765.0
2025-01-16 14:29:00,0.4413,0.4413,0.4407,0.4409,4837.0
2025-01-16 14:30:00,0.4408,0.4412,0.4396,0.4396,49273.0
2025-01-16 14:31:00,0.4395,0.4402,0.4385,0.4385,4061.0
2025-01-16 14:32:00,0.4384,0.4386,0.4372,0.4372,65037.0
2025-01-16 14:33:00,0.4373,0.4373,0.436,0.436,27699.0
2025-01-16 14:34:00,0.436,0.4377,0.436,0.4376,25375.0
2025-01-16 14:35:00,0.4378,0.4387,0.4374,0.4378,6406.0
2025-01-16 14:36:00,0.4379,0.4381,0.4374,0.4374,15515.0
2025-01-16 14:37:00,0.4371,0.4371,0.4361,0.4362,11019.0
2025-01-16 14:38:00,0.4362,0.4373,0.4362,0.4362,19668.0
2025-01-16 14:39:00,0.4365,0.4367,0.4361,0.4361,5609.0
2025-01-16 14:40:00,0.4361,0.4361,0.4356,0.4357,4678.0
2025-01-16 14:41:00,0.436,0.4361,0.4339,0.4339,17078.0
2025-01-16 14:42:00,0.434,0.4343,0.4332,0.4334,13099.0
2025-01-16 14:43:00,0.433,0.4349,0.4326,0.4331,66538.0
2025-01-16 14:44:00,0.4325,0.4331,0.4318,0.4323,17104.0
2025-01-16 14:45:00,0.4323,0.4323,0.4301,0.4301,35316.0
2025-01-16 14:46:00,0.4303,0.4323,0.4295,0.4315,99192.0
2025-01-16 14:47:00,0.4315,0.4315,0.4279,0.4291,46712.0
2025-01-16 14:48:00,0.4294,0.4325,0.4284,0.4312,87355.0
2025-01-16 14:49:00,0.4308,0.4316,0.4288,0.429,32130.0
2025-01-16 14:50:00,0.429,0.4325,0.4289,0.4319,50126.0
2025-01-16 14:51:00,0.4322,0.4326,0.4298,0.4309,29193.0
2025-01-16 14:52:00,0.4312,0.4337,0.4312,0.4336,26543.0
2025-01-16 14:53:00,0.4339,0.4347,0.4336,0.4341,21972.0
2025-01-16 14:54:00,0.4333,0.4333,0.4312,0.4312,17330.0
2025-01-16 14:55:00,0.4315,0.4323,0.4312,0.4312,13019.0
2025-01-16 14:56:00,0.4314,0.4315,0.4304,0.4306,6402.0
2025-01-16 14:57:00,0.4307,0.4323,0.4306,0.4323,13720.0
2025-01-16 14:58:00,0.4326,0.4326,0.4311,0.4317,5814.0
2025-01-16 14:59:00,0.4314,0.4314,0.4313,0.4314,1935.0
2025-01-16 15:00:00,0.4309,0.4313,0.4303,0.4304,6567.0
2025-01-16 15:01:00,0.4302,0.4306,0.4293,0.4293,13541.0
2025-01-16 15:02:00,0.4303,0.4321,0.4296,0.4321,6560.0
2025-01-16 15:03:00,0.4318,0.4335,0.4314,0.4335,14431.0
2025-01-16 15:04:00,0.4335,0.4339,0.4324,0.4331,48404.0
2025-01-16 15:05:00,0.4332,0.434,0.4317,0.4335,38467.0
2025-01-16 15:06:00,0.4335,0.435,0.4333,0.435,8511.0
2025-01-16 15:07:00,0.4344,0.4349,0.4331,0.4341,15360.0
2025-01-16 15:08:00,0.4344,0.4346,0.433,0.433,2741.0
2025-01-16 15:09:00,0.4333,0.4351,0.4333,0.4348,4084.0
2025-01-16 15:10:00,0.4346,0.4359,0.4343,0.4349,4909.0
2025-01-16 15:11:00,0.435,0.4359,0.4348,0.4348,22823.0
2025-01-16 15:12:00,0.4347,0.4347,0.4336,0.4339,4689.0
2025-01-16 15:13:00,0.4333,0.4335,0.433,0.4333,2294.0
2025-01-16 15:14:00,0.4332,0.4333,0.4327,0.4329,3528.0
2025-01-16 15:15:00,0.4327,0.4342,0.4324,0.4342,3054.0
2025-01-16 15:16:00,0.4345,0.4355,0.4345,0.4354,1135.0
2025-01-16 15:17:00,0.4357,0.436,0.4349,0.4349,1996.0
2025-01-16 15:18:00,0.4354,0.4359,0.4353,0.4357,212.0
2025-01-16 15:19:00,0.4358,0.436,0.4352,0.4359,3010.0
2025-01-16 15:20:00,0.4356,0.4357,0.4351,0.4354,5596.0
2025-01-16 15:21:00,0.4361,0.4363,0.4358,0.4363,1762.0
2025-01-16 15:22:00,0.4364,0.4365,0.436,0.436,1284.0
2025-01-16 15:23:00,0.4357,0.4359,0.4352,0.4359,1349.0
2025-01-16 15:24:00,0.436,0.4365,0.4359,0.4361,1153.0
2025-01-16 15:25:00,0.4362,0.4362,0.436,0.436,80.0
2025-01-16 15:26:00,0.4368,0.4368,0.4364,0.4364,659.0
2025-01-16 15:27:00,0.4365,0.4365,0.4362,0.4364,666.0
2025-01-16 15:28:00,0.4364,0.4366,0.4364,0.4364,1787.0
2025-01-16 15:29:00,0.4366,0.4371,0.4365,0.4371,4447.0
2025-01-16 15:30:00,0.4368,0.4373,0.4363,0.4373,4595.0
2025-01-16 15:31:00,0.4369,0.4369,0.4361,0.4362,1806.0
2025-01-16 15:32:00,0.4361,0.4364,0.4357,0.4357,24223.0
2025-01-16 15:33:00,0.4359,0.4365,0.4359,0.4359,209.0
2025-01-16 15:34:00,0.4358,0.4358,0.4351,0.4351,638.0
2025-01-16 15:35:00,0.4352,0.4353,0.4349,0.4349,6652.0
2025-01-16 15:36:00,0.4348,0.4348,0.4339,0.4341,6459.0
2025-01-16 15:37:00,0.4341,0.4349,0.434,0.4349,1188.0
2025-01-16 15:38:00,0.4357,0.4362,0.4357,0.4362,879.0
2025-01-16 15:39:00,0.4361,0.4364,0.4357,0.436,18606.0
2025-01-16 15:40:00,0.436,0.436,0.4349,0.4351,1353.0
2025-01-16 15:41:00,0.435,0.435,0.4344,0.4344,152.0
2025-01-16 15:42:00,0.4346,0.4347,0.4344,0.4344,1122.0
2025-01-16 15:43:00,0.4343,0.4346,0.4343,0.4345,1040.0
2025-01-16 15:44:00,0.4349,0.4353,0.4349,0.4351,916.0
2025-01-16 15:45:00,0.4347,0.435,0.4345,0.4347,809.0
2025-01-16 15:46:00,0.4348,0.435,0.4348,0.435,2303.0
2025-01-16 15:47:00,0.435,0.4353,0.435,0.435,277.0
2025-01-16 15:48:00,0.4357,0.4357,0.4351,0.4351,312.0
2025-01-16 15:49:00,0.4357,0.4359,0.4357,0.4359,455.0
2025-01-16 15:50:00,0.4362,0.4368,0.4362,0.4365,613.0
2025-01-16 15:51:00,0.4365,0.4365,0.4365,0.4365,0.0
2025-01-16 15:52:00,0.4372,0.4378,0.4372,0.4375,2389.0
2025-01-16 15:53:00,0.4372,0.4376,0.4372,0.4376,1886.0
2025-01-16 15:54:00,0.4373,0.4373,0.4373,0.4373,43.0
2025-01-16 15:55:00,0.4375,0.4375,0.4373,0.4373,2626.0
2025-01-16 15:56:00,0.4373,0.4373,0.4373,0.4373,0.0
2025-01-16 15:57:00,0.4377,0.4381,0.4377,0.4381,2875.0
2025-01-16 15:58:00,0.4378,0.4383,0.4378,0.4383,976.0
2025-01-16 15:59:00,0.4385,0.4394,0.4385,0.4392,13653.0
2025-01-16 16:00:00,0.4392,0.44,0.4391,0.4396,14587.0
2025-01-16 16:01:00,0.4395,0.4412,0.4395,0.4411,13098.0
2025-01-16 16:02:00,0.4408,0.4416,0.4408,0.4412,8879.0
2025-01-16 16:03:00,0.4412,0.4416,0.4407,0.4415,8688.0
2025-01-16 16:04:00,0.4416,0.4423,0.4416,0.4419,6874.0
2025-01-16 16:05:00,0.4419,0.4423,0.4416,0.4419,8206.0
2025-01-16 16:06:00,0.4419,0.4437,0.4419,0.4433,11264.0
2025-01-16 16:07:00,0.4435,0.4437,0.4428,0.4436,5093.0
2025-01-16 16:08:00,0.4434,0.4439,0.4434,0.4435,14589.0
2025-01-16 16:09:00,0.4434,0.4437,0.4433,0.4434,5287.0
2025-01-16 16:10:00,0.4433,0.4433,0.4417,0.4417,19112.0
2025-01-16 16:11:00,0.4418,0.4418,0.4413,0.4416,4819.0
2025-01-16 16:12:00,0.4418,0.4424,0.4418,0.4421,4503.0
2025-01-16 16:13:00,0.4418,0.442,0.4416,0.4418,1530.0
2025-01-16 16:14:00,0.4415,0.4415,0.4409,0.4409,3742.0
2025-01-16 16:15:00,0.4406,0.4418,0.4405,0.4418,2171.0
2025-01-16 16:16:00,0.4402,0.4402,0.4401,0.4402,1917.0
2025-01-16 16:17:00,0.44,0.44,0.4395,0.4395,332.0
2025-01-16 16:18:00,0.4397,0.4397,0.4394,0.4394,6666.0
2025-01-16 16:19:00,0.4402,0.4412,0.4401,0.441,26464.0
2025-01-16 16:20:00,0.4409,0.4411,0.4403,0.4403,11946.0
2025-01-16 16:21:00,0.4399,0.441,0.4399,0.4407,1279.0
2025-01-16 16:22:00,0.441,0.441,0.441,0.441,110.0
2025-01-16 16:23:00,0.4414,0.4418,0.4414,0.4418,5901.0
2025-01-16 16:24:00,0.4416,0.4417,0.4407,0.4408,72162.0
2025-01-16 16:25:00,0.441,0.441,0.4404,0.4407,22789.0
2025-01-16 16:26:00,0.4408,0.4421,0.4408,0.442,11686.0
2025-01-16 16:27:00,0.4417,0.4418,0.4414,0.4414,1198.0
2025-01-16 16:28:00,0.4418,0.4418,0.4417,0.4417,2492.0
2025-01-16 16:29:00,0.4416,0.4418,0.4414,0.4414,1286.0
2025-01-16 16:30:00,0.4414,0.4414,0.4408,0.4412,1088.0
2025-01-16 16:31:00,0.4412,0.4419,0.4412,0.4417,940.0
2025-01-16 16:32:00,0.4415,0.4415,0.4405,0.4408,3387.0
2025-01-16 16:33:00,0.4411,0.4414,0.4411,0.4414,25.0
2025-01-16 16:34:00,0.4413,0.4415,0.4413,0.4415,943.0
2025-01-16 16:35:00,0.4408,0.4408,0.4403,0.4403,181.0
2025-01-16 16:36:00,0.4405,0.4407,0.4405,0.4407,174.0
2025-01-16 16:37:00,0.4414,0.4416,0.4412,0.4412,3835.0
2025-01-16 16:38:00,0.4414,0.4414,0.4405,0.4407,9817.0
2025-01-16 16:39:00,0.4408,0.4408,0.4408,0.4408,486.0
2025-01-16 16:40:00,0.4413,0.4425,0.4413,0.4421,13943.0
2025-01-16 16:41:00,0.4424,0.4424,0.4414,0.4414,754.0
2025-01-16 16:42:00,0.4416,0.4416,0.4405,0.4408,4118.0
2025-01-16 16:43:00,0.4407,0.4407,0.4406,0.4407,253.0
2025-01-16 16:44:00,0.4405,0.4405,0.4405,0.4405,483.0
2025-01-16 16:45:00,0.4412,0.4419,0.4412,0.4419,708.0
2025-01-16 16:46:00,0.442,0.4424,0.4419,0.4423,16739.0
2025-01-16 16:47:00,0.4423,0.4423,0.4416,0.4416,826.0
2025-01-16 16:48:00,0.4415,0.4418,0.4409,0.4409,6469.0
2025-01-16 16:49:00,0.4409,0.4415,0.4409,0.4415,2227.0
2025-01-16 16:50:00,0.4405,0.4405,0.4405,0.4405,14.0
2025-01-16 16:51:00,0.4404,0.4411,0.4402,0.4411,4339.0
2025-01-16 16:52:00,0.4406,0.4406,0.4406,0.4406,1266.0
2025-01-16 16:53:00,0.4416,0.4416,0.4416,0.4416,586.0
2025-01-16 16:54:00,0.4413,0.4413,0.4407,0.4407,1670.0
2025-01-16 16:55:00,0.4408,0.4408,0.4407,0.4407,485.0
2025-01-16 16:56:00,0.4406,0.4408,0.4406,0.4408,2891.0
2025-01-16 16:57:00,0.4407,0.4407,0.4397,0.4401,63405.0
2025-01-16 16:58:00,0.44,0.4405,0.44,0.4405,5643.0
2025-01-16 16:59:00,0.4405,0.4405,0.4405,0.4405,0.0
2025-01-16 17:00:00,0.4402,0.4402,0.438,0.4384,20400.0
2025-01-16 17:01:00,0.4382,0.439,0.4382,0.439,6134.0
2025-01-16 17:02:00,0.439,0.4391,0.4389,0.4389,5216.0
2025-01-16 17:03:00,0.4394,0.4394,0.4386,0.4386,2646.0
2025-01-16 17:04:00,0.4397,0.4397,0.4397,0.4397,164.0
2025-01-16 17:05:00,0.4396,0.4396,0.4392,0.4392,2675.0
2025-01-16 17:06:00,0.4392,0.4392,0.4392,0.4392,113.0
2025-01-16 17:07:00,0.4394,0.4397,0.4394,0.4397,1973.0
2025-01-16 17:08:00,0.4393,0.4393,0.4393,0.4393,540.0
2025-01-16 17:09:00,0.4392,0.4395,0.4388,0.4388,5753.0
2025-01-16 17:10:00,0.4391,0.4393,0.439,0.439,6547.0
2025-01-16 17:11:00,0.4389,0.4389,0.4389,0.4389,91.0
2025-01-16 17:12:00,0.4393,0.4402,0.4393,0.4401,5201.0
2025-01-16 17:13:00,0.4393,0.4393,0.4392,0.4392,790.0
2025-01-16 17:14:00,0.4392,0.4392,0.4392,0.4392,28.0
2025-01-16 17:15:00,0.4389,0.4395,0.4387,0.4395,1244.0
2025-01-16 17:16:00,0.4395,0.44,0.4395,0.44,1895.0
2025-01-16 17:17:00,0.4395,0.4399,0.4395,0.4399,874.0
2025-01-16 17:18:00,0.4399,0.4404,0.4398,0.4402,2358.0
2025-01-16 17:19:00,0.4403,0.4404,0.4402,0.4403,305.0
2025-01-16 17:20:00,0.4405,0.441,0.4405,0.4408,492.0
2025-01-16 17:21:00,0.4408,0.4408,0.4408,0.4408,0.0
2025-01-16 17:22:00,0.4406,0.4406,0.4405,0.4405,792.0
2025-01-16 17:23:00,0.4409,0.4409,0.4409,0.4409,79.0
2025-01-16 17:24:00,0.4415,0.4417,0.4415,0.4417,610.0
2025-01-16 17:25:00,0.4415,0.4416,0.4414,0.4414,357.0
2025-01-16 17:26:00,0.4413,0.4413,0.4413,0.4413,611.0
2025-01-16 17:27:00,0.4419,0.4419,0.4419,0.4419,23.0
2025-01-16 17:28:00,0.442,0.442,0.4416,0.4416,4965.0
2025-01-16 17:29:00,0.4415,0.4418,0.4415,0.4418,2446.0
2025-01-16 17:30:00,0.4422,0.4426,0.442,0.4422,3755.0
2025-01-16 17:31:00,0.4421,0.4423,0.4417,0.4418,5022.0
2025-01-16 17:32:00,0.4418,0.4422,0.4418,0.442,6803.0
2025-01-16 17:33:00,0.4419,0.4421,0.4417,0.4419,4317.0
2025-01-16 17:34:00,0.4418,0.4424,0.4418,0.4423,18229.0
2025-01-16 17:35:00,0.4421,0.4423,0.4421,0.4423,1529.0
2025-01-16 17:36:00,0.4424,0.4428,0.4424,0.4426,2111.0
2025-01-16 17:37:00,0.443,0.443,0.443,0.443,1602.0
2025-01-16 17:38:00,0.4429,0.4429,0.4427,0.4427,1319.0
2025-01-16 17:39:00,0.4432,0.4433,0.4416,0.4416,5808.0
2025-01-16 17:40:00,0.4416,0.4418,0.4415,0.4417,3144.0
2025-01-16 17:41:00,0.4415,0.4422,0.4415,0.442,2558.0
2025-01-16 17:42:00,0.4422,0.4426,0.4416,0.4418,1552.0
2025-01-16 17:43:00,0.442,0.4422,0.4418,0.4418,342.0
2025-01-16 17:44:00,0.4418,0.4419,0.4418,0.4418,945.0
2025-01-16 17:45:00,0.4416,0.4423,0.4416,0.4419,12066.0
2025-01-16 17:46:00,0.4417,0.4417,0.4409,0.4409,1638.0
2025-01-16 17:47:00,0.4411,0.4411,0.4404,0.4404,676.0
2025-01-16 17:48:00,0.4405,0.4405,0.4398,0.4399,8651.0
2025-01-16 17:49:00,0.4403,0.4405,0.4403,0.4405,812.0
2025-01-16 17:50:00,0.4407,0.441,0.4403,0.4403,1625.0
2025-01-16 17:51:00,0.4403,0.4405,0.4403,0.4405,471.0
2025-01-16 17:52:00,0.4405,0.4405,0.4405,0.4405,0.0
2025-01-16 17:53:00,0.4412,0.4413,0.4412,0.4413,1338.0
2025-01-16 17:54:00,0.4411,0.4411,0.4407,0.4407,3414.0
2025-01-16 17:55:00,0.4412,0.4412,0.4412,0.4412,12.0
2025-01-16 17:56:00,0.4417,0.4417,0.4415,0.4415,2653.0
2025-01-16 17:57:00,0.4415,0.4417,0.4415,0.4415,1608.0
2025-01-16 17:58:00,0.4415,0.4417,0.4415,0.4417,1014.0
2025-01-16 17:59:00,0.4412,0.4414,0.441,0.441,3259.0
2025-01-16 18:00:00,0.441,0.441,0.441,0.441,12.0
2025-01-16 18:01:00,0.4413,0.4419,0.4413,0.4416,5308.0
2025-01-16 18:02:00,0.4412,0.4415,0.4411,0.4415,2839.0
2025-01-16 18:03:00,0.4415,0.4419,0.4415,0.4419,2075.0
2025-01-16 18:04:00,0.4419,0.4423,0.4419,0.4422,2243.0
2025-01-16 18:05:00,0.4427,0.443,0.4427,0.443,2813.0
2025-01-16 18:06:00,0.4426,0.4428,0.4425,0.4428,1743.0
2025-01-16 18:07:00,0.4427,0.4428,0.4423,0.4423,4755.0
2025-01-16 18:08:00,0.443,0.4432,0.443,0.4432,3506.0
2025-01-16 18:09:00,0.4427,0.4427,0.4425,0.4425,96.0
2025-01-16 18:10:00,0.4424,0.4426,0.4423,0.4423,1542.0
2025-01-16 18:11:00,0.4421,0.4421,0.4413,0.4415,4911.0
2025-01-16 18:12:00,0.4416,0.4416,0.4411,0.4415,2303.0
2025-01-16 18:13:00,0.4414,0.4416,0.4412,0.4412,1521.0
2025-01-16 18:14:00,0.4414,0.4416,0.4412,0.4414,8014.0
2025-01-16 18:15:00,0.4415,0.4418,0.4413,0.4413,4241.0
2025-01-16 18:16:00,0.4411,0.4411,0.4406,0.4409,2573.0
2025-01-16 18:17:00,0.4406,0.4407,0.4402,0.4402,9720.0
2025-01-16 18:18:00,0.4403,0.4405,0.44,0.4401,9737.0
2025-01-16 18:19:00,0.4403,0.4406,0.4397,0.44,28297.0
2025-01-16 18:20:00,0.4401,0.4408,0.44,0.4408,1598.0
2025-01-16 18:21:00,0.4406,0.4407,0.4406,0.4407,113.0
2025-01-16 18:22:00,0.441,0.441,0.4406,0.4406,19032.0
2025-01-16 18:23:00,0.4406,0.4406,0.4406,0.4406,0.0
2025-01-16 18:24:00,0.441,0.441,0.4408,0.4408,4079.0
2025-01-16 18:25:00,0.4408,0.441,0.4407,0.4407,3441.0
2025-01-16 18:26:00,0.4408,0.4408,0.4403,0.4403,2037.0
2025-01-16 18:27:00,0.4395,0.4396,0.4394,0.4395,100.0
2025-01-16 18:28:00,0.4395,0.4395,0.4395,0.4395,0.0
2025-01-16 18:29:00,0.4396,0.4396,0.4392,0.4394,7649.0
2025-01-16 18:30:00,0.4393,0.4395,0.4385,0.4395,7002.0
2025-01-16 18:31:00,0.4394,0.4398,0.439,0.4395,3898.0
2025-01-16 18:32:00,0.439,0.439,0.4385,0.4385,497.0
2025-01-16 18:33:00,0.4386,0.4394,0.4382,0.4394,13625.0
2025-01-16 18:34:00,0.4392,0.4393,0.4384,0.4391,9590.0
2025-01-16 18:35:00,0.4392,0.4395,0.4389,0.4394,7468.0
2025-01-16 18:36:00,0.4396,0.4397,0.4391,0.4391,1548.0
2025-01-16 18:37:00,0.4384,0.4389,0.4384,0.4389,2506.0
2025-01-16 18:38:00,0.4384,0.4384,0.4384,0.4384,60.0
2025-01-16 18:39:00,0.4382,0.4386,0.4382,0.4386,3378.0
2025-01-16 18:40:00,0.4387,0.439,0.4387,0.439,3508.0
2025-01-16 18:41:00,0.4392,0.4394,0.4391,0.4391,1038.0
2025-01-16 18:42:00,0.4389,0.4389,0.4387,0.4389,115.0
2025-01-16 18:43:00,0.4392,0.4392,0.439,0.439,2343.0
2025-01-16 18:44:00,0.4386,0.4389,0.4386,0.4389,49.0
2025-01-16 18:45:00,0.4383,0.4385,0.4383,0.4383,4134.0
2025-01-16 18:46:00,0.4385,0.4387,0.4385,0.4387,2204.0
2025-01-16 18:47:00,0.4387,0.4387,0.438,0.438,2185.0
2025-01-16 18:48:00,0.4381,0.4381,0.4381,0.4381,27.0
2025-01-16 18:49:00,0.4382,0.4386,0.4382,0.4386,2722.0
2025-01-16 18:50:00,0.4391,0.4391,0.4388,0.439,179.0
2025-01-16 18:51:00,0.4388,0.4388,0.4385,0.4385,2444.0
2025-01-16 18:52:00,0.4387,0.4389,0.4387,0.4389,2190.0
2025-01-16 18:53:00,0.4389,0.4396,0.4389,0.4393,678.0
2025-01-16 18:54:00,0.4394,0.4398,0.4394,0.4397,2944.0
2025-01-16 18:55:00,0.4398,0.4398,0.4397,0.4397,52.0
2025-01-16 18:56:00,0.4397,0.4397,0.4396,0.4396,263.0
2025-01-16 18:57:00,0.4395,0.4395,0.4395,0.4395,59.0
2025-01-16 18:58:00,0.4396,0.4396,0.4393,0.4394,599.0
2025-01-16 18:59:00,0.4395,0.4395,0.4391,0.4391,98.0
2025-01-16 19:00:00,0.439,0.439,0.4381,0.4381,14799.0
2025-01-16 19:01:00,0.4382,0.4382,0.4382,0.4382,13.0
2025-01-16 19:02:00,0.4385,0.4388,0.4383,0.4384,3928.0
2025-01-16 19:03:00,0.4382,0.4385,0.4382,0.4385,10167.0
2025-01-16 19:04:00,0.4389,0.439,0.4384,0.4389,1780.0
2025-01-16 19:05:00,0.4394,0.4394,0.4392,0.4392,1176.0
2025-01-16 19:06:00,0.4395,0.4396,0.4395,0.4396,198.0
2025-01-16 19:07:00,0.4397,0.4397,0.4397,0.4397,28.0
2025-01-16 19:08:00,0.4399,0.4399,0.4396,0.4396,39.0
2025-01-16 19:09:00,0.4396,0.4396,0.4396,0.4396,45.0
2025-01-16 19:10:00,0.44,0.4403,0.44,0.4403,702.0
2025-01-16 19:11:00,0.4403,0.4403,0.4403,0.4403,0.0
2025-01-16 19:12:00,0.4403,0.4403,0.4403,0.4403,1312.0
2025-01-16 19:13:00,0.4407,0.4411,0.4407,0.4411,2220.0
2025-01-16 19:14:00,0.4408,0.4408,0.4408,0.4408,172.0
2025-01-16 19:15:00,0.4404,0.4404,0.4401,0.4401,700.0
2025-01-16 19:16:00,0.4398,0.4402,0.4398,0.4402,180.0
2025-01-16 19:17:00,0.4406,0.4407,0.4405,0.4406,3202.0
2025-01-16 19:18:00,0.4406,0.4406,0.4406,0.4406,0.0
2025-01-16 19:19:00,0.441,0.4411,0.441,0.441,1323.0
2025-01-16 19:20:00,0.4408,0.4408,0.4408,0.4408,470.0
2025-01-16 19:21:00,0.4407,0.4407,0.4406,0.4407,677.0
2025-01-16 19:22:00,0.4401,0.4401,0.4395,0.4395,1894.0
2025-01-16 19:23:00,0.4397,0.4397,0.4394,0.4394,1012.0
2025-01-16 19:24:00,0.4395,0.4399,0.4395,0.4399,397.0
2025-01-16 19:25:00,0.4397,0.4402,0.4397,0.4402,1587.0
2025-01-16 19:26:00,0.4405,0.4405,0.4402,0.4404,4417.0
2025-01-16 19:27:00,0.4404,0.4404,0.4404,0.4404,0.0
2025-01-16 19:28:00,0.4404,0.4404,0.4404,0.4404,0.0
2025-01-16 19:29:00,0.4407,0.4409,0.4407,0.4409,9046.0
2025-01-16 19:30:00,0.4405,0.4405,0.4401,0.4401,769.0
2025-01-16 19:31:00,0.4404,0.4404,0.4404,0.4404,34.0
2025-01-16 19:32:00,0.4402,0.4402,0.4402,0.4402,2270.0
2025-01-16 19:33:00,0.4402,0.4402,0.4402,0.4402,0.0
2025-01-16 19:34:00,0.4407,0.4407,0.4407,0.4407,27.0
2025-01-16 19:35:00,0.4408,0.4408,0.4408,0.4408,14.0
2025-01-16 19:36:00,0.4405,0.4408,0.4405,0.4408,2234.0
2025-01-16 19:37:00,0.4411,0.4413,0.441,0.441,1362.0
2025-01-16 19:38:00,0.4409,0.4416,0.4409,0.4414,3923.0
2025-01-16 19:39:00,0.4414,0.4416,0.4413,0.4413,1609.0
2025-01-16 19:40:00,0.4414,0.4414,0.4413,0.4413,1569.0
2025-01-16 19:41:00,0.4414,0.4414,0.441,0.441,21876.0
2025-01-16 19:42:00,0.4408,0.4408,0.4408,0.4408,655.0
2025-01-16 19:43:00,0.4409,0.441,0.4409,0.441,1683.0
2025-01-16 19:44:00,0.4411,0.4412,0.4411,0.4411,1384.0
2025-01-16 19:45:00,0.4409,0.4412,0.4408,0.4412,2342.0
2025-01-16 19:46:00,0.4414,0.4415,0.4414,0.4414,1147.0
2025-01-16 19:47:00,0.4416,0.4418,0.4413,0.4413,3552.0
2025-01-16 19:48:00,0.4415,0.4422,0.4413,0.4421,10411.0
2025-01-16 19:49:00,0.4423,0.4425,0.4421,0.4421,1052.0
2025-01-16 19:50:00,0.4421,0.4421,0.4416,0.4416,495.0
2025-01-16 19:51:00,0.4416,0.4417,0.4411,0.4412,4683.0
2025-01-16 19:52:00,0.441,0.4415,0.441,0.4415,2352.0
2025-01-16 19:53:00,0.4414,0.4416,0.4414,0.4416,957.0
2025-01-16 19:54:00,0.4416,0.4417,0.4416,0.4416,809.0
2025-01-16 19:55:00,0.4417,0.442,0.4417,0.442,1233.0
2025-01-16 19:56:00,0.4421,0.4421,0.4419,0.442,1122.0
2025-01-16 19:57:00,0.4422,0.4424,0.4422,0.4422,6040.0
2025-01-16 19:58:00,0.4423,0.4427,0.4423,0.4427,1181.0
2025-01-16 19:59:00,0.4426,0.4429,0.4426,0.4429,2366.0
2025-01-16 20:00:00,0.4427,0.4428,0.4427,0.4427,83.0
2025-01-16 20:01:00,0.4428,0.443,0.4428,0.443,4656.0
2025-01-16 20:02:00,0.4429,0.4429,0.4427,0.4429,1566.0
2025-01-16 20:03:00,0.4429,0.4434,0.4429,0.4432,8696.0
2025-01-16 20:04:00,0.4431,0.4431,0.4418,0.442,934.0
2025-01-16 20:05:00,0.4418,0.4418,0.4416,0.4416,270.0
2025-01-16 20:06:00,0.4416,0.4416,0.4416,0.4416,113.0
2025-01-16 20:07:00,0.4413,0.4413,0.4409,0.441,2141.0
2025-01-16 20:08:00,0.4411,0.4416,0.4411,0.4416,2469.0
2025-01-16 20:09:00,0.4418,0.442,0.4414,0.4414,7525.0
2025-01-16 20:10:00,0.4413,0.4413,0.4408,0.441,4867.0
2025-01-16 20:11:00,0.4407,0.4412,0.4407,0.4409,7389.0
2025-01-16 20:12:00,0.4409,0.4411,0.4409,0.4411,89.0
2025-01-16 20:13:00,0.4411,0.4411,0.4411,0.4411,0.0
2025-01-16 20:14:00,0.4409,0.4409,0.4403,0.4407,7516.0
2025-01-16 20:15:00,0.441,0.4411,0.4408,0.4411,2363.0
2025-01-16 20:16:00,0.4406,0.4407,0.4406,0.4407,225.0
2025-01-16 20:17:00,0.4406,0.4406,0.4396,0.4396,6014.0
2025-01-16 20:18:00,0.4398,0.4398,0.4392,0.4392,1785.0
2025-01-16 20:19:00,0.4392,0.4392,0.4392,0.4392,0.0
2025-01-16 20:20:00,0.4394,0.4396,0.4394,0.4396,712.0
2025-01-16 20:21:00,0.4396,0.4399,0.4396,0.4399,1107.0
2025-01-16 20:22:00,0.4402,0.4402,0.4398,0.4398,3664.0
2025-01-16 20:23:00,0.4395,0.4395,0.4392,0.4392,492.0
2025-01-16 20:24:00,0.4388,0.4388,0.4388,0.4388,45.0
2025-01-16 20:25:00,0.4385,0.4385,0.4382,0.4382,8059.0
2025-01-16 20:26:00,0.4383,0.4388,0.4383,0.4388,1946.0
2025-01-16 20:27:00,0.4384,0.4384,0.4384,0.4384,761.0
2025-01-16 20:28:00,0.4392,0.4394,0.4392,0.4394,1058.0
2025-01-16 20:29:00,0.4398,0.4399,0.4397,0.4397,117.0
2025-01-16 20:30:00,0.4397,0.4398,0.4397,0.4398,337.0
2025-01-16 20:31:00,0.4398,0.4398,0.4393,0.4393,9988.0
2025-01-16 20:32:00,0.4396,0.4403,0.4396,0.4403,5800.0
2025-01-16 20:33:00,0.4402,0.4402,0.4396,0.4396,2303.0
2025-01-16 20:34:00,0.4399,0.4399,0.4399,0.4399,18.0
2025-01-16 20:35:00,0.4395,0.4399,0.4395,0.4399,10182.0
2025-01-16 20:36:00,0.4401,0.4401,0.4401,0.4401,22.0
2025-01-16 20:37:00,0.4402,0.4402,0.44,0.4402,5117.0
2025-01-16 20:38:00,0.4402,0.4402,0.4402,0.4402,0.0
2025-01-16 20:39:00,0.44,0.4402,0.44,0.4402,34.0
2025-01-16 20:40:00,0.4397,0.4397,0.439,0.4392,113793.0
2025-01-16 20:41:00,0.4394,0.4396,0.4394,0.4394,1621.0
2025-01-16 20:42:00,0.4395,0.44,0.4394,0.4396,9656.0
2025-01-16 20:43:00,0.4398,0.4398,0.4394,0.4394,6610.0
2025-01-16 20:44:00,0.4397,0.4399,0.4397,0.4399,2233.0
2025-01-16 20:45:00,0.4399,0.4402,0.4398,0.44,6007.0
2025-01-16 20:46:00,0.44,0.44,0.4397,0.4397,228.0
2025-01-16 20:47:00,0.4394,0.4397,0.4393,0.4394,4201.0
2025-01-16 20:48:00,0.4392,0.4394,0.4383,0.4383,3502.0
2025-01-16 20:49:00,0.4384,0.4387,0.4383,0.4387,99.0
2025-01-16 20:50:00,0.439,0.4393,0.439,0.439,3075.0
2025-01-16 20:51:00,0.4389,0.4394,0.4389,0.4394,5385.0
2025-01-16 20:52:00,0.4392,0.4396,0.4392,0.4395,2701.0
2025-01-16 20:53:00,0.4392,0.4393,0.439,0.4392,2513.0
2025-01-16 20:54:00,0.439,0.4391,0.4388,0.4391,102.0
2025-01-16 20:55:00,0.4382,0.4382,0.4382,0.4382,369.0
2025-01-16 20:56:00,0.4384,0.4389,0.4384,0.4389,3120.0
2025-01-16 20:57:00,0.4383,0.4389,0.4383,0.4389,1448.0
2025-01-16 20:58:00,0.439,0.4397,0.439,0.4394,3765.0
2025-01-16 20:59:00,0.4393,0.4397,0.4391,0.4397,3129.0
2025-01-16 21:00:00,0.4395,0.4399,0.4392,0.4392,12968.0
2025-01-16 21:01:00,0.4393,0.4394,0.4391,0.4391,15180.0
2025-01-16 21:02:00,0.4388,0.439,0.4386,0.439,4044.0
2025-01-16 21:03:00,0.4389,0.4391,0.438,0.438,2590.0
2025-01-16 21:04:00,0.4382,0.4382,0.4375,0.4375,1429.0
2025-01-16 21:05:00,0.4381,0.4381,0.4381,0.4381,60.0
2025-01-16 21:06:00,0.4381,0.4381,0.4381,0.4381,0.0
2025-01-16 21:07:00,0.4382,0.4384,0.4382,0.4384,417.0
2025-01-16 21:08:00,0.4384,0.4386,0.4384,0.4386,71.0
2025-01-16 21:09:00,0.4383,0.4385,0.4383,0.4385,43.0
2025-01-16 21:10:00,0.4385,0.4389,0.4385,0.4387,2543.0
2025-01-16 21:11:00,0.439,0.4394,0.439,0.4394,162.0
2025-01-16 21:12:00,0.4395,0.4395,0.4394,0.4394,641.0
2025-01-16 21:13:00,0.4396,0.4396,0.4392,0.4392,64.0
2025-01-16 21:14:00,0.4389,0.4389,0.4389,0.4389,540.0
2025-01-16 21:15:00,0.4388,0.4388,0.4388,0.4388,24.0
2025-01-16 21:16:00,0.4387,0.4387,0.4384,0.4384,1694.0
2025-01-16 21:17:00,0.4385,0.4385,0.4377,0.4377,374.0
2025-01-16 21:18:00,0.4376,0.4376,0.4374,0.4374,962.0
2025-01-16 21:19:00,0.4373,0.4373,0.4364,0.4369,6467.0
2025-01-16 21:20:00,0.4368,0.437,0.4363,0.4364,14407.0
2025-01-16 21:21:00,0.4366,0.4366,0.4357,0.4358,4157.0
2025-01-16 21:22:00,0.4359,0.436,0.4357,0.4357,5231.0
2025-01-16 21:23:00,0.4358,0.4359,0.4352,0.4353,4816.0
2025-01-16 21:24:00,0.4354,0.4358,0.4352,0.4353,3910.0
2025-01-16 21:25:00,0.4359,0.436,0.4359,0.436,1109.0
2025-01-16 21:26:00,0.4361,0.4362,0.4358,0.4358,2293.0
2025-01-16 21:27:00,0.4365,0.4366,0.4362,0.4362,7588.0
2025-01-16 21:28:00,0.4366,0.4368,0.4365,0.4367,1384.0
2025-01-16 21:29:00,0.4366,0.4368,0.4366,0.4368,1031.0
2025-01-16 21:30:00,0.4368,0.4369,0.4367,0.4369,1761.0
2025-01-16 21:31:00,0.4369,0.4372,0.4367,0.4371,2122.0
2025-01-16 21:32:00,0.4371,0.4373,0.4368,0.4373,6387.0
2025-01-16 21:33:00,0.4372,0.4372,0.4372,0.4372,701.0
2025-01-16 21:34:00,0.4369,0.437,0.4369,0.437,3520.0
2025-01-16 21:35:00,0.4371,0.4371,0.4368,0.4368,2120.0
2025-01-16 21:36:00,0.4372,0.4372,0.4369,0.437,382.0
2025-01-16 21:37:00,0.437,0.437,0.4367,0.4367,5749.0
2025-01-16 21:38:00,0.437,0.4372,0.437,0.4372,3252.0
2025-01-16 21:39:00,0.4374,0.4378,0.4374,0.4376,2692.0
2025-01-16 21:40:00,0.4374,0.4375,0.4374,0.4375,641.0
2025-01-16 21:41:00,0.4375,0.4375,0.4375,0.4375,0.0
2025-01-16 21:42:00,0.4376,0.4376,0.4376,0.4376,12.0
2025-01-16 21:43:00,0.438,0.4383,0.438,0.4382,1360.0
2025-01-16 21:44:00,0.4384,0.4384,0.4383,0.4383,58.0
2025-01-16 21:45:00,0.4383,0.4383,0.4378,0.4381,673.0
2025-01-16 21:46:00,0.4384,0.4384,0.4382,0.4382,495.0
2025-01-16 21:47:00,0.438,0.4381,0.4378,0.4379,476.0
2025-01-16 21:48:00,0.4376,0.4377,0.4376,0.4376,372.0
2025-01-16 21:49:00,0.4376,0.4376,0.4369,0.4369,13291.0
2025-01-16 21:50:00,0.4366,0.4366,0.4366,0.4366,206.0
2025-01-16 21:51:00,0.4367,0.4367,0.436,0.4362,297.0
2025-01-16 21:52:00,0.436,0.4362,0.436,0.4362,218.0
2025-01-16 21:53:00,0.4362,0.4362,0.4362,0.4362,12.0
2025-01-16 21:54:00,0.4359,0.4361,0.4359,0.4361,57.0
2025-01-16 21:55:00,0.436,0.4362,0.436,0.4362,1494.0
2025-01-16 21:56:00,0.4367,0.4368,0.4364,0.4364,2783.0
2025-01-16 21:57:00,0.4365,0.4365,0.4365,0.4365,30.0
2025-01-16 21:58:00,0.4365,0.4365,0.4365,0.4365,566.0
2025-01-16 21:59:00,0.4363,0.4363,0.4363,0.4363,13.0
2025-01-16 22:00:00,0.437,0.437,0.4363,0.4363,583.0
2025-01-16 22:01:00,0.4362,0.4362,0.4362,0.4362,229.0
2025-01-16 22:02:00,0.4359,0.436,0.4357,0.4357,580.0
2025-01-16 22:03:00,0.4355,0.4355,0.435,0.435,2596.0
2025-01-16 22:04:00,0.4351,0.4353,0.4349,0.4353,997.0
2025-01-16 22:05:00,0.4353,0.4355,0.4353,0.4355,2531.0
2025-01-16 22:06:00,0.4347,0.4352,0.4344,0.4352,3549.0
2025-01-16 22:07:00,0.4349,0.435,0.4344,0.4344,1676.0
2025-01-16 22:08:00,0.4344,0.4346,0.4343,0.4343,2119.0
2025-01-16 22:09:00,0.4342,0.4342,0.4341,0.4342,6154.0
2025-01-16 22:10:00,0.4343,0.4344,0.4342,0.4344,3894.0
2025-01-16 22:11:00,0.4343,0.4344,0.4343,0.4344,2093.0
2025-01-16 22:12:00,0.4339,0.4339,0.4339,0.4339,201.0
2025-01-16 22:13:00,0.4342,0.4344,0.4342,0.4343,3262.0
2025-01-16 22:14:00,0.4348,0.4349,0.4348,0.4349,436.0
2025-01-16 22:15:00,0.4352,0.4353,0.435,0.435,1114.0
2025-01-16 22:16:00,0.4347,0.4348,0.4346,0.4348,139.0
2025-01-16 22:17:00,0.435,0.435,0.4349,0.4349,2748.0
2025-01-16 22:18:00,0.4346,0.4346,0.4344,0.4345,416.0
2025-01-16 22:19:00,0.434,0.434,0.4337,0.4337,805.0
2025-01-16 22:20:00,0.4335,0.4335,0.4332,0.4335,1382.0
2025-01-16 22:21:00,0.4334,0.4334,0.4324,0.4328,12826.0
2025-01-16 22:22:00,0.4326,0.4326,0.4324,0.4324,1088.0
2025-01-16 22:23:00,0.4326,0.4332,0.4326,0.4332,623.0
2025-01-16 22:24:00,0.4332,0.4332,0.4332,0.4332,1283.0
2025-01-16 22:25:00,0.4332,0.4332,0.4331,0.4331,587.0
2025-01-16 22:26:00,0.433,0.433,0.4329,0.4329,606.0
2025-01-16 22:27:00,0.433,0.4331,0.433,0.4331,199.0
2025-01-16 22:28:00,0.4331,0.4331,0.4331,0.4331,57.0
2025-01-16 22:29:00,0.4329,0.4329,0.4328,0.4328,1120.0
2025-01-16 22:30:00,0.4327,0.4327,0.4321,0.4321,1228.0
2025-01-16 22:31:00,0.4321,0.4321,0.4311,0.4312,8358.0
2025-01-16 22:32:00,0.4312,0.4312,0.4312,0.4312,0.0
2025-01-16 22:33:00,0.4312,0.4315,0.431,0.431,5597.0
2025-01-16 22:34:00,0.431,0.431,0.4307,0.4307,1729.0
2025-01-16 22:35:00,0.4308,0.4308,0.4296,0.43,16396.0
2025-01-16 22:36:00,0.43,0.4301,0.4298,0.4301,3630.0
2025-01-16 22:37:00,0.4301,0.4301,0.43,0.43,746.0
2025-01-16 22:38:00,0.4302,0.4309,0.4302,0.4309,734.0
2025-01-16 22:39:00,0.431,0.4312,0.431,0.4312,723.0
2025-01-16 22:40:00,0.4313,0.4315,0.4312,0.4314,4691.0
2025-01-16 22:41:00,0.4313,0.4314,0.4311,0.4312,944.0
2025-01-16 22:42:00,0.4311,0.4311,0.431,0.431,219.0
2025-01-16 22:43:00,0.431,0.431,0.431,0.431,79.0
2025-01-16 22:44:00,0.4309,0.4311,0.4308,0.4311,2529.0
2025-01-16 22:45:00,0.431,0.431,0.4307,0.4307,2235.0
2025-01-16 22:46:00,0.4307,0.4307,0.4305,0.4307,701.0
2025-01-16 22:47:00,0.4307,0.4308,0.4307,0.4308,140.0
2025-01-16 22:48:00,0.4312,0.4313,0.4312,0.4313,50.0
2025-01-16 22:49:00,0.4315,0.4318,0.4315,0.4317,2434.0
2025-01-16 22:50:00,0.4317,0.4317,0.4316,0.4316,64.0
2025-01-16 22:51:00,0.4317,0.4317,0.4316,0.4316,107.0
2025-01-16 22:52:00,0.4317,0.4317,0.4317,0.4317,222.0
2025-01-16 22:53:00,0.4316,0.4317,0.4316,0.4316,419.0
2025-01-16 22:54:00,0.4317,0.4317,0.4317,0.4317,119.0
2025-01-16 22:55:00,0.4318,0.4322,0.4318,0.4322,18803.0
2025-01-16 22:56:00,0.4322,0.4325,0.4319,0.4319,6612.0
2025-01-16 22:57:00,0.4321,0.4321,0.4318,0.432,1955.0
2025-01-16 22:58:00,0.432,0.432,0.4319,0.4319,51.0
2025-01-16 22:59:00,0.4318,0.4322,0.4317,0.432,8602.0
2025-01-16 23:00:00,0.432,0.4327,0.4319,0.4327,1823.0
2025-01-16 23:01:00,0.4326,0.4328,0.4326,0.4328,518.0
2025-01-16 23:02:00,0.4329,0.4337,0.4329,0.4337,3882.0
2025-01-16 23:03:00,0.4338,0.4339,0.4338,0.4339,2654.0
2025-01-16 23:04:00,0.4338,0.434,0.4338,0.4339,620.0
2025-01-16 23:05:00,0.4337,0.4337,0.4334,0.4335,1394.0
2025-01-16 23:06:00,0.4336,0.4338,0.4336,0.4337,2673.0
2025-01-16 23:07:00,0.434,0.434,0.4339,0.4339,596.0
2025-01-16 23:08:00,0.4337,0.4338,0.4337,0.4338,3339.0
2025-01-16 23:09:00,0.4338,0.4339,0.4338,0.4339,738.0
2025-01-16 23:10:00,0.434,0.4342,0.434,0.4342,848.0
2025-01-16 23:11:00,0.4337,0.4338,0.4337,0.4338,63.0
2025-01-16 23:12:00,0.4343,0.4343,0.4343,0.4343,132.0
2025-01-16 23:13:00,0.4337,0.4337,0.4337,0.4337,4087.0
2025-01-16 23:14:00,0.4337,0.4339,0.4337,0.4339,629.0
2025-01-16 23:15:00,0.4341,0.4341,0.4341,0.4341,569.0
2025-01-16 23:16:00,0.4338,0.4338,0.4338,0.4338,100.0
2025-01-16 23:17:00,0.434,0.434,0.434,0.434,18.0
2025-01-16 23:18:00,0.4341,0.4341,0.4341,0.4341,46.0
2025-01-16 23:19:00,0.4335,0.4335,0.4335,0.4335,120.0
2025-01-16 23:20:00,0.4335,0.4335,0.4333,0.4333,489.0
2025-01-16 23:21:00,0.4331,0.4331,0.4321,0.4321,151.0
2025-01-16 23:22:00,0.4323,0.4323,0.4323,0.4323,480.0
2025-01-16 23:23:00,0.4324,0.4324,0.432,0.432,738.0
2025-01-16 23:24:00,0.4315,0.4315,0.4313,0.4313,1000.0
2025-01-16 23:25:00,0.431,0.431,0.4309,0.431,2711.0
2025-01-16 23:26:00,0.431,0.4311,0.4301,0.4306,52083.0
2025-01-16 23:27:00,0.4308,0.4313,0.4308,0.4313,2827.0
2025-01-16 23:28:00,0.4314,0.4315,0.4314,0.4315,233.0
2025-01-16 23:29:00,0.4315,0.4315,0.4313,0.4313,420.0
2025-01-16 23:30:00,0.4314,0.4316,0.4313,0.4315,1465.0
2025-01-16 23:31:00,0.4316,0.4316,0.4316,0.4316,821.0
2025-01-16 23:32:00,0.4316,0.4322,0.4312,0.4322,13369.0
2025-01-16 23:33:00,0.4322,0.4322,0.4322,0.4322,0.0
2025-01-16 23:34:00,0.4327,0.433,0.4327,0.433,786.0
2025-01-16 23:35:00,0.433,0.433,0.433,0.433,29.0
2025-01-16 23:36:00,0.433,0.433,0.433,0.433,0.0
2025-01-16 23:37:00,0.4326,0.4326,0.4324,0.4326,6061.0
2025-01-16 23:38:00,0.433,0.433,0.433,0.433,27.0
2025-01-16 23:39:00,0.4333,0.4333,0.4333,0.4333,768.0
2025-01-16 23:40:00,0.433,0.433,0.4329,0.4329,25.0
2025-01-16 23:41:00,0.433,0.4333,0.433,0.4333,6783.0
2025-01-16 23:42:00,0.4332,0.4337,0.4329,0.4334,49689.0
2025-01-16 23:43:00,0.4333,0.4337,0.4333,0.4337,211.0
2025-01-16 23:44:00,0.4337,0.4338,0.4337,0.4338,151.0
2025-01-16 23:45:00,0.4338,0.4338,0.4335,0.4335,2291.0
2025-01-16 23:46:00,0.4333,0.4335,0.4332,0.4334,43889.0
2025-01-16 23:47:00,0.4334,0.4337,0.4334,0.4337,178.0
2025-01-16 23:48:00,0.4334,0.4334,0.4334,0.4334,195.0
2025-01-16 23:49:00,0.4334,0.4339,0.4334,0.4339,1038.0
2025-01-16 23:50:00,0.4339,0.4339,0.4337,0.4338,1033.0
2025-01-16 23:51:00,0.4336,0.4336,0.4336,0.4336,13.0
2025-01-16 23:52:00,0.4335,0.4339,0.4335,0.4339,5652.0
2025-01-16 23:53:00,0.4339,0.434,0.4339,0.434,50.0
2025-01-16 23:54:00,0.434,0.434,0.4339,0.4339,512.0
2025-01-16 23:55:00,0.4335,0.4337,0.4334,0.4337,3623.0
2025-01-16 23:56:00,0.4341,0.4341,0.4341,0.4341,13.0
2025-01-16 23:57:00,0.4338,0.4338,0.4337,0.4337,54.0
2025-01-16 23:58:00,0.4337,0.4337,0.4337,0.4337,482.0
2025-01-16 23:59:00,0.4334,0.4335,0.4333,0.4335,4724.0
2025-01-17 00:00:00,0.4338,0.4338,0.4337,0.4337,397.0
2025-01-17 00:01:00,0.434,0.4353,0.4339,0.4353,8284.0
2025-01-17 00:02:00,0.4352,0.4352,0.435,0.435,1216.0
2025-01-17 00:03:00,0.4346,0.4353,0.4346,0.4353,738.0
2025-01-17 00:04:00,0.4351,0.4354,0.4351,0.4353,2798.0
2025-01-17 00:05:00,0.4353,0.4357,0.4353,0.4357,2531.0
2025-01-17 00:06:00,0.4359,0.4359,0.4356,0.4357,194.0
2025-01-17 00:07:00,0.4358,0.4359,0.4355,0.4355,3538.0
2025-01-17 00:08:00,0.4355,0.4355,0.4355,0.4355,573.0
2025-01-17 00:09:00,0.4355,0.4355,0.4348,0.4348,4602.0
2025-01-17 00:10:00,0.4346,0.4348,0.4346,0.4348,868.0
2025-01-17 00:11:00,0.4345,0.4348,0.4345,0.4348,126.0
2025-01-17 00:12:00,0.4352,0.4363,0.4352,0.4359,7949.0
2025-01-17 00:13:00,0.4357,0.4357,0.4357,0.4357,2045.0
2025-01-17 00:14:00,0.4358,0.4358,0.4354,0.4354,153.0
2025-01-17 00:15:00,0.4359,0.436,0.4359,0.436,2536.0
2025-01-17 00:16:00,0.436,0.4361,0.436,0.4361,10832.0
2025-01-17 00:17:00,0.4365,0.4369,0.4365,0.4366,3797.0
2025-01-17 00:18:00,0.4366,0.4367,0.4365,0.4366,651.0
2025-01-17 00:19:00,0.4364,0.4364,0.4362,0.4362,10569.0
2025-01-17 00:20:00,0.4366,0.4366,0.4364,0.4364,72.0
2025-01-17 00:21:00,0.4363,0.4363,0.4363,0.4363,12.0
2025-01-17 00:22:00,0.4363,0.4363,0.4363,0.4363,0.0
2025-01-17 00:23:00,0.4363,0.4363,0.436,0.436,501.0
2025-01-17 00:24:00,0.436,0.436,0.436,0.436,44.0
2025-01-17 00:25:00,0.4354,0.4354,0.4354,0.4354,44.0
2025-01-17 00:26:00,0.4348,0.4348,0.4343,0.4346,3799.0
2025-01-17 00:27:00,0.4346,0.4347,0.4346,0.4347,103.0
2025-01-17 00:28:00,0.4347,0.4347,0.4347,0.4347,0.0
2025-01-17 00:29:00,0.435,0.435,0.435,0.435,46.0
2025-01-17 00:30:00,0.4358,0.436,0.4358,0.436,89.0
2025-01-17 00:31:00,0.4356,0.4357,0.4356,0.4357,532.0
2025-01-17 00:32:00,0.4358,0.4359,0.4355,0.4355,346.0
2025-01-17 00:33:00,0.4357,0.4357,0.4357,0.4357,45.0
2025-01-17 00:34:00,0.4357,0.4357,0.4357,0.4357,22.0
2025-01-17 00:35:00,0.4354,0.4354,0.4354,0.4354,30.0
2025-01-17 00:36:00,0.4353,0.4353,0.4353,0.4353,769.0
2025-01-17 00:37:00,0.4358,0.4358,0.4358,0.4358,45.0
2025-01-17 00:38:00,0.4358,0.4358,0.4358,0.4358,0.0
2025-01-17 00:39:00,0.4355,0.4357,0.4355,0.4357,1062.0
2025-01-17 00:40:00,0.4359,0.436,0.4357,0.4357,906.0
2025-01-17 00:41:00,0.4359,0.436,0.4359,0.436,593.0
2025-01-17 00:42:00,0.4359,0.4359,0.4354,0.4354,2177.0
2025-01-17 00:43:00,0.4354,0.4354,0.4352,0.4354,520.0
2025-01-17 00:44:00,0.4356,0.4358,0.4356,0.4358,1097.0
2025-01-17 00:45:00,0.4355,0.4357,0.4353,0.4354,1841.0
2025-01-17 00:46:00,0.4357,0.4358,0.4354,0.4354,3232.0
2025-01-17 00:47:00,0.4353,0.4353,0.4346,0.4346,1213.0
2025-01-17 00:48:00,0.4348,0.4349,0.4347,0.4349,601.0
2025-01-17 00:49:00,0.435,0.435,0.4349,0.4349,79.0
2025-01-17 00:50:00,0.4352,0.4352,0.435,0.4351,309.0
2025-01-17 00:51:00,0.435,0.435,0.4348,0.4349,1463.0
2025-01-17 00:52:00,0.4351,0.4355,0.4351,0.4354,82.0
2025-01-17 00:53:00,0.4353,0.4353,0.4352,0.4353,84.0
2025-01-17 00:54:00,0.4355,0.4356,0.4355,0.4356,253.0
2025-01-17 00:55:00,0.4358,0.4359,0.4355,0.4355,3412.0
2025-01-17 00:56:00,0.4362,0.4362,0.4359,0.4361,119.0
2025-01-17 00:57:00,0.436,0.4366,0.436,0.4366,3875.0
2025-01-17 00:58:00,0.4366,0.4366,0.4363,0.4363,95.0
2025-01-17 00:59:00,0.4363,0.4363,0.4361,0.4362,641.0
2025-01-17 01:00:00,0.4363,0.4366,0.4362,0.4366,57.0
2025-01-17 01:01:00,0.4367,0.4367,0.4364,0.4364,113.0
2025-01-17 01:02:00,0.4366,0.4366,0.4365,0.4366,43.0
2025-01-17 01:03:00,0.4366,0.4366,0.4366,0.4366,13.0
2025-01-17 01:04:00,0.4368,0.4368,0.4367,0.4368,75.0
2025-01-17 01:05:00,0.4367,0.4372,0.4365,0.4372,8340.0
2025-01-17 01:06:00,0.4372,0.4372,0.4372,0.4372,495.0
2025-01-17 01:07:00,0.4372,0.4372,0.4366,0.4366,9458.0
2025-01-17 01:08:00,0.4363,0.4365,0.4363,0.4365,17178.0
2025-01-17 01:09:00,0.4372,0.4372,0.4371,0.4371,657.0
2025-01-17 01:10:00,0.4369,0.4372,0.4369,0.4371,203.0
2025-01-17 01:11:00,0.437,0.437,0.4368,0.4368,190.0
2025-01-17 01:12:00,0.4364,0.4364,0.4363,0.4363,388.0
2025-01-17 01:13:00,0.4361,0.4363,0.4361,0.4361,656.0
2025-01-17 01:14:00,0.4361,0.4361,0.4361,0.4361,0.0
2025-01-17 01:15:00,0.4368,0.4369,0.4368,0.4369,775.0
2025-01-17 01:16:00,0.4368,0.4368,0.4367,0.4367,76.0
2025-01-17 01:17:00,0.4366,0.4366,0.4365,0.4365,56.0
2025-01-17 01:18:00,0.4365,0.4365,0.4363,0.4363,33.0
2025-01-17 01:19:00,0.4365,0.4368,0.4365,0.4367,5174.0
2025-01-17 01:20:00,0.4364,0.4368,0.4364,0.4367,93.0
2025-01-17 01:21:00,0.4364,0.4364,0.4361,0.4361,6516.0
2025-01-17 01:22:00,0.4361,0.4361,0.4361,0.4361,0.0
2025-01-17 01:23:00,0.4359,0.436,0.4358,0.4358,363.0
2025-01-17 01:24:00,0.4358,0.4359,0.4358,0.4359,869.0
2025-01-17 01:25:00,0.4363,0.4364,0.4363,0.4364,535.0
2025-01-17 01:26:00,0.4368,0.4372,0.4368,0.4372,1178.0
2025-01-17 01:27:00,0.4371,0.4376,0.4371,0.4376,5243.0
2025-01-17 01:28:00,0.4377,0.4377,0.4377,0.4377,972.0
2025-01-17 01:29:00,0.4377,0.4377,0.4377,0.4377,0.0
2025-01-17 01:30:00,0.4373,0.4375,0.4373,0.4375,211.0
2025-01-17 01:31:00,0.4373,0.4379,0.4373,0.4379,6993.0
2025-01-17 01:32:00,0.4378,0.4385,0.4378,0.4385,2130.0
2025-01-17 01:33:00,0.4389,0.4391,0.4389,0.4391,2273.0
2025-01-17 01:34:00,0.4393,0.4398,0.4393,0.4398,3070.0
2025-01-17 01:35:00,0.4398,0.4408,0.4398,0.4405,8815.0
2025-01-17 01:36:00,0.4407,0.442,0.4407,0.4418,9298.0
2025-01-17 01:37:00,0.4419,0.4421,0.4411,0.4417,22045.0
2025-01-17 01:38:00,0.4417,0.4422,0.4411,0.4421,10579.0
2025-01-17 01:39:00,0.4421,0.4422,0.4415,0.4422,13354.0
2025-01-17 01:40:00,0.4422,0.443,0.4422,0.4426,24195.0
2025-01-17 01:41:00,0.4425,0.4433,0.4421,0.4426,24359.0
2025-01-17 01:42:00,0.4425,0.4425,0.4417,0.4423,7129.0
2025-01-17 01:43:00,0.4422,0.4423,0.4418,0.4421,6124.0
2025-01-17 01:44:00,0.4426,0.4426,0.4423,0.4423,4518.0
2025-01-17 01:45:00,0.4426,0.4426,0.4416,0.4424,11266.0
2025-01-17 01:46:00,0.4426,0.443,0.4425,0.443,3278.0
2025-01-17 01:47:00,0.4428,0.4428,0.4424,0.4424,178.0
2025-01-17 01:48:00,0.4427,0.443,0.441,0.4413,66705.0
2025-01-17 01:49:00,0.4415,0.4415,0.4408,0.4414,8202.0
2025-01-17 01:50:00,0.4415,0.4417,0.4409,0.4409,14110.0
2025-01-17 01:51:00,0.4411,0.4422,0.4409,0.4418,42267.0
2025-01-17 01:52:00,0.4416,0.4417,0.4414,0.4414,2174.0
2025-01-17 01:53:00,0.4414,0.4415,0.4412,0.4412,448.0
2025-01-17 01:54:00,0.4414,0.4419,0.4414,0.4417,1716.0
2025-01-17 01:55:00,0.4422,0.4424,0.4421,0.4424,1038.0
2025-01-17 01:56:00,0.4425,0.4428,0.4425,0.4428,77.0
2025-01-17 01:57:00,0.4426,0.4428,0.4425,0.4425,1196.0
2025-01-17 01:58:00,0.4427,0.4434,0.4426,0.4431,15183.0
2025-01-17 01:59:00,0.4429,0.4429,0.4425,0.4425,3912.0
2025-01-17 02:00:00,0.4425,0.4425,0.4424,0.4424,3311.0
2025-01-17 02:01:00,0.4427,0.4428,0.4425,0.4425,389.0
2025-01-17 02:02:00,0.4426,0.4429,0.4418,0.4418,375.0
2025-01-17 02:03:00,0.4421,0.4421,0.4421,0.4421,18.0
2025-01-17 02:04:00,0.4423,0.4423,0.4418,0.4419,9247.0
2025-01-17 02:05:00,0.4424,0.4424,0.4422,0.4422,1507.0
2025-01-17 02:06:00,0.4421,0.4422,0.4421,0.4422,54.0
2025-01-17 02:07:00,0.4423,0.4427,0.4423,0.4427,198.0
2025-01-17 02:08:00,0.4427,0.4427,0.4423,0.4423,1992.0
2025-01-17 02:09:00,0.4421,0.4421,0.4421,0.4421,86.0
2025-01-17 02:10:00,0.4422,0.4422,0.4421,0.4421,615.0
2025-01-17 02:11:00,0.4418,0.4423,0.4418,0.4423,3000.0
2025-01-17 02:12:00,0.442,0.4426,0.442,0.4426,12657.0
2025-01-17 02:13:00,0.4426,0.4426,0.4424,0.4426,9306.0
2025-01-17 02:14:00,0.4428,0.443,0.4422,0.443,1653.0
2025-01-17 02:15:00,0.4431,0.4436,0.4431,0.4435,4833.0
2025-01-17 02:16:00,0.4437,0.4441,0.4434,0.4434,5308.0
2025-01-17 02:17:00,0.443,0.4437,0.4429,0.4437,6803.0
2025-01-17 02:18:00,0.4436,0.4437,0.4436,0.4437,5622.0
2025-01-17 02:19:00,0.4439,0.4443,0.4437,0.4443,10957.0
2025-01-17 02:20:00,0.444,0.4441,0.4434,0.444,25785.0
2025-01-17 02:21:00,0.4439,0.4441,0.4439,0.4439,453.0
2025-01-17 02:22:00,0.4438,0.444,0.4437,0.444,4139.0
2025-01-17 02:23:00,0.4443,0.4443,0.4442,0.4442,1536.0
2025-01-17 02:24:00,0.4443,0.4447,0.4443,0.4446,5268.0
2025-01-17 02:25:00,0.4447,0.4448,0.4446,0.4448,2042.0
2025-01-17 02:26:00,0.4445,0.445,0.4445,0.4445,23739.0
2025-01-17 02:27:00,0.4445,0.4449,0.4444,0.4447,2056.0
2025-01-17 02:28:00,0.4448,0.4448,0.4444,0.4444,3087.0
2025-01-17 02:29:00,0.4445,0.4445,0.4441,0.4441,59.0
2025-01-17 02:30:00,0.4442,0.4442,0.4438,0.4438,1942.0
2025-01-17 02:31:00,0.4438,0.4439,0.4438,0.4439,3677.0
2025-01-17 02:32:00,0.4439,0.4439,0.4434,0.4434,941.0
2025-01-17 02:33:00,0.4435,0.4435,0.4435,0.4435,388.0
2025-01-17 02:34:00,0.4437,0.4438,0.4437,0.4438,2684.0
2025-01-17 02:35:00,0.4435,0.4437,0.4435,0.4437,141.0
2025-01-17 02:36:00,0.4435,0.4436,0.4435,0.4436,50.0
2025-01-17 02:37:00,0.4434,0.4434,0.4434,0.4434,85.0
2025-01-17 02:38:00,0.443,0.443,0.443,0.443,700.0
2025-01-17 02:39:00,0.4429,0.4433,0.4428,0.4433,5133.0
2025-01-17 02:40:00,0.4432,0.4432,0.4432,0.4432,57.0
2025-01-17 02:41:00,0.4431,0.4431,0.4429,0.4429,1375.0
2025-01-17 02:42:00,0.4425,0.4426,0.4424,0.4424,8882.0
2025-01-17 02:43:00,0.4426,0.4429,0.4426,0.4429,183.0
2025-01-17 02:44:00,0.4427,0.4427,0.4427,0.4427,374.0
2025-01-17 02:45:00,0.4426,0.4426,0.442,0.442,5672.0
2025-01-17 02:46:00,0.4418,0.442,0.4415,0.4418,14371.0
2025-01-17 02:47:00,0.4419,0.4419,0.4418,0.4418,117.0
2025-01-17 02:48:00,0.4417,0.442,0.4411,0.4416,7134.0
2025-01-17 02:49:00,0.4416,0.4416,0.4409,0.441,3379.0
2025-01-17 02:50:00,0.4409,0.4414,0.4408,0.4414,1433.0
2025-01-17 02:51:00,0.441,0.441,0.4404,0.4404,2585.0
2025-01-17 02:52:00,0.4403,0.4405,0.4398,0.4404,5006.0
2025-01-17 02:53:00,0.4403,0.441,0.4403,0.441,418.0
2025-01-17 02:54:00,0.4414,0.4417,0.4414,0.4417,259.0
2025-01-17 02:55:00,0.4414,0.4416,0.4414,0.4416,956.0
2025-01-17 02:56:00,0.4416,0.4416,0.4415,0.4415,1733.0
2025-01-17 02:57:00,0.4413,0.4418,0.4413,0.4418,1985.0
2025-01-17 02:58:00,0.4419,0.4422,0.4418,0.4422,926.0
2025-01-17 02:59:00,0.4423,0.4425,0.4423,0.4425,1770.0
2025-01-17 03:00:00,0.4422,0.4425,0.4422,0.4424,1085.0
2025-01-17 03:01:00,0.4427,0.4428,0.4426,0.4426,187.0
2025-01-17 03:02:00,0.4426,0.4426,0.4426,0.4426,0.0
2025-01-17 03:03:00,0.4426,0.4427,0.4426,0.4427,505.0
2025-01-17 03:04:00,0.4424,0.4424,0.4424,0.4424,1014.0
2025-01-17 03:05:00,0.4421,0.4421,0.4418,0.4418,2384.0
2025-01-17 03:06:00,0.4416,0.4416,0.4416,0.4416,27.0
2025-01-17 03:07:00,0.4417,0.4418,0.4417,0.4418,428.0
2025-01-17 03:08:00,0.4417,0.4417,0.4417,0.4417,583.0
2025-01-17 03:09:00,0.4423,0.4426,0.4423,0.4424,276.0
2025-01-17 03:10:00,0.4422,0.4425,0.4422,0.4423,22385.0
2025-01-17 03:11:00,0.4422,0.4422,0.4417,0.4417,81.0
2025-01-17 03:12:00,0.4414,0.4414,0.4414,0.4414,71.0
2025-01-17 03:13:00,0.4412,0.4412,0.4412,0.4412,203.0
2025-01-17 03:14:00,0.4413,0.4413,0.4412,0.4412,498.0
2025-01-17 03:15:00,0.4409,0.4409,0.4409,0.4409,43.0
2025-01-17 03:16:00,0.441,0.441,0.441,0.441,113.0
2025-01-17 03:17:00,0.4411,0.4411,0.4411,0.4411,591.0
2025-01-17 03:18:00,0.4412,0.4414,0.4412,0.4414,694.0
2025-01-17 03:19:00,0.4416,0.4416,0.4414,0.4414,974.0
2025-01-17 03:20:00,0.4414,0.4414,0.4414,0.4414,0.0
2025-01-17 03:21:00,0.442,0.442,0.4417,0.4417,1566.0
2025-01-17 03:22:00,0.4417,0.4417,0.4417,0.4417,0.0
2025-01-17 03:23:00,0.4417,0.4419,0.4417,0.4418,8313.0
2025-01-17 03:24:00,0.4418,0.4418,0.4418,0.4418,0.0
2025-01-17 03:25:00,0.4418,0.4418,0.4418,0.4418,68.0
2025-01-17 03:26:00,0.4414,0.4414,0.4414,0.4414,27.0
2025-01-17 03:27:00,0.4411,0.4412,0.4411,0.4412,93.0
2025-01-17 03:28:00,0.4412,0.4412,0.4412,0.4412,0.0
2025-01-17 03:29:00,0.4414,0.4416,0.4412,0.4412,61786.0
2025-01-17 03:30:00,0.4414,0.4414,0.4412,0.4412,3359.0
2025-01-17 03:31:00,0.4411,0.4411,0.4411,0.4411,78.0
2025-01-17 03:32:00,0.4414,0.4414,0.4414,0.4414,44.0
2025-01-17 03:33:00,0.4413,0.4415,0.4413,0.4415,383.0
2025-01-17 03:34:00,0.4412,0.4412,0.4412,0.4412,27.0
2025-01-17 03:35:00,0.4412,0.4415,0.4412,0.4415,2734.0
2025-01-17 03:36:00,0.4417,0.4418,0.4417,0.4418,830.0
2025-01-17 03:37:00,0.4421,0.4421,0.4418,0.4418,66.0
2025-01-17 03:38:00,0.4416,0.4416,0.4415,0.4415,55.0
2025-01-17 03:39:00,0.4418,0.4418,0.4418,0.4418,446.0
2025-01-17 03:40:00,0.4418,0.4418,0.4416,0.4417,103.0
2025-01-17 03:41:00,0.4416,0.4417,0.4415,0.4417,657.0
2025-01-17 03:42:00,0.4417,0.4418,0.4413,0.4413,548.0
2025-01-17 03:43:00,0.4411,0.4412,0.4411,0.4412,143.0
2025-01-17 03:44:00,0.4415,0.4416,0.4414,0.4414,136.0
2025-01-17 03:45:00,0.4415,0.4419,0.4415,0.4419,117.0
2025-01-17 03:46:00,0.4419,0.4419,0.4411,0.4411,4660.0
2025-01-17 03:47:00,0.4413,0.4413,0.4407,0.4407,127.0
2025-01-17 03:48:00,0.4409,0.4413,0.4407,0.4409,14642.0
2025-01-17 03:49:00,0.4412,0.4414,0.441,0.441,5942.0
2025-01-17 03:50:00,0.4408,0.441,0.4408,0.4408,939.0
2025-01-17 03:51:00,0.4408,0.4408,0.4405,0.4407,2353.0
2025-01-17 03:52:00,0.4408,0.441,0.4408,0.4409,50.0
2025-01-17 03:53:00,0.4409,0.4411,0.4406,0.4406,1213.0
2025-01-17 03:54:00,0.4406,0.4406,0.4406,0.4406,13.0
2025-01-17 03:55:00,0.4408,0.4408,0.4408,0.4408,57.0
2025-01-17 03:56:00,0.4414,0.4415,0.441,0.441,90.0
2025-01-17 03:57:00,0.441,0.441,0.4406,0.4406,113.0
2025-01-17 03:58:00,0.4405,0.4407,0.4405,0.4406,531.0
2025-01-17 03:59:00,0.4408,0.441,0.4408,0.4408,1675.0
2025-01-17 04:00:00,0.441,0.4414,0.441,0.4414,2030.0
2025-01-17 04:01:00,0.4412,0.4412,0.4412,0.4412,13.0
2025-01-17 04:02:00,0.4413,0.4422,0.4413,0.4422,2562.0
2025-01-17 04:03:00,0.4424,0.4426,0.4419,0.4419,1564.0
2025-01-17 04:04:00,0.4423,0.4423,0.4423,0.4423,44.0
2025-01-17 04:05:00,0.4422,0.4422,0.4416,0.4416,104.0
2025-01-17 04:06:00,0.4417,0.4417,0.4416,0.4416,59.0
2025-01-17 04:07:00,0.4413,0.4416,0.4411,0.4411,388.0
2025-01-17 04:08:00,0.4409,0.4409,0.4409,0.4409,289.0
2025-01-17 04:09:00,0.4408,0.441,0.4404,0.4404,1026.0
2025-01-17 04:10:00,0.4405,0.4405,0.4399,0.4404,9783.0
2025-01-17 04:11:00,0.4405,0.4405,0.4405,0.4405,2467.0
2025-01-17 04:12:00,0.4406,0.4406,0.4406,0.4406,71.0
2025-01-17 04:13:00,0.4409,0.4409,0.4406,0.4407,10492.0
2025-01-17 04:14:00,0.4407,0.4407,0.4404,0.4404,447.0
2025-01-17 04:15:00,0.4401,0.4404,0.4401,0.4401,1986.0
2025-01-17 04:16:00,0.4401,0.4401,0.4398,0.4398,1248.0
2025-01-17 04:17:00,0.44,0.44,0.44,0.44,228.0
2025-01-17 04:18:00,0.4398,0.4398,0.4398,0.4398,44.0
2025-01-17 04:19:00,0.4399,0.4399,0.4396,0.4396,5127.0
2025-01-17 04:20:00,0.4404,0.4404,0.4404,0.4404,148.0
2025-01-17 04:21:00,0.4401,0.4409,0.4401,0.4409,8954.0
2025-01-17 04:22:00,0.4407,0.4413,0.4406,0.4412,3795.0
2025-01-17 04:23:00,0.4409,0.4409,0.4407,0.4407,1005.0
2025-01-17 04:24:00,0.4405,0.4408,0.4405,0.4408,1033.0
2025-01-17 04:25:00,0.4407,0.4407,0.4404,0.4404,133.0
2025-01-17 04:26:00,0.4404,0.4404,0.4401,0.4401,2539.0
2025-01-17 04:27:00,0.4399,0.4399,0.4399,0.4399,45.0
2025-01-17 04:28:00,0.4401,0.4401,0.4401,0.4401,154.0
2025-01-17 04:29:00,0.4405,0.4408,0.4405,0.4408,244.0
2025-01-17 04:30:00,0.4403,0.4404,0.4402,0.4404,1094.0
2025-01-17 04:31:00,0.4403,0.4403,0.44,0.44,101.0
2025-01-17 04:32:00,0.4402,0.4402,0.4402,0.4402,49.0
2025-01-17 04:33:00,0.4407,0.4411,0.4407,0.4411,4236.0
2025-01-17 04:34:00,0.4409,0.4409,0.4406,0.4406,760.0
2025-01-17 04:35:00,0.4407,0.4408,0.4406,0.4408,932.0
2025-01-17 04:36:00,0.4409,0.4409,0.4409,0.4409,51.0
2025-01-17 04:37:00,0.441,0.441,0.441,0.441,22.0
2025-01-17 04:38:00,0.4411,0.4414,0.4411,0.4413,1905.0
2025-01-17 04:39:00,0.4413,0.4416,0.4413,0.4415,956.0
2025-01-17 04:40:00,0.4415,0.4417,0.4415,0.4415,11099.0
2025-01-17 04:41:00,0.4416,0.442,0.4416,0.442,1256.0
2025-01-17 04:42:00,0.4418,0.4421,0.4418,0.4421,1666.0
2025-01-17 04:43:00,0.4423,0.4423,0.442,0.442,274.0
2025-01-17 04:44:00,0.4421,0.4421,0.4421,0.4421,338.0
2025-01-17 04:45:00,0.4419,0.4422,0.4418,0.4422,517.0
2025-01-17 04:46:00,0.4422,0.4425,0.4422,0.4423,521.0
2025-01-17 04:47:00,0.4422,0.4427,0.4422,0.4425,1235.0
2025-01-17 04:48:00,0.4426,0.4426,0.4421,0.4421,2386.0
2025-01-17 04:49:00,0.4421,0.4425,0.4421,0.4425,76.0
2025-01-17 04:50:00,0.4426,0.443,0.4426,0.443,995.0
2025-01-17 04:51:00,0.4428,0.4432,0.4427,0.4432,1574.0
2025-01-17 04:52:00,0.4435,0.4435,0.4434,0.4434,2362.0
2025-01-17 04:53:00,0.4437,0.444,0.4437,0.4437,595.0
2025-01-17 04:54:00,0.4438,0.4438,0.4437,0.4438,2031.0
2025-01-17 04:55:00,0.4438,0.4438,0.4436,0.4436,68.0
2025-01-17 04:56:00,0.4436,0.4437,0.4436,0.4437,537.0
2025-01-17 04:57:00,0.4438,0.4439,0.4438,0.4438,574.0
2025-01-17 04:58:00,0.444,0.444,0.4439,0.4439,1048.0
2025-01-17 04:59:00,0.444,0.444,0.4438,0.4438,118.0
2025-01-17 05:00:00,0.4439,0.4439,0.4436,0.4436,200.0
2025-01-17 05:01:00,0.4435,0.4437,0.4435,0.4437,65.0
2025-01-17 05:02:00,0.4433,0.4435,0.4433,0.4435,1021.0
2025-01-17 05:03:00,0.4434,0.4435,0.4432,0.4432,127.0
2025-01-17 05:04:00,0.4433,0.4433,0.443,0.443,521.0
2025-01-17 05:05:00,0.4428,0.443,0.4428,0.443,1087.0
2025-01-17 05:06:00,0.4432,0.4434,0.4432,0.4434,26.0
2025-01-17 05:07:00,0.4435,0.4439,0.4435,0.4438,1736.0
2025-01-17 05:08:00,0.4438,0.4439,0.4434,0.4434,4214.0
2025-01-17 05:09:00,0.4436,0.4436,0.4434,0.4436,262.0
2025-01-17 05:10:00,0.4435,0.4439,0.4435,0.4439,6268.0
2025-01-17 05:11:00,0.4435,0.4435,0.4433,0.4433,1005.0
2025-01-17 05:12:00,0.4433,0.4437,0.4433,0.4435,8715.0
2025-01-17 05:13:00,0.4434,0.4435,0.4434,0.4435,132.0
2025-01-17 05:14:00,0.4434,0.4436,0.4433,0.4433,814.0
2025-01-17 05:15:00,0.4435,0.4435,0.4435,0.4435,690.0
2025-01-17 05:16:00,0.4435,0.4435,0.4428,0.4428,2783.0
2025-01-17 05:17:00,0.4427,0.4427,0.442,0.442,4771.0
2025-01-17 05:18:00,0.4421,0.4423,0.4421,0.4422,7065.0
2025-01-17 05:19:00,0.4423,0.4424,0.4422,0.4424,2639.0
2025-01-17 05:20:00,0.4424,0.4427,0.4422,0.4427,7814.0
2025-01-17 05:21:00,0.4428,0.4428,0.4424,0.4424,1059.0
2025-01-17 05:22:00,0.4426,0.4429,0.4426,0.4429,122.0
2025-01-17 05:23:00,0.4427,0.4427,0.4426,0.4426,1322.0
2025-01-17 05:24:00,0.4426,0.4429,0.4426,0.4429,402.0
2025-01-17 05:25:00,0.4429,0.443,0.4428,0.443,5197.0
2025-01-17 05:26:00,0.4427,0.4428,0.4425,0.4425,571.0
2025-01-17 05:27:00,0.4425,0.4427,0.4425,0.4426,1048.0
2025-01-17 05:28:00,0.443,0.443,0.443,0.443,623.0
2025-01-17 05:29:00,0.443,0.4435,0.443,0.4434,48057.0
2025-01-17 05:30:00,0.4432,0.4442,0.4432,0.4442,11921.0
2025-01-17 05:31:00,0.444,0.4441,0.4436,0.4436,620.0
2025-01-17 05:32:00,0.4436,0.4436,0.4429,0.4429,527.0
2025-01-17 05:33:00,0.4429,0.4435,0.4429,0.4431,9984.0
2025-01-17 05:34:00,0.4431,0.4434,0.4431,0.4434,6482.0
2025-01-17 05:35:00,0.4435,0.4436,0.4432,0.4433,8675.0
2025-01-17 05:36:00,0.443,0.4432,0.4429,0.443,6746.0
2025-01-17 05:37:00,0.443,0.443,0.4426,0.4427,6678.0
2025-01-17 05:38:00,0.4427,0.443,0.4423,0.4423,9560.0
2025-01-17 05:39:00,0.4424,0.4428,0.4424,0.4428,6224.0
2025-01-17 05:40:00,0.4427,0.4427,0.4424,0.4425,232.0
2025-01-17 05:41:00,0.4424,0.4425,0.4424,0.4425,2789.0
2025-01-17 05:42:00,0.4427,0.4428,0.4425,0.4425,933.0
2025-01-17 05:43:00,0.4424,0.4427,0.4424,0.4425,5677.0
2025-01-17 05:44:00,0.4423,0.4424,0.4423,0.4424,3379.0
2025-01-17 05:45:00,0.4427,0.4434,0.4427,0.4434,5878.0
2025-01-17 05:46:00,0.4434,0.4434,0.4431,0.4431,3741.0
2025-01-17 05:47:00,0.4433,0.4433,0.4429,0.4431,1027.0
2025-01-17 05:48:00,0.4434,0.4438,0.4434,0.4438,643.0
2025-01-17 05:49:00,0.4437,0.4439,0.4437,0.4439,248.0
2025-01-17 05:50:00,0.4439,0.4443,0.4439,0.4442,1717.0
2025-01-17 05:51:00,0.4441,0.4442,0.4439,0.4439,3219.0
2025-01-17 05:52:00,0.4439,0.444,0.4439,0.4439,7685.0
2025-01-17 05:53:00,0.444,0.444,0.4439,0.4439,70.0
2025-01-17 05:54:00,0.444,0.444,0.4439,0.4439,653.0
2025-01-17 05:55:00,0.4439,0.444,0.4438,0.4439,1518.0
2025-01-17 05:56:00,0.4439,0.444,0.4437,0.4437,1249.0
2025-01-17 05:57:00,0.4434,0.4434,0.4431,0.4431,335.0
2025-01-17 05:58:00,0.4432,0.4436,0.4432,0.4433,3538.0
2025-01-17 05:59:00,0.4434,0.4434,0.443,0.443,2291.0
2025-01-17 06:00:00,0.4433,0.4434,0.4432,0.4432,192.0
2025-01-17 06:01:00,0.4433,0.4433,0.4433,0.4433,15.0
2025-01-17 06:02:00,0.4433,0.4435,0.4433,0.4435,192.0
2025-01-17 06:03:00,0.4436,0.4436,0.4435,0.4435,75.0
2025-01-17 06:04:00,0.4435,0.4438,0.4435,0.4438,2348.0
2025-01-17 06:05:00,0.4434,0.4434,0.4434,0.4434,12.0
2025-01-17 06:06:00,0.4435,0.4436,0.4434,0.4434,2720.0
2025-01-17 06:07:00,0.4434,0.4434,0.4434,0.4434,0.0
2025-01-17 06:08:00,0.4434,0.4434,0.4434,0.4434,0.0
2025-01-17 06:09:00,0.4434,0.4434,0.4434,0.4434,0.0
2025-01-17 06:10:00,0.444,0.444,0.444,0.444,5440.0
2025-01-17 06:11:00,0.444,0.444,0.4438,0.4438,64.0
2025-01-17 06:12:00,0.4439,0.4442,0.4439,0.4442,10882.0
2025-01-17 06:13:00,0.4442,0.4445,0.4442,0.4445,174.0
2025-01-17 06:14:00,0.4445,0.4446,0.4444,0.4446,5203.0
2025-01-17 06:15:00,0.4446,0.4448,0.4446,0.4448,74.0
2025-01-17 06:16:00,0.4448,0.4448,0.4446,0.4446,593.0
2025-01-17 06:17:00,0.4445,0.4445,0.4444,0.4444,730.0
2025-01-17 06:18:00,0.4444,0.4444,0.4444,0.4444,0.0
2025-01-17 06:19:00,0.4449,0.4451,0.4449,0.445,1652.0
2025-01-17 06:20:00,0.4451,0.4452,0.445,0.445,857.0
2025-01-17 06:21:00,0.4445,0.4445,0.4445,0.4445,44.0
2025-01-17 06:22:00,0.4445,0.4445,0.4445,0.4445,0.0
2025-01-17 06:23:00,0.4444,0.4444,0.4444,0.4444,262.0
2025-01-17 06:24:00,0.4445,0.4445,0.4443,0.4443,90.0
2025-01-17 06:25:00,0.4441,0.4442,0.4439,0.4439,5301.0
2025-01-17 06:26:00,0.4438,0.4439,0.4438,0.4439,2140.0
2025-01-17 06:27:00,0.4439,0.4439,0.4437,0.4437,1315.0
2025-01-17 06:28:00,0.4436,0.4441,0.4436,0.4441,5856.0
2025-01-17 06:29:00,0.4441,0.4441,0.4439,0.444,2023.0
2025-01-17 06:30:00,0.4438,0.444,0.4435,0.4436,7386.0
2025-01-17 06:31:00,0.4436,0.444,0.4436,0.444,1987.0
2025-01-17 06:32:00,0.444,0.4442,0.4438,0.4442,4835.0
2025-01-17 06:33:00,0.4442,0.4442,0.4442,0.4442,0.0
2025-01-17 06:34:00,0.4442,0.4444,0.4442,0.4444,2781.0
2025-01-17 06:35:00,0.4445,0.4445,0.4442,0.4442,805.0
2025-01-17 06:36:00,0.4441,0.4441,0.4441,0.4441,12.0
2025-01-17 06:37:00,0.4441,0.4442,0.444,0.444,2992.0
2025-01-17 06:38:00,0.444,0.444,0.4436,0.4438,2834.0
2025-01-17 06:39:00,0.4442,0.4443,0.4442,0.4442,2199.0
2025-01-17 06:40:00,0.4439,0.444,0.4438,0.444,2061.0
2025-01-17 06:41:00,0.4441,0.4443,0.4441,0.4442,3731.0
2025-01-17 06:42:00,0.4442,0.4442,0.4442,0.4442,726.0
2025-01-17 06:43:00,0.4441,0.4441,0.4441,0.4441,681.0
2025-01-17 06:44:00,0.4439,0.4441,0.4439,0.4441,1444.0
2025-01-17 06:45:00,0.4439,0.4439,0.4436,0.4436,1697.0
2025-01-17 06:46:00,0.4436,0.4436,0.4436,0.4436,917.0
2025-01-17 06:47:00,0.4435,0.4435,0.4426,0.4426,1966.0
2025-01-17 06:48:00,0.4427,0.4429,0.4427,0.4428,3756.0
2025-01-17 06:49:00,0.4428,0.4432,0.4428,0.4429,3486.0
2025-01-17 06:50:00,0.443,0.4432,0.443,0.4432,763.0
2025-01-17 06:51:00,0.4435,0.4436,0.4435,0.4435,345.0
2025-01-17 06:52:00,0.4435,0.4435,0.4435,0.4435,6399.0
2025-01-17 06:53:00,0.4437,0.4437,0.4437,0.4437,202.0
2025-01-17 06:54:00,0.4439,0.444,0.4439,0.444,4421.0
2025-01-17 06:55:00,0.4441,0.4443,0.4441,0.4442,2939.0
2025-01-17 06:56:00,0.4441,0.4441,0.4438,0.4438,6949.0
2025-01-17 06:57:00,0.444,0.444,0.4437,0.444,6803.0
2025-01-17 06:58:00,0.4438,0.444,0.4438,0.4438,465.0
2025-01-17 06:59:00,0.444,0.444,0.4439,0.4439,5012.0
2025-01-17 07:00:00,0.444,0.444,0.444,0.444,983.0
2025-01-17 07:01:00,0.444,0.444,0.444,0.444,0.0
2025-01-17 07:02:00,0.4442,0.4442,0.4438,0.4438,5137.0
2025-01-17 07:03:00,0.4436,0.4436,0.443,0.443,5225.0
2025-01-17 07:04:00,0.4432,0.4433,0.4432,0.4433,4131.0
2025-01-17 07:05:00,0.4433,0.4435,0.4433,0.4433,646.0
2025-01-17 07:06:00,0.4433,0.4434,0.4433,0.4434,13755.0
2025-01-17 07:07:00,0.4432,0.4432,0.4432,0.4432,12.0
2025-01-17 07:08:00,0.4433,0.4433,0.4433,0.4433,369.0
2025-01-17 07:09:00,0.4435,0.4435,0.4435,0.4435,2587.0
2025-01-17 07:10:00,0.4436,0.4436,0.4436,0.4436,495.0
2025-01-17 07:11:00,0.4436,0.4439,0.4436,0.4438,1077.0
2025-01-17 07:12:00,0.4439,0.4439,0.4439,0.4439,563.0
2025-01-17 07:13:00,0.4438,0.4438,0.4437,0.4437,4699.0
2025-01-17 07:14:00,0.4437,0.4438,0.4436,0.4438,1609.0
2025-01-17 07:15:00,0.4436,0.4441,0.4436,0.4441,2373.0
2025-01-17 07:16:00,0.4439,0.4441,0.4439,0.444,2873.0
2025-01-17 07:17:00,0.4441,0.4441,0.4439,0.4439,55.0
2025-01-17 07:18:00,0.4436,0.4438,0.4436,0.4438,3797.0
2025-01-17 07:19:00,0.4438,0.4438,0.4438,0.4438,0.0
2025-01-17 07:20:00,0.4439,0.4439,0.4438,0.4438,685.0
2025-01-17 07:21:00,0.4439,0.4439,0.4439,0.4439,238.0
2025-01-17 07:22:00,0.4439,0.4441,0.4439,0.4441,118.0
2025-01-17 07:23:00,0.4443,0.4446,0.4443,0.4444,607.0
2025-01-17 07:24:00,0.4444,0.4444,0.4444,0.4444,16.0
2025-01-17 07:25:00,0.4444,0.4444,0.4444,0.4444,0.0
2025-01-17 07:26:00,0.4443,0.4444,0.4443,0.4443,2567.0
2025-01-17 07:27:00,0.4442,0.4442,0.4442,0.4442,1244.0
2025-01-17 07:28:00,0.444,0.4441,0.444,0.4441,2302.0
2025-01-17 07:29:00,0.4441,0.4441,0.4441,0.4441,0.0
2025-01-17 07:30:00,0.4441,0.4441,0.444,0.4441,860.0
2025-01-17 07:31:00,0.4442,0.4442,0.4442,0.4442,44.0
2025-01-17 07:32:00,0.4442,0.4442,0.4442,0.4442,56.0
2025-01-17 07:33:00,0.4445,0.4447,0.4445,0.4447,2494.0
2025-01-17 07:34:00,0.4449,0.4449,0.4447,0.4447,92.0
2025-01-17 07:35:00,0.4442,0.4442,0.444,0.444,134.0
2025-01-17 07:36:00,0.4443,0.4443,0.4443,0.4443,2598.0
2025-01-17 07:37:00,0.4443,0.4443,0.4443,0.4443,0.0
2025-01-17 07:38:00,0.4436,0.444,0.4435,0.444,136.0
2025-01-17 07:39:00,0.4441,0.4441,0.444,0.4441,2184.0
2025-01-17 07:40:00,0.4441,0.4447,0.4441,0.4447,7258.0
2025-01-17 07:41:00,0.4445,0.4452,0.4444,0.4452,16370.0
2025-01-17 07:42:00,0.4451,0.4452,0.4448,0.445,17382.0
2025-01-17 07:43:00,0.4447,0.4449,0.4445,0.4448,8101.0
2025-01-17 07:44:00,0.4448,0.4448,0.4444,0.4444,7627.0
2025-01-17 07:45:00,0.4448,0.4449,0.4447,0.4447,3397.0
2025-01-17 07:46:00,0.4445,0.4447,0.4444,0.4445,279.0
2025-01-17 07:47:00,0.4446,0.4447,0.4446,0.4447,2992.0
2025-01-17 07:48:00,0.4446,0.445,0.4446,0.4449,2114.0
2025-01-17 07:49:00,0.445,0.4453,0.445,0.4451,4805.0
2025-01-17 07:50:00,0.445,0.445,0.4446,0.4448,7006.0
2025-01-17 07:51:00,0.4443,0.4444,0.4441,0.4441,526.0
2025-01-17 07:52:00,0.4438,0.4438,0.4438,0.4438,252.0
2025-01-17 07:53:00,0.4438,0.4438,0.4438,0.4438,0.0
2025-01-17 07:54:00,0.4436,0.4436,0.443,0.443,4257.0
2025-01-17 07:55:00,0.4427,0.4427,0.4422,0.4423,2835.0
2025-01-17 07:56:00,0.4424,0.4429,0.4424,0.4426,2100.0
2025-01-17 07:57:00,0.4426,0.4428,0.4426,0.4428,35.0
2025-01-17 07:58:00,0.4428,0.4428,0.4426,0.4426,434.0
2025-01-17 07:59:00,0.443,0.443,0.443,0.443,684.0
2025-01-17 08:00:00,0.4431,0.4445,0.4431,0.4442,6966.0
2025-01-17 08:01:00,0.4442,0.4445,0.4442,0.4445,70.0
2025-01-17 08:02:00,0.4444,0.4444,0.4437,0.4439,11965.0
2025-01-17 08:03:00,0.4436,0.4438,0.4436,0.4438,9520.0
2025-01-17 08:04:00,0.4438,0.4438,0.4434,0.4434,1992.0
2025-01-17 08:05:00,0.4435,0.4438,0.4434,0.4438,811.0
2025-01-17 08:06:00,0.4441,0.4445,0.4437,0.4438,24926.0
2025-01-17 08:07:00,0.4441,0.4441,0.4438,0.444,1132.0
2025-01-17 08:08:00,0.4436,0.4436,0.4433,0.4434,13267.0
2025-01-17 08:09:00,0.4433,0.4433,0.4427,0.4429,473.0
2025-01-17 08:10:00,0.443,0.443,0.4425,0.4425,2791.0
2025-01-17 08:11:00,0.4422,0.4424,0.4421,0.4421,201.0
2025-01-17 08:12:00,0.4427,0.4428,0.4427,0.4427,4089.0
2025-01-17 08:13:00,0.4429,0.4429,0.4425,0.4425,110.0
2025-01-17 08:14:00,0.4423,0.4424,0.4423,0.4424,806.0
2025-01-17 08:15:00,0.4425,0.4427,0.4425,0.4427,274.0
2025-01-17 08:16:00,0.4428,0.4428,0.4428,0.4428,602.0
2025-01-17 08:17:00,0.4428,0.443,0.4427,0.443,1116.0
2025-01-17 08:18:00,0.4428,0.4432,0.4428,0.4432,5740.0
2025-01-17 08:19:00,0.4433,0.4433,0.4429,0.4431,1933.0
2025-01-17 08:20:00,0.443,0.4433,0.443,0.443,4632.0
2025-01-17 08:21:00,0.443,0.4436,0.443,0.4432,2121.0
2025-01-17 08:22:00,0.4432,0.4432,0.4428,0.4429,6598.0
2025-01-17 08:23:00,0.4429,0.4431,0.4429,0.443,1829.0
2025-01-17 08:24:00,0.4429,0.4429,0.4423,0.4423,2402.0
2025-01-17 08:25:00,0.4421,0.4423,0.4418,0.4418,4087.0
2025-01-17 08:26:00,0.442,0.4422,0.442,0.4421,637.0
2025-01-17 08:27:00,0.4421,0.4427,0.4421,0.4426,8239.0
2025-01-17 08:28:00,0.4426,0.4426,0.4423,0.4425,2568.0
2025-01-17 08:29:00,0.4426,0.4428,0.4426,0.4428,3136.0
2025-01-17 08:30:00,0.4429,0.4437,0.4429,0.4436,21789.0
2025-01-17 08:31:00,0.4438,0.445,0.4438,0.4442,30972.0
2025-01-17 08:32:00,0.4445,0.4449,0.4445,0.4447,3515.0
2025-01-17 08:33:00,0.4446,0.4453,0.4444,0.4453,7043.0
2025-01-17 08:34:00,0.4452,0.4455,0.445,0.4455,9494.0
2025-01-17 08:35:00,0.4456,0.4458,0.4455,0.4457,10757.0
2025-01-17 08:36:00,0.4455,0.4455,0.4453,0.4454,2572.0
2025-01-17 08:37:00,0.4454,0.4455,0.4453,0.4453,737.0
2025-01-17 08:38:00,0.4451,0.4451,0.4442,0.4442,7420.0
2025-01-17 08:39:00,0.4442,0.4447,0.4442,0.4442,3849.0
2025-01-17 08:40:00,0.4443,0.4446,0.4432,0.4432,28798.0
2025-01-17 08:41:00,0.4435,0.4436,0.4431,0.4435,22151.0
2025-01-17 08:42:00,0.4436,0.4438,0.4434,0.4435,3600.0
2025-01-17 08:43:00,0.4438,0.4443,0.4435,0.4443,26037.0
2025-01-17 08:44:00,0.4443,0.4444,0.4443,0.4443,868.0
2025-01-17 08:45:00,0.4444,0.4447,0.4434,0.4435,20828.0
2025-01-17 08:46:00,0.4438,0.444,0.4432,0.4435,4605.0
2025-01-17 08:47:00,0.4434,0.4437,0.4433,0.4437,1490.0
2025-01-17 08:48:00,0.4438,0.4438,0.4435,0.4435,111.0
2025-01-17 08:49:00,0.4437,0.4441,0.4437,0.4441,9576.0
2025-01-17 08:50:00,0.4437,0.4437,0.4437,0.4437,24.0
2025-01-17 08:51:00,0.4441,0.445,0.4439,0.4449,11278.0
2025-01-17 08:52:00,0.4447,0.4449,0.4447,0.4449,1086.0
2025-01-17 08:53:00,0.4447,0.4455,0.4445,0.4455,12600.0
2025-01-17 08:54:00,0.446,0.4463,0.446,0.4462,3146.0
2025-01-17 08:55:00,0.4462,0.4468,0.4462,0.4464,8202.0
2025-01-17 08:56:00,0.4463,0.4463,0.4458,0.4458,37.0
2025-01-17 08:57:00,0.4463,0.4463,0.4459,0.4462,2619.0
2025-01-17 08:58:00,0.4464,0.4467,0.4462,0.4466,6094.0
2025-01-17 08:59:00,0.4464,0.4467,0.4464,0.4467,1798.0
2025-01-17 09:00:00,0.4466,0.4472,0.4466,0.4467,10073.0
2025-01-17 09:01:00,0.4466,0.4472,0.4466,0.4471,67.0
2025-01-17 09:02:00,0.447,0.4471,0.447,0.4471,35.0
2025-01-17 09:03:00,0.4467,0.4467,0.4464,0.4464,2745.0
2025-01-17 09:04:00,0.4463,0.4468,0.4462,0.4466,10458.0
2025-01-17 09:05:00,0.4466,0.4466,0.4462,0.4463,25704.0
2025-01-17 09:06:00,0.4463,0.4465,0.4462,0.4465,1579.0
2025-01-17 09:07:00,0.4467,0.4468,0.4465,0.4465,8685.0
2025-01-17 09:08:00,0.4466,0.4472,0.4466,0.4468,36591.0
2025-01-17 09:09:00,0.4466,0.447,0.4466,0.447,592.0
2025-01-17 09:10:00,0.4468,0.4468,0.4467,0.4468,3776.0
2025-01-17 09:11:00,0.446,0.446,0.4456,0.4456,3530.0
2025-01-17 09:12:00,0.4457,0.4457,0.4457,0.4457,13.0
2025-01-17 09:13:00,0.4464,0.4466,0.4464,0.4464,2213.0
2025-01-17 09:14:00,0.4464,0.4464,0.4464,0.4464,693.0
2025-01-17 09:15:00,0.4463,0.4466,0.4459,0.4466,7849.0
2025-01-17 09:16:00,0.4461,0.4461,0.4461,0.4461,339.0
2025-01-17 09:17:00,0.4457,0.4459,0.4455,0.4459,885.0
2025-01-17 09:18:00,0.4458,0.4458,0.4458,0.4458,1078.0
2025-01-17 09:19:00,0.4453,0.4453,0.4451,0.4452,1809.0
2025-01-17 09:20:00,0.4452,0.4452,0.4449,0.4449,925.0
2025-01-17 09:21:00,0.445,0.4454,0.445,0.4453,4188.0
2025-01-17 09:22:00,0.4453,0.4453,0.4453,0.4453,464.0
2025-01-17 09:23:00,0.4453,0.4453,0.4447,0.4447,303.0
2025-01-17 09:24:00,0.445,0.4452,0.4448,0.4448,5691.0
2025-01-17 09:25:00,0.4448,0.4448,0.4447,0.4447,57.0
2025-01-17 09:26:00,0.4448,0.4451,0.4448,0.4451,791.0
2025-01-17 09:27:00,0.445,0.445,0.4448,0.4448,90.0
2025-01-17 09:28:00,0.4456,0.4456,0.4456,0.4456,28.0
2025-01-17 09:29:00,0.4456,0.4456,0.4456,0.4456,185.0
2025-01-17 09:30:00,0.4459,0.4465,0.4459,0.4465,813.0
2025-01-17 09:31:00,0.4461,0.4465,0.4461,0.4461,194.0
2025-01-17 09:32:00,0.4461,0.4461,0.4461,0.4461,1273.0
2025-01-17 09:33:00,0.4462,0.4462,0.4458,0.4459,4790.0
2025-01-17 09:34:00,0.4454,0.4457,0.4452,0.4457,10714.0
2025-01-17 09:35:00,0.4459,0.4462,0.4459,0.4459,5088.0
2025-01-17 09:36:00,0.446,0.446,0.446,0.446,12.0
2025-01-17 09:37:00,0.4463,0.4463,0.4463,0.4463,1015.0
2025-01-17 09:38:00,0.4466,0.4466,0.4466,0.4466,22.0
2025-01-17 09:39:00,0.4466,0.4466,0.4466,0.4466,495.0
2025-01-17 09:40:00,0.4467,0.4469,0.4467,0.4469,2449.0
2025-01-17 09:41:00,0.4469,0.4469,0.4469,0.4469,0.0
2025-01-17 09:42:00,0.4467,0.4469,0.4467,0.4467,499.0
2025-01-17 09:43:00,0.4465,0.4465,0.4456,0.4456,13837.0
2025-01-17 09:44:00,0.4456,0.4459,0.4454,0.4459,12861.0
2025-01-17 09:45:00,0.4456,0.4456,0.4456,0.4456,27.0
2025-01-17 09:46:00,0.4459,0.4461,0.4457,0.446,7261.0
2025-01-17 09:47:00,0.4458,0.446,0.4455,0.446,2284.0
2025-01-17 09:48:00,0.446,0.4462,0.4459,0.4461,4897.0
2025-01-17 09:49:00,0.4459,0.4462,0.4459,0.4462,9570.0
2025-01-17 09:50:00,0.4461,0.4462,0.4459,0.4461,15514.0
2025-01-17 09:51:00,0.446,0.4469,0.4458,0.4469,45625.0
2025-01-17 09:52:00,0.4469,0.4469,0.4467,0.4467,414.0
2025-01-17 09:53:00,0.4467,0.4467,0.4466,0.4466,237.0
2025-01-17 09:54:00,0.4471,0.4472,0.4471,0.4472,786.0
2025-01-17 09:55:00,0.4469,0.447,0.4468,0.447,7377.0
2025-01-17 09:56:00,0.4468,0.4468,0.4467,0.4467,619.0
2025-01-17 09:57:00,0.4468,0.4472,0.4468,0.4472,2055.0
2025-01-17 09:58:00,0.447,0.4471,0.4468,0.4469,593.0
2025-01-17 09:59:00,0.4469,0.447,0.4466,0.4466,765.0
2025-01-17 10:00:00,0.4466,0.4466,0.4465,0.4465,136.0
2025-01-17 10:01:00,0.4463,0.4463,0.4463,0.4463,12.0
2025-01-17 10:02:00,0.4462,0.4462,0.4458,0.4459,5763.0
2025-01-17 10:03:00,0.446,0.446,0.4456,0.4456,3634.0
2025-01-17 10:04:00,0.4459,0.4462,0.4458,0.4458,12774.0
2025-01-17 10:05:00,0.446,0.446,0.4457,0.4457,729.0
2025-01-17 10:06:00,0.4458,0.4459,0.4457,0.4459,2278.0
2025-01-17 10:07:00,0.4457,0.4457,0.4457,0.4457,43.0
2025-01-17 10:08:00,0.4464,0.4464,0.4464,0.4464,447.0
2025-01-17 10:09:00,0.4457,0.4461,0.4457,0.4461,680.0
2025-01-17 10:10:00,0.4462,0.4469,0.4462,0.4468,3072.0
2025-01-17 10:11:00,0.4465,0.4469,0.4463,0.4469,2213.0
2025-01-17 10:12:00,0.4469,0.4484,0.4468,0.4484,39290.0
2025-01-17 10:13:00,0.4481,0.4485,0.4476,0.4485,4702.0
2025-01-17 10:14:00,0.4483,0.449,0.4483,0.4484,13143.0
2025-01-17 10:15:00,0.4483,0.4484,0.4482,0.4484,3741.0
2025-01-17 10:16:00,0.4485,0.4485,0.4485,0.4485,55.0
2025-01-17 10:17:00,0.4485,0.4493,0.4484,0.4493,11735.0
2025-01-17 10:18:00,0.4493,0.4495,0.4486,0.4487,1233.0
2025-01-17 10:19:00,0.4487,0.4487,0.4483,0.4487,3485.0
2025-01-17 10:20:00,0.4488,0.4492,0.4488,0.4492,3211.0
2025-01-17 10:21:00,0.449,0.4492,0.4486,0.4491,26470.0
2025-01-17 10:22:00,0.4492,0.4495,0.4491,0.4493,9703.0
2025-01-17 10:23:00,0.4492,0.4494,0.4492,0.4492,2776.0
2025-01-17 10:24:00,0.4492,0.4494,0.4491,0.4493,2975.0
2025-01-17 10:25:00,0.4493,0.4495,0.4493,0.4495,2066.0
2025-01-17 10:26:00,0.4493,0.4495,0.4492,0.4494,1230.0
2025-01-17 10:27:00,0.4495,0.4495,0.4492,0.4492,1966.0
2025-01-17 10:28:00,0.4491,0.4493,0.449,0.449,1014.0
2025-01-17 10:29:00,0.4494,0.4495,0.4493,0.4493,517.0
2025-01-17 10:30:00,0.4492,0.4495,0.4491,0.4491,46524.0
2025-01-17 10:31:00,0.4491,0.4491,0.449,0.449,4365.0
2025-01-17 10:32:00,0.4489,0.449,0.4488,0.449,9485.0
2025-01-17 10:33:00,0.449,0.4496,0.449,0.4494,3151.0
2025-01-17 10:34:00,0.4495,0.4498,0.4494,0.4498,6599.0
2025-01-17 10:35:00,0.4499,0.45,0.4498,0.4499,9835.0
2025-01-17 10:36:00,0.4499,0.4502,0.4499,0.4501,2930.0
2025-01-17 10:37:00,0.4501,0.4503,0.4501,0.4503,1689.0
2025-01-17 10:38:00,0.4501,0.4503,0.45,0.4501,4157.0
2025-01-17 10:39:00,0.45,0.45,0.4499,0.45,1389.0
2025-01-17 10:40:00,0.4499,0.4503,0.4499,0.4501,4337.0
2025-01-17 10:41:00,0.4501,0.4504,0.45,0.45,10600.0
2025-01-17 10:42:00,0.4498,0.4501,0.4498,0.4501,842.0
2025-01-17 10:43:00,0.45,0.45,0.4496,0.4496,3036.0
2025-01-17 10:44:00,0.4496,0.4497,0.4496,0.4497,2099.0
2025-01-17 10:45:00,0.4497,0.4498,0.449,0.4491,234875.0
2025-01-17 10:46:00,0.4494,0.4497,0.4494,0.4497,145.0
2025-01-17 10:47:00,0.4498,0.4498,0.4498,0.4498,60.0
2025-01-17 10:48:00,0.4499,0.45,0.4499,0.45,1540.0
2025-01-17 10:49:00,0.4505,0.4508,0.4505,0.4508,7679.0
2025-01-17 10:50:00,0.4506,0.4506,0.4503,0.4506,795.0
2025-01-17 10:51:00,0.4504,0.4504,0.45,0.45,162.0
2025-01-17 10:52:00,0.45,0.4506,0.45,0.4505,8999.0
2025-01-17 10:53:00,0.4505,0.4506,0.4502,0.4502,5823.0
2025-01-17 10:54:00,0.4502,0.4502,0.4502,0.4502,15.0
2025-01-17 10:55:00,0.4498,0.4502,0.4498,0.4499,7227.0
2025-01-17 10:56:00,0.4499,0.4503,0.4498,0.4503,3337.0
2025-01-17 10:57:00,0.4501,0.4501,0.4501,0.4501,28.0
2025-01-17 10:58:00,0.4503,0.4503,0.4503,0.4503,58.0
2025-01-17 10:59:00,0.4505,0.4506,0.4505,0.4506,2728.0
2025-01-17 11:00:00,0.4507,0.4511,0.4506,0.4506,19208.0
2025-01-17 11:01:00,0.4502,0.4502,0.4501,0.4501,2697.0
2025-01-17 11:02:00,0.45,0.45,0.4496,0.4496,1884.0
2025-01-17 11:03:00,0.4497,0.4497,0.4494,0.4494,218.0
2025-01-17 11:04:00,0.4496,0.4497,0.4496,0.4497,2727.0
2025-01-17 11:05:00,0.4494,0.4498,0.4493,0.4498,4415.0
2025-01-17 11:06:00,0.45,0.4501,0.45,0.4501,8556.0
2025-01-17 11:07:00,0.4501,0.4501,0.4501,0.4501,0.0
2025-01-17 11:08:00,0.4496,0.4498,0.4496,0.4498,1500.0
2025-01-17 11:09:00,0.45,0.4502,0.45,0.4502,916.0
2025-01-17 11:10:00,0.4501,0.4501,0.4501,0.4501,76.0
2025-01-17 11:11:00,0.45,0.45,0.4499,0.45,210.0
2025-01-17 11:12:00,0.4497,0.4498,0.4497,0.4498,1554.0
2025-01-17 11:13:00,0.4499,0.4499,0.4499,0.4499,3092.0
2025-01-17 11:14:00,0.45,0.4503,0.45,0.4501,8102.0
2025-01-17 11:15:00,0.4501,0.4503,0.4501,0.4503,1361.0
2025-01-17 11:16:00,0.4504,0.4507,0.4504,0.4507,336.0
2025-01-17 11:17:00,0.4505,0.4509,0.4504,0.4509,4055.0
2025-01-17 11:18:00,0.4512,0.4515,0.4512,0.4513,98.0
2025-01-17 11:19:00,0.4515,0.4516,0.4515,0.4516,1642.0
2025-01-17 11:20:00,0.4513,0.4516,0.4513,0.4516,10615.0
2025-01-17 11:21:00,0.4517,0.452,0.4515,0.4519,2494.0
2025-01-17 11:22:00,0.452,0.452,0.4516,0.4517,2326.0
2025-01-17 11:23:00,0.4517,0.4517,0.4517,0.4517,0.0
2025-01-17 11:24:00,0.4518,0.4521,0.4518,0.452,848.0
2025-01-17 11:25:00,0.4521,0.4522,0.4521,0.4521,1055.0
2025-01-17 11:26:00,0.4519,0.4519,0.4516,0.4516,147.0
2025-01-17 11:27:00,0.4518,0.4519,0.4518,0.4519,201.0
2025-01-17 11:28:00,0.4516,0.4516,0.4516,0.4516,656.0
2025-01-17 11:29:00,0.4515,0.4515,0.4515,0.4515,1190.0
2025-01-17 11:30:00,0.4516,0.4519,0.4516,0.4517,2980.0
2025-01-17 11:31:00,0.4519,0.452,0.4517,0.4517,445.0
2025-01-17 11:32:00,0.4517,0.4517,0.4517,0.4517,45.0
2025-01-17 11:33:00,0.452,0.4525,0.4518,0.4523,3501.0
2025-01-17 11:34:00,0.4523,0.4523,0.452,0.452,468.0
2025-01-17 11:35:00,0.4519,0.4519,0.4516,0.4516,558.0
2025-01-17 11:36:00,0.4516,0.4519,0.4516,0.4519,990.0
2025-01-17 11:37:00,0.4519,0.4519,0.4519,0.4519,625.0
2025-01-17 11:38:00,0.4518,0.4519,0.4518,0.4519,81.0
2025-01-17 11:39:00,0.4516,0.4516,0.4515,0.4516,79.0
2025-01-17 11:40:00,0.4517,0.4517,0.4517,0.4517,49.0
2025-01-17 11:41:00,0.4518,0.452,0.4518,0.452,212.0
2025-01-17 11:42:00,0.4518,0.4521,0.4518,0.4521,3922.0
2025-01-17 11:43:00,0.4521,0.4521,0.4521,0.4521,233.0
2025-01-17 11:44:00,0.452,0.452,0.4519,0.4519,534.0
2025-01-17 11:45:00,0.4515,0.4515,0.4515,0.4515,489.0
2025-01-17 11:46:00,0.4512,0.4515,0.4512,0.4512,317.0
2025-01-17 11:47:00,0.4512,0.4514,0.4512,0.4514,487.0
2025-01-17 11:48:00,0.4512,0.4512,0.4512,0.4512,42.0
2025-01-17 11:49:00,0.4513,0.4515,0.4513,0.4514,88.0
2025-01-17 11:50:00,0.4515,0.4516,0.4514,0.4514,1143.0
2025-01-17 11:51:00,0.4513,0.4515,0.4512,0.4515,2300.0
2025-01-17 11:52:00,0.4517,0.4517,0.4515,0.4515,3518.0
2025-01-17 11:53:00,0.4514,0.4514,0.4514,0.4514,145.0
2025-01-17 11:54:00,0.4514,0.4514,0.4511,0.4511,959.0
2025-01-17 11:55:00,0.4513,0.4513,0.4509,0.4509,6104.0
2025-01-17 11:56:00,0.4508,0.4508,0.4503,0.4503,7522.0
2025-01-17 11:57:00,0.4502,0.4507,0.4502,0.4507,1242.0
2025-01-17 11:58:00,0.4507,0.4507,0.4506,0.4506,575.0
2025-01-17 11:59:00,0.4507,0.4507,0.4501,0.4501,6053.0
2025-01-17 12:00:00,0.45,0.45,0.4487,0.4487,27108.0
2025-01-17 12:01:00,0.4487,0.4488,0.4487,0.4487,9327.0
2025-01-17 12:02:00,0.4485,0.4493,0.4485,0.4486,10755.0
2025-01-17 12:03:00,0.4485,0.4486,0.4485,0.4485,801.0
2025-01-17 12:04:00,0.4485,0.449,0.4485,0.4485,6384.0
2025-01-17 12:05:00,0.4487,0.4487,0.4482,0.4482,4419.0
2025-01-17 12:06:00,0.4482,0.4482,0.4478,0.4478,20966.0
2025-01-17 12:07:00,0.4478,0.4489,0.4477,0.4489,8606.0
2025-01-17 12:08:00,0.4485,0.4485,0.4483,0.4483,88.0
2025-01-17 12:09:00,0.4482,0.4482,0.4481,0.4482,1339.0
2025-01-17 12:10:00,0.4485,0.4485,0.4483,0.4483,5960.0
2025-01-17 12:11:00,0.4481,0.4481,0.4478,0.4481,19741.0
2025-01-17 12:12:00,0.448,0.4483,0.448,0.4481,13020.0
2025-01-17 12:13:00,0.4482,0.4483,0.448,0.448,8414.0
2025-01-17 12:14:00,0.4479,0.4481,0.4478,0.4481,169.0
2025-01-17 12:15:00,0.4481,0.4488,0.4481,0.4485,9365.0
2025-01-17 12:16:00,0.4485,0.4485,0.4479,0.4482,2576.0
2025-01-17 12:17:00,0.448,0.4482,0.4479,0.4482,2848.0
2025-01-17 12:18:00,0.4481,0.4481,0.4479,0.4479,129.0
2025-01-17 12:19:00,0.4485,0.449,0.4485,0.449,2349.0
2025-01-17 12:20:00,0.4488,0.4488,0.4484,0.4484,1854.0
2025-01-17 12:21:00,0.4485,0.4488,0.4485,0.4488,3535.0
2025-01-17 12:22:00,0.4486,0.4486,0.4482,0.4484,1333.0
2025-01-17 12:23:00,0.4485,0.4487,0.4485,0.4485,11261.0
2025-01-17 12:24:00,0.4488,0.4494,0.4488,0.4492,5639.0
2025-01-17 12:25:00,0.4493,0.4497,0.4493,0.4495,6739.0
2025-01-17 12:26:00,0.4494,0.4494,0.4488,0.4488,332.0
2025-01-17 12:27:00,0.4487,0.4487,0.448,0.4482,21887.0
2025-01-17 12:28:00,0.4486,0.4489,0.4486,0.4488,1168.0
2025-01-17 12:29:00,0.4486,0.4486,0.4482,0.4483,13456.0
2025-01-17 12:30:00,0.4485,0.4487,0.4482,0.4482,3715.0
2025-01-17 12:31:00,0.4481,0.4493,0.4481,0.4493,27999.0
2025-01-17 12:32:00,0.4493,0.4501,0.4488,0.4488,89874.0
2025-01-17 12:33:00,0.4488,0.4488,0.4486,0.4487,839.0
2025-01-17 12:34:00,0.4487,0.4488,0.4483,0.4483,14372.0
2025-01-17 12:35:00,0.4482,0.449,0.4481,0.449,5707.0
2025-01-17 12:36:00,0.4488,0.4488,0.4483,0.4483,7560.0
2025-01-17 12:37:00,0.4485,0.4492,0.4485,0.4488,15158.0
2025-01-17 12:38:00,0.4489,0.4493,0.4489,0.4492,2850.0
2025-01-17 12:39:00,0.4494,0.4512,0.4494,0.4509,77990.0
2025-01-17 12:40:00,0.4506,0.4513,0.4503,0.4512,26290.0
2025-01-17 12:41:00,0.4513,0.452,0.4512,0.4512,13969.0
2025-01-17 12:42:00,0.4512,0.4517,0.4511,0.4515,4688.0
2025-01-17 12:43:00,0.4513,0.4513,0.451,0.451,3159.0
2025-01-17 12:44:00,0.4511,0.4516,0.4511,0.4513,11849.0
2025-01-17 12:45:00,0.4514,0.4518,0.4514,0.4518,14274.0
2025-01-17 12:46:00,0.4517,0.4521,0.4517,0.4519,2314.0
2025-01-17 12:47:00,0.4521,0.4522,0.4519,0.452,2794.0
2025-01-17 12:48:00,0.4518,0.4519,0.4515,0.4518,18608.0
2025-01-17 12:49:00,0.4518,0.452,0.4518,0.452,3652.0
2025-01-17 12:50:00,0.452,0.4522,0.4513,0.4513,4628.0
2025-01-17 12:51:00,0.4512,0.4512,0.4501,0.4501,28056.0
2025-01-17 12:52:00,0.4502,0.4507,0.4497,0.4507,18058.0
2025-01-17 12:53:00,0.4505,0.4506,0.4498,0.45,24816.0
2025-01-17 12:54:00,0.4498,0.4499,0.4496,0.4496,400.0
2025-01-17 12:55:00,0.4494,0.4494,0.4493,0.4493,97.0
2025-01-17 12:56:00,0.4495,0.4496,0.4494,0.4496,13033.0
2025-01-17 12:57:00,0.4493,0.4493,0.4491,0.4491,1217.0
2025-01-17 12:58:00,0.4493,0.4493,0.4491,0.4491,14635.0
2025-01-17 12:59:00,0.4496,0.4497,0.4494,0.4495,2522.0
2025-01-17 13:00:00,0.4494,0.4507,0.4494,0.4507,7847.0
2025-01-17 13:01:00,0.451,0.452,0.451,0.4519,10186.0
2025-01-17 13:02:00,0.452,0.4527,0.452,0.4524,6304.0
2025-01-17 13:03:00,0.4525,0.4527,0.4522,0.4525,6225.0
2025-01-17 13:04:00,0.4525,0.4527,0.4522,0.4526,12898.0
2025-01-17 13:05:00,0.4526,0.4526,0.4523,0.4523,2929.0
2025-01-17 13:06:00,0.4523,0.4524,0.452,0.4521,4596.0
2025-01-17 13:07:00,0.4521,0.4526,0.4519,0.4526,11061.0
2025-01-17 13:08:00,0.4525,0.4527,0.4525,0.4527,2724.0
2025-01-17 13:09:00,0.4528,0.4529,0.4524,0.4525,9708.0
2025-01-17 13:10:00,0.4525,0.4525,0.4522,0.4523,4800.0
2025-01-17 13:11:00,0.4524,0.453,0.4524,0.4529,9577.0
2025-01-17 13:12:00,0.4527,0.4534,0.4527,0.4534,8855.0
2025-01-17 13:13:00,0.4532,0.4532,0.4528,0.4528,15076.0
2025-01-17 13:14:00,0.4526,0.4529,0.4526,0.4528,25725.0
2025-01-17 13:15:00,0.4527,0.4529,0.4527,0.4529,609.0
2025-01-17 13:16:00,0.453,0.4533,0.453,0.4533,2582.0
2025-01-17 13:17:00,0.4534,0.4538,0.4534,0.4538,6707.0
2025-01-17 13:18:00,0.4538,0.4544,0.4538,0.4544,38722.0
2025-01-17 13:19:00,0.4544,0.4544,0.4537,0.4539,12143.0
2025-01-17 13:20:00,0.4537,0.4539,0.4535,0.4539,12797.0
2025-01-17 13:21:00,0.4539,0.4544,0.4539,0.454,4956.0
2025-01-17 13:22:00,0.4539,0.4546,0.4539,0.4546,9552.0
2025-01-17 13:23:00,0.4546,0.4546,0.4538,0.4538,18011.0
2025-01-17 13:24:00,0.4538,0.4539,0.4538,0.4539,4235.0
2025-01-17 13:25:00,0.4538,0.4543,0.4538,0.4543,15948.0
2025-01-17 13:26:00,0.4541,0.4544,0.4538,0.4544,8138.0
2025-01-17 13:27:00,0.4544,0.4545,0.4544,0.4544,9271.0
2025-01-17 13:28:00,0.4542,0.4543,0.4539,0.4543,5810.0
2025-01-17 13:29:00,0.4541,0.4541,0.4539,0.4539,277.0
2025-01-17 13:30:00,0.4539,0.4542,0.4538,0.4539,3756.0
2025-01-17 13:31:00,0.4539,0.4544,0.4538,0.4544,2324.0
2025-01-17 13:32:00,0.4543,0.4544,0.4543,0.4544,69.0
2025-01-17 13:33:00,0.4545,0.4546,0.4538,0.4538,5542.0
2025-01-17 13:34:00,0.4537,0.4539,0.4535,0.4535,8032.0
2025-01-17 13:35:00,0.4535,0.4538,0.4535,0.4535,2317.0
2025-01-17 13:36:00,0.4537,0.4537,0.4526,0.4526,555.0
2025-01-17 13:37:00,0.4527,0.4528,0.4514,0.4514,31825.0
2025-01-17 13:38:00,0.4515,0.4515,0.4507,0.4511,10913.0
2025-01-17 13:39:00,0.4508,0.4508,0.4497,0.4501,7372.0
2025-01-17 13:40:00,0.4502,0.4511,0.45,0.4511,21644.0
2025-01-17 13:41:00,0.4512,0.4519,0.4511,0.4519,10903.0
2025-01-17 13:42:00,0.452,0.4528,0.4518,0.4528,6685.0
2025-01-17 13:43:00,0.452,0.4522,0.452,0.452,551.0
2025-01-17 13:44:00,0.4522,0.4524,0.4522,0.4523,16493.0
2025-01-17 13:45:00,0.4523,0.4532,0.4523,0.4532,1673.0
2025-01-17 13:46:00,0.453,0.453,0.4526,0.4526,7827.0
2025-01-17 13:47:00,0.4526,0.4529,0.4526,0.4529,204.0
2025-01-17 13:48:00,0.4529,0.4529,0.4529,0.4529,27.0
2025-01-17 13:49:00,0.4518,0.4518,0.4515,0.4515,5294.0
2025-01-17 13:50:00,0.4512,0.4513,0.4512,0.4512,1685.0
2025-01-17 13:51:00,0.4513,0.4518,0.4513,0.4513,2031.0
2025-01-17 13:52:00,0.4512,0.4512,0.4505,0.4508,170.0
2025-01-17 13:53:00,0.4507,0.451,0.4507,0.4509,1483.0
2025-01-17 13:54:00,0.451,0.4513,0.451,0.4513,1337.0
2025-01-17 13:55:00,0.4515,0.4517,0.4515,0.4517,2819.0
2025-01-17 13:56:00,0.4516,0.4516,0.4516,0.4516,80.0
2025-01-17 13:57:00,0.4519,0.4519,0.4516,0.4516,2293.0
2025-01-17 13:58:00,0.4514,0.4514,0.4512,0.4513,576.0
2025-01-17 13:59:00,0.4514,0.4514,0.4513,0.4513,2081.0
2025-01-17 14:00:00,0.4511,0.4516,0.4511,0.4516,732.0
2025-01-17 14:01:00,0.4519,0.452,0.4514,0.452,2855.0
2025-01-17 14:02:00,0.4521,0.453,0.4521,0.453,5016.0
2025-01-17 14:03:00,0.453,0.4531,0.453,0.453,2876.0
2025-01-17 14:04:00,0.4532,0.4535,0.4532,0.4533,781.0
2025-01-17 14:05:00,0.4529,0.4529,0.4527,0.4529,10241.0
2025-01-17 14:06:00,0.4529,0.4531,0.4528,0.4528,6393.0
2025-01-17 14:07:00,0.4526,0.4528,0.4522,0.4528,2247.0
2025-01-17 14:08:00,0.453,0.453,0.4528,0.4528,2823.0
2025-01-17 14:09:00,0.4528,0.4528,0.4528,0.4528,239.0
2025-01-17 14:10:00,0.4535,0.4536,0.4535,0.4536,530.0
2025-01-17 14:11:00,0.4536,0.4542,0.4536,0.4542,2033.0
2025-01-17 14:12:00,0.4542,0.4542,0.4537,0.4537,1024.0
2025-01-17 14:13:00,0.4536,0.4536,0.4532,0.4532,5226.0
2025-01-17 14:14:00,0.4533,0.4533,0.453,0.4531,2246.0
2025-01-17 14:15:00,0.4531,0.4535,0.453,0.4535,9885.0
2025-01-17 14:16:00,0.4535,0.4539,0.4535,0.4539,5541.0
2025-01-17 14:17:00,0.4538,0.4542,0.4537,0.4541,4224.0
2025-01-17 14:18:00,0.4541,0.4541,0.4538,0.4538,193.0
2025-01-17 14:19:00,0.4538,0.4541,0.4536,0.4541,1515.0
2025-01-17 14:20:00,0.454,0.454,0.4537,0.4537,816.0
2025-01-17 14:21:00,0.4537,0.4537,0.4536,0.4536,430.0
2025-01-17 14:22:00,0.4539,0.4539,0.4538,0.4538,64.0
2025-01-17 14:23:00,0.4539,0.454,0.4539,0.4539,5926.0
2025-01-17 14:24:00,0.4538,0.4543,0.4538,0.4542,14481.0
2025-01-17 14:25:00,0.4542,0.4547,0.4541,0.4542,26202.0
2025-01-17 14:26:00,0.4542,0.4544,0.4541,0.4542,2703.0
2025-01-17 14:27:00,0.4541,0.4545,0.4539,0.4545,714.0
2025-01-17 14:28:00,0.4545,0.455,0.4545,0.4548,4819.0
2025-01-17 14:29:00,0.4544,0.4545,0.4544,0.4545,287.0
2025-01-17 14:30:00,0.4546,0.4549,0.4535,0.4535,2028.0
2025-01-17 14:31:00,0.4533,0.4533,0.4516,0.4521,31734.0
2025-01-17 14:32:00,0.4523,0.4532,0.4515,0.4532,5491.0
2025-01-17 14:33:00,0.4534,0.4541,0.4529,0.4531,10586.0
2025-01-17 14:34:00,0.4533,0.4537,0.453,0.4532,1362.0
2025-01-17 14:35:00,0.4536,0.4538,0.4532,0.4534,14856.0
2025-01-17 14:36:00,0.4539,0.4557,0.4539,0.4553,46264.0
2025-01-17 14:37:00,0.4557,0.456,0.454,0.4548,43357.0
2025-01-17 14:38:00,0.4549,0.4549,0.4538,0.4539,19065.0
2025-01-17 14:39:00,0.4537,0.4541,0.4526,0.4541,3403.0
2025-01-17 14:40:00,0.4528,0.4532,0.4528,0.4528,115.0
2025-01-17 14:41:00,0.4534,0.4537,0.4524,0.4525,6281.0
2025-01-17 14:42:00,0.4529,0.4538,0.4526,0.4527,16939.0
2025-01-17 14:43:00,0.4521,0.4537,0.4521,0.4533,12058.0
2025-01-17 14:44:00,0.4533,0.4539,0.4531,0.4534,7630.0
2025-01-17 14:45:00,0.4534,0.4555,0.4534,0.4552,3727.0
2025-01-17 14:46:00,0.4552,0.4554,0.4543,0.4543,4707.0
2025-01-17 14:47:00,0.4539,0.4539,0.4528,0.4536,14977.0
2025-01-17 14:48:00,0.453,0.4536,0.4524,0.4536,2070.0
2025-01-17 14:49:00,0.4538,0.4541,0.4535,0.4538,10689.0
2025-01-17 14:50:00,0.4537,0.4537,0.453,0.453,16312.0
2025-01-17 14:51:00,0.453,0.4538,0.4528,0.4538,3673.0
2025-01-17 14:52:00,0.4539,0.4555,0.4539,0.4553,12333.0
2025-01-17 14:53:00,0.4554,0.4559,0.4552,0.4557,9984.0
2025-01-17 14:54:00,0.4552,0.4552,0.4546,0.455,896.0
2025-01-17 14:55:00,0.4555,0.4557,0.4555,0.4557,5459.0
2025-01-17 14:56:00,0.4555,0.4562,0.4555,0.4562,1768.0
2025-01-17 14:57:00,0.4562,0.4562,0.4558,0.4561,2843.0
2025-01-17 14:58:00,0.4558,0.4558,0.4549,0.4554,6365.0
2025-01-17 14:59:00,0.4548,0.4552,0.4548,0.4552,4425.0
2025-01-17 15:00:00,0.4555,0.4561,0.4555,0.4561,5833.0
2025-01-17 15:01:00,0.4559,0.4564,0.4556,0.4563,9410.0
2025-01-17 15:02:00,0.4556,0.4565,0.4556,0.4565,4898.0
2025-01-17 15:03:00,0.4559,0.4566,0.4554,0.4555,4977.0
2025-01-17 15:04:00,0.4556,0.4563,0.4556,0.4561,2557.0
2025-01-17 15:05:00,0.4564,0.4568,0.4563,0.4568,4061.0
2025-01-17 15:06:00,0.4568,0.4573,0.4566,0.4573,1819.0
2025-01-17 15:07:00,0.4569,0.4573,0.4567,0.4573,5351.0
2025-01-17 15:08:00,0.4574,0.4574,0.4566,0.4566,16489.0
2025-01-17 15:09:00,0.4566,0.4572,0.4566,0.4572,6933.0
2025-01-17 15:10:00,0.457,0.4573,0.4568,0.4568,5236.0
2025-01-17 15:11:00,0.4567,0.4569,0.456,0.4569,10115.0
2025-01-17 15:12:00,0.457,0.4573,0.4563,0.4566,4541.0
2025-01-17 15:13:00,0.4563,0.4564,0.4558,0.4563,32447.0
2025-01-17 15:14:00,0.4563,0.457,0.4563,0.4567,4164.0
2025-01-17 15:15:00,0.4568,0.4574,0.4568,0.457,9046.0
2025-01-17 15:16:00,0.4569,0.457,0.4568,0.4568,3869.0
2025-01-17 15:17:00,0.457,0.457,0.4568,0.4568,2049.0
2025-01-17 15:18:00,0.4564,0.4566,0.4562,0.4566,1011.0
2025-01-17 15:19:00,0.4566,0.457,0.4566,0.457,3815.0
2025-01-17 15:20:00,0.4567,0.4567,0.456,0.456,6488.0
2025-01-17 15:21:00,0.4555,0.4556,0.4551,0.4551,6471.0
2025-01-17 15:22:00,0.455,0.4558,0.454,0.454,23129.0
2025-01-17 15:23:00,0.4542,0.4549,0.4541,0.4549,3052.0
2025-01-17 15:24:00,0.4547,0.4547,0.4542,0.4542,425.0
2025-01-17 15:25:00,0.455,0.455,0.4542,0.4542,1347.0
2025-01-17 15:26:00,0.4544,0.4544,0.4528,0.4528,4364.0
2025-01-17 15:27:00,0.4527,0.4529,0.4519,0.4519,8174.0
2025-01-17 15:28:00,0.4519,0.453,0.4518,0.4523,8671.0
2025-01-17 15:29:00,0.4523,0.4524,0.4519,0.4524,11968.0
2025-01-17 15:30:00,0.4525,0.4534,0.4525,0.4534,5254.0
2025-01-17 15:31:00,0.4534,0.4538,0.4533,0.4533,7483.0
2025-01-17 15:32:00,0.4529,0.4529,0.452,0.4522,12023.0
2025-01-17 15:33:00,0.4519,0.452,0.4513,0.452,2102.0
2025-01-17 15:34:00,0.4517,0.4518,0.4515,0.4518,684.0
2025-01-17 15:35:00,0.4516,0.452,0.4516,0.452,2089.0
2025-01-17 15:36:00,0.4521,0.453,0.4521,0.4529,947.0
2025-01-17 15:37:00,0.4533,0.4534,0.4533,0.4534,168.0
2025-01-17 15:38:00,0.4532,0.4539,0.4529,0.4536,4378.0
2025-01-17 15:39:00,0.4538,0.4541,0.4538,0.4539,7470.0
2025-01-17 15:40:00,0.4538,0.4542,0.4538,0.4542,1427.0
2025-01-17 15:41:00,0.4541,0.4542,0.4536,0.4536,1752.0
2025-01-17 15:42:00,0.4536,0.4536,0.4536,0.4536,0.0
2025-01-17 15:43:00,0.4543,0.4545,0.4542,0.4544,1497.0
2025-01-17 15:44:00,0.4539,0.454,0.4536,0.4536,8263.0
2025-01-17 15:45:00,0.4537,0.454,0.4537,0.4538,335.0
2025-01-17 15:46:00,0.4537,0.4543,0.4537,0.4537,26574.0
2025-01-17 15:47:00,0.4536,0.4538,0.4529,0.4529,5381.0
2025-01-17 15:48:00,0.4531,0.4534,0.453,0.4531,7511.0
2025-01-17 15:49:00,0.453,0.4542,0.453,0.4542,1288.0
2025-01-17 15:50:00,0.4544,0.4546,0.4539,0.4539,144.0
2025-01-17 15:51:00,0.4536,0.454,0.4536,0.4539,3810.0
2025-01-17 15:52:00,0.4537,0.4542,0.4537,0.4542,1256.0
2025-01-17 15:53:00,0.454,0.4542,0.4539,0.4542,24072.0
2025-01-17 15:54:00,0.4539,0.4547,0.4539,0.4547,665.0
2025-01-17 15:55:00,0.4545,0.4546,0.4543,0.4544,414.0
2025-01-17 15:56:00,0.4546,0.4546,0.4543,0.4544,1330.0
2025-01-17 15:57:00,0.4544,0.455,0.4544,0.4547,321.0
2025-01-17 15:58:00,0.4548,0.4553,0.4548,0.4553,4889.0
2025-01-17 15:59:00,0.4554,0.4558,0.4554,0.4558,1979.0
2025-01-17 16:00:00,0.4559,0.457,0.4555,0.4567,29019.0
2025-01-17 16:01:00,0.4565,0.4568,0.4565,0.4568,14251.0
2025-01-17 16:02:00,0.4568,0.4572,0.4567,0.4569,43834.0
2025-01-17 16:03:00,0.4566,0.4566,0.4556,0.4558,6669.0
2025-01-17 16:04:00,0.4559,0.4563,0.4556,0.4559,5961.0
2025-01-17 16:05:00,0.4556,0.4558,0.4549,0.4549,18308.0
2025-01-17 16:06:00,0.455,0.4556,0.455,0.4553,2632.0
2025-01-17 16:07:00,0.4554,0.4554,0.4551,0.4551,275.0
2025-01-17 16:08:00,0.4549,0.455,0.4546,0.4547,7285.0
2025-01-17 16:09:00,0.4547,0.4547,0.4543,0.4545,5130.0
2025-01-17 16:10:00,0.4546,0.4555,0.4546,0.4555,2076.0
2025-01-17 16:11:00,0.4555,0.4559,0.4553,0.4553,3625.0
2025-01-17 16:12:00,0.4557,0.4564,0.4557,0.4563,3577.0
2025-01-17 16:13:00,0.4563,0.4577,0.4562,0.4577,21149.0
2025-01-17 16:14:00,0.457,0.4571,0.4569,0.4571,216.0
2025-01-17 16:15:00,0.4569,0.4575,0.4564,0.4574,17316.0
2025-01-17 16:16:00,0.4578,0.4579,0.4573,0.4578,3559.0
2025-01-17 16:17:00,0.4575,0.4576,0.4574,0.4576,5611.0
2025-01-17 16:18:00,0.4578,0.4583,0.4574,0.4583,9021.0
2025-01-17 16:19:00,0.4579,0.4584,0.4578,0.4582,11412.0
2025-01-17 16:20:00,0.4582,0.4585,0.4582,0.4585,722.0
2025-01-17 16:21:00,0.4583,0.4585,0.458,0.4584,11231.0
2025-01-17 16:22:00,0.4583,0.4584,0.4582,0.4584,1642.0
2025-01-17 16:23:00,0.4581,0.4582,0.4573,0.4576,12345.0
2025-01-17 16:24:00,0.4573,0.4574,0.4564,0.4573,115678.0
2025-01-17 16:25:00,0.4573,0.4575,0.4573,0.4574,2071.0
2025-01-17 16:26:00,0.4574,0.4577,0.4573,0.4576,3014.0
2025-01-17 16:27:00,0.4574,0.4575,0.4571,0.4573,5758.0
2025-01-17 16:28:00,0.4574,0.4578,0.4574,0.4578,298.0
2025-01-17 16:29:00,0.458,0.458,0.4574,0.4574,3692.0
2025-01-17 16:30:00,0.4575,0.4575,0.4565,0.457,4722.0
2025-01-17 16:31:00,0.4568,0.4572,0.4564,0.4571,2071.0
2025-01-17 16:32:00,0.4572,0.4576,0.4572,0.4574,1682.0
2025-01-17 16:33:00,0.4579,0.4581,0.4577,0.4581,3003.0
2025-01-17 16:34:00,0.458,0.458,0.4579,0.4579,316.0
2025-01-17 16:35:00,0.4577,0.4578,0.4575,0.4575,1864.0
2025-01-17 16:36:00,0.4578,0.458,0.4573,0.4573,671.0
2025-01-17 16:37:00,0.4578,0.4578,0.4575,0.4577,968.0
2025-01-17 16:38:00,0.4576,0.4581,0.4576,0.4581,4882.0
2025-01-17 16:39:00,0.4586,0.4592,0.4584,0.4592,5612.0
2025-01-17 16:40:00,0.4592,0.4592,0.4586,0.4586,4769.0
2025-01-17 16:41:00,0.4583,0.4586,0.4583,0.4585,3720.0
2025-01-17 16:42:00,0.4586,0.4588,0.4584,0.4584,6899.0
2025-01-17 16:43:00,0.4584,0.4584,0.4579,0.4579,8803.0
2025-01-17 16:44:00,0.4578,0.4579,0.4577,0.4577,6910.0
2025-01-17 16:45:00,0.4577,0.4577,0.4568,0.4574,2993.0
2025-01-17 16:46:00,0.4575,0.4575,0.4569,0.457,7996.0
2025-01-17 16:47:00,0.4566,0.4571,0.4566,0.4571,529.0
2025-01-17 16:48:00,0.4576,0.4578,0.4576,0.4577,936.0
2025-01-17 16:49:00,0.4578,0.4581,0.4578,0.4581,720.0
2025-01-17 16:50:00,0.4576,0.4576,0.4576,0.4576,79.0
2025-01-17 16:51:00,0.4575,0.4579,0.4573,0.4579,1215.0
2025-01-17 16:52:00,0.4579,0.458,0.4579,0.458,4111.0
2025-01-17 16:53:00,0.4579,0.4581,0.4578,0.4579,3358.0
2025-01-17 16:54:00,0.4579,0.458,0.4578,0.4578,5488.0
2025-01-17 16:55:00,0.4575,0.4576,0.4573,0.4573,669.0
2025-01-17 16:56:00,0.4572,0.4572,0.4566,0.4569,687.0
2025-01-17 16:57:00,0.4569,0.4569,0.4565,0.4568,712.0
2025-01-17 16:58:00,0.457,0.4571,0.4569,0.4571,3877.0
2025-01-17 16:59:00,0.4571,0.4571,0.4571,0.4571,85.0
2025-01-17 17:00:00,0.457,0.4572,0.457,0.457,1105.0
2025-01-17 17:01:00,0.4571,0.4571,0.4566,0.4566,2465.0
2025-01-17 17:02:00,0.4571,0.4571,0.4571,0.4571,11.0
2025-01-17 17:03:00,0.4573,0.4575,0.4573,0.4575,1542.0
2025-01-17 17:04:00,0.4573,0.4573,0.457,0.4571,2277.0
2025-01-17 17:05:00,0.4572,0.4575,0.4568,0.4568,7349.0
2025-01-17 17:06:00,0.4566,0.4566,0.4553,0.4556,25976.0
2025-01-17 17:07:00,0.4555,0.4561,0.4555,0.4559,3116.0
2025-01-17 17:08:00,0.4564,0.4564,0.456,0.456,1353.0
2025-01-17 17:09:00,0.4559,0.4559,0.4557,0.4557,146.0
2025-01-17 17:10:00,0.4555,0.4556,0.4554,0.4556,2290.0
2025-01-17 17:11:00,0.4556,0.4561,0.4556,0.4558,4102.0
2025-01-17 17:12:00,0.456,0.4564,0.456,0.4563,521.0
2025-01-17 17:13:00,0.4562,0.4564,0.4559,0.4563,2086.0
2025-01-17 17:14:00,0.4561,0.4562,0.4561,0.4562,1002.0
2025-01-17 17:15:00,0.4562,0.4563,0.4557,0.4557,5148.0
2025-01-17 17:16:00,0.4555,0.4556,0.4553,0.4556,4050.0
2025-01-17 17:17:00,0.4555,0.4555,0.4549,0.455,8614.0
2025-01-17 17:18:00,0.455,0.455,0.4543,0.4547,4395.0
2025-01-17 17:19:00,0.4547,0.4547,0.4547,0.4547,456.0
2025-01-17 17:20:00,0.4547,0.4548,0.4546,0.4548,2867.0
2025-01-17 17:21:00,0.4546,0.4546,0.4542,0.4542,1104.0
2025-01-17 17:22:00,0.4543,0.4546,0.4543,0.4546,3246.0
2025-01-17 17:23:00,0.4547,0.4549,0.4547,0.4549,371.0
2025-01-17 17:24:00,0.4552,0.4552,0.4552,0.4552,191.0
2025-01-17 17:25:00,0.4555,0.4567,0.4555,0.4564,41217.0
2025-01-17 17:26:00,0.4565,0.4571,0.4565,0.4568,4471.0
2025-01-17 17:27:00,0.4568,0.457,0.4566,0.4566,7000.0
2025-01-17 17:28:00,0.4565,0.4567,0.456,0.456,1096.0
2025-01-17 17:29:00,0.4561,0.4565,0.4561,0.4565,63.0
2025-01-17 17:30:00,0.4568,0.4569,0.4565,0.4565,3142.0
2025-01-17 17:31:00,0.4565,0.4565,0.4556,0.4556,4359.0
2025-01-17 17:32:00,0.4553,0.4555,0.4552,0.4553,337.0
2025-01-17 17:33:00,0.455,0.4552,0.4548,0.4548,1904.0
2025-01-17 17:34:00,0.4545,0.4547,0.4544,0.4544,19957.0
2025-01-17 17:35:00,0.4542,0.4542,0.4533,0.4533,2652.0
2025-01-17 17:36:00,0.4534,0.4536,0.4528,0.4528,3018.0
2025-01-17 17:37:00,0.4528,0.4532,0.4521,0.4529,18468.0
2025-01-17 17:38:00,0.4529,0.4533,0.4529,0.4533,773.0
2025-01-17 17:39:00,0.4528,0.4529,0.4526,0.4529,1887.0
2025-01-17 17:40:00,0.4531,0.4537,0.4531,0.4536,5229.0
2025-01-17 17:41:00,0.4534,0.4534,0.4527,0.4531,23712.0
2025-01-17 17:42:00,0.4531,0.4533,0.4528,0.4528,1061.0
2025-01-17 17:43:00,0.4528,0.4528,0.4526,0.4528,2361.0
2025-01-17 17:44:00,0.453,0.4531,0.4525,0.4525,2055.0
2025-01-17 17:45:00,0.4525,0.4531,0.4524,0.4531,3556.0
2025-01-17 17:46:00,0.4534,0.4538,0.4534,0.4534,2521.0
2025-01-17 17:47:00,0.4532,0.4536,0.4532,0.4536,194.0
2025-01-17 17:48:00,0.4533,0.4533,0.4529,0.4529,1038.0
2025-01-17 17:49:00,0.4531,0.4531,0.4526,0.4526,94.0
2025-01-17 17:50:00,0.4521,0.4525,0.452,0.4525,3515.0
2025-01-17 17:51:00,0.4525,0.4526,0.4524,0.4526,3631.0
2025-01-17 17:52:00,0.4527,0.4527,0.4524,0.4524,1586.0
2025-01-17 17:53:00,0.4525,0.4525,0.4523,0.4523,1990.0
2025-01-17 17:54:00,0.4522,0.4535,0.4522,0.4535,487.0
2025-01-17 17:55:00,0.453,0.453,0.4519,0.4519,6906.0
2025-01-17 17:56:00,0.4521,0.4522,0.4519,0.4521,2898.0
2025-01-17 17:57:00,0.4519,0.4521,0.4517,0.4521,1711.0
2025-01-17 17:58:00,0.4522,0.4523,0.4522,0.4523,281.0
2025-01-17 17:59:00,0.4527,0.4527,0.4525,0.4526,4270.0
2025-01-17 18:00:00,0.4525,0.4525,0.4525,0.4525,956.0
2025-01-17 18:01:00,0.4522,0.4524,0.4521,0.4524,5183.0
2025-01-17 18:02:00,0.4525,0.4525,0.4523,0.4524,347.0
2025-01-17 18:03:00,0.4525,0.4528,0.4525,0.4528,95.0
2025-01-17 18:04:00,0.4525,0.4531,0.4525,0.453,531.0
2025-01-17 18:05:00,0.4532,0.4534,0.4532,0.4534,416.0
2025-01-17 18:06:00,0.4529,0.453,0.4529,0.453,2833.0
2025-01-17 18:07:00,0.4523,0.4526,0.4523,0.4526,82.0
2025-01-17 18:08:00,0.4524,0.4524,0.4522,0.4522,1655.0
2025-01-17 18:09:00,0.4521,0.4521,0.4515,0.4515,4548.0
2025-01-17 18:10:00,0.4518,0.4518,0.4509,0.4511,1707.0
2025-01-17 18:11:00,0.4513,0.4515,0.4511,0.4515,353.0
2025-01-17 18:12:00,0.452,0.452,0.452,0.452,33.0
2025-01-17 18:13:00,0.452,0.452,0.452,0.452,0.0
2025-01-17 18:14:00,0.452,0.452,0.452,0.452,0.0
2025-01-17 18:15:00,0.4526,0.4527,0.4525,0.4525,1028.0
2025-01-17 18:16:00,0.4522,0.453,0.4522,0.453,2128.0
2025-01-17 18:17:00,0.4529,0.4529,0.4529,0.4529,36.0
2025-01-17 18:18:00,0.4527,0.4532,0.4527,0.4532,306.0
2025-01-17 18:19:00,0.4533,0.4534,0.4533,0.4534,69.0
2025-01-17 18:20:00,0.4536,0.4538,0.4536,0.4538,1588.0
2025-01-17 18:21:00,0.4538,0.4539,0.4537,0.4537,597.0
2025-01-17 18:22:00,0.454,0.4543,0.454,0.4543,376.0
2025-01-17 18:23:00,0.4543,0.4543,0.4543,0.4543,0.0
2025-01-17 18:24:00,0.4535,0.4539,0.4535,0.4538,637.0
2025-01-17 18:25:00,0.4539,0.4539,0.4539,0.4539,85.0
2025-01-17 18:26:00,0.4541,0.4541,0.4541,0.4541,65.0
2025-01-17 18:27:00,0.4541,0.4541,0.454,0.454,56.0
2025-01-17 18:28:00,0.4535,0.4536,0.4534,0.4535,579.0
2025-01-17 18:29:00,0.4536,0.4536,0.4534,0.4534,892.0
2025-01-17 18:30:00,0.4537,0.4537,0.4534,0.4534,162.0
2025-01-17 18:31:00,0.4532,0.4534,0.4531,0.4534,5223.0
2025-01-17 18:32:00,0.4534,0.4534,0.4534,0.4534,0.0
2025-01-17 18:33:00,0.4535,0.4538,0.4535,0.4538,264.0
2025-01-17 18:34:00,0.4539,0.4539,0.4536,0.4538,26329.0
2025-01-17 18:35:00,0.4537,0.4537,0.4535,0.4535,4218.0
2025-01-17 18:36:00,0.4535,0.4536,0.4535,0.4536,278.0
2025-01-17 18:37:00,0.4537,0.454,0.4537,0.454,520.0
2025-01-17 18:38:00,0.454,0.454,0.4536,0.4538,353.0
2025-01-17 18:39:00,0.4538,0.4539,0.4537,0.4538,6867.0
2025-01-17 18:40:00,0.4537,0.4537,0.4537,0.4537,730.0
2025-01-17 18:41:00,0.4535,0.4536,0.4533,0.4536,1704.0
2025-01-17 18:42:00,0.4534,0.4534,0.4532,0.4532,242.0
2025-01-17 18:43:00,0.4535,0.4535,0.4535,0.4535,13.0
2025-01-17 18:44:00,0.4535,0.4535,0.4535,0.4535,0.0
2025-01-17 18:45:00,0.4531,0.4531,0.453,0.453,332.0
2025-01-17 18:46:00,0.4531,0.4534,0.4531,0.4532,1482.0
2025-01-17 18:47:00,0.4533,0.4533,0.4528,0.4528,106.0
2025-01-17 18:48:00,0.4528,0.453,0.4528,0.4529,417.0
2025-01-17 18:49:00,0.4526,0.4527,0.4526,0.4526,582.0
2025-01-17 18:50:00,0.4524,0.4524,0.452,0.4522,3124.0
2025-01-17 18:51:00,0.452,0.4522,0.452,0.4522,1669.0
2025-01-17 18:52:00,0.4524,0.4527,0.4523,0.4527,1253.0
2025-01-17 18:53:00,0.4525,0.4525,0.4525,0.4525,53.0
2025-01-17 18:54:00,0.4524,0.4524,0.4514,0.4517,43527.0
2025-01-17 18:55:00,0.4518,0.4519,0.4517,0.4519,4676.0
2025-01-17 18:56:00,0.4513,0.4514,0.4513,0.4513,3241.0
2025-01-17 18:57:00,0.4513,0.4515,0.4513,0.4514,6193.0
2025-01-17 18:58:00,0.4512,0.4514,0.4512,0.4514,305.0
2025-01-17 18:59:00,0.4513,0.4513,0.4513,0.4513,217.0
2025-01-17 19:00:00,0.4513,0.4519,0.4513,0.4518,279.0
2025-01-17 19:01:00,0.4517,0.4521,0.4517,0.452,6422.0
2025-01-17 19:02:00,0.4521,0.4522,0.452,0.4521,3402.0
2025-01-17 19:03:00,0.452,0.4525,0.452,0.4525,1992.0
2025-01-17 19:04:00,0.4525,0.4526,0.4525,0.4525,3917.0
2025-01-17 19:05:00,0.4523,0.4524,0.4523,0.4524,72.0
2025-01-17 19:06:00,0.4516,0.4516,0.4516,0.4516,53.0
2025-01-17 19:07:00,0.4518,0.4519,0.4518,0.4518,4392.0
2025-01-17 19:08:00,0.4517,0.452,0.4517,0.452,1241.0
2025-01-17 19:09:00,0.4523,0.4523,0.4523,0.4523,361.0
2025-01-17 19:10:00,0.4526,0.453,0.4526,0.453,167.0
2025-01-17 19:11:00,0.453,0.453,0.453,0.453,0.0
2025-01-17 19:12:00,0.4533,0.4533,0.4533,0.4533,3140.0
2025-01-17 19:13:00,0.4535,0.4536,0.4535,0.4536,978.0
2025-01-17 19:14:00,0.4535,0.4536,0.4535,0.4536,369.0
2025-01-17 19:15:00,0.4538,0.454,0.4537,0.4537,2232.0
2025-01-17 19:16:00,0.4537,0.4538,0.4537,0.4538,417.0
2025-01-17 19:17:00,0.454,0.454,0.454,0.454,56.0
2025-01-17 19:18:00,0.4546,0.4554,0.4545,0.4554,2175.0
2025-01-17 19:19:00,0.4555,0.4559,0.4551,0.4552,5083.0
2025-01-17 19:20:00,0.4553,0.4553,0.4546,0.4547,4178.0
2025-01-17 19:21:00,0.4548,0.4551,0.4545,0.4551,3592.0
2025-01-17 19:22:00,0.4551,0.4551,0.4547,0.4549,6003.0
2025-01-17 19:23:00,0.4547,0.4547,0.4542,0.4544,10087.0
2025-01-17 19:24:00,0.4543,0.4548,0.4543,0.4548,3897.0
2025-01-17 19:25:00,0.4547,0.455,0.4545,0.4548,3503.0
2025-01-17 19:26:00,0.4548,0.4548,0.4545,0.4545,801.0
2025-01-17 19:27:00,0.4545,0.4545,0.4544,0.4544,424.0
2025-01-17 19:28:00,0.4543,0.4543,0.4538,0.4539,3289.0
2025-01-17 19:29:00,0.4539,0.4541,0.4539,0.454,4028.0
2025-01-17 19:30:00,0.4539,0.454,0.4531,0.4531,4713.0
2025-01-17 19:31:00,0.4531,0.4531,0.4528,0.453,3057.0
2025-01-17 19:32:00,0.453,0.453,0.4525,0.4528,11419.0
2025-01-17 19:33:00,0.4528,0.4533,0.4524,0.4524,21633.0
2025-01-17 19:34:00,0.4525,0.4526,0.4521,0.4521,3229.0
2025-01-17 19:35:00,0.4523,0.4528,0.4523,0.4528,2206.0
2025-01-17 19:36:00,0.4524,0.4526,0.4523,0.4525,2291.0
2025-01-17 19:37:00,0.4525,0.4529,0.4525,0.4529,597.0
2025-01-17 19:38:00,0.4533,0.4533,0.4533,0.4533,143.0
2025-01-17 19:39:00,0.4534,0.4534,0.4532,0.4532,586.0
2025-01-17 19:40:00,0.4532,0.4532,0.4532,0.4532,0.0
2025-01-17 19:41:00,0.4532,0.4537,0.4532,0.4537,865.0
2025-01-17 19:42:00,0.4535,0.4535,0.4534,0.4534,126.0
2025-01-17 19:43:00,0.4533,0.4534,0.4533,0.4534,510.0
2025-01-17 19:44:00,0.4536,0.4536,0.4533,0.4536,1628.0
2025-01-17 19:45:00,0.4532,0.4532,0.4532,0.4532,12.0
2025-01-17 19:46:00,0.4532,0.4535,0.4532,0.4534,837.0
2025-01-17 19:47:00,0.4536,0.4537,0.4532,0.4532,1403.0
2025-01-17 19:48:00,0.4534,0.4534,0.4534,0.4534,433.0
2025-01-17 19:49:00,0.454,0.454,0.4537,0.4537,108.0
2025-01-17 19:50:00,0.454,0.4542,0.4539,0.4539,130.0
2025-01-17 19:51:00,0.454,0.4541,0.454,0.4541,94.0
2025-01-17 19:52:00,0.4543,0.4543,0.4538,0.4538,112.0
2025-01-17 19:53:00,0.4536,0.4536,0.4534,0.4534,608.0
2025-01-17 19:54:00,0.4535,0.4535,0.4534,0.4534,280.0
2025-01-17 19:55:00,0.4538,0.4539,0.4538,0.4539,618.0
2025-01-17 19:56:00,0.4539,0.4541,0.4539,0.4541,554.0
2025-01-17 19:57:00,0.4541,0.4541,0.4541,0.4541,0.0
2025-01-17 19:58:00,0.454,0.454,0.454,0.454,45.0
2025-01-17 19:59:00,0.4542,0.4543,0.4542,0.4542,1043.0
2025-01-17 20:00:00,0.4541,0.4541,0.4541,0.4541,524.0
2025-01-17 20:01:00,0.4538,0.4541,0.4538,0.4541,227.0
2025-01-17 20:02:00,0.4539,0.4549,0.4539,0.4548,10523.0
2025-01-17 20:03:00,0.4548,0.4551,0.4547,0.4551,3516.0
2025-01-17 20:04:00,0.4547,0.4547,0.4547,0.4547,573.0
2025-01-17 20:05:00,0.4548,0.4551,0.4545,0.4551,7813.0
2025-01-17 20:06:00,0.4548,0.455,0.4548,0.455,226.0
2025-01-17 20:07:00,0.4551,0.4558,0.4551,0.4558,627.0
2025-01-17 20:08:00,0.4558,0.456,0.4557,0.4558,2565.0
2025-01-17 20:09:00,0.456,0.4564,0.456,0.4564,1203.0
2025-01-17 20:10:00,0.4564,0.4575,0.4564,0.4571,12819.0
2025-01-17 20:11:00,0.457,0.4574,0.4569,0.4573,24648.0
2025-01-17 20:12:00,0.4572,0.4578,0.4572,0.4576,3214.0
2025-01-17 20:13:00,0.4578,0.458,0.4578,0.458,1618.0
2025-01-17 20:14:00,0.4578,0.4578,0.4574,0.4574,10698.0
2025-01-17 20:15:00,0.4575,0.4575,0.457,0.457,1942.0
2025-01-17 20:16:00,0.4572,0.4574,0.4572,0.4574,2857.0
2025-01-17 20:17:00,0.4573,0.4577,0.4573,0.4577,4097.0
2025-01-17 20:18:00,0.4579,0.4579,0.4577,0.4577,6083.0
2025-01-17 20:19:00,0.4578,0.4587,0.4578,0.4584,9951.0
2025-01-17 20:20:00,0.4581,0.4584,0.458,0.4582,1205.0
2025-01-17 20:21:00,0.4582,0.4583,0.4579,0.4583,2677.0
2025-01-17 20:22:00,0.4574,0.4578,0.4573,0.4578,7686.0
2025-01-17 20:23:00,0.4577,0.4578,0.4576,0.4578,4391.0
2025-01-17 20:24:00,0.4578,0.4581,0.4578,0.4578,9174.0
2025-01-17 20:25:00,0.4578,0.4581,0.4578,0.4581,8041.0
2025-01-17 20:26:00,0.4581,0.4586,0.4581,0.4586,586.0
2025-01-17 20:27:00,0.4586,0.4586,0.4586,0.4586,1753.0
2025-01-17 20:28:00,0.4587,0.4588,0.4587,0.4587,1420.0
2025-01-17 20:29:00,0.4585,0.4593,0.4585,0.4593,18981.0
2025-01-17 20:30:00,0.4594,0.4599,0.4594,0.4594,10513.0
2025-01-17 20:31:00,0.4595,0.46,0.4593,0.4597,6088.0
2025-01-17 20:32:00,0.4597,0.4604,0.4597,0.4599,13719.0
2025-01-17 20:33:00,0.4599,0.4603,0.4598,0.4601,10963.0
2025-01-17 20:34:00,0.4602,0.4604,0.4598,0.4601,4202.0
2025-01-17 20:35:00,0.4601,0.4604,0.4601,0.4602,2871.0
2025-01-17 20:36:00,0.46,0.4603,0.4595,0.46,5281.0
2025-01-17 20:37:00,0.46,0.4603,0.4596,0.4596,6799.0
2025-01-17 20:38:00,0.4597,0.4603,0.4597,0.4603,3748.0
2025-01-17 20:39:00,0.4603,0.4607,0.4601,0.4607,5729.0
2025-01-17 20:40:00,0.4607,0.4612,0.4607,0.4609,15255.0
2025-01-17 20:41:00,0.4609,0.4614,0.4609,0.4614,16104.0
2025-01-17 20:42:00,0.4614,0.4616,0.4611,0.4611,4664.0
2025-01-17 20:43:00,0.461,0.4613,0.4608,0.4613,4250.0
2025-01-17 20:44:00,0.4614,0.4616,0.4611,0.4611,1091.0
2025-01-17 20:45:00,0.4611,0.4617,0.4611,0.4611,4263.0
2025-01-17 20:46:00,0.4609,0.4611,0.4608,0.461,2788.0
2025-01-17 20:47:00,0.461,0.4618,0.461,0.4615,18773.0
2025-01-17 20:48:00,0.4614,0.4616,0.4611,0.4616,7723.0
2025-01-17 20:49:00,0.4616,0.462,0.4616,0.4619,5021.0
2025-01-17 20:50:00,0.462,0.4622,0.4619,0.4621,7879.0
2025-01-17 20:51:00,0.462,0.462,0.4614,0.4615,2213.0
2025-01-17 20:52:00,0.4616,0.4619,0.4615,0.4617,2086.0
2025-01-17 20:53:00,0.4618,0.4621,0.4618,0.462,2221.0
2025-01-17 20:54:00,0.4621,0.4624,0.462,0.4623,6886.0
2025-01-17 20:55:00,0.4621,0.4621,0.4615,0.4618,5186.0
2025-01-17 20:56:00,0.4617,0.4617,0.4612,0.4613,3938.0
2025-01-17 20:57:00,0.4613,0.4615,0.4605,0.4607,4024.0
2025-01-17 20:58:00,0.4606,0.4612,0.4606,0.4612,5400.0
2025-01-17 20:59:00,0.4613,0.4618,0.4613,0.4614,6871.0
2025-01-17 21:00:00,0.4613,0.4616,0.4611,0.4613,8367.0
2025-01-17 21:01:00,0.4614,0.4614,0.4612,0.4614,1406.0
2025-01-17 21:02:00,0.4613,0.4613,0.4611,0.4612,408.0
2025-01-17 21:03:00,0.4612,0.4613,0.4608,0.461,11820.0
2025-01-17 21:04:00,0.4612,0.4614,0.4612,0.4614,645.0
2025-01-17 21:05:00,0.4615,0.4618,0.4615,0.4618,5868.0
2025-01-17 21:06:00,0.4618,0.4618,0.4615,0.4615,57.0
2025-01-17 21:07:00,0.4612,0.4613,0.4609,0.4609,794.0
2025-01-17 21:08:00,0.4605,0.4605,0.4598,0.4599,3665.0
2025-01-17 21:09:00,0.46,0.46,0.4599,0.4599,1056.0
2025-01-17 21:10:00,0.4597,0.4597,0.4593,0.4593,1653.0
2025-01-17 21:11:00,0.4598,0.46,0.4598,0.46,1433.0
2025-01-17 21:12:00,0.4601,0.4602,0.46,0.4602,2267.0
2025-01-17 21:13:00,0.4602,0.4603,0.4602,0.4603,124.0
2025-01-17 21:14:00,0.4605,0.4621,0.4605,0.4619,87920.0
2025-01-17 21:15:00,0.4619,0.4622,0.4618,0.462,7356.0
2025-01-17 21:16:00,0.4624,0.4624,0.4619,0.4619,661.0
2025-01-17 21:17:00,0.4617,0.4617,0.4615,0.4616,5376.0
2025-01-17 21:18:00,0.4616,0.4618,0.4616,0.4617,1604.0
2025-01-17 21:19:00,0.4615,0.4615,0.4611,0.4611,5762.0
2025-01-17 21:20:00,0.4613,0.4613,0.461,0.4612,3951.0
2025-01-17 21:21:00,0.4613,0.462,0.4613,0.462,1186.0
2025-01-17 21:22:00,0.4619,0.4619,0.4618,0.4619,352.0
2025-01-17 21:23:00,0.462,0.462,0.462,0.462,63.0
2025-01-17 21:24:00,0.4621,0.4623,0.462,0.4621,984.0
2025-01-17 21:25:00,0.462,0.462,0.4617,0.4617,99.0
2025-01-17 21:26:00,0.4616,0.4616,0.4613,0.4616,9344.0
2025-01-17 21:27:00,0.4616,0.462,0.4616,0.4619,2152.0
2025-01-17 21:28:00,0.4617,0.462,0.4616,0.462,9685.0
2025-01-17 21:29:00,0.4619,0.4619,0.4617,0.4617,12139.0
2025-01-17 21:30:00,0.4614,0.4615,0.461,0.461,2794.0
2025-01-17 21:31:00,0.4612,0.4617,0.4612,0.4617,202.0
2025-01-17 21:32:00,0.4615,0.4616,0.4615,0.4616,347.0
2025-01-17 21:33:00,0.4616,0.4616,0.4611,0.4611,3328.0
2025-01-17 21:34:00,0.4611,0.4611,0.4608,0.461,1279.0
2025-01-17 21:35:00,0.4611,0.4612,0.4611,0.4612,174.0
2025-01-17 21:36:00,0.4614,0.4617,0.4614,0.4614,788.0
2025-01-17 21:37:00,0.4611,0.4612,0.4606,0.4606,1385.0
2025-01-17 21:38:00,0.4604,0.4604,0.4598,0.4598,1545.0
2025-01-17 21:39:00,0.4595,0.4597,0.4591,0.4597,6466.0
2025-01-17 21:40:00,0.4599,0.46,0.4597,0.4597,2373.0
2025-01-17 21:41:00,0.4596,0.4596,0.459,0.4593,4866.0
2025-01-17 21:42:00,0.4594,0.4595,0.4594,0.4595,227.0
2025-01-17 21:43:00,0.4597,0.46,0.4597,0.4597,3442.0
2025-01-17 21:44:00,0.4597,0.4598,0.4597,0.4598,982.0
2025-01-17 21:45:00,0.4597,0.4599,0.4597,0.4597,879.0
2025-01-17 21:46:00,0.4597,0.4599,0.4596,0.4596,2530.0
2025-01-17 21:47:00,0.4594,0.4594,0.4592,0.4592,258.0
2025-01-17 21:48:00,0.4592,0.4593,0.459,0.4593,1513.0
2025-01-17 21:49:00,0.4596,0.4596,0.4596,0.4596,495.0
2025-01-17 21:50:00,0.4597,0.4597,0.4596,0.4596,1089.0
2025-01-17 21:51:00,0.4593,0.4593,0.4585,0.4585,1864.0
2025-01-17 21:52:00,0.4588,0.4593,0.4585,0.4593,5265.0
2025-01-17 21:53:00,0.4595,0.4598,0.4595,0.4598,835.0
2025-01-17 21:54:00,0.4598,0.4598,0.4598,0.4598,0.0
2025-01-17 21:55:00,0.4598,0.4598,0.4598,0.4598,0.0
2025-01-17 21:56:00,0.4594,0.4594,0.4594,0.4594,1643.0
2025-01-17 21:57:00,0.4593,0.4598,0.4593,0.4598,1151.0
2025-01-17 21:58:00,0.46,0.4601,0.46,0.4601,3041.0
2025-01-17 21:59:00,0.4601,0.4602,0.4601,0.4602,526.0
2025-01-17 22:00:00,0.4604,0.4607,0.4602,0.4602,4194.0
2025-01-17 22:01:00,0.4602,0.4604,0.4602,0.4604,335.0
2025-01-17 22:02:00,0.4604,0.4604,0.4601,0.4601,83.0
2025-01-17 22:03:00,0.4607,0.4611,0.4607,0.4611,1035.0
2025-01-17 22:04:00,0.4612,0.4617,0.4612,0.4617,4445.0
2025-01-17 22:05:00,0.4616,0.4617,0.4616,0.4617,614.0
2025-01-17 22:06:00,0.4615,0.4617,0.4615,0.4616,613.0
2025-01-17 22:07:00,0.4617,0.4618,0.4614,0.4617,776.0
2025-01-17 22:08:00,0.462,0.4622,0.462,0.4621,1947.0
2025-01-17 22:09:00,0.4622,0.4622,0.4619,0.4622,10135.0
2025-01-17 22:10:00,0.4623,0.4623,0.4623,0.4623,196.0
2025-01-17 22:11:00,0.4623,0.4623,0.4623,0.4623,0.0
2025-01-17 22:12:00,0.4626,0.463,0.4618,0.4624,56698.0
2025-01-17 22:13:00,0.4622,0.4622,0.4619,0.4621,3213.0
2025-01-17 22:14:00,0.4621,0.4622,0.4621,0.4622,5518.0
2025-01-17 22:15:00,0.4621,0.4621,0.4617,0.4621,1230.0
2025-01-17 22:16:00,0.4623,0.4624,0.4622,0.4623,3024.0
2025-01-17 22:17:00,0.4622,0.4622,0.4622,0.4622,659.0
2025-01-17 22:18:00,0.4623,0.4624,0.4623,0.4624,2776.0
2025-01-17 22:19:00,0.4623,0.4624,0.4619,0.4619,11969.0
2025-01-17 22:20:00,0.4619,0.4619,0.4617,0.4617,1970.0
2025-01-17 22:21:00,0.4618,0.4623,0.4617,0.4621,8432.0
2025-01-17 22:22:00,0.4621,0.4622,0.462,0.4622,436.0
2025-01-17 22:23:00,0.4626,0.4627,0.4626,0.4626,1872.0
2025-01-17 22:24:00,0.4626,0.4626,0.4626,0.4626,56.0
2025-01-17 22:25:00,0.4626,0.4628,0.4626,0.4626,412.0
2025-01-17 22:26:00,0.4626,0.4628,0.4626,0.4628,642.0
2025-01-17 22:27:00,0.4628,0.463,0.4628,0.4628,3281.0
2025-01-17 22:28:00,0.4629,0.4631,0.4628,0.4631,4606.0
2025-01-17 22:29:00,0.4631,0.4632,0.4629,0.4632,1706.0
2025-01-17 22:30:00,0.4632,0.4634,0.4632,0.4632,1380.0
2025-01-17 22:31:00,0.463,0.463,0.4627,0.4628,5891.0
2025-01-17 22:32:00,0.4625,0.4625,0.4621,0.4623,937.0
2025-01-17 22:33:00,0.4625,0.4628,0.4625,0.4628,1531.0
2025-01-17 22:34:00,0.4627,0.4627,0.4626,0.4626,52.0
2025-01-17 22:35:00,0.4631,0.4633,0.463,0.4633,2824.0
2025-01-17 22:36:00,0.4631,0.4632,0.4629,0.4632,378.0
2025-01-17 22:37:00,0.463,0.4632,0.4628,0.463,4366.0
2025-01-17 22:38:00,0.4632,0.4636,0.463,0.4636,12882.0
2025-01-17 22:39:00,0.4636,0.4638,0.4636,0.4637,4646.0
2025-01-17 22:40:00,0.4636,0.4636,0.4633,0.4634,2407.0
2025-01-17 22:41:00,0.4634,0.4636,0.4634,0.4634,531.0
2025-01-17 22:42:00,0.4634,0.4635,0.4633,0.4635,1542.0
2025-01-17 22:43:00,0.4633,0.4636,0.4633,0.4636,10054.0
2025-01-17 22:44:00,0.4636,0.4637,0.4635,0.4637,6185.0
2025-01-17 22:45:00,0.4637,0.4637,0.4637,0.4637,1218.0
2025-01-17 22:46:00,0.4635,0.4635,0.463,0.463,4382.0
2025-01-17 22:47:00,0.4631,0.4631,0.4628,0.4628,855.0
2025-01-17 22:48:00,0.4628,0.4629,0.4628,0.4628,4393.0
2025-01-17 22:49:00,0.4627,0.4629,0.4627,0.4629,414.0
2025-01-17 22:50:00,0.4626,0.4626,0.4626,0.4626,846.0
2025-01-17 22:51:00,0.4628,0.4631,0.4628,0.463,2700.0
2025-01-17 22:52:00,0.463,0.463,0.463,0.463,27.0
2025-01-17 22:53:00,0.463,0.4631,0.463,0.4631,151.0
2025-01-17 22:54:00,0.4635,0.4637,0.4635,0.4637,63.0
2025-01-17 22:55:00,0.4637,0.4637,0.4637,0.4637,0.0
2025-01-17 22:56:00,0.4639,0.4639,0.4637,0.4638,4281.0
2025-01-17 22:57:00,0.4638,0.4638,0.4634,0.4634,1618.0
2025-01-17 22:58:00,0.4634,0.4634,0.4633,0.4633,342.0
2025-01-17 22:59:00,0.463,0.4633,0.463,0.4633,530.0
2025-01-17 23:00:00,0.4633,0.4633,0.463,0.463,540.0
2025-01-17 23:01:00,0.4623,0.4623,0.4621,0.4623,1178.0
2025-01-17 23:02:00,0.4626,0.4626,0.4624,0.4624,104.0
2025-01-17 23:03:00,0.4624,0.4624,0.4624,0.4624,142.0
2025-01-17 23:04:00,0.4626,0.4626,0.4626,0.4626,42.0
2025-01-17 23:05:00,0.4627,0.4627,0.4627,0.4627,53.0
2025-01-17 23:06:00,0.4624,0.4625,0.4623,0.4623,692.0
2025-01-17 23:07:00,0.4625,0.4627,0.4625,0.4627,155.0
2025-01-17 23:08:00,0.4627,0.4627,0.4625,0.4626,2650.0
2025-01-17 23:09:00,0.4629,0.4631,0.4629,0.4631,234.0
2025-01-17 23:10:00,0.4631,0.4631,0.4628,0.4629,1206.0
2025-01-17 23:11:00,0.4627,0.4627,0.4627,0.4627,12.0
2025-01-17 23:12:00,0.4627,0.4627,0.4625,0.4627,2246.0
2025-01-17 23:13:00,0.4628,0.4628,0.4628,0.4628,43.0
2025-01-17 23:14:00,0.4627,0.4629,0.4627,0.4628,8609.0
2025-01-17 23:15:00,0.4626,0.4626,0.4624,0.4626,312.0
2025-01-17 23:16:00,0.4628,0.463,0.4628,0.463,2030.0
2025-01-17 23:17:00,0.463,0.463,0.4629,0.463,5367.0
2025-01-17 23:18:00,0.463,0.4636,0.463,0.4632,242989.0
2025-01-17 23:19:00,0.463,0.4632,0.4629,0.4632,10313.0
2025-01-17 23:20:00,0.4635,0.4635,0.4635,0.4635,102.0
2025-01-17 23:21:00,0.4638,0.464,0.4638,0.464,2058.0
2025-01-17 23:22:00,0.4639,0.4639,0.4637,0.4637,500.0
2025-01-17 23:23:00,0.4638,0.4644,0.4638,0.4644,992.0
2025-01-17 23:24:00,0.4642,0.4645,0.464,0.4645,5170.0
2025-01-17 23:25:00,0.4644,0.4648,0.4644,0.4646,4264.0
2025-01-17 23:26:00,0.4644,0.4644,0.4642,0.4643,1791.0
2025-01-17 23:27:00,0.4642,0.4643,0.4641,0.4643,5705.0
2025-01-17 23:28:00,0.4643,0.4645,0.4643,0.4645,4075.0
2025-01-17 23:29:00,0.4646,0.4646,0.4644,0.4646,7742.0
2025-01-17 23:30:00,0.4647,0.4651,0.4645,0.4647,23729.0
2025-01-17 23:31:00,0.4644,0.4645,0.4641,0.4645,4309.0
2025-01-17 23:32:00,0.4644,0.465,0.4644,0.4647,12739.0
2025-01-17 23:33:00,0.4645,0.465,0.4644,0.465,6759.0
2025-01-17 23:34:00,0.4649,0.465,0.4648,0.4648,1205.0
2025-01-17 23:35:00,0.4646,0.4646,0.4645,0.4645,2201.0
2025-01-17 23:36:00,0.4645,0.4646,0.4645,0.4646,1612.0
2025-01-17 23:37:00,0.4644,0.465,0.4644,0.465,1857.0
2025-01-17 23:38:00,0.465,0.4651,0.4649,0.4649,6722.0
2025-01-17 23:39:00,0.4648,0.4649,0.4648,0.4649,5832.0
2025-01-17 23:40:00,0.4645,0.4647,0.4645,0.4647,1361.0
2025-01-17 23:41:00,0.4643,0.4643,0.4643,0.4643,532.0
2025-01-17 23:42:00,0.4643,0.4647,0.4643,0.4644,1374.0
2025-01-17 23:43:00,0.4646,0.465,0.4646,0.465,2033.0
2025-01-17 23:44:00,0.4652,0.4657,0.4652,0.4655,15253.0
2025-01-17 23:45:00,0.4654,0.466,0.4654,0.4659,18624.0
2025-01-17 23:46:00,0.4657,0.4657,0.4649,0.4652,3870.0
2025-01-17 23:47:00,0.4652,0.4653,0.4652,0.4653,2852.0
2025-01-17 23:48:00,0.4653,0.4658,0.4651,0.4652,21401.0
2025-01-17 23:49:00,0.4653,0.4653,0.4653,0.4653,390.0
2025-01-17 23:50:00,0.4653,0.4653,0.465,0.4651,3175.0
2025-01-17 23:51:00,0.4651,0.4652,0.465,0.4652,7556.0
2025-01-17 23:52:00,0.4651,0.4652,0.4651,0.4652,1854.0
2025-01-17 23:53:00,0.4652,0.4655,0.4652,0.4655,3431.0
2025-01-17 23:54:00,0.4654,0.4658,0.4654,0.4655,3335.0
2025-01-17 23:55:00,0.4655,0.466,0.4654,0.4654,2804.0
2025-01-17 23:56:00,0.4654,0.4656,0.4652,0.4655,4133.0
2025-01-17 23:57:00,0.4656,0.4656,0.4656,0.4656,351.0
2025-01-17 23:58:00,0.4656,0.4657,0.4656,0.4656,2570.0
2025-01-17 23:59:00,0.4656,0.4656,0.4656,0.4656,11.0
2025-01-18 00:00:00,0.4655,0.4656,0.4648,0.465,33767.0
2025-01-18 00:01:00,0.4648,0.4661,0.4647,0.4661,7838.0
2025-01-18 00:02:00,0.4661,0.4669,0.4659,0.4664,23838.0
2025-01-18 00:03:00,0.4661,0.4661,0.4654,0.4654,12251.0
2025-01-18 00:04:00,0.4653,0.4653,0.4647,0.4653,7062.0
2025-01-18 00:05:00,0.4656,0.4656,0.4656,0.4656,200.0
2025-01-18 00:06:00,0.4658,0.4658,0.4643,0.4645,13915.0
2025-01-18 00:07:00,0.4644,0.4644,0.464,0.464,15752.0
2025-01-18 00:08:00,0.4641,0.4643,0.4638,0.4638,13646.0
2025-01-18 00:09:00,0.464,0.4643,0.4634,0.4643,33819.0
2025-01-18 00:10:00,0.4643,0.4646,0.4643,0.4646,217.0
2025-01-18 00:11:00,0.4648,0.4658,0.4648,0.4657,11817.0
2025-01-18 00:12:00,0.4656,0.4656,0.4647,0.465,4052.0
2025-01-18 00:13:00,0.4651,0.4652,0.4649,0.4649,747.0
2025-01-18 00:14:00,0.4646,0.4646,0.4646,0.4646,202.0
2025-01-18 00:15:00,0.4644,0.4649,0.4644,0.4649,2490.0
2025-01-18 00:16:00,0.465,0.465,0.465,0.465,202.0
2025-01-18 00:17:00,0.4651,0.4655,0.4651,0.4654,3404.0
2025-01-18 00:18:00,0.4652,0.4655,0.4652,0.4655,279.0
2025-01-18 00:19:00,0.4655,0.4656,0.4649,0.4651,6285.0
2025-01-18 00:20:00,0.4651,0.4653,0.465,0.465,2322.0
2025-01-18 00:21:00,0.4653,0.4657,0.4653,0.4657,2384.0
2025-01-18 00:22:00,0.4656,0.4657,0.4653,0.4657,2413.0
2025-01-18 00:23:00,0.4661,0.4665,0.4661,0.4662,3099.0
2025-01-18 00:24:00,0.466,0.4663,0.466,0.4663,1208.0
2025-01-18 00:25:00,0.4663,0.4667,0.4663,0.4667,2821.0
2025-01-18 00:26:00,0.4667,0.4676,0.4667,0.4669,3291.0
2025-01-18 00:27:00,0.4671,0.4672,0.467,0.467,1793.0
2025-01-18 00:28:00,0.4671,0.4673,0.4671,0.4671,4956.0
2025-01-18 00:29:00,0.4673,0.4677,0.4673,0.4676,4314.0
2025-01-18 00:30:00,0.4674,0.4679,0.4674,0.4679,2888.0
2025-01-18 00:31:00,0.468,0.4685,0.4678,0.4682,29059.0
2025-01-18 00:32:00,0.4681,0.4681,0.4671,0.4673,7792.0
2025-01-18 00:33:00,0.4673,0.468,0.4673,0.468,4418.0
2025-01-18 00:34:00,0.468,0.4687,0.4679,0.4687,8289.0
2025-01-18 00:35:00,0.4684,0.4684,0.4677,0.468,3783.0
2025-01-18 00:36:00,0.468,0.4683,0.4678,0.4678,1773.0
2025-01-18 00:37:00,0.4678,0.4682,0.4678,0.4682,3270.0
2025-01-18 00:38:00,0.4683,0.4692,0.4683,0.4692,6227.0
2025-01-18 00:39:00,0.4693,0.4697,0.4693,0.4695,1634.0
2025-01-18 00:40:00,0.4695,0.4705,0.4695,0.4699,29361.0
2025-01-18 00:41:00,0.47,0.47,0.4692,0.4697,9224.0
2025-01-18 00:42:00,0.4698,0.4699,0.4697,0.4697,2252.0
2025-01-18 00:43:00,0.4696,0.4699,0.4694,0.4696,6325.0
2025-01-18 00:44:00,0.4695,0.4703,0.4694,0.4702,25761.0
2025-01-18 00:45:00,0.4704,0.4707,0.4703,0.4705,4293.0
2025-01-18 00:46:00,0.4706,0.4708,0.47,0.47,14761.0
2025-01-18 00:47:00,0.4701,0.4708,0.4701,0.4708,1910.0
2025-01-18 00:48:00,0.4707,0.4709,0.4703,0.4703,1269.0
2025-01-18 00:49:00,0.4703,0.4703,0.4696,0.4697,6777.0
2025-01-18 00:50:00,0.4697,0.4701,0.4697,0.47,4647.0
2025-01-18 00:51:00,0.4698,0.47,0.4693,0.4695,2357.0
2025-01-18 00:52:00,0.4695,0.4701,0.4695,0.4696,18801.0
2025-01-18 00:53:00,0.4697,0.4699,0.4692,0.4693,5309.0
2025-01-18 00:54:00,0.4692,0.4692,0.4686,0.4686,8000.0
2025-01-18 00:55:00,0.4686,0.4688,0.4685,0.4687,2465.0
2025-01-18 00:56:00,0.4689,0.469,0.4688,0.469,1728.0
2025-01-18 00:57:00,0.4694,0.4697,0.4693,0.4695,3306.0
2025-01-18 00:58:00,0.4698,0.4699,0.4698,0.4699,1235.0
2025-01-18 00:59:00,0.4698,0.4699,0.4697,0.4697,513.0
2025-01-18 01:00:00,0.4696,0.4696,0.4691,0.4695,7513.0
2025-01-18 01:01:00,0.4699,0.4699,0.4695,0.4696,617.0
2025-01-18 01:02:00,0.4699,0.4699,0.4687,0.4687,2541.0
2025-01-18 01:03:00,0.4688,0.4688,0.4682,0.4683,161.0
2025-01-18 01:04:00,0.4681,0.4684,0.4681,0.4684,3201.0
2025-01-18 01:05:00,0.4682,0.4692,0.4682,0.4692,4625.0
2025-01-18 01:06:00,0.4688,0.4688,0.4681,0.4682,3841.0
2025-01-18 01:07:00,0.4686,0.4686,0.4683,0.4683,791.0
2025-01-18 01:08:00,0.4679,0.468,0.4678,0.4679,1462.0
2025-01-18 01:09:00,0.4681,0.4681,0.4676,0.4677,2258.0
2025-01-18 01:10:00,0.4677,0.4679,0.4676,0.4678,6719.0
2025-01-18 01:11:00,0.4679,0.4679,0.4679,0.4679,388.0
2025-01-18 01:12:00,0.4684,0.4686,0.4684,0.4686,1858.0
2025-01-18 01:13:00,0.4685,0.4685,0.4683,0.4683,250.0
2025-01-18 01:14:00,0.4681,0.4681,0.4668,0.4668,5370.0
2025-01-18 01:15:00,0.4667,0.4667,0.4665,0.4665,1068.0
2025-01-18 01:16:00,0.4664,0.4665,0.4661,0.4663,592.0
2025-01-18 01:17:00,0.4665,0.4665,0.466,0.4662,7210.0
2025-01-18 01:18:00,0.4666,0.4666,0.4657,0.4657,20950.0
2025-01-18 01:19:00,0.4657,0.4657,0.4652,0.4657,22700.0
2025-01-18 01:20:00,0.4655,0.4656,0.465,0.4653,16344.0
2025-01-18 01:21:00,0.4652,0.4652,0.465,0.4652,4499.0
2025-01-18 01:22:00,0.4651,0.4651,0.4645,0.4649,9581.0
2025-01-18 01:23:00,0.4648,0.465,0.4648,0.465,379.0
2025-01-18 01:24:00,0.4652,0.4655,0.4652,0.4654,770.0
2025-01-18 01:25:00,0.4651,0.4652,0.465,0.4652,1567.0
2025-01-18 01:26:00,0.4647,0.4648,0.4646,0.4648,98.0
2025-01-18 01:27:00,0.4652,0.4654,0.4652,0.4653,611.0
2025-01-18 01:28:00,0.4652,0.4652,0.4648,0.4651,3273.0
2025-01-18 01:29:00,0.4651,0.4651,0.4647,0.4648,1720.0
2025-01-18 01:30:00,0.4648,0.4651,0.4646,0.4651,1951.0
2025-01-18 01:31:00,0.4646,0.4648,0.4641,0.4643,16134.0
2025-01-18 01:32:00,0.4642,0.4644,0.4641,0.4641,1798.0
2025-01-18 01:33:00,0.4641,0.4642,0.4636,0.4639,4263.0
2025-01-18 01:34:00,0.4642,0.4642,0.4637,0.4637,847.0
2025-01-18 01:35:00,0.4637,0.4641,0.4634,0.4634,1334.0
2025-01-18 01:36:00,0.4633,0.4638,0.463,0.4638,2247.0
2025-01-18 01:37:00,0.4639,0.4639,0.4637,0.4637,91.0
2025-01-18 01:38:00,0.464,0.464,0.4639,0.4639,244.0
2025-01-18 01:39:00,0.4639,0.4639,0.4635,0.4635,6093.0
2025-01-18 01:40:00,0.4637,0.4639,0.4637,0.4639,367.0
2025-01-18 01:41:00,0.4638,0.464,0.4638,0.464,1078.0
2025-01-18 01:42:00,0.4647,0.4647,0.4647,0.4647,250.0
2025-01-18 01:43:00,0.4652,0.4652,0.4649,0.4649,1908.0
2025-01-18 01:44:00,0.4647,0.4647,0.4643,0.4643,567.0
2025-01-18 01:45:00,0.4642,0.4642,0.4636,0.4636,3667.0
2025-01-18 01:46:00,0.4632,0.4632,0.4631,0.4631,689.0
2025-01-18 01:47:00,0.4631,0.4634,0.4628,0.4634,1022.0
2025-01-18 01:48:00,0.4637,0.464,0.4637,0.464,3332.0
2025-01-18 01:49:00,0.4636,0.4637,0.4636,0.4637,97.0
2025-01-18 01:50:00,0.4635,0.4635,0.4633,0.4633,219.0
2025-01-18 01:51:00,0.4638,0.464,0.4638,0.4639,2702.0
2025-01-18 01:52:00,0.4639,0.4642,0.4639,0.4641,2607.0
2025-01-18 01:53:00,0.464,0.464,0.4635,0.4635,7790.0
2025-01-18 01:54:00,0.4636,0.4639,0.4633,0.4639,9560.0
2025-01-18 01:55:00,0.4642,0.4646,0.4642,0.4644,913.0
2025-01-18 01:56:00,0.4644,0.4644,0.4641,0.4641,190.0
2025-01-18 01:57:00,0.4643,0.4643,0.4642,0.4642,195.0
2025-01-18 01:58:00,0.4644,0.4645,0.4644,0.4644,793.0
2025-01-18 01:59:00,0.4642,0.4642,0.4639,0.4639,557.0
2025-01-18 02:00:00,0.464,0.4645,0.4639,0.4645,9597.0
2025-01-18 02:01:00,0.4645,0.4651,0.4645,0.4651,1234.0
2025-01-18 02:02:00,0.465,0.465,0.4646,0.4646,567.0
2025-01-18 02:03:00,0.4646,0.4651,0.4646,0.4651,628.0
2025-01-18 02:04:00,0.465,0.465,0.4648,0.4648,4920.0
2025-01-18 02:05:00,0.4645,0.4646,0.4644,0.4646,555.0
2025-01-18 02:06:00,0.4645,0.4645,0.4641,0.4644,938.0
2025-01-18 02:07:00,0.4643,0.4643,0.4642,0.4642,295.0
2025-01-18 02:08:00,0.4643,0.4652,0.4643,0.4649,2723.0
2025-01-18 02:09:00,0.4649,0.4649,0.4647,0.4647,2241.0
2025-01-18 02:10:00,0.4648,0.4649,0.4644,0.4644,310.0
2025-01-18 02:11:00,0.4643,0.4646,0.4642,0.4646,2643.0
2025-01-18 02:12:00,0.4646,0.4646,0.4644,0.4644,779.0
2025-01-18 02:13:00,0.4644,0.4644,0.4644,0.4644,33.0
2025-01-18 02:14:00,0.4644,0.4644,0.4644,0.4644,0.0
2025-01-18 02:15:00,0.465,0.4657,0.465,0.4655,4915.0
2025-01-18 02:16:00,0.4647,0.4647,0.4644,0.4644,1081.0
2025-01-18 02:17:00,0.4644,0.4647,0.4644,0.4647,1052.0
2025-01-18 02:18:00,0.4644,0.4644,0.4644,0.4644,270.0
2025-01-18 02:19:00,0.4645,0.4646,0.4644,0.4644,2247.0
2025-01-18 02:20:00,0.4645,0.4646,0.4642,0.4643,3911.0
2025-01-18 02:21:00,0.4644,0.4646,0.4644,0.4646,249.0
2025-01-18 02:22:00,0.4649,0.4649,0.4649,0.4649,248.0
2025-01-18 02:23:00,0.4646,0.4646,0.4646,0.4646,290.0
2025-01-18 02:24:00,0.4647,0.4649,0.4646,0.4649,700.0
2025-01-18 02:25:00,0.465,0.465,0.465,0.465,27.0
2025-01-18 02:26:00,0.465,0.4652,0.465,0.4652,63.0
2025-01-18 02:27:00,0.4645,0.4646,0.4644,0.4645,2302.0
2025-01-18 02:28:00,0.4645,0.4645,0.4645,0.4645,12.0
2025-01-18 02:29:00,0.4643,0.4644,0.4642,0.4643,605.0
2025-01-18 02:30:00,0.4639,0.4639,0.4631,0.4631,538.0
2025-01-18 02:31:00,0.4628,0.4628,0.4628,0.4628,56.0
2025-01-18 02:32:00,0.4633,0.4633,0.4628,0.463,1967.0
2025-01-18 02:33:00,0.4631,0.4633,0.4631,0.4633,72.0
2025-01-18 02:34:00,0.4635,0.4636,0.4634,0.4635,418.0
2025-01-18 02:35:00,0.4636,0.4642,0.4636,0.4642,2277.0
2025-01-18 02:36:00,0.4643,0.4646,0.4643,0.4646,146.0
2025-01-18 02:37:00,0.4645,0.4645,0.4643,0.4643,608.0
2025-01-18 02:38:00,0.4639,0.4639,0.4638,0.4638,98.0
2025-01-18 02:39:00,0.4638,0.4638,0.4633,0.4633,3630.0
2025-01-18 02:40:00,0.4634,0.4635,0.4634,0.4635,1277.0
2025-01-18 02:41:00,0.4635,0.4638,0.4635,0.4636,2921.0
2025-01-18 02:42:00,0.4636,0.4638,0.4636,0.4638,1581.0
2025-01-18 02:43:00,0.4639,0.4641,0.4639,0.4641,1327.0
2025-01-18 02:44:00,0.4641,0.4641,0.4641,0.4641,0.0
2025-01-18 02:45:00,0.4643,0.4644,0.4642,0.4643,15428.0
2025-01-18 02:46:00,0.4642,0.4642,0.464,0.464,2603.0
2025-01-18 02:47:00,0.4638,0.4638,0.4636,0.4637,2112.0
2025-01-18 02:48:00,0.4636,0.4636,0.4626,0.4627,1520.0
2025-01-18 02:49:00,0.4627,0.463,0.4626,0.4628,738.0
2025-01-18 02:50:00,0.4628,0.4628,0.4625,0.4625,8863.0
2025-01-18 02:51:00,0.4625,0.4631,0.4625,0.463,2400.0
2025-01-18 02:52:00,0.4627,0.4627,0.4623,0.4625,2389.0
2025-01-18 02:53:00,0.4622,0.4623,0.4618,0.4618,2849.0
2025-01-18 02:54:00,0.4618,0.4618,0.4611,0.4611,7184.0
2025-01-18 02:55:00,0.461,0.4611,0.4607,0.4609,6340.0
2025-01-18 02:56:00,0.4609,0.4609,0.4604,0.4606,1440.0
2025-01-18 02:57:00,0.4607,0.4612,0.4606,0.461,3139.0
2025-01-18 02:58:00,0.4609,0.4611,0.4609,0.4609,985.0
2025-01-18 02:59:00,0.4608,0.4615,0.4608,0.4615,1025.0
2025-01-18 03:00:00,0.4616,0.4624,0.4616,0.4617,3061.0
2025-01-18 03:01:00,0.4617,0.4621,0.4615,0.4616,529.0
2025-01-18 03:02:00,0.4622,0.4622,0.4621,0.4621,1278.0
2025-01-18 03:03:00,0.4617,0.4617,0.4611,0.4611,1527.0
2025-01-18 03:04:00,0.461,0.4617,0.461,0.4617,6669.0
2025-01-18 03:05:00,0.4616,0.4617,0.4608,0.4608,1035.0
2025-01-18 03:06:00,0.4606,0.4606,0.46,0.4604,20695.0
2025-01-18 03:07:00,0.4605,0.4616,0.4605,0.4616,2036.0
2025-01-18 03:08:00,0.4615,0.4618,0.4613,0.4613,4611.0
2025-01-18 03:09:00,0.4616,0.463,0.4616,0.4629,8994.0
2025-01-18 03:10:00,0.4628,0.4628,0.4625,0.4626,1306.0
2025-01-18 03:11:00,0.4623,0.4623,0.462,0.4621,835.0
2025-01-18 03:12:00,0.4623,0.4623,0.4619,0.4619,755.0
2025-01-18 03:13:00,0.4619,0.4619,0.4612,0.4613,1248.0
2025-01-18 03:14:00,0.4613,0.4619,0.4613,0.4618,5370.0
2025-01-18 03:15:00,0.4618,0.462,0.4618,0.462,580.0
2025-01-18 03:16:00,0.462,0.462,0.4613,0.4613,1399.0
2025-01-18 03:17:00,0.4612,0.4612,0.4608,0.4611,257.0
2025-01-18 03:18:00,0.4611,0.4611,0.46,0.46,3663.0
2025-01-18 03:19:00,0.4601,0.4601,0.4598,0.4599,2502.0
2025-01-18 03:20:00,0.4596,0.46,0.4594,0.4597,4004.0
2025-01-18 03:21:00,0.4594,0.4595,0.4586,0.4587,10480.0
2025-01-18 03:22:00,0.4587,0.4591,0.4585,0.4587,2963.0
2025-01-18 03:23:00,0.4584,0.4587,0.4583,0.4584,4140.0
2025-01-18 03:24:00,0.4584,0.4585,0.4581,0.4581,3485.0
2025-01-18 03:25:00,0.4581,0.4583,0.4567,0.4575,31632.0
2025-01-18 03:26:00,0.4577,0.458,0.4567,0.4569,14532.0
2025-01-18 03:27:00,0.4569,0.4569,0.4554,0.4559,22053.0
2025-01-18 03:28:00,0.4559,0.4571,0.4559,0.4568,15970.0
2025-01-18 03:29:00,0.4567,0.4572,0.4567,0.4571,9531.0
2025-01-18 03:30:00,0.4573,0.4574,0.457,0.4574,1595.0
2025-01-18 03:31:00,0.4569,0.4569,0.4564,0.4568,9182.0
2025-01-18 03:32:00,0.457,0.4577,0.4566,0.4577,1911.0
2025-01-18 03:33:00,0.4576,0.4578,0.4569,0.4573,6804.0
2025-01-18 03:34:00,0.4574,0.4575,0.4565,0.4565,13563.0
2025-01-18 03:35:00,0.4564,0.4565,0.4557,0.456,9140.0
2025-01-18 03:36:00,0.4558,0.456,0.4553,0.4557,3834.0
2025-01-18 03:37:00,0.4553,0.4555,0.4541,0.4541,16108.0
2025-01-18 03:38:00,0.4542,0.4545,0.4539,0.4539,9607.0
2025-01-18 03:39:00,0.4539,0.4553,0.4539,0.4543,12819.0
2025-01-18 03:40:00,0.4542,0.4542,0.453,0.453,22963.0
2025-01-18 03:41:00,0.453,0.4533,0.4513,0.4513,41837.0
2025-01-18 03:42:00,0.4513,0.4517,0.4509,0.4509,45350.0
2025-01-18 03:43:00,0.4509,0.4509,0.4497,0.4497,33082.0
2025-01-18 03:44:00,0.4497,0.452,0.4491,0.4513,69538.0
2025-01-18 03:45:00,0.4515,0.4529,0.4509,0.4527,24549.0
2025-01-18 03:46:00,0.4529,0.4533,0.4525,0.453,18881.0
2025-01-18 03:47:00,0.4529,0.4534,0.4524,0.4526,8549.0
2025-01-18 03:48:00,0.4527,0.4531,0.4516,0.4517,5440.0
2025-01-18 03:49:00,0.4515,0.4518,0.4513,0.4514,4224.0
2025-01-18 03:50:00,0.4513,0.4513,0.4495,0.45,5728.0
2025-01-18 03:51:00,0.4501,0.4501,0.4489,0.4493,8922.0
2025-01-18 03:52:00,0.4492,0.4499,0.4483,0.4485,41860.0
2025-01-18 03:53:00,0.4485,0.4495,0.4484,0.449,25111.0
2025-01-18 03:54:00,0.4489,0.4509,0.4488,0.4506,61624.0
2025-01-18 03:55:00,0.4503,0.4508,0.4501,0.4504,13530.0
2025-01-18 03:56:00,0.4502,0.4502,0.4495,0.4495,3153.0
2025-01-18 03:57:00,0.4497,0.4505,0.4495,0.4503,11394.0
2025-01-18 03:58:00,0.4502,0.4502,0.4498,0.4502,5238.0
2025-01-18 03:59:00,0.4501,0.4501,0.4493,0.4493,10985.0
2025-01-18 04:00:00,0.4492,0.4498,0.449,0.4498,15686.0
2025-01-18 04:01:00,0.4499,0.4505,0.4492,0.4505,22168.0
2025-01-18 04:02:00,0.4505,0.4508,0.45,0.45,9849.0
2025-01-18 04:03:00,0.4497,0.4499,0.4495,0.4498,1458.0
2025-01-18 04:04:00,0.4493,0.4507,0.449,0.4504,5867.0
2025-01-18 04:05:00,0.4505,0.4511,0.4502,0.4511,7605.0
2025-01-18 04:06:00,0.4508,0.4514,0.4505,0.4513,2577.0
2025-01-18 04:07:00,0.4513,0.4515,0.4509,0.4509,444.0
2025-01-18 04:08:00,0.4509,0.4519,0.4509,0.4519,4813.0
2025-01-18 04:09:00,0.4512,0.4512,0.4505,0.4508,3167.0
2025-01-18 04:10:00,0.4504,0.4505,0.4502,0.4505,2959.0
2025-01-18 04:11:00,0.4505,0.4505,0.4498,0.4498,107.0
2025-01-18 04:12:00,0.45,0.4505,0.45,0.4505,889.0
2025-01-18 04:13:00,0.45,0.4502,0.4497,0.4501,3421.0
2025-01-18 04:14:00,0.4509,0.4509,0.4495,0.4495,1727.0
2025-01-18 04:15:00,0.4495,0.4495,0.4489,0.449,6960.0
2025-01-18 04:16:00,0.4493,0.4494,0.4482,0.4482,13691.0
2025-01-18 04:17:00,0.4482,0.4486,0.4477,0.4478,16453.0
2025-01-18 04:18:00,0.4477,0.4477,0.4463,0.447,90643.0
2025-01-18 04:19:00,0.447,0.4471,0.4459,0.4463,14217.0
2025-01-18 04:20:00,0.4463,0.4469,0.4458,0.4466,8080.0
2025-01-18 04:21:00,0.4469,0.4477,0.4467,0.4472,26218.0
2025-01-18 04:22:00,0.4476,0.4482,0.4469,0.4471,4364.0
2025-01-18 04:23:00,0.4468,0.4471,0.4465,0.4465,3448.0
2025-01-18 04:24:00,0.4467,0.4467,0.4463,0.4466,7654.0
2025-01-18 04:25:00,0.4464,0.4465,0.445,0.4454,31983.0
2025-01-18 04:26:00,0.4453,0.4457,0.4453,0.4453,11323.0
2025-01-18 04:27:00,0.4459,0.4466,0.4458,0.4458,5365.0
2025-01-18 04:28:00,0.446,0.4466,0.4457,0.4466,5317.0
2025-01-18 04:29:00,0.4466,0.4467,0.4464,0.4464,4536.0
2025-01-18 04:30:00,0.4469,0.447,0.4468,0.447,761.0
2025-01-18 04:31:00,0.4465,0.4479,0.4465,0.4478,3210.0
2025-01-18 04:32:00,0.4482,0.4492,0.4481,0.4492,8935.0
2025-01-18 04:33:00,0.4487,0.4487,0.4484,0.4487,4299.0
2025-01-18 04:34:00,0.4488,0.449,0.4488,0.4489,1662.0
2025-01-18 04:35:00,0.4494,0.4494,0.4488,0.4491,1572.0
2025-01-18 04:36:00,0.4497,0.4502,0.4497,0.45,5948.0
2025-01-18 04:37:00,0.4498,0.4501,0.4494,0.4501,1071.0
2025-01-18 04:38:00,0.4499,0.4499,0.4492,0.4496,3875.0
2025-01-18 04:39:00,0.4497,0.4498,0.4495,0.4498,2523.0
2025-01-18 04:40:00,0.45,0.4502,0.4494,0.4495,30279.0
2025-01-18 04:41:00,0.4499,0.4501,0.4497,0.45,1447.0
2025-01-18 04:42:00,0.4501,0.4501,0.4496,0.45,2356.0
2025-01-18 04:43:00,0.45,0.45,0.4495,0.4495,2580.0
2025-01-18 04:44:00,0.4493,0.4493,0.4493,0.4493,20.0
2025-01-18 04:45:00,0.449,0.449,0.4488,0.4488,365.0
2025-01-18 04:46:00,0.4483,0.4484,0.4473,0.4479,3304.0
2025-01-18 04:47:00,0.4478,0.4482,0.4478,0.448,1879.0
2025-01-18 04:48:00,0.448,0.448,0.448,0.448,0.0
2025-01-18 04:49:00,0.4468,0.4469,0.4461,0.4463,5353.0
2025-01-18 04:50:00,0.4459,0.4459,0.4452,0.4454,4283.0
2025-01-18 04:51:00,0.4455,0.4468,0.4451,0.4468,1585.0
2025-01-18 04:52:00,0.4467,0.4468,0.4466,0.4467,451.0
2025-01-18 04:53:00,0.4466,0.4467,0.4466,0.4467,141.0
2025-01-18 04:54:00,0.447,0.4471,0.447,0.4471,1670.0
2025-01-18 04:55:00,0.447,0.4472,0.447,0.4472,110.0
2025-01-18 04:56:00,0.4473,0.448,0.4473,0.448,1882.0
2025-01-18 04:57:00,0.448,0.4481,0.4476,0.4479,1721.0
2025-01-18 04:58:00,0.4481,0.4481,0.448,0.4481,2355.0
2025-01-18 04:59:00,0.448,0.4482,0.4479,0.4479,3844.0
2025-01-18 05:00:00,0.448,0.4487,0.448,0.4487,2707.0
2025-01-18 05:01:00,0.4489,0.4495,0.4488,0.4488,2636.0
2025-01-18 05:02:00,0.4486,0.4486,0.4481,0.4483,6624.0
2025-01-18 05:03:00,0.4483,0.4491,0.4483,0.449,5502.0
2025-01-18 05:04:00,0.4486,0.4493,0.4486,0.4492,1146.0
2025-01-18 05:05:00,0.449,0.4497,0.4489,0.4497,1237.0
2025-01-18 05:06:00,0.4489,0.4489,0.4489,0.4489,540.0
2025-01-18 05:07:00,0.4483,0.4483,0.4482,0.4482,1567.0
2025-01-18 05:08:00,0.4482,0.4482,0.4476,0.4477,18097.0
2025-01-18 05:09:00,0.4475,0.4477,0.4475,0.4477,300.0
2025-01-18 05:10:00,0.4471,0.4471,0.4462,0.4467,2515.0
2025-01-18 05:11:00,0.446,0.446,0.4454,0.4454,2730.0
2025-01-18 05:12:00,0.4453,0.4453,0.4444,0.4447,8496.0
2025-01-18 05:13:00,0.4448,0.4452,0.4441,0.4444,14810.0
2025-01-18 05:14:00,0.4445,0.4447,0.4441,0.4441,8870.0
2025-01-18 05:15:00,0.444,0.4441,0.4436,0.4436,7964.0
2025-01-18 05:16:00,0.4438,0.4439,0.4434,0.4436,8535.0
2025-01-18 05:17:00,0.4437,0.4452,0.4437,0.4446,14559.0
2025-01-18 05:18:00,0.4447,0.4459,0.4446,0.4459,4278.0
2025-01-18 05:19:00,0.446,0.4467,0.4459,0.4463,8932.0
2025-01-18 05:20:00,0.4463,0.4464,0.446,0.4461,452.0
2025-01-18 05:21:00,0.4459,0.446,0.4458,0.4458,462.0
2025-01-18 05:22:00,0.4458,0.4463,0.4458,0.4463,245.0
2025-01-18 05:23:00,0.4456,0.4461,0.4456,0.4456,2486.0
2025-01-18 05:24:00,0.4458,0.4462,0.4458,0.4461,5351.0
2025-01-18 05:25:00,0.4456,0.4462,0.4455,0.4461,5821.0
2025-01-18 05:26:00,0.4457,0.4457,0.4456,0.4456,4495.0
2025-01-18 05:27:00,0.4447,0.4447,0.4435,0.4436,12940.0
2025-01-18 05:28:00,0.4438,0.4442,0.4434,0.4439,6860.0
2025-01-18 05:29:00,0.4441,0.4446,0.444,0.4446,7561.0
2025-01-18 05:30:00,0.4437,0.4438,0.4427,0.4428,13664.0
2025-01-18 05:31:00,0.4428,0.4431,0.4422,0.4423,5982.0
2025-01-18 05:32:00,0.4423,0.444,0.4423,0.4439,6606.0
2025-01-18 05:33:00,0.4441,0.4447,0.4441,0.4444,10671.0
2025-01-18 05:34:00,0.4445,0.4446,0.444,0.4444,5538.0
2025-01-18 05:35:00,0.4443,0.4444,0.4432,0.4433,6881.0
2025-01-18 05:36:00,0.4433,0.4435,0.4424,0.4424,9370.0
2025-01-18 05:37:00,0.4427,0.4431,0.4427,0.4431,103.0
2025-01-18 05:38:00,0.4428,0.4428,0.442,0.4422,2777.0
2025-01-18 05:39:00,0.4421,0.4424,0.4419,0.4419,852.0
2025-01-18 05:40:00,0.4421,0.4428,0.442,0.4423,6295.0
2025-01-18 05:41:00,0.4424,0.4428,0.4414,0.4416,62633.0
2025-01-18 05:42:00,0.4417,0.4424,0.4415,0.4419,12438.0
2025-01-18 05:43:00,0.4419,0.4422,0.4415,0.4422,14480.0
2025-01-18 05:44:00,0.4423,0.4431,0.4421,0.4421,10588.0
2025-01-18 05:45:00,0.4423,0.4427,0.4421,0.4425,18880.0
2025-01-18 05:46:00,0.4424,0.4424,0.4415,0.4417,3399.0
2025-01-18 05:47:00,0.4418,0.4432,0.4418,0.4427,9182.0
2025-01-18 05:48:00,0.4423,0.4423,0.4415,0.4416,9152.0
2025-01-18 05:49:00,0.4416,0.4416,0.4406,0.441,8467.0
2025-01-18 05:50:00,0.4411,0.4411,0.4395,0.4396,44370.0
2025-01-18 05:51:00,0.4397,0.4407,0.4394,0.4394,21077.0
2025-01-18 05:52:00,0.4393,0.4402,0.4392,0.4402,3520.0
2025-01-18 05:53:00,0.4391,0.4391,0.4386,0.4386,5880.0
2025-01-18 05:54:00,0.4389,0.4389,0.4376,0.4376,37665.0
2025-01-18 05:55:00,0.4376,0.4376,0.4363,0.4365,23186.0
2025-01-18 05:56:00,0.4365,0.4387,0.4358,0.4373,76473.0
2025-01-18 05:57:00,0.4373,0.4374,0.4353,0.4355,53391.0
2025-01-18 05:58:00,0.4354,0.4364,0.4354,0.4359,20269.0
2025-01-18 05:59:00,0.436,0.436,0.4349,0.4349,13530.0
2025-01-18 06:00:00,0.4347,0.4387,0.4347,0.4381,28410.0
2025-01-18 06:01:00,0.4376,0.4388,0.4375,0.4384,8457.0
2025-01-18 06:02:00,0.4385,0.4395,0.4375,0.4381,9827.0
2025-01-18 06:03:00,0.438,0.4392,0.438,0.4381,10591.0
2025-01-18 06:04:00,0.4381,0.439,0.4379,0.438,9388.0
2025-01-18 06:05:00,0.4383,0.4391,0.4383,0.4387,4311.0
2025-01-18 06:06:00,0.4386,0.4398,0.4386,0.4394,8649.0
2025-01-18 06:07:00,0.4387,0.4392,0.4381,0.4391,14982.0
2025-01-18 06:08:00,0.4391,0.4395,0.4391,0.4392,6391.0
2025-01-18 06:09:00,0.4399,0.4402,0.4395,0.4402,8149.0
2025-01-18 06:10:00,0.4403,0.4405,0.4398,0.4398,7138.0
2025-01-18 06:11:00,0.4397,0.4398,0.4386,0.4388,32870.0
2025-01-18 06:12:00,0.439,0.4395,0.4386,0.4386,7739.0
2025-01-18 06:13:00,0.4384,0.4388,0.4382,0.4386,5385.0
2025-01-18 06:14:00,0.4387,0.4399,0.4387,0.4395,8086.0
2025-01-18 06:15:00,0.4392,0.4404,0.4392,0.4404,5903.0
2025-01-18 06:16:00,0.4405,0.4411,0.4403,0.4403,5774.0
2025-01-18 06:17:00,0.4411,0.4418,0.441,0.4418,13627.0
2025-01-18 06:18:00,0.4415,0.4415,0.4412,0.4413,9636.0
2025-01-18 06:19:00,0.4413,0.4418,0.4413,0.4418,3890.0
2025-01-18 06:20:00,0.4417,0.4417,0.4406,0.4407,3720.0
2025-01-18 06:21:00,0.4407,0.4407,0.4401,0.4401,2732.0
2025-01-18 06:22:00,0.4396,0.4396,0.4385,0.4389,4588.0
2025-01-18 06:23:00,0.4394,0.4394,0.4393,0.4393,80.0
2025-01-18 06:24:00,0.4391,0.4393,0.4391,0.4393,1580.0
2025-01-18 06:25:00,0.4392,0.4397,0.4392,0.4397,1386.0
2025-01-18 06:26:00,0.4399,0.4399,0.4396,0.4396,836.0
2025-01-18 06:27:00,0.4399,0.44,0.4399,0.44,162.0
2025-01-18 06:28:00,0.4401,0.4401,0.4399,0.4399,303.0
2025-01-18 06:29:00,0.4403,0.4409,0.4402,0.4408,1370.0
2025-01-18 06:30:00,0.4407,0.4407,0.4398,0.4398,6737.0
2025-01-18 06:31:00,0.4398,0.4398,0.4398,0.4398,0.0
2025-01-18 06:32:00,0.4402,0.4407,0.4398,0.4407,587.0
2025-01-18 06:33:00,0.4409,0.4409,0.4409,0.4409,977.0
2025-01-18 06:34:00,0.4408,0.4409,0.4406,0.4408,2435.0
2025-01-18 06:35:00,0.4406,0.441,0.4404,0.441,2987.0
2025-01-18 06:36:00,0.4409,0.4436,0.4409,0.4434,33110.0
2025-01-18 06:37:00,0.4433,0.4435,0.4428,0.4433,14188.0
2025-01-18 06:38:00,0.4433,0.4434,0.4427,0.4428,12738.0
2025-01-18 06:39:00,0.4428,0.4432,0.4428,0.4431,5593.0
2025-01-18 06:40:00,0.443,0.443,0.4422,0.4422,3112.0
2025-01-18 06:41:00,0.4425,0.4429,0.4423,0.4427,3178.0
2025-01-18 06:42:00,0.4428,0.4431,0.4424,0.4425,7877.0
2025-01-18 06:43:00,0.4427,0.4427,0.4422,0.4422,4131.0
2025-01-18 06:44:00,0.4421,0.4422,0.4421,0.4422,6188.0
2025-01-18 06:45:00,0.4422,0.4429,0.4419,0.4429,3063.0
2025-01-18 06:46:00,0.4431,0.4433,0.4428,0.4431,6342.0
2025-01-18 06:47:00,0.443,0.4433,0.443,0.4433,1014.0
2025-01-18 06:48:00,0.4433,0.4438,0.443,0.4438,6553.0
2025-01-18 06:49:00,0.4437,0.444,0.4437,0.444,2740.0
2025-01-18 06:50:00,0.4439,0.444,0.4437,0.444,705.0
2025-01-18 06:51:00,0.4439,0.4439,0.4433,0.4435,1491.0
2025-01-18 06:52:00,0.4436,0.4436,0.4434,0.4435,694.0
2025-01-18 06:53:00,0.4434,0.444,0.4434,0.444,3632.0
2025-01-18 06:54:00,0.4441,0.4443,0.4436,0.4436,3439.0
2025-01-18 06:55:00,0.4437,0.4437,0.4433,0.4433,398.0
2025-01-18 06:56:00,0.4432,0.4432,0.4426,0.4426,587.0
2025-01-18 06:57:00,0.4425,0.4433,0.4425,0.4433,8399.0
2025-01-18 06:58:00,0.4429,0.443,0.4429,0.443,1262.0
2025-01-18 06:59:00,0.4429,0.443,0.4428,0.4428,2444.0
2025-01-18 07:00:00,0.4428,0.4429,0.4424,0.4428,1544.0
2025-01-18 07:01:00,0.4428,0.4431,0.4427,0.4431,3042.0
2025-01-18 07:02:00,0.4432,0.4432,0.4419,0.4419,5478.0
2025-01-18 07:03:00,0.4416,0.4421,0.4415,0.4415,2376.0
2025-01-18 07:04:00,0.4414,0.4416,0.4407,0.4407,1938.0
2025-01-18 07:05:00,0.4408,0.4415,0.4407,0.4413,8557.0
2025-01-18 07:06:00,0.4413,0.4413,0.4409,0.441,2270.0
2025-01-18 07:07:00,0.441,0.441,0.4407,0.4407,1264.0
2025-01-18 07:08:00,0.4408,0.4411,0.4408,0.4411,88.0
2025-01-18 07:09:00,0.4411,0.4411,0.44,0.44,8125.0
2025-01-18 07:10:00,0.4396,0.4399,0.4393,0.4399,5332.0
2025-01-18 07:11:00,0.4397,0.4397,0.4394,0.4394,190.0
2025-01-18 07:12:00,0.4393,0.4393,0.439,0.4392,8468.0
2025-01-18 07:13:00,0.4389,0.4389,0.4384,0.4384,3428.0
2025-01-18 07:14:00,0.4384,0.4389,0.4383,0.4387,3607.0
2025-01-18 07:15:00,0.4387,0.4394,0.4385,0.4391,9151.0
2025-01-18 07:16:00,0.439,0.4395,0.4388,0.439,790.0
2025-01-18 07:17:00,0.4393,0.4399,0.4392,0.4398,1326.0
2025-01-18 07:18:00,0.4398,0.4399,0.4394,0.4397,4418.0
2025-01-18 07:19:00,0.4396,0.4396,0.4392,0.4393,1351.0
2025-01-18 07:20:00,0.4394,0.4407,0.4394,0.4406,1303.0
2025-01-18 07:21:00,0.4406,0.4408,0.4401,0.4401,4753.0
2025-01-18 07:22:00,0.4402,0.4404,0.4402,0.4403,5277.0
2025-01-18 07:23:00,0.4402,0.4406,0.4402,0.4406,2706.0
2025-01-18 07:24:00,0.4406,0.4406,0.4405,0.4406,377.0
2025-01-18 07:25:00,0.4408,0.4409,0.4407,0.4408,2473.0
2025-01-18 07:26:00,0.4406,0.441,0.4406,0.441,2701.0
2025-01-18 07:27:00,0.4407,0.4407,0.4399,0.4399,72.0
2025-01-18 07:28:00,0.4399,0.4401,0.4399,0.4401,603.0
2025-01-18 07:29:00,0.4401,0.4401,0.4401,0.4401,480.0
2025-01-18 07:30:00,0.4398,0.4398,0.4394,0.4394,3069.0
2025-01-18 07:31:00,0.4396,0.4397,0.4392,0.4392,11457.0
2025-01-18 07:32:00,0.4392,0.4392,0.4389,0.439,4365.0
2025-01-18 07:33:00,0.4386,0.4387,0.4383,0.4383,3790.0
2025-01-18 07:34:00,0.4384,0.4396,0.4383,0.4396,1975.0
2025-01-18 07:35:00,0.4393,0.4396,0.4392,0.4394,3328.0
2025-01-18 07:36:00,0.4396,0.4396,0.4389,0.4389,1367.0
2025-01-18 07:37:00,0.439,0.439,0.4389,0.4389,1155.0
2025-01-18 07:38:00,0.4389,0.4389,0.4386,0.4386,862.0
2025-01-18 07:39:00,0.4397,0.4399,0.4395,0.4399,5314.0
2025-01-18 07:40:00,0.44,0.4401,0.4399,0.44,178.0
2025-01-18 07:41:00,0.44,0.44,0.4395,0.4395,680.0
2025-01-18 07:42:00,0.4395,0.4395,0.4395,0.4395,798.0
2025-01-18 07:43:00,0.4398,0.4399,0.4391,0.4391,337.0
2025-01-18 07:44:00,0.439,0.439,0.4387,0.4389,2645.0
2025-01-18 07:45:00,0.4389,0.4393,0.4383,0.4383,10832.0
2025-01-18 07:46:00,0.4384,0.4384,0.4379,0.4379,2195.0
2025-01-18 07:47:00,0.4383,0.4383,0.4376,0.4376,4231.0
2025-01-18 07:48:00,0.4375,0.4375,0.4367,0.4368,1439.0
2025-01-18 07:49:00,0.4367,0.4369,0.4364,0.4364,1401.0
2025-01-18 07:50:00,0.4364,0.4364,0.4358,0.4358,2239.0
2025-01-18 07:51:00,0.4359,0.4365,0.4355,0.4355,4228.0
2025-01-18 07:52:00,0.4357,0.4357,0.4355,0.4356,3125.0
2025-01-18 07:53:00,0.4363,0.4367,0.4363,0.4367,1682.0
2025-01-18 07:54:00,0.4367,0.4374,0.4367,0.4374,1097.0
2025-01-18 07:55:00,0.4372,0.438,0.4372,0.4378,1365.0
2025-01-18 07:56:00,0.4378,0.4378,0.4377,0.4377,2161.0
2025-01-18 07:57:00,0.4375,0.4375,0.4371,0.4373,3819.0
2025-01-18 07:58:00,0.4372,0.4375,0.4372,0.4372,881.0
2025-01-18 07:59:00,0.4371,0.4371,0.4369,0.4369,4953.0
2025-01-18 08:00:00,0.4367,0.4367,0.4354,0.4354,2184.0
2025-01-18 08:01:00,0.4353,0.4353,0.4348,0.4348,2424.0
2025-01-18 08:02:00,0.4349,0.4349,0.4344,0.4345,9352.0
2025-01-18 08:03:00,0.4346,0.4349,0.4344,0.4345,2232.0
2025-01-18 08:04:00,0.4345,0.4345,0.4334,0.4335,6348.0
2025-01-18 08:05:00,0.4336,0.4345,0.4335,0.4336,9102.0
2025-01-18 08:06:00,0.4336,0.4346,0.4334,0.4335,4346.0
2025-01-18 08:07:00,0.4335,0.4336,0.4331,0.4331,10188.0
2025-01-18 08:08:00,0.433,0.4332,0.4318,0.4323,18233.0
2025-01-18 08:09:00,0.4322,0.4329,0.4314,0.4322,44431.0
2025-01-18 08:10:00,0.4322,0.4333,0.4317,0.4325,10906.0
2025-01-18 08:11:00,0.4328,0.435,0.4328,0.4348,6244.0
2025-01-18 08:12:00,0.435,0.4352,0.4346,0.4349,53570.0
2025-01-18 08:13:00,0.435,0.4359,0.4348,0.4358,2977.0
2025-01-18 08:14:00,0.4358,0.4359,0.435,0.4359,4912.0
2025-01-18 08:15:00,0.4359,0.4364,0.4356,0.4356,13575.0
2025-01-18 08:16:00,0.4355,0.4363,0.4354,0.4363,1181.0
2025-01-18 08:17:00,0.4364,0.4364,0.4354,0.4354,6688.0
2025-01-18 08:18:00,0.4353,0.4353,0.4343,0.4343,4900.0
2025-01-18 08:19:00,0.4343,0.4343,0.4335,0.4336,12702.0
2025-01-18 08:20:00,0.4333,0.4333,0.4327,0.4328,1964.0
2025-01-18 08:21:00,0.433,0.4334,0.433,0.4333,1494.0
2025-01-18 08:22:00,0.433,0.433,0.4327,0.4328,5918.0
2025-01-18 08:23:00,0.4326,0.4326,0.4317,0.4319,11154.0
2025-01-18 08:24:00,0.4318,0.4335,0.4318,0.4335,5589.0
2025-01-18 08:25:00,0.4335,0.4346,0.4332,0.4346,4444.0
2025-01-18 08:26:00,0.4349,0.4351,0.4345,0.4349,1300.0
2025-01-18 08:27:00,0.435,0.4354,0.4347,0.4354,42994.0
2025-01-18 08:28:00,0.4355,0.4355,0.4351,0.4354,3947.0
2025-01-18 08:29:00,0.4355,0.4361,0.4355,0.4361,4938.0
2025-01-18 08:30:00,0.436,0.4365,0.4359,0.4365,4312.0
2025-01-18 08:31:00,0.4365,0.4368,0.4362,0.4364,4252.0
2025-01-18 08:32:00,0.4364,0.4364,0.436,0.436,2614.0
2025-01-18 08:33:00,0.4359,0.4375,0.4359,0.4375,15484.0
2025-01-18 08:34:00,0.4375,0.4377,0.4372,0.4372,4459.0
2025-01-18 08:35:00,0.4373,0.4376,0.4372,0.4374,3823.0
2025-01-18 08:36:00,0.4376,0.4379,0.4371,0.4371,1175.0
2025-01-18 08:37:00,0.4371,0.4378,0.4371,0.4378,513.0
2025-01-18 08:38:00,0.4378,0.4385,0.4378,0.4379,3003.0
2025-01-18 08:39:00,0.4378,0.4381,0.4378,0.4378,3509.0
2025-01-18 08:40:00,0.4379,0.4379,0.4373,0.4373,6846.0
2025-01-18 08:41:00,0.4378,0.4378,0.4378,0.4378,686.0
2025-01-18 08:42:00,0.4378,0.438,0.4378,0.438,4041.0
2025-01-18 08:43:00,0.4384,0.4387,0.4384,0.4387,163.0
2025-01-18 08:44:00,0.4385,0.4396,0.4384,0.4391,35953.0
2025-01-18 08:45:00,0.4389,0.4394,0.4385,0.4385,25268.0
2025-01-18 08:46:00,0.4382,0.4385,0.4379,0.4385,1448.0
2025-01-18 08:47:00,0.4386,0.4388,0.4386,0.4387,1713.0
2025-01-18 08:48:00,0.4387,0.4397,0.4386,0.4396,5258.0
2025-01-18 08:49:00,0.4396,0.4398,0.4392,0.4393,3202.0
2025-01-18 08:50:00,0.4398,0.4399,0.4389,0.439,2060.0
2025-01-18 08:51:00,0.439,0.4391,0.4388,0.4391,251.0
2025-01-18 08:52:00,0.4393,0.4397,0.4393,0.4397,1194.0
2025-01-18 08:53:00,0.44,0.4401,0.4399,0.4401,2790.0
2025-01-18 08:54:00,0.4401,0.4406,0.4401,0.4406,5127.0
2025-01-18 08:55:00,0.4399,0.4399,0.4398,0.4399,4451.0
2025-01-18 08:56:00,0.44,0.4402,0.44,0.44,3365.0
2025-01-18 08:57:00,0.4398,0.4398,0.4395,0.4395,285.0
2025-01-18 08:58:00,0.4397,0.4397,0.4391,0.4391,1549.0
2025-01-18 08:59:00,0.439,0.4391,0.4386,0.439,1047.0
2025-01-18 09:00:00,0.4392,0.4392,0.4383,0.4383,792.0
2025-01-18 09:01:00,0.4384,0.4386,0.4384,0.4386,1796.0
2025-01-18 09:02:00,0.4389,0.4393,0.4389,0.4393,1294.0
2025-01-18 09:03:00,0.4393,0.4398,0.4393,0.4398,1009.0
2025-01-18 09:04:00,0.44,0.4401,0.4395,0.4396,3742.0
2025-01-18 09:05:00,0.4397,0.4399,0.4394,0.4399,2203.0
2025-01-18 09:06:00,0.4398,0.4399,0.4392,0.4394,3528.0
2025-01-18 09:07:00,0.4388,0.4389,0.4388,0.4389,61.0
2025-01-18 09:08:00,0.4389,0.4389,0.4389,0.4389,0.0
2025-01-18 09:09:00,0.4381,0.4381,0.4377,0.4377,53.0
2025-01-18 09:10:00,0.4375,0.4377,0.4375,0.4376,330.0
2025-01-18 09:11:00,0.4381,0.4381,0.4376,0.4376,4869.0
2025-01-18 09:12:00,0.4377,0.4377,0.4373,0.4373,83.0
2025-01-18 09:13:00,0.4372,0.4379,0.4372,0.4379,5961.0
2025-01-18 09:14:00,0.438,0.4383,0.4378,0.4381,5866.0
2025-01-18 09:15:00,0.4382,0.4383,0.4377,0.4377,1612.0
2025-01-18 09:16:00,0.438,0.4385,0.438,0.4385,839.0
2025-01-18 09:17:00,0.4384,0.4386,0.4384,0.4384,1004.0
2025-01-18 09:18:00,0.4382,0.4387,0.4382,0.4387,3771.0
2025-01-18 09:19:00,0.4388,0.4388,0.4388,0.4388,917.0
2025-01-18 09:20:00,0.439,0.439,0.4386,0.4386,3976.0
2025-01-18 09:21:00,0.4386,0.4386,0.438,0.438,180.0
2025-01-18 09:22:00,0.4378,0.4378,0.4373,0.4373,2156.0
2025-01-18 09:23:00,0.4371,0.4371,0.4365,0.4365,1051.0
2025-01-18 09:24:00,0.4365,0.4365,0.4363,0.4363,103.0
2025-01-18 09:25:00,0.4373,0.4373,0.4373,0.4373,25.0
2025-01-18 09:26:00,0.438,0.438,0.4378,0.4378,697.0
2025-01-18 09:27:00,0.4377,0.4378,0.4377,0.4377,5282.0
2025-01-18 09:28:00,0.4375,0.4375,0.4375,0.4375,13.0
2025-01-18 09:29:00,0.4375,0.4375,0.4375,0.4375,0.0
2025-01-18 09:30:00,0.4377,0.4377,0.4369,0.437,4174.0
2025-01-18 09:31:00,0.437,0.4371,0.437,0.4371,362.0
2025-01-18 09:32:00,0.4366,0.4366,0.4358,0.4358,3354.0
2025-01-18 09:33:00,0.4357,0.4362,0.4355,0.4362,2938.0
2025-01-18 09:34:00,0.4359,0.4359,0.4357,0.4358,2519.0
2025-01-18 09:35:00,0.436,0.436,0.4353,0.4356,25826.0
2025-01-18 09:36:00,0.4354,0.4359,0.4354,0.4359,538.0
2025-01-18 09:37:00,0.4354,0.4357,0.4353,0.4357,253.0
2025-01-18 09:38:00,0.4359,0.436,0.4353,0.4353,946.0
2025-01-18 09:39:00,0.4353,0.4353,0.4346,0.4348,4893.0
2025-01-18 09:40:00,0.4348,0.4351,0.4348,0.4351,2348.0
2025-01-18 09:41:00,0.4353,0.4356,0.4353,0.4354,685.0
2025-01-18 09:42:00,0.4354,0.4354,0.435,0.435,155.0
2025-01-18 09:43:00,0.4349,0.4354,0.4349,0.4354,282.0
2025-01-18 09:44:00,0.4354,0.4357,0.4353,0.4357,603.0
2025-01-18 09:45:00,0.4362,0.4365,0.4359,0.4359,11281.0
2025-01-18 09:46:00,0.4357,0.4357,0.4356,0.4356,204.0
2025-01-18 09:47:00,0.4356,0.4361,0.4356,0.4358,1908.0
2025-01-18 09:48:00,0.4358,0.4361,0.4357,0.4361,85.0
2025-01-18 09:49:00,0.4357,0.4363,0.4357,0.4363,1955.0
2025-01-18 09:50:00,0.4363,0.4365,0.4363,0.4363,145.0
2025-01-18 09:51:00,0.4367,0.4371,0.4366,0.4371,6420.0
2025-01-18 09:52:00,0.4371,0.4371,0.4371,0.4371,1752.0
2025-01-18 09:53:00,0.4377,0.4377,0.4374,0.4377,6435.0
2025-01-18 09:54:00,0.4379,0.4379,0.4379,0.4379,2700.0
2025-01-18 09:55:00,0.4378,0.4378,0.4375,0.4375,455.0
2025-01-18 09:56:00,0.4375,0.4378,0.4375,0.4376,12360.0
2025-01-18 09:57:00,0.4376,0.4382,0.4376,0.4382,20912.0
2025-01-18 09:58:00,0.4377,0.438,0.4376,0.438,11150.0
2025-01-18 09:59:00,0.4379,0.4379,0.4378,0.4379,444.0
2025-01-18 10:00:00,0.4377,0.4379,0.4376,0.4376,1098.0
2025-01-18 10:01:00,0.4374,0.4374,0.4372,0.4372,166.0
2025-01-18 10:02:00,0.4379,0.4383,0.4379,0.4383,748.0
2025-01-18 10:03:00,0.4386,0.4388,0.4385,0.4385,1751.0
2025-01-18 10:04:00,0.4391,0.4391,0.4391,0.4391,978.0
2025-01-18 10:05:00,0.4392,0.4392,0.4386,0.4386,3372.0
2025-01-18 10:06:00,0.4387,0.4389,0.4385,0.4389,3713.0
2025-01-18 10:07:00,0.4388,0.4391,0.4388,0.4391,935.0
2025-01-18 10:08:00,0.439,0.439,0.4389,0.4389,2016.0
2025-01-18 10:09:00,0.439,0.4392,0.4389,0.4389,7694.0
2025-01-18 10:10:00,0.4387,0.4387,0.438,0.4381,18669.0
2025-01-18 10:11:00,0.4376,0.4378,0.4376,0.4378,1013.0
2025-01-18 10:12:00,0.4376,0.438,0.4374,0.438,5583.0
2025-01-18 10:13:00,0.4379,0.4379,0.4367,0.4367,10375.0
2025-01-18 10:14:00,0.4368,0.4376,0.4367,0.437,16074.0
2025-01-18 10:15:00,0.4369,0.4385,0.4369,0.4385,3496.0
2025-01-18 10:16:00,0.4387,0.4391,0.4383,0.4386,4966.0
2025-01-18 10:17:00,0.4392,0.4399,0.439,0.4392,14269.0
2025-01-18 10:18:00,0.4394,0.4394,0.4386,0.4386,3068.0
2025-01-18 10:19:00,0.4382,0.4382,0.4377,0.4377,603.0
2025-01-18 10:20:00,0.4376,0.4377,0.4375,0.4375,2674.0
2025-01-18 10:21:00,0.4371,0.4375,0.4369,0.4375,5300.0
2025-01-18 10:22:00,0.4376,0.4376,0.4366,0.437,5490.0
2025-01-18 10:23:00,0.438,0.4382,0.438,0.438,1849.0
2025-01-18 10:24:00,0.438,0.438,0.4376,0.4377,17063.0
2025-01-18 10:25:00,0.438,0.4391,0.438,0.4391,8674.0
2025-01-18 10:26:00,0.4395,0.4397,0.4393,0.4393,2274.0
2025-01-18 10:27:00,0.4393,0.4393,0.439,0.4391,8870.0
2025-01-18 10:28:00,0.439,0.439,0.4385,0.4388,4826.0
2025-01-18 10:29:00,0.4387,0.4388,0.4385,0.4388,12900.0
2025-01-18 10:30:00,0.4388,0.4393,0.4384,0.4391,22710.0
2025-01-18 10:31:00,0.4387,0.4387,0.438,0.438,5095.0
2025-01-18 10:32:00,0.4377,0.4384,0.4377,0.4384,6982.0
2025-01-18 10:33:00,0.4383,0.4384,0.4378,0.4378,4401.0
2025-01-18 10:34:00,0.4384,0.4395,0.4382,0.4395,9518.0
2025-01-18 10:35:00,0.4394,0.4396,0.439,0.4392,9043.0
2025-01-18 10:36:00,0.4388,0.4393,0.4387,0.4392,11490.0
2025-01-18 10:37:00,0.4393,0.4398,0.4391,0.4394,10050.0
2025-01-18 10:38:00,0.4389,0.4389,0.4386,0.4389,3761.0
2025-01-18 10:39:00,0.4388,0.439,0.4381,0.4381,20031.0
2025-01-18 10:40:00,0.4379,0.4382,0.4378,0.4382,5921.0
2025-01-18 10:41:00,0.4383,0.4384,0.4377,0.4383,24259.0
2025-01-18 10:42:00,0.4386,0.4402,0.4386,0.4398,16351.0
2025-01-18 10:43:00,0.4399,0.4399,0.439,0.439,14924.0
2025-01-18 10:44:00,0.4391,0.4398,0.439,0.4392,31060.0
2025-01-18 10:45:00,0.4387,0.4387,0.4375,0.4376,7740.0
2025-01-18 10:46:00,0.4374,0.4374,0.4359,0.4362,8496.0
2025-01-18 10:47:00,0.4361,0.4364,0.4359,0.436,4877.0
2025-01-18 10:48:00,0.4364,0.4371,0.4363,0.4369,12123.0
2025-01-18 10:49:00,0.4373,0.4381,0.4367,0.4381,5315.0
2025-01-18 10:50:00,0.4382,0.4383,0.438,0.4383,2563.0
2025-01-18 10:51:00,0.4393,0.4397,0.4393,0.4396,6542.0
2025-01-18 10:52:00,0.4395,0.4396,0.4393,0.4396,1608.0
2025-01-18 10:53:00,0.4395,0.4397,0.4392,0.4397,9310.0
2025-01-18 10:54:00,0.4397,0.4406,0.4397,0.4406,15841.0
2025-01-18 10:55:00,0.4408,0.4408,0.4404,0.4405,4826.0
2025-01-18 10:56:00,0.4406,0.4406,0.4401,0.4403,6726.0
2025-01-18 10:57:00,0.4405,0.4413,0.4405,0.4411,14088.0
2025-01-18 10:58:00,0.4411,0.4416,0.4408,0.4408,3031.0
2025-01-18 10:59:00,0.4411,0.4411,0.4407,0.4407,9565.0
2025-01-18 11:00:00,0.4404,0.4405,0.4393,0.4393,13851.0
2025-01-18 11:01:00,0.4396,0.4402,0.4396,0.4398,608.0
2025-01-18 11:02:00,0.4401,0.4401,0.4396,0.4396,899.0
2025-01-18 11:03:00,0.4395,0.4395,0.4392,0.4392,1114.0
2025-01-18 11:04:00,0.4399,0.44,0.4399,0.44,45.0
2025-01-18 11:05:00,0.4392,0.4392,0.4385,0.4391,1265.0
2025-01-18 11:06:00,0.4386,0.4386,0.4377,0.4377,2071.0
2025-01-18 11:07:00,0.4373,0.4375,0.4372,0.4372,10013.0
2025-01-18 11:08:00,0.4375,0.4376,0.4375,0.4376,289.0
2025-01-18 11:09:00,0.4386,0.4389,0.4386,0.4389,210.0
2025-01-18 11:10:00,0.4388,0.4388,0.4381,0.4381,12311.0
2025-01-18 11:11:00,0.438,0.4383,0.4378,0.4383,6392.0
2025-01-18 11:12:00,0.438,0.4386,0.4379,0.4386,6449.0
2025-01-18 11:13:00,0.439,0.4393,0.4386,0.4386,15970.0
2025-01-18 11:14:00,0.4389,0.4389,0.4383,0.4386,5796.0
2025-01-18 11:15:00,0.4388,0.4392,0.4388,0.4391,4331.0
2025-01-18 11:16:00,0.4391,0.4395,0.439,0.439,2995.0
2025-01-18 11:17:00,0.4393,0.4405,0.4393,0.4405,2897.0
2025-01-18 11:18:00,0.4404,0.4404,0.4396,0.4396,1991.0
2025-01-18 11:19:00,0.4395,0.4395,0.4391,0.4392,3881.0
2025-01-18 11:20:00,0.4394,0.4394,0.4392,0.4392,701.0
2025-01-18 11:21:00,0.4393,0.4394,0.4391,0.4391,636.0
2025-01-18 11:22:00,0.4399,0.44,0.4398,0.4398,834.0
2025-01-18 11:23:00,0.4398,0.4398,0.4397,0.4397,1060.0
2025-01-18 11:24:00,0.4398,0.4406,0.4398,0.4406,2607.0
2025-01-18 11:25:00,0.4406,0.4419,0.4406,0.4419,13075.0
2025-01-18 11:26:00,0.4416,0.4416,0.4411,0.4411,3965.0
2025-01-18 11:27:00,0.4412,0.4412,0.4406,0.4407,4385.0
2025-01-18 11:28:00,0.4409,0.4411,0.4408,0.4411,781.0
2025-01-18 11:29:00,0.4409,0.441,0.4408,0.441,17883.0
2025-01-18 11:30:00,0.4409,0.4409,0.4398,0.4398,7743.0
2025-01-18 11:31:00,0.4398,0.4399,0.4394,0.4397,3648.0
2025-01-18 11:32:00,0.4396,0.4401,0.4395,0.4399,147.0
2025-01-18 11:33:00,0.4399,0.4406,0.4398,0.4406,18857.0
2025-01-18 11:34:00,0.4404,0.4405,0.4403,0.4404,1913.0
2025-01-18 11:35:00,0.4405,0.4405,0.4401,0.4401,191.0
2025-01-18 11:36:00,0.4401,0.4405,0.4401,0.4405,4162.0
2025-01-18 11:37:00,0.4408,0.4413,0.4408,0.4412,1203.0
2025-01-18 11:38:00,0.4415,0.4424,0.4415,0.4424,32745.0
2025-01-18 11:39:00,0.4426,0.4426,0.4422,0.4424,1285.0
2025-01-18 11:40:00,0.4425,0.4426,0.4422,0.4426,1127.0
2025-01-18 11:41:00,0.4423,0.4438,0.4421,0.4436,12562.0
2025-01-18 11:42:00,0.4437,0.4443,0.4435,0.4441,6517.0
2025-01-18 11:43:00,0.4441,0.4444,0.4439,0.4443,3501.0
2025-01-18 11:44:00,0.4444,0.445,0.4444,0.4447,4550.0
2025-01-18 11:45:00,0.4447,0.4455,0.444,0.4449,13821.0
2025-01-18 11:46:00,0.4448,0.445,0.4443,0.445,7083.0
2025-01-18 11:47:00,0.445,0.445,0.4445,0.4447,3340.0
2025-01-18 11:48:00,0.4446,0.4447,0.444,0.444,8562.0
2025-01-18 11:49:00,0.4441,0.4443,0.4437,0.4439,5124.0
2025-01-18 11:50:00,0.4441,0.4441,0.4434,0.4434,3697.0
2025-01-18 11:51:00,0.4434,0.4435,0.4425,0.4427,5818.0
2025-01-18 11:52:00,0.4427,0.4427,0.4421,0.4422,1952.0
2025-01-18 11:53:00,0.4422,0.4422,0.4422,0.4422,484.0
2025-01-18 11:54:00,0.4422,0.4427,0.4422,0.4425,2762.0
2025-01-18 11:55:00,0.4426,0.4428,0.4425,0.4428,1321.0
2025-01-18 11:56:00,0.4429,0.4432,0.4429,0.4429,3769.0
2025-01-18 11:57:00,0.4429,0.4436,0.4429,0.4436,4992.0
2025-01-18 11:58:00,0.4435,0.4435,0.4425,0.4425,4076.0
2025-01-18 11:59:00,0.4426,0.4426,0.4424,0.4426,1266.0
2025-01-18 12:00:00,0.4426,0.4426,0.4422,0.4422,6158.0
2025-01-18 12:01:00,0.4421,0.4421,0.4416,0.4416,3932.0
2025-01-18 12:02:00,0.4414,0.4419,0.4414,0.4418,766.0
2025-01-18 12:03:00,0.4423,0.4424,0.442,0.4422,4866.0
2025-01-18 12:04:00,0.4425,0.4426,0.4424,0.4424,349.0
2025-01-18 12:05:00,0.4434,0.444,0.4434,0.4439,5075.0
2025-01-18 12:06:00,0.4437,0.4437,0.4432,0.4434,1183.0
2025-01-18 12:07:00,0.4437,0.444,0.4435,0.4435,4978.0
2025-01-18 12:08:00,0.4434,0.4434,0.4433,0.4433,134.0
2025-01-18 12:09:00,0.4435,0.4436,0.4431,0.4436,11931.0
2025-01-18 12:10:00,0.4439,0.444,0.4439,0.444,917.0
2025-01-18 12:11:00,0.4444,0.4444,0.4433,0.4433,2002.0
2025-01-18 12:12:00,0.4436,0.4436,0.4431,0.4431,955.0
2025-01-18 12:13:00,0.4429,0.4429,0.4428,0.4428,1963.0
2025-01-18 12:14:00,0.4427,0.4428,0.4425,0.4425,820.0
2025-01-18 12:15:00,0.4428,0.4428,0.4427,0.4428,1174.0
2025-01-18 12:16:00,0.4423,0.4425,0.4423,0.4425,1403.0
2025-01-18 12:17:00,0.4427,0.4427,0.4424,0.4424,1596.0
2025-01-18 12:18:00,0.4421,0.4422,0.442,0.4421,4358.0
2025-01-18 12:19:00,0.442,0.442,0.4417,0.4417,1715.0
2025-01-18 12:20:00,0.4422,0.4423,0.4418,0.4423,1319.0
2025-01-18 12:21:00,0.4424,0.4431,0.4424,0.4428,14207.0
2025-01-18 12:22:00,0.4426,0.4426,0.4423,0.4423,233.0
2025-01-18 12:23:00,0.4423,0.4425,0.4422,0.4425,2675.0
2025-01-18 12:24:00,0.4425,0.4427,0.4424,0.4426,455.0
2025-01-18 12:25:00,0.4425,0.4425,0.442,0.442,2412.0
2025-01-18 12:26:00,0.4419,0.4419,0.4411,0.4417,2245.0
2025-01-18 12:27:00,0.4418,0.4418,0.4408,0.4408,3735.0
2025-01-18 12:28:00,0.4405,0.4406,0.4402,0.4403,3188.0
2025-01-18 12:29:00,0.4404,0.4407,0.4403,0.4403,2237.0
2025-01-18 12:30:00,0.4406,0.4409,0.4406,0.4409,5032.0
2025-01-18 12:31:00,0.441,0.4414,0.4409,0.441,292.0
2025-01-18 12:32:00,0.4406,0.4407,0.4404,0.4407,3150.0
2025-01-18 12:33:00,0.4405,0.4405,0.4401,0.4402,6316.0
2025-01-18 12:34:00,0.4401,0.4401,0.4393,0.4393,4324.0
2025-01-18 12:35:00,0.4391,0.4392,0.4389,0.4392,4646.0
2025-01-18 12:36:00,0.439,0.439,0.4387,0.4387,948.0
2025-01-18 12:37:00,0.4386,0.4388,0.4385,0.4388,3231.0
2025-01-18 12:38:00,0.4392,0.4392,0.439,0.439,406.0
2025-01-18 12:39:00,0.4387,0.4387,0.4386,0.4386,200.0
2025-01-18 12:40:00,0.4397,0.4402,0.4397,0.4397,7380.0
2025-01-18 12:41:00,0.4397,0.4403,0.4397,0.4399,8888.0
2025-01-18 12:42:00,0.4396,0.4398,0.4396,0.4398,50.0
2025-01-18 12:43:00,0.4397,0.4397,0.4395,0.4397,203.0
2025-01-18 12:44:00,0.4402,0.4402,0.4398,0.4398,678.0
2025-01-18 12:45:00,0.4399,0.4399,0.4399,0.4399,289.0
2025-01-18 12:46:00,0.4405,0.4405,0.4399,0.4399,260.0
2025-01-18 12:47:00,0.4398,0.4402,0.4398,0.44,299.0
2025-01-18 12:48:00,0.4401,0.4405,0.4401,0.4402,944.0
2025-01-18 12:49:00,0.4404,0.4404,0.4401,0.4401,126.0
2025-01-18 12:50:00,0.4408,0.441,0.4405,0.4407,6671.0
2025-01-18 12:51:00,0.4411,0.4411,0.4406,0.4407,1356.0
2025-01-18 12:52:00,0.4407,0.4409,0.4404,0.4407,4778.0
2025-01-18 12:53:00,0.4409,0.4409,0.4405,0.4405,377.0
2025-01-18 12:54:00,0.4404,0.4404,0.4404,0.4404,77.0
2025-01-18 12:55:00,0.4406,0.4406,0.4406,0.4406,38.0
2025-01-18 12:56:00,0.4406,0.4406,0.4403,0.4403,174.0
2025-01-18 12:57:00,0.4408,0.4408,0.4403,0.4403,1539.0
2025-01-18 12:58:00,0.4402,0.4404,0.44,0.4404,3353.0
2025-01-18 12:59:00,0.4406,0.4406,0.4406,0.4406,561.0
2025-01-18 13:00:00,0.4403,0.4408,0.4403,0.4405,3326.0
2025-01-18 13:01:00,0.4405,0.4416,0.4403,0.4416,5018.0
2025-01-18 13:02:00,0.4417,0.4417,0.4413,0.4415,3307.0
2025-01-18 13:03:00,0.4414,0.4415,0.4409,0.4409,959.0
2025-01-18 13:04:00,0.4409,0.4412,0.4407,0.4407,754.0
2025-01-18 13:05:00,0.4402,0.4402,0.4392,0.4393,3049.0
2025-01-18 13:06:00,0.4391,0.4391,0.4388,0.4388,2420.0
2025-01-18 13:07:00,0.4388,0.439,0.4387,0.4389,888.0
2025-01-18 13:08:00,0.4387,0.4388,0.4383,0.4386,4221.0
2025-01-18 13:09:00,0.4382,0.4382,0.438,0.438,2027.0
2025-01-18 13:10:00,0.4389,0.4393,0.4388,0.4392,489.0
2025-01-18 13:11:00,0.44,0.4401,0.44,0.4401,1611.0
2025-01-18 13:12:00,0.4397,0.4397,0.4397,0.4397,1040.0
2025-01-18 13:13:00,0.44,0.44,0.4397,0.4397,2020.0
2025-01-18 13:14:00,0.4394,0.4397,0.4393,0.4397,707.0
2025-01-18 13:15:00,0.4397,0.4397,0.4389,0.4389,287.0
2025-01-18 13:16:00,0.4383,0.4386,0.4383,0.4386,1588.0
2025-01-18 13:17:00,0.439,0.439,0.439,0.439,2663.0
2025-01-18 13:18:00,0.4392,0.4393,0.4392,0.4393,3337.0
2025-01-18 13:19:00,0.4396,0.4396,0.4394,0.4394,674.0
2025-01-18 13:20:00,0.4393,0.4398,0.4393,0.4398,2900.0
2025-01-18 13:21:00,0.44,0.4403,0.4399,0.4399,1655.0
2025-01-18 13:22:00,0.4402,0.4402,0.4399,0.4399,1833.0
2025-01-18 13:23:00,0.4398,0.4398,0.4396,0.4396,133.0
2025-01-18 13:24:00,0.4398,0.4401,0.4396,0.4401,542.0
2025-01-18 13:25:00,0.44,0.4412,0.4399,0.4408,16975.0
2025-01-18 13:26:00,0.4405,0.4406,0.4403,0.4406,745.0
2025-01-18 13:27:00,0.4402,0.4403,0.4401,0.4403,143.0
2025-01-18 13:28:00,0.4406,0.4406,0.4403,0.4404,1108.0
2025-01-18 13:29:00,0.4405,0.4405,0.4405,0.4405,36.0
2025-01-18 13:30:00,0.4402,0.4402,0.4401,0.4401,251.0
2025-01-18 13:31:00,0.4403,0.4408,0.4403,0.4408,742.0
2025-01-18 13:32:00,0.4417,0.4436,0.4417,0.4428,33184.0
2025-01-18 13:33:00,0.4426,0.4432,0.4426,0.443,9870.0
2025-01-18 13:34:00,0.4427,0.4428,0.4427,0.4428,95.0
2025-01-18 13:35:00,0.4432,0.4432,0.4428,0.443,2675.0
2025-01-18 13:36:00,0.443,0.4433,0.4429,0.4429,1760.0
2025-01-18 13:37:00,0.4431,0.4431,0.443,0.4431,147.0
2025-01-18 13:38:00,0.4432,0.4433,0.4427,0.4427,645.0
2025-01-18 13:39:00,0.4429,0.4429,0.4424,0.4424,2243.0
2025-01-18 13:40:00,0.4424,0.4424,0.4424,0.4424,0.0
2025-01-18 13:41:00,0.4423,0.4424,0.4423,0.4424,1980.0
2025-01-18 13:42:00,0.4427,0.4432,0.4427,0.4432,477.0
2025-01-18 13:43:00,0.4431,0.4433,0.4424,0.4429,19204.0
2025-01-18 13:44:00,0.443,0.4431,0.443,0.443,1334.0
2025-01-18 13:45:00,0.443,0.4436,0.443,0.4435,1689.0
2025-01-18 13:46:00,0.4436,0.4439,0.4435,0.4438,2628.0
2025-01-18 13:47:00,0.4434,0.4434,0.443,0.443,1454.0
2025-01-18 13:48:00,0.443,0.4432,0.4429,0.4429,7523.0
2025-01-18 13:49:00,0.4431,0.4435,0.4431,0.4434,535.0
2025-01-18 13:50:00,0.443,0.443,0.4423,0.4424,3971.0
2025-01-18 13:51:00,0.4424,0.4425,0.4424,0.4425,1788.0
2025-01-18 13:52:00,0.4421,0.4421,0.4415,0.4419,2551.0
2025-01-18 13:53:00,0.4419,0.4419,0.4419,0.4419,0.0
2025-01-18 13:54:00,0.4419,0.4419,0.4418,0.4418,1161.0
2025-01-18 13:55:00,0.4416,0.4419,0.4415,0.4419,3174.0
2025-01-18 13:56:00,0.4424,0.4428,0.4424,0.4428,6610.0
2025-01-18 13:57:00,0.4428,0.4435,0.4428,0.4435,10093.0
2025-01-18 13:58:00,0.444,0.444,0.4438,0.4439,2119.0
2025-01-18 13:59:00,0.444,0.4444,0.444,0.4443,6836.0
2025-01-18 14:00:00,0.4444,0.4444,0.4436,0.4436,11260.0
2025-01-18 14:01:00,0.4435,0.444,0.443,0.4438,4374.0
2025-01-18 14:02:00,0.4433,0.4435,0.4432,0.4432,1113.0
2025-01-18 14:03:00,0.4434,0.4437,0.443,0.4431,7221.0
2025-01-18 14:04:00,0.4434,0.4434,0.443,0.4431,1220.0
2025-01-18 14:05:00,0.4432,0.4437,0.4432,0.4437,270.0
2025-01-18 14:06:00,0.4437,0.4437,0.4435,0.4435,1533.0
2025-01-18 14:07:00,0.4438,0.444,0.4434,0.4434,2195.0
2025-01-18 14:08:00,0.4431,0.4431,0.443,0.443,313.0
2025-01-18 14:09:00,0.4426,0.4432,0.4426,0.4432,1977.0
2025-01-18 14:10:00,0.443,0.4437,0.443,0.4437,2422.0
2025-01-18 14:11:00,0.4435,0.4435,0.4432,0.4432,3609.0
2025-01-18 14:12:00,0.4433,0.4433,0.443,0.443,646.0
2025-01-18 14:13:00,0.4431,0.4431,0.4427,0.4427,778.0
2025-01-18 14:14:00,0.4426,0.4426,0.4423,0.4425,1905.0
2025-01-18 14:15:00,0.4425,0.4425,0.4423,0.4424,1135.0
2025-01-18 14:16:00,0.4421,0.4421,0.4415,0.4415,641.0
2025-01-18 14:17:00,0.4422,0.4423,0.442,0.4421,1486.0
2025-01-18 14:18:00,0.442,0.4422,0.442,0.4421,430.0
2025-01-18 14:19:00,0.4419,0.4425,0.4418,0.4423,3178.0
2025-01-18 14:20:00,0.4426,0.4426,0.4423,0.4423,1328.0
2025-01-18 14:21:00,0.4422,0.4422,0.4419,0.4422,910.0
2025-01-18 14:22:00,0.4423,0.4425,0.4421,0.4425,164.0
2025-01-18 14:23:00,0.4425,0.4427,0.4425,0.4427,1335.0
2025-01-18 14:24:00,0.4427,0.4427,0.4422,0.4424,877.0
2025-01-18 14:25:00,0.4426,0.4426,0.4414,0.4414,3933.0
2025-01-18 14:26:00,0.4416,0.4416,0.4414,0.4414,260.0
2025-01-18 14:27:00,0.4414,0.4414,0.4412,0.4413,1300.0
2025-01-18 14:28:00,0.4411,0.4411,0.4409,0.4409,174.0
2025-01-18 14:29:00,0.4409,0.4411,0.4409,0.4411,889.0
2025-01-18 14:30:00,0.441,0.4413,0.441,0.4413,4013.0
2025-01-18 14:31:00,0.4414,0.4414,0.4407,0.4407,226.0
2025-01-18 14:32:00,0.4406,0.4406,0.4406,0.4406,44.0
2025-01-18 14:33:00,0.4404,0.4405,0.4401,0.4401,1697.0
2025-01-18 14:34:00,0.4404,0.4407,0.4392,0.4393,15596.0
2025-01-18 14:35:00,0.4393,0.4393,0.438,0.4383,22408.0
2025-01-18 14:36:00,0.4386,0.4387,0.4378,0.4379,3540.0
2025-01-18 14:37:00,0.4377,0.439,0.4377,0.4384,14730.0
2025-01-18 14:38:00,0.4384,0.4387,0.4381,0.4381,3441.0
2025-01-18 14:39:00,0.4378,0.4378,0.4372,0.4372,7980.0
2025-01-18 14:40:00,0.4372,0.4375,0.4372,0.4373,3802.0
2025-01-18 14:41:00,0.4375,0.4385,0.4375,0.4379,35043.0
2025-01-18 14:42:00,0.4375,0.4377,0.4372,0.4374,329.0
2025-01-18 14:43:00,0.4377,0.4377,0.4368,0.4371,5443.0
2025-01-18 14:44:00,0.4369,0.4373,0.4368,0.4373,2274.0
2025-01-18 14:45:00,0.4372,0.4376,0.4372,0.4375,4687.0
2025-01-18 14:46:00,0.4376,0.4383,0.4375,0.4383,5306.0
2025-01-18 14:47:00,0.4383,0.4387,0.4382,0.4385,4767.0
2025-01-18 14:48:00,0.4386,0.4386,0.4383,0.4383,1746.0
2025-01-18 14:49:00,0.4386,0.4392,0.4386,0.4391,3200.0
2025-01-18 14:50:00,0.4387,0.4392,0.4386,0.4386,1533.0
2025-01-18 14:51:00,0.4385,0.4388,0.4384,0.4384,7908.0
2025-01-18 14:52:00,0.4384,0.4384,0.4381,0.4381,1132.0
2025-01-18 14:53:00,0.438,0.4384,0.4375,0.4375,2420.0
2025-01-18 14:54:00,0.4375,0.4385,0.4373,0.4385,18686.0
2025-01-18 14:55:00,0.4385,0.4385,0.4381,0.4381,785.0
2025-01-18 14:56:00,0.4375,0.4375,0.4372,0.4372,2732.0
2025-01-18 14:57:00,0.4372,0.4375,0.4372,0.4374,433.0
2025-01-18 14:58:00,0.4375,0.4378,0.4375,0.4378,496.0
2025-01-18 14:59:00,0.4375,0.438,0.4375,0.4375,2327.0
2025-01-18 15:00:00,0.4374,0.4378,0.4362,0.4362,80570.0
2025-01-18 15:01:00,0.4362,0.4362,0.4348,0.4349,21259.0
2025-01-18 15:02:00,0.435,0.4353,0.4342,0.4342,9830.0
2025-01-18 15:03:00,0.4342,0.4345,0.4337,0.434,4910.0
2025-01-18 15:04:00,0.434,0.4346,0.4339,0.4339,4961.0
2025-01-18 15:05:00,0.434,0.4349,0.4338,0.4348,4082.0
2025-01-18 15:06:00,0.4352,0.4354,0.4348,0.4348,1717.0
2025-01-18 15:07:00,0.4348,0.4348,0.4345,0.4345,836.0
2025-01-18 15:08:00,0.4345,0.4359,0.4343,0.4358,3573.0
2025-01-18 15:09:00,0.4358,0.4359,0.4354,0.4354,1400.0
2025-01-18 15:10:00,0.4353,0.4359,0.435,0.4357,3620.0
2025-01-18 15:11:00,0.4357,0.4362,0.4357,0.4362,1378.0
2025-01-18 15:12:00,0.4361,0.4364,0.436,0.4362,3653.0
2025-01-18 15:13:00,0.4368,0.4368,0.4367,0.4367,730.0
2025-01-18 15:14:00,0.4368,0.4373,0.4368,0.4373,2017.0
2025-01-18 15:15:00,0.4374,0.4375,0.4373,0.4373,1011.0
2025-01-18 15:16:00,0.4374,0.4377,0.4374,0.4377,943.0
2025-01-18 15:17:00,0.4378,0.4388,0.4378,0.4385,13286.0
2025-01-18 15:18:00,0.4383,0.4383,0.4383,0.4383,339.0
2025-01-18 15:19:00,0.4381,0.4387,0.4374,0.4387,9444.0
2025-01-18 15:20:00,0.4386,0.4402,0.4386,0.4399,11179.0
2025-01-18 15:21:00,0.4393,0.4399,0.4391,0.4398,31985.0
2025-01-18 15:22:00,0.4396,0.4396,0.4386,0.4393,2709.0
2025-01-18 15:23:00,0.439,0.4392,0.4386,0.4386,1538.0
2025-01-18 15:24:00,0.4389,0.439,0.4389,0.439,1587.0
2025-01-18 15:25:00,0.4397,0.4399,0.4397,0.4399,503.0
2025-01-18 15:26:00,0.4399,0.4407,0.4399,0.4406,4928.0
2025-01-18 15:27:00,0.4406,0.4407,0.4406,0.4407,2714.0
2025-01-18 15:28:00,0.4408,0.441,0.4404,0.4409,17066.0
2025-01-18 15:29:00,0.4411,0.4411,0.4405,0.4405,736.0
2025-01-18 15:30:00,0.4405,0.4406,0.4404,0.4406,3693.0
2025-01-18 15:31:00,0.4401,0.4403,0.4401,0.4401,2120.0
2025-01-18 15:32:00,0.4398,0.4404,0.4395,0.4403,3064.0
2025-01-18 15:33:00,0.4408,0.4411,0.4406,0.4411,5303.0
2025-01-18 15:34:00,0.4416,0.4418,0.4416,0.4418,2122.0
2025-01-18 15:35:00,0.4421,0.4424,0.4421,0.4423,1978.0
2025-01-18 15:36:00,0.4422,0.4427,0.4422,0.4422,5304.0
2025-01-18 15:37:00,0.4423,0.4426,0.4423,0.4426,525.0
2025-01-18 15:38:00,0.4423,0.4423,0.4418,0.4418,8248.0
2025-01-18 15:39:00,0.4418,0.4419,0.4414,0.4414,3239.0
2025-01-18 15:40:00,0.4409,0.4409,0.4404,0.4406,422.0
2025-01-18 15:41:00,0.4402,0.4414,0.4402,0.4414,1412.0
2025-01-18 15:42:00,0.4412,0.4412,0.4406,0.4409,6628.0
2025-01-18 15:43:00,0.4408,0.4413,0.4408,0.4412,1161.0
2025-01-18 15:44:00,0.4407,0.4412,0.4407,0.4412,1230.0
2025-01-18 15:45:00,0.4416,0.4417,0.4402,0.4405,2163.0
2025-01-18 15:46:00,0.4409,0.4411,0.4408,0.4411,1559.0
2025-01-18 15:47:00,0.4409,0.4409,0.4401,0.4401,1220.0
2025-01-18 15:48:00,0.4401,0.4407,0.4398,0.4401,9627.0
2025-01-18 15:49:00,0.4401,0.4401,0.4392,0.4395,6077.0
2025-01-18 15:50:00,0.4399,0.4399,0.4395,0.4398,5047.0
2025-01-18 15:51:00,0.4395,0.4403,0.4394,0.44,5427.0
2025-01-18 15:52:00,0.44,0.4403,0.4397,0.4397,3050.0
2025-01-18 15:53:00,0.4396,0.4399,0.439,0.4399,8034.0
2025-01-18 15:54:00,0.4398,0.4402,0.4398,0.4398,9315.0
2025-01-18 15:55:00,0.4394,0.4396,0.4394,0.4396,133.0
2025-01-18 15:56:00,0.4391,0.4391,0.4391,0.4391,44.0
2025-01-18 15:57:00,0.4391,0.4394,0.4382,0.4382,34085.0
2025-01-18 15:58:00,0.438,0.4382,0.4378,0.4378,2407.0
2025-01-18 15:59:00,0.4381,0.4381,0.437,0.437,4815.0
2025-01-18 16:00:00,0.4374,0.4381,0.4372,0.4378,6705.0
2025-01-18 16:01:00,0.438,0.4381,0.4377,0.438,1308.0
2025-01-18 16:02:00,0.4372,0.4372,0.436,0.4363,8918.0
2025-01-18 16:03:00,0.4363,0.438,0.436,0.438,9772.0
2025-01-18 16:04:00,0.438,0.4388,0.438,0.4383,14589.0
2025-01-18 16:05:00,0.4382,0.439,0.4382,0.4384,12372.0
2025-01-18 16:06:00,0.4384,0.4397,0.4384,0.4395,16871.0
2025-01-18 16:07:00,0.4391,0.4392,0.4382,0.4383,6535.0
2025-01-18 16:08:00,0.4383,0.4393,0.4379,0.4393,13210.0
2025-01-18 16:09:00,0.4391,0.4396,0.4371,0.4371,24716.0
2025-01-18 16:10:00,0.4374,0.4374,0.4354,0.4358,14779.0
2025-01-18 16:11:00,0.4353,0.4359,0.4345,0.435,61544.0
2025-01-18 16:12:00,0.4352,0.4354,0.4341,0.4345,5067.0
2025-01-18 16:13:00,0.4348,0.4352,0.4342,0.4342,2356.0
2025-01-18 16:14:00,0.4343,0.4367,0.4343,0.4356,22069.0
2025-01-18 16:15:00,0.4355,0.4356,0.4354,0.4354,5482.0
2025-01-18 16:16:00,0.4351,0.4351,0.4333,0.4336,30844.0
2025-01-18 16:17:00,0.4333,0.4334,0.4323,0.4328,42548.0
2025-01-18 16:18:00,0.433,0.433,0.4317,0.4317,22330.0
2025-01-18 16:19:00,0.4317,0.4337,0.4311,0.4335,54817.0
2025-01-18 16:20:00,0.4334,0.4335,0.4318,0.4324,3824.0
2025-01-18 16:21:00,0.4326,0.4347,0.4326,0.4346,8691.0
2025-01-18 16:22:00,0.4346,0.4358,0.4346,0.4347,10731.0
2025-01-18 16:23:00,0.4354,0.4363,0.4354,0.4362,4438.0
2025-01-18 16:24:00,0.4366,0.4368,0.4361,0.4362,4325.0
2025-01-18 16:25:00,0.4363,0.4363,0.4355,0.4362,7080.0
2025-01-18 16:26:00,0.4359,0.436,0.4357,0.4359,3439.0
2025-01-18 16:27:00,0.4355,0.4355,0.4353,0.4354,7932.0
2025-01-18 16:28:00,0.4353,0.4354,0.4349,0.4349,375.0
2025-01-18 16:29:00,0.4352,0.4354,0.4348,0.4354,6176.0
2025-01-18 16:30:00,0.4352,0.4358,0.435,0.4358,2562.0
2025-01-18 16:31:00,0.4358,0.4369,0.4358,0.4369,1332.0
2025-01-18 16:32:00,0.437,0.4373,0.4367,0.4371,3175.0
2025-01-18 16:33:00,0.4371,0.4375,0.4371,0.4373,7178.0
2025-01-18 16:34:00,0.4373,0.4375,0.4367,0.4369,6176.0
2025-01-18 16:35:00,0.4366,0.4368,0.4355,0.4355,13796.0
2025-01-18 16:36:00,0.4355,0.4355,0.4346,0.4346,2354.0
2025-01-18 16:37:00,0.4349,0.4349,0.4344,0.4344,3833.0
2025-01-18 16:38:00,0.4342,0.4342,0.4332,0.4332,12170.0
2025-01-18 16:39:00,0.433,0.433,0.4319,0.4319,6353.0
2025-01-18 16:40:00,0.4315,0.4327,0.4312,0.4326,19030.0
2025-01-18 16:41:00,0.4324,0.4333,0.4321,0.4333,22618.0
2025-01-18 16:42:00,0.4333,0.4339,0.433,0.4334,7711.0
2025-01-18 16:43:00,0.4337,0.434,0.4332,0.4332,1766.0
2025-01-18 16:44:00,0.4331,0.4337,0.4331,0.4335,1205.0
2025-01-18 16:45:00,0.4333,0.4346,0.4328,0.4346,7274.0
2025-01-18 16:46:00,0.4343,0.4348,0.4338,0.4338,1560.0
2025-01-18 16:47:00,0.4336,0.4339,0.4335,0.4335,10220.0
2025-01-18 16:48:00,0.4336,0.4336,0.4323,0.4323,2043.0
2025-01-18 16:49:00,0.4319,0.4319,0.4315,0.4315,83.0
2025-01-18 16:50:00,0.4314,0.4316,0.4307,0.4307,3998.0
2025-01-18 16:51:00,0.4308,0.4311,0.4306,0.431,6087.0
2025-01-18 16:52:00,0.4313,0.4314,0.4303,0.4304,9918.0
2025-01-18 16:53:00,0.4304,0.4313,0.4303,0.431,8971.0
2025-01-18 16:54:00,0.431,0.4312,0.4305,0.4308,7022.0
2025-01-18 16:55:00,0.4308,0.4324,0.4308,0.4318,25598.0
2025-01-18 16:56:00,0.4317,0.4317,0.4307,0.4311,8990.0
2025-01-18 16:57:00,0.4311,0.4311,0.4302,0.4302,5427.0
2025-01-18 16:58:00,0.4301,0.4301,0.43,0.43,46621.0
2025-01-18 16:59:00,0.4298,0.4298,0.4292,0.4294,23105.0
2025-01-18 17:00:00,0.4292,0.4299,0.4292,0.4293,3284.0
2025-01-18 17:01:00,0.4291,0.4306,0.4289,0.4304,15611.0
2025-01-18 17:02:00,0.4307,0.4318,0.4307,0.4318,3567.0
2025-01-18 17:03:00,0.4319,0.4323,0.4315,0.4319,2600.0
2025-01-18 17:04:00,0.4315,0.4316,0.4315,0.4316,445.0
2025-01-18 17:05:00,0.4316,0.4316,0.4316,0.4316,45.0
2025-01-18 17:06:00,0.4316,0.4324,0.4316,0.432,8185.0
2025-01-18 17:07:00,0.4318,0.4319,0.4312,0.4312,10211.0
2025-01-18 17:08:00,0.4313,0.4313,0.4304,0.4308,1623.0
2025-01-18 17:09:00,0.4304,0.4305,0.429,0.429,5391.0
2025-01-18 17:10:00,0.4293,0.4296,0.4292,0.4292,3393.0
2025-01-18 17:11:00,0.4297,0.4307,0.4297,0.4307,273.0
2025-01-18 17:12:00,0.4309,0.4314,0.4309,0.4312,833.0
2025-01-18 17:13:00,0.4314,0.4323,0.4314,0.4323,1353.0
2025-01-18 17:14:00,0.4325,0.4325,0.4322,0.4322,1635.0
2025-01-18 17:15:00,0.4321,0.4328,0.4318,0.4328,5808.0
2025-01-18 17:16:00,0.4317,0.433,0.4317,0.433,2054.0
2025-01-18 17:17:00,0.4332,0.4336,0.4331,0.4333,8543.0
2025-01-18 17:18:00,0.4334,0.4334,0.4322,0.4322,1888.0
2025-01-18 17:19:00,0.4325,0.4332,0.4325,0.4332,2940.0
2025-01-18 17:20:00,0.4323,0.4323,0.432,0.432,3249.0
2025-01-18 17:21:00,0.4313,0.432,0.4308,0.432,2684.0
2025-01-18 17:22:00,0.4322,0.4322,0.4319,0.4319,1291.0
2025-01-18 17:23:00,0.4319,0.4321,0.4314,0.4314,1844.0
2025-01-18 17:24:00,0.4312,0.4312,0.4307,0.4307,6304.0
2025-01-18 17:25:00,0.4304,0.4305,0.43,0.4304,415.0
2025-01-18 17:26:00,0.4323,0.4323,0.4323,0.4323,127.0
2025-01-18 17:27:00,0.4327,0.4333,0.4324,0.4328,6290.0
2025-01-18 17:28:00,0.4322,0.4323,0.4319,0.4321,2416.0
2025-01-18 17:29:00,0.4318,0.432,0.4318,0.432,93.0
2025-01-18 17:30:00,0.4312,0.4314,0.4312,0.4314,65.0
2025-01-18 17:31:00,0.432,0.432,0.4316,0.4316,2678.0
2025-01-18 17:32:00,0.4319,0.4319,0.4315,0.4315,2115.0
2025-01-18 17:33:00,0.432,0.4327,0.432,0.4327,6335.0
2025-01-18 17:34:00,0.4326,0.4331,0.4324,0.4324,790.0
2025-01-18 17:35:00,0.4321,0.4324,0.4318,0.4323,3921.0
2025-01-18 17:36:00,0.433,0.4331,0.4325,0.4328,2214.0
2025-01-18 17:37:00,0.4328,0.4329,0.4328,0.4329,702.0
2025-01-18 17:38:00,0.4328,0.4328,0.4324,0.4324,164.0
2025-01-18 17:39:00,0.4322,0.433,0.4322,0.433,803.0
2025-01-18 17:40:00,0.4324,0.4324,0.4315,0.4315,1220.0
2025-01-18 17:41:00,0.4315,0.4318,0.4315,0.4315,4315.0
2025-01-18 17:42:00,0.4319,0.4319,0.4305,0.4308,2481.0
2025-01-18 17:43:00,0.4307,0.431,0.4299,0.4309,8998.0
2025-01-18 17:44:00,0.4308,0.4311,0.4301,0.4305,4770.0
2025-01-18 17:45:00,0.4309,0.4309,0.4305,0.4305,429.0
2025-01-18 17:46:00,0.4305,0.4307,0.4303,0.4307,9315.0
2025-01-18 17:47:00,0.4308,0.432,0.4308,0.432,7664.0
2025-01-18 17:48:00,0.4319,0.432,0.4314,0.4316,2764.0
2025-01-18 17:49:00,0.4319,0.4319,0.4315,0.4315,182.0
2025-01-18 17:50:00,0.4312,0.4312,0.4308,0.4308,164.0
2025-01-18 17:51:00,0.4308,0.4312,0.4308,0.431,145.0
2025-01-18 17:52:00,0.4309,0.4309,0.4308,0.4308,67.0
2025-01-18 17:53:00,0.4306,0.4307,0.4304,0.4306,271.0
2025-01-18 17:54:00,0.4308,0.4308,0.4303,0.4303,93.0
2025-01-18 17:55:00,0.4305,0.4314,0.4304,0.4314,2424.0
2025-01-18 17:56:00,0.4311,0.4313,0.431,0.4313,4258.0
2025-01-18 17:57:00,0.4311,0.4314,0.4303,0.4303,4967.0
2025-01-18 17:58:00,0.4305,0.4305,0.4292,0.4293,4100.0
2025-01-18 17:59:00,0.4293,0.4295,0.429,0.429,4906.0
2025-01-18 18:00:00,0.4289,0.4299,0.4289,0.4297,9493.0
2025-01-18 18:01:00,0.4296,0.4306,0.4295,0.4303,10718.0
2025-01-18 18:02:00,0.4304,0.4308,0.4302,0.4305,3976.0
2025-01-18 18:03:00,0.4307,0.431,0.4306,0.4307,3381.0
2025-01-18 18:04:00,0.4308,0.4312,0.4307,0.431,4168.0
2025-01-18 18:05:00,0.4311,0.4316,0.4311,0.4314,1617.0
2025-01-18 18:06:00,0.4313,0.4316,0.4305,0.4308,4177.0
2025-01-18 18:07:00,0.431,0.431,0.4299,0.43,596.0
2025-01-18 18:08:00,0.43,0.43,0.43,0.43,0.0
2025-01-18 18:09:00,0.4289,0.4291,0.4288,0.429,2834.0
2025-01-18 18:10:00,0.43,0.4305,0.4299,0.43,2927.0
2025-01-18 18:11:00,0.4299,0.4299,0.4299,0.4299,276.0
2025-01-18 18:12:00,0.4299,0.4299,0.4296,0.4296,422.0
2025-01-18 18:13:00,0.4303,0.4303,0.4303,0.4303,520.0
2025-01-18 18:14:00,0.4302,0.4305,0.4301,0.4305,1652.0
2025-01-18 18:15:00,0.4308,0.431,0.4306,0.4306,2829.0
2025-01-18 18:16:00,0.43,0.43,0.43,0.43,13.0
2025-01-18 18:17:00,0.429,0.429,0.4285,0.4286,2478.0
2025-01-18 18:18:00,0.4287,0.4287,0.4276,0.4276,4759.0
2025-01-18 18:19:00,0.4275,0.4278,0.427,0.4275,22202.0
2025-01-18 18:20:00,0.4275,0.4279,0.4274,0.4277,2767.0
2025-01-18 18:21:00,0.4277,0.4294,0.4275,0.4292,5881.0
2025-01-18 18:22:00,0.4292,0.4296,0.429,0.4293,3779.0
2025-01-18 18:23:00,0.4294,0.4294,0.4291,0.4294,10343.0
2025-01-18 18:24:00,0.4296,0.4302,0.4296,0.4299,7393.0
2025-01-18 18:25:00,0.4298,0.4308,0.4298,0.4306,15643.0
2025-01-18 18:26:00,0.4305,0.4312,0.4305,0.431,8450.0
2025-01-18 18:27:00,0.431,0.4313,0.4309,0.4313,3867.0
2025-01-18 18:28:00,0.4314,0.4318,0.4313,0.4318,8167.0
2025-01-18 18:29:00,0.4317,0.4317,0.4315,0.4317,8510.0
2025-01-18 18:30:00,0.4313,0.4315,0.4313,0.4315,1241.0
2025-01-18 18:31:00,0.4315,0.4315,0.4314,0.4314,85.0
2025-01-18 18:32:00,0.4315,0.4329,0.4315,0.4321,30596.0
2025-01-18 18:33:00,0.4324,0.4329,0.4324,0.4325,4047.0
2025-01-18 18:34:00,0.4319,0.4319,0.4311,0.4311,6245.0
2025-01-18 18:35:00,0.4308,0.4312,0.4307,0.4312,3740.0
2025-01-18 18:36:00,0.4319,0.4319,0.4316,0.4316,2355.0
2025-01-18 18:37:00,0.4317,0.4321,0.4317,0.432,769.0
2025-01-18 18:38:00,0.4324,0.4324,0.4322,0.4322,4864.0
2025-01-18 18:39:00,0.4317,0.4318,0.4314,0.4316,2863.0
2025-01-18 18:40:00,0.4316,0.4319,0.4316,0.4319,2128.0
2025-01-18 18:41:00,0.432,0.432,0.4318,0.4318,2910.0
2025-01-18 18:42:00,0.4319,0.4322,0.4317,0.4322,10966.0
2025-01-18 18:43:00,0.4319,0.4319,0.431,0.4311,2287.0
2025-01-18 18:44:00,0.431,0.4313,0.431,0.4311,178.0
2025-01-18 18:45:00,0.4311,0.4312,0.4307,0.4307,1229.0
2025-01-18 18:46:00,0.4307,0.4315,0.4307,0.4312,8570.0
2025-01-18 18:47:00,0.4312,0.4317,0.4312,0.4317,5194.0
2025-01-18 18:48:00,0.4316,0.4316,0.4306,0.4308,452.0
2025-01-18 18:49:00,0.4307,0.4309,0.4303,0.4309,3809.0
2025-01-18 18:50:00,0.431,0.4312,0.4307,0.4307,4857.0
2025-01-18 18:51:00,0.4307,0.4307,0.4297,0.4297,6534.0
2025-01-18 18:52:00,0.4299,0.4299,0.4291,0.4291,5166.0
2025-01-18 18:53:00,0.429,0.429,0.4283,0.4283,6601.0
2025-01-18 18:54:00,0.4281,0.4281,0.4276,0.4276,1681.0
2025-01-18 18:55:00,0.4278,0.4278,0.427,0.427,4759.0
2025-01-18 18:56:00,0.4271,0.4274,0.4268,0.4274,9454.0
2025-01-18 18:57:00,0.4275,0.4281,0.4275,0.4278,12788.0
2025-01-18 18:58:00,0.4277,0.4279,0.4276,0.4278,3363.0
2025-01-18 18:59:00,0.4279,0.4279,0.4277,0.4278,713.0
2025-01-18 19:00:00,0.4278,0.4288,0.4277,0.4288,21265.0
2025-01-18 19:01:00,0.4288,0.4293,0.4285,0.4285,11857.0
2025-01-18 19:02:00,0.4285,0.4285,0.4282,0.4285,1390.0
2025-01-18 19:03:00,0.4284,0.4291,0.4284,0.4291,9439.0
2025-01-18 19:04:00,0.4288,0.4292,0.4282,0.4282,4954.0
2025-01-18 19:05:00,0.4285,0.4291,0.4283,0.4291,7680.0
2025-01-18 19:06:00,0.4288,0.4295,0.4288,0.4295,6565.0
2025-01-18 19:07:00,0.4295,0.4295,0.4289,0.4289,6261.0
2025-01-18 19:08:00,0.4292,0.4297,0.4292,0.4297,3182.0
2025-01-18 19:09:00,0.4296,0.4301,0.4296,0.43,5666.0
2025-01-18 19:10:00,0.43,0.4303,0.43,0.4302,4736.0
2025-01-18 19:11:00,0.43,0.4301,0.4299,0.4299,2098.0
2025-01-18 19:12:00,0.4302,0.4305,0.4295,0.4295,13162.0
2025-01-18 19:13:00,0.4293,0.4293,0.429,0.4291,1498.0
2025-01-18 19:14:00,0.4291,0.4294,0.429,0.4293,14736.0
2025-01-18 19:15:00,0.4295,0.4299,0.4295,0.4298,4335.0
2025-01-18 19:16:00,0.4297,0.4308,0.4297,0.4305,8647.0
2025-01-18 19:17:00,0.4306,0.4308,0.4306,0.4306,2480.0
2025-01-18 19:18:00,0.4308,0.431,0.4306,0.431,7536.0
2025-01-18 19:19:00,0.431,0.4312,0.4308,0.4308,6379.0
2025-01-18 19:20:00,0.4308,0.4311,0.4307,0.4308,10039.0
2025-01-18 19:21:00,0.4307,0.431,0.4306,0.4308,10567.0
2025-01-18 19:22:00,0.4307,0.4308,0.4302,0.4302,5019.0
2025-01-18 19:23:00,0.4305,0.4307,0.4301,0.4301,5121.0
2025-01-18 19:24:00,0.4302,0.4302,0.4298,0.4298,3847.0
2025-01-18 19:25:00,0.4298,0.4304,0.4298,0.4301,5336.0
2025-01-18 19:26:00,0.43,0.43,0.4297,0.4297,727.0
2025-01-18 19:27:00,0.4301,0.4301,0.4301,0.4301,34.0
2025-01-18 19:28:00,0.4301,0.4303,0.43,0.4302,365.0
2025-01-18 19:29:00,0.4302,0.431,0.4302,0.4304,299.0
2025-01-18 19:30:00,0.4308,0.4313,0.4308,0.4313,629.0
2025-01-18 19:31:00,0.4315,0.4315,0.4314,0.4314,178.0
2025-01-18 19:32:00,0.4317,0.4317,0.4317,0.4317,227.0
2025-01-18 19:33:00,0.4316,0.4316,0.4314,0.4314,1443.0
2025-01-18 19:34:00,0.4314,0.4314,0.4307,0.431,4970.0
2025-01-18 19:35:00,0.4309,0.431,0.43,0.43,8141.0
2025-01-18 19:36:00,0.4299,0.4309,0.4299,0.4307,15122.0
2025-01-18 19:37:00,0.4309,0.431,0.4309,0.431,1179.0
2025-01-18 19:38:00,0.4313,0.4313,0.4311,0.4311,120.0
2025-01-18 19:39:00,0.4309,0.4313,0.4309,0.4313,2816.0
2025-01-18 19:40:00,0.4314,0.4318,0.4314,0.4315,3492.0
2025-01-18 19:41:00,0.4315,0.4315,0.4311,0.4311,649.0
2025-01-18 19:42:00,0.4311,0.4316,0.4311,0.4316,860.0
2025-01-18 19:43:00,0.4314,0.4319,0.4314,0.4316,1701.0
2025-01-18 19:44:00,0.4318,0.4318,0.4315,0.4315,2402.0
2025-01-18 19:45:00,0.4318,0.4318,0.4318,0.4318,46.0
2025-01-18 19:46:00,0.4317,0.4325,0.4317,0.4325,1721.0
2025-01-18 19:47:00,0.4326,0.4326,0.4321,0.4321,611.0
2025-01-18 19:48:00,0.4319,0.4323,0.4319,0.4323,4042.0
2025-01-18 19:49:00,0.4323,0.4323,0.4319,0.432,514.0
2025-01-18 19:50:00,0.4314,0.4314,0.4314,0.4314,1448.0
2025-01-18 19:51:00,0.4314,0.4319,0.4314,0.4319,115.0
2025-01-18 19:52:00,0.432,0.432,0.4319,0.4319,77.0
2025-01-18 19:53:00,0.4318,0.4321,0.4318,0.432,118.0
2025-01-18 19:54:00,0.4318,0.4321,0.4317,0.432,448.0
2025-01-18 19:55:00,0.4322,0.4322,0.4319,0.4319,3045.0
2025-01-18 19:56:00,0.4318,0.432,0.4317,0.4317,4760.0
2025-01-18 19:57:00,0.4317,0.4318,0.4315,0.4316,1127.0
2025-01-18 19:58:00,0.4316,0.4318,0.4313,0.4318,2133.0
2025-01-18 19:59:00,0.4318,0.4321,0.4318,0.4321,1078.0
2025-01-18 20:00:00,0.4322,0.4329,0.4322,0.4325,3115.0
2025-01-18 20:01:00,0.4324,0.4324,0.4322,0.4324,229.0
2025-01-18 20:02:00,0.4321,0.4321,0.4316,0.4316,769.0
2025-01-18 20:03:00,0.4317,0.4317,0.4316,0.4316,531.0
2025-01-18 20:04:00,0.4317,0.4318,0.4316,0.4316,678.0
2025-01-18 20:05:00,0.4318,0.4319,0.4317,0.4317,250.0
2025-01-18 20:06:00,0.4315,0.4315,0.4309,0.4309,198.0
2025-01-18 20:07:00,0.4309,0.4309,0.4309,0.4309,0.0
2025-01-18 20:08:00,0.4316,0.4316,0.4315,0.4316,535.0
2025-01-18 20:09:00,0.4313,0.4315,0.4313,0.4315,2247.0
2025-01-18 20:10:00,0.4313,0.4313,0.4313,0.4313,1441.0
2025-01-18 20:11:00,0.4316,0.4316,0.4313,0.4313,174.0
2025-01-18 20:12:00,0.4312,0.4312,0.4307,0.4307,252.0
2025-01-18 20:13:00,0.4309,0.4309,0.4309,0.4309,1553.0
2025-01-18 20:14:00,0.4305,0.4307,0.4305,0.4307,2215.0
2025-01-18 20:15:00,0.4307,0.4307,0.4302,0.4302,156.0
2025-01-18 20:16:00,0.4305,0.4305,0.4298,0.4299,341.0
2025-01-18 20:17:00,0.4299,0.4299,0.4299,0.4299,69.0
2025-01-18 20:18:00,0.4302,0.4302,0.4295,0.4295,1028.0
2025-01-18 20:19:00,0.4301,0.4301,0.4301,0.4301,16.0
2025-01-18 20:20:00,0.4298,0.43,0.4296,0.43,4594.0
2025-01-18 20:21:00,0.4298,0.4298,0.429,0.429,17949.0
2025-01-18 20:22:00,0.4289,0.4295,0.4289,0.4295,3538.0
2025-01-18 20:23:00,0.4293,0.4293,0.4293,0.4293,1694.0
2025-01-18 20:24:00,0.4293,0.4298,0.429,0.4297,44311.0
2025-01-18 20:25:00,0.4297,0.4297,0.4283,0.4284,6432.0
2025-01-18 20:26:00,0.4286,0.4286,0.4282,0.4282,4296.0
2025-01-18 20:27:00,0.4281,0.4281,0.4279,0.4281,3148.0
2025-01-18 20:28:00,0.4282,0.4286,0.4282,0.4286,1493.0
2025-01-18 20:29:00,0.4289,0.429,0.4289,0.429,34.0
2025-01-18 20:30:00,0.429,0.4298,0.429,0.4297,2883.0
2025-01-18 20:31:00,0.4299,0.4304,0.4299,0.4304,1798.0
2025-01-18 20:32:00,0.4304,0.4304,0.4302,0.4302,6004.0
2025-01-18 20:33:00,0.4302,0.4302,0.4301,0.4301,263.0
2025-01-18 20:34:00,0.4301,0.4301,0.4301,0.4301,1382.0
2025-01-18 20:35:00,0.4301,0.4301,0.4301,0.4301,46.0
2025-01-18 20:36:00,0.4303,0.4303,0.4301,0.4302,1620.0
2025-01-18 20:37:00,0.43,0.43,0.4293,0.4293,6016.0
2025-01-18 20:38:00,0.4293,0.4297,0.4293,0.4297,10051.0
2025-01-18 20:39:00,0.4299,0.4299,0.4298,0.4298,273.0
2025-01-18 20:40:00,0.4298,0.4299,0.4298,0.4299,130.0
2025-01-18 20:41:00,0.4303,0.4303,0.4301,0.4301,832.0
2025-01-18 20:42:00,0.4302,0.4304,0.43,0.4302,3802.0
2025-01-18 20:43:00,0.4302,0.4302,0.4298,0.4298,3153.0
2025-01-18 20:44:00,0.4298,0.4298,0.4295,0.4295,422.0
2025-01-18 20:45:00,0.4298,0.4298,0.4295,0.4295,2340.0
2025-01-18 20:46:00,0.4293,0.4293,0.4281,0.4281,1331.0
2025-01-18 20:47:00,0.4278,0.4279,0.4278,0.4278,182.0
2025-01-18 20:48:00,0.4276,0.428,0.4274,0.4274,1755.0
2025-01-18 20:49:00,0.4274,0.428,0.4271,0.4279,1699.0
2025-01-18 20:50:00,0.4283,0.4286,0.4283,0.4286,1233.0
2025-01-18 20:51:00,0.4286,0.4289,0.4285,0.4289,605.0
2025-01-18 20:52:00,0.4286,0.4286,0.4286,0.4286,63.0
2025-01-18 20:53:00,0.4277,0.4277,0.4274,0.4274,114.0
2025-01-18 20:54:00,0.4273,0.4273,0.4263,0.4265,8697.0
2025-01-18 20:55:00,0.4265,0.4272,0.4265,0.427,6137.0
2025-01-18 20:56:00,0.4268,0.4272,0.4264,0.4272,1139.0
2025-01-18 20:57:00,0.4274,0.4276,0.4274,0.4275,14383.0
2025-01-18 20:58:00,0.4274,0.4279,0.4274,0.4279,5826.0
2025-01-18 20:59:00,0.4282,0.4283,0.4279,0.4279,5385.0
2025-01-18 21:00:00,0.4281,0.4284,0.428,0.4284,1965.0
2025-01-18 21:01:00,0.4286,0.4286,0.4283,0.4283,3700.0
2025-01-18 21:02:00,0.4281,0.4287,0.428,0.4287,6706.0
2025-01-18 21:03:00,0.4281,0.4282,0.4281,0.4282,2074.0
2025-01-18 21:04:00,0.4282,0.4282,0.4282,0.4282,0.0
2025-01-18 21:05:00,0.4285,0.4285,0.4285,0.4285,11.0
2025-01-18 21:06:00,0.4292,0.4294,0.4291,0.4292,179.0
2025-01-18 21:07:00,0.4294,0.4299,0.4294,0.4299,943.0
2025-01-18 21:08:00,0.4298,0.4298,0.4298,0.4298,52.0
2025-01-18 21:09:00,0.43,0.4301,0.4296,0.4301,21539.0
2025-01-18 21:10:00,0.4302,0.4302,0.4302,0.4302,20.0
2025-01-18 21:11:00,0.4304,0.4306,0.4303,0.4303,247.0
2025-01-18 21:12:00,0.43,0.4301,0.43,0.4301,200.0
2025-01-18 21:13:00,0.43,0.43,0.43,0.43,632.0
2025-01-18 21:14:00,0.4302,0.4302,0.4302,0.4302,69.0
2025-01-18 21:15:00,0.4304,0.4309,0.4304,0.4309,1404.0
2025-01-18 21:16:00,0.4311,0.4314,0.4311,0.4314,3581.0
2025-01-18 21:17:00,0.4314,0.4314,0.4313,0.4313,68.0
2025-01-18 21:18:00,0.4309,0.4309,0.4308,0.4308,3309.0
2025-01-18 21:19:00,0.4305,0.4305,0.4304,0.4305,3007.0
2025-01-18 21:20:00,0.4307,0.4309,0.4304,0.4309,42188.0
2025-01-18 21:21:00,0.4307,0.4311,0.4307,0.431,14659.0
2025-01-18 21:22:00,0.4308,0.4309,0.4308,0.4309,1168.0
2025-01-18 21:23:00,0.4308,0.4308,0.4308,0.4308,270.0
2025-01-18 21:24:00,0.4305,0.4305,0.4302,0.4302,1197.0
2025-01-18 21:25:00,0.4306,0.4306,0.4306,0.4306,582.0
2025-01-18 21:26:00,0.4305,0.4307,0.4305,0.4306,603.0
2025-01-18 21:27:00,0.4307,0.4307,0.4307,0.4307,33.0
2025-01-18 21:28:00,0.4307,0.4307,0.4307,0.4307,0.0
2025-01-18 21:29:00,0.4307,0.4307,0.4307,0.4307,0.0
2025-01-18 21:30:00,0.4307,0.4307,0.4307,0.4307,0.0
2025-01-18 21:31:00,0.4293,0.4293,0.4293,0.4293,1894.0
2025-01-18 21:32:00,0.4289,0.4292,0.4289,0.4292,89.0
2025-01-18 21:33:00,0.4285,0.4285,0.4283,0.4284,72.0
2025-01-18 21:34:00,0.4287,0.4291,0.4287,0.4291,561.0
2025-01-18 21:35:00,0.4291,0.4291,0.4291,0.4291,40.0
2025-01-18 21:36:00,0.4293,0.4293,0.4288,0.4292,8763.0
2025-01-18 21:37:00,0.4293,0.4294,0.429,0.4292,1380.0
2025-01-18 21:38:00,0.4291,0.4295,0.4291,0.4295,1405.0
2025-01-18 21:39:00,0.4296,0.4297,0.4294,0.4297,5806.0
2025-01-18 21:40:00,0.4293,0.4299,0.4293,0.4297,781.0
2025-01-18 21:41:00,0.4294,0.4295,0.4293,0.4295,171.0
2025-01-18 21:42:00,0.4295,0.4296,0.4293,0.4296,157.0
2025-01-18 21:43:00,0.4294,0.4294,0.429,0.4292,2674.0
2025-01-18 21:44:00,0.4294,0.4299,0.4294,0.4295,26685.0
2025-01-18 21:45:00,0.4294,0.4297,0.4292,0.4292,242.0
2025-01-18 21:46:00,0.4291,0.4295,0.429,0.4295,883.0
2025-01-18 21:47:00,0.4297,0.43,0.4297,0.4299,511.0
2025-01-18 21:48:00,0.4298,0.4298,0.4297,0.4297,231.0
2025-01-18 21:49:00,0.4296,0.4297,0.4296,0.4297,1210.0
2025-01-18 21:50:00,0.4299,0.4301,0.4297,0.4297,73.0
2025-01-18 21:51:00,0.4297,0.4297,0.4291,0.4292,73.0
2025-01-18 21:52:00,0.4292,0.4293,0.4291,0.4293,2197.0
2025-01-18 21:53:00,0.4294,0.4296,0.4294,0.4294,686.0
2025-01-18 21:54:00,0.4293,0.4293,0.4293,0.4293,13.0
2025-01-18 21:55:00,0.429,0.429,0.4286,0.4286,1131.0
2025-01-18 21:56:00,0.4286,0.4286,0.4284,0.4284,4614.0
2025-01-18 21:57:00,0.4283,0.4287,0.4283,0.4287,658.0
2025-01-18 21:58:00,0.4286,0.4287,0.4286,0.4286,2722.0
2025-01-18 21:59:00,0.4287,0.429,0.4287,0.4288,988.0
2025-01-18 22:00:00,0.4286,0.4293,0.4285,0.4286,36885.0
2025-01-18 22:01:00,0.4289,0.4289,0.4286,0.4286,144.0
2025-01-18 22:02:00,0.4288,0.4293,0.4288,0.4292,560.0
2025-01-18 22:03:00,0.4292,0.4294,0.429,0.429,3769.0
2025-01-18 22:04:00,0.4293,0.4294,0.4288,0.4288,369.0
2025-01-18 22:05:00,0.4292,0.4297,0.4292,0.4297,1033.0
2025-01-18 22:06:00,0.4299,0.4302,0.4299,0.4302,1194.0
2025-01-18 22:07:00,0.4303,0.4304,0.4303,0.4303,1203.0
2025-01-18 22:08:00,0.4304,0.4309,0.4304,0.4309,1526.0
2025-01-18 22:09:00,0.4308,0.4309,0.4308,0.4309,1678.0
2025-01-18 22:10:00,0.4311,0.4312,0.431,0.4312,1804.0
2025-01-18 22:11:00,0.4311,0.4315,0.4311,0.4315,305.0
2025-01-18 22:12:00,0.4313,0.4313,0.4311,0.4312,905.0
2025-01-18 22:13:00,0.4315,0.4317,0.4315,0.4317,536.0
2025-01-18 22:14:00,0.4318,0.433,0.4318,0.433,8935.0
2025-01-18 22:15:00,0.4334,0.4334,0.4328,0.4328,3074.0
2025-01-18 22:16:00,0.4328,0.4328,0.4328,0.4328,24.0
2025-01-18 22:17:00,0.433,0.433,0.433,0.433,91.0
2025-01-18 22:18:00,0.4328,0.4335,0.4328,0.4335,1328.0
2025-01-18 22:19:00,0.4333,0.4333,0.4328,0.4331,2259.0
2025-01-18 22:20:00,0.4331,0.4331,0.4331,0.4331,1177.0
2025-01-18 22:21:00,0.4329,0.4333,0.4329,0.4333,622.0
2025-01-18 22:22:00,0.4335,0.4335,0.4335,0.4335,99.0
2025-01-18 22:23:00,0.433,0.433,0.4328,0.4328,59.0
2025-01-18 22:24:00,0.4329,0.4329,0.4329,0.4329,46.0
2025-01-18 22:25:00,0.4327,0.4327,0.4327,0.4327,261.0
2025-01-18 22:26:00,0.4329,0.4331,0.4329,0.433,1244.0
2025-01-18 22:27:00,0.4329,0.4329,0.4329,0.4329,1874.0
2025-01-18 22:28:00,0.4329,0.4332,0.4329,0.4329,4678.0
2025-01-18 22:29:00,0.4332,0.4333,0.4332,0.4333,635.0
2025-01-18 22:30:00,0.4333,0.4338,0.4333,0.4336,2012.0
2025-01-18 22:31:00,0.4333,0.4333,0.4333,0.4333,14.0
2025-01-18 22:32:00,0.4334,0.4334,0.4334,0.4334,91.0
2025-01-18 22:33:00,0.4334,0.4334,0.4334,0.4334,0.0
2025-01-18 22:34:00,0.4334,0.4334,0.433,0.4331,4374.0
2025-01-18 22:35:00,0.4332,0.4333,0.4332,0.4332,284.0
2025-01-18 22:36:00,0.4333,0.4333,0.4331,0.4331,4241.0
2025-01-18 22:37:00,0.4331,0.4331,0.4331,0.4331,53.0
2025-01-18 22:38:00,0.4332,0.4334,0.4331,0.4334,1286.0
2025-01-18 22:39:00,0.4333,0.4334,0.4333,0.4334,153.0
2025-01-18 22:40:00,0.4336,0.4336,0.4333,0.4333,1060.0
2025-01-18 22:41:00,0.4332,0.4332,0.433,0.433,1783.0
2025-01-18 22:42:00,0.433,0.433,0.433,0.433,798.0
2025-01-18 22:43:00,0.433,0.4331,0.433,0.433,743.0
2025-01-18 22:44:00,0.433,0.433,0.4328,0.4328,1359.0
2025-01-18 22:45:00,0.4327,0.4329,0.4327,0.4328,677.0
2025-01-18 22:46:00,0.4329,0.4329,0.4329,0.4329,31.0
2025-01-18 22:47:00,0.4329,0.4329,0.4328,0.4328,70.0
2025-01-18 22:48:00,0.4329,0.4329,0.4328,0.4328,748.0
2025-01-18 22:49:00,0.433,0.4331,0.433,0.4331,125.0
2025-01-18 22:50:00,0.4331,0.4331,0.433,0.433,87.0
2025-01-18 22:51:00,0.433,0.433,0.433,0.433,352.0
2025-01-18 22:52:00,0.4331,0.4331,0.4329,0.4329,128.0
2025-01-18 22:53:00,0.4329,0.4329,0.4329,0.4329,155.0
2025-01-18 22:54:00,0.4329,0.4335,0.4329,0.4333,1864.0
2025-01-18 22:55:00,0.4333,0.4333,0.4333,0.4333,0.0
2025-01-18 22:56:00,0.4327,0.4328,0.4327,0.4328,27.0
2025-01-18 22:57:00,0.4327,0.4327,0.4323,0.4324,344.0
2025-01-18 22:58:00,0.4324,0.4324,0.4323,0.4323,69.0
2025-01-18 22:59:00,0.4319,0.4319,0.4319,0.4319,48.0
2025-01-18 23:00:00,0.4319,0.4319,0.4318,0.4319,579.0
2025-01-18 23:01:00,0.4319,0.4324,0.4319,0.4324,51.0
2025-01-18 23:02:00,0.4324,0.4327,0.4324,0.4327,1705.0
2025-01-18 23:03:00,0.4327,0.4327,0.4327,0.4327,0.0
2025-01-18 23:04:00,0.4327,0.4327,0.4321,0.4321,1498.0
2025-01-18 23:05:00,0.4327,0.4327,0.4327,0.4327,50.0
2025-01-18 23:06:00,0.4325,0.4325,0.4324,0.4324,937.0
2025-01-18 23:07:00,0.4324,0.4324,0.4324,0.4324,931.0
2025-01-18 23:08:00,0.4321,0.4321,0.4321,0.4321,28.0
2025-01-18 23:09:00,0.4329,0.4329,0.4329,0.4329,224.0
2025-01-18 23:10:00,0.4328,0.4328,0.4324,0.4328,2359.0
2025-01-18 23:11:00,0.4331,0.4331,0.4329,0.4329,91.0
2025-01-18 23:12:00,0.4328,0.433,0.4326,0.4326,780.0
2025-01-18 23:13:00,0.4326,0.4326,0.4325,0.4325,2052.0
2025-01-18 23:14:00,0.433,0.433,0.433,0.433,45.0
2025-01-18 23:15:00,0.4326,0.4328,0.4326,0.4328,661.0
2025-01-18 23:16:00,0.4329,0.4336,0.4329,0.4335,7139.0
2025-01-18 23:17:00,0.4338,0.4342,0.4338,0.4342,6640.0
2025-01-18 23:18:00,0.4343,0.4345,0.4343,0.4345,1567.0
2025-01-18 23:19:00,0.4346,0.4346,0.4342,0.4342,1710.0
2025-01-18 23:20:00,0.4343,0.435,0.4342,0.435,3133.0
2025-01-18 23:21:00,0.4352,0.4358,0.4352,0.4358,3780.0
2025-01-18 23:22:00,0.4358,0.4369,0.4357,0.4369,25226.0
2025-01-18 23:23:00,0.4366,0.4367,0.4365,0.4366,3123.0
2025-01-18 23:24:00,0.4367,0.4369,0.436,0.4361,17048.0
2025-01-18 23:25:00,0.4361,0.4367,0.4361,0.4366,1576.0
2025-01-18 23:26:00,0.4367,0.4371,0.4367,0.4371,8495.0
2025-01-18 23:27:00,0.4372,0.4372,0.4372,0.4372,104.0
2025-01-18 23:28:00,0.4373,0.4373,0.4373,0.4373,3668.0
2025-01-18 23:29:00,0.4373,0.4381,0.4373,0.438,5640.0
2025-01-18 23:30:00,0.4379,0.438,0.4378,0.438,2367.0
2025-01-18 23:31:00,0.438,0.4383,0.438,0.4383,1238.0
2025-01-18 23:32:00,0.4384,0.4394,0.4384,0.4393,5065.0
2025-01-18 23:33:00,0.439,0.4393,0.4389,0.4393,3689.0
2025-01-18 23:34:00,0.4393,0.4393,0.4391,0.4393,2947.0
2025-01-18 23:35:00,0.4387,0.4387,0.4381,0.4381,4705.0
2025-01-18 23:36:00,0.4382,0.4386,0.438,0.4382,6678.0
2025-01-18 23:37:00,0.4384,0.4389,0.4382,0.4383,7899.0
2025-01-18 23:38:00,0.4383,0.4388,0.4383,0.4388,3272.0
2025-01-18 23:39:00,0.4383,0.4391,0.4383,0.4391,2460.0
2025-01-18 23:40:00,0.4391,0.4397,0.4391,0.4396,2931.0
2025-01-18 23:41:00,0.4394,0.4394,0.4379,0.4381,8308.0
2025-01-18 23:42:00,0.4381,0.4384,0.4379,0.4384,3728.0
2025-01-18 23:43:00,0.4382,0.4388,0.4382,0.4388,62.0
2025-01-18 23:44:00,0.4385,0.4386,0.4385,0.4386,1500.0
2025-01-18 23:45:00,0.4388,0.4388,0.4383,0.4386,25908.0
2025-01-18 23:46:00,0.4385,0.4385,0.4384,0.4384,29.0
2025-01-18 23:47:00,0.4388,0.4388,0.4384,0.4384,2866.0
2025-01-18 23:48:00,0.4385,0.4385,0.4385,0.4385,1477.0
2025-01-18 23:49:00,0.4384,0.4384,0.4382,0.4384,2574.0
2025-01-18 23:50:00,0.4383,0.4383,0.4382,0.4383,412.0
2025-01-18 23:51:00,0.4381,0.4381,0.4376,0.4381,1275.0
2025-01-18 23:52:00,0.4379,0.4379,0.4376,0.4376,156.0
2025-01-18 23:53:00,0.4378,0.4381,0.4378,0.4378,1143.0
2025-01-18 23:54:00,0.438,0.438,0.4376,0.4378,210.0
2025-01-18 23:55:00,0.4377,0.4377,0.4373,0.4377,9174.0
2025-01-18 23:56:00,0.4372,0.4375,0.4372,0.4375,71.0
2025-01-18 23:57:00,0.4373,0.4373,0.4373,0.4373,83.0
2025-01-18 23:58:00,0.4372,0.4372,0.437,0.4372,7540.0
2025-01-18 23:59:00,0.4369,0.4369,0.4369,0.4369,2128.0
2025-01-19 00:00:00,0.4368,0.4368,0.4359,0.4364,4594.0
2025-01-19 00:01:00,0.4364,0.4364,0.436,0.436,1168.0
2025-01-19 00:02:00,0.436,0.4361,0.4357,0.4358,4180.0
2025-01-19 00:03:00,0.4357,0.436,0.4356,0.4357,2998.0
2025-01-19 00:04:00,0.4354,0.4355,0.4351,0.4355,4943.0
2025-01-19 00:05:00,0.4355,0.4361,0.4355,0.4361,2218.0
2025-01-19 00:06:00,0.4363,0.4368,0.4359,0.4361,1858.0
2025-01-19 00:07:00,0.4358,0.4363,0.4358,0.4359,2479.0
2025-01-19 00:08:00,0.4361,0.4365,0.4361,0.4365,1451.0
2025-01-19 00:09:00,0.4366,0.4369,0.4364,0.4366,2726.0
2025-01-19 00:10:00,0.4363,0.4363,0.4363,0.4363,1107.0
2025-01-19 00:11:00,0.4361,0.4362,0.4361,0.4362,2200.0
2025-01-19 00:12:00,0.436,0.436,0.4357,0.4358,15923.0
2025-01-19 00:13:00,0.4362,0.4362,0.4361,0.4361,2508.0
2025-01-19 00:14:00,0.4358,0.4358,0.4358,0.4358,44.0
2025-01-19 00:15:00,0.4361,0.4366,0.4361,0.4366,749.0
2025-01-19 00:16:00,0.4366,0.4375,0.4366,0.4375,5769.0
2025-01-19 00:17:00,0.4377,0.4387,0.4377,0.4387,6147.0
2025-01-19 00:18:00,0.4386,0.4386,0.438,0.438,68.0
2025-01-19 00:19:00,0.439,0.4392,0.439,0.4391,318.0
2025-01-19 00:20:00,0.4393,0.4395,0.4392,0.4395,3666.0
2025-01-19 00:21:00,0.4397,0.4402,0.4397,0.4402,3534.0
2025-01-19 00:22:00,0.4404,0.4405,0.4401,0.4401,10967.0
2025-01-19 00:23:00,0.4403,0.4406,0.4402,0.4405,3484.0
2025-01-19 00:24:00,0.4405,0.4405,0.4397,0.4398,4971.0
2025-01-19 00:25:00,0.4397,0.4397,0.439,0.4394,18073.0
2025-01-19 00:26:00,0.4395,0.4402,0.4395,0.4402,2971.0
2025-01-19 00:27:00,0.4403,0.4404,0.4402,0.4404,136.0
2025-01-19 00:28:00,0.4405,0.4405,0.4405,0.4405,579.0
2025-01-19 00:29:00,0.4405,0.441,0.4405,0.4409,1319.0
2025-01-19 00:30:00,0.441,0.4417,0.4406,0.4417,45030.0
2025-01-19 00:31:00,0.4419,0.4424,0.4417,0.4418,5480.0
2025-01-19 00:32:00,0.4423,0.4423,0.4415,0.4418,6525.0
2025-01-19 00:33:00,0.4415,0.4415,0.4415,0.4415,1642.0
2025-01-19 00:34:00,0.442,0.442,0.442,0.442,125.0
2025-01-19 00:35:00,0.4417,0.4417,0.4414,0.4416,6310.0
2025-01-19 00:36:00,0.4409,0.4409,0.4404,0.4405,214.0
2025-01-19 00:37:00,0.4407,0.4407,0.4403,0.4406,3999.0
2025-01-19 00:38:00,0.4407,0.4408,0.4407,0.4407,1693.0
2025-01-19 00:39:00,0.4407,0.4413,0.4407,0.4413,2200.0
2025-01-19 00:40:00,0.4411,0.4415,0.441,0.4415,10779.0
2025-01-19 00:41:00,0.4416,0.4419,0.4413,0.4413,31509.0
2025-01-19 00:42:00,0.4412,0.4419,0.4411,0.4419,4074.0
2025-01-19 00:43:00,0.4419,0.4424,0.4419,0.4423,1656.0
2025-01-19 00:44:00,0.4422,0.4422,0.4419,0.4421,7042.0
2025-01-19 00:45:00,0.442,0.4427,0.442,0.4427,1450.0
2025-01-19 00:46:00,0.4428,0.443,0.4428,0.443,1288.0
2025-01-19 00:47:00,0.4429,0.4429,0.4429,0.4429,470.0
2025-01-19 00:48:00,0.4424,0.4424,0.4418,0.4419,986.0
2025-01-19 00:49:00,0.4415,0.4419,0.4415,0.4419,345.0
2025-01-19 00:50:00,0.4417,0.4428,0.4416,0.4426,10611.0
2025-01-19 00:51:00,0.4425,0.4425,0.4424,0.4425,11668.0
2025-01-19 00:52:00,0.4419,0.4425,0.4419,0.4425,1804.0
2025-01-19 00:53:00,0.4427,0.4428,0.4417,0.4417,31255.0
2025-01-19 00:54:00,0.4418,0.4418,0.4417,0.4417,39.0
2025-01-19 00:55:00,0.4415,0.4419,0.4415,0.4417,1357.0
2025-01-19 00:56:00,0.4413,0.4413,0.4413,0.4413,339.0
2025-01-19 00:57:00,0.4406,0.4406,0.4402,0.4403,121.0
2025-01-19 00:58:00,0.4406,0.4413,0.4406,0.4413,5972.0
2025-01-19 00:59:00,0.4408,0.4408,0.4406,0.4408,8190.0
2025-01-19 01:00:00,0.441,0.4411,0.4407,0.4409,1347.0
2025-01-19 01:01:00,0.4408,0.4408,0.4404,0.4404,2286.0
2025-01-19 01:02:00,0.4406,0.4421,0.4406,0.4421,4120.0
2025-01-19 01:03:00,0.4421,0.4425,0.4421,0.4425,5636.0
2025-01-19 01:04:00,0.4418,0.4418,0.4418,0.4418,626.0
2025-01-19 01:05:00,0.442,0.442,0.4418,0.4418,78.0
2025-01-19 01:06:00,0.4415,0.4421,0.4413,0.4421,984.0
2025-01-19 01:07:00,0.4421,0.4429,0.4421,0.4429,1897.0
2025-01-19 01:08:00,0.4425,0.4431,0.4425,0.4431,730.0
2025-01-19 01:09:00,0.4433,0.4435,0.4429,0.4435,2478.0
2025-01-19 01:10:00,0.4437,0.4442,0.4435,0.4441,50988.0
2025-01-19 01:11:00,0.4443,0.4447,0.4443,0.4446,6189.0
2025-01-19 01:12:00,0.4445,0.4447,0.4442,0.4444,2222.0
2025-01-19 01:13:00,0.4445,0.4446,0.4443,0.4445,4400.0
2025-01-19 01:14:00,0.4446,0.4447,0.444,0.4441,3450.0
2025-01-19 01:15:00,0.4441,0.4445,0.444,0.4443,4714.0
2025-01-19 01:16:00,0.4439,0.4439,0.4429,0.4432,8492.0
2025-01-19 01:17:00,0.4432,0.4434,0.4429,0.4434,6799.0
2025-01-19 01:18:00,0.4435,0.4436,0.4426,0.4427,4440.0
2025-01-19 01:19:00,0.4428,0.4431,0.4427,0.443,13676.0
2025-01-19 01:20:00,0.443,0.4434,0.443,0.4431,1906.0
2025-01-19 01:21:00,0.4432,0.4435,0.4427,0.4427,2147.0
2025-01-19 01:22:00,0.4431,0.4431,0.4428,0.4428,68.0
2025-01-19 01:23:00,0.4426,0.4426,0.4426,0.4426,45.0
2025-01-19 01:24:00,0.4423,0.4428,0.4423,0.4428,26697.0
2025-01-19 01:25:00,0.4424,0.4424,0.4424,0.4424,28.0
2025-01-19 01:26:00,0.4426,0.4428,0.4422,0.4428,2446.0
2025-01-19 01:27:00,0.4421,0.4429,0.4421,0.4429,6241.0
2025-01-19 01:28:00,0.4428,0.4428,0.4428,0.4428,16.0
2025-01-19 01:29:00,0.443,0.4435,0.4429,0.4429,28434.0
2025-01-19 01:30:00,0.4435,0.4438,0.4429,0.4429,2367.0
2025-01-19 01:31:00,0.4429,0.4429,0.4429,0.4429,0.0
2025-01-19 01:32:00,0.443,0.443,0.4425,0.4425,1376.0
2025-01-19 01:33:00,0.4424,0.4424,0.4424,0.4424,1599.0
2025-01-19 01:34:00,0.4423,0.4424,0.4423,0.4424,1834.0
2025-01-19 01:35:00,0.4431,0.4435,0.4431,0.4435,6846.0
2025-01-19 01:36:00,0.4435,0.4435,0.4433,0.4433,3515.0
2025-01-19 01:37:00,0.4433,0.4435,0.4433,0.4434,866.0
2025-01-19 01:38:00,0.4436,0.4445,0.4436,0.4444,1862.0
2025-01-19 01:39:00,0.4448,0.4448,0.4446,0.4446,69.0
2025-01-19 01:40:00,0.4446,0.445,0.4444,0.445,2167.0
2025-01-19 01:41:00,0.445,0.4451,0.4446,0.4449,7919.0
2025-01-19 01:42:00,0.4448,0.4452,0.4448,0.445,1393.0
2025-01-19 01:43:00,0.4451,0.4453,0.445,0.4453,1612.0
2025-01-19 01:44:00,0.4454,0.4454,0.445,0.4452,3750.0
2025-01-19 01:45:00,0.4452,0.4456,0.4452,0.4456,2559.0
2025-01-19 01:46:00,0.4457,0.4459,0.4453,0.4457,2483.0
2025-01-19 01:47:00,0.4457,0.4461,0.4456,0.4459,3370.0
2025-01-19 01:48:00,0.446,0.4461,0.4459,0.446,3136.0
2025-01-19 01:49:00,0.4459,0.4461,0.4458,0.4461,1129.0
2025-01-19 01:50:00,0.4461,0.4464,0.4461,0.4464,2227.0
2025-01-19 01:51:00,0.4464,0.4464,0.446,0.446,1156.0
2025-01-19 01:52:00,0.446,0.4465,0.446,0.4465,15630.0
2025-01-19 01:53:00,0.4465,0.4468,0.4465,0.4468,1153.0
2025-01-19 01:54:00,0.4467,0.447,0.4467,0.447,4705.0
2025-01-19 01:55:00,0.4464,0.4464,0.4461,0.4461,2942.0
2025-01-19 01:56:00,0.446,0.4468,0.446,0.4468,538.0
2025-01-19 01:57:00,0.4467,0.4468,0.4465,0.4465,852.0
2025-01-19 01:58:00,0.4462,0.4464,0.4462,0.4464,43.0
2025-01-19 01:59:00,0.4464,0.447,0.4464,0.4467,4842.0
2025-01-19 02:00:00,0.4467,0.4468,0.4467,0.4468,126.0
2025-01-19 02:01:00,0.4464,0.4464,0.4455,0.4457,6892.0
2025-01-19 02:02:00,0.4458,0.4462,0.4455,0.4462,11637.0
2025-01-19 02:03:00,0.4461,0.4463,0.446,0.4463,5677.0
2025-01-19 02:04:00,0.4464,0.4465,0.4463,0.4465,1404.0
2025-01-19 02:05:00,0.4465,0.4465,0.4465,0.4465,0.0
2025-01-19 02:06:00,0.4455,0.4461,0.4455,0.4461,1515.0
2025-01-19 02:07:00,0.4459,0.4463,0.4459,0.4463,1581.0
2025-01-19 02:08:00,0.4465,0.4468,0.4465,0.4468,3313.0
2025-01-19 02:09:00,0.4467,0.4467,0.4455,0.4456,10954.0
2025-01-19 02:10:00,0.4457,0.4457,0.4456,0.4456,360.0
2025-01-19 02:11:00,0.4458,0.4458,0.4454,0.4454,39.0
2025-01-19 02:12:00,0.4454,0.4454,0.4454,0.4454,0.0
2025-01-19 02:13:00,0.4458,0.4458,0.4457,0.4457,511.0
2025-01-19 02:14:00,0.4459,0.4466,0.4459,0.4466,821.0
2025-01-19 02:15:00,0.446,0.446,0.446,0.446,219.0
2025-01-19 02:16:00,0.446,0.446,0.446,0.446,0.0
2025-01-19 02:17:00,0.4461,0.4461,0.4461,0.4461,44.0
2025-01-19 02:18:00,0.446,0.4462,0.446,0.4462,973.0
2025-01-19 02:19:00,0.4462,0.4462,0.4462,0.4462,0.0
2025-01-19 02:20:00,0.4462,0.4463,0.4461,0.4462,1765.0
2025-01-19 02:21:00,0.4463,0.4468,0.4463,0.4468,3721.0
2025-01-19 02:22:00,0.4468,0.4471,0.4468,0.4471,2453.0
2025-01-19 02:23:00,0.4472,0.4481,0.4472,0.4481,7084.0
2025-01-19 02:24:00,0.4476,0.4481,0.4476,0.4481,1718.0
2025-01-19 02:25:00,0.4481,0.4481,0.4481,0.4481,0.0
2025-01-19 02:26:00,0.4482,0.4482,0.448,0.448,3224.0
2025-01-19 02:27:00,0.4474,0.4476,0.4474,0.4476,851.0
2025-01-19 02:28:00,0.4476,0.4476,0.4476,0.4476,0.0
2025-01-19 02:29:00,0.4475,0.4476,0.4475,0.4476,287.0
2025-01-19 02:30:00,0.4476,0.4476,0.4476,0.4476,0.0
2025-01-19 02:31:00,0.4474,0.4477,0.447,0.4471,3382.0
2025-01-19 02:32:00,0.4468,0.4468,0.4462,0.4462,1682.0
2025-01-19 02:33:00,0.4459,0.4459,0.4455,0.4458,2132.0
2025-01-19 02:34:00,0.4456,0.4459,0.4455,0.4459,319.0
2025-01-19 02:35:00,0.4456,0.4457,0.4456,0.4457,1090.0
2025-01-19 02:36:00,0.4457,0.4459,0.4457,0.4459,3644.0
2025-01-19 02:37:00,0.4459,0.4459,0.4459,0.4459,0.0
2025-01-19 02:38:00,0.4473,0.4473,0.4473,0.4473,259.0
2025-01-19 02:39:00,0.4472,0.4474,0.4472,0.4474,443.0
2025-01-19 02:40:00,0.4475,0.4479,0.4475,0.4479,508.0
2025-01-19 02:41:00,0.4479,0.4481,0.4475,0.4481,17335.0
2025-01-19 02:42:00,0.4481,0.4482,0.448,0.4482,2323.0
2025-01-19 02:43:00,0.4481,0.4484,0.4481,0.4484,1101.0
2025-01-19 02:44:00,0.4482,0.4482,0.448,0.448,599.0
2025-01-19 02:45:00,0.448,0.448,0.4475,0.4475,2951.0
2025-01-19 02:46:00,0.4475,0.4475,0.4475,0.4475,0.0
2025-01-19 02:47:00,0.4469,0.4469,0.4467,0.4467,79.0
2025-01-19 02:48:00,0.4468,0.4468,0.4464,0.4464,1317.0
2025-01-19 02:49:00,0.4464,0.4466,0.4461,0.4461,8812.0
2025-01-19 02:50:00,0.446,0.446,0.4456,0.4459,2013.0
2025-01-19 02:51:00,0.4461,0.4461,0.4458,0.4459,1120.0
2025-01-19 02:52:00,0.4463,0.4463,0.4463,0.4463,46.0
2025-01-19 02:53:00,0.4462,0.4462,0.4462,0.4462,44.0
2025-01-19 02:54:00,0.4462,0.4463,0.4458,0.4458,3589.0
2025-01-19 02:55:00,0.4459,0.4459,0.4456,0.4456,1902.0
2025-01-19 02:56:00,0.4456,0.4456,0.4452,0.4453,2350.0
2025-01-19 02:57:00,0.4451,0.4451,0.4448,0.4448,636.0
2025-01-19 02:58:00,0.4449,0.4449,0.4445,0.4445,380.0
2025-01-19 02:59:00,0.444,0.4446,0.4436,0.4446,4066.0
2025-01-19 03:00:00,0.4446,0.4446,0.4437,0.4437,10593.0
2025-01-19 03:01:00,0.4437,0.4439,0.4437,0.4439,805.0
2025-01-19 03:02:00,0.4437,0.4443,0.4434,0.4443,5673.0
2025-01-19 03:03:00,0.4441,0.4441,0.4436,0.4436,1197.0
2025-01-19 03:04:00,0.4436,0.4441,0.4436,0.4439,4035.0
2025-01-19 03:05:00,0.444,0.4446,0.444,0.4443,780.0
2025-01-19 03:06:00,0.4444,0.4444,0.4436,0.4436,136.0
2025-01-19 03:07:00,0.4433,0.4433,0.4433,0.4433,903.0
2025-01-19 03:08:00,0.4429,0.4431,0.4423,0.4424,2081.0
2025-01-19 03:09:00,0.4424,0.4424,0.4424,0.4424,226.0
2025-01-19 03:10:00,0.4422,0.4422,0.4417,0.4417,2287.0
2025-01-19 03:11:00,0.4415,0.4419,0.4414,0.4419,1474.0
2025-01-19 03:12:00,0.4412,0.4412,0.4412,0.4412,43.0
2025-01-19 03:13:00,0.4415,0.4415,0.4415,0.4415,350.0
2025-01-19 03:14:00,0.4415,0.4415,0.4415,0.4415,0.0
2025-01-19 03:15:00,0.4419,0.4419,0.4414,0.4415,7566.0
2025-01-19 03:16:00,0.4416,0.4417,0.4416,0.4417,599.0
2025-01-19 03:17:00,0.4415,0.4418,0.4414,0.4418,1671.0
2025-01-19 03:18:00,0.4419,0.4425,0.4419,0.4425,2386.0
2025-01-19 03:19:00,0.4421,0.4421,0.4421,0.4421,12.0
2025-01-19 03:20:00,0.4425,0.4426,0.4424,0.4424,4783.0
2025-01-19 03:21:00,0.4426,0.4426,0.4426,0.4426,12.0
2025-01-19 03:22:00,0.4421,0.4421,0.4415,0.4415,1061.0
2025-01-19 03:23:00,0.4417,0.4417,0.4417,0.4417,13.0
2025-01-19 03:24:00,0.4412,0.4412,0.4404,0.4406,4134.0
2025-01-19 03:25:00,0.4406,0.4406,0.4402,0.4405,10081.0
2025-01-19 03:26:00,0.44,0.4406,0.44,0.4406,255.0
2025-01-19 03:27:00,0.4406,0.4406,0.4406,0.4406,0.0
2025-01-19 03:28:00,0.4403,0.4403,0.4403,0.4403,44.0
2025-01-19 03:29:00,0.4403,0.4407,0.4401,0.4407,5534.0
2025-01-19 03:30:00,0.4415,0.4415,0.4413,0.4413,760.0
2025-01-19 03:31:00,0.4418,0.4418,0.4408,0.4408,2314.0
2025-01-19 03:32:00,0.4411,0.4412,0.4411,0.4412,72.0
2025-01-19 03:33:00,0.4405,0.4405,0.4403,0.4403,3548.0
2025-01-19 03:34:00,0.44,0.44,0.4397,0.4397,1533.0
2025-01-19 03:35:00,0.4398,0.4398,0.4393,0.4393,3817.0
2025-01-19 03:36:00,0.4394,0.4402,0.4394,0.4402,1456.0
2025-01-19 03:37:00,0.4401,0.4401,0.4396,0.4398,1871.0
2025-01-19 03:38:00,0.4399,0.4402,0.4398,0.4398,763.0
2025-01-19 03:39:00,0.4398,0.4399,0.4395,0.4398,2244.0
2025-01-19 03:40:00,0.4394,0.4394,0.438,0.4385,38688.0
2025-01-19 03:41:00,0.4385,0.4387,0.4385,0.4385,2572.0
2025-01-19 03:42:00,0.4384,0.4386,0.4383,0.4386,2169.0
2025-01-19 03:43:00,0.4386,0.4386,0.4382,0.4382,2390.0
2025-01-19 03:44:00,0.4384,0.4386,0.4384,0.4386,1537.0
2025-01-19 03:45:00,0.4386,0.4389,0.4385,0.4389,2935.0
2025-01-19 03:46:00,0.4392,0.4393,0.4392,0.4393,252.0
2025-01-19 03:47:00,0.4396,0.4411,0.4393,0.441,4398.0
2025-01-19 03:48:00,0.4409,0.441,0.4407,0.4409,2517.0
2025-01-19 03:49:00,0.4408,0.4416,0.4408,0.4415,1887.0
2025-01-19 03:50:00,0.4417,0.4421,0.4417,0.4419,13562.0
2025-01-19 03:51:00,0.4418,0.4421,0.4418,0.4418,1633.0
2025-01-19 03:52:00,0.4417,0.4418,0.4415,0.4415,3176.0
2025-01-19 03:53:00,0.4416,0.4416,0.4413,0.4413,2733.0
2025-01-19 03:54:00,0.4413,0.4413,0.4413,0.4413,842.0
2025-01-19 03:55:00,0.4415,0.4415,0.4411,0.4412,289.0
2025-01-19 03:56:00,0.4413,0.4413,0.4413,0.4413,61.0
2025-01-19 03:57:00,0.4408,0.4408,0.4396,0.4396,5384.0
2025-01-19 03:58:00,0.4396,0.4396,0.4392,0.4392,7005.0
2025-01-19 03:59:00,0.439,0.439,0.4385,0.4385,6290.0
2025-01-19 04:00:00,0.4386,0.4386,0.4379,0.4379,4428.0
2025-01-19 04:01:00,0.4377,0.4377,0.4366,0.4372,20973.0
2025-01-19 04:02:00,0.437,0.4377,0.437,0.4377,6640.0
2025-01-19 04:03:00,0.4379,0.4381,0.4374,0.4374,2986.0
2025-01-19 04:04:00,0.4374,0.4377,0.437,0.4377,6367.0
2025-01-19 04:05:00,0.4374,0.4377,0.4373,0.4377,787.0
2025-01-19 04:06:00,0.4377,0.4381,0.4374,0.4377,10005.0
2025-01-19 04:07:00,0.4381,0.4388,0.4381,0.4385,2857.0
2025-01-19 04:08:00,0.4387,0.4387,0.4379,0.4381,309.0
2025-01-19 04:09:00,0.4379,0.4379,0.4371,0.4371,1754.0
2025-01-19 04:10:00,0.4372,0.4374,0.4369,0.4369,4348.0
2025-01-19 04:11:00,0.4369,0.4369,0.4362,0.4362,3967.0
2025-01-19 04:12:00,0.4366,0.4369,0.4365,0.4366,1829.0
2025-01-19 04:13:00,0.4367,0.4384,0.4367,0.4384,15369.0
2025-01-19 04:14:00,0.4389,0.4394,0.4385,0.4385,16320.0
2025-01-19 04:15:00,0.4389,0.4399,0.4385,0.4393,10918.0
2025-01-19 04:16:00,0.4393,0.4393,0.4371,0.4376,18016.0
2025-01-19 04:17:00,0.438,0.438,0.4359,0.4362,17242.0
2025-01-19 04:18:00,0.4362,0.4364,0.4349,0.4356,18681.0
2025-01-19 04:19:00,0.4357,0.4372,0.4352,0.4362,46898.0
2025-01-19 04:20:00,0.4363,0.4366,0.4359,0.4365,10884.0
2025-01-19 04:21:00,0.4376,0.4383,0.4373,0.4374,5712.0
2025-01-19 04:22:00,0.4375,0.4378,0.437,0.4372,4044.0
2025-01-19 04:23:00,0.4367,0.4378,0.4367,0.4377,6756.0
2025-01-19 04:24:00,0.438,0.4389,0.4379,0.4381,2389.0
2025-01-19 04:25:00,0.4391,0.4398,0.4387,0.4398,4775.0
2025-01-19 04:26:00,0.4395,0.4395,0.4376,0.4378,11381.0
2025-01-19 04:27:00,0.4378,0.438,0.4373,0.4376,2225.0
2025-01-19 04:28:00,0.4374,0.4379,0.4373,0.4379,1342.0
2025-01-19 04:29:00,0.4375,0.4382,0.4375,0.4382,1345.0
2025-01-19 04:30:00,0.4368,0.4368,0.4352,0.4352,11088.0
2025-01-19 04:31:00,0.4347,0.4351,0.4344,0.4349,5699.0
2025-01-19 04:32:00,0.435,0.435,0.4336,0.4344,7584.0
2025-01-19 04:33:00,0.4348,0.4348,0.4341,0.4341,7838.0
2025-01-19 04:34:00,0.434,0.4344,0.4336,0.4343,10810.0
2025-01-19 04:35:00,0.4344,0.4353,0.4344,0.4352,19534.0
2025-01-19 04:36:00,0.4352,0.436,0.4349,0.436,5577.0
2025-01-19 04:37:00,0.4358,0.4365,0.4358,0.4365,1105.0
2025-01-19 04:38:00,0.4359,0.437,0.4357,0.437,5324.0
2025-01-19 04:39:00,0.4371,0.4371,0.4364,0.4368,2891.0
2025-01-19 04:40:00,0.4366,0.4368,0.436,0.4363,1735.0
2025-01-19 04:41:00,0.4357,0.4357,0.4352,0.4352,14570.0
2025-01-19 04:42:00,0.4352,0.4362,0.4352,0.4362,10814.0
2025-01-19 04:43:00,0.4363,0.4363,0.4358,0.4363,2164.0
2025-01-19 04:44:00,0.4361,0.4363,0.4352,0.4354,3719.0
2025-01-19 04:45:00,0.4352,0.4352,0.4351,0.4352,2089.0
2025-01-19 04:46:00,0.4351,0.4354,0.4346,0.4354,1070.0
2025-01-19 04:47:00,0.436,0.4368,0.436,0.4365,3923.0
2025-01-19 04:48:00,0.4367,0.4372,0.4364,0.437,1664.0
2025-01-19 04:49:00,0.4366,0.4368,0.4359,0.4362,6139.0
2025-01-19 04:50:00,0.4364,0.4374,0.4364,0.4366,7536.0
2025-01-19 04:51:00,0.4364,0.4364,0.435,0.4351,5252.0
2025-01-19 04:52:00,0.4352,0.4363,0.4352,0.4363,1531.0
2025-01-19 04:53:00,0.4362,0.4363,0.436,0.4362,5060.0
2025-01-19 04:54:00,0.4365,0.4365,0.4359,0.4359,3632.0
2025-01-19 04:55:00,0.4359,0.4359,0.435,0.435,1484.0
2025-01-19 04:56:00,0.435,0.4352,0.435,0.4351,550.0
2025-01-19 04:57:00,0.4347,0.4352,0.4347,0.435,2320.0
2025-01-19 04:58:00,0.4352,0.4356,0.4352,0.4354,4563.0
2025-01-19 04:59:00,0.4351,0.4351,0.4346,0.435,953.0
2025-01-19 05:00:00,0.4348,0.4353,0.434,0.4353,2919.0
2025-01-19 05:01:00,0.4354,0.4354,0.4348,0.4349,630.0
2025-01-19 05:02:00,0.4342,0.4342,0.4335,0.4335,3660.0
2025-01-19 05:03:00,0.4339,0.4345,0.4335,0.4336,2350.0
2025-01-19 05:04:00,0.4342,0.4342,0.4333,0.4333,1787.0
2025-01-19 05:05:00,0.4332,0.4335,0.4327,0.433,13478.0
2025-01-19 05:06:00,0.433,0.4341,0.4325,0.434,22565.0
2025-01-19 05:07:00,0.4342,0.4347,0.434,0.4343,6845.0
2025-01-19 05:08:00,0.4344,0.4345,0.4332,0.4335,4381.0
2025-01-19 05:09:00,0.4335,0.4336,0.4321,0.4324,7446.0
2025-01-19 05:10:00,0.4327,0.4331,0.4327,0.4327,336.0
2025-01-19 05:11:00,0.4321,0.4323,0.432,0.4323,3064.0
2025-01-19 05:12:00,0.4324,0.433,0.4322,0.433,8725.0
2025-01-19 05:13:00,0.4331,0.4331,0.4314,0.4318,18644.0
2025-01-19 05:14:00,0.4317,0.4317,0.4314,0.4314,1540.0
2025-01-19 05:15:00,0.4315,0.4316,0.4309,0.4309,6348.0
2025-01-19 05:16:00,0.4308,0.4308,0.4292,0.4306,380589.0
2025-01-19 05:17:00,0.4309,0.431,0.4297,0.4298,17841.0
2025-01-19 05:18:00,0.4299,0.43,0.4296,0.4298,10858.0
2025-01-19 05:19:00,0.4297,0.4305,0.4294,0.4305,7774.0
2025-01-19 05:20:00,0.4309,0.4309,0.4309,0.4309,285.0
2025-01-19 05:21:00,0.4312,0.4324,0.4312,0.4324,15354.0
2025-01-19 05:22:00,0.4327,0.4331,0.4327,0.4329,7147.0
2025-01-19 05:23:00,0.4331,0.4331,0.4329,0.4329,9245.0
2025-01-19 05:24:00,0.4329,0.4329,0.4327,0.4329,3320.0
2025-01-19 05:25:00,0.433,0.433,0.4327,0.433,7438.0
2025-01-19 05:26:00,0.4332,0.4332,0.432,0.4324,142056.0
2025-01-19 05:27:00,0.4323,0.4323,0.4317,0.4318,25263.0
2025-01-19 05:28:00,0.4318,0.4319,0.4315,0.4317,14426.0
2025-01-19 05:29:00,0.4317,0.4318,0.4305,0.4317,106012.0
2025-01-19 05:30:00,0.4315,0.432,0.4314,0.4315,2317.0
2025-01-19 05:31:00,0.4314,0.4314,0.4304,0.4304,1797.0
2025-01-19 05:32:00,0.4303,0.4306,0.4299,0.4301,4229.0
2025-01-19 05:33:00,0.4301,0.4304,0.4298,0.4304,11776.0
2025-01-19 05:34:00,0.4303,0.4303,0.43,0.4302,3490.0
2025-01-19 05:35:00,0.4299,0.4299,0.4297,0.4297,4258.0
2025-01-19 05:36:00,0.43,0.4309,0.43,0.4309,1473.0
2025-01-19 05:37:00,0.4309,0.4309,0.4303,0.4303,1169.0
2025-01-19 05:38:00,0.4306,0.431,0.4304,0.4309,1365.0
2025-01-19 05:39:00,0.4308,0.4308,0.4302,0.4302,1725.0
2025-01-19 05:40:00,0.4302,0.4302,0.4296,0.4296,5501.0
2025-01-19 05:41:00,0.4296,0.4296,0.4291,0.4291,3240.0
2025-01-19 05:42:00,0.4291,0.4295,0.429,0.4295,14325.0
2025-01-19 05:43:00,0.4293,0.4295,0.429,0.4295,2735.0
2025-01-19 05:44:00,0.429,0.4295,0.4288,0.4295,6432.0
2025-01-19 05:45:00,0.4298,0.43,0.4296,0.4298,21188.0
2025-01-19 05:46:00,0.43,0.43,0.429,0.429,4425.0
2025-01-19 05:47:00,0.4288,0.4288,0.428,0.4285,8527.0
2025-01-19 05:48:00,0.4286,0.4286,0.4281,0.4286,8091.0
2025-01-19 05:49:00,0.4287,0.4301,0.4286,0.4301,5259.0
2025-01-19 05:50:00,0.4303,0.4315,0.4301,0.4315,7493.0
2025-01-19 05:51:00,0.4315,0.4318,0.4314,0.4318,3762.0
2025-01-19 05:52:00,0.4319,0.4321,0.4316,0.4318,8888.0
2025-01-19 05:53:00,0.4319,0.4319,0.4315,0.4318,1584.0
2025-01-19 05:54:00,0.4317,0.4321,0.4317,0.4321,1247.0
2025-01-19 05:55:00,0.4321,0.4323,0.4318,0.4319,9007.0
2025-01-19 05:56:00,0.4327,0.4328,0.432,0.4325,4992.0
2025-01-19 05:57:00,0.4325,0.4325,0.432,0.432,325.0
2025-01-19 05:58:00,0.432,0.432,0.432,0.432,162.0
2025-01-19 05:59:00,0.4318,0.4325,0.4318,0.4325,9304.0
2025-01-19 06:00:00,0.4327,0.4327,0.4322,0.4324,4931.0
2025-01-19 06:01:00,0.4318,0.4328,0.4318,0.4324,10038.0
2025-01-19 06:02:00,0.4324,0.4324,0.4324,0.4324,6441.0
2025-01-19 06:03:00,0.4323,0.4323,0.4309,0.4312,4224.0
2025-01-19 06:04:00,0.4309,0.4309,0.4304,0.4307,2664.0
2025-01-19 06:05:00,0.4308,0.4309,0.4305,0.4307,1435.0
2025-01-19 06:06:00,0.431,0.431,0.4305,0.4305,2368.0
2025-01-19 06:07:00,0.431,0.4312,0.4308,0.4312,1849.0
2025-01-19 06:08:00,0.4312,0.4312,0.4312,0.4312,211.0
2025-01-19 06:09:00,0.4312,0.4316,0.4312,0.4316,522.0
2025-01-19 06:10:00,0.4312,0.4312,0.4312,0.4312,45.0
2025-01-19 06:11:00,0.4312,0.4313,0.4311,0.4311,1675.0
2025-01-19 06:12:00,0.4317,0.4317,0.4311,0.4311,2362.0
2025-01-19 06:13:00,0.431,0.431,0.4309,0.4309,1093.0
2025-01-19 06:14:00,0.4308,0.4308,0.4306,0.4308,2507.0
2025-01-19 06:15:00,0.4311,0.4313,0.4307,0.4307,102.0
2025-01-19 06:16:00,0.4311,0.4312,0.4308,0.4308,3329.0
2025-01-19 06:17:00,0.431,0.431,0.4306,0.4306,283.0
2025-01-19 06:18:00,0.4304,0.4304,0.4295,0.4295,17399.0
2025-01-19 06:19:00,0.4295,0.4296,0.4292,0.4292,1008.0
2025-01-19 06:20:00,0.4292,0.4295,0.429,0.4295,1319.0
2025-01-19 06:21:00,0.4298,0.4303,0.4298,0.43,7090.0
