timestamp,open,high,low,close,volume
2025-01-13 00:00:00,0.3468,0.3468,0.3465,0.3467,9273.67
2025-01-13 00:01:00,0.3468,0.3468,0.3463,0.3463,503.46
2025-01-13 00:02:00,0.347,0.347,0.347,0.347,18.3
2025-01-13 00:03:00,0.3469,0.3471,0.3466,0.3466,1420.4
2025-01-13 00:04:00,0.3466,0.3466,0.3466,0.3466,0.0
2025-01-13 00:05:00,0.3473,0.3473,0.3471,0.3471,140.82
2025-01-13 00:06:00,0.3474,0.3474,0.347,0.347,225.99
2025-01-13 00:07:00,0.3473,0.3473,0.3473,0.3473,18.26
2025-01-13 00:08:00,0.3477,0.348,0.3477,0.3479,1100.0
2025-01-13 00:09:00,0.3478,0.3478,0.3475,0.3475,977.73
2025-01-13 00:10:00,0.3475,0.3475,0.3473,0.3474,141.39
2025-01-13 00:11:00,0.3476,0.3476,0.3476,0.3476,1242.2
2025-01-13 00:12:00,0.3474,0.348,0.3474,0.348,103.99
2025-01-13 00:13:00,0.348,0.348,0.348,0.348,0.0
2025-01-13 00:14:00,0.348,0.348,0.348,0.348,0.0
2025-01-13 00:15:00,0.3475,0.3475,0.3475,0.3475,18.31
2025-01-13 00:16:00,0.3478,0.3479,0.3478,0.3479,76.38
2025-01-13 00:17:00,0.3479,0.3479,0.3479,0.3479,0.0
2025-01-13 00:18:00,0.3479,0.3479,0.3479,0.3479,0.0
2025-01-13 00:19:00,0.3477,0.3477,0.3477,0.3477,95.0
2025-01-13 00:20:00,0.347,0.347,0.347,0.347,346.0
2025-01-13 00:21:00,0.347,0.347,0.3469,0.347,461.09
2025-01-13 00:22:00,0.347,0.347,0.347,0.347,0.0
2025-01-13 00:23:00,0.348,0.348,0.348,0.348,18.23
2025-01-13 00:24:00,0.3481,0.3483,0.3481,0.3483,419.8
2025-01-13 00:25:00,0.3485,0.3489,0.3485,0.3489,704.28
2025-01-13 00:26:00,0.3491,0.3502,0.3491,0.3501,2001.83
2025-01-13 00:27:00,0.3501,0.3501,0.3501,0.3501,20614.07
2025-01-13 00:28:00,0.3512,0.3525,0.3512,0.3521,5904.35
2025-01-13 00:29:00,0.3519,0.3523,0.3519,0.3519,1251.15
2025-01-13 00:30:00,0.3518,0.3524,0.3518,0.3524,3410.25
2025-01-13 00:31:00,0.3529,0.3536,0.3527,0.3535,5610.71
2025-01-13 00:32:00,0.3543,0.3552,0.3541,0.3543,5107.77
2025-01-13 00:33:00,0.3539,0.3546,0.3538,0.3546,5895.16
2025-01-13 00:34:00,0.3547,0.3549,0.3544,0.3544,10612.98
2025-01-13 00:35:00,0.3544,0.3551,0.3544,0.3547,243.25
2025-01-13 00:36:00,0.3549,0.3557,0.3549,0.3557,10434.51
2025-01-13 00:37:00,0.3557,0.3557,0.3551,0.3551,8038.08
2025-01-13 00:38:00,0.3547,0.3551,0.3546,0.3551,2712.85
2025-01-13 00:39:00,0.3556,0.3556,0.3551,0.3554,1250.64
2025-01-13 00:40:00,0.3555,0.3558,0.3554,0.3554,941.37
2025-01-13 00:41:00,0.3557,0.3569,0.3555,0.3564,87608.77
2025-01-13 00:42:00,0.3564,0.3564,0.3558,0.3561,8345.93
2025-01-13 00:43:00,0.3559,0.3559,0.3554,0.3555,1144.27
2025-01-13 00:44:00,0.3556,0.3556,0.3546,0.3546,2112.0
2025-01-13 00:45:00,0.355,0.3551,0.3542,0.3542,6070.96
2025-01-13 00:46:00,0.3542,0.3542,0.3537,0.3542,5842.91
2025-01-13 00:47:00,0.3542,0.3542,0.3536,0.3536,3236.91
2025-01-13 00:48:00,0.3535,0.3537,0.3533,0.3533,545.82
2025-01-13 00:49:00,0.3535,0.3541,0.3535,0.3541,398.38
2025-01-13 00:50:00,0.3538,0.3544,0.3538,0.3544,132.84
2025-01-13 00:51:00,0.3545,0.3545,0.3537,0.3537,3194.57
2025-01-13 00:52:00,0.3537,0.3537,0.3535,0.3535,2875.46
2025-01-13 00:53:00,0.3534,0.3537,0.3534,0.3537,504.84
2025-01-13 00:54:00,0.3537,0.3537,0.3537,0.3537,0.0
2025-01-13 00:55:00,0.3532,0.3532,0.3532,0.3532,2864.98
2025-01-13 00:56:00,0.3528,0.353,0.3528,0.3529,516.9
2025-01-13 00:57:00,0.3529,0.3529,0.3529,0.3529,14.29
2025-01-13 00:58:00,0.3528,0.3528,0.3525,0.3525,6667.11
2025-01-13 00:59:00,0.3525,0.3525,0.3525,0.3525,0.0
2025-01-13 01:00:00,0.3528,0.3533,0.3528,0.3533,541.66
2025-01-13 01:01:00,0.3533,0.3533,0.3528,0.353,809.05
2025-01-13 01:02:00,0.3528,0.3528,0.3517,0.3517,14882.06
2025-01-13 01:03:00,0.3519,0.3519,0.3513,0.3514,7264.85
2025-01-13 01:04:00,0.3514,0.3521,0.3514,0.3519,4306.06
2025-01-13 01:05:00,0.3516,0.3518,0.3507,0.3508,7126.14
2025-01-13 01:06:00,0.3508,0.3508,0.3506,0.3506,1046.9
2025-01-13 01:07:00,0.3505,0.3509,0.3505,0.3507,237.41
2025-01-13 01:08:00,0.3507,0.3507,0.3507,0.3507,0.0
2025-01-13 01:09:00,0.3506,0.3511,0.3506,0.351,1431.46
2025-01-13 01:10:00,0.3512,0.3513,0.3512,0.3513,460.62
2025-01-13 01:11:00,0.3513,0.3513,0.3513,0.3513,0.0
2025-01-13 01:12:00,0.3504,0.3505,0.3504,0.3505,143.27
2025-01-13 01:13:00,0.3504,0.3504,0.35,0.35,2210.17
2025-01-13 01:14:00,0.3495,0.3495,0.3493,0.3493,387.33
2025-01-13 01:15:00,0.3492,0.3496,0.349,0.349,770.34
2025-01-13 01:16:00,0.3494,0.3494,0.3487,0.3487,2323.59
2025-01-13 01:17:00,0.3487,0.3489,0.3486,0.3486,697.88
2025-01-13 01:18:00,0.3486,0.3489,0.3486,0.3486,2175.32
2025-01-13 01:19:00,0.3489,0.3493,0.3489,0.349,495.96
2025-01-13 01:20:00,0.3488,0.3488,0.3488,0.3488,310.5
2025-01-13 01:21:00,0.3493,0.3495,0.3493,0.3495,954.68
2025-01-13 01:22:00,0.3495,0.3495,0.3495,0.3495,0.0
2025-01-13 01:23:00,0.3495,0.3495,0.3495,0.3495,90.89
2025-01-13 01:24:00,0.3498,0.3502,0.3498,0.3501,4591.11
2025-01-13 01:25:00,0.3501,0.3501,0.3501,0.3501,0.0
2025-01-13 01:26:00,0.3503,0.3503,0.3503,0.3503,179.84
2025-01-13 01:27:00,0.3504,0.3504,0.3504,0.3504,94.5
2025-01-13 01:28:00,0.3501,0.3501,0.3501,0.3501,158.73
2025-01-13 01:29:00,0.3501,0.3501,0.3501,0.3501,0.0
2025-01-13 01:30:00,0.3498,0.3498,0.3495,0.3497,930.35
2025-01-13 01:31:00,0.3496,0.3498,0.3493,0.3498,1087.61
2025-01-13 01:32:00,0.3503,0.3511,0.3503,0.3511,4623.22
2025-01-13 01:33:00,0.3511,0.3511,0.3511,0.3511,0.0
2025-01-13 01:34:00,0.3511,0.3511,0.3511,0.3511,0.0
2025-01-13 01:35:00,0.3509,0.3509,0.3509,0.3509,74.0
2025-01-13 01:36:00,0.3504,0.3504,0.3504,0.3504,122.57
2025-01-13 01:37:00,0.3504,0.3504,0.3504,0.3504,0.0
2025-01-13 01:38:00,0.3497,0.3497,0.349,0.349,646.0
2025-01-13 01:39:00,0.3491,0.3491,0.3491,0.3491,51.0
2025-01-13 01:40:00,0.3488,0.3488,0.3484,0.3485,422.37
2025-01-13 01:41:00,0.3479,0.3479,0.3479,0.3479,49.0
2025-01-13 01:42:00,0.3477,0.3481,0.3476,0.3481,800.9
2025-01-13 01:43:00,0.3482,0.3483,0.348,0.348,816.45
2025-01-13 01:44:00,0.3482,0.3482,0.3482,0.3482,73.0
2025-01-13 01:45:00,0.3488,0.3488,0.3488,0.3488,22.03
2025-01-13 01:46:00,0.349,0.349,0.349,0.349,220.0
2025-01-13 01:47:00,0.348,0.3483,0.348,0.3483,788.54
2025-01-13 01:48:00,0.3481,0.3482,0.3481,0.3482,331.27
2025-01-13 01:49:00,0.3478,0.3478,0.3461,0.3461,2615.6
2025-01-13 01:50:00,0.3461,0.347,0.3461,0.3469,1185.07
2025-01-13 01:51:00,0.3466,0.3467,0.3464,0.3466,2695.19
2025-01-13 01:52:00,0.3464,0.3467,0.3464,0.3467,125.28
2025-01-13 01:53:00,0.3459,0.3459,0.3459,0.3459,66.44
2025-01-13 01:54:00,0.3457,0.3457,0.3455,0.3456,2084.05
2025-01-13 01:55:00,0.3457,0.3457,0.3457,0.3457,131.01
2025-01-13 01:56:00,0.3455,0.3455,0.3454,0.3454,3528.4
2025-01-13 01:57:00,0.346,0.346,0.3458,0.3458,1957.42
2025-01-13 01:58:00,0.3454,0.346,0.3454,0.346,2115.71
2025-01-13 01:59:00,0.3459,0.3461,0.3459,0.3461,151.77
2025-01-13 02:00:00,0.3464,0.3469,0.3464,0.3469,496.69
2025-01-13 02:01:00,0.3463,0.3466,0.3461,0.3461,428.11
2025-01-13 02:02:00,0.3456,0.3456,0.3456,0.3456,56.24
2025-01-13 02:03:00,0.3455,0.3456,0.3452,0.3452,225.77
2025-01-13 02:04:00,0.3454,0.3454,0.3454,0.3454,23.95
2025-01-13 02:05:00,0.3453,0.3453,0.3448,0.3448,2678.44
2025-01-13 02:06:00,0.3449,0.3449,0.3449,0.3449,19.0
2025-01-13 02:07:00,0.3454,0.3454,0.3447,0.3448,4965.91
2025-01-13 02:08:00,0.3448,0.3448,0.3448,0.3448,100.04
2025-01-13 02:09:00,0.345,0.345,0.345,0.345,181.69
2025-01-13 02:10:00,0.3452,0.3455,0.3451,0.3451,2068.13
2025-01-13 02:11:00,0.345,0.345,0.345,0.345,18.0
2025-01-13 02:12:00,0.345,0.345,0.345,0.345,0.0
2025-01-13 02:13:00,0.345,0.345,0.345,0.345,0.0
2025-01-13 02:14:00,0.3453,0.3453,0.3453,0.3453,3467.06
2025-01-13 02:15:00,0.3449,0.3449,0.3447,0.3449,3711.42
2025-01-13 02:16:00,0.3455,0.3459,0.3455,0.3458,7048.64
2025-01-13 02:17:00,0.3456,0.3456,0.3456,0.3456,52.0
2025-01-13 02:18:00,0.3454,0.3454,0.3454,0.3454,323.23
2025-01-13 02:19:00,0.3454,0.3454,0.3454,0.3454,0.0
2025-01-13 02:20:00,0.3445,0.3445,0.3443,0.3443,953.03
2025-01-13 02:21:00,0.3443,0.3443,0.3443,0.3443,0.0
2025-01-13 02:22:00,0.3436,0.3436,0.3432,0.3433,447.47
2025-01-13 02:23:00,0.3433,0.3435,0.3433,0.3433,5589.22
2025-01-13 02:24:00,0.3431,0.3431,0.3431,0.3431,525.29
2025-01-13 02:25:00,0.3431,0.3432,0.3428,0.3432,833.99
2025-01-13 02:26:00,0.3434,0.3436,0.3434,0.3436,3288.59
2025-01-13 02:27:00,0.3434,0.3434,0.3433,0.3434,574.16
2025-01-13 02:28:00,0.3434,0.3434,0.3434,0.3434,159.65
2025-01-13 02:29:00,0.3434,0.3434,0.3434,0.3434,0.0
2025-01-13 02:30:00,0.3427,0.3427,0.3426,0.3426,1653.3
2025-01-13 02:31:00,0.3426,0.3426,0.342,0.342,882.89
2025-01-13 02:32:00,0.3421,0.3422,0.3417,0.3417,3563.33
2025-01-13 02:33:00,0.3418,0.3418,0.3418,0.3418,49.52
2025-01-13 02:34:00,0.3418,0.3428,0.3418,0.3428,3775.24
2025-01-13 02:35:00,0.3422,0.3422,0.3417,0.3417,3678.39
2025-01-13 02:36:00,0.3417,0.3417,0.3417,0.3417,19.0
2025-01-13 02:37:00,0.3417,0.3417,0.3417,0.3417,0.0
2025-01-13 02:38:00,0.3413,0.3413,0.3408,0.3409,5646.89
2025-01-13 02:39:00,0.341,0.341,0.3406,0.3409,5369.61
2025-01-13 02:40:00,0.3409,0.3411,0.3408,0.3408,1742.55
2025-01-13 02:41:00,0.3406,0.3408,0.3406,0.3406,3696.56
2025-01-13 02:42:00,0.3405,0.3405,0.3404,0.3404,1709.85
2025-01-13 02:43:00,0.3408,0.3409,0.3408,0.3409,258.73
2025-01-13 02:44:00,0.3405,0.3405,0.3405,0.3405,352.98
2025-01-13 02:45:00,0.3402,0.3402,0.3398,0.3402,1971.86
2025-01-13 02:46:00,0.3399,0.3399,0.3397,0.3398,82.99
2025-01-13 02:47:00,0.3394,0.3394,0.3394,0.3394,81.07
2025-01-13 02:48:00,0.3395,0.3397,0.3389,0.339,2524.88
2025-01-13 02:49:00,0.3391,0.3392,0.3386,0.3386,2090.74
2025-01-13 02:50:00,0.3385,0.3385,0.3377,0.3377,14162.07
2025-01-13 02:51:00,0.3379,0.338,0.3375,0.3378,11522.06
2025-01-13 02:52:00,0.3378,0.3378,0.3374,0.3374,5699.6
2025-01-13 02:53:00,0.3375,0.3376,0.3375,0.3376,625.41
2025-01-13 02:54:00,0.338,0.3386,0.3379,0.3385,9284.04
2025-01-13 02:55:00,0.3384,0.3388,0.3384,0.3385,3531.98
2025-01-13 02:56:00,0.3384,0.3388,0.3384,0.3388,281.88
2025-01-13 02:57:00,0.339,0.3396,0.3389,0.3396,2081.56
2025-01-13 02:58:00,0.3396,0.3401,0.3396,0.3401,1271.2
2025-01-13 02:59:00,0.3401,0.3401,0.3401,0.3401,0.0
2025-01-13 03:00:00,0.34,0.3401,0.3398,0.3399,854.34
2025-01-13 03:01:00,0.3401,0.3415,0.3401,0.3414,4056.99
2025-01-13 03:02:00,0.3416,0.3416,0.3412,0.3412,84.18
2025-01-13 03:03:00,0.3417,0.3417,0.3417,0.3417,99.3
2025-01-13 03:04:00,0.3419,0.3419,0.3417,0.3419,377.49
2025-01-13 03:05:00,0.3416,0.3418,0.3413,0.3418,279.26
2025-01-13 03:06:00,0.3417,0.3417,0.3417,0.3417,17.0
2025-01-13 03:07:00,0.3415,0.3415,0.3415,0.3415,39.01
2025-01-13 03:08:00,0.3415,0.3415,0.3415,0.3415,0.0
2025-01-13 03:09:00,0.3415,0.3415,0.3415,0.3415,248.9
2025-01-13 03:10:00,0.3412,0.3412,0.341,0.341,305.14
2025-01-13 03:11:00,0.3407,0.3407,0.3403,0.3403,417.67
2025-01-13 03:12:00,0.3403,0.3403,0.3403,0.3403,0.0
2025-01-13 03:13:00,0.3403,0.3403,0.3403,0.3403,0.0
2025-01-13 03:14:00,0.3403,0.3403,0.3403,0.3403,0.0
2025-01-13 03:15:00,0.3401,0.3401,0.3399,0.3399,1989.34
2025-01-13 03:16:00,0.3396,0.3403,0.3395,0.3403,392.15
2025-01-13 03:17:00,0.3403,0.3403,0.3403,0.3403,0.0
2025-01-13 03:18:00,0.3397,0.3397,0.3395,0.3397,60.01
2025-01-13 03:19:00,0.3392,0.3402,0.339,0.3402,8462.32
2025-01-13 03:20:00,0.3395,0.3397,0.3393,0.3397,184.96
2025-01-13 03:21:00,0.3397,0.3397,0.3397,0.3397,0.0
2025-01-13 03:22:00,0.3397,0.3397,0.3397,0.3397,0.0
2025-01-13 03:23:00,0.3389,0.339,0.3388,0.339,132.49
2025-01-13 03:24:00,0.3388,0.3388,0.3388,0.3388,88.68
2025-01-13 03:25:00,0.3391,0.3391,0.3391,0.3391,74.61
2025-01-13 03:26:00,0.3391,0.3395,0.3391,0.3395,299.76
2025-01-13 03:27:00,0.3398,0.3402,0.3398,0.3398,2270.38
2025-01-13 03:28:00,0.3395,0.3397,0.3395,0.3397,178.3
2025-01-13 03:29:00,0.3397,0.3397,0.3397,0.3397,0.0
2025-01-13 03:30:00,0.3397,0.3397,0.3397,0.3397,32.41
2025-01-13 03:31:00,0.3404,0.3404,0.3401,0.3402,63.05
2025-01-13 03:32:00,0.34,0.3401,0.3398,0.3398,2290.34
2025-01-13 03:33:00,0.3392,0.3392,0.3389,0.3389,733.15
2025-01-13 03:34:00,0.3396,0.3396,0.3396,0.3396,103.24
2025-01-13 03:35:00,0.3396,0.3396,0.3396,0.3396,0.0
2025-01-13 03:36:00,0.3403,0.3405,0.3401,0.3401,2691.44
2025-01-13 03:37:00,0.3399,0.3399,0.3399,0.3399,18.75
2025-01-13 03:38:00,0.3401,0.3401,0.3401,0.3401,18.76
2025-01-13 03:39:00,0.3397,0.3397,0.3397,0.3397,18.78
2025-01-13 03:40:00,0.3399,0.3399,0.3397,0.3397,51.11
2025-01-13 03:41:00,0.3397,0.3397,0.3391,0.3394,1372.32
2025-01-13 03:42:00,0.3391,0.3391,0.3391,0.3391,400.0
2025-01-13 03:43:00,0.3391,0.3391,0.3391,0.3391,0.0
2025-01-13 03:44:00,0.3391,0.3391,0.3391,0.3391,0.0
2025-01-13 03:45:00,0.339,0.339,0.3362,0.3364,6169.08
2025-01-13 03:46:00,0.3366,0.3372,0.3362,0.337,3358.97
2025-01-13 03:47:00,0.3366,0.3366,0.3353,0.3356,3019.33
2025-01-13 03:48:00,0.3352,0.336,0.3349,0.3359,2274.75
2025-01-13 03:49:00,0.3359,0.3368,0.3359,0.3363,1626.24
2025-01-13 03:50:00,0.336,0.336,0.336,0.336,36.0
2025-01-13 03:51:00,0.336,0.3363,0.336,0.3363,200.41
2025-01-13 03:52:00,0.3365,0.3374,0.3365,0.3373,4886.0
2025-01-13 03:53:00,0.337,0.3372,0.337,0.3372,34.13
2025-01-13 03:54:00,0.3372,0.3372,0.3372,0.3372,0.0
2025-01-13 03:55:00,0.3371,0.3371,0.3371,0.3371,18.91
2025-01-13 03:56:00,0.3368,0.3368,0.3368,0.3368,18.95
2025-01-13 03:57:00,0.337,0.337,0.337,0.337,131.94
2025-01-13 03:58:00,0.3371,0.3371,0.3371,0.3371,64.37
2025-01-13 03:59:00,0.3372,0.3372,0.3372,0.3372,18.0
2025-01-13 04:00:00,0.3366,0.3366,0.3362,0.3362,95.48
2025-01-13 04:01:00,0.3361,0.3361,0.3361,0.3361,19.0
2025-01-13 04:02:00,0.3359,0.3369,0.3359,0.3369,1182.73
2025-01-13 04:03:00,0.337,0.3379,0.337,0.3379,257.5
2025-01-13 04:04:00,0.3378,0.3381,0.3377,0.3377,206.16
2025-01-13 04:05:00,0.3379,0.3382,0.3379,0.3382,51.96
2025-01-13 04:06:00,0.338,0.338,0.338,0.338,53.65
2025-01-13 04:07:00,0.3376,0.3376,0.3375,0.3375,311.64
2025-01-13 04:08:00,0.3378,0.3378,0.3378,0.3378,18.93
2025-01-13 04:09:00,0.3383,0.3383,0.3382,0.3382,602.0
2025-01-13 04:10:00,0.3383,0.3383,0.3378,0.3379,1307.38
2025-01-13 04:11:00,0.3385,0.3388,0.3385,0.3388,1660.91
2025-01-13 04:12:00,0.3391,0.3394,0.339,0.339,570.66
2025-01-13 04:13:00,0.3392,0.3392,0.3389,0.3389,700.2
2025-01-13 04:14:00,0.3389,0.3389,0.3389,0.3389,18.84
2025-01-13 04:15:00,0.339,0.3397,0.339,0.3397,52.76
2025-01-13 04:16:00,0.3396,0.3405,0.3396,0.3405,2144.52
2025-01-13 04:17:00,0.3404,0.3406,0.3404,0.3406,2729.32
2025-01-13 04:18:00,0.3404,0.3407,0.3404,0.3406,81.96
2025-01-13 04:19:00,0.3405,0.3407,0.3405,0.3407,77.46
2025-01-13 04:20:00,0.3405,0.3407,0.3402,0.3402,10745.77
2025-01-13 04:21:00,0.3405,0.3405,0.3405,0.3405,18.59
2025-01-13 04:22:00,0.3405,0.3405,0.3403,0.3403,106.76
2025-01-13 04:23:00,0.3402,0.3402,0.3402,0.3402,18.77
2025-01-13 04:24:00,0.3409,0.3418,0.3409,0.3415,11796.54
2025-01-13 04:25:00,0.3417,0.3421,0.3417,0.3421,410.4
2025-01-13 04:26:00,0.3427,0.3428,0.3424,0.3428,931.83
2025-01-13 04:27:00,0.3424,0.3424,0.3424,0.3424,18.64
2025-01-13 04:28:00,0.3424,0.3424,0.3423,0.3424,216.92
2025-01-13 04:29:00,0.3423,0.3423,0.3422,0.3422,119.18
2025-01-13 04:30:00,0.3417,0.3417,0.3416,0.3417,564.53
2025-01-13 04:31:00,0.3421,0.3421,0.3419,0.3419,70.11
2025-01-13 04:32:00,0.3426,0.3426,0.3423,0.3423,5110.24
2025-01-13 04:33:00,0.3423,0.3423,0.342,0.342,15387.08
2025-01-13 04:34:00,0.342,0.342,0.3416,0.3417,3193.58
2025-01-13 04:35:00,0.3417,0.3417,0.3407,0.3407,1742.38
2025-01-13 04:36:00,0.3413,0.3414,0.341,0.341,145.07
2025-01-13 04:37:00,0.3407,0.3407,0.3403,0.3405,288.78
2025-01-13 04:38:00,0.3402,0.3403,0.3402,0.3403,49.88
2025-01-13 04:39:00,0.3403,0.3403,0.3403,0.3403,0.0
2025-01-13 04:40:00,0.3403,0.3403,0.3403,0.3403,0.0
2025-01-13 04:41:00,0.3412,0.3412,0.341,0.341,160.89
2025-01-13 04:42:00,0.341,0.341,0.3408,0.3408,924.02
2025-01-13 04:43:00,0.3408,0.3408,0.3408,0.3408,0.0
2025-01-13 04:44:00,0.3404,0.3404,0.3404,0.3404,37.55
2025-01-13 04:45:00,0.3404,0.3404,0.3404,0.3404,0.0
2025-01-13 04:46:00,0.3396,0.3396,0.3394,0.3394,1994.5
2025-01-13 04:47:00,0.3401,0.3401,0.3398,0.34,7108.46
2025-01-13 04:48:00,0.3392,0.3393,0.3388,0.339,4609.89
2025-01-13 04:49:00,0.339,0.339,0.339,0.339,0.0
2025-01-13 04:50:00,0.3389,0.3391,0.3389,0.3391,2760.44
2025-01-13 04:51:00,0.3389,0.3394,0.3389,0.3392,134.34
2025-01-13 04:52:00,0.3392,0.3392,0.3392,0.3392,0.0
2025-01-13 04:53:00,0.3392,0.3392,0.3392,0.3392,0.0
2025-01-13 04:54:00,0.3388,0.3388,0.3386,0.3386,644.37
2025-01-13 04:55:00,0.3384,0.3385,0.3384,0.3385,107.86
2025-01-13 04:56:00,0.3383,0.3383,0.3383,0.3383,18.81
2025-01-13 04:57:00,0.3388,0.3388,0.3388,0.3388,62.08
2025-01-13 04:58:00,0.3388,0.3388,0.3388,0.3388,0.0
2025-01-13 04:59:00,0.339,0.339,0.3389,0.3389,107.7
2025-01-13 05:00:00,0.3389,0.3389,0.3389,0.3389,0.0
2025-01-13 05:01:00,0.3383,0.3383,0.3383,0.3383,81.87
2025-01-13 05:02:00,0.3382,0.3385,0.3382,0.3382,2337.41
2025-01-13 05:03:00,0.3381,0.3382,0.3379,0.3382,587.15
2025-01-13 05:04:00,0.3377,0.3377,0.3375,0.3376,64.37
2025-01-13 05:05:00,0.3374,0.3374,0.3372,0.3372,669.3
2025-01-13 05:06:00,0.3369,0.337,0.3366,0.3366,271.12
2025-01-13 05:07:00,0.3366,0.3379,0.3366,0.3379,2673.3
2025-01-13 05:08:00,0.3375,0.3375,0.3375,0.3375,16.27
2025-01-13 05:09:00,0.3373,0.3374,0.3372,0.3374,359.25
2025-01-13 05:10:00,0.3373,0.3373,0.3372,0.3372,245.0
2025-01-13 05:11:00,0.3373,0.3373,0.3373,0.3373,150.0
2025-01-13 05:12:00,0.3373,0.3373,0.3373,0.3373,0.0
2025-01-13 05:13:00,0.3373,0.3373,0.3373,0.3373,0.0
2025-01-13 05:14:00,0.3375,0.3375,0.3375,0.3375,148.14
2025-01-13 05:15:00,0.3378,0.3385,0.3378,0.3385,1921.8
2025-01-13 05:16:00,0.3386,0.3386,0.3386,0.3386,137.31
2025-01-13 05:17:00,0.3386,0.3386,0.3386,0.3386,0.0
2025-01-13 05:18:00,0.338,0.338,0.3378,0.3378,2126.9
2025-01-13 05:19:00,0.3381,0.3381,0.3381,0.3381,69.95
2025-01-13 05:20:00,0.3379,0.3379,0.3379,0.3379,96.92
2025-01-13 05:21:00,0.3379,0.3379,0.3379,0.3379,0.0
2025-01-13 05:22:00,0.3385,0.3385,0.3383,0.3384,357.67
2025-01-13 05:23:00,0.3377,0.3377,0.3374,0.3374,501.16
2025-01-13 05:24:00,0.3376,0.3376,0.3373,0.3373,1646.26
2025-01-13 05:25:00,0.3369,0.3369,0.3367,0.3367,921.5
2025-01-13 05:26:00,0.3367,0.3367,0.3363,0.3364,458.77
2025-01-13 05:27:00,0.3364,0.3364,0.3364,0.3364,0.0
2025-01-13 05:28:00,0.3369,0.3369,0.3369,0.3369,182.06
2025-01-13 05:29:00,0.3369,0.3369,0.3369,0.3369,0.0
2025-01-13 05:30:00,0.337,0.337,0.337,0.337,75.79
2025-01-13 05:31:00,0.3374,0.3374,0.3371,0.3371,173.77
2025-01-13 05:32:00,0.3371,0.3371,0.3369,0.3369,217.29
2025-01-13 05:33:00,0.3365,0.3366,0.3365,0.3365,188.6
2025-01-13 05:34:00,0.3365,0.3365,0.3365,0.3365,0.0
2025-01-13 05:35:00,0.3362,0.3366,0.3362,0.3366,220.86
2025-01-13 05:36:00,0.3363,0.3363,0.3363,0.3363,18.0
2025-01-13 05:37:00,0.3363,0.3363,0.3363,0.3363,0.0
2025-01-13 05:38:00,0.336,0.336,0.336,0.336,540.27
2025-01-13 05:39:00,0.3355,0.3358,0.3355,0.3358,2250.85
2025-01-13 05:40:00,0.3357,0.3363,0.3357,0.3363,1110.86
2025-01-13 05:41:00,0.3358,0.3358,0.3356,0.3357,3094.09
2025-01-13 05:42:00,0.3368,0.3369,0.3364,0.3364,16395.29
2025-01-13 05:43:00,0.3361,0.3361,0.3359,0.3361,1022.05
2025-01-13 05:44:00,0.3361,0.3361,0.3361,0.3361,0.0
2025-01-13 05:45:00,0.3359,0.3359,0.3353,0.3353,912.87
2025-01-13 05:46:00,0.3354,0.3354,0.3352,0.3352,177.55
2025-01-13 05:47:00,0.3351,0.3351,0.3347,0.3347,750.09
2025-01-13 05:48:00,0.335,0.335,0.3343,0.3347,7987.11
2025-01-13 05:49:00,0.3346,0.3346,0.3346,0.3346,33.72
2025-01-13 05:50:00,0.3346,0.335,0.3345,0.335,4209.41
2025-01-13 05:51:00,0.335,0.335,0.3349,0.3349,3989.1
2025-01-13 05:52:00,0.3355,0.3355,0.335,0.335,8772.53
2025-01-13 05:53:00,0.3353,0.3358,0.3353,0.3357,75.38
2025-01-13 05:54:00,0.3357,0.3357,0.3357,0.3357,0.0
2025-01-13 05:55:00,0.3353,0.3353,0.3353,0.3353,47.17
2025-01-13 05:56:00,0.335,0.335,0.335,0.335,20.0
2025-01-13 05:57:00,0.3348,0.3348,0.3348,0.3348,630.0
2025-01-13 05:58:00,0.3348,0.3348,0.3348,0.3348,0.0
2025-01-13 05:59:00,0.3346,0.3347,0.3346,0.3347,107.51
2025-01-13 06:00:00,0.3346,0.3348,0.3346,0.3348,776.05
2025-01-13 06:01:00,0.3347,0.3347,0.3347,0.3347,24.0
2025-01-13 06:02:00,0.3346,0.3346,0.3342,0.3342,1100.71
2025-01-13 06:03:00,0.334,0.334,0.3339,0.3339,187.35
2025-01-13 06:04:00,0.3346,0.3348,0.3344,0.3348,1119.72
2025-01-13 06:05:00,0.3358,0.336,0.3356,0.336,1384.72
2025-01-13 06:06:00,0.3359,0.3362,0.3358,0.3362,606.1
2025-01-13 06:07:00,0.336,0.3368,0.3359,0.3368,2733.47
2025-01-13 06:08:00,0.3364,0.3364,0.3361,0.3361,786.58
2025-01-13 06:09:00,0.3359,0.3359,0.3357,0.3358,903.18
2025-01-13 06:10:00,0.336,0.336,0.336,0.336,19.02
2025-01-13 06:11:00,0.3358,0.3358,0.3355,0.3355,5909.56
2025-01-13 06:12:00,0.3355,0.3357,0.3354,0.3357,2120.0
2025-01-13 06:13:00,0.3358,0.336,0.3357,0.3359,4014.88
2025-01-13 06:14:00,0.3358,0.3358,0.3358,0.3358,116.0
2025-01-13 06:15:00,0.3358,0.3358,0.3351,0.3351,2628.89
2025-01-13 06:16:00,0.3352,0.3352,0.3345,0.3349,5664.94
2025-01-13 06:17:00,0.3348,0.3348,0.3343,0.3345,1787.03
2025-01-13 06:18:00,0.3344,0.3349,0.334,0.3349,4840.34
2025-01-13 06:19:00,0.3349,0.3349,0.3344,0.3347,8292.06
2025-01-13 06:20:00,0.3346,0.3347,0.3342,0.3342,8867.68
2025-01-13 06:21:00,0.3349,0.3349,0.3348,0.3348,729.91
2025-01-13 06:22:00,0.3351,0.3351,0.3351,0.3351,580.0
2025-01-13 06:23:00,0.3351,0.3352,0.3351,0.3352,529.73
2025-01-13 06:24:00,0.335,0.3354,0.335,0.3353,5656.59
2025-01-13 06:25:00,0.3355,0.3356,0.3355,0.3356,55.58
2025-01-13 06:26:00,0.3347,0.3347,0.3344,0.3344,157.22
2025-01-13 06:27:00,0.3344,0.3344,0.3337,0.3338,1563.33
2025-01-13 06:28:00,0.3338,0.3339,0.3335,0.3337,2890.43
2025-01-13 06:29:00,0.334,0.334,0.334,0.334,19.14
2025-01-13 06:30:00,0.3348,0.3349,0.3348,0.3349,39.55
2025-01-13 06:31:00,0.3348,0.3348,0.3343,0.3343,245.16
2025-01-13 06:32:00,0.3341,0.3341,0.3341,0.3341,91.68
2025-01-13 06:33:00,0.3335,0.3335,0.3335,0.3335,2633.64
2025-01-13 06:34:00,0.3335,0.3335,0.3332,0.3332,5563.48
2025-01-13 06:35:00,0.333,0.3332,0.3323,0.3323,28848.36
2025-01-13 06:36:00,0.332,0.3327,0.3317,0.3317,19196.44
2025-01-13 06:37:00,0.3317,0.3319,0.3317,0.3319,40.22
2025-01-13 06:38:00,0.332,0.3326,0.332,0.3326,1684.63
2025-01-13 06:39:00,0.3326,0.3328,0.3326,0.3328,7698.3
2025-01-13 06:40:00,0.3326,0.3327,0.3325,0.3327,301.08
2025-01-13 06:41:00,0.3331,0.3331,0.3326,0.3327,6726.13
2025-01-13 06:42:00,0.3328,0.3328,0.3328,0.3328,20.81
2025-01-13 06:43:00,0.3328,0.3328,0.3328,0.3328,0.0
2025-01-13 06:44:00,0.3324,0.3324,0.3324,0.3324,4884.07
2025-01-13 06:45:00,0.3323,0.3325,0.3321,0.3322,7760.55
2025-01-13 06:46:00,0.3321,0.3321,0.3316,0.3316,4084.38
2025-01-13 06:47:00,0.3314,0.3315,0.3308,0.3309,11242.59
2025-01-13 06:48:00,0.3309,0.3315,0.3309,0.3314,6043.0
2025-01-13 06:49:00,0.332,0.3324,0.3315,0.3315,3512.82
2025-01-13 06:50:00,0.3315,0.3315,0.3315,0.3315,0.0
2025-01-13 06:51:00,0.331,0.331,0.33,0.3301,42593.21
2025-01-13 06:52:00,0.3304,0.331,0.3304,0.3307,8265.79
2025-01-13 06:53:00,0.331,0.331,0.3301,0.3301,835.96
2025-01-13 06:54:00,0.3301,0.3301,0.3297,0.33,99007.31
2025-01-13 06:55:00,0.33,0.33,0.3295,0.3297,2512.98
2025-01-13 06:56:00,0.3295,0.3304,0.3295,0.33,7704.23
2025-01-13 06:57:00,0.3299,0.3306,0.3299,0.3305,1148.64
2025-01-13 06:58:00,0.3307,0.3312,0.3307,0.3308,4840.53
2025-01-13 06:59:00,0.3304,0.3309,0.3304,0.3307,731.71
2025-01-13 07:00:00,0.3308,0.3315,0.3308,0.331,6761.49
2025-01-13 07:01:00,0.3313,0.3319,0.3312,0.3319,1233.88
2025-01-13 07:02:00,0.3317,0.3317,0.3312,0.3313,368.95
2025-01-13 07:03:00,0.3315,0.3315,0.3311,0.3311,421.97
2025-01-13 07:04:00,0.3318,0.3319,0.331,0.331,10735.7
2025-01-13 07:05:00,0.331,0.331,0.3301,0.3301,9934.71
2025-01-13 07:06:00,0.3302,0.3302,0.33,0.33,10867.75
2025-01-13 07:07:00,0.3305,0.3305,0.3303,0.3305,2110.05
2025-01-13 07:08:00,0.3307,0.3315,0.3307,0.3314,2708.55
2025-01-13 07:09:00,0.3316,0.3322,0.3316,0.3322,11718.54
2025-01-13 07:10:00,0.333,0.333,0.333,0.333,61.4
2025-01-13 07:11:00,0.3329,0.3329,0.3329,0.3329,20.0
2025-01-13 07:12:00,0.3323,0.3323,0.3321,0.3321,1553.09
2025-01-13 07:13:00,0.3323,0.3323,0.3321,0.3321,131.96
2025-01-13 07:14:00,0.3321,0.3321,0.3321,0.3321,0.0
2025-01-13 07:15:00,0.3317,0.3317,0.3312,0.3314,3075.69
2025-01-13 07:16:00,0.3314,0.3314,0.3313,0.3313,784.5
2025-01-13 07:17:00,0.3316,0.3322,0.3313,0.3322,756.01
2025-01-13 07:18:00,0.3322,0.3325,0.3322,0.3325,241.41
2025-01-13 07:19:00,0.3324,0.3326,0.3323,0.3323,1112.78
2025-01-13 07:20:00,0.333,0.333,0.333,0.333,43.93
2025-01-13 07:21:00,0.333,0.3331,0.3327,0.3331,4986.61
2025-01-13 07:22:00,0.3332,0.3337,0.3332,0.3337,561.8
2025-01-13 07:23:00,0.3337,0.3337,0.3337,0.3337,0.0
2025-01-13 07:24:00,0.3333,0.3335,0.3333,0.3334,106.52
2025-01-13 07:25:00,0.3337,0.3338,0.3335,0.3335,562.46
2025-01-13 07:26:00,0.3334,0.3334,0.3333,0.3333,1542.54
2025-01-13 07:27:00,0.3333,0.3333,0.3333,0.3333,16.03
2025-01-13 07:28:00,0.3337,0.3337,0.3337,0.3337,519.14
2025-01-13 07:29:00,0.3339,0.3339,0.3339,0.3339,829.58
2025-01-13 07:30:00,0.3334,0.3334,0.3329,0.3329,260.92
2025-01-13 07:31:00,0.3328,0.3328,0.3315,0.3323,79404.77
2025-01-13 07:32:00,0.333,0.3337,0.333,0.3335,19703.59
2025-01-13 07:33:00,0.3334,0.3334,0.3331,0.3331,565.35
2025-01-13 07:34:00,0.3331,0.3331,0.3331,0.3331,0.0
2025-01-13 07:35:00,0.3339,0.3339,0.3339,0.3339,47.51
2025-01-13 07:36:00,0.3345,0.3345,0.3343,0.3343,71.72
2025-01-13 07:37:00,0.3343,0.3343,0.3343,0.3343,0.0
2025-01-13 07:38:00,0.334,0.334,0.334,0.334,199.43
2025-01-13 07:39:00,0.3338,0.3338,0.3337,0.3337,221.11
2025-01-13 07:40:00,0.3336,0.3336,0.3333,0.3333,2008.56
2025-01-13 07:41:00,0.3335,0.3337,0.3334,0.3337,4022.82
2025-01-13 07:42:00,0.3337,0.3337,0.3337,0.3337,0.0
2025-01-13 07:43:00,0.3337,0.3337,0.3337,0.3337,0.0
2025-01-13 07:44:00,0.3343,0.3343,0.3343,0.3343,614.78
2025-01-13 07:45:00,0.3341,0.3341,0.3337,0.3337,124.63
2025-01-13 07:46:00,0.3336,0.3336,0.3335,0.3336,2093.35
2025-01-13 07:47:00,0.3335,0.3338,0.3334,0.3338,99.6
2025-01-13 07:48:00,0.3339,0.3339,0.3331,0.3331,601.15
2025-01-13 07:49:00,0.333,0.333,0.3328,0.3328,1264.75
2025-01-13 07:50:00,0.3324,0.3324,0.3322,0.3322,369.81
2025-01-13 07:51:00,0.3328,0.3328,0.3326,0.3326,81.88
2025-01-13 07:52:00,0.3326,0.3327,0.3326,0.3327,244.51
2025-01-13 07:53:00,0.3326,0.3326,0.3326,0.3326,55.27
2025-01-13 07:54:00,0.3326,0.3326,0.3326,0.3326,30.06
2025-01-13 07:55:00,0.3327,0.3327,0.3325,0.3325,6871.85
2025-01-13 07:56:00,0.3326,0.3328,0.3326,0.3328,853.53
2025-01-13 07:57:00,0.3326,0.3329,0.3326,0.3327,1781.37
2025-01-13 07:58:00,0.3326,0.3326,0.3326,0.3326,69.0
2025-01-13 07:59:00,0.3329,0.3334,0.3329,0.3334,833.75
2025-01-13 08:00:00,0.3329,0.3329,0.3329,0.3329,19.16
2025-01-13 08:01:00,0.3329,0.3329,0.3327,0.3327,228.75
2025-01-13 08:02:00,0.3328,0.333,0.3328,0.3329,239.55
2025-01-13 08:03:00,0.3332,0.3332,0.3332,0.3332,69.0
2025-01-13 08:04:00,0.3328,0.3328,0.3324,0.3324,1228.55
2025-01-13 08:05:00,0.3323,0.3323,0.3319,0.3319,2160.91
2025-01-13 08:06:00,0.3319,0.3319,0.3316,0.3316,762.42
2025-01-13 08:07:00,0.3316,0.3316,0.3315,0.3315,144.47
2025-01-13 08:08:00,0.3314,0.3314,0.3313,0.3313,55.0
2025-01-13 08:09:00,0.3313,0.3313,0.3313,0.3313,0.0
2025-01-13 08:10:00,0.3317,0.3317,0.3314,0.3314,88.0
2025-01-13 08:11:00,0.3312,0.3312,0.3309,0.3309,1286.35
2025-01-13 08:12:00,0.3309,0.3309,0.3309,0.3309,0.0
2025-01-13 08:13:00,0.3309,0.3309,0.3309,0.3309,0.0
2025-01-13 08:14:00,0.3309,0.3309,0.3309,0.3309,0.0
2025-01-13 08:15:00,0.3312,0.3315,0.3309,0.3315,6061.47
2025-01-13 08:16:00,0.3309,0.3309,0.3306,0.3307,608.39
2025-01-13 08:17:00,0.3306,0.3306,0.3298,0.3299,12710.73
2025-01-13 08:18:00,0.3297,0.3297,0.3297,0.3297,448.97
2025-01-13 08:19:00,0.3295,0.3295,0.3295,0.3295,37.0
2025-01-13 08:20:00,0.3301,0.3303,0.3301,0.3303,1131.76
2025-01-13 08:21:00,0.3299,0.3299,0.3298,0.3298,725.89
2025-01-13 08:22:00,0.3295,0.3296,0.3291,0.3296,9791.89
2025-01-13 08:23:00,0.329,0.329,0.3279,0.3283,27898.21
2025-01-13 08:24:00,0.3283,0.3294,0.3283,0.3289,5789.33
2025-01-13 08:25:00,0.3286,0.3287,0.3286,0.3287,1358.15
2025-01-13 08:26:00,0.3294,0.3297,0.3293,0.3293,9417.13
2025-01-13 08:27:00,0.3298,0.3298,0.3294,0.3294,582.94
2025-01-13 08:28:00,0.3294,0.3297,0.3294,0.3295,367.67
2025-01-13 08:29:00,0.3295,0.33,0.3295,0.3299,9481.95
2025-01-13 08:30:00,0.33,0.3308,0.33,0.3304,26678.1
2025-01-13 08:31:00,0.3305,0.3311,0.3304,0.331,39053.76
2025-01-13 08:32:00,0.3306,0.3312,0.3305,0.3309,61689.61
2025-01-13 08:33:00,0.3309,0.3312,0.3306,0.3311,62606.63
2025-01-13 08:34:00,0.3309,0.3309,0.3297,0.3298,12110.04
2025-01-13 08:35:00,0.3301,0.3304,0.33,0.3304,3830.46
2025-01-13 08:36:00,0.3304,0.3308,0.3304,0.3308,343.41
2025-01-13 08:37:00,0.3303,0.3303,0.3303,0.3303,103.35
2025-01-13 08:38:00,0.3297,0.3298,0.3297,0.3298,2057.58
2025-01-13 08:39:00,0.3298,0.3302,0.3298,0.3302,158.79
2025-01-13 08:40:00,0.3302,0.3303,0.3302,0.3303,63.35
2025-01-13 08:41:00,0.3302,0.3302,0.33,0.3301,564.92
2025-01-13 08:42:00,0.3303,0.3303,0.3301,0.3301,414.98
2025-01-13 08:43:00,0.3301,0.3301,0.3301,0.3301,0.0
2025-01-13 08:44:00,0.33,0.33,0.33,0.33,906.04
2025-01-13 08:45:00,0.3297,0.3301,0.3297,0.3301,1722.97
2025-01-13 08:46:00,0.33,0.3302,0.3298,0.3298,189.79
2025-01-13 08:47:00,0.3296,0.3296,0.3293,0.3293,520.71
2025-01-13 08:48:00,0.329,0.3292,0.329,0.3292,457.28
2025-01-13 08:49:00,0.3289,0.3289,0.3289,0.3289,1857.37
2025-01-13 08:50:00,0.3289,0.3289,0.3286,0.3286,215.7
2025-01-13 08:51:00,0.3285,0.3287,0.3285,0.3286,711.36
2025-01-13 08:52:00,0.3285,0.3285,0.3285,0.3285,252.21
2025-01-13 08:53:00,0.3285,0.3285,0.3282,0.3283,1410.44
2025-01-13 08:54:00,0.328,0.3282,0.328,0.3282,704.69
2025-01-13 08:55:00,0.3282,0.3282,0.3282,0.3282,0.0
2025-01-13 08:56:00,0.3283,0.3289,0.3283,0.3289,79.72
2025-01-13 08:57:00,0.3289,0.3292,0.3289,0.3289,1320.19
2025-01-13 08:58:00,0.3289,0.3289,0.3288,0.3288,2152.29
2025-01-13 08:59:00,0.3288,0.3288,0.3288,0.3288,0.0
2025-01-13 09:00:00,0.3294,0.3294,0.3294,0.3294,19.37
2025-01-13 09:01:00,0.3292,0.3295,0.3292,0.3295,43.37
2025-01-13 09:02:00,0.3295,0.3304,0.3295,0.3304,686.61
2025-01-13 09:03:00,0.3305,0.3305,0.33,0.33,115.87
2025-01-13 09:04:00,0.3299,0.3299,0.3291,0.3293,3415.41
2025-01-13 09:05:00,0.3293,0.3301,0.3293,0.3301,155.37
2025-01-13 09:06:00,0.33,0.33,0.329,0.329,423.86
2025-01-13 09:07:00,0.3292,0.3292,0.3283,0.3283,1609.7
2025-01-13 09:08:00,0.3281,0.3284,0.3275,0.3275,21237.23
2025-01-13 09:09:00,0.3274,0.3292,0.3273,0.3292,5906.99
2025-01-13 09:10:00,0.3293,0.3293,0.3289,0.3289,388.07
2025-01-13 09:11:00,0.3293,0.3293,0.3293,0.3293,89.77
2025-01-13 09:12:00,0.329,0.329,0.3285,0.3285,1742.34
2025-01-13 09:13:00,0.3288,0.3291,0.3287,0.329,15434.04
2025-01-13 09:14:00,0.3286,0.3286,0.3281,0.3281,541.77
2025-01-13 09:15:00,0.3282,0.3284,0.328,0.3284,1538.81
2025-01-13 09:16:00,0.3279,0.3281,0.3277,0.3281,231.94
2025-01-13 09:17:00,0.3278,0.3278,0.3275,0.3275,11661.53
2025-01-13 09:18:00,0.3279,0.3284,0.3279,0.3283,1444.36
2025-01-13 09:19:00,0.328,0.3283,0.3279,0.3283,8314.22
2025-01-13 09:20:00,0.3281,0.3293,0.3279,0.3293,29792.54
2025-01-13 09:21:00,0.3292,0.3301,0.3292,0.3298,72701.03
2025-01-13 09:22:00,0.3297,0.3304,0.3296,0.3301,81028.52
2025-01-13 09:23:00,0.33,0.3302,0.3298,0.33,48195.24
2025-01-13 09:24:00,0.3298,0.3305,0.3294,0.3302,70423.92
2025-01-13 09:25:00,0.3299,0.3301,0.3289,0.3293,7989.07
2025-01-13 09:26:00,0.3291,0.3296,0.3291,0.3296,692.81
2025-01-13 09:27:00,0.329,0.329,0.3287,0.3287,3751.01
2025-01-13 09:28:00,0.3286,0.3287,0.3281,0.3282,524.64
2025-01-13 09:29:00,0.3281,0.3281,0.3274,0.3279,5797.69
2025-01-13 09:30:00,0.3279,0.3285,0.3279,0.328,9092.38
2025-01-13 09:31:00,0.3281,0.3285,0.3277,0.3277,2247.14
2025-01-13 09:32:00,0.3275,0.3275,0.3267,0.3271,42341.08
2025-01-13 09:33:00,0.3271,0.3276,0.3257,0.3259,39802.23
2025-01-13 09:34:00,0.3263,0.327,0.3256,0.3256,2607.21
2025-01-13 09:35:00,0.326,0.3273,0.326,0.3273,6879.54
2025-01-13 09:36:00,0.3272,0.3277,0.3272,0.3277,7246.88
2025-01-13 09:37:00,0.3276,0.3283,0.3276,0.3283,1489.55
2025-01-13 09:38:00,0.3282,0.3289,0.3282,0.3288,604.51
2025-01-13 09:39:00,0.3289,0.3294,0.3288,0.3294,1365.62
2025-01-13 09:40:00,0.3294,0.3295,0.3294,0.3295,166.69
2025-01-13 09:41:00,0.3291,0.3293,0.3282,0.3282,17844.88
2025-01-13 09:42:00,0.3283,0.3285,0.3276,0.3277,12173.34
2025-01-13 09:43:00,0.3275,0.328,0.3271,0.3273,81304.62
2025-01-13 09:44:00,0.3275,0.3275,0.3271,0.3271,13963.66
2025-01-13 09:45:00,0.3272,0.3272,0.3268,0.3268,32764.31
2025-01-13 09:46:00,0.3267,0.327,0.3262,0.3266,47308.19
2025-01-13 09:47:00,0.327,0.3271,0.3266,0.3268,41775.97
2025-01-13 09:48:00,0.327,0.3271,0.3268,0.3271,9386.0
2025-01-13 09:49:00,0.3267,0.3272,0.3267,0.3271,2640.05
2025-01-13 09:50:00,0.3271,0.3271,0.3263,0.3267,16785.04
2025-01-13 09:51:00,0.3268,0.3268,0.326,0.3262,39265.62
2025-01-13 09:52:00,0.3262,0.3262,0.3257,0.326,8884.04
2025-01-13 09:53:00,0.3265,0.3268,0.3265,0.3268,2594.11
2025-01-13 09:54:00,0.3266,0.3266,0.3264,0.3264,4980.51
2025-01-13 09:55:00,0.3258,0.3258,0.3256,0.3258,4665.38
2025-01-13 09:56:00,0.3259,0.3259,0.3256,0.3256,2245.91
2025-01-13 09:57:00,0.3256,0.3257,0.3256,0.3256,2615.97
2025-01-13 09:58:00,0.3258,0.3261,0.3258,0.3261,1102.96
2025-01-13 09:59:00,0.3261,0.3261,0.3261,0.3261,0.0
2025-01-13 10:00:00,0.326,0.326,0.3251,0.3251,6243.13
2025-01-13 10:01:00,0.3251,0.3254,0.3249,0.3252,4943.25
2025-01-13 10:02:00,0.3254,0.3254,0.3246,0.325,3161.48
2025-01-13 10:03:00,0.3252,0.3252,0.3241,0.3241,6309.0
2025-01-13 10:04:00,0.3241,0.3249,0.3241,0.3249,2524.55
2025-01-13 10:05:00,0.325,0.325,0.3248,0.3248,319.9
2025-01-13 10:06:00,0.3242,0.3249,0.3242,0.3245,850.65
2025-01-13 10:07:00,0.3246,0.3254,0.3246,0.3252,17660.63
2025-01-13 10:08:00,0.3254,0.3256,0.3252,0.3255,5270.53
2025-01-13 10:09:00,0.3251,0.3261,0.325,0.3261,2758.56
2025-01-13 10:10:00,0.3262,0.3268,0.3262,0.3265,1509.24
2025-01-13 10:11:00,0.3259,0.3259,0.3252,0.3254,14295.67
2025-01-13 10:12:00,0.3255,0.3255,0.3251,0.3251,2720.59
2025-01-13 10:13:00,0.3251,0.3253,0.3245,0.3245,4826.17
2025-01-13 10:14:00,0.3245,0.3246,0.3243,0.3245,1865.32
2025-01-13 10:15:00,0.3243,0.3244,0.324,0.324,7848.98
2025-01-13 10:16:00,0.3243,0.3248,0.324,0.3245,20190.0
2025-01-13 10:17:00,0.3247,0.3251,0.3243,0.3246,6030.72
2025-01-13 10:18:00,0.3244,0.3248,0.3242,0.3243,2272.11
2025-01-13 10:19:00,0.3243,0.3251,0.3243,0.3251,3404.09
2025-01-13 10:20:00,0.3251,0.3251,0.324,0.3244,29348.43
2025-01-13 10:21:00,0.3246,0.3247,0.324,0.3242,28909.65
2025-01-13 10:22:00,0.3241,0.3242,0.3233,0.3238,9457.94
2025-01-13 10:23:00,0.3236,0.3236,0.3231,0.3231,1282.23
2025-01-13 10:24:00,0.3229,0.3229,0.3223,0.3224,4280.18
2025-01-13 10:25:00,0.3228,0.3228,0.3219,0.3221,5069.05
2025-01-13 10:26:00,0.3223,0.3223,0.3218,0.322,1047.78
2025-01-13 10:27:00,0.3225,0.3229,0.3225,0.3227,918.07
2025-01-13 10:28:00,0.3225,0.3226,0.3219,0.3219,12447.19
2025-01-13 10:29:00,0.322,0.3224,0.322,0.3221,8449.28
2025-01-13 10:30:00,0.3224,0.3224,0.321,0.321,29377.05
2025-01-13 10:31:00,0.3214,0.3224,0.3214,0.3223,12984.88
2025-01-13 10:32:00,0.3221,0.3223,0.321,0.3213,38952.75
2025-01-13 10:33:00,0.3213,0.322,0.3213,0.3217,15494.06
2025-01-13 10:34:00,0.3215,0.3216,0.3215,0.3216,196.96
2025-01-13 10:35:00,0.3225,0.3228,0.3225,0.3228,1064.72
2025-01-13 10:36:00,0.3226,0.3234,0.3226,0.323,805.11
2025-01-13 10:37:00,0.3233,0.3233,0.3231,0.3231,994.25
2025-01-13 10:38:00,0.323,0.3231,0.3229,0.323,364.8
2025-01-13 10:39:00,0.3225,0.3225,0.3223,0.3225,3601.9
2025-01-13 10:40:00,0.3227,0.3232,0.3227,0.3232,1436.48
2025-01-13 10:41:00,0.3227,0.3227,0.3224,0.3224,1879.99
2025-01-13 10:42:00,0.3222,0.3254,0.322,0.3227,148567.15
2025-01-13 10:43:00,0.3226,0.3229,0.3226,0.3228,5706.4
2025-01-13 10:44:00,0.3227,0.3238,0.3227,0.3235,44905.9
2025-01-13 10:45:00,0.3235,0.3237,0.3232,0.3237,5678.74
2025-01-13 10:46:00,0.3237,0.3247,0.3237,0.3242,6104.15
2025-01-13 10:47:00,0.3243,0.3244,0.3239,0.3241,856.32
2025-01-13 10:48:00,0.3239,0.324,0.3235,0.3235,2220.45
2025-01-13 10:49:00,0.3233,0.3234,0.3233,0.3234,276.0
2025-01-13 10:50:00,0.3233,0.3233,0.3203,0.3216,130961.9
2025-01-13 10:51:00,0.3214,0.3215,0.321,0.321,19752.68
2025-01-13 10:52:00,0.3211,0.3212,0.3207,0.3209,5513.1
2025-01-13 10:53:00,0.3208,0.3208,0.3205,0.3208,8270.08
2025-01-13 10:54:00,0.3207,0.3208,0.3205,0.3207,2140.11
2025-01-13 10:55:00,0.3206,0.3208,0.3202,0.3204,12065.97
2025-01-13 10:56:00,0.3205,0.3215,0.3205,0.3213,10738.59
2025-01-13 10:57:00,0.3215,0.322,0.3212,0.322,1787.18
2025-01-13 10:58:00,0.3221,0.3224,0.3218,0.3219,2471.68
2025-01-13 10:59:00,0.3217,0.3218,0.3213,0.3213,1779.47
2025-01-13 11:00:00,0.3213,0.3213,0.3211,0.3213,7063.49
2025-01-13 11:01:00,0.3212,0.322,0.3212,0.3219,11425.51
2025-01-13 11:02:00,0.322,0.3227,0.3219,0.3224,1927.84
2025-01-13 11:03:00,0.3222,0.3224,0.3222,0.3224,818.85
2025-01-13 11:04:00,0.3226,0.3226,0.3225,0.3225,1851.24
2025-01-13 11:05:00,0.3227,0.3232,0.3227,0.3232,372.16
2025-01-13 11:06:00,0.3225,0.3225,0.3218,0.3218,3084.33
2025-01-13 11:07:00,0.3218,0.3218,0.3218,0.3218,71.53
2025-01-13 11:08:00,0.3217,0.3217,0.3215,0.3215,3151.25
2025-01-13 11:09:00,0.3213,0.3215,0.3213,0.3214,2033.04
2025-01-13 11:10:00,0.3214,0.3214,0.3214,0.3214,0.0
2025-01-13 11:11:00,0.3214,0.3216,0.3214,0.3215,285.82
2025-01-13 11:12:00,0.3219,0.3223,0.3219,0.3223,4114.22
2025-01-13 11:13:00,0.322,0.3222,0.322,0.3222,840.68
2025-01-13 11:14:00,0.3223,0.3223,0.322,0.3221,555.26
2025-01-13 11:15:00,0.3219,0.3219,0.3212,0.3212,313.48
2025-01-13 11:16:00,0.3213,0.3216,0.3213,0.3213,3529.14
2025-01-13 11:17:00,0.3217,0.3217,0.3205,0.3206,25415.77
2025-01-13 11:18:00,0.3205,0.3212,0.3205,0.3212,15148.7
2025-01-13 11:19:00,0.3214,0.3214,0.3202,0.3203,34705.51
2025-01-13 11:20:00,0.3203,0.321,0.3202,0.321,30537.35
2025-01-13 11:21:00,0.321,0.3216,0.3209,0.3212,16191.34
2025-01-13 11:22:00,0.3212,0.3215,0.3209,0.3211,47291.48
2025-01-13 11:23:00,0.3215,0.3215,0.3209,0.3211,48184.98
2025-01-13 11:24:00,0.321,0.321,0.3204,0.3205,15601.66
2025-01-13 11:25:00,0.3207,0.3208,0.3205,0.3206,5457.39
2025-01-13 11:26:00,0.3205,0.3206,0.3202,0.3202,12034.63
2025-01-13 11:27:00,0.3202,0.3202,0.3196,0.3197,6966.97
2025-01-13 11:28:00,0.3198,0.32,0.3198,0.3198,2933.9
2025-01-13 11:29:00,0.3197,0.3197,0.3194,0.3194,644.09
2025-01-13 11:30:00,0.3197,0.3199,0.3196,0.3199,2924.31
2025-01-13 11:31:00,0.32,0.3202,0.3196,0.3196,12334.65
2025-01-13 11:32:00,0.3195,0.3198,0.3187,0.3188,11204.86
2025-01-13 11:33:00,0.3189,0.3189,0.3181,0.3188,13749.48
2025-01-13 11:34:00,0.3186,0.3188,0.3186,0.3188,4423.54
2025-01-13 11:35:00,0.3182,0.3197,0.318,0.3197,14165.5
2025-01-13 11:36:00,0.3196,0.3196,0.3184,0.3186,2669.51
2025-01-13 11:37:00,0.3189,0.319,0.3181,0.3181,21047.56
2025-01-13 11:38:00,0.318,0.3182,0.3176,0.318,21689.9
2025-01-13 11:39:00,0.3178,0.3183,0.3178,0.3182,1451.67
2025-01-13 11:40:00,0.3174,0.3174,0.317,0.3171,4284.18
2025-01-13 11:41:00,0.3172,0.3172,0.3167,0.3169,4256.39
2025-01-13 11:42:00,0.317,0.317,0.3162,0.3164,20157.18
2025-01-13 11:43:00,0.3169,0.3171,0.3169,0.317,12098.06
2025-01-13 11:44:00,0.3165,0.3168,0.3164,0.3166,13390.22
2025-01-13 11:45:00,0.3167,0.3177,0.3163,0.3173,22654.93
2025-01-13 11:46:00,0.3173,0.3183,0.3173,0.3181,4524.54
2025-01-13 11:47:00,0.3178,0.3187,0.3172,0.3183,76369.95
2025-01-13 11:48:00,0.3182,0.3183,0.3177,0.3177,9879.77
2025-01-13 11:49:00,0.3177,0.3177,0.3173,0.3174,2183.0
2025-01-13 11:50:00,0.3173,0.3177,0.3172,0.3176,1266.24
2025-01-13 11:51:00,0.3172,0.3175,0.3171,0.3173,1777.04
2025-01-13 11:52:00,0.3172,0.3173,0.317,0.317,3090.99
2025-01-13 11:53:00,0.3169,0.317,0.3159,0.316,17736.39
2025-01-13 11:54:00,0.316,0.316,0.3158,0.3158,3958.02
2025-01-13 11:55:00,0.3156,0.3158,0.3153,0.3156,16227.38
2025-01-13 11:56:00,0.3155,0.3161,0.3155,0.316,1598.71
2025-01-13 11:57:00,0.3162,0.3163,0.3144,0.315,48451.67
2025-01-13 11:58:00,0.3151,0.3151,0.3141,0.3141,16942.96
2025-01-13 11:59:00,0.3146,0.3147,0.3145,0.3146,9836.28
2025-01-13 12:00:00,0.3147,0.3153,0.3145,0.3146,17551.03
2025-01-13 12:01:00,0.3148,0.3158,0.3146,0.3156,7187.41
2025-01-13 12:02:00,0.3155,0.3155,0.3144,0.3148,16586.55
2025-01-13 12:03:00,0.3144,0.3147,0.3141,0.3146,4514.41
2025-01-13 12:04:00,0.3149,0.3149,0.3138,0.314,7206.71
2025-01-13 12:05:00,0.3139,0.3148,0.3139,0.3143,1362.96
2025-01-13 12:06:00,0.3143,0.3152,0.3143,0.3152,14309.47
2025-01-13 12:07:00,0.3161,0.317,0.3158,0.3168,11796.99
2025-01-13 12:08:00,0.3167,0.3171,0.3163,0.3163,26611.05
2025-01-13 12:09:00,0.3163,0.3174,0.3162,0.3174,8358.8
2025-01-13 12:10:00,0.3176,0.3181,0.3176,0.3178,1801.75
2025-01-13 12:11:00,0.3181,0.3184,0.3179,0.3182,4980.26
2025-01-13 12:12:00,0.3183,0.3185,0.3181,0.3182,1977.29
2025-01-13 12:13:00,0.318,0.3182,0.318,0.318,1116.16
2025-01-13 12:14:00,0.318,0.318,0.3167,0.3167,8539.28
2025-01-13 12:15:00,0.3168,0.3174,0.3164,0.3174,17706.86
2025-01-13 12:16:00,0.3172,0.3174,0.3163,0.3166,12914.91
2025-01-13 12:17:00,0.3164,0.3166,0.3162,0.3164,5285.31
2025-01-13 12:18:00,0.3165,0.3165,0.3158,0.3158,10928.29
2025-01-13 12:19:00,0.3163,0.3175,0.3163,0.3173,3861.78
2025-01-13 12:20:00,0.3178,0.3183,0.3178,0.3183,12899.23
2025-01-13 12:21:00,0.3186,0.319,0.3184,0.3187,2014.66
2025-01-13 12:22:00,0.319,0.319,0.3184,0.3184,5505.74
2025-01-13 12:23:00,0.3186,0.3188,0.3186,0.3188,7292.74
2025-01-13 12:24:00,0.3187,0.3187,0.3179,0.318,3138.13
2025-01-13 12:25:00,0.3177,0.3177,0.3176,0.3176,455.3
2025-01-13 12:26:00,0.3176,0.3179,0.3176,0.3178,7585.37
2025-01-13 12:27:00,0.3174,0.3174,0.3172,0.3172,598.78
2025-01-13 12:28:00,0.3175,0.318,0.3175,0.318,4001.07
2025-01-13 12:29:00,0.3177,0.3181,0.3177,0.318,9885.51
2025-01-13 12:30:00,0.318,0.318,0.3174,0.3176,10084.55
2025-01-13 12:31:00,0.3178,0.3182,0.3176,0.318,10978.47
2025-01-13 12:32:00,0.3179,0.3182,0.3172,0.3172,13543.53
2025-01-13 12:33:00,0.3174,0.3174,0.3163,0.3164,7338.5
2025-01-13 12:34:00,0.3169,0.3169,0.3162,0.3162,643.42
2025-01-13 12:35:00,0.3162,0.3164,0.3161,0.3161,2127.9
2025-01-13 12:36:00,0.316,0.3161,0.3158,0.3158,3911.63
2025-01-13 12:37:00,0.3159,0.3159,0.3154,0.3154,2010.93
2025-01-13 12:38:00,0.3153,0.3158,0.3151,0.3154,1043.85
2025-01-13 12:39:00,0.3156,0.3156,0.3154,0.3154,573.72
2025-01-13 12:40:00,0.3155,0.3155,0.3148,0.3148,3466.4
2025-01-13 12:41:00,0.3155,0.3157,0.3152,0.3152,4389.26
2025-01-13 12:42:00,0.3153,0.316,0.3152,0.316,1280.21
2025-01-13 12:43:00,0.3162,0.3168,0.3158,0.3167,7506.24
2025-01-13 12:44:00,0.3167,0.3172,0.3165,0.3172,319.17
2025-01-13 12:45:00,0.3171,0.3174,0.3168,0.3168,1164.06
2025-01-13 12:46:00,0.3163,0.3167,0.3163,0.3167,391.56
2025-01-13 12:47:00,0.3163,0.3163,0.3159,0.316,1029.57
2025-01-13 12:48:00,0.3158,0.3162,0.3157,0.3162,363.06
2025-01-13 12:49:00,0.3164,0.3164,0.3158,0.3158,4517.05
2025-01-13 12:50:00,0.3167,0.3167,0.3167,0.3167,25.43
2025-01-13 12:51:00,0.3164,0.3166,0.3164,0.3166,177.83
2025-01-13 12:52:00,0.3164,0.3166,0.3163,0.3166,5218.16
2025-01-13 12:53:00,0.3173,0.3173,0.3173,0.3173,691.99
2025-01-13 12:54:00,0.3176,0.3176,0.3168,0.3168,2660.96
2025-01-13 12:55:00,0.3169,0.317,0.3164,0.3164,534.57
2025-01-13 12:56:00,0.3165,0.3167,0.3165,0.3166,233.0
2025-01-13 12:57:00,0.3173,0.3173,0.317,0.3173,509.63
2025-01-13 12:58:00,0.3173,0.3173,0.3167,0.3167,964.88
2025-01-13 12:59:00,0.3167,0.3167,0.3167,0.3167,0.0
2025-01-13 13:00:00,0.3164,0.3167,0.3159,0.3159,3321.24
2025-01-13 13:01:00,0.3155,0.3158,0.315,0.315,14225.53
2025-01-13 13:02:00,0.3149,0.3153,0.3148,0.315,617.55
2025-01-13 13:03:00,0.3155,0.3157,0.3152,0.3153,3122.18
2025-01-13 13:04:00,0.3154,0.3164,0.3154,0.3163,1500.48
2025-01-13 13:05:00,0.3163,0.3171,0.3162,0.3171,9437.86
2025-01-13 13:06:00,0.3172,0.3176,0.3172,0.3176,1061.77
2025-01-13 13:07:00,0.3178,0.318,0.3178,0.318,168.03
2025-01-13 13:08:00,0.3181,0.3187,0.3181,0.3187,666.03
2025-01-13 13:09:00,0.3195,0.3202,0.3194,0.3202,2394.16
2025-01-13 13:10:00,0.3201,0.3201,0.3196,0.3197,5066.17
2025-01-13 13:11:00,0.3197,0.3199,0.3196,0.3199,768.52
2025-01-13 13:12:00,0.3198,0.32,0.3198,0.32,40.21
2025-01-13 13:13:00,0.3196,0.3201,0.3195,0.3201,1053.86
2025-01-13 13:14:00,0.3201,0.3202,0.3196,0.3196,161.94
2025-01-13 13:15:00,0.32,0.3208,0.32,0.3208,913.93
2025-01-13 13:16:00,0.321,0.3212,0.3209,0.3209,1466.12
2025-01-13 13:17:00,0.3211,0.322,0.3211,0.3218,12926.55
2025-01-13 13:18:00,0.322,0.3228,0.322,0.3228,22470.21
2025-01-13 13:19:00,0.3229,0.3233,0.3229,0.3233,53515.8
2025-01-13 13:20:00,0.3234,0.3234,0.3232,0.3232,612.16
2025-01-13 13:21:00,0.3229,0.3229,0.3222,0.3222,13259.56
2025-01-13 13:22:00,0.3216,0.3222,0.3216,0.3222,109.76
2025-01-13 13:23:00,0.3226,0.3228,0.3225,0.3228,584.39
2025-01-13 13:24:00,0.3229,0.3229,0.3223,0.3223,2098.45
2025-01-13 13:25:00,0.3218,0.3218,0.3217,0.3218,491.6
2025-01-13 13:26:00,0.3217,0.3226,0.3217,0.3226,12538.08
2025-01-13 13:27:00,0.3223,0.3223,0.3217,0.3217,145.71
2025-01-13 13:28:00,0.3213,0.3214,0.321,0.321,1244.14
2025-01-13 13:29:00,0.3209,0.3209,0.3204,0.3204,791.0
2025-01-13 13:30:00,0.3201,0.3201,0.3189,0.3189,4273.9
2025-01-13 13:31:00,0.3192,0.3194,0.3191,0.3194,1016.95
2025-01-13 13:32:00,0.3194,0.3205,0.3194,0.3201,2019.47
2025-01-13 13:33:00,0.3204,0.3204,0.32,0.3203,1054.61
2025-01-13 13:34:00,0.3201,0.3204,0.32,0.3204,380.7
2025-01-13 13:35:00,0.3203,0.3204,0.3202,0.3202,795.28
2025-01-13 13:36:00,0.32,0.3203,0.3199,0.3202,966.88
2025-01-13 13:37:00,0.32,0.3201,0.3198,0.3201,528.76
2025-01-13 13:38:00,0.3195,0.3195,0.3195,0.3195,3170.5
2025-01-13 13:39:00,0.3192,0.3193,0.3191,0.3191,1418.95
2025-01-13 13:40:00,0.3184,0.3184,0.3184,0.3184,704.33
2025-01-13 13:41:00,0.3189,0.3189,0.3186,0.3189,699.13
2025-01-13 13:42:00,0.3189,0.3189,0.3186,0.3186,497.42
2025-01-13 13:43:00,0.3188,0.3188,0.3188,0.3188,784.19
2025-01-13 13:44:00,0.3188,0.3188,0.3188,0.3188,0.0
2025-01-13 13:45:00,0.3182,0.3183,0.318,0.3183,4739.11
2025-01-13 13:46:00,0.318,0.318,0.3176,0.3179,1666.13
2025-01-13 13:47:00,0.3177,0.3178,0.3174,0.3174,206.99
2025-01-13 13:48:00,0.3175,0.3179,0.3173,0.3179,1237.95
2025-01-13 13:49:00,0.3173,0.3176,0.3173,0.3176,462.57
2025-01-13 13:50:00,0.3173,0.3185,0.3173,0.3185,1312.99
2025-01-13 13:51:00,0.3185,0.3185,0.3181,0.3181,3020.3
2025-01-13 13:52:00,0.3182,0.3184,0.3182,0.3184,4488.29
2025-01-13 13:53:00,0.3185,0.3187,0.3185,0.3187,179.35
2025-01-13 13:54:00,0.3189,0.3189,0.3189,0.3189,19.45
2025-01-13 13:55:00,0.3187,0.3187,0.3187,0.3187,242.58
2025-01-13 13:56:00,0.3187,0.3187,0.3184,0.3186,990.4
2025-01-13 13:57:00,0.3187,0.3187,0.3184,0.3184,89.77
2025-01-13 13:58:00,0.3185,0.3189,0.3184,0.3189,422.85
2025-01-13 13:59:00,0.3191,0.3191,0.3187,0.3189,350.06
2025-01-13 14:00:00,0.3189,0.3189,0.3186,0.3186,4169.99
2025-01-13 14:01:00,0.3184,0.3188,0.3183,0.3188,2891.51
2025-01-13 14:02:00,0.3187,0.3187,0.3181,0.3181,147.5
2025-01-13 14:03:00,0.3178,0.3178,0.3169,0.3169,3387.61
2025-01-13 14:04:00,0.3176,0.3178,0.3175,0.3175,2032.16
2025-01-13 14:05:00,0.3186,0.3188,0.3176,0.3176,4418.36
2025-01-13 14:06:00,0.3182,0.3186,0.3182,0.3186,344.18
2025-01-13 14:07:00,0.3188,0.319,0.3182,0.3182,977.54
2025-01-13 14:08:00,0.3193,0.3196,0.3192,0.3196,514.15
2025-01-13 14:09:00,0.3193,0.3194,0.3191,0.3193,2998.61
2025-01-13 14:10:00,0.3192,0.3194,0.3182,0.3182,2598.62
2025-01-13 14:11:00,0.318,0.3181,0.3179,0.318,2329.82
2025-01-13 14:12:00,0.3178,0.3179,0.3176,0.3176,1025.18
2025-01-13 14:13:00,0.3181,0.3188,0.3181,0.3188,144.65
2025-01-13 14:14:00,0.3185,0.3189,0.3185,0.3189,1025.48
2025-01-13 14:15:00,0.3192,0.3192,0.3192,0.3192,448.12
2025-01-13 14:16:00,0.3187,0.3188,0.3185,0.3185,1050.85
2025-01-13 14:17:00,0.319,0.3191,0.3189,0.319,236.22
2025-01-13 14:18:00,0.319,0.319,0.319,0.319,356.73
2025-01-13 14:19:00,0.319,0.3192,0.3182,0.3183,29908.35
2025-01-13 14:20:00,0.3185,0.319,0.3184,0.319,486.4
2025-01-13 14:21:00,0.3188,0.3189,0.3183,0.3183,2277.4
2025-01-13 14:22:00,0.3182,0.3183,0.3181,0.3181,1079.57
2025-01-13 14:23:00,0.3181,0.3181,0.3181,0.3181,31.32
2025-01-13 14:24:00,0.3186,0.3186,0.3181,0.3181,6435.48
2025-01-13 14:25:00,0.3176,0.3176,0.3176,0.3176,2966.64
2025-01-13 14:26:00,0.3168,0.317,0.3164,0.3169,7938.62
2025-01-13 14:27:00,0.3167,0.3167,0.3167,0.3167,47.36
2025-01-13 14:28:00,0.3168,0.3171,0.3167,0.3171,355.46
2025-01-13 14:29:00,0.3172,0.3178,0.3172,0.3178,894.76
2025-01-13 14:30:00,0.3176,0.3176,0.3172,0.3174,747.11
2025-01-13 14:31:00,0.3179,0.3179,0.3167,0.3167,949.45
2025-01-13 14:32:00,0.317,0.3172,0.317,0.317,1459.14
2025-01-13 14:33:00,0.3166,0.3166,0.3138,0.3138,14017.36
2025-01-13 14:34:00,0.3137,0.3142,0.311,0.312,109597.62
2025-01-13 14:35:00,0.3121,0.3142,0.3106,0.3107,68425.23
2025-01-13 14:36:00,0.3106,0.3156,0.3103,0.3146,40099.23
2025-01-13 14:37:00,0.3149,0.3162,0.314,0.3159,37884.06
2025-01-13 14:38:00,0.316,0.3192,0.3158,0.3189,55126.75
2025-01-13 14:39:00,0.3193,0.3198,0.3182,0.3183,15157.75
2025-01-13 14:40:00,0.3182,0.3205,0.318,0.3196,46158.89
2025-01-13 14:41:00,0.3197,0.3212,0.3188,0.3188,18867.84
2025-01-13 14:42:00,0.3188,0.3201,0.3186,0.3198,31642.7
2025-01-13 14:43:00,0.3194,0.3215,0.3192,0.3213,11292.86
2025-01-13 14:44:00,0.3217,0.3223,0.3211,0.3213,11930.0
2025-01-13 14:45:00,0.3211,0.3214,0.3201,0.3208,13512.23
2025-01-13 14:46:00,0.3206,0.3209,0.3194,0.3202,6509.23
2025-01-13 14:47:00,0.3203,0.3204,0.3194,0.3201,7217.65
2025-01-13 14:48:00,0.3201,0.3221,0.3201,0.3218,5647.74
2025-01-13 14:49:00,0.3214,0.3216,0.321,0.3213,2643.73
2025-01-13 14:50:00,0.3216,0.3222,0.3216,0.3222,1315.74
2025-01-13 14:51:00,0.322,0.3235,0.322,0.3235,3558.15
2025-01-13 14:52:00,0.3234,0.3243,0.3231,0.3242,2306.58
2025-01-13 14:53:00,0.3243,0.3244,0.3236,0.3237,7390.52
2025-01-13 14:54:00,0.3243,0.3245,0.3243,0.3245,372.27
2025-01-13 14:55:00,0.3246,0.3246,0.3238,0.3238,590.77
2025-01-13 14:56:00,0.3243,0.325,0.3239,0.3247,18395.48
2025-01-13 14:57:00,0.3245,0.3245,0.3238,0.3238,6658.88
2025-01-13 14:58:00,0.3235,0.3235,0.3227,0.3227,1262.2
2025-01-13 14:59:00,0.3225,0.3225,0.3219,0.3223,2550.85
2025-01-13 15:00:00,0.322,0.3224,0.3216,0.3224,604.33
2025-01-13 15:01:00,0.3221,0.3222,0.3213,0.3222,2793.09
2025-01-13 15:02:00,0.3223,0.3241,0.3223,0.3241,2825.75
2025-01-13 15:03:00,0.3242,0.3242,0.3235,0.3235,534.0
2025-01-13 15:04:00,0.3241,0.3244,0.3241,0.3243,649.37
2025-01-13 15:05:00,0.3241,0.3249,0.3241,0.3249,331.38
2025-01-13 15:06:00,0.325,0.326,0.325,0.326,4953.07
2025-01-13 15:07:00,0.3261,0.3265,0.3256,0.326,19915.77
2025-01-13 15:08:00,0.3262,0.3264,0.3261,0.3264,187.6
2025-01-13 15:09:00,0.3264,0.3267,0.3262,0.3265,17362.79
2025-01-13 15:10:00,0.3268,0.3268,0.3258,0.3258,598.28
2025-01-13 15:11:00,0.3258,0.3258,0.3254,0.3256,1645.71
2025-01-13 15:12:00,0.3262,0.3264,0.3262,0.3264,478.98
2025-01-13 15:13:00,0.3268,0.3273,0.3268,0.3273,32912.05
2025-01-13 15:14:00,0.327,0.3272,0.327,0.3272,46.22
2025-01-13 15:15:00,0.3266,0.3266,0.3263,0.3266,649.61
2025-01-13 15:16:00,0.326,0.3263,0.3257,0.3263,1855.4
2025-01-13 15:17:00,0.3263,0.3272,0.3262,0.3272,3388.93
2025-01-13 15:18:00,0.3273,0.3281,0.3273,0.3279,1970.59
2025-01-13 15:19:00,0.3284,0.3286,0.328,0.3286,599.76
2025-01-13 15:20:00,0.3277,0.3286,0.3277,0.3284,8473.23
2025-01-13 15:21:00,0.3284,0.3292,0.3284,0.3292,3684.38
2025-01-13 15:22:00,0.3291,0.3293,0.3289,0.3289,1149.04
2025-01-13 15:23:00,0.3287,0.3293,0.3285,0.3293,9207.15
2025-01-13 15:24:00,0.3292,0.3292,0.3274,0.3274,4180.68
2025-01-13 15:25:00,0.3274,0.3277,0.3267,0.3269,10460.02
2025-01-13 15:26:00,0.3268,0.327,0.3261,0.3265,2320.07
2025-01-13 15:27:00,0.3265,0.3272,0.3265,0.3265,978.8
2025-01-13 15:28:00,0.3265,0.3268,0.326,0.3261,2528.13
2025-01-13 15:29:00,0.3257,0.3267,0.3256,0.3267,14410.78
2025-01-13 15:30:00,0.326,0.326,0.3252,0.3257,3327.42
2025-01-13 15:31:00,0.3264,0.3272,0.3263,0.3268,4366.93
2025-01-13 15:32:00,0.3266,0.3278,0.3266,0.3275,3672.55
2025-01-13 15:33:00,0.3274,0.3274,0.327,0.3272,419.54
2025-01-13 15:34:00,0.3272,0.3272,0.3267,0.3267,87.15
2025-01-13 15:35:00,0.3266,0.3279,0.3266,0.3279,2781.92
2025-01-13 15:36:00,0.3283,0.3283,0.3272,0.3274,821.33
2025-01-13 15:37:00,0.3273,0.3276,0.327,0.3276,2266.73
2025-01-13 15:38:00,0.3279,0.3282,0.3277,0.3277,2017.03
2025-01-13 15:39:00,0.3283,0.3291,0.3283,0.3291,4910.8
2025-01-13 15:40:00,0.3292,0.3292,0.3282,0.3285,19299.63
2025-01-13 15:41:00,0.329,0.3294,0.3287,0.3294,2517.17
2025-01-13 15:42:00,0.3293,0.3296,0.3291,0.3296,792.6
2025-01-13 15:43:00,0.3295,0.3295,0.3286,0.3287,330.33
2025-01-13 15:44:00,0.329,0.3292,0.329,0.3291,162.31
2025-01-13 15:45:00,0.329,0.329,0.3284,0.3284,519.9
2025-01-13 15:46:00,0.3283,0.3283,0.3277,0.328,4697.19
2025-01-13 15:47:00,0.3279,0.328,0.3276,0.3278,597.7
2025-01-13 15:48:00,0.3272,0.3273,0.3269,0.3273,507.81
2025-01-13 15:49:00,0.3274,0.3278,0.3273,0.3277,1942.53
2025-01-13 15:50:00,0.3276,0.3279,0.3276,0.3277,988.04
2025-01-13 15:51:00,0.3281,0.3281,0.3275,0.3279,1120.89
2025-01-13 15:52:00,0.3271,0.3272,0.3267,0.3268,15395.14
2025-01-13 15:53:00,0.3268,0.3271,0.3268,0.3271,80.64
2025-01-13 15:54:00,0.3266,0.3266,0.3259,0.326,3009.71
2025-01-13 15:55:00,0.3261,0.3261,0.3259,0.326,354.9
2025-01-13 15:56:00,0.3259,0.3264,0.3259,0.3262,187.9
2025-01-13 15:57:00,0.3263,0.3266,0.3259,0.3266,362.74
2025-01-13 15:58:00,0.3269,0.3269,0.3265,0.3268,391.15
2025-01-13 15:59:00,0.3263,0.3266,0.3263,0.3265,3573.97
2025-01-13 16:00:00,0.3264,0.3264,0.3246,0.3251,2303.89
2025-01-13 16:01:00,0.3249,0.3261,0.3249,0.3261,3798.68
2025-01-13 16:02:00,0.3267,0.3267,0.3262,0.3262,80.5
2025-01-13 16:03:00,0.3265,0.3269,0.3265,0.3267,451.59
2025-01-13 16:04:00,0.3267,0.3267,0.3267,0.3267,0.0
2025-01-13 16:05:00,0.3269,0.3274,0.3268,0.3268,4379.16
2025-01-13 16:06:00,0.3267,0.3267,0.3266,0.3266,440.47
2025-01-13 16:07:00,0.3268,0.327,0.3266,0.327,10631.11
2025-01-13 16:08:00,0.3272,0.3272,0.3266,0.3266,49.96
2025-01-13 16:09:00,0.3264,0.3264,0.3257,0.3258,1387.24
2025-01-13 16:10:00,0.3257,0.3262,0.3255,0.3256,4531.12
2025-01-13 16:11:00,0.3255,0.3255,0.3251,0.3254,746.46
2025-01-13 16:12:00,0.3255,0.3255,0.3251,0.3251,113.51
2025-01-13 16:13:00,0.3245,0.3246,0.3245,0.3245,643.34
2025-01-13 16:14:00,0.3245,0.3255,0.3245,0.3255,15237.17
2025-01-13 16:15:00,0.3257,0.3257,0.3256,0.3257,624.72
2025-01-13 16:16:00,0.326,0.3261,0.3258,0.3258,1370.17
2025-01-13 16:17:00,0.3248,0.3248,0.3245,0.3245,4039.01
2025-01-13 16:18:00,0.3249,0.3249,0.3243,0.3243,255.26
2025-01-13 16:19:00,0.3248,0.3248,0.3243,0.3244,2474.78
2025-01-13 16:20:00,0.3246,0.3248,0.3244,0.3248,608.85
2025-01-13 16:21:00,0.3247,0.3247,0.3239,0.324,2786.64
2025-01-13 16:22:00,0.3239,0.3242,0.3237,0.3242,5394.32
2025-01-13 16:23:00,0.3242,0.3243,0.3239,0.3242,5083.64
2025-01-13 16:24:00,0.3244,0.3245,0.3242,0.3245,633.05
2025-01-13 16:25:00,0.324,0.325,0.324,0.3249,6743.78
2025-01-13 16:26:00,0.3251,0.3251,0.3242,0.3242,587.42
2025-01-13 16:27:00,0.3243,0.3243,0.3242,0.3243,319.42
2025-01-13 16:28:00,0.3241,0.3243,0.3241,0.3241,796.55
2025-01-13 16:29:00,0.3237,0.3241,0.3237,0.3241,2030.87
2025-01-13 16:30:00,0.3238,0.3249,0.3236,0.3247,16161.84
2025-01-13 16:31:00,0.3248,0.3252,0.3248,0.3252,4660.4
2025-01-13 16:32:00,0.3254,0.3257,0.3249,0.3249,6542.03
2025-01-13 16:33:00,0.325,0.3253,0.3249,0.325,1554.43
2025-01-13 16:34:00,0.3247,0.325,0.3247,0.3249,268.06
2025-01-13 16:35:00,0.3247,0.325,0.3247,0.3249,827.12
2025-01-13 16:36:00,0.3252,0.3253,0.3251,0.3251,816.58
2025-01-13 16:37:00,0.3249,0.3249,0.3248,0.3248,195.0
2025-01-13 16:38:00,0.3246,0.3246,0.3245,0.3245,872.88
2025-01-13 16:39:00,0.3244,0.3245,0.3243,0.3243,1452.45
2025-01-13 16:40:00,0.3243,0.3246,0.3243,0.3246,324.95
2025-01-13 16:41:00,0.3246,0.3249,0.3245,0.3248,1134.02
2025-01-13 16:42:00,0.3246,0.3246,0.3242,0.3242,930.47
2025-01-13 16:43:00,0.3242,0.3244,0.3242,0.3244,474.23
2025-01-13 16:44:00,0.3247,0.3249,0.3247,0.3249,293.52
2025-01-13 16:45:00,0.3249,0.3257,0.3248,0.3257,666.28
2025-01-13 16:46:00,0.3257,0.3257,0.325,0.3251,4986.41
2025-01-13 16:47:00,0.3252,0.3254,0.3252,0.3254,3095.59
2025-01-13 16:48:00,0.3249,0.3249,0.3249,0.3249,42.0
2025-01-13 16:49:00,0.3245,0.3245,0.3243,0.3243,1026.02
2025-01-13 16:50:00,0.3242,0.3244,0.3238,0.3238,513.45
2025-01-13 16:51:00,0.3238,0.324,0.3236,0.3237,1922.04
2025-01-13 16:52:00,0.3237,0.324,0.3236,0.3236,33010.57
2025-01-13 16:53:00,0.3237,0.3239,0.3236,0.3236,16907.85
2025-01-13 16:54:00,0.3236,0.3237,0.3229,0.3229,46557.14
2025-01-13 16:55:00,0.3229,0.323,0.3227,0.3227,6196.61
2025-01-13 16:56:00,0.3228,0.3229,0.3225,0.3225,1093.09
2025-01-13 16:57:00,0.3225,0.3225,0.3225,0.3225,1160.84
2025-01-13 16:58:00,0.3223,0.3223,0.3217,0.3217,5834.89
2025-01-13 16:59:00,0.3216,0.3216,0.3216,0.3216,171.0
2025-01-13 17:00:00,0.3218,0.3218,0.3214,0.3217,1958.4
2025-01-13 17:01:00,0.3219,0.3223,0.3219,0.322,2447.08
2025-01-13 17:02:00,0.3215,0.3224,0.3215,0.3224,1393.55
2025-01-13 17:03:00,0.3223,0.3223,0.3219,0.3223,683.28
2025-01-13 17:04:00,0.3221,0.3223,0.322,0.3222,674.84
2025-01-13 17:05:00,0.3217,0.3217,0.3213,0.3215,986.24
2025-01-13 17:06:00,0.3216,0.3216,0.3209,0.3209,911.03
2025-01-13 17:07:00,0.321,0.3212,0.3208,0.3212,4062.87
2025-01-13 17:08:00,0.3215,0.3224,0.3215,0.3224,728.42
2025-01-13 17:09:00,0.3222,0.3234,0.3222,0.3234,4107.49
2025-01-13 17:10:00,0.3234,0.3236,0.3232,0.3236,2464.06
2025-01-13 17:11:00,0.3236,0.3238,0.3236,0.3238,528.0
2025-01-13 17:12:00,0.3236,0.3236,0.3232,0.3232,552.26
2025-01-13 17:13:00,0.3229,0.3229,0.3224,0.3225,7185.18
2025-01-13 17:14:00,0.3227,0.3227,0.3227,0.3227,22.62
2025-01-13 17:15:00,0.3231,0.3231,0.3226,0.323,3132.23
2025-01-13 17:16:00,0.3229,0.3235,0.3228,0.3235,313.58
2025-01-13 17:17:00,0.3236,0.3237,0.3236,0.3237,397.82
2025-01-13 17:18:00,0.3239,0.3239,0.323,0.323,83.29
2025-01-13 17:19:00,0.3232,0.3238,0.3232,0.3238,300.27
2025-01-13 17:20:00,0.3232,0.3232,0.3232,0.3232,19.72
2025-01-13 17:21:00,0.3229,0.3234,0.3229,0.323,137.05
2025-01-13 17:22:00,0.3231,0.3231,0.3226,0.323,1000.66
2025-01-13 17:23:00,0.3233,0.3235,0.3231,0.3235,1123.89
2025-01-13 17:24:00,0.3229,0.3229,0.3228,0.3228,301.28
2025-01-13 17:25:00,0.323,0.3232,0.3229,0.3232,401.53
2025-01-13 17:26:00,0.323,0.3233,0.3229,0.3233,1179.82
2025-01-13 17:27:00,0.3238,0.3242,0.3238,0.3242,137.25
2025-01-13 17:28:00,0.3235,0.324,0.3235,0.324,323.24
2025-01-13 17:29:00,0.3242,0.3242,0.3241,0.3241,419.63
2025-01-13 17:30:00,0.3237,0.3237,0.3227,0.3228,25568.64
2025-01-13 17:31:00,0.3228,0.323,0.3226,0.323,559.17
2025-01-13 17:32:00,0.323,0.323,0.323,0.323,30.95
2025-01-13 17:33:00,0.3234,0.3239,0.3234,0.3239,1221.35
2025-01-13 17:34:00,0.3241,0.3244,0.3237,0.3244,1031.75
2025-01-13 17:35:00,0.3246,0.3246,0.3238,0.3238,608.58
2025-01-13 17:36:00,0.3239,0.3241,0.3238,0.324,1340.47
2025-01-13 17:37:00,0.324,0.324,0.323,0.323,701.32
2025-01-13 17:38:00,0.3231,0.3231,0.3226,0.3226,4259.5
2025-01-13 17:39:00,0.3227,0.3227,0.3218,0.3218,3882.55
2025-01-13 17:40:00,0.3216,0.3216,0.3215,0.3215,331.4
2025-01-13 17:41:00,0.3211,0.3213,0.3207,0.3213,4406.37
2025-01-13 17:42:00,0.3214,0.3217,0.3213,0.3217,551.33
2025-01-13 17:43:00,0.3211,0.3211,0.3209,0.3209,131.0
2025-01-13 17:44:00,0.321,0.3211,0.3208,0.3208,1159.14
2025-01-13 17:45:00,0.3211,0.3218,0.3211,0.3218,4982.17
2025-01-13 17:46:00,0.3215,0.3218,0.3215,0.3217,579.68
2025-01-13 17:47:00,0.3219,0.322,0.3215,0.3215,5111.89
2025-01-13 17:48:00,0.321,0.321,0.3209,0.321,3091.6
2025-01-13 17:49:00,0.3208,0.3208,0.3203,0.3204,2766.91
2025-01-13 17:50:00,0.3204,0.3205,0.3204,0.3205,332.29
2025-01-13 17:51:00,0.3203,0.3203,0.3197,0.3197,1756.92
2025-01-13 17:52:00,0.3198,0.3198,0.3193,0.3193,4152.06
2025-01-13 17:53:00,0.3193,0.3195,0.3192,0.3192,211.63
2025-01-13 17:54:00,0.3191,0.3191,0.3191,0.3191,58.86
2025-01-13 17:55:00,0.3197,0.3197,0.3197,0.3197,104.65
2025-01-13 17:56:00,0.3195,0.3195,0.3194,0.3194,1712.0
2025-01-13 17:57:00,0.3194,0.3197,0.3194,0.3197,1329.5
2025-01-13 17:58:00,0.3197,0.3204,0.3197,0.3202,37520.62
2025-01-13 17:59:00,0.3202,0.3205,0.3202,0.3205,511.21
2025-01-13 18:00:00,0.3205,0.3213,0.3205,0.3213,849.74
2025-01-13 18:01:00,0.3219,0.3223,0.3218,0.3223,2979.4
2025-01-13 18:02:00,0.3222,0.3225,0.3217,0.3225,1277.33
2025-01-13 18:03:00,0.3224,0.3233,0.3224,0.3233,173.98
2025-01-13 18:04:00,0.3227,0.3234,0.3227,0.3234,381.03
2025-01-13 18:05:00,0.3229,0.3229,0.3225,0.3225,532.79
2025-01-13 18:06:00,0.3224,0.3229,0.3224,0.3229,147.83
2025-01-13 18:07:00,0.3226,0.3226,0.3226,0.3226,19.78
2025-01-13 18:08:00,0.3229,0.3229,0.3229,0.3229,91.93
2025-01-13 18:09:00,0.3225,0.3225,0.3221,0.3223,262.2
2025-01-13 18:10:00,0.3215,0.3215,0.3215,0.3215,466.56
2025-01-13 18:11:00,0.3213,0.3213,0.3209,0.3209,547.05
2025-01-13 18:12:00,0.3202,0.3207,0.3202,0.3207,140.02
2025-01-13 18:13:00,0.32,0.32,0.3199,0.3199,572.38
2025-01-13 18:14:00,0.32,0.3205,0.32,0.3205,285.38
2025-01-13 18:15:00,0.3197,0.3198,0.3193,0.3198,327.36
2025-01-13 18:16:00,0.32,0.32,0.319,0.319,413.19
2025-01-13 18:17:00,0.3188,0.3188,0.3185,0.3185,1253.8
2025-01-13 18:18:00,0.3184,0.3184,0.3177,0.3177,2786.7
2025-01-13 18:19:00,0.3176,0.3182,0.3174,0.3174,947.97
2025-01-13 18:20:00,0.3171,0.3171,0.3167,0.3167,553.9
2025-01-13 18:21:00,0.3169,0.3169,0.3164,0.3164,559.49
2025-01-13 18:22:00,0.3164,0.3164,0.3162,0.3162,448.32
2025-01-13 18:23:00,0.3168,0.3176,0.3168,0.3176,1341.5
2025-01-13 18:24:00,0.3169,0.3169,0.3164,0.3167,2104.45
2025-01-13 18:25:00,0.3166,0.317,0.3164,0.317,1583.66
2025-01-13 18:26:00,0.3171,0.3171,0.3168,0.317,480.55
2025-01-13 18:27:00,0.317,0.3173,0.316,0.316,785.29
2025-01-13 18:28:00,0.3162,0.3163,0.3158,0.3158,1203.09
2025-01-13 18:29:00,0.3159,0.3159,0.3152,0.3152,204.0
2025-01-13 18:30:00,0.3158,0.3169,0.3158,0.3169,1598.85
2025-01-13 18:31:00,0.3168,0.3171,0.3165,0.3171,374.01
2025-01-13 18:32:00,0.3174,0.3177,0.3173,0.3173,257.36
2025-01-13 18:33:00,0.3179,0.3179,0.3178,0.3178,314.33
2025-01-13 18:34:00,0.3183,0.3183,0.3176,0.3181,344.97
2025-01-13 18:35:00,0.3182,0.3186,0.3182,0.3186,267.8
2025-01-13 18:36:00,0.3187,0.3193,0.3187,0.3193,323.64
2025-01-13 18:37:00,0.3192,0.3192,0.3185,0.3185,2273.12
2025-01-13 18:38:00,0.319,0.319,0.3187,0.3189,745.98
2025-01-13 18:39:00,0.3194,0.3196,0.3191,0.3196,515.01
2025-01-13 18:40:00,0.3193,0.3195,0.3193,0.3195,207.01
2025-01-13 18:41:00,0.3194,0.3194,0.3185,0.3185,2713.64
2025-01-13 18:42:00,0.3181,0.3181,0.3181,0.3181,32.04
2025-01-13 18:43:00,0.3176,0.3179,0.3176,0.3177,290.34
2025-01-13 18:44:00,0.3175,0.3178,0.3175,0.3177,785.13
2025-01-13 18:45:00,0.3176,0.3176,0.317,0.317,459.7
2025-01-13 18:46:00,0.3176,0.3188,0.3176,0.3188,870.72
2025-01-13 18:47:00,0.3192,0.3197,0.3192,0.3197,3091.81
2025-01-13 18:48:00,0.3195,0.3196,0.3194,0.3194,393.35
2025-01-13 18:49:00,0.3201,0.3202,0.3201,0.3202,180.06
2025-01-13 18:50:00,0.3205,0.321,0.3201,0.3201,4624.94
2025-01-13 18:51:00,0.3201,0.3203,0.3197,0.3202,17126.86
2025-01-13 18:52:00,0.32,0.3201,0.3199,0.3199,129.71
2025-01-13 18:53:00,0.3196,0.3197,0.3195,0.3195,508.16
2025-01-13 18:54:00,0.3192,0.3192,0.3191,0.3191,316.38
2025-01-13 18:55:00,0.3194,0.3198,0.3194,0.3198,976.31
2025-01-13 18:56:00,0.3202,0.3203,0.3199,0.32,1685.11
2025-01-13 18:57:00,0.3205,0.3205,0.3203,0.3203,1041.0
2025-01-13 18:58:00,0.3201,0.3201,0.3201,0.3201,92.75
2025-01-13 18:59:00,0.3201,0.3201,0.3201,0.3201,0.0
2025-01-13 19:00:00,0.3193,0.3193,0.3189,0.3189,161.2
2025-01-13 19:01:00,0.3188,0.3203,0.3188,0.3203,2895.13
2025-01-13 19:02:00,0.32,0.3202,0.3195,0.3202,1882.48
2025-01-13 19:03:00,0.3203,0.3209,0.3203,0.3209,717.74
2025-01-13 19:04:00,0.3209,0.3212,0.3209,0.3212,344.51
2025-01-13 19:05:00,0.3212,0.3215,0.3212,0.3213,1482.27
2025-01-13 19:06:00,0.3215,0.3219,0.3215,0.3219,66.1
2025-01-13 19:07:00,0.3209,0.3217,0.3209,0.3217,271.39
2025-01-13 19:08:00,0.3217,0.3217,0.3217,0.3217,100.0
2025-01-13 19:09:00,0.3221,0.3226,0.3219,0.3219,7887.28
2025-01-13 19:10:00,0.3216,0.3219,0.3216,0.3219,64.42
2025-01-13 19:11:00,0.3218,0.3218,0.3217,0.3217,2426.76
2025-01-13 19:12:00,0.3215,0.3215,0.3215,0.3215,62.2
2025-01-13 19:13:00,0.3211,0.3211,0.3205,0.3205,125.53
2025-01-13 19:14:00,0.3204,0.3204,0.3204,0.3204,32.11
2025-01-13 19:15:00,0.3201,0.3201,0.3193,0.3198,2939.33
2025-01-13 19:16:00,0.3199,0.3199,0.3191,0.3191,618.96
2025-01-13 19:17:00,0.3191,0.3191,0.318,0.318,479.65
2025-01-13 19:18:00,0.3182,0.3184,0.318,0.3184,68060.63
2025-01-13 19:19:00,0.3186,0.3186,0.3179,0.3179,1739.83
2025-01-13 19:20:00,0.3177,0.3178,0.3167,0.3169,3347.26
2025-01-13 19:21:00,0.3172,0.3172,0.3169,0.3169,1273.08
2025-01-13 19:22:00,0.317,0.3175,0.317,0.3174,673.13
2025-01-13 19:23:00,0.3172,0.3172,0.317,0.317,469.6
2025-01-13 19:24:00,0.317,0.3175,0.317,0.3175,6033.13
2025-01-13 19:25:00,0.3175,0.3182,0.3175,0.3182,7118.74
2025-01-13 19:26:00,0.3186,0.3186,0.3182,0.3182,267.19
2025-01-13 19:27:00,0.3186,0.3186,0.3186,0.3186,152.99
2025-01-13 19:28:00,0.3184,0.3184,0.3184,0.3184,154.79
2025-01-13 19:29:00,0.3189,0.3189,0.3189,0.3189,132.41
2025-01-13 19:30:00,0.3189,0.3194,0.3189,0.3194,822.97
2025-01-13 19:31:00,0.3183,0.3185,0.3182,0.3184,3453.03
2025-01-13 19:32:00,0.3182,0.3185,0.3182,0.3185,223.84
2025-01-13 19:33:00,0.3192,0.3193,0.3192,0.3193,224.91
2025-01-13 19:34:00,0.3187,0.3187,0.3184,0.3184,3000.61
2025-01-13 19:35:00,0.3193,0.3193,0.3185,0.3185,6429.17
2025-01-13 19:36:00,0.3195,0.3199,0.3194,0.3194,1912.18
2025-01-13 19:37:00,0.3194,0.3194,0.3194,0.3194,0.0
2025-01-13 19:38:00,0.3196,0.3205,0.3196,0.3204,2166.76
2025-01-13 19:39:00,0.3205,0.3208,0.3204,0.3207,314.56
2025-01-13 19:40:00,0.321,0.3214,0.321,0.3214,257.87
2025-01-13 19:41:00,0.3211,0.3215,0.3211,0.3215,1342.69
2025-01-13 19:42:00,0.3215,0.3215,0.3215,0.3215,0.0
2025-01-13 19:43:00,0.3218,0.3218,0.3214,0.3214,4029.93
2025-01-13 19:44:00,0.3218,0.3223,0.3218,0.3221,372.0
2025-01-13 19:45:00,0.322,0.322,0.3219,0.3219,3440.37
2025-01-13 19:46:00,0.3222,0.323,0.3222,0.3225,2350.04
2025-01-13 19:47:00,0.3228,0.323,0.3228,0.323,44.98
2025-01-13 19:48:00,0.3229,0.3234,0.3225,0.3225,754.98
2025-01-13 19:49:00,0.3224,0.3225,0.322,0.322,1982.1
2025-01-13 19:50:00,0.3215,0.3215,0.3215,0.3215,466.76
2025-01-13 19:51:00,0.3215,0.3215,0.3215,0.3215,0.0
2025-01-13 19:52:00,0.3208,0.3208,0.3202,0.3202,441.53
2025-01-13 19:53:00,0.3201,0.3201,0.3201,0.3201,1087.16
2025-01-13 19:54:00,0.3201,0.3201,0.3201,0.3201,0.0
2025-01-13 19:55:00,0.3208,0.3211,0.3208,0.321,5133.91
2025-01-13 19:56:00,0.3211,0.3211,0.3207,0.3207,246.21
2025-01-13 19:57:00,0.3211,0.3211,0.3211,0.3211,98.45
2025-01-13 19:58:00,0.3208,0.3208,0.3208,0.3208,467.58
2025-01-13 19:59:00,0.321,0.321,0.3208,0.3208,154.77
2025-01-13 20:00:00,0.3209,0.321,0.3203,0.3205,2551.49
2025-01-13 20:01:00,0.32,0.3204,0.3199,0.3199,229.74
2025-01-13 20:02:00,0.32,0.3207,0.3197,0.3207,993.56
2025-01-13 20:03:00,0.3207,0.3209,0.3197,0.3197,3605.75
2025-01-13 20:04:00,0.3193,0.3193,0.3192,0.3192,365.13
2025-01-13 20:05:00,0.3194,0.3199,0.3193,0.3199,1620.18
2025-01-13 20:06:00,0.3193,0.3194,0.3191,0.3191,371.75
2025-01-13 20:07:00,0.3189,0.3189,0.3184,0.3186,993.94
2025-01-13 20:08:00,0.3185,0.3191,0.3185,0.3191,734.19
2025-01-13 20:09:00,0.3193,0.3195,0.3191,0.3192,12298.11
2025-01-13 20:10:00,0.3188,0.3188,0.3187,0.3187,347.09
2025-01-13 20:11:00,0.3191,0.3191,0.3189,0.3189,63.7
2025-01-13 20:12:00,0.3187,0.3187,0.3187,0.3187,519.1
2025-01-13 20:13:00,0.3183,0.3194,0.3183,0.3192,899.65
2025-01-13 20:14:00,0.3192,0.3192,0.3192,0.3192,0.0
2025-01-13 20:15:00,0.3189,0.3195,0.3189,0.3195,222.23
2025-01-13 20:16:00,0.3193,0.3193,0.3191,0.3191,212.33
2025-01-13 20:17:00,0.3193,0.3203,0.3193,0.3203,126.67
2025-01-13 20:18:00,0.3202,0.3203,0.3199,0.3202,11356.92
2025-01-13 20:19:00,0.3203,0.3207,0.3203,0.3207,219.8
2025-01-13 20:20:00,0.3206,0.3208,0.3206,0.3208,219.6
2025-01-13 20:21:00,0.3211,0.3213,0.321,0.3213,976.21
2025-01-13 20:22:00,0.3216,0.3216,0.3216,0.3216,95.43
2025-01-13 20:23:00,0.3209,0.3209,0.3205,0.3205,16213.35
2025-01-13 20:24:00,0.3205,0.3205,0.3205,0.3205,714.29
2025-01-13 20:25:00,0.3206,0.3207,0.3203,0.3203,11060.27
2025-01-13 20:26:00,0.3204,0.3211,0.3204,0.3211,242.35
2025-01-13 20:27:00,0.321,0.3214,0.321,0.3214,835.89
2025-01-13 20:28:00,0.3212,0.3212,0.3212,0.3212,157.1
2025-01-13 20:29:00,0.3212,0.3212,0.3212,0.3212,0.0
2025-01-13 20:30:00,0.3214,0.3223,0.3214,0.322,5609.47
2025-01-13 20:31:00,0.3223,0.3223,0.3221,0.3221,355.63
2025-01-13 20:32:00,0.3222,0.3227,0.3222,0.3226,1016.57
2025-01-13 20:33:00,0.3228,0.3233,0.3228,0.3233,1223.47
2025-01-13 20:34:00,0.3232,0.3243,0.3232,0.3242,1854.31
2025-01-13 20:35:00,0.3242,0.3247,0.3242,0.3246,906.53
2025-01-13 20:36:00,0.3248,0.3254,0.3247,0.3254,6436.03
2025-01-13 20:37:00,0.3254,0.3256,0.3252,0.3253,5536.72
2025-01-13 20:38:00,0.3258,0.3262,0.3257,0.3259,1544.44
2025-01-13 20:39:00,0.3252,0.3252,0.3247,0.3247,665.48
2025-01-13 20:40:00,0.3252,0.3252,0.3252,0.3252,36.0
2025-01-13 20:41:00,0.3252,0.3252,0.3252,0.3252,0.0
2025-01-13 20:42:00,0.3259,0.3262,0.3259,0.3261,1745.8
2025-01-13 20:43:00,0.3269,0.3269,0.3265,0.3267,1128.69
2025-01-13 20:44:00,0.3267,0.3267,0.3267,0.3267,0.0
2025-01-13 20:45:00,0.3274,0.3284,0.3274,0.3283,5581.63
2025-01-13 20:46:00,0.3282,0.3287,0.3282,0.3282,5587.79
2025-01-13 20:47:00,0.3279,0.3289,0.3277,0.3289,1501.37
2025-01-13 20:48:00,0.3289,0.3289,0.3288,0.3289,408.15
2025-01-13 20:49:00,0.3293,0.3293,0.3293,0.3293,18.9
2025-01-13 20:50:00,0.3293,0.3293,0.3289,0.3291,1029.8
2025-01-13 20:51:00,0.3294,0.3315,0.3294,0.3313,34031.89
2025-01-13 20:52:00,0.3314,0.3322,0.3313,0.3321,15262.89
2025-01-13 20:53:00,0.3322,0.3324,0.3313,0.3315,1782.23
2025-01-13 20:54:00,0.3314,0.332,0.3314,0.332,1634.01
2025-01-13 20:55:00,0.3321,0.3327,0.3321,0.3324,378.47
2025-01-13 20:56:00,0.3315,0.3316,0.3309,0.331,3440.12
2025-01-13 20:57:00,0.3315,0.3318,0.3315,0.3318,1105.16
2025-01-13 20:58:00,0.3318,0.3318,0.3313,0.3318,452.42
2025-01-13 20:59:00,0.3311,0.3314,0.3311,0.3314,325.33
2025-01-13 21:00:00,0.3314,0.3321,0.3309,0.332,1669.17
2025-01-13 21:01:00,0.3317,0.3321,0.3315,0.332,2713.31
2025-01-13 21:02:00,0.3323,0.3325,0.3316,0.3319,1521.83
2025-01-13 21:03:00,0.3317,0.3317,0.3304,0.3306,4873.72
2025-01-13 21:04:00,0.3306,0.3306,0.3298,0.3302,4060.3
2025-01-13 21:05:00,0.3305,0.3318,0.3305,0.3318,1291.15
2025-01-13 21:06:00,0.3318,0.3318,0.33,0.3304,2292.32
2025-01-13 21:07:00,0.3304,0.3306,0.3299,0.3302,3781.93
2025-01-13 21:08:00,0.3304,0.3306,0.3303,0.3306,728.91
2025-01-13 21:09:00,0.3309,0.3313,0.3306,0.3306,1243.54
2025-01-13 21:10:00,0.3306,0.331,0.3306,0.3309,801.33
2025-01-13 21:11:00,0.331,0.331,0.3304,0.3304,1484.98
2025-01-13 21:12:00,0.3303,0.3305,0.3301,0.3305,5052.78
2025-01-13 21:13:00,0.3306,0.3306,0.3305,0.3305,63.41
2025-01-13 21:14:00,0.3309,0.3309,0.3305,0.3305,101.13
2025-01-13 21:15:00,0.3301,0.3302,0.3297,0.3302,655.75
2025-01-13 21:16:00,0.3309,0.3309,0.3304,0.3304,211.17
2025-01-13 21:17:00,0.3304,0.3304,0.3304,0.3304,0.0
2025-01-13 21:18:00,0.3293,0.3296,0.3293,0.3296,1071.96
2025-01-13 21:19:00,0.3293,0.3296,0.3287,0.3288,1796.89
2025-01-13 21:20:00,0.3293,0.3302,0.3293,0.3302,635.7
2025-01-13 21:21:00,0.3297,0.33,0.3296,0.3299,2395.01
2025-01-13 21:22:00,0.3299,0.33,0.3295,0.3296,597.73
2025-01-13 21:23:00,0.33,0.3302,0.3296,0.3301,3071.16
2025-01-13 21:24:00,0.3305,0.3307,0.3305,0.3307,859.47
2025-01-13 21:25:00,0.3317,0.3317,0.3317,0.3317,132.31
2025-01-13 21:26:00,0.3306,0.3306,0.3306,0.3306,110.05
2025-01-13 21:27:00,0.3305,0.3305,0.3305,0.3305,1809.13
2025-01-13 21:28:00,0.3306,0.3313,0.3306,0.3311,33087.7
2025-01-13 21:29:00,0.3311,0.3311,0.3311,0.3311,0.0
2025-01-13 21:30:00,0.3311,0.332,0.3311,0.332,1180.82
2025-01-13 21:31:00,0.3323,0.3323,0.3314,0.3314,856.71
2025-01-13 21:32:00,0.331,0.3312,0.331,0.3312,3517.18
2025-01-13 21:33:00,0.3312,0.3314,0.3307,0.3309,5571.27
2025-01-13 21:34:00,0.3309,0.332,0.3309,0.3313,11377.11
2025-01-13 21:35:00,0.3313,0.3318,0.3311,0.3317,8890.08
2025-01-13 21:36:00,0.3317,0.3317,0.3308,0.3308,335.52
2025-01-13 21:37:00,0.3312,0.3327,0.3312,0.3327,6453.62
2025-01-13 21:38:00,0.3328,0.3331,0.3325,0.3331,9497.81
2025-01-13 21:39:00,0.3331,0.334,0.3331,0.3339,5611.91
2025-01-13 21:40:00,0.3339,0.3348,0.3339,0.3344,7750.99
2025-01-13 21:41:00,0.335,0.3356,0.3341,0.3354,23008.49
2025-01-13 21:42:00,0.3355,0.3355,0.3341,0.3341,3610.52
2025-01-13 21:43:00,0.3342,0.335,0.3342,0.3348,333.29
2025-01-13 21:44:00,0.335,0.335,0.3349,0.3349,102.79
2025-01-13 21:45:00,0.3347,0.3347,0.3342,0.3346,2939.07
2025-01-13 21:46:00,0.3341,0.3342,0.3337,0.3337,1776.1
2025-01-13 21:47:00,0.3333,0.3334,0.333,0.333,998.34
2025-01-13 21:48:00,0.3333,0.3333,0.3333,0.3333,240.0
2025-01-13 21:49:00,0.3338,0.3343,0.3337,0.334,810.21
2025-01-13 21:50:00,0.334,0.334,0.3339,0.3339,430.7
2025-01-13 21:51:00,0.3333,0.3336,0.3331,0.3334,4845.46
2025-01-13 21:52:00,0.3335,0.3335,0.3334,0.3334,166.0
2025-01-13 21:53:00,0.334,0.3343,0.3338,0.3338,202.91
2025-01-13 21:54:00,0.3339,0.3341,0.3332,0.3332,2857.66
2025-01-13 21:55:00,0.3333,0.3333,0.333,0.3331,1133.98
2025-01-13 21:56:00,0.3335,0.3336,0.3331,0.3334,1053.33
2025-01-13 21:57:00,0.3334,0.3334,0.3334,0.3334,0.0
2025-01-13 21:58:00,0.3335,0.3335,0.3335,0.3335,96.26
2025-01-13 21:59:00,0.3336,0.3336,0.3336,0.3336,94.5
2025-01-13 22:00:00,0.3339,0.3343,0.3339,0.3343,1269.23
2025-01-13 22:01:00,0.3339,0.3346,0.3339,0.3346,628.87
2025-01-13 22:02:00,0.3349,0.3351,0.3349,0.3351,289.76
2025-01-13 22:03:00,0.3349,0.3349,0.3342,0.3342,878.34
2025-01-13 22:04:00,0.3345,0.3345,0.3345,0.3345,29.92
2025-01-13 22:05:00,0.3348,0.3348,0.3339,0.3341,3527.37
2025-01-13 22:06:00,0.3346,0.335,0.3346,0.335,1246.89
2025-01-13 22:07:00,0.3352,0.3357,0.3352,0.3357,103.55
2025-01-13 22:08:00,0.3357,0.336,0.3357,0.3358,560.5
2025-01-13 22:09:00,0.3357,0.3361,0.3356,0.3361,604.44
2025-01-13 22:10:00,0.3361,0.3368,0.3361,0.3366,1322.19
2025-01-13 22:11:00,0.3361,0.3361,0.3359,0.3359,108.43
2025-01-13 22:12:00,0.3362,0.3362,0.3362,0.3362,601.36
2025-01-13 22:13:00,0.3359,0.3359,0.3359,0.3359,30.35
2025-01-13 22:14:00,0.3361,0.3369,0.3361,0.3369,16725.02
2025-01-13 22:15:00,0.3366,0.3366,0.3359,0.3363,1081.37
2025-01-13 22:16:00,0.3362,0.3369,0.3362,0.3369,931.83
2025-01-13 22:17:00,0.337,0.337,0.3368,0.3368,235.04
2025-01-13 22:18:00,0.3366,0.3369,0.3366,0.3366,714.89
2025-01-13 22:19:00,0.3367,0.3372,0.3366,0.3372,950.54
2025-01-13 22:20:00,0.3373,0.3377,0.3373,0.3377,156.85
2025-01-13 22:21:00,0.3371,0.3371,0.3366,0.3368,371.38
2025-01-13 22:22:00,0.3373,0.3376,0.3373,0.3376,32.59
2025-01-13 22:23:00,0.3376,0.3377,0.3376,0.3377,1209.89
2025-01-13 22:24:00,0.3379,0.338,0.3377,0.338,1261.06
2025-01-13 22:25:00,0.3381,0.3381,0.3381,0.3381,400.0
2025-01-13 22:26:00,0.338,0.3381,0.3378,0.3378,2078.73
2025-01-13 22:27:00,0.3377,0.3377,0.3375,0.3375,359.77
2025-01-13 22:28:00,0.338,0.338,0.3375,0.3376,340.42
2025-01-13 22:29:00,0.3377,0.3383,0.3375,0.3375,14067.78
2025-01-13 22:30:00,0.3366,0.3366,0.3363,0.3363,770.65
2025-01-13 22:31:00,0.3362,0.337,0.3362,0.337,2497.08
2025-01-13 22:32:00,0.337,0.3371,0.3361,0.3361,13044.39
2025-01-13 22:33:00,0.3363,0.3363,0.3358,0.3358,2197.3
2025-01-13 22:34:00,0.3358,0.3358,0.3358,0.3358,0.0
2025-01-13 22:35:00,0.3354,0.3354,0.3351,0.3351,3659.75
2025-01-13 22:36:00,0.335,0.335,0.334,0.334,2678.91
2025-01-13 22:37:00,0.3338,0.3346,0.3338,0.3346,11114.97
2025-01-13 22:38:00,0.3344,0.3348,0.3344,0.3348,299.75
2025-01-13 22:39:00,0.3349,0.3349,0.3349,0.3349,60.0
2025-01-13 22:40:00,0.3347,0.3347,0.334,0.3343,10120.02
2025-01-13 22:41:00,0.3343,0.3346,0.3341,0.3343,8118.94
2025-01-13 22:42:00,0.3344,0.3345,0.3343,0.3343,562.09
2025-01-13 22:43:00,0.3351,0.3351,0.3351,0.3351,59.17
2025-01-13 22:44:00,0.3348,0.3348,0.3343,0.3343,17870.42
2025-01-13 22:45:00,0.3346,0.3347,0.3344,0.3344,13040.58
2025-01-13 22:46:00,0.3344,0.3344,0.3344,0.3344,0.0
2025-01-13 22:47:00,0.3352,0.3356,0.3352,0.3353,2578.74
2025-01-13 22:48:00,0.3353,0.3353,0.3353,0.3353,0.0
2025-01-13 22:49:00,0.3356,0.3356,0.3356,0.3356,60.62
2025-01-13 22:50:00,0.3352,0.3352,0.3352,0.3352,400.0
2025-01-13 22:51:00,0.3352,0.3352,0.3352,0.3352,0.0
2025-01-13 22:52:00,0.3352,0.3352,0.3352,0.3352,0.0
2025-01-13 22:53:00,0.3352,0.3352,0.3352,0.3352,0.0
2025-01-13 22:54:00,0.3345,0.3345,0.3345,0.3345,76.28
2025-01-13 22:55:00,0.335,0.335,0.335,0.335,32.63
2025-01-13 22:56:00,0.3354,0.3354,0.3354,0.3354,19.0
2025-01-13 22:57:00,0.3353,0.3353,0.3353,0.3353,451.62
2025-01-13 22:58:00,0.3353,0.3353,0.3353,0.3353,0.0
2025-01-13 22:59:00,0.3355,0.3359,0.3355,0.3359,1988.3
2025-01-13 23:00:00,0.3362,0.3363,0.336,0.336,1517.76
2025-01-13 23:01:00,0.3351,0.3351,0.3351,0.3351,1029.99
2025-01-13 23:02:00,0.3351,0.3351,0.3351,0.3351,0.0
2025-01-13 23:03:00,0.3354,0.3356,0.3354,0.3355,3854.0
2025-01-13 23:04:00,0.3359,0.3359,0.3359,0.3359,67.13
2025-01-13 23:05:00,0.3354,0.3354,0.3352,0.3352,744.0
2025-01-13 23:06:00,0.3352,0.3352,0.3347,0.3347,150.84
2025-01-13 23:07:00,0.3347,0.3347,0.3347,0.3347,59.73
2025-01-13 23:08:00,0.3344,0.3348,0.3344,0.3348,6727.86
2025-01-13 23:09:00,0.3352,0.3352,0.3352,0.3352,59.73
2025-01-13 23:10:00,0.335,0.3356,0.335,0.3356,9879.45
2025-01-13 23:11:00,0.3356,0.3356,0.3356,0.3356,0.0
2025-01-13 23:12:00,0.3357,0.3357,0.3356,0.3356,10586.55
2025-01-13 23:13:00,0.3356,0.3356,0.3356,0.3356,94.5
2025-01-13 23:14:00,0.3356,0.3356,0.3356,0.3356,0.0
2025-01-13 23:15:00,0.3358,0.3363,0.3358,0.3363,2696.66
2025-01-13 23:16:00,0.3359,0.3359,0.3356,0.3356,7933.63
2025-01-13 23:17:00,0.3362,0.3363,0.3362,0.3363,5336.47
2025-01-13 23:18:00,0.3363,0.3363,0.3363,0.3363,0.0
2025-01-13 23:19:00,0.3359,0.3361,0.3359,0.3361,1142.96
2025-01-13 23:20:00,0.3361,0.3361,0.3361,0.3361,0.0
2025-01-13 23:21:00,0.3361,0.3361,0.3361,0.3361,418.0
2025-01-13 23:22:00,0.3361,0.3361,0.3361,0.3361,0.0
2025-01-13 23:23:00,0.3364,0.3364,0.3363,0.3364,7448.2
2025-01-13 23:24:00,0.3362,0.3362,0.336,0.336,5612.49
2025-01-13 23:25:00,0.336,0.336,0.336,0.336,0.0
2025-01-13 23:26:00,0.3353,0.3354,0.3351,0.3351,1991.62
2025-01-13 23:27:00,0.3354,0.3355,0.3354,0.3355,172.62
2025-01-13 23:28:00,0.3355,0.3355,0.3355,0.3355,158.23
2025-01-13 23:29:00,0.3353,0.3354,0.3353,0.3354,274.1
2025-01-13 23:30:00,0.3355,0.3356,0.3355,0.3356,380.56
2025-01-13 23:31:00,0.3356,0.3356,0.3356,0.3356,221.25
2025-01-13 23:32:00,0.3355,0.3355,0.3353,0.3353,121.56
2025-01-13 23:33:00,0.3351,0.3353,0.3351,0.3353,349.48
2025-01-13 23:34:00,0.3353,0.3353,0.3353,0.3353,0.0
2025-01-13 23:35:00,0.3356,0.3356,0.3356,0.3356,151.96
2025-01-13 23:36:00,0.3358,0.3362,0.3358,0.3362,360.31
2025-01-13 23:37:00,0.3362,0.3362,0.3362,0.3362,0.0
2025-01-13 23:38:00,0.3362,0.3362,0.3362,0.3362,0.0
2025-01-13 23:39:00,0.3354,0.3357,0.3354,0.3357,160.05
2025-01-13 23:40:00,0.336,0.336,0.336,0.336,46.45
2025-01-13 23:41:00,0.336,0.336,0.336,0.336,0.0
2025-01-13 23:42:00,0.3354,0.3354,0.3353,0.3354,808.03
2025-01-13 23:43:00,0.3359,0.3361,0.3356,0.3356,6353.33
2025-01-13 23:44:00,0.3356,0.3356,0.3356,0.3356,0.0
2025-01-13 23:45:00,0.3353,0.3354,0.3352,0.3352,3901.99
2025-01-13 23:46:00,0.3354,0.3354,0.3354,0.3354,59.63
2025-01-13 23:47:00,0.3351,0.3351,0.3351,0.3351,1030.0
2025-01-13 23:48:00,0.3346,0.335,0.3346,0.335,712.12
2025-01-13 23:49:00,0.3345,0.3345,0.3345,0.3345,30.04
2025-01-13 23:50:00,0.3345,0.3345,0.3345,0.3345,0.0
2025-01-13 23:51:00,0.3351,0.3351,0.3351,0.3351,59.7
2025-01-13 23:52:00,0.3351,0.3351,0.3351,0.3351,109.0
2025-01-13 23:53:00,0.3351,0.3352,0.335,0.3352,3403.7
2025-01-13 23:54:00,0.335,0.3353,0.335,0.3353,3074.5
2025-01-13 23:55:00,0.3352,0.3352,0.335,0.3352,486.73
2025-01-13 23:56:00,0.3355,0.3355,0.3355,0.3355,2193.2
2025-01-13 23:57:00,0.3354,0.3354,0.3351,0.3352,660.24
2025-01-13 23:58:00,0.3353,0.3353,0.3353,0.3353,32.65
2025-01-13 23:59:00,0.335,0.335,0.335,0.335,15.09
2025-01-14 00:00:00,0.3351,0.3354,0.3351,0.3354,314.15
2025-01-14 00:01:00,0.3356,0.3363,0.3356,0.3357,5321.16
2025-01-14 00:02:00,0.3357,0.3357,0.3354,0.3354,871.29
2025-01-14 00:03:00,0.3356,0.3356,0.3356,0.3356,29.13
2025-01-14 00:04:00,0.3358,0.3358,0.3352,0.3352,496.39
2025-01-14 00:05:00,0.3353,0.3353,0.3348,0.3348,3209.25
2025-01-14 00:06:00,0.3348,0.3348,0.3344,0.3344,864.9
2025-01-14 00:07:00,0.3348,0.3348,0.3343,0.3343,396.83
2025-01-14 00:08:00,0.3343,0.3343,0.3343,0.3343,0.0
2025-01-14 00:09:00,0.3343,0.3343,0.3343,0.3343,134.53
2025-01-14 00:10:00,0.3344,0.3344,0.3344,0.3344,125.09
2025-01-14 00:11:00,0.3344,0.3344,0.3344,0.3344,0.0
2025-01-14 00:12:00,0.3341,0.3341,0.334,0.334,370.0
2025-01-14 00:13:00,0.3341,0.3341,0.334,0.3341,613.5
2025-01-14 00:14:00,0.3338,0.3338,0.3338,0.3338,1063.17
2025-01-14 00:15:00,0.3338,0.3338,0.3338,0.3338,59.94
2025-01-14 00:16:00,0.3337,0.3338,0.3337,0.3337,457.84
2025-01-14 00:17:00,0.3335,0.3335,0.3335,0.3335,462.81
2025-01-14 00:18:00,0.3344,0.3344,0.3344,0.3344,240.0
2025-01-14 00:19:00,0.3344,0.3344,0.3344,0.3344,0.0
2025-01-14 00:20:00,0.3338,0.3353,0.3338,0.3353,2750.18
2025-01-14 00:21:00,0.3349,0.335,0.3349,0.335,62.25
2025-01-14 00:22:00,0.3355,0.3355,0.3355,0.3355,14.9
2025-01-14 00:23:00,0.3355,0.3355,0.3355,0.3355,0.0
2025-01-14 00:24:00,0.3357,0.3357,0.3356,0.3356,83.21
2025-01-14 00:25:00,0.3356,0.3356,0.3356,0.3356,0.0
2025-01-14 00:26:00,0.3356,0.3356,0.3356,0.3356,0.0
2025-01-14 00:27:00,0.3356,0.3356,0.3356,0.3356,0.0
2025-01-14 00:28:00,0.3346,0.3346,0.3345,0.3345,187.57
2025-01-14 00:29:00,0.3346,0.3346,0.3346,0.3346,141.97
2025-01-14 00:30:00,0.3346,0.3346,0.3346,0.3346,0.0
2025-01-14 00:31:00,0.3341,0.3341,0.3338,0.3338,753.24
2025-01-14 00:32:00,0.3337,0.3337,0.3334,0.3334,1192.3
2025-01-14 00:33:00,0.3334,0.3334,0.3334,0.3334,0.0
2025-01-14 00:34:00,0.3334,0.3334,0.3334,0.3334,0.0
2025-01-14 00:35:00,0.3334,0.3334,0.3334,0.3334,0.0
2025-01-14 00:36:00,0.3336,0.3336,0.3334,0.3334,679.1
2025-01-14 00:37:00,0.3331,0.3333,0.3331,0.3333,125.17
2025-01-14 00:38:00,0.3331,0.3331,0.3331,0.3331,21.21
2025-01-14 00:39:00,0.3331,0.3331,0.3331,0.3331,0.0
2025-01-14 00:40:00,0.3332,0.3339,0.3332,0.3339,579.41
2025-01-14 00:41:00,0.3341,0.3341,0.3341,0.3341,24.66
2025-01-14 00:42:00,0.334,0.334,0.334,0.334,17.0
2025-01-14 00:43:00,0.334,0.334,0.334,0.334,0.0
2025-01-14 00:44:00,0.3332,0.3332,0.3329,0.3329,530.0
2025-01-14 00:45:00,0.333,0.333,0.3329,0.3329,67.71
2025-01-14 00:46:00,0.3333,0.3334,0.3331,0.3334,3452.26
2025-01-14 00:47:00,0.3334,0.3334,0.3334,0.3334,0.0
2025-01-14 00:48:00,0.3331,0.3331,0.3327,0.3327,640.74
2025-01-14 00:49:00,0.3326,0.3326,0.3324,0.3324,880.62
2025-01-14 00:50:00,0.3324,0.3324,0.3324,0.3324,0.0
2025-01-14 00:51:00,0.3324,0.3324,0.3324,0.3324,0.0
2025-01-14 00:52:00,0.3336,0.3337,0.3335,0.3335,386.52
2025-01-14 00:53:00,0.3335,0.3335,0.3335,0.3335,0.0
2025-01-14 00:54:00,0.3334,0.3334,0.3334,0.3334,54.88
2025-01-14 00:55:00,0.3334,0.3334,0.3334,0.3334,0.0
2025-01-14 00:56:00,0.3334,0.3334,0.3334,0.3334,0.0
2025-01-14 00:57:00,0.3332,0.3332,0.3332,0.3332,30.0
2025-01-14 00:58:00,0.3329,0.333,0.3329,0.333,90.88
2025-01-14 00:59:00,0.3329,0.3329,0.3329,0.3329,164.6
2025-01-14 01:00:00,0.3336,0.334,0.3336,0.334,1519.31
2025-01-14 01:01:00,0.3343,0.3343,0.3343,0.3343,327.99
2025-01-14 01:02:00,0.3343,0.3343,0.3343,0.3343,0.0
2025-01-14 01:03:00,0.3352,0.3352,0.3352,0.3352,65.11
2025-01-14 01:04:00,0.3353,0.3353,0.3353,0.3353,204.67
2025-01-14 01:05:00,0.335,0.335,0.335,0.335,18.36
2025-01-14 01:06:00,0.3351,0.3351,0.3351,0.3351,117.6
2025-01-14 01:07:00,0.3358,0.3358,0.3358,0.3358,74.44
2025-01-14 01:08:00,0.3359,0.3365,0.3359,0.3365,2090.24
2025-01-14 01:09:00,0.336,0.336,0.336,0.336,152.34
2025-01-14 01:10:00,0.3363,0.3367,0.3363,0.3364,475.24
2025-01-14 01:11:00,0.3365,0.3365,0.3365,0.3365,17.0
2025-01-14 01:12:00,0.3365,0.3365,0.3365,0.3365,0.0
2025-01-14 01:13:00,0.3365,0.3365,0.3365,0.3365,0.0
2025-01-14 01:14:00,0.3365,0.3365,0.3365,0.3365,0.0
2025-01-14 01:15:00,0.3368,0.3368,0.3368,0.3368,50.3
2025-01-14 01:16:00,0.3365,0.3365,0.3358,0.3358,2791.58
2025-01-14 01:17:00,0.3356,0.3356,0.3356,0.3356,113.51
2025-01-14 01:18:00,0.3352,0.3357,0.3352,0.3354,23709.44
2025-01-14 01:19:00,0.3354,0.3354,0.3354,0.3354,0.0
2025-01-14 01:20:00,0.3352,0.3352,0.3351,0.3351,679.24
2025-01-14 01:21:00,0.3353,0.3354,0.3352,0.3352,256.79
2025-01-14 01:22:00,0.3351,0.3351,0.3351,0.3351,123.02
2025-01-14 01:23:00,0.3351,0.3351,0.3351,0.3351,0.0
2025-01-14 01:24:00,0.3348,0.335,0.3348,0.335,506.03
2025-01-14 01:25:00,0.3353,0.3353,0.3353,0.3353,94.5
2025-01-14 01:26:00,0.3353,0.3353,0.335,0.335,150.97
2025-01-14 01:27:00,0.335,0.3351,0.335,0.3351,189.93
2025-01-14 01:28:00,0.3354,0.3357,0.3354,0.3355,2110.39
2025-01-14 01:29:00,0.3356,0.3356,0.3356,0.3356,32.72
2025-01-14 01:30:00,0.3351,0.3351,0.3351,0.3351,32.71
2025-01-14 01:31:00,0.3355,0.3355,0.3355,0.3355,19.0
2025-01-14 01:32:00,0.3355,0.3355,0.3355,0.3355,0.0
2025-01-14 01:33:00,0.3345,0.3345,0.3343,0.3343,1424.7
2025-01-14 01:34:00,0.3342,0.3342,0.3341,0.3341,1863.94
2025-01-14 01:35:00,0.3343,0.3346,0.3343,0.3346,6064.0
2025-01-14 01:36:00,0.3342,0.3342,0.334,0.334,239.94
2025-01-14 01:37:00,0.334,0.334,0.334,0.334,0.0
2025-01-14 01:38:00,0.334,0.334,0.3339,0.3339,454.64
2025-01-14 01:39:00,0.3339,0.3339,0.3339,0.3339,0.0
2025-01-14 01:40:00,0.3341,0.3343,0.3341,0.3343,461.97
2025-01-14 01:41:00,0.3338,0.3338,0.3338,0.3338,209.39
2025-01-14 01:42:00,0.3337,0.3337,0.3336,0.3336,593.95
2025-01-14 01:43:00,0.3336,0.3336,0.3336,0.3336,0.0
2025-01-14 01:44:00,0.3336,0.3336,0.3336,0.3336,0.0
2025-01-14 01:45:00,0.3336,0.3336,0.3336,0.3336,0.0
2025-01-14 01:46:00,0.3342,0.3342,0.3338,0.3339,313.59
2025-01-14 01:47:00,0.3331,0.3331,0.3331,0.3331,23.29
2025-01-14 01:48:00,0.3332,0.3332,0.333,0.3331,363.18
2025-01-14 01:49:00,0.333,0.333,0.333,0.333,26.24
2025-01-14 01:50:00,0.3332,0.3333,0.3332,0.3333,408.92
2025-01-14 01:51:00,0.334,0.334,0.3334,0.3334,119.44
2025-01-14 01:52:00,0.3334,0.3334,0.3334,0.3334,0.0
2025-01-14 01:53:00,0.3334,0.3334,0.3334,0.3334,0.0
2025-01-14 01:54:00,0.3334,0.3334,0.3334,0.3334,0.0
2025-01-14 01:55:00,0.3334,0.3334,0.3334,0.3334,0.0
2025-01-14 01:56:00,0.3334,0.3334,0.3334,0.3334,0.0
2025-01-14 01:57:00,0.3331,0.3331,0.3331,0.3331,54.01
2025-01-14 01:58:00,0.3331,0.3331,0.3331,0.3331,0.0
2025-01-14 01:59:00,0.3333,0.3333,0.3333,0.3333,62.31
2025-01-14 02:00:00,0.3341,0.3344,0.3341,0.3344,905.76
2025-01-14 02:01:00,0.3347,0.3348,0.3347,0.3348,534.0
2025-01-14 02:02:00,0.3352,0.3352,0.335,0.335,1258.86
2025-01-14 02:03:00,0.335,0.335,0.335,0.335,0.0
2025-01-14 02:04:00,0.3348,0.3348,0.3346,0.3348,68.89
2025-01-14 02:05:00,0.3344,0.3344,0.3344,0.3344,116.97
2025-01-14 02:06:00,0.3344,0.3344,0.3344,0.3344,0.0
2025-01-14 02:07:00,0.3344,0.3344,0.3344,0.3344,0.0
2025-01-14 02:08:00,0.3337,0.3339,0.3337,0.3339,262.2
2025-01-14 02:09:00,0.3339,0.3339,0.3339,0.3339,0.0
2025-01-14 02:10:00,0.3339,0.3339,0.3339,0.3339,0.0
2025-01-14 02:11:00,0.3347,0.3351,0.3347,0.3351,270.82
2025-01-14 02:12:00,0.3351,0.3351,0.3351,0.3351,0.0
2025-01-14 02:13:00,0.3351,0.3351,0.3351,0.3351,0.0
2025-01-14 02:14:00,0.3351,0.3351,0.3351,0.3351,0.0
2025-01-14 02:15:00,0.3351,0.3351,0.3351,0.3351,0.0
2025-01-14 02:16:00,0.3352,0.3353,0.3352,0.3353,42.84
2025-01-14 02:17:00,0.3357,0.3357,0.3355,0.3355,1694.08
2025-01-14 02:18:00,0.3355,0.3355,0.3355,0.3355,0.0
2025-01-14 02:19:00,0.336,0.3362,0.336,0.3361,1009.32
2025-01-14 02:20:00,0.3362,0.3363,0.3359,0.3362,7088.95
2025-01-14 02:21:00,0.337,0.3374,0.337,0.3374,350.71
2025-01-14 02:22:00,0.3377,0.3378,0.3377,0.3378,1072.36
2025-01-14 02:23:00,0.3382,0.3385,0.338,0.338,1641.53
2025-01-14 02:24:00,0.338,0.3382,0.3378,0.3382,2673.86
2025-01-14 02:25:00,0.3381,0.3381,0.338,0.3381,106.61
2025-01-14 02:26:00,0.3384,0.3384,0.3379,0.3379,154.38
2025-01-14 02:27:00,0.3378,0.3378,0.3376,0.3376,86.03
2025-01-14 02:28:00,0.3375,0.3375,0.3375,0.3375,155.54
2025-01-14 02:29:00,0.3371,0.3371,0.337,0.337,463.95
2025-01-14 02:30:00,0.3371,0.3371,0.3366,0.337,4949.21
2025-01-14 02:31:00,0.3362,0.3362,0.3362,0.3362,29.74
2025-01-14 02:32:00,0.3359,0.336,0.3357,0.336,2483.79
2025-01-14 02:33:00,0.3358,0.3358,0.3358,0.3358,87.31
2025-01-14 02:34:00,0.3357,0.3357,0.3357,0.3357,95.9
2025-01-14 02:35:00,0.3357,0.3357,0.3357,0.3357,77.45
2025-01-14 02:36:00,0.3361,0.3361,0.3359,0.3359,726.76
2025-01-14 02:37:00,0.3359,0.3359,0.3359,0.3359,0.0
2025-01-14 02:38:00,0.3366,0.3366,0.3364,0.3364,603.45
2025-01-14 02:39:00,0.3365,0.3365,0.3365,0.3365,29.83
2025-01-14 02:40:00,0.3363,0.3363,0.3363,0.3363,142.68
2025-01-14 02:41:00,0.3363,0.3363,0.336,0.336,1018.71
2025-01-14 02:42:00,0.3357,0.3357,0.3357,0.3357,501.29
2025-01-14 02:43:00,0.3356,0.3356,0.3354,0.3354,120.29
2025-01-14 02:44:00,0.3354,0.3354,0.3354,0.3354,0.0
2025-01-14 02:45:00,0.3356,0.3356,0.3356,0.3356,62.17
2025-01-14 02:46:00,0.3354,0.3354,0.3353,0.3353,58.75
2025-01-14 02:47:00,0.3353,0.3355,0.3353,0.3354,2767.95
2025-01-14 02:48:00,0.3356,0.3356,0.3356,0.3356,30.52
2025-01-14 02:49:00,0.335,0.335,0.335,0.335,68.85
2025-01-14 02:50:00,0.3349,0.3351,0.3349,0.3351,304.92
2025-01-14 02:51:00,0.3351,0.3351,0.3351,0.3351,0.0
2025-01-14 02:52:00,0.3354,0.3355,0.3354,0.3355,108.24
2025-01-14 02:53:00,0.3355,0.3355,0.3355,0.3355,0.0
2025-01-14 02:54:00,0.3355,0.3355,0.3355,0.3355,0.0
2025-01-14 02:55:00,0.3351,0.3351,0.3351,0.3351,32.27
2025-01-14 02:56:00,0.3351,0.3351,0.3351,0.3351,0.0
2025-01-14 02:57:00,0.3351,0.3351,0.3351,0.3351,0.0
2025-01-14 02:58:00,0.3351,0.3351,0.3351,0.3351,0.0
2025-01-14 02:59:00,0.3351,0.3351,0.3351,0.3351,0.0
2025-01-14 03:00:00,0.3354,0.3358,0.3349,0.3358,22215.09
2025-01-14 03:01:00,0.3358,0.3359,0.3358,0.3359,1080.6
2025-01-14 03:02:00,0.3359,0.3359,0.3359,0.3359,0.0
2025-01-14 03:03:00,0.3353,0.3353,0.3353,0.3353,21.3
2025-01-14 03:04:00,0.3353,0.3353,0.3353,0.3353,0.0
2025-01-14 03:05:00,0.3353,0.3353,0.3353,0.3353,0.0
2025-01-14 03:06:00,0.3353,0.3353,0.3353,0.3353,0.0
2025-01-14 03:07:00,0.3348,0.3348,0.3348,0.3348,240.0
2025-01-14 03:08:00,0.3348,0.3348,0.3348,0.3348,0.0
2025-01-14 03:09:00,0.3348,0.3348,0.3348,0.3348,0.0
2025-01-14 03:10:00,0.3353,0.3353,0.3352,0.3352,53.26
2025-01-14 03:11:00,0.3359,0.3359,0.3359,0.3359,47.6
2025-01-14 03:12:00,0.3359,0.3359,0.3359,0.3359,0.0
2025-01-14 03:13:00,0.3359,0.3359,0.3359,0.3359,0.0
2025-01-14 03:14:00,0.3359,0.3359,0.3359,0.3359,0.0
2025-01-14 03:15:00,0.3359,0.3359,0.3359,0.3359,0.0
2025-01-14 03:16:00,0.3359,0.3361,0.3354,0.3354,204.25
2025-01-14 03:17:00,0.3354,0.3354,0.3354,0.3354,27.21
2025-01-14 03:18:00,0.3358,0.3358,0.3358,0.3358,92.68
2025-01-14 03:19:00,0.3358,0.3358,0.3358,0.3358,0.0
2025-01-14 03:20:00,0.336,0.3362,0.336,0.3362,681.94
2025-01-14 03:21:00,0.3366,0.3368,0.3366,0.3368,136.11
2025-01-14 03:22:00,0.3367,0.3367,0.3365,0.3366,540.33
2025-01-14 03:23:00,0.3366,0.3366,0.3366,0.3366,0.0
2025-01-14 03:24:00,0.3363,0.3365,0.3363,0.3365,409.68
2025-01-14 03:25:00,0.337,0.3371,0.337,0.3371,400.0
2025-01-14 03:26:00,0.3367,0.3367,0.336,0.336,5138.62
2025-01-14 03:27:00,0.3361,0.3362,0.3358,0.3359,10484.72
2025-01-14 03:28:00,0.336,0.3361,0.3358,0.3358,23351.41
2025-01-14 03:29:00,0.3363,0.3364,0.3363,0.3364,270.84
2025-01-14 03:30:00,0.3363,0.3365,0.3363,0.3365,131.02
2025-01-14 03:31:00,0.3365,0.3365,0.3363,0.3363,1076.4
2025-01-14 03:32:00,0.3361,0.3361,0.3358,0.3358,2021.01
2025-01-14 03:33:00,0.3356,0.3358,0.3353,0.3357,5252.57
2025-01-14 03:34:00,0.3357,0.3357,0.3356,0.3357,388.47
2025-01-14 03:35:00,0.3352,0.3353,0.3352,0.3353,451.48
2025-01-14 03:36:00,0.3353,0.3354,0.3351,0.3353,3115.56
2025-01-14 03:37:00,0.335,0.3352,0.335,0.3352,203.55
2025-01-14 03:38:00,0.3354,0.3354,0.335,0.335,262.58
2025-01-14 03:39:00,0.3351,0.3353,0.3351,0.3353,327.55
2025-01-14 03:40:00,0.335,0.335,0.335,0.335,257.31
2025-01-14 03:41:00,0.335,0.335,0.3349,0.3349,303.45
2025-01-14 03:42:00,0.3349,0.3349,0.3345,0.3348,1380.38
2025-01-14 03:43:00,0.3349,0.3349,0.3349,0.3349,85.24
2025-01-14 03:44:00,0.3348,0.3352,0.3348,0.3352,187.54
2025-01-14 03:45:00,0.3353,0.3353,0.3351,0.3352,482.58
2025-01-14 03:46:00,0.335,0.3352,0.335,0.3352,680.93
2025-01-14 03:47:00,0.3352,0.3353,0.3351,0.3351,1866.51
2025-01-14 03:48:00,0.335,0.3352,0.335,0.3352,398.71
2025-01-14 03:49:00,0.3348,0.3348,0.3348,0.3348,44.45
2025-01-14 03:50:00,0.3345,0.3347,0.3345,0.3346,469.43
2025-01-14 03:51:00,0.3346,0.3348,0.3346,0.3348,225.33
2025-01-14 03:52:00,0.3348,0.3348,0.3348,0.3348,0.0
2025-01-14 03:53:00,0.3348,0.3348,0.3348,0.3348,0.0
2025-01-14 03:54:00,0.3341,0.3343,0.3341,0.3343,143.65
2025-01-14 03:55:00,0.3344,0.3344,0.3344,0.3344,71.93
2025-01-14 03:56:00,0.3342,0.3342,0.3342,0.3342,68.01
2025-01-14 03:57:00,0.3342,0.3342,0.3342,0.3342,24.0
2025-01-14 03:58:00,0.3342,0.3342,0.3342,0.3342,15.28
2025-01-14 03:59:00,0.3344,0.3344,0.3344,0.3344,140.0
2025-01-14 04:00:00,0.3344,0.3353,0.3344,0.3352,2113.93
2025-01-14 04:01:00,0.3352,0.3354,0.3351,0.3354,653.06
2025-01-14 04:02:00,0.3355,0.3355,0.3353,0.3353,888.45
2025-01-14 04:03:00,0.3352,0.3352,0.3349,0.3349,410.2
2025-01-14 04:04:00,0.3349,0.3349,0.3349,0.3349,0.0
2025-01-14 04:05:00,0.3349,0.3349,0.3349,0.3349,69.51
2025-01-14 04:06:00,0.3348,0.3349,0.3348,0.3349,860.07
2025-01-14 04:07:00,0.3347,0.3349,0.3347,0.3349,76.48
2025-01-14 04:08:00,0.3349,0.3349,0.3349,0.3349,0.0
2025-01-14 04:09:00,0.3348,0.3348,0.3348,0.3348,94.5
2025-01-14 04:10:00,0.3348,0.3348,0.3348,0.3348,0.0
2025-01-14 04:11:00,0.3348,0.3349,0.3348,0.3349,70.64
2025-01-14 04:12:00,0.3344,0.3344,0.3344,0.3344,34.18
2025-01-14 04:13:00,0.3348,0.3348,0.3348,0.3348,94.5
2025-01-14 04:14:00,0.3354,0.3354,0.3354,0.3354,45.52
2025-01-14 04:15:00,0.3357,0.3359,0.3357,0.3358,260.63
2025-01-14 04:16:00,0.3356,0.336,0.3355,0.336,315.79
2025-01-14 04:17:00,0.336,0.336,0.336,0.336,0.0
2025-01-14 04:18:00,0.3359,0.3359,0.3358,0.3358,2608.47
2025-01-14 04:19:00,0.3355,0.3355,0.3355,0.3355,268.25
2025-01-14 04:20:00,0.3355,0.3355,0.3355,0.3355,15.22
2025-01-14 04:21:00,0.3353,0.3354,0.3353,0.3354,61.14
2025-01-14 04:22:00,0.3353,0.3354,0.3353,0.3354,1733.59
2025-01-14 04:23:00,0.3354,0.3355,0.3354,0.3355,8823.93
2025-01-14 04:24:00,0.3356,0.3356,0.3354,0.3354,557.52
2025-01-14 04:25:00,0.3354,0.3354,0.3354,0.3354,0.0
2025-01-14 04:26:00,0.3352,0.3352,0.335,0.335,438.92
2025-01-14 04:27:00,0.335,0.335,0.335,0.335,62.79
2025-01-14 04:28:00,0.335,0.335,0.3347,0.3347,936.46
2025-01-14 04:29:00,0.3347,0.3347,0.3347,0.3347,0.0
2025-01-14 04:30:00,0.3346,0.3346,0.334,0.334,2354.85
2025-01-14 04:31:00,0.3341,0.3343,0.3341,0.3343,164.95
2025-01-14 04:32:00,0.3343,0.3343,0.3343,0.3343,0.0
2025-01-14 04:33:00,0.3341,0.3341,0.3341,0.3341,36.0
2025-01-14 04:34:00,0.3341,0.3341,0.3341,0.3341,0.0
2025-01-14 04:35:00,0.3344,0.3347,0.3344,0.3346,11961.33
2025-01-14 04:36:00,0.3345,0.3345,0.3343,0.3344,126.43
2025-01-14 04:37:00,0.3343,0.3349,0.3343,0.3349,545.21
2025-01-14 04:38:00,0.3349,0.3349,0.3349,0.3349,298.59
2025-01-14 04:39:00,0.3347,0.3347,0.3347,0.3347,2068.26
2025-01-14 04:40:00,0.3352,0.3352,0.3351,0.3351,232.61
2025-01-14 04:41:00,0.3351,0.3351,0.3351,0.3351,0.0
2025-01-14 04:42:00,0.3351,0.3351,0.3349,0.3349,903.07
2025-01-14 04:43:00,0.3349,0.3349,0.3346,0.3347,247.72
2025-01-14 04:44:00,0.3348,0.3348,0.3348,0.3348,373.21
2025-01-14 04:45:00,0.3351,0.3351,0.3349,0.3349,2469.28
2025-01-14 04:46:00,0.3348,0.3349,0.3348,0.3349,4279.2
2025-01-14 04:47:00,0.3348,0.3348,0.3347,0.3348,645.5
2025-01-14 04:48:00,0.3347,0.3347,0.3347,0.3347,220.62
2025-01-14 04:49:00,0.3348,0.335,0.3348,0.335,43541.05
2025-01-14 04:50:00,0.335,0.335,0.335,0.335,432.0
2025-01-14 04:51:00,0.3352,0.3353,0.3351,0.3351,869.11
2025-01-14 04:52:00,0.3351,0.3353,0.335,0.3353,44.28
2025-01-14 04:53:00,0.3353,0.3353,0.3353,0.3353,0.0
2025-01-14 04:54:00,0.3357,0.3357,0.3357,0.3357,18.92
2025-01-14 04:55:00,0.3361,0.3364,0.3361,0.3364,398.24
2025-01-14 04:56:00,0.3367,0.3367,0.3365,0.3365,5469.0
2025-01-14 04:57:00,0.3365,0.3365,0.3365,0.3365,0.0
2025-01-14 04:58:00,0.3365,0.3365,0.3364,0.3365,1035.5
2025-01-14 04:59:00,0.3362,0.3362,0.3362,0.3362,41.93
2025-01-14 05:00:00,0.3361,0.3365,0.3361,0.3365,959.38
2025-01-14 05:01:00,0.3365,0.3365,0.3365,0.3365,0.0
2025-01-14 05:02:00,0.3367,0.3367,0.3367,0.3367,89.07
2025-01-14 05:03:00,0.3365,0.3368,0.3365,0.3368,250.07
2025-01-14 05:04:00,0.3372,0.3372,0.3371,0.3371,54.19
2025-01-14 05:05:00,0.3373,0.3376,0.3373,0.3375,630.06
2025-01-14 05:06:00,0.3378,0.338,0.3377,0.3377,297.38
2025-01-14 05:07:00,0.3379,0.3385,0.3379,0.3384,647.01
2025-01-14 05:08:00,0.3384,0.3385,0.3383,0.3383,936.38
2025-01-14 05:09:00,0.3385,0.3385,0.3382,0.3385,301.82
2025-01-14 05:10:00,0.3384,0.3384,0.3381,0.3382,832.14
2025-01-14 05:11:00,0.3378,0.3378,0.3377,0.3377,114.08
2025-01-14 05:12:00,0.3377,0.3377,0.3377,0.3377,400.0
2025-01-14 05:13:00,0.3378,0.3378,0.3378,0.3378,31.5
2025-01-14 05:14:00,0.338,0.338,0.338,0.338,14.61
2025-01-14 05:15:00,0.3378,0.3381,0.3378,0.3381,1495.5
2025-01-14 05:16:00,0.338,0.3381,0.3379,0.3381,369.57
2025-01-14 05:17:00,0.3378,0.3378,0.3378,0.3378,93.65
2025-01-14 05:18:00,0.3375,0.3375,0.3375,0.3375,22.63
2025-01-14 05:19:00,0.3373,0.3373,0.3373,0.3373,585.37
2025-01-14 05:20:00,0.3373,0.3373,0.3371,0.3372,648.76
2025-01-14 05:21:00,0.3371,0.3371,0.337,0.337,60.87
2025-01-14 05:22:00,0.3366,0.3366,0.3366,0.3366,133.07
2025-01-14 05:23:00,0.3363,0.3363,0.3362,0.3362,2750.11
2025-01-14 05:24:00,0.3362,0.3362,0.3362,0.3362,0.0
2025-01-14 05:25:00,0.3365,0.337,0.336,0.3368,14582.01
2025-01-14 05:26:00,0.3369,0.3371,0.3367,0.3368,3584.36
2025-01-14 05:27:00,0.3368,0.3369,0.3367,0.3369,1621.46
2025-01-14 05:28:00,0.337,0.337,0.3368,0.3369,104.9
2025-01-14 05:29:00,0.3367,0.3367,0.3367,0.3367,114.13
2025-01-14 05:30:00,0.3367,0.3369,0.3367,0.3369,164.46
2025-01-14 05:31:00,0.3369,0.3369,0.3369,0.3369,0.0
2025-01-14 05:32:00,0.3367,0.3367,0.3367,0.3367,1446.78
2025-01-14 05:33:00,0.3367,0.3367,0.3367,0.3367,0.0
2025-01-14 05:34:00,0.336,0.336,0.336,0.336,33.68
2025-01-14 05:35:00,0.3358,0.3358,0.3358,0.3358,84.0
2025-01-14 05:36:00,0.3358,0.3362,0.3358,0.3359,2429.58
2025-01-14 05:37:00,0.3359,0.3359,0.3359,0.3359,0.0
2025-01-14 05:38:00,0.3359,0.3359,0.3359,0.3359,0.0
2025-01-14 05:39:00,0.3361,0.3361,0.3361,0.3361,78.01
2025-01-14 05:40:00,0.3364,0.3364,0.3364,0.3364,767.96
2025-01-14 05:41:00,0.3362,0.3362,0.3362,0.3362,52.37
2025-01-14 05:42:00,0.3361,0.3361,0.3359,0.336,3298.71
2025-01-14 05:43:00,0.3361,0.3361,0.3361,0.3361,46.92
2025-01-14 05:44:00,0.3361,0.3361,0.3361,0.3361,0.0
2025-01-14 05:45:00,0.3361,0.3361,0.3361,0.3361,0.0
2025-01-14 05:46:00,0.335,0.335,0.335,0.335,609.8
2025-01-14 05:47:00,0.335,0.335,0.335,0.335,0.0
2025-01-14 05:48:00,0.335,0.335,0.335,0.335,0.0
2025-01-14 05:49:00,0.335,0.335,0.335,0.335,0.0
2025-01-14 05:50:00,0.3344,0.3344,0.3344,0.3344,515.84
2025-01-14 05:51:00,0.3344,0.3344,0.3344,0.3344,434.43
2025-01-14 05:52:00,0.3343,0.3347,0.3343,0.3347,3602.1
2025-01-14 05:53:00,0.3347,0.3347,0.3347,0.3347,1266.0
2025-01-14 05:54:00,0.3345,0.3345,0.3344,0.3344,461.3
2025-01-14 05:55:00,0.3349,0.3349,0.3346,0.3346,638.11
2025-01-14 05:56:00,0.3346,0.3346,0.3345,0.3345,67.87
2025-01-14 05:57:00,0.3345,0.3345,0.3345,0.3345,131.16
2025-01-14 05:58:00,0.3344,0.3344,0.3344,0.3344,14.96
2025-01-14 05:59:00,0.3346,0.3346,0.3343,0.3343,9316.0
2025-01-14 06:00:00,0.335,0.3351,0.335,0.3351,286.31
2025-01-14 06:01:00,0.3347,0.3347,0.3344,0.3344,1048.76
2025-01-14 06:02:00,0.3346,0.3351,0.3346,0.3349,981.55
2025-01-14 06:03:00,0.3349,0.3349,0.3349,0.3349,0.0
2025-01-14 06:04:00,0.3347,0.3347,0.3343,0.3343,1047.89
2025-01-14 06:05:00,0.3349,0.3349,0.3347,0.3347,138.04
2025-01-14 06:06:00,0.3344,0.335,0.3344,0.3348,1079.66
2025-01-14 06:07:00,0.3348,0.335,0.3348,0.335,213.62
2025-01-14 06:08:00,0.335,0.335,0.335,0.335,558.49
2025-01-14 06:09:00,0.3351,0.3353,0.3351,0.3353,759.62
2025-01-14 06:10:00,0.3352,0.3355,0.3352,0.3354,931.98
2025-01-14 06:11:00,0.335,0.335,0.3349,0.3349,580.6
2025-01-14 06:12:00,0.3349,0.3349,0.3349,0.3349,0.0
2025-01-14 06:13:00,0.3351,0.3351,0.3351,0.3351,32.58
2025-01-14 06:14:00,0.3351,0.3351,0.3351,0.3351,0.0
2025-01-14 06:15:00,0.3351,0.3351,0.3351,0.3351,60.4
2025-01-14 06:16:00,0.3349,0.3351,0.3349,0.335,285.27
2025-01-14 06:17:00,0.3354,0.3359,0.3354,0.3359,1871.53
2025-01-14 06:18:00,0.3359,0.3359,0.3359,0.3359,256.45
2025-01-14 06:19:00,0.336,0.336,0.3359,0.3359,282.0
2025-01-14 06:20:00,0.3361,0.3361,0.3358,0.3358,665.45
2025-01-14 06:21:00,0.3356,0.3356,0.3356,0.3356,630.94
2025-01-14 06:22:00,0.3356,0.3356,0.3356,0.3356,0.0
2025-01-14 06:23:00,0.3356,0.3356,0.3356,0.3356,0.0
2025-01-14 06:24:00,0.3357,0.3359,0.3357,0.3359,1167.09
2025-01-14 06:25:00,0.3364,0.3365,0.3364,0.3364,133.96
2025-01-14 06:26:00,0.3365,0.3368,0.3365,0.3368,523.21
2025-01-14 06:27:00,0.3368,0.3368,0.3368,0.3368,0.0
2025-01-14 06:28:00,0.3368,0.3368,0.3368,0.3368,0.0
2025-01-14 06:29:00,0.3363,0.3363,0.3363,0.3363,670.28
2025-01-14 06:30:00,0.3362,0.3362,0.3362,0.3362,55.22
2025-01-14 06:31:00,0.3359,0.3359,0.3357,0.3357,69.75
2025-01-14 06:32:00,0.3357,0.3357,0.3357,0.3357,0.0
2025-01-14 06:33:00,0.3357,0.3357,0.3357,0.3357,0.0
2025-01-14 06:34:00,0.3361,0.3362,0.3358,0.3362,1237.0
2025-01-14 06:35:00,0.3365,0.3365,0.3365,0.3365,23.78
2025-01-14 06:36:00,0.3369,0.3369,0.3367,0.3367,185.55
2025-01-14 06:37:00,0.3367,0.3369,0.3367,0.3369,1774.01
2025-01-14 06:38:00,0.3369,0.3374,0.3369,0.3373,928.18
2025-01-14 06:39:00,0.3373,0.3373,0.3373,0.3373,30.22
2025-01-14 06:40:00,0.3376,0.3378,0.3374,0.3374,1100.18
2025-01-14 06:41:00,0.3375,0.3379,0.3373,0.3377,884.93
2025-01-14 06:42:00,0.3377,0.3377,0.3377,0.3377,418.0
2025-01-14 06:43:00,0.3378,0.3378,0.3378,0.3378,218.4
2025-01-14 06:44:00,0.3375,0.3375,0.3375,0.3375,765.0
2025-01-14 06:45:00,0.337,0.337,0.337,0.337,29.67
2025-01-14 06:46:00,0.3365,0.3368,0.3365,0.3368,97.43
2025-01-14 06:47:00,0.3368,0.3368,0.3368,0.3368,0.0
2025-01-14 06:48:00,0.3364,0.3364,0.3362,0.3362,2376.34
2025-01-14 06:49:00,0.3363,0.3363,0.3362,0.3363,208.87
2025-01-14 06:50:00,0.3362,0.3367,0.3362,0.3365,3160.42
2025-01-14 06:51:00,0.3365,0.3365,0.3365,0.3365,0.0
2025-01-14 06:52:00,0.3363,0.3363,0.3363,0.3363,341.0
2025-01-14 06:53:00,0.3365,0.3365,0.3365,0.3365,22.0
2025-01-14 06:54:00,0.3368,0.3368,0.3367,0.3367,363.0
2025-01-14 06:55:00,0.3366,0.3366,0.3366,0.3366,225.0
2025-01-14 06:56:00,0.3366,0.3366,0.3366,0.3366,0.0
2025-01-14 06:57:00,0.3366,0.3366,0.3366,0.3366,0.0
2025-01-14 06:58:00,0.3364,0.3364,0.3364,0.3364,486.7
2025-01-14 06:59:00,0.3369,0.337,0.3369,0.337,1382.46
2025-01-14 07:00:00,0.3375,0.3379,0.3375,0.3377,1405.67
2025-01-14 07:01:00,0.3379,0.3379,0.3373,0.3373,2767.5
2025-01-14 07:02:00,0.337,0.337,0.337,0.337,415.21
2025-01-14 07:03:00,0.337,0.337,0.337,0.337,0.0
2025-01-14 07:04:00,0.337,0.337,0.337,0.337,0.0
2025-01-14 07:05:00,0.3374,0.3378,0.3374,0.3377,392.81
2025-01-14 07:06:00,0.3378,0.3378,0.3376,0.3376,83.52
2025-01-14 07:07:00,0.3376,0.3376,0.3376,0.3376,0.0
2025-01-14 07:08:00,0.3376,0.3376,0.3376,0.3376,0.0
2025-01-14 07:09:00,0.337,0.3371,0.337,0.3371,78.64
2025-01-14 07:10:00,0.3375,0.3375,0.3375,0.3375,71.55
2025-01-14 07:11:00,0.3373,0.3373,0.337,0.337,429.89
2025-01-14 07:12:00,0.337,0.337,0.337,0.337,0.0
2025-01-14 07:13:00,0.3372,0.3374,0.3372,0.3373,2293.0
2025-01-14 07:14:00,0.3373,0.3373,0.3373,0.3373,0.0
2025-01-14 07:15:00,0.3372,0.3373,0.3372,0.3373,602.0
2025-01-14 07:16:00,0.337,0.337,0.3369,0.3369,306.79
2025-01-14 07:17:00,0.3366,0.3366,0.3364,0.3364,155.58
2025-01-14 07:18:00,0.3365,0.3365,0.3365,0.3365,594.35
2025-01-14 07:19:00,0.3364,0.3364,0.3364,0.3364,140.02
2025-01-14 07:20:00,0.3364,0.3364,0.3364,0.3364,0.0
2025-01-14 07:21:00,0.3364,0.3366,0.3364,0.3366,2962.08
2025-01-14 07:22:00,0.3368,0.3368,0.3366,0.3366,60.22
2025-01-14 07:23:00,0.3366,0.3366,0.3366,0.3366,0.0
2025-01-14 07:24:00,0.3366,0.3366,0.3366,0.3366,0.0
2025-01-14 07:25:00,0.3365,0.3365,0.3364,0.3364,677.72
2025-01-14 07:26:00,0.3366,0.3366,0.3365,0.3365,418.43
2025-01-14 07:27:00,0.3365,0.3365,0.3365,0.3365,537.79
2025-01-14 07:28:00,0.3366,0.3366,0.3363,0.3363,674.6
2025-01-14 07:29:00,0.3362,0.3362,0.3362,0.3362,21.36
2025-01-14 07:30:00,0.3366,0.3368,0.3364,0.3368,990.37
2025-01-14 07:31:00,0.3369,0.3369,0.3369,0.3369,100.85
2025-01-14 07:32:00,0.3368,0.3368,0.3368,0.3368,80.17
2025-01-14 07:33:00,0.3366,0.3366,0.3366,0.3366,630.0
2025-01-14 07:34:00,0.3366,0.3366,0.3366,0.3366,0.0
2025-01-14 07:35:00,0.3366,0.3366,0.3366,0.3366,0.0
2025-01-14 07:36:00,0.3358,0.3358,0.3357,0.3357,265.17
2025-01-14 07:37:00,0.3357,0.3357,0.3357,0.3357,0.0
2025-01-14 07:38:00,0.3356,0.3357,0.3356,0.3357,400.0
2025-01-14 07:39:00,0.3354,0.3354,0.3354,0.3354,47.3
2025-01-14 07:40:00,0.3353,0.3357,0.3353,0.3355,9969.34
2025-01-14 07:41:00,0.3352,0.3352,0.3352,0.3352,981.71
2025-01-14 07:42:00,0.3352,0.3352,0.3352,0.3352,0.0
2025-01-14 07:43:00,0.3352,0.3352,0.3352,0.3352,0.0
2025-01-14 07:44:00,0.3352,0.3352,0.3352,0.3352,152.14
2025-01-14 07:45:00,0.3352,0.3352,0.3352,0.3352,240.54
2025-01-14 07:46:00,0.3352,0.3352,0.3352,0.3352,0.0
2025-01-14 07:47:00,0.335,0.335,0.335,0.335,563.63
2025-01-14 07:48:00,0.3349,0.3349,0.3349,0.3349,337.86
2025-01-14 07:49:00,0.3349,0.3349,0.3349,0.3349,0.0
2025-01-14 07:50:00,0.3349,0.3349,0.3349,0.3349,14.93
2025-01-14 07:51:00,0.3347,0.3347,0.3347,0.3347,649.0
2025-01-14 07:52:00,0.3345,0.3345,0.3345,0.3345,103.51
2025-01-14 07:53:00,0.3344,0.3344,0.3344,0.3344,749.56
2025-01-14 07:54:00,0.3344,0.3345,0.3344,0.3345,632.23
2025-01-14 07:55:00,0.3344,0.3344,0.3344,0.3344,270.76
2025-01-14 07:56:00,0.3345,0.3345,0.3345,0.3345,47.0
2025-01-14 07:57:00,0.3345,0.3345,0.3345,0.3345,335.5
2025-01-14 07:58:00,0.3343,0.3343,0.3343,0.3343,47.0
2025-01-14 07:59:00,0.3343,0.3343,0.3343,0.3343,0.0
2025-01-14 08:00:00,0.3344,0.335,0.3344,0.335,1157.38
2025-01-14 08:01:00,0.3348,0.3351,0.3348,0.335,739.48
2025-01-14 08:02:00,0.3353,0.3356,0.3353,0.3356,3960.89
2025-01-14 08:03:00,0.3359,0.3359,0.3359,0.3359,47.0
2025-01-14 08:04:00,0.3356,0.3356,0.3356,0.3356,51.35
2025-01-14 08:05:00,0.3356,0.3356,0.3356,0.3356,0.0
2025-01-14 08:06:00,0.3356,0.3356,0.3356,0.3356,0.0
2025-01-14 08:07:00,0.3366,0.3368,0.3366,0.3367,112.04
2025-01-14 08:08:00,0.3364,0.3364,0.3363,0.3364,1040.01
2025-01-14 08:09:00,0.3364,0.3364,0.3364,0.3364,0.0
2025-01-14 08:10:00,0.3369,0.3373,0.3367,0.3373,1662.69
2025-01-14 08:11:00,0.3371,0.3375,0.337,0.3375,467.71
2025-01-14 08:12:00,0.338,0.3385,0.3379,0.3383,2804.84
2025-01-14 08:13:00,0.3384,0.339,0.3384,0.3389,8688.41
2025-01-14 08:14:00,0.3389,0.3393,0.3386,0.3386,16448.26
2025-01-14 08:15:00,0.3386,0.3386,0.3385,0.3386,3883.0
2025-01-14 08:16:00,0.3384,0.3384,0.3376,0.3376,52.4
2025-01-14 08:17:00,0.3376,0.3387,0.3376,0.3387,1129.63
2025-01-14 08:18:00,0.3388,0.339,0.3387,0.339,1702.88
2025-01-14 08:19:00,0.3389,0.3392,0.3388,0.3388,26221.03
2025-01-14 08:20:00,0.3388,0.3388,0.3388,0.3388,0.0
2025-01-14 08:21:00,0.3378,0.3378,0.3377,0.3377,264.76
2025-01-14 08:22:00,0.338,0.3381,0.3371,0.3371,2278.11
2025-01-14 08:23:00,0.3374,0.3376,0.3374,0.3375,987.93
2025-01-14 08:24:00,0.3375,0.3375,0.3375,0.3375,0.0
2025-01-14 08:25:00,0.3373,0.3373,0.3373,0.3373,83.01
2025-01-14 08:26:00,0.3372,0.3372,0.3372,0.3372,354.17
2025-01-14 08:27:00,0.3377,0.3378,0.3374,0.3374,1288.06
2025-01-14 08:28:00,0.3374,0.3374,0.3374,0.3374,1407.66
2025-01-14 08:29:00,0.3374,0.3374,0.3374,0.3374,0.0
2025-01-14 08:30:00,0.3379,0.3387,0.3379,0.3387,1505.52
2025-01-14 08:31:00,0.3388,0.3389,0.3386,0.3386,1097.24
2025-01-14 08:32:00,0.3385,0.3385,0.338,0.338,2713.73
2025-01-14 08:33:00,0.338,0.338,0.338,0.338,0.0
2025-01-14 08:34:00,0.3379,0.338,0.3375,0.3377,26476.54
2025-01-14 08:35:00,0.3374,0.3377,0.3374,0.3377,2120.7
2025-01-14 08:36:00,0.3373,0.3374,0.3373,0.3374,319.18
2025-01-14 08:37:00,0.3377,0.338,0.3377,0.338,326.56
2025-01-14 08:38:00,0.3382,0.3385,0.3382,0.3385,3474.52
2025-01-14 08:39:00,0.3381,0.3381,0.3381,0.3381,55.0
2025-01-14 08:40:00,0.3383,0.3383,0.3376,0.3376,492.26
2025-01-14 08:41:00,0.3375,0.3376,0.3374,0.3376,1006.4
2025-01-14 08:42:00,0.3377,0.3377,0.3377,0.3377,215.17
2025-01-14 08:43:00,0.3377,0.3377,0.3377,0.3377,1032.75
2025-01-14 08:44:00,0.3377,0.3377,0.3376,0.3376,3019.67
2025-01-14 08:45:00,0.3376,0.3377,0.3376,0.3377,2127.39
2025-01-14 08:46:00,0.3379,0.3379,0.3378,0.3378,466.4
2025-01-14 08:47:00,0.3381,0.3382,0.3381,0.3382,400.0
2025-01-14 08:48:00,0.3385,0.3385,0.3385,0.3385,1942.2
2025-01-14 08:49:00,0.3383,0.3383,0.3383,0.3383,99.31
2025-01-14 08:50:00,0.3386,0.3386,0.3384,0.3384,2964.36
2025-01-14 08:51:00,0.3381,0.3383,0.3377,0.3383,9872.58
2025-01-14 08:52:00,0.338,0.3384,0.3379,0.3384,3147.81
2025-01-14 08:53:00,0.3384,0.3384,0.3384,0.3384,0.0
2025-01-14 08:54:00,0.3379,0.3379,0.3379,0.3379,47.0
2025-01-14 08:55:00,0.3379,0.3379,0.3379,0.3379,76.94
2025-01-14 08:56:00,0.3377,0.3379,0.3374,0.3374,193.32
2025-01-14 08:57:00,0.3374,0.3374,0.3374,0.3374,0.0
2025-01-14 08:58:00,0.3375,0.3375,0.3375,0.3375,30.77
2025-01-14 08:59:00,0.3375,0.3375,0.3375,0.3375,0.0
2025-01-14 09:00:00,0.3372,0.3372,0.3369,0.3369,3705.49
2025-01-14 09:01:00,0.3371,0.3371,0.3371,0.3371,105.84
2025-01-14 09:02:00,0.337,0.3377,0.337,0.3376,54536.26
2025-01-14 09:03:00,0.3376,0.3376,0.3376,0.3376,21.05
2025-01-14 09:04:00,0.3366,0.3367,0.3366,0.3367,839.89
2025-01-14 09:05:00,0.3368,0.3369,0.3366,0.3369,606.77
2025-01-14 09:06:00,0.337,0.337,0.337,0.337,60.9
2025-01-14 09:07:00,0.3368,0.337,0.3368,0.337,63.16
2025-01-14 09:08:00,0.337,0.337,0.337,0.337,0.0
2025-01-14 09:09:00,0.3371,0.3371,0.3369,0.3369,31.97
2025-01-14 09:10:00,0.3372,0.3372,0.3371,0.3371,299.51
2025-01-14 09:11:00,0.3372,0.3372,0.3372,0.3372,612.09
2025-01-14 09:12:00,0.3372,0.3373,0.337,0.3373,2071.38
2025-01-14 09:13:00,0.3374,0.3374,0.3374,0.3374,36.0
2025-01-14 09:14:00,0.3379,0.3379,0.3379,0.3379,261.73
2025-01-14 09:15:00,0.3379,0.3379,0.3378,0.3379,2957.67
2025-01-14 09:16:00,0.3378,0.3378,0.3375,0.3375,167.84
2025-01-14 09:17:00,0.3375,0.3375,0.3375,0.3375,0.0
2025-01-14 09:18:00,0.3375,0.3378,0.3375,0.3378,51.44
2025-01-14 09:19:00,0.3385,0.3385,0.3385,0.3385,73.86
2025-01-14 09:20:00,0.3385,0.339,0.3385,0.339,820.47
2025-01-14 09:21:00,0.3389,0.3389,0.3384,0.3387,23448.59
2025-01-14 09:22:00,0.3388,0.34,0.3388,0.3396,11715.02
2025-01-14 09:23:00,0.3397,0.3397,0.3397,0.3397,30.69
2025-01-14 09:24:00,0.34,0.3409,0.34,0.3408,1072.47
2025-01-14 09:25:00,0.3412,0.3418,0.3412,0.3416,2190.97
2025-01-14 09:26:00,0.342,0.3422,0.3415,0.3421,7130.88
2025-01-14 09:27:00,0.3421,0.3421,0.3415,0.3421,1821.35
2025-01-14 09:28:00,0.3421,0.3421,0.3421,0.3421,0.0
2025-01-14 09:29:00,0.3421,0.3423,0.3421,0.3421,329.46
2025-01-14 09:30:00,0.3413,0.3413,0.3411,0.3411,5004.18
2025-01-14 09:31:00,0.3408,0.3409,0.3408,0.3409,57.02
2025-01-14 09:32:00,0.3409,0.3413,0.3409,0.3413,1655.74
2025-01-14 09:33:00,0.3413,0.3415,0.3411,0.3415,4918.69
2025-01-14 09:34:00,0.3415,0.3422,0.3415,0.3422,812.53
2025-01-14 09:35:00,0.3423,0.343,0.3423,0.3423,5678.54
2025-01-14 09:36:00,0.3425,0.3425,0.3425,0.3425,251.55
2025-01-14 09:37:00,0.3425,0.343,0.3425,0.343,172.5
2025-01-14 09:38:00,0.343,0.3432,0.343,0.343,1020.79
2025-01-14 09:39:00,0.3429,0.343,0.3427,0.343,634.4
2025-01-14 09:40:00,0.3433,0.3439,0.3433,0.3437,3120.8
2025-01-14 09:41:00,0.3438,0.3438,0.3435,0.3435,1524.84
2025-01-14 09:42:00,0.3432,0.3437,0.3432,0.3433,1231.99
2025-01-14 09:43:00,0.3434,0.3436,0.3432,0.3436,377.03
2025-01-14 09:44:00,0.3438,0.344,0.3438,0.344,1366.42
2025-01-14 09:45:00,0.3439,0.344,0.3431,0.344,3755.16
2025-01-14 09:46:00,0.3439,0.3439,0.3435,0.3435,14587.12
2025-01-14 09:47:00,0.3439,0.3448,0.3439,0.3445,3569.15
2025-01-14 09:48:00,0.3444,0.3445,0.3444,0.3445,393.14
2025-01-14 09:49:00,0.3446,0.3451,0.3446,0.3449,4170.44
2025-01-14 09:50:00,0.3453,0.3461,0.3451,0.3457,8618.7
2025-01-14 09:51:00,0.3459,0.3459,0.3458,0.3458,389.0
2025-01-14 09:52:00,0.3457,0.3461,0.3457,0.3461,1333.16
2025-01-14 09:53:00,0.3452,0.3455,0.3452,0.3455,415.0
2025-01-14 09:54:00,0.3452,0.3456,0.3452,0.3453,1157.51
2025-01-14 09:55:00,0.3452,0.3455,0.3451,0.3451,5360.52
2025-01-14 09:56:00,0.345,0.3453,0.3449,0.3453,255.37
2025-01-14 09:57:00,0.3454,0.3454,0.3449,0.3449,323.95
2025-01-14 09:58:00,0.3449,0.345,0.3447,0.3447,1549.56
2025-01-14 09:59:00,0.345,0.345,0.3446,0.3448,7435.55
2025-01-14 10:00:00,0.345,0.345,0.3445,0.345,1374.03
2025-01-14 10:01:00,0.3444,0.3445,0.3437,0.3437,21087.89
2025-01-14 10:02:00,0.3437,0.3439,0.3433,0.3433,10302.92
2025-01-14 10:03:00,0.3434,0.344,0.3434,0.344,952.63
2025-01-14 10:04:00,0.3441,0.3441,0.3436,0.3436,272.02
2025-01-14 10:05:00,0.343,0.343,0.3426,0.3426,941.07
2025-01-14 10:06:00,0.3424,0.3428,0.3424,0.3427,763.2
2025-01-14 10:07:00,0.3427,0.3427,0.3424,0.3424,659.44
2025-01-14 10:08:00,0.3424,0.3424,0.342,0.342,8942.33
2025-01-14 10:09:00,0.342,0.342,0.342,0.342,714.53
2025-01-14 10:10:00,0.342,0.342,0.3417,0.3417,303.24
2025-01-14 10:11:00,0.3417,0.3417,0.3417,0.3417,0.0
2025-01-14 10:12:00,0.3414,0.3419,0.3414,0.3419,3087.98
2025-01-14 10:13:00,0.3412,0.3412,0.3412,0.3412,31.26
2025-01-14 10:14:00,0.3413,0.3413,0.3413,0.3413,128.7
2025-01-14 10:15:00,0.3419,0.3419,0.3418,0.3418,71.29
2025-01-14 10:16:00,0.3413,0.3413,0.3409,0.3411,1288.19
2025-01-14 10:17:00,0.3416,0.342,0.3416,0.342,216.67
2025-01-14 10:18:00,0.3422,0.3424,0.3422,0.3424,688.5
2025-01-14 10:19:00,0.3416,0.3417,0.3416,0.3416,6779.44
2025-01-14 10:20:00,0.3419,0.3419,0.3419,0.3419,196.94
2025-01-14 10:21:00,0.342,0.342,0.342,0.342,438.59
2025-01-14 10:22:00,0.3421,0.3421,0.3421,0.3421,43.97
2025-01-14 10:23:00,0.3427,0.3431,0.3425,0.3431,1308.13
2025-01-14 10:24:00,0.3429,0.3429,0.3428,0.3428,3204.48
2025-01-14 10:25:00,0.3428,0.3428,0.3426,0.3426,187.94
2025-01-14 10:26:00,0.3426,0.3426,0.3424,0.3424,1440.61
2025-01-14 10:27:00,0.3424,0.3424,0.3423,0.3424,1810.46
2025-01-14 10:28:00,0.3423,0.3424,0.3422,0.3424,269.2
2025-01-14 10:29:00,0.3424,0.3424,0.3423,0.3424,122.24
2025-01-14 10:30:00,0.3418,0.3418,0.3414,0.3414,1677.91
2025-01-14 10:31:00,0.3418,0.3418,0.3415,0.3416,172.68
2025-01-14 10:32:00,0.3416,0.3416,0.3416,0.3416,49.14
2025-01-14 10:33:00,0.3414,0.3416,0.3414,0.3416,239.68
2025-01-14 10:34:00,0.3416,0.3416,0.3416,0.3416,0.0
2025-01-14 10:35:00,0.3414,0.3416,0.3414,0.3416,787.43
2025-01-14 10:36:00,0.3417,0.3418,0.3417,0.3418,2955.97
2025-01-14 10:37:00,0.3418,0.3418,0.3418,0.3418,0.0
2025-01-14 10:38:00,0.3418,0.3418,0.3416,0.3416,119.6
2025-01-14 10:39:00,0.3416,0.3416,0.3416,0.3416,0.0
2025-01-14 10:40:00,0.3419,0.3423,0.3419,0.342,2412.83
2025-01-14 10:41:00,0.3422,0.3424,0.3422,0.3423,1814.55
2025-01-14 10:42:00,0.3422,0.3425,0.3422,0.3425,632.06
2025-01-14 10:43:00,0.3427,0.3427,0.3427,0.3427,101.82
2025-01-14 10:44:00,0.343,0.3433,0.343,0.343,1349.35
2025-01-14 10:45:00,0.3427,0.3429,0.3427,0.3429,139.57
2025-01-14 10:46:00,0.3427,0.343,0.3427,0.343,531.47
2025-01-14 10:47:00,0.343,0.343,0.343,0.343,0.0
2025-01-14 10:48:00,0.343,0.343,0.343,0.343,0.0
2025-01-14 10:49:00,0.343,0.343,0.343,0.343,0.0
2025-01-14 10:50:00,0.3423,0.3423,0.3423,0.3423,579.08
2025-01-14 10:51:00,0.3423,0.3427,0.3423,0.3427,4545.08
2025-01-14 10:52:00,0.3428,0.3435,0.3428,0.3435,37755.42
2025-01-14 10:53:00,0.3435,0.3435,0.3435,0.3435,0.0
2025-01-14 10:54:00,0.3435,0.3435,0.3435,0.3435,0.0
2025-01-14 10:55:00,0.343,0.343,0.343,0.343,33.2
2025-01-14 10:56:00,0.3424,0.3424,0.3423,0.3423,1066.09
2025-01-14 10:57:00,0.3423,0.3423,0.3423,0.3423,30.63
2025-01-14 10:58:00,0.3422,0.3422,0.3422,0.3422,58.24
2025-01-14 10:59:00,0.3427,0.343,0.3427,0.3428,6866.62
2025-01-14 11:00:00,0.343,0.343,0.343,0.343,246.44
2025-01-14 11:01:00,0.3429,0.3429,0.3429,0.3429,1612.67
2025-01-14 11:02:00,0.3433,0.3435,0.343,0.343,3380.25
2025-01-14 11:03:00,0.343,0.343,0.3426,0.3426,720.89
2025-01-14 11:04:00,0.3424,0.3424,0.3421,0.3421,1637.93
2025-01-14 11:05:00,0.3421,0.3421,0.3421,0.3421,0.0
2025-01-14 11:06:00,0.3421,0.3421,0.3418,0.3421,8859.69
2025-01-14 11:07:00,0.3421,0.3421,0.3421,0.3421,98.68
2025-01-14 11:08:00,0.3421,0.3421,0.3421,0.3421,0.0
2025-01-14 11:09:00,0.3414,0.3417,0.3414,0.3417,3699.91
2025-01-14 11:10:00,0.3418,0.3418,0.3418,0.3418,36.97
2025-01-14 11:11:00,0.3416,0.3418,0.3416,0.3418,1009.0
2025-01-14 11:12:00,0.3417,0.3417,0.3417,0.3417,18.63
2025-01-14 11:13:00,0.3417,0.3417,0.3417,0.3417,0.0
2025-01-14 11:14:00,0.3414,0.3414,0.3414,0.3414,155.61
2025-01-14 11:15:00,0.3414,0.3417,0.3414,0.3417,1713.43
2025-01-14 11:16:00,0.3416,0.3416,0.3412,0.3412,297.69
2025-01-14 11:17:00,0.3411,0.3413,0.3409,0.3409,1154.77
2025-01-14 11:18:00,0.3407,0.3411,0.3407,0.3411,164.63
2025-01-14 11:19:00,0.3411,0.3411,0.3406,0.3406,711.67
2025-01-14 11:20:00,0.3408,0.3408,0.3407,0.3407,139.44
2025-01-14 11:21:00,0.3407,0.3407,0.3403,0.3403,798.73
2025-01-14 11:22:00,0.3402,0.3403,0.3402,0.3403,881.76
2025-01-14 11:23:00,0.3401,0.3401,0.3401,0.3401,18.75
2025-01-14 11:24:00,0.34,0.34,0.34,0.34,18.78
2025-01-14 11:25:00,0.3405,0.3405,0.3405,0.3405,125.09
2025-01-14 11:26:00,0.3405,0.3409,0.3405,0.3409,146.91
2025-01-14 11:27:00,0.341,0.341,0.3408,0.3408,251.26
2025-01-14 11:28:00,0.3411,0.3411,0.341,0.341,117.78
2025-01-14 11:29:00,0.3408,0.3409,0.3407,0.3409,1631.94
2025-01-14 11:30:00,0.3412,0.3412,0.3411,0.3412,547.19
2025-01-14 11:31:00,0.3414,0.3414,0.3414,0.3414,20.62
2025-01-14 11:32:00,0.3419,0.3419,0.3419,0.3419,1462.41
2025-01-14 11:33:00,0.3418,0.3418,0.3418,0.3418,585.13
2025-01-14 11:34:00,0.3416,0.3416,0.3415,0.3415,68.51
2025-01-14 11:35:00,0.3414,0.3415,0.3414,0.3415,648.67
2025-01-14 11:36:00,0.3413,0.3415,0.3413,0.3413,222.42
2025-01-14 11:37:00,0.3412,0.3414,0.3412,0.3414,53.29
2025-01-14 11:38:00,0.3412,0.3412,0.3412,0.3412,18.71
2025-01-14 11:39:00,0.341,0.341,0.341,0.341,18.7
2025-01-14 11:40:00,0.3405,0.3405,0.3405,0.3405,18.73
2025-01-14 11:41:00,0.3403,0.3403,0.3397,0.3397,18829.29
2025-01-14 11:42:00,0.3401,0.3405,0.3401,0.3405,4538.67
2025-01-14 11:43:00,0.3405,0.3408,0.3405,0.3408,921.92
2025-01-14 11:44:00,0.3411,0.3411,0.3411,0.3411,18.69
2025-01-14 11:45:00,0.3408,0.3408,0.3406,0.3407,3982.69
2025-01-14 11:46:00,0.3401,0.3403,0.3401,0.3403,293.73
2025-01-14 11:47:00,0.3403,0.3406,0.3403,0.3406,689.72
2025-01-14 11:48:00,0.3406,0.3406,0.3406,0.3406,18.72
2025-01-14 11:49:00,0.3402,0.3402,0.3402,0.3402,18.76
2025-01-14 11:50:00,0.3405,0.3406,0.3405,0.3406,318.48
2025-01-14 11:51:00,0.3409,0.3409,0.3409,0.3409,18.76
2025-01-14 11:52:00,0.3409,0.3409,0.3409,0.3409,109.56
2025-01-14 11:53:00,0.3407,0.3407,0.3407,0.3407,18.74
2025-01-14 11:54:00,0.341,0.341,0.3409,0.3409,162.77
2025-01-14 11:55:00,0.341,0.341,0.3409,0.3409,48.38
2025-01-14 11:56:00,0.3409,0.3409,0.3408,0.3408,293.35
2025-01-14 11:57:00,0.3408,0.3408,0.3408,0.3408,258.75
2025-01-14 11:58:00,0.3412,0.3413,0.3412,0.3413,1124.06
2025-01-14 11:59:00,0.3419,0.342,0.3418,0.3418,410.23
2025-01-14 12:00:00,0.3424,0.3429,0.3424,0.3424,2307.6
2025-01-14 12:01:00,0.3419,0.3419,0.3419,0.3419,880.0
2025-01-14 12:02:00,0.3415,0.3415,0.3414,0.3414,1171.04
2025-01-14 12:03:00,0.3414,0.3414,0.3414,0.3414,0.0
2025-01-14 12:04:00,0.341,0.3416,0.341,0.3416,2281.14
2025-01-14 12:05:00,0.3413,0.3413,0.3413,0.3413,432.83
2025-01-14 12:06:00,0.3411,0.3411,0.3409,0.341,1379.02
2025-01-14 12:07:00,0.3412,0.3412,0.3412,0.3412,34.6
2025-01-14 12:08:00,0.3412,0.3412,0.3412,0.3412,0.0
2025-01-14 12:09:00,0.3412,0.3412,0.3412,0.3412,0.0
2025-01-14 12:10:00,0.3405,0.3407,0.3405,0.3407,1482.54
2025-01-14 12:11:00,0.3407,0.3407,0.3407,0.3407,0.0
2025-01-14 12:12:00,0.3407,0.3407,0.3407,0.3407,0.0
2025-01-14 12:13:00,0.3407,0.3407,0.3406,0.3406,2126.32
2025-01-14 12:14:00,0.3406,0.3406,0.3406,0.3406,0.0
2025-01-14 12:15:00,0.3408,0.341,0.3407,0.3407,2234.31
2025-01-14 12:16:00,0.3402,0.3403,0.3402,0.3403,42.54
2025-01-14 12:17:00,0.3405,0.3405,0.3405,0.3405,257.0
2025-01-14 12:18:00,0.3399,0.3399,0.3399,0.3399,703.58
2025-01-14 12:19:00,0.3398,0.34,0.3398,0.34,1987.11
2025-01-14 12:20:00,0.3397,0.3397,0.3392,0.3392,4864.41
2025-01-14 12:21:00,0.3393,0.3393,0.3391,0.3391,2284.07
2025-01-14 12:22:00,0.3391,0.3391,0.3391,0.3391,0.0
2025-01-14 12:23:00,0.3391,0.3391,0.339,0.339,701.44
2025-01-14 12:24:00,0.3386,0.3386,0.3384,0.3384,1646.76
2025-01-14 12:25:00,0.3385,0.3386,0.3385,0.3386,1930.06
2025-01-14 12:26:00,0.3384,0.3391,0.3384,0.3391,1537.01
2025-01-14 12:27:00,0.3392,0.3392,0.3391,0.3391,441.0
2025-01-14 12:28:00,0.3389,0.3389,0.3389,0.3389,92.91
2025-01-14 12:29:00,0.339,0.339,0.3388,0.3389,2232.71
2025-01-14 12:30:00,0.3393,0.3395,0.3393,0.3395,2187.7
2025-01-14 12:31:00,0.3394,0.3396,0.3393,0.3393,5063.04
2025-01-14 12:32:00,0.3394,0.3396,0.3394,0.3396,1384.21
2025-01-14 12:33:00,0.3396,0.3396,0.3396,0.3396,0.0
2025-01-14 12:34:00,0.3395,0.3395,0.3395,0.3395,94.5
2025-01-14 12:35:00,0.3395,0.3395,0.3395,0.3395,0.0
2025-01-14 12:36:00,0.3399,0.34,0.3399,0.3399,201.83
2025-01-14 12:37:00,0.3398,0.3402,0.3398,0.3402,286.56
2025-01-14 12:38:00,0.3402,0.3402,0.3402,0.3402,0.0
2025-01-14 12:39:00,0.3402,0.3402,0.3402,0.3402,0.0
2025-01-14 12:40:00,0.3406,0.341,0.3406,0.341,412.72
2025-01-14 12:41:00,0.3411,0.3411,0.3405,0.3405,627.27
2025-01-14 12:42:00,0.3403,0.3404,0.3403,0.3404,411.16
2025-01-14 12:43:00,0.3404,0.3404,0.3402,0.3402,897.7
2025-01-14 12:44:00,0.3401,0.3401,0.3398,0.3398,9436.76
2025-01-14 12:45:00,0.34,0.34,0.34,0.34,22.58
2025-01-14 12:46:00,0.3401,0.3401,0.34,0.34,178.01
2025-01-14 12:47:00,0.3401,0.3402,0.3401,0.3401,105.86
2025-01-14 12:48:00,0.3403,0.3404,0.3403,0.3404,1059.29
2025-01-14 12:49:00,0.3404,0.3405,0.3404,0.3405,1494.81
2025-01-14 12:50:00,0.3406,0.3408,0.3406,0.3406,1063.47
2025-01-14 12:51:00,0.3408,0.3408,0.3408,0.3408,239.0
2025-01-14 12:52:00,0.3407,0.3407,0.3406,0.3406,311.52
2025-01-14 12:53:00,0.3406,0.3406,0.3406,0.3406,0.0
2025-01-14 12:54:00,0.3406,0.3406,0.3406,0.3406,0.0
2025-01-14 12:55:00,0.3399,0.3399,0.3399,0.3399,58.0
2025-01-14 12:56:00,0.3398,0.3398,0.3398,0.3398,36.0
2025-01-14 12:57:00,0.3397,0.3397,0.3394,0.3397,9968.26
2025-01-14 12:58:00,0.3397,0.3397,0.3397,0.3397,0.0
2025-01-14 12:59:00,0.3397,0.3397,0.3397,0.3397,0.0
2025-01-14 13:00:00,0.3395,0.3395,0.3395,0.3395,150.59
2025-01-14 13:01:00,0.3397,0.3398,0.3396,0.3396,1273.36
2025-01-14 13:02:00,0.3393,0.3393,0.339,0.3391,701.16
2025-01-14 13:03:00,0.3389,0.3389,0.3389,0.3389,137.37
2025-01-14 13:04:00,0.3396,0.3398,0.3396,0.3398,1133.93
2025-01-14 13:05:00,0.3399,0.34,0.3399,0.34,1554.69
2025-01-14 13:06:00,0.34,0.34,0.34,0.34,0.0
2025-01-14 13:07:00,0.3398,0.3399,0.3398,0.3399,127.5
2025-01-14 13:08:00,0.3395,0.3395,0.3395,0.3395,281.0
2025-01-14 13:09:00,0.3392,0.3392,0.339,0.339,555.0
2025-01-14 13:10:00,0.3392,0.3392,0.3392,0.3392,436.78
2025-01-14 13:11:00,0.3392,0.3392,0.3392,0.3392,0.0
2025-01-14 13:12:00,0.34,0.3401,0.34,0.3401,534.0
2025-01-14 13:13:00,0.34,0.34,0.34,0.34,393.16
2025-01-14 13:14:00,0.3401,0.3401,0.3401,0.3401,58.0
2025-01-14 13:15:00,0.3403,0.3403,0.3403,0.3403,2128.98
2025-01-14 13:16:00,0.3402,0.3403,0.3398,0.3398,270.85
2025-01-14 13:17:00,0.3393,0.3393,0.3393,0.3393,15.52
2025-01-14 13:18:00,0.3393,0.3394,0.3392,0.3394,1499.71
2025-01-14 13:19:00,0.3399,0.3399,0.3399,0.3399,400.0
2025-01-14 13:20:00,0.3395,0.3395,0.3395,0.3395,181.0
2025-01-14 13:21:00,0.3399,0.3399,0.3399,0.3399,240.0
2025-01-14 13:22:00,0.3399,0.3399,0.3399,0.3399,1391.38
2025-01-14 13:23:00,0.3399,0.3399,0.3399,0.3399,100.0
2025-01-14 13:24:00,0.3395,0.3396,0.3394,0.3394,8436.32
2025-01-14 13:25:00,0.3397,0.3397,0.3397,0.3397,189.0
2025-01-14 13:26:00,0.3396,0.3396,0.3393,0.3393,565.62
2025-01-14 13:27:00,0.3392,0.3393,0.3391,0.3391,326.0
2025-01-14 13:28:00,0.3396,0.3397,0.3396,0.3397,1106.77
2025-01-14 13:29:00,0.3398,0.3398,0.3396,0.3396,735.35
2025-01-14 13:30:00,0.3397,0.3464,0.3397,0.3446,153739.5
2025-01-14 13:31:00,0.3448,0.3455,0.344,0.3445,97134.32
2025-01-14 13:32:00,0.3446,0.3451,0.3434,0.3436,7705.25
2025-01-14 13:33:00,0.3434,0.3444,0.3431,0.3433,7731.17
2025-01-14 13:34:00,0.3432,0.3438,0.3432,0.3432,1783.68
2025-01-14 13:35:00,0.343,0.343,0.3422,0.3425,22715.73
2025-01-14 13:36:00,0.3424,0.3436,0.3424,0.3428,6089.83
2025-01-14 13:37:00,0.3427,0.3435,0.3427,0.3434,785.87
2025-01-14 13:38:00,0.3429,0.343,0.3424,0.3425,2570.9
2025-01-14 13:39:00,0.3426,0.3427,0.3422,0.3427,4528.16
2025-01-14 13:40:00,0.3429,0.3432,0.3429,0.343,828.62
2025-01-14 13:41:00,0.3421,0.3431,0.342,0.3431,17119.44
2025-01-14 13:42:00,0.343,0.3433,0.343,0.343,4078.27
2025-01-14 13:43:00,0.3428,0.3432,0.3427,0.3432,363.23
2025-01-14 13:44:00,0.3429,0.3431,0.3426,0.3426,401.0
2025-01-14 13:45:00,0.3432,0.3432,0.3432,0.3432,101.21
2025-01-14 13:46:00,0.3438,0.3441,0.3437,0.3441,425.38
2025-01-14 13:47:00,0.3443,0.3444,0.3443,0.3444,360.0
2025-01-14 13:48:00,0.3445,0.3448,0.3445,0.3445,2116.78
2025-01-14 13:49:00,0.3443,0.3443,0.3438,0.3438,1369.8
2025-01-14 13:50:00,0.3437,0.3437,0.3436,0.3436,335.66
2025-01-14 13:51:00,0.3434,0.3436,0.3428,0.3428,200.96
2025-01-14 13:52:00,0.3428,0.3428,0.3424,0.3424,410.2
2025-01-14 13:53:00,0.3424,0.3426,0.3422,0.3426,2522.06
2025-01-14 13:54:00,0.3428,0.3431,0.3428,0.3431,2963.32
2025-01-14 13:55:00,0.3437,0.3437,0.3437,0.3437,673.17
2025-01-14 13:56:00,0.3432,0.3433,0.3432,0.3433,874.05
2025-01-14 13:57:00,0.3428,0.3428,0.3428,0.3428,291.71
2025-01-14 13:58:00,0.3428,0.3428,0.3428,0.3428,0.0
2025-01-14 13:59:00,0.3426,0.3426,0.3426,0.3426,1729.28
2025-01-14 14:00:00,0.3428,0.3428,0.3423,0.3425,2169.93
2025-01-14 14:01:00,0.3425,0.3425,0.3425,0.3425,0.0
2025-01-14 14:02:00,0.3425,0.3426,0.342,0.342,5231.25
2025-01-14 14:03:00,0.3417,0.342,0.3415,0.3415,9286.25
2025-01-14 14:04:00,0.3417,0.3417,0.3417,0.3417,244.0
2025-01-14 14:05:00,0.3423,0.3423,0.3421,0.3421,481.53
2025-01-14 14:06:00,0.3419,0.342,0.3416,0.3419,4722.08
2025-01-14 14:07:00,0.3423,0.3424,0.342,0.342,2605.47
2025-01-14 14:08:00,0.3416,0.3417,0.3415,0.3415,2470.4
2025-01-14 14:09:00,0.3414,0.3414,0.3411,0.3412,689.1
2025-01-14 14:10:00,0.341,0.341,0.3404,0.3404,7919.0
2025-01-14 14:11:00,0.3406,0.3415,0.3406,0.3415,301.16
2025-01-14 14:12:00,0.3415,0.3415,0.3415,0.3415,1312.44
2025-01-14 14:13:00,0.3415,0.3417,0.3415,0.3417,1108.15
2025-01-14 14:14:00,0.3416,0.3417,0.3416,0.3417,4951.67
2025-01-14 14:15:00,0.3419,0.3423,0.3419,0.3423,2463.01
2025-01-14 14:16:00,0.3426,0.3426,0.3426,0.3426,132.93
2025-01-14 14:17:00,0.3426,0.3427,0.3426,0.3427,158.77
2025-01-14 14:18:00,0.3426,0.3427,0.3424,0.3427,1141.86
2025-01-14 14:19:00,0.3427,0.3427,0.3427,0.3427,0.0
2025-01-14 14:20:00,0.3427,0.3427,0.3427,0.3427,182.51
2025-01-14 14:21:00,0.3427,0.3427,0.3427,0.3427,0.0
2025-01-14 14:22:00,0.3435,0.3435,0.3434,0.3434,1135.65
2025-01-14 14:23:00,0.3431,0.3431,0.343,0.3431,1582.34
2025-01-14 14:24:00,0.343,0.343,0.3429,0.3429,171.47
2025-01-14 14:25:00,0.3431,0.3431,0.3431,0.3431,41.0
2025-01-14 14:26:00,0.3434,0.3436,0.3434,0.3436,510.66
2025-01-14 14:27:00,0.3436,0.3436,0.3436,0.3436,0.0
2025-01-14 14:28:00,0.344,0.3445,0.344,0.3445,1396.8
2025-01-14 14:29:00,0.3445,0.3445,0.3445,0.3445,689.86
2025-01-14 14:30:00,0.3444,0.3447,0.3441,0.3446,2429.31
2025-01-14 14:31:00,0.345,0.3451,0.3448,0.345,1573.53
2025-01-14 14:32:00,0.3449,0.3449,0.344,0.344,3451.17
2025-01-14 14:33:00,0.3439,0.3439,0.3437,0.3438,784.74
2025-01-14 14:34:00,0.3447,0.3451,0.3447,0.345,1705.01
2025-01-14 14:35:00,0.3452,0.3456,0.3446,0.3446,7131.47
2025-01-14 14:36:00,0.3449,0.3449,0.3443,0.3443,4650.06
2025-01-14 14:37:00,0.3456,0.346,0.3455,0.3459,1811.14
2025-01-14 14:38:00,0.3461,0.3465,0.3461,0.3465,1090.12
2025-01-14 14:39:00,0.3466,0.3466,0.3457,0.346,1075.56
2025-01-14 14:40:00,0.3464,0.3473,0.3464,0.347,3948.59
2025-01-14 14:41:00,0.3472,0.3472,0.3465,0.3465,3288.99
2025-01-14 14:42:00,0.3465,0.3465,0.3463,0.3463,955.66
2025-01-14 14:43:00,0.3462,0.3462,0.3458,0.3458,398.44
2025-01-14 14:44:00,0.3457,0.3457,0.3457,0.3457,42.0
2025-01-14 14:45:00,0.3459,0.3459,0.3446,0.3446,13322.57
2025-01-14 14:46:00,0.3448,0.3448,0.3445,0.3445,327.82
2025-01-14 14:47:00,0.3442,0.3442,0.344,0.344,3376.85
2025-01-14 14:48:00,0.3437,0.3443,0.3437,0.3443,279.47
2025-01-14 14:49:00,0.3441,0.3445,0.3437,0.3445,187.87
2025-01-14 14:50:00,0.3449,0.345,0.3445,0.3445,2011.0
2025-01-14 14:51:00,0.3448,0.3448,0.3448,0.3448,379.14
2025-01-14 14:52:00,0.3452,0.3456,0.3445,0.3446,984.93
2025-01-14 14:53:00,0.3446,0.3446,0.3446,0.3446,0.0
2025-01-14 14:54:00,0.3436,0.3436,0.3433,0.3433,2437.77
2025-01-14 14:55:00,0.3433,0.3433,0.3433,0.3433,0.0
2025-01-14 14:56:00,0.3432,0.3434,0.343,0.3434,576.48
2025-01-14 14:57:00,0.3434,0.3434,0.3434,0.3434,0.0
2025-01-14 14:58:00,0.3428,0.3428,0.3428,0.3428,84.0
2025-01-14 14:59:00,0.3429,0.3429,0.3429,0.3429,137.54
2025-01-14 15:00:00,0.3434,0.3435,0.3433,0.3433,366.28
2025-01-14 15:01:00,0.343,0.3434,0.343,0.3434,212.46
2025-01-14 15:02:00,0.3434,0.3434,0.3434,0.3434,0.0
2025-01-14 15:03:00,0.3439,0.3442,0.3438,0.3438,2682.07
2025-01-14 15:04:00,0.3438,0.3438,0.3438,0.3438,0.0
2025-01-14 15:05:00,0.3436,0.3436,0.3436,0.3436,96.59
2025-01-14 15:06:00,0.3439,0.345,0.3439,0.3449,5172.42
2025-01-14 15:07:00,0.3449,0.3452,0.3449,0.3449,1830.74
2025-01-14 15:08:00,0.3451,0.3451,0.3451,0.3451,240.0
2025-01-14 15:09:00,0.3452,0.3452,0.3449,0.3449,144.3
2025-01-14 15:10:00,0.3447,0.3447,0.3447,0.3447,602.71
2025-01-14 15:11:00,0.3447,0.3447,0.3447,0.3447,0.0
2025-01-14 15:12:00,0.345,0.3453,0.345,0.3453,248.94
2025-01-14 15:13:00,0.3451,0.3451,0.3451,0.3451,475.91
2025-01-14 15:14:00,0.3451,0.3451,0.3451,0.3451,289.77
2025-01-14 15:15:00,0.3448,0.3449,0.3442,0.3443,1765.05
2025-01-14 15:16:00,0.3446,0.3451,0.3446,0.3451,702.65
2025-01-14 15:17:00,0.3454,0.3454,0.3454,0.3454,251.52
2025-01-14 15:18:00,0.3451,0.3451,0.3451,0.3451,15.4
2025-01-14 15:19:00,0.3451,0.3451,0.3451,0.3451,0.0
2025-01-14 15:20:00,0.3446,0.3446,0.3445,0.3445,191.52
2025-01-14 15:21:00,0.3449,0.3451,0.3446,0.3446,687.52
2025-01-14 15:22:00,0.3446,0.3446,0.3446,0.3446,541.18
2025-01-14 15:23:00,0.344,0.3445,0.344,0.3444,1214.21
2025-01-14 15:24:00,0.3449,0.3449,0.3449,0.3449,580.72
2025-01-14 15:25:00,0.3448,0.3448,0.3448,0.3448,87.08
2025-01-14 15:26:00,0.3442,0.3443,0.3442,0.3443,435.65
2025-01-14 15:27:00,0.3441,0.3442,0.3441,0.3442,779.63
2025-01-14 15:28:00,0.3442,0.3442,0.3442,0.3442,0.0
2025-01-14 15:29:00,0.3446,0.3448,0.3446,0.3448,626.34
2025-01-14 15:30:00,0.3448,0.3448,0.3444,0.3444,33.94
2025-01-14 15:31:00,0.3443,0.3443,0.3443,0.3443,74.16
2025-01-14 15:32:00,0.3447,0.3447,0.3447,0.3447,30.37
2025-01-14 15:33:00,0.3444,0.3444,0.3444,0.3444,30.38
2025-01-14 15:34:00,0.3445,0.3445,0.3444,0.3444,214.09
2025-01-14 15:35:00,0.3444,0.3444,0.3443,0.3443,778.85
2025-01-14 15:36:00,0.3446,0.3449,0.3446,0.3448,717.6
2025-01-14 15:37:00,0.3448,0.3448,0.3448,0.3448,0.0
2025-01-14 15:38:00,0.3444,0.3444,0.3441,0.3441,2068.31
2025-01-14 15:39:00,0.3438,0.3438,0.3435,0.3435,248.27
2025-01-14 15:40:00,0.3435,0.3435,0.3435,0.3435,0.0
2025-01-14 15:41:00,0.3446,0.3446,0.3445,0.3445,45.33
2025-01-14 15:42:00,0.3449,0.3453,0.3449,0.3453,1236.76
2025-01-14 15:43:00,0.3453,0.3453,0.3453,0.3453,0.0
2025-01-14 15:44:00,0.3456,0.3461,0.3456,0.3461,1873.05
2025-01-14 15:45:00,0.3452,0.3452,0.3451,0.3451,272.9
2025-01-14 15:46:00,0.3444,0.3445,0.3444,0.3445,163.65
2025-01-14 15:47:00,0.3447,0.3447,0.3446,0.3446,298.16
2025-01-14 15:48:00,0.3446,0.3446,0.3446,0.3446,0.0
2025-01-14 15:49:00,0.3446,0.3446,0.3446,0.3446,0.0
2025-01-14 15:50:00,0.3444,0.345,0.3444,0.3448,6275.35
2025-01-14 15:51:00,0.3448,0.3448,0.3445,0.3448,1203.33
2025-01-14 15:52:00,0.3452,0.3453,0.345,0.3452,4662.28
2025-01-14 15:53:00,0.3449,0.3449,0.3445,0.3446,685.09
2025-01-14 15:54:00,0.3445,0.3445,0.3445,0.3445,104.17
2025-01-14 15:55:00,0.3451,0.3451,0.3449,0.3449,189.34
2025-01-14 15:56:00,0.3447,0.3447,0.3447,0.3447,103.02
2025-01-14 15:57:00,0.3444,0.3449,0.3444,0.3445,1905.39
2025-01-14 15:58:00,0.3445,0.3445,0.3442,0.3442,455.31
2025-01-14 15:59:00,0.3442,0.3442,0.3442,0.3442,0.0
2025-01-14 16:00:00,0.3434,0.3434,0.3431,0.3431,987.19
2025-01-14 16:01:00,0.3425,0.3426,0.3424,0.3426,746.71
2025-01-14 16:02:00,0.3428,0.3428,0.3417,0.3417,3663.34
2025-01-14 16:03:00,0.3415,0.3415,0.3409,0.3409,1106.81
2025-01-14 16:04:00,0.341,0.3416,0.3407,0.3411,3220.15
2025-01-14 16:05:00,0.3409,0.3409,0.3404,0.3404,3201.14
2025-01-14 16:06:00,0.3407,0.342,0.3407,0.342,10179.1
2025-01-14 16:07:00,0.3422,0.3424,0.342,0.342,2834.55
2025-01-14 16:08:00,0.3418,0.342,0.3417,0.342,1223.82
2025-01-14 16:09:00,0.3425,0.3425,0.3421,0.3421,311.66
2025-01-14 16:10:00,0.3421,0.3421,0.3417,0.3417,1658.25
2025-01-14 16:11:00,0.3419,0.3419,0.3417,0.3417,561.08
2025-01-14 16:12:00,0.3416,0.3416,0.3416,0.3416,1725.81
2025-01-14 16:13:00,0.3418,0.3418,0.3418,0.3418,1791.0
2025-01-14 16:14:00,0.3421,0.3421,0.3421,0.3421,232.17
2025-01-14 16:15:00,0.342,0.342,0.342,0.342,237.06
2025-01-14 16:16:00,0.3419,0.3428,0.3419,0.3428,120.36
2025-01-14 16:17:00,0.343,0.3432,0.343,0.3432,556.13
2025-01-14 16:18:00,0.3432,0.3432,0.3432,0.3432,0.0
2025-01-14 16:19:00,0.3427,0.3427,0.3424,0.3424,60.37
2025-01-14 16:20:00,0.343,0.343,0.343,0.343,231.29
2025-01-14 16:21:00,0.3432,0.3432,0.3432,0.3432,38.23
2025-01-14 16:22:00,0.3434,0.3441,0.3434,0.3441,745.11
2025-01-14 16:23:00,0.3439,0.3439,0.3439,0.3439,1454.51
2025-01-14 16:24:00,0.3439,0.3439,0.3439,0.3439,0.0
2025-01-14 16:25:00,0.3436,0.3439,0.3436,0.3439,228.43
2025-01-14 16:26:00,0.3442,0.3442,0.344,0.3441,1953.99
2025-01-14 16:27:00,0.3441,0.3441,0.3441,0.3441,0.0
2025-01-14 16:28:00,0.3442,0.3442,0.344,0.344,1656.36
2025-01-14 16:29:00,0.3439,0.3439,0.3439,0.3439,45.0
2025-01-14 16:30:00,0.3434,0.3435,0.3434,0.3434,180.54
2025-01-14 16:31:00,0.3432,0.3436,0.3432,0.3436,208.27
2025-01-14 16:32:00,0.3436,0.3436,0.3432,0.3433,3499.82
2025-01-14 16:33:00,0.3436,0.3438,0.3433,0.3433,678.63
2025-01-14 16:34:00,0.3432,0.3437,0.3432,0.3437,239.96
2025-01-14 16:35:00,0.3437,0.3437,0.3431,0.3436,3750.7
2025-01-14 16:36:00,0.3433,0.3435,0.3433,0.3434,564.49
2025-01-14 16:37:00,0.3435,0.3436,0.3433,0.3436,1185.0
2025-01-14 16:38:00,0.3434,0.3436,0.3431,0.3431,275.48
2025-01-14 16:39:00,0.3428,0.343,0.3428,0.343,565.41
2025-01-14 16:40:00,0.3431,0.3431,0.3427,0.3427,238.21
2025-01-14 16:41:00,0.3427,0.3429,0.3427,0.3429,877.35
2025-01-14 16:42:00,0.3426,0.3426,0.3426,0.3426,166.46
2025-01-14 16:43:00,0.3425,0.3425,0.3425,0.3425,30.24
2025-01-14 16:44:00,0.3421,0.3421,0.3421,0.3421,588.37
2025-01-14 16:45:00,0.3428,0.3428,0.3427,0.3427,168.45
2025-01-14 16:46:00,0.3427,0.3427,0.3427,0.3427,0.0
2025-01-14 16:47:00,0.3427,0.3427,0.3427,0.3427,0.0
2025-01-14 16:48:00,0.3427,0.3427,0.3427,0.3427,0.0
2025-01-14 16:49:00,0.3427,0.3427,0.3427,0.3427,0.0
2025-01-14 16:50:00,0.3427,0.3427,0.3427,0.3427,0.0
2025-01-14 16:51:00,0.3435,0.3437,0.3435,0.3437,290.47
2025-01-14 16:52:00,0.3437,0.3437,0.3437,0.3437,80.02
2025-01-14 16:53:00,0.3437,0.3437,0.3437,0.3437,0.0
2025-01-14 16:54:00,0.3441,0.3441,0.3439,0.3439,60.81
2025-01-14 16:55:00,0.3439,0.3439,0.3439,0.3439,0.0
2025-01-14 16:56:00,0.3446,0.3446,0.3446,0.3446,215.0
2025-01-14 16:57:00,0.3446,0.3446,0.3444,0.3446,638.15
2025-01-14 16:58:00,0.3445,0.345,0.3445,0.345,2088.69
2025-01-14 16:59:00,0.345,0.345,0.345,0.345,0.0
2025-01-14 17:00:00,0.3445,0.3445,0.3443,0.3443,511.48
2025-01-14 17:01:00,0.3441,0.3441,0.344,0.344,699.19
2025-01-14 17:02:00,0.344,0.344,0.344,0.344,0.0
2025-01-14 17:03:00,0.3442,0.3444,0.3442,0.3444,3270.0
2025-01-14 17:04:00,0.3439,0.3442,0.3438,0.3442,3946.44
2025-01-14 17:05:00,0.3446,0.3448,0.3445,0.3445,952.55
2025-01-14 17:06:00,0.3445,0.3445,0.3445,0.3445,178.55
2025-01-14 17:07:00,0.3455,0.346,0.3454,0.346,4269.91
2025-01-14 17:08:00,0.3459,0.3462,0.3459,0.346,1412.69
2025-01-14 17:09:00,0.3462,0.3462,0.3462,0.3462,214.81
2025-01-14 17:10:00,0.3464,0.3465,0.3462,0.3462,2437.8
2025-01-14 17:11:00,0.3462,0.3462,0.3462,0.3462,73.0
2025-01-14 17:12:00,0.3466,0.3468,0.3466,0.3466,1308.66
2025-01-14 17:13:00,0.3465,0.3474,0.3465,0.3474,4196.5
2025-01-14 17:14:00,0.3472,0.3472,0.3471,0.3471,3457.4
2025-01-14 17:15:00,0.3469,0.3469,0.3468,0.3468,391.5
2025-01-14 17:16:00,0.347,0.3477,0.347,0.3475,1431.34
2025-01-14 17:17:00,0.3475,0.3478,0.3475,0.3477,409.19
2025-01-14 17:18:00,0.3475,0.3485,0.3475,0.348,1530.21
2025-01-14 17:19:00,0.3478,0.3479,0.3477,0.3477,184.01
2025-01-14 17:20:00,0.3474,0.3474,0.3474,0.3474,122.25
2025-01-14 17:21:00,0.3464,0.3464,0.3463,0.3463,510.65
2025-01-14 17:22:00,0.3459,0.3461,0.3459,0.3461,76.45
2025-01-14 17:23:00,0.3461,0.3461,0.3461,0.3461,54.0
2025-01-14 17:24:00,0.3461,0.3463,0.3461,0.3463,620.88
2025-01-14 17:25:00,0.3466,0.3468,0.3466,0.3468,725.96
2025-01-14 17:26:00,0.3467,0.3469,0.3467,0.3469,670.3
2025-01-14 17:27:00,0.347,0.347,0.347,0.347,400.0
2025-01-14 17:28:00,0.3471,0.3474,0.3471,0.3473,247.98
2025-01-14 17:29:00,0.3474,0.3476,0.3474,0.3475,1270.28
2025-01-14 17:30:00,0.3476,0.3479,0.3471,0.3471,2615.8
2025-01-14 17:31:00,0.3471,0.3473,0.3471,0.3473,2411.59
2025-01-14 17:32:00,0.3473,0.3473,0.3473,0.3473,0.0
2025-01-14 17:33:00,0.3471,0.3471,0.347,0.3471,3674.19
2025-01-14 17:34:00,0.3466,0.3466,0.3466,0.3466,19.77
2025-01-14 17:35:00,0.3461,0.3461,0.3459,0.3459,339.46
2025-01-14 17:36:00,0.3458,0.3466,0.3458,0.3465,1838.18
2025-01-14 17:37:00,0.3465,0.3465,0.3463,0.3463,175.04
2025-01-14 17:38:00,0.3464,0.3464,0.3464,0.3464,17.0
2025-01-14 17:39:00,0.3461,0.3461,0.3461,0.3461,161.0
2025-01-14 17:40:00,0.3461,0.3461,0.3461,0.3461,0.0
2025-01-14 17:41:00,0.3462,0.3462,0.3462,0.3462,404.5
2025-01-14 17:42:00,0.3463,0.3471,0.3463,0.3471,2261.1
2025-01-14 17:43:00,0.347,0.3472,0.347,0.3471,256.87
2025-01-14 17:44:00,0.3468,0.3468,0.3468,0.3468,158.24
2025-01-14 17:45:00,0.3463,0.3463,0.3463,0.3463,123.28
2025-01-14 17:46:00,0.3464,0.3468,0.3464,0.3468,400.0
2025-01-14 17:47:00,0.3468,0.347,0.3468,0.3468,236.17
2025-01-14 17:48:00,0.3468,0.3468,0.3468,0.3468,0.0
2025-01-14 17:49:00,0.3473,0.3473,0.3473,0.3473,526.0
2025-01-14 17:50:00,0.3467,0.3468,0.3467,0.3468,256.92
2025-01-14 17:51:00,0.3465,0.3465,0.3465,0.3465,16.33
2025-01-14 17:52:00,0.3469,0.3469,0.3469,0.3469,95.0
2025-01-14 17:53:00,0.3471,0.3471,0.3468,0.3469,2846.22
2025-01-14 17:54:00,0.3468,0.3469,0.3467,0.3469,2739.27
2025-01-14 17:55:00,0.3464,0.3464,0.3464,0.3464,246.14
2025-01-14 17:56:00,0.3462,0.3464,0.346,0.3464,3315.29
2025-01-14 17:57:00,0.3464,0.3464,0.3464,0.3464,0.0
2025-01-14 17:58:00,0.3465,0.3471,0.3465,0.347,797.78
2025-01-14 17:59:00,0.347,0.347,0.347,0.347,0.0
2025-01-14 18:00:00,0.3472,0.348,0.3472,0.348,2902.64
2025-01-14 18:01:00,0.3475,0.3476,0.3475,0.3476,1173.91
2025-01-14 18:02:00,0.3476,0.3476,0.3476,0.3476,0.0
2025-01-14 18:03:00,0.3468,0.3468,0.3468,0.3468,399.65
2025-01-14 18:04:00,0.3467,0.3468,0.3467,0.3467,125.35
2025-01-14 18:05:00,0.347,0.3471,0.347,0.3471,948.97
2025-01-14 18:06:00,0.3472,0.3472,0.3468,0.347,338.66
2025-01-14 18:07:00,0.347,0.3473,0.347,0.3473,318.8
2025-01-14 18:08:00,0.3473,0.3473,0.3473,0.3473,0.0
2025-01-14 18:09:00,0.3471,0.3471,0.3462,0.3462,1454.68
2025-01-14 18:10:00,0.3463,0.3463,0.3462,0.3463,1078.77
2025-01-14 18:11:00,0.346,0.3461,0.3458,0.3461,371.86
2025-01-14 18:12:00,0.3458,0.346,0.3457,0.346,203.06
2025-01-14 18:13:00,0.3461,0.3461,0.3461,0.3461,136.95
2025-01-14 18:14:00,0.3461,0.3461,0.3461,0.3461,0.0
2025-01-14 18:15:00,0.346,0.346,0.346,0.346,42.57
2025-01-14 18:16:00,0.3465,0.3465,0.3465,0.3465,36.18
2025-01-14 18:17:00,0.3465,0.3465,0.3465,0.3465,0.0
2025-01-14 18:18:00,0.3462,0.3462,0.3462,0.3462,17.0
2025-01-14 18:19:00,0.3462,0.3462,0.3462,0.3462,0.0
2025-01-14 18:20:00,0.3451,0.3454,0.3451,0.3454,181.83
2025-01-14 18:21:00,0.3455,0.3455,0.3455,0.3455,78.0
2025-01-14 18:22:00,0.3454,0.3454,0.3454,0.3454,76.0
2025-01-14 18:23:00,0.3455,0.3457,0.3455,0.3456,382.76
2025-01-14 18:24:00,0.3456,0.3456,0.3453,0.3454,174.41
2025-01-14 18:25:00,0.3455,0.3458,0.3455,0.3458,116.3
2025-01-14 18:26:00,0.3459,0.346,0.3457,0.3458,2614.96
2025-01-14 18:27:00,0.3457,0.3458,0.3456,0.3456,321.12
2025-01-14 18:28:00,0.3456,0.3461,0.3456,0.3461,8096.66
2025-01-14 18:29:00,0.3461,0.3462,0.3461,0.3462,426.47
2025-01-14 18:30:00,0.3462,0.3462,0.3462,0.3462,0.0
2025-01-14 18:31:00,0.3461,0.3465,0.3461,0.3465,412.56
2025-01-14 18:32:00,0.3466,0.347,0.3466,0.3466,997.74
2025-01-14 18:33:00,0.3465,0.3465,0.3462,0.3464,157.23
2025-01-14 18:34:00,0.3466,0.3466,0.346,0.3462,828.35
2025-01-14 18:35:00,0.3462,0.3465,0.346,0.346,802.46
2025-01-14 18:36:00,0.346,0.3465,0.346,0.3465,1637.36
2025-01-14 18:37:00,0.3465,0.3468,0.3465,0.3468,215.85
2025-01-14 18:38:00,0.3469,0.3472,0.3469,0.3472,230.22
2025-01-14 18:39:00,0.3476,0.3478,0.3476,0.3478,232.75
2025-01-14 18:40:00,0.3475,0.3475,0.3475,0.3475,226.44
2025-01-14 18:41:00,0.3475,0.3475,0.3472,0.3472,359.41
2025-01-14 18:42:00,0.3468,0.3468,0.3468,0.3468,197.18
2025-01-14 18:43:00,0.3475,0.3475,0.3475,0.3475,143.88
2025-01-14 18:44:00,0.3475,0.3475,0.3475,0.3475,0.0
2025-01-14 18:45:00,0.3472,0.3473,0.347,0.347,287.84
2025-01-14 18:46:00,0.347,0.347,0.3469,0.347,343.45
2025-01-14 18:47:00,0.3474,0.3475,0.3474,0.3475,150.0
2025-01-14 18:48:00,0.3478,0.3478,0.3478,0.3478,150.03
2025-01-14 18:49:00,0.3478,0.3478,0.3478,0.3478,0.0
2025-01-14 18:50:00,0.3478,0.3478,0.3478,0.3478,0.0
2025-01-14 18:51:00,0.347,0.3471,0.347,0.3471,450.41
2025-01-14 18:52:00,0.3471,0.3471,0.3471,0.3471,270.26
2025-01-14 18:53:00,0.3473,0.3473,0.3473,0.3473,47.19
2025-01-14 18:54:00,0.3476,0.3476,0.3476,0.3476,100.68
2025-01-14 18:55:00,0.3476,0.3476,0.3476,0.3476,0.0
2025-01-14 18:56:00,0.3477,0.3477,0.3475,0.3475,1178.88
2025-01-14 18:57:00,0.3476,0.3476,0.3476,0.3476,627.06
2025-01-14 18:58:00,0.3476,0.3476,0.3476,0.3476,321.85
2025-01-14 18:59:00,0.3476,0.3476,0.3476,0.3476,0.0
2025-01-14 19:00:00,0.3473,0.3473,0.3465,0.3465,295.62
2025-01-14 19:01:00,0.346,0.346,0.3459,0.3459,687.39
2025-01-14 19:02:00,0.3463,0.3463,0.3463,0.3463,58.0
2025-01-14 19:03:00,0.3459,0.3459,0.3458,0.3458,362.37
2025-01-14 19:04:00,0.3458,0.3458,0.3458,0.3458,0.0
2025-01-14 19:05:00,0.3463,0.3464,0.3462,0.3462,294.3
2025-01-14 19:06:00,0.3462,0.3462,0.3461,0.3461,91.81
2025-01-14 19:07:00,0.3466,0.3467,0.3465,0.3466,923.0
2025-01-14 19:08:00,0.3464,0.3465,0.3464,0.3465,103.09
2025-01-14 19:09:00,0.3467,0.3467,0.3464,0.3464,221.1
2025-01-14 19:10:00,0.3465,0.3466,0.3465,0.3466,66.0
2025-01-14 19:11:00,0.3462,0.3462,0.3462,0.3462,14.44
2025-01-14 19:12:00,0.3463,0.3464,0.3463,0.3464,54.0
2025-01-14 19:13:00,0.3464,0.3464,0.3464,0.3464,0.0
2025-01-14 19:14:00,0.3466,0.3466,0.3466,0.3466,145.88
2025-01-14 19:15:00,0.3466,0.3471,0.3466,0.3471,612.0
2025-01-14 19:16:00,0.3471,0.3471,0.3469,0.3469,270.5
2025-01-14 19:17:00,0.3469,0.3469,0.3469,0.3469,0.0
2025-01-14 19:18:00,0.3469,0.3469,0.3469,0.3469,0.0
2025-01-14 19:19:00,0.3469,0.3469,0.3469,0.3469,0.0
2025-01-14 19:20:00,0.3469,0.3469,0.3469,0.3469,0.0
2025-01-14 19:21:00,0.3466,0.3469,0.3466,0.3469,77.0
2025-01-14 19:22:00,0.3467,0.3467,0.3466,0.3466,45.0
2025-01-14 19:23:00,0.3465,0.3465,0.3465,0.3465,138.93
2025-01-14 19:24:00,0.3466,0.3471,0.3466,0.3471,306.8
2025-01-14 19:25:00,0.3469,0.3471,0.3469,0.3471,2052.87
2025-01-14 19:26:00,0.3468,0.3468,0.3468,0.3468,404.74
2025-01-14 19:27:00,0.3472,0.3472,0.3472,0.3472,97.8
2025-01-14 19:28:00,0.3474,0.3474,0.3474,0.3474,142.09
2025-01-14 19:29:00,0.3474,0.3474,0.3474,0.3474,0.0
2025-01-14 19:30:00,0.3476,0.3476,0.3476,0.3476,57.86
2025-01-14 19:31:00,0.3478,0.3479,0.3477,0.3477,2172.55
2025-01-14 19:32:00,0.3475,0.3475,0.3475,0.3475,174.0
2025-01-14 19:33:00,0.3475,0.3475,0.3475,0.3475,0.0
2025-01-14 19:34:00,0.3475,0.3475,0.3475,0.3475,0.0
2025-01-14 19:35:00,0.3475,0.3475,0.3475,0.3475,0.0
2025-01-14 19:36:00,0.3483,0.3485,0.3483,0.3485,652.92
2025-01-14 19:37:00,0.3486,0.3486,0.3486,0.3486,62.5
2025-01-14 19:38:00,0.3483,0.3483,0.3483,0.3483,28.73
2025-01-14 19:39:00,0.3478,0.3478,0.3475,0.3475,119.28
2025-01-14 19:40:00,0.3478,0.3478,0.3478,0.3478,37.11
2025-01-14 19:41:00,0.3476,0.3484,0.3476,0.3483,997.09
2025-01-14 19:42:00,0.3481,0.3481,0.3481,0.3481,130.68
2025-01-14 19:43:00,0.3481,0.3481,0.3481,0.3481,0.0
2025-01-14 19:44:00,0.3481,0.3481,0.3481,0.3481,0.0
2025-01-14 19:45:00,0.348,0.348,0.3476,0.3476,161.64
2025-01-14 19:46:00,0.3476,0.3476,0.3476,0.3476,0.0
2025-01-14 19:47:00,0.3474,0.3474,0.3474,0.3474,130.67
2025-01-14 19:48:00,0.3472,0.3472,0.3472,0.3472,576.03
2025-01-14 19:49:00,0.3472,0.3472,0.3472,0.3472,0.0
2025-01-14 19:50:00,0.3475,0.3475,0.3475,0.3475,58.0
2025-01-14 19:51:00,0.3475,0.3475,0.3472,0.3472,50.01
2025-01-14 19:52:00,0.3469,0.3469,0.3469,0.3469,118.18
2025-01-14 19:53:00,0.3471,0.3472,0.3471,0.3472,143.75
2025-01-14 19:54:00,0.347,0.347,0.347,0.347,474.98
2025-01-14 19:55:00,0.3472,0.3472,0.3472,0.3472,27.0
2025-01-14 19:56:00,0.3469,0.347,0.3468,0.3468,540.51
2025-01-14 19:57:00,0.3467,0.3467,0.3466,0.3466,230.87
2025-01-14 19:58:00,0.3468,0.3468,0.3468,0.3468,181.0
2025-01-14 19:59:00,0.3466,0.3468,0.3466,0.3468,770.34
2025-01-14 20:00:00,0.3468,0.3472,0.3468,0.3468,1082.47
2025-01-14 20:01:00,0.3462,0.3462,0.3456,0.3456,1228.73
2025-01-14 20:02:00,0.345,0.345,0.3447,0.3447,382.41
2025-01-14 20:03:00,0.3446,0.3446,0.3445,0.3446,514.36
2025-01-14 20:04:00,0.3446,0.3446,0.3439,0.3441,719.81
2025-01-14 20:05:00,0.3442,0.3445,0.3441,0.3444,390.55
2025-01-14 20:06:00,0.3445,0.3446,0.3443,0.3444,1928.31
2025-01-14 20:07:00,0.3442,0.3445,0.3442,0.3445,265.61
2025-01-14 20:08:00,0.345,0.3451,0.345,0.3451,149.7
2025-01-14 20:09:00,0.3451,0.3451,0.3451,0.3451,0.0
2025-01-14 20:10:00,0.345,0.3451,0.345,0.3451,1665.23
2025-01-14 20:11:00,0.3447,0.3451,0.3447,0.3449,1076.77
2025-01-14 20:12:00,0.3453,0.3453,0.3453,0.3453,269.88
2025-01-14 20:13:00,0.3451,0.3451,0.3449,0.3449,221.68
2025-01-14 20:14:00,0.3449,0.3449,0.3449,0.3449,58.96
2025-01-14 20:15:00,0.3453,0.3455,0.3453,0.3455,259.05
2025-01-14 20:16:00,0.3455,0.3455,0.3455,0.3455,14.47
2025-01-14 20:17:00,0.3455,0.3455,0.3455,0.3455,0.0
2025-01-14 20:18:00,0.346,0.3461,0.346,0.3461,150.0
2025-01-14 20:19:00,0.3459,0.3463,0.3459,0.3462,5649.28
2025-01-14 20:20:00,0.3462,0.3462,0.3462,0.3462,0.0
2025-01-14 20:21:00,0.3462,0.3462,0.3462,0.3462,0.0
2025-01-14 20:22:00,0.3462,0.3462,0.3462,0.3462,361.4
2025-01-14 20:23:00,0.3462,0.3462,0.3462,0.3462,0.0
2025-01-14 20:24:00,0.3462,0.3464,0.3462,0.3464,150.0
2025-01-14 20:25:00,0.3468,0.3468,0.3468,0.3468,48.0
2025-01-14 20:26:00,0.3459,0.3459,0.3459,0.3459,363.68
2025-01-14 20:27:00,0.3463,0.3465,0.3463,0.3465,847.0
2025-01-14 20:28:00,0.3465,0.3467,0.3465,0.3467,186.0
2025-01-14 20:29:00,0.3464,0.3464,0.3463,0.3464,4642.0
2025-01-14 20:30:00,0.3464,0.3464,0.3459,0.3459,485.12
2025-01-14 20:31:00,0.3459,0.3459,0.3459,0.3459,0.0
2025-01-14 20:32:00,0.3455,0.3455,0.3455,0.3455,269.0
2025-01-14 20:33:00,0.3455,0.3455,0.3455,0.3455,0.0
2025-01-14 20:34:00,0.3455,0.3455,0.3455,0.3455,58.13
2025-01-14 20:35:00,0.3453,0.3453,0.3453,0.3453,42.0
2025-01-14 20:36:00,0.3454,0.3458,0.3454,0.3454,1442.95
2025-01-14 20:37:00,0.3454,0.3454,0.3454,0.3454,0.0
2025-01-14 20:38:00,0.3455,0.3457,0.3455,0.3457,1158.0
2025-01-14 20:39:00,0.3457,0.3457,0.3457,0.3457,0.0
2025-01-14 20:40:00,0.3449,0.3449,0.3448,0.3448,895.89
2025-01-14 20:41:00,0.3455,0.3455,0.3455,0.3455,241.01
2025-01-14 20:42:00,0.3455,0.3455,0.3455,0.3455,823.84
2025-01-14 20:43:00,0.3453,0.3453,0.3453,0.3453,126.0
2025-01-14 20:44:00,0.3453,0.3453,0.3453,0.3453,0.0
2025-01-14 20:45:00,0.346,0.3461,0.346,0.3461,1354.8
2025-01-14 20:46:00,0.3458,0.3458,0.3458,0.3458,334.77
2025-01-14 20:47:00,0.3457,0.3457,0.3457,0.3457,174.0
2025-01-14 20:48:00,0.3457,0.3457,0.3457,0.3457,0.0
2025-01-14 20:49:00,0.3457,0.3457,0.3457,0.3457,0.0
2025-01-14 20:50:00,0.3457,0.3459,0.3457,0.3459,428.51
2025-01-14 20:51:00,0.3458,0.3458,0.3458,0.3458,138.85
2025-01-14 20:52:00,0.3458,0.3458,0.3458,0.3458,0.0
2025-01-14 20:53:00,0.3458,0.3458,0.3458,0.3458,0.0
2025-01-14 20:54:00,0.3457,0.3457,0.3457,0.3457,30.2
2025-01-14 20:55:00,0.3457,0.3457,0.3457,0.3457,0.0
2025-01-14 20:56:00,0.3459,0.3459,0.3458,0.3458,977.24
2025-01-14 20:57:00,0.3461,0.3462,0.3461,0.3462,101.7
2025-01-14 20:58:00,0.3459,0.3459,0.3459,0.3459,29.5
2025-01-14 20:59:00,0.3465,0.347,0.3465,0.347,2183.83
2025-01-14 21:00:00,0.3471,0.3473,0.3468,0.3468,2116.87
2025-01-14 21:01:00,0.3468,0.3471,0.3466,0.3468,13153.28
2025-01-14 21:02:00,0.3473,0.3473,0.3473,0.3473,730.96
2025-01-14 21:03:00,0.3473,0.3473,0.347,0.347,305.26
2025-01-14 21:04:00,0.3475,0.3486,0.3475,0.3479,4825.42
2025-01-14 21:05:00,0.3477,0.3477,0.3473,0.3475,4297.9
2025-01-14 21:06:00,0.3481,0.3482,0.3481,0.3482,1696.38
2025-01-14 21:07:00,0.3481,0.3481,0.3481,0.3481,58.0
2025-01-14 21:08:00,0.3485,0.3485,0.3485,0.3485,810.0
2025-01-14 21:09:00,0.3485,0.3485,0.3485,0.3485,0.0
2025-01-14 21:10:00,0.3484,0.3484,0.3484,0.3484,1434.72
2025-01-14 21:11:00,0.3481,0.3483,0.3481,0.3483,157.02
2025-01-14 21:12:00,0.3483,0.3483,0.3483,0.3483,18.34
2025-01-14 21:13:00,0.3483,0.3483,0.3483,0.3483,0.0
2025-01-14 21:14:00,0.3484,0.3488,0.3483,0.3485,11939.37
2025-01-14 21:15:00,0.3485,0.3486,0.3485,0.3486,1127.0
2025-01-14 21:16:00,0.3483,0.3483,0.3483,0.3483,830.67
2025-01-14 21:17:00,0.3488,0.3489,0.3488,0.3489,337.42
2025-01-14 21:18:00,0.349,0.349,0.349,0.349,1000.0
2025-01-14 21:19:00,0.3491,0.3493,0.3491,0.3492,1080.32
2025-01-14 21:20:00,0.3492,0.3492,0.3492,0.3492,0.0
2025-01-14 21:21:00,0.3492,0.3496,0.3492,0.3493,4546.02
2025-01-14 21:22:00,0.3495,0.3496,0.3493,0.3493,1093.99
2025-01-14 21:23:00,0.3492,0.3493,0.3492,0.3493,1659.37
2025-01-14 21:24:00,0.3495,0.3497,0.3495,0.3495,1970.85
2025-01-14 21:25:00,0.3495,0.3498,0.3495,0.3498,407.45
2025-01-14 21:26:00,0.3495,0.3495,0.3493,0.3493,1289.88
2025-01-14 21:27:00,0.349,0.3493,0.3488,0.3493,2023.83
2025-01-14 21:28:00,0.3492,0.3492,0.3492,0.3492,291.83
2025-01-14 21:29:00,0.3492,0.3492,0.3492,0.3492,0.0
2025-01-14 21:30:00,0.3491,0.3491,0.3487,0.3487,1324.3
2025-01-14 21:31:00,0.3484,0.3485,0.3483,0.3483,2370.28
2025-01-14 21:32:00,0.3484,0.3485,0.3477,0.3477,1164.55
2025-01-14 21:33:00,0.3481,0.3481,0.3479,0.3479,85.8
2025-01-14 21:34:00,0.3479,0.3479,0.3479,0.3479,0.0
2025-01-14 21:35:00,0.3482,0.3483,0.3482,0.3483,143.0
2025-01-14 21:36:00,0.3476,0.3478,0.3475,0.3475,445.1
2025-01-14 21:37:00,0.3475,0.3478,0.3475,0.3478,1880.57
2025-01-14 21:38:00,0.3478,0.3478,0.3478,0.3478,0.0
2025-01-14 21:39:00,0.3476,0.3476,0.3476,0.3476,97.0
2025-01-14 21:40:00,0.3473,0.3474,0.3473,0.3474,99.41
2025-01-14 21:41:00,0.3474,0.3475,0.3474,0.3475,402.98
2025-01-14 21:42:00,0.3476,0.3476,0.3476,0.3476,503.43
2025-01-14 21:43:00,0.3476,0.3476,0.3476,0.3476,0.0
2025-01-14 21:44:00,0.3476,0.3476,0.3476,0.3476,0.0
2025-01-14 21:45:00,0.3475,0.3475,0.3475,0.3475,88.58
2025-01-14 21:46:00,0.3475,0.3475,0.3475,0.3475,0.0
2025-01-14 21:47:00,0.3472,0.3472,0.347,0.3472,1626.45
2025-01-14 21:48:00,0.3472,0.3472,0.3472,0.3472,0.0
2025-01-14 21:49:00,0.3472,0.3472,0.3472,0.3472,0.0
2025-01-14 21:50:00,0.3474,0.3474,0.3474,0.3474,630.0
2025-01-14 21:51:00,0.3474,0.3474,0.3474,0.3474,130.5
2025-01-14 21:52:00,0.3474,0.3474,0.3474,0.3474,0.0
2025-01-14 21:53:00,0.3471,0.3473,0.3471,0.3473,172.16
2025-01-14 21:54:00,0.3473,0.3473,0.3473,0.3473,0.0
2025-01-14 21:55:00,0.3473,0.3473,0.3473,0.3473,0.0
2025-01-14 21:56:00,0.3469,0.347,0.3469,0.347,247.52
2025-01-14 21:57:00,0.347,0.347,0.347,0.347,0.0
2025-01-14 21:58:00,0.347,0.347,0.347,0.347,0.0
2025-01-14 21:59:00,0.3475,0.3476,0.3475,0.3476,72.22
2025-01-14 22:00:00,0.3479,0.3484,0.3479,0.3482,4006.35
2025-01-14 22:01:00,0.3483,0.3483,0.3483,0.3483,18.0
2025-01-14 22:02:00,0.3486,0.3487,0.3484,0.3484,528.0
2025-01-14 22:03:00,0.3483,0.3483,0.3483,0.3483,100.96
2025-01-14 22:04:00,0.3488,0.3488,0.3488,0.3488,3297.92
2025-01-14 22:05:00,0.3488,0.3488,0.3488,0.3488,0.0
2025-01-14 22:06:00,0.3488,0.3488,0.3488,0.3488,0.0
2025-01-14 22:07:00,0.3483,0.3483,0.3483,0.3483,85.08
2025-01-14 22:08:00,0.3482,0.3482,0.3482,0.3482,60.95
2025-01-14 22:09:00,0.3482,0.3482,0.3482,0.3482,0.0
2025-01-14 22:10:00,0.349,0.3492,0.349,0.349,237.62
2025-01-14 22:11:00,0.349,0.3492,0.349,0.3492,331.19
2025-01-14 22:12:00,0.3488,0.3489,0.3488,0.3489,379.39
2025-01-14 22:13:00,0.3489,0.3489,0.3489,0.3489,0.0
2025-01-14 22:14:00,0.3489,0.349,0.3489,0.349,164.56
2025-01-14 22:15:00,0.349,0.349,0.349,0.349,0.0
2025-01-14 22:16:00,0.3484,0.3485,0.3484,0.3485,45.0
2025-01-14 22:17:00,0.3485,0.3486,0.3485,0.3486,425.39
2025-01-14 22:18:00,0.3486,0.349,0.3486,0.349,4321.26
2025-01-14 22:19:00,0.3489,0.3489,0.3489,0.3489,116.0
2025-01-14 22:20:00,0.3486,0.3486,0.3486,0.3486,406.7
2025-01-14 22:21:00,0.3486,0.3486,0.3486,0.3486,0.0
2025-01-14 22:22:00,0.3486,0.3486,0.3486,0.3486,0.0
2025-01-14 22:23:00,0.3486,0.3486,0.3486,0.3486,0.0
2025-01-14 22:24:00,0.3493,0.3493,0.3492,0.3493,454.92
2025-01-14 22:25:00,0.3493,0.3497,0.3493,0.3497,1010.51
2025-01-14 22:26:00,0.3496,0.3497,0.3496,0.3497,369.28
2025-01-14 22:27:00,0.3497,0.3497,0.3497,0.3497,0.0
2025-01-14 22:28:00,0.3498,0.35,0.3498,0.35,118.0
2025-01-14 22:29:00,0.35,0.35,0.35,0.35,358.67
2025-01-14 22:30:00,0.3501,0.3504,0.3501,0.3501,2047.78
2025-01-14 22:31:00,0.3501,0.3501,0.3501,0.3501,0.0
2025-01-14 22:32:00,0.3501,0.3501,0.3501,0.3501,0.0
2025-01-14 22:33:00,0.3498,0.3499,0.3498,0.3499,642.31
2025-01-14 22:34:00,0.3495,0.3496,0.3495,0.3496,142.89
2025-01-14 22:35:00,0.3498,0.35,0.3498,0.3499,3608.0
2025-01-14 22:36:00,0.3499,0.3499,0.3499,0.3499,0.0
2025-01-14 22:37:00,0.3499,0.3499,0.3499,0.3499,0.0
2025-01-14 22:38:00,0.3499,0.3499,0.3499,0.3499,0.0
2025-01-14 22:39:00,0.3505,0.3505,0.3503,0.3504,924.74
2025-01-14 22:40:00,0.3503,0.3503,0.3503,0.3503,30.86
2025-01-14 22:41:00,0.3503,0.3507,0.3503,0.3506,1338.74
2025-01-14 22:42:00,0.3506,0.3506,0.3506,0.3506,0.0
2025-01-14 22:43:00,0.3506,0.3506,0.3506,0.3506,0.0
2025-01-14 22:44:00,0.3504,0.3505,0.3504,0.3505,167.85
2025-01-14 22:45:00,0.3505,0.3505,0.3505,0.3505,0.0
2025-01-14 22:46:00,0.3505,0.3505,0.3505,0.3505,0.0
2025-01-14 22:47:00,0.3505,0.3505,0.3505,0.3505,0.0
2025-01-14 22:48:00,0.3507,0.3508,0.3507,0.3508,398.29
2025-01-14 22:49:00,0.3508,0.3509,0.3508,0.3509,36.0
2025-01-14 22:50:00,0.351,0.3513,0.351,0.3512,128.38
2025-01-14 22:51:00,0.3512,0.3512,0.3512,0.3512,28.91
2025-01-14 22:52:00,0.3512,0.3514,0.3512,0.3514,522.09
2025-01-14 22:53:00,0.3515,0.3515,0.3513,0.3513,86.17
2025-01-14 22:54:00,0.3514,0.3514,0.3514,0.3514,886.28
2025-01-14 22:55:00,0.3514,0.3514,0.3514,0.3514,0.0
2025-01-14 22:56:00,0.3515,0.3515,0.3511,0.3511,6257.42
2025-01-14 22:57:00,0.3511,0.3511,0.3511,0.3511,0.0
2025-01-14 22:58:00,0.3512,0.3513,0.3512,0.3513,59.15
2025-01-14 22:59:00,0.3512,0.3512,0.3512,0.3512,53.0
2025-01-14 23:00:00,0.3512,0.3512,0.3512,0.3512,0.0
2025-01-14 23:01:00,0.3504,0.3506,0.3504,0.3506,374.9
2025-01-14 23:02:00,0.3503,0.3503,0.3503,0.3503,1203.73
2025-01-14 23:03:00,0.3501,0.3501,0.3499,0.3501,614.12
2025-01-14 23:04:00,0.3501,0.3505,0.3501,0.3505,1426.97
2025-01-14 23:05:00,0.3504,0.3504,0.3503,0.3503,165.0
2025-01-14 23:06:00,0.3497,0.3498,0.3496,0.3498,527.01
2025-01-14 23:07:00,0.3505,0.3505,0.3505,0.3505,213.98
2025-01-14 23:08:00,0.3504,0.3504,0.3504,0.3504,52.18
2025-01-14 23:09:00,0.3504,0.3504,0.3504,0.3504,0.0
2025-01-14 23:10:00,0.3502,0.3502,0.3498,0.3498,378.72
2025-01-14 23:11:00,0.3498,0.3498,0.3498,0.3498,0.0
2025-01-14 23:12:00,0.3499,0.3499,0.3499,0.3499,400.0
2025-01-14 23:13:00,0.3497,0.3497,0.3496,0.3497,1782.58
2025-01-14 23:14:00,0.3497,0.35,0.3497,0.3499,2737.16
2025-01-14 23:15:00,0.3501,0.3501,0.3501,0.3501,116.0
2025-01-14 23:16:00,0.3502,0.3503,0.35,0.35,1784.79
2025-01-14 23:17:00,0.3497,0.3497,0.3497,0.3497,1810.82
2025-01-14 23:18:00,0.3501,0.3501,0.3501,0.3501,116.0
2025-01-14 23:19:00,0.3505,0.3505,0.3505,0.3505,24.03
2025-01-14 23:20:00,0.3506,0.3506,0.3504,0.3504,227.75
2025-01-14 23:21:00,0.3507,0.3507,0.3503,0.3503,2503.43
2025-01-14 23:22:00,0.3502,0.3502,0.3502,0.3502,116.0
2025-01-14 23:23:00,0.3502,0.3502,0.3502,0.3502,0.0
2025-01-14 23:24:00,0.35,0.35,0.35,0.35,710.85
2025-01-14 23:25:00,0.35,0.3503,0.3499,0.3501,1481.22
2025-01-14 23:26:00,0.3498,0.3499,0.3496,0.3499,4711.14
2025-01-14 23:27:00,0.3498,0.3498,0.3498,0.3498,116.0
2025-01-14 23:28:00,0.3498,0.3498,0.3498,0.3498,0.0
2025-01-14 23:29:00,0.3501,0.3501,0.3501,0.3501,49.94
2025-01-14 23:30:00,0.3502,0.3506,0.3502,0.3505,5779.19
2025-01-14 23:31:00,0.3506,0.3507,0.3506,0.3507,152.96
2025-01-14 23:32:00,0.3507,0.3507,0.3507,0.3507,0.0
2025-01-14 23:33:00,0.3507,0.3507,0.3507,0.3507,0.0
2025-01-14 23:34:00,0.3499,0.3499,0.3495,0.3495,2274.14
2025-01-14 23:35:00,0.3495,0.3495,0.3495,0.3495,0.0
2025-01-14 23:36:00,0.3493,0.3493,0.3492,0.3492,399.73
2025-01-14 23:37:00,0.3492,0.3493,0.3492,0.3493,135.0
2025-01-14 23:38:00,0.3493,0.3493,0.3493,0.3493,0.0
2025-01-14 23:39:00,0.3496,0.3496,0.3496,0.3496,24.35
2025-01-14 23:40:00,0.3495,0.3495,0.3495,0.3495,82.95
2025-01-14 23:41:00,0.3497,0.3498,0.3497,0.3498,122.0
2025-01-14 23:42:00,0.3498,0.3498,0.3496,0.3498,1132.44
2025-01-14 23:43:00,0.3497,0.3497,0.3497,0.3497,98.46
2025-01-14 23:44:00,0.3498,0.3499,0.3498,0.3498,532.1
2025-01-14 23:45:00,0.3498,0.3498,0.3498,0.3498,0.0
2025-01-14 23:46:00,0.3498,0.3498,0.3498,0.3498,0.0
2025-01-14 23:47:00,0.3497,0.3498,0.3497,0.3498,400.0
2025-01-14 23:48:00,0.3498,0.3498,0.3498,0.3498,0.0
2025-01-14 23:49:00,0.3498,0.3498,0.3498,0.3498,0.0
2025-01-14 23:50:00,0.3492,0.3492,0.349,0.349,434.47
2025-01-14 23:51:00,0.3489,0.3489,0.3488,0.3488,1514.23
2025-01-14 23:52:00,0.349,0.3494,0.349,0.3493,91.21
2025-01-14 23:53:00,0.3493,0.3493,0.3493,0.3493,0.0
2025-01-14 23:54:00,0.3494,0.3494,0.3494,0.3494,413.5
2025-01-14 23:55:00,0.3494,0.3494,0.3494,0.3494,0.0
2025-01-14 23:56:00,0.3491,0.3491,0.3491,0.3491,20.56
2025-01-14 23:57:00,0.349,0.3491,0.349,0.3491,71.17
2025-01-14 23:58:00,0.349,0.349,0.349,0.349,28.77
2025-01-14 23:59:00,0.3494,0.3495,0.3494,0.3495,772.99
2025-01-15 00:00:00,0.3497,0.35,0.3494,0.3494,2568.13
2025-01-15 00:01:00,0.3491,0.3491,0.349,0.3491,105.45
2025-01-15 00:02:00,0.3493,0.3493,0.3488,0.3488,50.25
2025-01-15 00:03:00,0.3488,0.3493,0.3488,0.3493,136.0
2025-01-15 00:04:00,0.349,0.349,0.3485,0.3488,3725.42
2025-01-15 00:05:00,0.3485,0.3491,0.3484,0.3491,3236.06
2025-01-15 00:06:00,0.3491,0.3491,0.3491,0.3491,0.0
2025-01-15 00:07:00,0.3481,0.3491,0.3481,0.3487,2725.53
2025-01-15 00:08:00,0.3488,0.3495,0.3488,0.3495,189.46
2025-01-15 00:09:00,0.3496,0.3496,0.3488,0.3488,5377.54
2025-01-15 00:10:00,0.349,0.3491,0.349,0.3491,193.73
2025-01-15 00:11:00,0.3483,0.3489,0.3483,0.3489,1798.32
2025-01-15 00:12:00,0.3487,0.3488,0.3486,0.3487,990.0
2025-01-15 00:13:00,0.3492,0.3492,0.3487,0.3489,7896.19
2025-01-15 00:14:00,0.3492,0.3492,0.349,0.3491,1221.11
2025-01-15 00:15:00,0.3494,0.3499,0.3494,0.3499,2129.28
2025-01-15 00:16:00,0.3498,0.3498,0.3495,0.3495,90.0
2025-01-15 00:17:00,0.3495,0.3495,0.3495,0.3495,0.0
2025-01-15 00:18:00,0.3493,0.3493,0.3493,0.3493,107.35
2025-01-15 00:19:00,0.3498,0.3499,0.3495,0.3496,5173.79
2025-01-15 00:20:00,0.3496,0.35,0.3496,0.35,124.77
2025-01-15 00:21:00,0.3499,0.3502,0.3499,0.3502,13008.97
2025-01-15 00:22:00,0.35,0.35,0.35,0.35,58.0
2025-01-15 00:23:00,0.3501,0.3503,0.3501,0.3501,1423.0
2025-01-15 00:24:00,0.3503,0.3503,0.3503,0.3503,28.58
2025-01-15 00:25:00,0.3503,0.3505,0.3503,0.3505,667.06
2025-01-15 00:26:00,0.3505,0.3506,0.3505,0.3506,1248.45
2025-01-15 00:27:00,0.3506,0.3506,0.3506,0.3506,0.0
2025-01-15 00:28:00,0.3501,0.3501,0.35,0.35,2212.23
2025-01-15 00:29:00,0.3499,0.3505,0.3499,0.3505,574.03
2025-01-15 00:30:00,0.3505,0.3507,0.3505,0.3507,566.9
2025-01-15 00:31:00,0.3509,0.3509,0.3506,0.3506,1564.32
2025-01-15 00:32:00,0.3504,0.3505,0.3504,0.3505,108.67
2025-01-15 00:33:00,0.3505,0.3505,0.35,0.3501,324.99
2025-01-15 00:34:00,0.3501,0.3501,0.3501,0.3501,21.46
2025-01-15 00:35:00,0.3496,0.3496,0.3496,0.3496,116.0
2025-01-15 00:36:00,0.3491,0.3491,0.3487,0.3487,299.76
2025-01-15 00:37:00,0.3487,0.3489,0.3486,0.3489,8654.35
2025-01-15 00:38:00,0.3489,0.3492,0.3489,0.3492,170.88
2025-01-15 00:39:00,0.3491,0.3491,0.3491,0.3491,45.07
2025-01-15 00:40:00,0.3491,0.3491,0.3491,0.3491,0.0
2025-01-15 00:41:00,0.3485,0.3487,0.3485,0.3485,818.21
2025-01-15 00:42:00,0.3485,0.3487,0.3485,0.3487,2754.86
2025-01-15 00:43:00,0.3487,0.3487,0.3487,0.3487,58.0
2025-01-15 00:44:00,0.3487,0.3487,0.3487,0.3487,0.0
2025-01-15 00:45:00,0.3487,0.3487,0.3487,0.3487,0.0
2025-01-15 00:46:00,0.3481,0.3485,0.3481,0.3485,3221.28
2025-01-15 00:47:00,0.3486,0.3489,0.3486,0.3489,70.08
2025-01-15 00:48:00,0.349,0.349,0.349,0.349,28.68
2025-01-15 00:49:00,0.3497,0.3497,0.3497,0.3497,287.54
2025-01-15 00:50:00,0.3497,0.3499,0.3497,0.3499,602.12
2025-01-15 00:51:00,0.3499,0.3499,0.3499,0.3499,0.0
2025-01-15 00:52:00,0.3499,0.3499,0.3499,0.3499,0.0
2025-01-15 00:53:00,0.3492,0.3492,0.3486,0.349,3837.53
2025-01-15 00:54:00,0.349,0.349,0.349,0.349,29.21
2025-01-15 00:55:00,0.349,0.349,0.349,0.349,0.0
2025-01-15 00:56:00,0.3495,0.3495,0.3494,0.3494,1571.26
2025-01-15 00:57:00,0.3492,0.3492,0.3492,0.3492,1645.58
2025-01-15 00:58:00,0.3493,0.3493,0.3493,0.3493,540.0
2025-01-15 00:59:00,0.3493,0.3493,0.3493,0.3493,0.0
2025-01-15 01:00:00,0.3481,0.3482,0.3481,0.3482,225.26
2025-01-15 01:01:00,0.3483,0.3488,0.3483,0.3488,562.53
2025-01-15 01:02:00,0.3489,0.3494,0.3489,0.3494,3266.94
2025-01-15 01:03:00,0.3495,0.3498,0.3495,0.3495,959.87
2025-01-15 01:04:00,0.3492,0.3494,0.3491,0.3492,1389.25
2025-01-15 01:05:00,0.3492,0.3492,0.3492,0.3492,0.0
2025-01-15 01:06:00,0.3496,0.3498,0.3491,0.3492,6657.9
2025-01-15 01:07:00,0.3493,0.3496,0.3493,0.3495,5300.46
2025-01-15 01:08:00,0.3497,0.3501,0.3497,0.3501,9107.88
2025-01-15 01:09:00,0.3501,0.3501,0.35,0.3501,3053.6
2025-01-15 01:10:00,0.3504,0.3505,0.3504,0.3504,224.27
2025-01-15 01:11:00,0.3504,0.3504,0.3504,0.3504,0.0
2025-01-15 01:12:00,0.3504,0.3504,0.3504,0.3504,0.0
2025-01-15 01:13:00,0.3496,0.3496,0.3496,0.3496,992.0
2025-01-15 01:14:00,0.3496,0.3496,0.3496,0.3496,0.0
2025-01-15 01:15:00,0.3485,0.3485,0.3485,0.3485,50.0
2025-01-15 01:16:00,0.3485,0.3485,0.3485,0.3485,0.0
2025-01-15 01:17:00,0.3485,0.3485,0.3485,0.3485,0.0
2025-01-15 01:18:00,0.3484,0.3484,0.3484,0.3484,94.8
2025-01-15 01:19:00,0.3484,0.3484,0.3484,0.3484,0.0
2025-01-15 01:20:00,0.3482,0.3483,0.3479,0.3481,10038.57
2025-01-15 01:21:00,0.3485,0.3485,0.3482,0.3482,86.9
2025-01-15 01:22:00,0.3482,0.3482,0.3482,0.3482,0.0
2025-01-15 01:23:00,0.3489,0.3491,0.3487,0.3487,3139.63
2025-01-15 01:24:00,0.3492,0.3498,0.3492,0.3498,1728.51
2025-01-15 01:25:00,0.3498,0.3498,0.3498,0.3498,93.35
2025-01-15 01:26:00,0.3502,0.3503,0.3499,0.3499,586.02
2025-01-15 01:27:00,0.3503,0.3504,0.3503,0.3504,3717.43
2025-01-15 01:28:00,0.3502,0.3502,0.3502,0.3502,110.87
2025-01-15 01:29:00,0.35,0.35,0.35,0.35,18.24
2025-01-15 01:30:00,0.3495,0.3495,0.3495,0.3495,25.04
2025-01-15 01:31:00,0.3494,0.3499,0.3494,0.3499,572.44
2025-01-15 01:32:00,0.3504,0.3507,0.3504,0.3507,554.56
2025-01-15 01:33:00,0.3507,0.3515,0.3507,0.3515,4663.56
2025-01-15 01:34:00,0.3515,0.3523,0.3515,0.3523,2503.93
2025-01-15 01:35:00,0.3521,0.3521,0.3518,0.3518,438.84
2025-01-15 01:36:00,0.3522,0.3522,0.3519,0.3519,453.58
2025-01-15 01:37:00,0.352,0.352,0.352,0.352,101.25
2025-01-15 01:38:00,0.352,0.352,0.352,0.352,0.0
2025-01-15 01:39:00,0.3513,0.3513,0.3511,0.3511,164.09
2025-01-15 01:40:00,0.3511,0.3511,0.3511,0.3511,0.0
2025-01-15 01:41:00,0.3503,0.3514,0.3503,0.3513,21731.96
2025-01-15 01:42:00,0.3511,0.3514,0.3511,0.3511,3576.33
2025-01-15 01:43:00,0.3516,0.3519,0.3516,0.3519,1423.96
2025-01-15 01:44:00,0.3522,0.3522,0.3513,0.3513,1687.61
2025-01-15 01:45:00,0.3513,0.3513,0.3513,0.3513,1601.38
2025-01-15 01:46:00,0.3513,0.3513,0.3513,0.3513,0.0
2025-01-15 01:47:00,0.3509,0.351,0.3507,0.3507,537.18
2025-01-15 01:48:00,0.3504,0.3507,0.3501,0.3501,562.23
2025-01-15 01:49:00,0.3503,0.3503,0.3503,0.3503,80.95
2025-01-15 01:50:00,0.3495,0.3495,0.3491,0.3491,3329.69
2025-01-15 01:51:00,0.3492,0.3492,0.3492,0.3492,16.0
2025-01-15 01:52:00,0.3491,0.3496,0.3491,0.3496,479.72
2025-01-15 01:53:00,0.3492,0.3493,0.3492,0.3493,209.57
2025-01-15 01:54:00,0.3499,0.3502,0.3499,0.3502,1953.44
2025-01-15 01:55:00,0.3504,0.3513,0.3503,0.3513,2710.76
2025-01-15 01:56:00,0.3513,0.3513,0.3513,0.3513,0.0
2025-01-15 01:57:00,0.3513,0.3513,0.3513,0.3513,0.0
2025-01-15 01:58:00,0.3511,0.3513,0.3511,0.3513,142.38
2025-01-15 01:59:00,0.3506,0.3507,0.3505,0.3505,565.22
2025-01-15 02:00:00,0.351,0.351,0.3499,0.35,869.25
2025-01-15 02:01:00,0.3506,0.3506,0.3503,0.3503,242.37
2025-01-15 02:02:00,0.3501,0.3501,0.3501,0.3501,189.99
2025-01-15 02:03:00,0.3505,0.3507,0.3505,0.3506,1960.94
2025-01-15 02:04:00,0.3507,0.3514,0.3507,0.3514,2139.16
2025-01-15 02:05:00,0.3514,0.3522,0.3514,0.3522,3370.98
2025-01-15 02:06:00,0.3523,0.3523,0.3517,0.3522,2820.89
2025-01-15 02:07:00,0.351,0.351,0.3509,0.3509,269.8
2025-01-15 02:08:00,0.351,0.351,0.3507,0.3507,771.39
2025-01-15 02:09:00,0.3509,0.3509,0.3507,0.3507,1172.92
2025-01-15 02:10:00,0.3506,0.3509,0.3506,0.3507,7310.76
2025-01-15 02:11:00,0.3502,0.3502,0.3496,0.3496,1475.62
2025-01-15 02:12:00,0.3497,0.35,0.3497,0.35,1103.46
2025-01-15 02:13:00,0.3497,0.3501,0.3497,0.3501,892.79
2025-01-15 02:14:00,0.3502,0.3506,0.3502,0.3506,413.26
2025-01-15 02:15:00,0.3502,0.3503,0.3498,0.3501,650.12
2025-01-15 02:16:00,0.3497,0.3499,0.3497,0.3499,179.36
2025-01-15 02:17:00,0.3498,0.3504,0.3498,0.3504,1212.89
2025-01-15 02:18:00,0.3496,0.3497,0.3495,0.3496,3617.89
2025-01-15 02:19:00,0.3498,0.3498,0.3498,0.3498,1382.53
2025-01-15 02:20:00,0.3494,0.3496,0.3493,0.3496,1245.07
2025-01-15 02:21:00,0.3498,0.3498,0.349,0.349,488.0
2025-01-15 02:22:00,0.349,0.349,0.3489,0.3489,407.86
2025-01-15 02:23:00,0.3492,0.3492,0.3488,0.3488,652.5
2025-01-15 02:24:00,0.3491,0.3491,0.349,0.349,609.41
2025-01-15 02:25:00,0.3489,0.3489,0.3488,0.3488,295.77
2025-01-15 02:26:00,0.3488,0.3493,0.3488,0.3493,1969.3
2025-01-15 02:27:00,0.3495,0.3495,0.3494,0.3494,630.3
2025-01-15 02:28:00,0.3494,0.3494,0.3494,0.3494,0.0
2025-01-15 02:29:00,0.3494,0.3494,0.349,0.3491,546.92
2025-01-15 02:30:00,0.3486,0.3486,0.3482,0.3483,345.23
2025-01-15 02:31:00,0.3481,0.3483,0.348,0.348,3264.61
2025-01-15 02:32:00,0.348,0.3483,0.3479,0.3479,2762.96
2025-01-15 02:33:00,0.3479,0.3479,0.3479,0.3479,134.75
2025-01-15 02:34:00,0.3479,0.3481,0.3479,0.3481,776.98
2025-01-15 02:35:00,0.3483,0.3483,0.3483,0.3483,95.28
2025-01-15 02:36:00,0.3478,0.348,0.3477,0.3477,703.37
2025-01-15 02:37:00,0.3477,0.3479,0.3474,0.3479,486.7
2025-01-15 02:38:00,0.3485,0.3485,0.3482,0.3484,394.04
2025-01-15 02:39:00,0.3483,0.3483,0.3483,0.3483,133.9
2025-01-15 02:40:00,0.3486,0.3487,0.3486,0.3486,354.0
2025-01-15 02:41:00,0.3483,0.3483,0.3483,0.3483,74.24
2025-01-15 02:42:00,0.3482,0.3484,0.3482,0.3484,602.91
2025-01-15 02:43:00,0.3484,0.3486,0.3484,0.3486,2433.73
2025-01-15 02:44:00,0.3486,0.3486,0.3486,0.3486,0.0
2025-01-15 02:45:00,0.348,0.348,0.348,0.348,180.93
2025-01-15 02:46:00,0.3483,0.3483,0.3483,0.3483,188.24
2025-01-15 02:47:00,0.3485,0.3491,0.3485,0.3491,90.49
2025-01-15 02:48:00,0.3495,0.3495,0.3495,0.3495,2116.79
2025-01-15 02:49:00,0.3498,0.3498,0.3497,0.3497,137.72
2025-01-15 02:50:00,0.3497,0.3497,0.3497,0.3497,0.0
2025-01-15 02:51:00,0.3495,0.3496,0.3495,0.3496,79.01
2025-01-15 02:52:00,0.3497,0.3498,0.349,0.349,269.87
2025-01-15 02:53:00,0.3495,0.3496,0.3495,0.3496,377.82
2025-01-15 02:54:00,0.3499,0.3506,0.3499,0.3504,30054.04
2025-01-15 02:55:00,0.3504,0.3511,0.3501,0.3507,96370.75
2025-01-15 02:56:00,0.3507,0.3515,0.3507,0.3512,106637.8
2025-01-15 02:57:00,0.3512,0.3512,0.3497,0.3498,12531.22
2025-01-15 02:58:00,0.3498,0.3499,0.3498,0.3498,893.33
2025-01-15 02:59:00,0.3497,0.3497,0.3492,0.3492,13427.34
2025-01-15 03:00:00,0.3491,0.3498,0.3491,0.3498,806.07
2025-01-15 03:01:00,0.3498,0.3501,0.3498,0.3501,10117.05
2025-01-15 03:02:00,0.3496,0.3497,0.3495,0.3495,2244.56
2025-01-15 03:03:00,0.3494,0.3494,0.3491,0.3491,1662.87
2025-01-15 03:04:00,0.3491,0.3492,0.349,0.349,1917.62
2025-01-15 03:05:00,0.349,0.349,0.3483,0.3483,5607.42
2025-01-15 03:06:00,0.3486,0.349,0.3486,0.349,250.61
2025-01-15 03:07:00,0.3492,0.3492,0.3492,0.3492,60.63
2025-01-15 03:08:00,0.3491,0.3491,0.3491,0.3491,98.13
2025-01-15 03:09:00,0.3492,0.3497,0.3492,0.3497,498.27
2025-01-15 03:10:00,0.3499,0.3503,0.3496,0.3503,2853.43
2025-01-15 03:11:00,0.3501,0.3502,0.3501,0.3501,1762.08
2025-01-15 03:12:00,0.3503,0.3503,0.3498,0.3498,4089.24
2025-01-15 03:13:00,0.3498,0.3498,0.3497,0.3497,1780.33
2025-01-15 03:14:00,0.3497,0.3497,0.3497,0.3497,1645.4
2025-01-15 03:15:00,0.3497,0.3497,0.3497,0.3497,0.0
2025-01-15 03:16:00,0.35,0.35,0.35,0.35,19.0
2025-01-15 03:17:00,0.3504,0.3504,0.3502,0.3502,481.76
2025-01-15 03:18:00,0.3502,0.3502,0.3497,0.3497,7087.28
2025-01-15 03:19:00,0.3494,0.3494,0.3491,0.3491,3761.09
2025-01-15 03:20:00,0.3491,0.3491,0.3488,0.3488,2390.82
2025-01-15 03:21:00,0.3489,0.3489,0.3485,0.3485,1151.45
2025-01-15 03:22:00,0.3486,0.3501,0.3485,0.3499,55303.94
2025-01-15 03:23:00,0.3499,0.3506,0.3498,0.3504,38024.15
2025-01-15 03:24:00,0.3504,0.3504,0.3504,0.3504,0.0
2025-01-15 03:25:00,0.3508,0.3508,0.3508,0.3508,15.73
2025-01-15 03:26:00,0.3507,0.3508,0.3505,0.3507,3858.09
2025-01-15 03:27:00,0.3505,0.3505,0.3505,0.3505,2256.23
2025-01-15 03:28:00,0.3503,0.3503,0.3503,0.3503,66.73
2025-01-15 03:29:00,0.3509,0.3509,0.3509,0.3509,17.0
2025-01-15 03:30:00,0.351,0.3513,0.351,0.3512,2522.14
2025-01-15 03:31:00,0.3513,0.3515,0.3512,0.3515,1316.25
2025-01-15 03:32:00,0.3516,0.3519,0.3516,0.3519,973.6
2025-01-15 03:33:00,0.3515,0.3515,0.3514,0.3515,2043.14
2025-01-15 03:34:00,0.3514,0.3514,0.3514,0.3514,25.68
2025-01-15 03:35:00,0.3513,0.3513,0.3513,0.3513,109.94
2025-01-15 03:36:00,0.3514,0.3514,0.3514,0.3514,99.8
2025-01-15 03:37:00,0.3517,0.3518,0.3516,0.3516,437.56
2025-01-15 03:38:00,0.3516,0.3516,0.3516,0.3516,0.0
2025-01-15 03:39:00,0.352,0.352,0.3516,0.3516,4323.67
2025-01-15 03:40:00,0.3516,0.3516,0.3514,0.3516,3756.64
2025-01-15 03:41:00,0.3517,0.3518,0.3515,0.3516,2716.54
2025-01-15 03:42:00,0.3516,0.3519,0.3516,0.3518,5731.93
2025-01-15 03:43:00,0.3513,0.3513,0.351,0.351,2138.78
2025-01-15 03:44:00,0.3515,0.3515,0.3515,0.3515,776.25
2025-01-15 03:45:00,0.3517,0.352,0.3512,0.3512,8624.26
2025-01-15 03:46:00,0.3512,0.3512,0.3512,0.3512,1532.47
2025-01-15 03:47:00,0.3509,0.3509,0.3509,0.3509,200.0
2025-01-15 03:48:00,0.3511,0.3513,0.3511,0.3513,125.3
2025-01-15 03:49:00,0.3513,0.3513,0.3513,0.3513,0.0
2025-01-15 03:50:00,0.3521,0.3524,0.3521,0.3524,1280.22
2025-01-15 03:51:00,0.3525,0.3535,0.3525,0.3532,33072.23
2025-01-15 03:52:00,0.3528,0.3528,0.3527,0.3527,8864.38
2025-01-15 03:53:00,0.3527,0.3527,0.3522,0.3522,17008.16
2025-01-15 03:54:00,0.3524,0.3524,0.3523,0.3523,208.52
2025-01-15 03:55:00,0.3523,0.3523,0.3523,0.3523,0.0
2025-01-15 03:56:00,0.3531,0.3531,0.3531,0.3531,179.81
2025-01-15 03:57:00,0.3531,0.3531,0.3531,0.3531,0.0
2025-01-15 03:58:00,0.353,0.3532,0.353,0.3532,217.19
2025-01-15 03:59:00,0.3535,0.3539,0.3535,0.3539,2044.6
2025-01-15 04:00:00,0.3538,0.3556,0.3538,0.3551,22182.87
2025-01-15 04:01:00,0.3553,0.3554,0.3545,0.3546,15994.16
2025-01-15 04:02:00,0.3548,0.3552,0.3548,0.3551,434.42
2025-01-15 04:03:00,0.3541,0.3542,0.3539,0.3542,10783.01
2025-01-15 04:04:00,0.3543,0.3545,0.3541,0.3545,1994.45
2025-01-15 04:05:00,0.3539,0.3539,0.3539,0.3539,1762.63
2025-01-15 04:06:00,0.3545,0.3545,0.3542,0.3542,2438.25
2025-01-15 04:07:00,0.3539,0.3542,0.3539,0.3539,2049.54
2025-01-15 04:08:00,0.3537,0.3537,0.3537,0.3537,697.72
2025-01-15 04:09:00,0.3539,0.3539,0.3539,0.3539,84.37
2025-01-15 04:10:00,0.3536,0.3536,0.3536,0.3536,564.56
2025-01-15 04:11:00,0.3534,0.3534,0.3533,0.3533,430.0
2025-01-15 04:12:00,0.3534,0.3534,0.3534,0.3534,70.12
2025-01-15 04:13:00,0.3528,0.3528,0.3528,0.3528,814.28
2025-01-15 04:14:00,0.3528,0.3528,0.3526,0.3526,928.75
2025-01-15 04:15:00,0.3526,0.3526,0.3523,0.3523,3880.42
2025-01-15 04:16:00,0.3522,0.3523,0.352,0.3521,5222.15
2025-01-15 04:17:00,0.352,0.352,0.3518,0.3519,5506.64
2025-01-15 04:18:00,0.352,0.3524,0.3519,0.3519,964.69
2025-01-15 04:19:00,0.3517,0.3517,0.3516,0.3516,1319.78
2025-01-15 04:20:00,0.3516,0.3516,0.3513,0.3516,4039.63
2025-01-15 04:21:00,0.3517,0.3518,0.3517,0.3518,717.27
2025-01-15 04:22:00,0.3518,0.3518,0.3518,0.3518,95.02
2025-01-15 04:23:00,0.352,0.3521,0.352,0.3521,815.35
2025-01-15 04:24:00,0.3523,0.3523,0.3523,0.3523,90.57
2025-01-15 04:25:00,0.3523,0.3524,0.3523,0.3524,458.44
2025-01-15 04:26:00,0.3526,0.3528,0.3526,0.3527,740.04
2025-01-15 04:27:00,0.3527,0.3527,0.3527,0.3527,0.0
2025-01-15 04:28:00,0.3529,0.3529,0.3529,0.3529,101.85
2025-01-15 04:29:00,0.3527,0.3527,0.3526,0.3526,158.39
2025-01-15 04:30:00,0.3526,0.3527,0.3525,0.3527,1790.74
2025-01-15 04:31:00,0.3526,0.3528,0.3526,0.3528,148.87
2025-01-15 04:32:00,0.353,0.353,0.3528,0.3528,56.91
2025-01-15 04:33:00,0.353,0.353,0.353,0.353,84.0
2025-01-15 04:34:00,0.3529,0.353,0.3529,0.353,4172.62
2025-01-15 04:35:00,0.3536,0.3536,0.3536,0.3536,116.47
2025-01-15 04:36:00,0.3535,0.3535,0.3535,0.3535,17.71
2025-01-15 04:37:00,0.353,0.353,0.353,0.353,127.93
2025-01-15 04:38:00,0.3533,0.3534,0.3533,0.3534,173.0
2025-01-15 04:39:00,0.3536,0.3544,0.3536,0.3542,16836.16
2025-01-15 04:40:00,0.3544,0.3546,0.3542,0.3545,45343.05
2025-01-15 04:41:00,0.3545,0.355,0.3542,0.355,42143.39
2025-01-15 04:42:00,0.3547,0.3553,0.3545,0.3549,78786.87
2025-01-15 04:43:00,0.3547,0.3551,0.3545,0.3545,50819.69
2025-01-15 04:44:00,0.3542,0.3542,0.3533,0.3533,25243.66
2025-01-15 04:45:00,0.3534,0.3535,0.3531,0.3531,15381.41
2025-01-15 04:46:00,0.353,0.353,0.3526,0.353,19273.86
2025-01-15 04:47:00,0.353,0.353,0.353,0.353,30.51
2025-01-15 04:48:00,0.3533,0.3533,0.3525,0.3525,10921.34
2025-01-15 04:49:00,0.3525,0.3525,0.3525,0.3525,35.64
2025-01-15 04:50:00,0.3526,0.3532,0.3526,0.3532,9132.28
2025-01-15 04:51:00,0.3531,0.3533,0.3531,0.3533,156.96
2025-01-15 04:52:00,0.3534,0.3534,0.3533,0.3533,167.43
2025-01-15 04:53:00,0.3533,0.3533,0.3533,0.3533,0.0
2025-01-15 04:54:00,0.3538,0.3539,0.3538,0.3538,3103.02
2025-01-15 04:55:00,0.3541,0.3542,0.3541,0.3542,604.81
2025-01-15 04:56:00,0.3544,0.3545,0.3544,0.3545,211.32
2025-01-15 04:57:00,0.3546,0.3546,0.3546,0.3546,701.83
2025-01-15 04:58:00,0.3546,0.3547,0.3545,0.3546,296.99
2025-01-15 04:59:00,0.3547,0.3549,0.3547,0.3549,561.26
2025-01-15 05:00:00,0.3549,0.3549,0.3549,0.3549,0.0
2025-01-15 05:01:00,0.355,0.3551,0.3545,0.3545,3827.33
2025-01-15 05:02:00,0.3545,0.3549,0.3545,0.3549,1018.27
2025-01-15 05:03:00,0.355,0.355,0.3549,0.3549,162.38
2025-01-15 05:04:00,0.3548,0.3548,0.3546,0.3546,3790.91
2025-01-15 05:05:00,0.3544,0.3545,0.3541,0.3541,2666.85
2025-01-15 05:06:00,0.3543,0.3544,0.3543,0.3544,97.06
2025-01-15 05:07:00,0.3542,0.3544,0.3536,0.3536,8750.56
2025-01-15 05:08:00,0.3536,0.3538,0.3536,0.3536,15764.73
2025-01-15 05:09:00,0.3536,0.3536,0.3533,0.3533,1973.44
2025-01-15 05:10:00,0.3533,0.3533,0.353,0.3533,6347.51
2025-01-15 05:11:00,0.3531,0.3531,0.3531,0.3531,1776.34
2025-01-15 05:12:00,0.3534,0.3534,0.3534,0.3534,182.18
2025-01-15 05:13:00,0.3536,0.3539,0.3535,0.3535,223.13
2025-01-15 05:14:00,0.3539,0.3539,0.3538,0.3538,2937.53
2025-01-15 05:15:00,0.3537,0.3537,0.3529,0.353,3467.79
2025-01-15 05:16:00,0.3529,0.3531,0.3529,0.3531,245.61
2025-01-15 05:17:00,0.353,0.3536,0.353,0.3533,7063.2
2025-01-15 05:18:00,0.3533,0.3541,0.3533,0.3539,21617.0
2025-01-15 05:19:00,0.3539,0.3547,0.3539,0.3541,42803.11
2025-01-15 05:20:00,0.354,0.3549,0.354,0.3547,36882.02
2025-01-15 05:21:00,0.3549,0.3555,0.3549,0.3552,42083.12
2025-01-15 05:22:00,0.3553,0.3563,0.3553,0.3563,20085.49
2025-01-15 05:23:00,0.3563,0.3563,0.3557,0.3562,44627.77
2025-01-15 05:24:00,0.356,0.3563,0.3558,0.3561,27993.07
2025-01-15 05:25:00,0.3561,0.3561,0.355,0.3551,4527.86
2025-01-15 05:26:00,0.355,0.355,0.3542,0.3542,6176.75
2025-01-15 05:27:00,0.3545,0.3545,0.3545,0.3545,56.0
2025-01-15 05:28:00,0.3545,0.3545,0.3545,0.3545,0.0
2025-01-15 05:29:00,0.3548,0.3548,0.3544,0.3544,3574.88
2025-01-15 05:30:00,0.3544,0.3544,0.3543,0.3544,1756.86
2025-01-15 05:31:00,0.3545,0.3545,0.3545,0.3545,118.92
2025-01-15 05:32:00,0.3551,0.3551,0.3551,0.3551,400.0
2025-01-15 05:33:00,0.3551,0.3551,0.3551,0.3551,0.0
2025-01-15 05:34:00,0.3551,0.3551,0.3551,0.3551,0.0
2025-01-15 05:35:00,0.3549,0.3553,0.3549,0.3551,4213.07
2025-01-15 05:36:00,0.3552,0.3552,0.3552,0.3552,1398.47
2025-01-15 05:37:00,0.3552,0.3552,0.3552,0.3552,0.0
2025-01-15 05:38:00,0.356,0.356,0.356,0.356,35.05
2025-01-15 05:39:00,0.3559,0.3559,0.3558,0.3558,96.75
2025-01-15 05:40:00,0.3558,0.3559,0.3556,0.3556,1484.76
2025-01-15 05:41:00,0.3556,0.3556,0.3554,0.3554,5944.11
2025-01-15 05:42:00,0.3554,0.3554,0.3554,0.3554,0.0
2025-01-15 05:43:00,0.3556,0.3556,0.3556,0.3556,38.0
2025-01-15 05:44:00,0.3561,0.3561,0.3561,0.3561,294.67
2025-01-15 05:45:00,0.3556,0.3556,0.3553,0.3556,4374.44
2025-01-15 05:46:00,0.3557,0.3559,0.3557,0.3559,829.68
2025-01-15 05:47:00,0.3558,0.3558,0.3558,0.3558,112.42
2025-01-15 05:48:00,0.356,0.3569,0.356,0.3569,30767.98
2025-01-15 05:49:00,0.3569,0.357,0.3569,0.3569,8808.9
2025-01-15 05:50:00,0.3569,0.3569,0.3569,0.3569,41.79
2025-01-15 05:51:00,0.3569,0.357,0.3567,0.357,2105.14
2025-01-15 05:52:00,0.357,0.357,0.357,0.357,0.0
2025-01-15 05:53:00,0.3571,0.3572,0.3571,0.3572,1017.72
2025-01-15 05:54:00,0.3574,0.3574,0.3571,0.3571,1634.83
2025-01-15 05:55:00,0.3571,0.3571,0.3571,0.3571,185.46
2025-01-15 05:56:00,0.3568,0.357,0.3568,0.357,993.55
2025-01-15 05:57:00,0.3571,0.3573,0.3569,0.357,5065.23
2025-01-15 05:58:00,0.3569,0.3569,0.3569,0.3569,44.01
2025-01-15 05:59:00,0.3569,0.3569,0.3569,0.3569,0.0
2025-01-15 06:00:00,0.3568,0.3568,0.3568,0.3568,58.0
2025-01-15 06:01:00,0.357,0.357,0.3567,0.3567,574.55
2025-01-15 06:02:00,0.3566,0.3566,0.3565,0.3566,3519.36
2025-01-15 06:03:00,0.3566,0.3566,0.3566,0.3566,43.37
2025-01-15 06:04:00,0.3566,0.3566,0.3564,0.3564,1988.58
2025-01-15 06:05:00,0.3565,0.3565,0.3564,0.3564,777.57
2025-01-15 06:06:00,0.3564,0.357,0.3564,0.3568,1904.75
2025-01-15 06:07:00,0.357,0.357,0.3566,0.3566,9188.1
2025-01-15 06:08:00,0.3565,0.3567,0.3565,0.3567,3406.27
2025-01-15 06:09:00,0.3566,0.3566,0.3564,0.3564,261.99
2025-01-15 06:10:00,0.3566,0.3568,0.3566,0.3568,35.44
2025-01-15 06:11:00,0.3566,0.3568,0.3566,0.3568,1549.99
2025-01-15 06:12:00,0.3568,0.3568,0.3568,0.3568,0.0
2025-01-15 06:13:00,0.3566,0.3566,0.3564,0.3566,49.17
2025-01-15 06:14:00,0.3566,0.3566,0.3566,0.3566,0.0
2025-01-15 06:15:00,0.3566,0.3566,0.3563,0.3565,3212.31
2025-01-15 06:16:00,0.3565,0.3565,0.3565,0.3565,213.5
2025-01-15 06:17:00,0.3564,0.3566,0.3563,0.3566,1951.85
2025-01-15 06:18:00,0.3562,0.3562,0.3562,0.3562,862.91
2025-01-15 06:19:00,0.3562,0.3562,0.3557,0.3557,3264.93
2025-01-15 06:20:00,0.3558,0.3558,0.3557,0.3557,1190.6
2025-01-15 06:21:00,0.3558,0.3561,0.3558,0.3561,508.88
2025-01-15 06:22:00,0.356,0.356,0.356,0.356,61.78
2025-01-15 06:23:00,0.356,0.356,0.356,0.356,0.0
2025-01-15 06:24:00,0.3566,0.3568,0.3566,0.3568,267.12
2025-01-15 06:25:00,0.3563,0.3566,0.3563,0.3566,2465.88
2025-01-15 06:26:00,0.3563,0.3564,0.3563,0.3564,550.34
2025-01-15 06:27:00,0.3564,0.3566,0.3564,0.3564,593.25
2025-01-15 06:28:00,0.3565,0.3567,0.3565,0.3567,1327.31
2025-01-15 06:29:00,0.3567,0.3567,0.3567,0.3567,400.0
2025-01-15 06:30:00,0.3567,0.3577,0.3566,0.3573,66951.35
2025-01-15 06:31:00,0.3573,0.3573,0.357,0.357,18559.83
2025-01-15 06:32:00,0.357,0.357,0.357,0.357,1673.89
2025-01-15 06:33:00,0.3564,0.3567,0.3564,0.3566,5276.81
2025-01-15 06:34:00,0.3566,0.3567,0.3566,0.3566,5265.82
2025-01-15 06:35:00,0.3567,0.3567,0.3567,0.3567,45.82
2025-01-15 06:36:00,0.3566,0.3568,0.3566,0.3567,3553.93
2025-01-15 06:37:00,0.3567,0.3567,0.3567,0.3567,0.0
2025-01-15 06:38:00,0.3566,0.357,0.3566,0.3567,3378.67
2025-01-15 06:39:00,0.3569,0.3571,0.3569,0.3569,3177.51
2025-01-15 06:40:00,0.357,0.3571,0.3569,0.3571,697.6
2025-01-15 06:41:00,0.3573,0.3577,0.3573,0.3574,859.34
2025-01-15 06:42:00,0.3575,0.3575,0.3573,0.3574,1222.9
2025-01-15 06:43:00,0.3573,0.3573,0.3572,0.3573,1059.56
2025-01-15 06:44:00,0.357,0.3571,0.357,0.357,1069.16
2025-01-15 06:45:00,0.3569,0.3569,0.3569,0.3569,2909.0
2025-01-15 06:46:00,0.3573,0.3573,0.3568,0.3568,561.99
2025-01-15 06:47:00,0.357,0.357,0.357,0.357,2989.48
2025-01-15 06:48:00,0.357,0.357,0.357,0.357,96.35
2025-01-15 06:49:00,0.3571,0.3574,0.3571,0.3574,2535.31
2025-01-15 06:50:00,0.3578,0.3584,0.3578,0.3584,5668.44
2025-01-15 06:51:00,0.3585,0.3586,0.3585,0.3586,297.64
2025-01-15 06:52:00,0.3587,0.3592,0.3587,0.359,21630.58
2025-01-15 06:53:00,0.3592,0.3594,0.3591,0.3592,9655.58
2025-01-15 06:54:00,0.3593,0.3593,0.3593,0.3593,38.0
2025-01-15 06:55:00,0.3591,0.3591,0.3591,0.3591,1877.22
2025-01-15 06:56:00,0.3591,0.3593,0.3591,0.3593,1424.01
2025-01-15 06:57:00,0.3591,0.3593,0.3591,0.3592,1020.23
2025-01-15 06:58:00,0.3593,0.3594,0.3591,0.3591,8883.13
2025-01-15 06:59:00,0.3591,0.3591,0.3587,0.3588,13684.98
2025-01-15 07:00:00,0.3588,0.3591,0.3588,0.3588,394.01
2025-01-15 07:01:00,0.3588,0.3595,0.3588,0.3592,1291.51
2025-01-15 07:02:00,0.3594,0.3595,0.3594,0.3595,278.52
2025-01-15 07:03:00,0.3595,0.3595,0.3592,0.3592,6651.59
2025-01-15 07:04:00,0.3592,0.3592,0.3587,0.3587,4531.68
2025-01-15 07:05:00,0.3588,0.359,0.3588,0.359,409.15
2025-01-15 07:06:00,0.3591,0.3599,0.3591,0.3599,6551.73
2025-01-15 07:07:00,0.3601,0.3601,0.3596,0.3596,2680.44
2025-01-15 07:08:00,0.3594,0.3598,0.3594,0.3596,718.84
2025-01-15 07:09:00,0.3598,0.36,0.3596,0.3599,4296.06
2025-01-15 07:10:00,0.3601,0.3602,0.3597,0.3598,1254.38
2025-01-15 07:11:00,0.3598,0.36,0.3595,0.3598,542.78
2025-01-15 07:12:00,0.3595,0.3597,0.3595,0.3597,2166.0
2025-01-15 07:13:00,0.3596,0.3598,0.3596,0.3598,2109.13
2025-01-15 07:14:00,0.3599,0.3599,0.3599,0.3599,98.19
2025-01-15 07:15:00,0.36,0.3602,0.36,0.3601,941.62
2025-01-15 07:16:00,0.3603,0.3603,0.3602,0.3603,3950.08
2025-01-15 07:17:00,0.3603,0.3604,0.3603,0.3604,1535.67
2025-01-15 07:18:00,0.3603,0.3608,0.3603,0.3608,12574.72
2025-01-15 07:19:00,0.3608,0.3611,0.3607,0.361,15842.37
2025-01-15 07:20:00,0.3611,0.3615,0.3611,0.3613,14892.14
2025-01-15 07:21:00,0.3614,0.3618,0.3614,0.3618,24792.06
2025-01-15 07:22:00,0.3618,0.3621,0.3618,0.3621,14323.85
2025-01-15 07:23:00,0.362,0.3625,0.362,0.3625,14090.93
2025-01-15 07:24:00,0.3626,0.363,0.3625,0.3628,29754.05
2025-01-15 07:25:00,0.3629,0.3633,0.3629,0.3632,9091.28
2025-01-15 07:26:00,0.3632,0.3634,0.3632,0.3634,10171.83
2025-01-15 07:27:00,0.3632,0.3635,0.3628,0.3628,10736.11
2025-01-15 07:28:00,0.3629,0.3636,0.3629,0.3636,15706.67
2025-01-15 07:29:00,0.3635,0.3635,0.3634,0.3634,452.59
2025-01-15 07:30:00,0.3634,0.3635,0.363,0.363,5053.73
2025-01-15 07:31:00,0.363,0.363,0.3626,0.3626,8401.79
2025-01-15 07:32:00,0.3627,0.3627,0.3624,0.3624,399.98
2025-01-15 07:33:00,0.3624,0.3631,0.3623,0.3631,17112.49
2025-01-15 07:34:00,0.3633,0.3637,0.363,0.363,25288.79
2025-01-15 07:35:00,0.363,0.363,0.3624,0.3624,2156.3
2025-01-15 07:36:00,0.3624,0.3624,0.362,0.362,3683.97
2025-01-15 07:37:00,0.3622,0.3625,0.3622,0.3625,86.5
2025-01-15 07:38:00,0.3627,0.3627,0.3626,0.3626,294.51
2025-01-15 07:39:00,0.3626,0.3629,0.3626,0.3628,3968.93
2025-01-15 07:40:00,0.3628,0.3629,0.3627,0.3627,4311.6
2025-01-15 07:41:00,0.3627,0.3628,0.3626,0.3628,487.59
2025-01-15 07:42:00,0.3634,0.3635,0.3634,0.3635,1107.81
2025-01-15 07:43:00,0.363,0.3635,0.363,0.3633,3532.68
2025-01-15 07:44:00,0.3632,0.3635,0.3631,0.3635,3181.69
2025-01-15 07:45:00,0.3634,0.3636,0.3634,0.3636,3854.97
2025-01-15 07:46:00,0.3635,0.3635,0.3634,0.3635,706.62
2025-01-15 07:47:00,0.3635,0.3636,0.3632,0.3632,17965.57
2025-01-15 07:48:00,0.3632,0.3632,0.3631,0.3632,4060.15
2025-01-15 07:49:00,0.3632,0.3632,0.3632,0.3632,0.0
2025-01-15 07:50:00,0.3635,0.3637,0.3633,0.3633,2110.67
2025-01-15 07:51:00,0.3632,0.3639,0.3632,0.3636,14186.61
2025-01-15 07:52:00,0.3635,0.3635,0.3632,0.3633,3164.8
2025-01-15 07:53:00,0.3634,0.3635,0.363,0.3631,4650.66
2025-01-15 07:54:00,0.3631,0.3631,0.363,0.363,1841.93
2025-01-15 07:55:00,0.3631,0.3631,0.3628,0.3628,2073.85
2025-01-15 07:56:00,0.3627,0.3627,0.3627,0.3627,1227.37
2025-01-15 07:57:00,0.3628,0.3628,0.3628,0.3628,168.64
2025-01-15 07:58:00,0.3628,0.3628,0.3626,0.3626,4853.17
2025-01-15 07:59:00,0.3628,0.3634,0.3628,0.3634,4758.18
2025-01-15 08:00:00,0.3631,0.3638,0.363,0.3637,33100.27
2025-01-15 08:01:00,0.3638,0.3638,0.363,0.3634,6277.24
2025-01-15 08:02:00,0.3633,0.3633,0.3632,0.3633,1826.21
2025-01-15 08:03:00,0.3637,0.3639,0.3631,0.3639,14456.15
2025-01-15 08:04:00,0.3639,0.3641,0.3633,0.3636,13206.77
2025-01-15 08:05:00,0.3635,0.3642,0.3635,0.3642,47466.42
2025-01-15 08:06:00,0.3642,0.3649,0.3641,0.3648,38332.4
2025-01-15 08:07:00,0.3647,0.3654,0.3645,0.3654,98981.44
2025-01-15 08:08:00,0.365,0.3654,0.3637,0.3637,75819.63
2025-01-15 08:09:00,0.3635,0.3635,0.3626,0.3627,10384.74
2025-01-15 08:10:00,0.3626,0.3631,0.3625,0.3628,18991.33
2025-01-15 08:11:00,0.3626,0.363,0.3626,0.363,4785.22
2025-01-15 08:12:00,0.363,0.3632,0.3626,0.3629,6835.35
2025-01-15 08:13:00,0.3629,0.3629,0.3627,0.3629,216.68
2025-01-15 08:14:00,0.3627,0.3627,0.3626,0.3626,828.49
2025-01-15 08:15:00,0.3625,0.3626,0.362,0.3621,10161.26
2025-01-15 08:16:00,0.3623,0.3623,0.3618,0.3618,1341.47
2025-01-15 08:17:00,0.3618,0.362,0.3618,0.362,9081.83
2025-01-15 08:18:00,0.3618,0.3623,0.3617,0.3623,900.03
2025-01-15 08:19:00,0.3623,0.3624,0.3617,0.3617,2341.88
2025-01-15 08:20:00,0.3617,0.3618,0.3617,0.3618,1381.82
2025-01-15 08:21:00,0.362,0.3627,0.362,0.3625,457.42
2025-01-15 08:22:00,0.3627,0.3628,0.3623,0.3623,1042.63
2025-01-15 08:23:00,0.3622,0.3622,0.3621,0.3621,805.74
2025-01-15 08:24:00,0.3623,0.3625,0.3622,0.3622,3641.09
2025-01-15 08:25:00,0.3628,0.3635,0.3628,0.3633,2378.77
2025-01-15 08:26:00,0.3634,0.3635,0.3633,0.3635,2067.15
2025-01-15 08:27:00,0.3637,0.3639,0.3636,0.3639,1605.61
2025-01-15 08:28:00,0.3641,0.3643,0.3635,0.3643,13603.92
2025-01-15 08:29:00,0.3643,0.3651,0.3643,0.365,20658.35
2025-01-15 08:30:00,0.3651,0.3655,0.365,0.3651,30285.81
2025-01-15 08:31:00,0.3651,0.3656,0.3651,0.3655,33245.36
2025-01-15 08:32:00,0.3657,0.3668,0.3655,0.3665,62954.62
2025-01-15 08:33:00,0.3666,0.367,0.3664,0.3668,40439.43
2025-01-15 08:34:00,0.367,0.3672,0.3667,0.3668,49582.33
2025-01-15 08:35:00,0.3668,0.3671,0.3658,0.3658,42300.98
2025-01-15 08:36:00,0.3656,0.3658,0.3647,0.3651,15326.8
2025-01-15 08:37:00,0.3652,0.3652,0.3645,0.3646,4754.06
2025-01-15 08:38:00,0.3647,0.3647,0.3645,0.3646,1209.52
2025-01-15 08:39:00,0.3646,0.3652,0.3646,0.3652,130.27
2025-01-15 08:40:00,0.3651,0.3652,0.3645,0.3645,4679.12
2025-01-15 08:41:00,0.3647,0.3648,0.3643,0.3645,5024.71
2025-01-15 08:42:00,0.3643,0.3644,0.3641,0.3641,1755.23
2025-01-15 08:43:00,0.364,0.364,0.3632,0.3635,29916.09
2025-01-15 08:44:00,0.3637,0.3637,0.3636,0.3636,3274.87
2025-01-15 08:45:00,0.3636,0.3639,0.3634,0.3639,3645.91
2025-01-15 08:46:00,0.3638,0.3638,0.3634,0.3634,279.38
2025-01-15 08:47:00,0.3632,0.3634,0.3631,0.3634,1103.43
2025-01-15 08:48:00,0.3636,0.3636,0.3632,0.3632,270.43
2025-01-15 08:49:00,0.363,0.363,0.3628,0.3628,938.18
2025-01-15 08:50:00,0.363,0.363,0.3628,0.3628,514.3
2025-01-15 08:51:00,0.3628,0.3629,0.3628,0.3628,204.0
2025-01-15 08:52:00,0.3627,0.3627,0.3626,0.3626,525.06
2025-01-15 08:53:00,0.3626,0.3626,0.3623,0.3626,2279.98
2025-01-15 08:54:00,0.3625,0.3627,0.3625,0.3627,1097.49
2025-01-15 08:55:00,0.3628,0.363,0.3626,0.3629,3239.78
2025-01-15 08:56:00,0.3627,0.3627,0.3626,0.3626,1014.85
2025-01-15 08:57:00,0.3629,0.3629,0.3624,0.3624,11207.43
2025-01-15 08:58:00,0.3625,0.3628,0.3625,0.3626,2873.36
2025-01-15 08:59:00,0.3625,0.3625,0.3624,0.3624,3296.36
2025-01-15 09:00:00,0.3623,0.3628,0.362,0.3628,7407.17
2025-01-15 09:01:00,0.3626,0.3629,0.3624,0.3624,2952.13
2025-01-15 09:02:00,0.3622,0.3622,0.3615,0.3615,7925.08
2025-01-15 09:03:00,0.3616,0.3626,0.3615,0.3626,3993.17
2025-01-15 09:04:00,0.3627,0.3627,0.3621,0.3621,4091.9
2025-01-15 09:05:00,0.362,0.362,0.3616,0.3617,4130.97
2025-01-15 09:06:00,0.3616,0.3624,0.3614,0.3622,13251.72
2025-01-15 09:07:00,0.3621,0.3621,0.3615,0.3615,3901.1
2025-01-15 09:08:00,0.3612,0.3615,0.3612,0.3615,13078.58
2025-01-15 09:09:00,0.3618,0.3623,0.3617,0.3623,2027.09
2025-01-15 09:10:00,0.3618,0.3621,0.3616,0.3621,2707.36
2025-01-15 09:11:00,0.3621,0.363,0.3621,0.363,836.89
2025-01-15 09:12:00,0.3634,0.3634,0.3634,0.3634,70.32
2025-01-15 09:13:00,0.3631,0.3631,0.3629,0.3631,1806.11
2025-01-15 09:14:00,0.3632,0.3634,0.3629,0.3629,777.09
2025-01-15 09:15:00,0.3629,0.3629,0.3627,0.3628,1084.23
2025-01-15 09:16:00,0.3628,0.3628,0.3626,0.3626,2059.69
2025-01-15 09:17:00,0.3625,0.3625,0.3621,0.3625,1817.4
2025-01-15 09:18:00,0.3622,0.3622,0.3622,0.3622,17.69
2025-01-15 09:19:00,0.3622,0.3624,0.3621,0.3624,570.2
2025-01-15 09:20:00,0.3622,0.3638,0.3622,0.3634,16743.89
2025-01-15 09:21:00,0.3634,0.3634,0.3625,0.3634,26497.48
2025-01-15 09:22:00,0.3628,0.3628,0.3624,0.3625,5818.86
2025-01-15 09:23:00,0.3623,0.3623,0.3621,0.3621,3184.91
2025-01-15 09:24:00,0.362,0.3622,0.3619,0.3622,6970.57
2025-01-15 09:25:00,0.3618,0.3618,0.3607,0.3608,12506.11
2025-01-15 09:26:00,0.3607,0.3608,0.3605,0.3608,3751.55
2025-01-15 09:27:00,0.3604,0.3607,0.3603,0.3606,2208.51
2025-01-15 09:28:00,0.3606,0.3606,0.3606,0.3606,1392.17
2025-01-15 09:29:00,0.3607,0.3607,0.3601,0.3601,7520.35
2025-01-15 09:30:00,0.36,0.3601,0.3598,0.3599,6270.31
2025-01-15 09:31:00,0.3598,0.3598,0.3592,0.3593,20093.54
2025-01-15 09:32:00,0.3594,0.36,0.3594,0.3595,4518.62
2025-01-15 09:33:00,0.3594,0.3595,0.3589,0.359,1052.32
2025-01-15 09:34:00,0.3589,0.3595,0.3586,0.3595,2956.69
2025-01-15 09:35:00,0.3592,0.3594,0.3591,0.3593,1946.7
2025-01-15 09:36:00,0.359,0.3597,0.359,0.3597,7488.99
2025-01-15 09:37:00,0.3598,0.3599,0.359,0.359,17147.41
2025-01-15 09:38:00,0.359,0.359,0.3585,0.3586,5152.16
2025-01-15 09:39:00,0.3586,0.3588,0.3585,0.3588,5670.75
2025-01-15 09:40:00,0.3588,0.3594,0.3588,0.3591,38128.28
2025-01-15 09:41:00,0.3594,0.3595,0.359,0.3592,2056.64
2025-01-15 09:42:00,0.3595,0.3596,0.359,0.3591,2839.41
2025-01-15 09:43:00,0.3592,0.3593,0.3585,0.3586,28049.78
2025-01-15 09:44:00,0.3587,0.3588,0.3585,0.3585,3810.41
2025-01-15 09:45:00,0.3585,0.3588,0.3578,0.3579,130250.7
2025-01-15 09:46:00,0.3578,0.3578,0.3567,0.3569,20828.84
2025-01-15 09:47:00,0.3569,0.3569,0.356,0.356,4685.03
2025-01-15 09:48:00,0.3561,0.3568,0.356,0.3567,4514.65
2025-01-15 09:49:00,0.3565,0.3567,0.3561,0.3564,3564.61
2025-01-15 09:50:00,0.3564,0.3566,0.3561,0.3561,1165.72
2025-01-15 09:51:00,0.3564,0.3564,0.3547,0.3551,8250.09
2025-01-15 09:52:00,0.3552,0.3552,0.3544,0.3546,3761.04
2025-01-15 09:53:00,0.3545,0.3548,0.3541,0.3543,44242.44
2025-01-15 09:54:00,0.3543,0.3543,0.3535,0.3539,41663.97
2025-01-15 09:55:00,0.3538,0.354,0.3533,0.3534,45378.33
2025-01-15 09:56:00,0.3534,0.3534,0.3526,0.3531,59654.55
2025-01-15 09:57:00,0.3532,0.3533,0.3525,0.3526,89168.16
2025-01-15 09:58:00,0.3526,0.353,0.352,0.3526,80352.25
2025-01-15 09:59:00,0.3526,0.3527,0.3519,0.3521,80230.89
2025-01-15 10:00:00,0.3521,0.3527,0.3518,0.3525,59299.77
2025-01-15 10:01:00,0.3525,0.3535,0.3525,0.3525,177821.66
2025-01-15 10:02:00,0.3525,0.3527,0.352,0.352,43324.83
2025-01-15 10:03:00,0.352,0.3524,0.3518,0.3523,27450.98
2025-01-15 10:04:00,0.3525,0.3525,0.3517,0.3523,51585.47
2025-01-15 10:05:00,0.3525,0.3526,0.3519,0.3525,51828.74
2025-01-15 10:06:00,0.3522,0.3522,0.3515,0.3515,41265.11
2025-01-15 10:07:00,0.3517,0.3517,0.3508,0.3508,91302.63
2025-01-15 10:08:00,0.3507,0.3507,0.3502,0.3502,56820.95
2025-01-15 10:09:00,0.3502,0.3507,0.35,0.3501,43920.35
2025-01-15 10:10:00,0.3503,0.3508,0.3503,0.3508,6297.36
2025-01-15 10:11:00,0.351,0.3514,0.351,0.3513,9445.37
2025-01-15 10:12:00,0.3513,0.352,0.3512,0.352,3261.23
2025-01-15 10:13:00,0.3519,0.352,0.3517,0.3517,5658.09
2025-01-15 10:14:00,0.3516,0.3517,0.3515,0.3515,972.8
2025-01-15 10:15:00,0.3514,0.3515,0.3511,0.3515,2954.75
2025-01-15 10:16:00,0.3515,0.3515,0.3515,0.3515,3482.65
2025-01-15 10:17:00,0.352,0.3521,0.3512,0.3513,6131.35
2025-01-15 10:18:00,0.3512,0.3512,0.3508,0.351,8406.52
2025-01-15 10:19:00,0.3513,0.3513,0.3512,0.3512,2070.36
2025-01-15 10:20:00,0.3513,0.3514,0.3513,0.3514,2120.83
2025-01-15 10:21:00,0.352,0.3524,0.352,0.3524,871.83
2025-01-15 10:22:00,0.3527,0.3527,0.3523,0.3525,2073.72
2025-01-15 10:23:00,0.3526,0.3529,0.3526,0.3529,674.71
2025-01-15 10:24:00,0.3532,0.3532,0.3532,0.3532,18.37
2025-01-15 10:25:00,0.3532,0.3532,0.3532,0.3532,0.0
2025-01-15 10:26:00,0.3531,0.3531,0.353,0.353,1524.53
2025-01-15 10:27:00,0.3528,0.3531,0.3528,0.3531,3407.0
2025-01-15 10:28:00,0.3531,0.3531,0.3531,0.3531,0.0
2025-01-15 10:29:00,0.3529,0.3534,0.3529,0.3534,4107.88
2025-01-15 10:30:00,0.3534,0.3534,0.353,0.3531,6329.38
2025-01-15 10:31:00,0.3532,0.3532,0.3527,0.3527,2915.69
2025-01-15 10:32:00,0.3527,0.3533,0.3527,0.3533,4103.49
2025-01-15 10:33:00,0.3534,0.3534,0.353,0.3532,5130.47
2025-01-15 10:34:00,0.3528,0.3529,0.3527,0.3529,2046.1
2025-01-15 10:35:00,0.3528,0.3529,0.3524,0.3524,4511.79
2025-01-15 10:36:00,0.352,0.3525,0.352,0.3525,3238.22
2025-01-15 10:37:00,0.3523,0.3524,0.3522,0.3524,4927.92
2025-01-15 10:38:00,0.3526,0.3527,0.3523,0.3523,3478.77
2025-01-15 10:39:00,0.3526,0.3527,0.3525,0.3527,1449.0
2025-01-15 10:40:00,0.3527,0.3529,0.3527,0.3529,1504.53
2025-01-15 10:41:00,0.3528,0.3528,0.352,0.352,14403.02
2025-01-15 10:42:00,0.3521,0.3522,0.3517,0.3518,3958.79
2025-01-15 10:43:00,0.3518,0.3518,0.3518,0.3518,0.0
2025-01-15 10:44:00,0.3521,0.3524,0.352,0.3524,344.5
2025-01-15 10:45:00,0.3525,0.3525,0.3521,0.3523,1126.8
2025-01-15 10:46:00,0.3524,0.3524,0.3522,0.3523,2083.76
2025-01-15 10:47:00,0.3523,0.3523,0.3519,0.3523,4625.13
2025-01-15 10:48:00,0.3523,0.3524,0.352,0.352,159.11
2025-01-15 10:49:00,0.3523,0.3523,0.3521,0.3522,2276.64
2025-01-15 10:50:00,0.3522,0.3522,0.3522,0.3522,0.0
2025-01-15 10:51:00,0.3515,0.3515,0.3515,0.3515,72.01
2025-01-15 10:52:00,0.3516,0.3517,0.3516,0.3517,201.72
2025-01-15 10:53:00,0.3517,0.3517,0.3517,0.3517,0.0
2025-01-15 10:54:00,0.3517,0.3517,0.3513,0.3513,1432.3
2025-01-15 10:55:00,0.3515,0.3515,0.3515,0.3515,29.01
2025-01-15 10:56:00,0.351,0.351,0.3509,0.3509,1246.78
2025-01-15 10:57:00,0.3508,0.351,0.3505,0.3509,11098.57
2025-01-15 10:58:00,0.3511,0.3518,0.3511,0.3516,17433.94
2025-01-15 10:59:00,0.3516,0.3516,0.3516,0.3516,15.01
2025-01-15 11:00:00,0.3515,0.352,0.3515,0.352,2011.88
2025-01-15 11:01:00,0.3518,0.3518,0.3508,0.3508,2307.71
2025-01-15 11:02:00,0.3505,0.3507,0.3502,0.3502,3830.74
2025-01-15 11:03:00,0.3502,0.3506,0.3502,0.3505,1946.51
2025-01-15 11:04:00,0.3503,0.3503,0.3503,0.3503,401.81
2025-01-15 11:05:00,0.3505,0.3506,0.3505,0.3506,800.0
2025-01-15 11:06:00,0.3508,0.3508,0.3503,0.3503,392.44
2025-01-15 11:07:00,0.3498,0.3498,0.3496,0.3496,1675.44
2025-01-15 11:08:00,0.3495,0.3495,0.3491,0.3491,1830.84
2025-01-15 11:09:00,0.349,0.349,0.3483,0.3486,5745.59
2025-01-15 11:10:00,0.3484,0.3492,0.3484,0.3492,237.24
2025-01-15 11:11:00,0.3494,0.3497,0.3493,0.3493,5835.75
2025-01-15 11:12:00,0.3487,0.3492,0.3487,0.3492,1666.17
2025-01-15 11:13:00,0.349,0.349,0.3489,0.3489,5631.42
2025-01-15 11:14:00,0.3493,0.3493,0.3493,0.3493,138.58
2025-01-15 11:15:00,0.3497,0.3503,0.3496,0.3499,14858.8
2025-01-15 11:16:00,0.3499,0.3499,0.3485,0.3489,142008.42
2025-01-15 11:17:00,0.3489,0.3498,0.3489,0.3495,25102.18
2025-01-15 11:18:00,0.3493,0.3504,0.3493,0.3498,30362.93
2025-01-15 11:19:00,0.3498,0.3506,0.3497,0.3498,105541.72
2025-01-15 11:20:00,0.3496,0.3506,0.3493,0.35,62284.73
2025-01-15 11:21:00,0.3502,0.3508,0.35,0.3501,31820.0
2025-01-15 11:22:00,0.3502,0.3503,0.3497,0.35,12799.07
2025-01-15 11:23:00,0.35,0.3503,0.3496,0.3499,24586.14
2025-01-15 11:24:00,0.3505,0.3506,0.3494,0.3494,529.77
2025-01-15 11:25:00,0.3488,0.3489,0.3483,0.3486,5358.26
2025-01-15 11:26:00,0.3485,0.349,0.3485,0.349,716.43
2025-01-15 11:27:00,0.3495,0.3495,0.3495,0.3495,183.16
2025-01-15 11:28:00,0.3492,0.3493,0.3492,0.3493,69.15
2025-01-15 11:29:00,0.349,0.3491,0.349,0.3491,219.91
2025-01-15 11:30:00,0.3498,0.3502,0.3496,0.3498,7351.29
2025-01-15 11:31:00,0.3501,0.3507,0.3501,0.3507,4554.0
2025-01-15 11:32:00,0.3504,0.3504,0.3497,0.3498,15241.33
2025-01-15 11:33:00,0.3497,0.3498,0.3494,0.3496,24084.4
2025-01-15 11:34:00,0.3498,0.3513,0.3498,0.3512,6046.59
2025-01-15 11:35:00,0.3511,0.3513,0.3508,0.3508,2332.86
2025-01-15 11:36:00,0.3506,0.352,0.3506,0.3519,5556.69
2025-01-15 11:37:00,0.3516,0.3524,0.3516,0.3522,475.75
2025-01-15 11:38:00,0.3519,0.3519,0.3519,0.3519,61.84
2025-01-15 11:39:00,0.3519,0.3521,0.3519,0.352,245.85
2025-01-15 11:40:00,0.352,0.352,0.3518,0.3518,1768.31
2025-01-15 11:41:00,0.3515,0.3515,0.3512,0.3514,655.32
2025-01-15 11:42:00,0.3514,0.3516,0.3511,0.3511,7842.09
2025-01-15 11:43:00,0.3514,0.3514,0.351,0.3512,31316.37
2025-01-15 11:44:00,0.3513,0.3516,0.3513,0.3515,2814.59
2025-01-15 11:45:00,0.3512,0.3515,0.3507,0.3515,7814.17
2025-01-15 11:46:00,0.3515,0.3527,0.3515,0.3527,10295.85
2025-01-15 11:47:00,0.3525,0.3533,0.3523,0.3533,7341.96
2025-01-15 11:48:00,0.3532,0.3532,0.3529,0.3531,386.71
2025-01-15 11:49:00,0.3527,0.353,0.3526,0.353,5010.14
2025-01-15 11:50:00,0.3528,0.3533,0.3528,0.3533,5566.65
2025-01-15 11:51:00,0.3533,0.3535,0.3528,0.3531,1384.82
2025-01-15 11:52:00,0.3529,0.3531,0.3529,0.3531,1720.57
2025-01-15 11:53:00,0.3532,0.3532,0.3526,0.3526,3102.49
2025-01-15 11:54:00,0.3526,0.3528,0.3526,0.3527,485.86
2025-01-15 11:55:00,0.3526,0.3531,0.3526,0.3531,3391.54
2025-01-15 11:56:00,0.353,0.353,0.3529,0.3529,1732.35
2025-01-15 11:57:00,0.3524,0.3524,0.3522,0.3523,1886.74
2025-01-15 11:58:00,0.3525,0.3533,0.3525,0.3533,11093.71
2025-01-15 11:59:00,0.3534,0.3534,0.3528,0.3531,4012.02
2025-01-15 12:00:00,0.3539,0.3553,0.3538,0.354,46426.92
2025-01-15 12:01:00,0.3538,0.354,0.3538,0.354,5404.28
2025-01-15 12:02:00,0.3539,0.3539,0.3528,0.3528,8041.74
2025-01-15 12:03:00,0.3527,0.354,0.3527,0.3532,166069.9
2025-01-15 12:04:00,0.3528,0.3531,0.3528,0.3531,602.62
2025-01-15 12:05:00,0.3534,0.3534,0.3529,0.3529,5313.42
2025-01-15 12:06:00,0.3537,0.3538,0.3535,0.3535,6537.57
2025-01-15 12:07:00,0.3533,0.3537,0.3533,0.3537,4791.71
2025-01-15 12:08:00,0.3533,0.3534,0.3531,0.3531,1169.9
2025-01-15 12:09:00,0.353,0.353,0.3526,0.3526,415.53
2025-01-15 12:10:00,0.3526,0.3526,0.3521,0.3523,5089.91
2025-01-15 12:11:00,0.3526,0.3526,0.3526,0.3526,484.62
2025-01-15 12:12:00,0.3525,0.3526,0.3525,0.3526,523.54
2025-01-15 12:13:00,0.3526,0.3526,0.3526,0.3526,0.0
2025-01-15 12:14:00,0.3523,0.3523,0.3523,0.3523,30.05
2025-01-15 12:15:00,0.3524,0.3526,0.3517,0.3517,6582.15
2025-01-15 12:16:00,0.3518,0.3526,0.3518,0.3526,2059.91
2025-01-15 12:17:00,0.3526,0.3526,0.3516,0.3518,12555.36
2025-01-15 12:18:00,0.3519,0.3521,0.3519,0.3521,5881.05
2025-01-15 12:19:00,0.3517,0.352,0.3517,0.352,794.94
2025-01-15 12:20:00,0.3521,0.3521,0.352,0.352,1333.3
2025-01-15 12:21:00,0.3517,0.3517,0.3513,0.3513,8414.6
2025-01-15 12:22:00,0.3516,0.3516,0.3508,0.3508,676.13
2025-01-15 12:23:00,0.3508,0.3508,0.3508,0.3508,0.0
2025-01-15 12:24:00,0.3511,0.3511,0.351,0.3511,3228.62
2025-01-15 12:25:00,0.3512,0.3512,0.3509,0.3509,3209.37
2025-01-15 12:26:00,0.3508,0.3508,0.3508,0.3508,648.39
2025-01-15 12:27:00,0.3513,0.3513,0.3513,0.3513,1340.0
2025-01-15 12:28:00,0.3507,0.3509,0.3507,0.3507,3810.99
2025-01-15 12:29:00,0.3506,0.3506,0.3505,0.3505,1029.92
2025-01-15 12:30:00,0.351,0.3512,0.351,0.351,2303.35
2025-01-15 12:31:00,0.3509,0.3509,0.3509,0.3509,109.03
2025-01-15 12:32:00,0.3512,0.3516,0.3512,0.3515,2321.93
2025-01-15 12:33:00,0.3515,0.3516,0.3515,0.3516,965.59
2025-01-15 12:34:00,0.3516,0.3516,0.3514,0.3515,457.56
2025-01-15 12:35:00,0.3514,0.3516,0.3514,0.3516,425.1
2025-01-15 12:36:00,0.3524,0.3524,0.3522,0.3524,4189.01
2025-01-15 12:37:00,0.3524,0.3524,0.3524,0.3524,0.0
2025-01-15 12:38:00,0.3529,0.3532,0.3529,0.3529,1936.07
2025-01-15 12:39:00,0.3532,0.3536,0.3532,0.3534,2836.65
2025-01-15 12:40:00,0.3537,0.3537,0.3537,0.3537,26.74
2025-01-15 12:41:00,0.3537,0.3543,0.3537,0.3539,3705.33
2025-01-15 12:42:00,0.3539,0.3539,0.3534,0.3535,1142.56
2025-01-15 12:43:00,0.3539,0.3539,0.3539,0.3539,1140.58
2025-01-15 12:44:00,0.3538,0.3538,0.3538,0.3538,918.38
2025-01-15 12:45:00,0.3533,0.3533,0.3527,0.3528,4661.17
2025-01-15 12:46:00,0.3528,0.3529,0.3525,0.3526,4753.05
2025-01-15 12:47:00,0.3523,0.3523,0.352,0.352,1444.58
2025-01-15 12:48:00,0.352,0.352,0.3516,0.3518,3439.57
2025-01-15 12:49:00,0.3518,0.3518,0.3518,0.3518,44.28
2025-01-15 12:50:00,0.3519,0.3522,0.3519,0.3522,1240.31
2025-01-15 12:51:00,0.3518,0.3519,0.3518,0.3519,793.77
2025-01-15 12:52:00,0.3518,0.3518,0.3518,0.3518,1133.47
2025-01-15 12:53:00,0.3519,0.3519,0.3519,0.3519,738.0
2025-01-15 12:54:00,0.3519,0.3519,0.3519,0.3519,0.0
2025-01-15 12:55:00,0.3519,0.3519,0.3519,0.3519,0.0
2025-01-15 12:56:00,0.3519,0.3519,0.3519,0.3519,283.81
2025-01-15 12:57:00,0.3516,0.3516,0.3516,0.3516,30.5
2025-01-15 12:58:00,0.3518,0.3518,0.3518,0.3518,29.17
2025-01-15 12:59:00,0.3517,0.3519,0.3517,0.3519,4605.66
2025-01-15 13:00:00,0.3518,0.3518,0.3518,0.3518,761.7
2025-01-15 13:01:00,0.3526,0.3538,0.3523,0.3538,6018.94
2025-01-15 13:02:00,0.3538,0.354,0.3536,0.3536,1707.27
2025-01-15 13:03:00,0.3538,0.3538,0.3538,0.3538,78.37
2025-01-15 13:04:00,0.3542,0.3542,0.3542,0.3542,59.01
2025-01-15 13:05:00,0.3537,0.3537,0.3537,0.3537,47.55
2025-01-15 13:06:00,0.3535,0.354,0.3535,0.354,2803.1
2025-01-15 13:07:00,0.3538,0.3538,0.3538,0.3538,38.0
2025-01-15 13:08:00,0.3536,0.3538,0.3536,0.3538,361.77
2025-01-15 13:09:00,0.3536,0.3537,0.3533,0.3537,2207.67
2025-01-15 13:10:00,0.3538,0.3543,0.3537,0.3543,4191.54
2025-01-15 13:11:00,0.3543,0.3546,0.3541,0.3544,727.14
2025-01-15 13:12:00,0.3543,0.3543,0.3543,0.3543,159.03
2025-01-15 13:13:00,0.3543,0.3543,0.3542,0.3542,3131.91
2025-01-15 13:14:00,0.354,0.354,0.3536,0.3537,9058.64
2025-01-15 13:15:00,0.3536,0.3536,0.3533,0.3533,1395.51
2025-01-15 13:16:00,0.3524,0.3526,0.3524,0.3526,1206.95
2025-01-15 13:17:00,0.3534,0.3534,0.3529,0.3531,11506.5
2025-01-15 13:18:00,0.353,0.3535,0.353,0.3533,10165.69
2025-01-15 13:19:00,0.3537,0.3537,0.3536,0.3536,575.72
2025-01-15 13:20:00,0.3538,0.3539,0.3537,0.3537,207.33
2025-01-15 13:21:00,0.3543,0.3543,0.3542,0.3543,2593.51
2025-01-15 13:22:00,0.3543,0.3545,0.354,0.354,2168.85
2025-01-15 13:23:00,0.3541,0.3555,0.3541,0.3554,5818.5
2025-01-15 13:24:00,0.3554,0.3557,0.3552,0.3556,7014.59
2025-01-15 13:25:00,0.3557,0.356,0.3556,0.356,2467.92
2025-01-15 13:26:00,0.3558,0.3562,0.3554,0.3562,3209.28
2025-01-15 13:27:00,0.3564,0.3568,0.3556,0.3559,5479.14
2025-01-15 13:28:00,0.3564,0.3564,0.3558,0.3559,1684.82
2025-01-15 13:29:00,0.3557,0.3557,0.3551,0.3554,3361.74
2025-01-15 13:30:00,0.3552,0.364,0.3552,0.3628,452911.55
2025-01-15 13:31:00,0.3627,0.3632,0.3604,0.3606,88186.94
2025-01-15 13:32:00,0.3609,0.362,0.3599,0.3618,69698.47
2025-01-15 13:33:00,0.3617,0.3636,0.3617,0.3631,28498.76
2025-01-15 13:34:00,0.363,0.3635,0.362,0.3627,31397.46
2025-01-15 13:35:00,0.3625,0.3631,0.3607,0.363,94739.55
2025-01-15 13:36:00,0.3631,0.3639,0.3627,0.3627,20742.45
2025-01-15 13:37:00,0.3624,0.3636,0.3621,0.3635,7688.8
2025-01-15 13:38:00,0.3641,0.3641,0.3622,0.3625,11085.03
2025-01-15 13:39:00,0.3632,0.3637,0.3628,0.3637,23854.74
2025-01-15 13:40:00,0.3638,0.3647,0.3638,0.3647,18116.72
2025-01-15 13:41:00,0.3645,0.3648,0.3637,0.3643,6108.91
2025-01-15 13:42:00,0.3638,0.3642,0.3633,0.3634,7186.19
2025-01-15 13:43:00,0.3633,0.3644,0.3624,0.3639,31079.71
2025-01-15 13:44:00,0.3643,0.3645,0.364,0.364,3832.68
2025-01-15 13:45:00,0.3645,0.365,0.3645,0.3649,36815.51
2025-01-15 13:46:00,0.365,0.366,0.365,0.3651,41745.21
2025-01-15 13:47:00,0.3652,0.3661,0.3652,0.366,8026.16
2025-01-15 13:48:00,0.3662,0.3678,0.3662,0.3678,19601.18
2025-01-15 13:49:00,0.3677,0.3682,0.3673,0.368,17796.72
2025-01-15 13:50:00,0.368,0.3692,0.368,0.3686,31250.69
2025-01-15 13:51:00,0.3689,0.3689,0.3682,0.3682,582.98
2025-01-15 13:52:00,0.3675,0.3687,0.3674,0.3676,5617.39
2025-01-15 13:53:00,0.3677,0.3684,0.3677,0.3684,5875.95
2025-01-15 13:54:00,0.3684,0.3687,0.3683,0.3684,9349.77
2025-01-15 13:55:00,0.3687,0.3693,0.3687,0.3693,12536.47
2025-01-15 13:56:00,0.3694,0.3718,0.3694,0.3705,207466.43
2025-01-15 13:57:00,0.3706,0.3708,0.3705,0.3708,8938.64
2025-01-15 13:58:00,0.3708,0.3712,0.3703,0.3707,5662.51
2025-01-15 13:59:00,0.3711,0.3716,0.3709,0.3715,6154.43
2025-01-15 14:00:00,0.3715,0.3734,0.3714,0.3731,49510.01
2025-01-15 14:01:00,0.3732,0.3738,0.3717,0.3725,114017.83
2025-01-15 14:02:00,0.3725,0.3732,0.3725,0.373,3298.17
2025-01-15 14:03:00,0.3731,0.3731,0.3708,0.3712,10408.34
2025-01-15 14:04:00,0.3712,0.3721,0.3707,0.3721,25777.93
2025-01-15 14:05:00,0.3722,0.3722,0.3713,0.3721,6842.94
2025-01-15 14:06:00,0.3726,0.3732,0.3723,0.3724,8258.09
2025-01-15 14:07:00,0.3721,0.3724,0.3714,0.3714,2221.45
2025-01-15 14:08:00,0.3723,0.3731,0.3723,0.3731,7849.28
2025-01-15 14:09:00,0.3731,0.3734,0.3724,0.3724,7393.03
2025-01-15 14:10:00,0.3721,0.3724,0.3718,0.372,1135.41
2025-01-15 14:11:00,0.3721,0.3733,0.3721,0.3728,18819.92
2025-01-15 14:12:00,0.3726,0.3732,0.3726,0.3728,5371.84
2025-01-15 14:13:00,0.3716,0.3717,0.3707,0.3717,15731.78
2025-01-15 14:14:00,0.3717,0.3717,0.3695,0.371,9940.11
2025-01-15 14:15:00,0.3711,0.3717,0.3704,0.3704,2603.47
2025-01-15 14:16:00,0.3701,0.3701,0.3676,0.3682,48542.24
2025-01-15 14:17:00,0.3688,0.3692,0.3669,0.3673,128677.0
2025-01-15 14:18:00,0.3672,0.3687,0.3666,0.3683,34249.57
2025-01-15 14:19:00,0.3684,0.3687,0.3682,0.3687,4076.75
2025-01-15 14:20:00,0.3686,0.3709,0.3686,0.3706,18452.66
2025-01-15 14:21:00,0.3705,0.3706,0.3687,0.3695,69498.71
2025-01-15 14:22:00,0.3693,0.37,0.3691,0.3696,21957.8
2025-01-15 14:23:00,0.3693,0.3693,0.3682,0.3686,11089.76
2025-01-15 14:24:00,0.3692,0.3698,0.369,0.3698,8260.46
2025-01-15 14:25:00,0.3696,0.3702,0.3694,0.3701,2303.55
2025-01-15 14:26:00,0.3701,0.3701,0.3694,0.3694,6180.0
2025-01-15 14:27:00,0.3694,0.3694,0.3683,0.3685,5500.9
2025-01-15 14:28:00,0.3685,0.3685,0.3678,0.368,3196.03
2025-01-15 14:29:00,0.3681,0.3685,0.368,0.368,5922.1
2025-01-15 14:30:00,0.3679,0.3693,0.3679,0.3685,7898.25
2025-01-15 14:31:00,0.3687,0.3708,0.3687,0.3707,17065.23
2025-01-15 14:32:00,0.3707,0.3716,0.3703,0.3709,11436.13
2025-01-15 14:33:00,0.3714,0.3719,0.3708,0.3713,13798.55
2025-01-15 14:34:00,0.3713,0.3715,0.3702,0.3704,9597.55
2025-01-15 14:35:00,0.3705,0.371,0.3699,0.3699,6485.17
2025-01-15 14:36:00,0.3699,0.3705,0.3697,0.3704,10053.1
2025-01-15 14:37:00,0.3704,0.3704,0.369,0.369,11132.31
2025-01-15 14:38:00,0.3688,0.3695,0.3687,0.3694,6520.42
2025-01-15 14:39:00,0.3695,0.3704,0.3695,0.3699,7800.3
2025-01-15 14:40:00,0.3703,0.3704,0.3699,0.37,8760.65
2025-01-15 14:41:00,0.3694,0.3698,0.3693,0.3698,4806.68
2025-01-15 14:42:00,0.3695,0.37,0.369,0.3693,1444.09
2025-01-15 14:43:00,0.3698,0.3702,0.3695,0.3702,11966.25
2025-01-15 14:44:00,0.3703,0.3704,0.3703,0.3704,2823.7
2025-01-15 14:45:00,0.3703,0.3705,0.3702,0.3702,13173.74
2025-01-15 14:46:00,0.3703,0.3703,0.369,0.369,23145.28
2025-01-15 14:47:00,0.369,0.3708,0.369,0.3708,14522.43
2025-01-15 14:48:00,0.3705,0.371,0.3705,0.371,2384.26
2025-01-15 14:49:00,0.371,0.3715,0.371,0.371,3611.27
2025-01-15 14:50:00,0.371,0.3713,0.3708,0.3711,11851.16
2025-01-15 14:51:00,0.3713,0.372,0.3712,0.3719,5961.9
2025-01-15 14:52:00,0.3719,0.3721,0.3719,0.3721,4401.81
2025-01-15 14:53:00,0.3716,0.3718,0.3713,0.3715,2783.0
2025-01-15 14:54:00,0.3719,0.372,0.3717,0.372,2199.86
2025-01-15 14:55:00,0.3718,0.3719,0.3712,0.3719,976.37
2025-01-15 14:56:00,0.3721,0.3724,0.3721,0.3724,9398.35
2025-01-15 14:57:00,0.3724,0.3731,0.3724,0.3729,21124.07
2025-01-15 14:58:00,0.3728,0.3731,0.3728,0.3729,3852.98
2025-01-15 14:59:00,0.3729,0.3733,0.3728,0.373,5101.4
2025-01-15 15:00:00,0.3733,0.3749,0.3733,0.3749,26430.05
2025-01-15 15:01:00,0.375,0.3751,0.3744,0.3749,11814.46
2025-01-15 15:02:00,0.3751,0.3751,0.3739,0.3742,10916.99
2025-01-15 15:03:00,0.3742,0.3746,0.3739,0.3742,2702.15
2025-01-15 15:04:00,0.3739,0.3744,0.3736,0.3738,4846.5
2025-01-15 15:05:00,0.3741,0.3741,0.3733,0.3735,5037.68
2025-01-15 15:06:00,0.3733,0.3735,0.3726,0.3731,8314.87
2025-01-15 15:07:00,0.373,0.3738,0.3729,0.3738,13365.38
2025-01-15 15:08:00,0.3738,0.376,0.3738,0.3754,31154.55
2025-01-15 15:09:00,0.3755,0.3758,0.3747,0.3748,17016.88
2025-01-15 15:10:00,0.3745,0.3763,0.3741,0.3763,5608.43
2025-01-15 15:11:00,0.3765,0.3765,0.376,0.3762,2625.93
2025-01-15 15:12:00,0.3758,0.3765,0.3757,0.3758,9029.36
2025-01-15 15:13:00,0.3759,0.3771,0.3759,0.3766,4922.07
2025-01-15 15:14:00,0.3766,0.3773,0.3766,0.3771,13483.58
2025-01-15 15:15:00,0.377,0.3774,0.3767,0.3774,11170.39
2025-01-15 15:16:00,0.3775,0.3778,0.3766,0.3777,21279.9
2025-01-15 15:17:00,0.3774,0.3782,0.3772,0.3782,10212.83
2025-01-15 15:18:00,0.3783,0.3783,0.3775,0.3777,12534.89
2025-01-15 15:19:00,0.3778,0.3778,0.3769,0.3774,30914.87
2025-01-15 15:20:00,0.3774,0.3776,0.3768,0.3773,6140.96
2025-01-15 15:21:00,0.3772,0.3787,0.3771,0.3787,9341.18
2025-01-15 15:22:00,0.3788,0.3788,0.378,0.3781,28161.32
2025-01-15 15:23:00,0.3783,0.3787,0.378,0.3785,23586.1
2025-01-15 15:24:00,0.3787,0.3795,0.3786,0.3795,7970.17
2025-01-15 15:25:00,0.3794,0.3795,0.3784,0.3787,8306.69
2025-01-15 15:26:00,0.3785,0.3787,0.3782,0.3787,838.68
2025-01-15 15:27:00,0.3787,0.3805,0.3787,0.3805,5265.93
2025-01-15 15:28:00,0.3805,0.3805,0.3797,0.3799,3733.03
2025-01-15 15:29:00,0.3807,0.3808,0.3805,0.3806,2590.53
2025-01-15 15:30:00,0.3806,0.3806,0.3789,0.3796,15046.01
2025-01-15 15:31:00,0.3794,0.3809,0.3792,0.3809,4127.9
2025-01-15 15:32:00,0.3807,0.3818,0.3807,0.3816,10510.81
2025-01-15 15:33:00,0.3815,0.3823,0.3813,0.3817,23968.56
2025-01-15 15:34:00,0.3821,0.3824,0.3817,0.382,14141.61
2025-01-15 15:35:00,0.382,0.3825,0.3812,0.3814,16440.17
2025-01-15 15:36:00,0.3812,0.3815,0.3805,0.3805,15015.83
2025-01-15 15:37:00,0.3805,0.3825,0.3803,0.3823,3029.39
2025-01-15 15:38:00,0.3826,0.3837,0.3826,0.3837,20708.96
2025-01-15 15:39:00,0.3835,0.3837,0.3825,0.3829,10259.17
2025-01-15 15:40:00,0.3826,0.3829,0.3821,0.3824,18175.45
2025-01-15 15:41:00,0.3826,0.383,0.3826,0.3829,2320.46
2025-01-15 15:42:00,0.3825,0.383,0.3825,0.3829,2286.08
2025-01-15 15:43:00,0.383,0.3832,0.3826,0.3828,3416.43
2025-01-15 15:44:00,0.3828,0.3831,0.3824,0.3828,1548.12
2025-01-15 15:45:00,0.3831,0.3836,0.383,0.3835,2023.5
2025-01-15 15:46:00,0.3831,0.3831,0.3822,0.3823,6707.17
2025-01-15 15:47:00,0.382,0.3822,0.3815,0.3817,8158.78
2025-01-15 15:48:00,0.382,0.3832,0.382,0.3832,19956.33
2025-01-15 15:49:00,0.3829,0.3833,0.3827,0.383,8510.28
2025-01-15 15:50:00,0.3831,0.3832,0.3826,0.3826,30918.59
2025-01-15 15:51:00,0.3824,0.3827,0.3815,0.3818,14263.58
2025-01-15 15:52:00,0.3817,0.3817,0.3808,0.3811,25649.28
2025-01-15 15:53:00,0.3819,0.3821,0.3814,0.3814,1210.72
2025-01-15 15:54:00,0.3816,0.3816,0.3808,0.3808,885.31
2025-01-15 15:55:00,0.3806,0.3817,0.3806,0.3817,690.93
2025-01-15 15:56:00,0.3819,0.382,0.3816,0.3816,1062.76
2025-01-15 15:57:00,0.3821,0.3823,0.3821,0.3823,400.0
2025-01-15 15:58:00,0.3822,0.3824,0.3816,0.3819,3765.9
2025-01-15 15:59:00,0.382,0.3821,0.3816,0.3817,13886.79
2025-01-15 16:00:00,0.3818,0.3835,0.3818,0.3833,31459.4
2025-01-15 16:01:00,0.3832,0.384,0.3825,0.384,10885.11
2025-01-15 16:02:00,0.3839,0.3844,0.3835,0.3839,16761.26
2025-01-15 16:03:00,0.3843,0.3843,0.3838,0.3839,2147.95
2025-01-15 16:04:00,0.3838,0.384,0.3832,0.3839,1756.28
2025-01-15 16:05:00,0.384,0.385,0.384,0.3849,6648.18
2025-01-15 16:06:00,0.3849,0.3854,0.3847,0.3849,7345.92
2025-01-15 16:07:00,0.3848,0.3848,0.3842,0.3845,804.61
2025-01-15 16:08:00,0.3843,0.3843,0.3832,0.3833,4262.84
2025-01-15 16:09:00,0.3837,0.3839,0.3832,0.3838,1683.25
2025-01-15 16:10:00,0.3839,0.384,0.383,0.3835,9117.83
2025-01-15 16:11:00,0.3836,0.3838,0.3833,0.3837,968.58
2025-01-15 16:12:00,0.3836,0.3839,0.3835,0.3837,2857.47
2025-01-15 16:13:00,0.3837,0.3837,0.3831,0.3832,6617.76
2025-01-15 16:14:00,0.3833,0.3836,0.3831,0.3836,597.62
2025-01-15 16:15:00,0.3835,0.3845,0.3833,0.3845,1407.38
2025-01-15 16:16:00,0.3841,0.3841,0.3833,0.3835,18692.15
2025-01-15 16:17:00,0.3832,0.3838,0.383,0.3838,4912.81
2025-01-15 16:18:00,0.3838,0.3838,0.3834,0.3836,5839.32
2025-01-15 16:19:00,0.3837,0.3837,0.382,0.3828,4312.81
2025-01-15 16:20:00,0.3822,0.3822,0.3813,0.3816,2450.63
2025-01-15 16:21:00,0.3818,0.3818,0.3809,0.3814,2039.13
2025-01-15 16:22:00,0.3814,0.3821,0.3814,0.3821,4121.07
2025-01-15 16:23:00,0.3823,0.3825,0.3823,0.3825,514.92
2025-01-15 16:24:00,0.3823,0.3824,0.382,0.382,4199.79
2025-01-15 16:25:00,0.382,0.3826,0.382,0.3825,2272.5
2025-01-15 16:26:00,0.3824,0.3835,0.3823,0.3835,1727.57
2025-01-15 16:27:00,0.3831,0.3838,0.3831,0.3837,461.27
2025-01-15 16:28:00,0.3838,0.3838,0.3836,0.3838,1957.54
2025-01-15 16:29:00,0.384,0.3848,0.384,0.3844,22304.32
2025-01-15 16:30:00,0.3841,0.3846,0.3838,0.3841,11640.42
2025-01-15 16:31:00,0.3838,0.3838,0.383,0.383,1365.45
2025-01-15 16:32:00,0.3829,0.3829,0.3824,0.3828,9438.32
2025-01-15 16:33:00,0.3828,0.3833,0.3828,0.3833,12368.6
2025-01-15 16:34:00,0.3833,0.3833,0.3822,0.3822,18884.96
2025-01-15 16:35:00,0.382,0.3826,0.382,0.3824,18602.44
2025-01-15 16:36:00,0.382,0.3829,0.382,0.3827,2899.17
2025-01-15 16:37:00,0.3823,0.3823,0.3817,0.3817,2770.05
2025-01-15 16:38:00,0.3825,0.3829,0.3824,0.3825,5862.64
2025-01-15 16:39:00,0.3824,0.3825,0.3821,0.3824,1117.45
2025-01-15 16:40:00,0.3823,0.3825,0.3821,0.3823,537.75
2025-01-15 16:41:00,0.3821,0.3821,0.3803,0.3812,107935.97
2025-01-15 16:42:00,0.3808,0.381,0.3805,0.3809,3134.54
2025-01-15 16:43:00,0.3809,0.3809,0.3807,0.3807,2605.84
2025-01-15 16:44:00,0.3807,0.3807,0.3799,0.3804,28194.56
2025-01-15 16:45:00,0.3807,0.3809,0.3802,0.3804,15290.76
2025-01-15 16:46:00,0.3804,0.3805,0.3792,0.3795,22471.72
2025-01-15 16:47:00,0.3796,0.3799,0.3795,0.3797,9669.48
2025-01-15 16:48:00,0.3796,0.3798,0.3793,0.3793,5087.53
2025-01-15 16:49:00,0.3794,0.3803,0.3789,0.3803,77251.95
2025-01-15 16:50:00,0.3803,0.382,0.3803,0.3812,64532.64
2025-01-15 16:51:00,0.3811,0.3822,0.3809,0.3822,108580.9
2025-01-15 16:52:00,0.3821,0.3828,0.3815,0.3824,66917.92
2025-01-15 16:53:00,0.3825,0.3833,0.3823,0.3832,42387.04
2025-01-15 16:54:00,0.3833,0.3845,0.3833,0.3845,70685.7
2025-01-15 16:55:00,0.3844,0.3851,0.3834,0.3834,181007.3
2025-01-15 16:56:00,0.3833,0.3843,0.3832,0.3832,152771.18
2025-01-15 16:57:00,0.3827,0.3843,0.3815,0.3821,284521.8
2025-01-15 16:58:00,0.3819,0.3819,0.3807,0.3807,18606.01
2025-01-15 16:59:00,0.3808,0.3811,0.3804,0.3804,24507.72
2025-01-15 17:00:00,0.3805,0.382,0.3804,0.3819,34068.56
2025-01-15 17:01:00,0.3819,0.3836,0.3813,0.3835,56518.07
2025-01-15 17:02:00,0.3836,0.3843,0.383,0.3836,82636.15
2025-01-15 17:03:00,0.3834,0.3839,0.3827,0.3834,124375.1
2025-01-15 17:04:00,0.3828,0.384,0.3826,0.3835,160331.54
2025-01-15 17:05:00,0.3836,0.3836,0.3824,0.3833,38169.38
2025-01-15 17:06:00,0.3833,0.3843,0.3831,0.384,80337.55
2025-01-15 17:07:00,0.3839,0.3842,0.3809,0.3815,182916.46
2025-01-15 17:08:00,0.3814,0.3817,0.3808,0.3809,18396.98
2025-01-15 17:09:00,0.3809,0.3809,0.3806,0.3809,12556.72
2025-01-15 17:10:00,0.381,0.3814,0.3808,0.3808,3802.68
2025-01-15 17:11:00,0.3805,0.3807,0.38,0.3807,10407.81
2025-01-15 17:12:00,0.3809,0.3809,0.3807,0.3807,7044.35
2025-01-15 17:13:00,0.3808,0.3814,0.3808,0.3813,3832.35
2025-01-15 17:14:00,0.3809,0.3817,0.3809,0.3817,22922.54
2025-01-15 17:15:00,0.3818,0.3823,0.3816,0.382,24619.69
2025-01-15 17:16:00,0.382,0.3826,0.382,0.3826,34525.57
2025-01-15 17:17:00,0.3824,0.3829,0.38,0.3807,148172.93
2025-01-15 17:18:00,0.3808,0.3812,0.3806,0.3812,33295.44
2025-01-15 17:19:00,0.3812,0.3815,0.3784,0.3793,416669.33
2025-01-15 17:20:00,0.3796,0.3803,0.3791,0.3801,32856.7
2025-01-15 17:21:00,0.3801,0.3801,0.3789,0.3789,164067.52
2025-01-15 17:22:00,0.379,0.3809,0.3784,0.3804,201201.94
2025-01-15 17:23:00,0.3806,0.383,0.3794,0.3796,191503.81
2025-01-15 17:24:00,0.3795,0.38,0.3793,0.3796,69881.93
2025-01-15 17:25:00,0.3796,0.3801,0.3793,0.3794,46086.74
2025-01-15 17:26:00,0.3795,0.3798,0.3791,0.3798,112729.48
2025-01-15 17:27:00,0.3797,0.3802,0.3794,0.3795,59595.43
2025-01-15 17:28:00,0.3796,0.3807,0.3796,0.38,17191.32
2025-01-15 17:29:00,0.3802,0.3802,0.3787,0.3788,31864.03
2025-01-15 17:30:00,0.379,0.3794,0.3781,0.3788,58310.46
2025-01-15 17:31:00,0.3787,0.3789,0.3778,0.3778,91066.14
2025-01-15 17:32:00,0.378,0.3787,0.3768,0.3769,287410.38
2025-01-15 17:33:00,0.3774,0.3785,0.3764,0.3781,99745.29
2025-01-15 17:34:00,0.3782,0.3783,0.3775,0.3782,9711.89
2025-01-15 17:35:00,0.378,0.3783,0.3778,0.3782,3363.42
2025-01-15 17:36:00,0.3776,0.3782,0.3775,0.378,1277.66
2025-01-15 17:37:00,0.3781,0.3783,0.3778,0.3779,7522.22
2025-01-15 17:38:00,0.3777,0.378,0.3777,0.378,5709.29
2025-01-15 17:39:00,0.3779,0.3782,0.3776,0.3782,3651.99
2025-01-15 17:40:00,0.3782,0.3783,0.3778,0.378,3415.34
2025-01-15 17:41:00,0.3781,0.3784,0.3781,0.3781,1481.81
2025-01-15 17:42:00,0.3781,0.3781,0.3778,0.3779,3190.83
2025-01-15 17:43:00,0.3779,0.3784,0.3777,0.3778,3701.73
2025-01-15 17:44:00,0.3782,0.3783,0.3779,0.3781,2610.0
2025-01-15 17:45:00,0.3782,0.3787,0.3781,0.3786,5495.96
2025-01-15 17:46:00,0.3784,0.3784,0.3781,0.3781,1633.58
2025-01-15 17:47:00,0.3777,0.378,0.3777,0.378,2138.09
2025-01-15 17:48:00,0.3779,0.3779,0.3773,0.3774,1065.93
2025-01-15 17:49:00,0.3776,0.3779,0.3776,0.3779,5401.49
2025-01-15 17:50:00,0.3779,0.378,0.3761,0.3765,10059.09
2025-01-15 17:51:00,0.3764,0.3765,0.3745,0.3753,50676.1
2025-01-15 17:52:00,0.3754,0.3759,0.3754,0.3754,6202.43
2025-01-15 17:53:00,0.3752,0.3753,0.3751,0.3753,1488.59
2025-01-15 17:54:00,0.3751,0.3751,0.3747,0.3751,9994.04
2025-01-15 17:55:00,0.3753,0.3753,0.3746,0.375,932.32
2025-01-15 17:56:00,0.3747,0.3749,0.3745,0.3747,5094.36
2025-01-15 17:57:00,0.3747,0.3747,0.3743,0.3743,913.21
2025-01-15 17:58:00,0.3742,0.3745,0.3738,0.3745,4832.83
2025-01-15 17:59:00,0.3746,0.3749,0.3745,0.3749,2803.87
2025-01-15 18:00:00,0.375,0.3761,0.375,0.3761,6782.27
2025-01-15 18:01:00,0.3764,0.3772,0.3764,0.3772,12282.24
2025-01-15 18:02:00,0.3771,0.3774,0.377,0.3771,4080.17
2025-01-15 18:03:00,0.3773,0.3776,0.3772,0.3772,1783.3
2025-01-15 18:04:00,0.3773,0.3775,0.3764,0.3773,4802.39
2025-01-15 18:05:00,0.3775,0.3781,0.3774,0.3776,1690.71
2025-01-15 18:06:00,0.3776,0.3778,0.3775,0.3777,992.59
2025-01-15 18:07:00,0.3778,0.378,0.3777,0.3779,4902.26
2025-01-15 18:08:00,0.3779,0.3784,0.3776,0.3779,3867.15
2025-01-15 18:09:00,0.378,0.3782,0.3779,0.3782,1525.45
2025-01-15 18:10:00,0.3783,0.3783,0.3774,0.3774,565.99
2025-01-15 18:11:00,0.3778,0.3781,0.3778,0.3779,2455.38
2025-01-15 18:12:00,0.378,0.3783,0.3776,0.3783,3365.86
2025-01-15 18:13:00,0.378,0.378,0.3776,0.3778,4766.91
2025-01-15 18:14:00,0.3777,0.3779,0.3777,0.3777,668.7
2025-01-15 18:15:00,0.3776,0.3786,0.3776,0.3783,2381.8
2025-01-15 18:16:00,0.3782,0.3786,0.3782,0.3786,1489.87
2025-01-15 18:17:00,0.3784,0.3791,0.3784,0.3789,3138.12
2025-01-15 18:18:00,0.379,0.379,0.3788,0.379,1491.31
2025-01-15 18:19:00,0.3792,0.3796,0.379,0.3794,4381.59
2025-01-15 18:20:00,0.3796,0.3798,0.379,0.379,2580.89
2025-01-15 18:21:00,0.3789,0.3791,0.3788,0.3789,908.83
2025-01-15 18:22:00,0.379,0.379,0.3789,0.3789,419.08
2025-01-15 18:23:00,0.379,0.3792,0.379,0.3791,804.92
2025-01-15 18:24:00,0.3794,0.3795,0.3792,0.3792,1329.01
2025-01-15 18:25:00,0.3794,0.3794,0.379,0.3791,1708.29
2025-01-15 18:26:00,0.3787,0.379,0.3787,0.379,1401.29
2025-01-15 18:27:00,0.379,0.3792,0.379,0.3792,1070.69
2025-01-15 18:28:00,0.3792,0.3794,0.3792,0.3794,695.09
2025-01-15 18:29:00,0.3793,0.3793,0.379,0.379,1143.15
2025-01-15 18:30:00,0.3789,0.379,0.3789,0.379,274.02
2025-01-15 18:31:00,0.3788,0.3791,0.3788,0.3791,235.83
2025-01-15 18:32:00,0.3792,0.3792,0.3791,0.3792,162.76
2025-01-15 18:33:00,0.3793,0.3795,0.3791,0.3795,19865.43
2025-01-15 18:34:00,0.3796,0.3799,0.3795,0.3799,2533.92
2025-01-15 18:35:00,0.3799,0.3799,0.3798,0.3798,802.75
2025-01-15 18:36:00,0.3799,0.3801,0.3795,0.3798,254.64
2025-01-15 18:37:00,0.3798,0.3799,0.3798,0.3799,804.72
2025-01-15 18:38:00,0.3799,0.3802,0.3799,0.3801,7296.47
2025-01-15 18:39:00,0.3799,0.3799,0.3796,0.3796,585.27
2025-01-15 18:40:00,0.3795,0.3799,0.3795,0.3799,1283.42
2025-01-15 18:41:00,0.3802,0.3803,0.3802,0.3802,86.54
2025-01-15 18:42:00,0.3803,0.3808,0.3803,0.3804,7653.43
2025-01-15 18:43:00,0.3804,0.3806,0.3802,0.3804,3471.0
2025-01-15 18:44:00,0.3806,0.381,0.3806,0.3807,2052.34
2025-01-15 18:45:00,0.3807,0.3817,0.3807,0.3817,4822.05
2025-01-15 18:46:00,0.3817,0.3821,0.3817,0.3818,1724.9
2025-01-15 18:47:00,0.3818,0.3819,0.3818,0.3819,616.88
2025-01-15 18:48:00,0.3819,0.382,0.3818,0.3818,557.87
2025-01-15 18:49:00,0.3819,0.3819,0.3818,0.3818,58.3
2025-01-15 18:50:00,0.3822,0.3822,0.3814,0.3815,3613.74
2025-01-15 18:51:00,0.3815,0.3816,0.3811,0.3816,2020.39
2025-01-15 18:52:00,0.3818,0.3819,0.3818,0.3819,253.7
2025-01-15 18:53:00,0.3821,0.3821,0.382,0.382,140.83
2025-01-15 18:54:00,0.3819,0.3819,0.3817,0.3819,648.49
2025-01-15 18:55:00,0.3818,0.3819,0.3817,0.3819,165.78
2025-01-15 18:56:00,0.3818,0.3822,0.3818,0.3821,419.63
2025-01-15 18:57:00,0.3815,0.382,0.3815,0.382,837.85
2025-01-15 18:58:00,0.382,0.3821,0.3819,0.3819,772.05
2025-01-15 18:59:00,0.3821,0.3822,0.3821,0.3821,2321.8
2025-01-15 19:00:00,0.3823,0.3824,0.3822,0.3824,925.03
2025-01-15 19:01:00,0.3825,0.3826,0.3823,0.3823,14502.37
2025-01-15 19:02:00,0.3819,0.3824,0.3817,0.3824,6385.52
2025-01-15 19:03:00,0.3823,0.3826,0.3823,0.3824,161.37
2025-01-15 19:04:00,0.3819,0.3819,0.3816,0.3818,1731.8
2025-01-15 19:05:00,0.3818,0.3819,0.3816,0.3816,742.17
2025-01-15 19:06:00,0.3818,0.3822,0.3818,0.3822,937.78
2025-01-15 19:07:00,0.382,0.3823,0.3818,0.3821,986.15
2025-01-15 19:08:00,0.3819,0.382,0.3816,0.3816,3093.31
2025-01-15 19:09:00,0.3815,0.3815,0.3807,0.3809,3087.59
2025-01-15 19:10:00,0.3808,0.381,0.3808,0.381,1534.98
2025-01-15 19:11:00,0.3807,0.3807,0.3806,0.3806,137.72
2025-01-15 19:12:00,0.3804,0.3804,0.3798,0.3804,10597.47
2025-01-15 19:13:00,0.3802,0.3808,0.3802,0.3808,1692.56
2025-01-15 19:14:00,0.3808,0.3808,0.3804,0.3804,320.32
2025-01-15 19:15:00,0.3805,0.3809,0.3805,0.3807,294.9
2025-01-15 19:16:00,0.3805,0.3807,0.3803,0.3803,395.05
2025-01-15 19:17:00,0.3805,0.3805,0.3802,0.3802,1612.74
2025-01-15 19:18:00,0.3802,0.3807,0.3802,0.3805,1274.24
2025-01-15 19:19:00,0.3803,0.3808,0.3803,0.3806,369.97
2025-01-15 19:20:00,0.3806,0.3806,0.3805,0.3805,1510.29
2025-01-15 19:21:00,0.3806,0.3806,0.3802,0.3802,1828.68
2025-01-15 19:22:00,0.3803,0.3803,0.3801,0.3801,707.36
2025-01-15 19:23:00,0.3799,0.3799,0.3796,0.3797,2241.2
2025-01-15 19:24:00,0.3798,0.38,0.3797,0.3797,968.84
2025-01-15 19:25:00,0.3797,0.3802,0.3797,0.3799,9674.25
2025-01-15 19:26:00,0.3798,0.3798,0.3795,0.3797,5037.46
2025-01-15 19:27:00,0.3796,0.3796,0.3795,0.3795,506.26
2025-01-15 19:28:00,0.3797,0.3804,0.3797,0.3802,1513.52
2025-01-15 19:29:00,0.3803,0.3805,0.3797,0.3797,1623.5
2025-01-15 19:30:00,0.3799,0.38,0.3794,0.3794,7216.03
2025-01-15 19:31:00,0.3795,0.3797,0.3791,0.3791,11081.09
2025-01-15 19:32:00,0.3791,0.3804,0.3791,0.3803,7055.36
2025-01-15 19:33:00,0.3804,0.3809,0.3804,0.3809,4287.89
2025-01-15 19:34:00,0.381,0.381,0.3807,0.3809,3075.66
2025-01-15 19:35:00,0.3811,0.3814,0.3808,0.3814,4015.92
2025-01-15 19:36:00,0.3816,0.3824,0.3816,0.3822,5848.64
2025-01-15 19:37:00,0.3825,0.3825,0.3819,0.3821,4094.25
2025-01-15 19:38:00,0.3821,0.3825,0.3821,0.3824,547.88
2025-01-15 19:39:00,0.3824,0.3824,0.3821,0.3822,7589.32
2025-01-15 19:40:00,0.382,0.3821,0.3817,0.382,425.24
2025-01-15 19:41:00,0.3816,0.3819,0.3816,0.3817,1104.06
2025-01-15 19:42:00,0.3817,0.3818,0.3812,0.3812,18905.57
2025-01-15 19:43:00,0.3812,0.3812,0.3809,0.3812,5355.54
2025-01-15 19:44:00,0.3812,0.3813,0.3809,0.3813,254.7
2025-01-15 19:45:00,0.3812,0.3813,0.3807,0.3813,462.48
2025-01-15 19:46:00,0.3812,0.3818,0.3812,0.3817,3749.16
2025-01-15 19:47:00,0.3818,0.3818,0.3815,0.3815,286.85
2025-01-15 19:48:00,0.3816,0.3821,0.3816,0.3821,1424.23
2025-01-15 19:49:00,0.3822,0.3822,0.3817,0.3821,1722.92
2025-01-15 19:50:00,0.382,0.382,0.3814,0.3818,3228.95
2025-01-15 19:51:00,0.3818,0.382,0.3814,0.3814,977.89
2025-01-15 19:52:00,0.3817,0.3819,0.3814,0.3819,3246.29
2025-01-15 19:53:00,0.3817,0.3817,0.3816,0.3816,69.13
2025-01-15 19:54:00,0.3817,0.3817,0.3815,0.3815,256.84
2025-01-15 19:55:00,0.381,0.3811,0.381,0.381,395.84
2025-01-15 19:56:00,0.3809,0.3814,0.3809,0.3814,289.64
2025-01-15 19:57:00,0.3814,0.3816,0.3814,0.3816,60.3
2025-01-15 19:58:00,0.3821,0.3824,0.382,0.3821,5051.31
2025-01-15 19:59:00,0.3821,0.3821,0.3821,0.3821,2415.28
2025-01-15 20:00:00,0.3825,0.3825,0.3823,0.3823,336.61
2025-01-15 20:01:00,0.3828,0.3829,0.3827,0.3829,2298.75
2025-01-15 20:02:00,0.3828,0.3828,0.3826,0.3826,714.98
2025-01-15 20:03:00,0.3825,0.3832,0.3825,0.3831,3698.97
2025-01-15 20:04:00,0.3828,0.3828,0.3816,0.3816,1090.02
2025-01-15 20:05:00,0.3816,0.3818,0.3816,0.3817,2232.32
2025-01-15 20:06:00,0.3818,0.3822,0.3818,0.382,508.75
2025-01-15 20:07:00,0.382,0.382,0.382,0.382,69.07
2025-01-15 20:08:00,0.3818,0.3821,0.3817,0.3821,429.07
2025-01-15 20:09:00,0.3822,0.3825,0.3822,0.3825,504.02
2025-01-15 20:10:00,0.3825,0.3825,0.3823,0.3823,2513.44
2025-01-15 20:11:00,0.3822,0.3824,0.3817,0.3824,2292.52
2025-01-15 20:12:00,0.3825,0.3829,0.3822,0.3829,2823.37
2025-01-15 20:13:00,0.3829,0.3829,0.3826,0.3829,5414.03
2025-01-15 20:14:00,0.3829,0.3829,0.3828,0.3828,1030.76
2025-01-15 20:15:00,0.3829,0.3832,0.3829,0.3832,199.78
2025-01-15 20:16:00,0.383,0.3834,0.3829,0.3829,11144.81
2025-01-15 20:17:00,0.3827,0.383,0.3824,0.3826,9120.25
2025-01-15 20:18:00,0.3831,0.3839,0.3831,0.3837,12118.99
2025-01-15 20:19:00,0.3834,0.3836,0.3834,0.3836,2839.98
2025-01-15 20:20:00,0.3836,0.3839,0.3834,0.3834,782.16
2025-01-15 20:21:00,0.3835,0.3839,0.3835,0.3837,3268.26
2025-01-15 20:22:00,0.3837,0.3841,0.3837,0.3838,7085.84
2025-01-15 20:23:00,0.3836,0.3836,0.3832,0.3832,38383.37
2025-01-15 20:24:00,0.3833,0.3834,0.3833,0.3834,662.96
2025-01-15 20:25:00,0.3832,0.3835,0.3831,0.3834,3428.53
2025-01-15 20:26:00,0.3832,0.3834,0.383,0.383,5266.88
2025-01-15 20:27:00,0.3836,0.3838,0.3836,0.3838,101.58
2025-01-15 20:28:00,0.3839,0.3841,0.3831,0.3831,434.89
2025-01-15 20:29:00,0.3832,0.3832,0.3827,0.3827,1232.4
2025-01-15 20:30:00,0.3824,0.3824,0.3808,0.3808,5333.62
2025-01-15 20:31:00,0.381,0.3814,0.3809,0.3812,9603.87
2025-01-15 20:32:00,0.3814,0.3821,0.3814,0.3821,33.71
2025-01-15 20:33:00,0.3819,0.3822,0.3819,0.3822,741.91
2025-01-15 20:34:00,0.3822,0.3822,0.3822,0.3822,0.0
2025-01-15 20:35:00,0.3829,0.3829,0.3829,0.3829,16.45
2025-01-15 20:36:00,0.3824,0.3824,0.382,0.382,70.33
2025-01-15 20:37:00,0.3819,0.382,0.3817,0.3817,137.57
2025-01-15 20:38:00,0.3817,0.3818,0.3816,0.3816,89.58
2025-01-15 20:39:00,0.3815,0.3815,0.3813,0.3813,2085.33
2025-01-15 20:40:00,0.3813,0.3813,0.3807,0.3807,2976.17
2025-01-15 20:41:00,0.3805,0.3805,0.38,0.38,1758.08
2025-01-15 20:42:00,0.38,0.3804,0.3799,0.3803,9138.92
2025-01-15 20:43:00,0.3801,0.3802,0.3801,0.3801,404.82
2025-01-15 20:44:00,0.3803,0.3806,0.3803,0.3804,1925.29
2025-01-15 20:45:00,0.3803,0.3805,0.3803,0.3805,386.5
2025-01-15 20:46:00,0.3807,0.3808,0.3804,0.3804,2251.32
2025-01-15 20:47:00,0.3805,0.3805,0.3797,0.3798,3615.25
2025-01-15 20:48:00,0.3799,0.3799,0.3792,0.3792,911.0
2025-01-15 20:49:00,0.3788,0.3793,0.3788,0.3792,3044.35
2025-01-15 20:50:00,0.3791,0.3794,0.379,0.3793,1104.64
2025-01-15 20:51:00,0.3795,0.3801,0.3795,0.3799,3016.53
2025-01-15 20:52:00,0.3804,0.3804,0.3804,0.3804,5293.07
2025-01-15 20:53:00,0.3804,0.3807,0.3803,0.3807,2352.24
2025-01-15 20:54:00,0.3805,0.3807,0.3805,0.3807,103.4
2025-01-15 20:55:00,0.3805,0.3805,0.3805,0.3805,16.75
2025-01-15 20:56:00,0.3802,0.3803,0.3802,0.3803,648.46
2025-01-15 20:57:00,0.3801,0.3801,0.38,0.38,42.04
2025-01-15 20:58:00,0.38,0.38,0.3794,0.3794,8127.05
2025-01-15 20:59:00,0.3795,0.3799,0.3795,0.3799,731.4
2025-01-15 21:00:00,0.3801,0.3805,0.3801,0.3805,1784.36
2025-01-15 21:01:00,0.3806,0.3809,0.3805,0.3809,1290.64
2025-01-15 21:02:00,0.3808,0.3813,0.3808,0.381,2374.46
2025-01-15 21:03:00,0.3808,0.3815,0.3808,0.3815,339.87
2025-01-15 21:04:00,0.3815,0.3815,0.3805,0.3807,829.4
2025-01-15 21:05:00,0.3808,0.3812,0.3806,0.381,378.92
2025-01-15 21:06:00,0.3812,0.3812,0.3803,0.3807,406.43
2025-01-15 21:07:00,0.3808,0.381,0.3808,0.3808,1151.49
2025-01-15 21:08:00,0.3809,0.3812,0.3809,0.381,5531.21
2025-01-15 21:09:00,0.3808,0.3815,0.3808,0.3814,3241.7
2025-01-15 21:10:00,0.3816,0.3818,0.3816,0.3818,533.59
2025-01-15 21:11:00,0.3817,0.3824,0.3817,0.3824,1413.01
2025-01-15 21:12:00,0.3825,0.3828,0.3822,0.3822,4956.17
2025-01-15 21:13:00,0.3819,0.3821,0.3819,0.382,1427.94
2025-01-15 21:14:00,0.382,0.382,0.3818,0.3818,418.35
2025-01-15 21:15:00,0.3818,0.3822,0.3818,0.3822,861.74
2025-01-15 21:16:00,0.3819,0.3824,0.3819,0.3822,499.04
2025-01-15 21:17:00,0.3818,0.382,0.3818,0.3818,2408.65
2025-01-15 21:18:00,0.3818,0.3818,0.3818,0.3818,173.07
2025-01-15 21:19:00,0.382,0.3821,0.3818,0.3821,956.12
2025-01-15 21:20:00,0.3821,0.3824,0.3819,0.3819,1645.09
2025-01-15 21:21:00,0.3819,0.3819,0.3819,0.3819,16.73
2025-01-15 21:22:00,0.382,0.3821,0.3817,0.3817,1569.12
2025-01-15 21:23:00,0.3818,0.3818,0.3813,0.3813,513.39
2025-01-15 21:24:00,0.3815,0.3815,0.3815,0.3815,279.03
2025-01-15 21:25:00,0.3813,0.3814,0.3813,0.3814,198.67
2025-01-15 21:26:00,0.381,0.3813,0.3807,0.381,37763.18
2025-01-15 21:27:00,0.3813,0.3816,0.3813,0.3814,2937.04
2025-01-15 21:28:00,0.3814,0.3816,0.3813,0.3816,644.61
2025-01-15 21:29:00,0.3813,0.3814,0.3813,0.3814,208.09
2025-01-15 21:30:00,0.3814,0.3814,0.3812,0.3812,5004.31
2025-01-15 21:31:00,0.3812,0.3812,0.3809,0.3809,408.76
2025-01-15 21:32:00,0.3813,0.3813,0.3811,0.3813,404.28
2025-01-15 21:33:00,0.3811,0.3811,0.3808,0.3809,5522.72
2025-01-15 21:34:00,0.3807,0.3807,0.3807,0.3807,34.86
2025-01-15 21:35:00,0.3811,0.3811,0.3811,0.3811,16.69
2025-01-15 21:36:00,0.3806,0.3807,0.3806,0.3806,400.41
2025-01-15 21:37:00,0.3806,0.3807,0.3771,0.3776,200634.61
2025-01-15 21:38:00,0.3773,0.3775,0.3772,0.3772,10734.4
2025-01-15 21:39:00,0.3773,0.3776,0.3773,0.3774,7534.03
2025-01-15 21:40:00,0.3771,0.3772,0.3768,0.3769,6982.32
2025-01-15 21:41:00,0.3773,0.3774,0.3769,0.377,2845.15
2025-01-15 21:42:00,0.377,0.3771,0.3768,0.3768,4113.74
2025-01-15 21:43:00,0.377,0.3772,0.3768,0.3771,31677.55
2025-01-15 21:44:00,0.3771,0.3771,0.3768,0.377,37532.4
2025-01-15 21:45:00,0.377,0.3771,0.3767,0.3769,24913.99
2025-01-15 21:46:00,0.3769,0.3771,0.3768,0.3768,11655.62
2025-01-15 21:47:00,0.377,0.3771,0.3768,0.3769,5834.82
2025-01-15 21:48:00,0.3769,0.3779,0.3769,0.3779,26639.07
2025-01-15 21:49:00,0.378,0.378,0.3777,0.3778,1904.45
2025-01-15 21:50:00,0.3777,0.3779,0.3775,0.3779,268.26
2025-01-15 21:51:00,0.378,0.3786,0.378,0.3786,1875.07
2025-01-15 21:52:00,0.3784,0.3784,0.3784,0.3784,78.03
2025-01-15 21:53:00,0.3783,0.3784,0.3781,0.3784,2194.39
2025-01-15 21:54:00,0.3785,0.3785,0.3785,0.3785,16.86
2025-01-15 21:55:00,0.3782,0.3784,0.3782,0.3784,13694.59
2025-01-15 21:56:00,0.3784,0.3784,0.3779,0.3779,137.6
2025-01-15 21:57:00,0.3779,0.3779,0.3776,0.3777,1295.7
2025-01-15 21:58:00,0.3776,0.3778,0.3773,0.3773,26178.19
2025-01-15 21:59:00,0.3772,0.3774,0.3771,0.3774,8248.23
2025-01-15 22:00:00,0.3773,0.3776,0.3769,0.3769,2041.29
2025-01-15 22:01:00,0.3765,0.3769,0.3764,0.3768,2898.63
2025-01-15 22:02:00,0.377,0.3773,0.3769,0.3773,2520.34
2025-01-15 22:03:00,0.3773,0.3776,0.3771,0.3771,3005.69
2025-01-15 22:04:00,0.377,0.3772,0.3769,0.3772,3406.92
2025-01-15 22:05:00,0.3773,0.3773,0.377,0.377,921.22
2025-01-15 22:06:00,0.3771,0.3771,0.3769,0.3769,2575.56
2025-01-15 22:07:00,0.3769,0.3773,0.3769,0.3769,2728.35
2025-01-15 22:08:00,0.3771,0.3772,0.3769,0.3772,2365.34
2025-01-15 22:09:00,0.3773,0.3774,0.377,0.377,12959.59
2025-01-15 22:10:00,0.3773,0.3774,0.3771,0.3771,1466.29
2025-01-15 22:11:00,0.377,0.3772,0.377,0.377,1595.78
2025-01-15 22:12:00,0.3772,0.3772,0.3772,0.3772,36.94
2025-01-15 22:13:00,0.3772,0.3773,0.3768,0.3773,1724.38
2025-01-15 22:14:00,0.3772,0.3781,0.3772,0.3781,4545.38
2025-01-15 22:15:00,0.3781,0.3782,0.3776,0.3778,6372.88
2025-01-15 22:16:00,0.3777,0.378,0.3777,0.378,197.93
2025-01-15 22:17:00,0.3774,0.3776,0.3774,0.3775,2345.37
2025-01-15 22:18:00,0.3777,0.3784,0.3777,0.3784,3894.71
2025-01-15 22:19:00,0.3783,0.3784,0.3783,0.3784,824.06
2025-01-15 22:20:00,0.3786,0.3787,0.3781,0.3781,2589.56
2025-01-15 22:21:00,0.3776,0.3777,0.3776,0.3777,115.09
2025-01-15 22:22:00,0.3775,0.3775,0.3775,0.3775,45.91
2025-01-15 22:23:00,0.3774,0.3776,0.3774,0.3776,60.42
2025-01-15 22:24:00,0.3774,0.3776,0.3774,0.3776,51.85
2025-01-15 22:25:00,0.3774,0.3774,0.3773,0.3773,1217.98
2025-01-15 22:26:00,0.3773,0.3775,0.3773,0.3775,122.74
2025-01-15 22:27:00,0.3774,0.3775,0.3774,0.3775,80.56
2025-01-15 22:28:00,0.3775,0.3775,0.3775,0.3775,16.92
2025-01-15 22:29:00,0.3775,0.3777,0.3775,0.3775,256.55
2025-01-15 22:30:00,0.3778,0.3779,0.3778,0.3778,66.31
2025-01-15 22:31:00,0.3778,0.378,0.3776,0.3778,2409.96
2025-01-15 22:32:00,0.378,0.3784,0.378,0.3784,368.14
2025-01-15 22:33:00,0.3784,0.3785,0.3784,0.3785,242.61
2025-01-15 22:34:00,0.3785,0.3785,0.3782,0.3782,536.97
2025-01-15 22:35:00,0.3781,0.3781,0.3778,0.3778,2644.08
2025-01-15 22:36:00,0.3779,0.3779,0.3775,0.3775,2727.44
2025-01-15 22:37:00,0.3774,0.3776,0.3773,0.3776,1488.47
2025-01-15 22:38:00,0.3775,0.3776,0.3775,0.3776,720.91
2025-01-15 22:39:00,0.3775,0.3776,0.3775,0.3776,20511.59
2025-01-15 22:40:00,0.3776,0.3782,0.3776,0.3782,10003.47
2025-01-15 22:41:00,0.3782,0.3783,0.3781,0.3781,1311.92
2025-01-15 22:42:00,0.3782,0.3783,0.378,0.378,7150.1
2025-01-15 22:43:00,0.3782,0.3782,0.3781,0.3781,79.83
2025-01-15 22:44:00,0.378,0.3782,0.378,0.3781,3879.08
2025-01-15 22:45:00,0.378,0.378,0.3779,0.3779,168.37
2025-01-15 22:46:00,0.378,0.3788,0.378,0.3787,5735.98
2025-01-15 22:47:00,0.3788,0.3792,0.3788,0.3792,5368.54
2025-01-15 22:48:00,0.3791,0.3795,0.3791,0.3795,5014.14
2025-01-15 22:49:00,0.3796,0.3796,0.3795,0.3795,154.09
2025-01-15 22:50:00,0.3796,0.3796,0.3795,0.3795,47.82
2025-01-15 22:51:00,0.3795,0.3795,0.3789,0.3789,312.58
2025-01-15 22:52:00,0.3791,0.3791,0.3791,0.3791,16.63
2025-01-15 22:53:00,0.3791,0.3791,0.3789,0.379,148.28
2025-01-15 22:54:00,0.3791,0.3793,0.3791,0.3793,734.56
2025-01-15 22:55:00,0.3794,0.3794,0.3792,0.3794,898.8
2025-01-15 22:56:00,0.3798,0.3798,0.3798,0.3798,16.61
2025-01-15 22:57:00,0.3796,0.3797,0.3796,0.3797,43.88
2025-01-15 22:58:00,0.3796,0.3798,0.3796,0.3798,83.78
2025-01-15 22:59:00,0.3796,0.3798,0.3796,0.3798,1651.76
2025-01-15 23:00:00,0.3799,0.3802,0.3799,0.3801,1362.13
2025-01-15 23:01:00,0.3801,0.3804,0.3801,0.3804,1616.62
2025-01-15 23:02:00,0.3803,0.3804,0.3798,0.3801,7853.34
2025-01-15 23:03:00,0.3802,0.3804,0.3799,0.3801,9037.28
2025-01-15 23:04:00,0.3802,0.3811,0.3802,0.3811,5359.88
2025-01-15 23:05:00,0.3811,0.3813,0.3809,0.3813,3001.81
2025-01-15 23:06:00,0.3813,0.3813,0.3809,0.3809,602.81
2025-01-15 23:07:00,0.381,0.381,0.381,0.381,68.66
2025-01-15 23:08:00,0.3809,0.3809,0.3805,0.3808,1402.68
2025-01-15 23:09:00,0.3805,0.3806,0.3805,0.3806,46.77
2025-01-15 23:10:00,0.3805,0.3807,0.3805,0.3805,3225.91
2025-01-15 23:11:00,0.3805,0.381,0.3805,0.3808,10102.59
2025-01-15 23:12:00,0.3806,0.3808,0.3805,0.3805,137.72
2025-01-15 23:13:00,0.3807,0.381,0.3806,0.381,2044.64
2025-01-15 23:14:00,0.3809,0.3814,0.3809,0.3814,2502.67
2025-01-15 23:15:00,0.3813,0.3825,0.3813,0.3821,10328.68
2025-01-15 23:16:00,0.3821,0.3824,0.382,0.3824,518.03
2025-01-15 23:17:00,0.3823,0.3829,0.3823,0.3827,7009.76
2025-01-15 23:18:00,0.3825,0.3825,0.3819,0.3824,11536.67
2025-01-15 23:19:00,0.3824,0.3827,0.3823,0.3827,3578.0
2025-01-15 23:20:00,0.3826,0.383,0.3825,0.3825,3883.56
2025-01-15 23:21:00,0.3824,0.3824,0.3821,0.3821,245.08
2025-01-15 23:22:00,0.3821,0.3824,0.3821,0.3821,451.27
2025-01-15 23:23:00,0.3822,0.3827,0.3822,0.3824,1691.03
2025-01-15 23:24:00,0.3822,0.3825,0.3822,0.3825,3581.28
2025-01-15 23:25:00,0.383,0.3831,0.383,0.383,114.52
2025-01-15 23:26:00,0.3831,0.3831,0.3831,0.3831,1813.06
2025-01-15 23:27:00,0.383,0.383,0.3829,0.3829,1494.95
2025-01-15 23:28:00,0.3832,0.3834,0.383,0.383,416.66
2025-01-15 23:29:00,0.3836,0.3836,0.3834,0.3835,3761.93
2025-01-15 23:30:00,0.3834,0.3834,0.383,0.383,260.55
2025-01-15 23:31:00,0.3827,0.3827,0.3825,0.3826,310.67
2025-01-15 23:32:00,0.3827,0.3829,0.3827,0.3829,138.97
2025-01-15 23:33:00,0.3825,0.3825,0.3821,0.3821,686.5
2025-01-15 23:34:00,0.3823,0.3824,0.3823,0.3824,635.93
2025-01-15 23:35:00,0.3826,0.3828,0.3826,0.3828,438.07
2025-01-15 23:36:00,0.3833,0.3833,0.3829,0.3829,189.43
2025-01-15 23:37:00,0.3832,0.3834,0.3832,0.3832,107.05
2025-01-15 23:38:00,0.3829,0.3829,0.3829,0.3829,16.67
2025-01-15 23:39:00,0.383,0.383,0.383,0.383,16.68
2025-01-15 23:40:00,0.3829,0.3829,0.3829,0.3829,33.11
2025-01-15 23:41:00,0.3828,0.3828,0.3827,0.3828,961.61
2025-01-15 23:42:00,0.3829,0.3829,0.3829,0.3829,28.0
2025-01-15 23:43:00,0.3832,0.3832,0.3832,0.3832,662.45
2025-01-15 23:44:00,0.3833,0.3836,0.3833,0.3836,5385.47
2025-01-15 23:45:00,0.3838,0.3838,0.3836,0.3837,2420.7
2025-01-15 23:46:00,0.3838,0.384,0.3837,0.3837,215.18
2025-01-15 23:47:00,0.3839,0.3842,0.3839,0.3842,267.3
2025-01-15 23:48:00,0.3842,0.3845,0.3842,0.3842,2578.27
2025-01-15 23:49:00,0.3842,0.3842,0.3841,0.3841,75.75
2025-01-15 23:50:00,0.384,0.384,0.3839,0.3839,401.08
2025-01-15 23:51:00,0.3837,0.3842,0.3837,0.3842,895.31
2025-01-15 23:52:00,0.3844,0.3845,0.3844,0.3845,2142.87
2025-01-15 23:53:00,0.3847,0.3847,0.3843,0.3843,1186.32
2025-01-15 23:54:00,0.3839,0.3841,0.3838,0.3838,563.98
2025-01-15 23:55:00,0.384,0.384,0.3838,0.3838,7506.87
2025-01-15 23:56:00,0.3838,0.384,0.3835,0.3835,6815.54
2025-01-15 23:57:00,0.3836,0.3836,0.3834,0.3834,266.58
2025-01-15 23:58:00,0.3836,0.3836,0.3832,0.3836,122.82
2025-01-15 23:59:00,0.3836,0.3837,0.3836,0.3837,680.37
2025-01-16 00:00:00,0.3841,0.3849,0.3841,0.3846,13713.04
2025-01-16 00:01:00,0.3845,0.3855,0.3843,0.3854,6315.18
2025-01-16 00:02:00,0.3857,0.3858,0.3853,0.3855,5095.55
2025-01-16 00:03:00,0.3855,0.3858,0.3849,0.3849,5468.31
2025-01-16 00:04:00,0.3847,0.385,0.3841,0.3845,5424.66
2025-01-16 00:05:00,0.3842,0.3849,0.3841,0.3848,1433.42
2025-01-16 00:06:00,0.3844,0.3844,0.3833,0.3833,510.13
2025-01-16 00:07:00,0.383,0.3834,0.3824,0.3831,22554.34
2025-01-16 00:08:00,0.3827,0.3827,0.3824,0.3824,645.44
2025-01-16 00:09:00,0.3823,0.3823,0.3817,0.3819,7233.9
2025-01-16 00:10:00,0.3818,0.3827,0.3817,0.3827,50626.42
2025-01-16 00:11:00,0.3827,0.3827,0.382,0.382,3801.3
2025-01-16 00:12:00,0.3818,0.3822,0.3817,0.3821,7504.77
2025-01-16 00:13:00,0.3822,0.3825,0.3819,0.3819,667.61
2025-01-16 00:14:00,0.3818,0.3818,0.3815,0.3815,5889.32
2025-01-16 00:15:00,0.3813,0.3813,0.3802,0.3802,520.94
2025-01-16 00:16:00,0.3799,0.3807,0.3799,0.3807,197.1
2025-01-16 00:17:00,0.3805,0.3805,0.3803,0.3803,112.07
2025-01-16 00:18:00,0.3801,0.3801,0.3797,0.3797,5633.71
2025-01-16 00:19:00,0.3796,0.381,0.3796,0.381,3876.43
2025-01-16 00:20:00,0.3812,0.3817,0.381,0.381,1104.88
2025-01-16 00:21:00,0.3809,0.3811,0.3801,0.3801,3544.7
2025-01-16 00:22:00,0.3801,0.3801,0.3801,0.3801,56.67
2025-01-16 00:23:00,0.3805,0.3807,0.3805,0.3807,60.56
2025-01-16 00:24:00,0.3811,0.3812,0.3811,0.3812,236.73
2025-01-16 00:25:00,0.3815,0.3815,0.3815,0.3815,88.95
2025-01-16 00:26:00,0.381,0.381,0.381,0.381,32.0
2025-01-16 00:27:00,0.3812,0.3812,0.3812,0.3812,17.48
2025-01-16 00:28:00,0.3805,0.3805,0.3803,0.3803,177.05
2025-01-16 00:29:00,0.3803,0.3803,0.3803,0.3803,0.0
2025-01-16 00:30:00,0.3805,0.3805,0.3796,0.3799,8487.34
2025-01-16 00:31:00,0.3797,0.3798,0.3791,0.3791,1376.44
2025-01-16 00:32:00,0.3791,0.38,0.3789,0.38,1567.47
2025-01-16 00:33:00,0.3799,0.3799,0.3794,0.3794,6267.43
2025-01-16 00:34:00,0.3794,0.3795,0.3788,0.3788,7404.6
2025-01-16 00:35:00,0.3789,0.3789,0.3784,0.3784,1484.8
2025-01-16 00:36:00,0.3782,0.3782,0.377,0.3771,3903.4
2025-01-16 00:37:00,0.3777,0.3779,0.3766,0.3768,16596.41
2025-01-16 00:38:00,0.3768,0.377,0.3755,0.3755,36870.35
2025-01-16 00:39:00,0.3755,0.376,0.3755,0.376,9121.89
2025-01-16 00:40:00,0.3761,0.3773,0.376,0.3773,5746.49
2025-01-16 00:41:00,0.3774,0.3776,0.3769,0.3771,13208.31
2025-01-16 00:42:00,0.3769,0.3771,0.3766,0.3766,9636.18
2025-01-16 00:43:00,0.3766,0.3767,0.3756,0.3767,24455.32
2025-01-16 00:44:00,0.3762,0.3775,0.3762,0.3775,1286.09
2025-01-16 00:45:00,0.3772,0.3776,0.377,0.3773,1484.39
2025-01-16 00:46:00,0.3772,0.3774,0.3766,0.377,953.63
2025-01-16 00:47:00,0.3774,0.3777,0.3772,0.3774,1422.94
2025-01-16 00:48:00,0.3773,0.3781,0.3773,0.378,739.25
2025-01-16 00:49:00,0.378,0.3784,0.378,0.3782,556.51
2025-01-16 00:50:00,0.3784,0.3788,0.3783,0.3787,696.02
2025-01-16 00:51:00,0.3787,0.3787,0.3782,0.3782,314.6
2025-01-16 00:52:00,0.3777,0.3778,0.3777,0.3778,260.07
2025-01-16 00:53:00,0.3777,0.3777,0.3777,0.3777,460.0
2025-01-16 00:54:00,0.3777,0.3777,0.3777,0.3777,0.0
2025-01-16 00:55:00,0.3779,0.3779,0.3779,0.3779,94.5
2025-01-16 00:56:00,0.3778,0.3778,0.3778,0.3778,30.37
2025-01-16 00:57:00,0.3778,0.3778,0.3778,0.3778,0.0
2025-01-16 00:58:00,0.3773,0.3776,0.3773,0.3776,196.93
2025-01-16 00:59:00,0.3777,0.3777,0.3775,0.3775,221.7
2025-01-16 01:00:00,0.3776,0.3778,0.3776,0.3776,514.79
2025-01-16 01:01:00,0.3777,0.3783,0.3777,0.3783,1183.0
2025-01-16 01:02:00,0.3783,0.3784,0.3781,0.3784,1517.84
2025-01-16 01:03:00,0.3785,0.3788,0.3785,0.3788,525.96
2025-01-16 01:04:00,0.3789,0.3789,0.3787,0.3787,1868.85
2025-01-16 01:05:00,0.3789,0.3789,0.3789,0.3789,92.7
2025-01-16 01:06:00,0.3787,0.3787,0.3786,0.3786,1105.36
2025-01-16 01:07:00,0.3786,0.3786,0.3786,0.3786,0.0
2025-01-16 01:08:00,0.3794,0.3794,0.3794,0.3794,668.85
2025-01-16 01:09:00,0.3794,0.3795,0.3794,0.3795,55.67
2025-01-16 01:10:00,0.3797,0.3802,0.3797,0.3802,4019.38
2025-01-16 01:11:00,0.3802,0.3803,0.3802,0.3803,147.28
2025-01-16 01:12:00,0.3796,0.3796,0.3789,0.3789,1531.49
2025-01-16 01:13:00,0.3786,0.3788,0.3786,0.3788,777.84
2025-01-16 01:14:00,0.3788,0.3789,0.3788,0.3789,1911.45
2025-01-16 01:15:00,0.3788,0.3791,0.3788,0.3791,1018.55
2025-01-16 01:16:00,0.3797,0.3797,0.379,0.379,770.32
2025-01-16 01:17:00,0.3782,0.3782,0.3781,0.3782,90.21
2025-01-16 01:18:00,0.3777,0.3777,0.3777,0.3777,16.89
2025-01-16 01:19:00,0.3781,0.3781,0.378,0.3781,9470.57
2025-01-16 01:20:00,0.378,0.378,0.3769,0.3769,1705.94
2025-01-16 01:21:00,0.3772,0.3772,0.3772,0.3772,16.9
2025-01-16 01:22:00,0.377,0.3773,0.377,0.3773,137.05
2025-01-16 01:23:00,0.3776,0.3778,0.3776,0.3778,380.81
2025-01-16 01:24:00,0.3775,0.3778,0.3775,0.3778,43.37
2025-01-16 01:25:00,0.3779,0.3779,0.3779,0.3779,16.91
2025-01-16 01:26:00,0.378,0.378,0.3778,0.3778,98.75
2025-01-16 01:27:00,0.3778,0.378,0.3778,0.378,1302.8
2025-01-16 01:28:00,0.3783,0.3783,0.3783,0.3783,16.9
2025-01-16 01:29:00,0.3787,0.379,0.3787,0.379,730.8
2025-01-16 01:30:00,0.3792,0.3792,0.3789,0.3789,199.69
2025-01-16 01:31:00,0.3788,0.3788,0.3781,0.3781,306.13
2025-01-16 01:32:00,0.378,0.3783,0.378,0.378,181.7
2025-01-16 01:33:00,0.378,0.378,0.378,0.378,0.0
2025-01-16 01:34:00,0.3788,0.3788,0.3788,0.3788,34.0
2025-01-16 01:35:00,0.3787,0.379,0.3787,0.3789,857.91
2025-01-16 01:36:00,0.3792,0.3792,0.3791,0.3791,180.31
2025-01-16 01:37:00,0.379,0.3792,0.3787,0.3792,2350.37
2025-01-16 01:38:00,0.3793,0.3793,0.3793,0.3793,30.49
2025-01-16 01:39:00,0.3794,0.3798,0.3794,0.3797,2267.17
2025-01-16 01:40:00,0.3798,0.3798,0.3793,0.3793,3025.19
2025-01-16 01:41:00,0.3797,0.3797,0.3794,0.3794,1598.22
2025-01-16 01:42:00,0.3794,0.3794,0.3794,0.3794,0.0
2025-01-16 01:43:00,0.3789,0.379,0.3789,0.379,257.81
2025-01-16 01:44:00,0.3792,0.3792,0.3789,0.379,5429.07
2025-01-16 01:45:00,0.3796,0.3796,0.3794,0.3794,583.83
2025-01-16 01:46:00,0.3791,0.3799,0.3791,0.3798,1056.09
2025-01-16 01:47:00,0.3795,0.3795,0.3792,0.3792,292.35
2025-01-16 01:48:00,0.3789,0.3789,0.3787,0.3788,365.19
2025-01-16 01:49:00,0.3791,0.3792,0.3791,0.3791,115.02
2025-01-16 01:50:00,0.3792,0.3794,0.3791,0.3791,2743.58
2025-01-16 01:51:00,0.3792,0.3793,0.3789,0.3793,353.21
2025-01-16 01:52:00,0.3791,0.3796,0.3791,0.3796,1779.55
2025-01-16 01:53:00,0.3798,0.3799,0.3798,0.3799,476.44
2025-01-16 01:54:00,0.38,0.38,0.3796,0.3796,1229.91
2025-01-16 01:55:00,0.3795,0.3798,0.3795,0.3798,44.83
2025-01-16 01:56:00,0.3804,0.3804,0.3804,0.3804,16.75
2025-01-16 01:57:00,0.38,0.38,0.3797,0.3799,180.49
2025-01-16 01:58:00,0.3801,0.3801,0.3796,0.3796,8790.31
2025-01-16 01:59:00,0.3798,0.3798,0.3796,0.3798,228.98
2025-01-16 02:00:00,0.3797,0.3797,0.3792,0.3792,2005.62
2025-01-16 02:01:00,0.3789,0.379,0.3784,0.3784,2169.25
2025-01-16 02:02:00,0.3784,0.3784,0.3779,0.3779,834.68
2025-01-16 02:03:00,0.3776,0.3776,0.3772,0.3772,751.14
2025-01-16 02:04:00,0.3771,0.3779,0.3771,0.3779,3877.06
2025-01-16 02:05:00,0.3779,0.3783,0.3779,0.3783,163.55
2025-01-16 02:06:00,0.3785,0.3788,0.3783,0.3788,638.87
2025-01-16 02:07:00,0.3787,0.3788,0.3785,0.3788,340.41
2025-01-16 02:08:00,0.3787,0.3787,0.3787,0.3787,85.49
2025-01-16 02:09:00,0.3786,0.3787,0.3783,0.3783,3024.69
2025-01-16 02:10:00,0.3783,0.3783,0.3783,0.3783,0.0
2025-01-16 02:11:00,0.3785,0.3786,0.3783,0.3786,2623.07
2025-01-16 02:12:00,0.3785,0.3785,0.3785,0.3785,16.87
2025-01-16 02:13:00,0.3785,0.3785,0.3785,0.3785,0.0
2025-01-16 02:14:00,0.3788,0.3788,0.3786,0.3787,179.5
2025-01-16 02:15:00,0.3787,0.3787,0.3785,0.3785,269.02
2025-01-16 02:16:00,0.3787,0.3787,0.3782,0.3782,3302.54
2025-01-16 02:17:00,0.3781,0.3781,0.378,0.378,289.15
2025-01-16 02:18:00,0.3778,0.378,0.3778,0.378,77.41
2025-01-16 02:19:00,0.3778,0.3778,0.3774,0.3776,573.36
2025-01-16 02:20:00,0.3782,0.3787,0.3781,0.3786,5030.19
2025-01-16 02:21:00,0.3788,0.3794,0.3787,0.3794,612.95
2025-01-16 02:22:00,0.3795,0.3795,0.3789,0.3789,1154.59
2025-01-16 02:23:00,0.3787,0.3789,0.3787,0.3789,188.1
2025-01-16 02:24:00,0.379,0.3793,0.379,0.3792,446.23
2025-01-16 02:25:00,0.3787,0.3787,0.3778,0.378,2937.63
2025-01-16 02:26:00,0.3783,0.3785,0.3783,0.3783,515.3
2025-01-16 02:27:00,0.3779,0.378,0.3778,0.378,2418.93
2025-01-16 02:28:00,0.378,0.378,0.3777,0.3779,2098.81
2025-01-16 02:29:00,0.3779,0.3786,0.3779,0.3785,4269.43
2025-01-16 02:30:00,0.3785,0.3796,0.3785,0.3788,6575.87
2025-01-16 02:31:00,0.3789,0.3789,0.3786,0.3788,2980.19
2025-01-16 02:32:00,0.3788,0.3796,0.3788,0.3796,5422.59
2025-01-16 02:33:00,0.3796,0.3797,0.3796,0.3797,177.31
2025-01-16 02:34:00,0.3797,0.3799,0.3795,0.3797,951.65
2025-01-16 02:35:00,0.3797,0.3797,0.3797,0.3797,0.0
2025-01-16 02:36:00,0.3791,0.3791,0.3791,0.3791,174.93
2025-01-16 02:37:00,0.3796,0.3796,0.3789,0.3789,2987.46
2025-01-16 02:38:00,0.3787,0.379,0.3787,0.379,80.09
2025-01-16 02:39:00,0.3791,0.3791,0.3791,0.3791,115.93
2025-01-16 02:40:00,0.3793,0.3793,0.3791,0.3791,955.26
2025-01-16 02:41:00,0.379,0.3795,0.3789,0.3789,2945.63
2025-01-16 02:42:00,0.3792,0.3792,0.3792,0.3792,141.49
2025-01-16 02:43:00,0.3789,0.3789,0.3786,0.3786,5475.94
2025-01-16 02:44:00,0.3794,0.3794,0.3789,0.3791,16343.67
2025-01-16 02:45:00,0.379,0.379,0.3789,0.3789,104.28
2025-01-16 02:46:00,0.3789,0.3789,0.3789,0.3789,0.0
2025-01-16 02:47:00,0.3786,0.3786,0.3783,0.3783,594.17
2025-01-16 02:48:00,0.3786,0.3786,0.3783,0.3786,453.98
2025-01-16 02:49:00,0.3787,0.3787,0.3787,0.3787,252.36
2025-01-16 02:50:00,0.3782,0.3782,0.3781,0.3781,634.17
2025-01-16 02:51:00,0.3784,0.3789,0.3784,0.3789,1251.96
2025-01-16 02:52:00,0.379,0.379,0.379,0.379,57.38
2025-01-16 02:53:00,0.379,0.379,0.379,0.379,0.0
2025-01-16 02:54:00,0.3781,0.3787,0.3781,0.3787,595.97
2025-01-16 02:55:00,0.3786,0.3786,0.3784,0.3785,3770.14
2025-01-16 02:56:00,0.3783,0.3786,0.3783,0.3784,1144.91
2025-01-16 02:57:00,0.3788,0.3789,0.3787,0.3789,354.71
2025-01-16 02:58:00,0.3791,0.3793,0.3791,0.3792,3480.98
2025-01-16 02:59:00,0.3791,0.3791,0.3791,0.3791,82.87
2025-01-16 03:00:00,0.3792,0.38,0.3792,0.3795,2071.07
2025-01-16 03:01:00,0.3796,0.3797,0.3795,0.3796,2550.56
2025-01-16 03:02:00,0.3799,0.3804,0.3799,0.3804,664.88
2025-01-16 03:03:00,0.3804,0.3807,0.3801,0.3801,5173.37
2025-01-16 03:04:00,0.3803,0.3809,0.3803,0.3807,3157.8
2025-01-16 03:05:00,0.3808,0.381,0.3808,0.381,395.47
2025-01-16 03:06:00,0.3811,0.3815,0.3811,0.3813,757.12
2025-01-16 03:07:00,0.381,0.381,0.381,0.381,16.52
2025-01-16 03:08:00,0.3808,0.3815,0.3808,0.3815,4496.4
2025-01-16 03:09:00,0.3812,0.3816,0.3812,0.3814,145.87
2025-01-16 03:10:00,0.3813,0.3815,0.3813,0.3815,78.11
2025-01-16 03:11:00,0.3817,0.3818,0.3817,0.3818,168.54
2025-01-16 03:12:00,0.3817,0.3817,0.3817,0.3817,16.7
2025-01-16 03:13:00,0.3814,0.3814,0.3812,0.3812,3385.44
2025-01-16 03:14:00,0.381,0.3816,0.381,0.3811,6693.25
2025-01-16 03:15:00,0.3811,0.3811,0.3804,0.3804,294.43
2025-01-16 03:16:00,0.3803,0.3805,0.3803,0.3803,109.12
2025-01-16 03:17:00,0.3806,0.381,0.3806,0.381,111.26
2025-01-16 03:18:00,0.381,0.3814,0.3804,0.3804,8719.69
2025-01-16 03:19:00,0.38,0.3801,0.3799,0.3799,2254.48
2025-01-16 03:20:00,0.3797,0.3797,0.3796,0.3797,92.43
2025-01-16 03:21:00,0.3802,0.3802,0.3802,0.3802,16.82
2025-01-16 03:22:00,0.3798,0.3798,0.3798,0.3798,16.77
2025-01-16 03:23:00,0.3799,0.3799,0.3795,0.3795,101.07
2025-01-16 03:24:00,0.3797,0.3797,0.3795,0.3795,44.26
2025-01-16 03:25:00,0.3795,0.3795,0.3794,0.3795,455.25
2025-01-16 03:26:00,0.38,0.38,0.3797,0.3797,31.75
2025-01-16 03:27:00,0.38,0.3802,0.38,0.3802,110.94
2025-01-16 03:28:00,0.3803,0.3803,0.3801,0.3803,3986.93
2025-01-16 03:29:00,0.38,0.38,0.38,0.38,16.69
2025-01-16 03:30:00,0.3795,0.3795,0.3786,0.3787,2120.86
2025-01-16 03:31:00,0.3784,0.3784,0.378,0.378,2715.82
2025-01-16 03:32:00,0.378,0.3782,0.3779,0.3782,4394.38
2025-01-16 03:33:00,0.378,0.3781,0.3774,0.3774,1602.22
2025-01-16 03:34:00,0.3777,0.3777,0.3777,0.3777,16.93
2025-01-16 03:35:00,0.3777,0.3777,0.3774,0.3774,30.75
2025-01-16 03:36:00,0.3776,0.3778,0.3772,0.3772,6824.44
2025-01-16 03:37:00,0.377,0.377,0.3768,0.3768,364.15
2025-01-16 03:38:00,0.3774,0.3777,0.3774,0.3777,35.95
2025-01-16 03:39:00,0.378,0.3782,0.378,0.3782,268.14
2025-01-16 03:40:00,0.378,0.3781,0.3779,0.3781,673.13
2025-01-16 03:41:00,0.3781,0.3785,0.3781,0.3785,457.44
2025-01-16 03:42:00,0.3785,0.3786,0.3785,0.3785,345.87
2025-01-16 03:43:00,0.378,0.3781,0.378,0.3781,474.4
2025-01-16 03:44:00,0.3784,0.3784,0.3783,0.3783,305.04
2025-01-16 03:45:00,0.3787,0.379,0.3785,0.3785,402.04
2025-01-16 03:46:00,0.3786,0.3791,0.3785,0.3791,646.96
2025-01-16 03:47:00,0.3785,0.3785,0.3785,0.3785,102.74
2025-01-16 03:48:00,0.3783,0.3783,0.3783,0.3783,16.88
2025-01-16 03:49:00,0.3782,0.3784,0.3781,0.3783,274.78
2025-01-16 03:50:00,0.3779,0.3779,0.3778,0.3778,412.93
2025-01-16 03:51:00,0.3778,0.3778,0.3775,0.3777,1503.18
2025-01-16 03:52:00,0.3776,0.3776,0.3776,0.3776,16.91
2025-01-16 03:53:00,0.3775,0.3776,0.3774,0.3774,1140.87
2025-01-16 03:54:00,0.378,0.378,0.378,0.378,16.93
2025-01-16 03:55:00,0.3779,0.3779,0.3779,0.3779,52.0
2025-01-16 03:56:00,0.3782,0.3782,0.3782,0.3782,39.7
2025-01-16 03:57:00,0.3782,0.3782,0.378,0.378,248.3
2025-01-16 03:58:00,0.378,0.3785,0.378,0.3785,68.9
2025-01-16 03:59:00,0.3787,0.3787,0.3786,0.3786,54.06
2025-01-16 04:00:00,0.3787,0.3789,0.3786,0.3786,1453.9
2025-01-16 04:01:00,0.3789,0.3792,0.3789,0.379,702.02
2025-01-16 04:02:00,0.379,0.379,0.379,0.379,0.0
2025-01-16 04:03:00,0.3782,0.3782,0.3782,0.3782,562.26
2025-01-16 04:04:00,0.3779,0.3779,0.3776,0.3776,1026.38
2025-01-16 04:05:00,0.3777,0.3779,0.3777,0.3779,106.48
2025-01-16 04:06:00,0.3778,0.3778,0.3775,0.3775,53.9
2025-01-16 04:07:00,0.3775,0.3775,0.3775,0.3775,0.0
2025-01-16 04:08:00,0.3777,0.3777,0.3777,0.3777,172.98
2025-01-16 04:09:00,0.3779,0.3781,0.3779,0.3781,919.3
2025-01-16 04:10:00,0.3782,0.3785,0.3782,0.3785,3291.69
2025-01-16 04:11:00,0.3784,0.3784,0.3784,0.3784,234.49
2025-01-16 04:12:00,0.3782,0.3786,0.3782,0.3786,6405.7
2025-01-16 04:13:00,0.3786,0.3786,0.3786,0.3786,28.71
2025-01-16 04:14:00,0.378,0.3782,0.378,0.3782,63.91
2025-01-16 04:15:00,0.3782,0.3782,0.3782,0.3782,0.0
2025-01-16 04:16:00,0.3784,0.3784,0.3784,0.3784,31.0
2025-01-16 04:17:00,0.3784,0.3784,0.3784,0.3784,43.61
2025-01-16 04:18:00,0.3784,0.3784,0.3784,0.3784,0.0
2025-01-16 04:19:00,0.3783,0.3783,0.3777,0.3778,186.17
2025-01-16 04:20:00,0.3779,0.3781,0.3779,0.3781,132.76
2025-01-16 04:21:00,0.3777,0.3777,0.3775,0.3777,86.22
2025-01-16 04:22:00,0.3775,0.3777,0.3775,0.3777,663.92
2025-01-16 04:23:00,0.3778,0.3778,0.3777,0.3777,35.45
2025-01-16 04:24:00,0.3775,0.3775,0.3773,0.3773,56.92
2025-01-16 04:25:00,0.3773,0.3773,0.3773,0.3773,0.0
2025-01-16 04:26:00,0.3773,0.3773,0.3771,0.3771,392.42
2025-01-16 04:27:00,0.377,0.377,0.377,0.377,16.94
2025-01-16 04:28:00,0.3774,0.3778,0.3774,0.3778,2778.82
2025-01-16 04:29:00,0.378,0.378,0.3776,0.3776,203.22
2025-01-16 04:30:00,0.3778,0.3778,0.3778,0.3778,45.96
2025-01-16 04:31:00,0.3779,0.3779,0.3775,0.3775,652.67
2025-01-16 04:32:00,0.3774,0.3774,0.3774,0.3774,573.72
2025-01-16 04:33:00,0.3774,0.3774,0.3774,0.3774,0.0
2025-01-16 04:34:00,0.3776,0.3777,0.3776,0.3777,55.03
2025-01-16 04:35:00,0.3777,0.3777,0.3777,0.3777,0.0
2025-01-16 04:36:00,0.3779,0.3782,0.3779,0.3781,249.49
2025-01-16 04:37:00,0.3784,0.3787,0.3784,0.3787,421.09
2025-01-16 04:38:00,0.3787,0.3787,0.3787,0.3787,54.19
2025-01-16 04:39:00,0.3787,0.3787,0.3787,0.3787,0.0
2025-01-16 04:40:00,0.3786,0.3786,0.3786,0.3786,2246.69
2025-01-16 04:41:00,0.3786,0.3786,0.3786,0.3786,0.0
2025-01-16 04:42:00,0.3784,0.3784,0.3784,0.3784,23.17
2025-01-16 04:43:00,0.3784,0.3784,0.3784,0.3784,0.0
2025-01-16 04:44:00,0.3787,0.3787,0.3786,0.3786,101.94
2025-01-16 04:45:00,0.3786,0.3786,0.3786,0.3786,0.0
2025-01-16 04:46:00,0.3781,0.3781,0.3781,0.3781,1577.51
2025-01-16 04:47:00,0.3782,0.3782,0.3782,0.3782,69.0
2025-01-16 04:48:00,0.3782,0.3786,0.3782,0.3786,456.35
2025-01-16 04:49:00,0.3789,0.379,0.3789,0.3789,728.0
2025-01-16 04:50:00,0.3789,0.3793,0.3789,0.3793,683.2
2025-01-16 04:51:00,0.3794,0.3794,0.3794,0.3794,68.0
2025-01-16 04:52:00,0.3794,0.3794,0.3794,0.3794,0.0
2025-01-16 04:53:00,0.3788,0.3789,0.3788,0.3789,53.78
2025-01-16 04:54:00,0.3791,0.3791,0.3791,0.3791,27.48
2025-01-16 04:55:00,0.3791,0.3791,0.3791,0.3791,820.34
2025-01-16 04:56:00,0.3791,0.3791,0.3791,0.3791,0.0
2025-01-16 04:57:00,0.3787,0.3787,0.3786,0.3786,92.13
2025-01-16 04:58:00,0.3789,0.3789,0.3789,0.3789,78.44
2025-01-16 04:59:00,0.3792,0.3793,0.3792,0.3793,135.0
2025-01-16 05:00:00,0.3793,0.3794,0.3792,0.3792,861.92
2025-01-16 05:01:00,0.3791,0.3792,0.379,0.379,1538.48
2025-01-16 05:02:00,0.379,0.379,0.379,0.379,0.0
2025-01-16 05:03:00,0.379,0.379,0.379,0.379,0.0
2025-01-16 05:04:00,0.3787,0.3791,0.3787,0.3791,247.13
2025-01-16 05:05:00,0.3791,0.3791,0.3791,0.3791,0.0
2025-01-16 05:06:00,0.379,0.379,0.3787,0.3788,389.84
2025-01-16 05:07:00,0.3786,0.3788,0.3786,0.3788,2818.81
2025-01-16 05:08:00,0.3787,0.379,0.3787,0.3788,103.78
2025-01-16 05:09:00,0.3788,0.3792,0.3788,0.3792,604.05
2025-01-16 05:10:00,0.3793,0.3793,0.3793,0.3793,16.81
2025-01-16 05:11:00,0.3787,0.3787,0.3787,0.3787,16.85
2025-01-16 05:12:00,0.3788,0.3788,0.3786,0.3787,97.63
2025-01-16 05:13:00,0.3787,0.3788,0.3781,0.3786,10891.83
2025-01-16 05:14:00,0.3786,0.3787,0.3786,0.3787,333.8
2025-01-16 05:15:00,0.3786,0.3787,0.3786,0.3786,501.82
2025-01-16 05:16:00,0.3778,0.378,0.3777,0.3779,3600.53
2025-01-16 05:17:00,0.378,0.3783,0.3779,0.3783,430.9
2025-01-16 05:18:00,0.3778,0.3778,0.3773,0.3776,1148.54
2025-01-16 05:19:00,0.3778,0.378,0.3776,0.378,953.66
2025-01-16 05:20:00,0.3782,0.3783,0.3781,0.3782,8168.77
2025-01-16 05:21:00,0.3783,0.3784,0.3783,0.3783,281.07
2025-01-16 05:22:00,0.3783,0.3785,0.3783,0.3784,916.35
2025-01-16 05:23:00,0.3785,0.3785,0.378,0.3785,10565.58
2025-01-16 05:24:00,0.3785,0.3785,0.3785,0.3785,16.88
2025-01-16 05:25:00,0.3783,0.3788,0.3783,0.3788,84.84
2025-01-16 05:26:00,0.379,0.379,0.3785,0.3785,705.54
2025-01-16 05:27:00,0.3787,0.3788,0.3786,0.3788,1187.03
2025-01-16 05:28:00,0.3788,0.3788,0.3787,0.3787,40.86
2025-01-16 05:29:00,0.3788,0.3788,0.3788,0.3788,16.87
2025-01-16 05:30:00,0.3792,0.3796,0.3792,0.3794,2610.08
2025-01-16 05:31:00,0.3793,0.3793,0.3793,0.3793,16.84
2025-01-16 05:32:00,0.3792,0.3792,0.379,0.379,326.84
2025-01-16 05:33:00,0.3795,0.3797,0.3795,0.3797,189.18
2025-01-16 05:34:00,0.3797,0.3798,0.3797,0.3798,391.0
2025-01-16 05:35:00,0.3798,0.3798,0.3798,0.3798,332.73
2025-01-16 05:36:00,0.3795,0.3795,0.3795,0.3795,53.08
2025-01-16 05:37:00,0.3796,0.3801,0.3796,0.3801,363.0
2025-01-16 05:38:00,0.3801,0.3801,0.3801,0.3801,87.3
2025-01-16 05:39:00,0.3796,0.38,0.3796,0.38,654.83
2025-01-16 05:40:00,0.3799,0.3799,0.3799,0.3799,156.33
2025-01-16 05:41:00,0.3798,0.3801,0.3798,0.3801,55.6
2025-01-16 05:42:00,0.3801,0.3801,0.3801,0.3801,0.0
2025-01-16 05:43:00,0.3801,0.3801,0.3801,0.3801,0.0
2025-01-16 05:44:00,0.3795,0.3798,0.3795,0.3798,71.17
2025-01-16 05:45:00,0.3797,0.3797,0.3797,0.3797,409.76
2025-01-16 05:46:00,0.3797,0.3799,0.3797,0.3799,75.82
2025-01-16 05:47:00,0.3801,0.3801,0.3801,0.3801,52.64
2025-01-16 05:48:00,0.3801,0.3801,0.3801,0.3801,400.0
2025-01-16 05:49:00,0.38,0.38,0.38,0.38,530.86
2025-01-16 05:50:00,0.3797,0.3801,0.3797,0.3801,1135.22
2025-01-16 05:51:00,0.3801,0.3801,0.3801,0.3801,0.0
2025-01-16 05:52:00,0.3796,0.3796,0.3794,0.3796,158.68
2025-01-16 05:53:00,0.3796,0.3796,0.3796,0.3796,771.06
2025-01-16 05:54:00,0.3792,0.3792,0.3792,0.3792,657.89
2025-01-16 05:55:00,0.3792,0.3793,0.3792,0.3793,199.86
2025-01-16 05:56:00,0.3791,0.3791,0.3791,0.3791,659.28
2025-01-16 05:57:00,0.3788,0.379,0.3788,0.379,124.31
2025-01-16 05:58:00,0.3787,0.3787,0.3786,0.3786,64.8
2025-01-16 05:59:00,0.3788,0.3788,0.3788,0.3788,201.0
2025-01-16 06:00:00,0.3787,0.3787,0.378,0.3781,4595.07
2025-01-16 06:01:00,0.3781,0.3781,0.3781,0.3781,0.0
2025-01-16 06:02:00,0.3778,0.3779,0.3777,0.3779,1235.7
2025-01-16 06:03:00,0.3782,0.3782,0.3782,0.3782,13.99
2025-01-16 06:04:00,0.3784,0.3784,0.3782,0.3784,99.71
2025-01-16 06:05:00,0.3786,0.3787,0.3786,0.3787,581.42
2025-01-16 06:06:00,0.3788,0.3788,0.3788,0.3788,252.0
2025-01-16 06:07:00,0.3791,0.3792,0.3791,0.3792,131.86
2025-01-16 06:08:00,0.3796,0.3796,0.3796,0.3796,54.0
2025-01-16 06:09:00,0.3794,0.3794,0.3794,0.3794,113.31
2025-01-16 06:10:00,0.3793,0.3793,0.3793,0.3793,48.0
2025-01-16 06:11:00,0.3794,0.3797,0.3794,0.3797,918.8
2025-01-16 06:12:00,0.3798,0.3798,0.3798,0.3798,68.0
2025-01-16 06:13:00,0.3795,0.3797,0.3795,0.3797,102.85
2025-01-16 06:14:00,0.3799,0.3799,0.3799,0.3799,16.78
2025-01-16 06:15:00,0.3801,0.3801,0.3801,0.3801,279.43
2025-01-16 06:16:00,0.3801,0.3801,0.3795,0.3795,2134.92
2025-01-16 06:17:00,0.3794,0.3795,0.3794,0.3795,221.05
2025-01-16 06:18:00,0.3795,0.3795,0.3795,0.3795,0.0
2025-01-16 06:19:00,0.3791,0.3795,0.3791,0.3795,435.14
2025-01-16 06:20:00,0.3794,0.3794,0.3793,0.3793,279.83
2025-01-16 06:21:00,0.3794,0.3795,0.3794,0.3795,595.0
2025-01-16 06:22:00,0.3795,0.3797,0.3795,0.3797,270.69
2025-01-16 06:23:00,0.38,0.3802,0.38,0.3802,268.04
2025-01-16 06:24:00,0.3801,0.3806,0.3801,0.3806,1846.7
2025-01-16 06:25:00,0.3807,0.3807,0.3804,0.3806,682.73
2025-01-16 06:26:00,0.3805,0.3807,0.3805,0.3807,624.77
2025-01-16 06:27:00,0.3809,0.3809,0.3807,0.3807,70.29
2025-01-16 06:28:00,0.3809,0.3819,0.3809,0.3818,1574.99
2025-01-16 06:29:00,0.3815,0.3816,0.3815,0.3815,405.49
2025-01-16 06:30:00,0.3815,0.3817,0.3814,0.3816,2296.61
2025-01-16 06:31:00,0.3813,0.382,0.3813,0.382,2282.8
2025-01-16 06:32:00,0.3819,0.3819,0.3812,0.3812,2284.5
2025-01-16 06:33:00,0.3814,0.3814,0.3813,0.3813,380.91
2025-01-16 06:34:00,0.3812,0.3814,0.3812,0.3814,167.26
2025-01-16 06:35:00,0.3814,0.3815,0.3814,0.3815,47.75
2025-01-16 06:36:00,0.3817,0.3818,0.3817,0.3818,436.09
2025-01-16 06:37:00,0.3817,0.3819,0.3817,0.3818,297.61
2025-01-16 06:38:00,0.3817,0.3817,0.3817,0.3817,52.95
2025-01-16 06:39:00,0.382,0.3823,0.382,0.3822,31466.65
2025-01-16 06:40:00,0.3816,0.3816,0.3816,0.3816,447.24
2025-01-16 06:41:00,0.3815,0.3818,0.3815,0.3818,454.31
2025-01-16 06:42:00,0.3813,0.3813,0.3813,0.3813,27.98
2025-01-16 06:43:00,0.3811,0.3811,0.381,0.381,82.0
2025-01-16 06:44:00,0.381,0.381,0.381,0.381,0.0
2025-01-16 06:45:00,0.3812,0.3812,0.3804,0.3805,626.07
2025-01-16 06:46:00,0.3806,0.3806,0.3806,0.3806,41.0
2025-01-16 06:47:00,0.3808,0.381,0.3808,0.381,628.0
2025-01-16 06:48:00,0.381,0.381,0.381,0.381,0.0
2025-01-16 06:49:00,0.3807,0.3807,0.3807,0.3807,27.36
2025-01-16 06:50:00,0.3809,0.3811,0.3809,0.3811,56.16
2025-01-16 06:51:00,0.3812,0.3816,0.3812,0.3815,1241.0
2025-01-16 06:52:00,0.3814,0.3814,0.3812,0.3812,278.6
2025-01-16 06:53:00,0.3811,0.3813,0.3811,0.3812,632.0
2025-01-16 06:54:00,0.3813,0.3813,0.3811,0.3811,89.21
2025-01-16 06:55:00,0.3809,0.3809,0.3809,0.3809,16.76
2025-01-16 06:56:00,0.3808,0.3811,0.3804,0.3811,11897.0
2025-01-16 06:57:00,0.3808,0.3809,0.3808,0.3809,75.26
2025-01-16 06:58:00,0.3809,0.3809,0.3809,0.3809,0.0
2025-01-16 06:59:00,0.3812,0.3813,0.3811,0.3811,478.69
2025-01-16 07:00:00,0.3814,0.3815,0.3812,0.3813,478.71
2025-01-16 07:01:00,0.3807,0.3807,0.3807,0.3807,16.75
2025-01-16 07:02:00,0.3807,0.381,0.3807,0.381,1282.0
2025-01-16 07:03:00,0.381,0.3813,0.381,0.3813,3350.0
2025-01-16 07:04:00,0.3813,0.3815,0.3813,0.3814,1693.29
2025-01-16 07:05:00,0.3815,0.3817,0.3815,0.3817,1197.0
2025-01-16 07:06:00,0.3815,0.3815,0.3815,0.3815,68.69
2025-01-16 07:07:00,0.3815,0.3815,0.3815,0.3815,0.0
2025-01-16 07:08:00,0.3808,0.3808,0.3807,0.3807,82.85
2025-01-16 07:09:00,0.3808,0.381,0.3808,0.381,515.0
2025-01-16 07:10:00,0.381,0.3811,0.3807,0.381,1932.39
2025-01-16 07:11:00,0.3812,0.3812,0.3812,0.3812,288.0
2025-01-16 07:12:00,0.381,0.3812,0.381,0.3812,2924.0
2025-01-16 07:13:00,0.3812,0.3815,0.3812,0.3815,308.19
2025-01-16 07:14:00,0.3814,0.3814,0.3814,0.3814,438.41
2025-01-16 07:15:00,0.3813,0.3815,0.3812,0.3815,149.75
2025-01-16 07:16:00,0.3814,0.3816,0.3812,0.3816,727.91
2025-01-16 07:17:00,0.3808,0.3808,0.3808,0.3808,29.52
2025-01-16 07:18:00,0.3809,0.3809,0.3809,0.3809,29.52
2025-01-16 07:19:00,0.3808,0.3808,0.3804,0.3807,1540.69
2025-01-16 07:20:00,0.3807,0.3809,0.3807,0.3809,154.23
2025-01-16 07:21:00,0.3807,0.3811,0.3807,0.3811,1823.58
2025-01-16 07:22:00,0.3807,0.3808,0.3807,0.3807,235.07
2025-01-16 07:23:00,0.3807,0.3809,0.3807,0.3809,1111.72
2025-01-16 07:24:00,0.3809,0.381,0.3809,0.3809,76.46
2025-01-16 07:25:00,0.3807,0.3807,0.3806,0.3806,68.56
2025-01-16 07:26:00,0.3802,0.3804,0.3801,0.3804,1813.39
2025-01-16 07:27:00,0.38,0.3802,0.3799,0.3802,1403.57
2025-01-16 07:28:00,0.3802,0.3802,0.3802,0.3802,0.0
2025-01-16 07:29:00,0.3802,0.3805,0.3802,0.3805,1042.0
2025-01-16 07:30:00,0.3809,0.3809,0.3809,0.3809,16.71
2025-01-16 07:31:00,0.3804,0.3804,0.3804,0.3804,15.18
2025-01-16 07:32:00,0.3801,0.3801,0.3801,0.3801,16.73
2025-01-16 07:33:00,0.3803,0.3803,0.3803,0.3803,16.73
2025-01-16 07:34:00,0.3805,0.3809,0.3805,0.3809,129.6
2025-01-16 07:35:00,0.3809,0.3809,0.3809,0.3809,16.75
2025-01-16 07:36:00,0.3805,0.3806,0.3803,0.3803,468.35
2025-01-16 07:37:00,0.3801,0.3803,0.3801,0.3802,1245.81
2025-01-16 07:38:00,0.3804,0.3804,0.3804,0.3804,72.07
2025-01-16 07:39:00,0.3804,0.3804,0.3803,0.3803,684.53
2025-01-16 07:40:00,0.3804,0.3804,0.3803,0.3803,461.68
2025-01-16 07:41:00,0.3801,0.3802,0.3801,0.3802,68.8
2025-01-16 07:42:00,0.3803,0.3803,0.3803,0.3803,16.78
2025-01-16 07:43:00,0.3802,0.3802,0.3799,0.3799,56.25
2025-01-16 07:44:00,0.3796,0.3798,0.3796,0.3798,5281.8
2025-01-16 07:45:00,0.3801,0.3801,0.3796,0.3796,43.68
2025-01-16 07:46:00,0.3796,0.3796,0.3791,0.3792,1501.92
2025-01-16 07:47:00,0.3793,0.3796,0.3793,0.3796,179.9
2025-01-16 07:48:00,0.3797,0.3797,0.3794,0.3794,316.04
2025-01-16 07:49:00,0.3794,0.3794,0.3792,0.3792,47.8
2025-01-16 07:50:00,0.3794,0.3796,0.3794,0.3794,153.35
2025-01-16 07:51:00,0.3794,0.3794,0.3791,0.3791,118.58
2025-01-16 07:52:00,0.3792,0.3794,0.3791,0.3793,2321.85
2025-01-16 07:53:00,0.3792,0.3794,0.379,0.3792,6089.41
2025-01-16 07:54:00,0.3792,0.3798,0.3792,0.3798,649.92
2025-01-16 07:55:00,0.3795,0.3795,0.3795,0.3795,16.82
2025-01-16 07:56:00,0.3798,0.3798,0.3798,0.3798,84.83
2025-01-16 07:57:00,0.3798,0.3798,0.3798,0.3798,16.78
2025-01-16 07:58:00,0.3798,0.38,0.3798,0.38,53.38
2025-01-16 07:59:00,0.3799,0.3801,0.3799,0.3801,76.81
2025-01-16 08:00:00,0.3801,0.3803,0.3801,0.3801,227.98
2025-01-16 08:01:00,0.3809,0.3811,0.3807,0.3808,1827.81
2025-01-16 08:02:00,0.3809,0.3809,0.3808,0.3808,504.63
2025-01-16 08:03:00,0.3806,0.3808,0.3806,0.3807,853.21
2025-01-16 08:04:00,0.3802,0.3807,0.3802,0.3805,758.74
2025-01-16 08:05:00,0.3805,0.3807,0.3802,0.3804,458.0
2025-01-16 08:06:00,0.3803,0.3805,0.3803,0.3805,153.12
2025-01-16 08:07:00,0.3806,0.3807,0.3803,0.3803,1255.74
2025-01-16 08:08:00,0.3803,0.3806,0.3801,0.3806,4396.44
2025-01-16 08:09:00,0.3804,0.3807,0.3803,0.3807,1707.1
2025-01-16 08:10:00,0.3807,0.3807,0.3805,0.3805,887.58
2025-01-16 08:11:00,0.3802,0.3806,0.3802,0.3806,474.57
2025-01-16 08:12:00,0.3805,0.3806,0.3805,0.3806,1290.0
2025-01-16 08:13:00,0.3806,0.3807,0.3805,0.3805,1029.15
2025-01-16 08:14:00,0.3804,0.3806,0.3802,0.3804,4617.23
2025-01-16 08:15:00,0.3806,0.381,0.3806,0.3806,1853.42
2025-01-16 08:16:00,0.3808,0.381,0.3808,0.381,2024.04
2025-01-16 08:17:00,0.3807,0.3807,0.38,0.38,1347.0
2025-01-16 08:18:00,0.3801,0.3801,0.3798,0.3798,2258.94
2025-01-16 08:19:00,0.3798,0.3798,0.3793,0.3793,8521.23
2025-01-16 08:20:00,0.3794,0.3794,0.379,0.3791,10125.23
2025-01-16 08:21:00,0.3791,0.3796,0.3791,0.3796,1111.02
2025-01-16 08:22:00,0.3796,0.3798,0.379,0.3791,1034.87
2025-01-16 08:23:00,0.3789,0.3789,0.3779,0.3781,76769.38
2025-01-16 08:24:00,0.378,0.3781,0.3779,0.3781,444.71
2025-01-16 08:25:00,0.3781,0.3787,0.3781,0.3785,3945.93
2025-01-16 08:26:00,0.3785,0.3785,0.3785,0.3785,58.47
2025-01-16 08:27:00,0.3787,0.3787,0.3786,0.3786,1077.95
2025-01-16 08:28:00,0.3785,0.3788,0.3785,0.3785,2275.65
2025-01-16 08:29:00,0.3784,0.3786,0.3784,0.3786,111.38
2025-01-16 08:30:00,0.3786,0.3789,0.3786,0.3789,3111.84
2025-01-16 08:31:00,0.3787,0.3787,0.3785,0.3785,657.2
2025-01-16 08:32:00,0.3777,0.3778,0.3774,0.3774,1385.01
2025-01-16 08:33:00,0.3773,0.3773,0.3766,0.3773,910.53
2025-01-16 08:34:00,0.3771,0.3774,0.377,0.377,3883.83
2025-01-16 08:35:00,0.3771,0.3772,0.377,0.3771,919.44
2025-01-16 08:36:00,0.3773,0.3774,0.3772,0.3774,305.82
2025-01-16 08:37:00,0.3774,0.3776,0.3773,0.3773,359.0
2025-01-16 08:38:00,0.3772,0.3772,0.3768,0.377,8775.55
2025-01-16 08:39:00,0.3771,0.3777,0.3771,0.3777,2423.88
2025-01-16 08:40:00,0.3773,0.3773,0.3768,0.3768,65.68
2025-01-16 08:41:00,0.3764,0.3765,0.3756,0.3757,9536.18
2025-01-16 08:42:00,0.3757,0.3759,0.3757,0.3758,1454.49
2025-01-16 08:43:00,0.3756,0.3756,0.3749,0.375,8130.4
2025-01-16 08:44:00,0.375,0.376,0.375,0.3752,8134.65
2025-01-16 08:45:00,0.375,0.3757,0.3749,0.3752,6011.1
2025-01-16 08:46:00,0.3749,0.375,0.3749,0.375,362.05
2025-01-16 08:47:00,0.3755,0.3755,0.3736,0.3741,13263.8
2025-01-16 08:48:00,0.374,0.3742,0.3737,0.3738,3147.15
2025-01-16 08:49:00,0.3738,0.3739,0.3736,0.3736,7748.36
2025-01-16 08:50:00,0.3737,0.3748,0.3736,0.3737,17729.55
2025-01-16 08:51:00,0.3738,0.3743,0.3735,0.374,22440.97
2025-01-16 08:52:00,0.3738,0.3742,0.3736,0.3737,20466.22
2025-01-16 08:53:00,0.3738,0.3759,0.3738,0.3756,29120.54
2025-01-16 08:54:00,0.375,0.375,0.3746,0.3746,5077.31
2025-01-16 08:55:00,0.3744,0.3753,0.3744,0.3753,808.55
2025-01-16 08:56:00,0.3751,0.3754,0.3751,0.3753,2292.74
2025-01-16 08:57:00,0.3757,0.376,0.3756,0.3756,230.81
2025-01-16 08:58:00,0.3758,0.376,0.375,0.3755,855.44
2025-01-16 08:59:00,0.3754,0.3754,0.3748,0.3748,1434.83
2025-01-16 09:00:00,0.3749,0.3751,0.3746,0.3746,7311.06
2025-01-16 09:01:00,0.3747,0.3754,0.3747,0.3748,1149.05
2025-01-16 09:02:00,0.3747,0.3747,0.3737,0.3737,17803.29
2025-01-16 09:03:00,0.3739,0.3741,0.3735,0.3739,9485.76
2025-01-16 09:04:00,0.3737,0.3743,0.3736,0.3743,7038.91
2025-01-16 09:05:00,0.3745,0.3749,0.3743,0.3743,441.79
2025-01-16 09:06:00,0.374,0.3741,0.3737,0.3739,5264.26
2025-01-16 09:07:00,0.374,0.374,0.3738,0.3739,131.82
2025-01-16 09:08:00,0.3737,0.375,0.3737,0.375,4341.94
2025-01-16 09:09:00,0.3751,0.3753,0.3751,0.3752,2443.04
2025-01-16 09:10:00,0.3754,0.3754,0.3749,0.3751,713.63
2025-01-16 09:11:00,0.3751,0.3751,0.3748,0.3748,11708.04
2025-01-16 09:12:00,0.3749,0.375,0.3749,0.375,1330.0
2025-01-16 09:13:00,0.3748,0.3749,0.3748,0.3749,1330.0
2025-01-16 09:14:00,0.3749,0.3751,0.3749,0.3751,7654.13
2025-01-16 09:15:00,0.3745,0.3749,0.3743,0.3749,4830.69
2025-01-16 09:16:00,0.3748,0.3752,0.3746,0.3748,15622.78
2025-01-16 09:17:00,0.3748,0.3749,0.3746,0.3749,3560.7
2025-01-16 09:18:00,0.3746,0.3749,0.3746,0.3749,1280.5
2025-01-16 09:19:00,0.3748,0.3749,0.3748,0.3749,660.0
2025-01-16 09:20:00,0.3745,0.3746,0.3739,0.3739,4636.36
2025-01-16 09:21:00,0.3739,0.3741,0.3738,0.3741,1847.29
2025-01-16 09:22:00,0.3738,0.3738,0.3736,0.3738,243.78
2025-01-16 09:23:00,0.3738,0.3739,0.3737,0.3739,1799.45
2025-01-16 09:24:00,0.3739,0.3739,0.3739,0.3739,71.92
2025-01-16 09:25:00,0.3746,0.3748,0.3746,0.3748,3393.0
2025-01-16 09:26:00,0.3746,0.3748,0.3746,0.3747,2524.34
2025-01-16 09:27:00,0.3754,0.3757,0.3754,0.3757,2123.68
2025-01-16 09:28:00,0.3752,0.3752,0.3752,0.3752,50.12
2025-01-16 09:29:00,0.3747,0.3748,0.3747,0.3748,542.56
2025-01-16 09:30:00,0.3742,0.3742,0.3742,0.3742,52.53
2025-01-16 09:31:00,0.3739,0.3739,0.3735,0.3736,11686.6
2025-01-16 09:32:00,0.3736,0.3738,0.3736,0.3738,413.49
2025-01-16 09:33:00,0.3736,0.3742,0.3736,0.3741,4979.06
2025-01-16 09:34:00,0.3739,0.374,0.3739,0.374,362.36
2025-01-16 09:35:00,0.3741,0.3743,0.3741,0.3743,841.96
2025-01-16 09:36:00,0.3743,0.3749,0.3743,0.3749,2897.36
2025-01-16 09:37:00,0.3753,0.3755,0.3753,0.3755,143.23
2025-01-16 09:38:00,0.3754,0.3754,0.3754,0.3754,132.77
2025-01-16 09:39:00,0.3754,0.3755,0.3754,0.3755,2367.56
2025-01-16 09:40:00,0.3756,0.3756,0.3756,0.3756,1158.25
2025-01-16 09:41:00,0.3756,0.3756,0.3756,0.3756,0.0
2025-01-16 09:42:00,0.3752,0.3752,0.3748,0.3748,8125.85
2025-01-16 09:43:00,0.3751,0.3751,0.3751,0.3751,180.0
2025-01-16 09:44:00,0.3751,0.3751,0.3751,0.3751,0.0
2025-01-16 09:45:00,0.3751,0.3751,0.3751,0.3751,0.0
2025-01-16 09:46:00,0.3761,0.3772,0.3761,0.3772,4249.58
2025-01-16 09:47:00,0.3773,0.3774,0.3772,0.3772,8678.99
2025-01-16 09:48:00,0.3772,0.3778,0.3772,0.3778,3405.91
2025-01-16 09:49:00,0.3777,0.3781,0.3777,0.378,4450.26
2025-01-16 09:50:00,0.378,0.3781,0.3776,0.3779,8846.25
2025-01-16 09:51:00,0.378,0.3781,0.3777,0.3777,2637.86
2025-01-16 09:52:00,0.3777,0.3777,0.3777,0.3777,0.0
2025-01-16 09:53:00,0.378,0.378,0.378,0.378,19.0
2025-01-16 09:54:00,0.3777,0.3777,0.3775,0.3775,8364.29
2025-01-16 09:55:00,0.3775,0.3775,0.3775,0.3775,0.0
2025-01-16 09:56:00,0.3775,0.3775,0.3775,0.3775,0.0
2025-01-16 09:57:00,0.3775,0.3775,0.3775,0.3775,0.0
2025-01-16 09:58:00,0.3772,0.3773,0.3772,0.3773,70.35
2025-01-16 09:59:00,0.3773,0.3773,0.3773,0.3773,0.0
2025-01-16 10:00:00,0.3777,0.3778,0.3775,0.3775,404.38
2025-01-16 10:01:00,0.3769,0.3769,0.3767,0.3767,579.03
2025-01-16 10:02:00,0.3763,0.3764,0.3763,0.3764,123.71
2025-01-16 10:03:00,0.3764,0.3765,0.376,0.3763,1568.65
2025-01-16 10:04:00,0.3762,0.3763,0.3762,0.3763,71.05
2025-01-16 10:05:00,0.3759,0.376,0.3759,0.376,755.04
2025-01-16 10:06:00,0.3761,0.3762,0.3761,0.3762,238.91
2025-01-16 10:07:00,0.376,0.3763,0.3759,0.3763,617.82
2025-01-16 10:08:00,0.3763,0.3767,0.3763,0.3764,734.42
2025-01-16 10:09:00,0.3765,0.377,0.3765,0.377,6445.59
2025-01-16 10:10:00,0.3764,0.3764,0.3764,0.3764,39.85
2025-01-16 10:11:00,0.3765,0.3766,0.3763,0.3763,1096.43
2025-01-16 10:12:00,0.3764,0.3767,0.3763,0.3767,4818.49
2025-01-16 10:13:00,0.3767,0.3767,0.3767,0.3767,0.0
2025-01-16 10:14:00,0.3764,0.3765,0.3764,0.3765,1631.34
2025-01-16 10:15:00,0.3763,0.3763,0.3763,0.3763,187.36
2025-01-16 10:16:00,0.3763,0.3763,0.3763,0.3763,0.0
2025-01-16 10:17:00,0.3763,0.3763,0.3763,0.3763,0.0
2025-01-16 10:18:00,0.3756,0.376,0.3756,0.376,650.76
2025-01-16 10:19:00,0.3761,0.3761,0.3758,0.3761,15142.74
2025-01-16 10:20:00,0.3761,0.3761,0.3761,0.3761,0.0
2025-01-16 10:21:00,0.3761,0.3763,0.3761,0.3763,360.98
2025-01-16 10:22:00,0.3763,0.3763,0.3763,0.3763,0.0
2025-01-16 10:23:00,0.3762,0.3764,0.3762,0.3764,95.99
2025-01-16 10:24:00,0.3764,0.3764,0.3761,0.3761,1825.39
2025-01-16 10:25:00,0.3762,0.3762,0.3762,0.3762,103.41
2025-01-16 10:26:00,0.3763,0.3765,0.3763,0.3765,332.61
2025-01-16 10:27:00,0.3764,0.3767,0.3764,0.3767,839.73
2025-01-16 10:28:00,0.3764,0.3764,0.3764,0.3764,487.97
2025-01-16 10:29:00,0.3764,0.3764,0.3764,0.3764,0.0
2025-01-16 10:30:00,0.3762,0.3764,0.3761,0.3763,8184.02
2025-01-16 10:31:00,0.3765,0.3768,0.3765,0.3767,1035.71
2025-01-16 10:32:00,0.3764,0.3765,0.3764,0.3765,457.93
2025-01-16 10:33:00,0.3763,0.3763,0.3762,0.3763,603.12
2025-01-16 10:34:00,0.3763,0.3765,0.3763,0.3765,445.65
2025-01-16 10:35:00,0.3767,0.3767,0.3767,0.3767,278.8
2025-01-16 10:36:00,0.3769,0.3769,0.3769,0.3769,16.0
2025-01-16 10:37:00,0.3768,0.377,0.3768,0.377,262.22
2025-01-16 10:38:00,0.3771,0.3771,0.3769,0.377,473.74
2025-01-16 10:39:00,0.377,0.377,0.377,0.377,0.0
2025-01-16 10:40:00,0.377,0.377,0.377,0.377,0.0
2025-01-16 10:41:00,0.3762,0.3762,0.3762,0.3762,1044.6
2025-01-16 10:42:00,0.3762,0.3762,0.3762,0.3762,700.66
2025-01-16 10:43:00,0.3763,0.3763,0.3763,0.3763,386.91
2025-01-16 10:44:00,0.3763,0.3763,0.3763,0.3763,0.0
2025-01-16 10:45:00,0.3753,0.3754,0.3753,0.3754,215.0
2025-01-16 10:46:00,0.3753,0.3757,0.3753,0.3757,609.85
2025-01-16 10:47:00,0.3761,0.3761,0.3761,0.3761,16.88
2025-01-16 10:48:00,0.3759,0.3759,0.3759,0.3759,16.99
2025-01-16 10:49:00,0.376,0.376,0.376,0.376,264.11
2025-01-16 10:50:00,0.3762,0.3762,0.3762,0.3762,100.2
2025-01-16 10:51:00,0.3764,0.3764,0.3764,0.3764,922.88
2025-01-16 10:52:00,0.3764,0.3764,0.3764,0.3764,0.0
2025-01-16 10:53:00,0.3769,0.3769,0.3769,0.3769,26.52
2025-01-16 10:54:00,0.3769,0.3769,0.3769,0.3769,0.0
2025-01-16 10:55:00,0.3769,0.3769,0.3769,0.3769,0.0
2025-01-16 10:56:00,0.3764,0.3764,0.3764,0.3764,54.97
2025-01-16 10:57:00,0.3765,0.3766,0.3765,0.3766,1806.84
2025-01-16 10:58:00,0.3764,0.3764,0.3762,0.3762,495.17
2025-01-16 10:59:00,0.3763,0.3766,0.3763,0.3766,680.19
2025-01-16 11:00:00,0.3764,0.3765,0.3763,0.3765,871.96
2025-01-16 11:01:00,0.3764,0.377,0.3764,0.3767,1086.24
2025-01-16 11:02:00,0.3768,0.377,0.3768,0.377,61.49
2025-01-16 11:03:00,0.377,0.377,0.377,0.377,56.23
2025-01-16 11:04:00,0.377,0.377,0.3764,0.3767,1152.55
2025-01-16 11:05:00,0.3767,0.3767,0.3767,0.3767,0.0
2025-01-16 11:06:00,0.3758,0.376,0.3753,0.3753,1350.31
2025-01-16 11:07:00,0.3753,0.3753,0.3753,0.3753,0.0
2025-01-16 11:08:00,0.3746,0.3747,0.3746,0.3747,289.68
2025-01-16 11:09:00,0.3747,0.3769,0.3747,0.3769,5090.06
2025-01-16 11:10:00,0.3767,0.3768,0.3764,0.3766,5116.8
2025-01-16 11:11:00,0.377,0.3775,0.377,0.3775,1997.37
2025-01-16 11:12:00,0.3773,0.3794,0.3771,0.3794,3643.94
2025-01-16 11:13:00,0.3792,0.3797,0.3788,0.3797,6680.49
2025-01-16 11:14:00,0.3798,0.3798,0.3789,0.3789,4327.37
2025-01-16 11:15:00,0.3789,0.3791,0.3776,0.3776,1462.23
2025-01-16 11:16:00,0.3774,0.3776,0.3758,0.3761,16288.74
2025-01-16 11:17:00,0.3766,0.3766,0.3755,0.3758,3045.31
2025-01-16 11:18:00,0.3768,0.3769,0.3759,0.3759,4281.17
2025-01-16 11:19:00,0.3758,0.3761,0.3753,0.3757,4948.74
2025-01-16 11:20:00,0.376,0.3769,0.376,0.3769,2579.57
2025-01-16 11:21:00,0.3764,0.3775,0.3761,0.3775,1838.3
2025-01-16 11:22:00,0.3777,0.378,0.3777,0.378,335.16
2025-01-16 11:23:00,0.378,0.378,0.378,0.378,533.0
2025-01-16 11:24:00,0.3772,0.3779,0.3772,0.3775,6811.2
2025-01-16 11:25:00,0.3772,0.3775,0.3772,0.3774,4293.74
2025-01-16 11:26:00,0.3773,0.3778,0.3773,0.3778,2405.69
2025-01-16 11:27:00,0.3781,0.3782,0.3779,0.3782,3698.47
2025-01-16 11:28:00,0.3784,0.3784,0.3778,0.3779,3300.4
2025-01-16 11:29:00,0.3775,0.3775,0.3775,0.3775,16.86
2025-01-16 11:30:00,0.3774,0.3777,0.3773,0.3773,3955.89
2025-01-16 11:31:00,0.3777,0.378,0.3777,0.378,151.19
2025-01-16 11:32:00,0.3775,0.3781,0.3775,0.3781,1195.68
2025-01-16 11:33:00,0.3781,0.3784,0.3778,0.3779,3389.43
2025-01-16 11:34:00,0.3782,0.3782,0.3782,0.3782,16.9
2025-01-16 11:35:00,0.3778,0.378,0.3777,0.3777,794.51
2025-01-16 11:36:00,0.3774,0.3774,0.3774,0.3774,97.13
2025-01-16 11:37:00,0.377,0.3773,0.3767,0.3773,2468.26
2025-01-16 11:38:00,0.377,0.377,0.377,0.377,70.0
2025-01-16 11:39:00,0.3771,0.3776,0.3771,0.3771,673.82
2025-01-16 11:40:00,0.3773,0.378,0.3773,0.3778,1434.01
2025-01-16 11:41:00,0.3779,0.3781,0.3779,0.378,3192.94
2025-01-16 11:42:00,0.3781,0.3792,0.3781,0.3792,3653.57
2025-01-16 11:43:00,0.3791,0.3798,0.379,0.3798,4677.58
2025-01-16 11:44:00,0.3795,0.3802,0.3795,0.3798,5560.19
2025-01-16 11:45:00,0.3796,0.3798,0.3792,0.3792,5293.56
2025-01-16 11:46:00,0.3793,0.3796,0.379,0.3794,645.93
2025-01-16 11:47:00,0.3796,0.3801,0.3796,0.3801,218.27
2025-01-16 11:48:00,0.38,0.38,0.3796,0.3797,1078.91
2025-01-16 11:49:00,0.3799,0.3803,0.3799,0.3803,610.0
2025-01-16 11:50:00,0.3804,0.3811,0.3804,0.3811,7025.14
2025-01-16 11:51:00,0.3808,0.3808,0.3802,0.3804,755.91
2025-01-16 11:52:00,0.3807,0.381,0.3807,0.381,7718.95
2025-01-16 11:53:00,0.3809,0.3809,0.3808,0.3808,151.75
2025-01-16 11:54:00,0.3809,0.3816,0.3808,0.3816,11847.15
2025-01-16 11:55:00,0.3817,0.3823,0.3817,0.3823,1687.62
2025-01-16 11:56:00,0.3823,0.3823,0.382,0.3823,9130.14
2025-01-16 11:57:00,0.3822,0.3822,0.3818,0.382,944.67
2025-01-16 11:58:00,0.3822,0.3832,0.382,0.3829,8290.98
2025-01-16 11:59:00,0.3829,0.3835,0.3829,0.3833,3233.97
2025-01-16 12:00:00,0.3831,0.3842,0.3831,0.3841,8185.12
2025-01-16 12:01:00,0.384,0.384,0.3826,0.3829,5551.87
2025-01-16 12:02:00,0.383,0.383,0.382,0.382,822.44
2025-01-16 12:03:00,0.3813,0.3826,0.3813,0.3825,7242.71
2025-01-16 12:04:00,0.3827,0.3827,0.382,0.382,1538.69
2025-01-16 12:05:00,0.3816,0.3821,0.3812,0.3821,1069.96
2025-01-16 12:06:00,0.3825,0.383,0.3823,0.3826,2688.42
2025-01-16 12:07:00,0.3826,0.3832,0.3825,0.383,5858.68
2025-01-16 12:08:00,0.3837,0.3839,0.3828,0.3828,1350.57
2025-01-16 12:09:00,0.3825,0.3831,0.3822,0.3822,7922.99
2025-01-16 12:10:00,0.382,0.3823,0.3819,0.3821,823.18
2025-01-16 12:11:00,0.3823,0.3834,0.3823,0.3834,2637.41
2025-01-16 12:12:00,0.3836,0.3844,0.3836,0.3842,15800.62
2025-01-16 12:13:00,0.3841,0.3844,0.3841,0.3843,160.55
2025-01-16 12:14:00,0.3844,0.3854,0.3842,0.3854,5078.14
2025-01-16 12:15:00,0.3852,0.3859,0.3852,0.3857,1564.61
2025-01-16 12:16:00,0.3845,0.385,0.3845,0.385,2764.08
2025-01-16 12:17:00,0.3853,0.3855,0.3848,0.3848,561.68
2025-01-16 12:18:00,0.3851,0.3851,0.3846,0.385,628.62
2025-01-16 12:19:00,0.3849,0.3857,0.3846,0.3852,1189.23
2025-01-16 12:20:00,0.3855,0.3871,0.3855,0.387,5355.81
2025-01-16 12:21:00,0.3869,0.3871,0.3865,0.3865,3124.54
2025-01-16 12:22:00,0.3866,0.3877,0.3866,0.3877,11900.51
2025-01-16 12:23:00,0.3876,0.3878,0.3868,0.3868,4554.1
2025-01-16 12:24:00,0.3871,0.3873,0.3865,0.3867,4834.82
2025-01-16 12:25:00,0.3869,0.3872,0.3861,0.3861,7798.0
2025-01-16 12:26:00,0.3861,0.3866,0.3859,0.3866,1665.82
2025-01-16 12:27:00,0.3867,0.3867,0.3856,0.3856,2345.71
2025-01-16 12:28:00,0.3855,0.3863,0.3855,0.3863,276.15
2025-01-16 12:29:00,0.3864,0.3864,0.386,0.3864,13007.66
2025-01-16 12:30:00,0.3862,0.3869,0.386,0.3868,2132.24
2025-01-16 12:31:00,0.3872,0.3874,0.3868,0.3874,1016.98
2025-01-16 12:32:00,0.3874,0.3874,0.3869,0.3874,4719.7
2025-01-16 12:33:00,0.3877,0.388,0.387,0.3871,17034.14
2025-01-16 12:34:00,0.3874,0.3885,0.3874,0.3884,4175.52
2025-01-16 12:35:00,0.3887,0.3891,0.3881,0.3891,1836.95
2025-01-16 12:36:00,0.3892,0.3893,0.389,0.3893,1358.77
2025-01-16 12:37:00,0.3894,0.3895,0.3891,0.3891,4305.93
2025-01-16 12:38:00,0.3894,0.3895,0.3892,0.3892,606.13
2025-01-16 12:39:00,0.3892,0.3896,0.3892,0.3896,2477.93
2025-01-16 12:40:00,0.3894,0.3894,0.3889,0.3889,6610.04
2025-01-16 12:41:00,0.3894,0.3898,0.389,0.3896,7999.48
2025-01-16 12:42:00,0.3899,0.3899,0.3889,0.3892,4880.94
2025-01-16 12:43:00,0.3889,0.3891,0.3885,0.3886,4380.11
2025-01-16 12:44:00,0.3886,0.3895,0.3885,0.3895,4354.91
2025-01-16 12:45:00,0.3895,0.3895,0.389,0.3891,1910.94
2025-01-16 12:46:00,0.3893,0.3898,0.3892,0.3898,143.61
2025-01-16 12:47:00,0.39,0.3907,0.39,0.3903,6198.99
2025-01-16 12:48:00,0.3903,0.3909,0.3903,0.3906,4866.64
2025-01-16 12:49:00,0.3902,0.3903,0.3897,0.3899,8630.47
2025-01-16 12:50:00,0.3898,0.3908,0.3898,0.3906,5676.08
2025-01-16 12:51:00,0.3906,0.3907,0.3904,0.3907,2388.68
2025-01-16 12:52:00,0.3905,0.3917,0.3904,0.3917,3404.48
2025-01-16 12:53:00,0.3915,0.3918,0.3914,0.3917,2211.91
2025-01-16 12:54:00,0.3916,0.392,0.3915,0.3918,2856.62
2025-01-16 12:55:00,0.3918,0.3918,0.3912,0.3912,6112.02
2025-01-16 12:56:00,0.3911,0.3912,0.3904,0.3904,16039.21
2025-01-16 12:57:00,0.3907,0.3908,0.39,0.3908,1000.03
2025-01-16 12:58:00,0.391,0.3918,0.391,0.3915,2025.28
2025-01-16 12:59:00,0.3916,0.3919,0.3916,0.3917,575.37
2025-01-16 13:00:00,0.3918,0.3927,0.3915,0.3927,3806.66
2025-01-16 13:01:00,0.3926,0.3926,0.391,0.3916,41377.43
2025-01-16 13:02:00,0.3911,0.3914,0.3908,0.3911,2628.0
2025-01-16 13:03:00,0.3912,0.3919,0.3911,0.3912,6109.14
2025-01-16 13:04:00,0.3911,0.3911,0.3895,0.3895,3474.06
2025-01-16 13:05:00,0.3896,0.3896,0.3878,0.388,21813.83
2025-01-16 13:06:00,0.3885,0.3891,0.3873,0.3873,5136.17
2025-01-16 13:07:00,0.3876,0.388,0.3864,0.3864,4986.86
2025-01-16 13:08:00,0.3865,0.388,0.3861,0.3874,6069.92
2025-01-16 13:09:00,0.387,0.387,0.3863,0.3865,4916.78
2025-01-16 13:10:00,0.3863,0.3871,0.3859,0.3871,9597.77
2025-01-16 13:11:00,0.3874,0.3874,0.3855,0.3855,9114.99
2025-01-16 13:12:00,0.3855,0.3855,0.384,0.3841,18312.13
2025-01-16 13:13:00,0.384,0.3851,0.3838,0.3838,11772.65
2025-01-16 13:14:00,0.3836,0.3844,0.383,0.3841,11001.76
2025-01-16 13:15:00,0.3839,0.385,0.3833,0.385,10130.89
2025-01-16 13:16:00,0.385,0.3852,0.3846,0.3852,10444.61
2025-01-16 13:17:00,0.3849,0.386,0.3847,0.3858,2836.33
2025-01-16 13:18:00,0.3859,0.3866,0.3855,0.3859,565.81
2025-01-16 13:19:00,0.3862,0.3863,0.3853,0.3853,236.49
2025-01-16 13:20:00,0.3849,0.3851,0.3844,0.3846,796.6
2025-01-16 13:21:00,0.3846,0.385,0.3839,0.3845,11367.77
2025-01-16 13:22:00,0.3847,0.3852,0.3847,0.385,787.65
2025-01-16 13:23:00,0.3848,0.3855,0.3848,0.3855,530.2
2025-01-16 13:24:00,0.3855,0.3866,0.3855,0.3866,713.65
2025-01-16 13:25:00,0.3866,0.3873,0.3866,0.3867,3826.2
2025-01-16 13:26:00,0.3862,0.387,0.3861,0.3867,797.45
2025-01-16 13:27:00,0.3869,0.3869,0.3869,0.3869,532.32
2025-01-16 13:28:00,0.3863,0.3864,0.3852,0.3854,1837.3
2025-01-16 13:29:00,0.3854,0.3855,0.3822,0.3822,33260.22
2025-01-16 13:30:00,0.3821,0.3851,0.3813,0.385,55163.79
2025-01-16 13:31:00,0.3851,0.3864,0.3846,0.3846,35115.43
2025-01-16 13:32:00,0.3844,0.3848,0.3833,0.3848,9777.98
2025-01-16 13:33:00,0.3848,0.3856,0.3837,0.3856,5400.55
2025-01-16 13:34:00,0.3858,0.386,0.3843,0.3849,2579.39
2025-01-16 13:35:00,0.3843,0.3851,0.3843,0.3851,119.0
2025-01-16 13:36:00,0.386,0.386,0.3837,0.3837,3408.89
2025-01-16 13:37:00,0.384,0.3845,0.383,0.3844,2309.72
2025-01-16 13:38:00,0.385,0.3865,0.385,0.3862,2965.13
2025-01-16 13:39:00,0.3864,0.3868,0.3852,0.3867,12318.55
2025-01-16 13:40:00,0.386,0.3866,0.384,0.384,15261.21
2025-01-16 13:41:00,0.384,0.3861,0.3836,0.3861,2491.75
2025-01-16 13:42:00,0.3861,0.3869,0.3859,0.3869,1895.4
2025-01-16 13:43:00,0.3853,0.3853,0.3848,0.3849,3677.33
2025-01-16 13:44:00,0.386,0.3864,0.3858,0.3864,4567.43
2025-01-16 13:45:00,0.3858,0.3859,0.3846,0.3848,12470.73
2025-01-16 13:46:00,0.3841,0.3847,0.3836,0.3847,26359.52
2025-01-16 13:47:00,0.3846,0.3863,0.3846,0.3863,6806.81
2025-01-16 13:48:00,0.3859,0.3861,0.3851,0.3851,230.24
2025-01-16 13:49:00,0.3849,0.3849,0.384,0.3841,1792.65
2025-01-16 13:50:00,0.3842,0.3845,0.3836,0.3836,5371.65
2025-01-16 13:51:00,0.384,0.3846,0.3836,0.3836,1502.0
2025-01-16 13:52:00,0.3836,0.3852,0.3836,0.3852,6049.92
2025-01-16 13:53:00,0.3847,0.3855,0.3847,0.385,4750.04
2025-01-16 13:54:00,0.3855,0.3855,0.3848,0.3848,69.0
2025-01-16 13:55:00,0.3847,0.3847,0.3838,0.3838,1292.93
2025-01-16 13:56:00,0.3843,0.385,0.3839,0.385,2217.59
2025-01-16 13:57:00,0.385,0.385,0.385,0.385,0.0
2025-01-16 13:58:00,0.385,0.3852,0.3838,0.3838,351.32
2025-01-16 13:59:00,0.384,0.384,0.384,0.384,391.15
2025-01-16 14:00:00,0.3838,0.3845,0.3838,0.3841,4255.59
2025-01-16 14:01:00,0.3847,0.3849,0.3841,0.3841,107.6
2025-01-16 14:02:00,0.3838,0.384,0.3829,0.3837,2762.57
2025-01-16 14:03:00,0.3839,0.3839,0.382,0.3825,5017.27
2025-01-16 14:04:00,0.3824,0.3828,0.3819,0.3826,5092.19
2025-01-16 14:05:00,0.3825,0.3843,0.3821,0.3835,9439.23
2025-01-16 14:06:00,0.3839,0.3842,0.383,0.3831,2251.01
2025-01-16 14:07:00,0.3832,0.3833,0.3819,0.3822,3143.61
2025-01-16 14:08:00,0.382,0.3823,0.3812,0.3822,5224.83
2025-01-16 14:09:00,0.3822,0.3827,0.3821,0.3821,6130.13
2025-01-16 14:10:00,0.3821,0.3826,0.3821,0.3824,9143.36
2025-01-16 14:11:00,0.3825,0.3832,0.3825,0.3825,1299.55
2025-01-16 14:12:00,0.3828,0.384,0.3827,0.384,15350.82
2025-01-16 14:13:00,0.3839,0.3847,0.3837,0.3847,4062.02
2025-01-16 14:14:00,0.3845,0.3847,0.3841,0.3847,3711.45
2025-01-16 14:15:00,0.3844,0.3853,0.3844,0.3853,3477.53
2025-01-16 14:16:00,0.3854,0.3854,0.3844,0.3847,6366.02
2025-01-16 14:17:00,0.3844,0.3845,0.3839,0.3845,3658.13
2025-01-16 14:18:00,0.3844,0.3844,0.3838,0.3844,1778.63
2025-01-16 14:19:00,0.3845,0.3845,0.384,0.3842,977.57
2025-01-16 14:20:00,0.3844,0.3846,0.3835,0.3839,2579.69
2025-01-16 14:21:00,0.3838,0.3838,0.3831,0.3832,2918.67
2025-01-16 14:22:00,0.3833,0.3833,0.3826,0.383,2196.63
2025-01-16 14:23:00,0.3831,0.3838,0.3827,0.3836,5108.49
2025-01-16 14:24:00,0.3833,0.3835,0.383,0.3832,1085.68
2025-01-16 14:25:00,0.3832,0.384,0.3832,0.3836,2191.35
2025-01-16 14:26:00,0.3838,0.3838,0.3831,0.3831,4211.88
2025-01-16 14:27:00,0.3828,0.383,0.3824,0.3827,1502.66
2025-01-16 14:28:00,0.3825,0.3833,0.3825,0.3833,803.17
2025-01-16 14:29:00,0.3831,0.3831,0.383,0.383,3443.82
2025-01-16 14:30:00,0.383,0.3831,0.3821,0.3821,1019.22
2025-01-16 14:31:00,0.3818,0.3824,0.3808,0.3808,5086.47
2025-01-16 14:32:00,0.3809,0.3811,0.3802,0.3802,1935.2
2025-01-16 14:33:00,0.3801,0.3802,0.3796,0.3796,8134.61
2025-01-16 14:34:00,0.3796,0.3812,0.3795,0.3807,9241.79
2025-01-16 14:35:00,0.3819,0.3822,0.3808,0.3816,659.03
2025-01-16 14:36:00,0.3817,0.3818,0.3813,0.3813,469.96
2025-01-16 14:37:00,0.3811,0.3811,0.3802,0.3803,4024.29
2025-01-16 14:38:00,0.3801,0.381,0.3801,0.3803,4887.05
2025-01-16 14:39:00,0.3804,0.3804,0.38,0.3802,751.85
2025-01-16 14:40:00,0.3801,0.3805,0.3795,0.3795,2768.22
2025-01-16 14:41:00,0.3799,0.3801,0.3779,0.3779,6062.73
2025-01-16 14:42:00,0.3782,0.3785,0.3773,0.3773,3904.86
2025-01-16 14:43:00,0.3774,0.3789,0.3766,0.3768,22690.36
2025-01-16 14:44:00,0.3765,0.377,0.3756,0.3758,10763.19
2025-01-16 14:45:00,0.376,0.3761,0.3741,0.3741,26258.49
2025-01-16 14:46:00,0.374,0.3762,0.3735,0.3755,27840.45
2025-01-16 14:47:00,0.3745,0.3746,0.3719,0.3729,13146.62
2025-01-16 14:48:00,0.3731,0.3763,0.3725,0.3745,58475.33
2025-01-16 14:49:00,0.3743,0.3753,0.3725,0.3726,18333.26
2025-01-16 14:50:00,0.3729,0.3755,0.3725,0.3752,26556.54
2025-01-16 14:51:00,0.3752,0.3754,0.3729,0.3735,13131.36
2025-01-16 14:52:00,0.3739,0.3766,0.3739,0.376,18693.29
2025-01-16 14:53:00,0.3761,0.3775,0.3761,0.377,12978.41
2025-01-16 14:54:00,0.377,0.377,0.3741,0.3744,11714.59
2025-01-16 14:55:00,0.3743,0.3754,0.3741,0.3741,4918.34
2025-01-16 14:56:00,0.3741,0.3744,0.3735,0.3737,5324.08
2025-01-16 14:57:00,0.3735,0.3757,0.3735,0.3757,8250.9
2025-01-16 14:58:00,0.3756,0.3759,0.3749,0.3752,1899.41
2025-01-16 14:59:00,0.3751,0.3754,0.375,0.3754,3196.74
2025-01-16 15:00:00,0.3748,0.3753,0.3744,0.3744,1704.48
2025-01-16 15:01:00,0.3745,0.3745,0.3735,0.3735,4836.98
2025-01-16 15:02:00,0.3744,0.3762,0.3736,0.3762,4996.1
2025-01-16 15:03:00,0.3764,0.3777,0.3758,0.3775,8812.89
2025-01-16 15:04:00,0.3775,0.378,0.3763,0.3774,3096.45
2025-01-16 15:05:00,0.3776,0.3781,0.3757,0.3771,4966.33
2025-01-16 15:06:00,0.3775,0.3787,0.3775,0.3787,4441.48
2025-01-16 15:07:00,0.3785,0.3787,0.3768,0.3782,5984.77
2025-01-16 15:08:00,0.3786,0.3786,0.3767,0.3767,1293.58
2025-01-16 15:09:00,0.377,0.3791,0.377,0.3788,3526.78
2025-01-16 15:10:00,0.379,0.38,0.3785,0.3791,3444.91
2025-01-16 15:11:00,0.3794,0.3799,0.3794,0.3799,588.24
2025-01-16 15:12:00,0.3785,0.3785,0.3776,0.3778,7096.47
2025-01-16 15:13:00,0.3773,0.3773,0.3768,0.3772,538.55
2025-01-16 15:14:00,0.3772,0.3775,0.377,0.377,28724.42
2025-01-16 15:15:00,0.3769,0.3787,0.3769,0.3787,5073.42
2025-01-16 15:16:00,0.3784,0.3793,0.3783,0.3787,14108.5
2025-01-16 15:17:00,0.3793,0.3794,0.3787,0.3787,564.56
2025-01-16 15:18:00,0.3789,0.3794,0.3788,0.3793,1022.33
2025-01-16 15:19:00,0.3795,0.3795,0.3789,0.3789,207.5
2025-01-16 15:20:00,0.379,0.3793,0.3785,0.3793,1690.14
2025-01-16 15:21:00,0.3794,0.3802,0.3794,0.3802,900.78
2025-01-16 15:22:00,0.3801,0.3803,0.38,0.38,765.23
2025-01-16 15:23:00,0.3793,0.3793,0.3789,0.3793,651.81
2025-01-16 15:24:00,0.3797,0.3803,0.3797,0.3799,1065.92
2025-01-16 15:25:00,0.3801,0.3803,0.3795,0.38,6043.62
2025-01-16 15:26:00,0.3804,0.3805,0.3798,0.3803,879.13
2025-01-16 15:27:00,0.3802,0.3802,0.3801,0.3801,494.91
2025-01-16 15:28:00,0.38,0.3803,0.38,0.3801,673.46
2025-01-16 15:29:00,0.3801,0.3805,0.38,0.3805,1459.5
2025-01-16 15:30:00,0.3806,0.3807,0.3799,0.3807,3268.75
2025-01-16 15:31:00,0.3806,0.3807,0.3792,0.3792,2612.57
2025-01-16 15:32:00,0.3795,0.3797,0.3794,0.3796,647.76
2025-01-16 15:33:00,0.3795,0.38,0.3793,0.3793,425.95
2025-01-16 15:34:00,0.3795,0.3797,0.3784,0.3784,415.55
2025-01-16 15:35:00,0.3788,0.379,0.3785,0.3788,1552.28
2025-01-16 15:36:00,0.3784,0.3786,0.3777,0.3781,6944.47
2025-01-16 15:37:00,0.3781,0.3794,0.3781,0.3793,2416.87
2025-01-16 15:38:00,0.3795,0.3799,0.3795,0.3799,1227.23
2025-01-16 15:39:00,0.3805,0.3806,0.3805,0.3805,2679.84
2025-01-16 15:40:00,0.3795,0.3795,0.3787,0.3787,1159.25
2025-01-16 15:41:00,0.3788,0.3788,0.3782,0.3783,353.44
2025-01-16 15:42:00,0.3783,0.3785,0.3782,0.3783,3004.29
2025-01-16 15:43:00,0.3782,0.3787,0.378,0.3786,6726.96
2025-01-16 15:44:00,0.3786,0.3792,0.3786,0.3789,441.81
2025-01-16 15:45:00,0.3785,0.3787,0.3781,0.3781,698.43
2025-01-16 15:46:00,0.3782,0.3787,0.3782,0.3787,74.29
2025-01-16 15:47:00,0.3786,0.3791,0.3786,0.3791,655.74
2025-01-16 15:48:00,0.3791,0.3791,0.3791,0.3791,0.0
2025-01-16 15:49:00,0.3798,0.3803,0.3798,0.3803,299.79
2025-01-16 15:50:00,0.3803,0.3808,0.3803,0.3806,2915.3
2025-01-16 15:51:00,0.3808,0.3812,0.3808,0.3812,2662.13
2025-01-16 15:52:00,0.3813,0.3813,0.3811,0.3811,142.65
2025-01-16 15:53:00,0.3809,0.3815,0.3809,0.3815,889.17
2025-01-16 15:54:00,0.3812,0.3817,0.3812,0.3816,361.61
2025-01-16 15:55:00,0.3815,0.3818,0.3814,0.3816,90.37
2025-01-16 15:56:00,0.382,0.3821,0.3816,0.3816,346.6
2025-01-16 15:57:00,0.3816,0.3821,0.3816,0.3821,68.56
2025-01-16 15:58:00,0.3822,0.3826,0.3822,0.3826,33.4
2025-01-16 15:59:00,0.3829,0.3833,0.3829,0.3832,2501.81
2025-01-16 16:00:00,0.3832,0.3834,0.3831,0.3832,4701.24
2025-01-16 16:01:00,0.3836,0.3843,0.3836,0.3843,1365.51
2025-01-16 16:02:00,0.3843,0.3849,0.3843,0.3845,2096.03
2025-01-16 16:03:00,0.3847,0.3853,0.3846,0.3852,1638.92
2025-01-16 16:04:00,0.3853,0.3862,0.3853,0.3862,3233.95
2025-01-16 16:05:00,0.3858,0.3863,0.3857,0.3858,2658.43
2025-01-16 16:06:00,0.386,0.3878,0.386,0.3878,7925.31
2025-01-16 16:07:00,0.3878,0.388,0.387,0.388,3822.45
2025-01-16 16:08:00,0.3879,0.3883,0.3877,0.3881,488.68
2025-01-16 16:09:00,0.3881,0.3886,0.3879,0.3885,5830.6
2025-01-16 16:10:00,0.3877,0.3877,0.3872,0.3872,638.87
2025-01-16 16:11:00,0.3865,0.3866,0.3865,0.3865,256.05
2025-01-16 16:12:00,0.3871,0.3874,0.3871,0.3874,727.03
2025-01-16 16:13:00,0.3875,0.3875,0.3871,0.3871,168.48
2025-01-16 16:14:00,0.387,0.387,0.386,0.386,414.98
2025-01-16 16:15:00,0.3859,0.3868,0.3856,0.3863,1245.94
2025-01-16 16:16:00,0.3852,0.3855,0.3851,0.3855,264.62
2025-01-16 16:17:00,0.3854,0.3854,0.3845,0.3847,667.89
2025-01-16 16:18:00,0.3846,0.385,0.3845,0.3849,2911.25
2025-01-16 16:19:00,0.3853,0.3859,0.3852,0.3859,2056.33
2025-01-16 16:20:00,0.3854,0.3854,0.3853,0.3853,535.5
2025-01-16 16:21:00,0.3849,0.3859,0.3849,0.3857,8816.82
2025-01-16 16:22:00,0.3857,0.3862,0.3857,0.3862,727.53
2025-01-16 16:23:00,0.3862,0.3871,0.3862,0.3871,3360.58
2025-01-16 16:24:00,0.3869,0.3871,0.3868,0.387,451.82
2025-01-16 16:25:00,0.3869,0.387,0.3868,0.387,460.41
2025-01-16 16:26:00,0.3872,0.3877,0.3872,0.3875,1863.93
2025-01-16 16:27:00,0.3876,0.3876,0.3872,0.3872,941.06
2025-01-16 16:28:00,0.3874,0.3884,0.3874,0.3877,20931.66
2025-01-16 16:29:00,0.3877,0.3879,0.3876,0.3877,1895.6
2025-01-16 16:30:00,0.3873,0.3877,0.3873,0.3877,1239.31
2025-01-16 16:31:00,0.3877,0.3877,0.3871,0.3875,11060.67
2025-01-16 16:32:00,0.3875,0.3875,0.3864,0.3864,306.74
2025-01-16 16:33:00,0.3866,0.387,0.3865,0.3869,3224.86
2025-01-16 16:34:00,0.3869,0.3869,0.3867,0.3867,1177.98
2025-01-16 16:35:00,0.3863,0.3863,0.3854,0.3855,2411.21
2025-01-16 16:36:00,0.3863,0.3863,0.3859,0.386,1036.31
2025-01-16 16:37:00,0.3862,0.387,0.3862,0.3868,1145.66
2025-01-16 16:38:00,0.3859,0.3859,0.3859,0.3859,16.5
2025-01-16 16:39:00,0.3858,0.3865,0.3858,0.3865,43.72
2025-01-16 16:40:00,0.3869,0.3872,0.3869,0.3872,1874.21
2025-01-16 16:41:00,0.3869,0.3869,0.3864,0.3864,13018.74
2025-01-16 16:42:00,0.3862,0.3862,0.3856,0.3856,1658.84
2025-01-16 16:43:00,0.3854,0.3861,0.3854,0.3861,206.91
2025-01-16 16:44:00,0.3863,0.3863,0.3862,0.3862,160.5
2025-01-16 16:45:00,0.3864,0.3867,0.3864,0.3866,830.4
2025-01-16 16:46:00,0.3865,0.3876,0.3865,0.3875,12318.18
2025-01-16 16:47:00,0.3868,0.3868,0.3866,0.3866,1094.32
2025-01-16 16:48:00,0.3868,0.3868,0.3856,0.3857,5723.92
2025-01-16 16:49:00,0.3856,0.386,0.3856,0.386,249.7
2025-01-16 16:50:00,0.3859,0.3859,0.3851,0.3853,613.91
2025-01-16 16:51:00,0.385,0.3854,0.3849,0.3854,355.29
2025-01-16 16:52:00,0.3853,0.3854,0.3852,0.3853,3610.45
2025-01-16 16:53:00,0.3857,0.3859,0.3857,0.3857,1852.66
2025-01-16 16:54:00,0.3855,0.3855,0.3847,0.3851,3620.8
2025-01-16 16:55:00,0.3851,0.3858,0.3851,0.3853,13288.73
2025-01-16 16:56:00,0.3854,0.3854,0.3853,0.3854,529.64
2025-01-16 16:57:00,0.3854,0.3855,0.3853,0.3855,159.06
2025-01-16 16:58:00,0.3854,0.3854,0.3854,0.3854,87.01
2025-01-16 16:59:00,0.3857,0.386,0.3852,0.3857,7438.53
2025-01-16 17:00:00,0.3852,0.3853,0.384,0.384,37673.77
2025-01-16 17:01:00,0.3838,0.3843,0.3838,0.3843,3006.04
2025-01-16 17:02:00,0.3844,0.3849,0.3844,0.3849,1251.19
2025-01-16 17:03:00,0.385,0.3851,0.3842,0.3843,2030.45
2025-01-16 17:04:00,0.3845,0.3851,0.3845,0.3851,1524.58
2025-01-16 17:05:00,0.3851,0.3851,0.3846,0.3848,4803.18
2025-01-16 17:06:00,0.3848,0.385,0.3848,0.3848,1627.43
2025-01-16 17:07:00,0.3847,0.3847,0.3843,0.3846,7064.1
2025-01-16 17:08:00,0.3846,0.3846,0.3844,0.3844,69.55
2025-01-16 17:09:00,0.3845,0.3846,0.3843,0.3844,278.96
2025-01-16 17:10:00,0.3842,0.3844,0.3842,0.3843,1107.51
2025-01-16 17:11:00,0.3843,0.3848,0.3843,0.3845,278.69
2025-01-16 17:12:00,0.3845,0.3854,0.3845,0.3853,7264.59
2025-01-16 17:13:00,0.3848,0.3849,0.3848,0.3848,332.25
2025-01-16 17:14:00,0.385,0.385,0.3848,0.3849,7140.31
2025-01-16 17:15:00,0.3848,0.3852,0.3843,0.3849,31253.6
2025-01-16 17:16:00,0.3851,0.3855,0.385,0.3853,1453.9
2025-01-16 17:17:00,0.3849,0.3857,0.3849,0.3857,1561.12
2025-01-16 17:18:00,0.3857,0.3857,0.3854,0.3854,233.61
2025-01-16 17:19:00,0.3863,0.3864,0.3861,0.3863,956.48
2025-01-16 17:20:00,0.3863,0.3869,0.3863,0.3867,3130.2
2025-01-16 17:21:00,0.3864,0.3866,0.3864,0.3866,3221.38
2025-01-16 17:22:00,0.3865,0.3866,0.3863,0.3865,582.25
2025-01-16 17:23:00,0.3863,0.387,0.3863,0.387,1155.07
2025-01-16 17:24:00,0.3872,0.3872,0.3872,0.3872,402.83
2025-01-16 17:25:00,0.3874,0.3875,0.387,0.387,1524.42
2025-01-16 17:26:00,0.3869,0.3872,0.3869,0.3872,4744.58
2025-01-16 17:27:00,0.3874,0.3874,0.3872,0.3873,452.8
2025-01-16 17:28:00,0.3873,0.3873,0.3873,0.3873,531.64
2025-01-16 17:29:00,0.3874,0.3875,0.3874,0.3874,1613.39
2025-01-16 17:30:00,0.3874,0.3882,0.3874,0.3882,83231.84
2025-01-16 17:31:00,0.3881,0.3883,0.3881,0.3882,343.36
2025-01-16 17:32:00,0.3882,0.3882,0.3882,0.3882,0.0
2025-01-16 17:33:00,0.3882,0.3883,0.3882,0.3883,7600.41
2025-01-16 17:34:00,0.3883,0.3883,0.3883,0.3883,39.42
2025-01-16 17:35:00,0.3883,0.3883,0.3883,0.3883,41.65
2025-01-16 17:36:00,0.3887,0.389,0.3887,0.389,368.33
2025-01-16 17:37:00,0.3889,0.3889,0.3889,0.3889,16.42
2025-01-16 17:38:00,0.3888,0.3888,0.3888,0.3888,369.07
2025-01-16 17:39:00,0.3891,0.3891,0.3882,0.3882,3156.78
2025-01-16 17:40:00,0.3877,0.388,0.3877,0.3879,449.43
2025-01-16 17:41:00,0.3878,0.3881,0.3877,0.3881,1345.05
2025-01-16 17:42:00,0.3882,0.3883,0.3878,0.3879,1765.38
2025-01-16 17:43:00,0.3882,0.3883,0.3878,0.3878,155.5
2025-01-16 17:44:00,0.3878,0.3878,0.3878,0.3878,95.77
2025-01-16 17:45:00,0.3878,0.3882,0.3878,0.3882,5612.51
2025-01-16 17:46:00,0.3877,0.3878,0.3875,0.3876,372.64
2025-01-16 17:47:00,0.3873,0.3873,0.387,0.387,6756.64
2025-01-16 17:48:00,0.387,0.3872,0.3863,0.3864,8997.24
2025-01-16 17:49:00,0.3866,0.3868,0.3866,0.3868,275.35
2025-01-16 17:50:00,0.387,0.3874,0.387,0.3874,5406.17
2025-01-16 17:51:00,0.3874,0.3876,0.3873,0.3876,2239.66
2025-01-16 17:52:00,0.3876,0.3876,0.3876,0.3876,0.0
2025-01-16 17:53:00,0.388,0.388,0.388,0.388,266.74
2025-01-16 17:54:00,0.388,0.388,0.388,0.388,0.0
2025-01-16 17:55:00,0.3885,0.3891,0.3885,0.3889,2625.41
2025-01-16 17:56:00,0.3891,0.3894,0.3891,0.3893,5682.98
2025-01-16 17:57:00,0.3893,0.3893,0.3893,0.3893,137.72
2025-01-16 17:58:00,0.3891,0.3891,0.389,0.389,852.85
2025-01-16 17:59:00,0.3889,0.3889,0.3889,0.3889,98.91
2025-01-16 18:00:00,0.3889,0.389,0.3888,0.3888,386.73
2025-01-16 18:01:00,0.3888,0.3893,0.3888,0.3893,752.89
2025-01-16 18:02:00,0.3895,0.3897,0.3892,0.3897,908.6
2025-01-16 18:03:00,0.3897,0.3902,0.3897,0.3901,5892.19
2025-01-16 18:04:00,0.3902,0.3908,0.39,0.3908,9214.3
2025-01-16 18:05:00,0.3908,0.3913,0.3908,0.3913,1064.44
2025-01-16 18:06:00,0.3913,0.3915,0.3909,0.3909,1097.21
2025-01-16 18:07:00,0.3914,0.3915,0.3912,0.3912,253.04
2025-01-16 18:08:00,0.3913,0.3917,0.3913,0.3917,327.78
2025-01-16 18:09:00,0.3917,0.3918,0.3914,0.3914,432.17
2025-01-16 18:10:00,0.3913,0.3913,0.3909,0.3909,1157.41
2025-01-16 18:11:00,0.3909,0.3909,0.3904,0.3904,4562.19
2025-01-16 18:12:00,0.3903,0.3906,0.3903,0.3906,454.98
2025-01-16 18:13:00,0.3907,0.3907,0.3904,0.3904,199.37
2025-01-16 18:14:00,0.3904,0.3906,0.3903,0.3906,386.53
2025-01-16 18:15:00,0.3906,0.3906,0.39,0.39,619.33
2025-01-16 18:16:00,0.39,0.39,0.3895,0.3895,1715.97
2025-01-16 18:17:00,0.3894,0.3894,0.3891,0.3891,474.05
2025-01-16 18:18:00,0.3891,0.3891,0.3886,0.3887,4143.25
2025-01-16 18:19:00,0.3889,0.3891,0.3887,0.3887,433.89
2025-01-16 18:20:00,0.3887,0.3894,0.3887,0.3894,783.23
2025-01-16 18:21:00,0.3896,0.3896,0.3893,0.3893,608.59
2025-01-16 18:22:00,0.3892,0.3893,0.3889,0.3891,1859.73
2025-01-16 18:23:00,0.3892,0.3896,0.3892,0.3896,171.01
2025-01-16 18:24:00,0.3893,0.3893,0.389,0.389,597.8
2025-01-16 18:25:00,0.3891,0.3891,0.3889,0.3891,1397.68
2025-01-16 18:26:00,0.3892,0.3892,0.3886,0.3886,1891.15
2025-01-16 18:27:00,0.388,0.3883,0.3878,0.3881,2106.22
2025-01-16 18:28:00,0.3879,0.3881,0.3879,0.3881,920.17
2025-01-16 18:29:00,0.3881,0.3882,0.3876,0.3879,4630.46
2025-01-16 18:30:00,0.3875,0.3878,0.3872,0.3878,3153.18
2025-01-16 18:31:00,0.3879,0.388,0.3878,0.3878,1899.97
2025-01-16 18:32:00,0.3874,0.3874,0.3874,0.3874,1655.47
2025-01-16 18:33:00,0.387,0.3875,0.3867,0.3875,2430.82
2025-01-16 18:34:00,0.3872,0.3872,0.3866,0.3868,3228.91
2025-01-16 18:35:00,0.3868,0.3871,0.3868,0.3871,577.37
2025-01-16 18:36:00,0.387,0.3873,0.3865,0.3865,9378.19
2025-01-16 18:37:00,0.3865,0.3866,0.3863,0.3866,3837.69
2025-01-16 18:38:00,0.3868,0.3868,0.3861,0.3863,1790.28
2025-01-16 18:39:00,0.3864,0.3864,0.3864,0.3864,354.4
2025-01-16 18:40:00,0.387,0.387,0.387,0.387,2470.46
2025-01-16 18:41:00,0.3875,0.3877,0.3875,0.3877,605.52
2025-01-16 18:42:00,0.387,0.3873,0.387,0.3873,1910.81
2025-01-16 18:43:00,0.3873,0.3873,0.3873,0.3873,1653.39
2025-01-16 18:44:00,0.387,0.387,0.3867,0.3867,1671.07
2025-01-16 18:45:00,0.3869,0.3869,0.3867,0.3867,1709.5
2025-01-16 18:46:00,0.3865,0.3865,0.3864,0.3865,520.3
2025-01-16 18:47:00,0.3867,0.3869,0.3864,0.3864,1676.43
2025-01-16 18:48:00,0.3863,0.3863,0.3861,0.3861,1474.45
2025-01-16 18:49:00,0.3863,0.3872,0.3863,0.3872,503.65
2025-01-16 18:50:00,0.3874,0.3875,0.3873,0.3873,1701.9
2025-01-16 18:51:00,0.3873,0.3875,0.3871,0.3871,564.85
2025-01-16 18:52:00,0.3872,0.3872,0.3869,0.3871,651.48
2025-01-16 18:53:00,0.3876,0.3883,0.3876,0.3881,1180.17
2025-01-16 18:54:00,0.3883,0.3885,0.3883,0.3884,2665.16
2025-01-16 18:55:00,0.3884,0.3887,0.3879,0.3879,13520.31
2025-01-16 18:56:00,0.3879,0.3881,0.3879,0.388,4174.47
2025-01-16 18:57:00,0.3882,0.3882,0.3882,0.3882,432.22
2025-01-16 18:58:00,0.388,0.388,0.3876,0.3877,3569.12
2025-01-16 18:59:00,0.3879,0.3882,0.3877,0.3877,5738.08
2025-01-16 19:00:00,0.3877,0.3877,0.3866,0.3867,6664.42
2025-01-16 19:01:00,0.3867,0.3869,0.3867,0.3867,1821.46
2025-01-16 19:02:00,0.387,0.3874,0.3867,0.3868,6127.01
2025-01-16 19:03:00,0.3869,0.3874,0.3869,0.3874,2290.12
2025-01-16 19:04:00,0.3875,0.3881,0.3871,0.3881,3289.26
2025-01-16 19:05:00,0.3882,0.3882,0.388,0.388,3926.12
2025-01-16 19:06:00,0.388,0.3882,0.388,0.3882,47.55
2025-01-16 19:07:00,0.3889,0.3891,0.3889,0.3891,1135.82
2025-01-16 19:08:00,0.3894,0.3894,0.3889,0.3889,402.72
2025-01-16 19:09:00,0.389,0.3892,0.389,0.3891,301.45
2025-01-16 19:10:00,0.3892,0.3895,0.3891,0.3895,743.69
2025-01-16 19:11:00,0.3895,0.3896,0.3895,0.3896,1994.87
2025-01-16 19:12:00,0.3898,0.3898,0.3896,0.3897,2196.86
2025-01-16 19:13:00,0.3899,0.3902,0.3899,0.3902,1591.79
2025-01-16 19:14:00,0.3904,0.3904,0.3901,0.3902,251.19
2025-01-16 19:15:00,0.39,0.39,0.3893,0.3895,8987.73
2025-01-16 19:16:00,0.3894,0.3897,0.3893,0.3897,338.17
2025-01-16 19:17:00,0.39,0.3901,0.3897,0.3897,444.29
2025-01-16 19:18:00,0.3895,0.3898,0.3895,0.3898,1182.06
2025-01-16 19:19:00,0.3898,0.3899,0.3896,0.3899,256.4
2025-01-16 19:20:00,0.39,0.39,0.39,0.39,16.35
2025-01-16 19:21:00,0.39,0.3901,0.3899,0.39,420.72
2025-01-16 19:22:00,0.3901,0.3901,0.3892,0.3893,2985.22
2025-01-16 19:23:00,0.3893,0.3893,0.3891,0.3891,136.3
2025-01-16 19:24:00,0.3892,0.3896,0.3891,0.3896,1004.26
2025-01-16 19:25:00,0.3894,0.3898,0.389,0.3898,2507.94
2025-01-16 19:26:00,0.3898,0.3898,0.3898,0.3898,170.39
2025-01-16 19:27:00,0.3897,0.3897,0.3897,0.3897,16.39
2025-01-16 19:28:00,0.3899,0.3899,0.3899,0.3899,175.31
2025-01-16 19:29:00,0.39,0.3902,0.39,0.3902,381.15
2025-01-16 19:30:00,0.3901,0.3901,0.3894,0.3897,3810.68
2025-01-16 19:31:00,0.3896,0.3899,0.3896,0.3899,1409.25
2025-01-16 19:32:00,0.3896,0.3898,0.3895,0.3897,6030.51
2025-01-16 19:33:00,0.3899,0.3899,0.3897,0.3898,973.25
2025-01-16 19:34:00,0.39,0.3902,0.39,0.3902,246.27
2025-01-16 19:35:00,0.3902,0.3902,0.3901,0.3901,3148.48
2025-01-16 19:36:00,0.3899,0.3906,0.3899,0.3906,2289.86
2025-01-16 19:37:00,0.3907,0.391,0.3907,0.3908,2478.28
2025-01-16 19:38:00,0.3907,0.3916,0.3907,0.3915,546.01
2025-01-16 19:39:00,0.3915,0.3915,0.3915,0.3915,18.57
2025-01-16 19:40:00,0.3912,0.3912,0.3912,0.3912,13.04
2025-01-16 19:41:00,0.3912,0.3912,0.3909,0.3909,223.33
2025-01-16 19:42:00,0.3909,0.3909,0.3909,0.3909,1481.49
2025-01-16 19:43:00,0.3907,0.3908,0.3907,0.3908,54.73
2025-01-16 19:44:00,0.3913,0.3913,0.3911,0.3912,449.35
2025-01-16 19:45:00,0.391,0.3914,0.391,0.3914,2339.22
2025-01-16 19:46:00,0.3912,0.3912,0.3912,0.3912,16.32
2025-01-16 19:47:00,0.3914,0.3914,0.3911,0.3911,1662.25
2025-01-16 19:48:00,0.391,0.3915,0.391,0.3915,4196.99
2025-01-16 19:49:00,0.392,0.3921,0.3917,0.3917,2979.46
2025-01-16 19:50:00,0.3919,0.3919,0.3913,0.3915,2383.05
2025-01-16 19:51:00,0.3915,0.3916,0.3913,0.3913,2093.15
2025-01-16 19:52:00,0.3913,0.392,0.3913,0.392,1298.12
2025-01-16 19:53:00,0.3918,0.3923,0.3918,0.3922,70.75
2025-01-16 19:54:00,0.3924,0.3924,0.3923,0.3923,230.29
2025-01-16 19:55:00,0.3923,0.3924,0.3921,0.3924,969.66
2025-01-16 19:56:00,0.3924,0.3929,0.3924,0.3928,2635.42
2025-01-16 19:57:00,0.3927,0.393,0.3927,0.3929,59.83
2025-01-16 19:58:00,0.3928,0.3937,0.3928,0.3936,2991.52
2025-01-16 19:59:00,0.3937,0.3941,0.3935,0.3937,14757.71
2025-01-16 20:00:00,0.3936,0.3939,0.3936,0.3936,2334.77
2025-01-16 20:01:00,0.3938,0.3941,0.3936,0.3941,841.76
2025-01-16 20:02:00,0.3942,0.3944,0.394,0.394,2495.0
2025-01-16 20:03:00,0.3943,0.3947,0.3943,0.3947,585.95
2025-01-16 20:04:00,0.3946,0.3946,0.3934,0.3937,11587.12
2025-01-16 20:05:00,0.3935,0.3936,0.3924,0.3926,13143.42
2025-01-16 20:06:00,0.3925,0.3928,0.3924,0.3925,2309.29
2025-01-16 20:07:00,0.3924,0.3925,0.3924,0.3924,2034.5
2025-01-16 20:08:00,0.3924,0.3929,0.3924,0.3929,7363.55
2025-01-16 20:09:00,0.3929,0.3931,0.3928,0.3928,2863.81
2025-01-16 20:10:00,0.3928,0.3928,0.392,0.392,3630.55
2025-01-16 20:11:00,0.3921,0.3927,0.3917,0.3927,1823.39
2025-01-16 20:12:00,0.3927,0.3928,0.3926,0.3926,1907.05
2025-01-16 20:13:00,0.3926,0.3926,0.3926,0.3926,585.8
2025-01-16 20:14:00,0.3931,0.3931,0.3926,0.3926,801.81
2025-01-16 20:15:00,0.3926,0.3931,0.3926,0.3931,4476.76
2025-01-16 20:16:00,0.3928,0.3928,0.3925,0.3926,427.46
2025-01-16 20:17:00,0.3928,0.3928,0.3917,0.392,4318.88
2025-01-16 20:18:00,0.3917,0.3917,0.391,0.391,4041.97
2025-01-16 20:19:00,0.391,0.3914,0.391,0.3914,1788.72
2025-01-16 20:20:00,0.3915,0.3918,0.3915,0.3917,3148.29
2025-01-16 20:21:00,0.3916,0.3921,0.3915,0.3921,2180.92
2025-01-16 20:22:00,0.3923,0.3923,0.3913,0.3913,3176.47
2025-01-16 20:23:00,0.3917,0.3917,0.3908,0.3909,6580.93
2025-01-16 20:24:00,0.391,0.3914,0.3906,0.3906,3398.36
2025-01-16 20:25:00,0.3906,0.3909,0.3904,0.3904,7679.47
2025-01-16 20:26:00,0.3903,0.3911,0.3902,0.391,8208.16
2025-01-16 20:27:00,0.3908,0.3908,0.3904,0.3908,2198.13
2025-01-16 20:28:00,0.3908,0.3914,0.3908,0.3914,687.57
2025-01-16 20:29:00,0.3912,0.3918,0.3911,0.3918,2114.14
2025-01-16 20:30:00,0.3916,0.3918,0.3912,0.3912,3308.07
2025-01-16 20:31:00,0.3913,0.3913,0.391,0.3912,1566.45
2025-01-16 20:32:00,0.3912,0.3917,0.3911,0.3917,1324.5
2025-01-16 20:33:00,0.3918,0.3918,0.3914,0.3915,2584.62
2025-01-16 20:34:00,0.3917,0.3922,0.3917,0.3922,351.29
2025-01-16 20:35:00,0.3915,0.392,0.3915,0.392,1871.62
2025-01-16 20:36:00,0.3923,0.3924,0.3923,0.3924,117.57
2025-01-16 20:37:00,0.3922,0.3923,0.3922,0.3923,760.37
2025-01-16 20:38:00,0.3924,0.3924,0.3918,0.3918,1889.15
2025-01-16 20:39:00,0.3921,0.3921,0.3919,0.3919,59.62
2025-01-16 20:40:00,0.3918,0.3918,0.3914,0.3917,2831.91
2025-01-16 20:41:00,0.3916,0.3921,0.3916,0.3921,617.6
2025-01-16 20:42:00,0.392,0.3928,0.392,0.3928,2320.7
2025-01-16 20:43:00,0.3927,0.3929,0.3927,0.3927,1741.21
2025-01-16 20:44:00,0.3925,0.3929,0.3925,0.3929,224.56
2025-01-16 20:45:00,0.3931,0.3933,0.3929,0.3929,2970.55
2025-01-16 20:46:00,0.3931,0.3932,0.3929,0.3929,2026.35
2025-01-16 20:47:00,0.3925,0.3925,0.3925,0.3925,1569.69
2025-01-16 20:48:00,0.3924,0.3924,0.3918,0.3918,3969.9
2025-01-16 20:49:00,0.3915,0.392,0.3915,0.392,646.02
2025-01-16 20:50:00,0.3922,0.3926,0.3922,0.3926,200.96
2025-01-16 20:51:00,0.3925,0.3927,0.3924,0.3927,1530.97
2025-01-16 20:52:00,0.3927,0.3927,0.3927,0.3927,0.0
2025-01-16 20:53:00,0.3927,0.3927,0.3924,0.3924,1825.1
2025-01-16 20:54:00,0.3921,0.3921,0.3919,0.3919,2143.14
2025-01-16 20:55:00,0.392,0.3921,0.3914,0.3914,8225.97
2025-01-16 20:56:00,0.3917,0.3918,0.3917,0.3918,1448.74
2025-01-16 20:57:00,0.3915,0.3915,0.3911,0.3914,5955.25
2025-01-16 20:58:00,0.392,0.3925,0.392,0.392,2453.6
2025-01-16 20:59:00,0.3919,0.392,0.3917,0.3918,5019.91
2025-01-16 21:00:00,0.3921,0.3921,0.3921,0.3921,1860.8
2025-01-16 21:01:00,0.3918,0.3918,0.3909,0.3909,7106.29
2025-01-16 21:02:00,0.391,0.3912,0.3909,0.3909,2396.91
2025-01-16 21:03:00,0.3912,0.3913,0.3905,0.3905,3561.24
2025-01-16 21:04:00,0.3905,0.3905,0.39,0.39,10146.84
2025-01-16 21:05:00,0.3901,0.3906,0.3901,0.3905,2646.84
2025-01-16 21:06:00,0.3904,0.3908,0.3902,0.3908,1663.72
2025-01-16 21:07:00,0.3904,0.3904,0.3904,0.3904,16.35
2025-01-16 21:08:00,0.3908,0.391,0.3906,0.3908,473.32
2025-01-16 21:09:00,0.3909,0.3909,0.3907,0.3909,79.02
2025-01-16 21:10:00,0.3909,0.3915,0.3909,0.3914,367.49
2025-01-16 21:11:00,0.3913,0.3918,0.3912,0.3918,1397.18
2025-01-16 21:12:00,0.3917,0.3921,0.3917,0.3921,928.13
2025-01-16 21:13:00,0.3918,0.3918,0.3913,0.3913,7045.28
2025-01-16 21:14:00,0.3913,0.3914,0.391,0.3914,3748.75
2025-01-16 21:15:00,0.3915,0.3916,0.3909,0.3911,4789.03
2025-01-16 21:16:00,0.3912,0.3913,0.3909,0.3909,2107.4
2025-01-16 21:17:00,0.3912,0.3912,0.3906,0.3906,2952.57
2025-01-16 21:18:00,0.3908,0.3908,0.3907,0.3907,1779.18
2025-01-16 21:19:00,0.3904,0.3904,0.3896,0.3896,7703.53
2025-01-16 21:20:00,0.3897,0.3897,0.3891,0.3891,5571.15
2025-01-16 21:21:00,0.3895,0.3895,0.3882,0.3882,9440.4
2025-01-16 21:22:00,0.3889,0.3889,0.3887,0.3887,583.21
2025-01-16 21:23:00,0.3883,0.3885,0.3876,0.3879,10392.35
2025-01-16 21:24:00,0.3876,0.3884,0.3876,0.3881,2357.18
2025-01-16 21:25:00,0.3882,0.3886,0.3882,0.3886,556.18
2025-01-16 21:26:00,0.3886,0.3886,0.3886,0.3886,16.38
2025-01-16 21:27:00,0.3886,0.389,0.3886,0.389,801.63
2025-01-16 21:28:00,0.3891,0.3894,0.3891,0.3894,864.43
2025-01-16 21:29:00,0.3892,0.3892,0.3892,0.3892,70.61
2025-01-16 21:30:00,0.3896,0.39,0.3895,0.3897,704.11
2025-01-16 21:31:00,0.3897,0.3898,0.3896,0.3898,367.26
2025-01-16 21:32:00,0.39,0.3902,0.3897,0.3902,2301.2
2025-01-16 21:33:00,0.3897,0.3897,0.3897,0.3897,16.37
2025-01-16 21:34:00,0.3896,0.3897,0.3896,0.3896,379.51
2025-01-16 21:35:00,0.3896,0.3896,0.389,0.389,542.84
2025-01-16 21:36:00,0.3891,0.3893,0.3889,0.3889,1186.39
2025-01-16 21:37:00,0.3893,0.3893,0.3893,0.3893,106.11
2025-01-16 21:38:00,0.3892,0.3894,0.3892,0.3894,31.78
2025-01-16 21:39:00,0.3894,0.3897,0.3894,0.3894,377.04
2025-01-16 21:40:00,0.3897,0.3897,0.3896,0.3896,119.55
2025-01-16 21:41:00,0.3898,0.3898,0.3898,0.3898,16.38
2025-01-16 21:42:00,0.3895,0.3895,0.3895,0.3895,39.0
2025-01-16 21:43:00,0.3902,0.3904,0.39,0.3904,414.4
2025-01-16 21:44:00,0.3906,0.3906,0.3905,0.3905,71.61
2025-01-16 21:45:00,0.3905,0.3905,0.3905,0.3905,16.32
2025-01-16 21:46:00,0.3908,0.3908,0.3903,0.3904,2489.89
2025-01-16 21:47:00,0.3901,0.3901,0.3901,0.3901,16.36
2025-01-16 21:48:00,0.3901,0.3901,0.3901,0.3901,16.34
2025-01-16 21:49:00,0.39,0.3902,0.3897,0.3897,829.49
2025-01-16 21:50:00,0.3897,0.3897,0.3892,0.3892,245.46
2025-01-16 21:51:00,0.3893,0.3893,0.3887,0.3887,729.11
2025-01-16 21:52:00,0.3884,0.3887,0.3884,0.3887,1614.14
2025-01-16 21:53:00,0.3883,0.3885,0.3882,0.3882,859.22
2025-01-16 21:54:00,0.3884,0.3884,0.3884,0.3884,66.94
2025-01-16 21:55:00,0.3884,0.3884,0.3884,0.3884,0.0
2025-01-16 21:56:00,0.3889,0.3889,0.3889,0.3889,234.71
2025-01-16 21:57:00,0.3889,0.3889,0.3889,0.3889,128.5
2025-01-16 21:58:00,0.3889,0.3889,0.3889,0.3889,0.0
2025-01-16 21:59:00,0.3888,0.3888,0.3888,0.3888,25.69
2025-01-16 22:00:00,0.3891,0.3891,0.3887,0.3887,525.51
2025-01-16 22:01:00,0.3886,0.3886,0.3881,0.3881,1072.14
2025-01-16 22:02:00,0.3876,0.3876,0.3875,0.3875,329.39
2025-01-16 22:03:00,0.3872,0.3872,0.387,0.387,659.07
2025-01-16 22:04:00,0.387,0.387,0.387,0.387,0.0
2025-01-16 22:05:00,0.3871,0.3871,0.3871,0.3871,16.51
2025-01-16 22:06:00,0.3867,0.3868,0.3867,0.3868,136.0
2025-01-16 22:07:00,0.3872,0.3872,0.3868,0.3868,85.52
2025-01-16 22:08:00,0.3866,0.3866,0.3864,0.3864,2486.12
2025-01-16 22:09:00,0.3866,0.3866,0.3866,0.3866,25.76
2025-01-16 22:10:00,0.3867,0.3867,0.3865,0.3865,57.91
2025-01-16 22:11:00,0.3863,0.3865,0.3863,0.3865,253.57
2025-01-16 22:12:00,0.3862,0.3862,0.3862,0.3862,13.6
2025-01-16 22:13:00,0.3868,0.3868,0.3868,0.3868,37.32
2025-01-16 22:14:00,0.3866,0.3872,0.3866,0.3872,1249.33
2025-01-16 22:15:00,0.3874,0.3874,0.3872,0.3872,80.09
2025-01-16 22:16:00,0.3871,0.3873,0.3869,0.3871,125.09
2025-01-16 22:17:00,0.3872,0.3872,0.3872,0.3872,57.99
2025-01-16 22:18:00,0.3867,0.3867,0.3867,0.3867,16.5
2025-01-16 22:19:00,0.3859,0.3859,0.3858,0.3858,105.86
2025-01-16 22:20:00,0.3852,0.3852,0.385,0.3851,3594.4
2025-01-16 22:21:00,0.3849,0.3849,0.3846,0.3846,3095.98
2025-01-16 22:22:00,0.3844,0.3844,0.3841,0.3841,155.55
2025-01-16 22:23:00,0.3845,0.3846,0.3845,0.3845,177.07
2025-01-16 22:24:00,0.3849,0.385,0.3848,0.3848,60.84
2025-01-16 22:25:00,0.3849,0.3849,0.3849,0.3849,16.57
2025-01-16 22:26:00,0.3847,0.385,0.3847,0.3848,86.6
2025-01-16 22:27:00,0.3846,0.3846,0.3846,0.3846,595.37
2025-01-16 22:28:00,0.3849,0.385,0.3849,0.3849,3896.17
2025-01-16 22:29:00,0.385,0.3851,0.3846,0.3846,4914.25
2025-01-16 22:30:00,0.3847,0.3847,0.384,0.384,1368.31
2025-01-16 22:31:00,0.3838,0.3838,0.3824,0.3829,4859.74
2025-01-16 22:32:00,0.383,0.3832,0.3828,0.383,5393.8
2025-01-16 22:33:00,0.3832,0.3836,0.3827,0.3829,882.34
2025-01-16 22:34:00,0.3829,0.3829,0.3825,0.3826,8219.45
2025-01-16 22:35:00,0.3826,0.3831,0.3825,0.3825,7247.46
2025-01-16 22:36:00,0.3826,0.3826,0.3821,0.3825,2577.6
2025-01-16 22:37:00,0.3821,0.3824,0.3821,0.3824,4392.47
2025-01-16 22:38:00,0.3824,0.383,0.3824,0.383,744.07
2025-01-16 22:39:00,0.3833,0.3835,0.3833,0.3835,43.68
2025-01-16 22:40:00,0.384,0.3841,0.3837,0.3837,2131.62
2025-01-16 22:41:00,0.3837,0.3839,0.3836,0.3836,4120.12
2025-01-16 22:42:00,0.3832,0.3834,0.3829,0.3829,1673.29
2025-01-16 22:43:00,0.3831,0.3833,0.3831,0.3833,4020.77
2025-01-16 22:44:00,0.3833,0.3833,0.3833,0.3833,42.72
2025-01-16 22:45:00,0.3832,0.3832,0.3829,0.3829,94.64
2025-01-16 22:46:00,0.3828,0.3828,0.3828,0.3828,48.65
2025-01-16 22:47:00,0.3829,0.3837,0.3829,0.3837,2517.88
2025-01-16 22:48:00,0.3838,0.3841,0.3838,0.3841,1795.75
2025-01-16 22:49:00,0.384,0.384,0.384,0.384,16.63
2025-01-16 22:50:00,0.3841,0.3843,0.3841,0.3843,4799.88
2025-01-16 22:51:00,0.3843,0.3843,0.3841,0.3841,1639.37
2025-01-16 22:52:00,0.3841,0.3841,0.3841,0.3841,0.0
2025-01-16 22:53:00,0.3839,0.384,0.3839,0.3839,2651.41
2025-01-16 22:54:00,0.3839,0.3839,0.3837,0.3837,3565.12
2025-01-16 22:55:00,0.3842,0.3842,0.3842,0.3842,390.42
2025-01-16 22:56:00,0.384,0.384,0.384,0.384,16.56
2025-01-16 22:57:00,0.3839,0.3839,0.3839,0.3839,16.64
2025-01-16 22:58:00,0.3834,0.3834,0.3834,0.3834,938.42
2025-01-16 22:59:00,0.3836,0.3836,0.3833,0.3836,787.33
2025-01-16 23:00:00,0.3834,0.3842,0.3834,0.3842,3933.75
2025-01-16 23:01:00,0.3841,0.3848,0.3841,0.3848,2107.74
2025-01-16 23:02:00,0.3848,0.3853,0.3848,0.3853,242.08
2025-01-16 23:03:00,0.385,0.3853,0.3847,0.385,1460.92
2025-01-16 23:04:00,0.3848,0.3855,0.3848,0.3854,2281.38
2025-01-16 23:05:00,0.3845,0.3845,0.3845,0.3845,16.58
2025-01-16 23:06:00,0.3847,0.3849,0.3847,0.3849,83.05
2025-01-16 23:07:00,0.385,0.385,0.385,0.385,27.02
2025-01-16 23:08:00,0.3847,0.3851,0.3847,0.3851,243.9
2025-01-16 23:09:00,0.3851,0.3851,0.3851,0.3851,0.0
2025-01-16 23:10:00,0.3852,0.3854,0.3852,0.3854,42.6
2025-01-16 23:11:00,0.3848,0.3848,0.3848,0.3848,52.84
2025-01-16 23:12:00,0.3854,0.3854,0.3854,0.3854,16.5
2025-01-16 23:13:00,0.3852,0.3852,0.3849,0.3849,3383.01
2025-01-16 23:14:00,0.3849,0.3849,0.3849,0.3849,0.0
2025-01-16 23:15:00,0.3849,0.3853,0.3849,0.3853,416.82
2025-01-16 23:16:00,0.3846,0.3846,0.3846,0.3846,42.58
2025-01-16 23:17:00,0.3848,0.3851,0.3848,0.3851,32.54
2025-01-16 23:18:00,0.385,0.3851,0.385,0.3851,29.43
2025-01-16 23:19:00,0.3849,0.3849,0.3847,0.3847,75.57
2025-01-16 23:20:00,0.3845,0.3848,0.3845,0.3848,487.0
2025-01-16 23:21:00,0.3841,0.3841,0.3832,0.3832,2937.56
2025-01-16 23:22:00,0.3832,0.3834,0.3832,0.3834,3034.0
2025-01-16 23:23:00,0.3832,0.3832,0.3831,0.3831,740.63
2025-01-16 23:24:00,0.3828,0.3828,0.3823,0.3823,7149.36
2025-01-16 23:25:00,0.3824,0.3824,0.3818,0.382,8297.25
2025-01-16 23:26:00,0.3822,0.3827,0.3822,0.3827,14712.91
2025-01-16 23:27:00,0.3827,0.3835,0.3827,0.3835,4490.13
2025-01-16 23:28:00,0.3833,0.3834,0.3832,0.3832,772.29
2025-01-16 23:29:00,0.3832,0.3832,0.3832,0.3832,1462.44
2025-01-16 23:30:00,0.3833,0.3833,0.3829,0.3829,627.14
2025-01-16 23:31:00,0.3832,0.3833,0.3831,0.3833,202.22
2025-01-16 23:32:00,0.3839,0.3843,0.3839,0.3841,486.45
2025-01-16 23:33:00,0.3842,0.3845,0.3842,0.3845,266.63
2025-01-16 23:34:00,0.3847,0.3849,0.3847,0.3849,1413.94
2025-01-16 23:35:00,0.385,0.385,0.385,0.385,95.7
2025-01-16 23:36:00,0.3851,0.3851,0.3849,0.3849,852.75
2025-01-16 23:37:00,0.385,0.3854,0.3849,0.3854,3233.08
2025-01-16 23:38:00,0.3855,0.3856,0.3855,0.3856,730.91
2025-01-16 23:39:00,0.3853,0.3853,0.3853,0.3853,156.41
2025-01-16 23:40:00,0.3856,0.3856,0.3853,0.3853,1558.99
2025-01-16 23:41:00,0.3853,0.3853,0.3853,0.3853,0.0
2025-01-16 23:42:00,0.3853,0.3853,0.3853,0.3853,0.0
2025-01-16 23:43:00,0.3855,0.3858,0.3855,0.3858,1133.03
2025-01-16 23:44:00,0.3862,0.3862,0.3862,0.3862,368.1
2025-01-16 23:45:00,0.3857,0.3857,0.3857,0.3857,16.54
2025-01-16 23:46:00,0.3852,0.3853,0.3852,0.3853,1787.28
2025-01-16 23:47:00,0.3853,0.3853,0.3851,0.3851,150.63
2025-01-16 23:48:00,0.3853,0.3853,0.3853,0.3853,16.54
2025-01-16 23:49:00,0.3853,0.3857,0.3853,0.3857,1103.48
2025-01-16 23:50:00,0.3857,0.386,0.3857,0.3858,162.27
2025-01-16 23:51:00,0.3859,0.3862,0.3858,0.3861,12103.68
2025-01-16 23:52:00,0.3862,0.3864,0.3862,0.3864,6949.56
2025-01-16 23:53:00,0.3864,0.3864,0.3864,0.3864,0.0
2025-01-16 23:54:00,0.3864,0.3864,0.3864,0.3864,16.45
2025-01-16 23:55:00,0.3867,0.3867,0.3867,0.3867,16.5
2025-01-16 23:56:00,0.3866,0.3866,0.3865,0.3865,68.37
2025-01-16 23:57:00,0.3861,0.3861,0.3861,0.3861,16.53
2025-01-16 23:58:00,0.3862,0.3862,0.386,0.386,353.21
2025-01-16 23:59:00,0.386,0.3861,0.386,0.3861,143.35
2025-01-17 00:00:00,0.3861,0.3866,0.3861,0.3866,1102.04
2025-01-17 00:01:00,0.3869,0.3876,0.3868,0.3875,9766.95
2025-01-17 00:02:00,0.3874,0.3874,0.3865,0.3868,542.52
2025-01-17 00:03:00,0.3866,0.3874,0.3864,0.3873,11832.04
2025-01-17 00:04:00,0.3874,0.3874,0.3873,0.3873,135.09
2025-01-17 00:05:00,0.3876,0.3876,0.3876,0.3876,479.67
2025-01-17 00:06:00,0.3877,0.3877,0.3871,0.3874,1252.42
2025-01-17 00:07:00,0.387,0.387,0.387,0.387,45.37
2025-01-17 00:08:00,0.3868,0.3873,0.3867,0.3873,2129.92
2025-01-17 00:09:00,0.3873,0.3874,0.3868,0.3869,6121.06
2025-01-17 00:10:00,0.3868,0.3868,0.3868,0.3868,135.43
2025-01-17 00:11:00,0.3866,0.3866,0.3866,0.3866,70.0
2025-01-17 00:12:00,0.3868,0.3875,0.3868,0.3875,123.75
2025-01-17 00:13:00,0.3876,0.3876,0.3874,0.3875,4424.84
2025-01-17 00:14:00,0.3873,0.3873,0.3873,0.3873,16.49
2025-01-17 00:15:00,0.3875,0.3875,0.3872,0.3872,93.19
2025-01-17 00:16:00,0.3873,0.3878,0.3873,0.3878,225.11
2025-01-17 00:17:00,0.388,0.388,0.3873,0.3877,16216.35
2025-01-17 00:18:00,0.3877,0.3877,0.3877,0.3877,16.48
2025-01-17 00:19:00,0.3874,0.3874,0.3874,0.3874,16.47
2025-01-17 00:20:00,0.3874,0.3874,0.3874,0.3874,0.0
2025-01-17 00:21:00,0.3876,0.3879,0.3876,0.3878,3988.57
2025-01-17 00:22:00,0.388,0.3882,0.388,0.3882,936.96
2025-01-17 00:23:00,0.3878,0.3878,0.3877,0.3877,274.29
2025-01-17 00:24:00,0.3876,0.3878,0.3876,0.3878,119.68
2025-01-17 00:25:00,0.3876,0.3876,0.3876,0.3876,16.35
2025-01-17 00:26:00,0.3872,0.3872,0.3866,0.3866,4474.1
2025-01-17 00:27:00,0.3868,0.3868,0.3868,0.3868,16.52
2025-01-17 00:28:00,0.3871,0.3871,0.3871,0.3871,16.45
2025-01-17 00:29:00,0.3874,0.3874,0.3871,0.3871,1520.59
2025-01-17 00:30:00,0.3872,0.3876,0.3871,0.3872,17021.87
2025-01-17 00:31:00,0.3871,0.3876,0.3869,0.387,34048.49
2025-01-17 00:32:00,0.3869,0.387,0.3866,0.3867,18530.52
2025-01-17 00:33:00,0.3868,0.3868,0.3866,0.3867,165.64
2025-01-17 00:34:00,0.3869,0.3872,0.3869,0.3872,416.48
2025-01-17 00:35:00,0.3869,0.3871,0.3868,0.387,344.66
2025-01-17 00:36:00,0.3868,0.387,0.3868,0.3869,117.63
2025-01-17 00:37:00,0.3872,0.3873,0.3871,0.3871,1325.38
2025-01-17 00:38:00,0.3871,0.3873,0.387,0.3872,876.71
2025-01-17 00:39:00,0.3871,0.3873,0.3869,0.3873,2838.04
2025-01-17 00:40:00,0.3875,0.3875,0.3875,0.3875,16.46
2025-01-17 00:41:00,0.3872,0.3877,0.3871,0.3876,2553.53
2025-01-17 00:42:00,0.3872,0.3872,0.3869,0.3869,771.48
2025-01-17 00:43:00,0.3868,0.3869,0.3866,0.3868,1363.32
2025-01-17 00:44:00,0.3869,0.3871,0.3863,0.3865,23964.0
2025-01-17 00:45:00,0.3863,0.3863,0.3855,0.3862,50069.94
2025-01-17 00:46:00,0.3865,0.387,0.3862,0.3869,21739.47
2025-01-17 00:47:00,0.3869,0.387,0.3868,0.387,16705.19
2025-01-17 00:48:00,0.3862,0.3863,0.386,0.3862,4257.92
2025-01-17 00:49:00,0.3863,0.3863,0.3863,0.3863,16.54
2025-01-17 00:50:00,0.3866,0.3867,0.3866,0.3867,120.02
2025-01-17 00:51:00,0.3865,0.3865,0.3864,0.3864,232.18
2025-01-17 00:52:00,0.3867,0.3872,0.3866,0.3872,85.21
2025-01-17 00:53:00,0.3871,0.3871,0.3871,0.3871,16.5
2025-01-17 00:54:00,0.3872,0.3878,0.3872,0.3877,5683.84
2025-01-17 00:55:00,0.388,0.388,0.388,0.388,16.29
2025-01-17 00:56:00,0.3881,0.3881,0.3881,0.3881,1515.29
2025-01-17 00:57:00,0.3884,0.3885,0.3884,0.3884,386.05
2025-01-17 00:58:00,0.3884,0.3884,0.3884,0.3884,16.41
2025-01-17 00:59:00,0.3884,0.3884,0.3884,0.3884,16.45
2025-01-17 01:00:00,0.3886,0.3886,0.3886,0.3886,16.42
2025-01-17 01:01:00,0.3887,0.3891,0.3887,0.3889,4142.35
2025-01-17 01:02:00,0.3887,0.3887,0.3886,0.3886,453.31
2025-01-17 01:03:00,0.3888,0.3889,0.3888,0.3889,702.32
2025-01-17 01:04:00,0.3891,0.3891,0.3891,0.3891,16.39
2025-01-17 01:05:00,0.3887,0.3893,0.3887,0.3893,3752.51
2025-01-17 01:06:00,0.3891,0.3893,0.3891,0.3892,1069.88
2025-01-17 01:07:00,0.3891,0.3895,0.3888,0.3889,13639.38
2025-01-17 01:08:00,0.389,0.389,0.3889,0.3889,73.73
2025-01-17 01:09:00,0.3895,0.3895,0.3895,0.3895,1984.84
2025-01-17 01:10:00,0.39,0.39,0.3898,0.3898,318.27
2025-01-17 01:11:00,0.39,0.39,0.3895,0.3895,244.65
2025-01-17 01:12:00,0.3897,0.3897,0.389,0.389,2733.88
2025-01-17 01:13:00,0.389,0.389,0.3889,0.3889,2056.41
2025-01-17 01:14:00,0.3891,0.3891,0.3891,0.3891,16.43
2025-01-17 01:15:00,0.3891,0.3891,0.3891,0.3891,16.42
2025-01-17 01:16:00,0.3894,0.3894,0.3894,0.3894,16.33
2025-01-17 01:17:00,0.3893,0.3894,0.3893,0.3893,125.13
2025-01-17 01:18:00,0.3888,0.3888,0.3888,0.3888,576.16
2025-01-17 01:19:00,0.3889,0.3894,0.3889,0.3891,7438.05
2025-01-17 01:20:00,0.3895,0.3895,0.3895,0.3895,16.41
2025-01-17 01:21:00,0.3892,0.3892,0.3886,0.3886,1958.02
2025-01-17 01:22:00,0.3885,0.3885,0.3885,0.3885,16.41
2025-01-17 01:23:00,0.3885,0.3885,0.3884,0.3884,1303.41
2025-01-17 01:24:00,0.3884,0.3884,0.3884,0.3884,16.41
2025-01-17 01:25:00,0.3884,0.3888,0.3884,0.3886,751.41
2025-01-17 01:26:00,0.3893,0.3893,0.3893,0.3893,87.44
2025-01-17 01:27:00,0.3895,0.3895,0.3895,0.3895,16.29
2025-01-17 01:28:00,0.3895,0.3895,0.3894,0.3894,75.7
2025-01-17 01:29:00,0.3894,0.3894,0.3894,0.3894,16.29
2025-01-17 01:30:00,0.3892,0.3893,0.3892,0.3893,1026.45
2025-01-17 01:31:00,0.3895,0.3898,0.3895,0.3896,2637.84
2025-01-17 01:32:00,0.3899,0.3908,0.3899,0.3908,1960.01
2025-01-17 01:33:00,0.391,0.391,0.391,0.391,3683.9
2025-01-17 01:34:00,0.3914,0.3918,0.3914,0.3918,3313.12
2025-01-17 01:35:00,0.3918,0.3927,0.3918,0.3922,2356.01
2025-01-17 01:36:00,0.3928,0.3934,0.3926,0.3933,5615.38
2025-01-17 01:37:00,0.3933,0.3939,0.3928,0.3938,8234.1
2025-01-17 01:38:00,0.3937,0.3945,0.3932,0.3945,2225.54
2025-01-17 01:39:00,0.3947,0.3948,0.3944,0.3944,2515.81
2025-01-17 01:40:00,0.395,0.3956,0.395,0.3951,24264.9
2025-01-17 01:41:00,0.3957,0.3958,0.395,0.3952,8352.2
2025-01-17 01:42:00,0.3955,0.3955,0.3948,0.3953,1489.65
2025-01-17 01:43:00,0.3952,0.3952,0.3946,0.3952,775.04
2025-01-17 01:44:00,0.3951,0.3951,0.3951,0.3951,310.13
2025-01-17 01:45:00,0.3949,0.3949,0.3941,0.3946,775.47
2025-01-17 01:46:00,0.3946,0.3954,0.3946,0.3953,2814.22
2025-01-17 01:47:00,0.3951,0.3952,0.3948,0.3948,788.95
2025-01-17 01:48:00,0.3952,0.3953,0.3937,0.3938,35404.85
2025-01-17 01:49:00,0.3939,0.3939,0.3936,0.3939,3602.81
2025-01-17 01:50:00,0.3945,0.3945,0.3936,0.394,170.59
2025-01-17 01:51:00,0.3938,0.3948,0.3936,0.3947,12470.35
2025-01-17 01:52:00,0.3946,0.3946,0.3946,0.3946,76.24
2025-01-17 01:53:00,0.3944,0.3944,0.3943,0.3943,81.96
2025-01-17 01:54:00,0.3951,0.3951,0.3951,0.3951,16.15
2025-01-17 01:55:00,0.3952,0.3955,0.3952,0.3955,154.95
2025-01-17 01:56:00,0.3958,0.3962,0.3958,0.3962,2354.26
2025-01-17 01:57:00,0.3962,0.3962,0.3959,0.396,1625.03
2025-01-17 01:58:00,0.3963,0.397,0.396,0.397,4675.69
2025-01-17 01:59:00,0.3969,0.397,0.3965,0.3965,1678.22
2025-01-17 02:00:00,0.3966,0.3969,0.3965,0.3966,1051.6
2025-01-17 02:01:00,0.3968,0.3968,0.3916,0.3949,197563.27
2025-01-17 02:02:00,0.3949,0.3949,0.3941,0.3941,6582.28
2025-01-17 02:03:00,0.3939,0.3939,0.393,0.3935,10771.28
2025-01-17 02:04:00,0.3935,0.3935,0.3928,0.3932,2449.6
2025-01-17 02:05:00,0.3928,0.3932,0.3928,0.393,4227.27
2025-01-17 02:06:00,0.3927,0.3933,0.3927,0.3933,1355.05
2025-01-17 02:07:00,0.3931,0.3932,0.3929,0.3932,3405.78
2025-01-17 02:08:00,0.3929,0.3929,0.3923,0.3923,8759.06
2025-01-17 02:09:00,0.3924,0.3924,0.3922,0.3923,328.53
2025-01-17 02:10:00,0.3924,0.3924,0.3921,0.3921,786.85
2025-01-17 02:11:00,0.3921,0.3924,0.3921,0.3923,1685.49
2025-01-17 02:12:00,0.3923,0.393,0.3922,0.3929,5842.26
2025-01-17 02:13:00,0.3928,0.3928,0.3928,0.3928,285.72
2025-01-17 02:14:00,0.3927,0.3931,0.3927,0.3931,826.24
2025-01-17 02:15:00,0.3933,0.3942,0.3933,0.3942,5597.98
2025-01-17 02:16:00,0.3942,0.3947,0.394,0.3941,3238.58
2025-01-17 02:17:00,0.3937,0.3946,0.3937,0.3946,2850.07
2025-01-17 02:18:00,0.3944,0.3944,0.3941,0.3941,5578.79
2025-01-17 02:19:00,0.394,0.3942,0.394,0.3941,499.64
2025-01-17 02:20:00,0.3942,0.3942,0.3933,0.3938,20429.14
2025-01-17 02:21:00,0.3937,0.3939,0.3933,0.3936,155.16
2025-01-17 02:22:00,0.3937,0.3937,0.3937,0.3937,16.23
2025-01-17 02:23:00,0.3939,0.3939,0.3937,0.3937,527.12
2025-01-17 02:24:00,0.3939,0.3942,0.3938,0.394,1575.66
2025-01-17 02:25:00,0.3943,0.3943,0.3942,0.3942,351.76
2025-01-17 02:26:00,0.3938,0.3938,0.3938,0.3938,16.21
2025-01-17 02:27:00,0.3937,0.3939,0.3937,0.3939,96.93
2025-01-17 02:28:00,0.3941,0.3941,0.394,0.394,92.46
2025-01-17 02:29:00,0.394,0.394,0.3938,0.3938,731.77
2025-01-17 02:30:00,0.3937,0.3938,0.3935,0.3936,97.54
2025-01-17 02:31:00,0.3935,0.3938,0.3935,0.3937,833.69
2025-01-17 02:32:00,0.3939,0.3942,0.3936,0.3936,175.26
2025-01-17 02:33:00,0.3931,0.3933,0.3931,0.3933,145.23
2025-01-17 02:34:00,0.3931,0.3931,0.3929,0.3929,2598.77
2025-01-17 02:35:00,0.3928,0.3928,0.3927,0.3927,541.71
2025-01-17 02:36:00,0.3929,0.3929,0.3925,0.3925,104.15
2025-01-17 02:37:00,0.3924,0.3924,0.3923,0.3923,2060.55
2025-01-17 02:38:00,0.3923,0.3923,0.3919,0.3922,2095.22
2025-01-17 02:39:00,0.3923,0.3927,0.3923,0.3927,860.79
2025-01-17 02:40:00,0.3929,0.393,0.3929,0.393,423.82
2025-01-17 02:41:00,0.3926,0.3928,0.3924,0.3924,1250.58
2025-01-17 02:42:00,0.3923,0.3923,0.392,0.3921,82.31
2025-01-17 02:43:00,0.3921,0.3921,0.3921,0.3921,16.29
2025-01-17 02:44:00,0.3921,0.3921,0.3921,0.3921,16.17
2025-01-17 02:45:00,0.392,0.392,0.3913,0.3913,7825.42
2025-01-17 02:46:00,0.391,0.3911,0.3909,0.3909,1612.89
2025-01-17 02:47:00,0.3907,0.3907,0.3907,0.3907,322.05
2025-01-17 02:48:00,0.3907,0.3907,0.3903,0.3905,1595.32
2025-01-17 02:49:00,0.3904,0.3904,0.3903,0.3903,238.55
2025-01-17 02:50:00,0.3902,0.3909,0.39,0.3908,2090.53
2025-01-17 02:51:00,0.3904,0.3904,0.3896,0.3899,792.17
2025-01-17 02:52:00,0.3896,0.3896,0.3896,0.3896,152.04
2025-01-17 02:53:00,0.3899,0.3906,0.3898,0.3905,1156.84
2025-01-17 02:54:00,0.3909,0.3914,0.3909,0.3914,4140.74
2025-01-17 02:55:00,0.3912,0.3913,0.3912,0.3913,50.86
2025-01-17 02:56:00,0.3909,0.3913,0.3909,0.3913,219.42
2025-01-17 02:57:00,0.3912,0.3912,0.3912,0.3912,629.81
2025-01-17 02:58:00,0.3914,0.3918,0.3914,0.3918,476.53
2025-01-17 02:59:00,0.3918,0.3918,0.3917,0.3918,170.97
2025-01-17 03:00:00,0.3917,0.3918,0.3917,0.3918,46.63
2025-01-17 03:01:00,0.3922,0.3925,0.3922,0.3925,33.25
2025-01-17 03:02:00,0.3923,0.3923,0.3922,0.3922,30.74
2025-01-17 03:03:00,0.392,0.392,0.3918,0.3918,1552.71
2025-01-17 03:04:00,0.3919,0.3919,0.3912,0.3912,9262.52
2025-01-17 03:05:00,0.3913,0.3913,0.391,0.391,51.02
2025-01-17 03:06:00,0.3911,0.3911,0.3907,0.3907,1553.91
2025-01-17 03:07:00,0.3906,0.3909,0.3904,0.3909,3717.57
2025-01-17 03:08:00,0.3908,0.391,0.3908,0.391,144.21
2025-01-17 03:09:00,0.3911,0.3911,0.3911,0.3911,165.2
2025-01-17 03:10:00,0.3911,0.3911,0.3911,0.3911,0.0
2025-01-17 03:11:00,0.3909,0.3909,0.3907,0.3907,324.77
2025-01-17 03:12:00,0.3905,0.3905,0.3903,0.3903,194.55
2025-01-17 03:13:00,0.3904,0.3904,0.3904,0.3904,16.37
2025-01-17 03:14:00,0.3904,0.3905,0.3904,0.3905,238.29
2025-01-17 03:15:00,0.3903,0.3903,0.3902,0.3902,110.14
2025-01-17 03:16:00,0.3902,0.3903,0.3902,0.3903,1284.02
2025-01-17 03:17:00,0.3904,0.3904,0.3903,0.3904,211.69
2025-01-17 03:18:00,0.3905,0.3909,0.3905,0.3907,334.99
2025-01-17 03:19:00,0.3909,0.3916,0.3909,0.3912,49278.7
2025-01-17 03:20:00,0.3913,0.3913,0.3913,0.3913,16.33
2025-01-17 03:21:00,0.3913,0.3913,0.3911,0.3911,266.66
2025-01-17 03:22:00,0.3911,0.3911,0.3909,0.3909,265.76
2025-01-17 03:23:00,0.3909,0.3911,0.3909,0.3911,211.34
2025-01-17 03:24:00,0.3908,0.3908,0.3908,0.3908,16.33
2025-01-17 03:25:00,0.391,0.391,0.3908,0.3908,1202.42
2025-01-17 03:26:00,0.3908,0.3908,0.3901,0.3901,3404.5
2025-01-17 03:27:00,0.3901,0.3902,0.3901,0.3901,157.61
2025-01-17 03:28:00,0.3905,0.3906,0.3905,0.3906,1882.58
2025-01-17 03:29:00,0.3905,0.3907,0.3905,0.3907,41.35
2025-01-17 03:30:00,0.3907,0.3907,0.3906,0.3906,68.39
2025-01-17 03:31:00,0.3906,0.3906,0.3906,0.3906,16.35
2025-01-17 03:32:00,0.3911,0.3911,0.3911,0.3911,130.67
2025-01-17 03:33:00,0.3906,0.3906,0.3906,0.3906,16.33
2025-01-17 03:34:00,0.3908,0.3908,0.3908,0.3908,16.35
2025-01-17 03:35:00,0.3909,0.3911,0.3909,0.3911,480.44
2025-01-17 03:36:00,0.3911,0.3925,0.3911,0.3925,3578.73
2025-01-17 03:37:00,0.3926,0.3928,0.3925,0.3927,4339.67
2025-01-17 03:38:00,0.3924,0.3926,0.3924,0.3926,1522.27
2025-01-17 03:39:00,0.3925,0.3925,0.3919,0.3919,94.28
2025-01-17 03:40:00,0.3922,0.3922,0.3922,0.3922,16.3
2025-01-17 03:41:00,0.3919,0.3921,0.3919,0.3921,173.29
2025-01-17 03:42:00,0.3924,0.3925,0.3922,0.3922,280.28
2025-01-17 03:43:00,0.3921,0.3921,0.3921,0.3921,416.29
2025-01-17 03:44:00,0.3924,0.3924,0.3924,0.3924,45.58
2025-01-17 03:45:00,0.3923,0.3925,0.3919,0.3919,1855.63
2025-01-17 03:46:00,0.3917,0.3917,0.3914,0.3915,2176.75
2025-01-17 03:47:00,0.3913,0.3913,0.3911,0.3911,904.96
2025-01-17 03:48:00,0.3913,0.3921,0.3913,0.3921,6187.11
2025-01-17 03:49:00,0.3921,0.3921,0.3921,0.3921,88.39
2025-01-17 03:50:00,0.3921,0.3921,0.3919,0.3919,41.75
2025-01-17 03:51:00,0.3915,0.3917,0.3915,0.3916,226.7
2025-01-17 03:52:00,0.3919,0.3922,0.3919,0.3922,547.24
2025-01-17 03:53:00,0.3917,0.3917,0.3917,0.3917,16.29
2025-01-17 03:54:00,0.3916,0.3917,0.3916,0.3917,46.35
2025-01-17 03:55:00,0.3919,0.3919,0.3917,0.3917,1094.9
2025-01-17 03:56:00,0.3919,0.3919,0.3919,0.3919,16.31
2025-01-17 03:57:00,0.3917,0.3917,0.3916,0.3916,943.92
2025-01-17 03:58:00,0.3915,0.3915,0.3915,0.3915,16.31
2025-01-17 03:59:00,0.3916,0.3922,0.3916,0.3922,420.49
2025-01-17 04:00:00,0.3922,0.3923,0.392,0.3923,150.38
2025-01-17 04:01:00,0.3922,0.3925,0.3922,0.3924,1330.92
2025-01-17 04:02:00,0.3924,0.3933,0.3924,0.3933,4516.55
2025-01-17 04:03:00,0.3936,0.3936,0.3928,0.3928,1917.13
2025-01-17 04:04:00,0.3931,0.3931,0.3931,0.3931,16.26
2025-01-17 04:05:00,0.3931,0.3931,0.3924,0.3924,542.27
2025-01-17 04:06:00,0.3922,0.3922,0.3921,0.3921,180.52
2025-01-17 04:07:00,0.3922,0.3922,0.3922,0.3922,16.29
2025-01-17 04:08:00,0.392,0.392,0.3915,0.3915,421.56
2025-01-17 04:09:00,0.3913,0.3913,0.3912,0.3912,384.28
2025-01-17 04:10:00,0.3908,0.391,0.3907,0.391,729.51
2025-01-17 04:11:00,0.3907,0.3911,0.3907,0.3911,222.19
2025-01-17 04:12:00,0.3913,0.3915,0.3913,0.3915,2653.7
2025-01-17 04:13:00,0.3912,0.3916,0.3912,0.3916,954.89
2025-01-17 04:14:00,0.3918,0.3918,0.3917,0.3917,702.88
2025-01-17 04:15:00,0.3913,0.3914,0.3913,0.3914,42.5
2025-01-17 04:16:00,0.3912,0.3913,0.3912,0.3913,30.23
2025-01-17 04:17:00,0.3912,0.3915,0.3912,0.3915,30.27
2025-01-17 04:18:00,0.3913,0.3914,0.3913,0.3914,159.36
2025-01-17 04:19:00,0.3911,0.3911,0.3909,0.3909,375.82
2025-01-17 04:20:00,0.3912,0.3916,0.3912,0.3916,1396.63
2025-01-17 04:21:00,0.392,0.392,0.392,0.392,16.05
2025-01-17 04:22:00,0.3924,0.3927,0.3924,0.3925,656.76
2025-01-17 04:23:00,0.3924,0.3924,0.3924,0.3924,16.25
2025-01-17 04:24:00,0.3923,0.3924,0.3923,0.3924,145.23
2025-01-17 04:25:00,0.3921,0.3921,0.3919,0.3919,169.18
2025-01-17 04:26:00,0.3917,0.3917,0.3917,0.3917,16.24
2025-01-17 04:27:00,0.3918,0.3918,0.3918,0.3918,16.27
2025-01-17 04:28:00,0.3919,0.3919,0.3919,0.3919,37.0
2025-01-17 04:29:00,0.3923,0.3923,0.3923,0.3923,102.64
2025-01-17 04:30:00,0.3919,0.3919,0.3918,0.3918,1043.34
2025-01-17 04:31:00,0.3917,0.3918,0.3916,0.3918,93.76
2025-01-17 04:32:00,0.3919,0.3922,0.3919,0.3922,228.16
2025-01-17 04:33:00,0.3924,0.3925,0.3923,0.3923,432.28
2025-01-17 04:34:00,0.3923,0.3923,0.3923,0.3923,416.25
2025-01-17 04:35:00,0.3922,0.3923,0.3922,0.3923,572.49
2025-01-17 04:36:00,0.3924,0.3925,0.3924,0.3925,141.9
2025-01-17 04:37:00,0.3926,0.3926,0.3926,0.3926,16.25
2025-01-17 04:38:00,0.3928,0.3928,0.3928,0.3928,16.23
2025-01-17 04:39:00,0.3929,0.3929,0.3927,0.3927,853.77
2025-01-17 04:40:00,0.3927,0.3928,0.3927,0.3928,708.75
2025-01-17 04:41:00,0.3931,0.3931,0.3927,0.3927,2377.92
2025-01-17 04:42:00,0.3932,0.3932,0.3932,0.3932,16.22
2025-01-17 04:43:00,0.393,0.393,0.393,0.393,16.25
2025-01-17 04:44:00,0.3932,0.3932,0.3932,0.3932,16.05
2025-01-17 04:45:00,0.3928,0.3928,0.3928,0.3928,16.25
2025-01-17 04:46:00,0.3931,0.3934,0.3931,0.3933,184.47
2025-01-17 04:47:00,0.3934,0.3934,0.3934,0.3934,53.24
2025-01-17 04:48:00,0.3933,0.3933,0.3933,0.3933,16.24
2025-01-17 04:49:00,0.3933,0.3933,0.3933,0.3933,56.71
2025-01-17 04:50:00,0.3937,0.3937,0.3937,0.3937,16.24
2025-01-17 04:51:00,0.3938,0.394,0.3938,0.394,503.26
2025-01-17 04:52:00,0.3941,0.3945,0.3941,0.3945,576.42
2025-01-17 04:53:00,0.3946,0.3946,0.3943,0.3944,388.97
2025-01-17 04:54:00,0.3943,0.3943,0.3943,0.3943,16.2
2025-01-17 04:55:00,0.3942,0.3942,0.3939,0.3939,1148.59
2025-01-17 04:56:00,0.3941,0.3941,0.394,0.394,79.64
2025-01-17 04:57:00,0.394,0.394,0.394,0.394,16.21
2025-01-17 04:58:00,0.3941,0.3942,0.3941,0.3942,1187.51
2025-01-17 04:59:00,0.394,0.394,0.394,0.394,16.21
2025-01-17 05:00:00,0.3938,0.3938,0.3938,0.3938,228.54
2025-01-17 05:01:00,0.3938,0.3939,0.3938,0.3939,417.7
2025-01-17 05:02:00,0.3937,0.3937,0.3932,0.3933,183.88
2025-01-17 05:03:00,0.3933,0.3933,0.3933,0.3933,0.0
2025-01-17 05:04:00,0.3931,0.3931,0.3929,0.3929,142.34
2025-01-17 05:05:00,0.393,0.393,0.393,0.393,16.26
2025-01-17 05:06:00,0.3934,0.3936,0.3934,0.3934,753.89
2025-01-17 05:07:00,0.3937,0.3937,0.3937,0.3937,16.24
2025-01-17 05:08:00,0.3941,0.3947,0.3941,0.3944,3615.68
2025-01-17 05:09:00,0.3943,0.3943,0.3938,0.3938,49.59
2025-01-17 05:10:00,0.394,0.3941,0.3939,0.3939,87.23
2025-01-17 05:11:00,0.3938,0.3938,0.3935,0.3935,276.73
2025-01-17 05:12:00,0.3934,0.3941,0.3934,0.3939,9875.51
2025-01-17 05:13:00,0.3936,0.3939,0.3936,0.3939,40.85
2025-01-17 05:14:00,0.3938,0.3938,0.3933,0.3933,549.01
2025-01-17 05:15:00,0.3934,0.3937,0.3934,0.3937,1289.9
2025-01-17 05:16:00,0.3932,0.3932,0.393,0.393,42.75
2025-01-17 05:17:00,0.3925,0.3925,0.3924,0.3924,122.11
2025-01-17 05:18:00,0.393,0.393,0.393,0.393,31.48
2025-01-17 05:19:00,0.3928,0.3928,0.3928,0.3928,16.25
2025-01-17 05:20:00,0.3928,0.3929,0.3928,0.3929,744.41
2025-01-17 05:21:00,0.3929,0.3929,0.3929,0.3929,16.17
2025-01-17 05:22:00,0.3927,0.393,0.3927,0.393,162.29
2025-01-17 05:23:00,0.3929,0.3929,0.3929,0.3929,157.99
2025-01-17 05:24:00,0.393,0.3932,0.393,0.3932,32.19
2025-01-17 05:25:00,0.3932,0.3933,0.3932,0.3933,58.03
2025-01-17 05:26:00,0.3933,0.3933,0.3929,0.3929,157.79
2025-01-17 05:27:00,0.3931,0.3931,0.3931,0.3931,41.69
2025-01-17 05:28:00,0.3932,0.3934,0.3932,0.3934,70.3
2025-01-17 05:29:00,0.3934,0.3934,0.3931,0.3931,1367.14
2025-01-17 05:30:00,0.3937,0.3942,0.3937,0.3942,416.19
2025-01-17 05:31:00,0.3942,0.3942,0.3937,0.3937,131.45
2025-01-17 05:32:00,0.3938,0.3938,0.3933,0.3933,87.3
2025-01-17 05:33:00,0.3938,0.3938,0.3935,0.3935,1152.36
2025-01-17 05:34:00,0.3935,0.3935,0.3934,0.3934,1106.77
2025-01-17 05:35:00,0.3931,0.3931,0.3929,0.3929,168.88
2025-01-17 05:36:00,0.3928,0.393,0.3928,0.393,51.59
2025-01-17 05:37:00,0.3929,0.3929,0.3929,0.3929,16.25
2025-01-17 05:38:00,0.3927,0.3927,0.3927,0.3927,16.18
2025-01-17 05:39:00,0.3925,0.3928,0.3925,0.3928,190.17
2025-01-17 05:40:00,0.3926,0.3926,0.3923,0.3923,1320.79
2025-01-17 05:41:00,0.3923,0.3923,0.3923,0.3923,16.19
2025-01-17 05:42:00,0.3924,0.3924,0.3923,0.3923,435.59
2025-01-17 05:43:00,0.3923,0.3923,0.3923,0.3923,28.97
2025-01-17 05:44:00,0.3924,0.3924,0.3924,0.3924,16.18
2025-01-17 05:45:00,0.3926,0.3927,0.3926,0.3927,161.61
2025-01-17 05:46:00,0.3927,0.3927,0.3927,0.3927,300.74
2025-01-17 05:47:00,0.3926,0.3926,0.3926,0.3926,38.2
2025-01-17 05:48:00,0.393,0.393,0.393,0.393,16.19
2025-01-17 05:49:00,0.3929,0.3929,0.3929,0.3929,146.38
2025-01-17 05:50:00,0.3931,0.3931,0.3931,0.3931,98.09
2025-01-17 05:51:00,0.3933,0.3934,0.3933,0.3934,80.83
2025-01-17 05:52:00,0.393,0.3931,0.3929,0.393,1301.16
2025-01-17 05:53:00,0.393,0.393,0.393,0.393,0.0
2025-01-17 05:54:00,0.3934,0.3935,0.3932,0.3934,2659.41
2025-01-17 05:55:00,0.3934,0.3934,0.393,0.393,54.39
2025-01-17 05:56:00,0.3928,0.3928,0.3928,0.3928,16.25
2025-01-17 05:57:00,0.3928,0.3928,0.3926,0.3927,992.96
2025-01-17 05:58:00,0.3929,0.3929,0.3929,0.3929,376.6
2025-01-17 05:59:00,0.3926,0.3926,0.3925,0.3926,175.16
2025-01-17 06:00:00,0.3925,0.3925,0.3924,0.3924,52.7
2025-01-17 06:01:00,0.3927,0.3928,0.3927,0.3928,52.27
2025-01-17 06:02:00,0.3931,0.3931,0.3931,0.3931,16.19
2025-01-17 06:03:00,0.3932,0.3932,0.3932,0.3932,747.25
2025-01-17 06:04:00,0.3931,0.3931,0.3931,0.3931,16.25
2025-01-17 06:05:00,0.393,0.393,0.393,0.393,16.2
2025-01-17 06:06:00,0.3928,0.3931,0.3928,0.393,61.7
2025-01-17 06:07:00,0.393,0.393,0.393,0.393,16.2
2025-01-17 06:08:00,0.393,0.393,0.393,0.393,45.97
2025-01-17 06:09:00,0.3932,0.3932,0.3932,0.3932,16.2
2025-01-17 06:10:00,0.3934,0.3934,0.3934,0.3934,16.22
2025-01-17 06:11:00,0.3934,0.3934,0.3933,0.3933,552.5
2025-01-17 06:12:00,0.3933,0.3935,0.3933,0.3935,69.34
2025-01-17 06:13:00,0.3936,0.3937,0.3935,0.3937,2563.03
2025-01-17 06:14:00,0.3937,0.3938,0.3937,0.3938,143.15
2025-01-17 06:15:00,0.3942,0.3948,0.3942,0.3946,5210.93
2025-01-17 06:16:00,0.3946,0.3946,0.3941,0.3941,142.92
2025-01-17 06:17:00,0.3942,0.3942,0.3942,0.3942,16.21
2025-01-17 06:18:00,0.3943,0.3943,0.3943,0.3943,35.29
2025-01-17 06:19:00,0.3946,0.3946,0.3946,0.3946,303.6
2025-01-17 06:20:00,0.3949,0.3949,0.3943,0.3944,5777.95
2025-01-17 06:21:00,0.3943,0.3946,0.3943,0.3946,844.29
2025-01-17 06:22:00,0.3945,0.3945,0.3942,0.3945,1038.72
2025-01-17 06:23:00,0.3948,0.395,0.3948,0.395,1594.0
2025-01-17 06:24:00,0.395,0.395,0.395,0.395,762.57
2025-01-17 06:25:00,0.3948,0.3949,0.3947,0.3947,1908.14
2025-01-17 06:26:00,0.3948,0.3949,0.3946,0.3946,2905.92
2025-01-17 06:27:00,0.3945,0.3945,0.3945,0.3945,21.06
2025-01-17 06:28:00,0.3948,0.3948,0.3946,0.3946,123.47
2025-01-17 06:29:00,0.3947,0.3949,0.3946,0.3949,423.11
2025-01-17 06:30:00,0.3948,0.3948,0.3944,0.3945,838.69
2025-01-17 06:31:00,0.3942,0.3942,0.3942,0.3942,76.02
2025-01-17 06:32:00,0.3944,0.3944,0.3944,0.3944,16.01
2025-01-17 06:33:00,0.3942,0.3942,0.3942,0.3942,16.2
2025-01-17 06:34:00,0.3939,0.3939,0.3939,0.3939,16.04
2025-01-17 06:35:00,0.3941,0.3941,0.3938,0.3938,365.54
2025-01-17 06:36:00,0.3937,0.3937,0.3937,0.3937,61.22
2025-01-17 06:37:00,0.3937,0.394,0.3937,0.394,40.58
2025-01-17 06:38:00,0.3936,0.3936,0.3936,0.3936,16.21
2025-01-17 06:39:00,0.3938,0.3938,0.3935,0.3935,307.22
2025-01-17 06:40:00,0.3934,0.3934,0.3934,0.3934,16.23
2025-01-17 06:41:00,0.3934,0.3934,0.3934,0.3934,381.29
2025-01-17 06:42:00,0.3933,0.3933,0.3927,0.3932,9193.93
2025-01-17 06:43:00,0.393,0.393,0.393,0.393,16.25
2025-01-17 06:44:00,0.3931,0.3936,0.3931,0.3936,3952.31
2025-01-17 06:45:00,0.3932,0.3932,0.393,0.393,325.58
2025-01-17 06:46:00,0.393,0.393,0.3929,0.3929,64.34
2025-01-17 06:47:00,0.3929,0.3929,0.3923,0.3923,2146.44
2025-01-17 06:48:00,0.3925,0.3929,0.3925,0.3927,706.43
2025-01-17 06:49:00,0.393,0.3932,0.393,0.3931,990.95
2025-01-17 06:50:00,0.3932,0.3935,0.3932,0.3934,4047.34
2025-01-17 06:51:00,0.3936,0.3936,0.3935,0.3935,36.17
2025-01-17 06:52:00,0.3934,0.3934,0.3934,0.3934,16.23
2025-01-17 06:53:00,0.3933,0.3937,0.3932,0.3937,74.68
2025-01-17 06:54:00,0.3935,0.394,0.3935,0.394,765.05
2025-01-17 06:55:00,0.394,0.394,0.394,0.394,16.21
2025-01-17 06:56:00,0.3937,0.394,0.3937,0.3939,15099.93
2025-01-17 06:57:00,0.3939,0.3942,0.3938,0.3942,1473.66
2025-01-17 06:58:00,0.3943,0.3945,0.3943,0.3944,96.68
2025-01-17 06:59:00,0.3944,0.3946,0.3944,0.3946,1160.25
2025-01-17 07:00:00,0.3947,0.3951,0.3947,0.3951,5328.03
2025-01-17 07:01:00,0.395,0.3956,0.395,0.3954,2670.91
2025-01-17 07:02:00,0.3955,0.3957,0.3951,0.3951,4854.91
2025-01-17 07:03:00,0.3951,0.3952,0.395,0.3951,1224.77
2025-01-17 07:04:00,0.3949,0.3957,0.3949,0.3949,4915.44
2025-01-17 07:05:00,0.395,0.3952,0.395,0.3952,654.09
2025-01-17 07:06:00,0.3947,0.395,0.3947,0.395,303.73
2025-01-17 07:07:00,0.3948,0.3949,0.3948,0.3949,267.41
2025-01-17 07:08:00,0.3949,0.3952,0.3949,0.3952,1165.62
2025-01-17 07:09:00,0.395,0.3952,0.395,0.3952,395.71
2025-01-17 07:10:00,0.3951,0.3954,0.395,0.3952,599.32
2025-01-17 07:11:00,0.3955,0.3955,0.3948,0.3948,9841.39
2025-01-17 07:12:00,0.3952,0.3952,0.3952,0.3952,43.57
2025-01-17 07:13:00,0.3951,0.3951,0.395,0.395,104.32
2025-01-17 07:14:00,0.3952,0.3952,0.3952,0.3952,16.1
2025-01-17 07:15:00,0.3957,0.3957,0.3957,0.3957,38.0
2025-01-17 07:16:00,0.3958,0.3958,0.3957,0.3958,256.97
2025-01-17 07:17:00,0.3959,0.3959,0.3958,0.3959,1136.11
2025-01-17 07:18:00,0.396,0.3961,0.396,0.396,587.97
2025-01-17 07:19:00,0.3961,0.3965,0.3961,0.3962,2242.49
2025-01-17 07:20:00,0.3956,0.3956,0.3956,0.3956,16.12
2025-01-17 07:21:00,0.3961,0.3961,0.3961,0.3961,16.08
2025-01-17 07:22:00,0.3958,0.396,0.3955,0.3955,9113.95
2025-01-17 07:23:00,0.3962,0.3963,0.3961,0.3963,1477.47
2025-01-17 07:24:00,0.3964,0.3964,0.3964,0.3964,16.12
2025-01-17 07:25:00,0.3966,0.3967,0.3965,0.3966,1169.08
2025-01-17 07:26:00,0.3966,0.3966,0.3964,0.3964,292.77
2025-01-17 07:27:00,0.3966,0.3978,0.3966,0.3977,20583.15
2025-01-17 07:28:00,0.3977,0.3977,0.3969,0.397,3939.24
2025-01-17 07:29:00,0.3971,0.3972,0.3971,0.3972,595.25
2025-01-17 07:30:00,0.397,0.3971,0.3968,0.3971,852.22
2025-01-17 07:31:00,0.3971,0.3972,0.3967,0.3967,530.83
2025-01-17 07:32:00,0.3967,0.3972,0.3967,0.3971,7143.99
2025-01-17 07:33:00,0.3974,0.3975,0.3974,0.3975,70.69
2025-01-17 07:34:00,0.3975,0.3978,0.3973,0.3978,14733.75
2025-01-17 07:35:00,0.3978,0.3991,0.3978,0.3988,67335.07
2025-01-17 07:36:00,0.399,0.3995,0.3987,0.3992,50143.5
2025-01-17 07:37:00,0.3993,0.4,0.3993,0.4,59015.19
2025-01-17 07:38:00,0.4,0.4004,0.3995,0.3997,77299.87
2025-01-17 07:39:00,0.3996,0.4,0.3976,0.3978,28579.36
2025-01-17 07:40:00,0.3977,0.3977,0.3968,0.3977,17073.18
2025-01-17 07:41:00,0.3978,0.3984,0.3976,0.3981,8598.47
2025-01-17 07:42:00,0.3986,0.3986,0.3981,0.3981,250.96
2025-01-17 07:43:00,0.398,0.3984,0.398,0.3984,3810.35
2025-01-17 07:44:00,0.3983,0.3986,0.398,0.3986,3272.12
2025-01-17 07:45:00,0.3986,0.3987,0.3983,0.3985,795.61
2025-01-17 07:46:00,0.3986,0.3987,0.3982,0.3982,1798.59
2025-01-17 07:47:00,0.3981,0.3981,0.3979,0.3979,3770.28
2025-01-17 07:48:00,0.3979,0.3983,0.3979,0.3982,3184.12
2025-01-17 07:49:00,0.3981,0.3981,0.3977,0.3977,4283.44
2025-01-17 07:50:00,0.3981,0.3981,0.3971,0.3971,2612.02
2025-01-17 07:51:00,0.3971,0.3973,0.3965,0.3968,289.25
2025-01-17 07:52:00,0.3969,0.3969,0.3969,0.3969,16.08
2025-01-17 07:53:00,0.3967,0.3967,0.3967,0.3967,15.67
2025-01-17 07:54:00,0.3966,0.3967,0.3956,0.3956,7161.27
2025-01-17 07:55:00,0.3955,0.3957,0.395,0.3954,1124.87
2025-01-17 07:56:00,0.3951,0.3955,0.395,0.3955,5305.1
2025-01-17 07:57:00,0.3958,0.3961,0.3958,0.3961,3645.97
2025-01-17 07:58:00,0.3961,0.3961,0.3961,0.3961,3878.79
2025-01-17 07:59:00,0.3963,0.397,0.3963,0.3969,3646.91
2025-01-17 08:00:00,0.397,0.3982,0.397,0.3979,18701.65
2025-01-17 08:01:00,0.3979,0.3979,0.3977,0.3977,156.55
2025-01-17 08:02:00,0.3976,0.3976,0.3974,0.3974,3703.32
2025-01-17 08:03:00,0.3971,0.3974,0.397,0.3971,590.94
2025-01-17 08:04:00,0.3967,0.3968,0.3967,0.3968,239.73
2025-01-17 08:05:00,0.3969,0.3971,0.3969,0.3969,2584.48
2025-01-17 08:06:00,0.3968,0.3968,0.3962,0.3963,1854.19
2025-01-17 08:07:00,0.3963,0.3965,0.3963,0.3965,5171.64
2025-01-17 08:08:00,0.3967,0.3967,0.3965,0.3965,178.89
2025-01-17 08:09:00,0.3965,0.3965,0.3962,0.3962,105.86
2025-01-17 08:10:00,0.3965,0.3966,0.3959,0.3961,2255.4
2025-01-17 08:11:00,0.3954,0.397,0.3954,0.397,14974.78
2025-01-17 08:12:00,0.3968,0.3979,0.3967,0.3977,52036.41
2025-01-17 08:13:00,0.3978,0.3985,0.3975,0.3981,70519.05
2025-01-17 08:14:00,0.398,0.3983,0.3975,0.398,51230.57
2025-01-17 08:15:00,0.3978,0.3978,0.3969,0.3969,8576.96
2025-01-17 08:16:00,0.3967,0.3968,0.3965,0.3966,4097.24
2025-01-17 08:17:00,0.3966,0.3966,0.3966,0.3966,422.38
2025-01-17 08:18:00,0.3967,0.3968,0.3967,0.3968,20065.15
2025-01-17 08:19:00,0.3971,0.3971,0.3963,0.3963,9091.8
2025-01-17 08:20:00,0.3963,0.3964,0.3962,0.3962,3678.79
2025-01-17 08:21:00,0.3961,0.3964,0.3959,0.3959,10207.43
2025-01-17 08:22:00,0.3959,0.3961,0.3956,0.3956,3556.65
2025-01-17 08:23:00,0.3955,0.3958,0.3955,0.3958,163.3
2025-01-17 08:24:00,0.3956,0.3956,0.3945,0.3946,4382.26
2025-01-17 08:25:00,0.3944,0.3945,0.3931,0.3937,19795.4
2025-01-17 08:26:00,0.3937,0.3939,0.3934,0.3938,11227.37
2025-01-17 08:27:00,0.3936,0.3943,0.3936,0.3942,5047.26
2025-01-17 08:28:00,0.3938,0.3938,0.3932,0.3936,3311.49
2025-01-17 08:29:00,0.3937,0.394,0.3937,0.394,1785.85
2025-01-17 08:30:00,0.3942,0.395,0.3942,0.395,610.41
2025-01-17 08:31:00,0.3954,0.3968,0.3954,0.3962,47385.7
2025-01-17 08:32:00,0.3963,0.3967,0.3961,0.3961,4406.24
2025-01-17 08:33:00,0.3963,0.3969,0.3963,0.3969,1152.56
2025-01-17 08:34:00,0.397,0.3972,0.3969,0.3972,4367.01
2025-01-17 08:35:00,0.3974,0.3976,0.3971,0.3976,1974.2
2025-01-17 08:36:00,0.3972,0.3974,0.397,0.397,1459.61
2025-01-17 08:37:00,0.3974,0.3974,0.3971,0.3971,51.07
2025-01-17 08:38:00,0.3964,0.3964,0.3958,0.3958,1106.54
2025-01-17 08:39:00,0.3957,0.3957,0.3951,0.3951,855.05
2025-01-17 08:40:00,0.3954,0.3956,0.3947,0.3947,1726.42
2025-01-17 08:41:00,0.3946,0.3951,0.3946,0.3951,503.06
2025-01-17 08:42:00,0.3951,0.3955,0.3948,0.3948,1102.99
2025-01-17 08:43:00,0.3948,0.3952,0.3948,0.3951,2851.77
2025-01-17 08:44:00,0.395,0.3951,0.3949,0.3951,3081.11
2025-01-17 08:45:00,0.3953,0.3955,0.3939,0.3945,55558.85
2025-01-17 08:46:00,0.3949,0.3951,0.3947,0.395,3082.54
2025-01-17 08:47:00,0.3951,0.3951,0.3951,0.3951,16.13
2025-01-17 08:48:00,0.3951,0.3951,0.3946,0.3946,621.35
2025-01-17 08:49:00,0.3955,0.3956,0.3955,0.3956,316.75
2025-01-17 08:50:00,0.3957,0.3957,0.3954,0.3954,774.58
2025-01-17 08:51:00,0.3959,0.3963,0.3959,0.3963,516.93
2025-01-17 08:52:00,0.3963,0.3963,0.3957,0.3957,3918.74
2025-01-17 08:53:00,0.3956,0.3979,0.3956,0.3979,21208.38
2025-01-17 08:54:00,0.3977,0.3993,0.3976,0.3989,74773.42
2025-01-17 08:55:00,0.399,0.3997,0.3988,0.3989,60512.31
2025-01-17 08:56:00,0.399,0.399,0.3978,0.398,7857.61
2025-01-17 08:57:00,0.398,0.3981,0.3974,0.3977,4491.04
2025-01-17 08:58:00,0.3979,0.3981,0.3977,0.3977,5451.87
2025-01-17 08:59:00,0.398,0.398,0.3979,0.398,1652.05
2025-01-17 09:00:00,0.398,0.3986,0.3979,0.3979,1351.7
2025-01-17 09:01:00,0.3978,0.3981,0.3976,0.3981,202.04
2025-01-17 09:02:00,0.398,0.398,0.3971,0.3971,951.27
2025-01-17 09:03:00,0.3972,0.3972,0.3966,0.3968,5333.38
2025-01-17 09:04:00,0.3966,0.3967,0.3966,0.3967,982.5
2025-01-17 09:05:00,0.3966,0.3966,0.3961,0.3962,452.56
2025-01-17 09:06:00,0.3966,0.3966,0.396,0.3966,2397.84
2025-01-17 09:07:00,0.3968,0.3971,0.3968,0.3971,250.07
2025-01-17 09:08:00,0.3973,0.3973,0.3972,0.3972,890.81
2025-01-17 09:09:00,0.397,0.3975,0.397,0.3975,2442.76
2025-01-17 09:10:00,0.3975,0.3975,0.3973,0.3973,35.31
2025-01-17 09:11:00,0.3975,0.3975,0.3965,0.3965,708.99
2025-01-17 09:12:00,0.3965,0.3977,0.3965,0.3976,2737.36
2025-01-17 09:13:00,0.3977,0.3979,0.3975,0.3979,1792.27
2025-01-17 09:14:00,0.3977,0.3977,0.3976,0.3976,68.84
2025-01-17 09:15:00,0.3978,0.3978,0.3972,0.3977,4901.58
2025-01-17 09:16:00,0.3977,0.3977,0.3973,0.3973,309.1
2025-01-17 09:17:00,0.3971,0.3971,0.397,0.3971,166.69
2025-01-17 09:18:00,0.3974,0.3975,0.3971,0.3971,2019.26
2025-01-17 09:19:00,0.3969,0.3972,0.3969,0.397,1333.82
2025-01-17 09:20:00,0.3967,0.3967,0.3964,0.3965,210.32
2025-01-17 09:21:00,0.3968,0.3969,0.3968,0.3969,450.92
2025-01-17 09:22:00,0.3972,0.3974,0.3972,0.3974,306.27
2025-01-17 09:23:00,0.3967,0.3967,0.3962,0.3962,650.95
2025-01-17 09:24:00,0.3962,0.3962,0.3962,0.3962,107.47
2025-01-17 09:25:00,0.3959,0.3961,0.3957,0.3961,1657.39
2025-01-17 09:26:00,0.396,0.396,0.3958,0.3959,500.1
2025-01-17 09:27:00,0.3961,0.3961,0.3961,0.3961,16.11
2025-01-17 09:28:00,0.3962,0.3965,0.3962,0.3965,821.55
2025-01-17 09:29:00,0.3965,0.3965,0.3965,0.3965,0.0
2025-01-17 09:30:00,0.397,0.397,0.397,0.397,25.44
2025-01-17 09:31:00,0.3974,0.3975,0.3973,0.3975,537.87
2025-01-17 09:32:00,0.3976,0.398,0.3976,0.398,344.03
2025-01-17 09:33:00,0.3973,0.3973,0.3973,0.3973,17.0
2025-01-17 09:34:00,0.397,0.397,0.3964,0.3964,3362.16
2025-01-17 09:35:00,0.3973,0.3977,0.3973,0.3975,4796.97
2025-01-17 09:36:00,0.3977,0.3977,0.3974,0.3975,235.9
2025-01-17 09:37:00,0.3979,0.3979,0.3976,0.3976,1503.07
2025-01-17 09:38:00,0.3975,0.3977,0.3974,0.3974,5215.87
2025-01-17 09:39:00,0.3978,0.3978,0.3978,0.3978,97.95
2025-01-17 09:40:00,0.3979,0.3979,0.3978,0.3978,1001.04
2025-01-17 09:41:00,0.3981,0.3991,0.3979,0.3991,5552.22
2025-01-17 09:42:00,0.3991,0.3998,0.3991,0.3998,38684.76
2025-01-17 09:43:00,0.3998,0.4005,0.3996,0.4005,112615.27
2025-01-17 09:44:00,0.4003,0.4007,0.3997,0.4006,124978.04
2025-01-17 09:45:00,0.4004,0.4009,0.3995,0.3995,60418.57
2025-01-17 09:46:00,0.3993,0.3993,0.3982,0.3987,10192.65
2025-01-17 09:47:00,0.3985,0.3985,0.3979,0.398,6900.04
2025-01-17 09:48:00,0.398,0.3981,0.3978,0.3979,2139.48
2025-01-17 09:49:00,0.3979,0.3979,0.3979,0.3979,53.74
2025-01-17 09:50:00,0.3979,0.3979,0.3975,0.3975,1893.11
2025-01-17 09:51:00,0.3974,0.3977,0.3974,0.3975,20868.02
2025-01-17 09:52:00,0.3975,0.3977,0.3975,0.3977,444.9
2025-01-17 09:53:00,0.3976,0.3976,0.3976,0.3976,183.18
2025-01-17 09:54:00,0.3977,0.3977,0.3976,0.3976,10207.2
2025-01-17 09:55:00,0.3975,0.3975,0.3969,0.3969,10292.04
2025-01-17 09:56:00,0.3966,0.3967,0.3966,0.3967,1489.82
2025-01-17 09:57:00,0.3966,0.3967,0.3966,0.3967,174.8
2025-01-17 09:58:00,0.3968,0.3968,0.3968,0.3968,2114.65
2025-01-17 09:59:00,0.3969,0.3969,0.3963,0.3963,1047.96
2025-01-17 10:00:00,0.3965,0.3968,0.3965,0.3965,4731.77
2025-01-17 10:01:00,0.3962,0.3962,0.3958,0.3958,5060.45
2025-01-17 10:02:00,0.3957,0.3959,0.3957,0.3958,4908.66
2025-01-17 10:03:00,0.3958,0.396,0.3953,0.3954,4642.45
2025-01-17 10:04:00,0.3952,0.3955,0.3951,0.3953,57532.59
2025-01-17 10:05:00,0.3952,0.3962,0.3951,0.3953,79970.24
2025-01-17 10:06:00,0.3953,0.396,0.395,0.3954,85000.12
2025-01-17 10:07:00,0.395,0.395,0.3945,0.3949,25063.2
2025-01-17 10:08:00,0.3947,0.3949,0.3946,0.3948,14824.28
2025-01-17 10:09:00,0.3949,0.3949,0.3945,0.3947,3698.32
2025-01-17 10:10:00,0.3947,0.3949,0.3947,0.3949,29270.91
2025-01-17 10:11:00,0.3945,0.3948,0.3945,0.3946,796.26
2025-01-17 10:12:00,0.3948,0.395,0.3939,0.3949,55998.65
2025-01-17 10:13:00,0.3949,0.397,0.3945,0.3969,34249.6
2025-01-17 10:14:00,0.3971,0.3979,0.3969,0.3971,66798.0
2025-01-17 10:15:00,0.3971,0.3979,0.3971,0.3977,89160.04
2025-01-17 10:16:00,0.3977,0.3981,0.3962,0.3962,107987.51
2025-01-17 10:17:00,0.3964,0.3975,0.3964,0.3975,13484.73
2025-01-17 10:18:00,0.3976,0.3978,0.3966,0.3966,16665.01
2025-01-17 10:19:00,0.3968,0.3969,0.3962,0.3969,6156.13
2025-01-17 10:20:00,0.3973,0.3974,0.3968,0.3971,376.49
2025-01-17 10:21:00,0.3971,0.3971,0.3962,0.3962,10190.74
2025-01-17 10:22:00,0.3967,0.397,0.3964,0.3964,11327.95
2025-01-17 10:23:00,0.3967,0.3967,0.396,0.396,7066.94
2025-01-17 10:24:00,0.396,0.396,0.396,0.396,97.0
2025-01-17 10:25:00,0.3963,0.3963,0.3963,0.3963,16.09
2025-01-17 10:26:00,0.3963,0.3975,0.3962,0.3975,26030.25
2025-01-17 10:27:00,0.397,0.397,0.3969,0.397,315.78
2025-01-17 10:28:00,0.3966,0.3967,0.3966,0.3967,2409.49
2025-01-17 10:29:00,0.3966,0.3969,0.3966,0.3969,759.78
2025-01-17 10:30:00,0.3968,0.3972,0.3962,0.3962,1045.26
2025-01-17 10:31:00,0.3966,0.3971,0.3966,0.3971,2363.28
2025-01-17 10:32:00,0.3972,0.3974,0.3971,0.3974,4569.61
2025-01-17 10:33:00,0.3969,0.3974,0.3968,0.3974,2720.89
2025-01-17 10:34:00,0.3976,0.3976,0.3974,0.3976,115.12
2025-01-17 10:35:00,0.3975,0.3977,0.3975,0.3977,330.43
2025-01-17 10:36:00,0.3975,0.3976,0.3975,0.3976,2356.76
2025-01-17 10:37:00,0.3978,0.3983,0.3978,0.3982,2811.01
2025-01-17 10:38:00,0.3983,0.3984,0.3982,0.3982,4130.2
2025-01-17 10:39:00,0.3982,0.3986,0.3981,0.3986,4554.05
2025-01-17 10:40:00,0.3987,0.3987,0.3985,0.3986,1467.95
2025-01-17 10:41:00,0.3985,0.3993,0.3985,0.3991,2003.53
2025-01-17 10:42:00,0.399,0.3993,0.3989,0.3991,8015.32
2025-01-17 10:43:00,0.3992,0.3993,0.3989,0.399,1347.19
2025-01-17 10:44:00,0.399,0.399,0.3987,0.3987,7924.62
2025-01-17 10:45:00,0.3983,0.3983,0.3977,0.3977,314.86
2025-01-17 10:46:00,0.398,0.3982,0.398,0.3982,98.14
2025-01-17 10:47:00,0.3982,0.3982,0.3982,0.3982,0.0
2025-01-17 10:48:00,0.3987,0.3992,0.3987,0.3992,165.47
2025-01-17 10:49:00,0.3994,0.3995,0.3994,0.3995,709.17
2025-01-17 10:50:00,0.3993,0.3993,0.3993,0.3993,164.0
2025-01-17 10:51:00,0.3995,0.3995,0.3992,0.3992,682.68
2025-01-17 10:52:00,0.399,0.3992,0.399,0.3992,355.78
2025-01-17 10:53:00,0.3993,0.3997,0.3993,0.3996,12991.43
2025-01-17 10:54:00,0.3994,0.3994,0.399,0.399,8879.36
2025-01-17 10:55:00,0.3991,0.3991,0.3986,0.3987,924.67
2025-01-17 10:56:00,0.3989,0.3989,0.3989,0.3989,99.0
2025-01-17 10:57:00,0.399,0.399,0.399,0.399,28.7
2025-01-17 10:58:00,0.399,0.399,0.3983,0.3987,20682.11
2025-01-17 10:59:00,0.3989,0.3989,0.3989,0.3989,301.0
2025-01-17 11:00:00,0.3989,0.3989,0.3987,0.3987,78.05
2025-01-17 11:01:00,0.3982,0.3982,0.3976,0.3979,1380.91
2025-01-17 11:02:00,0.398,0.3982,0.398,0.3981,294.42
2025-01-17 11:03:00,0.3974,0.3974,0.3974,0.3974,327.53
2025-01-17 11:04:00,0.3974,0.3978,0.3974,0.3977,129.81
2025-01-17 11:05:00,0.3973,0.3973,0.3973,0.3973,16.06
2025-01-17 11:06:00,0.398,0.3985,0.398,0.3982,15092.27
2025-01-17 11:07:00,0.3981,0.3981,0.398,0.398,43030.24
2025-01-17 11:08:00,0.3981,0.3986,0.398,0.3986,3638.92
2025-01-17 11:09:00,0.3985,0.3991,0.3985,0.3988,11874.98
2025-01-17 11:10:00,0.3989,0.3992,0.3988,0.3992,2510.67
2025-01-17 11:11:00,0.399,0.399,0.3986,0.3987,4490.75
2025-01-17 11:12:00,0.3984,0.3985,0.3984,0.3985,2003.61
2025-01-17 11:13:00,0.3986,0.3989,0.3986,0.3989,862.65
2025-01-17 11:14:00,0.3989,0.3993,0.3989,0.3991,944.09
2025-01-17 11:15:00,0.3992,0.3992,0.3992,0.3992,425.23
2025-01-17 11:16:00,0.3997,0.4,0.3995,0.3996,13186.17
2025-01-17 11:17:00,0.3994,0.3998,0.3994,0.3998,2007.83
2025-01-17 11:18:00,0.3999,0.4004,0.3999,0.4004,2081.67
2025-01-17 11:19:00,0.4003,0.4003,0.3998,0.3998,2376.53
2025-01-17 11:20:00,0.3998,0.3999,0.3998,0.3999,117.89
2025-01-17 11:21:00,0.3999,0.3999,0.3995,0.3996,4685.43
2025-01-17 11:22:00,0.3996,0.3997,0.3991,0.3996,6860.01
2025-01-17 11:23:00,0.3997,0.3998,0.3997,0.3998,587.76
2025-01-17 11:24:00,0.3997,0.4002,0.3997,0.4002,2124.13
2025-01-17 11:25:00,0.4001,0.4001,0.3997,0.3997,349.87
2025-01-17 11:26:00,0.3997,0.4006,0.3997,0.4006,24696.95
2025-01-17 11:27:00,0.4006,0.4007,0.4003,0.4003,16174.94
2025-01-17 11:28:00,0.4004,0.4007,0.4003,0.4003,1166.67
2025-01-17 11:29:00,0.4003,0.4003,0.399,0.399,59900.01
2025-01-17 11:30:00,0.3991,0.4001,0.3991,0.4001,9141.45
2025-01-17 11:31:00,0.4,0.4001,0.3993,0.3993,537.75
2025-01-17 11:32:00,0.3996,0.4004,0.3995,0.4004,1814.2
2025-01-17 11:33:00,0.4006,0.4007,0.3995,0.4005,6744.53
2025-01-17 11:34:00,0.4001,0.4016,0.4,0.4007,120108.78
2025-01-17 11:35:00,0.4004,0.401,0.4004,0.4004,7776.81
2025-01-17 11:36:00,0.4006,0.4006,0.4003,0.4005,5489.26
2025-01-17 11:37:00,0.4005,0.4009,0.4005,0.4005,15435.37
2025-01-17 11:38:00,0.4007,0.4007,0.4007,0.4007,15.84
2025-01-17 11:39:00,0.4004,0.4007,0.4004,0.4006,2738.09
2025-01-17 11:40:00,0.4004,0.4008,0.4002,0.4008,4428.03
2025-01-17 11:41:00,0.4009,0.4009,0.4003,0.4003,144.23
2025-01-17 11:42:00,0.4005,0.4006,0.4005,0.4006,28.41
2025-01-17 11:43:00,0.4006,0.4008,0.4006,0.4008,1679.16
2025-01-17 11:44:00,0.4009,0.4009,0.4009,0.4009,15.91
2025-01-17 11:45:00,0.4002,0.4009,0.4002,0.4006,18331.31
2025-01-17 11:46:00,0.4005,0.4006,0.4003,0.4003,817.75
2025-01-17 11:47:00,0.4002,0.4003,0.4002,0.4002,6223.01
2025-01-17 11:48:00,0.4002,0.4002,0.4001,0.4001,651.13
2025-01-17 11:49:00,0.4002,0.4002,0.3996,0.3996,1580.85
2025-01-17 11:50:00,0.3995,0.3995,0.3987,0.3987,14892.47
2025-01-17 11:51:00,0.3986,0.3987,0.3981,0.3981,19153.2
2025-01-17 11:52:00,0.3982,0.3983,0.3975,0.3978,41736.67
2025-01-17 11:53:00,0.3977,0.3977,0.3971,0.3971,50182.15
2025-01-17 11:54:00,0.3974,0.3976,0.3967,0.3969,44322.8
2025-01-17 11:55:00,0.3969,0.3972,0.3962,0.3962,81983.03
2025-01-17 11:56:00,0.3966,0.3967,0.3958,0.3958,17194.58
2025-01-17 11:57:00,0.3959,0.3961,0.3951,0.3956,82666.4
2025-01-17 11:58:00,0.3956,0.3956,0.3947,0.3947,43783.31
2025-01-17 11:59:00,0.395,0.3952,0.394,0.3941,61611.42
2025-01-17 12:00:00,0.3941,0.3944,0.3934,0.3934,25458.52
2025-01-17 12:01:00,0.3935,0.3936,0.3926,0.3926,52517.83
2025-01-17 12:02:00,0.393,0.3939,0.3928,0.3932,62129.7
2025-01-17 12:03:00,0.3932,0.3933,0.3925,0.3932,40144.77
2025-01-17 12:04:00,0.3932,0.3935,0.3928,0.3931,119581.0
2025-01-17 12:05:00,0.3931,0.3941,0.3928,0.3939,110132.39
2025-01-17 12:06:00,0.3939,0.394,0.3932,0.3936,47049.26
2025-01-17 12:07:00,0.3936,0.3947,0.393,0.3944,142648.26
2025-01-17 12:08:00,0.3944,0.3944,0.394,0.3941,1974.84
2025-01-17 12:09:00,0.394,0.394,0.3937,0.3939,4886.12
2025-01-17 12:10:00,0.394,0.3946,0.394,0.3946,685.52
2025-01-17 12:11:00,0.3946,0.3949,0.3944,0.3947,4758.93
2025-01-17 12:12:00,0.395,0.3954,0.395,0.395,4467.75
2025-01-17 12:13:00,0.3952,0.3952,0.395,0.3952,5200.58
2025-01-17 12:14:00,0.3952,0.3954,0.3951,0.3951,1332.99
2025-01-17 12:15:00,0.3954,0.396,0.3954,0.396,9960.67
2025-01-17 12:16:00,0.3958,0.396,0.3954,0.3958,8934.47
2025-01-17 12:17:00,0.3956,0.3956,0.3953,0.3955,2667.12
2025-01-17 12:18:00,0.3956,0.3962,0.3955,0.396,4744.98
2025-01-17 12:19:00,0.396,0.3964,0.396,0.3964,1742.33
2025-01-17 12:20:00,0.3963,0.3963,0.3958,0.396,4324.09
2025-01-17 12:21:00,0.396,0.3963,0.3959,0.3959,725.78
2025-01-17 12:22:00,0.3957,0.3957,0.3953,0.3957,994.09
2025-01-17 12:23:00,0.3955,0.3955,0.3955,0.3955,361.0
2025-01-17 12:24:00,0.3957,0.3958,0.3957,0.3958,268.85
2025-01-17 12:25:00,0.396,0.3968,0.396,0.3968,16123.28
2025-01-17 12:26:00,0.3967,0.3967,0.3955,0.3957,1449.02
2025-01-17 12:27:00,0.3952,0.3952,0.3939,0.3942,7954.52
2025-01-17 12:28:00,0.3944,0.3946,0.3944,0.3946,514.43
2025-01-17 12:29:00,0.3944,0.3944,0.3944,0.3944,69.0
2025-01-17 12:30:00,0.3942,0.3947,0.3942,0.3942,1128.35
2025-01-17 12:31:00,0.3935,0.3937,0.3935,0.3937,517.09
2025-01-17 12:32:00,0.394,0.394,0.3932,0.3932,1977.26
2025-01-17 12:33:00,0.3931,0.3932,0.3931,0.3932,887.46
2025-01-17 12:34:00,0.393,0.393,0.3924,0.3924,1778.18
2025-01-17 12:35:00,0.3927,0.3927,0.3919,0.3923,14594.91
2025-01-17 12:36:00,0.3933,0.3934,0.3925,0.3926,2452.61
2025-01-17 12:37:00,0.3926,0.3926,0.3925,0.3925,37.31
2025-01-17 12:38:00,0.3931,0.3931,0.3929,0.3929,50.93
2025-01-17 12:39:00,0.3933,0.3935,0.3933,0.3935,402.34
2025-01-17 12:40:00,0.3932,0.3945,0.3932,0.3942,1559.71
2025-01-17 12:41:00,0.3941,0.3949,0.3941,0.3946,6692.09
2025-01-17 12:42:00,0.3944,0.3949,0.3944,0.3948,1980.65
2025-01-17 12:43:00,0.3948,0.3948,0.3947,0.3947,2092.54
2025-01-17 12:44:00,0.395,0.395,0.3946,0.3946,1141.43
2025-01-17 12:45:00,0.3945,0.3946,0.3944,0.3945,315.73
2025-01-17 12:46:00,0.3952,0.3953,0.395,0.395,182.16
2025-01-17 12:47:00,0.3958,0.3958,0.3951,0.3951,416.14
2025-01-17 12:48:00,0.3946,0.3946,0.3946,0.3946,16.17
2025-01-17 12:49:00,0.3946,0.3946,0.3946,0.3946,1066.83
2025-01-17 12:50:00,0.3944,0.3944,0.3943,0.3943,87.2
2025-01-17 12:51:00,0.3942,0.3944,0.3939,0.3939,2594.62
2025-01-17 12:52:00,0.3938,0.3942,0.3938,0.394,1478.25
2025-01-17 12:53:00,0.3937,0.394,0.3937,0.394,143.5
2025-01-17 12:54:00,0.3937,0.3937,0.3936,0.3936,1431.88
2025-01-17 12:55:00,0.3932,0.3932,0.3929,0.3929,544.34
2025-01-17 12:56:00,0.3931,0.3931,0.3927,0.3927,433.35
2025-01-17 12:57:00,0.3926,0.3926,0.3923,0.3923,850.12
2025-01-17 12:58:00,0.3927,0.3927,0.3925,0.3927,294.46
2025-01-17 12:59:00,0.393,0.393,0.3927,0.3929,705.73
2025-01-17 13:00:00,0.3929,0.3937,0.3929,0.3936,389.7
2025-01-17 13:01:00,0.3941,0.3945,0.3938,0.3945,486.93
2025-01-17 13:02:00,0.3945,0.3947,0.3945,0.3946,725.19
2025-01-17 13:03:00,0.3947,0.3947,0.3942,0.3942,508.19
2025-01-17 13:04:00,0.3942,0.3943,0.3941,0.3942,1008.6
2025-01-17 13:05:00,0.3942,0.3944,0.3937,0.3937,3178.87
2025-01-17 13:06:00,0.394,0.3946,0.3939,0.394,26368.2
2025-01-17 13:07:00,0.3941,0.3947,0.394,0.3947,719.16
2025-01-17 13:08:00,0.3946,0.3946,0.3946,0.3946,41.19
2025-01-17 13:09:00,0.3947,0.3947,0.3945,0.3946,1218.45
2025-01-17 13:10:00,0.3949,0.3949,0.3945,0.3945,476.9
2025-01-17 13:11:00,0.3944,0.3949,0.3944,0.3949,642.63
2025-01-17 13:12:00,0.395,0.3958,0.395,0.3957,846.77
2025-01-17 13:13:00,0.3957,0.3957,0.3953,0.3955,2307.38
2025-01-17 13:14:00,0.3953,0.3955,0.3952,0.3955,605.65
2025-01-17 13:15:00,0.3954,0.3957,0.3954,0.3957,1160.61
2025-01-17 13:16:00,0.3955,0.3955,0.3954,0.3955,257.8
2025-01-17 13:17:00,0.3957,0.3957,0.3957,0.3957,16.15
2025-01-17 13:18:00,0.3961,0.3961,0.3954,0.3954,1137.69
2025-01-17 13:19:00,0.3952,0.3952,0.3946,0.3948,581.46
2025-01-17 13:20:00,0.3943,0.3946,0.3943,0.3946,330.69
2025-01-17 13:21:00,0.3951,0.3952,0.3951,0.3951,419.16
2025-01-17 13:22:00,0.3948,0.3951,0.3948,0.3951,426.15
2025-01-17 13:23:00,0.3954,0.3955,0.3953,0.3954,1913.93
2025-01-17 13:24:00,0.395,0.395,0.3949,0.395,395.15
2025-01-17 13:25:00,0.3949,0.3955,0.3949,0.3955,161.18
2025-01-17 13:26:00,0.3957,0.3961,0.3957,0.3961,260.69
2025-01-17 13:27:00,0.3961,0.3965,0.396,0.396,2557.92
2025-01-17 13:28:00,0.3958,0.3958,0.3957,0.3957,70.63
2025-01-17 13:29:00,0.3957,0.3957,0.3956,0.3956,118.14
2025-01-17 13:30:00,0.3955,0.3957,0.3952,0.3954,620.91
2025-01-17 13:31:00,0.3954,0.3954,0.3954,0.3954,24.13
2025-01-17 13:32:00,0.3957,0.3958,0.3957,0.3958,207.88
2025-01-17 13:33:00,0.3961,0.3961,0.3961,0.3961,79.0
2025-01-17 13:34:00,0.3953,0.3955,0.3953,0.3953,155.24
2025-01-17 13:35:00,0.3952,0.3954,0.3952,0.3953,224.17
2025-01-17 13:36:00,0.3953,0.3953,0.3947,0.3947,1381.91
2025-01-17 13:37:00,0.3939,0.394,0.3935,0.3935,1688.84
2025-01-17 13:38:00,0.3932,0.3932,0.3923,0.3928,1316.55
2025-01-17 13:39:00,0.3926,0.3926,0.3918,0.3921,7650.2
2025-01-17 13:40:00,0.3922,0.3935,0.3921,0.3934,12298.83
2025-01-17 13:41:00,0.3936,0.3941,0.3936,0.3941,875.17
2025-01-17 13:42:00,0.3939,0.3943,0.3939,0.3942,2655.26
2025-01-17 13:43:00,0.3942,0.3942,0.3937,0.3937,1608.83
2025-01-17 13:44:00,0.3941,0.3941,0.394,0.394,97.33
2025-01-17 13:45:00,0.3947,0.3947,0.3946,0.3946,197.42
2025-01-17 13:46:00,0.3942,0.3942,0.394,0.3941,1035.19
2025-01-17 13:47:00,0.3946,0.3946,0.3946,0.3946,291.0
2025-01-17 13:48:00,0.3941,0.3941,0.3934,0.3937,1516.23
2025-01-17 13:49:00,0.3932,0.3932,0.3929,0.393,270.52
2025-01-17 13:50:00,0.393,0.393,0.3924,0.3924,108.28
2025-01-17 13:51:00,0.3928,0.3932,0.3928,0.393,527.64
2025-01-17 13:52:00,0.3929,0.3929,0.3927,0.3929,3541.55
2025-01-17 13:53:00,0.3928,0.3928,0.3927,0.3927,407.01
2025-01-17 13:54:00,0.3931,0.3931,0.3931,0.3931,61.0
2025-01-17 13:55:00,0.3932,0.3933,0.3932,0.3933,295.0
2025-01-17 13:56:00,0.3932,0.3935,0.3932,0.3935,470.73
2025-01-17 13:57:00,0.3936,0.3936,0.3936,0.3936,431.73
2025-01-17 13:58:00,0.3933,0.3933,0.3932,0.3932,95.5
2025-01-17 13:59:00,0.3934,0.3934,0.3934,0.3934,173.7
2025-01-17 14:00:00,0.3932,0.3932,0.3932,0.3932,29.84
2025-01-17 14:01:00,0.3937,0.394,0.3937,0.394,1029.32
2025-01-17 14:02:00,0.3938,0.3943,0.3938,0.3943,486.74
2025-01-17 14:03:00,0.3947,0.395,0.3947,0.3949,961.13
2025-01-17 14:04:00,0.3945,0.3952,0.3945,0.3952,3111.28
2025-01-17 14:05:00,0.3947,0.3949,0.3942,0.3949,892.05
2025-01-17 14:06:00,0.3953,0.3957,0.3953,0.3956,4155.39
2025-01-17 14:07:00,0.3955,0.3955,0.395,0.3954,7454.89
2025-01-17 14:08:00,0.3956,0.3959,0.395,0.3951,1263.56
2025-01-17 14:09:00,0.395,0.3951,0.3948,0.3951,3997.05
2025-01-17 14:10:00,0.3957,0.3959,0.3957,0.3959,1177.0
2025-01-17 14:11:00,0.396,0.3967,0.396,0.3967,1386.28
2025-01-17 14:12:00,0.3966,0.3966,0.3961,0.3961,1868.19
2025-01-17 14:13:00,0.396,0.396,0.396,0.396,56.0
2025-01-17 14:14:00,0.3955,0.3959,0.3955,0.3959,534.31
2025-01-17 14:15:00,0.3958,0.3966,0.3958,0.3965,3494.42
2025-01-17 14:16:00,0.3962,0.3965,0.3962,0.3965,2190.56
2025-01-17 14:17:00,0.3963,0.397,0.3963,0.397,862.68
2025-01-17 14:18:00,0.3968,0.3968,0.3967,0.3967,302.0
2025-01-17 14:19:00,0.3963,0.3965,0.3963,0.3965,273.0
2025-01-17 14:20:00,0.3968,0.3968,0.3962,0.3962,187.31
2025-01-17 14:21:00,0.3963,0.3964,0.3962,0.3963,322.0
2025-01-17 14:22:00,0.3965,0.3965,0.3965,0.3965,1274.0
2025-01-17 14:23:00,0.3965,0.3965,0.3965,0.3965,0.0
2025-01-17 14:24:00,0.3965,0.3965,0.3965,0.3965,0.0
2025-01-17 14:25:00,0.3966,0.3966,0.3963,0.3963,254.11
2025-01-17 14:26:00,0.3966,0.3966,0.3966,0.3966,17.18
2025-01-17 14:27:00,0.3965,0.3965,0.3964,0.3965,620.06
2025-01-17 14:28:00,0.3965,0.397,0.3965,0.397,2274.15
2025-01-17 14:29:00,0.3968,0.3968,0.3964,0.3964,374.9
2025-01-17 14:30:00,0.3966,0.3968,0.3954,0.3954,3836.05
2025-01-17 14:31:00,0.3954,0.3954,0.3939,0.3945,7221.38
2025-01-17 14:32:00,0.3943,0.3955,0.3938,0.3955,2748.71
2025-01-17 14:33:00,0.3957,0.3963,0.3952,0.3953,7459.11
2025-01-17 14:34:00,0.3952,0.3957,0.3947,0.3948,276.41
2025-01-17 14:35:00,0.3951,0.3961,0.3951,0.3961,2779.16
2025-01-17 14:36:00,0.3955,0.3972,0.3954,0.3965,10590.58
2025-01-17 14:37:00,0.3967,0.3969,0.3955,0.3959,6242.01
2025-01-17 14:38:00,0.3954,0.3959,0.3949,0.3954,3502.14
2025-01-17 14:39:00,0.395,0.3956,0.3942,0.3952,4757.91
2025-01-17 14:40:00,0.3951,0.3955,0.3947,0.3951,3125.72
2025-01-17 14:41:00,0.3952,0.3956,0.3943,0.3946,7590.01
2025-01-17 14:42:00,0.3945,0.3958,0.3945,0.3945,10941.69
2025-01-17 14:43:00,0.3939,0.3946,0.3934,0.3944,1654.66
2025-01-17 14:44:00,0.3944,0.3946,0.3938,0.3945,689.2
2025-01-17 14:45:00,0.3945,0.3962,0.3945,0.3955,528.21
2025-01-17 14:46:00,0.3964,0.3965,0.3955,0.3956,1957.78
2025-01-17 14:47:00,0.3947,0.3948,0.3938,0.3938,3309.38
2025-01-17 14:48:00,0.3941,0.3949,0.3933,0.3949,6606.95
2025-01-17 14:49:00,0.3948,0.3954,0.3948,0.395,14439.3
2025-01-17 14:50:00,0.3942,0.3942,0.3942,0.3942,16.17
2025-01-17 14:51:00,0.3942,0.3949,0.3939,0.3949,15666.03
2025-01-17 14:52:00,0.395,0.3962,0.395,0.3961,2834.78
2025-01-17 14:53:00,0.3963,0.3964,0.3961,0.3962,546.75
2025-01-17 14:54:00,0.3962,0.3962,0.3954,0.3954,2026.74
2025-01-17 14:55:00,0.3961,0.3966,0.3961,0.3963,226.02
2025-01-17 14:56:00,0.3963,0.3969,0.3963,0.3969,561.45
2025-01-17 14:57:00,0.397,0.397,0.3966,0.3966,1227.78
2025-01-17 14:58:00,0.3966,0.3966,0.3959,0.3959,854.67
2025-01-17 14:59:00,0.3961,0.3961,0.3958,0.3958,607.04
2025-01-17 15:00:00,0.3962,0.3972,0.3962,0.3972,984.04
2025-01-17 15:01:00,0.3965,0.3968,0.3964,0.3968,427.75
2025-01-17 15:02:00,0.3966,0.3972,0.3965,0.3972,546.0
2025-01-17 15:03:00,0.3969,0.3974,0.3969,0.397,1400.74
2025-01-17 15:04:00,0.3965,0.3965,0.3962,0.3962,53.89
2025-01-17 15:05:00,0.3974,0.3982,0.3974,0.3977,28028.11
2025-01-17 15:06:00,0.398,0.3983,0.3977,0.3978,545.87
2025-01-17 15:07:00,0.398,0.3989,0.398,0.3988,1420.51
2025-01-17 15:08:00,0.3985,0.3985,0.3981,0.3981,291.68
2025-01-17 15:09:00,0.3978,0.3981,0.3977,0.398,1339.88
2025-01-17 15:10:00,0.3981,0.3984,0.3981,0.3983,356.84
2025-01-17 15:11:00,0.3974,0.3979,0.3971,0.3979,2464.92
2025-01-17 15:12:00,0.398,0.398,0.398,0.398,711.16
2025-01-17 15:13:00,0.3976,0.3976,0.397,0.3975,5356.14
2025-01-17 15:14:00,0.3972,0.3976,0.3971,0.3976,360.27
2025-01-17 15:15:00,0.3977,0.3985,0.3977,0.3982,869.21
2025-01-17 15:16:00,0.3982,0.3983,0.3978,0.3979,2313.17
2025-01-17 15:17:00,0.3979,0.3982,0.3977,0.3982,908.72
2025-01-17 15:18:00,0.3981,0.3981,0.3977,0.3981,775.05
2025-01-17 15:19:00,0.3983,0.3985,0.3982,0.3985,366.03
2025-01-17 15:20:00,0.3986,0.3988,0.3973,0.3973,1086.36
2025-01-17 15:21:00,0.3971,0.3972,0.3963,0.3963,6984.86
2025-01-17 15:22:00,0.3968,0.3973,0.3958,0.396,5758.9
2025-01-17 15:23:00,0.3959,0.3959,0.3959,0.3959,16.13
2025-01-17 15:24:00,0.3967,0.3967,0.396,0.396,1238.55
2025-01-17 15:25:00,0.3963,0.3965,0.3962,0.3962,798.11
2025-01-17 15:26:00,0.3958,0.3958,0.3944,0.3944,4163.34
2025-01-17 15:27:00,0.3943,0.3943,0.3936,0.3937,2010.0
2025-01-17 15:28:00,0.3937,0.3945,0.3932,0.3944,1845.06
2025-01-17 15:29:00,0.3938,0.3938,0.3933,0.3933,75.05
2025-01-17 15:30:00,0.3943,0.3953,0.3943,0.3953,2602.28
2025-01-17 15:31:00,0.3957,0.396,0.3956,0.3957,1022.53
2025-01-17 15:32:00,0.395,0.395,0.3942,0.3942,469.65
2025-01-17 15:33:00,0.3936,0.394,0.3936,0.3939,411.63
2025-01-17 15:34:00,0.3935,0.3935,0.3931,0.3933,3049.33
2025-01-17 15:35:00,0.3937,0.3937,0.3936,0.3936,35.29
2025-01-17 15:36:00,0.3939,0.3947,0.3937,0.3947,224.69
2025-01-17 15:37:00,0.3953,0.3955,0.3953,0.3955,593.74
2025-01-17 15:38:00,0.3951,0.3953,0.3948,0.3952,2894.58
2025-01-17 15:39:00,0.3958,0.3961,0.3958,0.3958,145.89
2025-01-17 15:40:00,0.3961,0.3964,0.396,0.396,1786.75
2025-01-17 15:41:00,0.3959,0.396,0.3957,0.3957,267.11
2025-01-17 15:42:00,0.3957,0.3959,0.3957,0.3959,4942.86
2025-01-17 15:43:00,0.3959,0.3959,0.3958,0.3958,151.7
2025-01-17 15:44:00,0.3954,0.3954,0.3952,0.3952,478.22
2025-01-17 15:45:00,0.3952,0.3955,0.3952,0.3955,235.66
2025-01-17 15:46:00,0.3948,0.395,0.3945,0.3945,1136.58
2025-01-17 15:47:00,0.3946,0.3946,0.394,0.394,1539.36
2025-01-17 15:48:00,0.3941,0.3941,0.3941,0.3941,144.08
2025-01-17 15:49:00,0.3946,0.3946,0.3944,0.3944,104.07
2025-01-17 15:50:00,0.3951,0.3951,0.3943,0.3943,156.73
2025-01-17 15:51:00,0.3943,0.3947,0.3939,0.3939,392.58
2025-01-17 15:52:00,0.3938,0.394,0.3938,0.394,34.1
2025-01-17 15:53:00,0.394,0.394,0.394,0.394,467.84
2025-01-17 15:54:00,0.3942,0.3942,0.3941,0.3942,428.8
2025-01-17 15:55:00,0.3946,0.3947,0.3945,0.3947,66.35
2025-01-17 15:56:00,0.3942,0.3942,0.3942,0.3942,16.08
2025-01-17 15:57:00,0.3946,0.3951,0.3946,0.3947,84.45
2025-01-17 15:58:00,0.3948,0.3953,0.3948,0.3953,1230.34
2025-01-17 15:59:00,0.3956,0.3956,0.3953,0.3953,41.42
2025-01-17 16:00:00,0.3956,0.3965,0.3956,0.3965,1574.54
2025-01-17 16:01:00,0.396,0.3965,0.396,0.3965,58.52
2025-01-17 16:02:00,0.3965,0.3965,0.3955,0.3955,377.34
2025-01-17 16:03:00,0.3953,0.3953,0.3949,0.3951,3569.67
2025-01-17 16:04:00,0.3955,0.3955,0.3952,0.3952,446.33
2025-01-17 16:05:00,0.395,0.395,0.3947,0.3947,288.44
2025-01-17 16:06:00,0.3948,0.395,0.3948,0.395,416.18
2025-01-17 16:07:00,0.3949,0.3949,0.3942,0.3944,4403.03
2025-01-17 16:08:00,0.3942,0.3942,0.394,0.3942,2682.88
2025-01-17 16:09:00,0.3938,0.3938,0.3935,0.3935,2858.62
2025-01-17 16:10:00,0.394,0.3946,0.394,0.3944,445.68
2025-01-17 16:11:00,0.3952,0.3952,0.3946,0.3946,412.54
2025-01-17 16:12:00,0.3951,0.3955,0.3951,0.3954,698.41
2025-01-17 16:13:00,0.3951,0.3962,0.3951,0.3962,943.09
2025-01-17 16:14:00,0.396,0.396,0.3956,0.3959,2744.76
2025-01-17 16:15:00,0.3954,0.3963,0.3954,0.3963,7567.79
2025-01-17 16:16:00,0.3963,0.3965,0.3959,0.3965,586.62
2025-01-17 16:17:00,0.3965,0.3967,0.3962,0.3967,728.34
2025-01-17 16:18:00,0.3967,0.3974,0.3966,0.3974,5020.44
2025-01-17 16:19:00,0.3976,0.3977,0.3968,0.3968,252.74
2025-01-17 16:20:00,0.397,0.3973,0.397,0.3973,6057.03
2025-01-17 16:21:00,0.397,0.397,0.3968,0.3969,921.81
2025-01-17 16:22:00,0.397,0.3973,0.397,0.3972,195.41
2025-01-17 16:23:00,0.3968,0.3972,0.396,0.396,14625.37
2025-01-17 16:24:00,0.3963,0.3966,0.396,0.3965,1388.43
2025-01-17 16:25:00,0.3966,0.3971,0.3966,0.3971,879.48
2025-01-17 16:26:00,0.3969,0.3971,0.3969,0.3971,854.25
2025-01-17 16:27:00,0.3972,0.3973,0.3971,0.3973,141.92
2025-01-17 16:28:00,0.3973,0.3973,0.3972,0.3973,429.53
2025-01-17 16:29:00,0.3972,0.3972,0.3969,0.3969,933.94
2025-01-17 16:30:00,0.3969,0.3973,0.3965,0.3965,974.86
2025-01-17 16:31:00,0.3964,0.397,0.3961,0.3966,13316.87
2025-01-17 16:32:00,0.397,0.3978,0.397,0.3974,3493.32
2025-01-17 16:33:00,0.3974,0.3974,0.3973,0.3973,147.21
2025-01-17 16:34:00,0.3971,0.3971,0.3969,0.3971,3212.13
2025-01-17 16:35:00,0.3972,0.3972,0.3972,0.3972,16.04
2025-01-17 16:36:00,0.397,0.3971,0.3969,0.397,112.56
2025-01-17 16:37:00,0.3971,0.3971,0.397,0.397,142.0
2025-01-17 16:38:00,0.3974,0.3978,0.3974,0.3977,1134.71
2025-01-17 16:39:00,0.3979,0.3982,0.3978,0.3982,376.46
2025-01-17 16:40:00,0.3985,0.3985,0.398,0.398,32.53
2025-01-17 16:41:00,0.3971,0.3977,0.3971,0.3977,151.32
2025-01-17 16:42:00,0.3976,0.3976,0.3975,0.3975,50.07
2025-01-17 16:43:00,0.3974,0.3974,0.3973,0.3973,275.67
2025-01-17 16:44:00,0.3967,0.3967,0.3967,0.3967,16.05
2025-01-17 16:45:00,0.3966,0.3966,0.3961,0.3966,1167.89
2025-01-17 16:46:00,0.3959,0.3959,0.3959,0.3959,56.96
2025-01-17 16:47:00,0.3957,0.3958,0.3957,0.3958,644.52
2025-01-17 16:48:00,0.3962,0.3964,0.3962,0.3964,28.75
2025-01-17 16:49:00,0.3965,0.3968,0.3964,0.3964,1602.82
2025-01-17 16:50:00,0.396,0.3962,0.3959,0.3962,2262.45
2025-01-17 16:51:00,0.3963,0.3965,0.3963,0.3965,445.93
2025-01-17 16:52:00,0.3965,0.3965,0.3965,0.3965,16.11
2025-01-17 16:53:00,0.3965,0.3965,0.3965,0.3965,16.08
2025-01-17 16:54:00,0.3967,0.3967,0.3967,0.3967,16.07
2025-01-17 16:55:00,0.3964,0.3964,0.3964,0.3964,16.07
2025-01-17 16:56:00,0.3959,0.3959,0.3956,0.3959,604.86
2025-01-17 16:57:00,0.3957,0.3957,0.3957,0.3957,16.14
2025-01-17 16:58:00,0.3957,0.3957,0.3957,0.3957,16.14
2025-01-17 16:59:00,0.3959,0.3961,0.3958,0.3961,1472.11
2025-01-17 17:00:00,0.3961,0.3965,0.3961,0.3965,207.42
2025-01-17 17:01:00,0.3964,0.3964,0.3961,0.3961,683.41
2025-01-17 17:02:00,0.3961,0.3964,0.3961,0.3964,95.39
2025-01-17 17:03:00,0.3962,0.3967,0.3962,0.3967,3720.08
2025-01-17 17:04:00,0.3966,0.3966,0.3964,0.3964,225.46
2025-01-17 17:05:00,0.3965,0.3965,0.3963,0.3963,321.4
2025-01-17 17:06:00,0.3963,0.3963,0.3956,0.3956,267.07
2025-01-17 17:07:00,0.3954,0.3962,0.3954,0.3962,1500.09
2025-01-17 17:08:00,0.3966,0.3966,0.3964,0.3964,378.58
2025-01-17 17:09:00,0.3965,0.3967,0.3965,0.3966,350.54
2025-01-17 17:10:00,0.3966,0.3966,0.3962,0.3962,7756.65
2025-01-17 17:11:00,0.3964,0.3964,0.3962,0.3962,331.38
2025-01-17 17:12:00,0.3965,0.3967,0.3965,0.3967,4622.87
2025-01-17 17:13:00,0.3965,0.3972,0.3964,0.3969,2472.25
2025-01-17 17:14:00,0.3966,0.3967,0.3966,0.3967,119.06
2025-01-17 17:15:00,0.3968,0.3968,0.3964,0.3964,4043.77
2025-01-17 17:16:00,0.396,0.3961,0.3958,0.3958,434.58
2025-01-17 17:17:00,0.396,0.3962,0.3959,0.3959,808.0
2025-01-17 17:18:00,0.3958,0.3958,0.3949,0.3952,2038.63
2025-01-17 17:19:00,0.3952,0.3952,0.3952,0.3952,21.0
2025-01-17 17:20:00,0.3951,0.3953,0.395,0.3952,541.51
2025-01-17 17:21:00,0.3949,0.3949,0.3947,0.3947,298.03
2025-01-17 17:22:00,0.3946,0.3952,0.3946,0.3952,696.64
2025-01-17 17:23:00,0.3951,0.3956,0.3951,0.3954,4843.78
2025-01-17 17:24:00,0.3954,0.3957,0.3953,0.3956,2032.61
2025-01-17 17:25:00,0.3961,0.3965,0.3961,0.3965,379.78
2025-01-17 17:26:00,0.3967,0.3967,0.3967,0.3967,68.0
2025-01-17 17:27:00,0.3967,0.3967,0.3964,0.3964,176.7
2025-01-17 17:28:00,0.3967,0.3967,0.3967,0.3967,400.0
2025-01-17 17:29:00,0.3961,0.3961,0.3961,0.3961,25.75
2025-01-17 17:30:00,0.3962,0.3965,0.3962,0.3964,378.78
2025-01-17 17:31:00,0.3964,0.3964,0.3964,0.3964,0.0
2025-01-17 17:32:00,0.3951,0.3951,0.3951,0.3951,142.18
2025-01-17 17:33:00,0.395,0.3953,0.395,0.3953,91.78
2025-01-17 17:34:00,0.3947,0.3947,0.3943,0.3944,743.8
2025-01-17 17:35:00,0.3939,0.3939,0.3933,0.3933,912.56
2025-01-17 17:36:00,0.3932,0.3932,0.3928,0.3928,1800.22
2025-01-17 17:37:00,0.3926,0.393,0.3921,0.393,1925.21
2025-01-17 17:38:00,0.393,0.393,0.393,0.393,16.07
2025-01-17 17:39:00,0.3923,0.3923,0.3923,0.3923,16.25
2025-01-17 17:40:00,0.3929,0.3932,0.3929,0.3931,1446.02
2025-01-17 17:41:00,0.3929,0.3931,0.3929,0.3929,972.36
2025-01-17 17:42:00,0.3926,0.3926,0.3926,0.3926,117.0
2025-01-17 17:43:00,0.3926,0.3926,0.3926,0.3926,0.0
2025-01-17 17:44:00,0.3926,0.3927,0.3926,0.3927,1847.73
2025-01-17 17:45:00,0.3927,0.3927,0.3927,0.3927,0.0
2025-01-17 17:46:00,0.3933,0.3935,0.3933,0.3933,1392.5
2025-01-17 17:47:00,0.3931,0.3934,0.3931,0.3934,229.22
2025-01-17 17:48:00,0.3931,0.3931,0.3927,0.3927,52.21
2025-01-17 17:49:00,0.3922,0.3922,0.3922,0.3922,44.58
2025-01-17 17:50:00,0.3922,0.3924,0.3918,0.3924,3563.73
2025-01-17 17:51:00,0.3918,0.3923,0.3918,0.3923,1843.96
2025-01-17 17:52:00,0.3923,0.3923,0.3923,0.3923,0.0
2025-01-17 17:53:00,0.3919,0.3919,0.3906,0.3913,28913.97
2025-01-17 17:54:00,0.3915,0.3922,0.3915,0.3922,758.95
2025-01-17 17:55:00,0.3919,0.3919,0.3912,0.3912,4014.41
2025-01-17 17:56:00,0.3911,0.3911,0.3901,0.3906,28591.68
2025-01-17 17:57:00,0.3906,0.3907,0.3864,0.3898,271494.16
2025-01-17 17:58:00,0.3896,0.3898,0.3896,0.3898,930.19
2025-01-17 17:59:00,0.3898,0.3898,0.3893,0.3894,2028.37
2025-01-17 18:00:00,0.3896,0.3898,0.3895,0.3898,8416.41
2025-01-17 18:01:00,0.3896,0.3902,0.3896,0.3902,2680.29
2025-01-17 18:02:00,0.3901,0.3901,0.3897,0.3901,8756.2
2025-01-17 18:03:00,0.3902,0.3904,0.3902,0.3903,1237.15
2025-01-17 18:04:00,0.3902,0.3905,0.3902,0.3904,4829.4
2025-01-17 18:05:00,0.3904,0.3909,0.3904,0.3906,10606.91
2025-01-17 18:06:00,0.3906,0.3907,0.3903,0.3903,1291.28
2025-01-17 18:07:00,0.3906,0.3906,0.39,0.39,902.07
2025-01-17 18:08:00,0.3898,0.3899,0.3897,0.3899,4810.66
2025-01-17 18:09:00,0.3899,0.3899,0.3896,0.3897,1437.13
2025-01-17 18:10:00,0.3901,0.3901,0.3893,0.3893,4401.56
2025-01-17 18:11:00,0.3894,0.3899,0.3892,0.3899,4965.04
2025-01-17 18:12:00,0.3902,0.3903,0.3901,0.3903,1016.37
2025-01-17 18:13:00,0.3905,0.3907,0.3905,0.3906,4952.13
2025-01-17 18:14:00,0.3905,0.3908,0.3905,0.3905,3079.37
2025-01-17 18:15:00,0.3909,0.3909,0.3904,0.3904,1707.0
2025-01-17 18:16:00,0.3903,0.391,0.3901,0.391,1445.98
2025-01-17 18:17:00,0.3911,0.3911,0.3909,0.3909,2847.11
2025-01-17 18:18:00,0.3908,0.3914,0.3908,0.3914,1384.03
2025-01-17 18:19:00,0.3914,0.392,0.3913,0.392,1455.31
2025-01-17 18:20:00,0.392,0.3923,0.392,0.3923,1265.95
2025-01-17 18:21:00,0.3923,0.3925,0.3923,0.3925,205.9
2025-01-17 18:22:00,0.3926,0.3927,0.3914,0.392,64279.57
2025-01-17 18:23:00,0.392,0.3921,0.3918,0.3918,1690.03
2025-01-17 18:24:00,0.3917,0.392,0.3914,0.3918,13702.61
2025-01-17 18:25:00,0.3918,0.3921,0.3918,0.3921,61.15
2025-01-17 18:26:00,0.3925,0.3927,0.3923,0.3923,712.27
2025-01-17 18:27:00,0.3926,0.3926,0.3922,0.3922,193.6
2025-01-17 18:28:00,0.3922,0.3923,0.3921,0.3922,211.37
2025-01-17 18:29:00,0.3922,0.3922,0.392,0.392,3270.29
2025-01-17 18:30:00,0.3922,0.3922,0.3917,0.3921,629.31
2025-01-17 18:31:00,0.3921,0.3922,0.3917,0.3918,543.74
2025-01-17 18:32:00,0.3924,0.3925,0.3922,0.3925,2549.0
2025-01-17 18:33:00,0.3925,0.3926,0.3922,0.3926,5187.39
2025-01-17 18:34:00,0.3927,0.393,0.3927,0.393,6456.76
2025-01-17 18:35:00,0.3929,0.3929,0.3928,0.3929,577.0
2025-01-17 18:36:00,0.3927,0.393,0.3927,0.393,2157.41
2025-01-17 18:37:00,0.393,0.3938,0.393,0.3938,6497.66
2025-01-17 18:38:00,0.3937,0.3937,0.3931,0.3932,2195.14
2025-01-17 18:39:00,0.3933,0.3933,0.3933,0.3933,37.0
2025-01-17 18:40:00,0.3932,0.3934,0.3932,0.3934,347.52
2025-01-17 18:41:00,0.3934,0.3934,0.3934,0.3934,29.0
2025-01-17 18:42:00,0.3933,0.3933,0.3931,0.3931,898.07
2025-01-17 18:43:00,0.3935,0.3937,0.3935,0.3936,671.0
2025-01-17 18:44:00,0.3936,0.3938,0.3936,0.3936,1745.0
2025-01-17 18:45:00,0.3937,0.3937,0.393,0.3932,2736.4
2025-01-17 18:46:00,0.3934,0.3935,0.3932,0.3932,499.06
2025-01-17 18:47:00,0.3932,0.3932,0.3928,0.3928,242.21
2025-01-17 18:48:00,0.3929,0.3932,0.3929,0.3932,239.75
2025-01-17 18:49:00,0.3932,0.3932,0.3932,0.3932,0.0
2025-01-17 18:50:00,0.3923,0.3923,0.3923,0.3923,120.62
2025-01-17 18:51:00,0.3923,0.3925,0.3923,0.3925,98.0
2025-01-17 18:52:00,0.3925,0.3925,0.3925,0.3925,0.0
2025-01-17 18:53:00,0.3926,0.3926,0.3926,0.3926,178.37
2025-01-17 18:54:00,0.3925,0.3925,0.3924,0.3924,60.78
2025-01-17 18:55:00,0.3917,0.3917,0.3917,0.3917,26.62
2025-01-17 18:56:00,0.3916,0.3916,0.3911,0.3911,1425.25
2025-01-17 18:57:00,0.391,0.391,0.391,0.391,1216.2
2025-01-17 18:58:00,0.3909,0.391,0.3909,0.3909,1635.08
2025-01-17 18:59:00,0.391,0.3911,0.391,0.3911,355.16
2025-01-17 19:00:00,0.3911,0.3911,0.3911,0.3911,119.49
2025-01-17 19:01:00,0.3918,0.3925,0.3918,0.3925,2267.84
2025-01-17 19:02:00,0.3925,0.3925,0.392,0.3921,2713.71
2025-01-17 19:03:00,0.3922,0.3926,0.3922,0.3926,203.11
2025-01-17 19:04:00,0.3927,0.3927,0.3925,0.3927,3624.24
2025-01-17 19:05:00,0.3925,0.3927,0.3925,0.3927,2139.77
2025-01-17 19:06:00,0.3923,0.3926,0.392,0.3921,12593.77
2025-01-17 19:07:00,0.3923,0.3925,0.3921,0.3923,14784.28
2025-01-17 19:08:00,0.3922,0.3922,0.3922,0.3922,117.49
2025-01-17 19:09:00,0.3924,0.393,0.3924,0.393,2848.22
2025-01-17 19:10:00,0.393,0.3936,0.393,0.3936,2820.79
2025-01-17 19:11:00,0.3938,0.394,0.3938,0.394,3889.9
2025-01-17 19:12:00,0.3942,0.3945,0.3942,0.3944,2217.54
2025-01-17 19:13:00,0.3942,0.3942,0.3941,0.3941,3284.68
2025-01-17 19:14:00,0.3941,0.3941,0.3941,0.3941,52.23
2025-01-17 19:15:00,0.3944,0.3946,0.3944,0.3944,601.3
2025-01-17 19:16:00,0.3946,0.3948,0.3946,0.3948,1503.51
2025-01-17 19:17:00,0.3945,0.3948,0.3945,0.3948,455.92
2025-01-17 19:18:00,0.395,0.3957,0.395,0.3957,7034.3
2025-01-17 19:19:00,0.3958,0.3962,0.3957,0.3962,1771.92
2025-01-17 19:20:00,0.3955,0.396,0.3955,0.3957,25667.87
2025-01-17 19:21:00,0.3958,0.3969,0.3958,0.3966,53802.64
2025-01-17 19:22:00,0.3967,0.397,0.3963,0.3969,53482.82
2025-01-17 19:23:00,0.3969,0.3971,0.3966,0.3967,1514.13
2025-01-17 19:24:00,0.3966,0.3967,0.3965,0.3967,258.48
2025-01-17 19:25:00,0.3968,0.397,0.3967,0.397,2243.26
2025-01-17 19:26:00,0.397,0.397,0.397,0.397,129.12
2025-01-17 19:27:00,0.3967,0.3967,0.3966,0.3966,339.91
2025-01-17 19:28:00,0.3963,0.3964,0.3963,0.3964,279.33
2025-01-17 19:29:00,0.3963,0.3963,0.3963,0.3963,66.68
2025-01-17 19:30:00,0.3963,0.3965,0.3957,0.3957,28008.51
2025-01-17 19:31:00,0.3956,0.3965,0.3956,0.3961,88323.61
2025-01-17 19:32:00,0.396,0.3968,0.3958,0.3958,30033.28
2025-01-17 19:33:00,0.3952,0.3952,0.3947,0.3947,337.37
2025-01-17 19:34:00,0.3946,0.3948,0.3944,0.3945,8406.42
2025-01-17 19:35:00,0.3945,0.3949,0.3945,0.3949,3182.23
2025-01-17 19:36:00,0.3946,0.3949,0.3946,0.3949,33677.96
2025-01-17 19:37:00,0.3947,0.3947,0.3947,0.3947,32.0
2025-01-17 19:38:00,0.3949,0.3949,0.3947,0.3948,2437.81
2025-01-17 19:39:00,0.3946,0.3946,0.3943,0.3943,979.51
2025-01-17 19:40:00,0.3942,0.3942,0.3942,0.3942,87.75
2025-01-17 19:41:00,0.3943,0.3945,0.3943,0.3945,9698.5
2025-01-17 19:42:00,0.3943,0.3943,0.3942,0.3942,2437.11
2025-01-17 19:43:00,0.3942,0.3942,0.3939,0.3939,1261.55
2025-01-17 19:44:00,0.3941,0.3941,0.3941,0.3941,903.37
2025-01-17 19:45:00,0.394,0.394,0.3938,0.3939,1114.02
2025-01-17 19:46:00,0.3939,0.3939,0.3939,0.3939,116.48
2025-01-17 19:47:00,0.3942,0.3943,0.3939,0.3939,11073.86
2025-01-17 19:48:00,0.3935,0.3941,0.3935,0.3941,6470.31
2025-01-17 19:49:00,0.3941,0.3941,0.3941,0.3941,0.0
2025-01-17 19:50:00,0.394,0.394,0.394,0.394,242.93
2025-01-17 19:51:00,0.3941,0.3941,0.3941,0.3941,1015.84
2025-01-17 19:52:00,0.3942,0.3942,0.3937,0.3937,799.92
2025-01-17 19:53:00,0.3935,0.3935,0.3933,0.3933,431.86
2025-01-17 19:54:00,0.3933,0.3933,0.3933,0.3933,457.66
2025-01-17 19:55:00,0.3932,0.3937,0.3932,0.3934,20149.52
2025-01-17 19:56:00,0.3934,0.3934,0.3933,0.3934,2395.41
2025-01-17 19:57:00,0.3932,0.3932,0.393,0.393,1623.73
2025-01-17 19:58:00,0.3931,0.3931,0.393,0.393,165.56
2025-01-17 19:59:00,0.3929,0.3931,0.3929,0.3931,2065.06
2025-01-17 20:00:00,0.3932,0.3932,0.3931,0.3931,843.36
2025-01-17 20:01:00,0.393,0.3932,0.393,0.3932,195.22
2025-01-17 20:02:00,0.3936,0.3939,0.3932,0.3939,1234.41
2025-01-17 20:03:00,0.3938,0.3939,0.3937,0.3939,8987.79
2025-01-17 20:04:00,0.3939,0.3939,0.3939,0.3939,0.0
2025-01-17 20:05:00,0.3938,0.3939,0.3938,0.3939,1859.29
2025-01-17 20:06:00,0.3944,0.3945,0.3944,0.3945,136.0
2025-01-17 20:07:00,0.3946,0.3949,0.3946,0.3949,1176.93
2025-01-17 20:08:00,0.3954,0.3956,0.3954,0.3955,611.07
2025-01-17 20:09:00,0.3956,0.3959,0.3956,0.3959,1151.86
2025-01-17 20:10:00,0.3959,0.397,0.3958,0.3969,5116.09
2025-01-17 20:11:00,0.3968,0.397,0.3968,0.3968,853.04
2025-01-17 20:12:00,0.3968,0.3968,0.3968,0.3968,25.34
2025-01-17 20:13:00,0.3972,0.3972,0.3972,0.3972,43.57
2025-01-17 20:14:00,0.397,0.3972,0.3969,0.3969,3984.73
2025-01-17 20:15:00,0.3967,0.3967,0.3967,0.3967,18.9
2025-01-17 20:16:00,0.3969,0.3969,0.3969,0.3969,84.96
2025-01-17 20:17:00,0.397,0.3972,0.397,0.3972,644.37
2025-01-17 20:18:00,0.3971,0.3972,0.3971,0.3972,7183.6
2025-01-17 20:19:00,0.3972,0.3987,0.3972,0.3987,62428.87
2025-01-17 20:20:00,0.3988,0.3995,0.3988,0.3993,5040.05
2025-01-17 20:21:00,0.3991,0.3991,0.3984,0.3984,4428.93
2025-01-17 20:22:00,0.3984,0.3984,0.3984,0.3984,0.0
2025-01-17 20:23:00,0.3982,0.3982,0.3982,0.3982,18.84
2025-01-17 20:24:00,0.3981,0.3981,0.3981,0.3981,226.07
2025-01-17 20:25:00,0.3979,0.3984,0.3979,0.3984,2393.38
2025-01-17 20:26:00,0.3983,0.3983,0.3983,0.3983,1716.56
2025-01-17 20:27:00,0.3981,0.3982,0.398,0.3982,5899.47
2025-01-17 20:28:00,0.3981,0.3981,0.3979,0.398,2087.01
2025-01-17 20:29:00,0.398,0.3984,0.398,0.3984,14213.96
2025-01-17 20:30:00,0.3986,0.3992,0.3986,0.3991,11685.77
2025-01-17 20:31:00,0.399,0.3994,0.3989,0.3994,290.92
2025-01-17 20:32:00,0.3993,0.3994,0.3993,0.3994,2903.41
2025-01-17 20:33:00,0.3996,0.3996,0.3994,0.3994,3998.35
2025-01-17 20:34:00,0.3991,0.3999,0.3991,0.3999,1442.48
2025-01-17 20:35:00,0.3998,0.4005,0.3998,0.4003,31810.66
2025-01-17 20:36:00,0.3997,0.4,0.3992,0.3999,8190.99
2025-01-17 20:37:00,0.3998,0.4003,0.3995,0.3996,13100.56
2025-01-17 20:38:00,0.3996,0.4005,0.3996,0.4002,24276.76
2025-01-17 20:39:00,0.4001,0.4003,0.4,0.4002,1320.6
2025-01-17 20:40:00,0.4002,0.4002,0.4002,0.4002,124.93
2025-01-17 20:41:00,0.4001,0.4003,0.4001,0.4003,247.05
2025-01-17 20:42:00,0.4004,0.4005,0.4002,0.4003,1182.57
2025-01-17 20:43:00,0.4002,0.4003,0.4,0.4003,979.34
2025-01-17 20:44:00,0.4005,0.4009,0.4005,0.4009,20748.66
2025-01-17 20:45:00,0.4011,0.4012,0.401,0.401,4524.75
2025-01-17 20:46:00,0.4006,0.4011,0.4005,0.4009,7416.09
2025-01-17 20:47:00,0.4011,0.4015,0.4011,0.4012,6207.12
2025-01-17 20:48:00,0.4011,0.4011,0.4006,0.4006,6065.89
2025-01-17 20:49:00,0.4014,0.4014,0.4013,0.4013,1879.4
2025-01-17 20:50:00,0.4012,0.4012,0.4012,0.4012,421.08
2025-01-17 20:51:00,0.4007,0.4007,0.4007,0.4007,748.68
2025-01-17 20:52:00,0.4011,0.4011,0.4009,0.4009,32.44
2025-01-17 20:53:00,0.4012,0.4013,0.4011,0.4013,4738.89
2025-01-17 20:54:00,0.4015,0.4018,0.4015,0.4016,5845.22
2025-01-17 20:55:00,0.4014,0.4014,0.4006,0.401,1786.88
2025-01-17 20:56:00,0.4009,0.4009,0.4003,0.4003,4092.42
2025-01-17 20:57:00,0.4003,0.4006,0.3996,0.3998,2135.98
2025-01-17 20:58:00,0.3998,0.3998,0.3991,0.3992,18445.55
2025-01-17 20:59:00,0.3997,0.4004,0.3997,0.3997,25342.53
2025-01-17 21:00:00,0.3995,0.4,0.3994,0.3998,1609.71
2025-01-17 21:01:00,0.4,0.4,0.3996,0.3998,1241.08
2025-01-17 21:02:00,0.4,0.4001,0.3996,0.3997,3490.7
2025-01-17 21:03:00,0.3997,0.3997,0.3991,0.3992,2555.01
2025-01-17 21:04:00,0.3993,0.3993,0.3992,0.3992,116.43
2025-01-17 21:05:00,0.3991,0.3996,0.3991,0.3996,404.63
2025-01-17 21:06:00,0.3995,0.3995,0.3986,0.3986,4056.76
2025-01-17 21:07:00,0.3987,0.3987,0.3985,0.3985,1963.52
2025-01-17 21:08:00,0.3984,0.3984,0.3974,0.3974,8708.99
2025-01-17 21:09:00,0.3978,0.3978,0.3974,0.3977,6674.72
2025-01-17 21:10:00,0.3976,0.3977,0.3975,0.3976,225.34
2025-01-17 21:11:00,0.3976,0.3982,0.3976,0.3981,1305.56
2025-01-17 21:12:00,0.3982,0.3982,0.3982,0.3982,16.01
2025-01-17 21:13:00,0.3982,0.3984,0.3982,0.3984,693.26
2025-01-17 21:14:00,0.3985,0.3988,0.3985,0.3988,142.0
2025-01-17 21:15:00,0.3992,0.3994,0.3992,0.3994,793.28
2025-01-17 21:16:00,0.3995,0.3995,0.3994,0.3994,415.94
2025-01-17 21:17:00,0.3989,0.3989,0.3989,0.3989,15.99
2025-01-17 21:18:00,0.3988,0.3988,0.3988,0.3988,16.01
2025-01-17 21:19:00,0.3987,0.3987,0.3985,0.3985,262.76
2025-01-17 21:20:00,0.3983,0.3983,0.3983,0.3983,16.03
2025-01-17 21:21:00,0.3983,0.3988,0.3983,0.3988,374.44
2025-01-17 21:22:00,0.3989,0.3989,0.3989,0.3989,48.01
2025-01-17 21:23:00,0.3988,0.3989,0.3988,0.3989,823.66
2025-01-17 21:24:00,0.399,0.3991,0.399,0.399,66.01
2025-01-17 21:25:00,0.3988,0.3988,0.3986,0.3986,7450.0
2025-01-17 21:26:00,0.3985,0.3986,0.3985,0.3986,234.4
2025-01-17 21:27:00,0.3986,0.3988,0.3986,0.3987,973.67
2025-01-17 21:28:00,0.3987,0.3987,0.3987,0.3987,752.47
2025-01-17 21:29:00,0.3988,0.3988,0.3985,0.3985,538.87
2025-01-17 21:30:00,0.3984,0.3984,0.3983,0.3983,7727.86
2025-01-17 21:31:00,0.3982,0.3985,0.3982,0.3985,103.32
2025-01-17 21:32:00,0.3985,0.3985,0.3985,0.3985,0.0
2025-01-17 21:33:00,0.3987,0.3987,0.3979,0.3979,2827.03
2025-01-17 21:34:00,0.3979,0.3979,0.3977,0.3977,323.44
2025-01-17 21:35:00,0.3977,0.3977,0.3977,0.3977,0.0
2025-01-17 21:36:00,0.3979,0.3979,0.3979,0.3979,965.28
2025-01-17 21:37:00,0.3977,0.3977,0.3972,0.3972,2573.66
2025-01-17 21:38:00,0.3973,0.3973,0.3969,0.3969,2650.59
2025-01-17 21:39:00,0.3966,0.3967,0.3962,0.3967,12272.38
2025-01-17 21:40:00,0.3967,0.3971,0.3967,0.397,13016.07
2025-01-17 21:41:00,0.3966,0.3966,0.3966,0.3966,518.12
2025-01-17 21:42:00,0.3969,0.397,0.3968,0.3968,2360.4
2025-01-17 21:43:00,0.397,0.397,0.3966,0.3967,397.9
2025-01-17 21:44:00,0.3965,0.3965,0.396,0.3962,4650.94
2025-01-17 21:45:00,0.3961,0.3964,0.3961,0.3961,1606.02
2025-01-17 21:46:00,0.3962,0.3962,0.3962,0.3962,247.42
2025-01-17 21:47:00,0.3961,0.3961,0.3958,0.3958,3203.98
2025-01-17 21:48:00,0.3957,0.3958,0.3957,0.3958,461.41
2025-01-17 21:49:00,0.3959,0.3959,0.3958,0.3958,1896.1
2025-01-17 21:50:00,0.3963,0.3963,0.3959,0.3959,562.95
2025-01-17 21:51:00,0.3958,0.3959,0.3956,0.3958,16556.22
2025-01-17 21:52:00,0.3962,0.3964,0.3962,0.3964,603.02
2025-01-17 21:53:00,0.3967,0.3968,0.3967,0.3968,554.43
2025-01-17 21:54:00,0.3969,0.3969,0.3964,0.3965,7463.33
2025-01-17 21:55:00,0.3965,0.397,0.3965,0.397,3657.89
2025-01-17 21:56:00,0.3969,0.3969,0.3969,0.3969,16.04
2025-01-17 21:57:00,0.3967,0.3967,0.3967,0.3967,16.09
2025-01-17 21:58:00,0.3967,0.3967,0.3967,0.3967,0.0
2025-01-17 21:59:00,0.3973,0.3973,0.3973,0.3973,71.64
2025-01-17 22:00:00,0.3972,0.3973,0.3972,0.3973,1032.75
2025-01-17 22:01:00,0.3971,0.3972,0.397,0.397,2418.4
2025-01-17 22:02:00,0.3973,0.3973,0.3973,0.3973,16.0
2025-01-17 22:03:00,0.3974,0.3974,0.3974,0.3974,3590.14
2025-01-17 22:04:00,0.3977,0.3978,0.3975,0.3976,14333.35
2025-01-17 22:05:00,0.3979,0.3979,0.3976,0.3976,2649.96
2025-01-17 22:06:00,0.3976,0.3976,0.3974,0.3974,2038.69
2025-01-17 22:07:00,0.3973,0.3975,0.3972,0.3973,12287.61
2025-01-17 22:08:00,0.3974,0.3979,0.3974,0.3979,6243.57
2025-01-17 22:09:00,0.398,0.3981,0.398,0.398,5521.3
2025-01-17 22:10:00,0.3985,0.3988,0.3982,0.3987,20884.71
2025-01-17 22:11:00,0.3987,0.3988,0.3985,0.3987,4061.12
2025-01-17 22:12:00,0.3987,0.3987,0.3985,0.3987,6189.3
2025-01-17 22:13:00,0.3987,0.3987,0.3983,0.3984,5020.69
2025-01-17 22:14:00,0.3986,0.3998,0.3986,0.3998,7807.51
2025-01-17 22:15:00,0.3996,0.3998,0.399,0.3992,13393.72
2025-01-17 22:16:00,0.3989,0.3989,0.3989,0.3989,28.78
2025-01-17 22:17:00,0.399,0.3993,0.399,0.3992,1538.37
2025-01-17 22:18:00,0.3991,0.3991,0.399,0.399,1519.91
2025-01-17 22:19:00,0.3988,0.3988,0.3988,0.3988,16.01
2025-01-17 22:20:00,0.3987,0.3988,0.3986,0.3986,6720.5
2025-01-17 22:21:00,0.3989,0.3991,0.3989,0.3989,483.59
2025-01-17 22:22:00,0.3992,0.3993,0.3988,0.3988,2826.0
2025-01-17 22:23:00,0.3992,0.3992,0.3992,0.3992,32.48
2025-01-17 22:24:00,0.3994,0.3994,0.3993,0.3993,519.11
2025-01-17 22:25:00,0.3994,0.3994,0.3994,0.3994,15.98
2025-01-17 22:26:00,0.3992,0.3996,0.3992,0.3996,170.32
2025-01-17 22:27:00,0.3995,0.3998,0.3995,0.3997,826.05
2025-01-17 22:28:00,0.3997,0.4,0.3997,0.3998,1239.17
2025-01-17 22:29:00,0.3998,0.4001,0.3998,0.4001,1182.14
2025-01-17 22:30:00,0.4001,0.4001,0.3998,0.3998,2455.64
2025-01-17 22:31:00,0.3999,0.3999,0.3998,0.3998,396.14
2025-01-17 22:32:00,0.3995,0.3999,0.3989,0.3991,28273.81
2025-01-17 22:33:00,0.3994,0.3994,0.3994,0.3994,16.01
2025-01-17 22:34:00,0.3997,0.3999,0.3997,0.3997,185.99
2025-01-17 22:35:00,0.4,0.4,0.4,0.4,15.61
2025-01-17 22:36:00,0.4002,0.4002,0.3999,0.4,1195.62
2025-01-17 22:37:00,0.3999,0.4,0.3997,0.3997,5735.4
2025-01-17 22:38:00,0.3999,0.3999,0.3996,0.3996,325.79
2025-01-17 22:39:00,0.4002,0.4002,0.4002,0.4002,15.58
2025-01-17 22:40:00,0.4001,0.4002,0.3999,0.4002,1515.14
2025-01-17 22:41:00,0.4001,0.4001,0.4,0.4,29.78
2025-01-17 22:42:00,0.3996,0.3996,0.3995,0.3995,53.54
2025-01-17 22:43:00,0.3995,0.3995,0.3993,0.3994,2440.73
2025-01-17 22:44:00,0.3994,0.3994,0.3992,0.3992,786.6
2025-01-17 22:45:00,0.3992,0.3992,0.3992,0.3992,16.0
2025-01-17 22:46:00,0.3993,0.3993,0.399,0.399,101.56
2025-01-17 22:47:00,0.399,0.399,0.3987,0.3987,16.01
2025-01-17 22:48:00,0.3986,0.3988,0.3986,0.3988,94.83
2025-01-17 22:49:00,0.3985,0.3986,0.3985,0.3985,387.34
2025-01-17 22:50:00,0.3987,0.3987,0.3985,0.3985,102.9
2025-01-17 22:51:00,0.3987,0.3991,0.3985,0.3991,227.51
2025-01-17 22:52:00,0.3993,0.3994,0.3993,0.3994,207.18
2025-01-17 22:53:00,0.3998,0.3998,0.3995,0.3995,475.52
2025-01-17 22:54:00,0.3998,0.3998,0.3996,0.3996,271.63
2025-01-17 22:55:00,0.3998,0.3999,0.3998,0.3999,30.25
2025-01-17 22:56:00,0.3999,0.3999,0.3998,0.3998,2016.47
2025-01-17 22:57:00,0.3992,0.3992,0.3992,0.3992,15.98
2025-01-17 22:58:00,0.3994,0.3995,0.3992,0.3993,1083.08
2025-01-17 22:59:00,0.3992,0.3992,0.3988,0.3988,1496.73
2025-01-17 23:00:00,0.399,0.399,0.3987,0.3987,172.73
2025-01-17 23:01:00,0.3984,0.3984,0.3979,0.3984,12646.41
2025-01-17 23:02:00,0.3984,0.3984,0.3984,0.3984,0.0
2025-01-17 23:03:00,0.3984,0.3984,0.3981,0.3981,1806.77
2025-01-17 23:04:00,0.3985,0.3986,0.3984,0.3986,527.03
2025-01-17 23:05:00,0.3988,0.3989,0.3986,0.3987,339.96
2025-01-17 23:06:00,0.3988,0.3989,0.3981,0.3981,779.55
2025-01-17 23:07:00,0.3983,0.3985,0.3983,0.3985,518.06
2025-01-17 23:08:00,0.3987,0.3987,0.3987,0.3987,266.02
2025-01-17 23:09:00,0.3989,0.3989,0.3989,0.3989,49.38
2025-01-17 23:10:00,0.399,0.399,0.399,0.399,12.65
2025-01-17 23:11:00,0.3987,0.3989,0.3987,0.3989,202.1
2025-01-17 23:12:00,0.3988,0.399,0.3988,0.399,33.87
2025-01-17 23:13:00,0.3988,0.3989,0.3988,0.3989,135.62
2025-01-17 23:14:00,0.399,0.3992,0.399,0.3992,411.5
2025-01-17 23:15:00,0.3987,0.3987,0.3987,0.3987,130.0
2025-01-17 23:16:00,0.3991,0.3991,0.3991,0.3991,15.99
2025-01-17 23:17:00,0.3989,0.399,0.3988,0.399,530.33
2025-01-17 23:18:00,0.399,0.399,0.399,0.399,15.99
2025-01-17 23:19:00,0.3991,0.3991,0.3991,0.3991,15.97
2025-01-17 23:20:00,0.3991,0.3993,0.3991,0.3993,1218.94
2025-01-17 23:21:00,0.3994,0.3997,0.3994,0.3996,1381.36
2025-01-17 23:22:00,0.3994,0.3994,0.3994,0.3994,234.65
2025-01-17 23:23:00,0.3998,0.4001,0.3998,0.4001,66.0
2025-01-17 23:24:00,0.4003,0.4003,0.4003,0.4003,443.58
2025-01-17 23:25:00,0.4001,0.4002,0.4001,0.4002,866.22
2025-01-17 23:26:00,0.4002,0.4002,0.4002,0.4002,0.0
2025-01-17 23:27:00,0.4002,0.4002,0.4002,0.4002,0.0
2025-01-17 23:28:00,0.3999,0.3999,0.3999,0.3999,400.0
2025-01-17 23:29:00,0.3999,0.3999,0.3999,0.3999,0.0
2025-01-17 23:30:00,0.3998,0.3998,0.3998,0.3998,20.07
2025-01-17 23:31:00,0.3995,0.3999,0.3995,0.3999,282.07
2025-01-17 23:32:00,0.3996,0.3996,0.3996,0.3996,15.97
2025-01-17 23:33:00,0.3996,0.3996,0.3993,0.3993,971.71
2025-01-17 23:34:00,0.3997,0.3997,0.3997,0.3997,47.31
2025-01-17 23:35:00,0.3999,0.4002,0.3999,0.3999,1043.58
2025-01-17 23:36:00,0.3999,0.3999,0.3999,0.3999,0.0
2025-01-17 23:37:00,0.4002,0.4002,0.4002,0.4002,28.0
2025-01-17 23:38:00,0.4002,0.4002,0.4002,0.4002,258.61
2025-01-17 23:39:00,0.4001,0.4001,0.4,0.4,4276.95
2025-01-17 23:40:00,0.4,0.4,0.4,0.4,0.0
2025-01-17 23:41:00,0.4,0.4,0.4,0.4,14.37
2025-01-17 23:42:00,0.4001,0.4002,0.4,0.4,52.98
2025-01-17 23:43:00,0.4,0.4,0.4,0.4,0.0
2025-01-17 23:44:00,0.4001,0.4001,0.4001,0.4001,400.0
2025-01-17 23:45:00,0.4002,0.4003,0.4,0.4,132.51
2025-01-17 23:46:00,0.4,0.4,0.4,0.4,0.0
2025-01-17 23:47:00,0.3996,0.3996,0.3993,0.3993,4215.51
2025-01-17 23:48:00,0.3995,0.3995,0.3995,0.3995,500.64
2025-01-17 23:49:00,0.3994,0.3996,0.3994,0.3996,1011.62
2025-01-17 23:50:00,0.3992,0.3992,0.3987,0.399,456.56
2025-01-17 23:51:00,0.3985,0.3985,0.3984,0.3984,44.49
2025-01-17 23:52:00,0.3984,0.3987,0.3983,0.3987,1075.92
2025-01-17 23:53:00,0.3986,0.3986,0.3982,0.3982,31.48
2025-01-17 23:54:00,0.3984,0.3987,0.3982,0.3982,4041.65
2025-01-17 23:55:00,0.3985,0.3985,0.3985,0.3985,50.26
2025-01-17 23:56:00,0.3982,0.3982,0.3982,0.3982,25.54
2025-01-17 23:57:00,0.3982,0.3982,0.3982,0.3982,0.0
2025-01-17 23:58:00,0.3986,0.3986,0.3986,0.3986,22.17
2025-01-17 23:59:00,0.3986,0.3986,0.3986,0.3986,0.0
2025-01-18 00:00:00,0.3987,0.399,0.3987,0.399,343.06
2025-01-18 00:01:00,0.399,0.399,0.399,0.399,142.31
2025-01-18 00:02:00,0.3993,0.3993,0.3989,0.3992,374.96
2025-01-18 00:03:00,0.3992,0.3992,0.3992,0.3992,0.0
2025-01-18 00:04:00,0.3992,0.3992,0.3992,0.3992,0.0
2025-01-18 00:05:00,0.3992,0.3992,0.3992,0.3992,0.0
2025-01-18 00:06:00,0.3985,0.3985,0.3981,0.3981,719.17
2025-01-18 00:07:00,0.398,0.398,0.398,0.398,252.0
2025-01-18 00:08:00,0.398,0.3983,0.398,0.3983,59.13
2025-01-18 00:09:00,0.3987,0.3987,0.3987,0.3987,527.39
2025-01-18 00:10:00,0.3991,0.3993,0.3991,0.3993,180.33
2025-01-18 00:11:00,0.399,0.3991,0.399,0.3991,60.12
2025-01-18 00:12:00,0.3991,0.3991,0.3991,0.3991,0.0
2025-01-18 00:13:00,0.3991,0.3991,0.3991,0.3991,0.0
2025-01-18 00:14:00,0.398,0.3982,0.3979,0.3982,106.36
2025-01-18 00:15:00,0.3982,0.3982,0.3982,0.3982,0.0
2025-01-18 00:16:00,0.3987,0.3989,0.3986,0.3989,55.06
2025-01-18 00:17:00,0.3987,0.3987,0.3987,0.3987,752.0
2025-01-18 00:18:00,0.3985,0.3987,0.3985,0.3987,138.06
2025-01-18 00:19:00,0.3986,0.3987,0.3982,0.3982,3584.95
2025-01-18 00:20:00,0.3979,0.3979,0.3979,0.3979,25.14
2025-01-18 00:21:00,0.3984,0.3986,0.3984,0.3986,393.97
2025-01-18 00:22:00,0.3986,0.3986,0.3985,0.3985,1282.55
2025-01-18 00:23:00,0.3985,0.3985,0.3985,0.3985,0.0
2025-01-18 00:24:00,0.3987,0.3987,0.3987,0.3987,15.99
2025-01-18 00:25:00,0.3986,0.3986,0.3982,0.3985,7695.69
2025-01-18 00:26:00,0.3989,0.399,0.3986,0.3986,211.27
2025-01-18 00:27:00,0.3986,0.3988,0.3984,0.3988,1711.44
2025-01-18 00:28:00,0.3988,0.3988,0.3988,0.3988,0.0
2025-01-18 00:29:00,0.3989,0.399,0.3989,0.399,40.06
2025-01-18 00:30:00,0.3989,0.3992,0.3988,0.3992,90.6
2025-01-18 00:31:00,0.399,0.399,0.399,0.399,547.84
2025-01-18 00:32:00,0.3993,0.3993,0.3989,0.3991,1408.0
2025-01-18 00:33:00,0.3991,0.3994,0.3991,0.3994,750.1
2025-01-18 00:34:00,0.3992,0.3992,0.3991,0.3991,10165.11
2025-01-18 00:35:00,0.399,0.399,0.3986,0.3988,6778.4
2025-01-18 00:36:00,0.3986,0.3987,0.3982,0.3983,2100.03
2025-01-18 00:37:00,0.3984,0.3988,0.3984,0.3988,933.16
2025-01-18 00:38:00,0.3988,0.3993,0.3988,0.3993,205.87
2025-01-18 00:39:00,0.3994,0.3999,0.3994,0.3999,681.23
2025-01-18 00:40:00,0.4001,0.4003,0.4,0.4003,401.88
2025-01-18 00:41:00,0.4004,0.4004,0.4,0.4001,72.22
2025-01-18 00:42:00,0.3997,0.3997,0.3997,0.3997,15.97
2025-01-18 00:43:00,0.3998,0.3998,0.3998,0.3998,99.15
2025-01-18 00:44:00,0.3994,0.3999,0.3994,0.3999,32.62
2025-01-18 00:45:00,0.3997,0.3999,0.3995,0.3996,3708.83
2025-01-18 00:46:00,0.3996,0.3996,0.3993,0.3995,301.81
2025-01-18 00:47:00,0.3999,0.3999,0.3999,0.3999,15.97
2025-01-18 00:48:00,0.3998,0.3998,0.3994,0.3994,28.79
2025-01-18 00:49:00,0.3995,0.3995,0.399,0.399,1749.3
2025-01-18 00:50:00,0.3992,0.3992,0.399,0.399,2112.01
2025-01-18 00:51:00,0.399,0.3992,0.399,0.3992,290.14
2025-01-18 00:52:00,0.399,0.3993,0.399,0.3992,1926.16
2025-01-18 00:53:00,0.3992,0.3992,0.3992,0.3992,13.58
2025-01-18 00:54:00,0.3989,0.3989,0.3986,0.3986,642.95
2025-01-18 00:55:00,0.3985,0.3985,0.3985,0.3985,23.89
2025-01-18 00:56:00,0.399,0.399,0.3989,0.399,120.19
2025-01-18 00:57:00,0.3994,0.3996,0.3994,0.3996,1604.21
2025-01-18 00:58:00,0.3996,0.3996,0.3996,0.3996,0.0
2025-01-18 00:59:00,0.3996,0.3996,0.3996,0.3996,0.0
2025-01-18 01:00:00,0.3996,0.3999,0.3996,0.3997,4537.19
2025-01-18 01:01:00,0.3995,0.3995,0.3993,0.3994,18357.96
2025-01-18 01:02:00,0.3996,0.3997,0.3992,0.3992,278.53
2025-01-18 01:03:00,0.3987,0.3988,0.3987,0.3988,1241.03
2025-01-18 01:04:00,0.3983,0.3984,0.3981,0.3981,189.21
2025-01-18 01:05:00,0.3983,0.3983,0.3983,0.3983,25.8
2025-01-18 01:06:00,0.3983,0.3983,0.3983,0.3983,0.0
2025-01-18 01:07:00,0.3977,0.3977,0.3973,0.3974,2120.08
2025-01-18 01:08:00,0.3974,0.3974,0.3971,0.3973,255.39
2025-01-18 01:09:00,0.3975,0.3975,0.3975,0.3975,1215.09
2025-01-18 01:10:00,0.3977,0.398,0.3977,0.3978,6551.63
2025-01-18 01:11:00,0.3981,0.3981,0.3981,0.3981,2641.7
2025-01-18 01:12:00,0.3983,0.3983,0.3983,0.3983,156.54
2025-01-18 01:13:00,0.3983,0.3983,0.3983,0.3983,0.0
2025-01-18 01:14:00,0.3976,0.3976,0.3973,0.3973,662.06
2025-01-18 01:15:00,0.3973,0.3973,0.397,0.3972,12504.2
2025-01-18 01:16:00,0.3971,0.3971,0.3968,0.3968,881.56
2025-01-18 01:17:00,0.3968,0.3974,0.3968,0.3974,451.45
2025-01-18 01:18:00,0.3973,0.3975,0.3972,0.3973,13198.72
2025-01-18 01:19:00,0.3972,0.3972,0.3972,0.3972,834.0
2025-01-18 01:20:00,0.3973,0.3974,0.3973,0.3973,83.75
2025-01-18 01:21:00,0.3971,0.3972,0.3971,0.3972,1275.41
2025-01-18 01:22:00,0.3972,0.3972,0.3972,0.3972,0.0
2025-01-18 01:23:00,0.3969,0.397,0.3969,0.397,1351.75
2025-01-18 01:24:00,0.3972,0.3974,0.3972,0.3974,634.82
2025-01-18 01:25:00,0.3974,0.3974,0.3974,0.3974,138.77
2025-01-18 01:26:00,0.3974,0.3974,0.3974,0.3974,0.0
2025-01-18 01:27:00,0.397,0.3971,0.397,0.3971,470.42
2025-01-18 01:28:00,0.3972,0.3972,0.3972,0.3972,474.0
2025-01-18 01:29:00,0.3972,0.3972,0.3972,0.3972,16.05
2025-01-18 01:30:00,0.3972,0.3972,0.3971,0.3971,96.4
2025-01-18 01:31:00,0.3971,0.3971,0.3971,0.3971,0.0
2025-01-18 01:32:00,0.3966,0.3966,0.3966,0.3966,303.45
2025-01-18 01:33:00,0.3964,0.3964,0.3962,0.3964,1926.42
2025-01-18 01:34:00,0.396,0.396,0.396,0.396,16.12
2025-01-18 01:35:00,0.396,0.396,0.3951,0.3953,12012.63
2025-01-18 01:36:00,0.3952,0.3956,0.3951,0.3956,91.37
2025-01-18 01:37:00,0.3954,0.3954,0.3954,0.3954,16.1
2025-01-18 01:38:00,0.3954,0.3954,0.3954,0.3954,16.16
2025-01-18 01:39:00,0.3957,0.3957,0.3957,0.3957,16.09
2025-01-18 01:40:00,0.3958,0.3958,0.3957,0.3957,243.52
2025-01-18 01:41:00,0.396,0.3961,0.396,0.396,777.72
2025-01-18 01:42:00,0.3965,0.3968,0.3965,0.3968,201.04
2025-01-18 01:43:00,0.3968,0.3968,0.3965,0.3965,239.36
2025-01-18 01:44:00,0.3964,0.3964,0.3964,0.3964,29.8
2025-01-18 01:45:00,0.3964,0.3964,0.3959,0.3959,854.22
2025-01-18 01:46:00,0.3963,0.3963,0.3957,0.3957,62.74
2025-01-18 01:47:00,0.396,0.3962,0.396,0.3961,2410.43
2025-01-18 01:48:00,0.3963,0.3963,0.3962,0.3962,701.05
2025-01-18 01:49:00,0.3963,0.3963,0.3963,0.3963,13.47
2025-01-18 01:50:00,0.3964,0.3964,0.3961,0.3963,120.99
2025-01-18 01:51:00,0.3963,0.3965,0.3963,0.3965,116.87
2025-01-18 01:52:00,0.3965,0.3967,0.3961,0.3964,26138.43
2025-01-18 01:53:00,0.3966,0.3966,0.396,0.396,25090.4
2025-01-18 01:54:00,0.3963,0.3963,0.3963,0.3963,585.0
2025-01-18 01:55:00,0.3967,0.3967,0.3967,0.3967,16.08
2025-01-18 01:56:00,0.3967,0.3967,0.3963,0.3963,239.47
2025-01-18 01:57:00,0.3965,0.3965,0.3965,0.3965,702.0
2025-01-18 01:58:00,0.3967,0.397,0.3967,0.397,299.05
2025-01-18 01:59:00,0.3969,0.3969,0.3966,0.3966,176.78
2025-01-18 02:00:00,0.3966,0.3969,0.3966,0.3969,1381.35
2025-01-18 02:01:00,0.3971,0.3975,0.3971,0.3975,1162.16
2025-01-18 02:02:00,0.3975,0.3977,0.3975,0.3977,72.0
2025-01-18 02:03:00,0.3973,0.3979,0.3973,0.3978,4121.64
2025-01-18 02:04:00,0.3973,0.3973,0.3973,0.3973,41.28
2025-01-18 02:05:00,0.3973,0.3973,0.3973,0.3973,84.55
2025-01-18 02:06:00,0.3972,0.3972,0.397,0.397,418.0
2025-01-18 02:07:00,0.3972,0.3972,0.3972,0.3972,62.0
2025-01-18 02:08:00,0.397,0.397,0.3967,0.397,6439.59
2025-01-18 02:09:00,0.397,0.3971,0.3968,0.397,1518.43
2025-01-18 02:10:00,0.397,0.397,0.397,0.397,0.0
2025-01-18 02:11:00,0.3968,0.3968,0.3968,0.3968,15.0
2025-01-18 02:12:00,0.3968,0.3968,0.3968,0.3968,0.0
2025-01-18 02:13:00,0.3974,0.3974,0.3974,0.3974,16.06
2025-01-18 02:14:00,0.3976,0.3977,0.3975,0.3977,2472.43
2025-01-18 02:15:00,0.3978,0.3981,0.3978,0.398,470.34
2025-01-18 02:16:00,0.398,0.398,0.3976,0.3976,1849.05
2025-01-18 02:17:00,0.3977,0.3981,0.3977,0.3981,2843.18
2025-01-18 02:18:00,0.3981,0.3981,0.3981,0.3981,15.97
2025-01-18 02:19:00,0.3979,0.3979,0.3979,0.3979,16.05
2025-01-18 02:20:00,0.3973,0.3973,0.3973,0.3973,16.05
2025-01-18 02:21:00,0.3977,0.3977,0.3977,0.3977,47.4
2025-01-18 02:22:00,0.3977,0.3977,0.3977,0.3977,48.97
2025-01-18 02:23:00,0.3976,0.3976,0.3976,0.3976,15.98
2025-01-18 02:24:00,0.3977,0.3977,0.3977,0.3977,15.99
2025-01-18 02:25:00,0.3975,0.3975,0.3975,0.3975,16.06
2025-01-18 02:26:00,0.3977,0.3977,0.3977,0.3977,15.96
2025-01-18 02:27:00,0.3974,0.3974,0.3974,0.3974,280.62
2025-01-18 02:28:00,0.397,0.397,0.397,0.397,16.07
2025-01-18 02:29:00,0.397,0.397,0.397,0.397,16.09
2025-01-18 02:30:00,0.3968,0.3968,0.3959,0.3961,998.92
2025-01-18 02:31:00,0.3957,0.396,0.3957,0.396,50.82
2025-01-18 02:32:00,0.3957,0.3957,0.3955,0.3955,552.14
2025-01-18 02:33:00,0.3955,0.3956,0.3954,0.3954,221.78
2025-01-18 02:34:00,0.3954,0.3956,0.3953,0.3956,235.63
2025-01-18 02:35:00,0.3956,0.3958,0.3955,0.3957,370.22
2025-01-18 02:36:00,0.3959,0.3961,0.3958,0.396,390.19
2025-01-18 02:37:00,0.3958,0.3959,0.3956,0.3956,146.6
2025-01-18 02:38:00,0.3957,0.3957,0.3954,0.3956,162.88
2025-01-18 02:39:00,0.3953,0.3954,0.3951,0.3954,187.87
2025-01-18 02:40:00,0.3955,0.3955,0.3955,0.3955,16.1
2025-01-18 02:41:00,0.3958,0.3958,0.3958,0.3958,16.03
2025-01-18 02:42:00,0.3959,0.3961,0.3959,0.396,640.52
2025-01-18 02:43:00,0.3958,0.3961,0.3958,0.396,2903.38
2025-01-18 02:44:00,0.3959,0.3963,0.3957,0.3963,4395.33
2025-01-18 02:45:00,0.3966,0.3968,0.3966,0.3967,201.35
2025-01-18 02:46:00,0.3966,0.3966,0.3964,0.3964,242.05
2025-01-18 02:47:00,0.3966,0.3968,0.3964,0.3964,2624.21
2025-01-18 02:48:00,0.3966,0.3967,0.3958,0.3958,46.21
2025-01-18 02:49:00,0.3961,0.3962,0.396,0.396,42.87
2025-01-18 02:50:00,0.3961,0.3961,0.3958,0.3958,195.36
2025-01-18 02:51:00,0.3959,0.3964,0.3959,0.3964,436.63
2025-01-18 02:52:00,0.3964,0.3965,0.3963,0.3965,659.83
2025-01-18 02:53:00,0.3964,0.3965,0.3961,0.3961,879.64
2025-01-18 02:54:00,0.396,0.3961,0.3959,0.3959,105.46
2025-01-18 02:55:00,0.396,0.396,0.3953,0.3953,55.48
2025-01-18 02:56:00,0.395,0.395,0.3948,0.3948,67.75
2025-01-18 02:57:00,0.3951,0.3952,0.3949,0.3951,665.83
2025-01-18 02:58:00,0.3951,0.3952,0.3951,0.3952,218.67
2025-01-18 02:59:00,0.3954,0.3955,0.3954,0.3955,243.77
2025-01-18 03:00:00,0.3957,0.396,0.3957,0.3959,513.02
2025-01-18 03:01:00,0.3961,0.3962,0.3959,0.3959,590.32
2025-01-18 03:02:00,0.396,0.3967,0.396,0.3965,2936.6
2025-01-18 03:03:00,0.3959,0.3959,0.3953,0.3953,106.49
2025-01-18 03:04:00,0.3952,0.3952,0.3952,0.3952,94.01
2025-01-18 03:05:00,0.3957,0.3957,0.3957,0.3957,454.89
2025-01-18 03:06:00,0.3947,0.3947,0.3945,0.3947,1007.21
2025-01-18 03:07:00,0.3949,0.3949,0.3949,0.3949,27.84
2025-01-18 03:08:00,0.3957,0.3957,0.3957,0.3957,139.57
2025-01-18 03:09:00,0.3959,0.397,0.3959,0.397,4366.0
2025-01-18 03:10:00,0.397,0.397,0.3965,0.397,1830.42
2025-01-18 03:11:00,0.3966,0.3966,0.3963,0.3963,3896.1
2025-01-18 03:12:00,0.3965,0.3965,0.3961,0.3965,5277.22
2025-01-18 03:13:00,0.3965,0.3966,0.3961,0.3961,1935.45
2025-01-18 03:14:00,0.3961,0.3961,0.3961,0.3961,0.0
2025-01-18 03:15:00,0.396,0.396,0.3959,0.396,2027.61
2025-01-18 03:16:00,0.3959,0.396,0.3958,0.396,122.06
2025-01-18 03:17:00,0.396,0.396,0.396,0.396,0.0
2025-01-18 03:18:00,0.3956,0.3957,0.3955,0.3955,581.37
2025-01-18 03:19:00,0.3947,0.3947,0.3944,0.3944,525.6
2025-01-18 03:20:00,0.3942,0.3944,0.394,0.3944,5842.8
2025-01-18 03:21:00,0.3944,0.3944,0.3936,0.3936,727.8
2025-01-18 03:22:00,0.3936,0.3944,0.3936,0.3938,3643.92
2025-01-18 03:23:00,0.3936,0.3938,0.3934,0.3938,1809.06
2025-01-18 03:24:00,0.3936,0.3939,0.3936,0.3936,4099.62
2025-01-18 03:25:00,0.3937,0.394,0.3935,0.394,3453.45
2025-01-18 03:26:00,0.394,0.3942,0.3935,0.3937,12324.61
2025-01-18 03:27:00,0.3936,0.3936,0.3929,0.3931,14554.23
2025-01-18 03:28:00,0.3932,0.3941,0.393,0.3937,23285.11
2025-01-18 03:29:00,0.394,0.3943,0.394,0.3941,7356.3
2025-01-18 03:30:00,0.3942,0.3943,0.3941,0.3941,1066.24
2025-01-18 03:31:00,0.3939,0.3939,0.393,0.3932,1015.85
2025-01-18 03:32:00,0.3931,0.3937,0.393,0.3937,877.01
2025-01-18 03:33:00,0.3939,0.3939,0.3935,0.3935,215.42
2025-01-18 03:34:00,0.3937,0.3937,0.3928,0.3928,284.33
2025-01-18 03:35:00,0.3928,0.3928,0.3919,0.392,8907.96
2025-01-18 03:36:00,0.3922,0.3922,0.391,0.3914,99186.37
2025-01-18 03:37:00,0.3911,0.3915,0.3901,0.3902,11629.08
2025-01-18 03:38:00,0.3901,0.3908,0.3883,0.389,153590.14
2025-01-18 03:39:00,0.389,0.3902,0.389,0.39,14020.7
2025-01-18 03:40:00,0.3897,0.3897,0.3886,0.3887,7464.39
2025-01-18 03:41:00,0.389,0.389,0.3878,0.388,14966.46
2025-01-18 03:42:00,0.3879,0.3883,0.3878,0.3878,11266.16
2025-01-18 03:43:00,0.3879,0.388,0.387,0.387,9569.91
2025-01-18 03:44:00,0.3867,0.389,0.3866,0.3883,31285.96
2025-01-18 03:45:00,0.3884,0.3885,0.3878,0.3884,691.25
2025-01-18 03:46:00,0.3894,0.3899,0.3894,0.3897,10405.57
2025-01-18 03:47:00,0.3896,0.3902,0.3894,0.3894,6528.28
2025-01-18 03:48:00,0.3898,0.3899,0.3884,0.3884,6426.2
2025-01-18 03:49:00,0.3884,0.3885,0.3882,0.3882,1318.01
2025-01-18 03:50:00,0.3885,0.3885,0.3868,0.3869,1506.66
2025-01-18 03:51:00,0.3867,0.3869,0.3867,0.3868,658.87
2025-01-18 03:52:00,0.3866,0.3866,0.386,0.386,5794.52
2025-01-18 03:53:00,0.3858,0.3863,0.3858,0.3858,5057.92
2025-01-18 03:54:00,0.3862,0.3884,0.3861,0.3878,31605.11
2025-01-18 03:55:00,0.3876,0.3882,0.3875,0.3882,714.3
2025-01-18 03:56:00,0.3881,0.3881,0.3875,0.3875,5536.97
2025-01-18 03:57:00,0.3875,0.3883,0.3874,0.3883,245.68
2025-01-18 03:58:00,0.3884,0.3884,0.3874,0.388,5774.4
2025-01-18 03:59:00,0.3881,0.3881,0.3871,0.3871,9588.28
2025-01-18 04:00:00,0.3872,0.3876,0.3868,0.3875,18300.91
2025-01-18 04:01:00,0.3875,0.3883,0.3873,0.3883,1230.09
2025-01-18 04:02:00,0.3882,0.3882,0.3882,0.3882,534.41
2025-01-18 04:03:00,0.3879,0.3879,0.3875,0.3875,136.69
2025-01-18 04:04:00,0.3872,0.3886,0.3872,0.3883,5275.92
2025-01-18 04:05:00,0.3882,0.3889,0.3881,0.3889,4056.45
2025-01-18 04:06:00,0.3886,0.389,0.3884,0.389,1878.11
2025-01-18 04:07:00,0.389,0.3891,0.3887,0.3887,1014.64
2025-01-18 04:08:00,0.3885,0.3891,0.3885,0.3887,5313.5
2025-01-18 04:09:00,0.3887,0.3888,0.388,0.3887,15945.26
2025-01-18 04:10:00,0.3885,0.3886,0.3881,0.3884,9833.03
2025-01-18 04:11:00,0.3882,0.3888,0.3881,0.3881,15288.82
2025-01-18 04:12:00,0.3882,0.3887,0.388,0.3887,1244.66
2025-01-18 04:13:00,0.3886,0.3886,0.3881,0.3885,738.31
2025-01-18 04:14:00,0.3885,0.3892,0.388,0.388,2308.47
2025-01-18 04:15:00,0.3879,0.3881,0.3873,0.3877,11987.76
2025-01-18 04:16:00,0.3875,0.3878,0.3864,0.3864,26377.42
2025-01-18 04:17:00,0.3865,0.3874,0.3865,0.3865,21615.58
2025-01-18 04:18:00,0.3862,0.3864,0.3861,0.3864,3168.02
2025-01-18 04:19:00,0.3861,0.3863,0.3854,0.3857,3302.85
2025-01-18 04:20:00,0.3857,0.3862,0.3854,0.3862,3800.16
2025-01-18 04:21:00,0.3857,0.3869,0.3857,0.3864,228.55
2025-01-18 04:22:00,0.3866,0.3872,0.3861,0.3861,6420.93
2025-01-18 04:23:00,0.3861,0.3863,0.3858,0.3859,585.81
2025-01-18 04:24:00,0.3858,0.3858,0.3853,0.3857,573.94
2025-01-18 04:25:00,0.3854,0.3854,0.3845,0.3849,13953.67
2025-01-18 04:26:00,0.3848,0.3852,0.3848,0.385,17944.12
2025-01-18 04:27:00,0.3856,0.3858,0.3856,0.3857,2142.87
2025-01-18 04:28:00,0.385,0.3859,0.385,0.3859,1334.72
2025-01-18 04:29:00,0.3859,0.3859,0.3856,0.3856,225.98
2025-01-18 04:30:00,0.386,0.386,0.3856,0.3858,1665.76
2025-01-18 04:31:00,0.3857,0.3861,0.3854,0.3861,931.61
2025-01-18 04:32:00,0.3871,0.3877,0.3869,0.3877,476.16
2025-01-18 04:33:00,0.3872,0.3872,0.387,0.387,169.96
2025-01-18 04:34:00,0.3874,0.3875,0.3874,0.3875,1186.62
2025-01-18 04:35:00,0.3878,0.3878,0.3872,0.3878,1021.12
2025-01-18 04:36:00,0.3879,0.3882,0.3877,0.388,1361.74
2025-01-18 04:37:00,0.3881,0.3886,0.3879,0.3886,679.43
2025-01-18 04:38:00,0.3885,0.3886,0.3884,0.3886,886.17
2025-01-18 04:39:00,0.3887,0.3889,0.3887,0.3889,117.22
2025-01-18 04:40:00,0.3886,0.3889,0.3884,0.3889,1681.42
2025-01-18 04:41:00,0.389,0.3892,0.3889,0.3892,1587.55
2025-01-18 04:42:00,0.3894,0.3897,0.389,0.3897,4174.99
2025-01-18 04:43:00,0.3897,0.3897,0.3891,0.3891,1523.82
2025-01-18 04:44:00,0.3891,0.3892,0.3889,0.389,577.1
2025-01-18 04:45:00,0.389,0.389,0.3886,0.3886,3213.76
2025-01-18 04:46:00,0.3885,0.3885,0.3873,0.3873,12649.48
2025-01-18 04:47:00,0.3877,0.3879,0.3871,0.3872,8315.75
2025-01-18 04:48:00,0.3872,0.3872,0.3869,0.3871,13756.97
2025-01-18 04:49:00,0.387,0.3872,0.3865,0.3866,13930.17
2025-01-18 04:50:00,0.3867,0.3867,0.386,0.3861,6862.05
2025-01-18 04:51:00,0.3861,0.3871,0.3859,0.3871,3586.31
2025-01-18 04:52:00,0.3872,0.3872,0.3871,0.3871,107.64
2025-01-18 04:53:00,0.3869,0.3872,0.3866,0.3872,648.82
2025-01-18 04:54:00,0.3873,0.3873,0.387,0.387,530.65
2025-01-18 04:55:00,0.387,0.387,0.3867,0.3868,478.05
2025-01-18 04:56:00,0.3869,0.3874,0.3868,0.3873,664.3
2025-01-18 04:57:00,0.3875,0.3875,0.3871,0.3874,595.84
2025-01-18 04:58:00,0.3875,0.3876,0.3874,0.3874,1727.21
2025-01-18 04:59:00,0.3873,0.3873,0.3871,0.3871,1094.86
2025-01-18 05:00:00,0.3873,0.3877,0.3873,0.3877,3670.98
2025-01-18 05:01:00,0.388,0.388,0.3879,0.388,16450.17
2025-01-18 05:02:00,0.3875,0.388,0.3873,0.3875,14883.06
2025-01-18 05:03:00,0.3875,0.3882,0.3875,0.3882,2246.35
2025-01-18 05:04:00,0.3884,0.3887,0.3884,0.3887,249.55
2025-01-18 05:05:00,0.3884,0.3895,0.3884,0.3889,3730.52
2025-01-18 05:06:00,0.3887,0.3888,0.3879,0.3883,25496.83
2025-01-18 05:07:00,0.3885,0.3885,0.388,0.3885,5532.96
2025-01-18 05:08:00,0.3885,0.3885,0.3873,0.3876,3804.4
2025-01-18 05:09:00,0.3872,0.3877,0.3872,0.3875,12099.02
2025-01-18 05:10:00,0.3872,0.3872,0.3861,0.3862,11210.26
2025-01-18 05:11:00,0.3859,0.386,0.3853,0.3858,6756.66
2025-01-18 05:12:00,0.3856,0.3856,0.3848,0.3851,2252.56
2025-01-18 05:13:00,0.3854,0.3854,0.3845,0.3848,4851.04
2025-01-18 05:14:00,0.385,0.3851,0.3844,0.3848,24022.64
2025-01-18 05:15:00,0.3847,0.3849,0.3834,0.3837,42900.99
2025-01-18 05:16:00,0.3834,0.3836,0.3834,0.3835,191.25
2025-01-18 05:17:00,0.3837,0.3852,0.3837,0.3849,4800.8
2025-01-18 05:18:00,0.3849,0.3867,0.3849,0.3867,3847.16
2025-01-18 05:19:00,0.3867,0.3871,0.3865,0.3868,824.63
2025-01-18 05:20:00,0.387,0.3877,0.387,0.3877,2418.88
2025-01-18 05:21:00,0.3873,0.3873,0.387,0.387,57.49
2025-01-18 05:22:00,0.3873,0.3877,0.3871,0.3872,437.72
2025-01-18 05:23:00,0.3873,0.3873,0.3871,0.3871,2161.43
2025-01-18 05:24:00,0.387,0.3874,0.387,0.3874,2313.83
2025-01-18 05:25:00,0.387,0.387,0.3867,0.3867,2411.06
2025-01-18 05:26:00,0.3865,0.3865,0.3865,0.3865,603.52
2025-01-18 05:27:00,0.3858,0.3861,0.3846,0.3846,1796.9
2025-01-18 05:28:00,0.3849,0.3852,0.3847,0.385,4784.5
2025-01-18 05:29:00,0.3852,0.3852,0.3852,0.3852,16.53
2025-01-18 05:30:00,0.3848,0.3853,0.3846,0.3846,1428.62
2025-01-18 05:31:00,0.3844,0.3844,0.3837,0.3837,1557.75
2025-01-18 05:32:00,0.3842,0.3856,0.3842,0.3856,2224.8
2025-01-18 05:33:00,0.3856,0.3862,0.3851,0.3859,47981.89
2025-01-18 05:34:00,0.3859,0.3859,0.3858,0.3858,111.5
2025-01-18 05:35:00,0.3851,0.3851,0.3848,0.3848,291.64
2025-01-18 05:36:00,0.3843,0.3845,0.3839,0.3839,78.0
2025-01-18 05:37:00,0.3838,0.3843,0.3838,0.3841,1225.39
2025-01-18 05:38:00,0.3841,0.3841,0.3833,0.3839,5486.34
2025-01-18 05:39:00,0.3837,0.3838,0.3834,0.3835,1208.56
2025-01-18 05:40:00,0.3836,0.3845,0.3835,0.3838,6250.8
2025-01-18 05:41:00,0.3839,0.3841,0.3835,0.3835,5619.27
2025-01-18 05:42:00,0.3832,0.3842,0.3832,0.3842,130.69
2025-01-18 05:43:00,0.3833,0.3839,0.3831,0.3839,68.91
2025-01-18 05:44:00,0.3841,0.3841,0.3839,0.3839,32.81
2025-01-18 05:45:00,0.3842,0.3842,0.3842,0.3842,1520.62
2025-01-18 05:46:00,0.3835,0.3838,0.3833,0.3833,1415.8
2025-01-18 05:47:00,0.3841,0.3843,0.3839,0.3843,184.04
2025-01-18 05:48:00,0.384,0.384,0.3829,0.3829,380.85
2025-01-18 05:49:00,0.3828,0.3828,0.3817,0.3823,7751.81
2025-01-18 05:50:00,0.3823,0.3823,0.381,0.3811,2438.98
2025-01-18 05:51:00,0.3812,0.382,0.3809,0.3812,8953.5
2025-01-18 05:52:00,0.3816,0.3816,0.3811,0.3811,1320.61
2025-01-18 05:53:00,0.381,0.381,0.3804,0.3806,1146.38
2025-01-18 05:54:00,0.3805,0.3806,0.3778,0.3788,122726.09
2025-01-18 05:55:00,0.3789,0.379,0.3776,0.378,8756.25
2025-01-18 05:56:00,0.3777,0.3818,0.3774,0.3783,71527.79
2025-01-18 05:57:00,0.3787,0.379,0.3768,0.3769,17707.64
2025-01-18 05:58:00,0.3769,0.3777,0.3767,0.3775,30593.54
2025-01-18 05:59:00,0.3771,0.3774,0.3764,0.3764,12774.75
2025-01-18 06:00:00,0.3765,0.3802,0.3765,0.3796,16678.46
2025-01-18 06:01:00,0.3791,0.3803,0.3791,0.3799,3865.36
2025-01-18 06:02:00,0.3803,0.3808,0.379,0.3799,35943.09
2025-01-18 06:03:00,0.3799,0.3809,0.3799,0.38,1837.91
2025-01-18 06:04:00,0.3799,0.381,0.3799,0.3804,3658.89
2025-01-18 06:05:00,0.3802,0.3816,0.3799,0.3802,6897.02
2025-01-18 06:06:00,0.3807,0.3818,0.3807,0.3812,9658.97
2025-01-18 06:07:00,0.3807,0.3814,0.3799,0.3812,14395.73
2025-01-18 06:08:00,0.3812,0.3816,0.381,0.3812,3742.25
2025-01-18 06:09:00,0.3815,0.3818,0.3815,0.3818,310.12
2025-01-18 06:10:00,0.382,0.3824,0.3816,0.3819,9522.9
2025-01-18 06:11:00,0.3816,0.3816,0.3803,0.3805,8827.42
2025-01-18 06:12:00,0.3804,0.381,0.3799,0.38,9681.91
2025-01-18 06:13:00,0.3798,0.3804,0.3797,0.3801,4255.49
2025-01-18 06:14:00,0.3808,0.381,0.3807,0.381,225.42
2025-01-18 06:15:00,0.3808,0.3818,0.3808,0.3817,4177.1
2025-01-18 06:16:00,0.382,0.3824,0.3816,0.3823,780.69
2025-01-18 06:17:00,0.3823,0.3835,0.3823,0.3831,3551.05
2025-01-18 06:18:00,0.383,0.3831,0.3823,0.3828,3556.54
2025-01-18 06:19:00,0.3827,0.3832,0.3827,0.3832,388.21
2025-01-18 06:20:00,0.3829,0.3829,0.3819,0.3821,3283.44
2025-01-18 06:21:00,0.3818,0.382,0.3815,0.382,650.42
2025-01-18 06:22:00,0.3814,0.3814,0.3806,0.381,3442.35
2025-01-18 06:23:00,0.381,0.3815,0.3808,0.3812,10597.96
2025-01-18 06:24:00,0.381,0.3811,0.381,0.3811,465.66
2025-01-18 06:25:00,0.3812,0.3818,0.3812,0.3818,5230.79
2025-01-18 06:26:00,0.3817,0.3819,0.3816,0.3817,589.96
2025-01-18 06:27:00,0.3816,0.3817,0.3816,0.3817,350.61
2025-01-18 06:28:00,0.3821,0.3821,0.3816,0.3818,315.57
2025-01-18 06:29:00,0.3819,0.3826,0.3818,0.3826,2177.54
2025-01-18 06:30:00,0.3824,0.3824,0.3817,0.3817,11841.75
2025-01-18 06:31:00,0.3822,0.3822,0.3822,0.3822,16.62
2025-01-18 06:32:00,0.3817,0.3823,0.3814,0.3823,468.91
2025-01-18 06:33:00,0.3823,0.3825,0.3823,0.3825,278.11
2025-01-18 06:34:00,0.382,0.382,0.3817,0.3817,367.7
2025-01-18 06:35:00,0.3816,0.3821,0.3815,0.3821,708.97
2025-01-18 06:36:00,0.3825,0.3843,0.3825,0.3841,26486.42
2025-01-18 06:37:00,0.384,0.3841,0.3835,0.3838,2258.61
2025-01-18 06:38:00,0.384,0.384,0.3837,0.3839,31527.53
2025-01-18 06:39:00,0.3839,0.3844,0.3838,0.3842,3697.31
2025-01-18 06:40:00,0.3842,0.3842,0.3838,0.3838,4840.03
2025-01-18 06:41:00,0.3836,0.3839,0.3836,0.3838,216.72
2025-01-18 06:42:00,0.3839,0.3839,0.3835,0.3835,154.59
2025-01-18 06:43:00,0.3836,0.3838,0.3836,0.3838,92.22
2025-01-18 06:44:00,0.3838,0.3838,0.3834,0.3834,1016.7
2025-01-18 06:45:00,0.3835,0.3839,0.3835,0.3839,501.67
2025-01-18 06:46:00,0.384,0.3843,0.384,0.3843,940.81
2025-01-18 06:47:00,0.3843,0.3846,0.3843,0.3846,514.0
2025-01-18 06:48:00,0.3846,0.3848,0.3844,0.3848,1592.38
2025-01-18 06:49:00,0.3849,0.3851,0.3849,0.3851,195.28
2025-01-18 06:50:00,0.385,0.3852,0.3846,0.3849,4711.14
2025-01-18 06:51:00,0.3847,0.3848,0.3843,0.3847,3786.96
2025-01-18 06:52:00,0.3845,0.3849,0.3845,0.3846,2083.17
2025-01-18 06:53:00,0.3848,0.3848,0.3847,0.3848,398.34
2025-01-18 06:54:00,0.385,0.385,0.3845,0.3846,524.62
2025-01-18 06:55:00,0.3846,0.3848,0.384,0.384,1942.68
2025-01-18 06:56:00,0.3839,0.384,0.3835,0.3835,881.86
2025-01-18 06:57:00,0.3834,0.3838,0.3834,0.3838,1889.07
2025-01-18 06:58:00,0.3838,0.3838,0.3836,0.3836,905.75
2025-01-18 06:59:00,0.3837,0.3838,0.3833,0.3833,2864.78
2025-01-18 07:00:00,0.3832,0.3837,0.383,0.3837,8840.64
2025-01-18 07:01:00,0.3839,0.384,0.3836,0.3838,5589.77
2025-01-18 07:02:00,0.3837,0.3838,0.3828,0.3828,3377.19
2025-01-18 07:03:00,0.3827,0.3828,0.382,0.382,7353.28
2025-01-18 07:04:00,0.382,0.3821,0.3817,0.3817,2059.4
2025-01-18 07:05:00,0.3818,0.3821,0.3818,0.382,3537.28
2025-01-18 07:06:00,0.3823,0.3823,0.3815,0.3816,636.12
2025-01-18 07:07:00,0.3817,0.3817,0.3815,0.3816,324.41
2025-01-18 07:08:00,0.3818,0.3821,0.3818,0.3821,52.73
2025-01-18 07:09:00,0.3814,0.3814,0.3809,0.3809,286.79
2025-01-18 07:10:00,0.3806,0.3807,0.3803,0.3803,2252.97
2025-01-18 07:11:00,0.3806,0.3806,0.3802,0.3804,375.3
2025-01-18 07:12:00,0.3806,0.3806,0.3797,0.3799,1539.72
2025-01-18 07:13:00,0.3798,0.3799,0.3794,0.3794,723.53
2025-01-18 07:14:00,0.3794,0.3798,0.379,0.379,8960.94
2025-01-18 07:15:00,0.3791,0.3798,0.3791,0.3796,4244.32
2025-01-18 07:16:00,0.3794,0.3801,0.3794,0.3801,655.01
2025-01-18 07:17:00,0.3798,0.3803,0.3798,0.3803,1858.14
2025-01-18 07:18:00,0.3802,0.3802,0.3801,0.3801,3756.08
2025-01-18 07:19:00,0.3797,0.3797,0.3792,0.3792,428.67
2025-01-18 07:20:00,0.3795,0.3804,0.3795,0.3804,373.8
2025-01-18 07:21:00,0.3805,0.3806,0.3803,0.3806,262.65
2025-01-18 07:22:00,0.3805,0.3807,0.3804,0.3804,226.08
2025-01-18 07:23:00,0.3805,0.3809,0.3805,0.3808,4185.06
2025-01-18 07:24:00,0.3808,0.3808,0.3806,0.3806,1403.46
2025-01-18 07:25:00,0.381,0.381,0.381,0.381,16.78
2025-01-18 07:26:00,0.3812,0.3812,0.3812,0.3812,16.77
2025-01-18 07:27:00,0.3807,0.3808,0.3802,0.3804,6317.5
2025-01-18 07:28:00,0.3806,0.3806,0.3805,0.3806,244.54
2025-01-18 07:29:00,0.3808,0.3808,0.3805,0.3805,62.53
2025-01-18 07:30:00,0.3805,0.3805,0.38,0.3802,283.92
2025-01-18 07:31:00,0.3802,0.3802,0.3796,0.3796,1526.53
2025-01-18 07:32:00,0.3795,0.3795,0.3793,0.3793,2090.36
2025-01-18 07:33:00,0.3792,0.3792,0.3786,0.3787,3565.7
2025-01-18 07:34:00,0.3789,0.3795,0.3789,0.3795,1065.86
2025-01-18 07:35:00,0.3796,0.3796,0.3794,0.3795,5740.23
2025-01-18 07:36:00,0.3797,0.3797,0.3789,0.3789,1067.24
2025-01-18 07:37:00,0.3791,0.3793,0.3786,0.3789,9871.06
2025-01-18 07:38:00,0.379,0.3798,0.379,0.3798,993.48
2025-01-18 07:39:00,0.3797,0.3798,0.3795,0.3796,589.88
2025-01-18 07:40:00,0.38,0.38,0.3799,0.3799,208.27
2025-01-18 07:41:00,0.3792,0.3793,0.3792,0.3793,654.82
2025-01-18 07:42:00,0.3794,0.3795,0.3794,0.3795,558.01
2025-01-18 07:43:00,0.3792,0.3792,0.3789,0.379,470.63
2025-01-18 07:44:00,0.3789,0.3789,0.3789,0.3789,16.86
2025-01-18 07:45:00,0.3789,0.379,0.3783,0.3785,4564.83
2025-01-18 07:46:00,0.3781,0.3781,0.3779,0.3781,693.93
2025-01-18 07:47:00,0.3779,0.3779,0.3777,0.3777,171.45
2025-01-18 07:48:00,0.3776,0.3776,0.3771,0.3771,1333.64
2025-01-18 07:49:00,0.377,0.3771,0.3767,0.3767,11967.54
2025-01-18 07:50:00,0.3765,0.3768,0.3762,0.3762,2170.09
2025-01-18 07:51:00,0.3762,0.3767,0.376,0.376,425.8
2025-01-18 07:52:00,0.3762,0.3762,0.3759,0.3761,1760.09
2025-01-18 07:53:00,0.3763,0.3771,0.3763,0.3771,523.15
2025-01-18 07:54:00,0.3775,0.3775,0.3775,0.3775,16.94
2025-01-18 07:55:00,0.3778,0.3781,0.3778,0.3781,294.86
2025-01-18 07:56:00,0.3779,0.3779,0.3777,0.3778,151.98
2025-01-18 07:57:00,0.3774,0.3774,0.3774,0.3774,16.91
2025-01-18 07:58:00,0.3777,0.3778,0.3775,0.3775,546.4
2025-01-18 07:59:00,0.3775,0.3775,0.3773,0.3773,7558.28
2025-01-18 08:00:00,0.3769,0.3769,0.3761,0.3761,1736.05
2025-01-18 08:01:00,0.3762,0.3762,0.3756,0.3757,665.09
2025-01-18 08:02:00,0.3757,0.3759,0.3754,0.3755,2879.97
2025-01-18 08:03:00,0.3756,0.3756,0.3748,0.3754,5053.42
2025-01-18 08:04:00,0.3748,0.3748,0.3744,0.3744,2057.32
2025-01-18 08:05:00,0.3744,0.3744,0.3742,0.3742,789.16
2025-01-18 08:06:00,0.3751,0.3751,0.3747,0.3747,363.2
2025-01-18 08:07:00,0.3742,0.3743,0.3737,0.3737,9913.59
2025-01-18 08:08:00,0.3737,0.3739,0.3728,0.373,23756.06
2025-01-18 08:09:00,0.3726,0.3737,0.3726,0.3733,1571.51
2025-01-18 08:10:00,0.3727,0.3742,0.3726,0.3737,2074.52
2025-01-18 08:11:00,0.374,0.3757,0.374,0.3757,6436.37
2025-01-18 08:12:00,0.3758,0.3758,0.375,0.3755,928.58
2025-01-18 08:13:00,0.3755,0.3764,0.3755,0.3761,2141.57
2025-01-18 08:14:00,0.3762,0.3762,0.3753,0.3761,2723.94
2025-01-18 08:15:00,0.3763,0.3767,0.3763,0.3763,2348.64
2025-01-18 08:16:00,0.3761,0.3772,0.376,0.3772,8470.05
2025-01-18 08:17:00,0.3772,0.3772,0.3759,0.3759,1173.9
2025-01-18 08:18:00,0.3756,0.3757,0.3751,0.3751,4987.63
2025-01-18 08:19:00,0.3751,0.3751,0.3746,0.3746,180.71
2025-01-18 08:20:00,0.3746,0.3746,0.3737,0.3737,15926.43
2025-01-18 08:21:00,0.3738,0.374,0.3735,0.3735,1179.49
2025-01-18 08:22:00,0.3735,0.3738,0.3733,0.3734,3376.06
2025-01-18 08:23:00,0.3733,0.3733,0.3726,0.3726,127.37
2025-01-18 08:24:00,0.3727,0.374,0.3727,0.3737,3870.28
2025-01-18 08:25:00,0.3739,0.3751,0.3739,0.3751,5782.78
2025-01-18 08:26:00,0.3753,0.3755,0.375,0.3755,1862.27
2025-01-18 08:27:00,0.3754,0.3759,0.3752,0.3759,1882.89
2025-01-18 08:28:00,0.3761,0.3764,0.3754,0.3764,3172.25
2025-01-18 08:29:00,0.3761,0.3763,0.376,0.3763,124.6
2025-01-18 08:30:00,0.3766,0.377,0.3763,0.3767,2323.83
2025-01-18 08:31:00,0.3772,0.3774,0.3766,0.3766,1081.44
2025-01-18 08:32:00,0.3767,0.3767,0.3764,0.3765,1132.13
2025-01-18 08:33:00,0.3764,0.3775,0.3764,0.3773,2108.15
2025-01-18 08:34:00,0.3776,0.378,0.3773,0.3773,1908.85
2025-01-18 08:35:00,0.3774,0.3776,0.3774,0.3776,989.99
2025-01-18 08:36:00,0.3779,0.3781,0.3774,0.3774,1465.59
2025-01-18 08:37:00,0.3775,0.3781,0.3775,0.378,3889.15
2025-01-18 08:38:00,0.3784,0.3784,0.3779,0.378,429.8
2025-01-18 08:39:00,0.378,0.378,0.3778,0.378,174.26
2025-01-18 08:40:00,0.3779,0.3779,0.3776,0.3777,161.78
2025-01-18 08:41:00,0.3782,0.3782,0.3782,0.3782,265.79
2025-01-18 08:42:00,0.3778,0.3778,0.3776,0.3776,563.23
2025-01-18 08:43:00,0.3782,0.3783,0.3781,0.3783,2239.27
2025-01-18 08:44:00,0.3782,0.3786,0.3782,0.3785,462.6
2025-01-18 08:45:00,0.3783,0.3785,0.3774,0.3776,15596.82
2025-01-18 08:46:00,0.3775,0.378,0.3773,0.378,3910.71
2025-01-18 08:47:00,0.3777,0.3782,0.3777,0.378,1087.61
2025-01-18 08:48:00,0.378,0.378,0.378,0.378,0.0
2025-01-18 08:49:00,0.3788,0.379,0.3783,0.3783,3455.37
2025-01-18 08:50:00,0.3782,0.3782,0.3778,0.3778,1170.27
2025-01-18 08:51:00,0.3778,0.378,0.3778,0.3779,999.11
2025-01-18 08:52:00,0.378,0.3787,0.378,0.3786,13808.46
2025-01-18 08:53:00,0.3787,0.3787,0.3785,0.3785,34.11
2025-01-18 08:54:00,0.3787,0.3788,0.3787,0.3788,196.86
2025-01-18 08:55:00,0.3786,0.3787,0.3781,0.3783,14818.9
2025-01-18 08:56:00,0.3784,0.3785,0.3784,0.3784,423.46
2025-01-18 08:57:00,0.3783,0.3783,0.3783,0.3783,44.0
2025-01-18 08:58:00,0.3783,0.3783,0.3783,0.3783,0.0
2025-01-18 08:59:00,0.3779,0.378,0.3773,0.3777,10430.81
2025-01-18 09:00:00,0.378,0.378,0.3773,0.3773,2096.83
2025-01-18 09:01:00,0.3778,0.3779,0.3778,0.3778,1110.92
2025-01-18 09:02:00,0.3777,0.378,0.3776,0.3779,11031.26
2025-01-18 09:03:00,0.3782,0.3782,0.3779,0.3781,839.13
2025-01-18 09:04:00,0.3778,0.3778,0.3777,0.3777,129.7
2025-01-18 09:05:00,0.3779,0.3779,0.3779,0.3779,227.53
2025-01-18 09:06:00,0.3776,0.3777,0.3775,0.3775,819.84
2025-01-18 09:07:00,0.3774,0.3774,0.3768,0.3768,997.14
2025-01-18 09:08:00,0.3769,0.3769,0.3764,0.3764,1076.39
2025-01-18 09:09:00,0.3763,0.3763,0.3761,0.3762,1802.28
2025-01-18 09:10:00,0.3759,0.3761,0.3758,0.3761,280.24
2025-01-18 09:11:00,0.3759,0.3763,0.3759,0.3763,778.85
2025-01-18 09:12:00,0.3757,0.3757,0.3755,0.3755,818.68
2025-01-18 09:13:00,0.3756,0.3759,0.3755,0.3759,4437.3
2025-01-18 09:14:00,0.3757,0.3758,0.3757,0.3758,208.55
2025-01-18 09:15:00,0.3761,0.3766,0.376,0.376,5475.4
2025-01-18 09:16:00,0.3761,0.3767,0.3761,0.3767,535.69
2025-01-18 09:17:00,0.3771,0.3773,0.377,0.377,211.68
2025-01-18 09:18:00,0.3765,0.377,0.3765,0.377,1268.53
2025-01-18 09:19:00,0.377,0.3772,0.377,0.3772,776.47
2025-01-18 09:20:00,0.377,0.3771,0.3769,0.3769,372.05
2025-01-18 09:21:00,0.3771,0.3773,0.376,0.3761,1163.82
2025-01-18 09:22:00,0.3761,0.3761,0.3758,0.3759,567.26
2025-01-18 09:23:00,0.3757,0.3757,0.3752,0.3752,704.63
2025-01-18 09:24:00,0.3753,0.3753,0.3749,0.3749,2828.49
2025-01-18 09:25:00,0.3758,0.3758,0.3754,0.3754,386.94
2025-01-18 09:26:00,0.3757,0.3757,0.3757,0.3757,139.9
2025-01-18 09:27:00,0.3759,0.3759,0.3759,0.3759,15.0
2025-01-18 09:28:00,0.3757,0.3758,0.3754,0.3754,1619.74
2025-01-18 09:29:00,0.3759,0.3759,0.3759,0.3759,461.33
2025-01-18 09:30:00,0.3757,0.3757,0.3751,0.3751,901.33
2025-01-18 09:31:00,0.3753,0.3753,0.375,0.3751,829.67
2025-01-18 09:32:00,0.3749,0.3749,0.3738,0.3739,5266.22
2025-01-18 09:33:00,0.3739,0.3745,0.3738,0.3742,1937.19
2025-01-18 09:34:00,0.3737,0.3737,0.3737,0.3737,17.07
2025-01-18 09:35:00,0.3738,0.374,0.3736,0.374,1382.41
2025-01-18 09:36:00,0.3737,0.3739,0.3735,0.3735,9506.72
2025-01-18 09:37:00,0.3734,0.3737,0.3733,0.3737,1247.32
2025-01-18 09:38:00,0.3737,0.3737,0.3737,0.3737,0.0
2025-01-18 09:39:00,0.3733,0.3734,0.3728,0.3728,5957.56
2025-01-18 09:40:00,0.3728,0.3732,0.3728,0.3732,4656.62
2025-01-18 09:41:00,0.3732,0.3738,0.3732,0.3735,990.44
2025-01-18 09:42:00,0.3733,0.3736,0.3729,0.3729,4115.97
2025-01-18 09:43:00,0.3732,0.3737,0.3732,0.3735,1119.4
2025-01-18 09:44:00,0.3737,0.3742,0.3737,0.3742,513.64
2025-01-18 09:45:00,0.3746,0.3746,0.374,0.374,81.42
2025-01-18 09:46:00,0.374,0.3743,0.3739,0.3743,2915.65
2025-01-18 09:47:00,0.3745,0.3745,0.3743,0.3743,33.35
2025-01-18 09:48:00,0.3744,0.3744,0.3741,0.3741,65.0
2025-01-18 09:49:00,0.3741,0.3741,0.3741,0.3741,0.0
2025-01-18 09:50:00,0.3749,0.3749,0.3748,0.3748,1311.7
2025-01-18 09:51:00,0.375,0.3758,0.375,0.3758,135.08
2025-01-18 09:52:00,0.3755,0.376,0.3755,0.3757,4240.58
2025-01-18 09:53:00,0.3756,0.3756,0.3753,0.3756,4242.26
2025-01-18 09:54:00,0.376,0.3762,0.3758,0.3758,4894.6
2025-01-18 09:55:00,0.3757,0.3757,0.3757,0.3757,59.0
2025-01-18 09:56:00,0.3753,0.3753,0.3751,0.3752,4683.37
2025-01-18 09:57:00,0.3749,0.3749,0.3747,0.3747,5154.74
2025-01-18 09:58:00,0.3749,0.3749,0.3749,0.3749,58.0
2025-01-18 09:59:00,0.3749,0.375,0.3749,0.375,197.68
2025-01-18 10:00:00,0.375,0.375,0.3748,0.3748,5640.18
2025-01-18 10:01:00,0.3748,0.3748,0.3744,0.3744,7301.12
2025-01-18 10:02:00,0.3745,0.3754,0.3745,0.3753,2706.18
2025-01-18 10:03:00,0.3756,0.3757,0.3752,0.3756,3765.33
2025-01-18 10:04:00,0.3757,0.3767,0.3757,0.3767,3618.81
2025-01-18 10:05:00,0.3765,0.3768,0.376,0.376,14276.35
2025-01-18 10:06:00,0.3761,0.3763,0.3758,0.3763,5281.23
2025-01-18 10:07:00,0.3764,0.3768,0.3764,0.3766,3113.96
2025-01-18 10:08:00,0.3766,0.3769,0.3766,0.3766,4078.11
2025-01-18 10:09:00,0.3769,0.3769,0.3768,0.3768,892.7
2025-01-18 10:10:00,0.3762,0.3766,0.3758,0.3758,39940.54
2025-01-18 10:11:00,0.376,0.376,0.3747,0.3747,19276.25
2025-01-18 10:12:00,0.3749,0.3752,0.3746,0.3752,4995.45
2025-01-18 10:13:00,0.3754,0.3754,0.3742,0.3743,6911.64
2025-01-18 10:14:00,0.3742,0.3754,0.3742,0.3745,20448.82
2025-01-18 10:15:00,0.3746,0.3753,0.3746,0.3753,1206.61
2025-01-18 10:16:00,0.3753,0.3758,0.3752,0.3752,891.43
2025-01-18 10:17:00,0.3759,0.3763,0.3759,0.3763,214.23
2025-01-18 10:18:00,0.3763,0.3763,0.3763,0.3763,0.0
2025-01-18 10:19:00,0.3753,0.3753,0.3753,0.3753,709.82
2025-01-18 10:20:00,0.3745,0.3745,0.3743,0.3743,213.0
2025-01-18 10:21:00,0.3738,0.3745,0.3738,0.3745,1179.95
2025-01-18 10:22:00,0.3737,0.3737,0.3736,0.3736,217.44
2025-01-18 10:23:00,0.3738,0.3748,0.3738,0.3748,125.93
2025-01-18 10:24:00,0.3747,0.3747,0.3743,0.3745,460.91
2025-01-18 10:25:00,0.3752,0.3757,0.3752,0.3756,857.08
2025-01-18 10:26:00,0.376,0.376,0.3758,0.3758,380.61
2025-01-18 10:27:00,0.3757,0.3761,0.3757,0.3759,662.01
2025-01-18 10:28:00,0.3754,0.3754,0.3748,0.375,932.31
2025-01-18 10:29:00,0.3751,0.3751,0.3751,0.3751,151.72
2025-01-18 10:30:00,0.3752,0.3752,0.3748,0.375,1685.16
2025-01-18 10:31:00,0.3742,0.3742,0.3742,0.3742,17.04
2025-01-18 10:32:00,0.3746,0.3746,0.3746,0.3746,17.02
2025-01-18 10:33:00,0.3742,0.3748,0.3739,0.3745,15359.64
2025-01-18 10:34:00,0.3745,0.375,0.3745,0.375,6764.35
2025-01-18 10:35:00,0.3752,0.3752,0.375,0.3751,1779.19
2025-01-18 10:36:00,0.3748,0.3752,0.3744,0.3752,8138.74
2025-01-18 10:37:00,0.3751,0.3755,0.3744,0.3745,3073.88
2025-01-18 10:38:00,0.3745,0.3746,0.3736,0.374,5318.05
2025-01-18 10:39:00,0.3735,0.3737,0.373,0.373,2368.53
2025-01-18 10:40:00,0.3725,0.3731,0.3725,0.3728,1011.31
2025-01-18 10:41:00,0.3725,0.3732,0.3725,0.3728,1594.51
2025-01-18 10:42:00,0.3735,0.3745,0.3735,0.3745,2513.37
2025-01-18 10:43:00,0.374,0.3741,0.374,0.3741,243.86
2025-01-18 10:44:00,0.3738,0.3744,0.3738,0.374,506.69
2025-01-18 10:45:00,0.3734,0.3735,0.3728,0.3728,998.42
2025-01-18 10:46:00,0.3725,0.3725,0.3716,0.3719,3857.69
2025-01-18 10:47:00,0.3718,0.3721,0.3716,0.3717,1599.07
2025-01-18 10:48:00,0.3722,0.373,0.3722,0.3729,2970.03
2025-01-18 10:49:00,0.3732,0.3739,0.3728,0.3739,1641.7
2025-01-18 10:50:00,0.374,0.3743,0.3738,0.3743,2451.23
2025-01-18 10:51:00,0.3748,0.3748,0.3748,0.3748,762.04
2025-01-18 10:52:00,0.3746,0.3747,0.3746,0.3747,546.51
2025-01-18 10:53:00,0.3748,0.375,0.3748,0.3748,1455.36
2025-01-18 10:54:00,0.3749,0.3757,0.3749,0.3757,1123.32
2025-01-18 10:55:00,0.3758,0.3759,0.3756,0.3758,3142.99
2025-01-18 10:56:00,0.3758,0.3758,0.3758,0.3758,31.11
2025-01-18 10:57:00,0.3761,0.3764,0.3759,0.3759,3395.52
2025-01-18 10:58:00,0.3761,0.3763,0.3761,0.3763,61.12
2025-01-18 10:59:00,0.3758,0.3758,0.3754,0.3754,2079.21
2025-01-18 11:00:00,0.3752,0.3754,0.3747,0.3747,9640.78
2025-01-18 11:01:00,0.3747,0.375,0.3745,0.3749,5214.24
2025-01-18 11:02:00,0.3748,0.3749,0.3745,0.3746,5312.02
2025-01-18 11:03:00,0.3749,0.3749,0.3745,0.3745,290.47
2025-01-18 11:04:00,0.3743,0.3745,0.3743,0.3743,3164.85
2025-01-18 11:05:00,0.3741,0.3741,0.3731,0.3741,3159.14
2025-01-18 11:06:00,0.3738,0.3739,0.3728,0.373,3130.81
2025-01-18 11:07:00,0.3725,0.3729,0.3723,0.3723,1684.55
2025-01-18 11:08:00,0.3728,0.3731,0.3728,0.3731,1290.33
2025-01-18 11:09:00,0.3728,0.3733,0.3728,0.3733,1329.15
2025-01-18 11:10:00,0.3736,0.3736,0.3731,0.3731,4113.82
2025-01-18 11:11:00,0.3731,0.3731,0.3731,0.3731,17.09
2025-01-18 11:12:00,0.3734,0.3734,0.3734,0.3734,17.07
2025-01-18 11:13:00,0.3742,0.3744,0.3739,0.3739,595.2
2025-01-18 11:14:00,0.3738,0.3738,0.3733,0.3737,1643.79
2025-01-18 11:15:00,0.3743,0.3743,0.3741,0.3741,75.95
2025-01-18 11:16:00,0.3742,0.3742,0.3739,0.3739,431.91
2025-01-18 11:17:00,0.3738,0.3748,0.3738,0.3748,210.77
2025-01-18 11:18:00,0.3747,0.3747,0.3747,0.3747,17.04
2025-01-18 11:19:00,0.3741,0.3742,0.3741,0.3742,1353.49
2025-01-18 11:20:00,0.3742,0.3744,0.3742,0.3744,711.57
2025-01-18 11:21:00,0.3746,0.3747,0.3746,0.3746,1788.32
2025-01-18 11:22:00,0.3748,0.3749,0.3748,0.3748,1535.05
2025-01-18 11:23:00,0.3746,0.3746,0.3746,0.3746,17.04
2025-01-18 11:24:00,0.3751,0.3758,0.3751,0.3758,403.45
2025-01-18 11:25:00,0.3765,0.3768,0.3765,0.3768,239.88
2025-01-18 11:26:00,0.3766,0.3766,0.3757,0.3762,17645.88
2025-01-18 11:27:00,0.376,0.3761,0.3759,0.3759,96.38
2025-01-18 11:28:00,0.3757,0.3757,0.3757,0.3757,16.99
2025-01-18 11:29:00,0.376,0.3765,0.376,0.3765,1401.36
2025-01-18 11:30:00,0.3762,0.3763,0.3753,0.3754,1236.6
2025-01-18 11:31:00,0.3754,0.3754,0.3749,0.3751,267.4
2025-01-18 11:32:00,0.3751,0.3751,0.3748,0.3748,407.5
2025-01-18 11:33:00,0.3751,0.3751,0.375,0.375,35.88
2025-01-18 11:34:00,0.3754,0.3755,0.3752,0.3755,165.71
2025-01-18 11:35:00,0.3755,0.3755,0.375,0.375,215.02
2025-01-18 11:36:00,0.3748,0.3755,0.3747,0.3755,4767.21
2025-01-18 11:37:00,0.3761,0.3763,0.3761,0.3763,306.54
2025-01-18 11:38:00,0.3765,0.377,0.3765,0.377,517.66
2025-01-18 11:39:00,0.3766,0.3767,0.3766,0.3767,3432.27
2025-01-18 11:40:00,0.3766,0.3767,0.3766,0.3767,26.89
2025-01-18 11:41:00,0.3769,0.378,0.3769,0.378,6303.18
2025-01-18 11:42:00,0.3783,0.3788,0.3783,0.3788,3502.58
2025-01-18 11:43:00,0.3788,0.379,0.3788,0.3788,1093.89
2025-01-18 11:44:00,0.379,0.3798,0.379,0.3795,696.3
2025-01-18 11:45:00,0.3793,0.3802,0.3791,0.38,1110.14
2025-01-18 11:46:00,0.38,0.38,0.3797,0.3799,4262.49
2025-01-18 11:47:00,0.38,0.3802,0.3797,0.3802,3596.44
2025-01-18 11:48:00,0.3797,0.3797,0.3795,0.3795,11801.76
2025-01-18 11:49:00,0.3793,0.3793,0.3793,0.3793,96.21
2025-01-18 11:50:00,0.379,0.379,0.3788,0.3789,659.51
2025-01-18 11:51:00,0.3788,0.3788,0.3784,0.3787,9223.82
2025-01-18 11:52:00,0.3785,0.3785,0.3784,0.3784,1562.22
2025-01-18 11:53:00,0.3786,0.3786,0.3786,0.3786,87.75
2025-01-18 11:54:00,0.3787,0.3787,0.3787,0.3787,93.7
2025-01-18 11:55:00,0.379,0.379,0.379,0.379,90.02
2025-01-18 11:56:00,0.3795,0.3796,0.3795,0.3796,306.23
2025-01-18 11:57:00,0.3799,0.3801,0.3799,0.38,579.79
2025-01-18 11:58:00,0.3794,0.3794,0.3793,0.3793,741.91
2025-01-18 11:59:00,0.3797,0.3797,0.3797,0.3797,315.36
2025-01-18 12:00:00,0.3793,0.3794,0.3792,0.3792,229.6
2025-01-18 12:01:00,0.3787,0.3787,0.3787,0.3787,441.75
2025-01-18 12:02:00,0.3782,0.3784,0.3782,0.3784,201.07
2025-01-18 12:03:00,0.3784,0.3784,0.3784,0.3784,0.0
2025-01-18 12:04:00,0.3791,0.3792,0.3791,0.3792,109.48
2025-01-18 12:05:00,0.3802,0.3802,0.3802,0.3802,54.33
2025-01-18 12:06:00,0.38,0.3805,0.3798,0.3805,497.15
2025-01-18 12:07:00,0.3805,0.3807,0.3802,0.3802,2385.27
2025-01-18 12:08:00,0.3799,0.3802,0.3799,0.3802,2155.96
2025-01-18 12:09:00,0.3796,0.3798,0.3796,0.3796,82.25
2025-01-18 12:10:00,0.3799,0.3803,0.3798,0.3798,1500.89
2025-01-18 12:11:00,0.3795,0.3797,0.3795,0.3795,1954.14
2025-01-18 12:12:00,0.3795,0.3795,0.3795,0.3795,136.26
2025-01-18 12:13:00,0.3795,0.3795,0.3795,0.3795,0.0
2025-01-18 12:14:00,0.3788,0.3788,0.3788,0.3788,546.19
2025-01-18 12:15:00,0.3788,0.3788,0.3788,0.3788,0.0
2025-01-18 12:16:00,0.3787,0.3787,0.3784,0.3784,215.33
2025-01-18 12:17:00,0.379,0.379,0.3789,0.3789,176.02
2025-01-18 12:18:00,0.3787,0.3787,0.3787,0.3787,365.0
2025-01-18 12:19:00,0.3784,0.3785,0.3784,0.3785,2823.24
2025-01-18 12:20:00,0.3785,0.3786,0.3785,0.3786,206.37
2025-01-18 12:21:00,0.3789,0.3794,0.3789,0.3794,1136.15
2025-01-18 12:22:00,0.379,0.379,0.3788,0.3789,196.88
2025-01-18 12:23:00,0.3791,0.3791,0.3789,0.3789,146.61
2025-01-18 12:24:00,0.3789,0.379,0.3787,0.3789,1409.21
2025-01-18 12:25:00,0.3783,0.3783,0.3783,0.3783,82.31
2025-01-18 12:26:00,0.3778,0.3782,0.3778,0.3782,277.4
2025-01-18 12:27:00,0.3777,0.3777,0.3773,0.3773,3612.98
2025-01-18 12:28:00,0.3771,0.3771,0.377,0.377,604.96
2025-01-18 12:29:00,0.3771,0.3771,0.3767,0.3767,824.29
2025-01-18 12:30:00,0.3767,0.3767,0.3767,0.3767,0.0
2025-01-18 12:31:00,0.3777,0.3777,0.3773,0.3774,677.36
2025-01-18 12:32:00,0.3769,0.3771,0.3769,0.3769,321.57
2025-01-18 12:33:00,0.3765,0.3765,0.376,0.3762,821.52
2025-01-18 12:34:00,0.3756,0.3756,0.3756,0.3756,50.3
2025-01-18 12:35:00,0.3754,0.3755,0.3754,0.3755,385.01
2025-01-18 12:36:00,0.3752,0.3752,0.3749,0.3749,141.82
2025-01-18 12:37:00,0.3748,0.3752,0.3748,0.3752,371.61
2025-01-18 12:38:00,0.3752,0.3752,0.3752,0.3752,0.0
2025-01-18 12:39:00,0.3747,0.3747,0.3747,0.3747,121.71
2025-01-18 12:40:00,0.3757,0.3757,0.3757,0.3757,56.65
2025-01-18 12:41:00,0.3757,0.3759,0.3757,0.3759,249.95
2025-01-18 12:42:00,0.3758,0.3759,0.3755,0.3759,1885.02
2025-01-18 12:43:00,0.3756,0.3756,0.3756,0.3756,41.48
2025-01-18 12:44:00,0.3759,0.3759,0.3759,0.3759,82.28
2025-01-18 12:45:00,0.3759,0.3759,0.3759,0.3759,0.0
2025-01-18 12:46:00,0.3756,0.3756,0.3756,0.3756,239.61
2025-01-18 12:47:00,0.3758,0.3758,0.3756,0.3756,718.37
2025-01-18 12:48:00,0.376,0.3761,0.376,0.3761,368.1
2025-01-18 12:49:00,0.3761,0.3761,0.3761,0.3761,0.0
2025-01-18 12:50:00,0.3764,0.3769,0.3764,0.3768,1059.3
2025-01-18 12:51:00,0.3768,0.3768,0.3768,0.3768,0.0
2025-01-18 12:52:00,0.3766,0.3768,0.3764,0.3768,2759.86
2025-01-18 12:53:00,0.3771,0.3771,0.3768,0.3768,2478.26
2025-01-18 12:54:00,0.3763,0.3763,0.3763,0.3763,16.95
2025-01-18 12:55:00,0.3765,0.3765,0.3765,0.3765,27.11
2025-01-18 12:56:00,0.3765,0.3765,0.3762,0.3764,101.96
2025-01-18 12:57:00,0.3764,0.3764,0.3764,0.3764,0.0
2025-01-18 12:58:00,0.3761,0.3763,0.3761,0.3762,3857.02
2025-01-18 12:59:00,0.3761,0.3763,0.3761,0.3763,208.97
2025-01-18 13:00:00,0.3763,0.3766,0.376,0.376,1522.96
2025-01-18 13:01:00,0.3762,0.3771,0.3762,0.377,7400.44
2025-01-18 13:02:00,0.3773,0.3773,0.3765,0.3766,22134.8
2025-01-18 13:03:00,0.3765,0.3765,0.3753,0.3753,18926.0
2025-01-18 13:04:00,0.3754,0.3757,0.3753,0.3753,3813.61
2025-01-18 13:05:00,0.3749,0.3754,0.3749,0.3752,28684.04
2025-01-18 13:06:00,0.3751,0.3751,0.375,0.375,22788.2
2025-01-18 13:07:00,0.375,0.3753,0.375,0.375,3843.25
2025-01-18 13:08:00,0.375,0.375,0.3742,0.3745,128140.86
2025-01-18 13:09:00,0.3742,0.3742,0.3739,0.374,9598.75
2025-01-18 13:10:00,0.3743,0.3748,0.3743,0.3748,1758.08
2025-01-18 13:11:00,0.3753,0.3753,0.3753,0.3753,1217.1
2025-01-18 13:12:00,0.375,0.3754,0.375,0.3754,467.75
2025-01-18 13:13:00,0.3753,0.3754,0.3753,0.3754,2442.43
2025-01-18 13:14:00,0.3751,0.3751,0.3751,0.3751,40.02
2025-01-18 13:15:00,0.3752,0.3752,0.3746,0.3746,151.03
2025-01-18 13:16:00,0.3746,0.3749,0.3746,0.3749,848.66
2025-01-18 13:17:00,0.3749,0.3751,0.3749,0.3751,586.76
2025-01-18 13:18:00,0.3753,0.3757,0.3752,0.3757,1169.28
2025-01-18 13:19:00,0.3757,0.3757,0.3757,0.3757,0.0
2025-01-18 13:20:00,0.3759,0.3763,0.3759,0.3762,2562.62
2025-01-18 13:21:00,0.3763,0.3768,0.3763,0.3765,1045.6
2025-01-18 13:22:00,0.3765,0.3765,0.3765,0.3765,0.0
2025-01-18 13:23:00,0.3762,0.3762,0.3762,0.3762,193.67
2025-01-18 13:24:00,0.3762,0.3762,0.3762,0.3762,13.29
2025-01-18 13:25:00,0.3762,0.3769,0.3762,0.3769,2934.22
2025-01-18 13:26:00,0.3765,0.3765,0.3765,0.3765,21.16
2025-01-18 13:27:00,0.3762,0.3765,0.3762,0.3765,165.62
2025-01-18 13:28:00,0.3765,0.3765,0.3765,0.3765,0.0
2025-01-18 13:29:00,0.3766,0.3766,0.3758,0.3758,5534.88
2025-01-18 13:30:00,0.3765,0.3766,0.376,0.3763,1834.97
2025-01-18 13:31:00,0.3765,0.3773,0.3765,0.3773,627.03
2025-01-18 13:32:00,0.3774,0.3788,0.3774,0.3784,55792.19
2025-01-18 13:33:00,0.3781,0.3787,0.378,0.3784,9114.46
2025-01-18 13:34:00,0.3782,0.3784,0.3782,0.3784,848.51
2025-01-18 13:35:00,0.3785,0.3786,0.3785,0.3786,6553.64
2025-01-18 13:36:00,0.3788,0.3788,0.3784,0.3784,4806.15
2025-01-18 13:37:00,0.3788,0.3789,0.3788,0.3789,291.88
2025-01-18 13:38:00,0.3788,0.3788,0.3788,0.3788,84.94
2025-01-18 13:39:00,0.3782,0.3782,0.3782,0.3782,77.8
2025-01-18 13:40:00,0.3779,0.3785,0.3779,0.3785,766.02
2025-01-18 13:41:00,0.3782,0.3782,0.3779,0.378,1086.01
2025-01-18 13:42:00,0.3781,0.3783,0.3781,0.3783,42.05
2025-01-18 13:43:00,0.3786,0.3786,0.3786,0.3786,111.0
2025-01-18 13:44:00,0.3787,0.379,0.3787,0.379,359.45
2025-01-18 13:45:00,0.3789,0.3793,0.3789,0.3792,2632.06
2025-01-18 13:46:00,0.3796,0.3797,0.3795,0.3796,327.3
2025-01-18 13:47:00,0.3792,0.3792,0.3791,0.3792,8329.68
2025-01-18 13:48:00,0.3791,0.3791,0.3787,0.3787,17724.7
2025-01-18 13:49:00,0.3793,0.3793,0.3792,0.3792,245.41
2025-01-18 13:50:00,0.3787,0.3787,0.3784,0.3785,7605.25
2025-01-18 13:51:00,0.3784,0.3786,0.3783,0.3786,809.93
2025-01-18 13:52:00,0.3786,0.3786,0.3786,0.3786,0.0
2025-01-18 13:53:00,0.3786,0.3786,0.3786,0.3786,0.0
2025-01-18 13:54:00,0.3786,0.3786,0.3786,0.3786,0.0
2025-01-18 13:55:00,0.3779,0.3779,0.3779,0.3779,692.64
2025-01-18 13:56:00,0.3781,0.3786,0.3781,0.3785,2618.76
2025-01-18 13:57:00,0.3787,0.3789,0.3785,0.3789,6767.74
2025-01-18 13:58:00,0.3793,0.3796,0.3793,0.3796,1655.42
2025-01-18 13:59:00,0.3796,0.3799,0.3796,0.3799,945.81
2025-01-18 14:00:00,0.3796,0.3797,0.3796,0.3796,517.7
2025-01-18 14:01:00,0.3796,0.3802,0.3791,0.3802,5763.46
2025-01-18 14:02:00,0.3801,0.3801,0.3795,0.3796,2140.86
2025-01-18 14:03:00,0.3796,0.3799,0.3794,0.3794,594.76
2025-01-18 14:04:00,0.3796,0.3796,0.3795,0.3795,1077.37
2025-01-18 14:05:00,0.3796,0.38,0.3796,0.3798,3437.98
2025-01-18 14:06:00,0.3797,0.3797,0.3796,0.3796,103.97
2025-01-18 14:07:00,0.3795,0.3796,0.379,0.379,445.77
2025-01-18 14:08:00,0.379,0.379,0.379,0.379,900.45
2025-01-18 14:09:00,0.3784,0.3789,0.3784,0.3789,441.0
2025-01-18 14:10:00,0.3786,0.3786,0.3786,0.3786,41.0
2025-01-18 14:11:00,0.3788,0.3788,0.3786,0.3786,149.23
2025-01-18 14:12:00,0.3788,0.3789,0.3788,0.3789,53.5
2025-01-18 14:13:00,0.3788,0.3788,0.3786,0.3787,3026.17
2025-01-18 14:14:00,0.3786,0.3789,0.3786,0.3789,2794.19
2025-01-18 14:15:00,0.3787,0.3788,0.3787,0.3788,135.96
2025-01-18 14:16:00,0.3785,0.3785,0.3776,0.3776,403.63
2025-01-18 14:17:00,0.3783,0.3783,0.3783,0.3783,264.09
2025-01-18 14:18:00,0.3782,0.3783,0.3781,0.3783,6023.23
2025-01-18 14:19:00,0.3782,0.3785,0.3782,0.3785,1493.74
2025-01-18 14:20:00,0.3787,0.3787,0.3783,0.3783,197.85
2025-01-18 14:21:00,0.3783,0.3783,0.3783,0.3783,0.0
2025-01-18 14:22:00,0.3783,0.3783,0.3783,0.3783,793.02
2025-01-18 14:23:00,0.3783,0.3783,0.3783,0.3783,0.0
2025-01-18 14:24:00,0.3783,0.3783,0.3783,0.3783,0.0
2025-01-18 14:25:00,0.3781,0.3781,0.3772,0.3775,8439.26
2025-01-18 14:26:00,0.3772,0.3772,0.3772,0.3772,58.0
2025-01-18 14:27:00,0.3773,0.3777,0.3773,0.3776,10439.53
2025-01-18 14:28:00,0.3774,0.3774,0.3773,0.3773,101.63
2025-01-18 14:29:00,0.3773,0.3773,0.3773,0.3773,0.0
2025-01-18 14:30:00,0.3773,0.3775,0.3771,0.3775,250.48
2025-01-18 14:31:00,0.3777,0.3777,0.3769,0.3769,62.56
2025-01-18 14:32:00,0.3769,0.3772,0.3769,0.3772,1929.9
2025-01-18 14:33:00,0.3767,0.3767,0.3767,0.3767,263.27
2025-01-18 14:34:00,0.376,0.376,0.3756,0.3756,1346.58
2025-01-18 14:35:00,0.3749,0.3752,0.3748,0.3752,5177.71
2025-01-18 14:36:00,0.3754,0.3754,0.3746,0.3747,1212.78
2025-01-18 14:37:00,0.3747,0.3747,0.3747,0.3747,0.0
2025-01-18 14:38:00,0.3747,0.3747,0.3746,0.3746,1200.0
2025-01-18 14:39:00,0.374,0.374,0.3736,0.3739,1782.14
2025-01-18 14:40:00,0.374,0.374,0.374,0.374,265.74
2025-01-18 14:41:00,0.3742,0.3746,0.374,0.3742,9442.25
2025-01-18 14:42:00,0.374,0.3744,0.374,0.3744,748.24
2025-01-18 14:43:00,0.3743,0.3743,0.3743,0.3743,120.62
2025-01-18 14:44:00,0.3743,0.3743,0.3743,0.3743,0.0
2025-01-18 14:45:00,0.374,0.374,0.374,0.374,115.75
2025-01-18 14:46:00,0.3743,0.3747,0.3743,0.3747,1344.19
2025-01-18 14:47:00,0.3746,0.3751,0.3746,0.3751,909.61
2025-01-18 14:48:00,0.3751,0.3751,0.3751,0.3751,1354.05
2025-01-18 14:49:00,0.375,0.3757,0.375,0.3757,2222.37
2025-01-18 14:50:00,0.3758,0.3758,0.3753,0.3753,127.21
2025-01-18 14:51:00,0.3751,0.3751,0.3748,0.3751,2768.41
2025-01-18 14:52:00,0.3749,0.3749,0.3746,0.3746,1093.97
2025-01-18 14:53:00,0.3746,0.3746,0.3744,0.3744,438.46
2025-01-18 14:54:00,0.3744,0.3744,0.3744,0.3744,125.18
2025-01-18 14:55:00,0.3748,0.3748,0.3748,0.3748,333.42
2025-01-18 14:56:00,0.3743,0.3743,0.374,0.374,6723.62
2025-01-18 14:57:00,0.374,0.374,0.374,0.374,0.0
2025-01-18 14:58:00,0.3744,0.3744,0.3744,0.3744,24.31
2025-01-18 14:59:00,0.3744,0.3744,0.3744,0.3744,0.0
2025-01-18 15:00:00,0.3744,0.3744,0.3744,0.3744,0.0
2025-01-18 15:01:00,0.3735,0.3735,0.3727,0.373,6208.71
2025-01-18 15:02:00,0.3728,0.3728,0.372,0.372,6067.83
2025-01-18 15:03:00,0.3719,0.372,0.3719,0.372,426.02
2025-01-18 15:04:00,0.3721,0.3721,0.372,0.372,909.08
2025-01-18 15:05:00,0.372,0.3726,0.3717,0.3726,585.48
2025-01-18 15:06:00,0.3731,0.3731,0.3731,0.3731,17.07
2025-01-18 15:07:00,0.3724,0.3724,0.3724,0.3724,729.33
2025-01-18 15:08:00,0.3731,0.3735,0.3731,0.3735,1358.68
2025-01-18 15:09:00,0.3736,0.3736,0.3735,0.3735,111.67
2025-01-18 15:10:00,0.3735,0.3735,0.3735,0.3735,0.0
2025-01-18 15:11:00,0.3739,0.3739,0.3739,0.3739,144.99
2025-01-18 15:12:00,0.3739,0.3743,0.3739,0.3743,509.0
2025-01-18 15:13:00,0.3747,0.3747,0.3747,0.3747,157.87
2025-01-18 15:14:00,0.3749,0.375,0.3749,0.3749,129.69
2025-01-18 15:15:00,0.3752,0.3753,0.3752,0.3753,40.11
2025-01-18 15:16:00,0.3751,0.3754,0.3751,0.3754,49.02
2025-01-18 15:17:00,0.3754,0.3763,0.3754,0.3758,3072.55
2025-01-18 15:18:00,0.3758,0.3758,0.3756,0.3756,70.64
2025-01-18 15:19:00,0.3755,0.3765,0.3755,0.3765,275.64
2025-01-18 15:20:00,0.3767,0.3778,0.3767,0.3777,2773.18
2025-01-18 15:21:00,0.3774,0.3775,0.377,0.3773,2900.3
2025-01-18 15:22:00,0.3773,0.3773,0.3769,0.3769,566.86
2025-01-18 15:23:00,0.3769,0.3769,0.3769,0.3769,0.0
2025-01-18 15:24:00,0.3766,0.3771,0.3766,0.3771,2197.33
2025-01-18 15:25:00,0.3772,0.3776,0.3771,0.3776,343.66
2025-01-18 15:26:00,0.378,0.3783,0.3778,0.3781,673.64
2025-01-18 15:27:00,0.3782,0.3785,0.378,0.3785,5313.18
2025-01-18 15:28:00,0.3786,0.3788,0.3784,0.3788,986.44
2025-01-18 15:29:00,0.3788,0.3788,0.3784,0.3784,200.24
2025-01-18 15:30:00,0.3784,0.3784,0.3784,0.3784,0.0
2025-01-18 15:31:00,0.3778,0.3781,0.3778,0.3779,1436.84
2025-01-18 15:32:00,0.3772,0.3776,0.3771,0.3776,1749.45
2025-01-18 15:33:00,0.378,0.3788,0.378,0.3788,2439.56
2025-01-18 15:34:00,0.3788,0.3794,0.3788,0.3794,1665.92
2025-01-18 15:35:00,0.3791,0.3794,0.3791,0.3794,705.9
2025-01-18 15:36:00,0.3798,0.3802,0.3797,0.38,1077.79
2025-01-18 15:37:00,0.38,0.38,0.38,0.38,0.0
2025-01-18 15:38:00,0.3797,0.3799,0.3797,0.3799,416.33
2025-01-18 15:39:00,0.3794,0.3795,0.3794,0.3795,3139.4
2025-01-18 15:40:00,0.3789,0.3789,0.378,0.378,213.38
2025-01-18 15:41:00,0.3781,0.3791,0.3781,0.3791,4317.29
2025-01-18 15:42:00,0.3791,0.3791,0.3782,0.3782,2669.02
2025-01-18 15:43:00,0.3786,0.3789,0.3781,0.3784,27011.41
2025-01-18 15:44:00,0.3782,0.3788,0.3782,0.3788,1773.4
2025-01-18 15:45:00,0.3787,0.3789,0.3777,0.3785,28373.52
2025-01-18 15:46:00,0.3787,0.379,0.3785,0.379,6857.0
2025-01-18 15:47:00,0.3788,0.3788,0.3781,0.3781,3076.66
2025-01-18 15:48:00,0.3783,0.3785,0.3779,0.3779,4601.27
2025-01-18 15:49:00,0.3776,0.3777,0.3776,0.3777,852.13
2025-01-18 15:50:00,0.3777,0.3777,0.3774,0.3776,1373.76
2025-01-18 15:51:00,0.3774,0.378,0.3773,0.3774,67228.31
2025-01-18 15:52:00,0.3775,0.3776,0.377,0.377,610.49
2025-01-18 15:53:00,0.377,0.3772,0.3767,0.3771,1638.58
2025-01-18 15:54:00,0.3778,0.378,0.3778,0.3778,3131.82
2025-01-18 15:55:00,0.3768,0.3773,0.3768,0.3773,1012.33
2025-01-18 15:56:00,0.3767,0.3768,0.3764,0.3764,2504.25
2025-01-18 15:57:00,0.3766,0.3766,0.3758,0.3758,518.1
2025-01-18 15:58:00,0.3756,0.376,0.3755,0.3755,1164.93
2025-01-18 15:59:00,0.3756,0.3756,0.3748,0.3749,2636.47
2025-01-18 16:00:00,0.375,0.3758,0.375,0.3755,1026.43
2025-01-18 16:01:00,0.3757,0.3758,0.3747,0.3747,2337.23
2025-01-18 16:02:00,0.3746,0.3746,0.374,0.374,484.88
2025-01-18 16:03:00,0.3741,0.3755,0.3738,0.3755,3546.31
2025-01-18 16:04:00,0.3757,0.3763,0.3755,0.376,3351.72
2025-01-18 16:05:00,0.3758,0.3764,0.3756,0.376,3229.61
2025-01-18 16:06:00,0.3761,0.3767,0.376,0.3767,2446.98
2025-01-18 16:07:00,0.3761,0.3762,0.375,0.3754,3955.53
2025-01-18 16:08:00,0.3756,0.3756,0.3745,0.3756,7537.14
2025-01-18 16:09:00,0.376,0.3761,0.3744,0.3747,4873.89
2025-01-18 16:10:00,0.3749,0.3749,0.3733,0.3737,6377.01
2025-01-18 16:11:00,0.3735,0.374,0.3731,0.3736,692.86
2025-01-18 16:12:00,0.3729,0.3734,0.3724,0.373,5175.23
2025-01-18 16:13:00,0.3729,0.373,0.3721,0.3721,591.55
2025-01-18 16:14:00,0.3727,0.3746,0.3726,0.3739,11821.74
2025-01-18 16:15:00,0.3737,0.3737,0.373,0.373,1973.56
2025-01-18 16:16:00,0.3728,0.3729,0.3712,0.3714,13068.58
2025-01-18 16:17:00,0.371,0.3713,0.3703,0.3706,5963.76
2025-01-18 16:18:00,0.3703,0.3705,0.3692,0.3693,16932.23
2025-01-18 16:19:00,0.3696,0.3714,0.369,0.3711,8461.73
2025-01-18 16:20:00,0.3709,0.3711,0.3692,0.3698,17548.6
2025-01-18 16:21:00,0.37,0.3721,0.37,0.372,4763.93
2025-01-18 16:22:00,0.3721,0.3727,0.3714,0.3727,14197.69
2025-01-18 16:23:00,0.3728,0.3734,0.3727,0.3734,4352.57
2025-01-18 16:24:00,0.3735,0.3739,0.3733,0.3733,3523.19
2025-01-18 16:25:00,0.3732,0.3732,0.3725,0.373,8159.74
2025-01-18 16:26:00,0.3728,0.373,0.3723,0.373,4832.57
2025-01-18 16:27:00,0.3729,0.3732,0.3728,0.3728,5045.21
2025-01-18 16:28:00,0.3724,0.3728,0.3723,0.3728,3012.01
2025-01-18 16:29:00,0.3729,0.3729,0.3724,0.3727,3043.13
2025-01-18 16:30:00,0.3726,0.3729,0.372,0.3729,3083.78
2025-01-18 16:31:00,0.3734,0.374,0.3734,0.3739,10325.88
2025-01-18 16:32:00,0.3741,0.3743,0.3741,0.3742,562.68
2025-01-18 16:33:00,0.3739,0.3746,0.3739,0.3744,819.89
2025-01-18 16:34:00,0.3746,0.3746,0.3737,0.3742,7836.63
2025-01-18 16:35:00,0.3738,0.3738,0.3728,0.3728,311.46
2025-01-18 16:36:00,0.3727,0.3727,0.3718,0.3723,10664.97
2025-01-18 16:37:00,0.3719,0.372,0.3715,0.3718,4258.22
2025-01-18 16:38:00,0.3712,0.3712,0.3705,0.3705,7896.3
2025-01-18 16:39:00,0.3706,0.3706,0.3696,0.3698,71101.84
2025-01-18 16:40:00,0.3696,0.3704,0.3691,0.3701,7487.12
2025-01-18 16:41:00,0.3702,0.3704,0.3696,0.3696,5061.26
2025-01-18 16:42:00,0.3705,0.3714,0.3703,0.3713,6316.51
2025-01-18 16:43:00,0.3709,0.3713,0.3708,0.371,3941.16
2025-01-18 16:44:00,0.3708,0.3711,0.3708,0.3709,148.43
2025-01-18 16:45:00,0.3705,0.3717,0.3705,0.3717,1247.75
2025-01-18 16:46:00,0.3719,0.3723,0.3712,0.3716,2843.03
2025-01-18 16:47:00,0.3716,0.3716,0.3714,0.3714,1274.64
2025-01-18 16:48:00,0.3714,0.3714,0.3711,0.3714,1124.59
2025-01-18 16:49:00,0.37,0.37,0.37,0.37,1723.72
2025-01-18 16:50:00,0.3697,0.3699,0.369,0.369,519.4
2025-01-18 16:51:00,0.3691,0.3691,0.369,0.369,91.0
2025-01-18 16:52:00,0.3694,0.3694,0.3683,0.3684,2990.62
2025-01-18 16:53:00,0.3683,0.369,0.3683,0.3687,3669.54
2025-01-18 16:54:00,0.3684,0.3686,0.3678,0.3684,1471.89
2025-01-18 16:55:00,0.3687,0.3702,0.3687,0.3699,14991.0
2025-01-18 16:56:00,0.3696,0.3696,0.3693,0.3694,2430.56
2025-01-18 16:57:00,0.3692,0.3692,0.3683,0.3683,320.62
2025-01-18 16:58:00,0.3682,0.3682,0.368,0.3682,694.8
2025-01-18 16:59:00,0.3678,0.3678,0.3666,0.3669,9142.57
2025-01-18 17:00:00,0.3673,0.3674,0.3669,0.367,860.6
2025-01-18 17:01:00,0.3666,0.3687,0.3665,0.3687,5410.73
2025-01-18 17:02:00,0.3684,0.3697,0.3684,0.3696,6085.35
2025-01-18 17:03:00,0.3697,0.37,0.3693,0.3693,8428.49
2025-01-18 17:04:00,0.3694,0.3694,0.3694,0.3694,830.85
2025-01-18 17:05:00,0.3696,0.3696,0.3689,0.3689,2572.76
2025-01-18 17:06:00,0.3693,0.37,0.3693,0.3695,1173.94
2025-01-18 17:07:00,0.3692,0.3692,0.3692,0.3692,133.46
2025-01-18 17:08:00,0.3688,0.3688,0.3685,0.3685,90.8
2025-01-18 17:09:00,0.3678,0.3678,0.3672,0.3672,2530.7
2025-01-18 17:10:00,0.3674,0.3674,0.3673,0.3673,643.03
2025-01-18 17:11:00,0.3679,0.3689,0.3679,0.3689,1128.85
2025-01-18 17:12:00,0.3692,0.3693,0.3692,0.3693,461.17
2025-01-18 17:13:00,0.3695,0.3703,0.3695,0.3702,703.63
2025-01-18 17:14:00,0.3703,0.3707,0.3703,0.3704,193.7
2025-01-18 17:15:00,0.3704,0.3704,0.3698,0.3703,793.66
2025-01-18 17:16:00,0.37,0.37,0.3695,0.37,10847.65
2025-01-18 17:17:00,0.3707,0.3711,0.3707,0.371,1183.65
2025-01-18 17:18:00,0.3711,0.3711,0.3705,0.3705,727.6
2025-01-18 17:19:00,0.3706,0.3709,0.3706,0.3709,330.48
2025-01-18 17:20:00,0.3709,0.3709,0.3697,0.3697,495.59
2025-01-18 17:21:00,0.3694,0.3694,0.3688,0.3692,2641.02
2025-01-18 17:22:00,0.37,0.37,0.3697,0.3698,1943.01
2025-01-18 17:23:00,0.3697,0.3698,0.3691,0.3692,261.34
2025-01-18 17:24:00,0.3692,0.3692,0.3692,0.3692,115.0
2025-01-18 17:25:00,0.3686,0.3687,0.3681,0.3687,957.06
2025-01-18 17:26:00,0.369,0.3701,0.369,0.3701,663.51
2025-01-18 17:27:00,0.3704,0.3706,0.3704,0.3705,1485.39
2025-01-18 17:28:00,0.37,0.3701,0.37,0.3701,379.62
2025-01-18 17:29:00,0.3697,0.3698,0.3697,0.3698,64.27
2025-01-18 17:30:00,0.3696,0.3696,0.3691,0.3691,81.77
2025-01-18 17:31:00,0.3697,0.37,0.3695,0.3696,705.73
2025-01-18 17:32:00,0.3696,0.3696,0.3696,0.3696,0.0
2025-01-18 17:33:00,0.3696,0.3709,0.3696,0.3708,106.44
2025-01-18 17:34:00,0.3704,0.3712,0.3704,0.3707,1100.01
2025-01-18 17:35:00,0.371,0.3713,0.371,0.3712,1072.61
2025-01-18 17:36:00,0.3713,0.3713,0.3706,0.371,739.01
2025-01-18 17:37:00,0.3708,0.3714,0.3708,0.3714,299.28
2025-01-18 17:38:00,0.3709,0.3709,0.3709,0.3709,17.18
2025-01-18 17:39:00,0.3708,0.371,0.3708,0.371,464.86
2025-01-18 17:40:00,0.3709,0.3709,0.3704,0.3704,470.99
2025-01-18 17:41:00,0.3704,0.3704,0.3704,0.3704,0.0
2025-01-18 17:42:00,0.3701,0.3701,0.369,0.369,380.11
2025-01-18 17:43:00,0.3692,0.3692,0.3683,0.3688,3954.29
2025-01-18 17:44:00,0.369,0.369,0.3685,0.369,519.07
2025-01-18 17:45:00,0.3697,0.3697,0.3697,0.3697,88.34
2025-01-18 17:46:00,0.3689,0.3692,0.3689,0.3692,3131.12
2025-01-18 17:47:00,0.3695,0.3708,0.3695,0.3708,7207.67
2025-01-18 17:48:00,0.3704,0.3704,0.37,0.37,497.77
2025-01-18 17:49:00,0.3705,0.3707,0.3703,0.3707,4074.43
2025-01-18 17:50:00,0.3697,0.3697,0.3692,0.3692,3247.47
2025-01-18 17:51:00,0.3696,0.3696,0.3695,0.3695,56.53
2025-01-18 17:52:00,0.3695,0.3695,0.3695,0.3695,0.0
2025-01-18 17:53:00,0.3695,0.3695,0.3695,0.3695,0.0
2025-01-18 17:54:00,0.3686,0.3686,0.3686,0.3686,58.0
2025-01-18 17:55:00,0.3686,0.3686,0.3686,0.3686,0.0
2025-01-18 17:56:00,0.3693,0.3694,0.3692,0.3692,2270.4
2025-01-18 17:57:00,0.3692,0.3692,0.3692,0.3692,25.21
2025-01-18 17:58:00,0.3683,0.3683,0.3678,0.3678,2490.07
2025-01-18 17:59:00,0.3675,0.3677,0.3675,0.3676,653.25
2025-01-18 18:00:00,0.3675,0.3675,0.3675,0.3675,22.84
2025-01-18 18:01:00,0.3675,0.3685,0.3675,0.3685,913.83
2025-01-18 18:02:00,0.3683,0.3685,0.3682,0.3685,1574.15
2025-01-18 18:03:00,0.3687,0.369,0.3687,0.3688,10357.17
2025-01-18 18:04:00,0.3689,0.369,0.3688,0.369,2125.58
2025-01-18 18:05:00,0.3691,0.3694,0.3688,0.369,8314.12
2025-01-18 18:06:00,0.369,0.3695,0.3686,0.3687,4541.09
2025-01-18 18:07:00,0.3691,0.3691,0.3683,0.3683,9209.54
2025-01-18 18:08:00,0.3686,0.3689,0.368,0.368,1282.96
2025-01-18 18:09:00,0.368,0.3681,0.3679,0.3681,14603.85
2025-01-18 18:10:00,0.3685,0.3686,0.3685,0.3685,1012.2
2025-01-18 18:11:00,0.3683,0.3685,0.3683,0.3684,455.77
2025-01-18 18:12:00,0.3687,0.3687,0.3681,0.3681,1305.19
2025-01-18 18:13:00,0.3683,0.3687,0.3683,0.3687,1080.34
2025-01-18 18:14:00,0.3687,0.3691,0.3687,0.3691,458.43
2025-01-18 18:15:00,0.3691,0.3694,0.3691,0.3693,785.45
2025-01-18 18:16:00,0.3689,0.3689,0.3683,0.3683,1552.18
2025-01-18 18:17:00,0.3683,0.3683,0.3672,0.3672,11278.62
2025-01-18 18:18:00,0.3673,0.3675,0.3661,0.3661,8732.31
2025-01-18 18:19:00,0.3661,0.3666,0.3653,0.3659,16357.27
2025-01-18 18:20:00,0.366,0.3663,0.366,0.366,3775.15
2025-01-18 18:21:00,0.3661,0.3676,0.3659,0.3672,16410.18
2025-01-18 18:22:00,0.3674,0.3677,0.3674,0.3675,1425.15
2025-01-18 18:23:00,0.3674,0.3674,0.3672,0.3674,1681.53
2025-01-18 18:24:00,0.3678,0.3678,0.3678,0.3678,671.44
2025-01-18 18:25:00,0.3683,0.3683,0.3683,0.3683,394.86
2025-01-18 18:26:00,0.3686,0.3687,0.3686,0.3687,3291.08
2025-01-18 18:27:00,0.3689,0.3689,0.3686,0.3688,411.87
2025-01-18 18:28:00,0.3693,0.3698,0.3693,0.3698,503.77
2025-01-18 18:29:00,0.3697,0.3697,0.3694,0.3695,3337.31
2025-01-18 18:30:00,0.3695,0.37,0.3695,0.37,1329.89
2025-01-18 18:31:00,0.3699,0.37,0.3698,0.37,342.86
2025-01-18 18:32:00,0.3702,0.3708,0.3702,0.3705,2855.88
2025-01-18 18:33:00,0.3706,0.3708,0.3705,0.3705,413.01
2025-01-18 18:34:00,0.3701,0.3701,0.3693,0.3693,1467.79
2025-01-18 18:35:00,0.3691,0.3693,0.3689,0.3693,796.35
2025-01-18 18:36:00,0.3702,0.3702,0.37,0.3701,162.82
2025-01-18 18:37:00,0.3701,0.3707,0.37,0.3705,2124.83
2025-01-18 18:38:00,0.3708,0.3709,0.3706,0.3706,3885.24
2025-01-18 18:39:00,0.3705,0.3705,0.3704,0.3704,506.34
2025-01-18 18:40:00,0.3703,0.3706,0.3703,0.3706,314.53
2025-01-18 18:41:00,0.3707,0.371,0.3707,0.371,379.77
2025-01-18 18:42:00,0.3709,0.3709,0.3703,0.3707,87892.69
2025-01-18 18:43:00,0.37,0.37,0.3697,0.3697,398.65
2025-01-18 18:44:00,0.3697,0.3699,0.3697,0.3699,422.25
2025-01-18 18:45:00,0.3698,0.37,0.3688,0.3688,19161.01
2025-01-18 18:46:00,0.3688,0.3699,0.3688,0.3699,1879.99
2025-01-18 18:47:00,0.3694,0.3697,0.3694,0.3697,780.17
2025-01-18 18:48:00,0.37,0.37,0.3692,0.3694,1421.9
2025-01-18 18:49:00,0.3692,0.3692,0.3688,0.3691,1586.42
2025-01-18 18:50:00,0.3695,0.3697,0.3694,0.3694,2874.8
2025-01-18 18:51:00,0.3691,0.3691,0.3685,0.3685,424.0
2025-01-18 18:52:00,0.3684,0.3684,0.3673,0.3674,6711.95
2025-01-18 18:53:00,0.3674,0.3674,0.3666,0.3667,236.52
2025-01-18 18:54:00,0.3665,0.3665,0.366,0.366,2760.78
2025-01-18 18:55:00,0.3656,0.3658,0.3655,0.3656,2558.25
2025-01-18 18:56:00,0.3655,0.3658,0.3654,0.3658,1026.09
2025-01-18 18:57:00,0.3661,0.3664,0.3661,0.3662,4317.29
2025-01-18 18:58:00,0.3656,0.3656,0.3656,0.3656,80.37
2025-01-18 18:59:00,0.3658,0.366,0.3656,0.3656,1152.91
2025-01-18 19:00:00,0.3664,0.3669,0.3664,0.3669,653.37
2025-01-18 19:01:00,0.3672,0.3674,0.3663,0.3663,26649.97
2025-01-18 19:02:00,0.3663,0.3663,0.3659,0.3659,4298.69
2025-01-18 19:03:00,0.3662,0.3663,0.3662,0.3663,3876.64
2025-01-18 19:04:00,0.3666,0.3666,0.3661,0.3663,5840.95
2025-01-18 19:05:00,0.3662,0.3666,0.3662,0.3666,1039.76
2025-01-18 19:06:00,0.3667,0.3669,0.3667,0.3669,1005.04
2025-01-18 19:07:00,0.3671,0.3671,0.3669,0.3669,357.65
2025-01-18 19:08:00,0.3669,0.3679,0.3669,0.3676,10724.2
2025-01-18 19:09:00,0.3677,0.3681,0.3677,0.368,3629.21
2025-01-18 19:10:00,0.3679,0.3681,0.3679,0.3681,552.5
2025-01-18 19:11:00,0.3681,0.3683,0.368,0.3683,3149.47
2025-01-18 19:12:00,0.3684,0.3687,0.3677,0.3677,7389.49
2025-01-18 19:13:00,0.3677,0.3677,0.3677,0.3677,0.0
2025-01-18 19:14:00,0.3675,0.368,0.3675,0.368,319.11
2025-01-18 19:15:00,0.3683,0.3686,0.3683,0.3686,104.28
2025-01-18 19:16:00,0.3686,0.3696,0.3686,0.3696,1212.08
2025-01-18 19:17:00,0.3692,0.3694,0.3691,0.3694,419.05
2025-01-18 19:18:00,0.3696,0.3697,0.3696,0.3697,468.29
2025-01-18 19:19:00,0.3697,0.3698,0.3697,0.3698,241.47
2025-01-18 19:20:00,0.3697,0.37,0.3693,0.3697,18709.14
2025-01-18 19:21:00,0.3696,0.37,0.3694,0.3696,34031.86
2025-01-18 19:22:00,0.3694,0.3695,0.3688,0.3688,14140.06
2025-01-18 19:23:00,0.3688,0.369,0.3685,0.3685,14219.19
2025-01-18 19:24:00,0.3684,0.3686,0.3678,0.3679,22759.92
2025-01-18 19:25:00,0.3679,0.3684,0.3679,0.3679,14694.6
2025-01-18 19:26:00,0.3678,0.3679,0.3672,0.3673,23229.65
2025-01-18 19:27:00,0.3674,0.3676,0.3672,0.3675,6865.38
2025-01-18 19:28:00,0.3677,0.368,0.3676,0.368,3055.92
2025-01-18 19:29:00,0.3677,0.3684,0.3677,0.3684,552.53
2025-01-18 19:30:00,0.3681,0.3687,0.3681,0.3687,1997.94
2025-01-18 19:31:00,0.3686,0.369,0.3684,0.3686,2943.14
2025-01-18 19:32:00,0.3689,0.3689,0.3687,0.3687,649.66
2025-01-18 19:33:00,0.3688,0.3689,0.3681,0.3682,4097.5
2025-01-18 19:34:00,0.3684,0.3686,0.3682,0.3682,12372.08
2025-01-18 19:35:00,0.368,0.3681,0.3668,0.3669,31097.46
2025-01-18 19:36:00,0.3668,0.3674,0.3668,0.3673,7459.11
2025-01-18 19:37:00,0.3676,0.3679,0.3672,0.3673,10451.98
2025-01-18 19:38:00,0.3676,0.3679,0.3676,0.3677,873.24
2025-01-18 19:39:00,0.3675,0.3677,0.3673,0.3673,15359.12
2025-01-18 19:40:00,0.368,0.3683,0.3678,0.368,5960.16
2025-01-18 19:41:00,0.3676,0.3677,0.3673,0.3673,2153.95
2025-01-18 19:42:00,0.3677,0.3677,0.3677,0.3677,50.27
2025-01-18 19:43:00,0.3682,0.3682,0.3679,0.3679,763.95
2025-01-18 19:44:00,0.3678,0.3678,0.3678,0.3678,335.13
2025-01-18 19:45:00,0.3681,0.3681,0.368,0.3681,426.8
2025-01-18 19:46:00,0.3685,0.3685,0.3684,0.3685,262.99
2025-01-18 19:47:00,0.3689,0.369,0.3688,0.3688,1166.4
2025-01-18 19:48:00,0.3685,0.3685,0.3682,0.3682,456.81
2025-01-18 19:49:00,0.3682,0.3682,0.3682,0.3682,481.7
2025-01-18 19:50:00,0.3682,0.3682,0.3681,0.3681,5766.83
2025-01-18 19:51:00,0.3677,0.3687,0.3677,0.3687,1548.6
2025-01-18 19:52:00,0.3685,0.3686,0.3683,0.3683,354.74
2025-01-18 19:53:00,0.3683,0.3684,0.3683,0.3684,298.77
2025-01-18 19:54:00,0.3684,0.3684,0.3684,0.3684,27.76
2025-01-18 19:55:00,0.3684,0.3684,0.3684,0.3684,0.0
2025-01-18 19:56:00,0.3685,0.3685,0.3681,0.3681,2086.57
2025-01-18 19:57:00,0.3682,0.3683,0.3682,0.3683,422.88
2025-01-18 19:58:00,0.3685,0.3686,0.3685,0.3686,1225.14
2025-01-18 19:59:00,0.3684,0.3684,0.3684,0.3684,26.0
2025-01-18 20:00:00,0.3684,0.3691,0.3684,0.369,3507.18
2025-01-18 20:01:00,0.3687,0.3691,0.3685,0.3685,2783.49
2025-01-18 20:02:00,0.3685,0.3685,0.3685,0.3685,585.0
2025-01-18 20:03:00,0.3681,0.3682,0.3679,0.368,2206.63
2025-01-18 20:04:00,0.3681,0.3683,0.3679,0.3679,403.11
2025-01-18 20:05:00,0.3679,0.3679,0.3676,0.3676,2061.9
2025-01-18 20:06:00,0.3674,0.3674,0.3671,0.3671,2590.13
2025-01-18 20:07:00,0.3671,0.3671,0.3671,0.3671,0.0
2025-01-18 20:08:00,0.368,0.368,0.3676,0.3676,1225.36
2025-01-18 20:09:00,0.3677,0.3677,0.367,0.3672,2527.9
2025-01-18 20:10:00,0.3674,0.3676,0.3674,0.3676,122.95
2025-01-18 20:11:00,0.3681,0.3681,0.3673,0.3673,7847.69
2025-01-18 20:12:00,0.3671,0.3671,0.367,0.3671,1477.18
2025-01-18 20:13:00,0.3672,0.3672,0.3672,0.3672,585.0
2025-01-18 20:14:00,0.3668,0.367,0.3668,0.367,644.72
2025-01-18 20:15:00,0.3668,0.3668,0.3668,0.3668,6259.17
2025-01-18 20:16:00,0.367,0.367,0.3667,0.3667,67.27
2025-01-18 20:17:00,0.3666,0.3671,0.3665,0.3671,1358.35
2025-01-18 20:18:00,0.3669,0.367,0.3668,0.3668,1428.68
2025-01-18 20:19:00,0.3667,0.3669,0.3667,0.3669,981.21
2025-01-18 20:20:00,0.3673,0.3673,0.3668,0.367,5322.43
2025-01-18 20:21:00,0.3662,0.3662,0.3661,0.3661,31.0
2025-01-18 20:22:00,0.366,0.366,0.3658,0.3658,126.42
2025-01-18 20:23:00,0.3658,0.3663,0.3658,0.3663,461.78
2025-01-18 20:24:00,0.3663,0.3666,0.3662,0.3663,6004.38
2025-01-18 20:25:00,0.3662,0.3664,0.3651,0.3651,4989.64
2025-01-18 20:26:00,0.365,0.3651,0.3644,0.3644,1171.16
2025-01-18 20:27:00,0.3645,0.3645,0.3643,0.3644,3779.01
2025-01-18 20:28:00,0.3645,0.3645,0.3645,0.3645,153.59
2025-01-18 20:29:00,0.3651,0.3655,0.3651,0.3655,697.25
2025-01-18 20:30:00,0.3659,0.3659,0.3659,0.3659,85.0
2025-01-18 20:31:00,0.3663,0.3669,0.3663,0.3669,868.58
2025-01-18 20:32:00,0.3669,0.3669,0.3669,0.3669,27.9
2025-01-18 20:33:00,0.3669,0.3669,0.3669,0.3669,0.0
2025-01-18 20:34:00,0.3669,0.367,0.3669,0.367,203.79
2025-01-18 20:35:00,0.367,0.3674,0.367,0.3674,2292.7
2025-01-18 20:36:00,0.3672,0.3672,0.3669,0.3669,109.0
2025-01-18 20:37:00,0.3668,0.3668,0.366,0.3663,2217.98
2025-01-18 20:38:00,0.3662,0.3665,0.3662,0.3665,6260.43
2025-01-18 20:39:00,0.3667,0.3669,0.3667,0.3669,1104.69
2025-01-18 20:40:00,0.367,0.3673,0.367,0.3673,1272.0
2025-01-18 20:41:00,0.3673,0.3674,0.3673,0.3673,485.0
2025-01-18 20:42:00,0.3672,0.3675,0.3672,0.3672,6094.0
2025-01-18 20:43:00,0.3672,0.3672,0.3672,0.3672,0.0
2025-01-18 20:44:00,0.3667,0.3667,0.3667,0.3667,54.75
2025-01-18 20:45:00,0.3668,0.367,0.3664,0.3667,1296.66
2025-01-18 20:46:00,0.3657,0.3657,0.3653,0.3653,626.86
2025-01-18 20:47:00,0.3653,0.3653,0.3653,0.3653,0.0
2025-01-18 20:48:00,0.3649,0.3649,0.3649,0.3649,19.81
2025-01-18 20:49:00,0.3653,0.3653,0.3653,0.3653,30.75
2025-01-18 20:50:00,0.3659,0.366,0.3659,0.366,197.42
2025-01-18 20:51:00,0.3661,0.3661,0.3661,0.3661,78.93
2025-01-18 20:52:00,0.3663,0.3664,0.3652,0.3653,1010.8
2025-01-18 20:53:00,0.3653,0.3653,0.3649,0.3649,566.04
2025-01-18 20:54:00,0.3649,0.3649,0.3646,0.3646,233.18
2025-01-18 20:55:00,0.3646,0.3651,0.3646,0.365,2595.36
2025-01-18 20:56:00,0.3647,0.3647,0.3647,0.3647,1201.2
2025-01-18 20:57:00,0.3652,0.3655,0.3652,0.3653,2058.1
2025-01-18 20:58:00,0.3654,0.3659,0.3654,0.3659,4915.09
2025-01-18 20:59:00,0.3659,0.3659,0.3659,0.3659,0.0
2025-01-18 21:00:00,0.3659,0.3664,0.3659,0.3662,3491.25
2025-01-18 21:01:00,0.3669,0.3669,0.366,0.366,44.0
2025-01-18 21:02:00,0.366,0.3662,0.366,0.3662,3215.43
2025-01-18 21:03:00,0.3659,0.3659,0.3659,0.3659,368.72
2025-01-18 21:04:00,0.3659,0.3659,0.3659,0.3659,0.0
2025-01-18 21:05:00,0.3665,0.3665,0.3663,0.3663,665.56
2025-01-18 21:06:00,0.3669,0.3671,0.3669,0.3671,313.94
2025-01-18 21:07:00,0.3673,0.3676,0.3673,0.3676,968.81
2025-01-18 21:08:00,0.3676,0.3676,0.3676,0.3676,0.0
2025-01-18 21:09:00,0.3677,0.3679,0.3675,0.3675,1382.23
2025-01-18 21:10:00,0.3675,0.368,0.3675,0.368,1060.64
2025-01-18 21:11:00,0.3682,0.3683,0.3681,0.3682,473.81
2025-01-18 21:12:00,0.3681,0.3681,0.3678,0.3678,436.39
2025-01-18 21:13:00,0.3679,0.3679,0.3678,0.3678,108.0
2025-01-18 21:14:00,0.3682,0.3683,0.3682,0.3683,140.62
2025-01-18 21:15:00,0.3683,0.3689,0.3683,0.3689,2146.51
2025-01-18 21:16:00,0.3691,0.3692,0.3691,0.3692,47.0
2025-01-18 21:17:00,0.3692,0.3692,0.3692,0.3692,0.0
2025-01-18 21:18:00,0.3692,0.3692,0.3692,0.3692,188.36
2025-01-18 21:19:00,0.3687,0.3688,0.3684,0.3684,5291.09
2025-01-18 21:20:00,0.369,0.369,0.3684,0.3686,2065.56
2025-01-18 21:21:00,0.3684,0.369,0.3684,0.3688,9726.7
2025-01-18 21:22:00,0.3688,0.3689,0.3688,0.3689,134.0
2025-01-18 21:23:00,0.3689,0.3689,0.3689,0.3689,0.0
2025-01-18 21:24:00,0.3684,0.3686,0.3684,0.3686,1955.18
2025-01-18 21:25:00,0.3687,0.3689,0.3683,0.3683,4529.41
2025-01-18 21:26:00,0.3686,0.3689,0.3686,0.3689,580.0
2025-01-18 21:27:00,0.3687,0.3687,0.3687,0.3687,87.75
2025-01-18 21:28:00,0.3683,0.3685,0.3683,0.3685,395.29
2025-01-18 21:29:00,0.3683,0.3684,0.3683,0.3684,1426.35
2025-01-18 21:30:00,0.3685,0.3685,0.3685,0.3685,28.13
2025-01-18 21:31:00,0.3676,0.3676,0.367,0.367,2953.13
2025-01-18 21:32:00,0.3669,0.3672,0.3668,0.3671,7256.99
2025-01-18 21:33:00,0.3665,0.3665,0.3665,0.3665,163.71
2025-01-18 21:34:00,0.3665,0.3669,0.3665,0.3669,5006.46
2025-01-18 21:35:00,0.3668,0.367,0.3668,0.367,791.11
2025-01-18 21:36:00,0.3669,0.3669,0.3667,0.3667,1321.72
2025-01-18 21:37:00,0.367,0.367,0.3669,0.367,1081.36
2025-01-18 21:38:00,0.3669,0.3673,0.3669,0.3673,1162.07
2025-01-18 21:39:00,0.3674,0.3674,0.3671,0.3672,5429.1
2025-01-18 21:40:00,0.3672,0.3674,0.3671,0.3674,1402.62
2025-01-18 21:41:00,0.367,0.367,0.367,0.367,1148.57
2025-01-18 21:42:00,0.3674,0.3674,0.3674,0.3674,845.49
2025-01-18 21:43:00,0.3674,0.3674,0.3674,0.3674,0.0
2025-01-18 21:44:00,0.3674,0.3674,0.3674,0.3674,0.0
2025-01-18 21:45:00,0.367,0.367,0.367,0.367,817.43
2025-01-18 21:46:00,0.3665,0.3668,0.3665,0.3668,105.82
2025-01-18 21:47:00,0.3669,0.3671,0.3669,0.3671,189.92
2025-01-18 21:48:00,0.3671,0.3672,0.367,0.367,1015.99
2025-01-18 21:49:00,0.367,0.367,0.367,0.367,87.75
2025-01-18 21:50:00,0.3668,0.3668,0.3668,0.3668,53.51
2025-01-18 21:51:00,0.3666,0.3666,0.3666,0.3666,50.2
2025-01-18 21:52:00,0.3666,0.3667,0.3662,0.3665,338.35
2025-01-18 21:53:00,0.3666,0.3667,0.3666,0.3667,205.0
2025-01-18 21:54:00,0.3667,0.3668,0.3666,0.3667,1734.06
2025-01-18 21:55:00,0.3667,0.3667,0.3667,0.3667,0.0
2025-01-18 21:56:00,0.366,0.366,0.3658,0.3658,824.01
2025-01-18 21:57:00,0.3659,0.366,0.3659,0.366,527.69
2025-01-18 21:58:00,0.366,0.3662,0.366,0.3662,1273.08
2025-01-18 21:59:00,0.3662,0.3662,0.3661,0.3661,482.48
2025-01-18 22:00:00,0.3663,0.3663,0.366,0.366,397.31
2025-01-18 22:01:00,0.3659,0.366,0.3659,0.366,443.73
2025-01-18 22:02:00,0.3663,0.3665,0.3663,0.3664,161.46
2025-01-18 22:03:00,0.3662,0.3664,0.3661,0.3661,1032.75
2025-01-18 22:04:00,0.3661,0.3662,0.3661,0.3661,1326.12
2025-01-18 22:05:00,0.3666,0.3667,0.3666,0.3667,1091.41
2025-01-18 22:06:00,0.3668,0.3669,0.3667,0.3669,1124.0
2025-01-18 22:07:00,0.3669,0.3669,0.3669,0.3669,0.0
2025-01-18 22:08:00,0.367,0.3671,0.367,0.3671,329.06
2025-01-18 22:09:00,0.3672,0.3672,0.3672,0.3672,87.75
2025-01-18 22:10:00,0.3672,0.3672,0.3672,0.3672,0.0
2025-01-18 22:11:00,0.3674,0.3677,0.3674,0.3677,1706.57
2025-01-18 22:12:00,0.3676,0.3676,0.3676,0.3676,313.39
2025-01-18 22:13:00,0.3676,0.3678,0.3676,0.3678,590.54
2025-01-18 22:14:00,0.368,0.3689,0.3678,0.3689,32272.96
2025-01-18 22:15:00,0.3689,0.369,0.3685,0.3685,3269.92
2025-01-18 22:16:00,0.3685,0.3685,0.3685,0.3685,99.87
2025-01-18 22:17:00,0.3685,0.3685,0.3685,0.3685,466.54
2025-01-18 22:18:00,0.3689,0.3689,0.3689,0.3689,257.12
2025-01-18 22:19:00,0.3688,0.3688,0.3688,0.3688,1519.5
2025-01-18 22:20:00,0.3689,0.3689,0.3686,0.3686,360.88
2025-01-18 22:21:00,0.3686,0.3686,0.3686,0.3686,0.0
2025-01-18 22:22:00,0.3685,0.3685,0.3685,0.3685,17.42
2025-01-18 22:23:00,0.3682,0.3682,0.3679,0.3679,799.89
2025-01-18 22:24:00,0.3676,0.3676,0.3676,0.3676,80.27
2025-01-18 22:25:00,0.3679,0.3679,0.3679,0.3679,570.92
2025-01-18 22:26:00,0.3678,0.3682,0.3678,0.3682,161.8
2025-01-18 22:27:00,0.3683,0.3683,0.3682,0.3682,237.11
2025-01-18 22:28:00,0.3683,0.3685,0.3682,0.3685,1090.45
2025-01-18 22:29:00,0.3686,0.3686,0.3686,0.3686,1061.14
2025-01-18 22:30:00,0.3688,0.369,0.3688,0.369,57.61
2025-01-18 22:31:00,0.3691,0.3693,0.3691,0.3693,6912.48
2025-01-18 22:32:00,0.3693,0.3693,0.3693,0.3693,0.0
2025-01-18 22:33:00,0.3691,0.3694,0.3691,0.3694,4912.84
2025-01-18 22:34:00,0.3688,0.3689,0.3688,0.3689,485.39
2025-01-18 22:35:00,0.3688,0.3688,0.3688,0.3688,2796.42
2025-01-18 22:36:00,0.3689,0.3694,0.3689,0.3693,5958.36
2025-01-18 22:37:00,0.369,0.369,0.3689,0.3689,205.7
2025-01-18 22:38:00,0.3693,0.3693,0.3693,0.3693,24.4
2025-01-18 22:39:00,0.3694,0.3694,0.3694,0.3694,24.81
2025-01-18 22:40:00,0.3694,0.3694,0.3694,0.3694,45.7
2025-01-18 22:41:00,0.3689,0.369,0.3689,0.369,813.13
2025-01-18 22:42:00,0.3689,0.3692,0.3689,0.3692,3163.32
2025-01-18 22:43:00,0.3692,0.3693,0.3692,0.3693,196.17
2025-01-18 22:44:00,0.3694,0.3695,0.3691,0.3692,6813.94
2025-01-18 22:45:00,0.3691,0.3692,0.3691,0.3691,1128.72
2025-01-18 22:46:00,0.3692,0.3693,0.3692,0.3693,654.63
2025-01-18 22:47:00,0.3693,0.3693,0.3693,0.3693,0.0
2025-01-18 22:48:00,0.369,0.3693,0.369,0.3693,1816.52
2025-01-18 22:49:00,0.369,0.369,0.369,0.369,31.8
2025-01-18 22:50:00,0.369,0.369,0.369,0.369,0.0
2025-01-18 22:51:00,0.369,0.369,0.369,0.369,0.0
2025-01-18 22:52:00,0.3692,0.3692,0.3685,0.3686,36910.43
2025-01-18 22:53:00,0.3687,0.3687,0.3687,0.3687,1451.67
2025-01-18 22:54:00,0.3687,0.3687,0.3687,0.3687,0.0
2025-01-18 22:55:00,0.369,0.369,0.369,0.369,45.52
2025-01-18 22:56:00,0.369,0.369,0.369,0.369,0.0
2025-01-18 22:57:00,0.3686,0.3687,0.3685,0.3685,2699.22
2025-01-18 22:58:00,0.3684,0.3684,0.3684,0.3684,356.64
2025-01-18 22:59:00,0.3684,0.3684,0.3684,0.3684,0.0
2025-01-18 23:00:00,0.3684,0.3684,0.3684,0.3684,0.0
2025-01-18 23:01:00,0.3684,0.3684,0.3684,0.3684,0.0
2025-01-18 23:02:00,0.3684,0.3684,0.3684,0.3684,55.11
2025-01-18 23:03:00,0.3684,0.3684,0.3684,0.3684,0.0
2025-01-18 23:04:00,0.3684,0.3684,0.3684,0.3684,74.89
2025-01-18 23:05:00,0.3685,0.3685,0.3685,0.3685,54.25
2025-01-18 23:06:00,0.3685,0.3685,0.3685,0.3685,0.0
2025-01-18 23:07:00,0.3682,0.3682,0.3681,0.3681,1448.84
2025-01-18 23:08:00,0.3681,0.3681,0.3681,0.3681,0.0
2025-01-18 23:09:00,0.3683,0.3684,0.3683,0.3684,2103.38
2025-01-18 23:10:00,0.3682,0.3682,0.3682,0.3682,634.14
2025-01-18 23:11:00,0.368,0.368,0.368,0.368,169.25
2025-01-18 23:12:00,0.368,0.368,0.368,0.368,0.0
2025-01-18 23:13:00,0.3677,0.3677,0.3677,0.3677,507.04
2025-01-18 23:14:00,0.368,0.368,0.368,0.368,93.74
2025-01-18 23:15:00,0.3678,0.3678,0.3673,0.3675,3610.88
2025-01-18 23:16:00,0.3676,0.3693,0.3676,0.3689,33354.42
2025-01-18 23:17:00,0.3691,0.3694,0.3691,0.3694,5111.04
2025-01-18 23:18:00,0.3696,0.3696,0.3696,0.3696,4750.79
2025-01-18 23:19:00,0.3696,0.3697,0.3694,0.3694,159.4
2025-01-18 23:20:00,0.3696,0.3706,0.3694,0.3706,5273.67
2025-01-18 23:21:00,0.3704,0.3706,0.3704,0.3706,226.56
2025-01-18 23:22:00,0.3708,0.3711,0.3707,0.3711,5174.12
2025-01-18 23:23:00,0.371,0.3711,0.371,0.3711,246.56
2025-01-18 23:24:00,0.3711,0.3711,0.3708,0.3708,5965.12
2025-01-18 23:25:00,0.3707,0.3709,0.3707,0.3709,473.93
2025-01-18 23:26:00,0.3708,0.3714,0.3708,0.3712,3355.72
2025-01-18 23:27:00,0.3713,0.3713,0.3713,0.3713,17.64
2025-01-18 23:28:00,0.3713,0.3713,0.3713,0.3713,0.0
2025-01-18 23:29:00,0.3716,0.3721,0.3716,0.3721,883.79
2025-01-18 23:30:00,0.3721,0.3721,0.372,0.372,3537.8
2025-01-18 23:31:00,0.3719,0.372,0.3717,0.372,138.84
2025-01-18 23:32:00,0.3723,0.3732,0.3723,0.3732,11087.17
2025-01-18 23:33:00,0.3735,0.3735,0.3735,0.3735,205.29
2025-01-18 23:34:00,0.3734,0.3734,0.3722,0.3729,43856.29
2025-01-18 23:35:00,0.3727,0.3727,0.3722,0.3722,863.67
2025-01-18 23:36:00,0.3722,0.3725,0.3721,0.3723,5613.35
2025-01-18 23:37:00,0.3725,0.3728,0.3725,0.3728,3317.79
2025-01-18 23:38:00,0.3728,0.3729,0.3728,0.3729,185.57
2025-01-18 23:39:00,0.3728,0.373,0.3728,0.373,116.33
2025-01-18 23:40:00,0.3729,0.3734,0.3729,0.3734,2257.6
2025-01-18 23:41:00,0.3733,0.3733,0.3725,0.3725,1562.24
2025-01-18 23:42:00,0.3723,0.3729,0.3721,0.3729,433.15
2025-01-18 23:43:00,0.373,0.3731,0.373,0.3731,1051.73
2025-01-18 23:44:00,0.3729,0.3729,0.3728,0.3728,43.11
2025-01-18 23:45:00,0.3729,0.3729,0.3725,0.3725,81.21
2025-01-18 23:46:00,0.3729,0.373,0.3729,0.373,460.97
2025-01-18 23:47:00,0.3728,0.3728,0.3728,0.3728,51.29
2025-01-18 23:48:00,0.3728,0.3729,0.3728,0.3729,536.36
2025-01-18 23:49:00,0.3729,0.3729,0.3729,0.3729,0.0
2025-01-18 23:50:00,0.3727,0.3727,0.3726,0.3726,2321.21
2025-01-18 23:51:00,0.3725,0.3725,0.3725,0.3725,78.47
2025-01-18 23:52:00,0.3726,0.3726,0.3723,0.3723,168.48
2025-01-18 23:53:00,0.3722,0.3722,0.3722,0.3722,231.1
2025-01-18 23:54:00,0.3722,0.3722,0.3722,0.3722,0.0
2025-01-18 23:55:00,0.3721,0.3721,0.3717,0.3717,952.83
2025-01-18 23:56:00,0.3718,0.3718,0.3718,0.3718,539.31
2025-01-18 23:57:00,0.3717,0.3718,0.3717,0.3718,4474.56
2025-01-18 23:58:00,0.3719,0.3719,0.3715,0.3715,265.59
2025-01-18 23:59:00,0.3714,0.3714,0.3713,0.3713,593.09
2025-01-19 00:00:00,0.3712,0.3713,0.3704,0.3706,320.02
2025-01-19 00:01:00,0.3706,0.3707,0.3704,0.3704,586.85
2025-01-19 00:02:00,0.3704,0.3705,0.3701,0.3701,1790.92
2025-01-19 00:03:00,0.37,0.3705,0.37,0.3703,1579.96
2025-01-19 00:04:00,0.3701,0.3701,0.3696,0.3698,690.28
2025-01-19 00:05:00,0.3699,0.3706,0.3699,0.3706,1047.75
2025-01-19 00:06:00,0.3708,0.3711,0.3706,0.371,711.88
2025-01-19 00:07:00,0.3706,0.371,0.3706,0.371,3238.27
2025-01-19 00:08:00,0.371,0.372,0.371,0.3718,8163.8
2025-01-19 00:09:00,0.3721,0.3722,0.3719,0.3719,1837.81
2025-01-19 00:10:00,0.3716,0.3717,0.3715,0.3717,362.56
2025-01-19 00:11:00,0.3715,0.3715,0.3713,0.3715,1603.76
2025-01-19 00:12:00,0.3713,0.3713,0.3709,0.3711,4821.08
2025-01-19 00:13:00,0.371,0.3712,0.371,0.371,1083.81
2025-01-19 00:14:00,0.371,0.371,0.3704,0.3704,1310.43
2025-01-19 00:15:00,0.3708,0.3719,0.3706,0.3719,718.6
2025-01-19 00:16:00,0.3719,0.3726,0.3719,0.3726,726.65
2025-01-19 00:17:00,0.3726,0.3733,0.3726,0.3733,260.64
2025-01-19 00:18:00,0.373,0.3733,0.3729,0.3733,1407.58
2025-01-19 00:19:00,0.3735,0.3742,0.3731,0.3731,25870.27
2025-01-19 00:20:00,0.3734,0.3738,0.3734,0.3738,2833.11
2025-01-19 00:21:00,0.3736,0.3738,0.3735,0.3738,2041.31
2025-01-19 00:22:00,0.3742,0.3744,0.3738,0.3739,424.58
2025-01-19 00:23:00,0.3743,0.3745,0.3741,0.3745,5483.0
2025-01-19 00:24:00,0.3745,0.3745,0.3736,0.3737,1924.05
2025-01-19 00:25:00,0.3739,0.3739,0.3735,0.3735,896.98
2025-01-19 00:26:00,0.3738,0.3745,0.3738,0.3743,2499.61
2025-01-19 00:27:00,0.3745,0.3747,0.374,0.3746,1307.71
2025-01-19 00:28:00,0.3747,0.3749,0.3743,0.3744,5142.62
2025-01-19 00:29:00,0.3744,0.3749,0.3744,0.3749,314.0
2025-01-19 00:30:00,0.375,0.3752,0.375,0.3752,795.57
2025-01-19 00:31:00,0.3755,0.3765,0.3755,0.3759,19761.23
2025-01-19 00:32:00,0.3759,0.3764,0.3759,0.3762,1231.79
2025-01-19 00:33:00,0.376,0.376,0.3755,0.3755,276.13
2025-01-19 00:34:00,0.3755,0.3756,0.3753,0.3753,363.77
2025-01-19 00:35:00,0.3752,0.3755,0.3752,0.3752,914.88
2025-01-19 00:36:00,0.3744,0.3746,0.3744,0.3745,2221.96
2025-01-19 00:37:00,0.3743,0.3746,0.3742,0.3743,7065.5
2025-01-19 00:38:00,0.3744,0.3744,0.3743,0.3743,649.07
2025-01-19 00:39:00,0.3742,0.3747,0.3742,0.3747,1289.75
2025-01-19 00:40:00,0.3745,0.3745,0.3745,0.3745,17.05
2025-01-19 00:41:00,0.3747,0.3748,0.3747,0.3748,336.35
2025-01-19 00:42:00,0.3748,0.3748,0.3747,0.3747,31.97
2025-01-19 00:43:00,0.3752,0.3753,0.3752,0.3753,90.99
2025-01-19 00:44:00,0.3751,0.3751,0.3751,0.3751,17.02
2025-01-19 00:45:00,0.3748,0.3751,0.3748,0.3751,30.52
2025-01-19 00:46:00,0.3757,0.3761,0.3757,0.3761,238.2
2025-01-19 00:47:00,0.3756,0.3759,0.3756,0.3758,492.23
2025-01-19 00:48:00,0.3757,0.3757,0.3753,0.3753,33.99
2025-01-19 00:49:00,0.3748,0.375,0.3748,0.3748,3112.85
2025-01-19 00:50:00,0.3748,0.3758,0.3747,0.3758,3569.27
2025-01-19 00:51:00,0.3759,0.3759,0.3753,0.3753,3071.76
2025-01-19 00:52:00,0.375,0.3753,0.375,0.3753,673.65
2025-01-19 00:53:00,0.3757,0.3757,0.3751,0.3751,773.12
2025-01-19 00:54:00,0.375,0.375,0.375,0.375,355.63
2025-01-19 00:55:00,0.3748,0.3749,0.3748,0.3748,605.01
2025-01-19 00:56:00,0.3747,0.3747,0.3746,0.3746,359.9
2025-01-19 00:57:00,0.3744,0.3744,0.3744,0.3744,17.05
2025-01-19 00:58:00,0.3743,0.3749,0.3743,0.3747,2379.64
2025-01-19 00:59:00,0.3742,0.3743,0.374,0.374,226.52
2025-01-19 01:00:00,0.3743,0.3743,0.3739,0.3739,210.48
2025-01-19 01:01:00,0.3739,0.3739,0.3737,0.3737,312.48
2025-01-19 01:02:00,0.3737,0.3747,0.3737,0.3746,441.2
2025-01-19 01:03:00,0.3748,0.375,0.3748,0.3749,834.7
2025-01-19 01:04:00,0.375,0.375,0.3747,0.3747,1371.8
2025-01-19 01:05:00,0.3747,0.375,0.3747,0.375,4208.0
2025-01-19 01:06:00,0.3748,0.3749,0.374,0.3741,9363.55
2025-01-19 01:07:00,0.3751,0.3758,0.3751,0.3758,3882.94
2025-01-19 01:08:00,0.3756,0.3763,0.3753,0.3763,8147.5
2025-01-19 01:09:00,0.3765,0.3769,0.3761,0.3767,4670.39
2025-01-19 01:10:00,0.3769,0.3774,0.3766,0.3774,9395.47
2025-01-19 01:11:00,0.3772,0.3779,0.3772,0.3778,1751.44
2025-01-19 01:12:00,0.3775,0.3779,0.3775,0.3777,1143.05
2025-01-19 01:13:00,0.3779,0.3784,0.3777,0.3779,3487.16
2025-01-19 01:14:00,0.3782,0.3782,0.3777,0.3777,230.62
2025-01-19 01:15:00,0.378,0.3784,0.378,0.3784,1265.04
2025-01-19 01:16:00,0.3783,0.3783,0.377,0.3774,6847.43
2025-01-19 01:17:00,0.3774,0.3778,0.3773,0.3778,830.06
2025-01-19 01:18:00,0.3779,0.3779,0.3773,0.3773,470.84
2025-01-19 01:19:00,0.3779,0.378,0.3774,0.3774,823.56
2025-01-19 01:20:00,0.3777,0.3783,0.3777,0.3783,17150.25
2025-01-19 01:21:00,0.3781,0.3782,0.3777,0.3779,4678.82
2025-01-19 01:22:00,0.3777,0.3782,0.3777,0.3781,2025.98
2025-01-19 01:23:00,0.3783,0.3783,0.378,0.3781,780.55
2025-01-19 01:24:00,0.3783,0.3783,0.3781,0.3781,609.02
2025-01-19 01:25:00,0.3779,0.3779,0.3773,0.3777,1015.99
2025-01-19 01:26:00,0.3776,0.3783,0.3776,0.3783,858.07
2025-01-19 01:27:00,0.3777,0.3782,0.3776,0.3782,942.55
2025-01-19 01:28:00,0.378,0.3783,0.378,0.3782,1827.27
2025-01-19 01:29:00,0.3783,0.3785,0.3782,0.3782,782.9
2025-01-19 01:30:00,0.3785,0.3787,0.3783,0.3783,1129.94
2025-01-19 01:31:00,0.3781,0.3782,0.3777,0.3777,313.43
2025-01-19 01:32:00,0.3779,0.3779,0.3777,0.3777,1603.19
2025-01-19 01:33:00,0.3779,0.3779,0.3777,0.3777,2420.3
2025-01-19 01:34:00,0.3773,0.378,0.3771,0.3777,10584.16
2025-01-19 01:35:00,0.3782,0.3782,0.3781,0.3781,43.33
2025-01-19 01:36:00,0.3786,0.3787,0.3784,0.3784,3720.35
2025-01-19 01:37:00,0.3785,0.3786,0.3784,0.3784,2327.92
2025-01-19 01:38:00,0.3785,0.3793,0.3785,0.3793,2622.67
2025-01-19 01:39:00,0.3795,0.3795,0.3793,0.3793,34.74
2025-01-19 01:40:00,0.3795,0.3803,0.3795,0.3803,2700.92
2025-01-19 01:41:00,0.3802,0.3804,0.3801,0.3801,2551.23
2025-01-19 01:42:00,0.3801,0.3806,0.3801,0.3806,1418.44
2025-01-19 01:43:00,0.3807,0.3809,0.3807,0.3809,2780.4
2025-01-19 01:44:00,0.3808,0.3814,0.3808,0.3814,4868.93
2025-01-19 01:45:00,0.3815,0.3823,0.3815,0.3823,15949.3
2025-01-19 01:46:00,0.3824,0.3827,0.382,0.3827,9762.79
2025-01-19 01:47:00,0.3827,0.3828,0.3823,0.3828,658.49
2025-01-19 01:48:00,0.3828,0.3828,0.382,0.3825,1428.78
2025-01-19 01:49:00,0.3825,0.3829,0.3825,0.3829,535.81
2025-01-19 01:50:00,0.3827,0.3827,0.3823,0.3824,252.44
2025-01-19 01:51:00,0.3824,0.3826,0.3821,0.3821,369.64
2025-01-19 01:52:00,0.3826,0.3826,0.3822,0.3825,280.21
2025-01-19 01:53:00,0.3825,0.3826,0.3824,0.3824,321.51
2025-01-19 01:54:00,0.3824,0.3824,0.3823,0.3823,184.3
2025-01-19 01:55:00,0.3819,0.3819,0.3815,0.3816,1562.85
2025-01-19 01:56:00,0.3816,0.3821,0.3816,0.3821,114.97
2025-01-19 01:57:00,0.3823,0.3823,0.3821,0.3822,175.49
2025-01-19 01:58:00,0.3815,0.3815,0.3814,0.3814,286.81
2025-01-19 01:59:00,0.3817,0.3823,0.3817,0.3822,840.02
2025-01-19 02:00:00,0.3824,0.3829,0.3824,0.3828,1915.14
2025-01-19 02:01:00,0.3828,0.3828,0.382,0.3821,12255.58
2025-01-19 02:02:00,0.3822,0.3823,0.3819,0.3819,224.11
2025-01-19 02:03:00,0.3824,0.3824,0.3819,0.382,1727.87
2025-01-19 02:04:00,0.3821,0.3823,0.3817,0.3818,1368.15
2025-01-19 02:05:00,0.3817,0.3817,0.3814,0.3814,363.87
2025-01-19 02:06:00,0.3814,0.3814,0.3814,0.3814,16.7
2025-01-19 02:07:00,0.3814,0.3822,0.3814,0.3822,133.75
2025-01-19 02:08:00,0.3822,0.3823,0.3822,0.3822,1017.67
2025-01-19 02:09:00,0.3826,0.3826,0.3819,0.3819,1560.17
2025-01-19 02:10:00,0.3819,0.3822,0.3818,0.3822,880.44
2025-01-19 02:11:00,0.382,0.3821,0.3819,0.3819,1343.01
2025-01-19 02:12:00,0.3817,0.3818,0.3816,0.3816,941.02
2025-01-19 02:13:00,0.3815,0.3825,0.3815,0.3825,27690.04
2025-01-19 02:14:00,0.3821,0.3825,0.382,0.3825,2600.98
2025-01-19 02:15:00,0.3823,0.3828,0.3823,0.3823,2738.5
2025-01-19 02:16:00,0.3823,0.3829,0.3821,0.3829,1461.65
2025-01-19 02:17:00,0.3827,0.3827,0.3825,0.3825,625.56
2025-01-19 02:18:00,0.3821,0.3823,0.382,0.3823,1723.09
2025-01-19 02:19:00,0.3821,0.3825,0.3821,0.3825,36.61
2025-01-19 02:20:00,0.3827,0.3827,0.3826,0.3826,4455.99
2025-01-19 02:21:00,0.3825,0.383,0.3825,0.3829,1085.45
2025-01-19 02:22:00,0.3828,0.3829,0.3828,0.3829,37.87
2025-01-19 02:23:00,0.383,0.3836,0.383,0.3836,2250.03
2025-01-19 02:24:00,0.3833,0.3836,0.3833,0.3836,1930.7
2025-01-19 02:25:00,0.3835,0.3835,0.3833,0.3833,195.77
2025-01-19 02:26:00,0.3835,0.3835,0.3835,0.3835,26.22
2025-01-19 02:27:00,0.3832,0.3832,0.3828,0.3828,411.37
2025-01-19 02:28:00,0.383,0.3831,0.383,0.3831,673.75
2025-01-19 02:29:00,0.3832,0.3832,0.3832,0.3832,38.0
2025-01-19 02:30:00,0.3829,0.3832,0.3829,0.3832,706.39
2025-01-19 02:31:00,0.3833,0.3837,0.3832,0.3832,2332.81
2025-01-19 02:32:00,0.3828,0.3829,0.3819,0.382,1251.66
2025-01-19 02:33:00,0.3819,0.3821,0.3812,0.3815,1760.51
2025-01-19 02:34:00,0.3818,0.3818,0.3818,0.3818,90.2
2025-01-19 02:35:00,0.3818,0.3818,0.3817,0.3817,273.54
2025-01-19 02:36:00,0.3816,0.3822,0.3816,0.3821,1871.38
2025-01-19 02:37:00,0.3824,0.3824,0.3824,0.3824,16.68
2025-01-19 02:38:00,0.3826,0.3826,0.3826,0.3826,16.66
2025-01-19 02:39:00,0.3833,0.3835,0.3833,0.3835,48.5
2025-01-19 02:40:00,0.3834,0.3834,0.3834,0.3834,46.63
2025-01-19 02:41:00,0.3836,0.3836,0.3836,0.3836,16.63
2025-01-19 02:42:00,0.3837,0.384,0.3837,0.384,191.04
2025-01-19 02:43:00,0.3838,0.384,0.3835,0.384,2587.76
2025-01-19 02:44:00,0.3839,0.3839,0.3837,0.3837,38.62
2025-01-19 02:45:00,0.3834,0.3834,0.3828,0.3828,912.46
2025-01-19 02:46:00,0.3828,0.3829,0.3827,0.3827,832.5
2025-01-19 02:47:00,0.3829,0.3829,0.3829,0.3829,16.65
2025-01-19 02:48:00,0.3823,0.3823,0.3819,0.3819,84.69
2025-01-19 02:49:00,0.3818,0.3818,0.3818,0.3818,16.69
2025-01-19 02:50:00,0.3812,0.3812,0.3808,0.3809,2062.03
2025-01-19 02:51:00,0.3815,0.3815,0.381,0.381,356.27
2025-01-19 02:52:00,0.3812,0.3817,0.3812,0.3815,303.86
2025-01-19 02:53:00,0.3815,0.3815,0.3814,0.3814,978.21
2025-01-19 02:54:00,0.3811,0.3811,0.3811,0.3811,16.75
2025-01-19 02:55:00,0.381,0.381,0.381,0.381,16.76
2025-01-19 02:56:00,0.3808,0.3808,0.3806,0.3806,793.9
2025-01-19 02:57:00,0.3806,0.3806,0.3806,0.3806,26.94
2025-01-19 02:58:00,0.3805,0.3805,0.3803,0.3803,187.92
2025-01-19 02:59:00,0.38,0.38,0.3794,0.3795,3701.98
2025-01-19 03:00:00,0.3801,0.3803,0.3799,0.3799,1686.56
2025-01-19 03:01:00,0.3799,0.3799,0.3799,0.3799,0.0
2025-01-19 03:02:00,0.3799,0.3804,0.3799,0.3804,719.27
2025-01-19 03:03:00,0.3804,0.3804,0.3804,0.3804,0.0
2025-01-19 03:04:00,0.3799,0.3802,0.3799,0.3802,2931.64
2025-01-19 03:05:00,0.3802,0.3802,0.3802,0.3802,0.0
2025-01-19 03:06:00,0.3805,0.3805,0.3805,0.3805,262.71
2025-01-19 03:07:00,0.3796,0.3796,0.3792,0.3792,76.94
2025-01-19 03:08:00,0.379,0.379,0.379,0.379,781.01
2025-01-19 03:09:00,0.3789,0.3789,0.3787,0.3788,54.28
2025-01-19 03:10:00,0.3787,0.3787,0.3779,0.3779,2168.22
2025-01-19 03:11:00,0.3779,0.3782,0.3769,0.3773,25047.66
2025-01-19 03:12:00,0.3774,0.3777,0.3774,0.3774,1188.72
2025-01-19 03:13:00,0.3774,0.3774,0.3772,0.3773,99.39
2025-01-19 03:14:00,0.3773,0.3773,0.3771,0.3771,1086.89
2025-01-19 03:15:00,0.3773,0.3774,0.3767,0.3767,228.3
2025-01-19 03:16:00,0.377,0.377,0.377,0.377,16.89
2025-01-19 03:17:00,0.3766,0.3768,0.3766,0.3768,202.74
2025-01-19 03:18:00,0.3772,0.3776,0.3771,0.3776,4507.34
2025-01-19 03:19:00,0.3775,0.3777,0.3774,0.3776,851.99
2025-01-19 03:20:00,0.3772,0.3779,0.3771,0.3779,334.72
2025-01-19 03:21:00,0.3778,0.3778,0.3778,0.3778,16.9
2025-01-19 03:22:00,0.3775,0.3775,0.3769,0.3769,134.88
2025-01-19 03:23:00,0.3769,0.3769,0.3767,0.3767,906.83
2025-01-19 03:24:00,0.3766,0.3766,0.3761,0.3761,2172.35
2025-01-19 03:25:00,0.3762,0.3762,0.3756,0.3756,1843.33
2025-01-19 03:26:00,0.3756,0.3757,0.3753,0.3757,517.2
2025-01-19 03:27:00,0.3757,0.3757,0.3755,0.3755,43.83
2025-01-19 03:28:00,0.3753,0.3753,0.3753,0.3753,16.99
2025-01-19 03:29:00,0.3751,0.3756,0.3751,0.3756,164.46
2025-01-19 03:30:00,0.3756,0.3763,0.3756,0.3763,379.87
2025-01-19 03:31:00,0.3766,0.3766,0.3761,0.3761,319.6
2025-01-19 03:32:00,0.376,0.376,0.376,0.376,16.99
2025-01-19 03:33:00,0.3757,0.3757,0.3757,0.3757,16.99
2025-01-19 03:34:00,0.3753,0.3754,0.3751,0.3751,549.75
2025-01-19 03:35:00,0.3755,0.3755,0.3751,0.3751,401.64
2025-01-19 03:36:00,0.3751,0.3757,0.3751,0.3757,496.47
2025-01-19 03:37:00,0.3753,0.3753,0.3749,0.3749,212.08
2025-01-19 03:38:00,0.375,0.3752,0.3747,0.3752,3409.13
2025-01-19 03:39:00,0.3749,0.3749,0.3725,0.373,74217.17
2025-01-19 03:40:00,0.373,0.3731,0.373,0.3731,161.62
2025-01-19 03:41:00,0.3731,0.3731,0.3731,0.3731,0.0
2025-01-19 03:42:00,0.3729,0.3733,0.3729,0.3733,2875.59
2025-01-19 03:43:00,0.3731,0.3731,0.373,0.373,55.47
2025-01-19 03:44:00,0.3727,0.3727,0.3723,0.3727,28470.71
2025-01-19 03:45:00,0.3728,0.3729,0.3727,0.3729,5559.58
2025-01-19 03:46:00,0.373,0.3731,0.373,0.373,374.94
2025-01-19 03:47:00,0.3735,0.3753,0.3735,0.3753,12512.43
2025-01-19 03:48:00,0.3747,0.375,0.3747,0.375,602.02
2025-01-19 03:49:00,0.3749,0.3756,0.3749,0.3756,836.87
2025-01-19 03:50:00,0.376,0.3767,0.376,0.3763,6604.22
2025-01-19 03:51:00,0.3761,0.3763,0.3761,0.3761,165.83
2025-01-19 03:52:00,0.3763,0.3763,0.3757,0.3757,400.61
2025-01-19 03:53:00,0.3758,0.3758,0.3757,0.3757,1859.31
2025-01-19 03:54:00,0.3756,0.3757,0.3755,0.3755,159.43
2025-01-19 03:55:00,0.3757,0.3757,0.3757,0.3757,16.94
2025-01-19 03:56:00,0.3756,0.3756,0.3756,0.3756,32.74
2025-01-19 03:57:00,0.3756,0.3756,0.3745,0.3745,1578.55
2025-01-19 03:58:00,0.3743,0.3743,0.3742,0.3743,491.67
2025-01-19 03:59:00,0.3738,0.3739,0.3738,0.3739,1417.72
2025-01-19 04:00:00,0.3735,0.3735,0.3729,0.3729,1283.41
2025-01-19 04:01:00,0.3725,0.3725,0.3719,0.3722,1856.77
2025-01-19 04:02:00,0.3724,0.3731,0.3724,0.3731,1009.92
2025-01-19 04:03:00,0.3729,0.3729,0.3724,0.3724,156.8
2025-01-19 04:04:00,0.3721,0.3725,0.372,0.3725,196.1
2025-01-19 04:05:00,0.3726,0.3729,0.3726,0.3729,157.5
2025-01-19 04:06:00,0.3731,0.3734,0.3731,0.3731,890.13
2025-01-19 04:07:00,0.3737,0.3742,0.3737,0.374,16215.53
2025-01-19 04:08:00,0.3738,0.3741,0.3738,0.3741,83.88
2025-01-19 04:09:00,0.3732,0.3732,0.3726,0.3726,1528.97
2025-01-19 04:10:00,0.3726,0.3726,0.3726,0.3726,21.68
2025-01-19 04:11:00,0.3725,0.3725,0.3722,0.3722,1633.4
2025-01-19 04:12:00,0.3722,0.3723,0.3722,0.3722,646.68
2025-01-19 04:13:00,0.3725,0.3743,0.3725,0.3743,2541.2
2025-01-19 04:14:00,0.3744,0.375,0.3744,0.3744,16809.02
2025-01-19 04:15:00,0.3744,0.3751,0.374,0.3749,11135.7
2025-01-19 04:16:00,0.3749,0.3749,0.3732,0.3732,4261.76
2025-01-19 04:17:00,0.3738,0.3741,0.3718,0.3721,10716.21
2025-01-19 04:18:00,0.3722,0.3725,0.3706,0.3712,21511.2
2025-01-19 04:19:00,0.3712,0.3731,0.371,0.3716,8439.37
2025-01-19 04:20:00,0.3715,0.3717,0.3711,0.3711,5172.84
2025-01-19 04:21:00,0.3724,0.3736,0.3724,0.3728,3139.1
2025-01-19 04:22:00,0.3733,0.3737,0.3726,0.3727,5305.49
2025-01-19 04:23:00,0.3724,0.3738,0.3721,0.3737,3020.86
2025-01-19 04:24:00,0.3738,0.3741,0.3735,0.3741,2547.14
2025-01-19 04:25:00,0.3744,0.3754,0.3743,0.3754,1892.0
2025-01-19 04:26:00,0.3753,0.3753,0.3732,0.3733,1569.54
2025-01-19 04:27:00,0.3732,0.3732,0.373,0.373,499.7
2025-01-19 04:28:00,0.3727,0.3736,0.3727,0.3736,680.3
2025-01-19 04:29:00,0.3736,0.3736,0.3732,0.3732,106.16
2025-01-19 04:30:00,0.3727,0.3727,0.3714,0.3714,3362.53
2025-01-19 04:31:00,0.3711,0.3713,0.3709,0.3713,1461.43
2025-01-19 04:32:00,0.3706,0.3706,0.3699,0.3705,1624.05
2025-01-19 04:33:00,0.3706,0.3706,0.3702,0.3702,1263.92
2025-01-19 04:34:00,0.3698,0.3701,0.3695,0.3699,12647.15
2025-01-19 04:35:00,0.3707,0.371,0.3705,0.371,1574.25
2025-01-19 04:36:00,0.371,0.3719,0.371,0.3718,1733.28
2025-01-19 04:37:00,0.3718,0.3723,0.3718,0.3723,141.89
2025-01-19 04:38:00,0.3717,0.3725,0.3715,0.3724,2634.37
2025-01-19 04:39:00,0.373,0.373,0.3727,0.3727,33.93
2025-01-19 04:40:00,0.3729,0.3729,0.3722,0.3722,744.68
2025-01-19 04:41:00,0.3714,0.3714,0.3713,0.3713,544.47
2025-01-19 04:42:00,0.3714,0.3723,0.3714,0.3723,2393.43
2025-01-19 04:43:00,0.3722,0.3724,0.3721,0.3724,2306.8
2025-01-19 04:44:00,0.3723,0.3723,0.3718,0.3718,1195.6
2025-01-19 04:45:00,0.371,0.371,0.371,0.371,99.69
2025-01-19 04:46:00,0.3709,0.3715,0.3708,0.3715,1306.6
2025-01-19 04:47:00,0.3722,0.3732,0.3722,0.3727,13038.55
2025-01-19 04:48:00,0.3731,0.3734,0.3728,0.3728,2199.15
2025-01-19 04:49:00,0.373,0.373,0.3724,0.3724,483.67
2025-01-19 04:50:00,0.3734,0.3735,0.3729,0.3729,2768.24
2025-01-19 04:51:00,0.3727,0.3727,0.3715,0.3715,615.31
2025-01-19 04:52:00,0.3716,0.3729,0.3716,0.3729,285.4
2025-01-19 04:53:00,0.3724,0.3727,0.3724,0.3727,1637.87
2025-01-19 04:54:00,0.3725,0.3727,0.3725,0.3725,769.01
2025-01-19 04:55:00,0.3718,0.372,0.3714,0.3716,13678.41
2025-01-19 04:56:00,0.3716,0.3716,0.3715,0.3715,10442.81
2025-01-19 04:57:00,0.3719,0.3719,0.3719,0.3719,1243.2
2025-01-19 04:58:00,0.3718,0.3718,0.3714,0.3718,2560.95
2025-01-19 04:59:00,0.3713,0.3716,0.371,0.3715,2393.41
2025-01-19 05:00:00,0.3707,0.3718,0.3707,0.3718,3209.11
2025-01-19 05:01:00,0.3719,0.372,0.3709,0.3711,758.45
2025-01-19 05:02:00,0.3705,0.3705,0.3699,0.3701,2432.65
2025-01-19 05:03:00,0.3707,0.371,0.3705,0.3706,3321.23
2025-01-19 05:04:00,0.3709,0.3709,0.3701,0.3701,152.0
2025-01-19 05:05:00,0.3696,0.3698,0.3691,0.3695,2367.92
2025-01-19 05:06:00,0.3698,0.3707,0.3693,0.3705,510.01
2025-01-19 05:07:00,0.3709,0.3716,0.3709,0.3712,6846.01
2025-01-19 05:08:00,0.3713,0.3713,0.3702,0.3704,2466.45
2025-01-19 05:09:00,0.3698,0.3698,0.369,0.3694,2882.76
2025-01-19 05:10:00,0.3694,0.3695,0.3694,0.3695,1660.77
2025-01-19 05:11:00,0.369,0.369,0.3688,0.3688,310.72
2025-01-19 05:12:00,0.3684,0.3696,0.3684,0.3696,959.66
2025-01-19 05:13:00,0.3692,0.3692,0.3679,0.3682,7823.57
2025-01-19 05:14:00,0.368,0.3681,0.368,0.3681,170.6
2025-01-19 05:15:00,0.3679,0.368,0.3679,0.368,1498.75
2025-01-19 05:16:00,0.3676,0.3692,0.3676,0.3691,5988.29
2025-01-19 05:17:00,0.3687,0.3687,0.368,0.368,175.9
2025-01-19 05:18:00,0.3681,0.3681,0.3678,0.3679,1997.99
2025-01-19 05:19:00,0.3683,0.3683,0.3683,0.3683,1485.16
2025-01-19 05:20:00,0.3686,0.3686,0.3686,0.3686,128.06
2025-01-19 05:21:00,0.3692,0.37,0.3692,0.37,11602.81
2025-01-19 05:22:00,0.3709,0.3709,0.3706,0.3706,54.45
2025-01-19 05:23:00,0.3706,0.3706,0.3706,0.3706,0.0
2025-01-19 05:24:00,0.3706,0.3706,0.3706,0.3706,0.0
2025-01-19 05:25:00,0.3709,0.371,0.3709,0.371,1161.81
2025-01-19 05:26:00,0.3711,0.3711,0.3709,0.3709,275.49
2025-01-19 05:27:00,0.3704,0.3705,0.3704,0.3705,5245.96
2025-01-19 05:28:00,0.3706,0.3706,0.3702,0.3706,1340.83
2025-01-19 05:29:00,0.3705,0.3705,0.3702,0.3702,1418.71
2025-01-19 05:30:00,0.3708,0.3708,0.3705,0.3706,654.83
2025-01-19 05:31:00,0.3701,0.3701,0.3695,0.3695,242.1
2025-01-19 05:32:00,0.3692,0.3693,0.3688,0.369,3159.81
2025-01-19 05:33:00,0.3692,0.3692,0.3692,0.3692,47.0
2025-01-19 05:34:00,0.3692,0.3692,0.3692,0.3692,272.1
2025-01-19 05:35:00,0.3688,0.3688,0.3684,0.3684,330.27
2025-01-19 05:36:00,0.3686,0.3688,0.3686,0.3688,2624.02
2025-01-19 05:37:00,0.3693,0.3693,0.369,0.369,3638.01
2025-01-19 05:38:00,0.369,0.3693,0.369,0.3692,717.1
2025-01-19 05:39:00,0.3691,0.3691,0.3691,0.3691,2442.08
2025-01-19 05:40:00,0.3685,0.3686,0.3681,0.3684,2011.34
2025-01-19 05:41:00,0.3677,0.3677,0.3676,0.3676,4703.96
2025-01-19 05:42:00,0.3674,0.3681,0.3674,0.3681,2713.58
2025-01-19 05:43:00,0.3681,0.3681,0.3681,0.3681,0.0
2025-01-19 05:44:00,0.3678,0.3679,0.3678,0.3679,189.55
2025-01-19 05:45:00,0.3683,0.3686,0.3683,0.3685,6486.78
2025-01-19 05:46:00,0.3685,0.3685,0.3685,0.3685,0.0
2025-01-19 05:47:00,0.3671,0.3671,0.367,0.367,4094.44
2025-01-19 05:48:00,0.3667,0.3667,0.3665,0.3667,3535.45
2025-01-19 05:49:00,0.3683,0.3683,0.3683,0.3683,2535.34
2025-01-19 05:50:00,0.3681,0.3695,0.368,0.3694,3111.61
2025-01-19 05:51:00,0.3694,0.3694,0.3694,0.3694,0.0
2025-01-19 05:52:00,0.3693,0.3695,0.3693,0.3693,4350.13
2025-01-19 05:53:00,0.3696,0.3696,0.3696,0.3696,263.08
2025-01-19 05:54:00,0.3695,0.3699,0.3695,0.3699,481.71
2025-01-19 05:55:00,0.37,0.3705,0.3697,0.3705,3075.25
2025-01-19 05:56:00,0.3701,0.3701,0.3699,0.3699,1692.77
2025-01-19 05:57:00,0.3702,0.3702,0.37,0.37,55.58
2025-01-19 05:58:00,0.37,0.37,0.37,0.37,0.0
2025-01-19 05:59:00,0.3698,0.3701,0.3698,0.3701,395.53
2025-01-19 06:00:00,0.3699,0.3701,0.3698,0.3698,2890.34
2025-01-19 06:01:00,0.3697,0.3702,0.3694,0.3697,2893.05
2025-01-19 06:02:00,0.3697,0.3697,0.3697,0.3697,0.0
2025-01-19 06:03:00,0.3689,0.369,0.3684,0.3685,5139.76
2025-01-19 06:04:00,0.3683,0.3683,0.368,0.3682,1721.24
2025-01-19 06:05:00,0.3683,0.3684,0.3683,0.3684,975.81
2025-01-19 06:06:00,0.3681,0.3681,0.3681,0.3681,87.75
2025-01-19 06:07:00,0.3685,0.3687,0.3685,0.3687,50.72
2025-01-19 06:08:00,0.3691,0.3691,0.3688,0.3688,745.13
2025-01-19 06:09:00,0.3689,0.3692,0.3689,0.3692,4122.89
2025-01-19 06:10:00,0.3687,0.3687,0.3685,0.3685,786.71
2025-01-19 06:11:00,0.3686,0.3687,0.3686,0.3687,514.41
2025-01-19 06:12:00,0.3689,0.3691,0.3686,0.3686,10467.09
2025-01-19 06:13:00,0.3686,0.3692,0.3686,0.369,7093.72
2025-01-19 06:14:00,0.3689,0.3691,0.3689,0.3691,45.88
2025-01-19 06:15:00,0.369,0.3692,0.369,0.3692,57.82
2025-01-19 06:16:00,0.3693,0.3693,0.3693,0.3693,491.28
2025-01-19 06:17:00,0.3693,0.3693,0.3693,0.3693,0.0
