timestamp,open,high,low,close,volume
2025-01-13 00:00:00,0.1051,0.1051,0.1048,0.1049,48119.0
2025-01-13 00:01:00,0.105,0.1051,0.1049,0.1051,8757.0
2025-01-13 00:02:00,0.1051,0.1053,0.1051,0.1053,4116.0
2025-01-13 00:03:00,0.1051,0.1052,0.1051,0.1052,8542.0
2025-01-13 00:04:00,0.1052,0.1055,0.1052,0.1055,24217.0
2025-01-13 00:05:00,0.1054,0.1054,0.1054,0.1054,5474.0
2025-01-13 00:06:00,0.1054,0.1055,0.1054,0.1054,26519.0
2025-01-13 00:07:00,0.1056,0.1057,0.1056,0.1057,12677.0
2025-01-13 00:08:00,0.1056,0.1056,0.1056,0.1056,3356.0
2025-01-13 00:09:00,0.1054,0.1055,0.1054,0.1055,3329.0
2025-01-13 00:10:00,0.1055,0.1055,0.1055,0.1055,3479.0
2025-01-13 00:11:00,0.1055,0.1056,0.1055,0.1056,137.0
2025-01-13 00:12:00,0.1054,0.1054,0.1054,0.1054,4621.0
2025-01-13 00:13:00,0.1055,0.1055,0.1055,0.1055,4619.0
2025-01-13 00:14:00,0.1055,0.1055,0.1055,0.1055,0.0
2025-01-13 00:15:00,0.1055,0.1055,0.1055,0.1055,132.0
2025-01-13 00:16:00,0.1055,0.1055,0.1055,0.1055,354.0
2025-01-13 00:17:00,0.1055,0.1055,0.1053,0.1053,10348.0
2025-01-13 00:18:00,0.1055,0.1055,0.1055,0.1055,95.0
2025-01-13 00:19:00,0.1055,0.1055,0.1055,0.1055,199.0
2025-01-13 00:20:00,0.1054,0.1054,0.1054,0.1054,131.0
2025-01-13 00:21:00,0.1053,0.1053,0.1052,0.1052,25996.0
2025-01-13 00:22:00,0.1052,0.1052,0.1052,0.1052,0.0
2025-01-13 00:23:00,0.1054,0.1055,0.1054,0.1055,1291.0
2025-01-13 00:24:00,0.1056,0.1056,0.1056,0.1056,60.0
2025-01-13 00:25:00,0.1056,0.1058,0.1056,0.1057,10095.0
2025-01-13 00:26:00,0.1057,0.1061,0.1057,0.1059,12261.0
2025-01-13 00:27:00,0.1061,0.1062,0.1061,0.1062,250.0
2025-01-13 00:28:00,0.1064,0.1069,0.1064,0.1067,63201.0
2025-01-13 00:29:00,0.1066,0.1069,0.1066,0.1067,22819.0
2025-01-13 00:30:00,0.1067,0.1069,0.1067,0.1068,10421.0
2025-01-13 00:31:00,0.1069,0.1072,0.1069,0.1072,36707.0
2025-01-13 00:32:00,0.1073,0.1078,0.1073,0.1075,27302.0
2025-01-13 00:33:00,0.1074,0.1076,0.1073,0.1076,40289.0
2025-01-13 00:34:00,0.1077,0.1078,0.1076,0.1076,3665.0
2025-01-13 00:35:00,0.1076,0.1078,0.1076,0.1077,14084.0
2025-01-13 00:36:00,0.1078,0.1079,0.1078,0.1079,7495.0
2025-01-13 00:37:00,0.1078,0.1078,0.1078,0.1078,10146.0
2025-01-13 00:38:00,0.1077,0.1077,0.1074,0.1075,17977.0
2025-01-13 00:39:00,0.1077,0.1077,0.1075,0.1075,9044.0
2025-01-13 00:40:00,0.1076,0.1076,0.1076,0.1076,3030.0
2025-01-13 00:41:00,0.1076,0.1078,0.1076,0.1076,689.0
2025-01-13 00:42:00,0.1078,0.108,0.1078,0.1079,18538.0
2025-01-13 00:43:00,0.1076,0.1076,0.1076,0.1076,2388.0
2025-01-13 00:44:00,0.1075,0.1075,0.1074,0.1074,8567.0
2025-01-13 00:45:00,0.1074,0.1074,0.1072,0.1072,5854.0
2025-01-13 00:46:00,0.1071,0.1072,0.107,0.1071,4511.0
2025-01-13 00:47:00,0.1072,0.1072,0.1071,0.1071,2156.0
2025-01-13 00:48:00,0.1072,0.1072,0.1071,0.1071,3416.0
2025-01-13 00:49:00,0.1071,0.1072,0.1071,0.1071,30814.0
2025-01-13 00:50:00,0.1074,0.1074,0.1073,0.1073,5993.0
2025-01-13 00:51:00,0.1073,0.1073,0.1071,0.1071,60056.0
2025-01-13 00:52:00,0.1071,0.1071,0.1071,0.1071,2733.0
2025-01-13 00:53:00,0.1071,0.1072,0.107,0.107,29591.0
2025-01-13 00:54:00,0.1072,0.1072,0.1071,0.1071,6365.0
2025-01-13 00:55:00,0.1071,0.1071,0.1069,0.1069,18310.0
2025-01-13 00:56:00,0.107,0.1071,0.107,0.1071,13228.0
2025-01-13 00:57:00,0.1071,0.1071,0.1069,0.1069,11142.0
2025-01-13 00:58:00,0.1069,0.1069,0.1068,0.1068,46617.0
2025-01-13 00:59:00,0.1069,0.107,0.1069,0.107,10318.0
2025-01-13 01:00:00,0.107,0.1072,0.107,0.1072,24545.0
2025-01-13 01:01:00,0.1072,0.1072,0.1069,0.1069,1331.0
2025-01-13 01:02:00,0.107,0.107,0.1067,0.1067,51123.0
2025-01-13 01:03:00,0.1067,0.1067,0.1067,0.1067,78.0
2025-01-13 01:04:00,0.1067,0.1067,0.1065,0.1065,15422.0
2025-01-13 01:05:00,0.1067,0.1067,0.1065,0.1065,16791.0
2025-01-13 01:06:00,0.1065,0.1065,0.1064,0.1064,3356.0
2025-01-13 01:07:00,0.1065,0.1065,0.1065,0.1065,198.0
2025-01-13 01:08:00,0.1065,0.1065,0.1065,0.1065,0.0
2025-01-13 01:09:00,0.1065,0.1065,0.1065,0.1065,0.0
2025-01-13 01:10:00,0.1064,0.1064,0.1064,0.1064,574.0
2025-01-13 01:11:00,0.1065,0.1065,0.1063,0.1063,8822.0
2025-01-13 01:12:00,0.1063,0.1063,0.1063,0.1063,383.0
2025-01-13 01:13:00,0.1062,0.1062,0.1061,0.1061,3806.0
2025-01-13 01:14:00,0.1061,0.1061,0.1061,0.1061,6429.0
2025-01-13 01:15:00,0.106,0.106,0.106,0.106,1500.0
2025-01-13 01:16:00,0.1061,0.1061,0.1061,0.1061,3105.0
2025-01-13 01:17:00,0.1058,0.1058,0.1057,0.1057,34532.0
2025-01-13 01:18:00,0.1056,0.1056,0.1056,0.1056,194.0
2025-01-13 01:19:00,0.1059,0.1059,0.1058,0.1058,18020.0
2025-01-13 01:20:00,0.1058,0.1058,0.1058,0.1058,9302.0
2025-01-13 01:21:00,0.1059,0.1059,0.1059,0.1059,5084.0
2025-01-13 01:22:00,0.1059,0.1059,0.1059,0.1059,8418.0
2025-01-13 01:23:00,0.106,0.106,0.106,0.106,6823.0
2025-01-13 01:24:00,0.106,0.1062,0.106,0.1062,12458.0
2025-01-13 01:25:00,0.1062,0.1062,0.1062,0.1062,0.0
2025-01-13 01:26:00,0.1063,0.1063,0.1063,0.1063,8825.0
2025-01-13 01:27:00,0.1063,0.1063,0.1063,0.1063,0.0
2025-01-13 01:28:00,0.1064,0.1064,0.1063,0.1063,1457.0
2025-01-13 01:29:00,0.1063,0.1063,0.1063,0.1063,0.0
2025-01-13 01:30:00,0.1062,0.1062,0.106,0.106,13166.0
2025-01-13 01:31:00,0.1062,0.1063,0.1061,0.1063,2535.0
2025-01-13 01:32:00,0.1064,0.1064,0.1064,0.1064,67.0
2025-01-13 01:33:00,0.1065,0.1065,0.1065,0.1065,88.0
2025-01-13 01:34:00,0.1065,0.1065,0.1065,0.1065,547.0
2025-01-13 01:35:00,0.1065,0.1065,0.1064,0.1064,19054.0
2025-01-13 01:36:00,0.1063,0.1063,0.1063,0.1063,5570.0
2025-01-13 01:37:00,0.1063,0.1063,0.1063,0.1063,0.0
2025-01-13 01:38:00,0.1063,0.1063,0.1063,0.1063,0.0
2025-01-13 01:39:00,0.1061,0.1061,0.1061,0.1061,6210.0
2025-01-13 01:40:00,0.106,0.106,0.1058,0.1059,7444.0
2025-01-13 01:41:00,0.1057,0.1057,0.1057,0.1057,5698.0
2025-01-13 01:42:00,0.1058,0.1059,0.1058,0.1059,1986.0
2025-01-13 01:43:00,0.1059,0.1059,0.1058,0.1058,1198.0
2025-01-13 01:44:00,0.1058,0.1058,0.1058,0.1058,0.0
2025-01-13 01:45:00,0.1058,0.1059,0.1058,0.1059,7132.0
2025-01-13 01:46:00,0.1059,0.1059,0.1059,0.1059,0.0
2025-01-13 01:47:00,0.106,0.106,0.1057,0.1058,3026.0
2025-01-13 01:48:00,0.1058,0.1058,0.1057,0.1058,2157.0
2025-01-13 01:49:00,0.1057,0.1057,0.1054,0.1054,43484.0
2025-01-13 01:50:00,0.1052,0.1055,0.1052,0.1053,6087.0
2025-01-13 01:51:00,0.1053,0.1053,0.1053,0.1053,50.0
2025-01-13 01:52:00,0.1053,0.1053,0.1053,0.1053,2200.0
2025-01-13 01:53:00,0.1052,0.1052,0.1052,0.1052,304.0
2025-01-13 01:54:00,0.1052,0.1052,0.1052,0.1052,149.0
2025-01-13 01:55:00,0.1052,0.1052,0.1052,0.1052,1725.0
2025-01-13 01:56:00,0.1051,0.1052,0.1051,0.1052,6290.0
2025-01-13 01:57:00,0.1052,0.1052,0.1052,0.1052,3516.0
2025-01-13 01:58:00,0.1052,0.1052,0.1052,0.1052,0.0
2025-01-13 01:59:00,0.1052,0.1052,0.1052,0.1052,0.0
2025-01-13 02:00:00,0.1052,0.1054,0.1052,0.1054,13496.0
2025-01-13 02:01:00,0.1054,0.1054,0.1053,0.1053,12756.0
2025-01-13 02:02:00,0.1053,0.1053,0.1052,0.1052,7435.0
2025-01-13 02:03:00,0.1052,0.1052,0.1051,0.1051,7559.0
2025-01-13 02:04:00,0.1051,0.1051,0.1051,0.1051,2530.0
2025-01-13 02:05:00,0.1051,0.1051,0.1048,0.1048,5513.0
2025-01-13 02:06:00,0.1049,0.1049,0.1049,0.1049,3683.0
2025-01-13 02:07:00,0.105,0.1051,0.105,0.105,32908.0
2025-01-13 02:08:00,0.1049,0.1049,0.1047,0.1047,25950.0
2025-01-13 02:09:00,0.1049,0.1049,0.1049,0.1049,104.0
2025-01-13 02:10:00,0.1049,0.1049,0.1049,0.1049,0.0
2025-01-13 02:11:00,0.1049,0.1049,0.1049,0.1049,0.0
2025-01-13 02:12:00,0.1048,0.1048,0.1048,0.1048,2329.0
2025-01-13 02:13:00,0.1048,0.1048,0.1048,0.1048,0.0
2025-01-13 02:14:00,0.1049,0.1049,0.1049,0.1049,4835.0
2025-01-13 02:15:00,0.1049,0.1049,0.1048,0.1049,17216.0
2025-01-13 02:16:00,0.105,0.1051,0.105,0.1051,37053.0
2025-01-13 02:17:00,0.1051,0.1052,0.1051,0.1052,33901.0
2025-01-13 02:18:00,0.1052,0.1052,0.1052,0.1052,100.0
2025-01-13 02:19:00,0.1051,0.1051,0.1051,0.1051,14174.0
2025-01-13 02:20:00,0.1051,0.1051,0.1051,0.1051,0.0
2025-01-13 02:21:00,0.1049,0.1049,0.1048,0.1049,37630.0
2025-01-13 02:22:00,0.1049,0.1049,0.1048,0.1048,92670.0
2025-01-13 02:23:00,0.1048,0.1049,0.1048,0.1049,47538.0
2025-01-13 02:24:00,0.1048,0.1048,0.1048,0.1048,15045.0
2025-01-13 02:25:00,0.1048,0.1048,0.1048,0.1048,0.0
2025-01-13 02:26:00,0.1048,0.1048,0.1048,0.1048,148.0
2025-01-13 02:27:00,0.1048,0.1048,0.1048,0.1048,1812.0
2025-01-13 02:28:00,0.1048,0.1049,0.1048,0.1049,555.0
2025-01-13 02:29:00,0.1049,0.1049,0.1049,0.1049,0.0
2025-01-13 02:30:00,0.1048,0.1048,0.1045,0.1045,7537.0
2025-01-13 02:31:00,0.1044,0.1045,0.1043,0.1043,3156.0
2025-01-13 02:32:00,0.1042,0.1042,0.1042,0.1042,2238.0
2025-01-13 02:33:00,0.1042,0.1042,0.1042,0.1042,0.0
2025-01-13 02:34:00,0.1042,0.1043,0.1042,0.1043,29557.0
2025-01-13 02:35:00,0.1042,0.1042,0.1042,0.1042,10829.0
2025-01-13 02:36:00,0.1042,0.1042,0.1042,0.1042,70.0
2025-01-13 02:37:00,0.1041,0.1041,0.104,0.104,446.0
2025-01-13 02:38:00,0.1039,0.1039,0.1039,0.1039,1337.0
2025-01-13 02:39:00,0.1039,0.1039,0.1039,0.1039,0.0
2025-01-13 02:40:00,0.1039,0.1039,0.1039,0.1039,49.0
2025-01-13 02:41:00,0.1038,0.1038,0.1038,0.1038,2929.0
2025-01-13 02:42:00,0.1037,0.1037,0.1037,0.1037,8185.0
2025-01-13 02:43:00,0.1037,0.1039,0.1037,0.1039,29168.0
2025-01-13 02:44:00,0.1038,0.1038,0.1038,0.1038,12343.0
2025-01-13 02:45:00,0.1036,0.1036,0.1036,0.1036,3580.0
2025-01-13 02:46:00,0.1035,0.1035,0.1035,0.1035,13737.0
2025-01-13 02:47:00,0.1035,0.1035,0.1035,0.1035,4369.0
2025-01-13 02:48:00,0.1035,0.1035,0.1034,0.1035,1842.0
2025-01-13 02:49:00,0.1033,0.1034,0.1033,0.1034,4071.0
2025-01-13 02:50:00,0.1033,0.1033,0.1032,0.1032,13608.0
2025-01-13 02:51:00,0.1031,0.1031,0.1031,0.1031,54.0
2025-01-13 02:52:00,0.1033,0.1033,0.1032,0.1032,5500.0
2025-01-13 02:53:00,0.1032,0.1032,0.1032,0.1032,16312.0
2025-01-13 02:54:00,0.1034,0.1034,0.1032,0.1032,22232.0
2025-01-13 02:55:00,0.1034,0.1036,0.1034,0.1034,16404.0
2025-01-13 02:56:00,0.1034,0.1036,0.1034,0.1034,15601.0
2025-01-13 02:57:00,0.1036,0.1036,0.1036,0.1036,1453.0
2025-01-13 02:58:00,0.1037,0.1038,0.1037,0.1038,27576.0
2025-01-13 02:59:00,0.1038,0.1038,0.1038,0.1038,0.0
2025-01-13 03:00:00,0.104,0.104,0.1038,0.1038,8457.0
2025-01-13 03:01:00,0.104,0.1041,0.104,0.1041,2464.0
2025-01-13 03:02:00,0.1042,0.1042,0.1041,0.1041,3900.0
2025-01-13 03:03:00,0.1041,0.1043,0.1041,0.1043,28335.0
2025-01-13 03:04:00,0.1044,0.1044,0.1044,0.1044,3477.0
2025-01-13 03:05:00,0.1043,0.1043,0.1043,0.1043,144.0
2025-01-13 03:06:00,0.1042,0.1044,0.1042,0.1044,12708.0
2025-01-13 03:07:00,0.1044,0.1044,0.1044,0.1044,0.0
2025-01-13 03:08:00,0.1043,0.1043,0.1042,0.1042,1216.0
2025-01-13 03:09:00,0.1041,0.1041,0.1041,0.1041,5667.0
2025-01-13 03:10:00,0.1041,0.1041,0.104,0.104,22199.0
2025-01-13 03:11:00,0.1039,0.1039,0.1039,0.1039,2064.0
2025-01-13 03:12:00,0.1039,0.1039,0.1039,0.1039,0.0
2025-01-13 03:13:00,0.104,0.104,0.104,0.104,194.0
2025-01-13 03:14:00,0.1039,0.1039,0.1039,0.1039,1862.0
2025-01-13 03:15:00,0.1038,0.1039,0.1038,0.1039,17402.0
2025-01-13 03:16:00,0.1038,0.1038,0.1036,0.1038,7874.0
2025-01-13 03:17:00,0.1039,0.1039,0.1039,0.1039,2500.0
2025-01-13 03:18:00,0.1037,0.1037,0.1037,0.1037,6943.0
2025-01-13 03:19:00,0.1036,0.1038,0.1036,0.1038,11463.0
2025-01-13 03:20:00,0.1037,0.1037,0.1035,0.1035,1755.0
2025-01-13 03:21:00,0.1038,0.1038,0.1035,0.1035,2848.0
2025-01-13 03:22:00,0.1035,0.1035,0.1033,0.1033,13688.0
2025-01-13 03:23:00,0.1033,0.1033,0.1033,0.1033,1001.0
2025-01-13 03:24:00,0.1033,0.1033,0.1033,0.1033,0.0
2025-01-13 03:25:00,0.1035,0.1035,0.1035,0.1035,979.0
2025-01-13 03:26:00,0.1036,0.1036,0.1036,0.1036,825.0
2025-01-13 03:27:00,0.1037,0.1037,0.1037,0.1037,2904.0
2025-01-13 03:28:00,0.1037,0.1037,0.1037,0.1037,654.0
2025-01-13 03:29:00,0.1036,0.1036,0.1036,0.1036,61.0
2025-01-13 03:30:00,0.1037,0.1038,0.1037,0.1038,6761.0
2025-01-13 03:31:00,0.1037,0.1038,0.1037,0.1038,11373.0
2025-01-13 03:32:00,0.1037,0.1037,0.1036,0.1036,8161.0
2025-01-13 03:33:00,0.1035,0.1035,0.1033,0.1034,59062.0
2025-01-13 03:34:00,0.1037,0.1037,0.1037,0.1037,60.0
2025-01-13 03:35:00,0.1036,0.1037,0.1036,0.1037,4425.0
2025-01-13 03:36:00,0.1037,0.1037,0.1036,0.1036,3511.0
2025-01-13 03:37:00,0.1037,0.1037,0.1037,0.1037,260.0
2025-01-13 03:38:00,0.1036,0.1037,0.1036,0.1037,20949.0
2025-01-13 03:39:00,0.1037,0.1037,0.1036,0.1036,8631.0
2025-01-13 03:40:00,0.1037,0.1037,0.1036,0.1036,354.0
2025-01-13 03:41:00,0.1036,0.1036,0.1035,0.1035,5141.0
2025-01-13 03:42:00,0.1035,0.1035,0.1035,0.1035,0.0
2025-01-13 03:43:00,0.1035,0.1036,0.1035,0.1036,18127.0
2025-01-13 03:44:00,0.1036,0.1036,0.1035,0.1036,31092.0
2025-01-13 03:45:00,0.1035,0.1035,0.1028,0.1028,50758.0
2025-01-13 03:46:00,0.1029,0.103,0.1028,0.103,22572.0
2025-01-13 03:47:00,0.1029,0.1029,0.1025,0.1025,1172.0
2025-01-13 03:48:00,0.1024,0.1026,0.1024,0.1026,31036.0
2025-01-13 03:49:00,0.1029,0.1029,0.1028,0.1028,3970.0
2025-01-13 03:50:00,0.1027,0.1027,0.1025,0.1026,12171.0
2025-01-13 03:51:00,0.1026,0.1026,0.1026,0.1026,0.0
2025-01-13 03:52:00,0.1029,0.1029,0.1028,0.1029,446.0
2025-01-13 03:53:00,0.1029,0.1029,0.1029,0.1029,1349.0
2025-01-13 03:54:00,0.1029,0.1029,0.1029,0.1029,7075.0
2025-01-13 03:55:00,0.1028,0.1028,0.1028,0.1028,2926.0
2025-01-13 03:56:00,0.1028,0.1028,0.1027,0.1028,18924.0
2025-01-13 03:57:00,0.1028,0.1028,0.1028,0.1028,1754.0
2025-01-13 03:58:00,0.1028,0.1028,0.1028,0.1028,1855.0
2025-01-13 03:59:00,0.1028,0.1028,0.1028,0.1028,10005.0
2025-01-13 04:00:00,0.1028,0.1028,0.1025,0.1025,15438.0
2025-01-13 04:01:00,0.1027,0.1027,0.1026,0.1026,2801.0
2025-01-13 04:02:00,0.1025,0.1028,0.1025,0.1028,6967.0
2025-01-13 04:03:00,0.1029,0.1032,0.1029,0.1032,18157.0
2025-01-13 04:04:00,0.103,0.103,0.103,0.103,2791.0
2025-01-13 04:05:00,0.1031,0.1032,0.1031,0.1032,8155.0
2025-01-13 04:06:00,0.1031,0.1031,0.1031,0.1031,4866.0
2025-01-13 04:07:00,0.103,0.1031,0.103,0.1031,15794.0
2025-01-13 04:08:00,0.1031,0.1031,0.1031,0.1031,0.0
2025-01-13 04:09:00,0.1031,0.1033,0.1031,0.1033,8446.0
2025-01-13 04:10:00,0.1033,0.1033,0.1032,0.1032,4981.0
2025-01-13 04:11:00,0.1033,0.1033,0.1033,0.1033,6210.0
2025-01-13 04:12:00,0.1035,0.1036,0.1035,0.1035,5816.0
2025-01-13 04:13:00,0.1035,0.1036,0.1035,0.1035,3366.0
2025-01-13 04:14:00,0.1035,0.1035,0.1035,0.1035,0.0
2025-01-13 04:15:00,0.1036,0.1036,0.1035,0.1035,8380.0
2025-01-13 04:16:00,0.1037,0.1037,0.1036,0.1036,1570.0
2025-01-13 04:17:00,0.1037,0.1038,0.1037,0.1038,3488.0
2025-01-13 04:18:00,0.1038,0.1038,0.1038,0.1038,253.0
2025-01-13 04:19:00,0.1037,0.1037,0.1037,0.1037,269.0
2025-01-13 04:20:00,0.1038,0.1039,0.1038,0.1039,5851.0
2025-01-13 04:21:00,0.1037,0.1037,0.1037,0.1037,18515.0
2025-01-13 04:22:00,0.1037,0.1037,0.1036,0.1036,2947.0
2025-01-13 04:23:00,0.1037,0.1037,0.1036,0.1036,54796.0
2025-01-13 04:24:00,0.1037,0.1037,0.1037,0.1037,11076.0
2025-01-13 04:25:00,0.1039,0.1042,0.1039,0.1042,34387.0
2025-01-13 04:26:00,0.1042,0.1042,0.1041,0.1041,12951.0
2025-01-13 04:27:00,0.1043,0.1043,0.1042,0.1042,433.0
2025-01-13 04:28:00,0.1043,0.1043,0.1043,0.1043,292.0
2025-01-13 04:29:00,0.1041,0.1041,0.1041,0.1041,55.0
2025-01-13 04:30:00,0.1041,0.1041,0.104,0.104,689.0
2025-01-13 04:31:00,0.104,0.1042,0.104,0.1042,11303.0
2025-01-13 04:32:00,0.1043,0.1043,0.1043,0.1043,81.0
2025-01-13 04:33:00,0.1042,0.1042,0.1042,0.1042,6723.0
2025-01-13 04:34:00,0.1041,0.1041,0.1041,0.1041,61.0
2025-01-13 04:35:00,0.1039,0.1039,0.1039,0.1039,4866.0
2025-01-13 04:36:00,0.1039,0.1039,0.1039,0.1039,6083.0
2025-01-13 04:37:00,0.1039,0.1039,0.1039,0.1039,0.0
2025-01-13 04:38:00,0.1039,0.1039,0.1039,0.1039,0.0
2025-01-13 04:39:00,0.1038,0.1038,0.1038,0.1038,290.0
2025-01-13 04:40:00,0.1038,0.1038,0.1038,0.1038,4514.0
2025-01-13 04:41:00,0.1039,0.1039,0.1039,0.1039,50.0
2025-01-13 04:42:00,0.1039,0.1039,0.1037,0.1037,17081.0
2025-01-13 04:43:00,0.1037,0.1037,0.1037,0.1037,7233.0
2025-01-13 04:44:00,0.1037,0.1037,0.1037,0.1037,3105.0
2025-01-13 04:45:00,0.1035,0.1035,0.1034,0.1034,14617.0
2025-01-13 04:46:00,0.1036,0.1036,0.1036,0.1036,73.0
2025-01-13 04:47:00,0.1033,0.1033,0.1032,0.1032,11207.0
2025-01-13 04:48:00,0.1033,0.1033,0.1033,0.1033,2045.0
2025-01-13 04:49:00,0.1033,0.1033,0.1032,0.1033,14393.0
2025-01-13 04:50:00,0.1033,0.1033,0.1033,0.1033,5858.0
2025-01-13 04:51:00,0.1033,0.1033,0.1033,0.1033,0.0
2025-01-13 04:52:00,0.1034,0.1034,0.1034,0.1034,3105.0
2025-01-13 04:53:00,0.1032,0.1032,0.1032,0.1032,153.0
2025-01-13 04:54:00,0.1033,0.1033,0.1033,0.1033,201.0
2025-01-13 04:55:00,0.1032,0.1032,0.1032,0.1032,98.0
2025-01-13 04:56:00,0.1031,0.1032,0.1031,0.1032,2555.0
2025-01-13 04:57:00,0.1032,0.1033,0.1032,0.1033,3385.0
2025-01-13 04:58:00,0.1033,0.1033,0.1033,0.1033,0.0
2025-01-13 04:59:00,0.1032,0.1035,0.1032,0.1034,165410.0
2025-01-13 05:00:00,0.1033,0.1035,0.1033,0.1035,37563.0
2025-01-13 05:01:00,0.1034,0.1034,0.1032,0.1033,13205.0
2025-01-13 05:02:00,0.1033,0.1033,0.1033,0.1033,26476.0
2025-01-13 05:03:00,0.1032,0.1032,0.1031,0.1031,7888.0
2025-01-13 05:04:00,0.103,0.103,0.1029,0.1029,6535.0
2025-01-13 05:05:00,0.1029,0.1029,0.1028,0.1028,5050.0
2025-01-13 05:06:00,0.1028,0.1028,0.1026,0.1026,9351.0
2025-01-13 05:07:00,0.1027,0.1029,0.1027,0.1029,9990.0
2025-01-13 05:08:00,0.1029,0.1029,0.1029,0.1029,155.0
2025-01-13 05:09:00,0.1029,0.1029,0.1028,0.1029,30068.0
2025-01-13 05:10:00,0.1028,0.1028,0.1028,0.1028,11429.0
2025-01-13 05:11:00,0.1028,0.1028,0.1028,0.1028,14897.0
2025-01-13 05:12:00,0.1028,0.1028,0.1028,0.1028,0.0
2025-01-13 05:13:00,0.1028,0.1028,0.1028,0.1028,2234.0
2025-01-13 05:14:00,0.1028,0.1028,0.1028,0.1028,4957.0
2025-01-13 05:15:00,0.1028,0.103,0.1028,0.103,3362.0
2025-01-13 05:16:00,0.103,0.103,0.103,0.103,3764.0
2025-01-13 05:17:00,0.103,0.103,0.103,0.103,2889.0
2025-01-13 05:18:00,0.103,0.103,0.103,0.103,0.0
2025-01-13 05:19:00,0.1031,0.1031,0.1029,0.1029,2335.0
2025-01-13 05:20:00,0.1029,0.103,0.1029,0.103,1949.0
2025-01-13 05:21:00,0.103,0.103,0.103,0.103,0.0
2025-01-13 05:22:00,0.1029,0.1029,0.1029,0.1029,1500.0
2025-01-13 05:23:00,0.1028,0.1028,0.1028,0.1028,1864.0
2025-01-13 05:24:00,0.1028,0.1028,0.1028,0.1028,0.0
2025-01-13 05:25:00,0.1027,0.1027,0.1025,0.1026,20983.0
2025-01-13 05:26:00,0.1026,0.1026,0.1024,0.1024,16054.0
2025-01-13 05:27:00,0.1025,0.1025,0.1025,0.1025,4866.0
2025-01-13 05:28:00,0.1026,0.1026,0.1026,0.1026,303.0
2025-01-13 05:29:00,0.1027,0.1027,0.1026,0.1026,3705.0
2025-01-13 05:30:00,0.1026,0.1027,0.1025,0.1027,8960.0
2025-01-13 05:31:00,0.1027,0.1027,0.1026,0.1026,2751.0
2025-01-13 05:32:00,0.1026,0.1026,0.1026,0.1026,0.0
2025-01-13 05:33:00,0.1026,0.1026,0.1026,0.1026,0.0
2025-01-13 05:34:00,0.1024,0.1025,0.1024,0.1025,2767.0
2025-01-13 05:35:00,0.1025,0.1025,0.1025,0.1025,0.0
2025-01-13 05:36:00,0.1025,0.1025,0.1025,0.1025,4476.0
2025-01-13 05:37:00,0.1024,0.1024,0.1023,0.1023,234.0
2025-01-13 05:38:00,0.1023,0.1023,0.1022,0.1022,4258.0
2025-01-13 05:39:00,0.1023,0.1023,0.1023,0.1023,1500.0
2025-01-13 05:40:00,0.1023,0.1024,0.1023,0.1023,1953.0
2025-01-13 05:41:00,0.1022,0.1024,0.1022,0.1024,1731.0
2025-01-13 05:42:00,0.1026,0.1026,0.1025,0.1025,9429.0
2025-01-13 05:43:00,0.1024,0.1024,0.1024,0.1024,62.0
2025-01-13 05:44:00,0.1024,0.1024,0.1023,0.1023,5642.0
2025-01-13 05:45:00,0.1022,0.1022,0.1021,0.1021,6366.0
2025-01-13 05:46:00,0.1021,0.1021,0.1021,0.1021,16210.0
2025-01-13 05:47:00,0.102,0.102,0.1018,0.1019,113337.0
2025-01-13 05:48:00,0.1018,0.1019,0.1017,0.1018,21436.0
2025-01-13 05:49:00,0.1017,0.1017,0.1016,0.1016,160816.0
2025-01-13 05:50:00,0.1017,0.1018,0.1017,0.1017,14715.0
2025-01-13 05:51:00,0.1019,0.102,0.1018,0.102,1303.0
2025-01-13 05:52:00,0.102,0.102,0.102,0.102,10701.0
2025-01-13 05:53:00,0.1021,0.1022,0.1021,0.1022,4741.0
2025-01-13 05:54:00,0.1022,0.1022,0.1021,0.1022,2772.0
2025-01-13 05:55:00,0.102,0.102,0.102,0.102,62.0
2025-01-13 05:56:00,0.102,0.102,0.102,0.102,327.0
2025-01-13 05:57:00,0.1019,0.1019,0.1018,0.1018,945.0
2025-01-13 05:58:00,0.1018,0.1018,0.1018,0.1018,0.0
2025-01-13 05:59:00,0.1018,0.1019,0.1018,0.1019,2709.0
2025-01-13 06:00:00,0.1019,0.102,0.1019,0.102,15173.0
2025-01-13 06:01:00,0.1019,0.1019,0.1019,0.1019,1168.0
2025-01-13 06:02:00,0.1017,0.1017,0.1017,0.1017,1292.0
2025-01-13 06:03:00,0.1017,0.102,0.1017,0.102,10562.0
2025-01-13 06:04:00,0.1019,0.1021,0.1019,0.1021,3010.0
2025-01-13 06:05:00,0.1023,0.1024,0.1023,0.1024,9173.0
2025-01-13 06:06:00,0.1024,0.1024,0.1024,0.1024,3667.0
2025-01-13 06:07:00,0.1025,0.1025,0.1025,0.1025,2408.0
2025-01-13 06:08:00,0.1025,0.1025,0.1025,0.1025,12896.0
2025-01-13 06:09:00,0.1024,0.1024,0.1023,0.1024,10296.0
2025-01-13 06:10:00,0.1023,0.1026,0.1023,0.1025,3287.0
2025-01-13 06:11:00,0.1023,0.1023,0.1023,0.1023,62.0
2025-01-13 06:12:00,0.1023,0.1024,0.1023,0.1024,7806.0
2025-01-13 06:13:00,0.1025,0.1025,0.1025,0.1025,61.0
2025-01-13 06:14:00,0.1025,0.1025,0.1023,0.1023,1849.0
2025-01-13 06:15:00,0.1023,0.1023,0.1021,0.1021,5723.0
2025-01-13 06:16:00,0.1021,0.1021,0.1021,0.1021,62.0
2025-01-13 06:17:00,0.102,0.102,0.1019,0.1019,5130.0
2025-01-13 06:18:00,0.102,0.102,0.102,0.102,62.0
2025-01-13 06:19:00,0.102,0.102,0.1019,0.1019,8107.0
2025-01-13 06:20:00,0.1019,0.1019,0.1018,0.1018,3393.0
2025-01-13 06:21:00,0.102,0.102,0.102,0.102,62.0
2025-01-13 06:22:00,0.102,0.102,0.1019,0.1019,37890.0
2025-01-13 06:23:00,0.102,0.1021,0.102,0.1021,41743.0
2025-01-13 06:24:00,0.102,0.1021,0.102,0.1021,2459.0
2025-01-13 06:25:00,0.1021,0.1021,0.1019,0.102,1525.0
2025-01-13 06:26:00,0.1019,0.1019,0.1019,0.1019,800.0
2025-01-13 06:27:00,0.102,0.102,0.1017,0.1017,277.0
2025-01-13 06:28:00,0.1016,0.1016,0.1014,0.1016,43164.0
2025-01-13 06:29:00,0.1016,0.1016,0.1016,0.1016,7375.0
2025-01-13 06:30:00,0.1016,0.1018,0.1016,0.1018,50727.0
2025-01-13 06:31:00,0.1017,0.1017,0.1016,0.1016,5458.0
2025-01-13 06:32:00,0.1016,0.1016,0.1015,0.1015,58454.0
2025-01-13 06:33:00,0.1015,0.1015,0.1015,0.1015,3575.0
2025-01-13 06:34:00,0.1015,0.1015,0.1012,0.1013,16673.0
2025-01-13 06:35:00,0.1013,0.1013,0.1012,0.1012,11137.0
2025-01-13 06:36:00,0.1011,0.1013,0.101,0.1011,8598.0
2025-01-13 06:37:00,0.101,0.1011,0.1008,0.101,89452.0
2025-01-13 06:38:00,0.101,0.1011,0.1009,0.1009,721.0
2025-01-13 06:39:00,0.1011,0.1013,0.1011,0.1012,45898.0
2025-01-13 06:40:00,0.1012,0.1013,0.1011,0.1012,4277.0
2025-01-13 06:41:00,0.1013,0.1013,0.1011,0.1011,9247.0
2025-01-13 06:42:00,0.1011,0.1011,0.101,0.101,42053.0
2025-01-13 06:43:00,0.1009,0.1011,0.1009,0.101,9209.0
2025-01-13 06:44:00,0.101,0.101,0.101,0.101,103938.0
2025-01-13 06:45:00,0.101,0.101,0.1009,0.1009,3875.0
2025-01-13 06:46:00,0.1009,0.1009,0.1007,0.1008,16854.0
2025-01-13 06:47:00,0.1006,0.1006,0.1003,0.1003,198017.0
2025-01-13 06:48:00,0.1004,0.1006,0.1004,0.1005,20212.0
2025-01-13 06:49:00,0.1005,0.1007,0.1005,0.1006,28458.0
2025-01-13 06:50:00,0.1006,0.1007,0.1005,0.1006,10040.0
2025-01-13 06:51:00,0.1005,0.1005,0.1002,0.1003,19417.0
2025-01-13 06:52:00,0.1003,0.1004,0.1003,0.1004,11560.0
2025-01-13 06:53:00,0.1004,0.1004,0.1002,0.1002,2154.0
2025-01-13 06:54:00,0.1002,0.1002,0.1,0.1001,110816.0
2025-01-13 06:55:00,0.1001,0.1002,0.1,0.1002,42353.0
2025-01-13 06:56:00,0.1002,0.1004,0.1001,0.1004,23417.0
2025-01-13 06:57:00,0.1002,0.1004,0.1001,0.1002,8503.0
2025-01-13 06:58:00,0.1004,0.1005,0.1004,0.1005,4523.0
2025-01-13 06:59:00,0.1004,0.1005,0.1004,0.1005,1942.0
2025-01-13 07:00:00,0.1007,0.1008,0.1005,0.1005,4931.0
2025-01-13 07:01:00,0.1006,0.1008,0.1006,0.1007,9274.0
2025-01-13 07:02:00,0.1007,0.1007,0.1006,0.1006,2497.0
2025-01-13 07:03:00,0.1006,0.1007,0.1006,0.1007,4380.0
2025-01-13 07:04:00,0.1007,0.1007,0.1007,0.1007,0.0
2025-01-13 07:05:00,0.1005,0.1005,0.1003,0.1003,54058.0
2025-01-13 07:06:00,0.1002,0.1003,0.1002,0.1003,1392.0
2025-01-13 07:07:00,0.1001,0.1003,0.1001,0.1003,5896.0
2025-01-13 07:08:00,0.1004,0.1007,0.1004,0.1006,44437.0
2025-01-13 07:09:00,0.1007,0.1011,0.1007,0.101,161986.0
2025-01-13 07:10:00,0.1011,0.1012,0.1011,0.1012,7825.0
2025-01-13 07:11:00,0.1011,0.1011,0.1011,0.1011,2016.0
2025-01-13 07:12:00,0.1012,0.1013,0.1011,0.1011,17719.0
2025-01-13 07:13:00,0.1012,0.1012,0.1012,0.1012,889.0
2025-01-13 07:14:00,0.1012,0.1012,0.1012,0.1012,0.0
2025-01-13 07:15:00,0.1008,0.1008,0.1007,0.1007,2674.0
2025-01-13 07:16:00,0.1008,0.1008,0.1008,0.1008,5064.0
2025-01-13 07:17:00,0.1008,0.1009,0.1008,0.1009,9465.0
2025-01-13 07:18:00,0.101,0.101,0.101,0.101,10276.0
2025-01-13 07:19:00,0.101,0.101,0.101,0.101,411.0
2025-01-13 07:20:00,0.101,0.1012,0.101,0.1011,5260.0
2025-01-13 07:21:00,0.1012,0.1012,0.1011,0.1012,7526.0
2025-01-13 07:22:00,0.1012,0.1014,0.1012,0.1014,8293.0
2025-01-13 07:23:00,0.1014,0.1014,0.1014,0.1014,0.0
2025-01-13 07:24:00,0.1012,0.1012,0.1012,0.1012,13108.0
2025-01-13 07:25:00,0.1013,0.1013,0.1012,0.1012,21122.0
2025-01-13 07:26:00,0.1012,0.1012,0.1012,0.1012,567.0
2025-01-13 07:27:00,0.1011,0.1011,0.101,0.1011,76587.0
2025-01-13 07:28:00,0.1011,0.1012,0.101,0.1012,71778.0
2025-01-13 07:29:00,0.1011,0.1011,0.1011,0.1011,4588.0
2025-01-13 07:30:00,0.1009,0.1009,0.1009,0.1009,1972.0
2025-01-13 07:31:00,0.1009,0.1009,0.1008,0.1008,1187.0
2025-01-13 07:32:00,0.1011,0.1011,0.101,0.101,5704.0
2025-01-13 07:33:00,0.1011,0.1013,0.1011,0.1011,8861.0
2025-01-13 07:34:00,0.1012,0.1012,0.1011,0.1011,3191.0
2025-01-13 07:35:00,0.1013,0.1014,0.1013,0.1014,21054.0
2025-01-13 07:36:00,0.1015,0.1017,0.1015,0.1015,14424.0
2025-01-13 07:37:00,0.1015,0.1015,0.1015,0.1015,62.0
2025-01-13 07:38:00,0.1016,0.1016,0.1014,0.1014,258.0
2025-01-13 07:39:00,0.1014,0.1014,0.1013,0.1013,162.0
2025-01-13 07:40:00,0.1014,0.1014,0.1013,0.1013,621.0
2025-01-13 07:41:00,0.1014,0.1016,0.1014,0.1015,2304.0
2025-01-13 07:42:00,0.1016,0.1016,0.1015,0.1015,1920.0
2025-01-13 07:43:00,0.1015,0.1015,0.1015,0.1015,255.0
2025-01-13 07:44:00,0.1014,0.1014,0.1013,0.1013,5172.0
2025-01-13 07:45:00,0.1013,0.1013,0.1013,0.1013,6208.0
2025-01-13 07:46:00,0.1013,0.1013,0.1012,0.1012,19386.0
2025-01-13 07:47:00,0.1012,0.1013,0.1012,0.1013,1287.0
2025-01-13 07:48:00,0.1013,0.1013,0.1011,0.1011,1509.0
2025-01-13 07:49:00,0.1011,0.1011,0.101,0.101,163.0
2025-01-13 07:50:00,0.101,0.101,0.1009,0.1009,5125.0
2025-01-13 07:51:00,0.101,0.101,0.101,0.101,2584.0
2025-01-13 07:52:00,0.101,0.101,0.101,0.101,1347.0
2025-01-13 07:53:00,0.101,0.1011,0.101,0.1011,14400.0
2025-01-13 07:54:00,0.1011,0.1011,0.1011,0.1011,0.0
2025-01-13 07:55:00,0.1011,0.1011,0.1011,0.1011,0.0
2025-01-13 07:56:00,0.101,0.101,0.101,0.101,4301.0
2025-01-13 07:57:00,0.1011,0.1011,0.101,0.101,10360.0
2025-01-13 07:58:00,0.101,0.101,0.101,0.101,17144.0
2025-01-13 07:59:00,0.1011,0.1011,0.1011,0.1011,651.0
2025-01-13 08:00:00,0.1012,0.1013,0.1011,0.1011,42346.0
2025-01-13 08:01:00,0.101,0.101,0.101,0.101,432.0
2025-01-13 08:02:00,0.101,0.101,0.101,0.101,2747.0
2025-01-13 08:03:00,0.101,0.101,0.1009,0.1009,3895.0
2025-01-13 08:04:00,0.1008,0.1008,0.1006,0.1006,22736.0
2025-01-13 08:05:00,0.1006,0.1007,0.1005,0.1005,112989.0
2025-01-13 08:06:00,0.1004,0.1004,0.1002,0.1002,58855.0
2025-01-13 08:07:00,0.1002,0.1002,0.1002,0.1002,4638.0
2025-01-13 08:08:00,0.1001,0.1001,0.0999,0.1,152226.0
2025-01-13 08:09:00,0.0999,0.1001,0.0999,0.1001,13428.0
2025-01-13 08:10:00,0.1001,0.1001,0.1,0.1,8843.0
2025-01-13 08:11:00,0.1,0.1,0.1,0.1,3555.0
2025-01-13 08:12:00,0.1,0.1,0.1,0.1,235.0
2025-01-13 08:13:00,0.1,0.1001,0.0999,0.1001,30059.0
2025-01-13 08:14:00,0.1,0.1002,0.1,0.1002,8149.0
2025-01-13 08:15:00,0.1,0.1001,0.1,0.1001,4929.0
2025-01-13 08:16:00,0.1001,0.1001,0.1,0.1,13179.0
2025-01-13 08:17:00,0.0999,0.0999,0.0996,0.0997,97844.0
2025-01-13 08:18:00,0.0997,0.0997,0.0997,0.0997,10759.0
2025-01-13 08:19:00,0.0997,0.0997,0.0997,0.0997,63.0
2025-01-13 08:20:00,0.0997,0.0998,0.0996,0.0998,39495.0
2025-01-13 08:21:00,0.0997,0.0997,0.0997,0.0997,64.0
2025-01-13 08:22:00,0.0998,0.0998,0.0995,0.0995,139358.0
2025-01-13 08:23:00,0.0995,0.0995,0.0991,0.0991,27795.0
2025-01-13 08:24:00,0.0994,0.0995,0.0994,0.0995,23962.0
2025-01-13 08:25:00,0.0994,0.0997,0.0994,0.0997,13523.0
2025-01-13 08:26:00,0.0998,0.1003,0.0997,0.1001,530425.0
2025-01-13 08:27:00,0.0999,0.1,0.0998,0.0998,94555.0
2025-01-13 08:28:00,0.0998,0.0999,0.0998,0.0998,110703.0
2025-01-13 08:29:00,0.0998,0.0998,0.0998,0.0998,58333.0
2025-01-13 08:30:00,0.0998,0.0998,0.0996,0.0996,4662.0
2025-01-13 08:31:00,0.0997,0.0998,0.0997,0.0998,9172.0
2025-01-13 08:32:00,0.0996,0.0997,0.0996,0.0997,3272.0
2025-01-13 08:33:00,0.0995,0.0995,0.0993,0.0994,30048.0
2025-01-13 08:34:00,0.0995,0.0995,0.0993,0.0993,133909.0
2025-01-13 08:35:00,0.0995,0.0997,0.0995,0.0997,15349.0
2025-01-13 08:36:00,0.0998,0.0999,0.0998,0.0998,6768.0
2025-01-13 08:37:00,0.0997,0.0997,0.0997,0.0997,3053.0
2025-01-13 08:38:00,0.0996,0.0997,0.0996,0.0996,6996.0
2025-01-13 08:39:00,0.0998,0.0998,0.0997,0.0997,2232.0
2025-01-13 08:40:00,0.0997,0.0998,0.0997,0.0998,2285.0
2025-01-13 08:41:00,0.0997,0.0997,0.0996,0.0996,36586.0
2025-01-13 08:42:00,0.0997,0.0998,0.0997,0.0997,3402.0
2025-01-13 08:43:00,0.0996,0.0996,0.0996,0.0996,7746.0
2025-01-13 08:44:00,0.0998,0.0999,0.0998,0.0999,1790.0
2025-01-13 08:45:00,0.0997,0.0997,0.0997,0.0997,3781.0
2025-01-13 08:46:00,0.0998,0.0998,0.0995,0.0995,3182.0
2025-01-13 08:47:00,0.0995,0.0995,0.0995,0.0995,7327.0
2025-01-13 08:48:00,0.0994,0.0995,0.0994,0.0994,4968.0
2025-01-13 08:49:00,0.0994,0.0994,0.0993,0.0993,8321.0
2025-01-13 08:50:00,0.0993,0.0993,0.0993,0.0993,1836.0
2025-01-13 08:51:00,0.0993,0.0993,0.0993,0.0993,2173.0
2025-01-13 08:52:00,0.0992,0.0992,0.0991,0.0991,8059.0
2025-01-13 08:53:00,0.0992,0.0993,0.0992,0.0992,31751.0
2025-01-13 08:54:00,0.0992,0.0992,0.0992,0.0992,2505.0
2025-01-13 08:55:00,0.0992,0.0992,0.0991,0.0992,3205.0
2025-01-13 08:56:00,0.0993,0.0993,0.0993,0.0993,139.0
2025-01-13 08:57:00,0.0993,0.0994,0.0992,0.0994,51335.0
2025-01-13 08:58:00,0.0994,0.0996,0.0994,0.0995,31489.0
2025-01-13 08:59:00,0.0995,0.0995,0.0994,0.0994,5819.0
2025-01-13 09:00:00,0.0994,0.0996,0.0994,0.0996,1398.0
2025-01-13 09:01:00,0.0994,0.0994,0.0994,0.0994,9122.0
2025-01-13 09:02:00,0.0994,0.0996,0.0994,0.0996,4935.0
2025-01-13 09:03:00,0.0998,0.0999,0.0997,0.0997,28056.0
2025-01-13 09:04:00,0.0996,0.0996,0.0994,0.0995,29357.0
2025-01-13 09:05:00,0.0996,0.0996,0.0996,0.0996,5605.0
2025-01-13 09:06:00,0.0996,0.0997,0.0993,0.0993,40933.0
2025-01-13 09:07:00,0.0993,0.0994,0.0992,0.0992,19861.0
2025-01-13 09:08:00,0.0991,0.0991,0.0987,0.0987,62209.0
2025-01-13 09:09:00,0.0987,0.0993,0.0987,0.0992,46145.0
2025-01-13 09:10:00,0.0993,0.0993,0.0992,0.0992,4059.0
2025-01-13 09:11:00,0.0992,0.0993,0.0992,0.0992,16237.0
2025-01-13 09:12:00,0.0992,0.0992,0.099,0.099,4087.0
2025-01-13 09:13:00,0.099,0.099,0.099,0.099,8999.0
2025-01-13 09:14:00,0.099,0.099,0.0989,0.0989,7778.0
2025-01-13 09:15:00,0.0989,0.099,0.0988,0.0988,1274.0
2025-01-13 09:16:00,0.0987,0.0989,0.0987,0.0988,47280.0
2025-01-13 09:17:00,0.0987,0.0988,0.0987,0.0988,7465.0
2025-01-13 09:18:00,0.0987,0.0988,0.0987,0.0988,5493.0
2025-01-13 09:19:00,0.0987,0.0988,0.0987,0.0987,5088.0
2025-01-13 09:20:00,0.0986,0.0988,0.0985,0.0986,86788.0
2025-01-13 09:21:00,0.0987,0.0987,0.0986,0.0986,15363.0
2025-01-13 09:22:00,0.0985,0.0987,0.0985,0.0986,32203.0
2025-01-13 09:23:00,0.0985,0.0986,0.0985,0.0985,2634.0
2025-01-13 09:24:00,0.0984,0.0986,0.0983,0.0985,113665.0
2025-01-13 09:25:00,0.0985,0.0987,0.0985,0.0987,9112.0
2025-01-13 09:26:00,0.0987,0.0988,0.0987,0.0988,13739.0
2025-01-13 09:27:00,0.0987,0.0987,0.0987,0.0987,2189.0
2025-01-13 09:28:00,0.0987,0.0987,0.0987,0.0987,0.0
2025-01-13 09:29:00,0.0985,0.0985,0.0981,0.0984,187483.0
2025-01-13 09:30:00,0.0984,0.0985,0.0984,0.0985,13323.0
2025-01-13 09:31:00,0.0985,0.0987,0.0985,0.0986,32503.0
2025-01-13 09:32:00,0.0986,0.0986,0.0983,0.0985,10923.0
2025-01-13 09:33:00,0.0984,0.0984,0.098,0.0981,60464.0
2025-01-13 09:34:00,0.0983,0.0985,0.0981,0.0982,21341.0
2025-01-13 09:35:00,0.0983,0.0988,0.0983,0.0988,2953.0
2025-01-13 09:36:00,0.0987,0.0988,0.0987,0.0988,4801.0
2025-01-13 09:37:00,0.0988,0.0991,0.0988,0.0989,10228.0
2025-01-13 09:38:00,0.099,0.0993,0.099,0.0991,22022.0
2025-01-13 09:39:00,0.0991,0.0991,0.0991,0.0991,215.0
2025-01-13 09:40:00,0.0992,0.0992,0.0991,0.0991,4937.0
2025-01-13 09:41:00,0.099,0.0991,0.099,0.0991,2977.0
2025-01-13 09:42:00,0.099,0.099,0.0989,0.0989,573.0
2025-01-13 09:43:00,0.0989,0.0989,0.0987,0.0988,9634.0
2025-01-13 09:44:00,0.0988,0.0989,0.0988,0.0989,8447.0
2025-01-13 09:45:00,0.0988,0.0988,0.0987,0.0988,8347.0
2025-01-13 09:46:00,0.0987,0.0988,0.0986,0.0988,6216.0
2025-01-13 09:47:00,0.0989,0.0989,0.0989,0.0989,1799.0
2025-01-13 09:48:00,0.0989,0.0989,0.0989,0.0989,0.0
2025-01-13 09:49:00,0.099,0.099,0.0989,0.099,9137.0
2025-01-13 09:50:00,0.0991,0.0991,0.0989,0.0989,9339.0
2025-01-13 09:51:00,0.099,0.099,0.0988,0.0989,6194.0
2025-01-13 09:52:00,0.0988,0.0988,0.0987,0.0988,11370.0
2025-01-13 09:53:00,0.099,0.099,0.099,0.099,4040.0
2025-01-13 09:54:00,0.0989,0.0989,0.0987,0.0987,10804.0
2025-01-13 09:55:00,0.0987,0.0987,0.0986,0.0987,15829.0
2025-01-13 09:56:00,0.0986,0.0988,0.0986,0.0988,6790.0
2025-01-13 09:57:00,0.0986,0.0986,0.0986,0.0986,6239.0
2025-01-13 09:58:00,0.0987,0.0987,0.0987,0.0987,6462.0
2025-01-13 09:59:00,0.0987,0.0987,0.0987,0.0987,0.0
2025-01-13 10:00:00,0.0987,0.0987,0.0985,0.0985,12248.0
2025-01-13 10:01:00,0.0983,0.0986,0.0983,0.0986,20676.0
2025-01-13 10:02:00,0.0986,0.0986,0.0982,0.0983,18345.0
2025-01-13 10:03:00,0.0983,0.0984,0.098,0.098,11948.0
2025-01-13 10:04:00,0.098,0.0981,0.098,0.098,7236.0
2025-01-13 10:05:00,0.0982,0.0983,0.0981,0.0981,32600.0
2025-01-13 10:06:00,0.0983,0.0983,0.0983,0.0983,6217.0
2025-01-13 10:07:00,0.0983,0.0983,0.0983,0.0983,6065.0
2025-01-13 10:08:00,0.0983,0.0983,0.0982,0.0982,6590.0
2025-01-13 10:09:00,0.0981,0.0985,0.0981,0.0984,17526.0
2025-01-13 10:10:00,0.0985,0.0986,0.0985,0.0986,797.0
2025-01-13 10:11:00,0.0984,0.0985,0.0984,0.0985,14952.0
2025-01-13 10:12:00,0.0985,0.0985,0.0985,0.0985,13794.0
2025-01-13 10:13:00,0.0984,0.0985,0.0984,0.0984,12128.0
2025-01-13 10:14:00,0.0983,0.0984,0.0983,0.0984,4860.0
2025-01-13 10:15:00,0.0983,0.0983,0.0982,0.0983,24055.0
2025-01-13 10:16:00,0.0983,0.0985,0.0983,0.0984,18773.0
2025-01-13 10:17:00,0.0984,0.0985,0.0983,0.0983,8776.0
2025-01-13 10:18:00,0.0983,0.0984,0.0983,0.0984,9481.0
2025-01-13 10:19:00,0.0985,0.0985,0.0985,0.0985,5506.0
2025-01-13 10:20:00,0.0985,0.0985,0.0984,0.0984,10462.0
2025-01-13 10:21:00,0.0983,0.0984,0.0983,0.0983,3350.0
2025-01-13 10:22:00,0.0982,0.0982,0.0981,0.0981,18575.0
2025-01-13 10:23:00,0.0981,0.0981,0.0981,0.0981,2019.0
2025-01-13 10:24:00,0.098,0.098,0.0976,0.0976,41042.0
2025-01-13 10:25:00,0.0976,0.0978,0.0975,0.0975,26702.0
2025-01-13 10:26:00,0.0976,0.0977,0.0976,0.0976,18224.0
2025-01-13 10:27:00,0.0976,0.0976,0.0976,0.0976,1454.0
2025-01-13 10:28:00,0.0976,0.0976,0.0975,0.0975,18599.0
2025-01-13 10:29:00,0.0974,0.0976,0.0974,0.0976,30508.0
2025-01-13 10:30:00,0.0975,0.0975,0.0972,0.0972,15343.0
2025-01-13 10:31:00,0.0972,0.0975,0.0972,0.0974,15813.0
2025-01-13 10:32:00,0.0973,0.0974,0.0972,0.0973,19990.0
2025-01-13 10:33:00,0.0973,0.0973,0.0972,0.0972,9037.0
2025-01-13 10:34:00,0.0972,0.0973,0.097,0.0972,94450.0
2025-01-13 10:35:00,0.0974,0.0975,0.0974,0.0975,13019.0
2025-01-13 10:36:00,0.0976,0.0978,0.0976,0.0978,17575.0
2025-01-13 10:37:00,0.0977,0.0977,0.0976,0.0977,24493.0
2025-01-13 10:38:00,0.0976,0.0976,0.0974,0.0974,8625.0
2025-01-13 10:39:00,0.0974,0.0976,0.0974,0.0976,6088.0
2025-01-13 10:40:00,0.0976,0.0977,0.0976,0.0976,3799.0
2025-01-13 10:41:00,0.0976,0.0976,0.0975,0.0975,7539.0
2025-01-13 10:42:00,0.0974,0.0974,0.0972,0.0973,17048.0
2025-01-13 10:43:00,0.0973,0.0974,0.0973,0.0973,42238.0
2025-01-13 10:44:00,0.0973,0.0974,0.0973,0.0974,4409.0
2025-01-13 10:45:00,0.0973,0.0975,0.0973,0.0974,25504.0
2025-01-13 10:46:00,0.0974,0.0977,0.0974,0.0976,7048.0
2025-01-13 10:47:00,0.0976,0.0977,0.0975,0.0975,12351.0
2025-01-13 10:48:00,0.0974,0.0974,0.0973,0.0973,163.0
2025-01-13 10:49:00,0.0972,0.0972,0.0972,0.0972,462.0
2025-01-13 10:50:00,0.0972,0.0973,0.0971,0.0972,22365.0
2025-01-13 10:51:00,0.0972,0.0972,0.0972,0.0972,2054.0
2025-01-13 10:52:00,0.0971,0.0971,0.097,0.097,6560.0
2025-01-13 10:53:00,0.097,0.097,0.097,0.097,98.0
2025-01-13 10:54:00,0.0971,0.0971,0.0971,0.0971,5660.0
2025-01-13 10:55:00,0.0971,0.0972,0.0971,0.0972,2052.0
2025-01-13 10:56:00,0.0971,0.0975,0.0971,0.0975,22319.0
2025-01-13 10:57:00,0.0974,0.0977,0.0974,0.0977,2777.0
2025-01-13 10:58:00,0.0977,0.0978,0.0977,0.0977,13796.0
2025-01-13 10:59:00,0.0977,0.0977,0.0976,0.0976,3922.0
2025-01-13 11:00:00,0.0976,0.0976,0.0973,0.0973,10405.0
2025-01-13 11:01:00,0.0973,0.0974,0.0973,0.0974,1124.0
2025-01-13 11:02:00,0.0974,0.0974,0.0974,0.0974,0.0
2025-01-13 11:03:00,0.0974,0.0975,0.0973,0.0975,6670.0
2025-01-13 11:04:00,0.0975,0.0975,0.0974,0.0974,2676.0
2025-01-13 11:05:00,0.0974,0.0975,0.0974,0.0975,565.0
2025-01-13 11:06:00,0.0974,0.0975,0.0974,0.0974,6686.0
2025-01-13 11:07:00,0.0972,0.0972,0.0971,0.0972,24619.0
2025-01-13 11:08:00,0.0972,0.0972,0.0971,0.0971,6587.0
2025-01-13 11:09:00,0.097,0.097,0.0968,0.0969,51078.0
2025-01-13 11:10:00,0.0969,0.0971,0.0969,0.0969,17823.0
2025-01-13 11:11:00,0.0969,0.0969,0.0969,0.0969,17353.0
2025-01-13 11:12:00,0.097,0.0972,0.097,0.0972,49114.0
2025-01-13 11:13:00,0.0971,0.0971,0.097,0.097,9297.0
2025-01-13 11:14:00,0.097,0.097,0.097,0.097,3463.0
2025-01-13 11:15:00,0.097,0.097,0.0969,0.0969,443.0
2025-01-13 11:16:00,0.0971,0.0971,0.0971,0.0971,5363.0
2025-01-13 11:17:00,0.097,0.097,0.097,0.097,2550.0
2025-01-13 11:18:00,0.097,0.0973,0.097,0.0973,926.0
2025-01-13 11:19:00,0.0972,0.0972,0.0972,0.0972,3663.0
2025-01-13 11:20:00,0.0973,0.0973,0.0971,0.0971,3003.0
2025-01-13 11:21:00,0.0973,0.0973,0.0973,0.0973,7930.0
2025-01-13 11:22:00,0.0973,0.0973,0.0973,0.0973,3893.0
2025-01-13 11:23:00,0.0974,0.0974,0.0974,0.0974,11271.0
2025-01-13 11:24:00,0.0973,0.0973,0.0973,0.0973,147.0
2025-01-13 11:25:00,0.0971,0.0971,0.0971,0.0971,807.0
2025-01-13 11:26:00,0.097,0.097,0.097,0.097,1839.0
2025-01-13 11:27:00,0.0968,0.0969,0.0968,0.0968,15108.0
2025-01-13 11:28:00,0.0968,0.0968,0.0968,0.0968,10599.0
2025-01-13 11:29:00,0.0968,0.0968,0.0967,0.0967,25317.0
2025-01-13 11:30:00,0.0967,0.0969,0.0967,0.0969,18926.0
2025-01-13 11:31:00,0.0969,0.0969,0.0969,0.0969,334.0
2025-01-13 11:32:00,0.0968,0.0968,0.0965,0.0965,69561.0
2025-01-13 11:33:00,0.0965,0.0966,0.0964,0.0964,62404.0
2025-01-13 11:34:00,0.0966,0.0966,0.0964,0.0964,47856.0
2025-01-13 11:35:00,0.0964,0.0967,0.0963,0.0966,86430.0
2025-01-13 11:36:00,0.0966,0.0966,0.0963,0.0963,6846.0
2025-01-13 11:37:00,0.0964,0.0965,0.0961,0.0961,106843.0
2025-01-13 11:38:00,0.0961,0.0962,0.0959,0.0959,22483.0
2025-01-13 11:39:00,0.096,0.0962,0.0958,0.0959,3817.0
2025-01-13 11:40:00,0.0959,0.0959,0.0959,0.0959,5123.0
2025-01-13 11:41:00,0.0958,0.0958,0.0956,0.0957,25091.0
2025-01-13 11:42:00,0.0957,0.0958,0.0955,0.0955,55901.0
2025-01-13 11:43:00,0.0956,0.0958,0.0956,0.0957,20448.0
2025-01-13 11:44:00,0.0957,0.0957,0.0956,0.0957,67090.0
2025-01-13 11:45:00,0.0958,0.0961,0.0958,0.0961,30656.0
2025-01-13 11:46:00,0.096,0.0965,0.096,0.0964,76542.0
2025-01-13 11:47:00,0.0963,0.0964,0.0963,0.0964,4751.0
2025-01-13 11:48:00,0.0964,0.0964,0.0963,0.0963,14032.0
2025-01-13 11:49:00,0.0964,0.0964,0.0964,0.0964,2894.0
2025-01-13 11:50:00,0.0963,0.0966,0.0963,0.0966,22595.0
2025-01-13 11:51:00,0.0963,0.0965,0.0963,0.0964,23333.0
2025-01-13 11:52:00,0.0965,0.0965,0.0963,0.0963,1156.0
2025-01-13 11:53:00,0.0962,0.0962,0.0962,0.0962,2884.0
2025-01-13 11:54:00,0.096,0.096,0.096,0.096,2574.0
2025-01-13 11:55:00,0.0961,0.0961,0.0959,0.0959,11081.0
2025-01-13 11:56:00,0.0959,0.096,0.0959,0.096,5462.0
2025-01-13 11:57:00,0.096,0.096,0.0958,0.0958,5858.0
2025-01-13 11:58:00,0.0958,0.0959,0.0956,0.0956,4957.0
2025-01-13 11:59:00,0.0957,0.0957,0.0956,0.0956,1807.0
2025-01-13 12:00:00,0.0956,0.0958,0.0956,0.0958,12894.0
2025-01-13 12:01:00,0.0956,0.0959,0.0956,0.0958,31348.0
2025-01-13 12:02:00,0.0958,0.0958,0.0955,0.0956,21892.0
2025-01-13 12:03:00,0.0956,0.0956,0.0954,0.0954,17657.0
2025-01-13 12:04:00,0.0955,0.0955,0.0955,0.0955,3639.0
2025-01-13 12:05:00,0.0953,0.0953,0.0952,0.0953,52243.0
2025-01-13 12:06:00,0.0954,0.0956,0.0954,0.0956,12689.0
2025-01-13 12:07:00,0.0958,0.0962,0.0958,0.0962,23810.0
2025-01-13 12:08:00,0.0961,0.0964,0.0961,0.0962,12513.0
2025-01-13 12:09:00,0.0962,0.0964,0.0962,0.0964,13189.0
2025-01-13 12:10:00,0.0965,0.0965,0.0965,0.0965,19441.0
2025-01-13 12:11:00,0.0965,0.0966,0.0965,0.0966,8782.0
2025-01-13 12:12:00,0.0966,0.0966,0.0966,0.0966,0.0
2025-01-13 12:13:00,0.0965,0.0965,0.0965,0.0965,8430.0
2025-01-13 12:14:00,0.0965,0.0965,0.0962,0.0962,47895.0
2025-01-13 12:15:00,0.0961,0.0962,0.0961,0.0962,5001.0
2025-01-13 12:16:00,0.0962,0.0963,0.096,0.096,50976.0
2025-01-13 12:17:00,0.096,0.096,0.096,0.096,106.0
2025-01-13 12:18:00,0.096,0.096,0.0958,0.0959,10639.0
2025-01-13 12:19:00,0.096,0.0963,0.096,0.0963,19691.0
2025-01-13 12:20:00,0.0961,0.0964,0.0961,0.0964,54488.0
2025-01-13 12:21:00,0.0965,0.0967,0.0965,0.0967,9152.0
2025-01-13 12:22:00,0.0967,0.0967,0.0967,0.0967,0.0
2025-01-13 12:23:00,0.0967,0.0967,0.0967,0.0967,8527.0
2025-01-13 12:24:00,0.0965,0.0965,0.0964,0.0964,2938.0
2025-01-13 12:25:00,0.0963,0.0964,0.0963,0.0964,4144.0
2025-01-13 12:26:00,0.0964,0.0964,0.0962,0.0964,2539.0
2025-01-13 12:27:00,0.0964,0.0964,0.0964,0.0964,0.0
2025-01-13 12:28:00,0.0964,0.0964,0.0964,0.0964,0.0
2025-01-13 12:29:00,0.0964,0.0966,0.0964,0.0966,106207.0
2025-01-13 12:30:00,0.0965,0.0966,0.0964,0.0965,26727.0
2025-01-13 12:31:00,0.0964,0.0964,0.0964,0.0964,223.0
2025-01-13 12:32:00,0.0965,0.0965,0.0964,0.0965,8499.0
2025-01-13 12:33:00,0.0964,0.0964,0.0963,0.0963,15020.0
2025-01-13 12:34:00,0.0963,0.0963,0.0962,0.0962,13883.0
2025-01-13 12:35:00,0.0961,0.0962,0.0961,0.0962,21054.0
2025-01-13 12:36:00,0.0962,0.0962,0.0961,0.0961,1256.0
2025-01-13 12:37:00,0.0961,0.0961,0.096,0.096,9554.0
2025-01-13 12:38:00,0.096,0.096,0.0959,0.096,32239.0
2025-01-13 12:39:00,0.096,0.096,0.0959,0.096,1786.0
2025-01-13 12:40:00,0.096,0.096,0.096,0.096,4747.0
2025-01-13 12:41:00,0.096,0.0961,0.096,0.096,17907.0
2025-01-13 12:42:00,0.096,0.0962,0.096,0.0962,6315.0
2025-01-13 12:43:00,0.0963,0.0965,0.0963,0.0965,8026.0
2025-01-13 12:44:00,0.0965,0.0967,0.0964,0.0967,12509.0
2025-01-13 12:45:00,0.0967,0.0967,0.0966,0.0966,10403.0
2025-01-13 12:46:00,0.0965,0.0965,0.0965,0.0965,9531.0
2025-01-13 12:47:00,0.0964,0.0964,0.0963,0.0963,12649.0
2025-01-13 12:48:00,0.0963,0.0963,0.0963,0.0963,0.0
2025-01-13 12:49:00,0.0964,0.0964,0.0964,0.0964,188.0
2025-01-13 12:50:00,0.0962,0.0962,0.0962,0.0962,6270.0
2025-01-13 12:51:00,0.0964,0.0966,0.0962,0.0965,97840.0
2025-01-13 12:52:00,0.0965,0.0965,0.0963,0.0964,21109.0
2025-01-13 12:53:00,0.0965,0.0966,0.0965,0.0966,22494.0
2025-01-13 12:54:00,0.0967,0.0967,0.0966,0.0966,2466.0
2025-01-13 12:55:00,0.0966,0.0966,0.0965,0.0965,41107.0
2025-01-13 12:56:00,0.0964,0.0965,0.0964,0.0965,5269.0
2025-01-13 12:57:00,0.0965,0.0966,0.0965,0.0966,526.0
2025-01-13 12:58:00,0.0965,0.0965,0.0964,0.0964,14101.0
2025-01-13 12:59:00,0.0964,0.0964,0.0964,0.0964,15247.0
2025-01-13 13:00:00,0.0964,0.0965,0.0961,0.0961,11078.0
2025-01-13 13:01:00,0.096,0.0961,0.0959,0.0959,63071.0
2025-01-13 13:02:00,0.0959,0.0959,0.0959,0.0959,0.0
2025-01-13 13:03:00,0.096,0.0961,0.096,0.0961,8918.0
2025-01-13 13:04:00,0.0964,0.0964,0.0964,0.0964,14810.0
2025-01-13 13:05:00,0.0964,0.0967,0.0964,0.0967,34617.0
2025-01-13 13:06:00,0.0967,0.0969,0.0967,0.0967,7497.0
2025-01-13 13:07:00,0.0969,0.0971,0.0969,0.0971,47281.0
2025-01-13 13:08:00,0.0972,0.0972,0.0971,0.0971,18365.0
2025-01-13 13:09:00,0.0975,0.0978,0.0975,0.0978,12631.0
2025-01-13 13:10:00,0.0976,0.0976,0.0975,0.0975,22932.0
2025-01-13 13:11:00,0.0976,0.0976,0.0975,0.0975,21769.0
2025-01-13 13:12:00,0.0975,0.0975,0.0975,0.0975,7719.0
2025-01-13 13:13:00,0.0974,0.0975,0.0974,0.0975,1560.0
2025-01-13 13:14:00,0.0975,0.0976,0.0974,0.0974,3222.0
2025-01-13 13:15:00,0.0977,0.0977,0.0977,0.0977,3835.0
2025-01-13 13:16:00,0.0978,0.0981,0.0978,0.0979,171531.0
2025-01-13 13:17:00,0.098,0.0984,0.098,0.0984,21889.0
2025-01-13 13:18:00,0.0984,0.0987,0.0984,0.0986,26840.0
2025-01-13 13:19:00,0.0989,0.0991,0.0988,0.0991,7571.0
2025-01-13 13:20:00,0.0991,0.0991,0.099,0.099,12311.0
2025-01-13 13:21:00,0.0989,0.0989,0.0984,0.0984,16378.0
2025-01-13 13:22:00,0.0984,0.0987,0.0984,0.0986,52249.0
2025-01-13 13:23:00,0.0987,0.0988,0.0987,0.0987,12819.0
2025-01-13 13:24:00,0.0987,0.0988,0.0987,0.0987,4083.0
2025-01-13 13:25:00,0.0984,0.0984,0.0983,0.0984,7582.0
2025-01-13 13:26:00,0.0984,0.0985,0.0984,0.0985,14689.0
2025-01-13 13:27:00,0.0986,0.0986,0.0985,0.0985,11560.0
2025-01-13 13:28:00,0.0983,0.0983,0.0982,0.0983,11738.0
2025-01-13 13:29:00,0.0981,0.0981,0.098,0.098,9596.0
2025-01-13 13:30:00,0.098,0.098,0.0977,0.0977,5476.0
2025-01-13 13:31:00,0.0978,0.0978,0.0978,0.0978,4787.0
2025-01-13 13:32:00,0.0979,0.0983,0.0979,0.0981,24711.0
2025-01-13 13:33:00,0.0981,0.0981,0.0981,0.0981,24811.0
2025-01-13 13:34:00,0.0981,0.0981,0.098,0.098,8454.0
2025-01-13 13:35:00,0.098,0.0981,0.0979,0.0979,15017.0
2025-01-13 13:36:00,0.0979,0.098,0.0979,0.0979,11120.0
2025-01-13 13:37:00,0.0978,0.0978,0.0977,0.0977,11353.0
2025-01-13 13:38:00,0.0978,0.0979,0.0977,0.0977,2340.0
2025-01-13 13:39:00,0.0977,0.0978,0.0976,0.0976,21545.0
2025-01-13 13:40:00,0.0975,0.0975,0.0974,0.0974,7437.0
2025-01-13 13:41:00,0.0974,0.0974,0.0974,0.0974,3162.0
2025-01-13 13:42:00,0.0974,0.0974,0.0974,0.0974,7740.0
2025-01-13 13:43:00,0.0973,0.0975,0.0973,0.0973,22464.0
2025-01-13 13:44:00,0.0973,0.0974,0.0973,0.0973,13305.0
2025-01-13 13:45:00,0.0973,0.0974,0.0973,0.0974,59188.0
2025-01-13 13:46:00,0.0974,0.0974,0.0973,0.0973,8517.0
2025-01-13 13:47:00,0.0973,0.0973,0.0971,0.0971,9582.0
2025-01-13 13:48:00,0.0971,0.0971,0.0971,0.0971,14639.0
2025-01-13 13:49:00,0.0971,0.0971,0.097,0.097,15166.0
2025-01-13 13:50:00,0.097,0.0972,0.097,0.0972,27622.0
2025-01-13 13:51:00,0.0973,0.0973,0.0971,0.0972,8912.0
2025-01-13 13:52:00,0.0971,0.0971,0.0971,0.0971,1222.0
2025-01-13 13:53:00,0.0972,0.0972,0.0972,0.0972,3287.0
2025-01-13 13:54:00,0.0973,0.0973,0.0973,0.0973,1039.0
2025-01-13 13:55:00,0.0972,0.0972,0.0972,0.0972,8228.0
2025-01-13 13:56:00,0.0973,0.0973,0.0973,0.0973,5851.0
2025-01-13 13:57:00,0.0973,0.0973,0.0972,0.0972,512.0
2025-01-13 13:58:00,0.0973,0.0974,0.0973,0.0974,2844.0
2025-01-13 13:59:00,0.0973,0.0973,0.0973,0.0973,3889.0
2025-01-13 14:00:00,0.0972,0.0972,0.0972,0.0972,3105.0
2025-01-13 14:01:00,0.0971,0.0972,0.0971,0.0972,1110.0
2025-01-13 14:02:00,0.0972,0.0972,0.0971,0.0971,3718.0
2025-01-13 14:03:00,0.0969,0.0969,0.0967,0.0967,12572.0
2025-01-13 14:04:00,0.0969,0.0971,0.0969,0.0971,9746.0
2025-01-13 14:05:00,0.0972,0.0972,0.0968,0.0969,11121.0
2025-01-13 14:06:00,0.0968,0.0971,0.0968,0.0971,913.0
2025-01-13 14:07:00,0.0972,0.0972,0.097,0.097,10347.0
2025-01-13 14:08:00,0.0971,0.0973,0.0971,0.0973,6548.0
2025-01-13 14:09:00,0.0973,0.0973,0.0973,0.0973,897.0
2025-01-13 14:10:00,0.0972,0.0974,0.0971,0.0971,12555.0
2025-01-13 14:11:00,0.097,0.097,0.0969,0.097,17141.0
2025-01-13 14:12:00,0.0969,0.097,0.0969,0.097,12427.0
2025-01-13 14:13:00,0.0972,0.0972,0.0972,0.0972,250.0
2025-01-13 14:14:00,0.0973,0.0973,0.0973,0.0973,763.0
2025-01-13 14:15:00,0.0974,0.0974,0.0974,0.0974,528.0
2025-01-13 14:16:00,0.0972,0.0972,0.0972,0.0972,310.0
2025-01-13 14:17:00,0.0973,0.0973,0.0973,0.0973,10488.0
2025-01-13 14:18:00,0.0974,0.0974,0.0973,0.0973,2193.0
2025-01-13 14:19:00,0.0973,0.0973,0.0973,0.0973,848.0
2025-01-13 14:20:00,0.0973,0.0975,0.0973,0.0975,764.0
2025-01-13 14:21:00,0.0973,0.0974,0.0973,0.0973,14796.0
2025-01-13 14:22:00,0.0972,0.0973,0.0972,0.0973,11897.0
2025-01-13 14:23:00,0.0972,0.0972,0.0972,0.0972,3027.0
2025-01-13 14:24:00,0.0974,0.0975,0.0972,0.0972,60610.0
2025-01-13 14:25:00,0.0972,0.0972,0.0972,0.0972,5123.0
2025-01-13 14:26:00,0.097,0.0971,0.097,0.097,24816.0
2025-01-13 14:27:00,0.097,0.0971,0.0969,0.0971,21162.0
2025-01-13 14:28:00,0.0969,0.0969,0.0969,0.0969,53.0
2025-01-13 14:29:00,0.0973,0.0973,0.0973,0.0973,110.0
2025-01-13 14:30:00,0.0972,0.0972,0.0972,0.0972,2316.0
2025-01-13 14:31:00,0.0972,0.0972,0.097,0.097,8804.0
2025-01-13 14:32:00,0.097,0.0972,0.097,0.097,1395.0
2025-01-13 14:33:00,0.0968,0.0968,0.0959,0.0959,58300.0
2025-01-13 14:34:00,0.0958,0.0961,0.0951,0.0954,560847.0
2025-01-13 14:35:00,0.0956,0.0962,0.0948,0.0951,333541.0
2025-01-13 14:36:00,0.0951,0.0967,0.0949,0.0964,239393.0
2025-01-13 14:37:00,0.0964,0.0968,0.0961,0.0966,233262.0
2025-01-13 14:38:00,0.0966,0.0975,0.0966,0.0975,27007.0
2025-01-13 14:39:00,0.0975,0.0976,0.0972,0.0972,71788.0
2025-01-13 14:40:00,0.0971,0.0977,0.0971,0.0976,43745.0
2025-01-13 14:41:00,0.0977,0.0981,0.0975,0.0975,74790.0
2025-01-13 14:42:00,0.0975,0.0975,0.0974,0.0974,10220.0
2025-01-13 14:43:00,0.0977,0.0981,0.0975,0.0981,70367.0
2025-01-13 14:44:00,0.0982,0.0983,0.098,0.098,47133.0
2025-01-13 14:45:00,0.098,0.098,0.0978,0.098,16104.0
2025-01-13 14:46:00,0.0979,0.0979,0.0975,0.0976,47323.0
2025-01-13 14:47:00,0.0977,0.0978,0.0975,0.0976,23113.0
2025-01-13 14:48:00,0.0977,0.0981,0.0977,0.0981,23408.0
2025-01-13 14:49:00,0.0981,0.0981,0.0979,0.098,18589.0
2025-01-13 14:50:00,0.0981,0.0982,0.098,0.0982,24529.0
2025-01-13 14:51:00,0.0982,0.0987,0.0981,0.0987,30126.0
2025-01-13 14:52:00,0.0986,0.0989,0.0986,0.0989,86763.0
2025-01-13 14:53:00,0.099,0.099,0.0987,0.0987,43153.0
2025-01-13 14:54:00,0.0989,0.0992,0.0989,0.0992,3320.0
2025-01-13 14:55:00,0.0991,0.0992,0.0989,0.0989,25016.0
2025-01-13 14:56:00,0.0989,0.0993,0.0988,0.0992,34200.0
2025-01-13 14:57:00,0.0992,0.0992,0.0989,0.0989,34343.0
2025-01-13 14:58:00,0.0988,0.0988,0.0986,0.0986,30254.0
2025-01-13 14:59:00,0.0986,0.0986,0.0984,0.0985,15361.0
2025-01-13 15:00:00,0.0985,0.0986,0.0983,0.0986,45789.0
2025-01-13 15:01:00,0.0984,0.0984,0.0982,0.0982,2525.0
2025-01-13 15:02:00,0.0985,0.0993,0.0985,0.0993,16747.0
2025-01-13 15:03:00,0.0993,0.0993,0.099,0.099,18043.0
2025-01-13 15:04:00,0.0991,0.0993,0.0991,0.0993,21743.0
2025-01-13 15:05:00,0.0991,0.0995,0.0991,0.0995,6237.0
2025-01-13 15:06:00,0.0995,0.0998,0.0995,0.0998,23667.0
2025-01-13 15:07:00,0.0999,0.0999,0.0998,0.0998,101469.0
2025-01-13 15:08:00,0.0998,0.1001,0.0998,0.1001,22625.0
2025-01-13 15:09:00,0.1,0.1001,0.0999,0.1001,25866.0
2025-01-13 15:10:00,0.1002,0.1002,0.0999,0.0999,38240.0
2025-01-13 15:11:00,0.1,0.1,0.0998,0.0999,37871.0
2025-01-13 15:12:00,0.0998,0.1003,0.0998,0.1003,11439.0
2025-01-13 15:13:00,0.1004,0.1004,0.1,0.1,3908.0
2025-01-13 15:14:00,0.1005,0.1006,0.1003,0.1005,34976.0
2025-01-13 15:15:00,0.1005,0.1006,0.1001,0.1001,96093.0
2025-01-13 15:16:00,0.1001,0.1002,0.1,0.1001,25334.0
2025-01-13 15:17:00,0.1001,0.1003,0.1001,0.1003,37008.0
2025-01-13 15:18:00,0.1004,0.1007,0.1004,0.1007,14439.0
2025-01-13 15:19:00,0.1007,0.1008,0.1006,0.1006,16594.0
2025-01-13 15:20:00,0.1006,0.1008,0.1005,0.1007,9261.0
2025-01-13 15:21:00,0.1007,0.1011,0.1007,0.1011,19243.0
2025-01-13 15:22:00,0.1011,0.1012,0.101,0.101,14970.0
2025-01-13 15:23:00,0.1009,0.101,0.1009,0.101,12808.0
2025-01-13 15:24:00,0.1009,0.1009,0.1006,0.1006,22146.0
2025-01-13 15:25:00,0.1006,0.1007,0.1003,0.1005,52838.0
2025-01-13 15:26:00,0.1005,0.1005,0.1002,0.1003,18399.0
2025-01-13 15:27:00,0.1006,0.1006,0.1003,0.1003,20376.0
2025-01-13 15:28:00,0.1004,0.1004,0.0999,0.0999,38095.0
2025-01-13 15:29:00,0.0999,0.1,0.0998,0.1,18600.0
2025-01-13 15:30:00,0.1,0.1,0.0996,0.0998,47328.0
2025-01-13 15:31:00,0.0999,0.1001,0.0999,0.1,11502.0
2025-01-13 15:32:00,0.0999,0.1003,0.0999,0.1,26002.0
2025-01-13 15:33:00,0.1002,0.1003,0.1001,0.1002,31259.0
2025-01-13 15:34:00,0.1001,0.1001,0.0998,0.0999,28420.0
2025-01-13 15:35:00,0.0999,0.1002,0.0999,0.1002,11058.0
2025-01-13 15:36:00,0.1004,0.1004,0.1001,0.1002,29082.0
2025-01-13 15:37:00,0.1001,0.1003,0.1001,0.1003,7344.0
2025-01-13 15:38:00,0.1003,0.1003,0.1002,0.1002,8759.0
2025-01-13 15:39:00,0.1003,0.1005,0.1003,0.1005,5072.0
2025-01-13 15:40:00,0.1006,0.1006,0.1004,0.1004,1252.0
2025-01-13 15:41:00,0.1007,0.1009,0.1007,0.1009,9802.0
2025-01-13 15:42:00,0.1009,0.1009,0.1008,0.1009,7174.0
2025-01-13 15:43:00,0.1008,0.1009,0.1007,0.1007,6817.0
2025-01-13 15:44:00,0.1008,0.1008,0.1008,0.1008,2110.0
2025-01-13 15:45:00,0.1008,0.1008,0.1006,0.1006,3143.0
2025-01-13 15:46:00,0.1005,0.1005,0.1003,0.1003,6496.0
2025-01-13 15:47:00,0.1004,0.1004,0.1002,0.1002,12594.0
2025-01-13 15:48:00,0.1001,0.1002,0.1001,0.1002,14296.0
2025-01-13 15:49:00,0.1002,0.1002,0.1002,0.1002,2053.0
2025-01-13 15:50:00,0.1003,0.1003,0.1003,0.1003,23366.0
2025-01-13 15:51:00,0.1002,0.1003,0.1002,0.1003,6280.0
2025-01-13 15:52:00,0.1001,0.1001,0.0999,0.1001,12927.0
2025-01-13 15:53:00,0.1,0.1001,0.1,0.1001,8462.0
2025-01-13 15:54:00,0.0999,0.0999,0.0999,0.0999,63.0
2025-01-13 15:55:00,0.0998,0.0998,0.0998,0.0998,4446.0
2025-01-13 15:56:00,0.0997,0.0998,0.0997,0.0998,9687.0
2025-01-13 15:57:00,0.0998,0.0999,0.0998,0.0998,13552.0
2025-01-13 15:58:00,0.0998,0.0999,0.0998,0.0999,8944.0
2025-01-13 15:59:00,0.0998,0.0998,0.0997,0.0998,8778.0
2025-01-13 16:00:00,0.0997,0.0997,0.0994,0.0994,17662.0
2025-01-13 16:01:00,0.0996,0.0999,0.0996,0.0999,64260.0
2025-01-13 16:02:00,0.1,0.1,0.0998,0.0998,11167.0
2025-01-13 16:03:00,0.0998,0.1,0.0997,0.0997,7458.0
2025-01-13 16:04:00,0.0998,0.0999,0.0998,0.0999,12557.0
2025-01-13 16:05:00,0.0999,0.1001,0.0999,0.0999,10657.0
2025-01-13 16:06:00,0.0998,0.0998,0.0997,0.0998,22231.0
2025-01-13 16:07:00,0.0999,0.1,0.0999,0.1,4754.0
2025-01-13 16:08:00,0.1,0.1,0.0998,0.0998,5474.0
2025-01-13 16:09:00,0.0997,0.0998,0.0995,0.0995,23368.0
2025-01-13 16:10:00,0.0995,0.0997,0.0995,0.0995,45340.0
2025-01-13 16:11:00,0.0996,0.0997,0.0994,0.0995,24342.0
2025-01-13 16:12:00,0.0996,0.0996,0.0993,0.0993,18943.0
2025-01-13 16:13:00,0.0993,0.0993,0.0992,0.0992,15913.0
2025-01-13 16:14:00,0.0993,0.0996,0.0993,0.0996,17627.0
2025-01-13 16:15:00,0.0996,0.0997,0.0995,0.0997,66437.0
2025-01-13 16:16:00,0.0998,0.0998,0.0996,0.0997,20429.0
2025-01-13 16:17:00,0.0995,0.0995,0.0993,0.0993,18586.0
2025-01-13 16:18:00,0.0993,0.0994,0.0992,0.0993,5725.0
2025-01-13 16:19:00,0.0993,0.0993,0.0991,0.0991,22126.0
2025-01-13 16:20:00,0.0993,0.0994,0.0991,0.0993,16240.0
2025-01-13 16:21:00,0.0991,0.0991,0.099,0.099,6576.0
2025-01-13 16:22:00,0.099,0.099,0.0988,0.0989,18586.0
2025-01-13 16:23:00,0.0989,0.099,0.0988,0.0989,16211.0
2025-01-13 16:24:00,0.0991,0.0991,0.0988,0.0989,5535.0
2025-01-13 16:25:00,0.0989,0.0992,0.0989,0.0992,19879.0
2025-01-13 16:26:00,0.0992,0.0992,0.0992,0.0992,64.0
2025-01-13 16:27:00,0.0991,0.0991,0.0989,0.0989,5268.0
2025-01-13 16:28:00,0.0989,0.099,0.0989,0.099,4502.0
2025-01-13 16:29:00,0.0988,0.0988,0.0988,0.0988,5186.0
2025-01-13 16:30:00,0.0988,0.0991,0.0987,0.0991,26383.0
2025-01-13 16:31:00,0.099,0.0992,0.099,0.0992,6939.0
2025-01-13 16:32:00,0.0993,0.0993,0.0991,0.0991,3060.0
2025-01-13 16:33:00,0.0991,0.0991,0.0991,0.0991,10945.0
2025-01-13 16:34:00,0.0991,0.0992,0.0991,0.0991,1567.0
2025-01-13 16:35:00,0.0991,0.0992,0.099,0.0992,18192.0
2025-01-13 16:36:00,0.0991,0.0992,0.0991,0.0991,6711.0
2025-01-13 16:37:00,0.0991,0.0991,0.099,0.0991,17752.0
2025-01-13 16:38:00,0.0991,0.0991,0.0991,0.0991,11230.0
2025-01-13 16:39:00,0.0991,0.0991,0.099,0.099,6865.0
2025-01-13 16:40:00,0.099,0.0992,0.099,0.0992,6189.0
2025-01-13 16:41:00,0.0991,0.0993,0.0991,0.0992,2964.0
2025-01-13 16:42:00,0.0992,0.0992,0.0991,0.0991,5718.0
2025-01-13 16:43:00,0.099,0.0991,0.099,0.0991,3335.0
2025-01-13 16:44:00,0.099,0.099,0.099,0.099,169.0
2025-01-13 16:45:00,0.0991,0.0993,0.0991,0.0993,35007.0
2025-01-13 16:46:00,0.0993,0.0993,0.0993,0.0993,363.0
2025-01-13 16:47:00,0.0993,0.0993,0.0993,0.0993,9064.0
2025-01-13 16:48:00,0.0992,0.0992,0.099,0.099,30097.0
2025-01-13 16:49:00,0.099,0.099,0.0989,0.0989,3020.0
2025-01-13 16:50:00,0.0988,0.0988,0.0987,0.0987,5581.0
2025-01-13 16:51:00,0.0987,0.0988,0.0987,0.0987,10885.0
2025-01-13 16:52:00,0.0987,0.0987,0.0987,0.0987,11410.0
2025-01-13 16:53:00,0.0986,0.0986,0.0986,0.0986,638.0
2025-01-13 16:54:00,0.0985,0.0985,0.0985,0.0985,64.0
2025-01-13 16:55:00,0.0985,0.0985,0.0985,0.0985,64.0
2025-01-13 16:56:00,0.0985,0.0985,0.0982,0.0982,12312.0
2025-01-13 16:57:00,0.0982,0.0982,0.0982,0.0982,0.0
2025-01-13 16:58:00,0.0982,0.0982,0.0977,0.0977,158525.0
2025-01-13 16:59:00,0.0978,0.0978,0.0977,0.0977,92533.0
2025-01-13 17:00:00,0.0978,0.0979,0.0975,0.0976,39203.0
2025-01-13 17:01:00,0.0977,0.098,0.0977,0.0978,34130.0
2025-01-13 17:02:00,0.0977,0.0979,0.0977,0.0979,7381.0
2025-01-13 17:03:00,0.0981,0.0981,0.0979,0.0979,1787.0
2025-01-13 17:04:00,0.0979,0.0981,0.0979,0.0979,3573.0
2025-01-13 17:05:00,0.0978,0.0979,0.0977,0.0979,38968.0
2025-01-13 17:06:00,0.0979,0.0979,0.0977,0.0978,27662.0
2025-01-13 17:07:00,0.0977,0.0978,0.0977,0.0978,4590.0
2025-01-13 17:08:00,0.0978,0.098,0.0978,0.098,2632.0
2025-01-13 17:09:00,0.098,0.0982,0.0979,0.0982,12916.0
2025-01-13 17:10:00,0.0983,0.0983,0.0982,0.0982,179.0
2025-01-13 17:11:00,0.0984,0.0984,0.0984,0.0984,187.0
2025-01-13 17:12:00,0.0985,0.0986,0.0983,0.0983,7183.0
2025-01-13 17:13:00,0.0982,0.0982,0.0981,0.0981,455.0
2025-01-13 17:14:00,0.0981,0.0983,0.0981,0.0983,4515.0
2025-01-13 17:15:00,0.0983,0.0983,0.0983,0.0983,0.0
2025-01-13 17:16:00,0.0983,0.0983,0.0983,0.0983,7277.0
2025-01-13 17:17:00,0.0987,0.0987,0.0986,0.0986,2092.0
2025-01-13 17:18:00,0.0987,0.0987,0.0983,0.0983,2619.0
2025-01-13 17:19:00,0.0986,0.0986,0.0986,0.0986,223.0
2025-01-13 17:20:00,0.0985,0.0985,0.0983,0.0983,182.0
2025-01-13 17:21:00,0.0984,0.0985,0.0984,0.0985,118.0
2025-01-13 17:22:00,0.0982,0.0982,0.0982,0.0982,2961.0
2025-01-13 17:23:00,0.0982,0.0982,0.0982,0.0982,0.0
2025-01-13 17:24:00,0.0985,0.0986,0.0984,0.0984,1693.0
2025-01-13 17:25:00,0.0984,0.0984,0.0983,0.0983,4071.0
2025-01-13 17:26:00,0.0984,0.0986,0.0984,0.0986,12581.0
2025-01-13 17:27:00,0.0988,0.0988,0.0988,0.0988,1962.0
2025-01-13 17:28:00,0.0989,0.0989,0.0989,0.0989,64.0
2025-01-13 17:29:00,0.0989,0.099,0.0989,0.099,8998.0
2025-01-13 17:30:00,0.0987,0.0987,0.0984,0.0984,20726.0
2025-01-13 17:31:00,0.0985,0.0986,0.0984,0.0984,9864.0
2025-01-13 17:32:00,0.0984,0.0984,0.0983,0.0983,7332.0
2025-01-13 17:33:00,0.0984,0.0986,0.0984,0.0986,28007.0
2025-01-13 17:34:00,0.0989,0.0989,0.0987,0.0988,4053.0
2025-01-13 17:35:00,0.0989,0.0989,0.0988,0.0988,288.0
2025-01-13 17:36:00,0.0987,0.0987,0.0987,0.0987,570.0
2025-01-13 17:37:00,0.0987,0.0987,0.0983,0.0983,15701.0
2025-01-13 17:38:00,0.0984,0.0984,0.0984,0.0984,29684.0
2025-01-13 17:39:00,0.0982,0.0982,0.0981,0.0981,748.0
2025-01-13 17:40:00,0.0978,0.098,0.0978,0.098,743.0
2025-01-13 17:41:00,0.098,0.098,0.0979,0.098,2856.0
2025-01-13 17:42:00,0.0979,0.0979,0.0978,0.0978,432.0
2025-01-13 17:43:00,0.0978,0.0978,0.0977,0.0977,210.0
2025-01-13 17:44:00,0.0976,0.0976,0.0976,0.0976,6721.0
2025-01-13 17:45:00,0.0978,0.0979,0.0978,0.0979,3067.0
2025-01-13 17:46:00,0.0979,0.0979,0.0979,0.0979,153.0
2025-01-13 17:47:00,0.098,0.098,0.098,0.098,197.0
2025-01-13 17:48:00,0.0979,0.0979,0.0979,0.0979,1073.0
2025-01-13 17:49:00,0.0975,0.0975,0.0975,0.0975,2585.0
2025-01-13 17:50:00,0.0974,0.0975,0.0974,0.0975,6337.0
2025-01-13 17:51:00,0.0975,0.0975,0.0972,0.0972,14927.0
2025-01-13 17:52:00,0.0973,0.0973,0.0972,0.0972,243.0
2025-01-13 17:53:00,0.0972,0.0972,0.0972,0.0972,374.0
2025-01-13 17:54:00,0.0971,0.0972,0.0971,0.0972,11083.0
2025-01-13 17:55:00,0.0973,0.0973,0.0973,0.0973,4848.0
2025-01-13 17:56:00,0.0973,0.0974,0.0973,0.0973,1973.0
2025-01-13 17:57:00,0.0973,0.0973,0.0973,0.0973,0.0
2025-01-13 17:58:00,0.0974,0.0975,0.0974,0.0975,24666.0
2025-01-13 17:59:00,0.0975,0.0975,0.0975,0.0975,108.0
2025-01-13 18:00:00,0.0976,0.0978,0.0976,0.0978,838.0
2025-01-13 18:01:00,0.0978,0.0979,0.0978,0.0979,3399.0
2025-01-13 18:02:00,0.098,0.098,0.098,0.098,3673.0
2025-01-13 18:03:00,0.0983,0.0983,0.0982,0.0983,7301.0
2025-01-13 18:04:00,0.0984,0.0984,0.0984,0.0984,215.0
2025-01-13 18:05:00,0.0984,0.0985,0.0982,0.0983,3509.0
2025-01-13 18:06:00,0.0982,0.0984,0.0982,0.0984,498.0
2025-01-13 18:07:00,0.0984,0.0984,0.0982,0.0983,3314.0
2025-01-13 18:08:00,0.0983,0.0983,0.0983,0.0983,0.0
2025-01-13 18:09:00,0.0983,0.0983,0.0983,0.0983,1506.0
2025-01-13 18:10:00,0.0982,0.0982,0.0982,0.0982,1313.0
2025-01-13 18:11:00,0.098,0.098,0.0978,0.0979,3361.0
2025-01-13 18:12:00,0.0978,0.0979,0.0978,0.0979,1087.0
2025-01-13 18:13:00,0.0976,0.0976,0.0976,0.0976,426.0
2025-01-13 18:14:00,0.0976,0.0976,0.0976,0.0976,0.0
2025-01-13 18:15:00,0.0974,0.0975,0.0974,0.0975,28039.0
2025-01-13 18:16:00,0.0974,0.0974,0.0974,0.0974,16963.0
2025-01-13 18:17:00,0.0971,0.0972,0.0971,0.0972,1167.0
2025-01-13 18:18:00,0.097,0.097,0.0968,0.0969,1564.0
2025-01-13 18:19:00,0.0969,0.0969,0.0967,0.0967,4521.0
2025-01-13 18:20:00,0.0966,0.0966,0.0964,0.0965,1702.0
2025-01-13 18:21:00,0.0966,0.0966,0.0964,0.0964,14208.0
2025-01-13 18:22:00,0.0964,0.0964,0.0964,0.0964,19691.0
2025-01-13 18:23:00,0.0964,0.0967,0.0964,0.0966,9686.0
2025-01-13 18:24:00,0.0965,0.0965,0.0965,0.0965,8265.0
2025-01-13 18:25:00,0.0964,0.0966,0.0964,0.0966,38697.0
2025-01-13 18:26:00,0.0966,0.0967,0.0965,0.0967,26932.0
2025-01-13 18:27:00,0.0967,0.0967,0.0964,0.0965,9792.0
2025-01-13 18:28:00,0.0964,0.0964,0.0964,0.0964,988.0
2025-01-13 18:29:00,0.0965,0.0965,0.0963,0.0963,2377.0
2025-01-13 18:30:00,0.0963,0.0966,0.0963,0.0966,33502.0
2025-01-13 18:31:00,0.0967,0.0967,0.0966,0.0967,12713.0
2025-01-13 18:32:00,0.0967,0.0968,0.0967,0.0968,2411.0
2025-01-13 18:33:00,0.097,0.097,0.097,0.097,212.0
2025-01-13 18:34:00,0.097,0.097,0.097,0.097,0.0
2025-01-13 18:35:00,0.0972,0.0973,0.0972,0.0972,10424.0
2025-01-13 18:36:00,0.0973,0.0975,0.0973,0.0974,7806.0
2025-01-13 18:37:00,0.0975,0.0975,0.0975,0.0975,7022.0
2025-01-13 18:38:00,0.0973,0.0974,0.0973,0.0974,2896.0
2025-01-13 18:39:00,0.0975,0.0975,0.0974,0.0974,3311.0
2025-01-13 18:40:00,0.0975,0.0975,0.0974,0.0974,7901.0
2025-01-13 18:41:00,0.0975,0.0975,0.097,0.097,26831.0
2025-01-13 18:42:00,0.0971,0.0971,0.0971,0.0971,127.0
2025-01-13 18:43:00,0.0971,0.0971,0.0971,0.0971,214.0
2025-01-13 18:44:00,0.0972,0.0972,0.0972,0.0972,1572.0
2025-01-13 18:45:00,0.0969,0.097,0.0969,0.097,7710.0
2025-01-13 18:46:00,0.097,0.0973,0.097,0.0973,39089.0
2025-01-13 18:47:00,0.0976,0.0977,0.0975,0.0977,2178.0
2025-01-13 18:48:00,0.0975,0.0975,0.0975,0.0975,4430.0
2025-01-13 18:49:00,0.0975,0.0975,0.0975,0.0975,0.0
2025-01-13 18:50:00,0.0977,0.0978,0.0976,0.0976,28137.0
2025-01-13 18:51:00,0.0975,0.0976,0.0975,0.0976,14745.0
2025-01-13 18:52:00,0.0976,0.0976,0.0974,0.0974,5986.0
2025-01-13 18:53:00,0.0974,0.0974,0.0974,0.0974,154.0
2025-01-13 18:54:00,0.0972,0.0972,0.0972,0.0972,447.0
2025-01-13 18:55:00,0.0972,0.0974,0.0972,0.0974,5512.0
2025-01-13 18:56:00,0.0975,0.0975,0.0975,0.0975,2055.0
2025-01-13 18:57:00,0.0977,0.0977,0.0977,0.0977,1651.0
2025-01-13 18:58:00,0.0975,0.0975,0.0975,0.0975,6438.0
2025-01-13 18:59:00,0.0976,0.0976,0.0975,0.0975,1858.0
2025-01-13 19:00:00,0.0975,0.0975,0.0973,0.0973,38679.0
2025-01-13 19:01:00,0.0972,0.0972,0.0972,0.0972,2740.0
2025-01-13 19:02:00,0.0975,0.0976,0.0975,0.0976,26460.0
2025-01-13 19:03:00,0.0976,0.0976,0.0976,0.0976,1130.0
2025-01-13 19:04:00,0.0978,0.0979,0.0978,0.0978,3677.0
2025-01-13 19:05:00,0.0979,0.098,0.0979,0.0979,8527.0
2025-01-13 19:06:00,0.098,0.0981,0.0979,0.0979,1565.0
2025-01-13 19:07:00,0.0977,0.098,0.0977,0.098,3486.0
2025-01-13 19:08:00,0.098,0.0981,0.098,0.0981,7768.0
2025-01-13 19:09:00,0.0981,0.0982,0.0981,0.0981,2303.0
2025-01-13 19:10:00,0.098,0.098,0.098,0.098,3105.0
2025-01-13 19:11:00,0.0981,0.0982,0.0981,0.0981,5722.0
2025-01-13 19:12:00,0.098,0.0981,0.098,0.0981,1555.0
2025-01-13 19:13:00,0.0978,0.0978,0.0977,0.0977,16652.0
2025-01-13 19:14:00,0.0977,0.0977,0.0976,0.0976,5477.0
2025-01-13 19:15:00,0.0974,0.0975,0.0973,0.0974,6248.0
2025-01-13 19:16:00,0.0975,0.0975,0.0974,0.0974,4951.0
2025-01-13 19:17:00,0.0973,0.0973,0.0971,0.0971,5081.0
2025-01-13 19:18:00,0.0971,0.0971,0.0971,0.0971,0.0
2025-01-13 19:19:00,0.0973,0.0973,0.0973,0.0973,1500.0
2025-01-13 19:20:00,0.097,0.097,0.0967,0.0967,9042.0
2025-01-13 19:21:00,0.0968,0.0968,0.0967,0.0967,1526.0
2025-01-13 19:22:00,0.0967,0.0969,0.0967,0.0969,29355.0
2025-01-13 19:23:00,0.0967,0.0967,0.0966,0.0966,4964.0
2025-01-13 19:24:00,0.0966,0.0966,0.0966,0.0966,11062.0
2025-01-13 19:25:00,0.0967,0.097,0.0967,0.097,34212.0
2025-01-13 19:26:00,0.0969,0.0969,0.0969,0.0969,16692.0
2025-01-13 19:27:00,0.097,0.0971,0.097,0.0971,45962.0
2025-01-13 19:28:00,0.0969,0.097,0.0969,0.097,6021.0
2025-01-13 19:29:00,0.097,0.0971,0.097,0.0971,41968.0
2025-01-13 19:30:00,0.0971,0.0975,0.0971,0.0973,42005.0
2025-01-13 19:31:00,0.0972,0.0972,0.097,0.0971,11725.0
2025-01-13 19:32:00,0.097,0.0971,0.097,0.0971,23592.0
2025-01-13 19:33:00,0.0973,0.0973,0.0971,0.0971,1274.0
2025-01-13 19:34:00,0.0972,0.0973,0.0971,0.0973,18586.0
2025-01-13 19:35:00,0.0973,0.0973,0.0972,0.0972,1345.0
2025-01-13 19:36:00,0.0975,0.0975,0.0975,0.0975,4853.0
2025-01-13 19:37:00,0.0972,0.0972,0.0972,0.0972,1463.0
2025-01-13 19:38:00,0.0976,0.0978,0.0976,0.0978,2886.0
2025-01-13 19:39:00,0.098,0.098,0.098,0.098,1566.0
2025-01-13 19:40:00,0.0981,0.0981,0.0981,0.0981,2490.0
2025-01-13 19:41:00,0.0981,0.0983,0.0981,0.0983,3126.0
2025-01-13 19:42:00,0.0983,0.0983,0.0983,0.0983,0.0
2025-01-13 19:43:00,0.0982,0.0982,0.0981,0.0981,28138.0
2025-01-13 19:44:00,0.0983,0.0983,0.0983,0.0983,10118.0
2025-01-13 19:45:00,0.0983,0.0985,0.0983,0.0985,50694.0
2025-01-13 19:46:00,0.0986,0.0987,0.0984,0.0984,7397.0
2025-01-13 19:47:00,0.0984,0.0986,0.0984,0.0985,8050.0
2025-01-13 19:48:00,0.0987,0.0987,0.0985,0.0985,7178.0
2025-01-13 19:49:00,0.0983,0.0983,0.0983,0.0983,64.0
2025-01-13 19:50:00,0.0982,0.0982,0.0981,0.0981,35061.0
2025-01-13 19:51:00,0.0981,0.0981,0.0979,0.0979,259.0
2025-01-13 19:52:00,0.0978,0.0979,0.0977,0.0977,36540.0
2025-01-13 19:53:00,0.0976,0.0976,0.0976,0.0976,1586.0
2025-01-13 19:54:00,0.0976,0.0976,0.0976,0.0976,0.0
2025-01-13 19:55:00,0.0978,0.0981,0.0978,0.098,7082.0
2025-01-13 19:56:00,0.098,0.098,0.098,0.098,0.0
2025-01-13 19:57:00,0.098,0.098,0.098,0.098,0.0
2025-01-13 19:58:00,0.0979,0.0981,0.0979,0.0981,7141.0
2025-01-13 19:59:00,0.0981,0.0981,0.0981,0.0981,2265.0
2025-01-13 20:00:00,0.0979,0.0981,0.0979,0.0979,11204.0
2025-01-13 20:01:00,0.0977,0.0978,0.0976,0.0976,38294.0
2025-01-13 20:02:00,0.0977,0.0977,0.0976,0.0976,6124.0
2025-01-13 20:03:00,0.098,0.098,0.0977,0.0977,13002.0
2025-01-13 20:04:00,0.0976,0.0977,0.0975,0.0977,15123.0
2025-01-13 20:05:00,0.0974,0.0978,0.0973,0.0978,32009.0
2025-01-13 20:06:00,0.0974,0.0974,0.0974,0.0974,685.0
2025-01-13 20:07:00,0.0974,0.0974,0.0974,0.0974,3583.0
2025-01-13 20:08:00,0.0974,0.0978,0.0974,0.0978,6218.0
2025-01-13 20:09:00,0.0974,0.0974,0.0974,0.0974,5947.0
2025-01-13 20:10:00,0.0974,0.0975,0.0974,0.0974,6709.0
2025-01-13 20:11:00,0.0975,0.0975,0.0975,0.0975,4683.0
2025-01-13 20:12:00,0.0975,0.0975,0.0975,0.0975,0.0
2025-01-13 20:13:00,0.0974,0.0976,0.0974,0.0976,24573.0
2025-01-13 20:14:00,0.0976,0.0976,0.0975,0.0976,15833.0
2025-01-13 20:15:00,0.0975,0.0976,0.0975,0.0976,8799.0
2025-01-13 20:16:00,0.0977,0.0977,0.0976,0.0976,9807.0
2025-01-13 20:17:00,0.0977,0.0979,0.0977,0.0979,14037.0
2025-01-13 20:18:00,0.0979,0.0979,0.0979,0.0979,0.0
2025-01-13 20:19:00,0.0978,0.0979,0.0978,0.0978,6523.0
2025-01-13 20:20:00,0.0979,0.0979,0.0979,0.0979,2440.0
2025-01-13 20:21:00,0.098,0.098,0.0979,0.0979,1027.0
2025-01-13 20:22:00,0.0981,0.0982,0.0981,0.0981,21829.0
2025-01-13 20:23:00,0.0981,0.0981,0.098,0.098,969.0
2025-01-13 20:24:00,0.0977,0.0977,0.0977,0.0977,7956.0
2025-01-13 20:25:00,0.0978,0.0979,0.0978,0.0979,2950.0
2025-01-13 20:26:00,0.0979,0.0979,0.0978,0.0978,769.0
2025-01-13 20:27:00,0.098,0.0981,0.098,0.0981,21672.0
2025-01-13 20:28:00,0.098,0.098,0.098,0.098,108.0
2025-01-13 20:29:00,0.098,0.098,0.098,0.098,1704.0
2025-01-13 20:30:00,0.0984,0.0984,0.0984,0.0984,1366.0
2025-01-13 20:31:00,0.0984,0.0985,0.0984,0.0984,24485.0
2025-01-13 20:32:00,0.0985,0.0986,0.0985,0.0985,9593.0
2025-01-13 20:33:00,0.0987,0.0988,0.0986,0.0986,47928.0
2025-01-13 20:34:00,0.0987,0.099,0.0987,0.0989,7307.0
2025-01-13 20:35:00,0.099,0.099,0.099,0.099,64.0
2025-01-13 20:36:00,0.099,0.0993,0.099,0.0993,28349.0
2025-01-13 20:37:00,0.0993,0.0993,0.0993,0.0993,165.0
2025-01-13 20:38:00,0.0993,0.0993,0.0993,0.0993,0.0
2025-01-13 20:39:00,0.0992,0.0992,0.0991,0.0991,5041.0
2025-01-13 20:40:00,0.0991,0.0991,0.0991,0.0991,0.0
2025-01-13 20:41:00,0.0994,0.0994,0.0994,0.0994,7352.0
2025-01-13 20:42:00,0.0995,0.0996,0.0995,0.0996,8172.0
2025-01-13 20:43:00,0.0997,0.0999,0.0997,0.0998,14610.0
2025-01-13 20:44:00,0.0997,0.0997,0.0997,0.0997,64.0
2025-01-13 20:45:00,0.0998,0.1002,0.0998,0.1002,12673.0
2025-01-13 20:46:00,0.1003,0.1005,0.1003,0.1004,18922.0
2025-01-13 20:47:00,0.1002,0.1005,0.1002,0.1005,7028.0
2025-01-13 20:48:00,0.1004,0.1006,0.1004,0.1006,3572.0
2025-01-13 20:49:00,0.1005,0.1006,0.1005,0.1006,152.0
2025-01-13 20:50:00,0.1004,0.1004,0.1003,0.1003,3912.0
2025-01-13 20:51:00,0.1006,0.1011,0.1005,0.1011,26587.0
2025-01-13 20:52:00,0.1012,0.1014,0.1012,0.1013,14829.0
2025-01-13 20:53:00,0.1013,0.1013,0.101,0.101,4174.0
2025-01-13 20:54:00,0.1011,0.1014,0.1011,0.1014,55715.0
2025-01-13 20:55:00,0.1016,0.1016,0.1014,0.1014,5656.0
2025-01-13 20:56:00,0.1012,0.1012,0.1011,0.1011,6874.0
2025-01-13 20:57:00,0.1011,0.1014,0.1011,0.1014,5188.0
2025-01-13 20:58:00,0.1012,0.1014,0.1012,0.1014,2141.0
2025-01-13 20:59:00,0.1011,0.1015,0.1011,0.1012,127312.0
2025-01-13 21:00:00,0.1013,0.1014,0.1012,0.1013,16537.0
2025-01-13 21:01:00,0.1013,0.1013,0.1012,0.1013,34715.0
2025-01-13 21:02:00,0.1015,0.1015,0.1012,0.1013,3427.0
2025-01-13 21:03:00,0.1012,0.1012,0.1008,0.1009,14359.0
2025-01-13 21:04:00,0.1008,0.1009,0.1006,0.1007,11733.0
2025-01-13 21:05:00,0.1009,0.1012,0.1008,0.1012,22409.0
2025-01-13 21:06:00,0.1011,0.1011,0.1006,0.1007,4141.0
2025-01-13 21:07:00,0.1007,0.1007,0.1005,0.1007,7760.0
2025-01-13 21:08:00,0.1007,0.1008,0.1007,0.1008,16339.0
2025-01-13 21:09:00,0.1009,0.1009,0.1009,0.1009,63.0
2025-01-13 21:10:00,0.1008,0.101,0.1008,0.101,6272.0
2025-01-13 21:11:00,0.101,0.101,0.1008,0.1009,23647.0
2025-01-13 21:12:00,0.1008,0.101,0.1008,0.101,14529.0
2025-01-13 21:13:00,0.101,0.101,0.1008,0.1008,5033.0
2025-01-13 21:14:00,0.101,0.101,0.1009,0.1009,17540.0
2025-01-13 21:15:00,0.1008,0.1008,0.1008,0.1008,4649.0
2025-01-13 21:16:00,0.1008,0.1008,0.1008,0.1008,0.0
2025-01-13 21:17:00,0.1007,0.1007,0.1007,0.1007,5931.0
2025-01-13 21:18:00,0.1005,0.1005,0.1004,0.1004,209.0
2025-01-13 21:19:00,0.1006,0.1006,0.1005,0.1005,8496.0
2025-01-13 21:20:00,0.1003,0.1008,0.1003,0.1008,863.0
2025-01-13 21:21:00,0.1004,0.1006,0.1004,0.1006,167.0
2025-01-13 21:22:00,0.1006,0.1006,0.1004,0.1004,9104.0
2025-01-13 21:23:00,0.1007,0.1007,0.1007,0.1007,3610.0
2025-01-13 21:24:00,0.1008,0.101,0.1008,0.1009,2928.0
2025-01-13 21:25:00,0.101,0.1012,0.101,0.1011,2812.0
2025-01-13 21:26:00,0.1011,0.1011,0.101,0.101,11979.0
2025-01-13 21:27:00,0.1008,0.101,0.1008,0.101,1563.0
2025-01-13 21:28:00,0.101,0.101,0.101,0.101,3446.0
2025-01-13 21:29:00,0.1011,0.1012,0.1011,0.1012,1545.0
2025-01-13 21:30:00,0.1013,0.1014,0.1013,0.1014,3677.0
2025-01-13 21:31:00,0.1015,0.1015,0.1013,0.1013,3815.0
2025-01-13 21:32:00,0.1009,0.101,0.1009,0.101,4031.0
2025-01-13 21:33:00,0.1009,0.101,0.1009,0.101,410.0
2025-01-13 21:34:00,0.1011,0.1011,0.1011,0.1011,2865.0
2025-01-13 21:35:00,0.101,0.101,0.101,0.101,429.0
2025-01-13 21:36:00,0.1009,0.1009,0.1009,0.1009,14430.0
2025-01-13 21:37:00,0.1011,0.1015,0.1011,0.1014,17741.0
2025-01-13 21:38:00,0.1015,0.1016,0.1015,0.1016,14101.0
2025-01-13 21:39:00,0.1017,0.1019,0.1017,0.1019,5076.0
2025-01-13 21:40:00,0.1018,0.1021,0.1018,0.102,7235.0
2025-01-13 21:41:00,0.1022,0.1023,0.102,0.1023,7299.0
2025-01-13 21:42:00,0.1022,0.1022,0.1018,0.1018,2246.0
2025-01-13 21:43:00,0.1019,0.1022,0.1019,0.1022,9296.0
2025-01-13 21:44:00,0.1022,0.1022,0.1022,0.1022,182.0
2025-01-13 21:45:00,0.1021,0.1022,0.1021,0.1022,3464.0
2025-01-13 21:46:00,0.102,0.102,0.1019,0.1019,17372.0
2025-01-13 21:47:00,0.1017,0.1018,0.1017,0.1018,1118.0
2025-01-13 21:48:00,0.1016,0.1018,0.1016,0.1018,6594.0
2025-01-13 21:49:00,0.1019,0.1019,0.1017,0.1017,1060.0
2025-01-13 21:50:00,0.1019,0.1019,0.1017,0.1018,1794.0
2025-01-13 21:51:00,0.1016,0.1018,0.1016,0.1018,6744.0
2025-01-13 21:52:00,0.1018,0.1019,0.1018,0.1019,205.0
2025-01-13 21:53:00,0.1017,0.1017,0.1016,0.1017,6834.0
2025-01-13 21:54:00,0.1017,0.1017,0.1016,0.1016,5010.0
2025-01-13 21:55:00,0.1016,0.1017,0.1016,0.1017,8114.0
2025-01-13 21:56:00,0.1017,0.1018,0.1017,0.1017,1634.0
2025-01-13 21:57:00,0.1018,0.1018,0.1017,0.1018,8343.0
2025-01-13 21:58:00,0.1018,0.1018,0.1017,0.1018,4001.0
2025-01-13 21:59:00,0.1018,0.102,0.1018,0.102,657.0
2025-01-13 22:00:00,0.102,0.1022,0.102,0.1022,8443.0
2025-01-13 22:01:00,0.1021,0.1023,0.102,0.1023,20600.0
2025-01-13 22:02:00,0.1024,0.1024,0.1024,0.1024,2159.0
2025-01-13 22:03:00,0.1022,0.1022,0.1022,0.1022,62.0
2025-01-13 22:04:00,0.1024,0.1024,0.1024,0.1024,7403.0
2025-01-13 22:05:00,0.1024,0.1024,0.1022,0.1022,6412.0
2025-01-13 22:06:00,0.1023,0.1023,0.1023,0.1023,3167.0
2025-01-13 22:07:00,0.1024,0.1024,0.1024,0.1024,177.0
2025-01-13 22:08:00,0.1024,0.1024,0.1024,0.1024,195.0
2025-01-13 22:09:00,0.1023,0.1027,0.1023,0.1026,10663.0
2025-01-13 22:10:00,0.1026,0.1028,0.1026,0.1026,4556.0
2025-01-13 22:11:00,0.1027,0.1027,0.1025,0.1025,11051.0
2025-01-13 22:12:00,0.1026,0.1026,0.1026,0.1026,273.0
2025-01-13 22:13:00,0.1025,0.1026,0.1025,0.1025,6755.0
2025-01-13 22:14:00,0.1025,0.1027,0.1025,0.1026,6162.0
2025-01-13 22:15:00,0.1026,0.1026,0.1024,0.1024,10901.0
2025-01-13 22:16:00,0.1025,0.1026,0.1025,0.1026,2843.0
2025-01-13 22:17:00,0.1027,0.1027,0.1025,0.1025,16790.0
2025-01-13 22:18:00,0.1026,0.1026,0.1026,0.1026,2535.0
2025-01-13 22:19:00,0.1027,0.1028,0.1027,0.1027,2555.0
2025-01-13 22:20:00,0.1027,0.1027,0.1027,0.1027,112.0
2025-01-13 22:21:00,0.1028,0.1028,0.1026,0.1026,11070.0
2025-01-13 22:22:00,0.1028,0.1028,0.1027,0.1028,4505.0
2025-01-13 22:23:00,0.1028,0.1028,0.1028,0.1028,1129.0
2025-01-13 22:24:00,0.1029,0.103,0.1029,0.103,4272.0
2025-01-13 22:25:00,0.1029,0.103,0.1029,0.103,4174.0
2025-01-13 22:26:00,0.1029,0.103,0.1029,0.1029,706.0
2025-01-13 22:27:00,0.1029,0.1029,0.1029,0.1029,2375.0
2025-01-13 22:28:00,0.1028,0.1028,0.1027,0.1027,580.0
2025-01-13 22:29:00,0.1028,0.1028,0.1027,0.1027,14649.0
2025-01-13 22:30:00,0.1027,0.1027,0.1025,0.1025,11284.0
2025-01-13 22:31:00,0.1025,0.1025,0.1025,0.1025,9120.0
2025-01-13 22:32:00,0.1025,0.1025,0.1023,0.1024,2302.0
2025-01-13 22:33:00,0.1023,0.1023,0.1021,0.1021,4409.0
2025-01-13 22:34:00,0.1021,0.1022,0.1021,0.1022,4593.0
2025-01-13 22:35:00,0.1021,0.1021,0.102,0.102,4603.0
2025-01-13 22:36:00,0.1019,0.1019,0.1019,0.1019,2028.0
2025-01-13 22:37:00,0.1018,0.1021,0.1018,0.1021,75930.0
2025-01-13 22:38:00,0.1021,0.1021,0.1021,0.1021,186.0
2025-01-13 22:39:00,0.1021,0.1022,0.1021,0.1021,902.0
2025-01-13 22:40:00,0.1022,0.1022,0.102,0.102,2305.0
2025-01-13 22:41:00,0.102,0.102,0.102,0.102,0.0
2025-01-13 22:42:00,0.102,0.102,0.102,0.102,0.0
2025-01-13 22:43:00,0.1022,0.1023,0.1021,0.1021,42967.0
2025-01-13 22:44:00,0.1021,0.1021,0.1021,0.1021,62.0
2025-01-13 22:45:00,0.1021,0.1021,0.1021,0.1021,0.0
2025-01-13 22:46:00,0.1022,0.1022,0.1021,0.1021,301.0
2025-01-13 22:47:00,0.1022,0.1022,0.1022,0.1022,62.0
2025-01-13 22:48:00,0.1023,0.1023,0.1022,0.1022,7575.0
2025-01-13 22:49:00,0.1024,0.1024,0.1024,0.1024,107.0
2025-01-13 22:50:00,0.1024,0.1024,0.1024,0.1024,1842.0
2025-01-13 22:51:00,0.1022,0.1022,0.1022,0.1022,353.0
2025-01-13 22:52:00,0.1022,0.1022,0.1022,0.1022,338.0
2025-01-13 22:53:00,0.1022,0.1022,0.1022,0.1022,0.0
2025-01-13 22:54:00,0.1021,0.1021,0.1021,0.1021,50.0
2025-01-13 22:55:00,0.1021,0.1021,0.1021,0.1021,0.0
2025-01-13 22:56:00,0.1021,0.1021,0.1021,0.1021,0.0
2025-01-13 22:57:00,0.1023,0.1023,0.1022,0.1023,3720.0
2025-01-13 22:58:00,0.1022,0.1022,0.1022,0.1022,1647.0
2025-01-13 22:59:00,0.1023,0.1024,0.1023,0.1024,1888.0
2025-01-13 23:00:00,0.1024,0.1024,0.1024,0.1024,10857.0
2025-01-13 23:01:00,0.1022,0.1023,0.1022,0.1022,984.0
2025-01-13 23:02:00,0.1021,0.1022,0.1021,0.1022,1957.0
2025-01-13 23:03:00,0.1022,0.1022,0.1022,0.1022,2864.0
2025-01-13 23:04:00,0.1022,0.1022,0.1022,0.1022,0.0
2025-01-13 23:05:00,0.1023,0.1023,0.1022,0.1023,8706.0
2025-01-13 23:06:00,0.1021,0.1022,0.1021,0.1021,6348.0
2025-01-13 23:07:00,0.1021,0.1022,0.102,0.102,4551.0
2025-01-13 23:08:00,0.1021,0.1022,0.1021,0.1022,3336.0
2025-01-13 23:09:00,0.1022,0.1022,0.1022,0.1022,978.0
2025-01-13 23:10:00,0.1022,0.1022,0.1022,0.1022,0.0
2025-01-13 23:11:00,0.1022,0.1022,0.1022,0.1022,0.0
2025-01-13 23:12:00,0.1023,0.1023,0.1022,0.1022,118.0
2025-01-13 23:13:00,0.1023,0.1024,0.1023,0.1024,3281.0
2025-01-13 23:14:00,0.1023,0.1023,0.1023,0.1023,306.0
2025-01-13 23:15:00,0.1024,0.1024,0.1024,0.1024,3214.0
2025-01-13 23:16:00,0.1023,0.1023,0.1023,0.1023,1819.0
2025-01-13 23:17:00,0.1024,0.1024,0.1024,0.1024,195.0
2025-01-13 23:18:00,0.1024,0.1024,0.1024,0.1024,0.0
2025-01-13 23:19:00,0.1023,0.1025,0.1023,0.1025,5515.0
2025-01-13 23:20:00,0.1024,0.1024,0.1024,0.1024,4261.0
2025-01-13 23:21:00,0.1025,0.1025,0.1025,0.1025,194.0
2025-01-13 23:22:00,0.1024,0.1024,0.1024,0.1024,209.0
2025-01-13 23:23:00,0.1024,0.1024,0.1024,0.1024,0.0
2025-01-13 23:24:00,0.1024,0.1024,0.1024,0.1024,0.0
2025-01-13 23:25:00,0.1023,0.1023,0.1021,0.1023,14447.0
2025-01-13 23:26:00,0.1022,0.1022,0.1021,0.1022,3377.0
2025-01-13 23:27:00,0.1021,0.1021,0.1021,0.1021,62.0
2025-01-13 23:28:00,0.1021,0.1021,0.1021,0.1021,0.0
2025-01-13 23:29:00,0.1021,0.1021,0.1021,0.1021,0.0
2025-01-13 23:30:00,0.1022,0.1023,0.1022,0.1023,5404.0
2025-01-13 23:31:00,0.1022,0.1022,0.1022,0.1022,6307.0
2025-01-13 23:32:00,0.1023,0.1023,0.1022,0.1022,6165.0
2025-01-13 23:33:00,0.1022,0.1022,0.1022,0.1022,62.0
2025-01-13 23:34:00,0.1022,0.1022,0.1022,0.1022,1525.0
2025-01-13 23:35:00,0.1022,0.1022,0.1022,0.1022,62.0
2025-01-13 23:36:00,0.1023,0.1023,0.1023,0.1023,144.0
2025-01-13 23:37:00,0.1023,0.1023,0.1023,0.1023,62.0
2025-01-13 23:38:00,0.1023,0.1023,0.1023,0.1023,62.0
2025-01-13 23:39:00,0.1022,0.1023,0.1022,0.1023,3718.0
2025-01-13 23:40:00,0.1024,0.1024,0.1024,0.1024,215.0
2025-01-13 23:41:00,0.1023,0.1024,0.1023,0.1024,5324.0
2025-01-13 23:42:00,0.1024,0.1024,0.1024,0.1024,257.0
2025-01-13 23:43:00,0.1024,0.1024,0.1024,0.1024,62.0
2025-01-13 23:44:00,0.1023,0.1023,0.1023,0.1023,285.0
2025-01-13 23:45:00,0.1022,0.1024,0.1022,0.1024,19563.0
2025-01-13 23:46:00,0.1024,0.1024,0.1024,0.1024,4483.0
2025-01-13 23:47:00,0.1024,0.1024,0.1024,0.1024,0.0
2025-01-13 23:48:00,0.1023,0.1023,0.1023,0.1023,214.0
2025-01-13 23:49:00,0.1023,0.1023,0.1023,0.1023,0.0
2025-01-13 23:50:00,0.1024,0.1024,0.1024,0.1024,9866.0
2025-01-13 23:51:00,0.1024,0.1026,0.1024,0.1026,12305.0
2025-01-13 23:52:00,0.1025,0.1026,0.1025,0.1026,2235.0
2025-01-13 23:53:00,0.1026,0.1026,0.1025,0.1025,1439.0
2025-01-13 23:54:00,0.1024,0.1025,0.1024,0.1025,4073.0
2025-01-13 23:55:00,0.1025,0.1025,0.1025,0.1025,4276.0
2025-01-13 23:56:00,0.1024,0.1024,0.1024,0.1024,62.0
2025-01-13 23:57:00,0.1026,0.1026,0.1025,0.1025,2592.0
2025-01-13 23:58:00,0.1024,0.1024,0.1024,0.1024,62.0
2025-01-13 23:59:00,0.1024,0.1025,0.1024,0.1025,222.0
2025-01-14 00:00:00,0.1024,0.1024,0.1024,0.1024,2697.0
2025-01-14 00:01:00,0.1026,0.1027,0.1025,0.1027,24039.0
2025-01-14 00:02:00,0.1027,0.1027,0.1025,0.1025,14601.0
2025-01-14 00:03:00,0.1025,0.1025,0.1025,0.1025,13969.0
2025-01-14 00:04:00,0.1026,0.1026,0.1024,0.1024,8747.0
2025-01-14 00:05:00,0.1024,0.1025,0.1024,0.1025,4452.0
2025-01-14 00:06:00,0.1025,0.1025,0.1023,0.1023,6272.0
2025-01-14 00:07:00,0.1023,0.1024,0.1023,0.1024,5735.0
2025-01-14 00:08:00,0.1023,0.1023,0.1023,0.1023,4089.0
2025-01-14 00:09:00,0.1023,0.1023,0.1023,0.1023,3861.0
2025-01-14 00:10:00,0.1024,0.1025,0.1024,0.1024,22414.0
2025-01-14 00:11:00,0.1024,0.1025,0.1024,0.1025,90811.0
2025-01-14 00:12:00,0.1024,0.1024,0.1023,0.1023,25599.0
2025-01-14 00:13:00,0.1022,0.1023,0.1022,0.1023,236.0
2025-01-14 00:14:00,0.1023,0.1023,0.1022,0.1022,279.0
2025-01-14 00:15:00,0.1022,0.1023,0.1022,0.1022,5639.0
2025-01-14 00:16:00,0.1022,0.1022,0.1021,0.1022,5784.0
2025-01-14 00:17:00,0.1021,0.1021,0.1021,0.1021,2110.0
2025-01-14 00:18:00,0.1021,0.1023,0.1021,0.1023,10210.0
2025-01-14 00:19:00,0.1024,0.1024,0.1022,0.1022,1652.0
2025-01-14 00:20:00,0.1021,0.1025,0.1021,0.1025,17397.0
2025-01-14 00:21:00,0.1026,0.1026,0.1026,0.1026,62.0
2025-01-14 00:22:00,0.1026,0.1026,0.1026,0.1026,2073.0
2025-01-14 00:23:00,0.1026,0.1028,0.1026,0.1028,4078.0
2025-01-14 00:24:00,0.1027,0.1027,0.1027,0.1027,62.0
2025-01-14 00:25:00,0.1027,0.1027,0.1026,0.1026,160.0
2025-01-14 00:26:00,0.1025,0.1026,0.1025,0.1026,578.0
2025-01-14 00:27:00,0.1025,0.1025,0.1024,0.1025,8957.0
2025-01-14 00:28:00,0.1025,0.1025,0.1025,0.1025,62.0
2025-01-14 00:29:00,0.1024,0.1024,0.1024,0.1024,162.0
2025-01-14 00:30:00,0.1025,0.1025,0.1023,0.1023,8679.0
2025-01-14 00:31:00,0.1022,0.1023,0.1022,0.1022,3443.0
2025-01-14 00:32:00,0.1022,0.1022,0.1021,0.1022,15946.0
2025-01-14 00:33:00,0.102,0.102,0.102,0.102,62.0
2025-01-14 00:34:00,0.1021,0.1022,0.1021,0.1022,397.0
2025-01-14 00:35:00,0.102,0.1021,0.102,0.1021,2494.0
2025-01-14 00:36:00,0.1022,0.1022,0.1022,0.1022,2829.0
2025-01-14 00:37:00,0.1022,0.1022,0.1022,0.1022,0.0
2025-01-14 00:38:00,0.1021,0.1021,0.1021,0.1021,499.0
2025-01-14 00:39:00,0.102,0.102,0.102,0.102,62.0
2025-01-14 00:40:00,0.1021,0.1023,0.1021,0.1023,4319.0
2025-01-14 00:41:00,0.1024,0.1024,0.1024,0.1024,23485.0
2025-01-14 00:42:00,0.1024,0.1024,0.1023,0.1023,259.0
2025-01-14 00:43:00,0.1023,0.1023,0.1023,0.1023,195.0
2025-01-14 00:44:00,0.1021,0.1021,0.1021,0.1021,1154.0
2025-01-14 00:45:00,0.1021,0.1021,0.102,0.102,8655.0
2025-01-14 00:46:00,0.102,0.1021,0.102,0.1021,1128.0
2025-01-14 00:47:00,0.1019,0.1019,0.1019,0.1019,107.0
2025-01-14 00:48:00,0.1019,0.1019,0.1018,0.1019,14089.0
2025-01-14 00:49:00,0.1019,0.1019,0.1018,0.1018,5790.0
2025-01-14 00:50:00,0.1018,0.1019,0.1018,0.1019,3853.0
2025-01-14 00:51:00,0.1022,0.1022,0.1022,0.1022,2888.0
2025-01-14 00:52:00,0.1022,0.1022,0.1022,0.1022,0.0
2025-01-14 00:53:00,0.102,0.1021,0.102,0.1021,3411.0
2025-01-14 00:54:00,0.102,0.102,0.102,0.102,297.0
2025-01-14 00:55:00,0.1021,0.1021,0.1021,0.1021,827.0
2025-01-14 00:56:00,0.102,0.102,0.1019,0.1019,9704.0
2025-01-14 00:57:00,0.1018,0.1018,0.1017,0.1018,3642.0
2025-01-14 00:58:00,0.1018,0.1018,0.1018,0.1018,0.0
2025-01-14 00:59:00,0.1018,0.1018,0.1018,0.1018,52.0
2025-01-14 01:00:00,0.1019,0.102,0.1019,0.102,9660.0
2025-01-14 01:01:00,0.1022,0.1023,0.1022,0.1023,4044.0
2025-01-14 01:02:00,0.1024,0.1024,0.1024,0.1024,1994.0
2025-01-14 01:03:00,0.1024,0.1026,0.1024,0.1026,5055.0
2025-01-14 01:04:00,0.1025,0.1025,0.1025,0.1025,5628.0
2025-01-14 01:05:00,0.1026,0.1026,0.1025,0.1025,387.0
2025-01-14 01:06:00,0.1026,0.1026,0.1025,0.1025,2305.0
2025-01-14 01:07:00,0.1025,0.1025,0.1025,0.1025,0.0
2025-01-14 01:08:00,0.1029,0.1029,0.1029,0.1029,114.0
2025-01-14 01:09:00,0.1029,0.1029,0.1029,0.1029,224.0
2025-01-14 01:10:00,0.1031,0.1032,0.1031,0.1032,3912.0
2025-01-14 01:11:00,0.1031,0.1031,0.1031,0.1031,1202.0
2025-01-14 01:12:00,0.1031,0.1031,0.1031,0.1031,0.0
2025-01-14 01:13:00,0.1031,0.1031,0.103,0.103,9918.0
2025-01-14 01:14:00,0.1031,0.1031,0.1031,0.1031,1022.0
2025-01-14 01:15:00,0.1031,0.1031,0.1031,0.1031,1309.0
2025-01-14 01:16:00,0.1029,0.1029,0.1029,0.1029,752.0
2025-01-14 01:17:00,0.1027,0.1027,0.1026,0.1026,8494.0
2025-01-14 01:18:00,0.1026,0.1026,0.1026,0.1026,1438.0
2025-01-14 01:19:00,0.1026,0.1026,0.1025,0.1025,4694.0
2025-01-14 01:20:00,0.1025,0.1025,0.1023,0.1024,5646.0
2025-01-14 01:21:00,0.1025,0.1025,0.1025,0.1025,1002.0
2025-01-14 01:22:00,0.1024,0.1024,0.1023,0.1024,12217.0
2025-01-14 01:23:00,0.1024,0.1024,0.1024,0.1024,0.0
2025-01-14 01:24:00,0.1024,0.1024,0.1024,0.1024,3167.0
2025-01-14 01:25:00,0.1026,0.1026,0.1025,0.1025,874.0
2025-01-14 01:26:00,0.1025,0.1025,0.1025,0.1025,62.0
2025-01-14 01:27:00,0.1024,0.1025,0.1024,0.1024,10877.0
2025-01-14 01:28:00,0.1026,0.1026,0.1026,0.1026,446.0
2025-01-14 01:29:00,0.1026,0.1026,0.1026,0.1026,157.0
2025-01-14 01:30:00,0.1026,0.1026,0.1026,0.1026,60.0
2025-01-14 01:31:00,0.1026,0.1026,0.1026,0.1026,265.0
2025-01-14 01:32:00,0.1026,0.1026,0.1026,0.1026,0.0
2025-01-14 01:33:00,0.1024,0.1024,0.1024,0.1024,10275.0
2025-01-14 01:34:00,0.1023,0.1023,0.1023,0.1023,7960.0
2025-01-14 01:35:00,0.1023,0.1023,0.1023,0.1023,0.0
2025-01-14 01:36:00,0.1023,0.1024,0.1023,0.1023,2683.0
2025-01-14 01:37:00,0.1023,0.1023,0.1023,0.1023,0.0
2025-01-14 01:38:00,0.1022,0.1022,0.1021,0.1021,5552.0
2025-01-14 01:39:00,0.1022,0.1022,0.1022,0.1022,179.0
2025-01-14 01:40:00,0.1023,0.1023,0.1022,0.1023,482.0
2025-01-14 01:41:00,0.1022,0.1022,0.1022,0.1022,62.0
2025-01-14 01:42:00,0.1022,0.1022,0.1022,0.1022,0.0
2025-01-14 01:43:00,0.1022,0.1022,0.1022,0.1022,0.0
2025-01-14 01:44:00,0.1022,0.1022,0.1022,0.1022,0.0
2025-01-14 01:45:00,0.1022,0.1022,0.1021,0.1021,19456.0
2025-01-14 01:46:00,0.1022,0.1022,0.102,0.1021,22284.0
2025-01-14 01:47:00,0.102,0.102,0.1018,0.1018,12884.0
2025-01-14 01:48:00,0.1018,0.1018,0.1018,0.1018,9953.0
2025-01-14 01:49:00,0.1017,0.1019,0.1017,0.1019,9084.0
2025-01-14 01:50:00,0.1019,0.1019,0.1019,0.1019,0.0
2025-01-14 01:51:00,0.102,0.102,0.1018,0.1018,2943.0
2025-01-14 01:52:00,0.1018,0.1018,0.1018,0.1018,208.0
2025-01-14 01:53:00,0.1018,0.1018,0.1017,0.1017,7774.0
2025-01-14 01:54:00,0.1017,0.1017,0.1017,0.1017,0.0
2025-01-14 01:55:00,0.1018,0.1018,0.1017,0.1017,255.0
2025-01-14 01:56:00,0.1017,0.1017,0.1017,0.1017,84.0
2025-01-14 01:57:00,0.1017,0.1017,0.1017,0.1017,3807.0
2025-01-14 01:58:00,0.1017,0.1019,0.1017,0.1019,2298.0
2025-01-14 01:59:00,0.1019,0.1019,0.1019,0.1019,0.0
2025-01-14 02:00:00,0.1019,0.1021,0.1019,0.1021,3507.0
2025-01-14 02:01:00,0.1022,0.1023,0.1022,0.1023,8295.0
2025-01-14 02:02:00,0.1023,0.1023,0.1022,0.1022,3575.0
2025-01-14 02:03:00,0.1021,0.1021,0.1021,0.1021,3620.0
2025-01-14 02:04:00,0.1021,0.1021,0.1021,0.1021,4911.0
2025-01-14 02:05:00,0.1021,0.1021,0.102,0.102,2141.0
2025-01-14 02:06:00,0.102,0.102,0.1019,0.1019,2112.0
2025-01-14 02:07:00,0.1019,0.1019,0.1017,0.1018,6495.0
2025-01-14 02:08:00,0.1018,0.1018,0.1018,0.1018,0.0
2025-01-14 02:09:00,0.102,0.102,0.102,0.102,776.0
2025-01-14 02:10:00,0.102,0.102,0.102,0.102,2417.0
2025-01-14 02:11:00,0.1021,0.1022,0.1021,0.1022,983.0
2025-01-14 02:12:00,0.1023,0.1023,0.1023,0.1023,2405.0
2025-01-14 02:13:00,0.1023,0.1023,0.1023,0.1023,0.0
2025-01-14 02:14:00,0.1023,0.1023,0.1023,0.1023,0.0
2025-01-14 02:15:00,0.1024,0.1025,0.1024,0.1025,1163.0
2025-01-14 02:16:00,0.1023,0.1025,0.1023,0.1025,6820.0
2025-01-14 02:17:00,0.1027,0.1027,0.1027,0.1027,983.0
2025-01-14 02:18:00,0.1024,0.1024,0.1024,0.1024,297.0
2025-01-14 02:19:00,0.1028,0.1028,0.1028,0.1028,73.0
2025-01-14 02:20:00,0.1027,0.1027,0.1026,0.1026,7524.0
2025-01-14 02:21:00,0.1028,0.103,0.1028,0.103,2500.0
2025-01-14 02:22:00,0.1031,0.1033,0.1031,0.1033,12790.0
2025-01-14 02:23:00,0.1032,0.1033,0.1032,0.1033,6209.0
2025-01-14 02:24:00,0.1032,0.1032,0.1032,0.1032,61.0
2025-01-14 02:25:00,0.1032,0.1032,0.1031,0.1031,335.0
2025-01-14 02:26:00,0.1031,0.1031,0.1031,0.1031,2061.0
2025-01-14 02:27:00,0.1031,0.1031,0.1031,0.1031,0.0
2025-01-14 02:28:00,0.103,0.103,0.1028,0.1029,576.0
2025-01-14 02:29:00,0.1029,0.1029,0.1029,0.1029,0.0
2025-01-14 02:30:00,0.1028,0.1028,0.1027,0.1027,1446.0
2025-01-14 02:31:00,0.1026,0.1026,0.1026,0.1026,7553.0
2025-01-14 02:32:00,0.1025,0.1025,0.1025,0.1025,789.0
2025-01-14 02:33:00,0.1025,0.1025,0.1025,0.1025,62.0
2025-01-14 02:34:00,0.1024,0.1025,0.1024,0.1024,1082.0
2025-01-14 02:35:00,0.1025,0.1025,0.1025,0.1025,3302.0
2025-01-14 02:36:00,0.1025,0.1025,0.1025,0.1025,4408.0
2025-01-14 02:37:00,0.1025,0.1025,0.1025,0.1025,156.0
2025-01-14 02:38:00,0.1025,0.1026,0.1025,0.1026,4188.0
2025-01-14 02:39:00,0.1026,0.1026,0.1026,0.1026,3383.0
2025-01-14 02:40:00,0.1026,0.1027,0.1026,0.1027,2761.0
2025-01-14 02:41:00,0.1027,0.1027,0.1027,0.1027,81.0
2025-01-14 02:42:00,0.1027,0.1027,0.1027,0.1027,0.0
2025-01-14 02:43:00,0.1024,0.1024,0.1024,0.1024,416.0
2025-01-14 02:44:00,0.1024,0.1024,0.1023,0.1024,7419.0
2025-01-14 02:45:00,0.1024,0.1024,0.1024,0.1024,0.0
2025-01-14 02:46:00,0.1024,0.1024,0.1024,0.1024,0.0
2025-01-14 02:47:00,0.1023,0.1023,0.1023,0.1023,69538.0
2025-01-14 02:48:00,0.1023,0.1023,0.1023,0.1023,3298.0
2025-01-14 02:49:00,0.1022,0.1022,0.1022,0.1022,8347.0
2025-01-14 02:50:00,0.1022,0.1022,0.1022,0.1022,224.0
2025-01-14 02:51:00,0.1022,0.1022,0.1022,0.1022,0.0
2025-01-14 02:52:00,0.1024,0.1024,0.1024,0.1024,185.0
2025-01-14 02:53:00,0.1023,0.1023,0.1022,0.1022,3464.0
2025-01-14 02:54:00,0.1022,0.1022,0.1022,0.1022,184.0
2025-01-14 02:55:00,0.1023,0.1023,0.1023,0.1023,293.0
2025-01-14 02:56:00,0.1023,0.1023,0.1023,0.1023,0.0
2025-01-14 02:57:00,0.1023,0.1023,0.1023,0.1023,0.0
2025-01-14 02:58:00,0.1023,0.1023,0.1023,0.1023,0.0
2025-01-14 02:59:00,0.1024,0.1025,0.1024,0.1025,8419.0
2025-01-14 03:00:00,0.1024,0.1025,0.1024,0.1025,5121.0
2025-01-14 03:01:00,0.1026,0.1027,0.1025,0.1025,5984.0
2025-01-14 03:02:00,0.1025,0.1025,0.1025,0.1025,479.0
2025-01-14 03:03:00,0.1025,0.1025,0.1025,0.1025,0.0
2025-01-14 03:04:00,0.1024,0.1024,0.1024,0.1024,2580.0
2025-01-14 03:05:00,0.1024,0.1024,0.1024,0.1024,0.0
2025-01-14 03:06:00,0.1025,0.1025,0.1025,0.1025,282.0
2025-01-14 03:07:00,0.1024,0.1024,0.1024,0.1024,3078.0
2025-01-14 03:08:00,0.1024,0.1024,0.1024,0.1024,0.0
2025-01-14 03:09:00,0.1024,0.1024,0.1024,0.1024,912.0
2025-01-14 03:10:00,0.1024,0.1024,0.1024,0.1024,0.0
2025-01-14 03:11:00,0.1024,0.1024,0.1024,0.1024,0.0
2025-01-14 03:12:00,0.1026,0.1026,0.1026,0.1026,3078.0
2025-01-14 03:13:00,0.1026,0.1026,0.1026,0.1026,0.0
2025-01-14 03:14:00,0.1026,0.1026,0.1026,0.1026,0.0
2025-01-14 03:15:00,0.1025,0.1025,0.1025,0.1025,5071.0
2025-01-14 03:16:00,0.1025,0.1025,0.1024,0.1024,3845.0
2025-01-14 03:17:00,0.1024,0.1024,0.1024,0.1024,0.0
2025-01-14 03:18:00,0.1024,0.1024,0.1024,0.1024,0.0
2025-01-14 03:19:00,0.1026,0.1026,0.1025,0.1025,219.0
2025-01-14 03:20:00,0.1026,0.1026,0.1026,0.1026,261.0
2025-01-14 03:21:00,0.1028,0.1028,0.1028,0.1028,2607.0
2025-01-14 03:22:00,0.1028,0.1028,0.1028,0.1028,6014.0
2025-01-14 03:23:00,0.1026,0.1026,0.1026,0.1026,54.0
2025-01-14 03:24:00,0.1026,0.1026,0.1026,0.1026,2923.0
2025-01-14 03:25:00,0.1029,0.1029,0.1029,0.1029,1202.0
2025-01-14 03:26:00,0.1029,0.1029,0.1029,0.1029,0.0
2025-01-14 03:27:00,0.1029,0.1029,0.1029,0.1029,0.0
2025-01-14 03:28:00,0.1029,0.1029,0.1029,0.1029,0.0
2025-01-14 03:29:00,0.1027,0.1027,0.1027,0.1027,265.0
2025-01-14 03:30:00,0.1028,0.1028,0.1028,0.1028,5553.0
2025-01-14 03:31:00,0.1028,0.1028,0.1028,0.1028,7792.0
2025-01-14 03:32:00,0.1027,0.1027,0.1027,0.1027,363.0
2025-01-14 03:33:00,0.1025,0.1025,0.1025,0.1025,1500.0
2025-01-14 03:34:00,0.1026,0.1026,0.1026,0.1026,162.0
2025-01-14 03:35:00,0.1025,0.1025,0.1025,0.1025,162.0
2025-01-14 03:36:00,0.1026,0.1026,0.1026,0.1026,116.0
2025-01-14 03:37:00,0.1025,0.1025,0.1025,0.1025,2706.0
2025-01-14 03:38:00,0.1025,0.1025,0.1025,0.1025,3076.0
2025-01-14 03:39:00,0.1025,0.1026,0.1025,0.1026,2938.0
2025-01-14 03:40:00,0.1026,0.1026,0.1026,0.1026,226.0
2025-01-14 03:41:00,0.1024,0.1025,0.1024,0.1025,3139.0
2025-01-14 03:42:00,0.1024,0.1026,0.1024,0.1026,13392.0
2025-01-14 03:43:00,0.1025,0.1026,0.1025,0.1026,4092.0
2025-01-14 03:44:00,0.1026,0.1026,0.1026,0.1026,5656.0
2025-01-14 03:45:00,0.1026,0.1026,0.1026,0.1026,0.0
2025-01-14 03:46:00,0.1026,0.1026,0.1026,0.1026,7180.0
2025-01-14 03:47:00,0.1026,0.1026,0.1026,0.1026,0.0
2025-01-14 03:48:00,0.1024,0.1026,0.1024,0.1026,29427.0
2025-01-14 03:49:00,0.1025,0.1026,0.1025,0.1026,877.0
2025-01-14 03:50:00,0.1026,0.1026,0.1026,0.1026,4765.0
2025-01-14 03:51:00,0.1026,0.1026,0.1026,0.1026,29499.0
2025-01-14 03:52:00,0.1025,0.1025,0.1025,0.1025,4500.0
2025-01-14 03:53:00,0.1025,0.1025,0.1025,0.1025,0.0
2025-01-14 03:54:00,0.1025,0.1025,0.1025,0.1025,4045.0
2025-01-14 03:55:00,0.1025,0.1025,0.1024,0.1024,9318.0
2025-01-14 03:56:00,0.1024,0.1024,0.1023,0.1023,5297.0
2025-01-14 03:57:00,0.1023,0.1023,0.1023,0.1023,0.0
2025-01-14 03:58:00,0.1023,0.1023,0.1023,0.1023,0.0
2025-01-14 03:59:00,0.1026,0.1026,0.1026,0.1026,8331.0
2025-01-14 04:00:00,0.1028,0.1028,0.1027,0.1027,6424.0
2025-01-14 04:01:00,0.1027,0.1029,0.1027,0.1029,3362.0
2025-01-14 04:02:00,0.1029,0.1029,0.1028,0.1029,1273.0
2025-01-14 04:03:00,0.1026,0.1026,0.1026,0.1026,71.0
2025-01-14 04:04:00,0.1027,0.1027,0.1027,0.1027,1925.0
2025-01-14 04:05:00,0.1027,0.1027,0.1027,0.1027,0.0
2025-01-14 04:06:00,0.1027,0.1028,0.1027,0.1027,7773.0
2025-01-14 04:07:00,0.1027,0.1027,0.1027,0.1027,0.0
2025-01-14 04:08:00,0.1026,0.1026,0.1026,0.1026,3105.0
2025-01-14 04:09:00,0.1026,0.1026,0.1026,0.1026,197.0
2025-01-14 04:10:00,0.1028,0.1028,0.1028,0.1028,347.0
2025-01-14 04:11:00,0.1028,0.1028,0.1028,0.1028,668.0
2025-01-14 04:12:00,0.1027,0.1028,0.1027,0.1028,27587.0
2025-01-14 04:13:00,0.1028,0.1028,0.1028,0.1028,115.0
2025-01-14 04:14:00,0.1028,0.1028,0.1028,0.1028,3775.0
2025-01-14 04:15:00,0.103,0.1031,0.103,0.1031,1320.0
2025-01-14 04:16:00,0.1031,0.1031,0.1031,0.1031,0.0
2025-01-14 04:17:00,0.1031,0.1031,0.1031,0.1031,0.0
2025-01-14 04:18:00,0.1031,0.1032,0.103,0.103,13566.0
2025-01-14 04:19:00,0.103,0.103,0.103,0.103,0.0
2025-01-14 04:20:00,0.103,0.103,0.103,0.103,5052.0
2025-01-14 04:21:00,0.103,0.103,0.103,0.103,3237.0
2025-01-14 04:22:00,0.103,0.103,0.103,0.103,0.0
2025-01-14 04:23:00,0.103,0.103,0.103,0.103,137.0
2025-01-14 04:24:00,0.103,0.103,0.103,0.103,0.0
2025-01-14 04:25:00,0.103,0.103,0.103,0.103,0.0
2025-01-14 04:26:00,0.103,0.103,0.103,0.103,5117.0
2025-01-14 04:27:00,0.103,0.103,0.103,0.103,0.0
2025-01-14 04:28:00,0.1028,0.1028,0.1028,0.1028,1500.0
2025-01-14 04:29:00,0.1029,0.1029,0.1029,0.1029,2232.0
2025-01-14 04:30:00,0.1027,0.1027,0.1026,0.1026,4773.0
2025-01-14 04:31:00,0.1027,0.1027,0.1027,0.1027,10046.0
2025-01-14 04:32:00,0.1027,0.1027,0.1027,0.1027,1283.0
2025-01-14 04:33:00,0.1027,0.1027,0.1027,0.1027,0.0
2025-01-14 04:34:00,0.1027,0.1027,0.1027,0.1027,162.0
2025-01-14 04:35:00,0.1027,0.1028,0.1027,0.1027,10265.0
2025-01-14 04:36:00,0.1027,0.1027,0.1027,0.1027,0.0
2025-01-14 04:37:00,0.1028,0.1028,0.1028,0.1028,82.0
2025-01-14 04:38:00,0.1028,0.1028,0.1028,0.1028,0.0
2025-01-14 04:39:00,0.1028,0.1028,0.1028,0.1028,0.0
2025-01-14 04:40:00,0.1031,0.1031,0.1031,0.1031,116.0
2025-01-14 04:41:00,0.103,0.103,0.103,0.103,224.0
2025-01-14 04:42:00,0.103,0.103,0.103,0.103,0.0
2025-01-14 04:43:00,0.1028,0.1028,0.1028,0.1028,1500.0
2025-01-14 04:44:00,0.1028,0.1028,0.1028,0.1028,0.0
2025-01-14 04:45:00,0.103,0.103,0.103,0.103,2533.0
2025-01-14 04:46:00,0.103,0.103,0.103,0.103,0.0
2025-01-14 04:47:00,0.103,0.1032,0.103,0.1032,38290.0
2025-01-14 04:48:00,0.1033,0.1034,0.1032,0.1033,82268.0
2025-01-14 04:49:00,0.1033,0.1034,0.1033,0.1034,9395.0
2025-01-14 04:50:00,0.1033,0.1033,0.1033,0.1033,12324.0
2025-01-14 04:51:00,0.1034,0.1034,0.1034,0.1034,3582.0
2025-01-14 04:52:00,0.1035,0.1035,0.1034,0.1034,926.0
2025-01-14 04:53:00,0.1034,0.1034,0.1034,0.1034,0.0
2025-01-14 04:54:00,0.1035,0.1035,0.1035,0.1035,10322.0
2025-01-14 04:55:00,0.1037,0.1037,0.1037,0.1037,3385.0
2025-01-14 04:56:00,0.1037,0.1037,0.1037,0.1037,51.0
2025-01-14 04:57:00,0.1037,0.1037,0.1036,0.1036,1090.0
2025-01-14 04:58:00,0.1037,0.1037,0.1036,0.1036,256.0
2025-01-14 04:59:00,0.1036,0.1037,0.1036,0.1037,3980.0
2025-01-14 05:00:00,0.1037,0.1038,0.1037,0.1037,3452.0
2025-01-14 05:01:00,0.1036,0.1038,0.1036,0.1038,13410.0
2025-01-14 05:02:00,0.1038,0.1038,0.1038,0.1038,20252.0
2025-01-14 05:03:00,0.1037,0.1037,0.1037,0.1037,8720.0
2025-01-14 05:04:00,0.1038,0.1038,0.1038,0.1038,3105.0
2025-01-14 05:05:00,0.1039,0.1041,0.1039,0.1041,72925.0
2025-01-14 05:06:00,0.104,0.1041,0.104,0.1041,7196.0
2025-01-14 05:07:00,0.1041,0.1045,0.1041,0.1044,80239.0
2025-01-14 05:08:00,0.1044,0.1045,0.1044,0.1045,5619.0
2025-01-14 05:09:00,0.1046,0.1046,0.1045,0.1045,9189.0
2025-01-14 05:10:00,0.1044,0.1044,0.1043,0.1043,250.0
2025-01-14 05:11:00,0.1044,0.1044,0.1044,0.1044,112.0
2025-01-14 05:12:00,0.1044,0.1044,0.1043,0.1044,14139.0
2025-01-14 05:13:00,0.1044,0.1044,0.1044,0.1044,221.0
2025-01-14 05:14:00,0.1044,0.1044,0.1044,0.1044,61.0
2025-01-14 05:15:00,0.1045,0.1045,0.1045,0.1045,1434.0
2025-01-14 05:16:00,0.1045,0.1045,0.1043,0.1044,3217.0
2025-01-14 05:17:00,0.1045,0.1045,0.1045,0.1045,2458.0
2025-01-14 05:18:00,0.1043,0.1043,0.1043,0.1043,221.0
2025-01-14 05:19:00,0.1042,0.1043,0.1041,0.1043,14393.0
2025-01-14 05:20:00,0.1043,0.1043,0.1041,0.1041,11437.0
2025-01-14 05:21:00,0.1041,0.1041,0.1041,0.1041,439.0
2025-01-14 05:22:00,0.104,0.104,0.1039,0.1039,8607.0
2025-01-14 05:23:00,0.1037,0.1039,0.1037,0.1039,5742.0
2025-01-14 05:24:00,0.1039,0.1039,0.1039,0.1039,0.0
2025-01-14 05:25:00,0.1039,0.1039,0.1039,0.1039,0.0
2025-01-14 05:26:00,0.1039,0.1039,0.1039,0.1039,685.0
2025-01-14 05:27:00,0.1038,0.1039,0.1038,0.1039,9557.0
2025-01-14 05:28:00,0.1038,0.1038,0.1038,0.1038,277.0
2025-01-14 05:29:00,0.1038,0.1038,0.1038,0.1038,0.0
2025-01-14 05:30:00,0.1039,0.1039,0.1038,0.1038,11378.0
2025-01-14 05:31:00,0.1039,0.1039,0.1039,0.1039,122.0
2025-01-14 05:32:00,0.1038,0.1038,0.1038,0.1038,1500.0
2025-01-14 05:33:00,0.1037,0.1037,0.1035,0.1036,10993.0
2025-01-14 05:34:00,0.1036,0.1036,0.1036,0.1036,5201.0
2025-01-14 05:35:00,0.1036,0.1036,0.1035,0.1035,1657.0
2025-01-14 05:36:00,0.1036,0.1036,0.1036,0.1036,8000.0
2025-01-14 05:37:00,0.1036,0.1036,0.1036,0.1036,9239.0
2025-01-14 05:38:00,0.1036,0.1036,0.1036,0.1036,0.0
2025-01-14 05:39:00,0.1036,0.1038,0.1036,0.1037,4197.0
2025-01-14 05:40:00,0.1037,0.1038,0.1037,0.1038,630.0
2025-01-14 05:41:00,0.1038,0.1038,0.1038,0.1038,2505.0
2025-01-14 05:42:00,0.1036,0.1036,0.1035,0.1035,10842.0
2025-01-14 05:43:00,0.1037,0.1037,0.1037,0.1037,300.0
2025-01-14 05:44:00,0.1037,0.1037,0.1037,0.1037,0.0
2025-01-14 05:45:00,0.1037,0.1037,0.1037,0.1037,0.0
2025-01-14 05:46:00,0.1034,0.1034,0.1034,0.1034,2834.0
2025-01-14 05:47:00,0.1033,0.1033,0.1033,0.1033,101.0
2025-01-14 05:48:00,0.1033,0.1033,0.1032,0.1033,15063.0
2025-01-14 05:49:00,0.1032,0.1032,0.1032,0.1032,48.0
2025-01-14 05:50:00,0.1031,0.1031,0.103,0.103,13403.0
2025-01-14 05:51:00,0.103,0.103,0.103,0.103,2116.0
2025-01-14 05:52:00,0.1031,0.1031,0.1031,0.1031,187.0
2025-01-14 05:53:00,0.1031,0.1031,0.103,0.103,4632.0
2025-01-14 05:54:00,0.103,0.103,0.103,0.103,1485.0
2025-01-14 05:55:00,0.103,0.103,0.103,0.103,0.0
2025-01-14 05:56:00,0.103,0.103,0.103,0.103,140.0
2025-01-14 05:57:00,0.103,0.103,0.103,0.103,0.0
2025-01-14 05:58:00,0.103,0.103,0.103,0.103,0.0
2025-01-14 05:59:00,0.103,0.103,0.103,0.103,0.0
2025-01-14 06:00:00,0.1032,0.1032,0.1031,0.1031,3350.0
2025-01-14 06:01:00,0.103,0.103,0.1029,0.1029,7222.0
2025-01-14 06:02:00,0.1029,0.103,0.1029,0.1029,14892.0
2025-01-14 06:03:00,0.1029,0.1029,0.1029,0.1029,6210.0
2025-01-14 06:04:00,0.1028,0.1028,0.1027,0.1028,6485.0
2025-01-14 06:05:00,0.103,0.103,0.103,0.103,3105.0
2025-01-14 06:06:00,0.1029,0.1029,0.1029,0.1029,64.0
2025-01-14 06:07:00,0.1029,0.103,0.1029,0.103,6407.0
2025-01-14 06:08:00,0.103,0.103,0.103,0.103,0.0
2025-01-14 06:09:00,0.1031,0.1031,0.1031,0.1031,99.0
2025-01-14 06:10:00,0.1031,0.1031,0.1031,0.1031,1940.0
2025-01-14 06:11:00,0.1031,0.1031,0.1031,0.1031,3306.0
2025-01-14 06:12:00,0.1031,0.1031,0.1031,0.1031,0.0
2025-01-14 06:13:00,0.1031,0.1031,0.1031,0.1031,13566.0
2025-01-14 06:14:00,0.1031,0.1031,0.1031,0.1031,0.0
2025-01-14 06:15:00,0.103,0.1031,0.103,0.1031,7410.0
2025-01-14 06:16:00,0.1031,0.1031,0.1031,0.1031,2019.0
2025-01-14 06:17:00,0.1031,0.1031,0.1031,0.1031,0.0
2025-01-14 06:18:00,0.1032,0.1033,0.1032,0.1033,1302.0
2025-01-14 06:19:00,0.1033,0.1033,0.1033,0.1033,2458.0
2025-01-14 06:20:00,0.1033,0.1033,0.1033,0.1033,3159.0
2025-01-14 06:21:00,0.1032,0.1033,0.1032,0.1033,3872.0
2025-01-14 06:22:00,0.103,0.1032,0.103,0.1032,861.0
2025-01-14 06:23:00,0.1032,0.1032,0.1032,0.1032,0.0
2025-01-14 06:24:00,0.1032,0.1032,0.1032,0.1032,0.0
2025-01-14 06:25:00,0.1035,0.1035,0.1035,0.1035,5914.0
2025-01-14 06:26:00,0.1036,0.1036,0.1036,0.1036,4663.0
2025-01-14 06:27:00,0.1034,0.1034,0.1034,0.1034,1148.0
2025-01-14 06:28:00,0.1034,0.1034,0.1034,0.1034,0.0
2025-01-14 06:29:00,0.1034,0.1034,0.1034,0.1034,149.0
2025-01-14 06:30:00,0.1035,0.1036,0.1035,0.1036,3872.0
2025-01-14 06:31:00,0.1033,0.1033,0.1033,0.1033,306.0
2025-01-14 06:32:00,0.1033,0.1033,0.1033,0.1033,0.0
2025-01-14 06:33:00,0.1033,0.1033,0.1033,0.1033,108.0
2025-01-14 06:34:00,0.1033,0.1033,0.1033,0.1033,1789.0
2025-01-14 06:35:00,0.1034,0.1035,0.1034,0.1035,3847.0
2025-01-14 06:36:00,0.1035,0.1035,0.1035,0.1035,0.0
2025-01-14 06:37:00,0.1035,0.1035,0.1035,0.1035,0.0
2025-01-14 06:38:00,0.1034,0.1035,0.1034,0.1035,16516.0
2025-01-14 06:39:00,0.1036,0.1036,0.1036,0.1036,48.0
2025-01-14 06:40:00,0.1037,0.1038,0.1037,0.1037,6652.0
2025-01-14 06:41:00,0.1037,0.1037,0.1037,0.1037,51.0
2025-01-14 06:42:00,0.1037,0.1037,0.1037,0.1037,9051.0
2025-01-14 06:43:00,0.1038,0.1038,0.1038,0.1038,5133.0
2025-01-14 06:44:00,0.1038,0.1038,0.1038,0.1038,115.0
2025-01-14 06:45:00,0.1037,0.1037,0.1036,0.1036,9206.0
2025-01-14 06:46:00,0.1035,0.1036,0.1035,0.1036,1261.0
2025-01-14 06:47:00,0.1036,0.1036,0.1036,0.1036,2342.0
2025-01-14 06:48:00,0.1035,0.1035,0.1034,0.1034,22547.0
2025-01-14 06:49:00,0.1034,0.1035,0.1034,0.1035,5520.0
2025-01-14 06:50:00,0.1034,0.1035,0.1033,0.1035,4003.0
2025-01-14 06:51:00,0.1035,0.1035,0.1035,0.1035,152.0
2025-01-14 06:52:00,0.1034,0.1034,0.1033,0.1033,1021.0
2025-01-14 06:53:00,0.1034,0.1035,0.1034,0.1035,1872.0
2025-01-14 06:54:00,0.1035,0.1035,0.1035,0.1035,6993.0
2025-01-14 06:55:00,0.1035,0.1035,0.1035,0.1035,0.0
2025-01-14 06:56:00,0.1035,0.1035,0.1035,0.1035,526.0
2025-01-14 06:57:00,0.1035,0.1035,0.1035,0.1035,102.0
2025-01-14 06:58:00,0.1035,0.1037,0.1035,0.1037,12623.0
2025-01-14 06:59:00,0.1037,0.1037,0.1037,0.1037,966.0
2025-01-14 07:00:00,0.1039,0.104,0.1039,0.104,1730.0
2025-01-14 07:01:00,0.1038,0.1038,0.1038,0.1038,2684.0
2025-01-14 07:02:00,0.1038,0.1038,0.1038,0.1038,5631.0
2025-01-14 07:03:00,0.1038,0.1038,0.1038,0.1038,151.0
2025-01-14 07:04:00,0.1039,0.104,0.1039,0.104,963.0
2025-01-14 07:05:00,0.1039,0.1039,0.1039,0.1039,963.0
2025-01-14 07:06:00,0.1039,0.1039,0.1039,0.1039,0.0
2025-01-14 07:07:00,0.1039,0.1039,0.1039,0.1039,194.0
2025-01-14 07:08:00,0.1039,0.1039,0.1039,0.1039,6741.0
2025-01-14 07:09:00,0.1038,0.1039,0.1038,0.1039,4127.0
2025-01-14 07:10:00,0.1039,0.1039,0.1039,0.1039,0.0
2025-01-14 07:11:00,0.1039,0.1039,0.1039,0.1039,13776.0
2025-01-14 07:12:00,0.104,0.104,0.1039,0.1039,6258.0
2025-01-14 07:13:00,0.1039,0.1039,0.1039,0.1039,0.0
2025-01-14 07:14:00,0.1039,0.104,0.1038,0.1038,11895.0
2025-01-14 07:15:00,0.1037,0.1037,0.1037,0.1037,1800.0
2025-01-14 07:16:00,0.1037,0.1037,0.1037,0.1037,0.0
2025-01-14 07:17:00,0.1038,0.1038,0.1037,0.1037,3373.0
2025-01-14 07:18:00,0.1036,0.1036,0.1036,0.1036,7000.0
2025-01-14 07:19:00,0.1036,0.1036,0.1036,0.1036,2835.0
2025-01-14 07:20:00,0.1036,0.1036,0.1036,0.1036,6487.0
2025-01-14 07:21:00,0.1037,0.1038,0.1035,0.1035,7500.0
2025-01-14 07:22:00,0.1036,0.1036,0.1036,0.1036,2892.0
2025-01-14 07:23:00,0.1035,0.1035,0.1035,0.1035,351.0
2025-01-14 07:24:00,0.1035,0.1035,0.1035,0.1035,789.0
2025-01-14 07:25:00,0.1037,0.1037,0.1036,0.1036,201.0
2025-01-14 07:26:00,0.1036,0.1036,0.1036,0.1036,0.0
2025-01-14 07:27:00,0.1034,0.1034,0.1034,0.1034,2142.0
2025-01-14 07:28:00,0.1034,0.1035,0.1034,0.1035,2701.0
2025-01-14 07:29:00,0.1035,0.1035,0.1035,0.1035,0.0
2025-01-14 07:30:00,0.1035,0.1035,0.1035,0.1035,3625.0
2025-01-14 07:31:00,0.1035,0.1035,0.1035,0.1035,0.0
2025-01-14 07:32:00,0.1036,0.1036,0.1035,0.1035,1600.0
2025-01-14 07:33:00,0.1035,0.1035,0.1033,0.1034,7478.0
2025-01-14 07:34:00,0.1034,0.1034,0.1034,0.1034,0.0
2025-01-14 07:35:00,0.1033,0.1033,0.1033,0.1033,162.0
2025-01-14 07:36:00,0.1033,0.1033,0.1032,0.1032,11626.0
2025-01-14 07:37:00,0.1032,0.1032,0.1032,0.1032,0.0
2025-01-14 07:38:00,0.1032,0.1032,0.1032,0.1032,610.0
2025-01-14 07:39:00,0.1033,0.1033,0.1033,0.1033,152.0
2025-01-14 07:40:00,0.1032,0.1032,0.1032,0.1032,6931.0
2025-01-14 07:41:00,0.1032,0.1032,0.1031,0.1032,3216.0
2025-01-14 07:42:00,0.1032,0.1032,0.1032,0.1032,0.0
2025-01-14 07:43:00,0.1032,0.1032,0.1031,0.1031,9304.0
2025-01-14 07:44:00,0.1031,0.1031,0.1031,0.1031,52.0
2025-01-14 07:45:00,0.1031,0.1032,0.1031,0.1032,5123.0
2025-01-14 07:46:00,0.1032,0.1032,0.1032,0.1032,3142.0
2025-01-14 07:47:00,0.1031,0.1031,0.1031,0.1031,4330.0
2025-01-14 07:48:00,0.1031,0.1032,0.1031,0.1032,12681.0
2025-01-14 07:49:00,0.1032,0.1032,0.1032,0.1032,0.0
2025-01-14 07:50:00,0.1032,0.1032,0.1031,0.1031,1995.0
2025-01-14 07:51:00,0.1031,0.1031,0.1031,0.1031,220.0
2025-01-14 07:52:00,0.103,0.103,0.103,0.103,194.0
2025-01-14 07:53:00,0.1031,0.1031,0.1031,0.1031,6210.0
2025-01-14 07:54:00,0.103,0.103,0.103,0.103,438.0
2025-01-14 07:55:00,0.103,0.103,0.103,0.103,0.0
2025-01-14 07:56:00,0.103,0.103,0.103,0.103,6012.0
2025-01-14 07:57:00,0.103,0.103,0.103,0.103,0.0
2025-01-14 07:58:00,0.103,0.103,0.103,0.103,0.0
2025-01-14 07:59:00,0.1029,0.1029,0.1029,0.1029,694.0
2025-01-14 08:00:00,0.103,0.103,0.1029,0.1029,2878.0
2025-01-14 08:01:00,0.1031,0.1031,0.1031,0.1031,4850.0
2025-01-14 08:02:00,0.1031,0.1033,0.1031,0.1033,8730.0
2025-01-14 08:03:00,0.1033,0.1033,0.1033,0.1033,0.0
2025-01-14 08:04:00,0.1033,0.1033,0.1033,0.1033,0.0
2025-01-14 08:05:00,0.1032,0.1033,0.1032,0.1033,6179.0
2025-01-14 08:06:00,0.1034,0.1034,0.1034,0.1034,404.0
2025-01-14 08:07:00,0.1033,0.1033,0.1033,0.1033,2936.0
2025-01-14 08:08:00,0.1033,0.1034,0.1033,0.1034,22341.0
2025-01-14 08:09:00,0.1034,0.1034,0.1034,0.1034,6311.0
2025-01-14 08:10:00,0.1034,0.1035,0.1033,0.1035,6812.0
2025-01-14 08:11:00,0.1035,0.1036,0.1035,0.1036,5661.0
2025-01-14 08:12:00,0.1037,0.1038,0.1037,0.1038,5199.0
2025-01-14 08:13:00,0.1038,0.1039,0.1038,0.1039,13572.0
2025-01-14 08:14:00,0.1038,0.1038,0.1038,0.1038,240.0
2025-01-14 08:15:00,0.1038,0.1038,0.1038,0.1038,0.0
2025-01-14 08:16:00,0.1038,0.1038,0.1037,0.1037,5360.0
2025-01-14 08:17:00,0.1038,0.104,0.1038,0.104,627.0
2025-01-14 08:18:00,0.1041,0.1041,0.1041,0.1041,6725.0
2025-01-14 08:19:00,0.104,0.104,0.1039,0.1039,5460.0
2025-01-14 08:20:00,0.1038,0.1038,0.1037,0.1038,2893.0
2025-01-14 08:21:00,0.1038,0.1038,0.1038,0.1038,72.0
2025-01-14 08:22:00,0.1037,0.1037,0.1036,0.1036,9200.0
2025-01-14 08:23:00,0.1036,0.1036,0.1036,0.1036,6341.0
2025-01-14 08:24:00,0.1036,0.1036,0.1036,0.1036,9044.0
2025-01-14 08:25:00,0.1035,0.1035,0.1035,0.1035,464.0
2025-01-14 08:26:00,0.1035,0.1035,0.1035,0.1035,0.0
2025-01-14 08:27:00,0.1035,0.1036,0.1035,0.1036,5519.0
2025-01-14 08:28:00,0.1035,0.1035,0.1034,0.1034,14190.0
2025-01-14 08:29:00,0.1034,0.1034,0.1034,0.1034,0.0
2025-01-14 08:30:00,0.1038,0.1038,0.1038,0.1038,3576.0
2025-01-14 08:31:00,0.1038,0.1038,0.1038,0.1038,156.0
2025-01-14 08:32:00,0.1036,0.1036,0.1033,0.1034,18561.0
2025-01-14 08:33:00,0.1034,0.1034,0.1034,0.1034,1450.0
2025-01-14 08:34:00,0.1036,0.1036,0.1035,0.1035,9315.0
2025-01-14 08:35:00,0.1035,0.1035,0.1035,0.1035,2429.0
2025-01-14 08:36:00,0.1034,0.1034,0.1034,0.1034,222.0
2025-01-14 08:37:00,0.1034,0.1034,0.1034,0.1034,0.0
2025-01-14 08:38:00,0.1037,0.1037,0.1037,0.1037,1403.0
2025-01-14 08:39:00,0.1037,0.1037,0.1037,0.1037,0.0
2025-01-14 08:40:00,0.1038,0.1038,0.1036,0.1036,410.0
2025-01-14 08:41:00,0.1036,0.1036,0.1036,0.1036,3371.0
2025-01-14 08:42:00,0.1037,0.1037,0.1037,0.1037,2927.0
2025-01-14 08:43:00,0.1038,0.1038,0.1037,0.1037,1060.0
2025-01-14 08:44:00,0.1037,0.1037,0.1037,0.1037,1811.0
2025-01-14 08:45:00,0.1037,0.1039,0.1036,0.1039,50199.0
2025-01-14 08:46:00,0.1039,0.1039,0.1039,0.1039,28115.0
2025-01-14 08:47:00,0.1039,0.104,0.1039,0.104,1448.0
2025-01-14 08:48:00,0.104,0.104,0.104,0.104,480.0
2025-01-14 08:49:00,0.104,0.104,0.104,0.104,329.0
2025-01-14 08:50:00,0.104,0.104,0.104,0.104,0.0
2025-01-14 08:51:00,0.1039,0.104,0.1039,0.104,7912.0
2025-01-14 08:52:00,0.1041,0.1041,0.104,0.1041,5752.0
2025-01-14 08:53:00,0.1041,0.1041,0.1041,0.1041,626.0
2025-01-14 08:54:00,0.1041,0.1041,0.1041,0.1041,0.0
2025-01-14 08:55:00,0.1039,0.1039,0.1038,0.1038,7710.0
2025-01-14 08:56:00,0.1039,0.1039,0.1039,0.1039,4269.0
2025-01-14 08:57:00,0.1039,0.1039,0.1039,0.1039,0.0
2025-01-14 08:58:00,0.1039,0.1039,0.1038,0.1038,564.0
2025-01-14 08:59:00,0.1039,0.1039,0.1038,0.1038,12021.0
2025-01-14 09:00:00,0.1037,0.1037,0.1036,0.1036,2096.0
2025-01-14 09:01:00,0.1036,0.1037,0.1036,0.1037,296.0
2025-01-14 09:02:00,0.1037,0.1037,0.1037,0.1037,1543.0
2025-01-14 09:03:00,0.1037,0.1037,0.1037,0.1037,2311.0
2025-01-14 09:04:00,0.1035,0.1035,0.1034,0.1035,827.0
2025-01-14 09:05:00,0.1036,0.1037,0.1035,0.1037,6605.0
2025-01-14 09:06:00,0.1036,0.1036,0.1034,0.1034,6446.0
2025-01-14 09:07:00,0.1036,0.1036,0.1035,0.1036,1580.0
2025-01-14 09:08:00,0.1035,0.1035,0.1034,0.1034,3764.0
2025-01-14 09:09:00,0.1035,0.1035,0.1035,0.1035,14785.0
2025-01-14 09:10:00,0.1036,0.1038,0.1036,0.1038,827.0
2025-01-14 09:11:00,0.1037,0.1037,0.1037,0.1037,9933.0
2025-01-14 09:12:00,0.1037,0.1037,0.1036,0.1037,11774.0
2025-01-14 09:13:00,0.1039,0.1039,0.1039,0.1039,191.0
2025-01-14 09:14:00,0.1039,0.104,0.1039,0.104,13119.0
2025-01-14 09:15:00,0.104,0.104,0.1039,0.104,5246.0
2025-01-14 09:16:00,0.104,0.104,0.1039,0.1039,746.0
2025-01-14 09:17:00,0.1039,0.1039,0.1039,0.1039,0.0
2025-01-14 09:18:00,0.1038,0.104,0.1038,0.104,14829.0
2025-01-14 09:19:00,0.1041,0.1041,0.1041,0.1041,277.0
2025-01-14 09:20:00,0.1042,0.1042,0.1042,0.1042,10688.0
2025-01-14 09:21:00,0.1042,0.1042,0.1042,0.1042,0.0
2025-01-14 09:22:00,0.1043,0.1045,0.1043,0.1045,10181.0
2025-01-14 09:23:00,0.1046,0.1046,0.1046,0.1046,228.0
2025-01-14 09:24:00,0.1045,0.1048,0.1045,0.1048,20447.0
2025-01-14 09:25:00,0.105,0.1052,0.105,0.1051,33780.0
2025-01-14 09:26:00,0.105,0.1053,0.105,0.1052,32471.0
2025-01-14 09:27:00,0.1054,0.1055,0.1053,0.1055,4335.0
2025-01-14 09:28:00,0.1055,0.1055,0.1055,0.1055,9565.0
2025-01-14 09:29:00,0.1053,0.1053,0.1051,0.1052,7546.0
2025-01-14 09:30:00,0.1051,0.1051,0.1049,0.105,18240.0
2025-01-14 09:31:00,0.1049,0.105,0.1049,0.105,3331.0
2025-01-14 09:32:00,0.1049,0.1049,0.1049,0.1049,6438.0
2025-01-14 09:33:00,0.1052,0.1053,0.1052,0.1053,3686.0
2025-01-14 09:34:00,0.1053,0.1053,0.1052,0.1053,16092.0
2025-01-14 09:35:00,0.1054,0.1059,0.1054,0.1055,60188.0
2025-01-14 09:36:00,0.1057,0.1057,0.1057,0.1057,181.0
2025-01-14 09:37:00,0.1057,0.1057,0.1057,0.1057,9620.0
2025-01-14 09:38:00,0.1059,0.106,0.1059,0.106,41139.0
2025-01-14 09:39:00,0.106,0.106,0.1058,0.1058,5460.0
2025-01-14 09:40:00,0.1061,0.1061,0.1061,0.1061,246.0
2025-01-14 09:41:00,0.1059,0.106,0.1059,0.106,11145.0
2025-01-14 09:42:00,0.1058,0.1059,0.1058,0.1059,248.0
2025-01-14 09:43:00,0.1058,0.1059,0.1058,0.1058,11713.0
2025-01-14 09:44:00,0.1059,0.1059,0.1059,0.1059,1312.0
2025-01-14 09:45:00,0.1058,0.106,0.1058,0.106,21499.0
2025-01-14 09:46:00,0.106,0.106,0.1059,0.1059,8504.0
2025-01-14 09:47:00,0.106,0.106,0.106,0.106,1070.0
2025-01-14 09:48:00,0.106,0.106,0.1059,0.106,25002.0
2025-01-14 09:49:00,0.1062,0.1063,0.1062,0.1063,18107.0
2025-01-14 09:50:00,0.1063,0.1065,0.1063,0.1064,22696.0
2025-01-14 09:51:00,0.1064,0.1064,0.1064,0.1064,4701.0
2025-01-14 09:52:00,0.1064,0.1064,0.1063,0.1063,1665.0
2025-01-14 09:53:00,0.1062,0.1062,0.1061,0.1062,10761.0
2025-01-14 09:54:00,0.1062,0.1062,0.1061,0.1061,12471.0
2025-01-14 09:55:00,0.106,0.106,0.106,0.106,397.0
2025-01-14 09:56:00,0.106,0.1062,0.106,0.1062,22695.0
2025-01-14 09:57:00,0.1062,0.1062,0.1061,0.1061,8000.0
2025-01-14 09:58:00,0.1061,0.1062,0.106,0.1061,49797.0
2025-01-14 09:59:00,0.1061,0.1062,0.1061,0.1061,29001.0
2025-01-14 10:00:00,0.1061,0.1061,0.1058,0.1061,91132.0
2025-01-14 10:01:00,0.106,0.1061,0.106,0.106,30387.0
2025-01-14 10:02:00,0.106,0.106,0.1056,0.1056,135215.0
2025-01-14 10:03:00,0.1056,0.1057,0.1056,0.1057,10699.0
2025-01-14 10:04:00,0.1058,0.1058,0.1056,0.1056,10362.0
2025-01-14 10:05:00,0.1055,0.1055,0.1054,0.1054,5685.0
2025-01-14 10:06:00,0.1054,0.1054,0.1054,0.1054,32390.0
2025-01-14 10:07:00,0.1054,0.1055,0.1054,0.1055,6284.0
2025-01-14 10:08:00,0.1054,0.1054,0.1053,0.1053,7934.0
2025-01-14 10:09:00,0.1053,0.1053,0.1053,0.1053,1146.0
2025-01-14 10:10:00,0.1053,0.1053,0.1052,0.1052,6660.0
2025-01-14 10:11:00,0.1053,0.1053,0.1052,0.1052,6623.0
2025-01-14 10:12:00,0.1052,0.1052,0.1052,0.1052,7710.0
2025-01-14 10:13:00,0.1052,0.1052,0.1052,0.1052,0.0
2025-01-14 10:14:00,0.1052,0.1052,0.1052,0.1052,3298.0
2025-01-14 10:15:00,0.1053,0.1054,0.1053,0.1053,9441.0
2025-01-14 10:16:00,0.1052,0.1052,0.1052,0.1052,125.0
2025-01-14 10:17:00,0.1053,0.1055,0.1053,0.1055,9587.0
2025-01-14 10:18:00,0.1056,0.1056,0.1056,0.1056,9818.0
2025-01-14 10:19:00,0.1054,0.1054,0.1054,0.1054,1423.0
2025-01-14 10:20:00,0.1055,0.1056,0.1054,0.1056,1881.0
2025-01-14 10:21:00,0.1056,0.1056,0.1056,0.1056,4462.0
2025-01-14 10:22:00,0.1056,0.1056,0.1056,0.1056,13912.0
2025-01-14 10:23:00,0.1056,0.1057,0.1056,0.1057,3835.0
2025-01-14 10:24:00,0.1057,0.1057,0.1057,0.1057,2961.0
2025-01-14 10:25:00,0.1057,0.1057,0.1056,0.1056,2197.0
2025-01-14 10:26:00,0.1056,0.1056,0.1056,0.1056,1805.0
2025-01-14 10:27:00,0.1056,0.1056,0.1056,0.1056,0.0
2025-01-14 10:28:00,0.1055,0.1055,0.1055,0.1055,8715.0
2025-01-14 10:29:00,0.1055,0.1055,0.1055,0.1055,21871.0
2025-01-14 10:30:00,0.1055,0.1055,0.1053,0.1053,11150.0
2025-01-14 10:31:00,0.1052,0.1053,0.1052,0.1053,12944.0
2025-01-14 10:32:00,0.1054,0.1054,0.1053,0.1053,5220.0
2025-01-14 10:33:00,0.1053,0.1053,0.1053,0.1053,85651.0
2025-01-14 10:34:00,0.1053,0.1053,0.1053,0.1053,6590.0
2025-01-14 10:35:00,0.1052,0.1052,0.1052,0.1052,2277.0
2025-01-14 10:36:00,0.1053,0.1053,0.1053,0.1053,1351.0
2025-01-14 10:37:00,0.1053,0.1053,0.1052,0.1052,2597.0
2025-01-14 10:38:00,0.1052,0.1053,0.1052,0.1053,3792.0
2025-01-14 10:39:00,0.1052,0.1053,0.1052,0.1053,1998.0
2025-01-14 10:40:00,0.1053,0.1053,0.1053,0.1053,244.0
2025-01-14 10:41:00,0.1053,0.1053,0.1052,0.1053,5321.0
2025-01-14 10:42:00,0.1053,0.1054,0.1053,0.1053,15930.0
2025-01-14 10:43:00,0.1053,0.1054,0.1053,0.1054,892.0
2025-01-14 10:44:00,0.1054,0.1056,0.1054,0.1056,6363.0
2025-01-14 10:45:00,0.1056,0.1056,0.1056,0.1056,13220.0
2025-01-14 10:46:00,0.1057,0.1057,0.1057,0.1057,44828.0
2025-01-14 10:47:00,0.1057,0.1057,0.1057,0.1057,3150.0
2025-01-14 10:48:00,0.1056,0.1056,0.1056,0.1056,2999.0
2025-01-14 10:49:00,0.1056,0.1056,0.1056,0.1056,0.0
2025-01-14 10:50:00,0.1056,0.1056,0.1056,0.1056,4707.0
2025-01-14 10:51:00,0.1057,0.1057,0.1057,0.1057,454.0
2025-01-14 10:52:00,0.1057,0.1058,0.1057,0.1058,6335.0
2025-01-14 10:53:00,0.1058,0.1058,0.1058,0.1058,0.0
2025-01-14 10:54:00,0.1057,0.1057,0.1057,0.1057,100.0
2025-01-14 10:55:00,0.1057,0.1057,0.1056,0.1056,1689.0
2025-01-14 10:56:00,0.1056,0.1056,0.1056,0.1056,0.0
2025-01-14 10:57:00,0.1056,0.1056,0.1055,0.1055,80438.0
2025-01-14 10:58:00,0.1055,0.1055,0.1055,0.1055,0.0
2025-01-14 10:59:00,0.1056,0.1057,0.1055,0.1057,3077.0
2025-01-14 11:00:00,0.1058,0.1058,0.1057,0.1058,4418.0
2025-01-14 11:01:00,0.1056,0.1056,0.1056,0.1056,6184.0
2025-01-14 11:02:00,0.1056,0.1056,0.1056,0.1056,0.0
2025-01-14 11:03:00,0.1056,0.1056,0.1055,0.1055,5473.0
2025-01-14 11:04:00,0.1054,0.1055,0.1054,0.1055,7778.0
2025-01-14 11:05:00,0.1055,0.1055,0.1055,0.1055,0.0
2025-01-14 11:06:00,0.1056,0.1056,0.1055,0.1055,2113.0
2025-01-14 11:07:00,0.1055,0.1055,0.1055,0.1055,96.0
2025-01-14 11:08:00,0.1055,0.1055,0.1055,0.1055,0.0
2025-01-14 11:09:00,0.1052,0.1053,0.1052,0.1053,10544.0
2025-01-14 11:10:00,0.1053,0.1053,0.1052,0.1053,5423.0
2025-01-14 11:11:00,0.1052,0.1052,0.1052,0.1052,7463.0
2025-01-14 11:12:00,0.1051,0.1051,0.1051,0.1051,1236.0
2025-01-14 11:13:00,0.1051,0.1051,0.1051,0.1051,20861.0
2025-01-14 11:14:00,0.1051,0.1051,0.1051,0.1051,0.0
2025-01-14 11:15:00,0.1052,0.1052,0.1051,0.1051,2947.0
2025-01-14 11:16:00,0.1051,0.1051,0.1051,0.1051,1163.0
2025-01-14 11:17:00,0.1051,0.1051,0.105,0.105,10840.0
2025-01-14 11:18:00,0.105,0.105,0.105,0.105,0.0
2025-01-14 11:19:00,0.1051,0.1051,0.1051,0.1051,8089.0
2025-01-14 11:20:00,0.1051,0.1051,0.1051,0.1051,0.0
2025-01-14 11:21:00,0.105,0.105,0.1049,0.1049,4431.0
2025-01-14 11:22:00,0.1049,0.1049,0.1047,0.1047,7599.0
2025-01-14 11:23:00,0.1047,0.1047,0.1047,0.1047,578.0
2025-01-14 11:24:00,0.1047,0.1047,0.1047,0.1047,395.0
2025-01-14 11:25:00,0.1048,0.1048,0.1048,0.1048,1378.0
2025-01-14 11:26:00,0.1049,0.1049,0.1049,0.1049,1621.0
2025-01-14 11:27:00,0.105,0.105,0.105,0.105,4000.0
2025-01-14 11:28:00,0.105,0.1051,0.1049,0.1049,4329.0
2025-01-14 11:29:00,0.1049,0.1049,0.1049,0.1049,0.0
2025-01-14 11:30:00,0.105,0.1051,0.105,0.1051,316.0
2025-01-14 11:31:00,0.1052,0.1053,0.1052,0.1053,1564.0
2025-01-14 11:32:00,0.1053,0.1053,0.1053,0.1053,0.0
2025-01-14 11:33:00,0.1052,0.1052,0.1052,0.1052,2404.0
2025-01-14 11:34:00,0.1051,0.1051,0.1051,0.1051,166.0
2025-01-14 11:35:00,0.1051,0.1051,0.1051,0.1051,0.0
2025-01-14 11:36:00,0.1053,0.1053,0.1053,0.1053,2594.0
2025-01-14 11:37:00,0.1052,0.1052,0.1051,0.1051,7616.0
2025-01-14 11:38:00,0.1052,0.1052,0.1052,0.1052,6453.0
2025-01-14 11:39:00,0.1052,0.1052,0.1051,0.1051,8232.0
2025-01-14 11:40:00,0.105,0.105,0.1048,0.1048,12238.0
2025-01-14 11:41:00,0.1048,0.1049,0.1048,0.1048,5180.0
2025-01-14 11:42:00,0.1048,0.1049,0.1048,0.1049,21715.0
2025-01-14 11:43:00,0.1049,0.1049,0.1049,0.1049,776.0
2025-01-14 11:44:00,0.105,0.1051,0.105,0.1051,2204.0
2025-01-14 11:45:00,0.105,0.105,0.105,0.105,12340.0
2025-01-14 11:46:00,0.105,0.105,0.1049,0.1049,2363.0
2025-01-14 11:47:00,0.105,0.105,0.105,0.105,3189.0
2025-01-14 11:48:00,0.105,0.105,0.105,0.105,0.0
2025-01-14 11:49:00,0.1051,0.1051,0.1051,0.1051,11537.0
2025-01-14 11:50:00,0.1052,0.1052,0.1052,0.1052,289.0
2025-01-14 11:51:00,0.1053,0.1053,0.1053,0.1053,810.0
2025-01-14 11:52:00,0.1053,0.1054,0.1053,0.1054,348.0
2025-01-14 11:53:00,0.1053,0.1053,0.1053,0.1053,4036.0
2025-01-14 11:54:00,0.1053,0.1053,0.1053,0.1053,5808.0
2025-01-14 11:55:00,0.1054,0.1054,0.1054,0.1054,474.0
2025-01-14 11:56:00,0.1054,0.1054,0.1054,0.1054,5531.0
2025-01-14 11:57:00,0.1054,0.1054,0.1054,0.1054,0.0
2025-01-14 11:58:00,0.1055,0.1056,0.1055,0.1056,3470.0
2025-01-14 11:59:00,0.1056,0.1056,0.1055,0.1055,11155.0
2025-01-14 12:00:00,0.1056,0.1057,0.1056,0.1057,18848.0
2025-01-14 12:01:00,0.1056,0.1056,0.1055,0.1055,6651.0
2025-01-14 12:02:00,0.1053,0.1055,0.1053,0.1055,8434.0
2025-01-14 12:03:00,0.1054,0.1054,0.1053,0.1053,2301.0
2025-01-14 12:04:00,0.1052,0.1052,0.1051,0.1052,6454.0
2025-01-14 12:05:00,0.1053,0.1053,0.1052,0.1052,6463.0
2025-01-14 12:06:00,0.1051,0.1051,0.1051,0.1051,10124.0
2025-01-14 12:07:00,0.1051,0.1051,0.1051,0.1051,0.0
2025-01-14 12:08:00,0.105,0.105,0.105,0.105,3209.0
2025-01-14 12:09:00,0.1049,0.1049,0.1049,0.1049,329.0
2025-01-14 12:10:00,0.105,0.105,0.105,0.105,417.0
2025-01-14 12:11:00,0.105,0.105,0.105,0.105,0.0
2025-01-14 12:12:00,0.1049,0.1049,0.1049,0.1049,4395.0
2025-01-14 12:13:00,0.1049,0.1049,0.1049,0.1049,5372.0
2025-01-14 12:14:00,0.1049,0.1049,0.1049,0.1049,3945.0
2025-01-14 12:15:00,0.105,0.105,0.105,0.105,3779.0
2025-01-14 12:16:00,0.1048,0.1048,0.1048,0.1048,3131.0
2025-01-14 12:17:00,0.1048,0.1048,0.1048,0.1048,0.0
2025-01-14 12:18:00,0.1048,0.1048,0.1047,0.1047,21353.0
2025-01-14 12:19:00,0.1047,0.1047,0.1047,0.1047,3840.0
2025-01-14 12:20:00,0.1047,0.1047,0.1046,0.1047,3897.0
2025-01-14 12:21:00,0.1046,0.1046,0.1046,0.1046,11.0
2025-01-14 12:22:00,0.1046,0.1046,0.1046,0.1046,12829.0
2025-01-14 12:23:00,0.1045,0.1045,0.1045,0.1045,351.0
2025-01-14 12:24:00,0.1043,0.1044,0.1043,0.1043,23601.0
2025-01-14 12:25:00,0.1043,0.1044,0.1043,0.1043,11090.0
2025-01-14 12:26:00,0.1042,0.1043,0.1042,0.1043,1633.0
2025-01-14 12:27:00,0.1045,0.1045,0.1044,0.1044,1979.0
2025-01-14 12:28:00,0.1044,0.1044,0.1044,0.1044,0.0
2025-01-14 12:29:00,0.1044,0.1044,0.1043,0.1044,6310.0
2025-01-14 12:30:00,0.1044,0.1045,0.1044,0.1045,7916.0
2025-01-14 12:31:00,0.1045,0.1046,0.1045,0.1046,4199.0
2025-01-14 12:32:00,0.1046,0.1046,0.1046,0.1046,0.0
2025-01-14 12:33:00,0.1044,0.1045,0.1044,0.1045,4383.0
2025-01-14 12:34:00,0.1046,0.1046,0.1045,0.1045,260.0
2025-01-14 12:35:00,0.1046,0.1046,0.1046,0.1046,4935.0
2025-01-14 12:36:00,0.1046,0.1046,0.1045,0.1045,15725.0
2025-01-14 12:37:00,0.1045,0.1045,0.1045,0.1045,5179.0
2025-01-14 12:38:00,0.1046,0.1046,0.1046,0.1046,5105.0
2025-01-14 12:39:00,0.1047,0.1047,0.1046,0.1046,8201.0
2025-01-14 12:40:00,0.1047,0.1047,0.1046,0.1047,7409.0
2025-01-14 12:41:00,0.1047,0.1047,0.1046,0.1046,7604.0
2025-01-14 12:42:00,0.1046,0.1046,0.1045,0.1045,1889.0
2025-01-14 12:43:00,0.1046,0.1046,0.1045,0.1045,2426.0
2025-01-14 12:44:00,0.1045,0.1045,0.1045,0.1045,885.0
2025-01-14 12:45:00,0.1045,0.1045,0.1045,0.1045,2901.0
2025-01-14 12:46:00,0.1045,0.1045,0.1045,0.1045,0.0
2025-01-14 12:47:00,0.1045,0.1045,0.1045,0.1045,0.0
2025-01-14 12:48:00,0.1046,0.1046,0.1046,0.1046,2233.0
2025-01-14 12:49:00,0.1046,0.1046,0.1046,0.1046,5631.0
2025-01-14 12:50:00,0.1048,0.1048,0.1048,0.1048,101.0
2025-01-14 12:51:00,0.1048,0.1049,0.1048,0.1049,18690.0
2025-01-14 12:52:00,0.1049,0.1049,0.1049,0.1049,0.0
2025-01-14 12:53:00,0.1049,0.1049,0.1049,0.1049,14131.0
2025-01-14 12:54:00,0.1049,0.1049,0.1049,0.1049,0.0
2025-01-14 12:55:00,0.1048,0.1048,0.1046,0.1047,50099.0
2025-01-14 12:56:00,0.1047,0.1047,0.1047,0.1047,114.0
2025-01-14 12:57:00,0.1047,0.1047,0.1046,0.1046,14358.0
2025-01-14 12:58:00,0.1046,0.1046,0.1046,0.1046,0.0
2025-01-14 12:59:00,0.1046,0.1046,0.1045,0.1045,8889.0
2025-01-14 13:00:00,0.1046,0.1046,0.1046,0.1046,4229.0
2025-01-14 13:01:00,0.1045,0.1045,0.1045,0.1045,49.0
2025-01-14 13:02:00,0.1045,0.1045,0.1042,0.1043,126691.0
2025-01-14 13:03:00,0.1044,0.1044,0.1044,0.1044,2847.0
2025-01-14 13:04:00,0.1044,0.1044,0.1044,0.1044,0.0
2025-01-14 13:05:00,0.1046,0.1047,0.1046,0.1047,30459.0
2025-01-14 13:06:00,0.1047,0.1047,0.1045,0.1045,8254.0
2025-01-14 13:07:00,0.1046,0.1046,0.1046,0.1046,5548.0
2025-01-14 13:08:00,0.1045,0.1045,0.1045,0.1045,1435.0
2025-01-14 13:09:00,0.1044,0.1044,0.1044,0.1044,1600.0
2025-01-14 13:10:00,0.1044,0.1044,0.1044,0.1044,3349.0
2025-01-14 13:11:00,0.1045,0.1045,0.1045,0.1045,4540.0
2025-01-14 13:12:00,0.1046,0.1046,0.1046,0.1046,1950.0
2025-01-14 13:13:00,0.1045,0.1046,0.1045,0.1046,3582.0
2025-01-14 13:14:00,0.1045,0.1045,0.1045,0.1045,2722.0
2025-01-14 13:15:00,0.1045,0.1046,0.1045,0.1046,8181.0
2025-01-14 13:16:00,0.1047,0.1047,0.1047,0.1047,2943.0
2025-01-14 13:17:00,0.1045,0.1045,0.1045,0.1045,4767.0
2025-01-14 13:18:00,0.1043,0.1044,0.1043,0.1044,19316.0
2025-01-14 13:19:00,0.1045,0.1045,0.1045,0.1045,4810.0
2025-01-14 13:20:00,0.1045,0.1045,0.1045,0.1045,0.0
2025-01-14 13:21:00,0.1045,0.1045,0.1045,0.1045,665.0
2025-01-14 13:22:00,0.1045,0.1046,0.1045,0.1046,47164.0
2025-01-14 13:23:00,0.1046,0.1046,0.1046,0.1046,24307.0
2025-01-14 13:24:00,0.1046,0.1046,0.1044,0.1044,26063.0
2025-01-14 13:25:00,0.1045,0.1045,0.1045,0.1045,3252.0
2025-01-14 13:26:00,0.1045,0.1045,0.1044,0.1044,2709.0
2025-01-14 13:27:00,0.1043,0.1045,0.1043,0.1044,11320.0
2025-01-14 13:28:00,0.1045,0.1045,0.1045,0.1045,4810.0
2025-01-14 13:29:00,0.1046,0.1046,0.1044,0.1044,15171.0
2025-01-14 13:30:00,0.1045,0.1066,0.1045,0.1062,569189.0
2025-01-14 13:31:00,0.1062,0.1066,0.1062,0.1063,137843.0
2025-01-14 13:32:00,0.1064,0.1064,0.106,0.1061,58700.0
2025-01-14 13:33:00,0.106,0.1061,0.1057,0.1057,7348.0
2025-01-14 13:34:00,0.1056,0.1059,0.1056,0.1059,22472.0
2025-01-14 13:35:00,0.1056,0.1056,0.1053,0.1053,2349.0
2025-01-14 13:36:00,0.1055,0.1057,0.1055,0.1055,14749.0
2025-01-14 13:37:00,0.1054,0.1056,0.1054,0.1056,30921.0
2025-01-14 13:38:00,0.1055,0.1055,0.1053,0.1053,41043.0
2025-01-14 13:39:00,0.1054,0.1055,0.1054,0.1055,9838.0
2025-01-14 13:40:00,0.1056,0.1056,0.1053,0.1053,6010.0
2025-01-14 13:41:00,0.1053,0.1057,0.1052,0.1057,25239.0
2025-01-14 13:42:00,0.1056,0.1056,0.1055,0.1055,5106.0
2025-01-14 13:43:00,0.1055,0.1057,0.1055,0.1057,3262.0
2025-01-14 13:44:00,0.1055,0.1055,0.1054,0.1054,4526.0
2025-01-14 13:45:00,0.1055,0.1058,0.1055,0.1058,11004.0
2025-01-14 13:46:00,0.1058,0.1059,0.1057,0.1059,21765.0
2025-01-14 13:47:00,0.106,0.106,0.106,0.106,4448.0
2025-01-14 13:48:00,0.1061,0.1062,0.1061,0.1062,2222.0
2025-01-14 13:49:00,0.1061,0.1061,0.1058,0.1059,2997.0
2025-01-14 13:50:00,0.1059,0.1059,0.1059,0.1059,2067.0
2025-01-14 13:51:00,0.1058,0.1058,0.1056,0.1056,42465.0
2025-01-14 13:52:00,0.1056,0.1056,0.1054,0.1055,11197.0
2025-01-14 13:53:00,0.1056,0.1057,0.1056,0.1056,12023.0
2025-01-14 13:54:00,0.1056,0.1057,0.1056,0.1057,9013.0
2025-01-14 13:55:00,0.1059,0.1059,0.1059,0.1059,490.0
2025-01-14 13:56:00,0.1056,0.1056,0.1056,0.1056,139.0
2025-01-14 13:57:00,0.1057,0.1057,0.1056,0.1057,5891.0
2025-01-14 13:58:00,0.1057,0.1057,0.1057,0.1057,0.0
2025-01-14 13:59:00,0.1057,0.1057,0.1057,0.1057,483.0
2025-01-14 14:00:00,0.1057,0.1057,0.1055,0.1055,15881.0
2025-01-14 14:01:00,0.1056,0.1057,0.1055,0.1057,8549.0
2025-01-14 14:02:00,0.1055,0.1055,0.1053,0.1053,15274.0
2025-01-14 14:03:00,0.1052,0.1053,0.1052,0.1053,3532.0
2025-01-14 14:04:00,0.1052,0.1054,0.1052,0.1054,12652.0
2025-01-14 14:05:00,0.1054,0.1054,0.1053,0.1053,2861.0
2025-01-14 14:06:00,0.1052,0.1052,0.105,0.1051,32957.0
2025-01-14 14:07:00,0.1052,0.1053,0.1052,0.1053,10665.0
2025-01-14 14:08:00,0.1052,0.1052,0.1052,0.1052,7574.0
2025-01-14 14:09:00,0.1051,0.1052,0.1051,0.1052,3038.0
2025-01-14 14:10:00,0.105,0.105,0.105,0.105,6823.0
2025-01-14 14:11:00,0.1049,0.1051,0.1048,0.1051,28547.0
2025-01-14 14:12:00,0.1051,0.1051,0.1051,0.1051,641.0
2025-01-14 14:13:00,0.105,0.105,0.105,0.105,2381.0
2025-01-14 14:14:00,0.1051,0.1051,0.1051,0.1051,844.0
2025-01-14 14:15:00,0.1052,0.1052,0.1052,0.1052,6210.0
2025-01-14 14:16:00,0.1053,0.1054,0.1053,0.1054,266.0
2025-01-14 14:17:00,0.1054,0.1055,0.1054,0.1055,8540.0
2025-01-14 14:18:00,0.1053,0.1055,0.1053,0.1055,9469.0
2025-01-14 14:19:00,0.1054,0.1054,0.1054,0.1054,422.0
2025-01-14 14:20:00,0.1055,0.1055,0.1054,0.1055,300.0
2025-01-14 14:21:00,0.1055,0.1056,0.1055,0.1056,848.0
2025-01-14 14:22:00,0.1057,0.1057,0.1057,0.1057,666.0
2025-01-14 14:23:00,0.1056,0.1056,0.1056,0.1056,3379.0
2025-01-14 14:24:00,0.1056,0.1056,0.1055,0.1055,5704.0
2025-01-14 14:25:00,0.1056,0.1057,0.1056,0.1057,5036.0
2025-01-14 14:26:00,0.1057,0.1059,0.1057,0.1059,8165.0
2025-01-14 14:27:00,0.1059,0.1059,0.1059,0.1059,6459.0
2025-01-14 14:28:00,0.1059,0.106,0.1059,0.106,10996.0
2025-01-14 14:29:00,0.106,0.106,0.106,0.106,3073.0
2025-01-14 14:30:00,0.106,0.1061,0.106,0.1061,15197.0
2025-01-14 14:31:00,0.1061,0.1062,0.1061,0.1061,2596.0
2025-01-14 14:32:00,0.1062,0.1062,0.1059,0.1059,18279.0
2025-01-14 14:33:00,0.1058,0.1059,0.1058,0.1059,2907.0
2025-01-14 14:34:00,0.1062,0.1062,0.1061,0.1061,1992.0
2025-01-14 14:35:00,0.1063,0.1064,0.1063,0.1064,2742.0
2025-01-14 14:36:00,0.106,0.1061,0.106,0.1061,2605.0
2025-01-14 14:37:00,0.1063,0.1066,0.1063,0.1066,40331.0
2025-01-14 14:38:00,0.1065,0.1065,0.1065,0.1065,218.0
2025-01-14 14:39:00,0.1065,0.1065,0.1064,0.1064,8029.0
2025-01-14 14:40:00,0.1064,0.1065,0.1064,0.1065,1724.0
2025-01-14 14:41:00,0.1064,0.1064,0.1063,0.1063,8080.0
2025-01-14 14:42:00,0.1064,0.1064,0.1064,0.1064,1742.0
2025-01-14 14:43:00,0.1061,0.1061,0.1061,0.1061,2956.0
2025-01-14 14:44:00,0.1061,0.1061,0.1061,0.1061,0.0
2025-01-14 14:45:00,0.1061,0.1061,0.1056,0.1056,3430.0
2025-01-14 14:46:00,0.1056,0.1056,0.1056,0.1056,160.0
2025-01-14 14:47:00,0.1055,0.1055,0.1054,0.1055,7798.0
2025-01-14 14:48:00,0.1054,0.1054,0.1054,0.1054,644.0
2025-01-14 14:49:00,0.1054,0.1055,0.1054,0.1055,9698.0
2025-01-14 14:50:00,0.1056,0.1056,0.1056,0.1056,7656.0
2025-01-14 14:51:00,0.1056,0.1057,0.1056,0.1057,10471.0
2025-01-14 14:52:00,0.1057,0.1057,0.1057,0.1057,5212.0
2025-01-14 14:53:00,0.1055,0.1055,0.1055,0.1055,2000.0
2025-01-14 14:54:00,0.1052,0.1052,0.1052,0.1052,1419.0
2025-01-14 14:55:00,0.1052,0.1052,0.1052,0.1052,2851.0
2025-01-14 14:56:00,0.1051,0.1052,0.1051,0.1052,220.0
2025-01-14 14:57:00,0.1053,0.1053,0.1053,0.1053,3236.0
2025-01-14 14:58:00,0.1052,0.1052,0.1052,0.1052,3564.0
2025-01-14 14:59:00,0.1053,0.1053,0.1053,0.1053,8662.0
2025-01-14 15:00:00,0.1054,0.1054,0.1052,0.1052,5763.0
2025-01-14 15:01:00,0.1052,0.1052,0.1052,0.1052,125.0
2025-01-14 15:02:00,0.1053,0.1053,0.1052,0.1052,2476.0
2025-01-14 15:03:00,0.1053,0.1054,0.1053,0.1054,3346.0
2025-01-14 15:04:00,0.1054,0.1054,0.1053,0.1053,3701.0
2025-01-14 15:05:00,0.1053,0.1053,0.1053,0.1053,1500.0
2025-01-14 15:06:00,0.1053,0.1055,0.1053,0.1055,8117.0
2025-01-14 15:07:00,0.1055,0.1055,0.1055,0.1055,0.0
2025-01-14 15:08:00,0.1056,0.1057,0.1056,0.1057,6188.0
2025-01-14 15:09:00,0.1056,0.1056,0.1056,0.1056,2863.0
2025-01-14 15:10:00,0.1055,0.1055,0.1055,0.1055,1503.0
2025-01-14 15:11:00,0.1055,0.1055,0.1055,0.1055,1378.0
2025-01-14 15:12:00,0.1057,0.1057,0.1056,0.1057,4535.0
2025-01-14 15:13:00,0.1057,0.1057,0.1057,0.1057,2852.0
2025-01-14 15:14:00,0.1057,0.1057,0.1057,0.1057,948.0
2025-01-14 15:15:00,0.1057,0.1057,0.1057,0.1057,11855.0
2025-01-14 15:16:00,0.1057,0.1059,0.1057,0.1059,10620.0
2025-01-14 15:17:00,0.1059,0.1059,0.1059,0.1059,334.0
2025-01-14 15:18:00,0.1059,0.1059,0.1059,0.1059,0.0
2025-01-14 15:19:00,0.1058,0.1058,0.1058,0.1058,4834.0
2025-01-14 15:20:00,0.1057,0.1057,0.1056,0.1057,3838.0
2025-01-14 15:21:00,0.1056,0.1057,0.1056,0.1057,5081.0
2025-01-14 15:22:00,0.1055,0.1055,0.1055,0.1055,9415.0
2025-01-14 15:23:00,0.1054,0.1056,0.1054,0.1056,196.0
2025-01-14 15:24:00,0.1056,0.1056,0.1056,0.1056,0.0
2025-01-14 15:25:00,0.1056,0.1056,0.1055,0.1055,8291.0
2025-01-14 15:26:00,0.1057,0.1057,0.1057,0.1057,242.0
2025-01-14 15:27:00,0.1054,0.1054,0.1053,0.1053,2194.0
2025-01-14 15:28:00,0.1054,0.1054,0.1054,0.1054,97.0
2025-01-14 15:29:00,0.1055,0.1056,0.1055,0.1056,2397.0
2025-01-14 15:30:00,0.1056,0.1056,0.1056,0.1056,0.0
2025-01-14 15:31:00,0.1055,0.1055,0.1054,0.1055,2195.0
2025-01-14 15:32:00,0.1055,0.1055,0.1055,0.1055,1305.0
2025-01-14 15:33:00,0.1054,0.1054,0.1054,0.1054,2500.0
2025-01-14 15:34:00,0.1055,0.1055,0.1055,0.1055,2000.0
2025-01-14 15:35:00,0.1056,0.1056,0.1056,0.1056,8526.0
2025-01-14 15:36:00,0.1056,0.1057,0.1056,0.1057,6939.0
2025-01-14 15:37:00,0.1056,0.1056,0.1055,0.1055,4106.0
2025-01-14 15:38:00,0.1055,0.1055,0.1055,0.1055,0.0
2025-01-14 15:39:00,0.1055,0.1055,0.1055,0.1055,2201.0
2025-01-14 15:40:00,0.1054,0.1056,0.1054,0.1056,6244.0
2025-01-14 15:41:00,0.1057,0.1058,0.1057,0.1058,6252.0
2025-01-14 15:42:00,0.1058,0.1059,0.1058,0.1058,4794.0
2025-01-14 15:43:00,0.1058,0.1058,0.1058,0.1058,0.0
2025-01-14 15:44:00,0.1058,0.1059,0.1057,0.1059,9692.0
2025-01-14 15:45:00,0.1057,0.1057,0.1057,0.1057,1500.0
2025-01-14 15:46:00,0.1054,0.1054,0.1054,0.1054,1378.0
2025-01-14 15:47:00,0.1055,0.1055,0.1055,0.1055,1589.0
2025-01-14 15:48:00,0.1055,0.1055,0.1055,0.1055,5421.0
2025-01-14 15:49:00,0.1055,0.1055,0.1055,0.1055,0.0
2025-01-14 15:50:00,0.1055,0.1055,0.1055,0.1055,9392.0
2025-01-14 15:51:00,0.1055,0.1055,0.1055,0.1055,0.0
2025-01-14 15:52:00,0.1056,0.1057,0.1056,0.1057,1896.0
2025-01-14 15:53:00,0.1055,0.1055,0.1055,0.1055,810.0
2025-01-14 15:54:00,0.1055,0.1055,0.1055,0.1055,0.0
2025-01-14 15:55:00,0.1055,0.1055,0.1055,0.1055,153.0
2025-01-14 15:56:00,0.1054,0.1054,0.1054,0.1054,518.0
2025-01-14 15:57:00,0.1054,0.1054,0.1054,0.1054,3482.0
2025-01-14 15:58:00,0.1054,0.1054,0.1054,0.1054,0.0
2025-01-14 15:59:00,0.1054,0.1054,0.1054,0.1054,0.0
2025-01-14 16:00:00,0.1053,0.1053,0.1051,0.1051,13134.0
2025-01-14 16:01:00,0.105,0.105,0.1049,0.1049,6107.0
2025-01-14 16:02:00,0.1049,0.1049,0.1047,0.1047,9374.0
2025-01-14 16:03:00,0.1046,0.1046,0.1045,0.1046,5905.0
2025-01-14 16:04:00,0.1044,0.1044,0.1044,0.1044,6310.0
2025-01-14 16:05:00,0.1044,0.1044,0.1043,0.1043,6470.0
2025-01-14 16:06:00,0.1044,0.1045,0.1044,0.1045,2611.0
2025-01-14 16:07:00,0.1048,0.1048,0.1048,0.1048,4853.0
2025-01-14 16:08:00,0.1048,0.1051,0.1048,0.1051,6191.0
2025-01-14 16:09:00,0.105,0.105,0.1049,0.1049,25617.0
2025-01-14 16:10:00,0.1047,0.1047,0.1047,0.1047,2505.0
2025-01-14 16:11:00,0.1047,0.1047,0.1046,0.1047,5750.0
2025-01-14 16:12:00,0.1046,0.1046,0.1046,0.1046,488.0
2025-01-14 16:13:00,0.1047,0.1047,0.1047,0.1047,956.0
2025-01-14 16:14:00,0.1047,0.1047,0.1047,0.1047,2105.0
2025-01-14 16:15:00,0.1048,0.1048,0.1047,0.1047,6112.0
2025-01-14 16:16:00,0.1047,0.1048,0.1047,0.1048,11394.0
2025-01-14 16:17:00,0.105,0.105,0.105,0.105,10531.0
2025-01-14 16:18:00,0.105,0.105,0.1049,0.1049,27635.0
2025-01-14 16:19:00,0.1049,0.105,0.1049,0.105,11335.0
2025-01-14 16:20:00,0.1051,0.1051,0.105,0.105,1529.0
2025-01-14 16:21:00,0.1051,0.1051,0.1051,0.1051,2584.0
2025-01-14 16:22:00,0.1052,0.1054,0.1052,0.1054,7255.0
2025-01-14 16:23:00,0.1054,0.1055,0.1054,0.1055,13272.0
2025-01-14 16:24:00,0.1054,0.1054,0.1054,0.1054,776.0
2025-01-14 16:25:00,0.1054,0.1055,0.1054,0.1055,13627.0
2025-01-14 16:26:00,0.1055,0.1055,0.1055,0.1055,0.0
2025-01-14 16:27:00,0.1056,0.1057,0.1056,0.1057,10338.0
2025-01-14 16:28:00,0.1056,0.1056,0.1055,0.1055,11014.0
2025-01-14 16:29:00,0.1054,0.1054,0.1054,0.1054,4878.0
2025-01-14 16:30:00,0.1053,0.1053,0.1053,0.1053,413.0
2025-01-14 16:31:00,0.1053,0.1053,0.1053,0.1053,0.0
2025-01-14 16:32:00,0.1053,0.1053,0.1053,0.1053,6182.0
2025-01-14 16:33:00,0.1054,0.1054,0.1054,0.1054,1520.0
2025-01-14 16:34:00,0.1053,0.1053,0.1053,0.1053,199.0
2025-01-14 16:35:00,0.1054,0.1054,0.1054,0.1054,1819.0
2025-01-14 16:36:00,0.1054,0.1054,0.1053,0.1053,575.0
2025-01-14 16:37:00,0.1054,0.1054,0.1054,0.1054,149.0
2025-01-14 16:38:00,0.1052,0.1052,0.1052,0.1052,2480.0
2025-01-14 16:39:00,0.1052,0.1052,0.1051,0.1052,6453.0
2025-01-14 16:40:00,0.1052,0.1053,0.1052,0.1053,2570.0
2025-01-14 16:41:00,0.1052,0.1052,0.1051,0.1052,1537.0
2025-01-14 16:42:00,0.1051,0.1051,0.1051,0.1051,2329.0
2025-01-14 16:43:00,0.1051,0.1051,0.1051,0.1051,489.0
2025-01-14 16:44:00,0.105,0.105,0.1049,0.1049,760.0
2025-01-14 16:45:00,0.105,0.1051,0.105,0.1051,18056.0
2025-01-14 16:46:00,0.1051,0.1052,0.1051,0.1052,2302.0
2025-01-14 16:47:00,0.1052,0.1052,0.1052,0.1052,2323.0
2025-01-14 16:48:00,0.1053,0.1053,0.1053,0.1053,1555.0
2025-01-14 16:49:00,0.1052,0.1052,0.1052,0.1052,5611.0
2025-01-14 16:50:00,0.1053,0.1061,0.1053,0.1058,612144.0
2025-01-14 16:51:00,0.1057,0.1058,0.1057,0.1057,39238.0
2025-01-14 16:52:00,0.1057,0.1057,0.1057,0.1057,31908.0
2025-01-14 16:53:00,0.1058,0.1058,0.1056,0.1056,7561.0
2025-01-14 16:54:00,0.1057,0.1058,0.1057,0.1058,3870.0
2025-01-14 16:55:00,0.1058,0.1058,0.1058,0.1058,3918.0
2025-01-14 16:56:00,0.1058,0.1058,0.1058,0.1058,142.0
2025-01-14 16:57:00,0.1058,0.1058,0.1058,0.1058,16455.0
2025-01-14 16:58:00,0.1059,0.1059,0.1059,0.1059,1946.0
2025-01-14 16:59:00,0.1059,0.1059,0.1058,0.1058,11988.0
2025-01-14 17:00:00,0.1057,0.1057,0.1057,0.1057,3105.0
2025-01-14 17:01:00,0.1056,0.1056,0.1056,0.1056,1420.0
2025-01-14 17:02:00,0.1056,0.1056,0.1056,0.1056,0.0
2025-01-14 17:03:00,0.1056,0.1056,0.1056,0.1056,0.0
2025-01-14 17:04:00,0.1056,0.1056,0.1056,0.1056,0.0
2025-01-14 17:05:00,0.1058,0.1058,0.1058,0.1058,12353.0
2025-01-14 17:06:00,0.1058,0.1059,0.1058,0.1059,4032.0
2025-01-14 17:07:00,0.106,0.106,0.1059,0.106,45542.0
2025-01-14 17:08:00,0.1061,0.1076,0.1061,0.1067,702829.0
2025-01-14 17:09:00,0.1067,0.1067,0.1064,0.1064,87979.0
2025-01-14 17:10:00,0.1065,0.1065,0.1064,0.1064,52753.0
2025-01-14 17:11:00,0.1064,0.1067,0.1064,0.1067,7280.0
2025-01-14 17:12:00,0.1066,0.1066,0.1066,0.1066,11368.0
2025-01-14 17:13:00,0.1066,0.1066,0.1064,0.1066,121899.0
2025-01-14 17:14:00,0.1066,0.1066,0.1066,0.1066,1032.0
2025-01-14 17:15:00,0.1065,0.1065,0.1064,0.1064,2115.0
2025-01-14 17:16:00,0.1065,0.1067,0.1065,0.1067,29962.0
2025-01-14 17:17:00,0.1066,0.1066,0.1066,0.1066,6211.0
2025-01-14 17:18:00,0.1066,0.1067,0.1057,0.1063,686597.0
2025-01-14 17:19:00,0.1064,0.1064,0.1062,0.1062,43538.0
2025-01-14 17:20:00,0.1062,0.1062,0.1061,0.1061,49096.0
2025-01-14 17:21:00,0.106,0.106,0.1059,0.1059,11454.0
2025-01-14 17:22:00,0.1059,0.1059,0.1059,0.1059,4869.0
2025-01-14 17:23:00,0.1059,0.1059,0.1059,0.1059,7306.0
2025-01-14 17:24:00,0.106,0.1061,0.1059,0.1059,2653.0
2025-01-14 17:25:00,0.1061,0.1061,0.106,0.106,14124.0
2025-01-14 17:26:00,0.106,0.106,0.106,0.106,0.0
2025-01-14 17:27:00,0.1062,0.1062,0.1062,0.1062,6974.0
2025-01-14 17:28:00,0.1061,0.1062,0.1061,0.1062,3797.0
2025-01-14 17:29:00,0.1063,0.1064,0.1063,0.1063,18072.0
2025-01-14 17:30:00,0.1063,0.1063,0.1063,0.1063,3071.0
2025-01-14 17:31:00,0.1062,0.1063,0.1062,0.1063,16295.0
2025-01-14 17:32:00,0.1062,0.1062,0.1062,0.1062,3034.0
2025-01-14 17:33:00,0.1062,0.1062,0.1062,0.1062,0.0
2025-01-14 17:34:00,0.1061,0.1061,0.1061,0.1061,3598.0
2025-01-14 17:35:00,0.1061,0.1061,0.1061,0.1061,0.0
2025-01-14 17:36:00,0.1059,0.1061,0.1059,0.1061,9426.0
2025-01-14 17:37:00,0.1061,0.1061,0.1061,0.1061,47.0
2025-01-14 17:38:00,0.106,0.106,0.106,0.106,1384.0
2025-01-14 17:39:00,0.106,0.106,0.106,0.106,0.0
2025-01-14 17:40:00,0.1061,0.1061,0.1061,0.1061,480.0
2025-01-14 17:41:00,0.1061,0.1061,0.1059,0.1059,8007.0
2025-01-14 17:42:00,0.1059,0.1059,0.1059,0.1059,0.0
2025-01-14 17:43:00,0.1063,0.1063,0.1062,0.1062,12895.0
2025-01-14 17:44:00,0.1063,0.1063,0.1062,0.1062,338.0
2025-01-14 17:45:00,0.1061,0.1061,0.106,0.106,3323.0
2025-01-14 17:46:00,0.106,0.106,0.106,0.106,0.0
2025-01-14 17:47:00,0.106,0.106,0.106,0.106,0.0
2025-01-14 17:48:00,0.1062,0.1063,0.1062,0.1063,7076.0
2025-01-14 17:49:00,0.1062,0.1062,0.1061,0.1061,4135.0
2025-01-14 17:50:00,0.1061,0.1061,0.1061,0.1061,0.0
2025-01-14 17:51:00,0.1061,0.1061,0.1061,0.1061,385.0
2025-01-14 17:52:00,0.1062,0.1062,0.1061,0.1061,239.0
2025-01-14 17:53:00,0.1061,0.1061,0.1061,0.1061,1945.0
2025-01-14 17:54:00,0.1061,0.1061,0.1061,0.1061,15111.0
2025-01-14 17:55:00,0.106,0.106,0.1059,0.106,21941.0
2025-01-14 17:56:00,0.1059,0.1059,0.1058,0.1058,5438.0
2025-01-14 17:57:00,0.1059,0.1059,0.1059,0.1059,73.0
2025-01-14 17:58:00,0.106,0.106,0.106,0.106,1415.0
2025-01-14 17:59:00,0.1059,0.106,0.1059,0.106,15576.0
2025-01-14 18:00:00,0.1061,0.1062,0.1061,0.1062,18974.0
2025-01-14 18:01:00,0.1062,0.1062,0.106,0.106,8162.0
2025-01-14 18:02:00,0.106,0.106,0.106,0.106,5880.0
2025-01-14 18:03:00,0.1061,0.1061,0.1061,0.1061,2814.0
2025-01-14 18:04:00,0.106,0.106,0.106,0.106,11779.0
2025-01-14 18:05:00,0.1061,0.1062,0.106,0.1062,8546.0
2025-01-14 18:06:00,0.1062,0.1062,0.106,0.1061,10545.0
2025-01-14 18:07:00,0.1062,0.1062,0.1062,0.1062,151.0
2025-01-14 18:08:00,0.1062,0.1062,0.1062,0.1062,376.0
2025-01-14 18:09:00,0.1063,0.1063,0.1061,0.1061,12636.0
2025-01-14 18:10:00,0.1062,0.1062,0.106,0.106,1516.0
2025-01-14 18:11:00,0.106,0.106,0.1059,0.1059,12059.0
2025-01-14 18:12:00,0.1059,0.106,0.1059,0.106,5211.0
2025-01-14 18:13:00,0.1059,0.106,0.1059,0.106,2275.0
2025-01-14 18:14:00,0.106,0.106,0.106,0.106,0.0
2025-01-14 18:15:00,0.1059,0.1061,0.1059,0.1061,3705.0
2025-01-14 18:16:00,0.1061,0.1061,0.1061,0.1061,4960.0
2025-01-14 18:17:00,0.1061,0.1061,0.1061,0.1061,0.0
2025-01-14 18:18:00,0.1061,0.1061,0.1061,0.1061,2827.0
2025-01-14 18:19:00,0.106,0.106,0.106,0.106,5188.0
2025-01-14 18:20:00,0.1059,0.1059,0.1059,0.1059,4023.0
2025-01-14 18:21:00,0.1059,0.1059,0.1059,0.1059,0.0
2025-01-14 18:22:00,0.106,0.106,0.1059,0.106,2211.0
2025-01-14 18:23:00,0.106,0.106,0.106,0.106,697.0
2025-01-14 18:24:00,0.106,0.106,0.106,0.106,0.0
2025-01-14 18:25:00,0.1062,0.1062,0.1062,0.1062,206.0
2025-01-14 18:26:00,0.1062,0.1063,0.1062,0.1063,109.0
2025-01-14 18:27:00,0.1062,0.1062,0.1061,0.1061,10474.0
2025-01-14 18:28:00,0.1061,0.1061,0.1061,0.1061,0.0
2025-01-14 18:29:00,0.1063,0.1063,0.1063,0.1063,154.0
2025-01-14 18:30:00,0.1063,0.1063,0.1062,0.1062,10768.0
2025-01-14 18:31:00,0.1062,0.1062,0.1062,0.1062,0.0
2025-01-14 18:32:00,0.1064,0.1064,0.1064,0.1064,6887.0
2025-01-14 18:33:00,0.1064,0.1064,0.1064,0.1064,4885.0
2025-01-14 18:34:00,0.1064,0.1064,0.1064,0.1064,0.0
2025-01-14 18:35:00,0.1064,0.1065,0.1064,0.1064,51870.0
2025-01-14 18:36:00,0.1064,0.1064,0.1063,0.1063,14006.0
2025-01-14 18:37:00,0.1064,0.1064,0.1064,0.1064,1778.0
2025-01-14 18:38:00,0.1065,0.1065,0.1065,0.1065,52.0
2025-01-14 18:39:00,0.1064,0.1064,0.1064,0.1064,1469.0
2025-01-14 18:40:00,0.1064,0.1064,0.1064,0.1064,1542.0
2025-01-14 18:41:00,0.1064,0.1064,0.1064,0.1064,3716.0
2025-01-14 18:42:00,0.1063,0.1063,0.1062,0.1062,5032.0
2025-01-14 18:43:00,0.1063,0.1064,0.1063,0.1064,385.0
2025-01-14 18:44:00,0.1064,0.1064,0.1064,0.1064,2817.0
2025-01-14 18:45:00,0.1064,0.1064,0.1064,0.1064,0.0
2025-01-14 18:46:00,0.1063,0.1063,0.1062,0.1063,7274.0
2025-01-14 18:47:00,0.1065,0.1065,0.1065,0.1065,2967.0
2025-01-14 18:48:00,0.1065,0.1065,0.1065,0.1065,0.0
2025-01-14 18:49:00,0.1064,0.1064,0.1063,0.1063,294.0
2025-01-14 18:50:00,0.1064,0.1064,0.1064,0.1064,21782.0
2025-01-14 18:51:00,0.1063,0.1064,0.1063,0.1063,4917.0
2025-01-14 18:52:00,0.1064,0.1064,0.1063,0.1063,1185.0
2025-01-14 18:53:00,0.1064,0.1064,0.1064,0.1064,7847.0
2025-01-14 18:54:00,0.1065,0.1065,0.1064,0.1064,1640.0
2025-01-14 18:55:00,0.1065,0.1065,0.1064,0.1064,3881.0
2025-01-14 18:56:00,0.1064,0.1064,0.1064,0.1064,121.0
2025-01-14 18:57:00,0.1064,0.1064,0.1064,0.1064,0.0
2025-01-14 18:58:00,0.1064,0.1064,0.1064,0.1064,0.0
2025-01-14 18:59:00,0.1064,0.1064,0.1064,0.1064,7467.0
2025-01-14 19:00:00,0.1063,0.1063,0.1061,0.1061,39666.0
2025-01-14 19:01:00,0.106,0.1061,0.106,0.106,15113.0
2025-01-14 19:02:00,0.1059,0.1061,0.1058,0.1059,29392.0
2025-01-14 19:03:00,0.1059,0.106,0.1059,0.106,5347.0
2025-01-14 19:04:00,0.106,0.106,0.106,0.106,1729.0
2025-01-14 19:05:00,0.106,0.106,0.106,0.106,1973.0
2025-01-14 19:06:00,0.106,0.106,0.1059,0.106,5745.0
2025-01-14 19:07:00,0.106,0.106,0.106,0.106,0.0
2025-01-14 19:08:00,0.106,0.1061,0.106,0.1061,194.0
2025-01-14 19:09:00,0.1061,0.1061,0.1061,0.1061,0.0
2025-01-14 19:10:00,0.1061,0.1061,0.1061,0.1061,0.0
2025-01-14 19:11:00,0.106,0.106,0.106,0.106,416.0
2025-01-14 19:12:00,0.1061,0.1061,0.106,0.106,9134.0
2025-01-14 19:13:00,0.106,0.106,0.106,0.106,4412.0
2025-01-14 19:14:00,0.106,0.106,0.106,0.106,0.0
2025-01-14 19:15:00,0.1063,0.1063,0.1063,0.1063,9426.0
2025-01-14 19:16:00,0.1063,0.1063,0.1062,0.1063,9027.0
2025-01-14 19:17:00,0.1062,0.1062,0.1061,0.1062,9527.0
2025-01-14 19:18:00,0.1062,0.1062,0.1062,0.1062,0.0
2025-01-14 19:19:00,0.1062,0.1062,0.1061,0.1061,11020.0
2025-01-14 19:20:00,0.1061,0.1061,0.1061,0.1061,0.0
2025-01-14 19:21:00,0.1062,0.1062,0.1062,0.1062,1412.0
2025-01-14 19:22:00,0.1062,0.1062,0.1062,0.1062,0.0
2025-01-14 19:23:00,0.1062,0.1062,0.1062,0.1062,0.0
2025-01-14 19:24:00,0.1063,0.1063,0.1063,0.1063,5254.0
2025-01-14 19:25:00,0.1063,0.1063,0.1063,0.1063,3943.0
2025-01-14 19:26:00,0.1062,0.1063,0.1062,0.1063,7760.0
2025-01-14 19:27:00,0.1063,0.1063,0.1063,0.1063,227.0
2025-01-14 19:28:00,0.1063,0.1063,0.1063,0.1063,0.0
2025-01-14 19:29:00,0.1064,0.1064,0.1064,0.1064,16220.0
2025-01-14 19:30:00,0.1063,0.1063,0.1062,0.1063,10654.0
2025-01-14 19:31:00,0.1063,0.1063,0.1063,0.1063,12725.0
2025-01-14 19:32:00,0.1063,0.1063,0.1063,0.1063,0.0
2025-01-14 19:33:00,0.1063,0.1064,0.1063,0.1064,5335.0
2025-01-14 19:34:00,0.1064,0.1064,0.1064,0.1064,1508.0
2025-01-14 19:35:00,0.1063,0.1063,0.1063,0.1063,3000.0
2025-01-14 19:36:00,0.1065,0.1065,0.1065,0.1065,351.0
2025-01-14 19:37:00,0.1066,0.1066,0.1066,0.1066,936.0
2025-01-14 19:38:00,0.1066,0.1066,0.1066,0.1066,0.0
2025-01-14 19:39:00,0.1065,0.1065,0.1065,0.1065,3153.0
2025-01-14 19:40:00,0.1065,0.1065,0.1065,0.1065,1500.0
2025-01-14 19:41:00,0.1064,0.1066,0.1064,0.1066,9552.0
2025-01-14 19:42:00,0.1066,0.1066,0.1066,0.1066,862.0
2025-01-14 19:43:00,0.1066,0.1066,0.1066,0.1066,0.0
2025-01-14 19:44:00,0.1065,0.1065,0.1065,0.1065,48.0
2025-01-14 19:45:00,0.1065,0.1065,0.1065,0.1065,0.0
2025-01-14 19:46:00,0.1065,0.1065,0.1064,0.1064,1713.0
2025-01-14 19:47:00,0.1064,0.1064,0.1064,0.1064,96.0
2025-01-14 19:48:00,0.1065,0.1065,0.1064,0.1064,12434.0
2025-01-14 19:49:00,0.1064,0.1064,0.1063,0.1063,16716.0
2025-01-14 19:50:00,0.1063,0.1063,0.1063,0.1063,4810.0
2025-01-14 19:51:00,0.1062,0.1062,0.1062,0.1062,9327.0
2025-01-14 19:52:00,0.1062,0.1062,0.1062,0.1062,4448.0
2025-01-14 19:53:00,0.1062,0.1062,0.1062,0.1062,11359.0
2025-01-14 19:54:00,0.1062,0.1062,0.1061,0.1061,33666.0
2025-01-14 19:55:00,0.1061,0.1061,0.1061,0.1061,0.0
2025-01-14 19:56:00,0.1061,0.1061,0.106,0.106,1675.0
2025-01-14 19:57:00,0.106,0.1061,0.106,0.1061,670.0
2025-01-14 19:58:00,0.106,0.106,0.106,0.106,13666.0
2025-01-14 19:59:00,0.1061,0.1061,0.106,0.1061,18073.0
2025-01-14 20:00:00,0.1061,0.1062,0.1061,0.1061,10887.0
2025-01-14 20:01:00,0.106,0.106,0.1059,0.1059,9085.0
2025-01-14 20:02:00,0.1058,0.1058,0.1055,0.1055,30044.0
2025-01-14 20:03:00,0.1056,0.1057,0.1055,0.1055,27015.0
2025-01-14 20:04:00,0.1055,0.1055,0.1054,0.1054,26524.0
2025-01-14 20:05:00,0.1054,0.1054,0.1054,0.1054,10217.0
2025-01-14 20:06:00,0.1054,0.1054,0.1053,0.1053,15814.0
2025-01-14 20:07:00,0.1053,0.1054,0.1053,0.1054,23305.0
2025-01-14 20:08:00,0.1056,0.1059,0.1055,0.1059,75804.0
2025-01-14 20:09:00,0.1059,0.1059,0.1059,0.1059,0.0
2025-01-14 20:10:00,0.1057,0.1057,0.1057,0.1057,5216.0
2025-01-14 20:11:00,0.1056,0.1057,0.1056,0.1057,7456.0
2025-01-14 20:12:00,0.1057,0.1058,0.1056,0.1058,26627.0
2025-01-14 20:13:00,0.1057,0.1057,0.1057,0.1057,13895.0
2025-01-14 20:14:00,0.1057,0.1057,0.1057,0.1057,94.0
2025-01-14 20:15:00,0.1057,0.1059,0.1057,0.1059,18182.0
2025-01-14 20:16:00,0.1059,0.1059,0.1058,0.1058,2019.0
2025-01-14 20:17:00,0.1059,0.1061,0.1059,0.1061,11109.0
2025-01-14 20:18:00,0.106,0.106,0.106,0.106,4911.0
2025-01-14 20:19:00,0.106,0.1062,0.106,0.1062,12585.0
2025-01-14 20:20:00,0.1062,0.1062,0.1062,0.1062,8272.0
2025-01-14 20:21:00,0.1062,0.1062,0.1062,0.1062,0.0
2025-01-14 20:22:00,0.1061,0.1061,0.1061,0.1061,96.0
2025-01-14 20:23:00,0.1061,0.1061,0.1061,0.1061,4396.0
2025-01-14 20:24:00,0.1061,0.1061,0.1061,0.1061,0.0
2025-01-14 20:25:00,0.1063,0.1063,0.1063,0.1063,776.0
2025-01-14 20:26:00,0.1062,0.1062,0.1062,0.1062,1272.0
2025-01-14 20:27:00,0.1062,0.1062,0.1062,0.1062,0.0
2025-01-14 20:28:00,0.1062,0.1062,0.1062,0.1062,250.0
2025-01-14 20:29:00,0.1062,0.1062,0.1062,0.1062,309.0
2025-01-14 20:30:00,0.1061,0.1061,0.1061,0.1061,1413.0
2025-01-14 20:31:00,0.1061,0.1061,0.1061,0.1061,0.0
2025-01-14 20:32:00,0.1059,0.1059,0.1058,0.1059,10425.0
2025-01-14 20:33:00,0.1059,0.106,0.1059,0.106,5100.0
2025-01-14 20:34:00,0.106,0.106,0.106,0.106,0.0
2025-01-14 20:35:00,0.1059,0.1059,0.1058,0.1059,10127.0
2025-01-14 20:36:00,0.1059,0.1059,0.1059,0.1059,0.0
2025-01-14 20:37:00,0.1059,0.1059,0.1059,0.1059,4166.0
2025-01-14 20:38:00,0.106,0.106,0.1059,0.1059,3152.0
2025-01-14 20:39:00,0.1059,0.1059,0.1059,0.1059,0.0
2025-01-14 20:40:00,0.1058,0.1058,0.1058,0.1058,2500.0
2025-01-14 20:41:00,0.1059,0.1059,0.1059,0.1059,223.0
2025-01-14 20:42:00,0.1059,0.1059,0.1059,0.1059,0.0
2025-01-14 20:43:00,0.106,0.106,0.106,0.106,380.0
2025-01-14 20:44:00,0.106,0.106,0.106,0.106,0.0
2025-01-14 20:45:00,0.106,0.106,0.106,0.106,0.0
2025-01-14 20:46:00,0.1059,0.106,0.1059,0.106,1375.0
2025-01-14 20:47:00,0.106,0.1061,0.106,0.1061,9083.0
2025-01-14 20:48:00,0.1061,0.1061,0.1061,0.1061,0.0
2025-01-14 20:49:00,0.1061,0.1061,0.1061,0.1061,1437.0
2025-01-14 20:50:00,0.1062,0.1062,0.1062,0.1062,7273.0
2025-01-14 20:51:00,0.1062,0.1062,0.1062,0.1062,24305.0
2025-01-14 20:52:00,0.1062,0.1062,0.1062,0.1062,1945.0
2025-01-14 20:53:00,0.1062,0.1062,0.1062,0.1062,0.0
2025-01-14 20:54:00,0.1062,0.1062,0.1062,0.1062,154.0
2025-01-14 20:55:00,0.1062,0.1062,0.1062,0.1062,1563.0
2025-01-14 20:56:00,0.1062,0.1062,0.1061,0.1061,3240.0
2025-01-14 20:57:00,0.1062,0.1062,0.1062,0.1062,232.0
2025-01-14 20:58:00,0.1062,0.1062,0.1062,0.1062,8423.0
2025-01-14 20:59:00,0.1063,0.1065,0.1063,0.1065,77033.0
2025-01-14 21:00:00,0.1067,0.1067,0.1066,0.1066,4661.0
2025-01-14 21:01:00,0.1065,0.1065,0.1064,0.1065,2822.0
2025-01-14 21:02:00,0.1065,0.1065,0.1065,0.1065,0.0
2025-01-14 21:03:00,0.1065,0.1065,0.1065,0.1065,0.0
2025-01-14 21:04:00,0.1066,0.1068,0.1066,0.1066,30546.0
2025-01-14 21:05:00,0.1067,0.1067,0.1066,0.1066,4725.0
2025-01-14 21:06:00,0.1068,0.1068,0.1067,0.1067,191.0
2025-01-14 21:07:00,0.1068,0.1068,0.1068,0.1068,1902.0
2025-01-14 21:08:00,0.1068,0.1068,0.1068,0.1068,1116.0
2025-01-14 21:09:00,0.1068,0.1068,0.1068,0.1068,0.0
2025-01-14 21:10:00,0.1067,0.1067,0.1066,0.1066,11677.0
2025-01-14 21:11:00,0.1067,0.1067,0.1066,0.1067,983.0
2025-01-14 21:12:00,0.1066,0.1067,0.1066,0.1067,265.0
2025-01-14 21:13:00,0.1067,0.1067,0.1067,0.1067,0.0
2025-01-14 21:14:00,0.1067,0.1067,0.1067,0.1067,0.0
2025-01-14 21:15:00,0.1067,0.1067,0.1067,0.1067,5060.0
2025-01-14 21:16:00,0.1067,0.1068,0.1067,0.1068,18240.0
2025-01-14 21:17:00,0.1068,0.1068,0.1068,0.1068,0.0
2025-01-14 21:18:00,0.1068,0.1068,0.1068,0.1068,0.0
2025-01-14 21:19:00,0.1069,0.1069,0.1069,0.1069,1500.0
2025-01-14 21:20:00,0.1069,0.1069,0.1069,0.1069,0.0
2025-01-14 21:21:00,0.107,0.107,0.107,0.107,9173.0
2025-01-14 21:22:00,0.1069,0.1069,0.1069,0.1069,39694.0
2025-01-14 21:23:00,0.1068,0.1068,0.1068,0.1068,63645.0
2025-01-14 21:24:00,0.1068,0.1068,0.1068,0.1068,0.0
2025-01-14 21:25:00,0.1069,0.1069,0.1069,0.1069,1406.0
2025-01-14 21:26:00,0.1068,0.1069,0.1068,0.1069,744.0
2025-01-14 21:27:00,0.1069,0.1069,0.1069,0.1069,0.0
2025-01-14 21:28:00,0.1069,0.1069,0.1069,0.1069,5943.0
2025-01-14 21:29:00,0.1069,0.1069,0.1069,0.1069,742.0
2025-01-14 21:30:00,0.1069,0.1069,0.1067,0.1067,18780.0
2025-01-14 21:31:00,0.1067,0.1067,0.1067,0.1067,2683.0
2025-01-14 21:32:00,0.1067,0.1067,0.1067,0.1067,14540.0
2025-01-14 21:33:00,0.1067,0.1067,0.1066,0.1067,1321.0
2025-01-14 21:34:00,0.1066,0.1067,0.1066,0.1067,6818.0
2025-01-14 21:35:00,0.1066,0.1066,0.1065,0.1066,35342.0
2025-01-14 21:36:00,0.1065,0.1065,0.1065,0.1065,9851.0
2025-01-14 21:37:00,0.1065,0.1065,0.1065,0.1065,159.0
2025-01-14 21:38:00,0.1065,0.1065,0.1065,0.1065,0.0
2025-01-14 21:39:00,0.1065,0.1065,0.1064,0.1064,4943.0
2025-01-14 21:40:00,0.1064,0.1065,0.1064,0.1065,374.0
2025-01-14 21:41:00,0.1064,0.1065,0.1064,0.1065,2720.0
2025-01-14 21:42:00,0.1065,0.1065,0.1065,0.1065,63.0
2025-01-14 21:43:00,0.1065,0.1065,0.1065,0.1065,0.0
2025-01-14 21:44:00,0.1065,0.1065,0.1065,0.1065,0.0
2025-01-14 21:45:00,0.1065,0.1065,0.1065,0.1065,0.0
2025-01-14 21:46:00,0.1064,0.1064,0.1064,0.1064,10501.0
2025-01-14 21:47:00,0.1064,0.1064,0.1064,0.1064,0.0
2025-01-14 21:48:00,0.1063,0.1063,0.1063,0.1063,95.0
2025-01-14 21:49:00,0.1063,0.1063,0.1063,0.1063,0.0
2025-01-14 21:50:00,0.1063,0.1063,0.1063,0.1063,0.0
2025-01-14 21:51:00,0.1064,0.1064,0.1064,0.1064,11529.0
2025-01-14 21:52:00,0.1063,0.1063,0.1061,0.1061,83864.0
2025-01-14 21:53:00,0.1062,0.1063,0.1061,0.1063,134740.0
2025-01-14 21:54:00,0.1063,0.1063,0.1063,0.1063,2098.0
2025-01-14 21:55:00,0.1062,0.1062,0.1062,0.1062,11078.0
2025-01-14 21:56:00,0.1062,0.1062,0.1062,0.1062,7703.0
2025-01-14 21:57:00,0.1062,0.1062,0.1062,0.1062,0.0
2025-01-14 21:58:00,0.1063,0.1063,0.1063,0.1063,3916.0
2025-01-14 21:59:00,0.1063,0.1064,0.1063,0.1064,7748.0
2025-01-14 22:00:00,0.1064,0.1065,0.1064,0.1064,20209.0
2025-01-14 22:01:00,0.1063,0.1064,0.1063,0.1064,2599.0
2025-01-14 22:02:00,0.1064,0.1064,0.1064,0.1064,8917.0
2025-01-14 22:03:00,0.1064,0.1064,0.1064,0.1064,6674.0
2025-01-14 22:04:00,0.1064,0.1065,0.1064,0.1064,17431.0
2025-01-14 22:05:00,0.1064,0.1064,0.1064,0.1064,0.0
2025-01-14 22:06:00,0.1064,0.1064,0.1064,0.1064,11038.0
2025-01-14 22:07:00,0.1064,0.1064,0.1064,0.1064,104.0
2025-01-14 22:08:00,0.1064,0.1064,0.1064,0.1064,0.0
2025-01-14 22:09:00,0.1065,0.1066,0.1065,0.1066,12672.0
2025-01-14 22:10:00,0.1067,0.1067,0.1067,0.1067,9472.0
2025-01-14 22:11:00,0.1067,0.1067,0.1067,0.1067,5805.0
2025-01-14 22:12:00,0.1067,0.1067,0.1067,0.1067,0.0
2025-01-14 22:13:00,0.1067,0.1067,0.1067,0.1067,3744.0
2025-01-14 22:14:00,0.1067,0.1067,0.1067,0.1067,0.0
2025-01-14 22:15:00,0.1068,0.1068,0.1066,0.1066,3430.0
2025-01-14 22:16:00,0.1066,0.1067,0.1066,0.1067,8667.0
2025-01-14 22:17:00,0.1067,0.1067,0.1067,0.1067,0.0
2025-01-14 22:18:00,0.1067,0.1067,0.1067,0.1067,3744.0
2025-01-14 22:19:00,0.1067,0.1068,0.1067,0.1068,547.0
2025-01-14 22:20:00,0.1068,0.1069,0.1068,0.1069,3654.0
2025-01-14 22:21:00,0.1068,0.1068,0.1068,0.1068,97.0
2025-01-14 22:22:00,0.1069,0.1069,0.1069,0.1069,266.0
2025-01-14 22:23:00,0.1069,0.1069,0.1069,0.1069,141.0
2025-01-14 22:24:00,0.1069,0.1069,0.1069,0.1069,0.0
2025-01-14 22:25:00,0.1069,0.107,0.1069,0.107,22096.0
2025-01-14 22:26:00,0.1071,0.1071,0.107,0.107,29320.0
2025-01-14 22:27:00,0.107,0.107,0.107,0.107,5098.0
2025-01-14 22:28:00,0.1071,0.1071,0.1071,0.1071,282.0
2025-01-14 22:29:00,0.1071,0.1071,0.1071,0.1071,0.0
2025-01-14 22:30:00,0.1071,0.1071,0.1071,0.1071,0.0
2025-01-14 22:31:00,0.1071,0.1071,0.1071,0.1071,1500.0
2025-01-14 22:32:00,0.1071,0.1071,0.1071,0.1071,2883.0
2025-01-14 22:33:00,0.107,0.107,0.107,0.107,8453.0
2025-01-14 22:34:00,0.107,0.107,0.107,0.107,923.0
2025-01-14 22:35:00,0.107,0.107,0.107,0.107,0.0
2025-01-14 22:36:00,0.107,0.107,0.107,0.107,101.0
2025-01-14 22:37:00,0.1071,0.1072,0.1071,0.1072,2304.0
2025-01-14 22:38:00,0.1071,0.1071,0.1071,0.1071,365.0
2025-01-14 22:39:00,0.1072,0.1073,0.1072,0.1072,21313.0
2025-01-14 22:40:00,0.1074,0.1074,0.1072,0.1072,745.0
2025-01-14 22:41:00,0.1072,0.1074,0.1072,0.1074,2668.0
2025-01-14 22:42:00,0.1074,0.1074,0.1074,0.1074,0.0
2025-01-14 22:43:00,0.1074,0.1074,0.1074,0.1074,1478.0
2025-01-14 22:44:00,0.1073,0.1073,0.1073,0.1073,267.0
2025-01-14 22:45:00,0.1074,0.1074,0.1074,0.1074,1500.0
2025-01-14 22:46:00,0.1073,0.1073,0.1073,0.1073,138.0
2025-01-14 22:47:00,0.1073,0.1073,0.1073,0.1073,0.0
2025-01-14 22:48:00,0.1073,0.1073,0.1073,0.1073,97.0
2025-01-14 22:49:00,0.1073,0.1073,0.1073,0.1073,0.0
2025-01-14 22:50:00,0.1073,0.1073,0.1073,0.1073,9445.0
2025-01-14 22:51:00,0.1073,0.1073,0.1073,0.1073,0.0
2025-01-14 22:52:00,0.1073,0.1073,0.1073,0.1073,0.0
2025-01-14 22:53:00,0.1075,0.1075,0.1073,0.1074,15701.0
2025-01-14 22:54:00,0.1074,0.1075,0.1074,0.1075,291.0
2025-01-14 22:55:00,0.1075,0.1075,0.1075,0.1075,0.0
2025-01-14 22:56:00,0.1074,0.1074,0.1074,0.1074,472.0
2025-01-14 22:57:00,0.1074,0.1074,0.1074,0.1074,0.0
2025-01-14 22:58:00,0.1075,0.1075,0.1075,0.1075,2318.0
2025-01-14 22:59:00,0.1075,0.1079,0.1075,0.1076,341897.0
2025-01-14 23:00:00,0.1076,0.1076,0.1075,0.1076,31087.0
2025-01-14 23:01:00,0.1075,0.1076,0.1074,0.1075,3899.0
2025-01-14 23:02:00,0.1074,0.1074,0.1072,0.1072,34492.0
2025-01-14 23:03:00,0.1072,0.1072,0.1072,0.1072,0.0
2025-01-14 23:04:00,0.1072,0.1072,0.1072,0.1072,0.0
2025-01-14 23:05:00,0.1072,0.1072,0.1072,0.1072,0.0
2025-01-14 23:06:00,0.1072,0.1072,0.1071,0.1071,11796.0
2025-01-14 23:07:00,0.1072,0.1073,0.1072,0.1073,5062.0
2025-01-14 23:08:00,0.1072,0.1072,0.1071,0.1071,18069.0
2025-01-14 23:09:00,0.1072,0.1072,0.1072,0.1072,2951.0
2025-01-14 23:10:00,0.1071,0.1073,0.1071,0.1073,1605.0
2025-01-14 23:11:00,0.1073,0.1073,0.1073,0.1073,0.0
2025-01-14 23:12:00,0.1073,0.1073,0.1073,0.1073,0.0
2025-01-14 23:13:00,0.1071,0.1071,0.107,0.107,34136.0
2025-01-14 23:14:00,0.1071,0.1071,0.107,0.1071,5658.0
2025-01-14 23:15:00,0.107,0.107,0.1067,0.1067,358681.0
2025-01-14 23:16:00,0.1067,0.1068,0.1067,0.1067,9045.0
2025-01-14 23:17:00,0.1067,0.1067,0.1067,0.1067,59446.0
2025-01-14 23:18:00,0.1067,0.1067,0.1067,0.1067,0.0
2025-01-14 23:19:00,0.1068,0.1069,0.1068,0.1069,24640.0
2025-01-14 23:20:00,0.1069,0.1069,0.1069,0.1069,76.0
2025-01-14 23:21:00,0.1069,0.1069,0.1069,0.1069,4430.0
2025-01-14 23:22:00,0.1069,0.1069,0.1069,0.1069,0.0
2025-01-14 23:23:00,0.1069,0.1069,0.1069,0.1069,0.0
2025-01-14 23:24:00,0.1068,0.1068,0.1068,0.1068,1123.0
2025-01-14 23:25:00,0.1068,0.1069,0.1068,0.1068,12154.0
2025-01-14 23:26:00,0.1068,0.1068,0.1068,0.1068,1123.0
2025-01-14 23:27:00,0.1068,0.1068,0.1068,0.1068,21436.0
2025-01-14 23:28:00,0.1068,0.1069,0.1068,0.1069,11214.0
2025-01-14 23:29:00,0.1068,0.1069,0.1067,0.1068,32842.0
2025-01-14 23:30:00,0.107,0.107,0.1068,0.1068,997.0
2025-01-14 23:31:00,0.1068,0.107,0.1068,0.1069,72310.0
2025-01-14 23:32:00,0.1069,0.1074,0.1069,0.1074,29486.0
2025-01-14 23:33:00,0.1072,0.1072,0.1072,0.1072,54378.0
2025-01-14 23:34:00,0.1071,0.1071,0.1071,0.1071,13447.0
2025-01-14 23:35:00,0.107,0.107,0.107,0.107,685.0
2025-01-14 23:36:00,0.107,0.107,0.1068,0.1068,36298.0
2025-01-14 23:37:00,0.1069,0.1069,0.1069,0.1069,20751.0
2025-01-14 23:38:00,0.1068,0.1068,0.1068,0.1068,4685.0
2025-01-14 23:39:00,0.1069,0.1069,0.1069,0.1069,160.0
2025-01-14 23:40:00,0.1069,0.1069,0.1069,0.1069,7577.0
2025-01-14 23:41:00,0.107,0.107,0.1069,0.1069,15050.0
2025-01-14 23:42:00,0.1069,0.1069,0.1069,0.1069,0.0
2025-01-14 23:43:00,0.107,0.107,0.107,0.107,9207.0
2025-01-14 23:44:00,0.107,0.107,0.107,0.107,0.0
2025-01-14 23:45:00,0.107,0.107,0.107,0.107,0.0
2025-01-14 23:46:00,0.1071,0.1072,0.1071,0.1072,48212.0
2025-01-14 23:47:00,0.1072,0.1072,0.1071,0.1071,10843.0
2025-01-14 23:48:00,0.1071,0.1071,0.107,0.107,14732.0
2025-01-14 23:49:00,0.107,0.107,0.107,0.107,4099.0
2025-01-14 23:50:00,0.1071,0.1071,0.107,0.107,636.0
2025-01-14 23:51:00,0.107,0.107,0.107,0.107,0.0
2025-01-14 23:52:00,0.107,0.107,0.107,0.107,0.0
2025-01-14 23:53:00,0.107,0.107,0.107,0.107,0.0
2025-01-14 23:54:00,0.107,0.107,0.107,0.107,0.0
2025-01-14 23:55:00,0.1071,0.1071,0.1071,0.1071,10719.0
2025-01-14 23:56:00,0.1071,0.1071,0.1071,0.1071,0.0
2025-01-14 23:57:00,0.107,0.107,0.107,0.107,4890.0
2025-01-14 23:58:00,0.107,0.107,0.107,0.107,0.0
2025-01-14 23:59:00,0.107,0.107,0.107,0.107,110.0
2025-01-15 00:00:00,0.107,0.1071,0.107,0.107,20432.0
2025-01-15 00:01:00,0.1069,0.1069,0.1067,0.1067,40397.0
2025-01-15 00:02:00,0.1066,0.1066,0.1064,0.1064,47769.0
2025-01-15 00:03:00,0.1064,0.1064,0.1064,0.1064,0.0
2025-01-15 00:04:00,0.1063,0.1064,0.1063,0.1064,2672.0
2025-01-15 00:05:00,0.1064,0.1065,0.1064,0.1065,6037.0
2025-01-15 00:06:00,0.1063,0.1063,0.1063,0.1063,4657.0
2025-01-15 00:07:00,0.1063,0.1065,0.1063,0.1065,5340.0
2025-01-15 00:08:00,0.1065,0.1067,0.1065,0.1067,4965.0
2025-01-15 00:09:00,0.1068,0.1068,0.1066,0.1066,8947.0
2025-01-15 00:10:00,0.1067,0.1067,0.1065,0.1065,3442.0
2025-01-15 00:11:00,0.1065,0.1065,0.1065,0.1065,6843.0
2025-01-15 00:12:00,0.1067,0.1067,0.1067,0.1067,11418.0
2025-01-15 00:13:00,0.1069,0.1069,0.1069,0.1069,1500.0
2025-01-15 00:14:00,0.1069,0.1069,0.1069,0.1069,410.0
2025-01-15 00:15:00,0.1069,0.1069,0.1068,0.1068,4294.0
2025-01-15 00:16:00,0.1069,0.1069,0.1069,0.1069,1996.0
2025-01-15 00:17:00,0.1068,0.1068,0.1066,0.1066,18141.0
2025-01-15 00:18:00,0.1068,0.1068,0.1068,0.1068,2050.0
2025-01-15 00:19:00,0.1069,0.1069,0.1069,0.1069,2075.0
2025-01-15 00:20:00,0.1069,0.1069,0.1069,0.1069,1232.0
2025-01-15 00:21:00,0.1069,0.1069,0.1069,0.1069,6450.0
2025-01-15 00:22:00,0.107,0.1071,0.107,0.107,16859.0
2025-01-15 00:23:00,0.1071,0.1071,0.1071,0.1071,1565.0
2025-01-15 00:24:00,0.107,0.1071,0.107,0.107,2248.0
2025-01-15 00:25:00,0.1071,0.1072,0.107,0.1072,5857.0
2025-01-15 00:26:00,0.1073,0.1073,0.1073,0.1073,9392.0
2025-01-15 00:27:00,0.1072,0.1072,0.1071,0.1071,12549.0
2025-01-15 00:28:00,0.1071,0.1071,0.1071,0.1071,30297.0
2025-01-15 00:29:00,0.107,0.1071,0.107,0.1071,10380.0
2025-01-15 00:30:00,0.1071,0.1071,0.1071,0.1071,3515.0
2025-01-15 00:31:00,0.1073,0.1073,0.1073,0.1073,67.0
2025-01-15 00:32:00,0.1072,0.1072,0.1071,0.1071,1825.0
2025-01-15 00:33:00,0.1071,0.1071,0.1071,0.1071,11472.0
2025-01-15 00:34:00,0.1071,0.1071,0.107,0.107,18523.0
2025-01-15 00:35:00,0.1069,0.1069,0.1068,0.1068,28207.0
2025-01-15 00:36:00,0.1067,0.1067,0.1067,0.1067,11567.0
2025-01-15 00:37:00,0.1067,0.1067,0.1067,0.1067,0.0
2025-01-15 00:38:00,0.1067,0.1068,0.1067,0.1067,10060.0
2025-01-15 00:39:00,0.1068,0.1068,0.1068,0.1068,163.0
2025-01-15 00:40:00,0.1067,0.1067,0.1066,0.1066,12390.0
2025-01-15 00:41:00,0.1066,0.1066,0.1064,0.1065,17063.0
2025-01-15 00:42:00,0.1065,0.1065,0.1065,0.1065,3329.0
2025-01-15 00:43:00,0.1066,0.1066,0.1066,0.1066,5615.0
2025-01-15 00:44:00,0.1066,0.1066,0.1066,0.1066,8234.0
2025-01-15 00:45:00,0.1066,0.1066,0.1064,0.1064,17360.0
2025-01-15 00:46:00,0.1065,0.1065,0.1065,0.1065,7032.0
2025-01-15 00:47:00,0.1065,0.1066,0.1065,0.1066,6539.0
2025-01-15 00:48:00,0.1066,0.1066,0.1066,0.1066,1120.0
2025-01-15 00:49:00,0.1067,0.1067,0.1067,0.1067,4810.0
2025-01-15 00:50:00,0.1068,0.1068,0.1068,0.1068,98.0
2025-01-15 00:51:00,0.1069,0.1069,0.1069,0.1069,3425.0
2025-01-15 00:52:00,0.1068,0.1068,0.1067,0.1067,44483.0
2025-01-15 00:53:00,0.1067,0.1067,0.1067,0.1067,0.0
2025-01-15 00:54:00,0.1067,0.1067,0.1067,0.1067,0.0
2025-01-15 00:55:00,0.1067,0.1067,0.1067,0.1067,11560.0
2025-01-15 00:56:00,0.1067,0.1067,0.1067,0.1067,2107.0
2025-01-15 00:57:00,0.1066,0.1066,0.1066,0.1066,11081.0
2025-01-15 00:58:00,0.1066,0.1066,0.1066,0.1066,4226.0
2025-01-15 00:59:00,0.1066,0.1066,0.1066,0.1066,0.0
2025-01-15 01:00:00,0.1065,0.1065,0.1064,0.1064,19605.0
2025-01-15 01:01:00,0.1063,0.1066,0.1063,0.1066,12985.0
2025-01-15 01:02:00,0.1066,0.1067,0.1066,0.1067,5772.0
2025-01-15 01:03:00,0.1068,0.1068,0.1065,0.1065,22371.0
2025-01-15 01:04:00,0.1066,0.1066,0.1066,0.1066,3105.0
2025-01-15 01:05:00,0.1066,0.1067,0.1066,0.1067,5532.0
2025-01-15 01:06:00,0.1067,0.1067,0.1067,0.1067,7120.0
2025-01-15 01:07:00,0.1067,0.1068,0.1067,0.1068,13083.0
2025-01-15 01:08:00,0.1067,0.1067,0.1067,0.1067,683.0
2025-01-15 01:09:00,0.1067,0.1067,0.1067,0.1067,0.0
2025-01-15 01:10:00,0.1068,0.1068,0.1068,0.1068,2277.0
2025-01-15 01:11:00,0.107,0.107,0.1067,0.1067,11396.0
2025-01-15 01:12:00,0.1067,0.1067,0.1067,0.1067,6210.0
2025-01-15 01:13:00,0.1066,0.1066,0.1066,0.1066,5972.0
2025-01-15 01:14:00,0.1064,0.1064,0.1064,0.1064,9370.0
2025-01-15 01:15:00,0.1064,0.1064,0.1063,0.1063,7109.0
2025-01-15 01:16:00,0.1063,0.1063,0.1063,0.1063,4810.0
2025-01-15 01:17:00,0.1064,0.1064,0.1064,0.1064,1936.0
2025-01-15 01:18:00,0.1064,0.1064,0.1064,0.1064,11020.0
2025-01-15 01:19:00,0.1062,0.1062,0.1062,0.1062,1046.0
2025-01-15 01:20:00,0.1062,0.1062,0.1062,0.1062,177.0
2025-01-15 01:21:00,0.1063,0.1063,0.1063,0.1063,4526.0
2025-01-15 01:22:00,0.1065,0.1065,0.1065,0.1065,265.0
2025-01-15 01:23:00,0.1065,0.1065,0.1065,0.1065,667.0
2025-01-15 01:24:00,0.1065,0.1067,0.1065,0.1067,6508.0
2025-01-15 01:25:00,0.1068,0.1068,0.1068,0.1068,8706.0
2025-01-15 01:26:00,0.1068,0.1069,0.1068,0.1068,11787.0
2025-01-15 01:27:00,0.1068,0.1068,0.1068,0.1068,6500.0
2025-01-15 01:28:00,0.1067,0.1067,0.1067,0.1067,1378.0
2025-01-15 01:29:00,0.1067,0.1067,0.1067,0.1067,0.0
2025-01-15 01:30:00,0.1066,0.1066,0.1066,0.1066,4475.0
2025-01-15 01:31:00,0.1065,0.1065,0.1065,0.1065,12210.0
2025-01-15 01:32:00,0.1067,0.1068,0.1067,0.1068,2540.0
2025-01-15 01:33:00,0.1067,0.1071,0.1067,0.1071,24240.0
2025-01-15 01:34:00,0.1072,0.1073,0.1072,0.1073,2121.0
2025-01-15 01:35:00,0.1073,0.1075,0.1073,0.1075,10297.0
2025-01-15 01:36:00,0.1075,0.1075,0.1074,0.1074,17700.0
2025-01-15 01:37:00,0.1073,0.1073,0.1071,0.1071,11616.0
2025-01-15 01:38:00,0.1071,0.1071,0.1068,0.1068,54887.0
2025-01-15 01:39:00,0.1069,0.1069,0.1068,0.1068,6240.0
2025-01-15 01:40:00,0.1067,0.1067,0.1067,0.1067,157.0
2025-01-15 01:41:00,0.1068,0.1069,0.1068,0.1069,3371.0
2025-01-15 01:42:00,0.1068,0.107,0.1068,0.107,5466.0
2025-01-15 01:43:00,0.107,0.1072,0.107,0.1072,16289.0
2025-01-15 01:44:00,0.1073,0.1073,0.1071,0.1071,3522.0
2025-01-15 01:45:00,0.107,0.107,0.1068,0.1069,16035.0
2025-01-15 01:46:00,0.1069,0.1069,0.1069,0.1069,1378.0
2025-01-15 01:47:00,0.1069,0.1069,0.1067,0.1067,9443.0
2025-01-15 01:48:00,0.1066,0.1066,0.1066,0.1066,438.0
2025-01-15 01:49:00,0.1066,0.1066,0.1066,0.1066,6083.0
2025-01-15 01:50:00,0.1066,0.1066,0.1063,0.1063,15425.0
2025-01-15 01:51:00,0.1063,0.1063,0.1063,0.1063,0.0
2025-01-15 01:52:00,0.1063,0.1064,0.1063,0.1064,7962.0
2025-01-15 01:53:00,0.1064,0.1064,0.1064,0.1064,11020.0
2025-01-15 01:54:00,0.1064,0.1065,0.1064,0.1065,20716.0
2025-01-15 01:55:00,0.1067,0.1067,0.1067,0.1067,11020.0
2025-01-15 01:56:00,0.1069,0.1069,0.1068,0.1068,7156.0
2025-01-15 01:57:00,0.1068,0.1068,0.1068,0.1068,0.0
2025-01-15 01:58:00,0.1068,0.1069,0.1067,0.1067,18272.0
2025-01-15 01:59:00,0.1067,0.1067,0.1066,0.1066,2619.0
2025-01-15 02:00:00,0.1067,0.1067,0.1065,0.1065,12305.0
2025-01-15 02:01:00,0.1066,0.1068,0.1066,0.1068,8837.0
2025-01-15 02:02:00,0.1067,0.1067,0.1067,0.1067,6545.0
2025-01-15 02:03:00,0.1068,0.1068,0.1068,0.1068,6057.0
2025-01-15 02:04:00,0.1067,0.1069,0.1067,0.1068,9878.0
2025-01-15 02:05:00,0.1069,0.1072,0.1069,0.1072,26352.0
2025-01-15 02:06:00,0.1073,0.1073,0.1072,0.1072,13024.0
2025-01-15 02:07:00,0.1073,0.1073,0.1069,0.107,11480.0
2025-01-15 02:08:00,0.1069,0.1069,0.1069,0.1069,4229.0
2025-01-15 02:09:00,0.1069,0.1069,0.1069,0.1069,133.0
2025-01-15 02:10:00,0.1069,0.1069,0.1068,0.1068,16713.0
2025-01-15 02:11:00,0.1067,0.1067,0.1067,0.1067,355.0
2025-01-15 02:12:00,0.1068,0.1068,0.1067,0.1067,3841.0
2025-01-15 02:13:00,0.1068,0.1068,0.1068,0.1068,3510.0
2025-01-15 02:14:00,0.1068,0.1068,0.1068,0.1068,0.0
2025-01-15 02:15:00,0.1068,0.1068,0.1068,0.1068,0.0
2025-01-15 02:16:00,0.1068,0.1068,0.1068,0.1068,0.0
2025-01-15 02:17:00,0.1068,0.1068,0.1068,0.1068,0.0
2025-01-15 02:18:00,0.1065,0.1065,0.1065,0.1065,351.0
2025-01-15 02:19:00,0.1064,0.1066,0.1064,0.1066,6746.0
2025-01-15 02:20:00,0.1065,0.1065,0.1065,0.1065,8955.0
2025-01-15 02:21:00,0.1064,0.1064,0.1064,0.1064,984.0
2025-01-15 02:22:00,0.1063,0.1063,0.1063,0.1063,2029.0
2025-01-15 02:23:00,0.1063,0.1063,0.1063,0.1063,0.0
2025-01-15 02:24:00,0.1064,0.1064,0.1064,0.1064,59.0
2025-01-15 02:25:00,0.1063,0.1063,0.1063,0.1063,554.0
2025-01-15 02:26:00,0.1064,0.1064,0.1064,0.1064,6034.0
2025-01-15 02:27:00,0.1065,0.1065,0.1065,0.1065,3105.0
2025-01-15 02:28:00,0.1065,0.1065,0.1065,0.1065,0.0
2025-01-15 02:29:00,0.1065,0.1065,0.1065,0.1065,0.0
2025-01-15 02:30:00,0.1063,0.1063,0.1063,0.1063,556.0
2025-01-15 02:31:00,0.1062,0.1062,0.1061,0.1062,4008.0
2025-01-15 02:32:00,0.1061,0.1062,0.1061,0.1062,323.0
2025-01-15 02:33:00,0.1061,0.1061,0.1061,0.1061,14746.0
2025-01-15 02:34:00,0.106,0.106,0.106,0.106,10272.0
2025-01-15 02:35:00,0.106,0.106,0.106,0.106,48.0
2025-01-15 02:36:00,0.1059,0.1059,0.1059,0.1059,1851.0
2025-01-15 02:37:00,0.1058,0.1059,0.1058,0.1059,676.0
2025-01-15 02:38:00,0.106,0.1061,0.106,0.1061,6672.0
2025-01-15 02:39:00,0.106,0.106,0.106,0.106,9405.0
2025-01-15 02:40:00,0.1059,0.106,0.1059,0.1059,5452.0
2025-01-15 02:41:00,0.106,0.106,0.106,0.106,3153.0
2025-01-15 02:42:00,0.1059,0.1059,0.1058,0.1059,3991.0
2025-01-15 02:43:00,0.1059,0.1059,0.1059,0.1059,0.0
2025-01-15 02:44:00,0.1059,0.1059,0.1059,0.1059,0.0
2025-01-15 02:45:00,0.1059,0.1059,0.1059,0.1059,2623.0
2025-01-15 02:46:00,0.106,0.1061,0.106,0.1061,8062.0
2025-01-15 02:47:00,0.1063,0.1063,0.1063,0.1063,2610.0
2025-01-15 02:48:00,0.1063,0.1064,0.1063,0.1064,20474.0
2025-01-15 02:49:00,0.1064,0.1064,0.1064,0.1064,0.0
2025-01-15 02:50:00,0.1064,0.1064,0.1064,0.1064,0.0
2025-01-15 02:51:00,0.1064,0.1064,0.1064,0.1064,431.0
2025-01-15 02:52:00,0.1064,0.1064,0.1064,0.1064,0.0
2025-01-15 02:53:00,0.1064,0.1064,0.1062,0.1063,48036.0
2025-01-15 02:54:00,0.106,0.106,0.106,0.106,11529.0
2025-01-15 02:55:00,0.106,0.106,0.106,0.106,0.0
2025-01-15 02:56:00,0.106,0.1061,0.106,0.1061,4944.0
2025-01-15 02:57:00,0.1062,0.1062,0.1062,0.1062,340.0
2025-01-15 02:58:00,0.106,0.106,0.1059,0.1059,12946.0
2025-01-15 02:59:00,0.1058,0.1058,0.1058,0.1058,1896.0
2025-01-15 03:00:00,0.1058,0.1058,0.1058,0.1058,26905.0
2025-01-15 03:01:00,0.1058,0.1059,0.1057,0.1059,13441.0
2025-01-15 03:02:00,0.1057,0.1057,0.1056,0.1056,7978.0
2025-01-15 03:03:00,0.1056,0.1057,0.1056,0.1057,9479.0
2025-01-15 03:04:00,0.1057,0.1057,0.1057,0.1057,0.0
2025-01-15 03:05:00,0.1056,0.1056,0.1054,0.1054,9221.0
2025-01-15 03:06:00,0.1054,0.1055,0.1054,0.1055,7096.0
2025-01-15 03:07:00,0.1055,0.1056,0.1055,0.1056,412.0
2025-01-15 03:08:00,0.1056,0.1056,0.1056,0.1056,0.0
2025-01-15 03:09:00,0.1057,0.1057,0.1057,0.1057,1419.0
2025-01-15 03:10:00,0.1058,0.106,0.1058,0.106,3490.0
2025-01-15 03:11:00,0.106,0.1062,0.106,0.1061,4894.0
2025-01-15 03:12:00,0.1061,0.1061,0.1061,0.1061,0.0
2025-01-15 03:13:00,0.106,0.106,0.106,0.106,6324.0
2025-01-15 03:14:00,0.106,0.106,0.106,0.106,0.0
2025-01-15 03:15:00,0.106,0.106,0.1058,0.106,21378.0
2025-01-15 03:16:00,0.106,0.1061,0.106,0.1061,1276.0
2025-01-15 03:17:00,0.1061,0.1061,0.106,0.106,2484.0
2025-01-15 03:18:00,0.1059,0.1059,0.1059,0.1059,1416.0
2025-01-15 03:19:00,0.1059,0.1059,0.1059,0.1059,0.0
2025-01-15 03:20:00,0.1058,0.1058,0.1056,0.1056,7581.0
2025-01-15 03:21:00,0.1056,0.1056,0.1056,0.1056,0.0
2025-01-15 03:22:00,0.1056,0.1057,0.1056,0.1057,6229.0
2025-01-15 03:23:00,0.1058,0.1058,0.1058,0.1058,1500.0
2025-01-15 03:24:00,0.1059,0.1059,0.1058,0.1059,2247.0
2025-01-15 03:25:00,0.106,0.106,0.1059,0.1059,5432.0
2025-01-15 03:26:00,0.1058,0.1058,0.1058,0.1058,2451.0
2025-01-15 03:27:00,0.1058,0.1059,0.1058,0.1059,4959.0
2025-01-15 03:28:00,0.1059,0.1059,0.1059,0.1059,0.0
2025-01-15 03:29:00,0.1058,0.1058,0.1058,0.1058,345.0
2025-01-15 03:30:00,0.1059,0.1059,0.1058,0.1058,5670.0
2025-01-15 03:31:00,0.106,0.106,0.106,0.106,170.0
2025-01-15 03:32:00,0.106,0.106,0.106,0.106,69.0
2025-01-15 03:33:00,0.1061,0.1061,0.1061,0.1061,1028.0
2025-01-15 03:34:00,0.1061,0.1061,0.1061,0.1061,0.0
2025-01-15 03:35:00,0.106,0.1061,0.106,0.106,10411.0
2025-01-15 03:36:00,0.106,0.106,0.106,0.106,2182.0
2025-01-15 03:37:00,0.1061,0.1062,0.1061,0.1062,5560.0
2025-01-15 03:38:00,0.1061,0.1061,0.1061,0.1061,74.0
2025-01-15 03:39:00,0.1061,0.1061,0.1061,0.1061,0.0
2025-01-15 03:40:00,0.1061,0.1061,0.106,0.106,4158.0
2025-01-15 03:41:00,0.1061,0.1061,0.106,0.106,2908.0
2025-01-15 03:42:00,0.1061,0.1061,0.1061,0.1061,702.0
2025-01-15 03:43:00,0.1061,0.1061,0.1061,0.1061,105.0
2025-01-15 03:44:00,0.1059,0.1059,0.1059,0.1059,108.0
2025-01-15 03:45:00,0.106,0.106,0.106,0.106,1485.0
2025-01-15 03:46:00,0.1059,0.106,0.1059,0.1059,16687.0
2025-01-15 03:47:00,0.1059,0.1059,0.1059,0.1059,350.0
2025-01-15 03:48:00,0.1059,0.1059,0.1059,0.1059,0.0
2025-01-15 03:49:00,0.1059,0.1059,0.1059,0.1059,0.0
2025-01-15 03:50:00,0.1059,0.1059,0.1059,0.1059,0.0
2025-01-15 03:51:00,0.1062,0.1063,0.1062,0.1063,3949.0
2025-01-15 03:52:00,0.1063,0.1063,0.1063,0.1063,0.0
2025-01-15 03:53:00,0.1062,0.1062,0.1062,0.1062,16868.0
2025-01-15 03:54:00,0.1062,0.1062,0.1062,0.1062,0.0
2025-01-15 03:55:00,0.1063,0.1063,0.1063,0.1063,2346.0
2025-01-15 03:56:00,0.1064,0.1065,0.1064,0.1065,6681.0
2025-01-15 03:57:00,0.1065,0.1065,0.1065,0.1065,11571.0
2025-01-15 03:58:00,0.1065,0.1065,0.1065,0.1065,0.0
2025-01-15 03:59:00,0.1065,0.1065,0.1065,0.1065,0.0
2025-01-15 04:00:00,0.1066,0.107,0.1066,0.1069,32311.0
2025-01-15 04:01:00,0.1071,0.1071,0.107,0.107,1909.0
2025-01-15 04:02:00,0.107,0.107,0.1069,0.1069,14347.0
2025-01-15 04:03:00,0.1068,0.1068,0.1068,0.1068,2338.0
2025-01-15 04:04:00,0.1068,0.1068,0.1068,0.1068,0.0
2025-01-15 04:05:00,0.1068,0.1068,0.1068,0.1068,0.0
2025-01-15 04:06:00,0.1067,0.1067,0.1067,0.1067,843.0
2025-01-15 04:07:00,0.1066,0.1066,0.1065,0.1065,316.0
2025-01-15 04:08:00,0.1066,0.1066,0.1065,0.1065,609.0
2025-01-15 04:09:00,0.1065,0.1065,0.1065,0.1065,0.0
2025-01-15 04:10:00,0.1067,0.1067,0.1067,0.1067,363.0
2025-01-15 04:11:00,0.1065,0.1065,0.1064,0.1064,1256.0
2025-01-15 04:12:00,0.1064,0.1065,0.1064,0.1065,1500.0
2025-01-15 04:13:00,0.1063,0.1063,0.1063,0.1063,97.0
2025-01-15 04:14:00,0.1062,0.1062,0.1062,0.1062,1972.0
2025-01-15 04:15:00,0.1062,0.1062,0.1062,0.1062,6210.0
2025-01-15 04:16:00,0.1061,0.1061,0.106,0.106,5138.0
2025-01-15 04:17:00,0.1061,0.1061,0.1059,0.1059,17056.0
2025-01-15 04:18:00,0.1061,0.1061,0.1061,0.1061,1827.0
2025-01-15 04:19:00,0.1059,0.1059,0.1059,0.1059,3300.0
2025-01-15 04:20:00,0.1058,0.1059,0.1058,0.1058,2504.0
2025-01-15 04:21:00,0.1058,0.1058,0.1058,0.1058,0.0
2025-01-15 04:22:00,0.106,0.1061,0.106,0.1061,356.0
2025-01-15 04:23:00,0.1059,0.106,0.1059,0.106,13382.0
2025-01-15 04:24:00,0.106,0.106,0.106,0.106,2003.0
2025-01-15 04:25:00,0.106,0.106,0.106,0.106,826.0
2025-01-15 04:26:00,0.1059,0.106,0.1059,0.106,511.0
2025-01-15 04:27:00,0.1061,0.1061,0.1061,0.1061,4462.0
2025-01-15 04:28:00,0.1062,0.1062,0.1062,0.1062,113.0
2025-01-15 04:29:00,0.1062,0.1062,0.1062,0.1062,0.0
2025-01-15 04:30:00,0.106,0.1061,0.106,0.1061,6664.0
2025-01-15 04:31:00,0.1061,0.1061,0.1061,0.1061,4810.0
2025-01-15 04:32:00,0.1061,0.1061,0.1061,0.1061,5071.0
2025-01-15 04:33:00,0.1061,0.1062,0.1061,0.1062,2083.0
2025-01-15 04:34:00,0.1062,0.1062,0.1062,0.1062,0.0
2025-01-15 04:35:00,0.1062,0.1062,0.1062,0.1062,5358.0
2025-01-15 04:36:00,0.1062,0.1062,0.1062,0.1062,5479.0
2025-01-15 04:37:00,0.1062,0.1062,0.1062,0.1062,0.0
2025-01-15 04:38:00,0.1062,0.1062,0.1062,0.1062,95.0
2025-01-15 04:39:00,0.1062,0.1062,0.1062,0.1062,2000.0
2025-01-15 04:40:00,0.1062,0.1062,0.1061,0.1062,3482.0
2025-01-15 04:41:00,0.1062,0.1062,0.1061,0.1061,4822.0
2025-01-15 04:42:00,0.1061,0.1061,0.1061,0.1061,332.0
2025-01-15 04:43:00,0.1061,0.1061,0.106,0.106,2652.0
2025-01-15 04:44:00,0.106,0.106,0.1059,0.106,14925.0
2025-01-15 04:45:00,0.1061,0.1061,0.1061,0.1061,127.0
2025-01-15 04:46:00,0.1061,0.1061,0.106,0.106,5945.0
2025-01-15 04:47:00,0.106,0.106,0.106,0.106,351.0
2025-01-15 04:48:00,0.1061,0.1061,0.1061,0.1061,240.0
2025-01-15 04:49:00,0.106,0.106,0.106,0.106,6357.0
2025-01-15 04:50:00,0.106,0.1061,0.106,0.1061,7273.0
2025-01-15 04:51:00,0.106,0.106,0.106,0.106,50.0
2025-01-15 04:52:00,0.1061,0.1061,0.1061,0.1061,100.0
2025-01-15 04:53:00,0.1061,0.1061,0.1059,0.106,39456.0
2025-01-15 04:54:00,0.106,0.1062,0.106,0.1062,11317.0
2025-01-15 04:55:00,0.1062,0.1062,0.1062,0.1062,3281.0
2025-01-15 04:56:00,0.1062,0.1062,0.1062,0.1062,0.0
2025-01-15 04:57:00,0.1062,0.1062,0.1062,0.1062,1500.0
2025-01-15 04:58:00,0.1062,0.1062,0.1062,0.1062,0.0
2025-01-15 04:59:00,0.1062,0.1062,0.1062,0.1062,0.0
2025-01-15 05:00:00,0.1063,0.1063,0.1062,0.1062,3494.0
2025-01-15 05:01:00,0.1062,0.1062,0.1061,0.1061,383.0
2025-01-15 05:02:00,0.1062,0.1062,0.1062,0.1062,10100.0
2025-01-15 05:03:00,0.1062,0.1062,0.1061,0.1061,6629.0
2025-01-15 05:04:00,0.1061,0.1061,0.1061,0.1061,0.0
2025-01-15 05:05:00,0.106,0.106,0.1059,0.1059,2363.0
2025-01-15 05:06:00,0.1059,0.106,0.1059,0.106,3210.0
2025-01-15 05:07:00,0.1059,0.1059,0.1058,0.1058,2236.0
2025-01-15 05:08:00,0.1058,0.1059,0.1058,0.1058,4294.0
2025-01-15 05:09:00,0.1057,0.1057,0.1057,0.1057,12066.0
2025-01-15 05:10:00,0.1057,0.1057,0.1057,0.1057,1634.0
2025-01-15 05:11:00,0.1056,0.1056,0.1056,0.1056,168.0
2025-01-15 05:12:00,0.1056,0.1057,0.1056,0.1057,19326.0
2025-01-15 05:13:00,0.1057,0.1057,0.1057,0.1057,0.0
2025-01-15 05:14:00,0.1058,0.1059,0.1057,0.1059,6457.0
2025-01-15 05:15:00,0.1058,0.1058,0.1057,0.1057,13197.0
2025-01-15 05:16:00,0.1058,0.1058,0.1058,0.1058,5929.0
2025-01-15 05:17:00,0.1057,0.1057,0.1057,0.1057,2837.0
2025-01-15 05:18:00,0.1056,0.1056,0.1056,0.1056,600.0
2025-01-15 05:19:00,0.1058,0.1058,0.1058,0.1058,2756.0
2025-01-15 05:20:00,0.1058,0.1059,0.1058,0.1059,7119.0
2025-01-15 05:21:00,0.1058,0.1058,0.1056,0.1057,55885.0
2025-01-15 05:22:00,0.1057,0.1058,0.1057,0.1058,3524.0
2025-01-15 05:23:00,0.1059,0.1059,0.1059,0.1059,7915.0
2025-01-15 05:24:00,0.1059,0.1059,0.1059,0.1059,15855.0
2025-01-15 05:25:00,0.1059,0.106,0.1059,0.106,3777.0
2025-01-15 05:26:00,0.106,0.106,0.106,0.106,0.0
2025-01-15 05:27:00,0.1059,0.1059,0.1059,0.1059,201.0
2025-01-15 05:28:00,0.1059,0.106,0.1059,0.106,880.0
2025-01-15 05:29:00,0.1061,0.1061,0.1061,0.1061,379.0
2025-01-15 05:30:00,0.106,0.106,0.1059,0.1059,8922.0
2025-01-15 05:31:00,0.1059,0.106,0.1059,0.1059,2217.0
2025-01-15 05:32:00,0.1059,0.1061,0.1059,0.1061,25362.0
2025-01-15 05:33:00,0.1061,0.1061,0.1061,0.1061,0.0
2025-01-15 05:34:00,0.1062,0.1064,0.1062,0.1062,46527.0
2025-01-15 05:35:00,0.1062,0.1062,0.1062,0.1062,1638.0
2025-01-15 05:36:00,0.1062,0.1062,0.1062,0.1062,786.0
2025-01-15 05:37:00,0.1063,0.1064,0.1063,0.1064,6556.0
2025-01-15 05:38:00,0.1064,0.1064,0.1064,0.1064,0.0
2025-01-15 05:39:00,0.1064,0.1064,0.1063,0.1063,9188.0
2025-01-15 05:40:00,0.1064,0.1064,0.1064,0.1064,7259.0
2025-01-15 05:41:00,0.1063,0.1063,0.1062,0.1062,3476.0
2025-01-15 05:42:00,0.1063,0.1063,0.1063,0.1063,651.0
2025-01-15 05:43:00,0.1064,0.1064,0.1064,0.1064,845.0
2025-01-15 05:44:00,0.1064,0.1066,0.1064,0.1066,1854.0
2025-01-15 05:45:00,0.1065,0.1065,0.1064,0.1065,35550.0
2025-01-15 05:46:00,0.1065,0.1065,0.1065,0.1065,0.0
2025-01-15 05:47:00,0.1065,0.1065,0.1065,0.1065,350.0
2025-01-15 05:48:00,0.1065,0.1066,0.1065,0.1066,3930.0
2025-01-15 05:49:00,0.1066,0.1066,0.1066,0.1066,1518.0
2025-01-15 05:50:00,0.1066,0.1066,0.1066,0.1066,0.0
2025-01-15 05:51:00,0.1065,0.1065,0.1065,0.1065,4296.0
2025-01-15 05:52:00,0.1064,0.1064,0.1064,0.1064,13937.0
2025-01-15 05:53:00,0.1065,0.1065,0.1065,0.1065,7915.0
2025-01-15 05:54:00,0.1066,0.1069,0.1066,0.1068,113504.0
2025-01-15 05:55:00,0.1067,0.1067,0.1067,0.1067,9194.0
2025-01-15 05:56:00,0.1067,0.1068,0.1067,0.1067,1860.0
2025-01-15 05:57:00,0.1068,0.1069,0.1068,0.1069,3528.0
2025-01-15 05:58:00,0.1066,0.1066,0.1065,0.1066,25287.0
2025-01-15 05:59:00,0.1067,0.1067,0.1067,0.1067,7915.0
2025-01-15 06:00:00,0.1066,0.1066,0.1066,0.1066,662.0
2025-01-15 06:01:00,0.1066,0.1067,0.1066,0.1067,7856.0
2025-01-15 06:02:00,0.1065,0.1065,0.1065,0.1065,2000.0
2025-01-15 06:03:00,0.1065,0.1065,0.1065,0.1065,6896.0
2025-01-15 06:04:00,0.1065,0.1065,0.1065,0.1065,5126.0
2025-01-15 06:05:00,0.1065,0.1065,0.1065,0.1065,0.0
2025-01-15 06:06:00,0.1064,0.1064,0.1062,0.1063,12353.0
2025-01-15 06:07:00,0.1063,0.1063,0.1063,0.1063,94.0
2025-01-15 06:08:00,0.1062,0.1062,0.1062,0.1062,2000.0
2025-01-15 06:09:00,0.1061,0.1061,0.1061,0.1061,6560.0
2025-01-15 06:10:00,0.1061,0.1061,0.106,0.1061,1669.0
2025-01-15 06:11:00,0.1062,0.1062,0.1062,0.1062,418.0
2025-01-15 06:12:00,0.106,0.106,0.106,0.106,97.0
2025-01-15 06:13:00,0.1061,0.1061,0.1061,0.1061,5623.0
2025-01-15 06:14:00,0.1061,0.1061,0.1061,0.1061,0.0
2025-01-15 06:15:00,0.106,0.106,0.106,0.106,212.0
2025-01-15 06:16:00,0.1061,0.1061,0.1061,0.1061,1528.0
2025-01-15 06:17:00,0.1061,0.1061,0.1061,0.1061,0.0
2025-01-15 06:18:00,0.106,0.106,0.1059,0.1059,33196.0
2025-01-15 06:19:00,0.1059,0.1059,0.1058,0.1058,1788.0
2025-01-15 06:20:00,0.1058,0.1058,0.1058,0.1058,109.0
2025-01-15 06:21:00,0.1058,0.1058,0.1058,0.1058,0.0
2025-01-15 06:22:00,0.1059,0.106,0.1059,0.106,3148.0
2025-01-15 06:23:00,0.1061,0.1061,0.106,0.106,6407.0
2025-01-15 06:24:00,0.106,0.106,0.106,0.106,4177.0
2025-01-15 06:25:00,0.106,0.106,0.106,0.106,0.0
2025-01-15 06:26:00,0.106,0.106,0.106,0.106,0.0
2025-01-15 06:27:00,0.106,0.106,0.106,0.106,0.0
2025-01-15 06:28:00,0.106,0.106,0.106,0.106,6980.0
2025-01-15 06:29:00,0.1059,0.1059,0.1059,0.1059,95.0
2025-01-15 06:30:00,0.106,0.1062,0.106,0.1062,11319.0
2025-01-15 06:31:00,0.106,0.106,0.106,0.106,686.0
2025-01-15 06:32:00,0.1058,0.1058,0.1058,0.1058,66.0
2025-01-15 06:33:00,0.106,0.106,0.106,0.106,10294.0
2025-01-15 06:34:00,0.106,0.106,0.106,0.106,621.0
2025-01-15 06:35:00,0.106,0.106,0.106,0.106,0.0
2025-01-15 06:36:00,0.106,0.106,0.1059,0.1059,3872.0
2025-01-15 06:37:00,0.106,0.106,0.106,0.106,6000.0
2025-01-15 06:38:00,0.106,0.1061,0.106,0.106,13763.0
2025-01-15 06:39:00,0.1061,0.1062,0.1061,0.1062,1323.0
2025-01-15 06:40:00,0.1061,0.1061,0.1057,0.1059,303740.0
2025-01-15 06:41:00,0.106,0.1061,0.106,0.106,6415.0
2025-01-15 06:42:00,0.106,0.106,0.106,0.106,7342.0
2025-01-15 06:43:00,0.106,0.106,0.106,0.106,0.0
2025-01-15 06:44:00,0.106,0.106,0.106,0.106,0.0
2025-01-15 06:45:00,0.106,0.1061,0.106,0.1061,4052.0
2025-01-15 06:46:00,0.1061,0.1062,0.1061,0.1061,15768.0
2025-01-15 06:47:00,0.1061,0.1062,0.1061,0.1062,13835.0
2025-01-15 06:48:00,0.1062,0.1062,0.1062,0.1062,0.0
2025-01-15 06:49:00,0.1062,0.1063,0.1062,0.1063,5609.0
2025-01-15 06:50:00,0.1063,0.1065,0.1063,0.1064,15033.0
2025-01-15 06:51:00,0.1064,0.1064,0.1064,0.1064,1214.0
2025-01-15 06:52:00,0.1064,0.1065,0.1064,0.1065,2545.0
2025-01-15 06:53:00,0.1066,0.1066,0.1066,0.1066,902.0
2025-01-15 06:54:00,0.1065,0.1065,0.1065,0.1065,11975.0
2025-01-15 06:55:00,0.1064,0.1064,0.1064,0.1064,15069.0
2025-01-15 06:56:00,0.1064,0.1064,0.1064,0.1064,0.0
2025-01-15 06:57:00,0.1064,0.1065,0.1064,0.1064,9892.0
2025-01-15 06:58:00,0.1065,0.1065,0.1065,0.1065,128.0
2025-01-15 06:59:00,0.1065,0.1065,0.1065,0.1065,4301.0
2025-01-15 07:00:00,0.1065,0.1066,0.1065,0.1066,2092.0
2025-01-15 07:01:00,0.1067,0.1067,0.1067,0.1067,301.0
2025-01-15 07:02:00,0.1067,0.1068,0.1067,0.1068,17296.0
2025-01-15 07:03:00,0.1068,0.1068,0.1068,0.1068,129.0
2025-01-15 07:04:00,0.1068,0.1068,0.1068,0.1068,18542.0
2025-01-15 07:05:00,0.1067,0.1068,0.1067,0.1068,11044.0
2025-01-15 07:06:00,0.1069,0.1069,0.1069,0.1069,1571.0
2025-01-15 07:07:00,0.1069,0.1069,0.1069,0.1069,163.0
2025-01-15 07:08:00,0.1069,0.1069,0.1069,0.1069,0.0
2025-01-15 07:09:00,0.1068,0.107,0.1068,0.107,7027.0
2025-01-15 07:10:00,0.107,0.107,0.107,0.107,0.0
2025-01-15 07:11:00,0.107,0.107,0.1068,0.1068,2457.0
2025-01-15 07:12:00,0.1069,0.1069,0.1069,0.1069,109.0
2025-01-15 07:13:00,0.1069,0.1069,0.1069,0.1069,631.0
2025-01-15 07:14:00,0.1069,0.107,0.1069,0.107,1053.0
2025-01-15 07:15:00,0.107,0.1071,0.107,0.1071,4118.0
2025-01-15 07:16:00,0.1071,0.1071,0.107,0.107,4408.0
2025-01-15 07:17:00,0.1071,0.1072,0.1071,0.1071,3958.0
2025-01-15 07:18:00,0.107,0.1072,0.107,0.1071,4665.0
2025-01-15 07:19:00,0.1072,0.1072,0.1072,0.1072,46.0
2025-01-15 07:20:00,0.1071,0.1073,0.1071,0.1073,4248.0
2025-01-15 07:21:00,0.1071,0.1073,0.1071,0.1072,4987.0
2025-01-15 07:22:00,0.1073,0.1074,0.1073,0.1073,9232.0
2025-01-15 07:23:00,0.1074,0.1074,0.1074,0.1074,3925.0
2025-01-15 07:24:00,0.1073,0.1074,0.1072,0.1072,10864.0
2025-01-15 07:25:00,0.1073,0.1074,0.1073,0.1074,5958.0
2025-01-15 07:26:00,0.1074,0.1074,0.1074,0.1074,0.0
2025-01-15 07:27:00,0.1072,0.1074,0.1072,0.1074,1511.0
2025-01-15 07:28:00,0.1075,0.1075,0.1075,0.1075,334.0
2025-01-15 07:29:00,0.1074,0.1076,0.1074,0.1075,2230.0
2025-01-15 07:30:00,0.1076,0.1076,0.1075,0.1075,966.0
2025-01-15 07:31:00,0.1074,0.1075,0.1074,0.1074,6816.0
2025-01-15 07:32:00,0.1074,0.1074,0.1074,0.1074,0.0
2025-01-15 07:33:00,0.1074,0.1074,0.1074,0.1074,910.0
2025-01-15 07:34:00,0.1074,0.1074,0.1073,0.1073,3290.0
2025-01-15 07:35:00,0.1072,0.1072,0.1072,0.1072,10408.0
2025-01-15 07:36:00,0.1072,0.1072,0.1072,0.1072,0.0
2025-01-15 07:37:00,0.1071,0.1072,0.1071,0.1072,10378.0
2025-01-15 07:38:00,0.1072,0.1072,0.1072,0.1072,0.0
2025-01-15 07:39:00,0.1071,0.1071,0.1071,0.1071,123.0
2025-01-15 07:40:00,0.1071,0.1071,0.1071,0.1071,3346.0
2025-01-15 07:41:00,0.107,0.107,0.107,0.107,2612.0
2025-01-15 07:42:00,0.1071,0.1072,0.1071,0.1072,6356.0
2025-01-15 07:43:00,0.1072,0.1072,0.1072,0.1072,154.0
2025-01-15 07:44:00,0.1072,0.1072,0.1072,0.1072,0.0
2025-01-15 07:45:00,0.107,0.1071,0.1069,0.1069,61906.0
2025-01-15 07:46:00,0.107,0.107,0.107,0.107,233.0
2025-01-15 07:47:00,0.107,0.107,0.107,0.107,348.0
2025-01-15 07:48:00,0.1069,0.1069,0.1069,0.1069,1118.0
2025-01-15 07:49:00,0.1069,0.1069,0.1068,0.1069,38608.0
2025-01-15 07:50:00,0.1069,0.1069,0.1069,0.1069,58.0
2025-01-15 07:51:00,0.107,0.107,0.107,0.107,289.0
2025-01-15 07:52:00,0.1069,0.1069,0.1068,0.1068,7111.0
2025-01-15 07:53:00,0.1069,0.1069,0.1069,0.1069,199.0
2025-01-15 07:54:00,0.1067,0.1067,0.1067,0.1067,8648.0
2025-01-15 07:55:00,0.1067,0.1068,0.1067,0.1068,2032.0
2025-01-15 07:56:00,0.1067,0.1067,0.1067,0.1067,9384.0
2025-01-15 07:57:00,0.1067,0.1067,0.1067,0.1067,0.0
2025-01-15 07:58:00,0.1068,0.1068,0.1068,0.1068,459.0
2025-01-15 07:59:00,0.1068,0.1068,0.1068,0.1068,122.0
2025-01-15 08:00:00,0.1068,0.1071,0.1068,0.1068,40703.0
2025-01-15 08:01:00,0.1069,0.107,0.1069,0.107,1703.0
2025-01-15 08:02:00,0.1069,0.107,0.1069,0.107,463.0
2025-01-15 08:03:00,0.1069,0.107,0.1069,0.107,5857.0
2025-01-15 08:04:00,0.107,0.107,0.1069,0.1069,11578.0
2025-01-15 08:05:00,0.107,0.1071,0.107,0.1071,13729.0
2025-01-15 08:06:00,0.1071,0.1071,0.1071,0.1071,0.0
2025-01-15 08:07:00,0.1069,0.1069,0.1069,0.1069,116.0
2025-01-15 08:08:00,0.1069,0.107,0.1069,0.107,3924.0
2025-01-15 08:09:00,0.107,0.107,0.107,0.107,1031.0
2025-01-15 08:10:00,0.1069,0.107,0.1069,0.107,564.0
2025-01-15 08:11:00,0.107,0.1071,0.107,0.1071,6189.0
2025-01-15 08:12:00,0.1071,0.1071,0.1071,0.1071,0.0
2025-01-15 08:13:00,0.1071,0.1071,0.1071,0.1071,0.0
2025-01-15 08:14:00,0.1071,0.1071,0.107,0.107,99.0
2025-01-15 08:15:00,0.1071,0.1071,0.1071,0.1071,3749.0
2025-01-15 08:16:00,0.1068,0.1068,0.1068,0.1068,110.0
2025-01-15 08:17:00,0.1068,0.1068,0.1068,0.1068,5940.0
2025-01-15 08:18:00,0.1068,0.1069,0.1068,0.1069,7360.0
2025-01-15 08:19:00,0.1069,0.1069,0.1068,0.1068,6429.0
2025-01-15 08:20:00,0.1068,0.1068,0.1068,0.1068,70.0
2025-01-15 08:21:00,0.1068,0.1069,0.1068,0.1069,12313.0
2025-01-15 08:22:00,0.1069,0.1069,0.1068,0.1068,8557.0
2025-01-15 08:23:00,0.1067,0.1068,0.1067,0.1068,190.0
2025-01-15 08:24:00,0.1068,0.1069,0.1068,0.1069,14594.0
2025-01-15 08:25:00,0.1068,0.1072,0.1068,0.1072,10754.0
2025-01-15 08:26:00,0.1072,0.1073,0.1072,0.1073,10259.0
2025-01-15 08:27:00,0.1073,0.1073,0.1073,0.1073,0.0
2025-01-15 08:28:00,0.1073,0.1074,0.1073,0.1074,18792.0
2025-01-15 08:29:00,0.1074,0.1074,0.1074,0.1074,0.0
2025-01-15 08:30:00,0.1074,0.1075,0.1072,0.1072,6429.0
2025-01-15 08:31:00,0.1073,0.1073,0.1073,0.1073,5037.0
2025-01-15 08:32:00,0.1075,0.1075,0.1075,0.1075,1500.0
2025-01-15 08:33:00,0.1074,0.1074,0.1074,0.1074,94.0
2025-01-15 08:34:00,0.1075,0.1075,0.1074,0.1074,345.0
2025-01-15 08:35:00,0.1074,0.1074,0.1074,0.1074,0.0
2025-01-15 08:36:00,0.1075,0.1076,0.1075,0.1075,23873.0
2025-01-15 08:37:00,0.1074,0.1075,0.1074,0.1075,5495.0
2025-01-15 08:38:00,0.1075,0.1075,0.1075,0.1075,0.0
2025-01-15 08:39:00,0.1075,0.1075,0.1075,0.1075,4173.0
2025-01-15 08:40:00,0.1072,0.1072,0.1072,0.1072,225.0
2025-01-15 08:41:00,0.1071,0.1071,0.1071,0.1071,941.0
2025-01-15 08:42:00,0.107,0.107,0.107,0.107,2851.0
2025-01-15 08:43:00,0.107,0.107,0.107,0.107,0.0
2025-01-15 08:44:00,0.107,0.107,0.107,0.107,9165.0
2025-01-15 08:45:00,0.1069,0.1069,0.1068,0.1069,25120.0
2025-01-15 08:46:00,0.1068,0.1069,0.1068,0.1069,18706.0
2025-01-15 08:47:00,0.1068,0.1069,0.1068,0.1069,7659.0
2025-01-15 08:48:00,0.1069,0.1069,0.1068,0.1068,3709.0
2025-01-15 08:49:00,0.1068,0.1068,0.1068,0.1068,134.0
2025-01-15 08:50:00,0.1067,0.1067,0.1066,0.1066,2789.0
2025-01-15 08:51:00,0.1066,0.1066,0.1066,0.1066,5367.0
2025-01-15 08:52:00,0.1066,0.1066,0.1065,0.1065,1766.0
2025-01-15 08:53:00,0.1065,0.1065,0.1065,0.1065,2531.0
2025-01-15 08:54:00,0.1065,0.1065,0.1065,0.1065,1422.0
2025-01-15 08:55:00,0.1065,0.1065,0.1064,0.1064,3554.0
2025-01-15 08:56:00,0.1064,0.1064,0.1064,0.1064,0.0
2025-01-15 08:57:00,0.1064,0.1064,0.1064,0.1064,0.0
2025-01-15 08:58:00,0.1064,0.1065,0.1064,0.1065,1087.0
2025-01-15 08:59:00,0.1065,0.1065,0.1064,0.1064,14432.0
2025-01-15 09:00:00,0.1064,0.1065,0.1064,0.1065,2136.0
2025-01-15 09:01:00,0.1064,0.1065,0.1064,0.1065,1812.0
2025-01-15 09:02:00,0.1063,0.1063,0.1062,0.1062,1369.0
2025-01-15 09:03:00,0.1061,0.1063,0.1061,0.1063,5990.0
2025-01-15 09:04:00,0.1062,0.1062,0.1062,0.1062,809.0
2025-01-15 09:05:00,0.1062,0.1062,0.1061,0.1061,3373.0
2025-01-15 09:06:00,0.1061,0.1063,0.1061,0.1062,12619.0
2025-01-15 09:07:00,0.1062,0.1062,0.1062,0.1062,7166.0
2025-01-15 09:08:00,0.1061,0.1061,0.1061,0.1061,7549.0
2025-01-15 09:09:00,0.1061,0.1063,0.1061,0.1062,4636.0
2025-01-15 09:10:00,0.1061,0.1061,0.106,0.106,8213.0
2025-01-15 09:11:00,0.1061,0.1063,0.1061,0.1063,6324.0
2025-01-15 09:12:00,0.1062,0.1062,0.1062,0.1062,4810.0
2025-01-15 09:13:00,0.1062,0.1062,0.1062,0.1062,0.0
2025-01-15 09:14:00,0.1061,0.1061,0.1061,0.1061,4491.0
2025-01-15 09:15:00,0.1061,0.1061,0.1061,0.1061,3734.0
2025-01-15 09:16:00,0.1062,0.1062,0.1061,0.1061,1510.0
2025-01-15 09:17:00,0.106,0.1061,0.106,0.1061,16642.0
2025-01-15 09:18:00,0.1061,0.1061,0.106,0.106,17259.0
2025-01-15 09:19:00,0.1061,0.1061,0.106,0.106,8833.0
2025-01-15 09:20:00,0.106,0.106,0.106,0.106,398.0
2025-01-15 09:21:00,0.1061,0.1061,0.106,0.106,6794.0
2025-01-15 09:22:00,0.106,0.106,0.106,0.106,4916.0
2025-01-15 09:23:00,0.106,0.106,0.106,0.106,6223.0
2025-01-15 09:24:00,0.1059,0.1062,0.1059,0.1062,53630.0
2025-01-15 09:25:00,0.1058,0.1058,0.1058,0.1058,671.0
2025-01-15 09:26:00,0.1059,0.1059,0.1059,0.1059,4714.0
2025-01-15 09:27:00,0.1059,0.1059,0.1059,0.1059,7360.0
2025-01-15 09:28:00,0.1059,0.1059,0.1058,0.1058,675.0
2025-01-15 09:29:00,0.1059,0.1059,0.1058,0.1058,10048.0
2025-01-15 09:30:00,0.1058,0.1058,0.1058,0.1058,15534.0
2025-01-15 09:31:00,0.1058,0.1058,0.1058,0.1058,0.0
2025-01-15 09:32:00,0.1058,0.106,0.1058,0.1059,10249.0
2025-01-15 09:33:00,0.1059,0.1059,0.1059,0.1059,433.0
2025-01-15 09:34:00,0.1059,0.1059,0.1059,0.1059,80.0
2025-01-15 09:35:00,0.1059,0.106,0.1058,0.1059,12437.0
2025-01-15 09:36:00,0.1058,0.1058,0.1058,0.1058,3649.0
2025-01-15 09:37:00,0.1058,0.1058,0.1056,0.1057,29295.0
2025-01-15 09:38:00,0.1057,0.1057,0.1055,0.1055,67026.0
2025-01-15 09:39:00,0.1055,0.1055,0.1055,0.1055,5337.0
2025-01-15 09:40:00,0.1056,0.1056,0.1056,0.1056,27196.0
2025-01-15 09:41:00,0.1056,0.1057,0.1056,0.1057,7852.0
2025-01-15 09:42:00,0.1057,0.1057,0.1057,0.1057,30553.0
2025-01-15 09:43:00,0.1056,0.1058,0.1056,0.1058,3102.0
2025-01-15 09:44:00,0.1058,0.1058,0.1058,0.1058,0.0
2025-01-15 09:45:00,0.1057,0.1058,0.1056,0.1057,31302.0
2025-01-15 09:46:00,0.1057,0.1057,0.1055,0.1055,7554.0
2025-01-15 09:47:00,0.1055,0.1055,0.1052,0.1052,27399.0
2025-01-15 09:48:00,0.1052,0.1052,0.1052,0.1052,1327.0
2025-01-15 09:49:00,0.1052,0.1052,0.1052,0.1052,4439.0
2025-01-15 09:50:00,0.1051,0.1051,0.1049,0.1049,13170.0
2025-01-15 09:51:00,0.1049,0.1049,0.1048,0.1048,16400.0
2025-01-15 09:52:00,0.1049,0.1049,0.1048,0.1048,4304.0
2025-01-15 09:53:00,0.1048,0.1048,0.1048,0.1048,1300.0
2025-01-15 09:54:00,0.1048,0.1048,0.1047,0.1047,3080.0
2025-01-15 09:55:00,0.1048,0.1048,0.1048,0.1048,309.0
2025-01-15 09:56:00,0.1047,0.1048,0.1047,0.1048,6698.0
2025-01-15 09:57:00,0.1049,0.1049,0.1048,0.1048,8612.0
2025-01-15 09:58:00,0.1048,0.1049,0.1048,0.1049,2952.0
2025-01-15 09:59:00,0.1049,0.105,0.1049,0.105,1747.0
2025-01-15 10:00:00,0.105,0.1051,0.105,0.105,3173.0
2025-01-15 10:01:00,0.1051,0.1052,0.1051,0.1051,2748.0
2025-01-15 10:02:00,0.1051,0.1052,0.1051,0.1052,6331.0
2025-01-15 10:03:00,0.1051,0.1052,0.1051,0.1051,8046.0
2025-01-15 10:04:00,0.1051,0.1052,0.1051,0.1051,2582.0
2025-01-15 10:05:00,0.1051,0.1052,0.1051,0.1052,4490.0
2025-01-15 10:06:00,0.1053,0.1053,0.1053,0.1053,8635.0
2025-01-15 10:07:00,0.1053,0.1053,0.1053,0.1053,3568.0
2025-01-15 10:08:00,0.1053,0.1054,0.1053,0.1054,2460.0
2025-01-15 10:09:00,0.1054,0.1054,0.1054,0.1054,4139.0
2025-01-15 10:10:00,0.1053,0.1053,0.1053,0.1053,1054.0
2025-01-15 10:11:00,0.1054,0.1054,0.1052,0.1053,22930.0
2025-01-15 10:12:00,0.1052,0.1053,0.1052,0.1053,9031.0
2025-01-15 10:13:00,0.1052,0.1052,0.1052,0.1052,4947.0
2025-01-15 10:14:00,0.1053,0.1053,0.1053,0.1053,236.0
2025-01-15 10:15:00,0.1051,0.1051,0.1051,0.1051,6906.0
2025-01-15 10:16:00,0.1051,0.1052,0.1051,0.1052,6699.0
2025-01-15 10:17:00,0.1053,0.1053,0.1052,0.1052,1128.0
2025-01-15 10:18:00,0.1051,0.1051,0.105,0.105,10589.0
2025-01-15 10:19:00,0.105,0.1051,0.105,0.1051,33641.0
2025-01-15 10:20:00,0.1051,0.1051,0.1051,0.1051,538.0
2025-01-15 10:21:00,0.1051,0.1051,0.1051,0.1051,0.0
2025-01-15 10:22:00,0.1051,0.1051,0.1051,0.1051,0.0
2025-01-15 10:23:00,0.1054,0.1054,0.1054,0.1054,202.0
2025-01-15 10:24:00,0.1053,0.1053,0.1053,0.1053,444.0
2025-01-15 10:25:00,0.1053,0.1054,0.1053,0.1054,10239.0
2025-01-15 10:26:00,0.1054,0.1054,0.1054,0.1054,826.0
2025-01-15 10:27:00,0.1054,0.1054,0.1054,0.1054,0.0
2025-01-15 10:28:00,0.1054,0.1054,0.1054,0.1054,1047.0
2025-01-15 10:29:00,0.1053,0.1053,0.1053,0.1053,1328.0
2025-01-15 10:30:00,0.1053,0.1053,0.1053,0.1053,3105.0
2025-01-15 10:31:00,0.1053,0.1053,0.1053,0.1053,0.0
2025-01-15 10:32:00,0.1053,0.1053,0.1053,0.1053,0.0
2025-01-15 10:33:00,0.1054,0.1054,0.1054,0.1054,193.0
2025-01-15 10:34:00,0.1053,0.1053,0.1053,0.1053,22129.0
2025-01-15 10:35:00,0.1052,0.1052,0.1051,0.1051,9918.0
2025-01-15 10:36:00,0.1052,0.1052,0.1052,0.1052,14061.0
2025-01-15 10:37:00,0.1052,0.1052,0.1052,0.1052,3963.0
2025-01-15 10:38:00,0.1053,0.1053,0.1052,0.1052,1174.0
2025-01-15 10:39:00,0.1052,0.1052,0.1052,0.1052,3892.0
2025-01-15 10:40:00,0.1052,0.1052,0.1052,0.1052,3118.0
2025-01-15 10:41:00,0.1051,0.1051,0.1049,0.105,4839.0
2025-01-15 10:42:00,0.105,0.105,0.105,0.105,0.0
2025-01-15 10:43:00,0.1049,0.1049,0.1048,0.1049,19392.0
2025-01-15 10:44:00,0.1049,0.1049,0.1049,0.1049,0.0
2025-01-15 10:45:00,0.1049,0.1049,0.1049,0.1049,0.0
2025-01-15 10:46:00,0.1049,0.1049,0.1049,0.1049,0.0
2025-01-15 10:47:00,0.105,0.105,0.105,0.105,355.0
2025-01-15 10:48:00,0.105,0.105,0.105,0.105,0.0
2025-01-15 10:49:00,0.1051,0.1051,0.105,0.105,4868.0
2025-01-15 10:50:00,0.105,0.105,0.105,0.105,0.0
2025-01-15 10:51:00,0.1049,0.1049,0.1048,0.1048,4063.0
2025-01-15 10:52:00,0.1048,0.1048,0.1048,0.1048,0.0
2025-01-15 10:53:00,0.1048,0.1048,0.1048,0.1048,0.0
2025-01-15 10:54:00,0.105,0.105,0.105,0.105,219.0
2025-01-15 10:55:00,0.105,0.105,0.105,0.105,0.0
2025-01-15 10:56:00,0.1049,0.1049,0.1049,0.1049,86.0
2025-01-15 10:57:00,0.1047,0.1048,0.1047,0.1048,349.0
2025-01-15 10:58:00,0.1048,0.1048,0.1048,0.1048,0.0
2025-01-15 10:59:00,0.105,0.105,0.1049,0.1049,5947.0
2025-01-15 11:00:00,0.1048,0.1048,0.1048,0.1048,1102.0
2025-01-15 11:01:00,0.1048,0.1048,0.1048,0.1048,315.0
2025-01-15 11:02:00,0.1048,0.1048,0.1048,0.1048,0.0
2025-01-15 11:03:00,0.1045,0.1045,0.1045,0.1045,231.0
2025-01-15 11:04:00,0.1045,0.1045,0.1044,0.1044,12230.0
2025-01-15 11:05:00,0.1045,0.1046,0.1045,0.1046,20535.0
2025-01-15 11:06:00,0.1045,0.1045,0.1045,0.1045,229.0
2025-01-15 11:07:00,0.1043,0.1043,0.1043,0.1043,862.0
2025-01-15 11:08:00,0.1042,0.1042,0.1042,0.1042,77.0
2025-01-15 11:09:00,0.1041,0.1041,0.104,0.1041,16079.0
2025-01-15 11:10:00,0.1041,0.1042,0.104,0.1042,3449.0
2025-01-15 11:11:00,0.1042,0.1043,0.1042,0.1042,3505.0
2025-01-15 11:12:00,0.104,0.104,0.104,0.104,2057.0
2025-01-15 11:13:00,0.1041,0.1041,0.1041,0.1041,2997.0
2025-01-15 11:14:00,0.1041,0.1041,0.1041,0.1041,0.0
2025-01-15 11:15:00,0.1041,0.1041,0.1041,0.1041,0.0
2025-01-15 11:16:00,0.1041,0.1041,0.1039,0.1039,11835.0
2025-01-15 11:17:00,0.104,0.104,0.1039,0.1039,22355.0
2025-01-15 11:18:00,0.1039,0.1039,0.1039,0.1039,0.0
2025-01-15 11:19:00,0.1038,0.1038,0.1035,0.1037,167818.0
2025-01-15 11:20:00,0.1037,0.1037,0.1037,0.1037,6972.0
2025-01-15 11:21:00,0.1039,0.104,0.1039,0.1039,18646.0
2025-01-15 11:22:00,0.1039,0.1039,0.1039,0.1039,0.0
2025-01-15 11:23:00,0.1037,0.1037,0.1037,0.1037,3105.0
2025-01-15 11:24:00,0.1037,0.1037,0.1037,0.1037,0.0
2025-01-15 11:25:00,0.1036,0.1037,0.1036,0.1037,3036.0
2025-01-15 11:26:00,0.1037,0.1037,0.1037,0.1037,6238.0
2025-01-15 11:27:00,0.1038,0.104,0.1038,0.104,26078.0
2025-01-15 11:28:00,0.1038,0.1038,0.1038,0.1038,4797.0
2025-01-15 11:29:00,0.1037,0.1037,0.1037,0.1037,2612.0
2025-01-15 11:30:00,0.1038,0.1039,0.1038,0.1039,6869.0
2025-01-15 11:31:00,0.1039,0.1039,0.1038,0.1039,12903.0
2025-01-15 11:32:00,0.1039,0.1039,0.1037,0.1037,9693.0
2025-01-15 11:33:00,0.1036,0.1036,0.1036,0.1036,5568.0
2025-01-15 11:34:00,0.1037,0.1039,0.1037,0.1039,11426.0
2025-01-15 11:35:00,0.1038,0.1039,0.1038,0.1038,2390.0
2025-01-15 11:36:00,0.1038,0.104,0.1038,0.104,9655.0
2025-01-15 11:37:00,0.1041,0.1042,0.1041,0.1042,4388.0
2025-01-15 11:38:00,0.1042,0.1042,0.1042,0.1042,0.0
2025-01-15 11:39:00,0.1041,0.1041,0.104,0.104,3432.0
2025-01-15 11:40:00,0.104,0.104,0.104,0.104,161.0
2025-01-15 11:41:00,0.104,0.104,0.104,0.104,0.0
2025-01-15 11:42:00,0.1039,0.1039,0.1039,0.1039,10120.0
2025-01-15 11:43:00,0.104,0.104,0.104,0.104,13177.0
2025-01-15 11:44:00,0.104,0.104,0.104,0.104,0.0
2025-01-15 11:45:00,0.1039,0.1039,0.1039,0.1039,12427.0
2025-01-15 11:46:00,0.1039,0.1039,0.1039,0.1039,0.0
2025-01-15 11:47:00,0.1042,0.1043,0.1042,0.1043,657.0
2025-01-15 11:48:00,0.1042,0.1042,0.1042,0.1042,127.0
2025-01-15 11:49:00,0.1042,0.1042,0.1042,0.1042,0.0
2025-01-15 11:50:00,0.1043,0.1044,0.1043,0.1044,5284.0
2025-01-15 11:51:00,0.1042,0.1042,0.1042,0.1042,358.0
2025-01-15 11:52:00,0.1043,0.1044,0.1043,0.1044,1602.0
2025-01-15 11:53:00,0.1044,0.1044,0.1044,0.1044,0.0
2025-01-15 11:54:00,0.1044,0.1044,0.1044,0.1044,0.0
2025-01-15 11:55:00,0.1043,0.1043,0.1043,0.1043,300.0
2025-01-15 11:56:00,0.1043,0.1043,0.1043,0.1043,0.0
2025-01-15 11:57:00,0.1043,0.1043,0.1043,0.1043,0.0
2025-01-15 11:58:00,0.1043,0.1043,0.1043,0.1043,162.0
2025-01-15 11:59:00,0.1044,0.1044,0.1044,0.1044,1631.0
2025-01-15 12:00:00,0.1044,0.1046,0.1044,0.1046,32402.0
2025-01-15 12:01:00,0.1046,0.1046,0.1044,0.1044,7621.0
2025-01-15 12:02:00,0.1044,0.1044,0.1043,0.1044,6747.0
2025-01-15 12:03:00,0.1044,0.1044,0.1042,0.1042,45455.0
2025-01-15 12:04:00,0.1043,0.1043,0.1042,0.1043,18834.0
2025-01-15 12:05:00,0.1044,0.1044,0.1044,0.1044,23911.0
2025-01-15 12:06:00,0.1044,0.1044,0.1044,0.1044,10258.0
2025-01-15 12:07:00,0.1044,0.1045,0.1044,0.1045,4392.0
2025-01-15 12:08:00,0.1044,0.1044,0.1044,0.1044,14217.0
2025-01-15 12:09:00,0.1043,0.1043,0.1043,0.1043,7588.0
2025-01-15 12:10:00,0.1042,0.1042,0.1042,0.1042,2167.0
2025-01-15 12:11:00,0.1041,0.1041,0.1041,0.1041,12810.0
2025-01-15 12:12:00,0.1041,0.1041,0.1041,0.1041,0.0
2025-01-15 12:13:00,0.1041,0.1041,0.1041,0.1041,0.0
2025-01-15 12:14:00,0.1041,0.1041,0.1041,0.1041,538.0
2025-01-15 12:15:00,0.1041,0.1042,0.104,0.104,61520.0
2025-01-15 12:16:00,0.104,0.104,0.104,0.104,2621.0
2025-01-15 12:17:00,0.104,0.104,0.104,0.104,2468.0
2025-01-15 12:18:00,0.104,0.104,0.1039,0.1039,1430.0
2025-01-15 12:19:00,0.104,0.104,0.1039,0.1039,926.0
2025-01-15 12:20:00,0.1039,0.1039,0.1039,0.1039,0.0
2025-01-15 12:21:00,0.104,0.104,0.104,0.104,320.0
2025-01-15 12:22:00,0.104,0.104,0.104,0.104,0.0
2025-01-15 12:23:00,0.1038,0.1039,0.1038,0.1039,8149.0
2025-01-15 12:24:00,0.1039,0.1039,0.1038,0.1038,9178.0
2025-01-15 12:25:00,0.1038,0.1038,0.1038,0.1038,3988.0
2025-01-15 12:26:00,0.1038,0.1038,0.1038,0.1038,1474.0
2025-01-15 12:27:00,0.1038,0.1038,0.1038,0.1038,0.0
2025-01-15 12:28:00,0.1038,0.1038,0.1038,0.1038,500.0
2025-01-15 12:29:00,0.1037,0.1038,0.1037,0.1038,3426.0
2025-01-15 12:30:00,0.1039,0.1041,0.1039,0.1041,2035.0
2025-01-15 12:31:00,0.104,0.104,0.104,0.104,149.0
2025-01-15 12:32:00,0.104,0.1042,0.104,0.1042,6447.0
2025-01-15 12:33:00,0.1042,0.1042,0.1042,0.1042,0.0
2025-01-15 12:34:00,0.1042,0.1042,0.1042,0.1042,8027.0
2025-01-15 12:35:00,0.1042,0.1042,0.1042,0.1042,1909.0
2025-01-15 12:36:00,0.1043,0.1043,0.1043,0.1043,480.0
2025-01-15 12:37:00,0.1043,0.1043,0.1043,0.1043,2894.0
2025-01-15 12:38:00,0.1043,0.1043,0.1043,0.1043,0.0
2025-01-15 12:39:00,0.1045,0.1045,0.1045,0.1045,2491.0
2025-01-15 12:40:00,0.1047,0.1047,0.1047,0.1047,10450.0
2025-01-15 12:41:00,0.1048,0.105,0.1048,0.1049,13690.0
2025-01-15 12:42:00,0.1047,0.1047,0.1047,0.1047,3605.0
2025-01-15 12:43:00,0.1049,0.1049,0.1049,0.1049,738.0
2025-01-15 12:44:00,0.1049,0.1049,0.1049,0.1049,0.0
2025-01-15 12:45:00,0.1047,0.1047,0.1045,0.1045,8079.0
2025-01-15 12:46:00,0.1045,0.1045,0.1044,0.1044,2173.0
2025-01-15 12:47:00,0.1044,0.1044,0.1043,0.1044,16084.0
2025-01-15 12:48:00,0.1043,0.1043,0.1043,0.1043,1170.0
2025-01-15 12:49:00,0.1043,0.1043,0.1043,0.1043,0.0
2025-01-15 12:50:00,0.1043,0.1043,0.1043,0.1043,0.0
2025-01-15 12:51:00,0.1044,0.1044,0.1044,0.1044,1500.0
2025-01-15 12:52:00,0.1044,0.1044,0.1044,0.1044,0.0
2025-01-15 12:53:00,0.1044,0.1044,0.1044,0.1044,0.0
2025-01-15 12:54:00,0.1044,0.1044,0.1043,0.1044,6978.0
2025-01-15 12:55:00,0.1044,0.1044,0.1044,0.1044,0.0
2025-01-15 12:56:00,0.1044,0.1045,0.1043,0.1043,16770.0
2025-01-15 12:57:00,0.1042,0.1042,0.1042,0.1042,94.0
2025-01-15 12:58:00,0.1042,0.1042,0.1042,0.1042,0.0
2025-01-15 12:59:00,0.1043,0.1044,0.1043,0.1043,10343.0
2025-01-15 13:00:00,0.1043,0.1044,0.1043,0.1043,2984.0
2025-01-15 13:01:00,0.1044,0.1046,0.1044,0.1046,34171.0
2025-01-15 13:02:00,0.1047,0.1047,0.1047,0.1047,15543.0
2025-01-15 13:03:00,0.1047,0.1047,0.1047,0.1047,2858.0
2025-01-15 13:04:00,0.1047,0.1047,0.1047,0.1047,370.0
2025-01-15 13:05:00,0.1047,0.1047,0.1047,0.1047,4122.0
2025-01-15 13:06:00,0.1046,0.1046,0.1046,0.1046,3105.0
2025-01-15 13:07:00,0.1046,0.1046,0.1046,0.1046,2713.0
2025-01-15 13:08:00,0.1046,0.1046,0.1046,0.1046,4579.0
2025-01-15 13:09:00,0.1046,0.1046,0.1045,0.1045,35527.0
2025-01-15 13:10:00,0.1045,0.1045,0.1045,0.1045,0.0
2025-01-15 13:11:00,0.1047,0.1047,0.1047,0.1047,434.0
2025-01-15 13:12:00,0.1048,0.1048,0.1048,0.1048,1500.0
2025-01-15 13:13:00,0.1047,0.1047,0.1047,0.1047,85.0
2025-01-15 13:14:00,0.1048,0.1048,0.1046,0.1046,3584.0
2025-01-15 13:15:00,0.1044,0.1044,0.1044,0.1044,3490.0
2025-01-15 13:16:00,0.1044,0.1045,0.1044,0.1045,13201.0
2025-01-15 13:17:00,0.1045,0.1045,0.1045,0.1045,0.0
2025-01-15 13:18:00,0.1045,0.1045,0.1045,0.1045,8204.0
2025-01-15 13:19:00,0.1045,0.1045,0.1045,0.1045,0.0
2025-01-15 13:20:00,0.1046,0.1047,0.1046,0.1047,5183.0
2025-01-15 13:21:00,0.1046,0.1046,0.1046,0.1046,6253.0
2025-01-15 13:22:00,0.1046,0.1046,0.1046,0.1046,0.0
2025-01-15 13:23:00,0.1047,0.1047,0.1047,0.1047,1517.0
2025-01-15 13:24:00,0.1048,0.1048,0.1047,0.1048,14407.0
2025-01-15 13:25:00,0.1048,0.1048,0.1048,0.1048,0.0
2025-01-15 13:26:00,0.1049,0.1051,0.1049,0.1051,9533.0
2025-01-15 13:27:00,0.1051,0.1051,0.1051,0.1051,930.0
2025-01-15 13:28:00,0.1052,0.1053,0.105,0.105,30215.0
2025-01-15 13:29:00,0.105,0.105,0.105,0.105,16227.0
2025-01-15 13:30:00,0.105,0.1077,0.105,0.1069,1193194.0
2025-01-15 13:31:00,0.107,0.1073,0.1067,0.107,348817.0
2025-01-15 13:32:00,0.1068,0.1074,0.1067,0.1074,173117.0
2025-01-15 13:33:00,0.1075,0.1077,0.1075,0.1076,73992.0
2025-01-15 13:34:00,0.1075,0.1078,0.1073,0.1075,187491.0
2025-01-15 13:35:00,0.1074,0.1075,0.1068,0.1075,365418.0
2025-01-15 13:36:00,0.1075,0.1076,0.1073,0.1073,29217.0
2025-01-15 13:37:00,0.1073,0.1076,0.107,0.1076,79800.0
2025-01-15 13:38:00,0.1076,0.1076,0.1074,0.1074,17143.0
2025-01-15 13:39:00,0.1072,0.1076,0.1072,0.1075,54266.0
2025-01-15 13:40:00,0.1075,0.1076,0.1075,0.1076,108765.0
2025-01-15 13:41:00,0.1075,0.1076,0.1074,0.1076,14374.0
2025-01-15 13:42:00,0.1073,0.1075,0.1073,0.1074,40261.0
2025-01-15 13:43:00,0.1073,0.1076,0.1072,0.1076,78788.0
2025-01-15 13:44:00,0.1076,0.1076,0.1075,0.1075,9982.0
2025-01-15 13:45:00,0.1076,0.1078,0.1076,0.1077,60125.0
2025-01-15 13:46:00,0.1078,0.1079,0.1078,0.1079,20219.0
2025-01-15 13:47:00,0.1079,0.108,0.1078,0.1079,43549.0
2025-01-15 13:48:00,0.108,0.1081,0.108,0.1081,44307.0
2025-01-15 13:49:00,0.1081,0.1081,0.1081,0.1081,25205.0
2025-01-15 13:50:00,0.1081,0.1082,0.1081,0.1081,15100.0
2025-01-15 13:51:00,0.1082,0.1082,0.108,0.108,66380.0
2025-01-15 13:52:00,0.108,0.1082,0.1079,0.1081,29985.0
2025-01-15 13:53:00,0.108,0.108,0.1079,0.108,21160.0
2025-01-15 13:54:00,0.108,0.1081,0.1079,0.1081,16014.0
2025-01-15 13:55:00,0.1081,0.1082,0.1081,0.1082,7054.0
2025-01-15 13:56:00,0.1083,0.1084,0.1083,0.1084,70781.0
2025-01-15 13:57:00,0.1084,0.1085,0.1084,0.1085,57549.0
2025-01-15 13:58:00,0.1086,0.1087,0.1085,0.1085,48772.0
2025-01-15 13:59:00,0.1087,0.1088,0.1087,0.1088,35781.0
2025-01-15 14:00:00,0.1088,0.1091,0.1088,0.109,118307.0
2025-01-15 14:01:00,0.109,0.1092,0.109,0.1091,54994.0
2025-01-15 14:02:00,0.1091,0.1093,0.1091,0.1092,72627.0
2025-01-15 14:03:00,0.1092,0.1092,0.1088,0.1088,40268.0
2025-01-15 14:04:00,0.1088,0.1092,0.1088,0.1092,33004.0
2025-01-15 14:05:00,0.1092,0.1092,0.1091,0.1092,14431.0
2025-01-15 14:06:00,0.1093,0.1094,0.1093,0.1093,25971.0
2025-01-15 14:07:00,0.1091,0.1091,0.109,0.109,7957.0
2025-01-15 14:08:00,0.1093,0.1093,0.1093,0.1093,7508.0
2025-01-15 14:09:00,0.1092,0.1092,0.1092,0.1092,20549.0
2025-01-15 14:10:00,0.109,0.109,0.109,0.109,9534.0
2025-01-15 14:11:00,0.1091,0.1091,0.109,0.1091,19864.0
2025-01-15 14:12:00,0.1091,0.1091,0.1086,0.1086,160115.0
2025-01-15 14:13:00,0.1086,0.1087,0.1085,0.1086,78371.0
2025-01-15 14:14:00,0.1086,0.1087,0.1083,0.1087,79369.0
2025-01-15 14:15:00,0.1086,0.1087,0.1085,0.1085,35320.0
2025-01-15 14:16:00,0.1083,0.1083,0.1079,0.1081,95273.0
2025-01-15 14:17:00,0.108,0.1082,0.108,0.108,30697.0
2025-01-15 14:18:00,0.108,0.1082,0.1078,0.1082,36893.0
2025-01-15 14:19:00,0.1082,0.1082,0.1081,0.1081,26626.0
2025-01-15 14:20:00,0.1084,0.1086,0.1084,0.1086,8631.0
2025-01-15 14:21:00,0.1086,0.1086,0.1085,0.1085,5491.0
2025-01-15 14:22:00,0.1086,0.1086,0.1085,0.1085,6077.0
2025-01-15 14:23:00,0.1085,0.1085,0.1084,0.1084,25339.0
2025-01-15 14:24:00,0.1086,0.1087,0.1086,0.1087,18444.0
2025-01-15 14:25:00,0.1087,0.109,0.1087,0.1088,8214.0
2025-01-15 14:26:00,0.1088,0.1089,0.1088,0.1088,4890.0
2025-01-15 14:27:00,0.1087,0.1087,0.1084,0.1085,30556.0
2025-01-15 14:28:00,0.1083,0.1084,0.1083,0.1084,5489.0
2025-01-15 14:29:00,0.1085,0.1086,0.1085,0.1086,1173.0
2025-01-15 14:30:00,0.1085,0.1087,0.1085,0.1085,20340.0
2025-01-15 14:31:00,0.1085,0.1089,0.1085,0.1089,22735.0
2025-01-15 14:32:00,0.1088,0.1091,0.1088,0.1091,16491.0
2025-01-15 14:33:00,0.1091,0.1091,0.1089,0.1089,35471.0
2025-01-15 14:34:00,0.1088,0.1088,0.1085,0.1085,26656.0
2025-01-15 14:35:00,0.1086,0.1087,0.1085,0.1087,32737.0
2025-01-15 14:36:00,0.1084,0.1085,0.1083,0.1085,22922.0
2025-01-15 14:37:00,0.1083,0.1083,0.1083,0.1083,3768.0
2025-01-15 14:38:00,0.1082,0.1083,0.1081,0.1083,12738.0
2025-01-15 14:39:00,0.1085,0.1085,0.1084,0.1085,21841.0
2025-01-15 14:40:00,0.1085,0.1085,0.1084,0.1085,12106.0
2025-01-15 14:41:00,0.1084,0.1085,0.1084,0.1085,3666.0
2025-01-15 14:42:00,0.1085,0.1085,0.1084,0.1084,3058.0
2025-01-15 14:43:00,0.1084,0.1084,0.1084,0.1084,0.0
2025-01-15 14:44:00,0.1084,0.1084,0.1084,0.1084,0.0
2025-01-15 14:45:00,0.1086,0.1087,0.1084,0.1086,67424.0
2025-01-15 14:46:00,0.1085,0.1085,0.1084,0.1084,4984.0
2025-01-15 14:47:00,0.1085,0.1087,0.1085,0.1087,15766.0
2025-01-15 14:48:00,0.1087,0.1087,0.1087,0.1087,6493.0
2025-01-15 14:49:00,0.1088,0.1088,0.1088,0.1088,194.0
2025-01-15 14:50:00,0.1088,0.1088,0.1086,0.1086,2270.0
2025-01-15 14:51:00,0.1089,0.109,0.1089,0.1089,2704.0
2025-01-15 14:52:00,0.1089,0.1091,0.1089,0.1091,2389.0
2025-01-15 14:53:00,0.109,0.109,0.109,0.109,10927.0
2025-01-15 14:54:00,0.1091,0.1092,0.1091,0.1092,9161.0
2025-01-15 14:55:00,0.109,0.1091,0.1089,0.1091,28977.0
2025-01-15 14:56:00,0.1092,0.1093,0.1092,0.1093,4851.0
2025-01-15 14:57:00,0.1093,0.1094,0.1093,0.1094,17689.0
2025-01-15 14:58:00,0.1094,0.1095,0.1094,0.1095,1932.0
2025-01-15 14:59:00,0.1095,0.1097,0.1094,0.1096,22983.0
2025-01-15 15:00:00,0.1096,0.1099,0.1096,0.1099,210324.0
2025-01-15 15:01:00,0.1099,0.1101,0.1099,0.11,30241.0
2025-01-15 15:02:00,0.11,0.11,0.1087,0.1095,708601.0
2025-01-15 15:03:00,0.1095,0.1096,0.1095,0.1095,20282.0
2025-01-15 15:04:00,0.1093,0.1096,0.1092,0.1094,22837.0
2025-01-15 15:05:00,0.1094,0.1094,0.1091,0.1091,21972.0
2025-01-15 15:06:00,0.1092,0.1092,0.1089,0.109,30499.0
2025-01-15 15:07:00,0.1089,0.1091,0.1089,0.109,60698.0
2025-01-15 15:08:00,0.1091,0.1094,0.1091,0.1094,12270.0
2025-01-15 15:09:00,0.1094,0.1094,0.1091,0.1091,8557.0
2025-01-15 15:10:00,0.109,0.1094,0.109,0.1094,55186.0
2025-01-15 15:11:00,0.1093,0.1095,0.1093,0.1095,41175.0
2025-01-15 15:12:00,0.1094,0.1094,0.1093,0.1093,15243.0
2025-01-15 15:13:00,0.1093,0.1094,0.1093,0.1094,3786.0
2025-01-15 15:14:00,0.1094,0.1094,0.1094,0.1094,0.0
2025-01-15 15:15:00,0.1093,0.1095,0.1093,0.1095,7487.0
2025-01-15 15:16:00,0.1097,0.1097,0.1095,0.1096,45227.0
2025-01-15 15:17:00,0.1095,0.1096,0.1095,0.1096,14484.0
2025-01-15 15:18:00,0.1096,0.1096,0.1094,0.1094,7039.0
2025-01-15 15:19:00,0.1095,0.1095,0.1091,0.1091,21022.0
2025-01-15 15:20:00,0.1091,0.1091,0.109,0.109,33230.0
2025-01-15 15:21:00,0.1091,0.1094,0.1091,0.1093,1230.0
2025-01-15 15:22:00,0.1095,0.1095,0.1095,0.1095,433.0
2025-01-15 15:23:00,0.1093,0.1093,0.1092,0.1092,1292.0
2025-01-15 15:24:00,0.1093,0.1096,0.1093,0.1095,4731.0
2025-01-15 15:25:00,0.1095,0.1095,0.1095,0.1095,0.0
2025-01-15 15:26:00,0.1094,0.1095,0.1094,0.1095,198.0
2025-01-15 15:27:00,0.1098,0.1098,0.1098,0.1098,183.0
2025-01-15 15:28:00,0.1098,0.1098,0.1097,0.1098,14611.0
2025-01-15 15:29:00,0.1099,0.11,0.1099,0.11,9434.0
2025-01-15 15:30:00,0.1099,0.1099,0.1096,0.1096,64396.0
2025-01-15 15:31:00,0.1096,0.11,0.1096,0.11,84289.0
2025-01-15 15:32:00,0.1099,0.1101,0.1099,0.1101,13490.0
2025-01-15 15:33:00,0.11,0.11,0.1099,0.1099,9912.0
2025-01-15 15:34:00,0.11,0.11,0.1099,0.1099,4169.0
2025-01-15 15:35:00,0.1101,0.1102,0.1101,0.1101,5963.0
2025-01-15 15:36:00,0.1098,0.1098,0.1098,0.1098,9133.0
2025-01-15 15:37:00,0.1097,0.11,0.1096,0.11,12520.0
2025-01-15 15:38:00,0.1101,0.1101,0.1101,0.1101,2532.0
2025-01-15 15:39:00,0.1101,0.1101,0.11,0.11,4741.0
2025-01-15 15:40:00,0.1098,0.1098,0.1097,0.1097,9514.0
2025-01-15 15:41:00,0.1097,0.1099,0.1097,0.1098,11578.0
2025-01-15 15:42:00,0.1097,0.1098,0.1097,0.1098,5179.0
2025-01-15 15:43:00,0.1098,0.1098,0.1098,0.1098,1366.0
2025-01-15 15:44:00,0.1098,0.1099,0.1098,0.1099,9142.0
2025-01-15 15:45:00,0.1099,0.1099,0.1098,0.1098,38189.0
2025-01-15 15:46:00,0.1098,0.1099,0.1098,0.1098,36715.0
2025-01-15 15:47:00,0.1097,0.1097,0.1094,0.1094,31311.0
2025-01-15 15:48:00,0.1095,0.1097,0.1095,0.1097,17229.0
2025-01-15 15:49:00,0.1098,0.1098,0.1095,0.1096,33405.0
2025-01-15 15:50:00,0.1095,0.1095,0.1094,0.1094,12442.0
2025-01-15 15:51:00,0.1093,0.1093,0.1093,0.1093,585.0
2025-01-15 15:52:00,0.1093,0.1093,0.1092,0.1093,2885.0
2025-01-15 15:53:00,0.1094,0.1094,0.1093,0.1093,4390.0
2025-01-15 15:54:00,0.1093,0.1093,0.1093,0.1093,0.0
2025-01-15 15:55:00,0.1093,0.1094,0.1093,0.1094,4845.0
2025-01-15 15:56:00,0.1094,0.1094,0.1094,0.1094,3019.0
2025-01-15 15:57:00,0.1094,0.1094,0.1093,0.1093,1428.0
2025-01-15 15:58:00,0.1093,0.1093,0.1093,0.1093,127.0
2025-01-15 15:59:00,0.1093,0.1093,0.1092,0.1092,613.0
2025-01-15 16:00:00,0.1093,0.1097,0.1093,0.1097,35900.0
2025-01-15 16:01:00,0.1096,0.1096,0.1093,0.1096,14951.0
2025-01-15 16:02:00,0.1095,0.1098,0.1094,0.1098,9150.0
2025-01-15 16:03:00,0.1098,0.1098,0.1098,0.1098,5004.0
2025-01-15 16:04:00,0.1097,0.11,0.1097,0.11,23989.0
2025-01-15 16:05:00,0.1099,0.1101,0.1099,0.1101,33244.0
2025-01-15 16:06:00,0.1101,0.1101,0.11,0.1101,6240.0
2025-01-15 16:07:00,0.11,0.11,0.1098,0.11,15044.0
2025-01-15 16:08:00,0.11,0.11,0.1097,0.1097,6064.0
2025-01-15 16:09:00,0.1098,0.1098,0.1098,0.1098,2160.0
2025-01-15 16:10:00,0.11,0.1101,0.11,0.11,12916.0
2025-01-15 16:11:00,0.1101,0.1101,0.11,0.11,1203.0
2025-01-15 16:12:00,0.11,0.1101,0.11,0.1101,2815.0
2025-01-15 16:13:00,0.1101,0.1101,0.11,0.11,9293.0
2025-01-15 16:14:00,0.1099,0.1102,0.1099,0.1101,130294.0
2025-01-15 16:15:00,0.1102,0.1103,0.1102,0.1102,21272.0
2025-01-15 16:16:00,0.1102,0.1102,0.1102,0.1102,1048.0
2025-01-15 16:17:00,0.11,0.11,0.1099,0.11,7945.0
2025-01-15 16:18:00,0.1101,0.1102,0.11,0.1102,10264.0
2025-01-15 16:19:00,0.11,0.11,0.1099,0.1099,6528.0
2025-01-15 16:20:00,0.1099,0.1099,0.1098,0.1098,26808.0
2025-01-15 16:21:00,0.1099,0.1099,0.1099,0.1099,122.0
2025-01-15 16:22:00,0.1098,0.11,0.1098,0.11,36860.0
2025-01-15 16:23:00,0.1102,0.1102,0.1102,0.1102,369.0
2025-01-15 16:24:00,0.11,0.11,0.11,0.11,17756.0
2025-01-15 16:25:00,0.1101,0.1102,0.1101,0.1101,4752.0
2025-01-15 16:26:00,0.1102,0.1104,0.1102,0.1104,36348.0
2025-01-15 16:27:00,0.1103,0.1103,0.1103,0.1103,3105.0
2025-01-15 16:28:00,0.1103,0.1103,0.1103,0.1103,297.0
2025-01-15 16:29:00,0.1104,0.1104,0.1104,0.1104,17878.0
2025-01-15 16:30:00,0.1103,0.1105,0.1103,0.1103,36248.0
2025-01-15 16:31:00,0.1103,0.1103,0.1101,0.1101,10663.0
2025-01-15 16:32:00,0.11,0.11,0.1098,0.1098,6172.0
2025-01-15 16:33:00,0.11,0.1101,0.11,0.11,6281.0
2025-01-15 16:34:00,0.11,0.11,0.1099,0.1099,7765.0
2025-01-15 16:35:00,0.1098,0.1098,0.1098,0.1098,2742.0
2025-01-15 16:36:00,0.1097,0.11,0.1097,0.11,20045.0
2025-01-15 16:37:00,0.1099,0.1099,0.1097,0.1097,6084.0
2025-01-15 16:38:00,0.1098,0.11,0.1098,0.1099,19054.0
2025-01-15 16:39:00,0.1099,0.1099,0.1098,0.1098,944.0
2025-01-15 16:40:00,0.1098,0.1099,0.1098,0.1099,6632.0
2025-01-15 16:41:00,0.1098,0.1099,0.1098,0.1098,6935.0
2025-01-15 16:42:00,0.1098,0.1098,0.1098,0.1098,0.0
2025-01-15 16:43:00,0.1097,0.1098,0.1097,0.1098,208.0
2025-01-15 16:44:00,0.1098,0.1099,0.1098,0.1098,22784.0
2025-01-15 16:45:00,0.1098,0.1098,0.1098,0.1098,1821.0
2025-01-15 16:46:00,0.1097,0.1097,0.1097,0.1097,3396.0
2025-01-15 16:47:00,0.1097,0.1098,0.1097,0.1097,12716.0
2025-01-15 16:48:00,0.1098,0.1098,0.1098,0.1098,2846.0
2025-01-15 16:49:00,0.1098,0.1099,0.1098,0.1099,893.0
2025-01-15 16:50:00,0.1099,0.1099,0.1099,0.1099,4702.0
2025-01-15 16:51:00,0.1099,0.1099,0.1099,0.1099,23421.0
2025-01-15 16:52:00,0.1098,0.1098,0.1098,0.1098,1261.0
2025-01-15 16:53:00,0.1099,0.1099,0.1098,0.1098,3525.0
2025-01-15 16:54:00,0.1098,0.1099,0.1098,0.1099,4792.0
2025-01-15 16:55:00,0.1099,0.1101,0.1099,0.1101,17752.0
2025-01-15 16:56:00,0.11,0.11,0.1099,0.1099,5797.0
2025-01-15 16:57:00,0.1099,0.1101,0.1099,0.11,11068.0
2025-01-15 16:58:00,0.11,0.1101,0.11,0.11,7001.0
2025-01-15 16:59:00,0.11,0.11,0.1097,0.1097,7868.0
2025-01-15 17:00:00,0.1098,0.1098,0.1097,0.1097,10617.0
2025-01-15 17:01:00,0.1097,0.1098,0.1096,0.1098,7001.0
2025-01-15 17:02:00,0.1099,0.1099,0.1098,0.1098,552.0
2025-01-15 17:03:00,0.1098,0.1098,0.1097,0.1097,4357.0
2025-01-15 17:04:00,0.1096,0.1098,0.1096,0.1098,4754.0
2025-01-15 17:05:00,0.1098,0.1098,0.1098,0.1098,4577.0
2025-01-15 17:06:00,0.1098,0.1098,0.1098,0.1098,0.0
2025-01-15 17:07:00,0.1096,0.1096,0.1095,0.1095,1040.0
2025-01-15 17:08:00,0.1095,0.1095,0.1095,0.1095,1861.0
2025-01-15 17:09:00,0.1096,0.1096,0.1096,0.1096,7823.0
2025-01-15 17:10:00,0.1096,0.1096,0.1096,0.1096,517.0
2025-01-15 17:11:00,0.1095,0.1095,0.1095,0.1095,5195.0
2025-01-15 17:12:00,0.1097,0.1097,0.1097,0.1097,7923.0
2025-01-15 17:13:00,0.1096,0.1096,0.1096,0.1096,63.0
2025-01-15 17:14:00,0.1097,0.1097,0.1097,0.1097,100.0
2025-01-15 17:15:00,0.1097,0.1097,0.1097,0.1097,189.0
2025-01-15 17:16:00,0.1097,0.1098,0.1097,0.1098,6134.0
2025-01-15 17:17:00,0.1098,0.1098,0.1098,0.1098,48.0
2025-01-15 17:18:00,0.1098,0.1098,0.1098,0.1098,0.0
2025-01-15 17:19:00,0.1097,0.1097,0.1096,0.1097,19297.0
2025-01-15 17:20:00,0.1097,0.1097,0.1097,0.1097,2701.0
2025-01-15 17:21:00,0.1097,0.1097,0.1097,0.1097,5478.0
2025-01-15 17:22:00,0.1094,0.1094,0.1094,0.1094,2177.0
2025-01-15 17:23:00,0.1094,0.1094,0.1094,0.1094,1161.0
2025-01-15 17:24:00,0.1095,0.1095,0.1095,0.1095,4454.0
2025-01-15 17:25:00,0.1095,0.1095,0.1094,0.1094,8178.0
2025-01-15 17:26:00,0.1094,0.1094,0.1094,0.1094,0.0
2025-01-15 17:27:00,0.1095,0.1096,0.1095,0.1096,3539.0
2025-01-15 17:28:00,0.1095,0.1095,0.1095,0.1095,7395.0
2025-01-15 17:29:00,0.1095,0.1095,0.1095,0.1095,19800.0
2025-01-15 17:30:00,0.1095,0.1095,0.1094,0.1094,6962.0
2025-01-15 17:31:00,0.1093,0.1094,0.1093,0.1094,351.0
2025-01-15 17:32:00,0.1095,0.1095,0.1095,0.1095,3105.0
2025-01-15 17:33:00,0.1096,0.1098,0.1096,0.1098,5348.0
2025-01-15 17:34:00,0.1097,0.1097,0.1097,0.1097,1333.0
2025-01-15 17:35:00,0.1098,0.1098,0.1098,0.1098,316.0
2025-01-15 17:36:00,0.1098,0.1098,0.1098,0.1098,509.0
2025-01-15 17:37:00,0.1098,0.1098,0.1098,0.1098,91.0
2025-01-15 17:38:00,0.1097,0.1097,0.1097,0.1097,820.0
2025-01-15 17:39:00,0.1097,0.1097,0.1097,0.1097,1239.0
2025-01-15 17:40:00,0.1097,0.1097,0.1095,0.1095,15445.0
2025-01-15 17:41:00,0.1095,0.1095,0.1095,0.1095,0.0
2025-01-15 17:42:00,0.1095,0.1095,0.1095,0.1095,0.0
2025-01-15 17:43:00,0.1095,0.1095,0.1095,0.1095,3089.0
2025-01-15 17:44:00,0.1094,0.1094,0.1094,0.1094,97.0
2025-01-15 17:45:00,0.1095,0.1096,0.1095,0.1095,12102.0
2025-01-15 17:46:00,0.1096,0.1096,0.1096,0.1096,5161.0
2025-01-15 17:47:00,0.1094,0.1094,0.1094,0.1094,7534.0
2025-01-15 17:48:00,0.1093,0.1093,0.1093,0.1093,851.0
2025-01-15 17:49:00,0.1092,0.1093,0.1092,0.1092,6488.0
2025-01-15 17:50:00,0.1091,0.1091,0.1091,0.1091,1269.0
2025-01-15 17:51:00,0.109,0.1091,0.109,0.109,6013.0
2025-01-15 17:52:00,0.1089,0.1089,0.1089,0.1089,94.0
2025-01-15 17:53:00,0.1089,0.1089,0.1088,0.1088,29737.0
2025-01-15 17:54:00,0.1087,0.1087,0.1087,0.1087,1839.0
2025-01-15 17:55:00,0.1087,0.1087,0.1087,0.1087,0.0
2025-01-15 17:56:00,0.1087,0.1087,0.1087,0.1087,826.0
2025-01-15 17:57:00,0.1087,0.1087,0.1087,0.1087,2248.0
2025-01-15 17:58:00,0.1087,0.1087,0.1087,0.1087,1696.0
2025-01-15 17:59:00,0.1087,0.1087,0.1087,0.1087,4942.0
2025-01-15 18:00:00,0.1088,0.109,0.1088,0.1089,19760.0
2025-01-15 18:01:00,0.1091,0.1092,0.1091,0.1092,10438.0
2025-01-15 18:02:00,0.1092,0.1092,0.1092,0.1092,6210.0
2025-01-15 18:03:00,0.1093,0.1093,0.1093,0.1093,915.0
2025-01-15 18:04:00,0.1092,0.1092,0.109,0.1091,4752.0
2025-01-15 18:05:00,0.1091,0.1091,0.1091,0.1091,0.0
2025-01-15 18:06:00,0.1093,0.1093,0.1092,0.1092,3022.0
2025-01-15 18:07:00,0.1092,0.1092,0.1092,0.1092,0.0
2025-01-15 18:08:00,0.1092,0.1092,0.1092,0.1092,0.0
2025-01-15 18:09:00,0.1093,0.1094,0.1093,0.1094,10363.0
2025-01-15 18:10:00,0.1094,0.1094,0.1093,0.1093,511.0
2025-01-15 18:11:00,0.1094,0.1094,0.1094,0.1094,1685.0
2025-01-15 18:12:00,0.1094,0.1094,0.1093,0.1093,20335.0
2025-01-15 18:13:00,0.1094,0.1095,0.1094,0.1095,10239.0
2025-01-15 18:14:00,0.1094,0.1094,0.1094,0.1094,3070.0
2025-01-15 18:15:00,0.1094,0.1096,0.1094,0.1096,5836.0
2025-01-15 18:16:00,0.1096,0.1096,0.1096,0.1096,13543.0
2025-01-15 18:17:00,0.1097,0.1099,0.1097,0.1098,25038.0
2025-01-15 18:18:00,0.1098,0.1098,0.1097,0.1097,18101.0
2025-01-15 18:19:00,0.1099,0.1099,0.1099,0.1099,4564.0
2025-01-15 18:20:00,0.1099,0.11,0.1099,0.11,1454.0
2025-01-15 18:21:00,0.1099,0.11,0.1099,0.11,14679.0
2025-01-15 18:22:00,0.11,0.11,0.1099,0.1099,2911.0
2025-01-15 18:23:00,0.1101,0.1101,0.1101,0.1101,6539.0
2025-01-15 18:24:00,0.1101,0.1101,0.11,0.11,2473.0
2025-01-15 18:25:00,0.11,0.11,0.11,0.11,2018.0
2025-01-15 18:26:00,0.11,0.11,0.11,0.11,0.0
2025-01-15 18:27:00,0.1101,0.1101,0.1101,0.1101,7103.0
2025-01-15 18:28:00,0.1101,0.1101,0.1101,0.1101,7000.0
2025-01-15 18:29:00,0.1101,0.1101,0.1101,0.1101,0.0
2025-01-15 18:30:00,0.1101,0.1101,0.1101,0.1101,1546.0
2025-01-15 18:31:00,0.1102,0.1102,0.1101,0.1101,1691.0
2025-01-15 18:32:00,0.1101,0.1101,0.1101,0.1101,46.0
2025-01-15 18:33:00,0.11,0.11,0.11,0.11,412.0
2025-01-15 18:34:00,0.1101,0.1102,0.1101,0.1102,4361.0
2025-01-15 18:35:00,0.1101,0.1101,0.1101,0.1101,1361.0
2025-01-15 18:36:00,0.1101,0.1101,0.11,0.11,666.0
2025-01-15 18:37:00,0.11,0.11,0.11,0.11,0.0
2025-01-15 18:38:00,0.1101,0.1101,0.1101,0.1101,3745.0
2025-01-15 18:39:00,0.1101,0.1101,0.1101,0.1101,0.0
2025-01-15 18:40:00,0.11,0.1101,0.11,0.1101,7857.0
2025-01-15 18:41:00,0.1102,0.1102,0.1102,0.1102,918.0
2025-01-15 18:42:00,0.1102,0.1104,0.1102,0.1102,27128.0
2025-01-15 18:43:00,0.1102,0.1102,0.1102,0.1102,0.0
2025-01-15 18:44:00,0.1103,0.1103,0.1103,0.1103,2039.0
2025-01-15 18:45:00,0.1104,0.1104,0.1104,0.1104,8182.0
2025-01-15 18:46:00,0.1105,0.1107,0.1105,0.1106,55341.0
2025-01-15 18:47:00,0.1107,0.1107,0.1107,0.1107,8066.0
2025-01-15 18:48:00,0.1106,0.1106,0.1106,0.1106,282.0
2025-01-15 18:49:00,0.1106,0.1106,0.1106,0.1106,0.0
2025-01-15 18:50:00,0.1107,0.1108,0.1107,0.1108,427.0
2025-01-15 18:51:00,0.1107,0.1107,0.1107,0.1107,5430.0
2025-01-15 18:52:00,0.1107,0.1107,0.1107,0.1107,4160.0
2025-01-15 18:53:00,0.1108,0.1108,0.1108,0.1108,2223.0
2025-01-15 18:54:00,0.1108,0.1109,0.1108,0.1108,27297.0
2025-01-15 18:55:00,0.1108,0.1108,0.1108,0.1108,19314.0
2025-01-15 18:56:00,0.1108,0.1108,0.1108,0.1108,0.0
2025-01-15 18:57:00,0.1108,0.1108,0.1108,0.1108,14651.0
2025-01-15 18:58:00,0.1108,0.1108,0.1108,0.1108,433.0
2025-01-15 18:59:00,0.1108,0.1108,0.1108,0.1108,8772.0
2025-01-15 19:00:00,0.1108,0.1108,0.1108,0.1108,0.0
2025-01-15 19:01:00,0.1109,0.111,0.1107,0.1107,3662.0
2025-01-15 19:02:00,0.1107,0.1107,0.1107,0.1107,4140.0
2025-01-15 19:03:00,0.1107,0.1108,0.1107,0.1107,2450.0
2025-01-15 19:04:00,0.1107,0.1107,0.1106,0.1106,2555.0
2025-01-15 19:05:00,0.1106,0.1106,0.1106,0.1106,1626.0
2025-01-15 19:06:00,0.1108,0.1108,0.1108,0.1108,4652.0
2025-01-15 19:07:00,0.1107,0.1107,0.1106,0.1106,5273.0
2025-01-15 19:08:00,0.1107,0.1107,0.1107,0.1107,7818.0
2025-01-15 19:09:00,0.1107,0.1107,0.1107,0.1107,0.0
2025-01-15 19:10:00,0.1107,0.1107,0.1107,0.1107,0.0
2025-01-15 19:11:00,0.1107,0.1107,0.1107,0.1107,0.0
2025-01-15 19:12:00,0.1105,0.1105,0.1104,0.1104,175.0
2025-01-15 19:13:00,0.1105,0.1105,0.1105,0.1105,93.0
2025-01-15 19:14:00,0.1105,0.1105,0.1105,0.1105,0.0
2025-01-15 19:15:00,0.1105,0.1105,0.1105,0.1105,0.0
2025-01-15 19:16:00,0.1108,0.1108,0.1108,0.1108,536.0
2025-01-15 19:17:00,0.1107,0.1107,0.1106,0.1107,3468.0
2025-01-15 19:18:00,0.1106,0.1106,0.1106,0.1106,3288.0
2025-01-15 19:19:00,0.1106,0.1106,0.1106,0.1106,0.0
2025-01-15 19:20:00,0.1106,0.1106,0.1106,0.1106,42385.0
2025-01-15 19:21:00,0.1106,0.1106,0.1106,0.1106,0.0
2025-01-15 19:22:00,0.1106,0.1106,0.1106,0.1106,13508.0
2025-01-15 19:23:00,0.1107,0.1107,0.1105,0.1106,6809.0
2025-01-15 19:24:00,0.1106,0.1106,0.1106,0.1106,8778.0
2025-01-15 19:25:00,0.1107,0.1107,0.1107,0.1107,548.0
2025-01-15 19:26:00,0.1106,0.1106,0.1106,0.1106,9538.0
2025-01-15 19:27:00,0.1106,0.1106,0.1106,0.1106,0.0
2025-01-15 19:28:00,0.1107,0.1108,0.1107,0.1108,7622.0
2025-01-15 19:29:00,0.1107,0.1107,0.1107,0.1107,6210.0
2025-01-15 19:30:00,0.1106,0.1106,0.1106,0.1106,6945.0
2025-01-15 19:31:00,0.1106,0.1106,0.1106,0.1106,132.0
2025-01-15 19:32:00,0.1108,0.1108,0.1108,0.1108,5557.0
2025-01-15 19:33:00,0.1108,0.1108,0.1108,0.1108,1680.0
2025-01-15 19:34:00,0.1108,0.1108,0.1108,0.1108,0.0
2025-01-15 19:35:00,0.111,0.1111,0.111,0.1111,568.0
2025-01-15 19:36:00,0.111,0.1111,0.1109,0.1111,11406.0
2025-01-15 19:37:00,0.1111,0.1112,0.1111,0.1111,6539.0
2025-01-15 19:38:00,0.1111,0.1111,0.1111,0.1111,54.0
2025-01-15 19:39:00,0.111,0.111,0.111,0.111,6945.0
2025-01-15 19:40:00,0.111,0.111,0.111,0.111,95.0
2025-01-15 19:41:00,0.111,0.111,0.111,0.111,0.0
2025-01-15 19:42:00,0.1108,0.1108,0.1108,0.1108,947.0
2025-01-15 19:43:00,0.1108,0.1108,0.1108,0.1108,193.0
2025-01-15 19:44:00,0.1109,0.1109,0.1109,0.1109,137.0
2025-01-15 19:45:00,0.1109,0.1109,0.1109,0.1109,3202.0
2025-01-15 19:46:00,0.111,0.1111,0.111,0.1111,7775.0
2025-01-15 19:47:00,0.1111,0.1111,0.111,0.111,10856.0
2025-01-15 19:48:00,0.1111,0.1112,0.1111,0.1112,16504.0
2025-01-15 19:49:00,0.1112,0.1112,0.1112,0.1112,180.0
2025-01-15 19:50:00,0.1111,0.1111,0.1111,0.1111,6064.0
2025-01-15 19:51:00,0.1112,0.1112,0.1111,0.1111,1608.0
2025-01-15 19:52:00,0.1112,0.1113,0.1112,0.1112,46683.0
2025-01-15 19:53:00,0.1112,0.1112,0.1112,0.1112,0.0
2025-01-15 19:54:00,0.1113,0.1113,0.1112,0.1112,23512.0
2025-01-15 19:55:00,0.1112,0.1112,0.1111,0.1111,4775.0
2025-01-15 19:56:00,0.1111,0.1111,0.1111,0.1111,5012.0
2025-01-15 19:57:00,0.1112,0.1113,0.1112,0.1113,8535.0
2025-01-15 19:58:00,0.1113,0.1114,0.1113,0.1114,598.0
2025-01-15 19:59:00,0.1113,0.1114,0.1112,0.1112,2610.0
2025-01-15 20:00:00,0.1114,0.1115,0.1112,0.1114,36177.0
2025-01-15 20:01:00,0.1115,0.1115,0.1115,0.1115,309.0
2025-01-15 20:02:00,0.1115,0.1116,0.1115,0.1115,19324.0
2025-01-15 20:03:00,0.1115,0.1115,0.1115,0.1115,3413.0
2025-01-15 20:04:00,0.1115,0.1115,0.1113,0.1113,12687.0
2025-01-15 20:05:00,0.1112,0.1112,0.1111,0.1112,3923.0
2025-01-15 20:06:00,0.1114,0.1114,0.1114,0.1114,3000.0
2025-01-15 20:07:00,0.1115,0.1115,0.1114,0.1114,139.0
2025-01-15 20:08:00,0.1114,0.1115,0.1114,0.1115,1863.0
2025-01-15 20:09:00,0.1116,0.1117,0.1116,0.1116,7842.0
2025-01-15 20:10:00,0.1118,0.1118,0.1116,0.1116,10570.0
2025-01-15 20:11:00,0.1116,0.1117,0.1116,0.1116,5201.0
2025-01-15 20:12:00,0.1117,0.112,0.1117,0.112,23286.0
2025-01-15 20:13:00,0.1119,0.1119,0.1117,0.1118,12084.0
2025-01-15 20:14:00,0.1118,0.1118,0.1117,0.1117,3686.0
2025-01-15 20:15:00,0.1118,0.1118,0.1117,0.1118,3656.0
2025-01-15 20:16:00,0.1119,0.112,0.1119,0.1119,6799.0
2025-01-15 20:17:00,0.1118,0.1119,0.1116,0.1119,10990.0
2025-01-15 20:18:00,0.1119,0.1121,0.1119,0.1121,9151.0
2025-01-15 20:19:00,0.1121,0.1121,0.1121,0.1121,535.0
2025-01-15 20:20:00,0.1122,0.1123,0.1121,0.1122,7938.0
2025-01-15 20:21:00,0.1122,0.1123,0.1122,0.1123,13710.0
2025-01-15 20:22:00,0.1123,0.1123,0.1123,0.1123,19763.0
2025-01-15 20:23:00,0.1121,0.1122,0.1121,0.1122,1587.0
2025-01-15 20:24:00,0.1121,0.1122,0.112,0.1122,84008.0
2025-01-15 20:25:00,0.112,0.1122,0.112,0.1121,6506.0
2025-01-15 20:26:00,0.112,0.112,0.112,0.112,3563.0
2025-01-15 20:27:00,0.112,0.112,0.112,0.112,53.0
2025-01-15 20:28:00,0.1122,0.1125,0.112,0.112,202235.0
2025-01-15 20:29:00,0.112,0.112,0.1118,0.1118,29895.0
2025-01-15 20:30:00,0.1117,0.1117,0.1113,0.1114,29265.0
2025-01-15 20:31:00,0.1113,0.1116,0.1113,0.1115,65241.0
2025-01-15 20:32:00,0.1117,0.1119,0.1117,0.1119,1198.0
2025-01-15 20:33:00,0.1117,0.1118,0.1116,0.1118,12795.0
2025-01-15 20:34:00,0.1118,0.1119,0.1118,0.1119,2627.0
2025-01-15 20:35:00,0.1117,0.1117,0.1117,0.1117,3432.0
2025-01-15 20:36:00,0.1117,0.1117,0.1115,0.1115,3071.0
2025-01-15 20:37:00,0.1115,0.1115,0.1115,0.1115,2291.0
2025-01-15 20:38:00,0.1114,0.1114,0.1114,0.1114,406.0
2025-01-15 20:39:00,0.1113,0.1115,0.1113,0.1115,57718.0
2025-01-15 20:40:00,0.1114,0.1114,0.1112,0.1114,14940.0
2025-01-15 20:41:00,0.1112,0.1113,0.1112,0.1113,1541.0
2025-01-15 20:42:00,0.1111,0.1113,0.1111,0.1112,9382.0
2025-01-15 20:43:00,0.1112,0.1112,0.1112,0.1112,4401.0
2025-01-15 20:44:00,0.1112,0.1113,0.1112,0.1113,3974.0
2025-01-15 20:45:00,0.1113,0.1113,0.1113,0.1113,8860.0
2025-01-15 20:46:00,0.1113,0.1113,0.1112,0.1113,5715.0
2025-01-15 20:47:00,0.1113,0.1113,0.1111,0.1111,2445.0
2025-01-15 20:48:00,0.1111,0.1111,0.1109,0.1109,8609.0
2025-01-15 20:49:00,0.1108,0.1108,0.1108,0.1108,1378.0
2025-01-15 20:50:00,0.1107,0.1108,0.1107,0.1108,15178.0
2025-01-15 20:51:00,0.1108,0.111,0.1108,0.111,23345.0
2025-01-15 20:52:00,0.1111,0.1111,0.111,0.111,7499.0
2025-01-15 20:53:00,0.111,0.111,0.111,0.111,0.0
2025-01-15 20:54:00,0.1113,0.1113,0.1112,0.1112,3738.0
2025-01-15 20:55:00,0.1109,0.111,0.1109,0.111,551.0
2025-01-15 20:56:00,0.1111,0.1112,0.1111,0.1112,60646.0
2025-01-15 20:57:00,0.1112,0.1112,0.1111,0.1112,58467.0
2025-01-15 20:58:00,0.1111,0.1111,0.1111,0.1111,19055.0
2025-01-15 20:59:00,0.1112,0.1113,0.1111,0.1112,6970.0
2025-01-15 21:00:00,0.1113,0.1113,0.1112,0.1112,12566.0
2025-01-15 21:01:00,0.1113,0.1113,0.1112,0.1112,356.0
2025-01-15 21:02:00,0.1113,0.1115,0.1113,0.1113,11922.0
2025-01-15 21:03:00,0.1113,0.1113,0.1113,0.1113,5924.0
2025-01-15 21:04:00,0.1113,0.1113,0.1113,0.1113,4621.0
2025-01-15 21:05:00,0.1113,0.1115,0.1113,0.1114,56850.0
2025-01-15 21:06:00,0.1113,0.1114,0.1113,0.1114,1770.0
2025-01-15 21:07:00,0.1113,0.1113,0.1113,0.1113,4125.0
2025-01-15 21:08:00,0.1114,0.1114,0.1113,0.1113,2505.0
2025-01-15 21:09:00,0.1113,0.1113,0.1113,0.1113,3077.0
2025-01-15 21:10:00,0.1114,0.1115,0.1114,0.1115,14519.0
2025-01-15 21:11:00,0.1116,0.1116,0.1116,0.1116,269.0
2025-01-15 21:12:00,0.1116,0.1116,0.1116,0.1116,0.0
2025-01-15 21:13:00,0.1116,0.1116,0.1116,0.1116,0.0
2025-01-15 21:14:00,0.1116,0.1116,0.1116,0.1116,0.0
2025-01-15 21:15:00,0.1116,0.1116,0.1116,0.1116,0.0
2025-01-15 21:16:00,0.1116,0.1119,0.1116,0.1118,17237.0
2025-01-15 21:17:00,0.1119,0.112,0.1118,0.1118,20164.0
2025-01-15 21:18:00,0.1118,0.1118,0.1118,0.1118,0.0
2025-01-15 21:19:00,0.1118,0.1118,0.1118,0.1118,0.0
2025-01-15 21:20:00,0.1118,0.1119,0.1118,0.1119,8085.0
2025-01-15 21:21:00,0.1118,0.1118,0.1118,0.1118,11667.0
2025-01-15 21:22:00,0.1118,0.1118,0.1118,0.1118,8173.0
2025-01-15 21:23:00,0.1118,0.1118,0.1117,0.1117,2863.0
2025-01-15 21:24:00,0.1117,0.1117,0.1117,0.1117,331.0
2025-01-15 21:25:00,0.1116,0.1116,0.1116,0.1116,215.0
2025-01-15 21:26:00,0.1116,0.1118,0.1116,0.1118,4975.0
2025-01-15 21:27:00,0.1118,0.1118,0.1118,0.1118,0.0
2025-01-15 21:28:00,0.1117,0.1117,0.1117,0.1117,448.0
2025-01-15 21:29:00,0.1117,0.1117,0.1117,0.1117,3851.0
2025-01-15 21:30:00,0.1118,0.1118,0.1117,0.1117,2726.0
2025-01-15 21:31:00,0.1117,0.1117,0.1116,0.1116,6279.0
2025-01-15 21:32:00,0.1116,0.1116,0.1116,0.1116,0.0
2025-01-15 21:33:00,0.1116,0.1116,0.1116,0.1116,0.0
2025-01-15 21:34:00,0.1116,0.1116,0.1116,0.1116,6210.0
2025-01-15 21:35:00,0.1116,0.1116,0.1116,0.1116,0.0
2025-01-15 21:36:00,0.1116,0.1116,0.1116,0.1116,7125.0
2025-01-15 21:37:00,0.1115,0.1115,0.1115,0.1115,4902.0
2025-01-15 21:38:00,0.1114,0.1115,0.1114,0.1115,2326.0
2025-01-15 21:39:00,0.1115,0.1115,0.1115,0.1115,0.0
2025-01-15 21:40:00,0.1114,0.1114,0.1113,0.1113,4504.0
2025-01-15 21:41:00,0.1114,0.1115,0.1114,0.1115,2274.0
2025-01-15 21:42:00,0.1115,0.1115,0.1115,0.1115,0.0
2025-01-15 21:43:00,0.1114,0.1114,0.1113,0.1113,5332.0
2025-01-15 21:44:00,0.1113,0.1113,0.1113,0.1113,388.0
2025-01-15 21:45:00,0.1113,0.1113,0.1113,0.1113,71.0
2025-01-15 21:46:00,0.1114,0.1114,0.1114,0.1114,3105.0
2025-01-15 21:47:00,0.1113,0.1113,0.1113,0.1113,2748.0
2025-01-15 21:48:00,0.1114,0.1115,0.1114,0.1115,1496.0
2025-01-15 21:49:00,0.1115,0.1115,0.1115,0.1115,0.0
2025-01-15 21:50:00,0.1115,0.1115,0.1115,0.1115,4286.0
2025-01-15 21:51:00,0.1115,0.1117,0.1115,0.1117,11669.0
2025-01-15 21:52:00,0.1117,0.1117,0.1117,0.1117,319.0
2025-01-15 21:53:00,0.1116,0.1116,0.1115,0.1115,7798.0
2025-01-15 21:54:00,0.1115,0.1115,0.1115,0.1115,0.0
2025-01-15 21:55:00,0.1116,0.1116,0.1116,0.1116,24556.0
2025-01-15 21:56:00,0.1115,0.1115,0.1115,0.1115,2042.0
2025-01-15 21:57:00,0.1115,0.1115,0.1115,0.1115,0.0
2025-01-15 21:58:00,0.1115,0.1115,0.1115,0.1115,6611.0
2025-01-15 21:59:00,0.1115,0.1115,0.1115,0.1115,0.0
2025-01-15 22:00:00,0.1114,0.1114,0.1112,0.1112,7037.0
2025-01-15 22:01:00,0.1113,0.1113,0.1112,0.1113,3615.0
2025-01-15 22:02:00,0.1113,0.1113,0.1113,0.1113,0.0
2025-01-15 22:03:00,0.1113,0.1113,0.1113,0.1113,1957.0
2025-01-15 22:04:00,0.1111,0.1112,0.1111,0.1112,1566.0
2025-01-15 22:05:00,0.1112,0.1112,0.1112,0.1112,0.0
2025-01-15 22:06:00,0.1113,0.1113,0.1112,0.1112,1045.0
2025-01-15 22:07:00,0.1112,0.1113,0.1112,0.1113,15084.0
2025-01-15 22:08:00,0.1112,0.1113,0.1112,0.1113,4843.0
2025-01-15 22:09:00,0.1113,0.1113,0.1112,0.1113,26285.0
2025-01-15 22:10:00,0.1112,0.1112,0.1112,0.1112,11448.0
2025-01-15 22:11:00,0.1112,0.1112,0.1112,0.1112,1378.0
2025-01-15 22:12:00,0.1113,0.1113,0.1112,0.1112,670.0
2025-01-15 22:13:00,0.1112,0.1112,0.1112,0.1112,0.0
2025-01-15 22:14:00,0.1112,0.1114,0.1112,0.1114,5681.0
2025-01-15 22:15:00,0.1114,0.1114,0.1114,0.1114,0.0
2025-01-15 22:16:00,0.1113,0.1113,0.1112,0.1112,1671.0
2025-01-15 22:17:00,0.1112,0.1112,0.1112,0.1112,0.0
2025-01-15 22:18:00,0.1112,0.1112,0.1112,0.1112,8596.0
2025-01-15 22:19:00,0.1112,0.1112,0.1112,0.1112,0.0
2025-01-15 22:20:00,0.1114,0.1114,0.1114,0.1114,3921.0
2025-01-15 22:21:00,0.1113,0.1113,0.1113,0.1113,501.0
2025-01-15 22:22:00,0.1113,0.1114,0.1113,0.1114,5557.0
2025-01-15 22:23:00,0.1114,0.1114,0.1114,0.1114,135.0
2025-01-15 22:24:00,0.1114,0.1114,0.1114,0.1114,2653.0
2025-01-15 22:25:00,0.1114,0.1114,0.1114,0.1114,91.0
2025-01-15 22:26:00,0.1114,0.1114,0.1114,0.1114,0.0
2025-01-15 22:27:00,0.1114,0.1114,0.1114,0.1114,852.0
2025-01-15 22:28:00,0.1114,0.1114,0.1114,0.1114,2042.0
2025-01-15 22:29:00,0.1114,0.1114,0.1114,0.1114,0.0
2025-01-15 22:30:00,0.1114,0.1115,0.1114,0.1115,20310.0
2025-01-15 22:31:00,0.1115,0.1115,0.1114,0.1114,637.0
2025-01-15 22:32:00,0.1116,0.1117,0.1116,0.1117,2550.0
2025-01-15 22:33:00,0.1117,0.1118,0.1117,0.1118,541.0
2025-01-15 22:34:00,0.1117,0.1117,0.1117,0.1117,79.0
2025-01-15 22:35:00,0.1115,0.1115,0.1115,0.1115,46.0
2025-01-15 22:36:00,0.1115,0.1115,0.1115,0.1115,821.0
2025-01-15 22:37:00,0.1115,0.1115,0.1115,0.1115,0.0
2025-01-15 22:38:00,0.1116,0.1116,0.1116,0.1116,1329.0
2025-01-15 22:39:00,0.1116,0.1116,0.1116,0.1116,2919.0
2025-01-15 22:40:00,0.1115,0.1116,0.1115,0.1116,19150.0
2025-01-15 22:41:00,0.1116,0.1116,0.1116,0.1116,224.0
2025-01-15 22:42:00,0.1116,0.1116,0.1116,0.1116,0.0
2025-01-15 22:43:00,0.1117,0.1117,0.1117,0.1117,13373.0
2025-01-15 22:44:00,0.1118,0.112,0.1118,0.1119,59047.0
2025-01-15 22:45:00,0.1119,0.1119,0.1119,0.1119,0.0
2025-01-15 22:46:00,0.1119,0.1119,0.1119,0.1119,66525.0
2025-01-15 22:47:00,0.1119,0.1119,0.1119,0.1119,0.0
2025-01-15 22:48:00,0.1119,0.1119,0.1119,0.1119,0.0
2025-01-15 22:49:00,0.1119,0.1119,0.1119,0.1119,0.0
2025-01-15 22:50:00,0.1121,0.1121,0.112,0.112,268.0
2025-01-15 22:51:00,0.112,0.112,0.112,0.112,164.0
2025-01-15 22:52:00,0.112,0.112,0.112,0.112,0.0
2025-01-15 22:53:00,0.1121,0.1121,0.1121,0.1121,95.0
2025-01-15 22:54:00,0.1121,0.1121,0.1121,0.1121,85.0
2025-01-15 22:55:00,0.1122,0.1122,0.1121,0.1121,3315.0
2025-01-15 22:56:00,0.1122,0.1122,0.1121,0.1121,6555.0
2025-01-15 22:57:00,0.1121,0.1121,0.1121,0.1121,0.0
2025-01-15 22:58:00,0.1121,0.1121,0.112,0.112,19203.0
2025-01-15 22:59:00,0.112,0.112,0.112,0.112,0.0
2025-01-15 23:00:00,0.1122,0.1123,0.1122,0.1123,1367.0
2025-01-15 23:01:00,0.1125,0.1125,0.1123,0.1123,473.0
2025-01-15 23:02:00,0.1123,0.1123,0.1122,0.1123,3629.0
2025-01-15 23:03:00,0.1121,0.1121,0.1121,0.1121,10887.0
2025-01-15 23:04:00,0.1121,0.1122,0.1121,0.1122,4484.0
2025-01-15 23:05:00,0.1122,0.1122,0.1122,0.1122,0.0
2025-01-15 23:06:00,0.1121,0.1121,0.1121,0.1121,2140.0
2025-01-15 23:07:00,0.112,0.112,0.112,0.112,594.0
2025-01-15 23:08:00,0.112,0.112,0.112,0.112,0.0
2025-01-15 23:09:00,0.112,0.112,0.112,0.112,0.0
2025-01-15 23:10:00,0.112,0.112,0.112,0.112,90.0
2025-01-15 23:11:00,0.1119,0.1119,0.1118,0.1118,3966.0
2025-01-15 23:12:00,0.1119,0.1119,0.1118,0.1118,3780.0
2025-01-15 23:13:00,0.1119,0.1119,0.1119,0.1119,5360.0
2025-01-15 23:14:00,0.1119,0.1119,0.1118,0.1118,23682.0
2025-01-15 23:15:00,0.1118,0.112,0.1118,0.112,49925.0
2025-01-15 23:16:00,0.112,0.112,0.112,0.112,1670.0
2025-01-15 23:17:00,0.1121,0.1121,0.112,0.112,22375.0
2025-01-15 23:18:00,0.112,0.112,0.1119,0.112,15747.0
2025-01-15 23:19:00,0.1121,0.1121,0.1121,0.1121,56.0
2025-01-15 23:20:00,0.1121,0.1121,0.1121,0.1121,0.0
2025-01-15 23:21:00,0.1121,0.1121,0.1121,0.1121,302.0
2025-01-15 23:22:00,0.112,0.112,0.1119,0.112,14994.0
2025-01-15 23:23:00,0.112,0.112,0.112,0.112,2925.0
2025-01-15 23:24:00,0.112,0.112,0.112,0.112,3818.0
2025-01-15 23:25:00,0.1121,0.1121,0.1121,0.1121,13594.0
2025-01-15 23:26:00,0.1121,0.1121,0.1121,0.1121,0.0
2025-01-15 23:27:00,0.1121,0.1121,0.1121,0.1121,0.0
2025-01-15 23:28:00,0.1121,0.1121,0.1121,0.1121,3985.0
2025-01-15 23:29:00,0.1121,0.1121,0.1121,0.1121,0.0
2025-01-15 23:30:00,0.1122,0.1122,0.112,0.1121,35069.0
2025-01-15 23:31:00,0.1121,0.1121,0.112,0.112,14978.0
2025-01-15 23:32:00,0.112,0.112,0.112,0.112,2185.0
2025-01-15 23:33:00,0.112,0.1121,0.1119,0.1119,11332.0
2025-01-15 23:34:00,0.1119,0.112,0.1119,0.112,6350.0
2025-01-15 23:35:00,0.112,0.1123,0.112,0.1122,42522.0
2025-01-15 23:36:00,0.1122,0.1122,0.1122,0.1122,0.0
2025-01-15 23:37:00,0.1122,0.1123,0.1122,0.1123,11743.0
2025-01-15 23:38:00,0.1122,0.1122,0.1122,0.1122,7371.0
2025-01-15 23:39:00,0.1122,0.1122,0.1122,0.1122,2556.0
2025-01-15 23:40:00,0.1122,0.1122,0.1122,0.1122,17177.0
2025-01-15 23:41:00,0.1122,0.1122,0.1122,0.1122,0.0
2025-01-15 23:42:00,0.1122,0.1122,0.1122,0.1122,10517.0
2025-01-15 23:43:00,0.1123,0.1123,0.1123,0.1123,23008.0
2025-01-15 23:44:00,0.1123,0.1123,0.1122,0.1122,17295.0
2025-01-15 23:45:00,0.1122,0.1122,0.1122,0.1122,0.0
2025-01-15 23:46:00,0.1121,0.1121,0.1121,0.1121,1784.0
2025-01-15 23:47:00,0.1122,0.1122,0.1122,0.1122,1099.0
2025-01-15 23:48:00,0.1122,0.1122,0.1122,0.1122,2935.0
2025-01-15 23:49:00,0.1121,0.1121,0.1121,0.1121,1696.0
2025-01-15 23:50:00,0.1121,0.1122,0.1121,0.1122,18067.0
2025-01-15 23:51:00,0.1121,0.1121,0.1121,0.1121,4986.0
2025-01-15 23:52:00,0.1121,0.1121,0.1121,0.1121,0.0
2025-01-15 23:53:00,0.1122,0.1122,0.1122,0.1122,1579.0
2025-01-15 23:54:00,0.1121,0.1121,0.1121,0.1121,446.0
2025-01-15 23:55:00,0.1122,0.1122,0.1122,0.1122,4650.0
2025-01-15 23:56:00,0.1121,0.1121,0.1121,0.1121,2826.0
2025-01-15 23:57:00,0.1121,0.1121,0.1121,0.1121,15955.0
2025-01-15 23:58:00,0.1121,0.1121,0.1121,0.1121,7633.0
2025-01-15 23:59:00,0.1121,0.1121,0.1121,0.1121,0.0
2025-01-16 00:00:00,0.1122,0.1124,0.1122,0.1124,41993.0
2025-01-16 00:01:00,0.1124,0.1125,0.1124,0.1124,24342.0
2025-01-16 00:02:00,0.1124,0.1125,0.1123,0.1124,33649.0
2025-01-16 00:03:00,0.1124,0.1125,0.1122,0.1122,32467.0
2025-01-16 00:04:00,0.1122,0.1122,0.112,0.112,28534.0
2025-01-16 00:05:00,0.1121,0.1122,0.1121,0.1122,10558.0
2025-01-16 00:06:00,0.112,0.112,0.1118,0.1118,15725.0
2025-01-16 00:07:00,0.1118,0.1118,0.1116,0.1118,18474.0
2025-01-16 00:08:00,0.1117,0.1117,0.1115,0.1115,11097.0
2025-01-16 00:09:00,0.1115,0.1115,0.1114,0.1114,9594.0
2025-01-16 00:10:00,0.1116,0.1116,0.1115,0.1116,1562.0
2025-01-16 00:11:00,0.1116,0.1116,0.1116,0.1116,0.0
2025-01-16 00:12:00,0.1116,0.1116,0.1116,0.1116,0.0
2025-01-16 00:13:00,0.1116,0.1116,0.1116,0.1116,0.0
2025-01-16 00:14:00,0.1115,0.1115,0.1115,0.1115,55.0
2025-01-16 00:15:00,0.1114,0.1115,0.1113,0.1114,17443.0
2025-01-16 00:16:00,0.1113,0.1114,0.1113,0.1114,7352.0
2025-01-16 00:17:00,0.1114,0.1115,0.1114,0.1114,33194.0
2025-01-16 00:18:00,0.1113,0.1113,0.1112,0.1112,522.0
2025-01-16 00:19:00,0.1113,0.1113,0.1113,0.1113,1138.0
2025-01-16 00:20:00,0.1113,0.1113,0.1113,0.1113,0.0
2025-01-16 00:21:00,0.1113,0.1114,0.1113,0.1114,17487.0
2025-01-16 00:22:00,0.1113,0.1113,0.1113,0.1113,8825.0
2025-01-16 00:23:00,0.1114,0.1116,0.1114,0.1116,8397.0
2025-01-16 00:24:00,0.1116,0.1116,0.1116,0.1116,1694.0
2025-01-16 00:25:00,0.1117,0.1117,0.1117,0.1117,6746.0
2025-01-16 00:26:00,0.1117,0.1117,0.1117,0.1117,11128.0
2025-01-16 00:27:00,0.1117,0.1117,0.1117,0.1117,0.0
2025-01-16 00:28:00,0.1114,0.1114,0.1114,0.1114,190.0
2025-01-16 00:29:00,0.1115,0.1115,0.1114,0.1114,26525.0
2025-01-16 00:30:00,0.1115,0.1116,0.1114,0.1114,5508.0
2025-01-16 00:31:00,0.1113,0.1113,0.1112,0.1112,4399.0
2025-01-16 00:32:00,0.1111,0.1112,0.1111,0.1112,472.0
2025-01-16 00:33:00,0.1112,0.1113,0.1112,0.1113,2534.0
2025-01-16 00:34:00,0.1111,0.1111,0.1111,0.1111,507.0
2025-01-16 00:35:00,0.1111,0.1111,0.1109,0.1109,18292.0
2025-01-16 00:36:00,0.1109,0.1109,0.1105,0.1105,7350.0
2025-01-16 00:37:00,0.1105,0.1106,0.1105,0.1105,5996.0
2025-01-16 00:38:00,0.1104,0.1104,0.1102,0.1102,10785.0
2025-01-16 00:39:00,0.1102,0.1102,0.1102,0.1102,147.0
2025-01-16 00:40:00,0.1102,0.1103,0.1102,0.1103,49319.0
2025-01-16 00:41:00,0.1103,0.1104,0.1103,0.1104,7216.0
2025-01-16 00:42:00,0.1104,0.1104,0.1104,0.1104,0.0
2025-01-16 00:43:00,0.1102,0.1103,0.1102,0.1103,4573.0
2025-01-16 00:44:00,0.1103,0.1105,0.1103,0.1105,3175.0
2025-01-16 00:45:00,0.1105,0.1106,0.1105,0.1106,12917.0
2025-01-16 00:46:00,0.1107,0.1107,0.1105,0.1105,1609.0
2025-01-16 00:47:00,0.1107,0.1107,0.1106,0.1106,6418.0
2025-01-16 00:48:00,0.1107,0.1107,0.1107,0.1107,1828.0
2025-01-16 00:49:00,0.1108,0.1109,0.1108,0.1109,3443.0
2025-01-16 00:50:00,0.1109,0.111,0.1109,0.111,4332.0
2025-01-16 00:51:00,0.1108,0.1108,0.1108,0.1108,204.0
2025-01-16 00:52:00,0.1108,0.1108,0.1108,0.1108,1808.0
2025-01-16 00:53:00,0.1108,0.1108,0.1107,0.1107,195.0
2025-01-16 00:54:00,0.1108,0.1108,0.1108,0.1108,4405.0
2025-01-16 00:55:00,0.1109,0.111,0.1109,0.1109,39981.0
2025-01-16 00:56:00,0.1109,0.1109,0.1109,0.1109,0.0
2025-01-16 00:57:00,0.1108,0.1108,0.1108,0.1108,9258.0
2025-01-16 00:58:00,0.1107,0.1108,0.1107,0.1108,454.0
2025-01-16 00:59:00,0.1108,0.1108,0.1108,0.1108,19318.0
2025-01-16 01:00:00,0.1108,0.1109,0.1108,0.1109,2647.0
2025-01-16 01:01:00,0.111,0.1111,0.111,0.1111,4546.0
2025-01-16 01:02:00,0.1111,0.1113,0.1111,0.1113,7601.0
2025-01-16 01:03:00,0.1113,0.1113,0.1113,0.1113,541.0
2025-01-16 01:04:00,0.1113,0.1114,0.1113,0.1114,7089.0
2025-01-16 01:05:00,0.1114,0.1115,0.1114,0.1114,4836.0
2025-01-16 01:06:00,0.1115,0.1115,0.1115,0.1115,2466.0
2025-01-16 01:07:00,0.1114,0.1115,0.1114,0.1115,286.0
2025-01-16 01:08:00,0.1116,0.1116,0.1116,0.1116,7679.0
2025-01-16 01:09:00,0.1116,0.1116,0.1116,0.1116,0.0
2025-01-16 01:10:00,0.1115,0.1115,0.1115,0.1115,432.0
2025-01-16 01:11:00,0.1115,0.1115,0.1115,0.1115,0.0
2025-01-16 01:12:00,0.1114,0.1115,0.1113,0.1113,56220.0
2025-01-16 01:13:00,0.1113,0.1113,0.1113,0.1113,0.0
2025-01-16 01:14:00,0.1113,0.1113,0.1113,0.1113,328.0
2025-01-16 01:15:00,0.1113,0.1113,0.1113,0.1113,0.0
2025-01-16 01:16:00,0.1113,0.1113,0.1113,0.1113,1347.0
2025-01-16 01:17:00,0.1112,0.1112,0.1112,0.1112,3036.0
2025-01-16 01:18:00,0.1112,0.1112,0.1112,0.1112,0.0
2025-01-16 01:19:00,0.1112,0.1112,0.1112,0.1112,1348.0
2025-01-16 01:20:00,0.1111,0.1111,0.1108,0.1108,15205.0
2025-01-16 01:21:00,0.111,0.111,0.1109,0.1109,12013.0
2025-01-16 01:22:00,0.1109,0.1109,0.1109,0.1109,10279.0
2025-01-16 01:23:00,0.111,0.111,0.111,0.111,8451.0
2025-01-16 01:24:00,0.111,0.111,0.111,0.111,14526.0
2025-01-16 01:25:00,0.1109,0.1113,0.1109,0.1113,169824.0
2025-01-16 01:26:00,0.1113,0.1113,0.1113,0.1113,274.0
2025-01-16 01:27:00,0.1112,0.1112,0.1112,0.1112,23396.0
2025-01-16 01:28:00,0.1112,0.1113,0.1112,0.1113,2580.0
2025-01-16 01:29:00,0.1115,0.1115,0.1115,0.1115,1500.0
2025-01-16 01:30:00,0.1113,0.1113,0.1113,0.1113,666.0
2025-01-16 01:31:00,0.1113,0.1113,0.1111,0.1111,18801.0
2025-01-16 01:32:00,0.1112,0.1112,0.1112,0.1112,1498.0
2025-01-16 01:33:00,0.1113,0.1113,0.1113,0.1113,2704.0
2025-01-16 01:34:00,0.1114,0.1114,0.1113,0.1113,17068.0
2025-01-16 01:35:00,0.1113,0.1113,0.1113,0.1113,7547.0
2025-01-16 01:36:00,0.1114,0.1114,0.1114,0.1114,1500.0
2025-01-16 01:37:00,0.1114,0.1114,0.1114,0.1114,0.0
2025-01-16 01:38:00,0.1114,0.1114,0.1114,0.1114,0.0
2025-01-16 01:39:00,0.1116,0.1118,0.1116,0.1118,57320.0
2025-01-16 01:40:00,0.1117,0.1117,0.1116,0.1116,8266.0
2025-01-16 01:41:00,0.1116,0.1117,0.1116,0.1117,13630.0
2025-01-16 01:42:00,0.1114,0.1114,0.1114,0.1114,121.0
2025-01-16 01:43:00,0.1114,0.1114,0.1114,0.1114,0.0
2025-01-16 01:44:00,0.1117,0.1117,0.1117,0.1117,2166.0
2025-01-16 01:45:00,0.1117,0.1117,0.1117,0.1117,0.0
2025-01-16 01:46:00,0.1118,0.1118,0.1118,0.1118,3062.0
2025-01-16 01:47:00,0.1118,0.1118,0.1117,0.1117,5438.0
2025-01-16 01:48:00,0.1117,0.1117,0.1117,0.1117,123.0
2025-01-16 01:49:00,0.1117,0.1118,0.1117,0.1118,117.0
2025-01-16 01:50:00,0.1119,0.1119,0.1119,0.1119,500.0
2025-01-16 01:51:00,0.1118,0.1118,0.1117,0.1117,15285.0
2025-01-16 01:52:00,0.1118,0.1118,0.1118,0.1118,13248.0
2025-01-16 01:53:00,0.1119,0.1119,0.1119,0.1119,1998.0
2025-01-16 01:54:00,0.1119,0.1119,0.1119,0.1119,0.0
2025-01-16 01:55:00,0.112,0.112,0.112,0.112,4486.0
2025-01-16 01:56:00,0.112,0.1121,0.112,0.1121,6334.0
2025-01-16 01:57:00,0.1118,0.1118,0.1118,0.1118,6433.0
2025-01-16 01:58:00,0.1119,0.1119,0.1119,0.1119,546.0
2025-01-16 01:59:00,0.1118,0.1118,0.1118,0.1118,2850.0
2025-01-16 02:00:00,0.1118,0.1118,0.1116,0.1116,18823.0
2025-01-16 02:01:00,0.1116,0.1116,0.1115,0.1116,4658.0
2025-01-16 02:02:00,0.1113,0.1114,0.1112,0.1112,5775.0
2025-01-16 02:03:00,0.1113,0.1113,0.1112,0.1112,1420.0
2025-01-16 02:04:00,0.1111,0.1113,0.1111,0.1113,1854.0
2025-01-16 02:05:00,0.1114,0.1114,0.1114,0.1114,5850.0
2025-01-16 02:06:00,0.1114,0.1114,0.1114,0.1114,274.0
2025-01-16 02:07:00,0.1115,0.1116,0.1115,0.1116,2203.0
2025-01-16 02:08:00,0.1114,0.1114,0.1114,0.1114,92.0
2025-01-16 02:09:00,0.1114,0.1114,0.1114,0.1114,5147.0
2025-01-16 02:10:00,0.1115,0.1115,0.1114,0.1114,6053.0
2025-01-16 02:11:00,0.1114,0.1114,0.1113,0.1113,2687.0
2025-01-16 02:12:00,0.1113,0.1113,0.1113,0.1113,0.0
2025-01-16 02:13:00,0.1115,0.1117,0.1115,0.1117,98494.0
2025-01-16 02:14:00,0.1116,0.1116,0.1116,0.1116,97.0
2025-01-16 02:15:00,0.1116,0.1116,0.1115,0.1115,104395.0
2025-01-16 02:16:00,0.1115,0.1115,0.1115,0.1115,36292.0
2025-01-16 02:17:00,0.1116,0.1116,0.1116,0.1116,5773.0
2025-01-16 02:18:00,0.1116,0.1118,0.1116,0.1118,9382.0
2025-01-16 02:19:00,0.1118,0.1118,0.1116,0.1116,42480.0
2025-01-16 02:20:00,0.1118,0.1119,0.1118,0.1119,15208.0
2025-01-16 02:21:00,0.112,0.1122,0.112,0.1122,21682.0
2025-01-16 02:22:00,0.1122,0.1122,0.112,0.112,66427.0
2025-01-16 02:23:00,0.1119,0.1119,0.1119,0.1119,18050.0
2025-01-16 02:24:00,0.1119,0.1119,0.1119,0.1119,0.0
2025-01-16 02:25:00,0.1121,0.1121,0.112,0.112,38928.0
2025-01-16 02:26:00,0.112,0.1121,0.112,0.1121,8887.0
2025-01-16 02:27:00,0.1121,0.1122,0.112,0.1121,50563.0
2025-01-16 02:28:00,0.1122,0.1122,0.112,0.112,19670.0
2025-01-16 02:29:00,0.112,0.112,0.112,0.112,0.0
2025-01-16 02:30:00,0.1121,0.1122,0.1121,0.1121,12025.0
2025-01-16 02:31:00,0.1121,0.1121,0.1121,0.1121,4541.0
2025-01-16 02:32:00,0.1121,0.1121,0.112,0.112,16356.0
2025-01-16 02:33:00,0.112,0.1121,0.112,0.1121,6776.0
2025-01-16 02:34:00,0.1121,0.1121,0.112,0.112,10659.0
2025-01-16 02:35:00,0.112,0.112,0.1119,0.1119,2925.0
2025-01-16 02:36:00,0.1119,0.1119,0.1119,0.1119,3849.0
2025-01-16 02:37:00,0.1119,0.1119,0.1118,0.1118,1835.0
2025-01-16 02:38:00,0.1117,0.1118,0.1117,0.1118,3180.0
2025-01-16 02:39:00,0.1118,0.1118,0.1117,0.1118,3406.0
2025-01-16 02:40:00,0.1118,0.1119,0.1118,0.1118,3042.0
2025-01-16 02:41:00,0.1118,0.1118,0.1118,0.1118,0.0
2025-01-16 02:42:00,0.1117,0.1117,0.1116,0.1117,7542.0
2025-01-16 02:43:00,0.1117,0.1117,0.1117,0.1117,0.0
2025-01-16 02:44:00,0.1117,0.1117,0.1117,0.1117,3600.0
2025-01-16 02:45:00,0.1117,0.1117,0.1116,0.1116,9472.0
2025-01-16 02:46:00,0.1116,0.1116,0.1116,0.1116,1188.0
2025-01-16 02:47:00,0.1117,0.1117,0.1116,0.1116,2756.0
2025-01-16 02:48:00,0.1116,0.1116,0.1116,0.1116,0.0
2025-01-16 02:49:00,0.1116,0.1116,0.1116,0.1116,83.0
2025-01-16 02:50:00,0.1115,0.1115,0.1115,0.1115,618.0
2025-01-16 02:51:00,0.1116,0.1116,0.1116,0.1116,163.0
2025-01-16 02:52:00,0.1117,0.1117,0.1117,0.1117,567.0
2025-01-16 02:53:00,0.1115,0.1115,0.1115,0.1115,1586.0
2025-01-16 02:54:00,0.1115,0.1115,0.1115,0.1115,0.0
2025-01-16 02:55:00,0.1115,0.1115,0.1115,0.1115,0.0
2025-01-16 02:56:00,0.1115,0.1115,0.1115,0.1115,0.0
2025-01-16 02:57:00,0.1114,0.1115,0.1113,0.1115,32245.0
2025-01-16 02:58:00,0.1115,0.1116,0.1115,0.1116,12384.0
2025-01-16 02:59:00,0.1115,0.1115,0.1114,0.1114,23986.0
2025-01-16 03:00:00,0.1115,0.1116,0.1115,0.1116,15562.0
2025-01-16 03:01:00,0.1115,0.1115,0.1115,0.1115,1038.0
2025-01-16 03:02:00,0.1115,0.1116,0.1115,0.1116,1319.0
2025-01-16 03:03:00,0.1116,0.1117,0.1116,0.1117,7821.0
2025-01-16 03:04:00,0.1114,0.1115,0.1114,0.1115,4957.0
2025-01-16 03:05:00,0.1116,0.1116,0.1116,0.1116,279.0
2025-01-16 03:06:00,0.1116,0.1118,0.1116,0.1118,16629.0
2025-01-16 03:07:00,0.1117,0.1117,0.1116,0.1116,5850.0
2025-01-16 03:08:00,0.1116,0.1116,0.1116,0.1116,2925.0
2025-01-16 03:09:00,0.1118,0.1118,0.1118,0.1118,2925.0
2025-01-16 03:10:00,0.1117,0.1117,0.1117,0.1117,422.0
2025-01-16 03:11:00,0.1118,0.1118,0.1118,0.1118,5850.0
2025-01-16 03:12:00,0.1119,0.1119,0.1119,0.1119,185.0
2025-01-16 03:13:00,0.1118,0.1118,0.1117,0.1117,11542.0
2025-01-16 03:14:00,0.1117,0.1117,0.1117,0.1117,0.0
2025-01-16 03:15:00,0.1117,0.1117,0.1117,0.1117,0.0
2025-01-16 03:16:00,0.1116,0.1116,0.1116,0.1116,79.0
2025-01-16 03:17:00,0.1117,0.1118,0.1117,0.1118,5404.0
2025-01-16 03:18:00,0.1118,0.1118,0.1116,0.1116,6589.0
2025-01-16 03:19:00,0.1114,0.1114,0.1114,0.1114,1346.0
2025-01-16 03:20:00,0.1113,0.1113,0.1113,0.1113,1228.0
2025-01-16 03:21:00,0.1114,0.1114,0.1114,0.1114,2934.0
2025-01-16 03:22:00,0.1114,0.1114,0.1114,0.1114,0.0
2025-01-16 03:23:00,0.1114,0.1114,0.1114,0.1114,0.0
2025-01-16 03:24:00,0.1113,0.1113,0.1112,0.1112,4825.0
2025-01-16 03:25:00,0.1113,0.1113,0.1113,0.1113,1309.0
2025-01-16 03:26:00,0.1113,0.1113,0.1113,0.1113,96.0
2025-01-16 03:27:00,0.1113,0.1113,0.1113,0.1113,0.0
2025-01-16 03:28:00,0.1113,0.1113,0.1113,0.1113,11117.0
2025-01-16 03:29:00,0.1113,0.1113,0.1113,0.1113,3802.0
2025-01-16 03:30:00,0.1111,0.1111,0.1109,0.1109,4817.0
2025-01-16 03:31:00,0.1109,0.1109,0.1109,0.1109,17114.0
2025-01-16 03:32:00,0.1108,0.1108,0.1108,0.1108,2503.0
2025-01-16 03:33:00,0.1108,0.1108,0.1108,0.1108,0.0
2025-01-16 03:34:00,0.1107,0.1107,0.1107,0.1107,201.0
2025-01-16 03:35:00,0.1108,0.1108,0.1107,0.1107,2953.0
2025-01-16 03:36:00,0.1109,0.1109,0.1107,0.1107,1304.0
2025-01-16 03:37:00,0.1106,0.1106,0.1106,0.1106,106.0
2025-01-16 03:38:00,0.1106,0.1108,0.1106,0.1108,6711.0
2025-01-16 03:39:00,0.1109,0.1109,0.1109,0.1109,10000.0
2025-01-16 03:40:00,0.1109,0.111,0.1109,0.111,3084.0
2025-01-16 03:41:00,0.111,0.111,0.111,0.111,3973.0
2025-01-16 03:42:00,0.111,0.111,0.111,0.111,0.0
2025-01-16 03:43:00,0.111,0.111,0.111,0.111,0.0
2025-01-16 03:44:00,0.1113,0.1113,0.1113,0.1113,1500.0
2025-01-16 03:45:00,0.1113,0.1113,0.1113,0.1113,7394.0
2025-01-16 03:46:00,0.1113,0.1113,0.1113,0.1113,2695.0
2025-01-16 03:47:00,0.1112,0.1112,0.1112,0.1112,374.0
2025-01-16 03:48:00,0.1112,0.1112,0.1112,0.1112,6935.0
2025-01-16 03:49:00,0.1112,0.1112,0.1112,0.1112,93.0
2025-01-16 03:50:00,0.1111,0.1113,0.1111,0.1113,2086.0
2025-01-16 03:51:00,0.1111,0.1111,0.111,0.1111,14061.0
2025-01-16 03:52:00,0.1111,0.1111,0.1111,0.1111,398.0
2025-01-16 03:53:00,0.1111,0.1111,0.1111,0.1111,0.0
2025-01-16 03:54:00,0.1111,0.1111,0.1111,0.1111,0.0
2025-01-16 03:55:00,0.1111,0.1111,0.1111,0.1111,0.0
2025-01-16 03:56:00,0.1111,0.1111,0.1111,0.1111,0.0
2025-01-16 03:57:00,0.1111,0.1111,0.1111,0.1111,14234.0
2025-01-16 03:58:00,0.1112,0.1113,0.1112,0.1113,1599.0
2025-01-16 03:59:00,0.1113,0.1113,0.1113,0.1113,91.0
2025-01-16 04:00:00,0.1113,0.1114,0.1113,0.1114,3477.0
2025-01-16 04:01:00,0.1114,0.1115,0.1114,0.1115,43519.0
2025-01-16 04:02:00,0.1114,0.1114,0.1114,0.1114,7840.0
2025-01-16 04:03:00,0.1114,0.1114,0.1114,0.1114,4577.0
2025-01-16 04:04:00,0.1112,0.1112,0.1112,0.1112,5620.0
2025-01-16 04:05:00,0.1112,0.1112,0.1112,0.1112,0.0
2025-01-16 04:06:00,0.1111,0.1111,0.1111,0.1111,117.0
2025-01-16 04:07:00,0.1111,0.1111,0.1111,0.1111,0.0
2025-01-16 04:08:00,0.1111,0.1111,0.1111,0.1111,0.0
2025-01-16 04:09:00,0.1113,0.1113,0.1113,0.1113,91.0
2025-01-16 04:10:00,0.1112,0.1113,0.1112,0.1113,4455.0
2025-01-16 04:11:00,0.1113,0.1113,0.1113,0.1113,0.0
2025-01-16 04:12:00,0.1113,0.1113,0.1113,0.1113,3298.0
2025-01-16 04:13:00,0.1113,0.1113,0.1113,0.1113,0.0
2025-01-16 04:14:00,0.1114,0.1114,0.1114,0.1114,92.0
2025-01-16 04:15:00,0.1114,0.1114,0.1114,0.1114,0.0
2025-01-16 04:16:00,0.1114,0.1114,0.1114,0.1114,0.0
2025-01-16 04:17:00,0.1113,0.1113,0.1113,0.1113,174.0
2025-01-16 04:18:00,0.1113,0.1113,0.1113,0.1113,0.0
2025-01-16 04:19:00,0.1113,0.1113,0.1113,0.1113,0.0
2025-01-16 04:20:00,0.1113,0.1113,0.1113,0.1113,5850.0
2025-01-16 04:21:00,0.1113,0.1113,0.1113,0.1113,4660.0
2025-01-16 04:22:00,0.1112,0.1113,0.1112,0.1113,4540.0
2025-01-16 04:23:00,0.1113,0.1113,0.1113,0.1113,1559.0
2025-01-16 04:24:00,0.1112,0.1112,0.1112,0.1112,4724.0
2025-01-16 04:25:00,0.1112,0.1112,0.1112,0.1112,5614.0
2025-01-16 04:26:00,0.1112,0.1112,0.1112,0.1112,1824.0
2025-01-16 04:27:00,0.1112,0.1112,0.1112,0.1112,0.0
2025-01-16 04:28:00,0.1113,0.1113,0.1113,0.1113,2091.0
2025-01-16 04:29:00,0.1114,0.1114,0.1114,0.1114,1501.0
2025-01-16 04:30:00,0.1114,0.1114,0.1114,0.1114,0.0
2025-01-16 04:31:00,0.1113,0.1113,0.1113,0.1113,1703.0
2025-01-16 04:32:00,0.1113,0.1113,0.1113,0.1113,0.0
2025-01-16 04:33:00,0.1113,0.1113,0.1113,0.1113,0.0
2025-01-16 04:34:00,0.1112,0.1112,0.1112,0.1112,93.0
2025-01-16 04:35:00,0.1112,0.1113,0.1112,0.1113,16840.0
2025-01-16 04:36:00,0.1113,0.1113,0.1113,0.1113,1517.0
2025-01-16 04:37:00,0.1113,0.1113,0.1113,0.1113,0.0
2025-01-16 04:38:00,0.1113,0.1113,0.1113,0.1113,0.0
2025-01-16 04:39:00,0.1113,0.1113,0.1113,0.1113,0.0
2025-01-16 04:40:00,0.1113,0.1113,0.1113,0.1113,66.0
2025-01-16 04:41:00,0.1113,0.1113,0.1113,0.1113,0.0
2025-01-16 04:42:00,0.1113,0.1113,0.1113,0.1113,0.0
2025-01-16 04:43:00,0.1115,0.1115,0.1115,0.1115,97.0
2025-01-16 04:44:00,0.1115,0.1115,0.1115,0.1115,4478.0
2025-01-16 04:45:00,0.1115,0.1115,0.1114,0.1114,5939.0
2025-01-16 04:46:00,0.1114,0.1114,0.1114,0.1114,0.0
2025-01-16 04:47:00,0.1112,0.1113,0.1112,0.1113,7262.0
2025-01-16 04:48:00,0.1114,0.1114,0.1114,0.1114,116.0
2025-01-16 04:49:00,0.1114,0.1114,0.1112,0.1112,1116.0
2025-01-16 04:50:00,0.1112,0.1114,0.1112,0.1114,1750.0
2025-01-16 04:51:00,0.1114,0.1114,0.1113,0.1113,15510.0
2025-01-16 04:52:00,0.1113,0.1113,0.1113,0.1113,3362.0
2025-01-16 04:53:00,0.1113,0.1113,0.1113,0.1113,2907.0
2025-01-16 04:54:00,0.1113,0.1113,0.1113,0.1113,0.0
2025-01-16 04:55:00,0.1113,0.1113,0.1113,0.1113,92.0
2025-01-16 04:56:00,0.1113,0.1113,0.1113,0.1113,3071.0
2025-01-16 04:57:00,0.1113,0.1113,0.1113,0.1113,0.0
2025-01-16 04:58:00,0.1114,0.1114,0.1114,0.1114,121.0
2025-01-16 04:59:00,0.1114,0.1114,0.1114,0.1114,56.0
2025-01-16 05:00:00,0.1113,0.1113,0.1113,0.1113,56.0
2025-01-16 05:01:00,0.1112,0.1112,0.1112,0.1112,3918.0
2025-01-16 05:02:00,0.1112,0.1112,0.1112,0.1112,94.0
2025-01-16 05:03:00,0.1112,0.1112,0.1112,0.1112,5850.0
2025-01-16 05:04:00,0.1111,0.1111,0.1111,0.1111,92.0
2025-01-16 05:05:00,0.1112,0.1112,0.1111,0.1111,11927.0
2025-01-16 05:06:00,0.1112,0.1112,0.1112,0.1112,16031.0
2025-01-16 05:07:00,0.1111,0.1111,0.1111,0.1111,5777.0
2025-01-16 05:08:00,0.1111,0.1111,0.1111,0.1111,3671.0
2025-01-16 05:09:00,0.1111,0.1111,0.1111,0.1111,1997.0
2025-01-16 05:10:00,0.1111,0.1111,0.1109,0.1109,6533.0
2025-01-16 05:11:00,0.1109,0.1109,0.1109,0.1109,95.0
2025-01-16 05:12:00,0.1109,0.1109,0.1109,0.1109,0.0
2025-01-16 05:13:00,0.1109,0.1109,0.1109,0.1109,0.0
2025-01-16 05:14:00,0.1109,0.1109,0.1109,0.1109,0.0
2025-01-16 05:15:00,0.1108,0.1108,0.1108,0.1108,6647.0
2025-01-16 05:16:00,0.1108,0.1108,0.1108,0.1108,0.0
2025-01-16 05:17:00,0.1109,0.1109,0.1109,0.1109,102.0
2025-01-16 05:18:00,0.1109,0.1109,0.1109,0.1109,1902.0
2025-01-16 05:19:00,0.1109,0.1109,0.1109,0.1109,5743.0
2025-01-16 05:20:00,0.111,0.1111,0.111,0.1111,2952.0
2025-01-16 05:21:00,0.1111,0.1111,0.1111,0.1111,1056.0
2025-01-16 05:22:00,0.1111,0.1111,0.1111,0.1111,0.0
2025-01-16 05:23:00,0.1111,0.1111,0.1111,0.1111,2946.0
2025-01-16 05:24:00,0.1111,0.1111,0.1111,0.1111,91.0
2025-01-16 05:25:00,0.1111,0.1112,0.1111,0.1112,3709.0
2025-01-16 05:26:00,0.1111,0.1111,0.1111,0.1111,3671.0
2025-01-16 05:27:00,0.1111,0.1111,0.1111,0.1111,0.0
2025-01-16 05:28:00,0.1111,0.1111,0.1111,0.1111,0.0
2025-01-16 05:29:00,0.1111,0.1111,0.1111,0.1111,0.0
2025-01-16 05:30:00,0.1111,0.1111,0.1111,0.1111,0.0
2025-01-16 05:31:00,0.1113,0.1113,0.1113,0.1113,15776.0
2025-01-16 05:32:00,0.1112,0.1112,0.1112,0.1112,140.0
2025-01-16 05:33:00,0.1113,0.1114,0.1113,0.1114,1507.0
2025-01-16 05:34:00,0.1115,0.1115,0.1115,0.1115,1143.0
2025-01-16 05:35:00,0.1114,0.1114,0.1113,0.1113,11385.0
2025-01-16 05:36:00,0.1114,0.1114,0.1114,0.1114,793.0
2025-01-16 05:37:00,0.1115,0.1115,0.1115,0.1115,1563.0
2025-01-16 05:38:00,0.1115,0.1115,0.1115,0.1115,0.0
2025-01-16 05:39:00,0.1115,0.1115,0.1115,0.1115,3145.0
2025-01-16 05:40:00,0.1115,0.1115,0.1113,0.1113,9133.0
2025-01-16 05:41:00,0.1114,0.1114,0.1114,0.1114,24501.0
2025-01-16 05:42:00,0.1115,0.1115,0.1114,0.1114,2921.0
2025-01-16 05:43:00,0.1114,0.1114,0.1114,0.1114,0.0
2025-01-16 05:44:00,0.1114,0.1114,0.1114,0.1114,250.0
2025-01-16 05:45:00,0.1114,0.1115,0.1114,0.1115,49353.0
2025-01-16 05:46:00,0.1115,0.1115,0.1115,0.1115,0.0
2025-01-16 05:47:00,0.1115,0.1115,0.1114,0.1115,5399.0
2025-01-16 05:48:00,0.1115,0.1116,0.1115,0.1115,1291.0
2025-01-16 05:49:00,0.1116,0.1116,0.1115,0.1115,18386.0
2025-01-16 05:50:00,0.1115,0.1115,0.1115,0.1115,0.0
2025-01-16 05:51:00,0.1115,0.1115,0.1115,0.1115,158.0
2025-01-16 05:52:00,0.1115,0.1115,0.1115,0.1115,0.0
2025-01-16 05:53:00,0.1115,0.1115,0.1115,0.1115,0.0
2025-01-16 05:54:00,0.1115,0.1115,0.1115,0.1115,0.0
2025-01-16 05:55:00,0.1114,0.1114,0.1114,0.1114,8900.0
2025-01-16 05:56:00,0.1114,0.1114,0.1114,0.1114,0.0
2025-01-16 05:57:00,0.1113,0.1113,0.1113,0.1113,6242.0
2025-01-16 05:58:00,0.1114,0.1114,0.1114,0.1114,126.0
2025-01-16 05:59:00,0.1113,0.1113,0.1113,0.1113,12742.0
2025-01-16 06:00:00,0.1111,0.1111,0.1111,0.1111,5869.0
2025-01-16 06:01:00,0.1111,0.1111,0.1111,0.1111,13416.0
2025-01-16 06:02:00,0.111,0.111,0.111,0.111,49.0
2025-01-16 06:03:00,0.1113,0.1113,0.1113,0.1113,3242.0
2025-01-16 06:04:00,0.1113,0.1113,0.1113,0.1113,8217.0
2025-01-16 06:05:00,0.1113,0.1114,0.1113,0.1113,10478.0
2025-01-16 06:06:00,0.1113,0.1113,0.1113,0.1113,4532.0
2025-01-16 06:07:00,0.1113,0.1113,0.1113,0.1113,175.0
2025-01-16 06:08:00,0.1114,0.1114,0.1114,0.1114,4846.0
2025-01-16 06:09:00,0.1112,0.1112,0.1112,0.1112,1640.0
2025-01-16 06:10:00,0.1113,0.1113,0.1113,0.1113,414.0
2025-01-16 06:11:00,0.1113,0.1113,0.1113,0.1113,0.0
2025-01-16 06:12:00,0.1114,0.1114,0.1114,0.1114,1138.0
2025-01-16 06:13:00,0.1115,0.1115,0.1115,0.1115,1500.0
2025-01-16 06:14:00,0.1114,0.1114,0.1114,0.1114,442.0
2025-01-16 06:15:00,0.1115,0.1115,0.1115,0.1115,793.0
2025-01-16 06:16:00,0.1115,0.1115,0.1115,0.1115,0.0
2025-01-16 06:17:00,0.1114,0.1114,0.1114,0.1114,362.0
2025-01-16 06:18:00,0.1114,0.1114,0.1114,0.1114,0.0
2025-01-16 06:19:00,0.1114,0.1114,0.1114,0.1114,2925.0
2025-01-16 06:20:00,0.1114,0.1115,0.1114,0.1115,2850.0
2025-01-16 06:21:00,0.1115,0.1115,0.1115,0.1115,793.0
2025-01-16 06:22:00,0.1117,0.1117,0.1116,0.1116,6410.0
2025-01-16 06:23:00,0.1117,0.1117,0.1117,0.1117,2605.0
2025-01-16 06:24:00,0.1117,0.1118,0.1117,0.1118,695.0
2025-01-16 06:25:00,0.1117,0.1118,0.1117,0.1118,7769.0
2025-01-16 06:26:00,0.1118,0.1118,0.1118,0.1118,0.0
2025-01-16 06:27:00,0.1119,0.1119,0.1115,0.1116,74154.0
2025-01-16 06:28:00,0.1117,0.1117,0.1117,0.1117,9337.0
2025-01-16 06:29:00,0.1117,0.1117,0.1117,0.1117,1611.0
2025-01-16 06:30:00,0.1117,0.1117,0.1117,0.1117,4253.0
2025-01-16 06:31:00,0.1117,0.1118,0.1117,0.1118,3764.0
2025-01-16 06:32:00,0.1118,0.1118,0.1117,0.1117,2630.0
2025-01-16 06:33:00,0.1117,0.1117,0.1117,0.1117,298.0
2025-01-16 06:34:00,0.1117,0.1117,0.1117,0.1117,0.0
2025-01-16 06:35:00,0.1117,0.1117,0.1117,0.1117,0.0
2025-01-16 06:36:00,0.1119,0.112,0.1119,0.1119,19056.0
2025-01-16 06:37:00,0.112,0.112,0.112,0.112,7098.0
2025-01-16 06:38:00,0.112,0.112,0.112,0.112,0.0
2025-01-16 06:39:00,0.112,0.1121,0.112,0.1121,3658.0
2025-01-16 06:40:00,0.1122,0.1122,0.1121,0.1121,6356.0
2025-01-16 06:41:00,0.112,0.112,0.112,0.112,129.0
2025-01-16 06:42:00,0.1121,0.1121,0.1121,0.1121,4386.0
2025-01-16 06:43:00,0.1121,0.1121,0.1121,0.1121,3279.0
2025-01-16 06:44:00,0.1121,0.1121,0.1121,0.1121,201.0
2025-01-16 06:45:00,0.1121,0.1121,0.112,0.112,6039.0
2025-01-16 06:46:00,0.1119,0.1119,0.1119,0.1119,5317.0
2025-01-16 06:47:00,0.1119,0.112,0.1119,0.112,4990.0
2025-01-16 06:48:00,0.112,0.1121,0.112,0.1121,3662.0
2025-01-16 06:49:00,0.112,0.112,0.1119,0.1119,18902.0
2025-01-16 06:50:00,0.1118,0.1119,0.1118,0.1119,63995.0
2025-01-16 06:51:00,0.1119,0.1119,0.1119,0.1119,156.0
2025-01-16 06:52:00,0.112,0.112,0.112,0.112,19007.0
2025-01-16 06:53:00,0.112,0.112,0.112,0.112,0.0
2025-01-16 06:54:00,0.112,0.112,0.112,0.112,0.0
2025-01-16 06:55:00,0.1119,0.1119,0.1119,0.1119,6608.0
2025-01-16 06:56:00,0.1118,0.1118,0.1118,0.1118,186.0
2025-01-16 06:57:00,0.1119,0.1119,0.1119,0.1119,5154.0
2025-01-16 06:58:00,0.1119,0.1119,0.1118,0.1118,4110.0
2025-01-16 06:59:00,0.1119,0.112,0.1119,0.1119,14842.0
2025-01-16 07:00:00,0.1118,0.1118,0.1118,0.1118,1849.0
2025-01-16 07:01:00,0.1117,0.1117,0.1117,0.1117,6560.0
2025-01-16 07:02:00,0.1117,0.1117,0.1117,0.1117,1378.0
2025-01-16 07:03:00,0.1118,0.1118,0.1118,0.1118,10280.0
2025-01-16 07:04:00,0.1118,0.1118,0.1118,0.1118,807.0
2025-01-16 07:05:00,0.1118,0.1118,0.1118,0.1118,0.0
2025-01-16 07:06:00,0.1118,0.1118,0.1118,0.1118,282.0
2025-01-16 07:07:00,0.1117,0.1117,0.1117,0.1117,5064.0
2025-01-16 07:08:00,0.1117,0.1117,0.1117,0.1117,434.0
2025-01-16 07:09:00,0.1117,0.1117,0.1117,0.1117,6837.0
2025-01-16 07:10:00,0.1117,0.1117,0.1117,0.1117,0.0
2025-01-16 07:11:00,0.1117,0.1118,0.1117,0.1118,1874.0
2025-01-16 07:12:00,0.1118,0.1118,0.1118,0.1118,0.0
2025-01-16 07:13:00,0.1118,0.1118,0.1118,0.1118,0.0
2025-01-16 07:14:00,0.1118,0.1118,0.1118,0.1118,11954.0
2025-01-16 07:15:00,0.1118,0.1118,0.1117,0.1118,6265.0
2025-01-16 07:16:00,0.1119,0.1119,0.1119,0.1119,318.0
2025-01-16 07:17:00,0.1118,0.1118,0.1118,0.1118,3058.0
2025-01-16 07:18:00,0.1118,0.1118,0.1118,0.1118,83.0
2025-01-16 07:19:00,0.1117,0.1117,0.1117,0.1117,2359.0
2025-01-16 07:20:00,0.1117,0.1117,0.1117,0.1117,0.0
2025-01-16 07:21:00,0.1117,0.1117,0.1117,0.1117,607.0
2025-01-16 07:22:00,0.1117,0.1117,0.1117,0.1117,0.0
2025-01-16 07:23:00,0.1117,0.1117,0.1117,0.1117,0.0
2025-01-16 07:24:00,0.1118,0.1118,0.1118,0.1118,9080.0
2025-01-16 07:25:00,0.1117,0.1117,0.1117,0.1117,1869.0
2025-01-16 07:26:00,0.1116,0.1116,0.1116,0.1116,1049.0
2025-01-16 07:27:00,0.1115,0.1115,0.1115,0.1115,3066.0
2025-01-16 07:28:00,0.1115,0.1115,0.1115,0.1115,5022.0
2025-01-16 07:29:00,0.1116,0.1119,0.1116,0.1118,145595.0
2025-01-16 07:30:00,0.1118,0.1119,0.1118,0.1118,9507.0
2025-01-16 07:31:00,0.1118,0.1118,0.1116,0.1116,5740.0
2025-01-16 07:32:00,0.1116,0.1116,0.1116,0.1116,964.0
2025-01-16 07:33:00,0.1117,0.1117,0.1117,0.1117,4577.0
2025-01-16 07:34:00,0.1118,0.1118,0.1117,0.1117,13891.0
2025-01-16 07:35:00,0.1117,0.1117,0.1117,0.1117,1342.0
2025-01-16 07:36:00,0.1117,0.1117,0.1117,0.1117,381.0
2025-01-16 07:37:00,0.1117,0.1117,0.1117,0.1117,4571.0
2025-01-16 07:38:00,0.1117,0.1117,0.1117,0.1117,5850.0
2025-01-16 07:39:00,0.1117,0.1117,0.1117,0.1117,3406.0
2025-01-16 07:40:00,0.1117,0.1117,0.1117,0.1117,895.0
2025-01-16 07:41:00,0.1117,0.1117,0.1117,0.1117,0.0
2025-01-16 07:42:00,0.1117,0.1117,0.1117,0.1117,0.0
2025-01-16 07:43:00,0.1117,0.1117,0.1117,0.1117,0.0
2025-01-16 07:44:00,0.1117,0.1118,0.1117,0.1118,15105.0
2025-01-16 07:45:00,0.1117,0.1117,0.1117,0.1117,5736.0
2025-01-16 07:46:00,0.1116,0.1116,0.1114,0.1114,5344.0
2025-01-16 07:47:00,0.1114,0.1116,0.1114,0.1116,4546.0
2025-01-16 07:48:00,0.1117,0.1117,0.1116,0.1116,3491.0
2025-01-16 07:49:00,0.1115,0.1115,0.1115,0.1115,100.0
2025-01-16 07:50:00,0.1116,0.1116,0.1116,0.1116,10693.0
2025-01-16 07:51:00,0.1116,0.1116,0.1116,0.1116,92.0
2025-01-16 07:52:00,0.1116,0.1116,0.1116,0.1116,154.0
2025-01-16 07:53:00,0.1116,0.1117,0.1116,0.1117,12299.0
2025-01-16 07:54:00,0.1117,0.1117,0.1117,0.1117,0.0
2025-01-16 07:55:00,0.1117,0.1117,0.1117,0.1117,0.0
2025-01-16 07:56:00,0.1118,0.1118,0.1117,0.1117,1398.0
2025-01-16 07:57:00,0.1117,0.1117,0.1117,0.1117,0.0
2025-01-16 07:58:00,0.1118,0.1118,0.1118,0.1118,3668.0
2025-01-16 07:59:00,0.1119,0.1119,0.1119,0.1119,30553.0
2025-01-16 08:00:00,0.112,0.112,0.112,0.112,5266.0
2025-01-16 08:01:00,0.1121,0.1121,0.112,0.1121,1784.0
2025-01-16 08:02:00,0.1121,0.1121,0.1121,0.1121,3427.0
2025-01-16 08:03:00,0.112,0.112,0.1119,0.1119,10075.0
2025-01-16 08:04:00,0.1119,0.1119,0.1119,0.1119,0.0
2025-01-16 08:05:00,0.1119,0.1119,0.1119,0.1119,0.0
2025-01-16 08:06:00,0.1119,0.1119,0.1119,0.1119,0.0
2025-01-16 08:07:00,0.1119,0.1119,0.1119,0.1119,4577.0
2025-01-16 08:08:00,0.1119,0.1119,0.1119,0.1119,6451.0
2025-01-16 08:09:00,0.1118,0.1118,0.1118,0.1118,3725.0
2025-01-16 08:10:00,0.1118,0.1118,0.1118,0.1118,0.0
2025-01-16 08:11:00,0.1118,0.1118,0.1117,0.1118,4261.0
2025-01-16 08:12:00,0.1118,0.1118,0.1117,0.1117,6159.0
2025-01-16 08:13:00,0.1117,0.1117,0.1117,0.1117,0.0
2025-01-16 08:14:00,0.1117,0.1117,0.1117,0.1117,11321.0
2025-01-16 08:15:00,0.1117,0.1118,0.1117,0.1118,9546.0
2025-01-16 08:16:00,0.1118,0.1118,0.1118,0.1118,0.0
2025-01-16 08:17:00,0.1116,0.1116,0.1114,0.1114,6254.0
2025-01-16 08:18:00,0.1114,0.1114,0.1114,0.1114,8049.0
2025-01-16 08:19:00,0.1114,0.1114,0.1113,0.1113,10807.0
2025-01-16 08:20:00,0.1112,0.1112,0.111,0.111,4754.0
2025-01-16 08:21:00,0.1111,0.1112,0.1111,0.1112,16646.0
2025-01-16 08:22:00,0.111,0.111,0.111,0.111,2599.0
2025-01-16 08:23:00,0.1109,0.1109,0.1108,0.1108,24094.0
2025-01-16 08:24:00,0.1108,0.1108,0.1108,0.1108,0.0
2025-01-16 08:25:00,0.1109,0.1111,0.1109,0.111,7673.0
2025-01-16 08:26:00,0.111,0.111,0.111,0.111,0.0
2025-01-16 08:27:00,0.1112,0.1112,0.1112,0.1112,89.0
2025-01-16 08:28:00,0.1112,0.1112,0.1112,0.1112,0.0
2025-01-16 08:29:00,0.1112,0.1112,0.1112,0.1112,0.0
2025-01-16 08:30:00,0.1111,0.1111,0.1111,0.1111,557.0
2025-01-16 08:31:00,0.1111,0.1111,0.1111,0.1111,15508.0
2025-01-16 08:32:00,0.111,0.111,0.1108,0.1108,9700.0
2025-01-16 08:33:00,0.1108,0.1108,0.1107,0.1107,10690.0
2025-01-16 08:34:00,0.1107,0.1108,0.1107,0.1107,5663.0
2025-01-16 08:35:00,0.1107,0.1107,0.1107,0.1107,0.0
2025-01-16 08:36:00,0.1107,0.1107,0.1107,0.1107,3203.0
2025-01-16 08:37:00,0.1107,0.1107,0.1107,0.1107,104.0
2025-01-16 08:38:00,0.1107,0.1107,0.1106,0.1106,270.0
2025-01-16 08:39:00,0.1107,0.1107,0.1104,0.1106,219836.0
2025-01-16 08:40:00,0.1106,0.1107,0.1106,0.1106,9096.0
2025-01-16 08:41:00,0.1104,0.1104,0.1104,0.1104,15665.0
2025-01-16 08:42:00,0.1104,0.1105,0.1103,0.1103,46435.0
2025-01-16 08:43:00,0.1102,0.1102,0.11,0.11,31616.0
2025-01-16 08:44:00,0.1101,0.1103,0.1101,0.1102,35748.0
2025-01-16 08:45:00,0.1102,0.1102,0.1101,0.1102,9131.0
2025-01-16 08:46:00,0.1102,0.1102,0.1102,0.1102,2033.0
2025-01-16 08:47:00,0.1104,0.1104,0.1097,0.1098,25018.0
2025-01-16 08:48:00,0.1098,0.1098,0.1097,0.1097,28254.0
2025-01-16 08:49:00,0.1097,0.1097,0.1094,0.1095,86554.0
2025-01-16 08:50:00,0.1095,0.1098,0.1094,0.1095,36495.0
2025-01-16 08:51:00,0.1095,0.1096,0.1093,0.1093,36520.0
2025-01-16 08:52:00,0.1093,0.1093,0.1092,0.1092,1871.0
2025-01-16 08:53:00,0.1092,0.1098,0.1092,0.1096,23297.0
2025-01-16 08:54:00,0.1096,0.1096,0.1093,0.1093,12284.0
2025-01-16 08:55:00,0.1094,0.1098,0.1094,0.1098,27720.0
2025-01-16 08:56:00,0.1099,0.1099,0.1099,0.1099,53.0
2025-01-16 08:57:00,0.1099,0.1099,0.1099,0.1099,109.0
2025-01-16 08:58:00,0.1099,0.1099,0.1098,0.1098,17088.0
2025-01-16 08:59:00,0.1097,0.1097,0.1097,0.1097,11275.0
2025-01-16 09:00:00,0.1097,0.1098,0.1096,0.1096,56922.0
2025-01-16 09:01:00,0.1097,0.11,0.1097,0.1099,14914.0
2025-01-16 09:02:00,0.1098,0.1098,0.1095,0.1095,3908.0
2025-01-16 09:03:00,0.1094,0.1094,0.1093,0.1094,14178.0
2025-01-16 09:04:00,0.1092,0.1092,0.1092,0.1092,10609.0
2025-01-16 09:05:00,0.1093,0.1095,0.1093,0.1095,5939.0
2025-01-16 09:06:00,0.1092,0.1092,0.109,0.1092,9060.0
2025-01-16 09:07:00,0.1092,0.1092,0.1092,0.1092,0.0
2025-01-16 09:08:00,0.1093,0.1095,0.1093,0.1095,13625.0
2025-01-16 09:09:00,0.1095,0.1096,0.1095,0.1096,2619.0
2025-01-16 09:10:00,0.1095,0.1095,0.1094,0.1094,3820.0
2025-01-16 09:11:00,0.1096,0.1096,0.1096,0.1096,419.0
2025-01-16 09:12:00,0.1095,0.1096,0.1095,0.1096,557.0
2025-01-16 09:13:00,0.1096,0.1096,0.1095,0.1095,15210.0
2025-01-16 09:14:00,0.1096,0.1096,0.1096,0.1096,2334.0
2025-01-16 09:15:00,0.1095,0.1096,0.1095,0.1096,9099.0
2025-01-16 09:16:00,0.1097,0.1097,0.1097,0.1097,912.0
2025-01-16 09:17:00,0.1098,0.1098,0.1098,0.1098,2947.0
2025-01-16 09:18:00,0.1096,0.1097,0.1096,0.1097,5895.0
2025-01-16 09:19:00,0.1096,0.1096,0.1096,0.1096,2240.0
2025-01-16 09:20:00,0.1095,0.1095,0.1095,0.1095,4630.0
2025-01-16 09:21:00,0.1095,0.1095,0.1095,0.1095,0.0
2025-01-16 09:22:00,0.1094,0.1094,0.1093,0.1094,1465.0
2025-01-16 09:23:00,0.1093,0.1093,0.1093,0.1093,9315.0
2025-01-16 09:24:00,0.1094,0.1094,0.1094,0.1094,5850.0
2025-01-16 09:25:00,0.1095,0.1096,0.1094,0.1094,18615.0
2025-01-16 09:26:00,0.1095,0.1095,0.1095,0.1095,8726.0
2025-01-16 09:27:00,0.1096,0.1098,0.1096,0.1098,11344.0
2025-01-16 09:28:00,0.1098,0.1098,0.1098,0.1098,54.0
2025-01-16 09:29:00,0.1097,0.1097,0.1097,0.1097,1669.0
2025-01-16 09:30:00,0.1096,0.1096,0.1095,0.1095,5098.0
2025-01-16 09:31:00,0.1095,0.1095,0.1092,0.1092,5938.0
2025-01-16 09:32:00,0.1092,0.1092,0.1092,0.1092,0.0
2025-01-16 09:33:00,0.1093,0.1093,0.1093,0.1093,405.0
2025-01-16 09:34:00,0.1092,0.1092,0.1092,0.1092,602.0
2025-01-16 09:35:00,0.1093,0.1093,0.1093,0.1093,392.0
2025-01-16 09:36:00,0.1094,0.1095,0.1094,0.1094,24374.0
2025-01-16 09:37:00,0.1096,0.1096,0.1096,0.1096,4847.0
2025-01-16 09:38:00,0.1097,0.1097,0.1097,0.1097,3000.0
2025-01-16 09:39:00,0.1097,0.1097,0.1097,0.1097,0.0
2025-01-16 09:40:00,0.1097,0.1097,0.1097,0.1097,0.0
2025-01-16 09:41:00,0.1096,0.1096,0.1096,0.1096,165.0
2025-01-16 09:42:00,0.1094,0.1094,0.1094,0.1094,13717.0
2025-01-16 09:43:00,0.1094,0.1095,0.1094,0.1094,8170.0
2025-01-16 09:44:00,0.1094,0.1094,0.1094,0.1094,0.0
2025-01-16 09:45:00,0.1095,0.1096,0.1095,0.1096,3162.0
2025-01-16 09:46:00,0.1096,0.1099,0.1096,0.1099,1890.0
2025-01-16 09:47:00,0.1099,0.1099,0.1098,0.1099,1316.0
2025-01-16 09:48:00,0.1099,0.1099,0.1099,0.1099,0.0
2025-01-16 09:49:00,0.1099,0.1101,0.1099,0.1099,8053.0
2025-01-16 09:50:00,0.11,0.11,0.11,0.11,92.0
2025-01-16 09:51:00,0.11,0.1101,0.11,0.11,24486.0
2025-01-16 09:52:00,0.11,0.11,0.11,0.11,284.0
2025-01-16 09:53:00,0.11,0.11,0.11,0.11,0.0
2025-01-16 09:54:00,0.11,0.11,0.11,0.11,0.0
2025-01-16 09:55:00,0.11,0.11,0.11,0.11,0.0
2025-01-16 09:56:00,0.11,0.11,0.11,0.11,4364.0
2025-01-16 09:57:00,0.11,0.11,0.11,0.11,2182.0
2025-01-16 09:58:00,0.11,0.11,0.11,0.11,607.0
2025-01-16 09:59:00,0.1101,0.1101,0.1101,0.1101,181.0
2025-01-16 10:00:00,0.1101,0.1101,0.1101,0.1101,54.0
2025-01-16 10:01:00,0.1098,0.1098,0.1098,0.1098,49.0
2025-01-16 10:02:00,0.1098,0.1098,0.1098,0.1098,12797.0
2025-01-16 10:03:00,0.1098,0.1098,0.1097,0.1097,10739.0
2025-01-16 10:04:00,0.1097,0.1097,0.1097,0.1097,2182.0
2025-01-16 10:05:00,0.1096,0.1096,0.1095,0.1096,9352.0
2025-01-16 10:06:00,0.1095,0.1095,0.1095,0.1095,95.0
2025-01-16 10:07:00,0.1096,0.1096,0.1095,0.1095,504.0
2025-01-16 10:08:00,0.1096,0.1096,0.1096,0.1096,920.0
2025-01-16 10:09:00,0.1097,0.1097,0.1097,0.1097,3110.0
2025-01-16 10:10:00,0.1098,0.1098,0.1097,0.1097,15453.0
2025-01-16 10:11:00,0.1097,0.1097,0.1097,0.1097,0.0
2025-01-16 10:12:00,0.1098,0.1098,0.1096,0.1096,12724.0
2025-01-16 10:13:00,0.1096,0.1096,0.1096,0.1096,0.0
2025-01-16 10:14:00,0.1098,0.1103,0.1098,0.1103,185757.0
2025-01-16 10:15:00,0.1103,0.1103,0.1103,0.1103,115.0
2025-01-16 10:16:00,0.1103,0.1103,0.1102,0.1102,775.0
2025-01-16 10:17:00,0.1102,0.1102,0.11,0.11,53869.0
2025-01-16 10:18:00,0.1099,0.11,0.1099,0.11,61886.0
2025-01-16 10:19:00,0.11,0.1101,0.11,0.1101,4919.0
2025-01-16 10:20:00,0.1101,0.1101,0.1101,0.1101,0.0
2025-01-16 10:21:00,0.1099,0.11,0.1099,0.11,1093.0
2025-01-16 10:22:00,0.1099,0.1099,0.1099,0.1099,58860.0
2025-01-16 10:23:00,0.1099,0.1101,0.1099,0.11,9913.0
2025-01-16 10:24:00,0.11,0.1101,0.11,0.1101,2160.0
2025-01-16 10:25:00,0.1101,0.1101,0.1101,0.1101,0.0
2025-01-16 10:26:00,0.1101,0.1102,0.1101,0.1102,16774.0
2025-01-16 10:27:00,0.1102,0.1103,0.1101,0.1101,1690.0
2025-01-16 10:28:00,0.1101,0.1101,0.1101,0.1101,0.0
2025-01-16 10:29:00,0.1101,0.1101,0.1101,0.1101,0.0
2025-01-16 10:30:00,0.1101,0.1102,0.1101,0.1101,16882.0
2025-01-16 10:31:00,0.1101,0.1101,0.1101,0.1101,423.0
2025-01-16 10:32:00,0.1101,0.1101,0.1101,0.1101,20165.0
2025-01-16 10:33:00,0.1102,0.1102,0.1101,0.1101,50686.0
2025-01-16 10:34:00,0.1101,0.1101,0.1101,0.1101,9422.0
2025-01-16 10:35:00,0.1102,0.1102,0.1102,0.1102,2642.0
2025-01-16 10:36:00,0.1102,0.1102,0.1102,0.1102,1378.0
2025-01-16 10:37:00,0.1102,0.1102,0.1102,0.1102,0.0
2025-01-16 10:38:00,0.1102,0.1102,0.1102,0.1102,111.0
2025-01-16 10:39:00,0.1101,0.1101,0.1101,0.1101,6537.0
2025-01-16 10:40:00,0.1102,0.1102,0.1102,0.1102,2367.0
2025-01-16 10:41:00,0.1102,0.1102,0.1102,0.1102,0.0
2025-01-16 10:42:00,0.1102,0.1102,0.1102,0.1102,0.0
2025-01-16 10:43:00,0.11,0.11,0.11,0.11,6654.0
2025-01-16 10:44:00,0.1099,0.1099,0.1099,0.1099,2772.0
2025-01-16 10:45:00,0.1098,0.1098,0.1097,0.1097,12856.0
2025-01-16 10:46:00,0.1097,0.1098,0.1097,0.1098,12783.0
2025-01-16 10:47:00,0.1098,0.1099,0.1098,0.1099,11637.0
2025-01-16 10:48:00,0.1099,0.1099,0.1099,0.1099,5448.0
2025-01-16 10:49:00,0.1099,0.1099,0.1099,0.1099,0.0
2025-01-16 10:50:00,0.1099,0.11,0.1099,0.11,4377.0
2025-01-16 10:51:00,0.1099,0.1099,0.1099,0.1099,7034.0
2025-01-16 10:52:00,0.1099,0.1099,0.1099,0.1099,571.0
2025-01-16 10:53:00,0.11,0.1101,0.11,0.1101,1495.0
2025-01-16 10:54:00,0.1101,0.1101,0.1101,0.1101,0.0
2025-01-16 10:55:00,0.1101,0.1101,0.1101,0.1101,0.0
2025-01-16 10:56:00,0.1101,0.1101,0.1101,0.1101,0.0
2025-01-16 10:57:00,0.1101,0.1101,0.1101,0.1101,0.0
2025-01-16 10:58:00,0.1101,0.1101,0.1101,0.1101,0.0
2025-01-16 10:59:00,0.1099,0.1099,0.1098,0.1098,6861.0
2025-01-16 11:00:00,0.1099,0.1099,0.1099,0.1099,5478.0
2025-01-16 11:01:00,0.1099,0.1099,0.1099,0.1099,3621.0
2025-01-16 11:02:00,0.1099,0.1099,0.1099,0.1099,0.0
2025-01-16 11:03:00,0.1101,0.1101,0.1101,0.1101,3743.0
2025-01-16 11:04:00,0.1099,0.1099,0.1099,0.1099,3369.0
2025-01-16 11:05:00,0.1099,0.1099,0.1096,0.1096,6831.0
2025-01-16 11:06:00,0.1097,0.1097,0.1097,0.1097,63.0
2025-01-16 11:07:00,0.1095,0.1095,0.1095,0.1095,771.0
2025-01-16 11:08:00,0.1094,0.1097,0.1094,0.1096,100123.0
2025-01-16 11:09:00,0.1098,0.1103,0.1098,0.1103,58152.0
2025-01-16 11:10:00,0.1104,0.1106,0.1104,0.1106,29122.0
2025-01-16 11:11:00,0.1106,0.1106,0.1106,0.1106,5259.0
2025-01-16 11:12:00,0.1106,0.1111,0.1106,0.1111,58551.0
2025-01-16 11:13:00,0.111,0.111,0.1109,0.1109,3722.0
2025-01-16 11:14:00,0.1111,0.1111,0.111,0.111,11842.0
2025-01-16 11:15:00,0.1108,0.1108,0.1103,0.1103,26022.0
2025-01-16 11:16:00,0.1103,0.1103,0.1099,0.1099,11871.0
2025-01-16 11:17:00,0.1099,0.1099,0.1098,0.1098,16837.0
2025-01-16 11:18:00,0.11,0.1101,0.1099,0.1099,12946.0
2025-01-16 11:19:00,0.1097,0.1097,0.1097,0.1097,2599.0
2025-01-16 11:20:00,0.1098,0.11,0.1098,0.11,26092.0
2025-01-16 11:21:00,0.11,0.1102,0.11,0.1102,14447.0
2025-01-16 11:22:00,0.1101,0.1102,0.1101,0.1102,8700.0
2025-01-16 11:23:00,0.1101,0.1101,0.1101,0.1101,5977.0
2025-01-16 11:24:00,0.1101,0.1101,0.1101,0.1101,102.0
2025-01-16 11:25:00,0.11,0.11,0.11,0.11,5536.0
2025-01-16 11:26:00,0.11,0.1101,0.11,0.1101,17065.0
2025-01-16 11:27:00,0.1103,0.1104,0.1103,0.1104,22180.0
2025-01-16 11:28:00,0.1104,0.1104,0.1104,0.1104,188.0
2025-01-16 11:29:00,0.1104,0.1104,0.1104,0.1104,0.0
2025-01-16 11:30:00,0.1102,0.1103,0.1102,0.1103,6669.0
2025-01-16 11:31:00,0.1103,0.1103,0.1103,0.1103,18104.0
2025-01-16 11:32:00,0.1103,0.1103,0.1103,0.1103,0.0
2025-01-16 11:33:00,0.1104,0.1104,0.1103,0.1103,32911.0
2025-01-16 11:34:00,0.1104,0.1104,0.1104,0.1104,2235.0
2025-01-16 11:35:00,0.1103,0.1103,0.1102,0.1102,5977.0
2025-01-16 11:36:00,0.1102,0.1102,0.1102,0.1102,15730.0
2025-01-16 11:37:00,0.1101,0.1101,0.11,0.1101,15618.0
2025-01-16 11:38:00,0.1101,0.1101,0.1101,0.1101,0.0
2025-01-16 11:39:00,0.11,0.1101,0.11,0.1101,347.0
2025-01-16 11:40:00,0.1101,0.1102,0.1101,0.1102,4728.0
2025-01-16 11:41:00,0.1101,0.1101,0.1101,0.1101,1828.0
2025-01-16 11:42:00,0.1103,0.1104,0.1103,0.1104,19947.0
2025-01-16 11:43:00,0.1104,0.1105,0.1104,0.1104,15398.0
2025-01-16 11:44:00,0.1105,0.1105,0.1104,0.1104,10104.0
2025-01-16 11:45:00,0.1104,0.1104,0.1104,0.1104,0.0
2025-01-16 11:46:00,0.1103,0.1104,0.1103,0.1104,2374.0
2025-01-16 11:47:00,0.1104,0.1105,0.1104,0.1105,18970.0
2025-01-16 11:48:00,0.1105,0.1105,0.1105,0.1105,0.0
2025-01-16 11:49:00,0.1105,0.1105,0.1105,0.1105,0.0
2025-01-16 11:50:00,0.1106,0.1107,0.1106,0.1107,11311.0
2025-01-16 11:51:00,0.1106,0.1106,0.1106,0.1106,10922.0
2025-01-16 11:52:00,0.1107,0.1107,0.1106,0.1107,17991.0
2025-01-16 11:53:00,0.1107,0.1107,0.1106,0.1107,12515.0
2025-01-16 11:54:00,0.1108,0.1108,0.1108,0.1108,10388.0
2025-01-16 11:55:00,0.1109,0.1109,0.1109,0.1109,90.0
2025-01-16 11:56:00,0.1109,0.1109,0.1109,0.1109,17557.0
2025-01-16 11:57:00,0.1108,0.1109,0.1108,0.1108,6752.0
2025-01-16 11:58:00,0.1108,0.1109,0.1108,0.1109,17672.0
2025-01-16 11:59:00,0.1109,0.111,0.1109,0.1109,4266.0
2025-01-16 12:00:00,0.1109,0.111,0.1108,0.1109,26806.0
2025-01-16 12:01:00,0.1109,0.1109,0.1106,0.1107,45210.0
2025-01-16 12:02:00,0.1107,0.1107,0.1107,0.1107,4058.0
2025-01-16 12:03:00,0.1106,0.1109,0.1106,0.1109,41478.0
2025-01-16 12:04:00,0.1109,0.1109,0.1109,0.1109,16290.0
2025-01-16 12:05:00,0.1107,0.1107,0.1106,0.1107,20015.0
2025-01-16 12:06:00,0.1108,0.1108,0.1107,0.1108,48691.0
2025-01-16 12:07:00,0.1108,0.1108,0.1108,0.1108,16298.0
2025-01-16 12:08:00,0.1108,0.1108,0.1108,0.1108,0.0
2025-01-16 12:09:00,0.1108,0.1108,0.1108,0.1108,0.0
2025-01-16 12:10:00,0.1108,0.1108,0.1108,0.1108,7884.0
2025-01-16 12:11:00,0.1108,0.111,0.1108,0.111,31353.0
2025-01-16 12:12:00,0.1109,0.1111,0.1109,0.1111,34672.0
2025-01-16 12:13:00,0.111,0.111,0.111,0.111,11567.0
2025-01-16 12:14:00,0.1111,0.1112,0.1111,0.1112,21460.0
2025-01-16 12:15:00,0.1113,0.1114,0.1113,0.1113,35407.0
2025-01-16 12:16:00,0.1112,0.1113,0.1112,0.1113,32817.0
2025-01-16 12:17:00,0.1113,0.1113,0.1113,0.1113,12856.0
2025-01-16 12:18:00,0.1112,0.1112,0.1112,0.1112,985.0
2025-01-16 12:19:00,0.1112,0.1112,0.1112,0.1112,1156.0
2025-01-16 12:20:00,0.1113,0.1116,0.1113,0.1115,22128.0
2025-01-16 12:21:00,0.1116,0.1116,0.1115,0.1115,33162.0
2025-01-16 12:22:00,0.1115,0.1117,0.1115,0.1116,29997.0
2025-01-16 12:23:00,0.1117,0.1118,0.1116,0.1116,43787.0
2025-01-16 12:24:00,0.1116,0.1116,0.1116,0.1116,0.0
2025-01-16 12:25:00,0.1116,0.1116,0.1116,0.1116,5306.0
2025-01-16 12:26:00,0.1115,0.1115,0.1113,0.1114,7092.0
2025-01-16 12:27:00,0.1114,0.1114,0.1112,0.1112,20520.0
2025-01-16 12:28:00,0.1111,0.1113,0.1111,0.1113,15886.0
2025-01-16 12:29:00,0.1112,0.1112,0.1112,0.1112,5416.0
2025-01-16 12:30:00,0.1113,0.1117,0.1113,0.1117,40614.0
2025-01-16 12:31:00,0.1116,0.1117,0.1116,0.1117,15701.0
2025-01-16 12:32:00,0.1116,0.1118,0.1116,0.1117,7553.0
2025-01-16 12:33:00,0.1118,0.1118,0.1116,0.1116,22534.0
2025-01-16 12:34:00,0.1117,0.112,0.1117,0.1119,39120.0
2025-01-16 12:35:00,0.112,0.112,0.112,0.112,35229.0
2025-01-16 12:36:00,0.112,0.1121,0.112,0.112,8204.0
2025-01-16 12:37:00,0.1121,0.1121,0.112,0.112,201.0
2025-01-16 12:38:00,0.1121,0.1121,0.1121,0.1121,22626.0
2025-01-16 12:39:00,0.1121,0.1122,0.1121,0.1122,7262.0
2025-01-16 12:40:00,0.1121,0.1121,0.1119,0.1119,5817.0
2025-01-16 12:41:00,0.1119,0.112,0.1119,0.112,8766.0
2025-01-16 12:42:00,0.1119,0.1124,0.1118,0.1121,148704.0
2025-01-16 12:43:00,0.1121,0.1121,0.1119,0.1119,33609.0
2025-01-16 12:44:00,0.112,0.112,0.112,0.112,455.0
2025-01-16 12:45:00,0.112,0.112,0.1119,0.112,10209.0
2025-01-16 12:46:00,0.112,0.1121,0.112,0.1121,12983.0
2025-01-16 12:47:00,0.1121,0.1122,0.1121,0.1122,30586.0
2025-01-16 12:48:00,0.1122,0.1122,0.1121,0.1121,165.0
2025-01-16 12:49:00,0.1121,0.1121,0.1119,0.1119,8191.0
2025-01-16 12:50:00,0.1119,0.1121,0.1119,0.112,10392.0
2025-01-16 12:51:00,0.112,0.112,0.112,0.112,12765.0
2025-01-16 12:52:00,0.1121,0.1121,0.1121,0.1121,8590.0
2025-01-16 12:53:00,0.1122,0.1122,0.1122,0.1122,10710.0
2025-01-16 12:54:00,0.1123,0.1123,0.1122,0.1123,5403.0
2025-01-16 12:55:00,0.1122,0.1122,0.1121,0.1121,12546.0
2025-01-16 12:56:00,0.1121,0.1121,0.1121,0.1121,0.0
2025-01-16 12:57:00,0.112,0.1121,0.1119,0.1121,23761.0
2025-01-16 12:58:00,0.1122,0.1123,0.1122,0.1122,21019.0
2025-01-16 12:59:00,0.1122,0.1122,0.1121,0.1121,471.0
2025-01-16 13:00:00,0.1121,0.1122,0.1121,0.1122,10790.0
2025-01-16 13:01:00,0.1122,0.1123,0.1121,0.1123,15142.0
2025-01-16 13:02:00,0.1121,0.1122,0.1121,0.1122,3233.0
2025-01-16 13:03:00,0.1123,0.1123,0.1123,0.1123,13778.0
2025-01-16 13:04:00,0.1122,0.1122,0.1119,0.1119,23405.0
2025-01-16 13:05:00,0.1118,0.1118,0.1115,0.1115,34129.0
2025-01-16 13:06:00,0.1116,0.1117,0.1113,0.1114,12829.0
2025-01-16 13:07:00,0.1114,0.1115,0.1112,0.1112,5086.0
2025-01-16 13:08:00,0.1111,0.1114,0.1111,0.1113,61582.0
2025-01-16 13:09:00,0.1112,0.1112,0.1105,0.1105,186785.0
2025-01-16 13:10:00,0.1106,0.1108,0.1104,0.1108,110781.0
2025-01-16 13:11:00,0.1109,0.1109,0.1105,0.1105,43267.0
2025-01-16 13:12:00,0.1104,0.1104,0.1101,0.1101,13611.0
2025-01-16 13:13:00,0.11,0.1102,0.1099,0.1099,35556.0
2025-01-16 13:14:00,0.1099,0.1101,0.1099,0.1101,22900.0
2025-01-16 13:15:00,0.11,0.1102,0.1099,0.1102,36956.0
2025-01-16 13:16:00,0.1103,0.1104,0.1103,0.1104,18107.0
2025-01-16 13:17:00,0.1103,0.1105,0.1103,0.1105,14585.0
2025-01-16 13:18:00,0.1105,0.1107,0.1105,0.1106,35696.0
2025-01-16 13:19:00,0.1106,0.1107,0.1106,0.1106,11523.0
2025-01-16 13:20:00,0.1103,0.1104,0.1102,0.1102,19737.0
2025-01-16 13:21:00,0.1101,0.1102,0.1101,0.1102,21415.0
2025-01-16 13:22:00,0.1104,0.1104,0.1104,0.1104,9219.0
2025-01-16 13:23:00,0.1103,0.1103,0.1102,0.1102,11913.0
2025-01-16 13:24:00,0.1105,0.1107,0.1105,0.1107,20387.0
2025-01-16 13:25:00,0.1107,0.1108,0.1107,0.1107,68629.0
2025-01-16 13:26:00,0.1106,0.1106,0.1104,0.1105,57178.0
2025-01-16 13:27:00,0.1105,0.1106,0.1105,0.1106,47575.0
2025-01-16 13:28:00,0.1106,0.1106,0.1105,0.1105,6515.0
2025-01-16 13:29:00,0.1103,0.1103,0.1096,0.1096,238924.0
2025-01-16 13:30:00,0.1096,0.1107,0.1094,0.1107,469319.0
2025-01-16 13:31:00,0.1107,0.1109,0.1105,0.1105,119984.0
2025-01-16 13:32:00,0.1104,0.1105,0.1101,0.1105,48992.0
2025-01-16 13:33:00,0.1106,0.1107,0.1103,0.1107,27168.0
2025-01-16 13:34:00,0.1107,0.1109,0.1104,0.1105,49670.0
2025-01-16 13:35:00,0.1105,0.1106,0.1103,0.1106,17747.0
2025-01-16 13:36:00,0.1105,0.1105,0.1101,0.1101,18303.0
2025-01-16 13:37:00,0.11,0.11,0.1099,0.1099,13423.0
2025-01-16 13:38:00,0.1101,0.1107,0.1101,0.1105,32608.0
2025-01-16 13:39:00,0.1106,0.1106,0.1103,0.1104,4127.0
2025-01-16 13:40:00,0.1105,0.1105,0.1103,0.1103,19159.0
2025-01-16 13:41:00,0.1101,0.1105,0.1101,0.1105,22496.0
2025-01-16 13:42:00,0.1105,0.1109,0.1105,0.1109,53985.0
2025-01-16 13:43:00,0.1107,0.1107,0.1104,0.1106,21948.0
2025-01-16 13:44:00,0.1107,0.1108,0.1106,0.1106,13798.0
2025-01-16 13:45:00,0.1106,0.1106,0.1104,0.1104,68165.0
2025-01-16 13:46:00,0.1103,0.1103,0.1103,0.1103,907.0
2025-01-16 13:47:00,0.1106,0.1107,0.1105,0.1107,8864.0
2025-01-16 13:48:00,0.1106,0.1106,0.1104,0.1104,22256.0
2025-01-16 13:49:00,0.1102,0.1106,0.1102,0.1105,65559.0
2025-01-16 13:50:00,0.1105,0.1105,0.1103,0.1103,30618.0
2025-01-16 13:51:00,0.1102,0.1104,0.1101,0.1101,14152.0
2025-01-16 13:52:00,0.1102,0.1106,0.1102,0.1105,30221.0
2025-01-16 13:53:00,0.1105,0.1106,0.1105,0.1106,14637.0
2025-01-16 13:54:00,0.1105,0.1105,0.1105,0.1105,7112.0
2025-01-16 13:55:00,0.1104,0.1104,0.1102,0.1102,17588.0
2025-01-16 13:56:00,0.1102,0.1105,0.1102,0.1105,14060.0
2025-01-16 13:57:00,0.1104,0.1104,0.1104,0.1104,105.0
2025-01-16 13:58:00,0.1105,0.1105,0.1103,0.1104,8477.0
2025-01-16 13:59:00,0.1103,0.1103,0.1103,0.1103,250.0
2025-01-16 14:00:00,0.1105,0.1105,0.1104,0.1104,2346.0
2025-01-16 14:01:00,0.1105,0.1106,0.1104,0.1104,5948.0
2025-01-16 14:02:00,0.1103,0.1103,0.1101,0.1101,7360.0
2025-01-16 14:03:00,0.1101,0.1101,0.1099,0.1099,3733.0
2025-01-16 14:04:00,0.1098,0.1098,0.1098,0.1098,9924.0
2025-01-16 14:05:00,0.1097,0.1102,0.1097,0.1102,11446.0
2025-01-16 14:06:00,0.1102,0.1102,0.11,0.11,1460.0
2025-01-16 14:07:00,0.11,0.11,0.1099,0.1099,4786.0
2025-01-16 14:08:00,0.1098,0.11,0.1097,0.11,7736.0
2025-01-16 14:09:00,0.1098,0.1099,0.1098,0.1098,9141.0
2025-01-16 14:10:00,0.11,0.1101,0.11,0.1101,6159.0
2025-01-16 14:11:00,0.1102,0.1102,0.1102,0.1102,11948.0
2025-01-16 14:12:00,0.1103,0.1104,0.1103,0.1103,29664.0
2025-01-16 14:13:00,0.1103,0.1106,0.1103,0.1106,10075.0
2025-01-16 14:14:00,0.1106,0.1106,0.1105,0.1105,2615.0
2025-01-16 14:15:00,0.1105,0.1106,0.1105,0.1106,165.0
2025-01-16 14:16:00,0.1107,0.1107,0.1104,0.1104,7511.0
2025-01-16 14:17:00,0.1105,0.1105,0.1105,0.1105,3989.0
2025-01-16 14:18:00,0.1105,0.1105,0.1103,0.1104,11411.0
2025-01-16 14:19:00,0.1104,0.1104,0.1104,0.1104,8503.0
2025-01-16 14:20:00,0.1105,0.1105,0.1104,0.1104,1846.0
2025-01-16 14:21:00,0.1104,0.1104,0.1104,0.1104,0.0
2025-01-16 14:22:00,0.1103,0.1103,0.1102,0.1102,10474.0
2025-01-16 14:23:00,0.1102,0.1103,0.1102,0.1103,7223.0
2025-01-16 14:24:00,0.1102,0.1102,0.1102,0.1102,2688.0
2025-01-16 14:25:00,0.1102,0.1104,0.1102,0.1104,698.0
2025-01-16 14:26:00,0.1102,0.1102,0.1099,0.1099,70075.0
2025-01-16 14:27:00,0.1099,0.11,0.1098,0.11,22441.0
2025-01-16 14:28:00,0.1101,0.1102,0.1101,0.1102,22349.0
2025-01-16 14:29:00,0.1102,0.1103,0.1102,0.1102,10960.0
2025-01-16 14:30:00,0.1103,0.1103,0.1098,0.1098,14016.0
2025-01-16 14:31:00,0.1098,0.1099,0.1095,0.1095,27969.0
2025-01-16 14:32:00,0.1094,0.1095,0.1094,0.1095,9465.0
2025-01-16 14:33:00,0.1093,0.1093,0.109,0.109,158024.0
2025-01-16 14:34:00,0.1091,0.1095,0.1091,0.1095,57103.0
2025-01-16 14:35:00,0.1097,0.1099,0.1096,0.1097,42588.0
2025-01-16 14:36:00,0.1097,0.1098,0.1097,0.1097,3370.0
2025-01-16 14:37:00,0.1095,0.1095,0.1093,0.1093,5017.0
2025-01-16 14:38:00,0.1093,0.1094,0.1091,0.1093,42384.0
2025-01-16 14:39:00,0.1093,0.1093,0.1091,0.1091,16684.0
2025-01-16 14:40:00,0.1092,0.1092,0.1091,0.1091,30709.0
2025-01-16 14:41:00,0.1091,0.1091,0.1084,0.1084,243810.0
2025-01-16 14:42:00,0.1083,0.1085,0.1082,0.1083,51454.0
2025-01-16 14:43:00,0.1082,0.1089,0.108,0.1083,161402.0
2025-01-16 14:44:00,0.1082,0.1083,0.108,0.1081,94517.0
2025-01-16 14:45:00,0.108,0.108,0.1076,0.1077,81093.0
2025-01-16 14:46:00,0.1076,0.1083,0.1074,0.1081,118389.0
2025-01-16 14:47:00,0.1079,0.1079,0.1072,0.1072,27058.0
2025-01-16 14:48:00,0.1074,0.1082,0.1073,0.108,126565.0
2025-01-16 14:49:00,0.1078,0.108,0.1073,0.1073,17331.0
2025-01-16 14:50:00,0.1073,0.1085,0.1073,0.1083,329102.0
2025-01-16 14:51:00,0.1084,0.1084,0.1075,0.1077,522055.0
2025-01-16 14:52:00,0.1078,0.1084,0.1078,0.1083,78938.0
2025-01-16 14:53:00,0.1084,0.1087,0.1084,0.1086,68297.0
2025-01-16 14:54:00,0.1087,0.1087,0.1077,0.1077,101314.0
2025-01-16 14:55:00,0.1078,0.1079,0.1077,0.1079,43736.0
2025-01-16 14:56:00,0.1077,0.1077,0.1075,0.1075,34527.0
2025-01-16 14:57:00,0.1075,0.1078,0.1075,0.1078,8937.0
2025-01-16 14:58:00,0.1078,0.1079,0.1076,0.1077,26105.0
2025-01-16 14:59:00,0.1076,0.1076,0.1075,0.1075,19602.0
2025-01-16 15:00:00,0.1075,0.1077,0.1074,0.1074,29553.0
2025-01-16 15:01:00,0.1075,0.1075,0.1072,0.1072,42969.0
2025-01-16 15:02:00,0.1072,0.1079,0.1072,0.1079,33318.0
2025-01-16 15:03:00,0.1079,0.1083,0.1077,0.1083,62447.0
2025-01-16 15:04:00,0.1081,0.1083,0.108,0.1082,29362.0
2025-01-16 15:05:00,0.1082,0.1082,0.1078,0.1081,45697.0
2025-01-16 15:06:00,0.1082,0.1084,0.1082,0.1084,18909.0
2025-01-16 15:07:00,0.1084,0.1084,0.108,0.1082,30158.0
2025-01-16 15:08:00,0.1083,0.1083,0.1081,0.1081,5997.0
2025-01-16 15:09:00,0.1081,0.1082,0.1081,0.1082,27987.0
2025-01-16 15:10:00,0.1084,0.1086,0.1082,0.1083,13993.0
2025-01-16 15:11:00,0.1084,0.1092,0.1084,0.1088,239837.0
2025-01-16 15:12:00,0.1087,0.1088,0.1084,0.1084,26928.0
2025-01-16 15:13:00,0.1084,0.1084,0.1083,0.1084,10615.0
2025-01-16 15:14:00,0.1084,0.1084,0.1083,0.1083,8778.0
2025-01-16 15:15:00,0.1082,0.1085,0.1082,0.1085,14019.0
2025-01-16 15:16:00,0.1086,0.1087,0.1086,0.1087,17484.0
2025-01-16 15:17:00,0.1087,0.1088,0.1087,0.1088,14766.0
2025-01-16 15:18:00,0.1087,0.1089,0.1087,0.1088,24028.0
2025-01-16 15:19:00,0.1087,0.1087,0.1087,0.1087,8326.0
2025-01-16 15:20:00,0.1086,0.1088,0.1085,0.1088,5189.0
2025-01-16 15:21:00,0.1088,0.1088,0.1088,0.1088,20860.0
2025-01-16 15:22:00,0.1088,0.1088,0.1088,0.1088,310.0
2025-01-16 15:23:00,0.1087,0.1088,0.1087,0.1088,13838.0
2025-01-16 15:24:00,0.1088,0.1089,0.1088,0.1089,1245.0
2025-01-16 15:25:00,0.1089,0.1089,0.1089,0.1089,7572.0
2025-01-16 15:26:00,0.1089,0.109,0.1089,0.109,16332.0
2025-01-16 15:27:00,0.109,0.109,0.109,0.109,0.0
2025-01-16 15:28:00,0.109,0.109,0.109,0.109,3754.0
2025-01-16 15:29:00,0.1091,0.1091,0.1091,0.1091,204.0
2025-01-16 15:30:00,0.1091,0.1092,0.109,0.1092,31025.0
2025-01-16 15:31:00,0.1088,0.1088,0.1088,0.1088,1335.0
2025-01-16 15:32:00,0.1089,0.1089,0.1089,0.1089,11068.0
2025-01-16 15:33:00,0.1089,0.1089,0.1088,0.1088,7077.0
2025-01-16 15:34:00,0.1087,0.1087,0.1086,0.1086,22613.0
2025-01-16 15:35:00,0.1086,0.1086,0.1086,0.1086,1489.0
2025-01-16 15:36:00,0.1085,0.1085,0.1083,0.1084,16390.0
2025-01-16 15:37:00,0.1083,0.1086,0.1083,0.1086,5831.0
2025-01-16 15:38:00,0.1086,0.1088,0.1086,0.1088,4057.0
2025-01-16 15:39:00,0.1088,0.1088,0.1088,0.1088,4503.0
2025-01-16 15:40:00,0.1088,0.1088,0.1085,0.1085,6652.0
2025-01-16 15:41:00,0.1085,0.1085,0.1084,0.1084,10040.0
2025-01-16 15:42:00,0.1084,0.1084,0.1084,0.1084,1241.0
2025-01-16 15:43:00,0.1084,0.1085,0.1084,0.1085,3308.0
2025-01-16 15:44:00,0.1086,0.1086,0.1086,0.1086,1381.0
2025-01-16 15:45:00,0.1085,0.1086,0.1085,0.1086,4250.0
2025-01-16 15:46:00,0.1085,0.1086,0.1085,0.1086,3925.0
2025-01-16 15:47:00,0.1086,0.1086,0.1086,0.1086,1417.0
2025-01-16 15:48:00,0.1086,0.1087,0.1086,0.1087,278.0
2025-01-16 15:49:00,0.1088,0.1089,0.1088,0.1089,5077.0
2025-01-16 15:50:00,0.109,0.109,0.1089,0.1089,1873.0
2025-01-16 15:51:00,0.109,0.1091,0.109,0.1091,4766.0
2025-01-16 15:52:00,0.1092,0.1092,0.1092,0.1092,1331.0
2025-01-16 15:53:00,0.1091,0.1093,0.1091,0.1093,9985.0
2025-01-16 15:54:00,0.1094,0.1094,0.1094,0.1094,1692.0
2025-01-16 15:55:00,0.1094,0.1094,0.1094,0.1094,46.0
2025-01-16 15:56:00,0.1094,0.1094,0.1094,0.1094,92.0
2025-01-16 15:57:00,0.1095,0.1095,0.1095,0.1095,810.0
2025-01-16 15:58:00,0.1096,0.1097,0.1096,0.1097,912.0
2025-01-16 15:59:00,0.1097,0.1099,0.1097,0.1099,17196.0
2025-01-16 16:00:00,0.1099,0.1101,0.1099,0.1099,44166.0
2025-01-16 16:01:00,0.1101,0.1103,0.1101,0.1101,12672.0
2025-01-16 16:02:00,0.1104,0.1104,0.1103,0.1103,3821.0
2025-01-16 16:03:00,0.1104,0.1104,0.1103,0.1104,13859.0
2025-01-16 16:04:00,0.1104,0.1106,0.1104,0.1106,8213.0
2025-01-16 16:05:00,0.1106,0.1106,0.1105,0.1105,6142.0
2025-01-16 16:06:00,0.1106,0.111,0.1106,0.111,61256.0
2025-01-16 16:07:00,0.111,0.1112,0.111,0.1111,50205.0
2025-01-16 16:08:00,0.1111,0.1113,0.1111,0.1112,54693.0
2025-01-16 16:09:00,0.1111,0.1111,0.111,0.111,47185.0
2025-01-16 16:10:00,0.1109,0.1109,0.1108,0.1109,19785.0
2025-01-16 16:11:00,0.1107,0.1108,0.1106,0.1108,32679.0
2025-01-16 16:12:00,0.1108,0.111,0.1108,0.111,5379.0
2025-01-16 16:13:00,0.1109,0.1109,0.1109,0.1109,4026.0
2025-01-16 16:14:00,0.1107,0.1107,0.1107,0.1107,1691.0
2025-01-16 16:15:00,0.1106,0.1107,0.1105,0.1107,9621.0
2025-01-16 16:16:00,0.1105,0.1105,0.1105,0.1105,2059.0
2025-01-16 16:17:00,0.1105,0.1105,0.1104,0.1104,11889.0
2025-01-16 16:18:00,0.1104,0.1105,0.1104,0.1105,30666.0
2025-01-16 16:19:00,0.1106,0.1107,0.1106,0.1107,6381.0
2025-01-16 16:20:00,0.1107,0.1107,0.1104,0.1104,3221.0
2025-01-16 16:21:00,0.1104,0.1106,0.1104,0.1106,8131.0
2025-01-16 16:22:00,0.1105,0.1105,0.1105,0.1105,461.0
2025-01-16 16:23:00,0.1107,0.1108,0.1107,0.1108,257.0
2025-01-16 16:24:00,0.1107,0.1108,0.1107,0.1108,10203.0
2025-01-16 16:25:00,0.1108,0.1108,0.1107,0.1107,2400.0
2025-01-16 16:26:00,0.1108,0.111,0.1108,0.111,3276.0
2025-01-16 16:27:00,0.111,0.111,0.111,0.111,15305.0
2025-01-16 16:28:00,0.1111,0.1111,0.1111,0.1111,1429.0
2025-01-16 16:29:00,0.1111,0.1111,0.1111,0.1111,180.0
2025-01-16 16:30:00,0.111,0.111,0.111,0.111,14625.0
2025-01-16 16:31:00,0.111,0.1111,0.111,0.1111,6897.0
2025-01-16 16:32:00,0.1111,0.1111,0.1108,0.1108,16463.0
2025-01-16 16:33:00,0.1109,0.1109,0.1109,0.1109,1997.0
2025-01-16 16:34:00,0.111,0.1111,0.1109,0.1109,12005.0
2025-01-16 16:35:00,0.1107,0.1108,0.1107,0.1107,17195.0
2025-01-16 16:36:00,0.1109,0.111,0.1109,0.111,9457.0
2025-01-16 16:37:00,0.1111,0.1112,0.1111,0.1111,29852.0
2025-01-16 16:38:00,0.1111,0.1111,0.111,0.111,4643.0
2025-01-16 16:39:00,0.1109,0.111,0.1109,0.111,2602.0
2025-01-16 16:40:00,0.1111,0.1113,0.1111,0.1112,26322.0
2025-01-16 16:41:00,0.1112,0.1112,0.1111,0.1111,2046.0
2025-01-16 16:42:00,0.111,0.111,0.1109,0.1109,9163.0
2025-01-16 16:43:00,0.1108,0.111,0.1108,0.1109,22891.0
2025-01-16 16:44:00,0.1109,0.1109,0.1108,0.1108,30257.0
2025-01-16 16:45:00,0.111,0.111,0.111,0.111,1339.0
2025-01-16 16:46:00,0.111,0.1112,0.111,0.1112,19164.0
2025-01-16 16:47:00,0.1112,0.1112,0.1111,0.1111,15593.0
2025-01-16 16:48:00,0.1111,0.1111,0.1109,0.1109,12738.0
2025-01-16 16:49:00,0.1109,0.1109,0.1109,0.1109,5850.0
2025-01-16 16:50:00,0.1108,0.1108,0.1108,0.1108,1917.0
2025-01-16 16:51:00,0.1108,0.1108,0.1108,0.1108,10694.0
2025-01-16 16:52:00,0.1108,0.1108,0.1108,0.1108,199.0
2025-01-16 16:53:00,0.1109,0.1111,0.1109,0.1111,6206.0
2025-01-16 16:54:00,0.1109,0.1109,0.1108,0.1108,5901.0
2025-01-16 16:55:00,0.1109,0.1109,0.1108,0.1108,3405.0
2025-01-16 16:56:00,0.1108,0.1108,0.1108,0.1108,23691.0
2025-01-16 16:57:00,0.1108,0.1108,0.1108,0.1108,398.0
2025-01-16 16:58:00,0.1108,0.1108,0.1108,0.1108,6640.0
2025-01-16 16:59:00,0.1109,0.1109,0.1109,0.1109,2883.0
2025-01-16 17:00:00,0.1107,0.1107,0.1103,0.1103,17648.0
2025-01-16 17:01:00,0.1103,0.1105,0.1103,0.1105,23393.0
2025-01-16 17:02:00,0.1105,0.1106,0.1105,0.1106,186.0
2025-01-16 17:03:00,0.1106,0.1106,0.1105,0.1105,10421.0
2025-01-16 17:04:00,0.1105,0.1105,0.1105,0.1105,1754.0
2025-01-16 17:05:00,0.1106,0.1107,0.1105,0.1105,14892.0
2025-01-16 17:06:00,0.1105,0.1105,0.1104,0.1105,2846.0
2025-01-16 17:07:00,0.1105,0.1105,0.1105,0.1105,0.0
2025-01-16 17:08:00,0.1105,0.1106,0.1105,0.1106,5918.0
2025-01-16 17:09:00,0.1104,0.1104,0.1104,0.1104,9600.0
2025-01-16 17:10:00,0.1104,0.1105,0.1104,0.1104,8145.0
2025-01-16 17:11:00,0.1104,0.1105,0.1103,0.1105,25936.0
2025-01-16 17:12:00,0.1106,0.1107,0.1106,0.1106,10590.0
2025-01-16 17:13:00,0.1106,0.1106,0.1105,0.1105,10717.0
2025-01-16 17:14:00,0.1105,0.1105,0.1105,0.1105,0.0
2025-01-16 17:15:00,0.1105,0.1105,0.1105,0.1105,24956.0
2025-01-16 17:16:00,0.1106,0.1106,0.1106,0.1106,159.0
2025-01-16 17:17:00,0.1106,0.1107,0.1106,0.1107,421.0
2025-01-16 17:18:00,0.1107,0.1109,0.1107,0.1109,10081.0
2025-01-16 17:19:00,0.1109,0.1109,0.1108,0.1108,8998.0
2025-01-16 17:20:00,0.111,0.111,0.111,0.111,1336.0
2025-01-16 17:21:00,0.111,0.111,0.111,0.111,8111.0
2025-01-16 17:22:00,0.111,0.111,0.111,0.111,10407.0
2025-01-16 17:23:00,0.111,0.1111,0.111,0.1111,8378.0
2025-01-16 17:24:00,0.1112,0.1112,0.1112,0.1112,13505.0
2025-01-16 17:25:00,0.1112,0.1112,0.1112,0.1112,23647.0
2025-01-16 17:26:00,0.1111,0.1112,0.1111,0.1112,7470.0
2025-01-16 17:27:00,0.1113,0.1114,0.1113,0.1113,28275.0
2025-01-16 17:28:00,0.1113,0.1113,0.1113,0.1113,4577.0
2025-01-16 17:29:00,0.1113,0.1114,0.1113,0.1114,4833.0
2025-01-16 17:30:00,0.1114,0.1114,0.1113,0.1114,48743.0
2025-01-16 17:31:00,0.1114,0.1114,0.1114,0.1114,14568.0
2025-01-16 17:32:00,0.1114,0.1116,0.1114,0.1115,31712.0
2025-01-16 17:33:00,0.1115,0.1115,0.1115,0.1115,115.0
2025-01-16 17:34:00,0.1115,0.1116,0.1115,0.1115,37270.0
2025-01-16 17:35:00,0.1116,0.1116,0.1115,0.1116,2322.0
2025-01-16 17:36:00,0.1117,0.1117,0.1112,0.1112,202287.0
2025-01-16 17:37:00,0.1112,0.1113,0.1112,0.1113,4880.0
2025-01-16 17:38:00,0.1113,0.1113,0.1112,0.1112,20964.0
2025-01-16 17:39:00,0.1113,0.1113,0.1111,0.1111,11312.0
2025-01-16 17:40:00,0.111,0.1111,0.1109,0.1111,15153.0
2025-01-16 17:41:00,0.1112,0.1112,0.1111,0.1112,6648.0
2025-01-16 17:42:00,0.1113,0.1113,0.1112,0.1112,9784.0
2025-01-16 17:43:00,0.1111,0.1111,0.1111,0.1111,7651.0
2025-01-16 17:44:00,0.1111,0.1111,0.1111,0.1111,0.0
2025-01-16 17:45:00,0.1112,0.1112,0.1112,0.1112,29425.0
2025-01-16 17:46:00,0.1112,0.1112,0.1111,0.1111,33232.0
2025-01-16 17:47:00,0.1111,0.1111,0.1109,0.1109,10967.0
2025-01-16 17:48:00,0.1109,0.1109,0.1108,0.1108,17068.0
2025-01-16 17:49:00,0.1108,0.1109,0.1108,0.1109,2254.0
2025-01-16 17:50:00,0.1109,0.1109,0.1109,0.1109,6489.0
2025-01-16 17:51:00,0.1108,0.1109,0.1108,0.1109,1737.0
2025-01-16 17:52:00,0.111,0.111,0.111,0.111,2161.0
2025-01-16 17:53:00,0.1111,0.1112,0.1111,0.1112,2544.0
2025-01-16 17:54:00,0.1112,0.1112,0.1112,0.1112,10332.0
2025-01-16 17:55:00,0.1113,0.1113,0.1113,0.1113,563.0
2025-01-16 17:56:00,0.1113,0.1115,0.1113,0.1114,13513.0
2025-01-16 17:57:00,0.1114,0.1114,0.1114,0.1114,0.0
2025-01-16 17:58:00,0.1114,0.1114,0.1113,0.1113,6204.0
2025-01-16 17:59:00,0.1113,0.1113,0.1113,0.1113,1378.0
2025-01-16 18:00:00,0.1113,0.1113,0.1112,0.1113,11600.0
2025-01-16 18:01:00,0.1113,0.1114,0.1113,0.1113,2859.0
2025-01-16 18:02:00,0.1113,0.1113,0.1113,0.1113,9071.0
2025-01-16 18:03:00,0.1115,0.1115,0.1114,0.1114,1544.0
2025-01-16 18:04:00,0.1115,0.1115,0.1115,0.1115,2541.0
2025-01-16 18:05:00,0.1115,0.1116,0.1115,0.1116,13897.0
2025-01-16 18:06:00,0.1115,0.1115,0.1114,0.1115,16187.0
2025-01-16 18:07:00,0.1116,0.1116,0.1115,0.1115,4162.0
2025-01-16 18:08:00,0.1117,0.1117,0.1117,0.1117,3924.0
2025-01-16 18:09:00,0.1117,0.1118,0.1117,0.1118,12099.0
2025-01-16 18:10:00,0.1116,0.1116,0.1116,0.1116,1378.0
2025-01-16 18:11:00,0.1115,0.1115,0.1114,0.1114,4968.0
2025-01-16 18:12:00,0.1114,0.1114,0.1113,0.1113,10559.0
2025-01-16 18:13:00,0.1113,0.1113,0.1113,0.1113,13208.0
2025-01-16 18:14:00,0.1113,0.1113,0.1113,0.1113,8717.0
2025-01-16 18:15:00,0.1114,0.1115,0.1114,0.1114,24308.0
2025-01-16 18:16:00,0.1113,0.1113,0.1113,0.1113,3966.0
2025-01-16 18:17:00,0.1112,0.1112,0.1112,0.1112,3285.0
2025-01-16 18:18:00,0.1111,0.1111,0.1111,0.1111,2656.0
2025-01-16 18:19:00,0.1111,0.1111,0.111,0.111,8720.0
2025-01-16 18:20:00,0.1111,0.1111,0.1111,0.1111,82.0
2025-01-16 18:21:00,0.1112,0.1112,0.1112,0.1112,1575.0
2025-01-16 18:22:00,0.1112,0.1112,0.111,0.111,12079.0
2025-01-16 18:23:00,0.1111,0.1111,0.1111,0.1111,11707.0
2025-01-16 18:24:00,0.1111,0.1111,0.111,0.1111,7329.0
2025-01-16 18:25:00,0.1111,0.1111,0.1111,0.1111,3120.0
2025-01-16 18:26:00,0.1111,0.1111,0.1111,0.1111,1000.0
2025-01-16 18:27:00,0.1109,0.1109,0.1108,0.1108,29385.0
2025-01-16 18:28:00,0.1108,0.1108,0.1108,0.1108,11631.0
2025-01-16 18:29:00,0.1108,0.1108,0.1107,0.1107,17304.0
2025-01-16 18:30:00,0.1107,0.1108,0.1107,0.1108,8558.0
2025-01-16 18:31:00,0.1107,0.1107,0.1107,0.1107,158.0
2025-01-16 18:32:00,0.1108,0.1108,0.1108,0.1108,4148.0
2025-01-16 18:33:00,0.1106,0.1107,0.1105,0.1107,24943.0
2025-01-16 18:34:00,0.1107,0.1107,0.1105,0.1106,42895.0
2025-01-16 18:35:00,0.1106,0.1106,0.1106,0.1106,12153.0
2025-01-16 18:36:00,0.1107,0.1107,0.1104,0.1104,12878.0
2025-01-16 18:37:00,0.1105,0.1105,0.1105,0.1105,8690.0
2025-01-16 18:38:00,0.1105,0.1105,0.1105,0.1105,2158.0
2025-01-16 18:39:00,0.1104,0.1105,0.1104,0.1105,13387.0
2025-01-16 18:40:00,0.1105,0.1105,0.1105,0.1105,8435.0
2025-01-16 18:41:00,0.1106,0.1107,0.1106,0.1106,5115.0
2025-01-16 18:42:00,0.1106,0.1106,0.1106,0.1106,0.0
2025-01-16 18:43:00,0.1106,0.1106,0.1106,0.1106,1384.0
2025-01-16 18:44:00,0.1106,0.1106,0.1106,0.1106,2721.0
2025-01-16 18:45:00,0.1106,0.1106,0.1105,0.1105,9799.0
2025-01-16 18:46:00,0.1105,0.1105,0.1105,0.1105,0.0
2025-01-16 18:47:00,0.1106,0.1106,0.1105,0.1105,12958.0
2025-01-16 18:48:00,0.1104,0.1105,0.1104,0.1105,7198.0
2025-01-16 18:49:00,0.1105,0.1107,0.1105,0.1107,18916.0
2025-01-16 18:50:00,0.1107,0.1107,0.1107,0.1107,8996.0
2025-01-16 18:51:00,0.1107,0.1107,0.1106,0.1106,7679.0
2025-01-16 18:52:00,0.1106,0.1106,0.1106,0.1106,91.0
2025-01-16 18:53:00,0.1107,0.1108,0.1107,0.1108,39998.0
2025-01-16 18:54:00,0.1109,0.1109,0.1109,0.1109,5940.0
2025-01-16 18:55:00,0.1109,0.1109,0.1109,0.1109,23064.0
2025-01-16 18:56:00,0.1109,0.1109,0.1109,0.1109,0.0
2025-01-16 18:57:00,0.1109,0.1109,0.1109,0.1109,0.0
2025-01-16 18:58:00,0.1109,0.1109,0.1109,0.1109,0.0
2025-01-16 18:59:00,0.1108,0.1108,0.1108,0.1108,455.0
2025-01-16 19:00:00,0.1107,0.1107,0.1106,0.1106,33704.0
2025-01-16 19:01:00,0.1106,0.1106,0.1105,0.1105,13361.0
2025-01-16 19:02:00,0.1106,0.1106,0.1105,0.1105,5139.0
2025-01-16 19:03:00,0.1105,0.1105,0.1105,0.1105,0.0
2025-01-16 19:04:00,0.1106,0.1106,0.1106,0.1106,5473.0
2025-01-16 19:05:00,0.1107,0.1107,0.1107,0.1107,1429.0
2025-01-16 19:06:00,0.1107,0.1107,0.1107,0.1107,0.0
2025-01-16 19:07:00,0.1107,0.1107,0.1107,0.1107,0.0
2025-01-16 19:08:00,0.1109,0.1109,0.1109,0.1109,99.0
2025-01-16 19:09:00,0.1109,0.1109,0.1109,0.1109,0.0
2025-01-16 19:10:00,0.1108,0.111,0.1108,0.1109,9496.0
2025-01-16 19:11:00,0.1109,0.1109,0.1109,0.1109,0.0
2025-01-16 19:12:00,0.111,0.111,0.111,0.111,48.0
2025-01-16 19:13:00,0.1111,0.1112,0.1111,0.1112,40536.0
2025-01-16 19:14:00,0.1111,0.1111,0.1111,0.1111,4260.0
2025-01-16 19:15:00,0.111,0.111,0.111,0.111,1378.0
2025-01-16 19:16:00,0.111,0.111,0.111,0.111,4390.0
2025-01-16 19:17:00,0.111,0.111,0.111,0.111,0.0
2025-01-16 19:18:00,0.1112,0.1112,0.1112,0.1112,199.0
2025-01-16 19:19:00,0.1112,0.1112,0.1112,0.1112,4949.0
2025-01-16 19:20:00,0.1112,0.1112,0.1112,0.1112,2785.0
2025-01-16 19:21:00,0.1112,0.1112,0.1112,0.1112,0.0
2025-01-16 19:22:00,0.1111,0.1111,0.1111,0.1111,1378.0
2025-01-16 19:23:00,0.111,0.1111,0.111,0.1111,27238.0
2025-01-16 19:24:00,0.111,0.1111,0.1109,0.1111,20867.0
2025-01-16 19:25:00,0.1111,0.1111,0.1111,0.1111,6533.0
2025-01-16 19:26:00,0.1112,0.1112,0.1111,0.1112,4443.0
2025-01-16 19:27:00,0.1112,0.1112,0.1112,0.1112,0.0
2025-01-16 19:28:00,0.1112,0.1112,0.1112,0.1112,0.0
2025-01-16 19:29:00,0.1112,0.1112,0.1112,0.1112,20781.0
2025-01-16 19:30:00,0.1112,0.1112,0.1111,0.1111,3406.0
2025-01-16 19:31:00,0.1111,0.1111,0.1111,0.1111,187.0
2025-01-16 19:32:00,0.111,0.1111,0.111,0.1111,4753.0
2025-01-16 19:33:00,0.1111,0.1111,0.1111,0.1111,39777.0
2025-01-16 19:34:00,0.1111,0.1111,0.1111,0.1111,7881.0
2025-01-16 19:35:00,0.1112,0.1112,0.1112,0.1112,449.0
2025-01-16 19:36:00,0.1112,0.1112,0.1112,0.1112,7817.0
2025-01-16 19:37:00,0.1113,0.1113,0.1113,0.1113,32367.0
2025-01-16 19:38:00,0.1113,0.1114,0.1113,0.1114,7739.0
2025-01-16 19:39:00,0.1113,0.1113,0.1113,0.1113,899.0
2025-01-16 19:40:00,0.1113,0.1113,0.1113,0.1113,12887.0
2025-01-16 19:41:00,0.1114,0.1114,0.1114,0.1114,12725.0
2025-01-16 19:42:00,0.1114,0.1114,0.1114,0.1114,0.0
2025-01-16 19:43:00,0.1114,0.1114,0.1114,0.1114,0.0
2025-01-16 19:44:00,0.1114,0.1115,0.1114,0.1115,25904.0
2025-01-16 19:45:00,0.1114,0.1114,0.1114,0.1114,4515.0
2025-01-16 19:46:00,0.1114,0.1115,0.1114,0.1115,24875.0
2025-01-16 19:47:00,0.1115,0.1115,0.1115,0.1115,1378.0
2025-01-16 19:48:00,0.1115,0.1116,0.1115,0.1116,60030.0
2025-01-16 19:49:00,0.1116,0.1116,0.1116,0.1116,0.0
2025-01-16 19:50:00,0.1116,0.1117,0.1116,0.1116,7668.0
2025-01-16 19:51:00,0.1116,0.1117,0.1116,0.1116,1882.0
2025-01-16 19:52:00,0.1116,0.1116,0.1116,0.1116,0.0
2025-01-16 19:53:00,0.1116,0.1116,0.1116,0.1116,3689.0
2025-01-16 19:54:00,0.1116,0.1116,0.1116,0.1116,20067.0
2025-01-16 19:55:00,0.1117,0.1117,0.1117,0.1117,28249.0
2025-01-16 19:56:00,0.1117,0.1118,0.1117,0.1117,12113.0
2025-01-16 19:57:00,0.1117,0.1117,0.1117,0.1117,2296.0
2025-01-16 19:58:00,0.1117,0.1117,0.1117,0.1117,0.0
2025-01-16 19:59:00,0.1118,0.1118,0.1118,0.1118,29179.0
2025-01-16 20:00:00,0.1118,0.1118,0.1118,0.1118,8980.0
2025-01-16 20:01:00,0.1119,0.1119,0.1118,0.1118,411.0
2025-01-16 20:02:00,0.1118,0.1118,0.1118,0.1118,8590.0
2025-01-16 20:03:00,0.1119,0.112,0.1119,0.112,31448.0
2025-01-16 20:04:00,0.1119,0.1119,0.1115,0.1116,29561.0
2025-01-16 20:05:00,0.1116,0.1116,0.1115,0.1115,19114.0
2025-01-16 20:06:00,0.1113,0.1115,0.1113,0.1115,13405.0
2025-01-16 20:07:00,0.1114,0.1114,0.1113,0.1113,9548.0
2025-01-16 20:08:00,0.1114,0.1114,0.1114,0.1114,1677.0
2025-01-16 20:09:00,0.1115,0.1115,0.1115,0.1115,1901.0
2025-01-16 20:10:00,0.1114,0.1114,0.1114,0.1114,9783.0
2025-01-16 20:11:00,0.1114,0.1114,0.1114,0.1114,3320.0
2025-01-16 20:12:00,0.1115,0.1115,0.1114,0.1114,1786.0
2025-01-16 20:13:00,0.1114,0.1115,0.1114,0.1115,10369.0
2025-01-16 20:14:00,0.1115,0.1115,0.1114,0.1114,34395.0
2025-01-16 20:15:00,0.1114,0.1114,0.1114,0.1114,0.0
2025-01-16 20:16:00,0.1115,0.1115,0.1115,0.1115,184.0
2025-01-16 20:17:00,0.1114,0.1114,0.1113,0.1113,11431.0
2025-01-16 20:18:00,0.1112,0.1112,0.1111,0.1111,21031.0
2025-01-16 20:19:00,0.1111,0.1111,0.1111,0.1111,18592.0
2025-01-16 20:20:00,0.1111,0.1112,0.1111,0.1112,5170.0
2025-01-16 20:21:00,0.1112,0.1112,0.1112,0.1112,6607.0
2025-01-16 20:22:00,0.1112,0.1112,0.1111,0.1111,10755.0
2025-01-16 20:23:00,0.1111,0.1111,0.1111,0.1111,8668.0
2025-01-16 20:24:00,0.1111,0.1111,0.1111,0.1111,6750.0
2025-01-16 20:25:00,0.111,0.1111,0.1109,0.1111,24042.0
2025-01-16 20:26:00,0.111,0.1111,0.111,0.1111,61274.0
2025-01-16 20:27:00,0.111,0.111,0.111,0.111,90.0
2025-01-16 20:28:00,0.1112,0.1112,0.1112,0.1112,2959.0
2025-01-16 20:29:00,0.1112,0.1112,0.1112,0.1112,0.0
2025-01-16 20:30:00,0.1113,0.1113,0.1113,0.1113,23434.0
2025-01-16 20:31:00,0.1112,0.1112,0.1112,0.1112,11372.0
2025-01-16 20:32:00,0.1113,0.1114,0.1113,0.1114,25774.0
2025-01-16 20:33:00,0.1114,0.1114,0.1114,0.1114,5922.0
2025-01-16 20:34:00,0.1114,0.1114,0.1113,0.1113,34741.0
2025-01-16 20:35:00,0.1113,0.1113,0.1113,0.1113,2333.0
2025-01-16 20:36:00,0.1113,0.1115,0.1113,0.1115,43488.0
2025-01-16 20:37:00,0.1114,0.1114,0.1114,0.1114,1127.0
2025-01-16 20:38:00,0.1114,0.1114,0.1114,0.1114,1577.0
2025-01-16 20:39:00,0.1114,0.1114,0.1113,0.1113,10409.0
2025-01-16 20:40:00,0.1113,0.1113,0.1113,0.1113,3601.0
2025-01-16 20:41:00,0.1112,0.1112,0.1112,0.1112,616.0
2025-01-16 20:42:00,0.1113,0.1113,0.1113,0.1113,21522.0
2025-01-16 20:43:00,0.1113,0.1113,0.1113,0.1113,0.0
2025-01-16 20:44:00,0.1114,0.1114,0.1114,0.1114,21502.0
2025-01-16 20:45:00,0.1114,0.1114,0.1114,0.1114,0.0
2025-01-16 20:46:00,0.1115,0.1115,0.1114,0.1114,23227.0
2025-01-16 20:47:00,0.1114,0.1115,0.1114,0.1115,6077.0
2025-01-16 20:48:00,0.1113,0.1113,0.1112,0.1112,11198.0
2025-01-16 20:49:00,0.1112,0.1112,0.1112,0.1112,3913.0
2025-01-16 20:50:00,0.1113,0.1113,0.1113,0.1113,851.0
2025-01-16 20:51:00,0.1113,0.1113,0.1113,0.1113,443.0
2025-01-16 20:52:00,0.1114,0.1114,0.1114,0.1114,22387.0
2025-01-16 20:53:00,0.1114,0.1114,0.1112,0.1113,22344.0
2025-01-16 20:54:00,0.1113,0.1113,0.1113,0.1113,2478.0
2025-01-16 20:55:00,0.1113,0.1113,0.1112,0.1112,11841.0
2025-01-16 20:56:00,0.1112,0.1112,0.1112,0.1112,2580.0
2025-01-16 20:57:00,0.1112,0.1112,0.1112,0.1112,0.0
2025-01-16 20:58:00,0.1112,0.1114,0.1112,0.1113,52175.0
2025-01-16 20:59:00,0.1112,0.1112,0.1112,0.1112,277.0
2025-01-16 21:00:00,0.1113,0.1113,0.1112,0.1112,8707.0
2025-01-16 21:01:00,0.1111,0.1111,0.111,0.111,14755.0
2025-01-16 21:02:00,0.111,0.111,0.111,0.111,6128.0
2025-01-16 21:03:00,0.1111,0.1111,0.111,0.111,3922.0
2025-01-16 21:04:00,0.1109,0.1109,0.1108,0.1108,17509.0
2025-01-16 21:05:00,0.1108,0.1109,0.1108,0.1109,34218.0
2025-01-16 21:06:00,0.1109,0.1109,0.1109,0.1109,1269.0
2025-01-16 21:07:00,0.1109,0.1109,0.1109,0.1109,0.0
2025-01-16 21:08:00,0.1109,0.1109,0.1109,0.1109,0.0
2025-01-16 21:09:00,0.1108,0.1108,0.1108,0.1108,9237.0
2025-01-16 21:10:00,0.1109,0.1109,0.1109,0.1109,415.0
2025-01-16 21:11:00,0.111,0.111,0.111,0.111,21580.0
2025-01-16 21:12:00,0.1111,0.1111,0.1111,0.1111,1369.0
2025-01-16 21:13:00,0.1111,0.1111,0.1111,0.1111,16847.0
2025-01-16 21:14:00,0.1111,0.1111,0.1111,0.1111,0.0
2025-01-16 21:15:00,0.111,0.111,0.111,0.111,8668.0
2025-01-16 21:16:00,0.111,0.111,0.111,0.111,1007.0
2025-01-16 21:17:00,0.111,0.111,0.111,0.111,0.0
2025-01-16 21:18:00,0.1109,0.1109,0.1108,0.1108,8763.0
2025-01-16 21:19:00,0.1108,0.1108,0.1106,0.1107,42877.0
2025-01-16 21:20:00,0.1107,0.1107,0.1105,0.1106,25897.0
2025-01-16 21:21:00,0.1106,0.1106,0.1103,0.1104,108324.0
2025-01-16 21:22:00,0.1105,0.1105,0.1104,0.1104,23485.0
2025-01-16 21:23:00,0.1104,0.1104,0.1103,0.1103,23013.0
2025-01-16 21:24:00,0.1104,0.1104,0.1103,0.1104,23806.0
2025-01-16 21:25:00,0.1104,0.1104,0.1104,0.1104,4623.0
2025-01-16 21:26:00,0.1104,0.1104,0.1104,0.1104,0.0
2025-01-16 21:27:00,0.1106,0.1106,0.1106,0.1106,974.0
2025-01-16 21:28:00,0.1106,0.1106,0.1106,0.1106,14767.0
2025-01-16 21:29:00,0.1106,0.1106,0.1106,0.1106,160.0
2025-01-16 21:30:00,0.1107,0.1107,0.1107,0.1107,4247.0
2025-01-16 21:31:00,0.1107,0.1107,0.1107,0.1107,2250.0
2025-01-16 21:32:00,0.1107,0.1107,0.1107,0.1107,4352.0
2025-01-16 21:33:00,0.1107,0.1107,0.1107,0.1107,7502.0
2025-01-16 21:34:00,0.1108,0.1108,0.1108,0.1108,2960.0
2025-01-16 21:35:00,0.1107,0.1107,0.1107,0.1107,9444.0
2025-01-16 21:36:00,0.1108,0.1108,0.1107,0.1107,726.0
2025-01-16 21:37:00,0.1107,0.1107,0.1107,0.1107,0.0
2025-01-16 21:38:00,0.1107,0.1107,0.1107,0.1107,0.0
2025-01-16 21:39:00,0.1109,0.1109,0.1109,0.1109,5438.0
2025-01-16 21:40:00,0.1109,0.1109,0.1109,0.1109,0.0
2025-01-16 21:41:00,0.1109,0.1109,0.1109,0.1109,5707.0
2025-01-16 21:42:00,0.1109,0.1109,0.1109,0.1109,94.0
2025-01-16 21:43:00,0.111,0.111,0.111,0.111,715.0
2025-01-16 21:44:00,0.111,0.111,0.111,0.111,315.0
2025-01-16 21:45:00,0.111,0.111,0.111,0.111,203.0
2025-01-16 21:46:00,0.111,0.111,0.111,0.111,576.0
2025-01-16 21:47:00,0.1111,0.1111,0.1111,0.1111,4443.0
2025-01-16 21:48:00,0.1111,0.1111,0.1111,0.1111,0.0
2025-01-16 21:49:00,0.111,0.111,0.1109,0.1109,10149.0
2025-01-16 21:50:00,0.1109,0.1109,0.1108,0.1108,8746.0
2025-01-16 21:51:00,0.1108,0.1108,0.1106,0.1107,26844.0
2025-01-16 21:52:00,0.1107,0.1107,0.1107,0.1107,4989.0
2025-01-16 21:53:00,0.1107,0.1107,0.1106,0.1107,6245.0
2025-01-16 21:54:00,0.1106,0.1106,0.1106,0.1106,1500.0
2025-01-16 21:55:00,0.1107,0.1107,0.1107,0.1107,5243.0
2025-01-16 21:56:00,0.1108,0.1108,0.1107,0.1107,15588.0
2025-01-16 21:57:00,0.1107,0.1107,0.1107,0.1107,0.0
2025-01-16 21:58:00,0.1108,0.1108,0.1108,0.1108,1454.0
2025-01-16 21:59:00,0.1108,0.1108,0.1108,0.1108,135.0
2025-01-16 22:00:00,0.1108,0.1108,0.1107,0.1107,21732.0
2025-01-16 22:01:00,0.1106,0.1106,0.1106,0.1106,14961.0
2025-01-16 22:02:00,0.1106,0.1106,0.1106,0.1106,0.0
2025-01-16 22:03:00,0.1105,0.1105,0.1105,0.1105,9007.0
2025-01-16 22:04:00,0.1104,0.1104,0.1104,0.1104,23909.0
2025-01-16 22:05:00,0.1105,0.1105,0.1105,0.1105,9531.0
2025-01-16 22:06:00,0.1104,0.1104,0.1103,0.1104,26216.0
2025-01-16 22:07:00,0.1104,0.1104,0.1103,0.1103,19378.0
2025-01-16 22:08:00,0.1103,0.1103,0.1103,0.1103,11269.0
2025-01-16 22:09:00,0.1103,0.1103,0.1102,0.1103,16017.0
2025-01-16 22:10:00,0.1103,0.1104,0.1103,0.1104,4608.0
2025-01-16 22:11:00,0.1103,0.1103,0.1103,0.1103,3586.0
2025-01-16 22:12:00,0.1103,0.1103,0.1103,0.1103,8639.0
2025-01-16 22:13:00,0.1103,0.1103,0.1103,0.1103,9933.0
2025-01-16 22:14:00,0.1103,0.1104,0.1103,0.1104,37137.0
2025-01-16 22:15:00,0.1104,0.1104,0.1104,0.1104,693.0
2025-01-16 22:16:00,0.1104,0.1105,0.1104,0.1105,3113.0
2025-01-16 22:17:00,0.1105,0.1105,0.1105,0.1105,0.0
2025-01-16 22:18:00,0.1104,0.1104,0.1104,0.1104,8643.0
2025-01-16 22:19:00,0.1103,0.1103,0.1102,0.1102,12576.0
2025-01-16 22:20:00,0.1102,0.1102,0.1102,0.1102,41554.0
2025-01-16 22:21:00,0.1101,0.1101,0.1101,0.1101,2232.0
2025-01-16 22:22:00,0.1101,0.1102,0.11,0.11,87730.0
2025-01-16 22:23:00,0.11,0.11,0.11,0.11,87781.0
2025-01-16 22:24:00,0.1101,0.1101,0.1101,0.1101,6255.0
2025-01-16 22:25:00,0.1101,0.1101,0.1101,0.1101,4441.0
2025-01-16 22:26:00,0.1101,0.1101,0.11,0.11,8104.0
2025-01-16 22:27:00,0.11,0.11,0.11,0.11,0.0
2025-01-16 22:28:00,0.1101,0.1101,0.1101,0.1101,92.0
2025-01-16 22:29:00,0.1101,0.1101,0.1101,0.1101,0.0
2025-01-16 22:30:00,0.11,0.11,0.1099,0.1099,18821.0
2025-01-16 22:31:00,0.1099,0.1099,0.1097,0.1097,122682.0
2025-01-16 22:32:00,0.1097,0.1097,0.1097,0.1097,1154.0
2025-01-16 22:33:00,0.1097,0.1097,0.1097,0.1097,27363.0
2025-01-16 22:34:00,0.1096,0.1096,0.1095,0.1095,51984.0
2025-01-16 22:35:00,0.1095,0.1095,0.1095,0.1095,33078.0
2025-01-16 22:36:00,0.1094,0.1095,0.1094,0.1095,8191.0
2025-01-16 22:37:00,0.1094,0.1094,0.1094,0.1094,1500.0
2025-01-16 22:38:00,0.1094,0.1095,0.1094,0.1095,41870.0
2025-01-16 22:39:00,0.1096,0.1096,0.1096,0.1096,1102.0
2025-01-16 22:40:00,0.1095,0.1095,0.1095,0.1095,59.0
2025-01-16 22:41:00,0.1096,0.1096,0.1095,0.1095,5345.0
2025-01-16 22:42:00,0.1095,0.1095,0.1095,0.1095,87.0
2025-01-16 22:43:00,0.1095,0.1095,0.1095,0.1095,101.0
2025-01-16 22:44:00,0.1095,0.1095,0.1095,0.1095,1498.0
2025-01-16 22:45:00,0.1095,0.1095,0.1095,0.1095,0.0
2025-01-16 22:46:00,0.1095,0.1095,0.1092,0.1092,39189.0
2025-01-16 22:47:00,0.1093,0.1094,0.1093,0.1094,14100.0
2025-01-16 22:48:00,0.1094,0.1094,0.1094,0.1094,642.0
2025-01-16 22:49:00,0.1094,0.1094,0.1094,0.1094,0.0
2025-01-16 22:50:00,0.1094,0.1094,0.1094,0.1094,0.0
2025-01-16 22:51:00,0.1094,0.1094,0.1094,0.1094,281.0
2025-01-16 22:52:00,0.1095,0.1095,0.1095,0.1095,237.0
2025-01-16 22:53:00,0.1095,0.1095,0.1095,0.1095,0.0
2025-01-16 22:54:00,0.1095,0.1095,0.1095,0.1095,6453.0
2025-01-16 22:55:00,0.1095,0.1095,0.1095,0.1095,0.0
2025-01-16 22:56:00,0.1095,0.1095,0.1095,0.1095,0.0
2025-01-16 22:57:00,0.1095,0.1096,0.1095,0.1096,13692.0
2025-01-16 22:58:00,0.1095,0.1095,0.1095,0.1095,4676.0
2025-01-16 22:59:00,0.1096,0.1096,0.1096,0.1096,2796.0
2025-01-16 23:00:00,0.1096,0.1096,0.1096,0.1096,6302.0
2025-01-16 23:01:00,0.1096,0.1096,0.1096,0.1096,391.0
2025-01-16 23:02:00,0.1096,0.1098,0.1096,0.1098,7140.0
2025-01-16 23:03:00,0.1098,0.1098,0.1097,0.1097,10496.0
2025-01-16 23:04:00,0.1098,0.1098,0.1098,0.1098,3829.0
2025-01-16 23:05:00,0.1098,0.1098,0.1097,0.1097,5795.0
2025-01-16 23:06:00,0.1098,0.1098,0.1098,0.1098,1827.0
2025-01-16 23:07:00,0.1098,0.1098,0.1097,0.1097,73398.0
2025-01-16 23:08:00,0.1097,0.1097,0.1097,0.1097,10058.0
2025-01-16 23:09:00,0.1097,0.1097,0.1097,0.1097,4577.0
2025-01-16 23:10:00,0.1097,0.1097,0.1097,0.1097,412.0
2025-01-16 23:11:00,0.1097,0.1097,0.1097,0.1097,12917.0
2025-01-16 23:12:00,0.1098,0.1098,0.1098,0.1098,1500.0
2025-01-16 23:13:00,0.1098,0.1098,0.1098,0.1098,13101.0
2025-01-16 23:14:00,0.1098,0.1098,0.1095,0.1097,72008.0
2025-01-16 23:15:00,0.1098,0.1099,0.1098,0.1098,13067.0
2025-01-16 23:16:00,0.1098,0.1098,0.1098,0.1098,0.0
2025-01-16 23:17:00,0.1098,0.1099,0.1098,0.1099,9943.0
2025-01-16 23:18:00,0.1099,0.1099,0.1099,0.1099,0.0
2025-01-16 23:19:00,0.1098,0.1098,0.1098,0.1098,11159.0
2025-01-16 23:20:00,0.1097,0.1097,0.1097,0.1097,8895.0
2025-01-16 23:21:00,0.1096,0.1096,0.1095,0.1095,19801.0
2025-01-16 23:22:00,0.1094,0.1094,0.1094,0.1094,27041.0
2025-01-16 23:23:00,0.1094,0.1094,0.1094,0.1094,8043.0
2025-01-16 23:24:00,0.1093,0.1093,0.1091,0.1091,12772.0
2025-01-16 23:25:00,0.1091,0.1091,0.109,0.109,7246.0
2025-01-16 23:26:00,0.109,0.109,0.109,0.109,347.0
2025-01-16 23:27:00,0.1091,0.1091,0.1091,0.1091,7706.0
2025-01-16 23:28:00,0.1091,0.1091,0.1091,0.1091,66.0
2025-01-16 23:29:00,0.1091,0.1091,0.1091,0.1091,7421.0
2025-01-16 23:30:00,0.1091,0.1091,0.1091,0.1091,11986.0
2025-01-16 23:31:00,0.1091,0.1091,0.1091,0.1091,147.0
2025-01-16 23:32:00,0.1091,0.1092,0.1091,0.1092,5786.0
2025-01-16 23:33:00,0.1094,0.1094,0.1094,0.1094,323.0
2025-01-16 23:34:00,0.1094,0.1094,0.1094,0.1094,284.0
2025-01-16 23:35:00,0.1095,0.1095,0.1095,0.1095,3040.0
2025-01-16 23:36:00,0.1095,0.1095,0.1095,0.1095,0.0
2025-01-16 23:37:00,0.1095,0.1095,0.1095,0.1095,167.0
2025-01-16 23:38:00,0.1095,0.1095,0.1095,0.1095,0.0
2025-01-16 23:39:00,0.1096,0.1097,0.1096,0.1097,6222.0
2025-01-16 23:40:00,0.1096,0.1096,0.1096,0.1096,1378.0
2025-01-16 23:41:00,0.1096,0.1096,0.1096,0.1096,0.0
2025-01-16 23:42:00,0.1096,0.1096,0.1096,0.1096,7367.0
2025-01-16 23:43:00,0.1097,0.1099,0.1097,0.1099,4583.0
2025-01-16 23:44:00,0.1099,0.1099,0.1099,0.1099,3412.0
2025-01-16 23:45:00,0.1099,0.1099,0.1098,0.1098,1274.0
2025-01-16 23:46:00,0.1097,0.1097,0.1097,0.1097,100.0
2025-01-16 23:47:00,0.1098,0.1098,0.1098,0.1098,355.0
2025-01-16 23:48:00,0.1098,0.1098,0.1098,0.1098,0.0
2025-01-16 23:49:00,0.1098,0.1099,0.1098,0.1099,2612.0
2025-01-16 23:50:00,0.1099,0.1099,0.1099,0.1099,0.0
2025-01-16 23:51:00,0.1099,0.1099,0.1099,0.1099,0.0
2025-01-16 23:52:00,0.1099,0.1099,0.1099,0.1099,3813.0
2025-01-16 23:53:00,0.1099,0.1099,0.1099,0.1099,0.0
2025-01-16 23:54:00,0.1099,0.1099,0.1099,0.1099,0.0
2025-01-16 23:55:00,0.11,0.11,0.11,0.11,1024.0
2025-01-16 23:56:00,0.11,0.11,0.11,0.11,0.0
2025-01-16 23:57:00,0.11,0.11,0.11,0.11,0.0
2025-01-16 23:58:00,0.11,0.11,0.11,0.11,0.0
2025-01-16 23:59:00,0.1099,0.1099,0.1098,0.1099,6745.0
2025-01-17 00:00:00,0.11,0.1102,0.11,0.1102,90013.0
2025-01-17 00:01:00,0.1103,0.1104,0.1102,0.1104,10257.0
2025-01-17 00:02:00,0.1103,0.1103,0.1103,0.1103,7314.0
2025-01-17 00:03:00,0.1103,0.1103,0.1103,0.1103,7478.0
2025-01-17 00:04:00,0.1103,0.1103,0.1103,0.1103,7199.0
2025-01-17 00:05:00,0.1105,0.1106,0.1105,0.1106,4463.0
2025-01-17 00:06:00,0.1105,0.1105,0.1104,0.1104,11533.0
2025-01-17 00:07:00,0.1104,0.1106,0.1104,0.1106,12324.0
2025-01-17 00:08:00,0.1106,0.1106,0.1105,0.1106,10582.0
2025-01-17 00:09:00,0.1106,0.1106,0.1106,0.1106,0.0
2025-01-17 00:10:00,0.1103,0.1103,0.1103,0.1103,783.0
2025-01-17 00:11:00,0.1103,0.1103,0.1102,0.1102,3388.0
2025-01-17 00:12:00,0.1104,0.1104,0.1104,0.1104,10157.0
2025-01-17 00:13:00,0.1104,0.1104,0.1104,0.1104,0.0
2025-01-17 00:14:00,0.1104,0.1104,0.1104,0.1104,181.0
2025-01-17 00:15:00,0.1104,0.1104,0.1104,0.1104,5938.0
2025-01-17 00:16:00,0.1104,0.1104,0.1104,0.1104,0.0
2025-01-17 00:17:00,0.1106,0.1106,0.1106,0.1106,3094.0
2025-01-17 00:18:00,0.1106,0.1106,0.1106,0.1106,410.0
2025-01-17 00:19:00,0.1106,0.1106,0.1106,0.1106,0.0
2025-01-17 00:20:00,0.1106,0.1106,0.1106,0.1106,0.0
2025-01-17 00:21:00,0.1106,0.1106,0.1106,0.1106,262.0
2025-01-17 00:22:00,0.1106,0.1106,0.1106,0.1106,0.0
2025-01-17 00:23:00,0.1106,0.1106,0.1106,0.1106,0.0
2025-01-17 00:24:00,0.1105,0.1105,0.1105,0.1105,98.0
2025-01-17 00:25:00,0.1104,0.1104,0.1104,0.1104,91.0
2025-01-17 00:26:00,0.1103,0.1103,0.1102,0.1102,11972.0
2025-01-17 00:27:00,0.1102,0.1102,0.1102,0.1102,6395.0
2025-01-17 00:28:00,0.1102,0.1102,0.1102,0.1102,7368.0
2025-01-17 00:29:00,0.1102,0.1102,0.1102,0.1102,0.0
2025-01-17 00:30:00,0.1104,0.1104,0.1104,0.1104,2757.0
2025-01-17 00:31:00,0.1104,0.1104,0.1104,0.1104,173.0
2025-01-17 00:32:00,0.1104,0.1105,0.1103,0.1103,18926.0
2025-01-17 00:33:00,0.1103,0.1103,0.1103,0.1103,0.0
2025-01-17 00:34:00,0.1104,0.1104,0.1104,0.1104,711.0
2025-01-17 00:35:00,0.1104,0.1104,0.1104,0.1104,6019.0
2025-01-17 00:36:00,0.1103,0.1103,0.1103,0.1103,61.0
2025-01-17 00:37:00,0.1104,0.1104,0.1103,0.1103,3013.0
2025-01-17 00:38:00,0.1103,0.1104,0.1103,0.1104,13358.0
2025-01-17 00:39:00,0.1104,0.1104,0.1104,0.1104,980.0
2025-01-17 00:40:00,0.1104,0.1104,0.1104,0.1104,2412.0
2025-01-17 00:41:00,0.1104,0.1104,0.1104,0.1104,0.0
2025-01-17 00:42:00,0.1105,0.1105,0.1104,0.1104,2250.0
2025-01-17 00:43:00,0.1103,0.1103,0.1103,0.1103,10880.0
2025-01-17 00:44:00,0.1103,0.1103,0.1103,0.1103,0.0
2025-01-17 00:45:00,0.1105,0.1105,0.1105,0.1105,11749.0
2025-01-17 00:46:00,0.1104,0.1106,0.1104,0.1104,4916.0
2025-01-17 00:47:00,0.1104,0.1104,0.1104,0.1104,1378.0
2025-01-17 00:48:00,0.1103,0.1103,0.1103,0.1103,370.0
2025-01-17 00:49:00,0.1103,0.1103,0.1103,0.1103,0.0
2025-01-17 00:50:00,0.1103,0.1103,0.1103,0.1103,0.0
2025-01-17 00:51:00,0.1104,0.1104,0.1103,0.1103,7538.0
2025-01-17 00:52:00,0.1104,0.1105,0.1104,0.1105,3326.0
2025-01-17 00:53:00,0.1105,0.1105,0.1105,0.1105,0.0
2025-01-17 00:54:00,0.1105,0.1105,0.1105,0.1105,0.0
2025-01-17 00:55:00,0.1105,0.1105,0.1105,0.1105,0.0
2025-01-17 00:56:00,0.1106,0.1106,0.1106,0.1106,4585.0
2025-01-17 00:57:00,0.1107,0.1107,0.1107,0.1107,8013.0
2025-01-17 00:58:00,0.1107,0.1107,0.1107,0.1107,0.0
2025-01-17 00:59:00,0.1107,0.1107,0.1107,0.1107,0.0
2025-01-17 01:00:00,0.1108,0.1108,0.1108,0.1108,78.0
2025-01-17 01:01:00,0.1108,0.1108,0.1108,0.1108,84.0
2025-01-17 01:02:00,0.1108,0.1108,0.1108,0.1108,0.0
2025-01-17 01:03:00,0.1108,0.1108,0.1108,0.1108,0.0
2025-01-17 01:04:00,0.1108,0.1108,0.1108,0.1108,0.0
2025-01-17 01:05:00,0.1108,0.1109,0.1108,0.1109,10498.0
2025-01-17 01:06:00,0.1109,0.1109,0.1109,0.1109,0.0
2025-01-17 01:07:00,0.1108,0.1108,0.1107,0.1108,10240.0
2025-01-17 01:08:00,0.1108,0.1108,0.1108,0.1108,4577.0
2025-01-17 01:09:00,0.111,0.111,0.111,0.111,29219.0
2025-01-17 01:10:00,0.111,0.111,0.111,0.111,16714.0
2025-01-17 01:11:00,0.111,0.111,0.111,0.111,1378.0
2025-01-17 01:12:00,0.1109,0.1109,0.1109,0.1109,399.0
2025-01-17 01:13:00,0.1109,0.1109,0.1109,0.1109,585.0
2025-01-17 01:14:00,0.111,0.111,0.111,0.111,2127.0
2025-01-17 01:15:00,0.111,0.111,0.111,0.111,6402.0
2025-01-17 01:16:00,0.111,0.1111,0.111,0.1111,58102.0
2025-01-17 01:17:00,0.1111,0.1112,0.1111,0.1111,13939.0
2025-01-17 01:18:00,0.111,0.111,0.111,0.111,288.0
2025-01-17 01:19:00,0.1111,0.1111,0.1111,0.1111,4647.0
2025-01-17 01:20:00,0.111,0.1111,0.111,0.1111,5955.0
2025-01-17 01:21:00,0.111,0.111,0.111,0.111,30551.0
2025-01-17 01:22:00,0.111,0.111,0.111,0.111,0.0
2025-01-17 01:23:00,0.111,0.111,0.111,0.111,0.0
2025-01-17 01:24:00,0.111,0.111,0.111,0.111,0.0
2025-01-17 01:25:00,0.111,0.1111,0.111,0.111,6428.0
2025-01-17 01:26:00,0.1111,0.1112,0.1111,0.1111,29165.0
2025-01-17 01:27:00,0.1111,0.1111,0.1111,0.1111,946.0
2025-01-17 01:28:00,0.1112,0.1112,0.1112,0.1112,36520.0
2025-01-17 01:29:00,0.1112,0.1112,0.1112,0.1112,1500.0
2025-01-17 01:30:00,0.1112,0.1112,0.1111,0.1111,2202.0
2025-01-17 01:31:00,0.1112,0.1113,0.1111,0.1112,22503.0
2025-01-17 01:32:00,0.1113,0.1114,0.1113,0.1114,81302.0
2025-01-17 01:33:00,0.1115,0.1115,0.1114,0.1114,7305.0
2025-01-17 01:34:00,0.1115,0.1115,0.1115,0.1115,46378.0
2025-01-17 01:35:00,0.1116,0.1118,0.1116,0.1118,111625.0
2025-01-17 01:36:00,0.1119,0.1121,0.1119,0.1121,115326.0
2025-01-17 01:37:00,0.1121,0.1121,0.112,0.1121,47594.0
2025-01-17 01:38:00,0.1122,0.1122,0.112,0.1122,8251.0
2025-01-17 01:39:00,0.1123,0.1123,0.1123,0.1123,1733.0
2025-01-17 01:40:00,0.1124,0.1125,0.1124,0.1125,4545.0
2025-01-17 01:41:00,0.1126,0.1127,0.1123,0.1123,30210.0
2025-01-17 01:42:00,0.1125,0.1125,0.1123,0.1123,12026.0
2025-01-17 01:43:00,0.1126,0.1126,0.1124,0.1125,20140.0
2025-01-17 01:44:00,0.1125,0.1125,0.1125,0.1125,0.0
2025-01-17 01:45:00,0.1125,0.1125,0.1125,0.1125,12018.0
2025-01-17 01:46:00,0.1125,0.1126,0.1125,0.1126,4084.0
2025-01-17 01:47:00,0.1125,0.1125,0.1125,0.1125,3172.0
2025-01-17 01:48:00,0.1126,0.1126,0.1121,0.1121,93585.0
2025-01-17 01:49:00,0.1121,0.1123,0.1121,0.1123,50055.0
2025-01-17 01:50:00,0.1123,0.1124,0.1122,0.1122,51582.0
2025-01-17 01:51:00,0.1122,0.1125,0.1121,0.1124,59352.0
2025-01-17 01:52:00,0.1124,0.1125,0.1124,0.1124,6993.0
2025-01-17 01:53:00,0.1124,0.1124,0.1124,0.1124,0.0
2025-01-17 01:54:00,0.1124,0.1124,0.1124,0.1124,0.0
2025-01-17 01:55:00,0.1124,0.1124,0.1124,0.1124,0.0
2025-01-17 01:56:00,0.1127,0.1127,0.1126,0.1126,5766.0
2025-01-17 01:57:00,0.1125,0.1125,0.1125,0.1125,8252.0
2025-01-17 01:58:00,0.1125,0.1128,0.1125,0.1128,139520.0
2025-01-17 01:59:00,0.1128,0.1128,0.1128,0.1128,0.0
2025-01-17 02:00:00,0.1127,0.1127,0.1127,0.1127,6785.0
2025-01-17 02:01:00,0.1127,0.1127,0.1127,0.1127,10733.0
2025-01-17 02:02:00,0.1126,0.1126,0.1126,0.1126,733.0
2025-01-17 02:03:00,0.1125,0.1126,0.1125,0.1126,11271.0
2025-01-17 02:04:00,0.1126,0.1126,0.1126,0.1126,400.0
2025-01-17 02:05:00,0.1126,0.1128,0.1126,0.1127,5939.0
2025-01-17 02:06:00,0.1127,0.1127,0.1127,0.1127,7455.0
2025-01-17 02:07:00,0.1127,0.1127,0.1127,0.1127,0.0
2025-01-17 02:08:00,0.1127,0.1127,0.1127,0.1127,0.0
2025-01-17 02:09:00,0.1127,0.1127,0.1127,0.1127,0.0
2025-01-17 02:10:00,0.1125,0.1126,0.1125,0.1126,1073.0
2025-01-17 02:11:00,0.1126,0.1127,0.1125,0.1127,10894.0
2025-01-17 02:12:00,0.1126,0.1129,0.1126,0.1127,4736.0
2025-01-17 02:13:00,0.1127,0.1127,0.1127,0.1127,0.0
2025-01-17 02:14:00,0.1128,0.1128,0.1126,0.1128,15577.0
2025-01-17 02:15:00,0.1129,0.113,0.1129,0.113,10236.0
2025-01-17 02:16:00,0.1131,0.1131,0.113,0.113,12009.0
2025-01-17 02:17:00,0.1129,0.1131,0.1129,0.1131,6451.0
2025-01-17 02:18:00,0.1131,0.1131,0.1131,0.1131,0.0
2025-01-17 02:19:00,0.1131,0.1131,0.1131,0.1131,0.0
2025-01-17 02:20:00,0.1131,0.1131,0.113,0.1131,44261.0
2025-01-17 02:21:00,0.1131,0.1131,0.1131,0.1131,1378.0
2025-01-17 02:22:00,0.1132,0.1132,0.1132,0.1132,1039.0
2025-01-17 02:23:00,0.1132,0.1132,0.1132,0.1132,0.0
2025-01-17 02:24:00,0.1132,0.1134,0.1132,0.1133,11144.0
2025-01-17 02:25:00,0.1133,0.1133,0.1133,0.1133,0.0
2025-01-17 02:26:00,0.1133,0.1133,0.1133,0.1133,2790.0
2025-01-17 02:27:00,0.1132,0.1132,0.1132,0.1132,3263.0
2025-01-17 02:28:00,0.1132,0.1132,0.1132,0.1132,163.0
2025-01-17 02:29:00,0.1132,0.1132,0.1132,0.1132,2068.0
2025-01-17 02:30:00,0.1132,0.1132,0.1132,0.1132,0.0
2025-01-17 02:31:00,0.113,0.113,0.1129,0.113,42239.0
2025-01-17 02:32:00,0.1131,0.1131,0.1131,0.1131,1378.0
2025-01-17 02:33:00,0.1131,0.1131,0.1131,0.1131,0.0
2025-01-17 02:34:00,0.113,0.113,0.113,0.113,1378.0
2025-01-17 02:35:00,0.113,0.113,0.113,0.113,0.0
2025-01-17 02:36:00,0.1129,0.1129,0.1128,0.1128,27785.0
2025-01-17 02:37:00,0.1128,0.1128,0.1128,0.1128,0.0
2025-01-17 02:38:00,0.1128,0.1128,0.1127,0.1128,28282.0
2025-01-17 02:39:00,0.1127,0.1127,0.1127,0.1127,500.0
2025-01-17 02:40:00,0.1127,0.1127,0.1127,0.1127,0.0
2025-01-17 02:41:00,0.1128,0.1128,0.1128,0.1128,4284.0
2025-01-17 02:42:00,0.1127,0.1127,0.1125,0.1127,33093.0
2025-01-17 02:43:00,0.1126,0.1127,0.1126,0.1127,405.0
2025-01-17 02:44:00,0.1127,0.1127,0.1127,0.1127,93.0
2025-01-17 02:45:00,0.1126,0.1126,0.1126,0.1126,21819.0
2025-01-17 02:46:00,0.1125,0.1125,0.1123,0.1124,29958.0
2025-01-17 02:47:00,0.1124,0.1124,0.1123,0.1123,35046.0
2025-01-17 02:48:00,0.1123,0.1123,0.1123,0.1123,1206.0
2025-01-17 02:49:00,0.1122,0.1122,0.1121,0.1122,25407.0
2025-01-17 02:50:00,0.1121,0.1122,0.1121,0.1121,28440.0
2025-01-17 02:51:00,0.1121,0.1121,0.1119,0.1119,2044.0
2025-01-17 02:52:00,0.1119,0.1122,0.1119,0.1122,14701.0
2025-01-17 02:53:00,0.1121,0.1122,0.1121,0.1122,421.0
2025-01-17 02:54:00,0.1123,0.1124,0.1123,0.1124,179.0
2025-01-17 02:55:00,0.1124,0.1124,0.1124,0.1124,0.0
2025-01-17 02:56:00,0.1124,0.1124,0.1124,0.1124,13758.0
2025-01-17 02:57:00,0.1124,0.1124,0.1124,0.1124,0.0
2025-01-17 02:58:00,0.1125,0.1125,0.1125,0.1125,8555.0
2025-01-17 02:59:00,0.1126,0.1127,0.1126,0.1126,10597.0
2025-01-17 03:00:00,0.1126,0.1126,0.1125,0.1125,7968.0
2025-01-17 03:01:00,0.1126,0.1126,0.1126,0.1126,3132.0
2025-01-17 03:02:00,0.1126,0.1126,0.1126,0.1126,0.0
2025-01-17 03:03:00,0.1126,0.1126,0.1126,0.1126,0.0
2025-01-17 03:04:00,0.1125,0.1125,0.1124,0.1124,5878.0
2025-01-17 03:05:00,0.1125,0.1125,0.1123,0.1124,4466.0
2025-01-17 03:06:00,0.1123,0.1123,0.1123,0.1123,2382.0
2025-01-17 03:07:00,0.1122,0.1122,0.1122,0.1122,12118.0
2025-01-17 03:08:00,0.1122,0.1122,0.1122,0.1122,0.0
2025-01-17 03:09:00,0.1123,0.1124,0.1123,0.1124,5853.0
2025-01-17 03:10:00,0.1123,0.1123,0.1123,0.1123,89.0
2025-01-17 03:11:00,0.1123,0.1123,0.1123,0.1123,412.0
2025-01-17 03:12:00,0.1123,0.1123,0.1123,0.1123,0.0
2025-01-17 03:13:00,0.1123,0.1123,0.1123,0.1123,0.0
2025-01-17 03:14:00,0.1121,0.1122,0.112,0.1122,1268.0
2025-01-17 03:15:00,0.1122,0.1122,0.1122,0.1122,0.0
2025-01-17 03:16:00,0.1122,0.1122,0.1122,0.1122,0.0
2025-01-17 03:17:00,0.1121,0.1121,0.1121,0.1121,253.0
2025-01-17 03:18:00,0.1121,0.1122,0.1121,0.1122,347.0
2025-01-17 03:19:00,0.1122,0.1122,0.1122,0.1122,3460.0
2025-01-17 03:20:00,0.1122,0.1122,0.1122,0.1122,0.0
2025-01-17 03:21:00,0.1122,0.1122,0.1122,0.1122,0.0
2025-01-17 03:22:00,0.1123,0.1123,0.1123,0.1123,2256.0
2025-01-17 03:23:00,0.1123,0.1123,0.1123,0.1123,11426.0
2025-01-17 03:24:00,0.1123,0.1123,0.1123,0.1123,890.0
2025-01-17 03:25:00,0.1123,0.1123,0.1123,0.1123,0.0
2025-01-17 03:26:00,0.1123,0.1123,0.1123,0.1123,2969.0
2025-01-17 03:27:00,0.1123,0.1123,0.1123,0.1123,1444.0
2025-01-17 03:28:00,0.1123,0.1123,0.1123,0.1123,0.0
2025-01-17 03:29:00,0.1124,0.1124,0.1124,0.1124,180.0
2025-01-17 03:30:00,0.1124,0.1124,0.1124,0.1124,0.0
2025-01-17 03:31:00,0.1125,0.1126,0.1125,0.1126,7337.0
2025-01-17 03:32:00,0.1125,0.1127,0.1125,0.1127,25076.0
2025-01-17 03:33:00,0.1126,0.1126,0.1126,0.1126,7455.0
2025-01-17 03:34:00,0.1126,0.1126,0.1126,0.1126,98.0
2025-01-17 03:35:00,0.1126,0.1128,0.1126,0.1128,27150.0
2025-01-17 03:36:00,0.1129,0.1129,0.1129,0.1129,5829.0
2025-01-17 03:37:00,0.1129,0.1129,0.1129,0.1129,2473.0
2025-01-17 03:38:00,0.1129,0.1129,0.1129,0.1129,0.0
2025-01-17 03:39:00,0.1128,0.1128,0.1127,0.1127,291.0
2025-01-17 03:40:00,0.1127,0.1127,0.1127,0.1127,0.0
2025-01-17 03:41:00,0.1128,0.1128,0.1128,0.1128,1118.0
2025-01-17 03:42:00,0.1128,0.113,0.1128,0.1129,36133.0
2025-01-17 03:43:00,0.1129,0.1129,0.1129,0.1129,0.0
2025-01-17 03:44:00,0.1129,0.1129,0.1129,0.1129,0.0
2025-01-17 03:45:00,0.1129,0.1129,0.1129,0.1129,0.0
2025-01-17 03:46:00,0.1128,0.1128,0.1126,0.1126,1830.0
2025-01-17 03:47:00,0.1125,0.1125,0.1125,0.1125,2624.0
2025-01-17 03:48:00,0.1126,0.1126,0.1126,0.1126,6930.0
2025-01-17 03:49:00,0.1126,0.1126,0.1124,0.1124,306.0
2025-01-17 03:50:00,0.1124,0.1124,0.1124,0.1124,0.0
2025-01-17 03:51:00,0.1124,0.1124,0.1124,0.1124,408.0
2025-01-17 03:52:00,0.1124,0.1124,0.1124,0.1124,0.0
2025-01-17 03:53:00,0.1125,0.1125,0.1124,0.1124,601.0
2025-01-17 03:54:00,0.1124,0.1124,0.1124,0.1124,300.0
2025-01-17 03:55:00,0.1124,0.1124,0.1124,0.1124,463.0
2025-01-17 03:56:00,0.1126,0.1126,0.1125,0.1125,1327.0
2025-01-17 03:57:00,0.1125,0.1125,0.1125,0.1125,8765.0
2025-01-17 03:58:00,0.1125,0.1125,0.1125,0.1125,48.0
2025-01-17 03:59:00,0.1126,0.1126,0.1126,0.1126,7155.0
2025-01-17 04:00:00,0.1126,0.1126,0.1125,0.1126,46425.0
2025-01-17 04:01:00,0.1124,0.1125,0.1124,0.1125,32152.0
2025-01-17 04:02:00,0.1126,0.1126,0.1126,0.1126,5580.0
2025-01-17 04:03:00,0.1126,0.1127,0.1126,0.1126,19120.0
2025-01-17 04:04:00,0.1125,0.1125,0.1125,0.1125,28299.0
2025-01-17 04:05:00,0.1125,0.1125,0.1124,0.1124,17000.0
2025-01-17 04:06:00,0.1123,0.1123,0.1123,0.1123,8939.0
2025-01-17 04:07:00,0.1123,0.1123,0.1123,0.1123,0.0
2025-01-17 04:08:00,0.1123,0.1123,0.1123,0.1123,1378.0
2025-01-17 04:09:00,0.1123,0.1123,0.1123,0.1123,3253.0
2025-01-17 04:10:00,0.1122,0.1122,0.1121,0.1121,20110.0
2025-01-17 04:11:00,0.1121,0.1121,0.1121,0.1121,38022.0
2025-01-17 04:12:00,0.1123,0.1123,0.1123,0.1123,13372.0
2025-01-17 04:13:00,0.1123,0.1123,0.1123,0.1123,5955.0
2025-01-17 04:14:00,0.1124,0.1124,0.1124,0.1124,4164.0
2025-01-17 04:15:00,0.1123,0.1124,0.1123,0.1124,6024.0
2025-01-17 04:16:00,0.1124,0.1124,0.1124,0.1124,0.0
2025-01-17 04:17:00,0.1124,0.1124,0.1124,0.1124,0.0
2025-01-17 04:18:00,0.1123,0.1123,0.1123,0.1123,1692.0
2025-01-17 04:19:00,0.1123,0.1123,0.1123,0.1123,0.0
2025-01-17 04:20:00,0.1123,0.1123,0.1123,0.1123,1837.0
2025-01-17 04:21:00,0.1125,0.1125,0.1124,0.1124,14364.0
2025-01-17 04:22:00,0.1125,0.1126,0.1125,0.1126,5941.0
2025-01-17 04:23:00,0.1125,0.1125,0.1125,0.1125,4545.0
2025-01-17 04:24:00,0.1125,0.1125,0.1125,0.1125,0.0
2025-01-17 04:25:00,0.1125,0.1125,0.1125,0.1125,0.0
2025-01-17 04:26:00,0.1123,0.1123,0.1123,0.1123,89.0
2025-01-17 04:27:00,0.1123,0.1123,0.1123,0.1123,2014.0
2025-01-17 04:28:00,0.1124,0.1124,0.1123,0.1123,4601.0
2025-01-17 04:29:00,0.1124,0.1124,0.1124,0.1124,9932.0
2025-01-17 04:30:00,0.1123,0.1123,0.1123,0.1123,7702.0
2025-01-17 04:31:00,0.1122,0.1122,0.1122,0.1122,154.0
2025-01-17 04:32:00,0.1122,0.1122,0.1122,0.1122,0.0
2025-01-17 04:33:00,0.1123,0.1123,0.1123,0.1123,814.0
2025-01-17 04:34:00,0.1123,0.1123,0.1122,0.1122,3249.0
2025-01-17 04:35:00,0.1122,0.1123,0.1122,0.1123,716.0
2025-01-17 04:36:00,0.1123,0.1123,0.1123,0.1123,0.0
2025-01-17 04:37:00,0.1123,0.1124,0.1123,0.1124,263.0
2025-01-17 04:38:00,0.1124,0.1124,0.1124,0.1124,0.0
2025-01-17 04:39:00,0.1124,0.1124,0.1124,0.1124,1173.0
2025-01-17 04:40:00,0.1124,0.1124,0.1124,0.1124,151.0
2025-01-17 04:41:00,0.1124,0.1125,0.1124,0.1125,6996.0
2025-01-17 04:42:00,0.1125,0.1126,0.1125,0.1126,24315.0
2025-01-17 04:43:00,0.1127,0.1127,0.1127,0.1127,94.0
2025-01-17 04:44:00,0.1127,0.1127,0.1127,0.1127,0.0
2025-01-17 04:45:00,0.1126,0.1126,0.1125,0.1126,11149.0
2025-01-17 04:46:00,0.1126,0.1126,0.1125,0.1126,8232.0
2025-01-17 04:47:00,0.1127,0.1127,0.1127,0.1127,7540.0
2025-01-17 04:48:00,0.1128,0.1128,0.1127,0.1127,212.0
2025-01-17 04:49:00,0.1126,0.1126,0.1126,0.1126,5541.0
2025-01-17 04:50:00,0.1128,0.1128,0.1128,0.1128,8724.0
2025-01-17 04:51:00,0.1128,0.1128,0.1128,0.1128,2077.0
2025-01-17 04:52:00,0.1129,0.113,0.1129,0.113,19734.0
2025-01-17 04:53:00,0.113,0.113,0.113,0.113,0.0
2025-01-17 04:54:00,0.113,0.113,0.113,0.113,0.0
2025-01-17 04:55:00,0.113,0.113,0.113,0.113,711.0
2025-01-17 04:56:00,0.1129,0.1129,0.1129,0.1129,10771.0
2025-01-17 04:57:00,0.1129,0.1129,0.1129,0.1129,653.0
2025-01-17 04:58:00,0.1129,0.1129,0.1129,0.1129,2824.0
2025-01-17 04:59:00,0.113,0.1137,0.113,0.1137,652697.0
2025-01-17 05:00:00,0.1136,0.1138,0.1135,0.1137,610735.0
2025-01-17 05:01:00,0.1137,0.1138,0.1135,0.1136,208957.0
2025-01-17 05:02:00,0.1135,0.1135,0.1134,0.1134,9616.0
2025-01-17 05:03:00,0.1134,0.1134,0.1134,0.1134,4577.0
2025-01-17 05:04:00,0.1133,0.1133,0.1132,0.1132,7042.0
2025-01-17 05:05:00,0.1132,0.1132,0.1132,0.1132,0.0
2025-01-17 05:06:00,0.1133,0.1133,0.1133,0.1133,5182.0
2025-01-17 05:07:00,0.1135,0.1136,0.1135,0.1136,4777.0
2025-01-17 05:08:00,0.1136,0.1136,0.1136,0.1136,3034.0
2025-01-17 05:09:00,0.1135,0.1135,0.1135,0.1135,879.0
2025-01-17 05:10:00,0.1135,0.1137,0.1135,0.1135,3352.0
2025-01-17 05:11:00,0.1135,0.1136,0.1135,0.1136,1751.0
2025-01-17 05:12:00,0.1135,0.1137,0.1135,0.1137,9288.0
2025-01-17 05:13:00,0.1137,0.1137,0.1137,0.1137,0.0
2025-01-17 05:14:00,0.1136,0.1137,0.1136,0.1137,5404.0
2025-01-17 05:15:00,0.1136,0.1136,0.1136,0.1136,870.0
2025-01-17 05:16:00,0.1136,0.1136,0.1135,0.1135,6629.0
2025-01-17 05:17:00,0.1133,0.1133,0.1132,0.1133,11012.0
2025-01-17 05:18:00,0.1132,0.1133,0.1132,0.1133,3139.0
2025-01-17 05:19:00,0.1133,0.1133,0.1133,0.1133,0.0
2025-01-17 05:20:00,0.1133,0.1133,0.1132,0.1132,7080.0
2025-01-17 05:21:00,0.1133,0.1133,0.1133,0.1133,86.0
2025-01-17 05:22:00,0.1133,0.1133,0.1133,0.1133,5731.0
2025-01-17 05:23:00,0.1133,0.1133,0.1133,0.1133,0.0
2025-01-17 05:24:00,0.1134,0.1134,0.1134,0.1134,21805.0
2025-01-17 05:25:00,0.1135,0.1135,0.1135,0.1135,7250.0
2025-01-17 05:26:00,0.1135,0.1135,0.1135,0.1135,0.0
2025-01-17 05:27:00,0.1133,0.1133,0.1133,0.1133,239.0
2025-01-17 05:28:00,0.1134,0.1134,0.1134,0.1134,3194.0
2025-01-17 05:29:00,0.1135,0.1135,0.1135,0.1135,132.0
2025-01-17 05:30:00,0.1134,0.1135,0.1134,0.1135,8378.0
2025-01-17 05:31:00,0.1134,0.1134,0.1133,0.1133,279.0
2025-01-17 05:32:00,0.1133,0.1133,0.1132,0.1132,63900.0
2025-01-17 05:33:00,0.1132,0.1134,0.1132,0.1133,16350.0
2025-01-17 05:34:00,0.1133,0.1133,0.1133,0.1133,8519.0
2025-01-17 05:35:00,0.1133,0.1133,0.1132,0.1132,8542.0
2025-01-17 05:36:00,0.1131,0.1131,0.1131,0.1131,410.0
2025-01-17 05:37:00,0.1132,0.1132,0.1131,0.1131,4186.0
2025-01-17 05:38:00,0.1131,0.1131,0.1131,0.1131,0.0
2025-01-17 05:39:00,0.1131,0.1131,0.1131,0.1131,1209.0
2025-01-17 05:40:00,0.1132,0.1132,0.1131,0.1131,6375.0
2025-01-17 05:41:00,0.1131,0.1131,0.1131,0.1131,0.0
2025-01-17 05:42:00,0.1132,0.1132,0.1132,0.1132,5764.0
2025-01-17 05:43:00,0.1131,0.1131,0.113,0.113,17554.0
2025-01-17 05:44:00,0.1131,0.1131,0.1131,0.1131,2951.0
2025-01-17 05:45:00,0.1132,0.1133,0.1132,0.1133,15594.0
2025-01-17 05:46:00,0.1132,0.1133,0.1132,0.1133,9905.0
2025-01-17 05:47:00,0.1132,0.1133,0.1132,0.1133,9392.0
2025-01-17 05:48:00,0.1133,0.1133,0.1133,0.1133,2643.0
2025-01-17 05:49:00,0.1134,0.1134,0.1134,0.1134,4577.0
2025-01-17 05:50:00,0.1135,0.1136,0.1135,0.1135,7240.0
2025-01-17 05:51:00,0.1135,0.1135,0.1135,0.1135,207.0
2025-01-17 05:52:00,0.1135,0.1135,0.1135,0.1135,88.0
2025-01-17 05:53:00,0.1135,0.1135,0.1135,0.1135,0.0
2025-01-17 05:54:00,0.1135,0.1135,0.1135,0.1135,0.0
2025-01-17 05:55:00,0.1134,0.1134,0.1134,0.1134,150.0
2025-01-17 05:56:00,0.1134,0.1134,0.1134,0.1134,4175.0
2025-01-17 05:57:00,0.1133,0.1133,0.1133,0.1133,852.0
2025-01-17 05:58:00,0.1134,0.1134,0.1134,0.1134,4238.0
2025-01-17 05:59:00,0.1134,0.1134,0.1134,0.1134,2729.0
2025-01-17 06:00:00,0.1134,0.1134,0.1133,0.1133,36249.0
2025-01-17 06:01:00,0.1133,0.1133,0.1133,0.1133,2501.0
2025-01-17 06:02:00,0.1133,0.1133,0.1133,0.1133,3181.0
2025-01-17 06:03:00,0.1134,0.1134,0.1132,0.1132,3224.0
2025-01-17 06:04:00,0.1133,0.1133,0.1133,0.1133,5815.0
2025-01-17 06:05:00,0.1131,0.1132,0.1131,0.1132,12655.0
2025-01-17 06:06:00,0.1132,0.1132,0.1132,0.1132,0.0
2025-01-17 06:07:00,0.1132,0.1132,0.1132,0.1132,0.0
2025-01-17 06:08:00,0.1132,0.1132,0.1131,0.1132,4075.0
2025-01-17 06:09:00,0.1133,0.1133,0.1133,0.1133,3856.0
2025-01-17 06:10:00,0.1133,0.1133,0.1133,0.1133,0.0
2025-01-17 06:11:00,0.1134,0.1134,0.1134,0.1134,842.0
2025-01-17 06:12:00,0.1134,0.1134,0.1134,0.1134,0.0
2025-01-17 06:13:00,0.1135,0.1135,0.1135,0.1135,7163.0
2025-01-17 06:14:00,0.1135,0.1135,0.1135,0.1135,0.0
2025-01-17 06:15:00,0.1135,0.1135,0.1135,0.1135,0.0
2025-01-17 06:16:00,0.1135,0.1135,0.1135,0.1135,3470.0
2025-01-17 06:17:00,0.1135,0.1135,0.1134,0.1134,3221.0
2025-01-17 06:18:00,0.1134,0.1134,0.1134,0.1134,0.0
2025-01-17 06:19:00,0.1136,0.1136,0.1136,0.1136,4708.0
2025-01-17 06:20:00,0.1136,0.1137,0.1136,0.1136,4765.0
2025-01-17 06:21:00,0.1136,0.1136,0.1136,0.1136,0.0
2025-01-17 06:22:00,0.1135,0.1136,0.1134,0.1136,30290.0
2025-01-17 06:23:00,0.1136,0.1136,0.1136,0.1136,1329.0
2025-01-17 06:24:00,0.1136,0.1136,0.1136,0.1136,0.0
2025-01-17 06:25:00,0.1134,0.1134,0.1134,0.1134,539.0
2025-01-17 06:26:00,0.1135,0.1135,0.1135,0.1135,54.0
2025-01-17 06:27:00,0.1134,0.1134,0.1133,0.1134,26172.0
2025-01-17 06:28:00,0.1134,0.1134,0.1134,0.1134,2219.0
2025-01-17 06:29:00,0.1135,0.1135,0.1134,0.1135,1642.0
2025-01-17 06:30:00,0.1134,0.1134,0.1134,0.1134,995.0
2025-01-17 06:31:00,0.1134,0.1135,0.1133,0.1135,8438.0
2025-01-17 06:32:00,0.1135,0.1135,0.1134,0.1134,801.0
2025-01-17 06:33:00,0.1134,0.1134,0.1134,0.1134,952.0
2025-01-17 06:34:00,0.1133,0.1134,0.1133,0.1134,5134.0
2025-01-17 06:35:00,0.1134,0.1134,0.1133,0.1133,2418.0
2025-01-17 06:36:00,0.1133,0.1133,0.1133,0.1133,3807.0
2025-01-17 06:37:00,0.1132,0.1133,0.1132,0.1133,7859.0
2025-01-17 06:38:00,0.1132,0.1133,0.1132,0.1133,3982.0
2025-01-17 06:39:00,0.1134,0.1134,0.1134,0.1134,2790.0
2025-01-17 06:40:00,0.1133,0.1134,0.1133,0.1133,10180.0
2025-01-17 06:41:00,0.1134,0.1134,0.1133,0.1134,15438.0
2025-01-17 06:42:00,0.1133,0.1133,0.1133,0.1133,1133.0
2025-01-17 06:43:00,0.1133,0.1133,0.1133,0.1133,0.0
2025-01-17 06:44:00,0.1134,0.1134,0.1134,0.1134,4973.0
2025-01-17 06:45:00,0.1134,0.1137,0.1133,0.1137,292507.0
2025-01-17 06:46:00,0.1138,0.1145,0.1138,0.1144,327487.0
2025-01-17 06:47:00,0.1144,0.1144,0.1135,0.1135,144220.0
2025-01-17 06:48:00,0.1136,0.1136,0.1136,0.1136,49709.0
2025-01-17 06:49:00,0.1136,0.1136,0.1136,0.1136,30704.0
2025-01-17 06:50:00,0.1137,0.1137,0.1137,0.1137,4549.0
2025-01-17 06:51:00,0.1136,0.1136,0.1136,0.1136,909.0
2025-01-17 06:52:00,0.1136,0.1136,0.1136,0.1136,276.0
2025-01-17 06:53:00,0.1136,0.1136,0.1136,0.1136,6505.0
2025-01-17 06:54:00,0.1136,0.1138,0.1136,0.1138,54518.0
2025-01-17 06:55:00,0.1138,0.1138,0.1138,0.1138,260.0
2025-01-17 06:56:00,0.1137,0.1137,0.1135,0.1135,2406.0
2025-01-17 06:57:00,0.1136,0.1137,0.1136,0.1137,9179.0
2025-01-17 06:58:00,0.1137,0.1142,0.1137,0.1142,235793.0
2025-01-17 06:59:00,0.1142,0.1143,0.1142,0.1142,131288.0
2025-01-17 07:00:00,0.1142,0.1143,0.1142,0.1142,33651.0
2025-01-17 07:01:00,0.1143,0.1144,0.1143,0.1143,4001.0
2025-01-17 07:02:00,0.1144,0.1144,0.1143,0.1143,16332.0
2025-01-17 07:03:00,0.1142,0.1142,0.1142,0.1142,5955.0
2025-01-17 07:04:00,0.1141,0.1141,0.1141,0.1141,2248.0
2025-01-17 07:05:00,0.1141,0.1141,0.1141,0.1141,4488.0
2025-01-17 07:06:00,0.114,0.114,0.114,0.114,2431.0
2025-01-17 07:07:00,0.114,0.114,0.1139,0.1139,22233.0
2025-01-17 07:08:00,0.1139,0.1139,0.1139,0.1139,4201.0
2025-01-17 07:09:00,0.114,0.114,0.114,0.114,2811.0
2025-01-17 07:10:00,0.114,0.114,0.1139,0.114,6146.0
2025-01-17 07:11:00,0.114,0.114,0.114,0.114,2053.0
2025-01-17 07:12:00,0.1139,0.1139,0.1139,0.1139,860.0
2025-01-17 07:13:00,0.1139,0.1139,0.1138,0.1139,9027.0
2025-01-17 07:14:00,0.114,0.1141,0.114,0.114,7877.0
2025-01-17 07:15:00,0.1141,0.1141,0.1141,0.1141,8445.0
2025-01-17 07:16:00,0.1141,0.1141,0.1141,0.1141,0.0
2025-01-17 07:17:00,0.114,0.114,0.114,0.114,878.0
2025-01-17 07:18:00,0.114,0.114,0.114,0.114,0.0
2025-01-17 07:19:00,0.114,0.114,0.114,0.114,0.0
2025-01-17 07:20:00,0.1141,0.1141,0.1141,0.1141,143.0
2025-01-17 07:21:00,0.1143,0.1143,0.1143,0.1143,9746.0
2025-01-17 07:22:00,0.1143,0.1143,0.1143,0.1143,8906.0
2025-01-17 07:23:00,0.1143,0.1146,0.1143,0.1144,78812.0
2025-01-17 07:24:00,0.1144,0.1144,0.1144,0.1144,7535.0
2025-01-17 07:25:00,0.1145,0.1145,0.1144,0.1144,774.0
2025-01-17 07:26:00,0.1144,0.1144,0.1142,0.1142,2665.0
2025-01-17 07:27:00,0.1142,0.1142,0.1142,0.1142,0.0
2025-01-17 07:28:00,0.1142,0.1142,0.1142,0.1142,3591.0
2025-01-17 07:29:00,0.1142,0.1142,0.1142,0.1142,0.0
2025-01-17 07:30:00,0.1142,0.1142,0.1141,0.1142,5054.0
2025-01-17 07:31:00,0.1141,0.1141,0.1141,0.1141,637.0
2025-01-17 07:32:00,0.1142,0.1142,0.1142,0.1142,1048.0
2025-01-17 07:33:00,0.1143,0.1143,0.1143,0.1143,177.0
2025-01-17 07:34:00,0.1143,0.1143,0.1143,0.1143,0.0
2025-01-17 07:35:00,0.1142,0.1143,0.1142,0.1143,3204.0
2025-01-17 07:36:00,0.1144,0.1144,0.1143,0.1143,9529.0
2025-01-17 07:37:00,0.1143,0.1143,0.1143,0.1143,0.0
2025-01-17 07:38:00,0.1142,0.1142,0.1142,0.1142,3303.0
2025-01-17 07:39:00,0.1143,0.1143,0.1143,0.1143,1500.0
2025-01-17 07:40:00,0.1143,0.1145,0.1143,0.1145,5128.0
2025-01-17 07:41:00,0.1145,0.1147,0.1145,0.1147,21775.0
2025-01-17 07:42:00,0.1147,0.1147,0.1146,0.1146,5480.0
2025-01-17 07:43:00,0.1146,0.1146,0.1145,0.1146,5986.0
2025-01-17 07:44:00,0.1146,0.1146,0.1146,0.1146,184.0
2025-01-17 07:45:00,0.1146,0.1146,0.1146,0.1146,2537.0
2025-01-17 07:46:00,0.1146,0.1146,0.1146,0.1146,2790.0
2025-01-17 07:47:00,0.1145,0.1145,0.1145,0.1145,9127.0
2025-01-17 07:48:00,0.1145,0.1146,0.1145,0.1146,15296.0
2025-01-17 07:49:00,0.1146,0.1146,0.1146,0.1146,11554.0
2025-01-17 07:50:00,0.1146,0.1146,0.1146,0.1146,0.0
2025-01-17 07:51:00,0.1143,0.1143,0.1142,0.1142,15386.0
2025-01-17 07:52:00,0.1142,0.1142,0.1142,0.1142,0.0
2025-01-17 07:53:00,0.1143,0.1144,0.1143,0.1144,52678.0
2025-01-17 07:54:00,0.1141,0.1141,0.1141,0.1141,874.0
2025-01-17 07:55:00,0.114,0.114,0.114,0.114,3726.0
2025-01-17 07:56:00,0.114,0.114,0.114,0.114,0.0
2025-01-17 07:57:00,0.114,0.114,0.114,0.114,0.0
2025-01-17 07:58:00,0.114,0.114,0.114,0.114,990.0
2025-01-17 07:59:00,0.1141,0.1141,0.1141,0.1141,166.0
2025-01-17 08:00:00,0.114,0.1143,0.114,0.1142,32921.0
2025-01-17 08:01:00,0.1143,0.1143,0.1142,0.1142,2783.0
2025-01-17 08:02:00,0.1141,0.1141,0.114,0.114,13221.0
2025-01-17 08:03:00,0.114,0.114,0.1139,0.1139,8493.0
2025-01-17 08:04:00,0.114,0.114,0.114,0.114,1378.0
2025-01-17 08:05:00,0.114,0.114,0.114,0.114,0.0
2025-01-17 08:06:00,0.114,0.114,0.114,0.114,87719.0
2025-01-17 08:07:00,0.114,0.114,0.114,0.114,5046.0
2025-01-17 08:08:00,0.114,0.114,0.1138,0.1138,45152.0
2025-01-17 08:09:00,0.1137,0.1137,0.1136,0.1137,12998.0
2025-01-17 08:10:00,0.1137,0.1137,0.1135,0.1136,4638.0
2025-01-17 08:11:00,0.1137,0.1137,0.1135,0.1137,13152.0
2025-01-17 08:12:00,0.1137,0.1138,0.1137,0.1138,5499.0
2025-01-17 08:13:00,0.1137,0.1137,0.1137,0.1137,5580.0
2025-01-17 08:14:00,0.1136,0.1136,0.1136,0.1136,19824.0
2025-01-17 08:15:00,0.1136,0.1136,0.1136,0.1136,848.0
2025-01-17 08:16:00,0.1136,0.1136,0.1136,0.1136,345.0
2025-01-17 08:17:00,0.1137,0.1138,0.1137,0.1138,19951.0
2025-01-17 08:18:00,0.1138,0.1138,0.1138,0.1138,20879.0
2025-01-17 08:19:00,0.1138,0.1138,0.1138,0.1138,7744.0
2025-01-17 08:20:00,0.1138,0.1139,0.1138,0.1139,15834.0
2025-01-17 08:21:00,0.1139,0.1139,0.1138,0.1138,5678.0
2025-01-17 08:22:00,0.1138,0.1138,0.1137,0.1137,22236.0
2025-01-17 08:23:00,0.1137,0.1138,0.1137,0.1138,4314.0
2025-01-17 08:24:00,0.1137,0.1137,0.1135,0.1135,17147.0
2025-01-17 08:25:00,0.1134,0.1135,0.1133,0.1133,14016.0
2025-01-17 08:26:00,0.1134,0.1135,0.1134,0.1134,23405.0
2025-01-17 08:27:00,0.1133,0.1135,0.1133,0.1135,8242.0
2025-01-17 08:28:00,0.1134,0.1135,0.1133,0.1134,4201.0
2025-01-17 08:29:00,0.1134,0.1135,0.1134,0.1134,2602.0
2025-01-17 08:30:00,0.1135,0.1138,0.1135,0.1138,48409.0
2025-01-17 08:31:00,0.1139,0.1141,0.1139,0.114,26138.0
2025-01-17 08:32:00,0.114,0.114,0.1139,0.114,3681.0
2025-01-17 08:33:00,0.1141,0.1141,0.1141,0.1141,876.0
2025-01-17 08:34:00,0.1142,0.1143,0.1142,0.1143,1538.0
2025-01-17 08:35:00,0.1143,0.1145,0.1143,0.1145,21283.0
2025-01-17 08:36:00,0.1143,0.1143,0.1143,0.1143,176.0
2025-01-17 08:37:00,0.1144,0.1144,0.1144,0.1144,9612.0
2025-01-17 08:38:00,0.1143,0.1143,0.1141,0.1141,37301.0
2025-01-17 08:39:00,0.114,0.114,0.114,0.114,5555.0
2025-01-17 08:40:00,0.114,0.114,0.114,0.114,5934.0
2025-01-17 08:41:00,0.1139,0.1139,0.1138,0.1139,29503.0
2025-01-17 08:42:00,0.1141,0.1141,0.1141,0.1141,874.0
2025-01-17 08:43:00,0.114,0.114,0.114,0.114,8081.0
2025-01-17 08:44:00,0.114,0.114,0.114,0.114,0.0
2025-01-17 08:45:00,0.114,0.114,0.1138,0.1138,84620.0
2025-01-17 08:46:00,0.1138,0.1139,0.1138,0.1139,9329.0
2025-01-17 08:47:00,0.1137,0.1139,0.1137,0.1139,31931.0
2025-01-17 08:48:00,0.1139,0.1139,0.1139,0.1139,0.0
2025-01-17 08:49:00,0.1139,0.114,0.1139,0.114,32405.0
2025-01-17 08:50:00,0.114,0.114,0.1139,0.1139,137.0
2025-01-17 08:51:00,0.114,0.1142,0.114,0.1142,67522.0
2025-01-17 08:52:00,0.1143,0.1143,0.1142,0.1143,20055.0
2025-01-17 08:53:00,0.1143,0.1144,0.1142,0.1143,44948.0
2025-01-17 08:54:00,0.1143,0.1145,0.1143,0.1144,10248.0
2025-01-17 08:55:00,0.1145,0.1146,0.1145,0.1146,17129.0
2025-01-17 08:56:00,0.1144,0.1145,0.1144,0.1145,5135.0
2025-01-17 08:57:00,0.1145,0.1145,0.1145,0.1145,825.0
2025-01-17 08:58:00,0.1145,0.1147,0.1145,0.1146,7637.0
2025-01-17 08:59:00,0.1145,0.1146,0.1145,0.1145,2989.0
2025-01-17 09:00:00,0.1146,0.1146,0.1144,0.1144,10634.0
2025-01-17 09:01:00,0.1145,0.1146,0.1145,0.1145,4394.0
2025-01-17 09:02:00,0.1145,0.1145,0.1144,0.1144,3186.0
2025-01-17 09:03:00,0.1143,0.1143,0.1141,0.1142,144306.0
2025-01-17 09:04:00,0.1142,0.1142,0.1142,0.1142,4357.0
2025-01-17 09:05:00,0.1141,0.1141,0.1141,0.1141,2912.0
2025-01-17 09:06:00,0.1142,0.1142,0.1142,0.1142,3386.0
2025-01-17 09:07:00,0.1143,0.1143,0.1142,0.1142,8691.0
2025-01-17 09:08:00,0.1142,0.1144,0.1142,0.1144,139.0
2025-01-17 09:09:00,0.1145,0.1145,0.1145,0.1145,2164.0
2025-01-17 09:10:00,0.1146,0.1146,0.1145,0.1145,13910.0
2025-01-17 09:11:00,0.1143,0.1143,0.1143,0.1143,5561.0
2025-01-17 09:12:00,0.1142,0.1145,0.1142,0.1145,9937.0
2025-01-17 09:13:00,0.1145,0.1145,0.1145,0.1145,0.0
2025-01-17 09:14:00,0.1145,0.1145,0.1145,0.1145,0.0
2025-01-17 09:15:00,0.1143,0.1143,0.1143,0.1143,1926.0
2025-01-17 09:16:00,0.1143,0.1143,0.1143,0.1143,88.0
2025-01-17 09:17:00,0.1143,0.1144,0.1143,0.1144,7593.0
2025-01-17 09:18:00,0.1144,0.1144,0.1143,0.1143,10100.0
2025-01-17 09:19:00,0.1143,0.1143,0.1143,0.1143,0.0
2025-01-17 09:20:00,0.1141,0.1141,0.114,0.114,4754.0
2025-01-17 09:21:00,0.1141,0.1141,0.1141,0.1141,2203.0
2025-01-17 09:22:00,0.1143,0.1143,0.1142,0.1142,14551.0
2025-01-17 09:23:00,0.1141,0.1141,0.1139,0.1139,12094.0
2025-01-17 09:24:00,0.1139,0.1139,0.1139,0.1139,0.0
2025-01-17 09:25:00,0.114,0.114,0.114,0.114,8039.0
2025-01-17 09:26:00,0.1141,0.1142,0.1141,0.1142,531.0
2025-01-17 09:27:00,0.1142,0.1142,0.1142,0.1142,0.0
2025-01-17 09:28:00,0.114,0.114,0.114,0.114,1491.0
2025-01-17 09:29:00,0.1142,0.1142,0.1142,0.1142,373.0
2025-01-17 09:30:00,0.1144,0.1144,0.1144,0.1144,8210.0
2025-01-17 09:31:00,0.1144,0.1144,0.1144,0.1144,17912.0
2025-01-17 09:32:00,0.1143,0.1143,0.1142,0.1142,4505.0
2025-01-17 09:33:00,0.1142,0.1142,0.1142,0.1142,0.0
2025-01-17 09:34:00,0.1141,0.1141,0.114,0.114,4885.0
2025-01-17 09:35:00,0.1142,0.1143,0.1142,0.1142,4482.0
2025-01-17 09:36:00,0.1143,0.1143,0.1143,0.1143,1500.0
2025-01-17 09:37:00,0.1143,0.1143,0.1143,0.1143,4692.0
2025-01-17 09:38:00,0.1143,0.1144,0.1143,0.1144,13546.0
2025-01-17 09:39:00,0.1144,0.1145,0.1144,0.1145,17647.0
2025-01-17 09:40:00,0.1145,0.1146,0.1145,0.1146,4639.0
2025-01-17 09:41:00,0.1146,0.1146,0.1146,0.1146,146.0
2025-01-17 09:42:00,0.1145,0.1145,0.1145,0.1145,7701.0
2025-01-17 09:43:00,0.1145,0.1145,0.1145,0.1145,17737.0
2025-01-17 09:44:00,0.1144,0.1144,0.1144,0.1144,4538.0
2025-01-17 09:45:00,0.1144,0.1144,0.1144,0.1144,9448.0
2025-01-17 09:46:00,0.1144,0.1144,0.1143,0.1143,29297.0
2025-01-17 09:47:00,0.1143,0.1143,0.1143,0.1143,3000.0
2025-01-17 09:48:00,0.1143,0.1143,0.1143,0.1143,56.0
2025-01-17 09:49:00,0.1143,0.1143,0.1143,0.1143,3259.0
2025-01-17 09:50:00,0.1144,0.1144,0.1143,0.1143,3425.0
2025-01-17 09:51:00,0.1143,0.1143,0.1143,0.1143,5685.0
2025-01-17 09:52:00,0.1144,0.1145,0.1144,0.1145,340.0
2025-01-17 09:53:00,0.1145,0.1145,0.1145,0.1145,0.0
2025-01-17 09:54:00,0.1146,0.1146,0.1145,0.1145,4362.0
2025-01-17 09:55:00,0.1144,0.1144,0.1144,0.1144,6778.0
2025-01-17 09:56:00,0.1144,0.1144,0.1144,0.1144,0.0
2025-01-17 09:57:00,0.1143,0.1143,0.1142,0.1143,2696.0
2025-01-17 09:58:00,0.1144,0.1145,0.1143,0.1143,5563.0
2025-01-17 09:59:00,0.1143,0.1143,0.1143,0.1143,607.0
2025-01-17 10:00:00,0.1143,0.1143,0.1143,0.1143,0.0
2025-01-17 10:01:00,0.1143,0.1143,0.1143,0.1143,0.0
2025-01-17 10:02:00,0.1143,0.1143,0.1143,0.1143,0.0
2025-01-17 10:03:00,0.1141,0.1141,0.114,0.114,13798.0
2025-01-17 10:04:00,0.114,0.114,0.1139,0.114,29572.0
2025-01-17 10:05:00,0.114,0.114,0.114,0.114,2961.0
2025-01-17 10:06:00,0.114,0.114,0.114,0.114,14888.0
2025-01-17 10:07:00,0.114,0.114,0.114,0.114,7978.0
2025-01-17 10:08:00,0.1141,0.1142,0.1141,0.1142,11004.0
2025-01-17 10:09:00,0.1141,0.1141,0.1141,0.1141,5631.0
2025-01-17 10:10:00,0.1142,0.1142,0.1142,0.1142,627.0
2025-01-17 10:11:00,0.1142,0.1143,0.1142,0.1143,12371.0
2025-01-17 10:12:00,0.1143,0.1146,0.1143,0.1146,33351.0
2025-01-17 10:13:00,0.1148,0.1148,0.1148,0.1148,4566.0
2025-01-17 10:14:00,0.1149,0.115,0.1149,0.1149,4792.0
2025-01-17 10:15:00,0.115,0.115,0.1149,0.1149,15064.0
2025-01-17 10:16:00,0.1149,0.1149,0.1148,0.1148,1367.0
2025-01-17 10:17:00,0.115,0.1151,0.1149,0.1151,23682.0
2025-01-17 10:18:00,0.115,0.115,0.115,0.115,11341.0
2025-01-17 10:19:00,0.1149,0.1149,0.1148,0.1149,27415.0
2025-01-17 10:20:00,0.1149,0.1149,0.1149,0.1149,25222.0
2025-01-17 10:21:00,0.1148,0.1149,0.1147,0.1149,37700.0
2025-01-17 10:22:00,0.1147,0.1147,0.1147,0.1147,13310.0
2025-01-17 10:23:00,0.1147,0.1147,0.1147,0.1147,0.0
2025-01-17 10:24:00,0.1147,0.1147,0.1147,0.1147,2268.0
2025-01-17 10:25:00,0.1147,0.1147,0.1147,0.1147,3054.0
2025-01-17 10:26:00,0.1147,0.1147,0.1147,0.1147,0.0
2025-01-17 10:27:00,0.1147,0.1147,0.1147,0.1147,3019.0
2025-01-17 10:28:00,0.1147,0.1147,0.1147,0.1147,0.0
2025-01-17 10:29:00,0.1147,0.1147,0.1147,0.1147,7209.0
2025-01-17 10:30:00,0.1147,0.1147,0.1145,0.1145,4631.0
2025-01-17 10:31:00,0.1145,0.1146,0.1145,0.1146,1997.0
2025-01-17 10:32:00,0.1147,0.1147,0.1147,0.1147,3898.0
2025-01-17 10:33:00,0.1147,0.1147,0.1147,0.1147,4963.0
2025-01-17 10:34:00,0.1149,0.1149,0.1148,0.1148,9653.0
2025-01-17 10:35:00,0.1148,0.1148,0.1148,0.1148,46.0
2025-01-17 10:36:00,0.1147,0.1149,0.1147,0.1149,1543.0
2025-01-17 10:37:00,0.1149,0.1149,0.1149,0.1149,70.0
2025-01-17 10:38:00,0.1147,0.1147,0.1147,0.1147,94.0
2025-01-17 10:39:00,0.1147,0.1147,0.1147,0.1147,0.0
2025-01-17 10:40:00,0.1147,0.1147,0.1147,0.1147,19617.0
2025-01-17 10:41:00,0.1146,0.1147,0.1146,0.1147,13889.0
2025-01-17 10:42:00,0.1147,0.1147,0.1147,0.1147,1307.0
2025-01-17 10:43:00,0.1146,0.1146,0.1145,0.1145,24343.0
2025-01-17 10:44:00,0.1144,0.1144,0.1144,0.1144,75.0
2025-01-17 10:45:00,0.1144,0.1144,0.1143,0.1143,9747.0
2025-01-17 10:46:00,0.1142,0.1143,0.1142,0.1143,11499.0
2025-01-17 10:47:00,0.1144,0.1144,0.1144,0.1144,786.0
2025-01-17 10:48:00,0.1143,0.1144,0.1143,0.1144,7391.0
2025-01-17 10:49:00,0.1145,0.1145,0.1145,0.1145,1812.0
2025-01-17 10:50:00,0.1145,0.1145,0.1145,0.1145,724.0
2025-01-17 10:51:00,0.1144,0.1144,0.1143,0.1144,2022.0
2025-01-17 10:52:00,0.1144,0.1145,0.1144,0.1145,1007.0
2025-01-17 10:53:00,0.1145,0.1145,0.1145,0.1145,5580.0
2025-01-17 10:54:00,0.1144,0.1144,0.1144,0.1144,13672.0
2025-01-17 10:55:00,0.1144,0.1144,0.1143,0.1144,33153.0
2025-01-17 10:56:00,0.1145,0.1145,0.1145,0.1145,4558.0
2025-01-17 10:57:00,0.1145,0.1145,0.1145,0.1145,135.0
2025-01-17 10:58:00,0.1145,0.1145,0.1145,0.1145,2958.0
2025-01-17 10:59:00,0.1145,0.1145,0.1145,0.1145,8203.0
2025-01-17 11:00:00,0.1146,0.1146,0.1145,0.1145,3831.0
2025-01-17 11:01:00,0.1146,0.1146,0.1146,0.1146,79.0
2025-01-17 11:02:00,0.1146,0.1146,0.1144,0.1145,2191.0
2025-01-17 11:03:00,0.1145,0.1145,0.1145,0.1145,90.0
2025-01-17 11:04:00,0.1145,0.1145,0.1145,0.1145,0.0
2025-01-17 11:05:00,0.1144,0.1144,0.1144,0.1144,2239.0
2025-01-17 11:06:00,0.1145,0.1146,0.1144,0.1145,16994.0
2025-01-17 11:07:00,0.1143,0.1143,0.1143,0.1143,2790.0
2025-01-17 11:08:00,0.1143,0.1144,0.1143,0.1144,11091.0
2025-01-17 11:09:00,0.1145,0.1145,0.1145,0.1145,2736.0
2025-01-17 11:10:00,0.1144,0.1145,0.1144,0.1144,1078.0
2025-01-17 11:11:00,0.1144,0.1144,0.1144,0.1144,1492.0
2025-01-17 11:12:00,0.1144,0.1144,0.1144,0.1144,2686.0
2025-01-17 11:13:00,0.1144,0.1144,0.1144,0.1144,4039.0
2025-01-17 11:14:00,0.1145,0.1145,0.1145,0.1145,2601.0
2025-01-17 11:15:00,0.1144,0.1144,0.1144,0.1144,5899.0
2025-01-17 11:16:00,0.1145,0.1145,0.1145,0.1145,7107.0
2025-01-17 11:17:00,0.1145,0.1145,0.1145,0.1145,5066.0
2025-01-17 11:18:00,0.1146,0.1146,0.1146,0.1146,211.0
2025-01-17 11:19:00,0.1146,0.1146,0.1146,0.1146,0.0
2025-01-17 11:20:00,0.1147,0.1147,0.1147,0.1147,2532.0
2025-01-17 11:21:00,0.1147,0.1148,0.1147,0.1147,5811.0
2025-01-17 11:22:00,0.1147,0.1147,0.1147,0.1147,0.0
2025-01-17 11:23:00,0.1148,0.1148,0.1147,0.1147,31030.0
2025-01-17 11:24:00,0.1149,0.1149,0.1149,0.1149,581.0
2025-01-17 11:25:00,0.1148,0.1149,0.1148,0.1148,6035.0
2025-01-17 11:26:00,0.1148,0.1148,0.1148,0.1148,0.0
2025-01-17 11:27:00,0.1148,0.1148,0.1148,0.1148,7157.0
2025-01-17 11:28:00,0.1148,0.1148,0.1148,0.1148,10987.0
2025-01-17 11:29:00,0.1148,0.1148,0.1148,0.1148,0.0
2025-01-17 11:30:00,0.1148,0.115,0.1148,0.1149,17382.0
2025-01-17 11:31:00,0.1149,0.1149,0.1149,0.1149,0.0
2025-01-17 11:32:00,0.1149,0.1149,0.1148,0.1149,3236.0
2025-01-17 11:33:00,0.1149,0.115,0.1149,0.115,5673.0
2025-01-17 11:34:00,0.115,0.115,0.115,0.115,6081.0
2025-01-17 11:35:00,0.115,0.115,0.115,0.115,244.0
2025-01-17 11:36:00,0.1149,0.1149,0.1149,0.1149,2461.0
2025-01-17 11:37:00,0.1149,0.1149,0.1149,0.1149,0.0
2025-01-17 11:38:00,0.1149,0.1149,0.1149,0.1149,215.0
2025-01-17 11:39:00,0.115,0.115,0.115,0.115,1500.0
2025-01-17 11:40:00,0.115,0.115,0.1149,0.115,1718.0
2025-01-17 11:41:00,0.115,0.115,0.115,0.115,0.0
2025-01-17 11:42:00,0.1151,0.1151,0.1151,0.1151,3551.0
2025-01-17 11:43:00,0.1151,0.1152,0.1151,0.1152,672.0
2025-01-17 11:44:00,0.1152,0.1152,0.1152,0.1152,2368.0
2025-01-17 11:45:00,0.115,0.115,0.115,0.115,52.0
2025-01-17 11:46:00,0.115,0.115,0.115,0.115,1594.0
2025-01-17 11:47:00,0.115,0.115,0.115,0.115,0.0
2025-01-17 11:48:00,0.115,0.1151,0.115,0.1151,20000.0
2025-01-17 11:49:00,0.1151,0.1151,0.1151,0.1151,0.0
2025-01-17 11:50:00,0.1151,0.1151,0.1151,0.1151,2398.0
2025-01-17 11:51:00,0.115,0.115,0.115,0.115,167.0
2025-01-17 11:52:00,0.1152,0.1152,0.1152,0.1152,6904.0
2025-01-17 11:53:00,0.1151,0.1151,0.1151,0.1151,1121.0
2025-01-17 11:54:00,0.115,0.115,0.115,0.115,1468.0
2025-01-17 11:55:00,0.115,0.115,0.115,0.115,0.0
2025-01-17 11:56:00,0.1149,0.1149,0.1148,0.1148,10916.0
2025-01-17 11:57:00,0.1149,0.1149,0.1149,0.1149,4228.0
2025-01-17 11:58:00,0.1148,0.1148,0.1148,0.1148,114.0
2025-01-17 11:59:00,0.1148,0.1148,0.1147,0.1147,4658.0
2025-01-17 12:00:00,0.1147,0.1147,0.1145,0.1145,54836.0
2025-01-17 12:01:00,0.1144,0.1144,0.1143,0.1143,3797.0
2025-01-17 12:02:00,0.1143,0.1145,0.1143,0.1145,5560.0
2025-01-17 12:03:00,0.1145,0.1145,0.1143,0.1143,4542.0
2025-01-17 12:04:00,0.1144,0.1144,0.1143,0.1144,2966.0
2025-01-17 12:05:00,0.1145,0.1145,0.1144,0.1144,4254.0
2025-01-17 12:06:00,0.1144,0.1144,0.1144,0.1144,1369.0
2025-01-17 12:07:00,0.1144,0.1147,0.1144,0.1147,6449.0
2025-01-17 12:08:00,0.1147,0.1147,0.1145,0.1145,5476.0
2025-01-17 12:09:00,0.1145,0.1145,0.1145,0.1145,0.0
2025-01-17 12:10:00,0.1146,0.1147,0.1146,0.1147,3075.0
2025-01-17 12:11:00,0.1146,0.1147,0.1146,0.1147,6486.0
2025-01-17 12:12:00,0.1148,0.1148,0.1147,0.1148,17697.0
2025-01-17 12:13:00,0.1147,0.1147,0.1146,0.1146,2193.0
2025-01-17 12:14:00,0.1147,0.1147,0.1147,0.1147,10272.0
2025-01-17 12:15:00,0.1148,0.1148,0.1148,0.1148,114.0
2025-01-17 12:16:00,0.1148,0.1148,0.1148,0.1148,989.0
2025-01-17 12:17:00,0.1148,0.1148,0.1148,0.1148,0.0
2025-01-17 12:18:00,0.1146,0.1148,0.1146,0.1148,16655.0
2025-01-17 12:19:00,0.1148,0.1148,0.1148,0.1148,0.0
2025-01-17 12:20:00,0.1148,0.1148,0.1148,0.1148,8253.0
2025-01-17 12:21:00,0.1147,0.1148,0.1147,0.1147,8139.0
2025-01-17 12:22:00,0.1147,0.1147,0.1147,0.1147,4534.0
2025-01-17 12:23:00,0.1147,0.1147,0.1147,0.1147,0.0
2025-01-17 12:24:00,0.1148,0.1148,0.1148,0.1148,168.0
2025-01-17 12:25:00,0.1149,0.1149,0.1149,0.1149,4322.0
2025-01-17 12:26:00,0.1148,0.1148,0.1147,0.1147,597.0
2025-01-17 12:27:00,0.1145,0.1146,0.1144,0.1144,11617.0
2025-01-17 12:28:00,0.1144,0.1144,0.1144,0.1144,0.0
2025-01-17 12:29:00,0.1144,0.1144,0.1144,0.1144,1774.0
2025-01-17 12:30:00,0.1144,0.1144,0.1143,0.1144,10699.0
2025-01-17 12:31:00,0.1143,0.1144,0.1143,0.1143,45576.0
2025-01-17 12:32:00,0.1143,0.1143,0.1143,0.1143,3805.0
2025-01-17 12:33:00,0.1143,0.1143,0.1143,0.1143,0.0
2025-01-17 12:34:00,0.1141,0.1141,0.114,0.114,6828.0
2025-01-17 12:35:00,0.1139,0.1139,0.1139,0.1139,1049.0
2025-01-17 12:36:00,0.1141,0.1141,0.1138,0.1139,20883.0
2025-01-17 12:37:00,0.1139,0.1139,0.1138,0.1138,11892.0
2025-01-17 12:38:00,0.1139,0.1139,0.1139,0.1139,2031.0
2025-01-17 12:39:00,0.114,0.1141,0.114,0.1141,41691.0
2025-01-17 12:40:00,0.1141,0.1143,0.1141,0.1143,9870.0
2025-01-17 12:41:00,0.1144,0.1144,0.1143,0.1143,9593.0
2025-01-17 12:42:00,0.1143,0.1144,0.1143,0.1144,4476.0
2025-01-17 12:43:00,0.1144,0.1144,0.1144,0.1144,6710.0
2025-01-17 12:44:00,0.1144,0.1144,0.1144,0.1144,0.0
2025-01-17 12:45:00,0.1145,0.1146,0.1145,0.1146,2162.0
2025-01-17 12:46:00,0.1146,0.1148,0.1146,0.1148,5528.0
2025-01-17 12:47:00,0.1148,0.1149,0.1148,0.1149,9368.0
2025-01-17 12:48:00,0.1147,0.1147,0.1147,0.1147,4819.0
2025-01-17 12:49:00,0.1147,0.1147,0.1147,0.1147,0.0
2025-01-17 12:50:00,0.1146,0.1146,0.1146,0.1146,2625.0
2025-01-17 12:51:00,0.1145,0.1145,0.1144,0.1144,5289.0
2025-01-17 12:52:00,0.1144,0.1144,0.1144,0.1144,8009.0
2025-01-17 12:53:00,0.1144,0.1144,0.1144,0.1144,7894.0
2025-01-17 12:54:00,0.1144,0.1144,0.1144,0.1144,0.0
2025-01-17 12:55:00,0.1142,0.1142,0.1142,0.1142,6027.0
2025-01-17 12:56:00,0.1141,0.1141,0.1141,0.1141,3615.0
2025-01-17 12:57:00,0.114,0.1141,0.114,0.1141,559.0
2025-01-17 12:58:00,0.1141,0.1141,0.1141,0.1141,3803.0
2025-01-17 12:59:00,0.1141,0.1141,0.1141,0.1141,150.0
2025-01-17 13:00:00,0.1142,0.1144,0.1142,0.1144,11220.0
2025-01-17 13:01:00,0.1144,0.1145,0.1144,0.1145,2159.0
2025-01-17 13:02:00,0.1145,0.1145,0.1145,0.1145,0.0
2025-01-17 13:03:00,0.1146,0.1146,0.1146,0.1146,9650.0
2025-01-17 13:04:00,0.1146,0.1148,0.1146,0.1147,4295.0
2025-01-17 13:05:00,0.1146,0.1147,0.1146,0.1147,28021.0
2025-01-17 13:06:00,0.1147,0.1147,0.1146,0.1146,7356.0
2025-01-17 13:07:00,0.1147,0.1147,0.1147,0.1147,2057.0
2025-01-17 13:08:00,0.1148,0.1148,0.1148,0.1148,58.0
2025-01-17 13:09:00,0.1148,0.1148,0.1148,0.1148,17298.0
2025-01-17 13:10:00,0.1149,0.1149,0.1147,0.1147,4824.0
2025-01-17 13:11:00,0.1147,0.1147,0.1147,0.1147,235.0
2025-01-17 13:12:00,0.1149,0.1149,0.1149,0.1149,1098.0
2025-01-17 13:13:00,0.1149,0.1149,0.1149,0.1149,0.0
2025-01-17 13:14:00,0.1149,0.115,0.1149,0.115,754.0
2025-01-17 13:15:00,0.1149,0.115,0.1149,0.115,15201.0
2025-01-17 13:16:00,0.115,0.115,0.115,0.115,0.0
2025-01-17 13:17:00,0.1151,0.1151,0.1151,0.1151,12668.0
2025-01-17 13:18:00,0.1152,0.1152,0.1151,0.1151,1555.0
2025-01-17 13:19:00,0.115,0.115,0.115,0.115,738.0
2025-01-17 13:20:00,0.1148,0.1149,0.1148,0.1148,31426.0
2025-01-17 13:21:00,0.115,0.115,0.115,0.115,7106.0
2025-01-17 13:22:00,0.115,0.115,0.115,0.115,8463.0
2025-01-17 13:23:00,0.1151,0.1151,0.1151,0.1151,9899.0
2025-01-17 13:24:00,0.1151,0.1151,0.1151,0.1151,0.0
2025-01-17 13:25:00,0.1151,0.1152,0.115,0.1152,3496.0
2025-01-17 13:26:00,0.1152,0.1152,0.1152,0.1152,2403.0
2025-01-17 13:27:00,0.1153,0.1154,0.1153,0.1153,8155.0
2025-01-17 13:28:00,0.1152,0.1153,0.1152,0.1152,2521.0
2025-01-17 13:29:00,0.1152,0.1152,0.1152,0.1152,2144.0
2025-01-17 13:30:00,0.1151,0.1151,0.1151,0.1151,85.0
2025-01-17 13:31:00,0.1152,0.1152,0.1152,0.1152,3806.0
2025-01-17 13:32:00,0.1151,0.1151,0.1151,0.1151,76.0
2025-01-17 13:33:00,0.1152,0.1152,0.115,0.115,7625.0
2025-01-17 13:34:00,0.1151,0.1151,0.1151,0.1151,7147.0
2025-01-17 13:35:00,0.1152,0.1152,0.1151,0.1151,2854.0
2025-01-17 13:36:00,0.1149,0.1149,0.1149,0.1149,2790.0
2025-01-17 13:37:00,0.1148,0.1148,0.1147,0.1147,13319.0
2025-01-17 13:38:00,0.1146,0.1146,0.1143,0.1145,17517.0
2025-01-17 13:39:00,0.1144,0.1144,0.1141,0.1141,10908.0
2025-01-17 13:40:00,0.1141,0.1144,0.114,0.1144,27350.0
2025-01-17 13:41:00,0.1145,0.1145,0.1145,0.1145,1670.0
2025-01-17 13:42:00,0.1146,0.1146,0.1145,0.1146,5903.0
2025-01-17 13:43:00,0.1146,0.1146,0.1146,0.1146,5922.0
2025-01-17 13:44:00,0.1147,0.1147,0.1147,0.1147,5525.0
2025-01-17 13:45:00,0.1147,0.1147,0.1147,0.1147,0.0
2025-01-17 13:46:00,0.1148,0.1148,0.1146,0.1146,2842.0
2025-01-17 13:47:00,0.1146,0.1146,0.1146,0.1146,0.0
2025-01-17 13:48:00,0.1147,0.1147,0.1145,0.1145,666.0
2025-01-17 13:49:00,0.1145,0.1146,0.1145,0.1145,27054.0
2025-01-17 13:50:00,0.1145,0.1145,0.1145,0.1145,5735.0
2025-01-17 13:51:00,0.1145,0.1145,0.1144,0.1144,4081.0
2025-01-17 13:52:00,0.1144,0.1144,0.1144,0.1144,0.0
2025-01-17 13:53:00,0.1144,0.1144,0.1144,0.1144,500.0
2025-01-17 13:54:00,0.1144,0.1144,0.1144,0.1144,0.0
2025-01-17 13:55:00,0.1144,0.1145,0.1144,0.1145,2080.0
2025-01-17 13:56:00,0.1145,0.1145,0.1145,0.1145,0.0
2025-01-17 13:57:00,0.1145,0.1146,0.1145,0.1145,1186.0
2025-01-17 13:58:00,0.1145,0.1145,0.1144,0.1144,1488.0
2025-01-17 13:59:00,0.1144,0.1144,0.1144,0.1144,0.0
2025-01-17 14:00:00,0.1145,0.1145,0.1144,0.1145,4832.0
2025-01-17 14:01:00,0.1145,0.1146,0.1144,0.1146,16573.0
2025-01-17 14:02:00,0.1146,0.1148,0.1146,0.1147,10764.0
2025-01-17 14:03:00,0.1148,0.1149,0.1148,0.1149,2734.0
2025-01-17 14:04:00,0.1149,0.1149,0.1149,0.1149,378.0
2025-01-17 14:05:00,0.1149,0.1149,0.1148,0.1148,1635.0
2025-01-17 14:06:00,0.1148,0.1148,0.1148,0.1148,0.0
2025-01-17 14:07:00,0.1148,0.1148,0.1148,0.1148,314.0
2025-01-17 14:08:00,0.1148,0.1148,0.1148,0.1148,0.0
2025-01-17 14:09:00,0.1148,0.1148,0.1148,0.1148,0.0
2025-01-17 14:10:00,0.115,0.1151,0.115,0.1151,1966.0
2025-01-17 14:11:00,0.1151,0.1155,0.1151,0.1154,32744.0
2025-01-17 14:12:00,0.1154,0.1154,0.1154,0.1154,0.0
2025-01-17 14:13:00,0.1153,0.1153,0.1152,0.1152,2923.0
2025-01-17 14:14:00,0.1152,0.1152,0.1152,0.1152,0.0
2025-01-17 14:15:00,0.1151,0.1153,0.1151,0.1153,2927.0
2025-01-17 14:16:00,0.1153,0.1153,0.1153,0.1153,0.0
2025-01-17 14:17:00,0.1153,0.1153,0.1153,0.1153,0.0
2025-01-17 14:18:00,0.1154,0.1154,0.1154,0.1154,7766.0
2025-01-17 14:19:00,0.1154,0.1154,0.1154,0.1154,0.0
2025-01-17 14:20:00,0.1155,0.1156,0.1155,0.1156,621.0
2025-01-17 14:21:00,0.1155,0.1156,0.1155,0.1156,3603.0
2025-01-17 14:22:00,0.1157,0.1158,0.1157,0.1158,8450.0
2025-01-17 14:23:00,0.1158,0.1158,0.1157,0.1158,73707.0
2025-01-17 14:24:00,0.1157,0.1157,0.1157,0.1157,43.0
2025-01-17 14:25:00,0.1158,0.1158,0.1157,0.1158,6406.0
2025-01-17 14:26:00,0.1158,0.1158,0.1158,0.1158,13147.0
2025-01-17 14:27:00,0.1157,0.1157,0.1157,0.1157,890.0
2025-01-17 14:28:00,0.1158,0.1159,0.1158,0.1158,6233.0
2025-01-17 14:29:00,0.1158,0.1158,0.1158,0.1158,0.0
2025-01-17 14:30:00,0.116,0.116,0.1157,0.1157,23880.0
2025-01-17 14:31:00,0.1157,0.1157,0.1151,0.1152,26097.0
2025-01-17 14:32:00,0.1153,0.1153,0.1152,0.1152,9351.0
2025-01-17 14:33:00,0.1157,0.1158,0.1155,0.1155,31807.0
2025-01-17 14:34:00,0.1156,0.1157,0.1154,0.1154,12778.0
2025-01-17 14:35:00,0.1156,0.1159,0.1156,0.1158,10261.0
2025-01-17 14:36:00,0.1158,0.1163,0.1158,0.116,35258.0
2025-01-17 14:37:00,0.1158,0.1158,0.1158,0.1158,1269.0
2025-01-17 14:38:00,0.1158,0.116,0.1158,0.1158,19902.0
2025-01-17 14:39:00,0.1157,0.116,0.1154,0.1158,33560.0
2025-01-17 14:40:00,0.1156,0.1157,0.1156,0.1157,5699.0
2025-01-17 14:41:00,0.1157,0.1159,0.1156,0.1156,12269.0
2025-01-17 14:42:00,0.1157,0.1159,0.1157,0.1157,5303.0
2025-01-17 14:43:00,0.1154,0.1157,0.1153,0.1156,23589.0
2025-01-17 14:44:00,0.1156,0.1157,0.1155,0.1157,13173.0
2025-01-17 14:45:00,0.1158,0.1164,0.1158,0.1163,32086.0
2025-01-17 14:46:00,0.1164,0.1164,0.116,0.116,6451.0
2025-01-17 14:47:00,0.116,0.116,0.1157,0.1157,51492.0
2025-01-17 14:48:00,0.1156,0.1156,0.1154,0.1156,19388.0
2025-01-17 14:49:00,0.1155,0.1155,0.1155,0.1155,5568.0
2025-01-17 14:50:00,0.1153,0.1153,0.1153,0.1153,1771.0
2025-01-17 14:51:00,0.1154,0.1154,0.1154,0.1154,2862.0
2025-01-17 14:52:00,0.1156,0.1159,0.1156,0.1159,9887.0
2025-01-17 14:53:00,0.116,0.116,0.116,0.116,1889.0
2025-01-17 14:54:00,0.1157,0.1159,0.1157,0.1158,34331.0
2025-01-17 14:55:00,0.1158,0.1161,0.1158,0.1161,5492.0
2025-01-17 14:56:00,0.116,0.1161,0.1159,0.1161,42540.0
2025-01-17 14:57:00,0.1161,0.1162,0.1161,0.1161,18029.0
2025-01-17 14:58:00,0.1161,0.1161,0.1159,0.116,17134.0
2025-01-17 14:59:00,0.1158,0.1159,0.1158,0.1159,21109.0
2025-01-17 15:00:00,0.1159,0.1161,0.1159,0.1161,56523.0
2025-01-17 15:01:00,0.116,0.1161,0.116,0.1161,3494.0
2025-01-17 15:02:00,0.116,0.1162,0.116,0.1162,3362.0
2025-01-17 15:03:00,0.1162,0.1163,0.1161,0.1163,4804.0
2025-01-17 15:04:00,0.116,0.1161,0.1159,0.1161,25359.0
2025-01-17 15:05:00,0.1162,0.1166,0.1162,0.1166,11965.0
2025-01-17 15:06:00,0.1166,0.1167,0.1165,0.1165,15018.0
2025-01-17 15:07:00,0.1167,0.1167,0.1167,0.1167,565.0
2025-01-17 15:08:00,0.1168,0.1168,0.1166,0.1168,9031.0
2025-01-17 15:09:00,0.1167,0.1168,0.1166,0.1167,10637.0
2025-01-17 15:10:00,0.1167,0.1167,0.1167,0.1167,4590.0
2025-01-17 15:11:00,0.1166,0.1169,0.1165,0.1169,236899.0
2025-01-17 15:12:00,0.1169,0.117,0.1168,0.1168,74647.0
2025-01-17 15:13:00,0.1168,0.1168,0.1166,0.1166,14110.0
2025-01-17 15:14:00,0.1166,0.1169,0.1166,0.1167,50024.0
2025-01-17 15:15:00,0.1168,0.1169,0.1168,0.1169,10075.0
2025-01-17 15:16:00,0.1168,0.1169,0.1168,0.1168,4475.0
2025-01-17 15:17:00,0.1168,0.1168,0.1168,0.1168,43.0
2025-01-17 15:18:00,0.1167,0.1168,0.1167,0.1168,9478.0
2025-01-17 15:19:00,0.1168,0.1168,0.1168,0.1168,1499.0
2025-01-17 15:20:00,0.117,0.117,0.1167,0.1167,46616.0
2025-01-17 15:21:00,0.1166,0.1166,0.1163,0.1163,23407.0
2025-01-17 15:22:00,0.1162,0.1165,0.116,0.1161,48172.0
2025-01-17 15:23:00,0.1161,0.1162,0.1161,0.1162,16069.0
2025-01-17 15:24:00,0.1162,0.1162,0.1161,0.1161,4580.0
2025-01-17 15:25:00,0.1161,0.1162,0.1158,0.1158,50921.0
2025-01-17 15:26:00,0.1159,0.1159,0.1156,0.1156,11278.0
2025-01-17 15:27:00,0.1155,0.1157,0.1154,0.1154,64961.0
2025-01-17 15:28:00,0.1155,0.1159,0.1155,0.1157,23047.0
2025-01-17 15:29:00,0.1157,0.1157,0.1156,0.1156,10524.0
2025-01-17 15:30:00,0.1159,0.116,0.1159,0.1159,10631.0
2025-01-17 15:31:00,0.1158,0.116,0.1158,0.116,22050.0
2025-01-17 15:32:00,0.1159,0.1159,0.1156,0.1156,7336.0
2025-01-17 15:33:00,0.1156,0.1156,0.1155,0.1155,2177.0
2025-01-17 15:34:00,0.1155,0.1155,0.1155,0.1155,7380.0
2025-01-17 15:35:00,0.1155,0.1157,0.1155,0.1157,4048.0
2025-01-17 15:36:00,0.1156,0.1158,0.1156,0.1158,3146.0
2025-01-17 15:37:00,0.116,0.116,0.116,0.116,9998.0
2025-01-17 15:38:00,0.116,0.116,0.1159,0.1159,4430.0
2025-01-17 15:39:00,0.116,0.1162,0.116,0.1162,801.0
2025-01-17 15:40:00,0.1162,0.1162,0.1162,0.1162,0.0
2025-01-17 15:41:00,0.1162,0.1163,0.1162,0.1162,5306.0
2025-01-17 15:42:00,0.1161,0.1161,0.116,0.1161,21613.0
2025-01-17 15:43:00,0.1161,0.1161,0.1161,0.1161,4575.0
2025-01-17 15:44:00,0.116,0.116,0.1159,0.1159,5475.0
2025-01-17 15:45:00,0.1161,0.1161,0.1161,0.1161,206.0
2025-01-17 15:46:00,0.1158,0.1158,0.1157,0.1157,6169.0
2025-01-17 15:47:00,0.1157,0.1159,0.1157,0.1157,6556.0
2025-01-17 15:48:00,0.1157,0.1157,0.1155,0.1155,2714.0
2025-01-17 15:49:00,0.1156,0.1157,0.1156,0.1157,9528.0
2025-01-17 15:50:00,0.1157,0.1157,0.1157,0.1157,0.0
2025-01-17 15:51:00,0.1157,0.1157,0.1157,0.1157,0.0
2025-01-17 15:52:00,0.1157,0.1157,0.1157,0.1157,4924.0
2025-01-17 15:53:00,0.1158,0.1158,0.1157,0.1157,67533.0
2025-01-17 15:54:00,0.1157,0.1158,0.1157,0.1158,16840.0
2025-01-17 15:55:00,0.1159,0.1159,0.1157,0.1157,10787.0
2025-01-17 15:56:00,0.1158,0.1158,0.1156,0.1158,47027.0
2025-01-17 15:57:00,0.1157,0.1159,0.1157,0.1158,11978.0
2025-01-17 15:58:00,0.1159,0.1159,0.1159,0.1159,14979.0
2025-01-17 15:59:00,0.1159,0.1159,0.1159,0.1159,6396.0
2025-01-17 16:00:00,0.1159,0.1164,0.1159,0.1164,61285.0
2025-01-17 16:01:00,0.1163,0.1164,0.1163,0.1164,10449.0
2025-01-17 16:02:00,0.1164,0.1164,0.1162,0.1162,244.0
2025-01-17 16:03:00,0.1162,0.1162,0.1162,0.1162,0.0
2025-01-17 16:04:00,0.1162,0.1162,0.1162,0.1162,1324.0
2025-01-17 16:05:00,0.116,0.1161,0.1159,0.1161,13787.0
2025-01-17 16:06:00,0.1161,0.1161,0.1161,0.1161,0.0
2025-01-17 16:07:00,0.116,0.116,0.1159,0.116,17603.0
2025-01-17 16:08:00,0.1159,0.116,0.1159,0.1159,25041.0
2025-01-17 16:09:00,0.1158,0.1158,0.1158,0.1158,4601.0
2025-01-17 16:10:00,0.116,0.1161,0.1159,0.1161,2113.0
2025-01-17 16:11:00,0.1162,0.1162,0.1162,0.1162,2782.0
2025-01-17 16:12:00,0.1162,0.1163,0.1162,0.1163,13869.0
2025-01-17 16:13:00,0.1165,0.1165,0.1165,0.1165,1282.0
2025-01-17 16:14:00,0.1165,0.1166,0.1165,0.1166,14532.0
2025-01-17 16:15:00,0.1166,0.1166,0.1165,0.1166,148955.0
2025-01-17 16:16:00,0.1166,0.1168,0.1166,0.1168,23692.0
2025-01-17 16:17:00,0.1168,0.1171,0.1167,0.1171,38727.0
2025-01-17 16:18:00,0.1171,0.1176,0.1171,0.1175,44355.0
2025-01-17 16:19:00,0.1175,0.1183,0.1174,0.1179,389249.0
2025-01-17 16:20:00,0.1179,0.1182,0.1177,0.1177,300489.0
2025-01-17 16:21:00,0.1177,0.1177,0.1174,0.1174,104835.0
2025-01-17 16:22:00,0.1172,0.1191,0.1171,0.1187,657414.0
2025-01-17 16:23:00,0.1188,0.1188,0.1171,0.1176,675695.0
2025-01-17 16:24:00,0.1175,0.1177,0.1172,0.1174,88225.0
2025-01-17 16:25:00,0.1174,0.1174,0.1168,0.1169,54381.0
2025-01-17 16:26:00,0.1169,0.1171,0.1168,0.1169,220766.0
2025-01-17 16:27:00,0.1169,0.117,0.1169,0.1169,5215.0
2025-01-17 16:28:00,0.1169,0.1169,0.1169,0.1169,11515.0
2025-01-17 16:29:00,0.117,0.117,0.1168,0.1168,7164.0
2025-01-17 16:30:00,0.1169,0.1169,0.1167,0.1167,5423.0
2025-01-17 16:31:00,0.1166,0.1171,0.1166,0.1168,25635.0
2025-01-17 16:32:00,0.1168,0.117,0.1168,0.117,12582.0
2025-01-17 16:33:00,0.1169,0.117,0.1169,0.117,20580.0
2025-01-17 16:34:00,0.1168,0.1168,0.1168,0.1168,2447.0
2025-01-17 16:35:00,0.1168,0.1169,0.1167,0.1167,20701.0
2025-01-17 16:36:00,0.1167,0.1167,0.1167,0.1167,457.0
2025-01-17 16:37:00,0.1167,0.1167,0.1167,0.1167,14127.0
2025-01-17 16:38:00,0.1168,0.1169,0.1168,0.1169,9032.0
2025-01-17 16:39:00,0.1169,0.1171,0.1169,0.1171,14468.0
2025-01-17 16:40:00,0.117,0.117,0.1168,0.1168,15178.0
2025-01-17 16:41:00,0.1167,0.1167,0.1166,0.1167,68345.0
2025-01-17 16:42:00,0.1168,0.1168,0.1167,0.1167,16883.0
2025-01-17 16:43:00,0.1168,0.1169,0.1166,0.1166,36152.0
2025-01-17 16:44:00,0.1166,0.1167,0.1166,0.1167,18565.0
2025-01-17 16:45:00,0.1166,0.1166,0.1165,0.1166,5703.0
2025-01-17 16:46:00,0.1165,0.1165,0.1163,0.1164,17374.0
2025-01-17 16:47:00,0.1164,0.1165,0.1164,0.1165,9400.0
2025-01-17 16:48:00,0.1165,0.1165,0.1165,0.1165,0.0
2025-01-17 16:49:00,0.1168,0.1168,0.1166,0.1166,2382.0
2025-01-17 16:50:00,0.1166,0.1166,0.1166,0.1166,107.0
2025-01-17 16:51:00,0.1164,0.1166,0.1164,0.1165,17901.0
2025-01-17 16:52:00,0.1165,0.1165,0.1165,0.1165,0.0
2025-01-17 16:53:00,0.1165,0.1165,0.1165,0.1165,2231.0
2025-01-17 16:54:00,0.1165,0.1166,0.1165,0.1165,11798.0
2025-01-17 16:55:00,0.1165,0.1165,0.1165,0.1165,0.0
2025-01-17 16:56:00,0.1165,0.1165,0.1164,0.1164,6102.0
2025-01-17 16:57:00,0.1163,0.1164,0.1163,0.1164,3938.0
2025-01-17 16:58:00,0.1164,0.1164,0.1164,0.1164,0.0
2025-01-17 16:59:00,0.1164,0.1164,0.1164,0.1164,0.0
2025-01-17 17:00:00,0.1165,0.1166,0.1165,0.1165,954.0
2025-01-17 17:01:00,0.1164,0.1164,0.1162,0.1163,10764.0
2025-01-17 17:02:00,0.1164,0.1165,0.1164,0.1165,289.0
2025-01-17 17:03:00,0.1164,0.1165,0.1164,0.1165,12363.0
2025-01-17 17:04:00,0.1164,0.1164,0.1164,0.1164,859.0
2025-01-17 17:05:00,0.1165,0.1165,0.1165,0.1165,2790.0
2025-01-17 17:06:00,0.1163,0.1163,0.1161,0.1161,15314.0
2025-01-17 17:07:00,0.1161,0.1162,0.116,0.1162,29389.0
2025-01-17 17:08:00,0.1163,0.1164,0.1163,0.1164,5646.0
2025-01-17 17:09:00,0.1162,0.1162,0.1161,0.1162,2583.0
2025-01-17 17:10:00,0.1162,0.1162,0.1161,0.1161,3410.0
2025-01-17 17:11:00,0.1162,0.1162,0.1162,0.1162,14056.0
2025-01-17 17:12:00,0.1162,0.1163,0.1162,0.1163,8092.0
2025-01-17 17:13:00,0.1162,0.1162,0.1161,0.1161,4164.0
2025-01-17 17:14:00,0.1162,0.1162,0.1161,0.1161,4955.0
2025-01-17 17:15:00,0.1161,0.1162,0.1161,0.1161,24168.0
2025-01-17 17:16:00,0.116,0.116,0.1159,0.1159,11353.0
2025-01-17 17:17:00,0.1159,0.1159,0.1157,0.1158,12728.0
2025-01-17 17:18:00,0.1157,0.1158,0.1157,0.1157,9181.0
2025-01-17 17:19:00,0.1158,0.1158,0.1158,0.1158,3826.0
2025-01-17 17:20:00,0.1157,0.1157,0.1157,0.1157,3788.0
2025-01-17 17:21:00,0.1158,0.1158,0.1158,0.1158,7044.0
2025-01-17 17:22:00,0.1157,0.1158,0.1157,0.1157,9243.0
2025-01-17 17:23:00,0.1158,0.1159,0.1158,0.1159,13827.0
2025-01-17 17:24:00,0.1159,0.1159,0.1159,0.1159,4357.0
2025-01-17 17:25:00,0.1159,0.116,0.1159,0.116,8994.0
2025-01-17 17:26:00,0.1163,0.1163,0.1163,0.1163,7906.0
2025-01-17 17:27:00,0.1161,0.1161,0.1161,0.1161,863.0
2025-01-17 17:28:00,0.1161,0.1161,0.1161,0.1161,242.0
2025-01-17 17:29:00,0.1161,0.1161,0.1161,0.1161,0.0
2025-01-17 17:30:00,0.1161,0.1162,0.1161,0.1161,18947.0
2025-01-17 17:31:00,0.116,0.116,0.1159,0.1159,8460.0
2025-01-17 17:32:00,0.1158,0.116,0.1158,0.1158,17326.0
2025-01-17 17:33:00,0.1158,0.1158,0.1158,0.1158,5248.0
2025-01-17 17:34:00,0.1158,0.1158,0.1158,0.1158,0.0
2025-01-17 17:35:00,0.1156,0.1156,0.1152,0.1152,39041.0
2025-01-17 17:36:00,0.1153,0.1154,0.1153,0.1153,23199.0
2025-01-17 17:37:00,0.1151,0.1152,0.115,0.1152,45273.0
2025-01-17 17:38:00,0.1151,0.1151,0.1151,0.1151,4453.0
2025-01-17 17:39:00,0.1151,0.1151,0.1151,0.1151,12727.0
2025-01-17 17:40:00,0.1153,0.1153,0.1153,0.1153,2169.0
2025-01-17 17:41:00,0.1151,0.1152,0.1151,0.1152,2783.0
2025-01-17 17:42:00,0.1151,0.1151,0.1151,0.1151,2990.0
2025-01-17 17:43:00,0.1151,0.1151,0.1151,0.1151,14341.0
2025-01-17 17:44:00,0.1151,0.1151,0.1151,0.1151,87.0
2025-01-17 17:45:00,0.1151,0.1154,0.1151,0.1154,29627.0
2025-01-17 17:46:00,0.1153,0.1154,0.1153,0.1154,6443.0
2025-01-17 17:47:00,0.1153,0.1153,0.1153,0.1153,1500.0
2025-01-17 17:48:00,0.1152,0.1152,0.1152,0.1152,4357.0
2025-01-17 17:49:00,0.1152,0.1152,0.1151,0.1151,275.0
2025-01-17 17:50:00,0.1151,0.1151,0.1149,0.1151,10905.0
2025-01-17 17:51:00,0.115,0.1151,0.115,0.1151,22042.0
2025-01-17 17:52:00,0.1151,0.1151,0.115,0.115,2756.0
2025-01-17 17:53:00,0.1149,0.1149,0.1148,0.1149,3565.0
2025-01-17 17:54:00,0.1149,0.1151,0.1149,0.1151,4728.0
2025-01-17 17:55:00,0.1151,0.1151,0.1148,0.1148,8878.0
2025-01-17 17:56:00,0.1148,0.1148,0.1148,0.1148,9937.0
2025-01-17 17:57:00,0.1147,0.1148,0.1147,0.1148,254.0
2025-01-17 17:58:00,0.1148,0.1148,0.1148,0.1148,60.0
2025-01-17 17:59:00,0.1149,0.1149,0.1149,0.1149,4290.0
2025-01-17 18:00:00,0.115,0.1152,0.115,0.1152,11333.0
2025-01-17 18:01:00,0.1151,0.1151,0.115,0.1151,191.0
2025-01-17 18:02:00,0.1151,0.1151,0.1151,0.1151,2141.0
2025-01-17 18:03:00,0.1151,0.1152,0.1151,0.1152,7096.0
2025-01-17 18:04:00,0.1151,0.1152,0.1151,0.1151,12328.0
2025-01-17 18:05:00,0.1151,0.1151,0.1151,0.1151,13312.0
2025-01-17 18:06:00,0.1151,0.1152,0.1151,0.1151,34704.0
2025-01-17 18:07:00,0.115,0.115,0.115,0.115,6404.0
2025-01-17 18:08:00,0.1149,0.115,0.1149,0.115,4591.0
2025-01-17 18:09:00,0.1148,0.1148,0.1148,0.1148,4160.0
2025-01-17 18:10:00,0.1149,0.115,0.1149,0.1149,8216.0
2025-01-17 18:11:00,0.1148,0.1148,0.1148,0.1148,6385.0
2025-01-17 18:12:00,0.115,0.115,0.1149,0.1149,3548.0
2025-01-17 18:13:00,0.1149,0.1149,0.1149,0.1149,0.0
2025-01-17 18:14:00,0.1149,0.1149,0.1149,0.1149,0.0
2025-01-17 18:15:00,0.1151,0.1151,0.1151,0.1151,5580.0
2025-01-17 18:16:00,0.115,0.115,0.1149,0.115,5827.0
2025-01-17 18:17:00,0.1151,0.1151,0.1151,0.1151,7022.0
2025-01-17 18:18:00,0.1151,0.1152,0.1151,0.1152,17849.0
2025-01-17 18:19:00,0.1153,0.1154,0.1153,0.1154,3353.0
2025-01-17 18:20:00,0.1155,0.1155,0.1155,0.1155,1024.0
2025-01-17 18:21:00,0.1156,0.1156,0.1156,0.1156,46342.0
2025-01-17 18:22:00,0.1155,0.1157,0.1155,0.1157,6012.0
2025-01-17 18:23:00,0.1157,0.1157,0.1157,0.1157,1201.0
2025-01-17 18:24:00,0.1156,0.1156,0.1156,0.1156,3108.0
2025-01-17 18:25:00,0.1156,0.1156,0.1156,0.1156,0.0
2025-01-17 18:26:00,0.1157,0.1157,0.1157,0.1157,1378.0
2025-01-17 18:27:00,0.1157,0.1157,0.1156,0.1156,4050.0
2025-01-17 18:28:00,0.1156,0.1156,0.1156,0.1156,9967.0
2025-01-17 18:29:00,0.1156,0.1156,0.1156,0.1156,300.0
2025-01-17 18:30:00,0.1156,0.1157,0.1155,0.1156,11972.0
2025-01-17 18:31:00,0.1156,0.1156,0.1155,0.1155,55514.0
2025-01-17 18:32:00,0.1155,0.1155,0.1155,0.1155,5253.0
2025-01-17 18:33:00,0.1155,0.1155,0.1155,0.1155,0.0
2025-01-17 18:34:00,0.1155,0.1155,0.1155,0.1155,0.0
2025-01-17 18:35:00,0.1155,0.1155,0.1155,0.1155,8658.0
2025-01-17 18:36:00,0.1155,0.1155,0.1155,0.1155,0.0
2025-01-17 18:37:00,0.1156,0.1158,0.1156,0.1158,6377.0
2025-01-17 18:38:00,0.1157,0.1157,0.1157,0.1157,1355.0
2025-01-17 18:39:00,0.1157,0.1157,0.1157,0.1157,87.0
2025-01-17 18:40:00,0.1155,0.1155,0.1155,0.1155,19309.0
2025-01-17 18:41:00,0.1156,0.1156,0.1156,0.1156,10895.0
2025-01-17 18:42:00,0.1156,0.1156,0.1156,0.1156,1500.0
2025-01-17 18:43:00,0.1155,0.1155,0.1155,0.1155,3201.0
2025-01-17 18:44:00,0.1154,0.1155,0.1154,0.1155,716.0
2025-01-17 18:45:00,0.1155,0.1155,0.1155,0.1155,85.0
2025-01-17 18:46:00,0.1155,0.1155,0.1155,0.1155,366.0
2025-01-17 18:47:00,0.1153,0.1153,0.1153,0.1153,5580.0
2025-01-17 18:48:00,0.1154,0.1154,0.1154,0.1154,89.0
2025-01-17 18:49:00,0.1153,0.1153,0.1153,0.1153,89.0
2025-01-17 18:50:00,0.1152,0.1152,0.1151,0.1151,1877.0
2025-01-17 18:51:00,0.1151,0.1151,0.1151,0.1151,413.0
2025-01-17 18:52:00,0.1151,0.1151,0.1151,0.1151,0.0
2025-01-17 18:53:00,0.115,0.1152,0.115,0.1152,15835.0
2025-01-17 18:54:00,0.1151,0.1151,0.1151,0.1151,2728.0
2025-01-17 18:55:00,0.115,0.115,0.115,0.115,2964.0
2025-01-17 18:56:00,0.1149,0.1149,0.1148,0.1148,269.0
2025-01-17 18:57:00,0.1149,0.1149,0.1148,0.1149,8720.0
2025-01-17 18:58:00,0.1149,0.1149,0.1149,0.1149,0.0
2025-01-17 18:59:00,0.1149,0.1149,0.1149,0.1149,0.0
2025-01-17 19:00:00,0.1149,0.1149,0.1149,0.1149,5696.0
2025-01-17 19:01:00,0.115,0.115,0.115,0.115,5623.0
2025-01-17 19:02:00,0.115,0.115,0.115,0.115,541.0
2025-01-17 19:03:00,0.1149,0.1149,0.1148,0.1149,8702.0
2025-01-17 19:04:00,0.115,0.1151,0.115,0.1151,13294.0
2025-01-17 19:05:00,0.1151,0.1151,0.1151,0.1151,0.0
2025-01-17 19:06:00,0.1149,0.1149,0.1149,0.1149,110.0
2025-01-17 19:07:00,0.1149,0.1149,0.1149,0.1149,503.0
2025-01-17 19:08:00,0.1149,0.1149,0.1149,0.1149,0.0
2025-01-17 19:09:00,0.1151,0.1151,0.1151,0.1151,629.0
2025-01-17 19:10:00,0.1151,0.1151,0.1151,0.1151,402.0
2025-01-17 19:11:00,0.1152,0.1152,0.1152,0.1152,5580.0
2025-01-17 19:12:00,0.1152,0.1152,0.1152,0.1152,8649.0
2025-01-17 19:13:00,0.1153,0.1153,0.1152,0.1153,13500.0
2025-01-17 19:14:00,0.1153,0.1153,0.1153,0.1153,0.0
2025-01-17 19:15:00,0.1155,0.1155,0.1154,0.1154,1097.0
2025-01-17 19:16:00,0.1155,0.1155,0.1155,0.1155,56.0
2025-01-17 19:17:00,0.1155,0.1155,0.1155,0.1155,1794.0
2025-01-17 19:18:00,0.1156,0.1159,0.1156,0.1159,27921.0
2025-01-17 19:19:00,0.116,0.1162,0.116,0.116,21265.0
2025-01-17 19:20:00,0.116,0.116,0.1158,0.1158,23771.0
2025-01-17 19:21:00,0.116,0.116,0.116,0.116,434.0
2025-01-17 19:22:00,0.116,0.116,0.1159,0.1159,4828.0
2025-01-17 19:23:00,0.1159,0.1159,0.1158,0.1158,369.0
2025-01-17 19:24:00,0.1159,0.1159,0.1159,0.1159,547.0
2025-01-17 19:25:00,0.116,0.116,0.1159,0.1159,5283.0
2025-01-17 19:26:00,0.1159,0.1159,0.1159,0.1159,355.0
2025-01-17 19:27:00,0.1158,0.1158,0.1157,0.1157,20136.0
2025-01-17 19:28:00,0.1156,0.1156,0.1156,0.1156,1272.0
2025-01-17 19:29:00,0.1157,0.1157,0.1156,0.1156,288.0
2025-01-17 19:30:00,0.1156,0.1156,0.1155,0.1155,4686.0
2025-01-17 19:31:00,0.1155,0.1155,0.1153,0.1153,14087.0
2025-01-17 19:32:00,0.1154,0.1154,0.1153,0.1154,11562.0
2025-01-17 19:33:00,0.1154,0.1154,0.1153,0.1153,43062.0
2025-01-17 19:34:00,0.1153,0.1153,0.1153,0.1153,188.0
2025-01-17 19:35:00,0.1152,0.1153,0.1152,0.1152,18815.0
2025-01-17 19:36:00,0.1152,0.1152,0.1152,0.1152,0.0
2025-01-17 19:37:00,0.1152,0.1152,0.1152,0.1152,0.0
2025-01-17 19:38:00,0.1153,0.1154,0.1153,0.1154,71636.0
2025-01-17 19:39:00,0.1154,0.1154,0.1152,0.1152,1064.0
2025-01-17 19:40:00,0.1152,0.1153,0.1152,0.1153,11159.0
2025-01-17 19:41:00,0.1153,0.1153,0.1153,0.1153,3961.0
2025-01-17 19:42:00,0.1153,0.1153,0.1153,0.1153,103.0
2025-01-17 19:43:00,0.1153,0.1153,0.1153,0.1153,6311.0
2025-01-17 19:44:00,0.1154,0.1154,0.1154,0.1154,9672.0
2025-01-17 19:45:00,0.1152,0.1154,0.1152,0.1154,7773.0
2025-01-17 19:46:00,0.1154,0.1154,0.1154,0.1154,2790.0
2025-01-17 19:47:00,0.1155,0.1155,0.1154,0.1154,178.0
2025-01-17 19:48:00,0.1154,0.1154,0.1154,0.1154,218.0
2025-01-17 19:49:00,0.1155,0.1156,0.1154,0.1154,55156.0
2025-01-17 19:50:00,0.1155,0.1155,0.1155,0.1155,15517.0
2025-01-17 19:51:00,0.1154,0.1155,0.1154,0.1155,8442.0
2025-01-17 19:52:00,0.1155,0.1155,0.1155,0.1155,1889.0
2025-01-17 19:53:00,0.1155,0.1155,0.1155,0.1155,89.0
2025-01-17 19:54:00,0.1155,0.1155,0.1155,0.1155,0.0
2025-01-17 19:55:00,0.1155,0.1156,0.1155,0.1156,3878.0
2025-01-17 19:56:00,0.1156,0.1156,0.1156,0.1156,226.0
2025-01-17 19:57:00,0.1156,0.1156,0.1156,0.1156,192.0
2025-01-17 19:58:00,0.1156,0.1157,0.1156,0.1157,2963.0
2025-01-17 19:59:00,0.1157,0.1157,0.1157,0.1157,0.0
2025-01-17 20:00:00,0.1156,0.1156,0.1156,0.1156,3945.0
2025-01-17 20:01:00,0.1155,0.1158,0.1155,0.1157,13589.0
2025-01-17 20:02:00,0.1157,0.116,0.1157,0.1159,57147.0
2025-01-17 20:03:00,0.1159,0.116,0.1159,0.116,3241.0
2025-01-17 20:04:00,0.116,0.1161,0.116,0.1161,5974.0
2025-01-17 20:05:00,0.116,0.1161,0.116,0.1161,2005.0
2025-01-17 20:06:00,0.1161,0.1161,0.116,0.1161,10000.0
2025-01-17 20:07:00,0.1162,0.1163,0.1162,0.1163,1957.0
2025-01-17 20:08:00,0.1163,0.1165,0.1163,0.1165,3913.0
2025-01-17 20:09:00,0.1166,0.1166,0.1165,0.1165,3443.0
2025-01-17 20:10:00,0.1166,0.1169,0.1166,0.1167,32116.0
2025-01-17 20:11:00,0.1168,0.1168,0.1167,0.1167,6012.0
2025-01-17 20:12:00,0.1169,0.1169,0.1168,0.1168,1195.0
2025-01-17 20:13:00,0.1169,0.117,0.1168,0.1169,41237.0
2025-01-17 20:14:00,0.1168,0.1168,0.1168,0.1168,31178.0
2025-01-17 20:15:00,0.1167,0.1167,0.1167,0.1167,2790.0
2025-01-17 20:16:00,0.1167,0.1167,0.1167,0.1167,1197.0
2025-01-17 20:17:00,0.1167,0.1168,0.1167,0.1168,12453.0
2025-01-17 20:18:00,0.1168,0.1168,0.1168,0.1168,6032.0
2025-01-17 20:19:00,0.1169,0.1173,0.1169,0.1173,79869.0
2025-01-17 20:20:00,0.1172,0.1174,0.1171,0.1174,2282.0
2025-01-17 20:21:00,0.1174,0.1176,0.1174,0.1174,32023.0
2025-01-17 20:22:00,0.1172,0.1174,0.1172,0.1173,21942.0
2025-01-17 20:23:00,0.1174,0.1174,0.1173,0.1173,2822.0
2025-01-17 20:24:00,0.1173,0.1175,0.1173,0.1174,18088.0
2025-01-17 20:25:00,0.1173,0.1174,0.1173,0.1174,369.0
2025-01-17 20:26:00,0.1175,0.1175,0.1175,0.1175,85.0
2025-01-17 20:27:00,0.1176,0.1178,0.1176,0.1178,15120.0
2025-01-17 20:28:00,0.1176,0.1177,0.1176,0.1177,521.0
2025-01-17 20:29:00,0.1176,0.1177,0.1176,0.1177,680.0
2025-01-17 20:30:00,0.1178,0.118,0.1178,0.1179,35400.0
2025-01-17 20:31:00,0.1179,0.1181,0.1179,0.118,7215.0
2025-01-17 20:32:00,0.1181,0.1181,0.118,0.118,632.0
2025-01-17 20:33:00,0.1181,0.1181,0.1181,0.1181,16517.0
2025-01-17 20:34:00,0.1181,0.1182,0.1181,0.1182,39869.0
2025-01-17 20:35:00,0.1182,0.1182,0.1181,0.1182,1039.0
2025-01-17 20:36:00,0.1181,0.1181,0.1179,0.118,11200.0
2025-01-17 20:37:00,0.1181,0.1181,0.118,0.118,11521.0
2025-01-17 20:38:00,0.1182,0.1182,0.1182,0.1182,1261.0
2025-01-17 20:39:00,0.118,0.1181,0.1179,0.1181,5707.0
2025-01-17 20:40:00,0.118,0.118,0.118,0.118,2491.0
2025-01-17 20:41:00,0.1182,0.1183,0.1182,0.1183,9574.0
2025-01-17 20:42:00,0.1183,0.1183,0.118,0.118,19216.0
2025-01-17 20:43:00,0.118,0.1181,0.118,0.1181,4656.0
2025-01-17 20:44:00,0.1182,0.1182,0.1181,0.1181,5261.0
2025-01-17 20:45:00,0.1181,0.1181,0.1181,0.1181,0.0
2025-01-17 20:46:00,0.1182,0.1182,0.1182,0.1182,9261.0
2025-01-17 20:47:00,0.1183,0.1183,0.1182,0.1182,3145.0
2025-01-17 20:48:00,0.1182,0.1183,0.1182,0.1183,8752.0
2025-01-17 20:49:00,0.1184,0.1185,0.1183,0.1183,31860.0
2025-01-17 20:50:00,0.1184,0.1184,0.1183,0.1183,10735.0
2025-01-17 20:51:00,0.1184,0.1184,0.1183,0.1183,22656.0
2025-01-17 20:52:00,0.1184,0.1185,0.1184,0.1185,6261.0
2025-01-17 20:53:00,0.1185,0.1187,0.1185,0.1187,34487.0
2025-01-17 20:54:00,0.1187,0.1189,0.1187,0.1189,7862.0
2025-01-17 20:55:00,0.1188,0.1188,0.1186,0.1186,9258.0
2025-01-17 20:56:00,0.1186,0.1186,0.1186,0.1186,170.0
2025-01-17 20:57:00,0.1187,0.1187,0.1184,0.1184,5790.0
2025-01-17 20:58:00,0.1184,0.1184,0.1183,0.1184,79603.0
2025-01-17 20:59:00,0.1185,0.1186,0.1185,0.1186,3162.0
2025-01-17 21:00:00,0.1185,0.1187,0.1185,0.1187,32336.0
2025-01-17 21:01:00,0.1187,0.1187,0.1182,0.1184,188943.0
2025-01-17 21:02:00,0.1184,0.1184,0.118,0.118,41532.0
2025-01-17 21:03:00,0.1179,0.1179,0.1178,0.1179,135794.0
2025-01-17 21:04:00,0.118,0.118,0.118,0.118,396.0
2025-01-17 21:05:00,0.118,0.1181,0.118,0.1181,91685.0
2025-01-17 21:06:00,0.1179,0.1181,0.1179,0.1181,9479.0
2025-01-17 21:07:00,0.118,0.118,0.1179,0.1179,8677.0
2025-01-17 21:08:00,0.1178,0.1178,0.1176,0.1176,88784.0
2025-01-17 21:09:00,0.1176,0.1178,0.1176,0.1178,91658.0
2025-01-17 21:10:00,0.1177,0.1177,0.1177,0.1177,4168.0
2025-01-17 21:11:00,0.1177,0.1179,0.1177,0.1179,2876.0
2025-01-17 21:12:00,0.118,0.118,0.118,0.118,677.0
2025-01-17 21:13:00,0.118,0.118,0.118,0.118,0.0
2025-01-17 21:14:00,0.1179,0.118,0.1178,0.118,6296.0
2025-01-17 21:15:00,0.1181,0.1181,0.1181,0.1181,213.0
2025-01-17 21:16:00,0.1181,0.1181,0.118,0.118,10195.0
2025-01-17 21:17:00,0.1179,0.1179,0.1179,0.1179,2442.0
2025-01-17 21:18:00,0.118,0.1181,0.118,0.118,4126.0
2025-01-17 21:19:00,0.1179,0.1179,0.1179,0.1179,416.0
2025-01-17 21:20:00,0.1179,0.1179,0.1179,0.1179,951.0
2025-01-17 21:21:00,0.1181,0.1181,0.1181,0.1181,2080.0
2025-01-17 21:22:00,0.1181,0.1181,0.1181,0.1181,0.0
2025-01-17 21:23:00,0.1181,0.1181,0.1181,0.1181,66.0
2025-01-17 21:24:00,0.1182,0.1183,0.1182,0.1183,14900.0
2025-01-17 21:25:00,0.1183,0.1183,0.1182,0.1182,8572.0
2025-01-17 21:26:00,0.1182,0.1182,0.1182,0.1182,0.0
2025-01-17 21:27:00,0.1181,0.1181,0.1181,0.1181,4052.0
2025-01-17 21:28:00,0.1182,0.1182,0.1181,0.1181,1587.0
2025-01-17 21:29:00,0.1182,0.1182,0.1181,0.1181,4040.0
2025-01-17 21:30:00,0.1181,0.1181,0.1181,0.1181,0.0
2025-01-17 21:31:00,0.1179,0.1179,0.1178,0.1179,5032.0
2025-01-17 21:32:00,0.1179,0.1179,0.1174,0.1175,196006.0
2025-01-17 21:33:00,0.1174,0.1174,0.1173,0.1173,18888.0
2025-01-17 21:34:00,0.1173,0.1177,0.1173,0.1173,102801.0
2025-01-17 21:35:00,0.1172,0.1182,0.1172,0.1182,133758.0
2025-01-17 21:36:00,0.1181,0.1181,0.1176,0.1178,156040.0
2025-01-17 21:37:00,0.1177,0.1178,0.1177,0.1177,58701.0
2025-01-17 21:38:00,0.1177,0.1178,0.1177,0.1177,10961.0
2025-01-17 21:39:00,0.1176,0.1177,0.1176,0.1177,12458.0
2025-01-17 21:40:00,0.1177,0.1177,0.1177,0.1177,11971.0
2025-01-17 21:41:00,0.1175,0.1176,0.1175,0.1176,5199.0
2025-01-17 21:42:00,0.1178,0.1178,0.1178,0.1178,15104.0
2025-01-17 21:43:00,0.1177,0.1177,0.1177,0.1177,1289.0
2025-01-17 21:44:00,0.1178,0.1178,0.1177,0.1177,12518.0
2025-01-17 21:45:00,0.1177,0.1177,0.1177,0.1177,6032.0
2025-01-17 21:46:00,0.1177,0.1177,0.1177,0.1177,0.0
2025-01-17 21:47:00,0.1177,0.1177,0.1177,0.1177,267.0
2025-01-17 21:48:00,0.1176,0.1176,0.1176,0.1176,1554.0
2025-01-17 21:49:00,0.1176,0.1176,0.1176,0.1176,0.0
2025-01-17 21:50:00,0.1179,0.1179,0.1178,0.1178,199.0
2025-01-17 21:51:00,0.1177,0.1178,0.1176,0.1178,36004.0
2025-01-17 21:52:00,0.1178,0.1178,0.1177,0.1177,11852.0
2025-01-17 21:53:00,0.118,0.1181,0.118,0.118,17977.0
2025-01-17 21:54:00,0.118,0.118,0.118,0.118,8699.0
2025-01-17 21:55:00,0.118,0.1181,0.118,0.118,27508.0
2025-01-17 21:56:00,0.118,0.1181,0.118,0.118,5003.0
2025-01-17 21:57:00,0.118,0.118,0.1178,0.1179,61875.0
2025-01-17 21:58:00,0.1181,0.1181,0.1181,0.1181,1368.0
2025-01-17 21:59:00,0.1182,0.1183,0.1182,0.1183,13735.0
2025-01-17 22:00:00,0.1184,0.1185,0.1184,0.1184,12816.0
2025-01-17 22:01:00,0.1185,0.1185,0.1182,0.1182,56072.0
2025-01-17 22:02:00,0.1183,0.1183,0.1183,0.1183,4357.0
2025-01-17 22:03:00,0.1184,0.1186,0.1184,0.1186,5344.0
2025-01-17 22:04:00,0.1187,0.1188,0.1186,0.1188,50490.0
2025-01-17 22:05:00,0.1188,0.1189,0.1188,0.1189,9415.0
2025-01-17 22:06:00,0.1188,0.1188,0.1187,0.1187,7745.0
2025-01-17 22:07:00,0.1188,0.1189,0.1188,0.1188,16510.0
2025-01-17 22:08:00,0.1189,0.1189,0.1189,0.1189,2971.0
2025-01-17 22:09:00,0.119,0.119,0.1188,0.1188,1925.0
2025-01-17 22:10:00,0.1189,0.1189,0.1189,0.1189,186.0
2025-01-17 22:11:00,0.1188,0.1188,0.1188,0.1188,137.0
2025-01-17 22:12:00,0.1189,0.119,0.1187,0.119,31534.0
2025-01-17 22:13:00,0.119,0.119,0.119,0.119,11878.0
2025-01-17 22:14:00,0.119,0.119,0.119,0.119,0.0
2025-01-17 22:15:00,0.1189,0.1189,0.1188,0.1189,4264.0
2025-01-17 22:16:00,0.119,0.119,0.1189,0.1189,637.0
2025-01-17 22:17:00,0.119,0.119,0.119,0.119,1578.0
2025-01-17 22:18:00,0.119,0.119,0.1189,0.1189,4674.0
2025-01-17 22:19:00,0.119,0.119,0.119,0.119,1538.0
2025-01-17 22:20:00,0.119,0.119,0.119,0.119,97.0
2025-01-17 22:21:00,0.119,0.119,0.1189,0.119,9253.0
2025-01-17 22:22:00,0.119,0.1191,0.119,0.1191,3334.0
2025-01-17 22:23:00,0.1191,0.1193,0.1191,0.1192,16501.0
2025-01-17 22:24:00,0.1192,0.1194,0.1192,0.1193,34320.0
2025-01-17 22:25:00,0.1193,0.1195,0.1193,0.1193,4474.0
2025-01-17 22:26:00,0.1193,0.1193,0.1193,0.1193,981.0
2025-01-17 22:27:00,0.1194,0.1194,0.1194,0.1194,2448.0
2025-01-17 22:28:00,0.1195,0.1195,0.1195,0.1195,202.0
2025-01-17 22:29:00,0.1195,0.1195,0.1194,0.1194,10226.0
2025-01-17 22:30:00,0.1193,0.1194,0.1193,0.1193,2632.0
2025-01-17 22:31:00,0.1194,0.1194,0.1193,0.1193,8471.0
2025-01-17 22:32:00,0.1192,0.1192,0.1191,0.1192,7724.0
2025-01-17 22:33:00,0.1193,0.1193,0.1193,0.1193,185.0
2025-01-17 22:34:00,0.1193,0.1193,0.1193,0.1193,0.0
2025-01-17 22:35:00,0.1194,0.1194,0.1193,0.1193,4084.0
2025-01-17 22:36:00,0.1193,0.1194,0.1193,0.1193,348.0
2025-01-17 22:37:00,0.1193,0.1193,0.1193,0.1193,16586.0
2025-01-17 22:38:00,0.1194,0.1194,0.1194,0.1194,1500.0
2025-01-17 22:39:00,0.1194,0.1194,0.1194,0.1194,1901.0
2025-01-17 22:40:00,0.1194,0.1195,0.1193,0.1195,10689.0
2025-01-17 22:41:00,0.1194,0.1194,0.1193,0.1193,1498.0
2025-01-17 22:42:00,0.1194,0.1194,0.1193,0.1193,2404.0
2025-01-17 22:43:00,0.1194,0.1194,0.1193,0.1193,6057.0
2025-01-17 22:44:00,0.1193,0.1193,0.1193,0.1193,0.0
2025-01-17 22:45:00,0.1192,0.1192,0.1192,0.1192,3711.0
2025-01-17 22:46:00,0.1191,0.1191,0.1191,0.1191,58.0
2025-01-17 22:47:00,0.1192,0.1192,0.1192,0.1192,107.0
2025-01-17 22:48:00,0.1192,0.1192,0.1192,0.1192,100171.0
2025-01-17 22:49:00,0.1191,0.1191,0.1191,0.1191,4376.0
2025-01-17 22:50:00,0.1191,0.1193,0.1191,0.1193,167.0
2025-01-17 22:51:00,0.1193,0.1194,0.1191,0.1194,1392.0
2025-01-17 22:52:00,0.1194,0.1194,0.1194,0.1194,1563.0
2025-01-17 22:53:00,0.1195,0.1195,0.1195,0.1195,92.0
2025-01-17 22:54:00,0.1195,0.1196,0.1194,0.1195,14822.0
2025-01-17 22:55:00,0.1196,0.1196,0.1195,0.1195,4305.0
2025-01-17 22:56:00,0.1196,0.1199,0.1195,0.1198,85309.0
2025-01-17 22:57:00,0.1197,0.1197,0.1197,0.1197,280.0
2025-01-17 22:58:00,0.1197,0.12,0.1197,0.1199,100187.0
2025-01-17 22:59:00,0.12,0.1244,0.12,0.1235,3452356.0
2025-01-17 23:00:00,0.1235,0.1242,0.1211,0.1221,1818005.0
2025-01-17 23:01:00,0.1222,0.1222,0.1202,0.1202,558874.0
2025-01-17 23:02:00,0.1203,0.1203,0.1189,0.1191,243746.0
2025-01-17 23:03:00,0.119,0.1197,0.119,0.1193,516633.0
2025-01-17 23:04:00,0.1192,0.1194,0.1191,0.1192,106141.0
2025-01-17 23:05:00,0.1193,0.1195,0.1193,0.1194,44661.0
2025-01-17 23:06:00,0.1194,0.1194,0.1169,0.1178,1168714.0
2025-01-17 23:07:00,0.118,0.119,0.118,0.1183,508335.0
2025-01-17 23:08:00,0.1184,0.1185,0.118,0.1182,170948.0
2025-01-17 23:09:00,0.1183,0.1183,0.118,0.1181,100527.0
2025-01-17 23:10:00,0.118,0.118,0.1172,0.1174,448975.0
2025-01-17 23:11:00,0.1173,0.1177,0.1173,0.1177,83704.0
2025-01-17 23:12:00,0.1177,0.1181,0.1176,0.1179,171306.0
2025-01-17 23:13:00,0.1181,0.1182,0.118,0.118,22078.0
2025-01-17 23:14:00,0.1181,0.1182,0.1181,0.1181,8609.0
2025-01-17 23:15:00,0.118,0.1182,0.118,0.118,23234.0
2025-01-17 23:16:00,0.1181,0.1182,0.118,0.1181,17285.0
2025-01-17 23:17:00,0.118,0.1182,0.1179,0.1182,24409.0
2025-01-17 23:18:00,0.1181,0.1182,0.118,0.118,8082.0
2025-01-17 23:19:00,0.1181,0.1181,0.1179,0.1179,21367.0
2025-01-17 23:20:00,0.118,0.118,0.1179,0.118,28234.0
2025-01-17 23:21:00,0.1182,0.1182,0.1182,0.1182,20681.0
2025-01-17 23:22:00,0.1182,0.1182,0.1181,0.1181,4964.0
2025-01-17 23:23:00,0.1182,0.1186,0.1182,0.1186,258342.0
2025-01-17 23:24:00,0.1185,0.1186,0.1184,0.1185,42510.0
2025-01-17 23:25:00,0.1185,0.1186,0.1185,0.1186,322.0
2025-01-17 23:26:00,0.1184,0.1186,0.1184,0.1185,902.0
2025-01-17 23:27:00,0.1185,0.1185,0.1185,0.1185,180.0
2025-01-17 23:28:00,0.1185,0.1185,0.1185,0.1185,95.0
2025-01-17 23:29:00,0.1185,0.1185,0.1184,0.1184,1350.0
2025-01-17 23:30:00,0.1185,0.1185,0.1184,0.1184,983.0
2025-01-17 23:31:00,0.1184,0.1184,0.1183,0.1183,35909.0
2025-01-17 23:32:00,0.1182,0.1182,0.1182,0.1182,40955.0
2025-01-17 23:33:00,0.1181,0.1181,0.1181,0.1181,53532.0
2025-01-17 23:34:00,0.1182,0.1182,0.1182,0.1182,1075.0
2025-01-17 23:35:00,0.1182,0.1185,0.1182,0.1184,16927.0
2025-01-17 23:36:00,0.1184,0.1184,0.1184,0.1184,683.0
2025-01-17 23:37:00,0.1184,0.1185,0.1183,0.1185,12223.0
2025-01-17 23:38:00,0.1184,0.1186,0.1184,0.1186,31298.0
2025-01-17 23:39:00,0.1186,0.1187,0.1186,0.1187,1949.0
2025-01-17 23:40:00,0.1187,0.1187,0.1186,0.1187,1203.0
2025-01-17 23:41:00,0.1186,0.1186,0.1185,0.1186,376.0
2025-01-17 23:42:00,0.1187,0.1188,0.1187,0.1187,3565.0
2025-01-17 23:43:00,0.1186,0.1187,0.1186,0.1187,12844.0
2025-01-17 23:44:00,0.1187,0.1187,0.1186,0.1186,789.0
2025-01-17 23:45:00,0.1185,0.1185,0.1185,0.1185,3232.0
2025-01-17 23:46:00,0.1185,0.1185,0.1184,0.1184,4743.0
2025-01-17 23:47:00,0.1184,0.1185,0.1183,0.1183,7918.0
2025-01-17 23:48:00,0.1183,0.1183,0.1182,0.1182,30392.0
2025-01-17 23:49:00,0.1182,0.1182,0.1181,0.1181,20639.0
2025-01-17 23:50:00,0.1181,0.1181,0.1181,0.1181,184.0
2025-01-17 23:51:00,0.118,0.118,0.1179,0.1179,1535.0
2025-01-17 23:52:00,0.118,0.118,0.1177,0.1177,34968.0
2025-01-17 23:53:00,0.1177,0.1178,0.1177,0.1178,36344.0
2025-01-17 23:54:00,0.1178,0.1178,0.1177,0.1177,8377.0
2025-01-17 23:55:00,0.1178,0.1178,0.1177,0.1177,3828.0
2025-01-17 23:56:00,0.1176,0.1176,0.1172,0.1176,216513.0
2025-01-17 23:57:00,0.1176,0.1177,0.1176,0.1177,10058.0
2025-01-17 23:58:00,0.1178,0.1178,0.1177,0.1178,14749.0
2025-01-17 23:59:00,0.1177,0.1178,0.1177,0.1178,16449.0
2025-01-18 00:00:00,0.1178,0.118,0.1178,0.1179,33630.0
2025-01-18 00:01:00,0.118,0.118,0.1179,0.1179,5544.0
2025-01-18 00:02:00,0.118,0.1181,0.118,0.118,2341.0
2025-01-18 00:03:00,0.1181,0.1181,0.1179,0.118,12198.0
2025-01-18 00:04:00,0.118,0.1183,0.118,0.1183,54972.0
2025-01-18 00:05:00,0.1182,0.1184,0.1182,0.1184,58704.0
2025-01-18 00:06:00,0.1185,0.1185,0.1181,0.1181,54807.0
2025-01-18 00:07:00,0.1181,0.1182,0.1179,0.1182,16571.0
2025-01-18 00:08:00,0.1182,0.1184,0.1182,0.1182,39428.0
2025-01-18 00:09:00,0.1182,0.1185,0.1182,0.1183,61870.0
2025-01-18 00:10:00,0.1184,0.1185,0.1182,0.1183,11540.0
2025-01-18 00:11:00,0.1183,0.1183,0.1181,0.1181,26095.0
2025-01-18 00:12:00,0.1182,0.1183,0.1182,0.1183,8046.0
2025-01-18 00:13:00,0.1183,0.1184,0.1183,0.1183,6563.0
2025-01-18 00:14:00,0.1184,0.1184,0.1181,0.1182,5747.0
2025-01-18 00:15:00,0.1182,0.1183,0.1182,0.1182,5863.0
2025-01-18 00:16:00,0.1183,0.1184,0.1183,0.1184,12601.0
2025-01-18 00:17:00,0.1185,0.1185,0.1182,0.1183,19165.0
2025-01-18 00:18:00,0.1183,0.1183,0.1183,0.1183,11937.0
2025-01-18 00:19:00,0.1183,0.1184,0.1183,0.1183,2480.0
2025-01-18 00:20:00,0.1184,0.1184,0.1183,0.1183,970.0
2025-01-18 00:21:00,0.1184,0.1186,0.1184,0.1185,27853.0
2025-01-18 00:22:00,0.1184,0.1184,0.1182,0.1182,2870.0
2025-01-18 00:23:00,0.1183,0.1184,0.1183,0.1184,5373.0
2025-01-18 00:24:00,0.1184,0.1184,0.1183,0.1183,3571.0
2025-01-18 00:25:00,0.1184,0.1186,0.1184,0.1185,15244.0
2025-01-18 00:26:00,0.1186,0.1187,0.1186,0.1187,4143.0
2025-01-18 00:27:00,0.1187,0.1187,0.1185,0.1186,29858.0
2025-01-18 00:28:00,0.1187,0.1189,0.1187,0.1187,25306.0
2025-01-18 00:29:00,0.1187,0.1188,0.1186,0.1186,8735.0
2025-01-18 00:30:00,0.1187,0.1187,0.1185,0.1185,35880.0
2025-01-18 00:31:00,0.1185,0.1185,0.1184,0.1184,55784.0
2025-01-18 00:32:00,0.1184,0.1184,0.1184,0.1184,113.0
2025-01-18 00:33:00,0.1185,0.1185,0.1185,0.1185,8217.0
2025-01-18 00:34:00,0.1185,0.1185,0.1184,0.1184,370.0
2025-01-18 00:35:00,0.1185,0.1185,0.1184,0.1184,6946.0
2025-01-18 00:36:00,0.1184,0.1185,0.1184,0.1184,3621.0
2025-01-18 00:37:00,0.1183,0.1183,0.1183,0.1183,4168.0
2025-01-18 00:38:00,0.1184,0.1184,0.1184,0.1184,1769.0
2025-01-18 00:39:00,0.1185,0.1187,0.1185,0.1187,13482.0
2025-01-18 00:40:00,0.1188,0.1188,0.1187,0.1187,6960.0
2025-01-18 00:41:00,0.1187,0.1187,0.1186,0.1186,4310.0
2025-01-18 00:42:00,0.1186,0.1186,0.1186,0.1186,290.0
2025-01-18 00:43:00,0.1186,0.1186,0.1185,0.1185,6621.0
2025-01-18 00:44:00,0.1185,0.1186,0.1185,0.1186,4854.0
2025-01-18 00:45:00,0.1187,0.1187,0.1186,0.1186,2048.0
2025-01-18 00:46:00,0.1185,0.1185,0.1185,0.1185,114.0
2025-01-18 00:47:00,0.1185,0.1186,0.1185,0.1186,3173.0
2025-01-18 00:48:00,0.1186,0.1186,0.1185,0.1185,27245.0
2025-01-18 00:49:00,0.1186,0.1186,0.1185,0.1185,10817.0
2025-01-18 00:50:00,0.1185,0.1185,0.1184,0.1185,617.0
2025-01-18 00:51:00,0.1186,0.1186,0.1186,0.1186,17486.0
2025-01-18 00:52:00,0.1186,0.1187,0.1186,0.1187,461.0
2025-01-18 00:53:00,0.1187,0.1187,0.1187,0.1187,335.0
2025-01-18 00:54:00,0.1188,0.1191,0.1188,0.1191,50490.0
2025-01-18 00:55:00,0.1191,0.1192,0.1191,0.1191,15496.0
2025-01-18 00:56:00,0.1191,0.1192,0.1191,0.1192,22893.0
2025-01-18 00:57:00,0.1192,0.1193,0.1191,0.1191,6462.0
2025-01-18 00:58:00,0.1191,0.1192,0.1191,0.1192,990.0
2025-01-18 00:59:00,0.1192,0.1194,0.1192,0.1194,4161.0
2025-01-18 01:00:00,0.1194,0.1194,0.1193,0.1193,1335.0
2025-01-18 01:01:00,0.1193,0.1195,0.1193,0.1194,8294.0
2025-01-18 01:02:00,0.1195,0.1196,0.1195,0.1195,11811.0
2025-01-18 01:03:00,0.1196,0.1196,0.1193,0.1193,24573.0
2025-01-18 01:04:00,0.1192,0.1192,0.1191,0.1191,12079.0
2025-01-18 01:05:00,0.119,0.1191,0.119,0.1191,1784.0
2025-01-18 01:06:00,0.119,0.119,0.1187,0.1187,8363.0
2025-01-18 01:07:00,0.1187,0.1188,0.1187,0.1187,7872.0
2025-01-18 01:08:00,0.1186,0.1186,0.1185,0.1185,17880.0
2025-01-18 01:09:00,0.1185,0.1185,0.1184,0.1184,9141.0
2025-01-18 01:10:00,0.1184,0.1185,0.1184,0.1185,10611.0
2025-01-18 01:11:00,0.1187,0.1187,0.1186,0.1186,1508.0
2025-01-18 01:12:00,0.1186,0.1186,0.1186,0.1186,0.0
2025-01-18 01:13:00,0.1186,0.1186,0.1186,0.1186,3060.0
2025-01-18 01:14:00,0.1186,0.1186,0.1185,0.1185,2975.0
2025-01-18 01:15:00,0.1184,0.1185,0.1182,0.1185,10314.0
2025-01-18 01:16:00,0.1184,0.1185,0.1184,0.1185,20000.0
2025-01-18 01:17:00,0.1184,0.1184,0.1184,0.1184,2200.0
2025-01-18 01:18:00,0.1185,0.1185,0.1185,0.1185,4136.0
2025-01-18 01:19:00,0.1183,0.1184,0.1183,0.1184,13635.0
2025-01-18 01:20:00,0.1184,0.1184,0.1183,0.1183,2162.0
2025-01-18 01:21:00,0.1183,0.1183,0.1183,0.1183,1435.0
2025-01-18 01:22:00,0.1182,0.1182,0.1181,0.1182,5916.0
2025-01-18 01:23:00,0.1182,0.1182,0.1182,0.1182,0.0
2025-01-18 01:24:00,0.1183,0.1183,0.1183,0.1183,1267.0
2025-01-18 01:25:00,0.1185,0.1185,0.1184,0.1184,18412.0
2025-01-18 01:26:00,0.1184,0.1184,0.1184,0.1184,0.0
2025-01-18 01:27:00,0.1184,0.1184,0.1184,0.1184,0.0
2025-01-18 01:28:00,0.1184,0.1184,0.1184,0.1184,1647.0
2025-01-18 01:29:00,0.1183,0.1183,0.1182,0.1182,3622.0
2025-01-18 01:30:00,0.1181,0.1181,0.1181,0.1181,2745.0
2025-01-18 01:31:00,0.118,0.118,0.118,0.118,2713.0
2025-01-18 01:32:00,0.118,0.118,0.118,0.118,600.0
2025-01-18 01:33:00,0.1179,0.118,0.1179,0.118,15457.0
2025-01-18 01:34:00,0.118,0.118,0.118,0.118,0.0
2025-01-18 01:35:00,0.1179,0.1179,0.1177,0.1177,7949.0
2025-01-18 01:36:00,0.1177,0.1178,0.1177,0.1178,4471.0
2025-01-18 01:37:00,0.1179,0.1179,0.1179,0.1179,156.0
2025-01-18 01:38:00,0.1179,0.1179,0.1179,0.1179,0.0
2025-01-18 01:39:00,0.1178,0.1178,0.1178,0.1178,8800.0
2025-01-18 01:40:00,0.1179,0.1179,0.1178,0.1178,209.0
2025-01-18 01:41:00,0.1178,0.1178,0.1178,0.1178,127.0
2025-01-18 01:42:00,0.118,0.118,0.118,0.118,2172.0
2025-01-18 01:43:00,0.118,0.1181,0.118,0.1181,4288.0
2025-01-18 01:44:00,0.1181,0.1181,0.1181,0.1181,0.0
2025-01-18 01:45:00,0.1179,0.1179,0.1179,0.1179,3188.0
2025-01-18 01:46:00,0.118,0.118,0.1179,0.1179,493.0
2025-01-18 01:47:00,0.118,0.1181,0.118,0.1181,8637.0
2025-01-18 01:48:00,0.1182,0.1182,0.1181,0.1181,18291.0
2025-01-18 01:49:00,0.1181,0.1181,0.118,0.118,1878.0
2025-01-18 01:50:00,0.1181,0.1182,0.1181,0.1181,14143.0
2025-01-18 01:51:00,0.1181,0.1183,0.1181,0.1183,208.0
2025-01-18 01:52:00,0.1182,0.1182,0.1182,0.1182,177.0
2025-01-18 01:53:00,0.1183,0.1185,0.1183,0.1185,47425.0
2025-01-18 01:54:00,0.1184,0.1184,0.1182,0.1182,50639.0
2025-01-18 01:55:00,0.1183,0.1183,0.1183,0.1183,1616.0
2025-01-18 01:56:00,0.1184,0.1184,0.1184,0.1184,1777.0
2025-01-18 01:57:00,0.1183,0.1183,0.1181,0.1181,14497.0
2025-01-18 01:58:00,0.1182,0.1183,0.1179,0.118,61063.0
2025-01-18 01:59:00,0.118,0.118,0.118,0.118,0.0
2025-01-18 02:00:00,0.118,0.118,0.118,0.118,0.0
2025-01-18 02:01:00,0.1182,0.1182,0.1182,0.1182,1223.0
2025-01-18 02:02:00,0.1183,0.1183,0.1183,0.1183,524.0
2025-01-18 02:03:00,0.1183,0.1184,0.1183,0.1184,21144.0
2025-01-18 02:04:00,0.1184,0.1184,0.1184,0.1184,89.0
2025-01-18 02:05:00,0.1183,0.1183,0.1182,0.1182,2002.0
2025-01-18 02:06:00,0.1182,0.1182,0.1182,0.1182,0.0
2025-01-18 02:07:00,0.1181,0.1181,0.1181,0.1181,4136.0
2025-01-18 02:08:00,0.1181,0.1181,0.1181,0.1181,14470.0
2025-01-18 02:09:00,0.1182,0.1182,0.1182,0.1182,5117.0
2025-01-18 02:10:00,0.1182,0.1182,0.1181,0.1181,8956.0
2025-01-18 02:11:00,0.118,0.1181,0.118,0.1181,6773.0
2025-01-18 02:12:00,0.1181,0.1181,0.1181,0.1181,17820.0
2025-01-18 02:13:00,0.1181,0.1181,0.1181,0.1181,0.0
2025-01-18 02:14:00,0.1181,0.1181,0.1181,0.1181,0.0
2025-01-18 02:15:00,0.1182,0.1183,0.1182,0.1183,9134.0
2025-01-18 02:16:00,0.1182,0.1182,0.1182,0.1182,242.0
2025-01-18 02:17:00,0.1182,0.1182,0.1182,0.1182,0.0
2025-01-18 02:18:00,0.1182,0.1182,0.1182,0.1182,0.0
2025-01-18 02:19:00,0.1183,0.1183,0.1182,0.1182,4120.0
2025-01-18 02:20:00,0.118,0.118,0.118,0.118,1271.0
2025-01-18 02:21:00,0.118,0.118,0.118,0.118,898.0
2025-01-18 02:22:00,0.118,0.118,0.118,0.118,0.0
2025-01-18 02:23:00,0.118,0.118,0.118,0.118,0.0
2025-01-18 02:24:00,0.118,0.1182,0.118,0.1182,1898.0
2025-01-18 02:25:00,0.1181,0.1181,0.1181,0.1181,1455.0
2025-01-18 02:26:00,0.1181,0.1181,0.1181,0.1181,0.0
2025-01-18 02:27:00,0.1181,0.1181,0.1181,0.1181,0.0
2025-01-18 02:28:00,0.118,0.118,0.118,0.118,89.0
2025-01-18 02:29:00,0.118,0.118,0.118,0.118,0.0
2025-01-18 02:30:00,0.1179,0.1179,0.1176,0.1176,8000.0
2025-01-18 02:31:00,0.1176,0.1176,0.1176,0.1176,0.0
2025-01-18 02:32:00,0.1177,0.1177,0.1177,0.1177,848.0
2025-01-18 02:33:00,0.1178,0.1178,0.1177,0.1177,1554.0
2025-01-18 02:34:00,0.1176,0.1176,0.1176,0.1176,7034.0
2025-01-18 02:35:00,0.1177,0.1177,0.1177,0.1177,1877.0
2025-01-18 02:36:00,0.1178,0.1178,0.1178,0.1178,4123.0
2025-01-18 02:37:00,0.1178,0.1178,0.1178,0.1178,739.0
2025-01-18 02:38:00,0.1178,0.1178,0.1178,0.1178,5490.0
2025-01-18 02:39:00,0.1176,0.1176,0.1176,0.1176,6227.0
2025-01-18 02:40:00,0.1176,0.1176,0.1176,0.1176,2745.0
2025-01-18 02:41:00,0.1176,0.1176,0.1176,0.1176,8346.0
2025-01-18 02:42:00,0.1176,0.1176,0.1176,0.1176,5490.0
2025-01-18 02:43:00,0.1176,0.1176,0.1176,0.1176,0.0
2025-01-18 02:44:00,0.1177,0.1177,0.1177,0.1177,1715.0
2025-01-18 02:45:00,0.1179,0.1181,0.1179,0.118,30631.0
2025-01-18 02:46:00,0.118,0.118,0.118,0.118,3104.0
2025-01-18 02:47:00,0.118,0.1181,0.118,0.1181,12434.0
2025-01-18 02:48:00,0.1181,0.1181,0.1181,0.1181,1224.0
2025-01-18 02:49:00,0.118,0.118,0.118,0.118,379.0
2025-01-18 02:50:00,0.1181,0.1181,0.118,0.118,1842.0
2025-01-18 02:51:00,0.118,0.118,0.1179,0.118,22494.0
2025-01-18 02:52:00,0.1179,0.1179,0.1178,0.1178,10120.0
2025-01-18 02:53:00,0.1177,0.1177,0.1177,0.1177,1274.0
2025-01-18 02:54:00,0.1176,0.1177,0.1176,0.1177,10499.0
2025-01-18 02:55:00,0.1176,0.1177,0.1175,0.1176,20799.0
2025-01-18 02:56:00,0.1174,0.1174,0.1174,0.1174,1221.0
2025-01-18 02:57:00,0.1174,0.1174,0.1173,0.1174,5194.0
2025-01-18 02:58:00,0.1173,0.1174,0.1173,0.1174,1650.0
2025-01-18 02:59:00,0.1174,0.1174,0.1174,0.1174,644.0
2025-01-18 03:00:00,0.1176,0.1177,0.1176,0.1176,8734.0
2025-01-18 03:01:00,0.1176,0.1177,0.1175,0.1175,9885.0
2025-01-18 03:02:00,0.1176,0.1177,0.1175,0.1175,15400.0
2025-01-18 03:03:00,0.1174,0.1174,0.1172,0.1172,1652.0
2025-01-18 03:04:00,0.1171,0.1171,0.1169,0.1171,37972.0
2025-01-18 03:05:00,0.117,0.1171,0.117,0.1171,444.0
2025-01-18 03:06:00,0.117,0.1171,0.117,0.1171,17225.0
2025-01-18 03:07:00,0.1171,0.1173,0.1171,0.1173,10245.0
2025-01-18 03:08:00,0.1174,0.1174,0.1174,0.1174,6452.0
2025-01-18 03:09:00,0.1173,0.1176,0.1173,0.1176,12741.0
2025-01-18 03:10:00,0.1176,0.1176,0.1175,0.1175,1672.0
2025-01-18 03:11:00,0.1175,0.1175,0.1175,0.1175,0.0
2025-01-18 03:12:00,0.1174,0.1175,0.1174,0.1175,43599.0
2025-01-18 03:13:00,0.1173,0.1173,0.1173,0.1173,2370.0
2025-01-18 03:14:00,0.1173,0.1173,0.1173,0.1173,74.0
2025-01-18 03:15:00,0.1173,0.1173,0.1173,0.1173,1518.0
2025-01-18 03:16:00,0.1173,0.1173,0.1173,0.1173,1518.0
2025-01-18 03:17:00,0.1172,0.1172,0.1172,0.1172,213.0
2025-01-18 03:18:00,0.1172,0.1172,0.1172,0.1172,52.0
2025-01-18 03:19:00,0.1172,0.1172,0.1171,0.1172,7434.0
2025-01-18 03:20:00,0.117,0.1171,0.117,0.1171,39105.0
2025-01-18 03:21:00,0.117,0.1171,0.1167,0.1169,35851.0
2025-01-18 03:22:00,0.1167,0.1169,0.1167,0.1169,7092.0
2025-01-18 03:23:00,0.1167,0.1168,0.1167,0.1168,677.0
2025-01-18 03:24:00,0.1169,0.1169,0.1169,0.1169,4277.0
2025-01-18 03:25:00,0.1167,0.1167,0.1167,0.1167,2856.0
2025-01-18 03:26:00,0.1167,0.1167,0.1166,0.1166,17161.0
2025-01-18 03:27:00,0.1165,0.1165,0.1164,0.1165,10501.0
2025-01-18 03:28:00,0.1164,0.1166,0.1164,0.1166,17232.0
2025-01-18 03:29:00,0.1168,0.1168,0.1167,0.1167,11356.0
2025-01-18 03:30:00,0.1166,0.1166,0.1166,0.1166,59.0
2025-01-18 03:31:00,0.1167,0.1167,0.1166,0.1166,201.0
2025-01-18 03:32:00,0.1165,0.1165,0.1165,0.1165,71.0
2025-01-18 03:33:00,0.1167,0.1167,0.1167,0.1167,968.0
2025-01-18 03:34:00,0.1166,0.1166,0.1165,0.1165,1182.0
2025-01-18 03:35:00,0.1163,0.1163,0.1162,0.1162,7639.0
2025-01-18 03:36:00,0.1162,0.1162,0.1161,0.1162,3688.0
2025-01-18 03:37:00,0.116,0.116,0.1156,0.1157,30333.0
2025-01-18 03:38:00,0.1157,0.1159,0.1157,0.1157,6738.0
2025-01-18 03:39:00,0.1158,0.1158,0.1158,0.1158,718.0
2025-01-18 03:40:00,0.1157,0.1157,0.1154,0.1154,28842.0
2025-01-18 03:41:00,0.1154,0.1154,0.1152,0.1153,7759.0
2025-01-18 03:42:00,0.1152,0.1152,0.1151,0.1151,22290.0
2025-01-18 03:43:00,0.1151,0.1151,0.1149,0.1149,12201.0
2025-01-18 03:44:00,0.1149,0.1157,0.1148,0.1154,106190.0
2025-01-18 03:45:00,0.1154,0.1158,0.1153,0.1158,8248.0
2025-01-18 03:46:00,0.1157,0.1157,0.1156,0.1157,74581.0
2025-01-18 03:47:00,0.1157,0.1157,0.1155,0.1155,20411.0
2025-01-18 03:48:00,0.1157,0.1157,0.1154,0.1154,38348.0
2025-01-18 03:49:00,0.1154,0.1154,0.1154,0.1154,7042.0
2025-01-18 03:50:00,0.1151,0.1151,0.1148,0.1149,48468.0
2025-01-18 03:51:00,0.1149,0.1149,0.1147,0.1148,8555.0
2025-01-18 03:52:00,0.1146,0.1146,0.1145,0.1145,6243.0
2025-01-18 03:53:00,0.1145,0.1146,0.1145,0.1145,6489.0
2025-01-18 03:54:00,0.1147,0.1151,0.1147,0.115,21092.0
2025-01-18 03:55:00,0.115,0.1151,0.115,0.1151,4494.0
2025-01-18 03:56:00,0.115,0.115,0.1149,0.1149,597.0
2025-01-18 03:57:00,0.1149,0.1152,0.1149,0.115,30033.0
2025-01-18 03:58:00,0.1151,0.1151,0.1151,0.1151,4354.0
2025-01-18 03:59:00,0.115,0.1151,0.1148,0.115,34221.0
2025-01-18 04:00:00,0.1147,0.1148,0.1147,0.1148,10338.0
2025-01-18 04:01:00,0.1148,0.115,0.1148,0.115,5834.0
2025-01-18 04:02:00,0.115,0.115,0.115,0.115,6731.0
2025-01-18 04:03:00,0.1149,0.1149,0.1148,0.1148,1663.0
2025-01-18 04:04:00,0.115,0.1151,0.115,0.1151,2171.0
2025-01-18 04:05:00,0.115,0.1151,0.1149,0.1151,13997.0
2025-01-18 04:06:00,0.1152,0.1154,0.1152,0.1154,1940.0
2025-01-18 04:07:00,0.1154,0.1154,0.1152,0.1152,415.0
2025-01-18 04:08:00,0.1152,0.1154,0.1152,0.1154,2996.0
2025-01-18 04:09:00,0.1151,0.1151,0.1149,0.1151,3908.0
2025-01-18 04:10:00,0.1149,0.1149,0.1149,0.1149,1116.0
2025-01-18 04:11:00,0.1148,0.1149,0.1146,0.1146,23623.0
2025-01-18 04:12:00,0.1146,0.1148,0.1145,0.1147,145845.0
2025-01-18 04:13:00,0.1147,0.1147,0.1146,0.1146,4456.0
2025-01-18 04:14:00,0.1146,0.1146,0.1145,0.1145,1238.0
2025-01-18 04:15:00,0.1144,0.1144,0.1141,0.1142,58084.0
2025-01-18 04:16:00,0.1142,0.1143,0.114,0.1141,98774.0
2025-01-18 04:17:00,0.114,0.1142,0.1139,0.1139,30671.0
2025-01-18 04:18:00,0.1139,0.1139,0.1137,0.1137,32805.0
2025-01-18 04:19:00,0.1136,0.1137,0.1136,0.1136,9117.0
2025-01-18 04:20:00,0.1136,0.1138,0.1135,0.1137,84844.0
2025-01-18 04:21:00,0.1137,0.1139,0.1137,0.1138,110120.0
2025-01-18 04:22:00,0.114,0.114,0.1136,0.1136,20169.0
2025-01-18 04:23:00,0.1135,0.1135,0.1134,0.1135,13438.0
2025-01-18 04:24:00,0.1134,0.1134,0.1134,0.1134,14845.0
2025-01-18 04:25:00,0.1134,0.1134,0.1131,0.1131,26696.0
2025-01-18 04:26:00,0.1131,0.1131,0.113,0.1131,18239.0
2025-01-18 04:27:00,0.1132,0.1134,0.1132,0.1132,67114.0
2025-01-18 04:28:00,0.1134,0.1138,0.1134,0.1138,54751.0
2025-01-18 04:29:00,0.1138,0.1139,0.1138,0.1138,4247.0
2025-01-18 04:30:00,0.1137,0.1139,0.1137,0.1139,13864.0
2025-01-18 04:31:00,0.1139,0.1141,0.1138,0.1141,9134.0
2025-01-18 04:32:00,0.1142,0.1144,0.1142,0.1144,4265.0
2025-01-18 04:33:00,0.1143,0.1143,0.1143,0.1143,5365.0
2025-01-18 04:34:00,0.1143,0.1143,0.1143,0.1143,0.0
2025-01-18 04:35:00,0.1144,0.1145,0.1144,0.1145,5443.0
2025-01-18 04:36:00,0.1146,0.1148,0.1146,0.1147,21311.0
2025-01-18 04:37:00,0.1146,0.1146,0.1146,0.1146,7171.0
2025-01-18 04:38:00,0.1146,0.1147,0.1146,0.1146,6997.0
2025-01-18 04:39:00,0.1147,0.1147,0.1147,0.1147,9844.0
2025-01-18 04:40:00,0.1147,0.1148,0.1146,0.1146,18950.0
2025-01-18 04:41:00,0.1146,0.1146,0.1146,0.1146,0.0
2025-01-18 04:42:00,0.1146,0.1146,0.1146,0.1146,3068.0
2025-01-18 04:43:00,0.1146,0.1146,0.1144,0.1144,6328.0
2025-01-18 04:44:00,0.1144,0.1144,0.1144,0.1144,65.0
2025-01-18 04:45:00,0.1143,0.1143,0.1142,0.1142,8783.0
2025-01-18 04:46:00,0.1142,0.1142,0.1139,0.1139,9805.0
2025-01-18 04:47:00,0.1139,0.1139,0.1139,0.1139,0.0
2025-01-18 04:48:00,0.1137,0.1138,0.1137,0.1138,3641.0
2025-01-18 04:49:00,0.1136,0.1136,0.1136,0.1136,2276.0
2025-01-18 04:50:00,0.1136,0.1136,0.1135,0.1135,9150.0
2025-01-18 04:51:00,0.1134,0.1139,0.1134,0.1139,13412.0
2025-01-18 04:52:00,0.1139,0.1139,0.1139,0.1139,7089.0
2025-01-18 04:53:00,0.1139,0.1139,0.1138,0.1139,41414.0
2025-01-18 04:54:00,0.1138,0.1138,0.1137,0.1138,14560.0
2025-01-18 04:55:00,0.1139,0.1139,0.1138,0.1138,8659.0
2025-01-18 04:56:00,0.1138,0.114,0.1138,0.114,8202.0
2025-01-18 04:57:00,0.114,0.114,0.114,0.114,17974.0
2025-01-18 04:58:00,0.114,0.114,0.114,0.114,0.0
2025-01-18 04:59:00,0.114,0.114,0.114,0.114,0.0
2025-01-18 05:00:00,0.1142,0.1142,0.1142,0.1142,6770.0
2025-01-18 05:01:00,0.1143,0.1143,0.1142,0.1142,14236.0
2025-01-18 05:02:00,0.1142,0.1142,0.1142,0.1142,8954.0
2025-01-18 05:03:00,0.1143,0.1143,0.1143,0.1143,8282.0
2025-01-18 05:04:00,0.1143,0.1145,0.1143,0.1145,4837.0
2025-01-18 05:05:00,0.1145,0.1146,0.1144,0.1144,10068.0
2025-01-18 05:06:00,0.1143,0.1143,0.1142,0.1142,5816.0
2025-01-18 05:07:00,0.1142,0.1142,0.1142,0.1142,1431.0
2025-01-18 05:08:00,0.1142,0.1142,0.114,0.114,19719.0
2025-01-18 05:09:00,0.1139,0.1139,0.1138,0.1138,20903.0
2025-01-18 05:10:00,0.1138,0.1138,0.1136,0.1136,18659.0
2025-01-18 05:11:00,0.1135,0.1135,0.1133,0.1133,17954.0
2025-01-18 05:12:00,0.1132,0.1132,0.1131,0.1131,6337.0
2025-01-18 05:13:00,0.1131,0.1131,0.1129,0.1131,30559.0
2025-01-18 05:14:00,0.1131,0.1133,0.1131,0.1131,68077.0
2025-01-18 05:15:00,0.1131,0.1131,0.113,0.113,2099.0
2025-01-18 05:16:00,0.113,0.113,0.113,0.113,4354.0
2025-01-18 05:17:00,0.1131,0.1133,0.1131,0.1132,19484.0
2025-01-18 05:18:00,0.1133,0.1135,0.1133,0.1135,8962.0
2025-01-18 05:19:00,0.1135,0.1135,0.1134,0.1134,25305.0
2025-01-18 05:20:00,0.1135,0.1135,0.1135,0.1135,255.0
2025-01-18 05:21:00,0.1136,0.1136,0.1136,0.1136,184.0
2025-01-18 05:22:00,0.1136,0.1136,0.1136,0.1136,163.0
2025-01-18 05:23:00,0.1134,0.1134,0.1134,0.1134,11767.0
2025-01-18 05:24:00,0.1135,0.1135,0.1134,0.1134,6370.0
2025-01-18 05:25:00,0.1134,0.1134,0.1133,0.1134,3229.0
2025-01-18 05:26:00,0.1133,0.1133,0.1133,0.1133,13777.0
2025-01-18 05:27:00,0.113,0.113,0.1128,0.1128,12121.0
2025-01-18 05:28:00,0.1129,0.113,0.1129,0.113,2847.0
2025-01-18 05:29:00,0.113,0.1131,0.113,0.1131,5528.0
2025-01-18 05:30:00,0.1129,0.1129,0.1128,0.1129,2731.0
2025-01-18 05:31:00,0.1128,0.1128,0.1125,0.1125,10995.0
2025-01-18 05:32:00,0.1125,0.1129,0.1125,0.1129,18768.0
2025-01-18 05:33:00,0.113,0.1131,0.113,0.113,15478.0
2025-01-18 05:34:00,0.113,0.113,0.113,0.113,1500.0
2025-01-18 05:35:00,0.1128,0.1128,0.1127,0.1127,2258.0
2025-01-18 05:36:00,0.1125,0.1125,0.1125,0.1125,16073.0
2025-01-18 05:37:00,0.1124,0.1127,0.1124,0.1126,21250.0
2025-01-18 05:38:00,0.1125,0.1126,0.1124,0.1126,8069.0
2025-01-18 05:39:00,0.1126,0.1126,0.1126,0.1126,0.0
2025-01-18 05:40:00,0.1125,0.1126,0.1125,0.1125,31276.0
2025-01-18 05:41:00,0.1125,0.1126,0.1123,0.1123,37179.0
2025-01-18 05:42:00,0.1123,0.1124,0.1123,0.1124,14289.0
2025-01-18 05:43:00,0.1124,0.1124,0.1124,0.1124,0.0
2025-01-18 05:44:00,0.1126,0.1126,0.1124,0.1124,3808.0
2025-01-18 05:45:00,0.1124,0.1125,0.1124,0.1125,20298.0
2025-01-18 05:46:00,0.1123,0.1123,0.1122,0.1122,6808.0
2025-01-18 05:47:00,0.1122,0.1126,0.1122,0.1124,30303.0
2025-01-18 05:48:00,0.1124,0.1124,0.1123,0.1123,825.0
2025-01-18 05:49:00,0.1122,0.1122,0.112,0.112,17832.0
2025-01-18 05:50:00,0.1119,0.112,0.1118,0.1118,27185.0
2025-01-18 05:51:00,0.1119,0.1121,0.1118,0.1118,41753.0
2025-01-18 05:52:00,0.1119,0.112,0.1119,0.1119,4545.0
2025-01-18 05:53:00,0.1117,0.1117,0.1116,0.1116,1806.0
2025-01-18 05:54:00,0.1116,0.1116,0.1113,0.1113,6476.0
2025-01-18 05:55:00,0.1114,0.1114,0.1107,0.1109,289617.0
2025-01-18 05:56:00,0.1109,0.1117,0.1107,0.1113,134730.0
2025-01-18 05:57:00,0.1113,0.1114,0.111,0.111,52941.0
2025-01-18 05:58:00,0.1109,0.1111,0.1109,0.1111,21762.0
2025-01-18 05:59:00,0.111,0.111,0.1107,0.1107,39406.0
2025-01-18 06:00:00,0.1106,0.1118,0.1106,0.1117,59509.0
2025-01-18 06:01:00,0.1116,0.1118,0.1116,0.1116,30455.0
2025-01-18 06:02:00,0.1119,0.1119,0.1116,0.1116,16263.0
2025-01-18 06:03:00,0.1116,0.1117,0.1116,0.1116,3960.0
2025-01-18 06:04:00,0.1116,0.1118,0.1116,0.1118,1993.0
2025-01-18 06:05:00,0.1118,0.1119,0.1116,0.1118,24744.0
2025-01-18 06:06:00,0.112,0.112,0.1119,0.1119,1320.0
2025-01-18 06:07:00,0.1117,0.1117,0.1116,0.1117,13131.0
2025-01-18 06:08:00,0.1119,0.1119,0.1119,0.1119,2168.0
2025-01-18 06:09:00,0.112,0.1121,0.112,0.112,14665.0
2025-01-18 06:10:00,0.112,0.112,0.1119,0.1119,10156.0
2025-01-18 06:11:00,0.1118,0.1118,0.1116,0.1116,13127.0
2025-01-18 06:12:00,0.1116,0.1117,0.1116,0.1116,6031.0
2025-01-18 06:13:00,0.1116,0.1117,0.1116,0.1117,10303.0
2025-01-18 06:14:00,0.1117,0.1117,0.1117,0.1117,0.0
2025-01-18 06:15:00,0.1118,0.1119,0.1117,0.1119,30145.0
2025-01-18 06:16:00,0.1119,0.1121,0.1119,0.112,7950.0
2025-01-18 06:17:00,0.1121,0.1123,0.1121,0.1123,14706.0
2025-01-18 06:18:00,0.1123,0.1123,0.1123,0.1123,125.0
2025-01-18 06:19:00,0.1122,0.1122,0.1122,0.1122,78.0
2025-01-18 06:20:00,0.1123,0.1123,0.1121,0.1121,8228.0
2025-01-18 06:21:00,0.1121,0.1121,0.112,0.112,2225.0
2025-01-18 06:22:00,0.1119,0.1119,0.1116,0.1116,4827.0
2025-01-18 06:23:00,0.1117,0.1118,0.1116,0.1118,3104.0
2025-01-18 06:24:00,0.1118,0.1118,0.1118,0.1118,0.0
2025-01-18 06:25:00,0.1117,0.1117,0.1117,0.1117,268.0
2025-01-18 06:26:00,0.1117,0.1118,0.1117,0.1118,9824.0
2025-01-18 06:27:00,0.1118,0.1118,0.1118,0.1118,1500.0
2025-01-18 06:28:00,0.112,0.112,0.112,0.112,7197.0
2025-01-18 06:29:00,0.1122,0.1122,0.1122,0.1122,4117.0
2025-01-18 06:30:00,0.1122,0.1122,0.112,0.112,27501.0
2025-01-18 06:31:00,0.112,0.1121,0.112,0.1121,4858.0
2025-01-18 06:32:00,0.1121,0.1121,0.112,0.1121,3956.0
2025-01-18 06:33:00,0.1121,0.1122,0.1121,0.1122,12639.0
2025-01-18 06:34:00,0.1121,0.1121,0.1121,0.1121,9644.0
2025-01-18 06:35:00,0.112,0.1121,0.112,0.1121,15063.0
2025-01-18 06:36:00,0.1124,0.1127,0.1124,0.1127,63449.0
2025-01-18 06:37:00,0.1127,0.1127,0.1126,0.1126,16050.0
2025-01-18 06:38:00,0.1126,0.1126,0.1125,0.1125,906.0
2025-01-18 06:39:00,0.1125,0.1127,0.1125,0.1127,12063.0
2025-01-18 06:40:00,0.1126,0.1126,0.1125,0.1125,4432.0
2025-01-18 06:41:00,0.1125,0.1125,0.1125,0.1125,1113.0
2025-01-18 06:42:00,0.1126,0.1126,0.1125,0.1125,215.0
2025-01-18 06:43:00,0.1125,0.1125,0.1125,0.1125,0.0
2025-01-18 06:44:00,0.1125,0.1125,0.1125,0.1125,0.0
2025-01-18 06:45:00,0.1125,0.1125,0.1125,0.1125,597.0
2025-01-18 06:46:00,0.1126,0.1127,0.1126,0.1127,2476.0
2025-01-18 06:47:00,0.1127,0.1127,0.1127,0.1127,44.0
2025-01-18 06:48:00,0.1128,0.1129,0.1128,0.1129,469.0
2025-01-18 06:49:00,0.1129,0.113,0.1129,0.113,6590.0
2025-01-18 06:50:00,0.1129,0.1129,0.1128,0.1128,6753.0
2025-01-18 06:51:00,0.1128,0.1128,0.1126,0.1128,974.0
2025-01-18 06:52:00,0.1126,0.1126,0.1126,0.1126,765.0
2025-01-18 06:53:00,0.1126,0.1126,0.1126,0.1126,0.0
2025-01-18 06:54:00,0.1128,0.1128,0.1127,0.1127,530.0
2025-01-18 06:55:00,0.1126,0.1126,0.1125,0.1125,4815.0
2025-01-18 06:56:00,0.1125,0.1125,0.1125,0.1125,0.0
2025-01-18 06:57:00,0.1123,0.1124,0.1123,0.1124,9063.0
2025-01-18 06:58:00,0.1124,0.1124,0.1124,0.1124,0.0
2025-01-18 06:59:00,0.1124,0.1124,0.1124,0.1124,0.0
2025-01-18 07:00:00,0.1123,0.1123,0.1123,0.1123,2041.0
2025-01-18 07:01:00,0.1123,0.1123,0.1123,0.1123,332.0
2025-01-18 07:02:00,0.1122,0.1122,0.112,0.112,2212.0
2025-01-18 07:03:00,0.1119,0.112,0.1118,0.1118,4376.0
2025-01-18 07:04:00,0.1118,0.1118,0.1116,0.1117,14469.0
2025-01-18 07:05:00,0.1118,0.1118,0.1117,0.1117,3964.0
2025-01-18 07:06:00,0.1117,0.1117,0.1115,0.1115,11719.0
2025-01-18 07:07:00,0.1116,0.1116,0.1116,0.1116,90.0
2025-01-18 07:08:00,0.1116,0.1116,0.1116,0.1116,0.0
2025-01-18 07:09:00,0.1114,0.1114,0.1113,0.1113,2759.0
2025-01-18 07:10:00,0.1112,0.1114,0.1112,0.1114,8757.0
2025-01-18 07:11:00,0.1112,0.1112,0.1112,0.1112,81.0
2025-01-18 07:12:00,0.1112,0.1113,0.1112,0.1112,2405.0
2025-01-18 07:13:00,0.1111,0.1111,0.1109,0.1109,5687.0
2025-01-18 07:14:00,0.111,0.111,0.111,0.111,4354.0
2025-01-18 07:15:00,0.1112,0.1112,0.1112,0.1112,928.0
2025-01-18 07:16:00,0.1111,0.1112,0.1111,0.1112,5147.0
2025-01-18 07:17:00,0.1112,0.1113,0.1112,0.1113,18038.0
2025-01-18 07:18:00,0.1113,0.1114,0.1112,0.1113,23929.0
2025-01-18 07:19:00,0.1113,0.1114,0.1113,0.1114,1042.0
2025-01-18 07:20:00,0.1112,0.1116,0.1112,0.1116,4000.0
2025-01-18 07:21:00,0.1115,0.1115,0.1115,0.1115,10285.0
2025-01-18 07:22:00,0.1115,0.1115,0.1115,0.1115,0.0
2025-01-18 07:23:00,0.1115,0.1115,0.1115,0.1115,91.0
2025-01-18 07:24:00,0.1115,0.1115,0.1115,0.1115,2422.0
2025-01-18 07:25:00,0.1116,0.1117,0.1116,0.1117,8868.0
2025-01-18 07:26:00,0.1116,0.1117,0.1116,0.1117,12172.0
2025-01-18 07:27:00,0.1117,0.1117,0.1115,0.1115,12160.0
2025-01-18 07:28:00,0.1114,0.1114,0.1114,0.1114,8203.0
2025-01-18 07:29:00,0.1115,0.1115,0.1115,0.1115,90.0
2025-01-18 07:30:00,0.1115,0.1115,0.1115,0.1115,0.0
2025-01-18 07:31:00,0.1114,0.1114,0.1113,0.1113,20374.0
2025-01-18 07:32:00,0.1113,0.1114,0.1113,0.1113,6032.0
2025-01-18 07:33:00,0.1112,0.1112,0.1111,0.1111,14264.0
2025-01-18 07:34:00,0.1111,0.1113,0.1111,0.1113,8734.0
2025-01-18 07:35:00,0.1114,0.1114,0.1113,0.1113,3364.0
2025-01-18 07:36:00,0.1115,0.1115,0.1114,0.1114,16881.0
2025-01-18 07:37:00,0.1114,0.1114,0.1114,0.1114,0.0
2025-01-18 07:38:00,0.1113,0.1115,0.1113,0.1115,6443.0
2025-01-18 07:39:00,0.1115,0.1115,0.1115,0.1115,11081.0
2025-01-18 07:40:00,0.1115,0.1115,0.1115,0.1115,0.0
2025-01-18 07:41:00,0.1116,0.1116,0.1116,0.1116,1000.0
2025-01-18 07:42:00,0.1116,0.1116,0.1116,0.1116,0.0
2025-01-18 07:43:00,0.1114,0.1114,0.1113,0.1113,175.0
2025-01-18 07:44:00,0.1113,0.1113,0.1113,0.1113,0.0
2025-01-18 07:45:00,0.1112,0.1113,0.1112,0.1113,3989.0
2025-01-18 07:46:00,0.1112,0.1112,0.1111,0.1112,1939.0
2025-01-18 07:47:00,0.1112,0.1112,0.1112,0.1112,5200.0
2025-01-18 07:48:00,0.1111,0.1111,0.1109,0.1109,33633.0
2025-01-18 07:49:00,0.1108,0.1109,0.1108,0.1108,7037.0
2025-01-18 07:50:00,0.1108,0.1108,0.1107,0.1107,3644.0
2025-01-18 07:51:00,0.1109,0.1109,0.1107,0.1108,3228.0
2025-01-18 07:52:00,0.1108,0.1108,0.1106,0.1106,5690.0
2025-01-18 07:53:00,0.1108,0.1108,0.1108,0.1108,190.0
2025-01-18 07:54:00,0.1109,0.1111,0.1108,0.1111,9247.0
2025-01-18 07:55:00,0.1111,0.1112,0.1111,0.1112,6455.0
2025-01-18 07:56:00,0.1111,0.1111,0.111,0.111,14896.0
2025-01-18 07:57:00,0.1109,0.1109,0.1109,0.1109,121.0
2025-01-18 07:58:00,0.1109,0.1109,0.1109,0.1109,1773.0
2025-01-18 07:59:00,0.1109,0.1109,0.1108,0.1108,4761.0
2025-01-18 08:00:00,0.1108,0.1108,0.1108,0.1108,0.0
2025-01-18 08:01:00,0.1105,0.1105,0.1104,0.1104,1909.0
2025-01-18 08:02:00,0.1103,0.1104,0.1103,0.1104,9850.0
2025-01-18 08:03:00,0.1104,0.1104,0.1102,0.1102,29944.0
2025-01-18 08:04:00,0.1103,0.1103,0.1101,0.1101,725.0
2025-01-18 08:05:00,0.1101,0.1103,0.1101,0.1101,15042.0
2025-01-18 08:06:00,0.1102,0.1102,0.1101,0.1101,31876.0
2025-01-18 08:07:00,0.11,0.1101,0.1098,0.1098,17556.0
2025-01-18 08:08:00,0.1098,0.1099,0.1096,0.1096,8705.0
2025-01-18 08:09:00,0.1097,0.1101,0.1097,0.1101,26294.0
2025-01-18 08:10:00,0.1099,0.11,0.1097,0.1097,26734.0
2025-01-18 08:11:00,0.11,0.1107,0.11,0.1106,22638.0
2025-01-18 08:12:00,0.1107,0.1107,0.1105,0.1105,25848.0
2025-01-18 08:13:00,0.1106,0.1106,0.1106,0.1106,122.0
2025-01-18 08:14:00,0.1104,0.1104,0.1104,0.1104,1500.0
2025-01-18 08:15:00,0.1107,0.1108,0.1107,0.1108,4498.0
2025-01-18 08:16:00,0.1107,0.1109,0.1105,0.1109,20963.0
2025-01-18 08:17:00,0.111,0.111,0.1108,0.1108,7345.0
2025-01-18 08:18:00,0.1105,0.1105,0.1103,0.1103,5746.0
2025-01-18 08:19:00,0.1103,0.1103,0.1102,0.1102,19498.0
2025-01-18 08:20:00,0.11,0.1101,0.1099,0.1099,5783.0
2025-01-18 08:21:00,0.1101,0.1101,0.1098,0.1099,12416.0
2025-01-18 08:22:00,0.1098,0.1099,0.1097,0.1098,4131.0
2025-01-18 08:23:00,0.1097,0.1098,0.1096,0.1096,9700.0
2025-01-18 08:24:00,0.1097,0.11,0.1097,0.1099,20750.0
2025-01-18 08:25:00,0.11,0.1103,0.11,0.1103,8312.0
2025-01-18 08:26:00,0.1104,0.1104,0.1102,0.1104,10303.0
2025-01-18 08:27:00,0.1104,0.1105,0.1104,0.1105,12192.0
2025-01-18 08:28:00,0.1105,0.1105,0.1104,0.1104,12104.0
2025-01-18 08:29:00,0.1104,0.1104,0.1104,0.1104,0.0
2025-01-18 08:30:00,0.1107,0.1109,0.1107,0.1109,21447.0
2025-01-18 08:31:00,0.1109,0.1109,0.1109,0.1109,4429.0
2025-01-18 08:32:00,0.1109,0.1109,0.1109,0.1109,2441.0
2025-01-18 08:33:00,0.1107,0.111,0.1107,0.111,2135.0
2025-01-18 08:34:00,0.1111,0.1111,0.1109,0.1109,9486.0
2025-01-18 08:35:00,0.1109,0.1111,0.1109,0.1111,7535.0
2025-01-18 08:36:00,0.111,0.111,0.111,0.111,584.0
2025-01-18 08:37:00,0.111,0.111,0.111,0.111,4946.0
2025-01-18 08:38:00,0.1112,0.1113,0.1112,0.1112,19201.0
2025-01-18 08:39:00,0.1111,0.1111,0.1111,0.1111,1629.0
2025-01-18 08:40:00,0.1111,0.1112,0.1111,0.1112,3048.0
2025-01-18 08:41:00,0.1111,0.1111,0.1111,0.1111,522.0
2025-01-18 08:42:00,0.1111,0.1111,0.1111,0.1111,3996.0
2025-01-18 08:43:00,0.1112,0.1113,0.1112,0.1113,11142.0
2025-01-18 08:44:00,0.1112,0.1112,0.1109,0.111,155140.0
2025-01-18 08:45:00,0.111,0.111,0.1109,0.111,50747.0
2025-01-18 08:46:00,0.1109,0.1109,0.1109,0.1109,47353.0
2025-01-18 08:47:00,0.1109,0.1109,0.1109,0.1109,2617.0
2025-01-18 08:48:00,0.111,0.1111,0.111,0.1111,13226.0
2025-01-18 08:49:00,0.1111,0.1112,0.1111,0.1111,2093.0
2025-01-18 08:50:00,0.1111,0.1111,0.1109,0.1109,3138.0
2025-01-18 08:51:00,0.1109,0.1109,0.1109,0.1109,688.0
2025-01-18 08:52:00,0.111,0.1111,0.111,0.1111,372.0
2025-01-18 08:53:00,0.1111,0.1111,0.111,0.1111,10060.0
2025-01-18 08:54:00,0.1111,0.1111,0.1111,0.1111,4208.0
2025-01-18 08:55:00,0.1111,0.1112,0.111,0.1111,16977.0
2025-01-18 08:56:00,0.1111,0.1113,0.1111,0.1113,9872.0
2025-01-18 08:57:00,0.1112,0.1112,0.1111,0.1112,31411.0
2025-01-18 08:58:00,0.1111,0.1111,0.1111,0.1111,1588.0
2025-01-18 08:59:00,0.111,0.111,0.111,0.111,4354.0
2025-01-18 09:00:00,0.1108,0.1108,0.1108,0.1108,1218.0
2025-01-18 09:01:00,0.111,0.111,0.1108,0.1109,9666.0
2025-01-18 09:02:00,0.111,0.1111,0.111,0.1111,4475.0
2025-01-18 09:03:00,0.1112,0.1112,0.1112,0.1112,5656.0
2025-01-18 09:04:00,0.1112,0.1112,0.1112,0.1112,0.0
2025-01-18 09:05:00,0.1111,0.1112,0.1111,0.1112,1612.0
2025-01-18 09:06:00,0.1112,0.1112,0.1112,0.1112,0.0
2025-01-18 09:07:00,0.1109,0.1109,0.1109,0.1109,2298.0
2025-01-18 09:08:00,0.1109,0.1109,0.1108,0.1108,2734.0
2025-01-18 09:09:00,0.1108,0.1108,0.1107,0.1107,2509.0
2025-01-18 09:10:00,0.1107,0.1107,0.1107,0.1107,9523.0
2025-01-18 09:11:00,0.1107,0.1107,0.1107,0.1107,0.0
2025-01-18 09:12:00,0.1108,0.1108,0.1107,0.1107,1025.0
2025-01-18 09:13:00,0.1107,0.1107,0.1107,0.1107,249.0
2025-01-18 09:14:00,0.1107,0.1107,0.1107,0.1107,0.0
2025-01-18 09:15:00,0.1107,0.1107,0.1107,0.1107,0.0
2025-01-18 09:16:00,0.1108,0.1109,0.1108,0.1108,15698.0
2025-01-18 09:17:00,0.1108,0.1108,0.1108,0.1108,1569.0
2025-01-18 09:18:00,0.1109,0.1109,0.1108,0.1108,16977.0
2025-01-18 09:19:00,0.111,0.111,0.111,0.111,109.0
2025-01-18 09:20:00,0.1111,0.1111,0.111,0.111,338.0
2025-01-18 09:21:00,0.111,0.111,0.1108,0.1108,4390.0
2025-01-18 09:22:00,0.1107,0.1107,0.1107,0.1107,119.0
2025-01-18 09:23:00,0.1106,0.1106,0.1104,0.1105,8238.0
2025-01-18 09:24:00,0.1104,0.1104,0.1104,0.1104,6939.0
2025-01-18 09:25:00,0.1104,0.1105,0.1104,0.1104,20592.0
2025-01-18 09:26:00,0.1105,0.1106,0.1105,0.1106,29445.0
2025-01-18 09:27:00,0.1106,0.1106,0.1106,0.1106,984.0
2025-01-18 09:28:00,0.1105,0.1105,0.1105,0.1105,7450.0
2025-01-18 09:29:00,0.1104,0.1105,0.1104,0.1105,18435.0
2025-01-18 09:30:00,0.1104,0.1104,0.1103,0.1104,14967.0
2025-01-18 09:31:00,0.1104,0.1105,0.1104,0.1104,57215.0
2025-01-18 09:32:00,0.1103,0.1103,0.1101,0.1101,26076.0
2025-01-18 09:33:00,0.1101,0.1102,0.1099,0.1102,8348.0
2025-01-18 09:34:00,0.1101,0.1101,0.11,0.11,4476.0
2025-01-18 09:35:00,0.11,0.11,0.11,0.11,46.0
2025-01-18 09:36:00,0.11,0.11,0.11,0.11,0.0
2025-01-18 09:37:00,0.11,0.1101,0.11,0.1101,7998.0
2025-01-18 09:38:00,0.1101,0.1101,0.1101,0.1101,0.0
2025-01-18 09:39:00,0.1097,0.1097,0.1097,0.1097,2564.0
2025-01-18 09:40:00,0.1097,0.1097,0.1097,0.1097,4544.0
2025-01-18 09:41:00,0.1097,0.1099,0.1097,0.1099,7099.0
2025-01-18 09:42:00,0.1098,0.1098,0.1097,0.1097,4045.0
2025-01-18 09:43:00,0.1097,0.1097,0.1097,0.1097,1649.0
2025-01-18 09:44:00,0.1098,0.11,0.1098,0.1098,26557.0
2025-01-18 09:45:00,0.1099,0.1101,0.1098,0.1098,153159.0
2025-01-18 09:46:00,0.1098,0.1098,0.1098,0.1098,26561.0
2025-01-18 09:47:00,0.1098,0.1101,0.1098,0.1101,92930.0
2025-01-18 09:48:00,0.1099,0.1099,0.1099,0.1099,1364.0
2025-01-18 09:49:00,0.1099,0.11,0.1099,0.11,116735.0
2025-01-18 09:50:00,0.1101,0.1101,0.1101,0.1101,87.0
2025-01-18 09:51:00,0.1101,0.1102,0.1101,0.1102,2069.0
2025-01-18 09:52:00,0.1103,0.1105,0.1103,0.1105,3647.0
2025-01-18 09:53:00,0.1104,0.1105,0.1104,0.1105,1500.0
2025-01-18 09:54:00,0.1105,0.1105,0.1105,0.1105,0.0
2025-01-18 09:55:00,0.1105,0.1105,0.1105,0.1105,104.0
2025-01-18 09:56:00,0.1104,0.1104,0.1104,0.1104,19528.0
2025-01-18 09:57:00,0.1104,0.1104,0.1104,0.1104,0.0
2025-01-18 09:58:00,0.1104,0.1104,0.1104,0.1104,0.0
2025-01-18 09:59:00,0.1104,0.1104,0.1104,0.1104,0.0
2025-01-18 10:00:00,0.1104,0.1104,0.1102,0.1103,13933.0
2025-01-18 10:01:00,0.1103,0.1103,0.1102,0.1102,5294.0
2025-01-18 10:02:00,0.1102,0.1103,0.1102,0.1103,23546.0
2025-01-18 10:03:00,0.1105,0.1105,0.1105,0.1105,1460.0
2025-01-18 10:04:00,0.1106,0.1106,0.1106,0.1106,5733.0
2025-01-18 10:05:00,0.1106,0.1106,0.1105,0.1105,19221.0
2025-01-18 10:06:00,0.1104,0.1104,0.1104,0.1104,269.0
2025-01-18 10:07:00,0.1104,0.1106,0.1104,0.1106,2246.0
2025-01-18 10:08:00,0.1105,0.1106,0.1105,0.1106,6296.0
2025-01-18 10:09:00,0.1105,0.1105,0.1105,0.1105,9632.0
2025-01-18 10:10:00,0.1103,0.1103,0.1103,0.1103,2294.0
2025-01-18 10:11:00,0.1102,0.1102,0.11,0.11,21698.0
2025-01-18 10:12:00,0.11,0.1101,0.11,0.1101,8622.0
2025-01-18 10:13:00,0.1101,0.1101,0.1098,0.1098,16836.0
2025-01-18 10:14:00,0.1098,0.1099,0.1098,0.1099,19215.0
2025-01-18 10:15:00,0.1099,0.11,0.1099,0.11,7103.0
2025-01-18 10:16:00,0.1102,0.1102,0.1101,0.1102,6605.0
2025-01-18 10:17:00,0.1102,0.1104,0.1102,0.1103,6906.0
2025-01-18 10:18:00,0.1103,0.1103,0.1103,0.1103,0.0
2025-01-18 10:19:00,0.1101,0.1101,0.11,0.11,5003.0
2025-01-18 10:20:00,0.1099,0.1099,0.1099,0.1099,725.0
2025-01-18 10:21:00,0.1098,0.1099,0.1098,0.1099,9698.0
2025-01-18 10:22:00,0.1097,0.1097,0.1097,0.1097,4557.0
2025-01-18 10:23:00,0.1097,0.1097,0.1097,0.1097,909.0
2025-01-18 10:24:00,0.1099,0.1099,0.1099,0.1099,5171.0
2025-01-18 10:25:00,0.1099,0.1102,0.1099,0.1102,26001.0
2025-01-18 10:26:00,0.1103,0.1103,0.1103,0.1103,82.0
2025-01-18 10:27:00,0.1103,0.1103,0.1103,0.1103,0.0
2025-01-18 10:28:00,0.11,0.11,0.11,0.11,95.0
2025-01-18 10:29:00,0.1099,0.1099,0.1099,0.1099,2745.0
2025-01-18 10:30:00,0.1099,0.1099,0.1098,0.1098,15424.0
2025-01-18 10:31:00,0.1098,0.1098,0.1097,0.1097,1312.0
2025-01-18 10:32:00,0.1099,0.1099,0.1098,0.1099,372.0
2025-01-18 10:33:00,0.1098,0.1098,0.1096,0.1096,6524.0
2025-01-18 10:34:00,0.1096,0.1098,0.1096,0.1098,1887.0
2025-01-18 10:35:00,0.1099,0.1099,0.1099,0.1099,3877.0
2025-01-18 10:36:00,0.1098,0.1098,0.1097,0.1097,3301.0
2025-01-18 10:37:00,0.1097,0.1097,0.1097,0.1097,0.0
2025-01-18 10:38:00,0.1096,0.1096,0.1095,0.1095,7895.0
2025-01-18 10:39:00,0.1095,0.1095,0.1092,0.1093,18455.0
2025-01-18 10:40:00,0.1092,0.1092,0.1092,0.1092,1210.0
2025-01-18 10:41:00,0.1092,0.1092,0.1092,0.1092,805.0
2025-01-18 10:42:00,0.1094,0.1095,0.1094,0.1095,14278.0
2025-01-18 10:43:00,0.1095,0.1095,0.1095,0.1095,5737.0
2025-01-18 10:44:00,0.1095,0.1095,0.1092,0.1092,68948.0
2025-01-18 10:45:00,0.1092,0.1092,0.1087,0.1088,138986.0
2025-01-18 10:46:00,0.1088,0.1088,0.1085,0.1087,43483.0
2025-01-18 10:47:00,0.1087,0.1088,0.1087,0.1087,7275.0
2025-01-18 10:48:00,0.1087,0.1091,0.1087,0.1091,46800.0
2025-01-18 10:49:00,0.1091,0.1094,0.1091,0.1094,26720.0
2025-01-18 10:50:00,0.1095,0.1097,0.1095,0.1097,16399.0
2025-01-18 10:51:00,0.1097,0.1099,0.1097,0.1098,23285.0
2025-01-18 10:52:00,0.1097,0.1097,0.1097,0.1097,7318.0
2025-01-18 10:53:00,0.1097,0.1098,0.1097,0.1097,4109.0
2025-01-18 10:54:00,0.1098,0.1101,0.1098,0.11,4943.0
2025-01-18 10:55:00,0.1101,0.1102,0.11,0.1101,7774.0
2025-01-18 10:56:00,0.1099,0.1099,0.1099,0.1099,1688.0
2025-01-18 10:57:00,0.1101,0.1101,0.1101,0.1101,5712.0
2025-01-18 10:58:00,0.1101,0.1101,0.1101,0.1101,104.0
2025-01-18 10:59:00,0.1101,0.1101,0.11,0.11,3962.0
2025-01-18 11:00:00,0.11,0.11,0.11,0.11,0.0
2025-01-18 11:01:00,0.1097,0.1097,0.1097,0.1097,387.0
2025-01-18 11:02:00,0.1097,0.1098,0.1097,0.1097,1131.0
2025-01-18 11:03:00,0.1097,0.1097,0.1097,0.1097,0.0
2025-01-18 11:04:00,0.1095,0.1098,0.1095,0.1098,275.0
2025-01-18 11:05:00,0.1095,0.1095,0.1093,0.1095,19770.0
2025-01-18 11:06:00,0.1095,0.1095,0.1093,0.1093,11548.0
2025-01-18 11:07:00,0.1091,0.1091,0.1091,0.1091,9206.0
2025-01-18 11:08:00,0.1092,0.1092,0.109,0.1091,140145.0
2025-01-18 11:09:00,0.109,0.1094,0.109,0.1094,11603.0
2025-01-18 11:10:00,0.1093,0.1093,0.1091,0.1091,9489.0
2025-01-18 11:11:00,0.1091,0.1093,0.1091,0.1093,3940.0
2025-01-18 11:12:00,0.1092,0.1093,0.1092,0.1093,5531.0
2025-01-18 11:13:00,0.1094,0.1095,0.1094,0.1095,1425.0
2025-01-18 11:14:00,0.1094,0.1094,0.1093,0.1093,11626.0
2025-01-18 11:15:00,0.1095,0.1095,0.1092,0.1094,53926.0
2025-01-18 11:16:00,0.1094,0.1094,0.1093,0.1094,6086.0
2025-01-18 11:17:00,0.1094,0.1096,0.1094,0.1096,8975.0
2025-01-18 11:18:00,0.1097,0.1097,0.1094,0.1094,20678.0
2025-01-18 11:19:00,0.1094,0.1095,0.1094,0.1095,6103.0
2025-01-18 11:20:00,0.1095,0.1095,0.1095,0.1095,2807.0
2025-01-18 11:21:00,0.1095,0.1097,0.1095,0.1097,3420.0
2025-01-18 11:22:00,0.1097,0.1097,0.1097,0.1097,0.0
2025-01-18 11:23:00,0.1096,0.1097,0.1096,0.1097,2186.0
2025-01-18 11:24:00,0.1098,0.1099,0.1098,0.1099,3961.0
2025-01-18 11:25:00,0.1099,0.1101,0.1099,0.1101,8691.0
2025-01-18 11:26:00,0.1101,0.1101,0.11,0.11,33911.0
2025-01-18 11:27:00,0.11,0.11,0.1099,0.1099,4795.0
2025-01-18 11:28:00,0.11,0.11,0.11,0.11,3251.0
2025-01-18 11:29:00,0.1101,0.1101,0.1101,0.1101,1701.0
2025-01-18 11:30:00,0.1101,0.1101,0.1098,0.1098,4421.0
2025-01-18 11:31:00,0.1099,0.1099,0.1099,0.1099,53.0
2025-01-18 11:32:00,0.1099,0.1099,0.1099,0.1099,2333.0
2025-01-18 11:33:00,0.1099,0.11,0.1099,0.11,5560.0
2025-01-18 11:34:00,0.11,0.11,0.11,0.11,4175.0
2025-01-18 11:35:00,0.11,0.1101,0.1099,0.1099,14643.0
2025-01-18 11:36:00,0.1099,0.1099,0.1099,0.1099,6680.0
2025-01-18 11:37:00,0.1101,0.1102,0.1101,0.1102,9484.0
2025-01-18 11:38:00,0.1103,0.1104,0.1103,0.1104,3013.0
2025-01-18 11:39:00,0.1104,0.1104,0.1104,0.1104,3940.0
2025-01-18 11:40:00,0.1103,0.1103,0.1103,0.1103,1677.0
2025-01-18 11:41:00,0.1104,0.1106,0.1104,0.1106,13584.0
2025-01-18 11:42:00,0.1107,0.1108,0.1107,0.1108,21877.0
2025-01-18 11:43:00,0.1108,0.1109,0.1108,0.1109,61897.0
2025-01-18 11:44:00,0.111,0.111,0.111,0.111,26905.0
2025-01-18 11:45:00,0.111,0.1112,0.111,0.1112,47646.0
2025-01-18 11:46:00,0.1111,0.1112,0.1111,0.1112,8142.0
2025-01-18 11:47:00,0.1112,0.1112,0.1112,0.1112,6458.0
2025-01-18 11:48:00,0.1112,0.1112,0.1112,0.1112,224.0
2025-01-18 11:49:00,0.1111,0.1111,0.111,0.111,6141.0
2025-01-18 11:50:00,0.1109,0.1109,0.1108,0.1108,16085.0
2025-01-18 11:51:00,0.1108,0.1108,0.1108,0.1108,10003.0
2025-01-18 11:52:00,0.1108,0.1108,0.1108,0.1108,6373.0
2025-01-18 11:53:00,0.1108,0.1108,0.1108,0.1108,2933.0
2025-01-18 11:54:00,0.1109,0.1109,0.1109,0.1109,3999.0
2025-01-18 11:55:00,0.111,0.111,0.111,0.111,4300.0
2025-01-18 11:56:00,0.1112,0.1112,0.1112,0.1112,1500.0
2025-01-18 11:57:00,0.1112,0.1112,0.1112,0.1112,0.0
2025-01-18 11:58:00,0.1112,0.1113,0.1111,0.1111,917.0
2025-01-18 11:59:00,0.1111,0.1111,0.1111,0.1111,4859.0
2025-01-18 12:00:00,0.111,0.1111,0.111,0.111,18364.0
2025-01-18 12:01:00,0.1109,0.1109,0.1109,0.1109,11654.0
2025-01-18 12:02:00,0.111,0.111,0.1109,0.111,4247.0
2025-01-18 12:03:00,0.111,0.111,0.111,0.111,3966.0
2025-01-18 12:04:00,0.1111,0.1113,0.1111,0.1113,16979.0
2025-01-18 12:05:00,0.1113,0.1115,0.1113,0.1115,27516.0
2025-01-18 12:06:00,0.1115,0.1115,0.1114,0.1115,25865.0
2025-01-18 12:07:00,0.1115,0.1115,0.1114,0.1114,989.0
2025-01-18 12:08:00,0.1114,0.1114,0.1114,0.1114,4899.0
2025-01-18 12:09:00,0.1114,0.1114,0.1114,0.1114,8223.0
2025-01-18 12:10:00,0.1115,0.1115,0.1115,0.1115,390.0
2025-01-18 12:11:00,0.1115,0.1115,0.1115,0.1115,491.0
2025-01-18 12:12:00,0.1114,0.1114,0.1113,0.1113,7330.0
2025-01-18 12:13:00,0.1113,0.1113,0.1113,0.1113,196.0
2025-01-18 12:14:00,0.1112,0.1112,0.1111,0.1111,20325.0
2025-01-18 12:15:00,0.1111,0.1111,0.1111,0.1111,124.0
2025-01-18 12:16:00,0.1111,0.1111,0.111,0.111,1644.0
2025-01-18 12:17:00,0.111,0.111,0.111,0.111,0.0
2025-01-18 12:18:00,0.1109,0.1109,0.1109,0.1109,2184.0
2025-01-18 12:19:00,0.1109,0.1109,0.1108,0.1108,1892.0
2025-01-18 12:20:00,0.1108,0.1108,0.1108,0.1108,0.0
2025-01-18 12:21:00,0.111,0.111,0.111,0.111,10320.0
2025-01-18 12:22:00,0.1109,0.1109,0.1109,0.1109,1352.0
2025-01-18 12:23:00,0.1109,0.1109,0.1109,0.1109,2846.0
2025-01-18 12:24:00,0.111,0.111,0.111,0.111,3551.0
2025-01-18 12:25:00,0.1109,0.1109,0.1108,0.1108,3271.0
2025-01-18 12:26:00,0.1108,0.1108,0.1107,0.1107,9736.0
2025-01-18 12:27:00,0.1107,0.1107,0.1106,0.1106,8647.0
2025-01-18 12:28:00,0.1105,0.1106,0.1105,0.1105,11684.0
2025-01-18 12:29:00,0.1105,0.1105,0.1105,0.1105,390.0
2025-01-18 12:30:00,0.1105,0.1105,0.1105,0.1105,1331.0
2025-01-18 12:31:00,0.1106,0.1107,0.1106,0.1106,6347.0
2025-01-18 12:32:00,0.1105,0.1105,0.1105,0.1105,5490.0
2025-01-18 12:33:00,0.1105,0.1105,0.1105,0.1105,0.0
2025-01-18 12:34:00,0.1103,0.1103,0.1102,0.1102,13723.0
2025-01-18 12:35:00,0.1101,0.1101,0.11,0.11,45990.0
2025-01-18 12:36:00,0.11,0.1101,0.11,0.11,705.0
2025-01-18 12:37:00,0.1101,0.1101,0.1101,0.1101,73.0
2025-01-18 12:38:00,0.11,0.11,0.1099,0.1099,137.0
2025-01-18 12:39:00,0.1099,0.1099,0.1099,0.1099,0.0
2025-01-18 12:40:00,0.1102,0.1104,0.1102,0.1103,1657.0
2025-01-18 12:41:00,0.1104,0.1104,0.1104,0.1104,5028.0
2025-01-18 12:42:00,0.1103,0.1103,0.1103,0.1103,6285.0
2025-01-18 12:43:00,0.1102,0.1102,0.1102,0.1102,78.0
2025-01-18 12:44:00,0.1104,0.1104,0.1104,0.1104,91.0
2025-01-18 12:45:00,0.1103,0.1103,0.1103,0.1103,75.0
2025-01-18 12:46:00,0.1104,0.1104,0.1104,0.1104,5564.0
2025-01-18 12:47:00,0.1102,0.1104,0.1102,0.1103,1462.0
2025-01-18 12:48:00,0.1104,0.1104,0.1103,0.1104,1492.0
2025-01-18 12:49:00,0.1104,0.1104,0.1104,0.1104,98.0
2025-01-18 12:50:00,0.1104,0.1106,0.1102,0.1106,59443.0
2025-01-18 12:51:00,0.1106,0.1106,0.1106,0.1106,511.0
2025-01-18 12:52:00,0.1106,0.1106,0.1105,0.1105,2819.0
2025-01-18 12:53:00,0.1107,0.1107,0.1106,0.1106,874.0
2025-01-18 12:54:00,0.1106,0.1106,0.1105,0.1105,13481.0
2025-01-18 12:55:00,0.1106,0.1106,0.1105,0.1105,707.0
2025-01-18 12:56:00,0.1105,0.1106,0.1105,0.1106,11352.0
2025-01-18 12:57:00,0.1106,0.1106,0.1105,0.1105,1813.0
2025-01-18 12:58:00,0.1106,0.1106,0.1106,0.1106,3469.0
2025-01-18 12:59:00,0.1106,0.1107,0.1105,0.1105,4838.0
2025-01-18 13:00:00,0.1106,0.1107,0.1106,0.1107,3288.0
2025-01-18 13:01:00,0.1106,0.1109,0.1106,0.1109,9857.0
2025-01-18 13:02:00,0.1109,0.111,0.1108,0.111,30120.0
2025-01-18 13:03:00,0.1109,0.1109,0.1108,0.1108,1434.0
2025-01-18 13:04:00,0.1108,0.1108,0.1107,0.1107,5778.0
2025-01-18 13:05:00,0.1106,0.1106,0.1104,0.1104,20328.0
2025-01-18 13:06:00,0.1103,0.1103,0.1102,0.1103,7780.0
2025-01-18 13:07:00,0.1102,0.1103,0.1102,0.1103,123.0
2025-01-18 13:08:00,0.11,0.11,0.1099,0.1099,1556.0
2025-01-18 13:09:00,0.11,0.11,0.1098,0.1098,16820.0
2025-01-18 13:10:00,0.1102,0.1102,0.1102,0.1102,124.0
2025-01-18 13:11:00,0.1103,0.1103,0.1103,0.1103,3423.0
2025-01-18 13:12:00,0.1103,0.1104,0.1103,0.1104,33324.0
2025-01-18 13:13:00,0.1104,0.1104,0.1104,0.1104,6151.0
2025-01-18 13:14:00,0.1102,0.1104,0.1102,0.1103,20192.0
2025-01-18 13:15:00,0.1103,0.1103,0.1102,0.1102,7732.0
2025-01-18 13:16:00,0.1101,0.1101,0.1101,0.1101,1816.0
2025-01-18 13:17:00,0.1101,0.1103,0.1101,0.1102,7577.0
2025-01-18 13:18:00,0.1102,0.1102,0.1102,0.1102,2246.0
2025-01-18 13:19:00,0.1103,0.1103,0.1102,0.1102,17510.0
2025-01-18 13:20:00,0.1101,0.1103,0.1101,0.1103,8745.0
2025-01-18 13:21:00,0.1104,0.1105,0.1103,0.1103,5470.0
2025-01-18 13:22:00,0.1103,0.1104,0.1103,0.1103,13365.0
2025-01-18 13:23:00,0.1103,0.1103,0.1102,0.1102,241.0
2025-01-18 13:24:00,0.1102,0.1102,0.1102,0.1102,0.0
2025-01-18 13:25:00,0.1105,0.1105,0.1104,0.1105,9916.0
2025-01-18 13:26:00,0.1105,0.1105,0.1105,0.1105,0.0
2025-01-18 13:27:00,0.1104,0.1104,0.1104,0.1104,17108.0
2025-01-18 13:28:00,0.1105,0.1105,0.1105,0.1105,66.0
2025-01-18 13:29:00,0.1105,0.1105,0.1105,0.1105,0.0
2025-01-18 13:30:00,0.1104,0.1104,0.1104,0.1104,3568.0
2025-01-18 13:31:00,0.1105,0.1107,0.1105,0.1107,4169.0
2025-01-18 13:32:00,0.1108,0.1113,0.1108,0.1111,68716.0
2025-01-18 13:33:00,0.1111,0.1111,0.1111,0.1111,4117.0
2025-01-18 13:34:00,0.1111,0.1111,0.1111,0.1111,1579.0
2025-01-18 13:35:00,0.1112,0.1113,0.1112,0.1112,11009.0
2025-01-18 13:36:00,0.1113,0.1113,0.1113,0.1113,8379.0
2025-01-18 13:37:00,0.1113,0.1113,0.1113,0.1113,943.0
2025-01-18 13:38:00,0.1113,0.1113,0.1111,0.1111,13755.0
2025-01-18 13:39:00,0.1112,0.1112,0.1111,0.1112,7417.0
2025-01-18 13:40:00,0.1112,0.1112,0.1112,0.1112,0.0
2025-01-18 13:41:00,0.1112,0.1112,0.1112,0.1112,226.0
2025-01-18 13:42:00,0.1111,0.1111,0.1111,0.1111,473.0
2025-01-18 13:43:00,0.1112,0.1112,0.1111,0.1111,1895.0
2025-01-18 13:44:00,0.1112,0.1113,0.1112,0.1113,3560.0
2025-01-18 13:45:00,0.1113,0.1114,0.1113,0.1113,1493.0
2025-01-18 13:46:00,0.1114,0.1115,0.1114,0.1115,2266.0
2025-01-18 13:47:00,0.1114,0.1114,0.1112,0.1112,417.0
2025-01-18 13:48:00,0.1112,0.1112,0.1112,0.1112,5490.0
2025-01-18 13:49:00,0.1113,0.1113,0.1113,0.1113,1389.0
2025-01-18 13:50:00,0.1112,0.1112,0.1111,0.1111,2053.0
2025-01-18 13:51:00,0.1111,0.1112,0.1111,0.1112,5123.0
2025-01-18 13:52:00,0.1111,0.1111,0.111,0.111,1938.0
2025-01-18 13:53:00,0.1109,0.111,0.1109,0.111,431.0
2025-01-18 13:54:00,0.111,0.111,0.111,0.111,1046.0
2025-01-18 13:55:00,0.111,0.111,0.111,0.111,0.0
2025-01-18 13:56:00,0.1111,0.1111,0.1111,0.1111,5555.0
2025-01-18 13:57:00,0.1111,0.1113,0.1111,0.1113,36083.0
2025-01-18 13:58:00,0.1115,0.1115,0.1114,0.1115,3759.0
2025-01-18 13:59:00,0.1116,0.1116,0.1116,0.1116,2221.0
2025-01-18 14:00:00,0.1115,0.1115,0.1115,0.1115,3295.0
2025-01-18 14:01:00,0.1115,0.1116,0.1114,0.1116,39766.0
2025-01-18 14:02:00,0.1116,0.1116,0.1114,0.1114,4179.0
2025-01-18 14:03:00,0.1114,0.1115,0.1114,0.1114,13724.0
2025-01-18 14:04:00,0.1114,0.1114,0.1114,0.1114,331.0
2025-01-18 14:05:00,0.1115,0.1116,0.1115,0.1115,5403.0
2025-01-18 14:06:00,0.1114,0.1114,0.1114,0.1114,2086.0
2025-01-18 14:07:00,0.1113,0.1113,0.1112,0.1113,7708.0
2025-01-18 14:08:00,0.1113,0.1114,0.1112,0.1112,47278.0
2025-01-18 14:09:00,0.1111,0.1112,0.1111,0.1112,54152.0
2025-01-18 14:10:00,0.1111,0.1111,0.1111,0.1111,13011.0
2025-01-18 14:11:00,0.1112,0.1112,0.1111,0.1111,2472.0
2025-01-18 14:12:00,0.1111,0.1111,0.1111,0.1111,634.0
2025-01-18 14:13:00,0.1111,0.1111,0.111,0.111,3725.0
2025-01-18 14:14:00,0.111,0.111,0.111,0.111,2124.0
2025-01-18 14:15:00,0.111,0.111,0.111,0.111,2536.0
2025-01-18 14:16:00,0.111,0.111,0.1109,0.1109,4979.0
2025-01-18 14:17:00,0.1108,0.1113,0.1108,0.1112,155893.0
2025-01-18 14:18:00,0.1112,0.1113,0.1112,0.1112,92446.0
2025-01-18 14:19:00,0.1112,0.1113,0.1111,0.1111,39286.0
2025-01-18 14:20:00,0.1112,0.1112,0.1111,0.1111,6808.0
2025-01-18 14:21:00,0.111,0.1111,0.111,0.1111,1027.0
2025-01-18 14:22:00,0.1109,0.111,0.1109,0.111,27449.0
2025-01-18 14:23:00,0.111,0.111,0.1109,0.111,37932.0
2025-01-18 14:24:00,0.111,0.111,0.111,0.111,7999.0
2025-01-18 14:25:00,0.1109,0.1109,0.1107,0.1107,3945.0
2025-01-18 14:26:00,0.1107,0.1107,0.1106,0.1106,7924.0
2025-01-18 14:27:00,0.1106,0.1106,0.1106,0.1106,187.0
2025-01-18 14:28:00,0.1106,0.1106,0.1106,0.1106,0.0
2025-01-18 14:29:00,0.1106,0.1106,0.1106,0.1106,452.0
2025-01-18 14:30:00,0.1106,0.1106,0.1106,0.1106,1832.0
2025-01-18 14:31:00,0.1107,0.1108,0.1105,0.1105,40445.0
2025-01-18 14:32:00,0.1105,0.1105,0.1105,0.1105,14548.0
2025-01-18 14:33:00,0.1104,0.1104,0.1104,0.1104,11023.0
2025-01-18 14:34:00,0.1104,0.1104,0.1101,0.1101,18361.0
2025-01-18 14:35:00,0.11,0.11,0.1098,0.1099,47405.0
2025-01-18 14:36:00,0.1099,0.11,0.1099,0.1099,15553.0
2025-01-18 14:37:00,0.1099,0.1099,0.1098,0.1099,11623.0
2025-01-18 14:38:00,0.1098,0.1098,0.1098,0.1098,984.0
2025-01-18 14:39:00,0.1096,0.1096,0.1095,0.1095,6411.0
2025-01-18 14:40:00,0.1095,0.1096,0.1094,0.1095,14476.0
2025-01-18 14:41:00,0.1096,0.1096,0.1096,0.1096,13857.0
2025-01-18 14:42:00,0.1095,0.1096,0.1094,0.1096,13950.0
2025-01-18 14:43:00,0.1096,0.1097,0.1094,0.1096,13324.0
2025-01-18 14:44:00,0.1094,0.1095,0.1094,0.1095,8500.0
2025-01-18 14:45:00,0.1095,0.1095,0.1095,0.1095,2735.0
2025-01-18 14:46:00,0.1095,0.1098,0.1095,0.1096,15771.0
2025-01-18 14:47:00,0.1098,0.1098,0.1097,0.1098,4202.0
2025-01-18 14:48:00,0.1098,0.1098,0.1098,0.1098,143.0
2025-01-18 14:49:00,0.1098,0.1099,0.1098,0.1099,4371.0
2025-01-18 14:50:00,0.1099,0.11,0.1098,0.1099,5629.0
2025-01-18 14:51:00,0.1099,0.1099,0.1097,0.1097,8155.0
2025-01-18 14:52:00,0.1097,0.1097,0.1096,0.1097,23742.0
2025-01-18 14:53:00,0.1097,0.1097,0.1097,0.1097,11200.0
2025-01-18 14:54:00,0.1097,0.1098,0.1097,0.1098,28527.0
2025-01-18 14:55:00,0.1098,0.1098,0.1098,0.1098,819.0
2025-01-18 14:56:00,0.1097,0.1097,0.1096,0.1096,8550.0
2025-01-18 14:57:00,0.1095,0.1097,0.1095,0.1097,8827.0
2025-01-18 14:58:00,0.1095,0.1097,0.1095,0.1097,1110.0
2025-01-18 14:59:00,0.1096,0.1097,0.1096,0.1096,5491.0
2025-01-18 15:00:00,0.1097,0.1097,0.1096,0.1096,8074.0
2025-01-18 15:01:00,0.1094,0.1094,0.1092,0.1092,784.0
2025-01-18 15:02:00,0.1092,0.1093,0.109,0.109,20677.0
2025-01-18 15:03:00,0.1089,0.109,0.1088,0.1088,27386.0
2025-01-18 15:04:00,0.1089,0.1089,0.1089,0.1089,2246.0
2025-01-18 15:05:00,0.1088,0.1091,0.1088,0.1091,22051.0
2025-01-18 15:06:00,0.1092,0.1092,0.1091,0.1091,11796.0
2025-01-18 15:07:00,0.1091,0.1091,0.1089,0.1089,24662.0
2025-01-18 15:08:00,0.1091,0.1092,0.1091,0.1092,22426.0
2025-01-18 15:09:00,0.1092,0.1092,0.1092,0.1092,7576.0
2025-01-18 15:10:00,0.1091,0.1093,0.109,0.1093,60776.0
2025-01-18 15:11:00,0.1093,0.1093,0.1093,0.1093,458.0
2025-01-18 15:12:00,0.1094,0.1094,0.1093,0.1093,6965.0
2025-01-18 15:13:00,0.1094,0.1095,0.1094,0.1095,8214.0
2025-01-18 15:14:00,0.1095,0.1095,0.1095,0.1095,0.0
2025-01-18 15:15:00,0.1097,0.1097,0.1096,0.1096,3524.0
2025-01-18 15:16:00,0.1097,0.1097,0.1097,0.1097,257.0
2025-01-18 15:17:00,0.1098,0.1101,0.1098,0.11,27545.0
2025-01-18 15:18:00,0.11,0.1101,0.1098,0.1098,9042.0
2025-01-18 15:19:00,0.1098,0.1102,0.1098,0.1102,8469.0
2025-01-18 15:20:00,0.1105,0.1107,0.1104,0.1106,175933.0
2025-01-18 15:21:00,0.1105,0.1106,0.1104,0.1106,24187.0
2025-01-18 15:22:00,0.1105,0.1105,0.1105,0.1105,37468.0
2025-01-18 15:23:00,0.1104,0.1105,0.1103,0.1104,72607.0
2025-01-18 15:24:00,0.1103,0.1105,0.1103,0.1105,24724.0
2025-01-18 15:25:00,0.1105,0.1106,0.1105,0.1105,64464.0
2025-01-18 15:26:00,0.1106,0.1107,0.1106,0.1107,29363.0
2025-01-18 15:27:00,0.1108,0.1108,0.1108,0.1108,9632.0
2025-01-18 15:28:00,0.1109,0.1109,0.1109,0.1109,11086.0
2025-01-18 15:29:00,0.1109,0.1109,0.1108,0.1108,9610.0
2025-01-18 15:30:00,0.1107,0.1107,0.1107,0.1107,4762.0
2025-01-18 15:31:00,0.1106,0.1106,0.1104,0.1104,8286.0
2025-01-18 15:32:00,0.1104,0.1105,0.1103,0.1105,14962.0
2025-01-18 15:33:00,0.1106,0.1108,0.1106,0.1108,1989.0
2025-01-18 15:34:00,0.1108,0.1108,0.1108,0.1108,3209.0
2025-01-18 15:35:00,0.1109,0.111,0.1109,0.111,2561.0
2025-01-18 15:36:00,0.111,0.1111,0.111,0.1111,31303.0
2025-01-18 15:37:00,0.1111,0.1111,0.1111,0.1111,1777.0
2025-01-18 15:38:00,0.1111,0.1111,0.111,0.111,14000.0
2025-01-18 15:39:00,0.1109,0.1109,0.1108,0.1108,7671.0
2025-01-18 15:40:00,0.1107,0.1107,0.1107,0.1107,991.0
2025-01-18 15:41:00,0.1105,0.1105,0.1105,0.1105,394.0
2025-01-18 15:42:00,0.1108,0.1108,0.1107,0.1107,286.0
2025-01-18 15:43:00,0.1107,0.1108,0.1107,0.1108,5590.0
2025-01-18 15:44:00,0.1107,0.1107,0.1106,0.1107,6164.0
2025-01-18 15:45:00,0.1108,0.1109,0.1105,0.1105,10960.0
2025-01-18 15:46:00,0.1106,0.1107,0.1106,0.1107,24093.0
2025-01-18 15:47:00,0.1106,0.1107,0.1105,0.1105,25490.0
2025-01-18 15:48:00,0.1103,0.1105,0.1103,0.1103,4013.0
2025-01-18 15:49:00,0.1104,0.1104,0.1102,0.1102,8676.0
2025-01-18 15:50:00,0.1102,0.1102,0.1102,0.1102,5501.0
2025-01-18 15:51:00,0.1101,0.1103,0.1101,0.1103,38221.0
2025-01-18 15:52:00,0.1101,0.1102,0.11,0.1101,35218.0
2025-01-18 15:53:00,0.11,0.11,0.1099,0.1099,27089.0
2025-01-18 15:54:00,0.11,0.1104,0.11,0.1101,69710.0
2025-01-18 15:55:00,0.11,0.1101,0.11,0.11,38446.0
2025-01-18 15:56:00,0.1099,0.11,0.1099,0.1099,2603.0
2025-01-18 15:57:00,0.11,0.11,0.1098,0.1098,15668.0
2025-01-18 15:58:00,0.1096,0.1096,0.1095,0.1096,9899.0
2025-01-18 15:59:00,0.1095,0.1095,0.1094,0.1094,26849.0
2025-01-18 16:00:00,0.1094,0.1096,0.1094,0.1095,31426.0
2025-01-18 16:01:00,0.1096,0.1097,0.1096,0.1096,2399.0
2025-01-18 16:02:00,0.1096,0.1097,0.1092,0.1092,45312.0
2025-01-18 16:03:00,0.1093,0.1094,0.1092,0.1094,8088.0
2025-01-18 16:04:00,0.1098,0.11,0.1097,0.11,32965.0
2025-01-18 16:05:00,0.11,0.1101,0.1099,0.1099,10060.0
2025-01-18 16:06:00,0.1099,0.1102,0.1099,0.1102,23947.0
2025-01-18 16:07:00,0.1102,0.1102,0.1097,0.1098,41101.0
2025-01-18 16:08:00,0.1099,0.11,0.1098,0.11,48136.0
2025-01-18 16:09:00,0.1101,0.1101,0.1093,0.1093,73424.0
2025-01-18 16:10:00,0.1094,0.1094,0.109,0.1091,89597.0
2025-01-18 16:11:00,0.1089,0.1092,0.1089,0.109,44241.0
2025-01-18 16:12:00,0.1091,0.1091,0.1088,0.109,20228.0
2025-01-18 16:13:00,0.1089,0.109,0.1088,0.1088,13879.0
2025-01-18 16:14:00,0.1089,0.1096,0.1088,0.1093,96803.0
2025-01-18 16:15:00,0.1093,0.1096,0.1093,0.1095,55516.0
2025-01-18 16:16:00,0.1092,0.1092,0.1088,0.1089,46315.0
2025-01-18 16:17:00,0.1088,0.1088,0.1085,0.1087,71627.0
2025-01-18 16:18:00,0.1087,0.1087,0.1084,0.1084,43603.0
2025-01-18 16:19:00,0.1084,0.1091,0.1083,0.1089,76476.0
2025-01-18 16:20:00,0.109,0.109,0.1085,0.1088,32007.0
2025-01-18 16:21:00,0.1089,0.1094,0.1089,0.1094,6327.0
2025-01-18 16:22:00,0.1094,0.1097,0.1093,0.1097,63973.0
2025-01-18 16:23:00,0.1095,0.1099,0.1095,0.1099,19541.0
2025-01-18 16:24:00,0.1098,0.1099,0.1098,0.1099,11534.0
2025-01-18 16:25:00,0.1097,0.1097,0.1097,0.1097,4957.0
2025-01-18 16:26:00,0.1097,0.1097,0.1095,0.1096,32572.0
2025-01-18 16:27:00,0.1094,0.1094,0.1094,0.1094,2312.0
2025-01-18 16:28:00,0.1096,0.1096,0.1094,0.1094,1405.0
2025-01-18 16:29:00,0.1094,0.1094,0.1094,0.1094,3832.0
2025-01-18 16:30:00,0.1095,0.1096,0.1094,0.1096,1422.0
2025-01-18 16:31:00,0.1097,0.11,0.1097,0.11,9086.0
2025-01-18 16:32:00,0.1099,0.1102,0.1099,0.11,19048.0
2025-01-18 16:33:00,0.11,0.1101,0.11,0.1101,1454.0
2025-01-18 16:34:00,0.1101,0.1101,0.1099,0.1099,38786.0
2025-01-18 16:35:00,0.1098,0.1098,0.1096,0.1096,514.0
2025-01-18 16:36:00,0.1095,0.1095,0.1094,0.1094,1291.0
2025-01-18 16:37:00,0.1094,0.1094,0.1094,0.1094,4935.0
2025-01-18 16:38:00,0.1093,0.1093,0.109,0.109,17335.0
2025-01-18 16:39:00,0.109,0.109,0.1085,0.1085,25001.0
2025-01-18 16:40:00,0.1085,0.1089,0.1084,0.1086,34082.0
2025-01-18 16:41:00,0.1088,0.1089,0.1087,0.1089,49203.0
2025-01-18 16:42:00,0.1089,0.1091,0.1089,0.109,22341.0
2025-01-18 16:43:00,0.109,0.109,0.1089,0.109,10084.0
2025-01-18 16:44:00,0.109,0.1091,0.1089,0.1089,24102.0
2025-01-18 16:45:00,0.109,0.1092,0.1088,0.1092,39758.0
2025-01-18 16:46:00,0.1092,0.1094,0.1091,0.1091,9427.0
2025-01-18 16:47:00,0.109,0.1091,0.109,0.1091,12299.0
2025-01-18 16:48:00,0.1091,0.1091,0.109,0.109,1114.0
2025-01-18 16:49:00,0.1088,0.1088,0.1086,0.1086,4704.0
2025-01-18 16:50:00,0.1085,0.1085,0.1085,0.1085,4144.0
2025-01-18 16:51:00,0.1085,0.1085,0.1084,0.1084,18381.0
2025-01-18 16:52:00,0.1084,0.1085,0.1083,0.1083,31739.0
2025-01-18 16:53:00,0.1083,0.1084,0.1083,0.1084,4761.0
2025-01-18 16:54:00,0.1083,0.1083,0.1082,0.1083,24305.0
2025-01-18 16:55:00,0.1085,0.1086,0.1084,0.1086,26950.0
2025-01-18 16:56:00,0.1085,0.1085,0.1085,0.1085,3014.0
2025-01-18 16:57:00,0.1083,0.1084,0.1083,0.1083,5700.0
2025-01-18 16:58:00,0.1082,0.1082,0.1081,0.1082,2275.0
2025-01-18 16:59:00,0.1081,0.1081,0.1079,0.1079,72758.0
2025-01-18 17:00:00,0.1079,0.1081,0.1079,0.1081,11609.0
2025-01-18 17:01:00,0.1079,0.1082,0.1078,0.1082,109468.0
2025-01-18 17:02:00,0.1082,0.1087,0.1082,0.1087,9290.0
2025-01-18 17:03:00,0.1087,0.1087,0.1086,0.1086,9587.0
2025-01-18 17:04:00,0.1086,0.1086,0.1086,0.1086,1007.0
2025-01-18 17:05:00,0.1086,0.1086,0.1085,0.1085,2098.0
2025-01-18 17:06:00,0.1086,0.1087,0.1086,0.1086,7039.0
2025-01-18 17:07:00,0.1085,0.1088,0.1085,0.1086,41005.0
2025-01-18 17:08:00,0.1086,0.1086,0.1084,0.1084,13918.0
2025-01-18 17:09:00,0.1083,0.1083,0.108,0.108,8016.0
2025-01-18 17:10:00,0.108,0.1082,0.108,0.1081,5706.0
2025-01-18 17:11:00,0.1081,0.1083,0.1081,0.1082,54132.0
2025-01-18 17:12:00,0.1082,0.1082,0.1082,0.1082,0.0
2025-01-18 17:13:00,0.1085,0.1088,0.1085,0.1087,34349.0
2025-01-18 17:14:00,0.1087,0.1087,0.1087,0.1087,0.0
2025-01-18 17:15:00,0.1087,0.1088,0.1086,0.1088,8938.0
2025-01-18 17:16:00,0.1086,0.1086,0.1086,0.1086,3935.0
2025-01-18 17:17:00,0.1089,0.1092,0.1089,0.1091,13452.0
2025-01-18 17:18:00,0.1091,0.1091,0.1088,0.1088,12541.0
2025-01-18 17:19:00,0.1089,0.1089,0.1089,0.1089,1251.0
2025-01-18 17:20:00,0.1088,0.1088,0.1086,0.1086,5869.0
2025-01-18 17:21:00,0.1085,0.1085,0.1084,0.1084,2675.0
2025-01-18 17:22:00,0.1087,0.1087,0.1086,0.1086,4850.0
2025-01-18 17:23:00,0.1086,0.1087,0.1086,0.1086,11552.0
2025-01-18 17:24:00,0.1084,0.1084,0.1083,0.1083,19499.0
2025-01-18 17:25:00,0.1082,0.1083,0.1081,0.1083,24042.0
2025-01-18 17:26:00,0.1085,0.1088,0.1085,0.1088,3209.0
2025-01-18 17:27:00,0.1088,0.109,0.1088,0.1088,25172.0
2025-01-18 17:28:00,0.1087,0.1087,0.1086,0.1086,9926.0
2025-01-18 17:29:00,0.1086,0.1086,0.1086,0.1086,2756.0
2025-01-18 17:30:00,0.1085,0.1086,0.1083,0.1086,23173.0
2025-01-18 17:31:00,0.1085,0.1085,0.1084,0.1084,1765.0
2025-01-18 17:32:00,0.1084,0.1085,0.1084,0.1085,821.0
2025-01-18 17:33:00,0.1086,0.1088,0.1086,0.1088,4613.0
2025-01-18 17:34:00,0.1087,0.1088,0.1087,0.1088,2103.0
2025-01-18 17:35:00,0.1087,0.1087,0.1086,0.1086,2806.0
2025-01-18 17:36:00,0.109,0.109,0.1089,0.1089,18187.0
2025-01-18 17:37:00,0.1089,0.1089,0.1089,0.1089,4370.0
2025-01-18 17:38:00,0.1089,0.109,0.1089,0.1089,3037.0
2025-01-18 17:39:00,0.1089,0.1089,0.1089,0.1089,0.0
2025-01-18 17:40:00,0.1087,0.1087,0.1087,0.1087,138.0
2025-01-18 17:41:00,0.1087,0.1087,0.1087,0.1087,1188.0
2025-01-18 17:42:00,0.1087,0.1087,0.1085,0.1085,8101.0
2025-01-18 17:43:00,0.1085,0.1085,0.1083,0.1084,73383.0
2025-01-18 17:44:00,0.1083,0.1083,0.1083,0.1083,2416.0
2025-01-18 17:45:00,0.1084,0.1085,0.1084,0.1084,51037.0
2025-01-18 17:46:00,0.1083,0.1085,0.1083,0.1083,30227.0
2025-01-18 17:47:00,0.1086,0.1088,0.1086,0.1088,4475.0
2025-01-18 17:48:00,0.1088,0.1093,0.1088,0.1091,367108.0
2025-01-18 17:49:00,0.109,0.1094,0.109,0.1093,229402.0
2025-01-18 17:50:00,0.1091,0.1091,0.1088,0.1088,75770.0
2025-01-18 17:51:00,0.1089,0.1089,0.1087,0.1087,26314.0
2025-01-18 17:52:00,0.1088,0.1088,0.1086,0.1086,11230.0
2025-01-18 17:53:00,0.1087,0.1087,0.1087,0.1087,98.0
2025-01-18 17:54:00,0.1087,0.1087,0.1087,0.1087,5963.0
2025-01-18 17:55:00,0.1088,0.1092,0.1088,0.1092,256052.0
2025-01-18 17:56:00,0.1091,0.1092,0.1091,0.1091,17693.0
2025-01-18 17:57:00,0.1091,0.1091,0.1088,0.1088,24207.0
2025-01-18 17:58:00,0.1089,0.1089,0.1085,0.1085,22154.0
2025-01-18 17:59:00,0.1085,0.1085,0.1085,0.1085,17700.0
2025-01-18 18:00:00,0.1085,0.1086,0.1085,0.1086,3578.0
2025-01-18 18:01:00,0.1085,0.1089,0.1085,0.1089,19145.0
2025-01-18 18:02:00,0.1089,0.1089,0.1088,0.1089,2768.0
2025-01-18 18:03:00,0.1089,0.1089,0.1088,0.1088,23620.0
2025-01-18 18:04:00,0.1088,0.1088,0.1088,0.1088,22251.0
2025-01-18 18:05:00,0.1089,0.109,0.1089,0.109,240725.0
2025-01-18 18:06:00,0.109,0.109,0.1088,0.1089,22509.0
2025-01-18 18:07:00,0.1089,0.1089,0.1088,0.1088,751.0
2025-01-18 18:08:00,0.1088,0.1088,0.1087,0.1087,9034.0
2025-01-18 18:09:00,0.1086,0.1086,0.1085,0.1085,15785.0
2025-01-18 18:10:00,0.1087,0.1088,0.1086,0.1087,5968.0
2025-01-18 18:11:00,0.1087,0.1087,0.1087,0.1087,414.0
2025-01-18 18:12:00,0.1088,0.1089,0.1086,0.1086,16977.0
2025-01-18 18:13:00,0.1087,0.1089,0.1087,0.1089,11502.0
2025-01-18 18:14:00,0.1089,0.1089,0.1089,0.1089,2745.0
2025-01-18 18:15:00,0.109,0.109,0.109,0.109,10588.0
2025-01-18 18:16:00,0.1087,0.1088,0.1087,0.1087,11871.0
2025-01-18 18:17:00,0.1086,0.1086,0.1084,0.1084,11280.0
2025-01-18 18:18:00,0.1084,0.1084,0.108,0.108,13007.0
2025-01-18 18:19:00,0.108,0.108,0.108,0.108,2231.0
2025-01-18 18:20:00,0.1079,0.108,0.1078,0.108,46386.0
2025-01-18 18:21:00,0.108,0.1084,0.108,0.1084,15302.0
2025-01-18 18:22:00,0.1084,0.1085,0.1084,0.1085,7567.0
2025-01-18 18:23:00,0.1084,0.1084,0.1084,0.1084,110.0
2025-01-18 18:24:00,0.1084,0.1085,0.1084,0.1084,4736.0
2025-01-18 18:25:00,0.1085,0.1088,0.1085,0.1088,65803.0
2025-01-18 18:26:00,0.1088,0.1089,0.1087,0.1088,16770.0
2025-01-18 18:27:00,0.1089,0.109,0.1088,0.109,17323.0
2025-01-18 18:28:00,0.109,0.1091,0.109,0.1091,9098.0
2025-01-18 18:29:00,0.1092,0.1092,0.1091,0.1091,33864.0
2025-01-18 18:30:00,0.109,0.1091,0.109,0.1091,57258.0
2025-01-18 18:31:00,0.1091,0.1091,0.1091,0.1091,250.0
2025-01-18 18:32:00,0.1092,0.1093,0.1092,0.1092,21346.0
2025-01-18 18:33:00,0.1091,0.1092,0.1091,0.1091,3049.0
2025-01-18 18:34:00,0.1089,0.1089,0.1088,0.1088,11457.0
2025-01-18 18:35:00,0.1087,0.1087,0.1087,0.1087,19603.0
2025-01-18 18:36:00,0.109,0.1091,0.109,0.109,42452.0
2025-01-18 18:37:00,0.109,0.109,0.1089,0.109,4823.0
2025-01-18 18:38:00,0.1091,0.1091,0.109,0.109,12476.0
2025-01-18 18:39:00,0.109,0.109,0.109,0.109,3184.0
2025-01-18 18:40:00,0.109,0.109,0.109,0.109,801.0
2025-01-18 18:41:00,0.1091,0.1091,0.1091,0.1091,759.0
2025-01-18 18:42:00,0.1091,0.1091,0.1091,0.1091,6982.0
2025-01-18 18:43:00,0.1091,0.1091,0.1089,0.1089,10185.0
2025-01-18 18:44:00,0.109,0.109,0.109,0.109,254.0
2025-01-18 18:45:00,0.1089,0.109,0.1089,0.1089,12009.0
2025-01-18 18:46:00,0.1088,0.1089,0.1088,0.1089,13110.0
2025-01-18 18:47:00,0.109,0.109,0.1089,0.1089,1966.0
2025-01-18 18:48:00,0.1089,0.1089,0.1089,0.1089,0.0
2025-01-18 18:49:00,0.1088,0.1088,0.1088,0.1088,16162.0
2025-01-18 18:50:00,0.109,0.109,0.1088,0.1088,358.0
2025-01-18 18:51:00,0.1087,0.1087,0.1086,0.1086,11357.0
2025-01-18 18:52:00,0.1086,0.1086,0.1084,0.1084,6510.0
2025-01-18 18:53:00,0.1083,0.1083,0.1082,0.1082,23171.0
2025-01-18 18:54:00,0.108,0.108,0.108,0.108,10873.0
2025-01-18 18:55:00,0.1079,0.108,0.1079,0.108,11736.0
2025-01-18 18:56:00,0.1078,0.1079,0.1077,0.1079,24604.0
2025-01-18 18:57:00,0.1079,0.1079,0.1079,0.1079,0.0
2025-01-18 18:58:00,0.1079,0.1079,0.1079,0.1079,6272.0
2025-01-18 18:59:00,0.1079,0.1079,0.1079,0.1079,0.0
2025-01-18 19:00:00,0.108,0.1084,0.108,0.1084,11066.0
2025-01-18 19:01:00,0.1084,0.1084,0.1082,0.1082,67615.0
2025-01-18 19:02:00,0.1082,0.1085,0.1082,0.1084,252590.0
2025-01-18 19:03:00,0.1085,0.1085,0.1085,0.1085,8288.0
2025-01-18 19:04:00,0.1085,0.1085,0.1083,0.1083,39641.0
2025-01-18 19:05:00,0.1083,0.1085,0.1083,0.1084,5070.0
2025-01-18 19:06:00,0.1085,0.1085,0.1085,0.1085,4585.0
2025-01-18 19:07:00,0.1086,0.1086,0.1086,0.1086,182.0
2025-01-18 19:08:00,0.1087,0.1087,0.1087,0.1087,294.0
2025-01-18 19:09:00,0.1087,0.1087,0.1087,0.1087,0.0
2025-01-18 19:10:00,0.1089,0.109,0.1089,0.109,6710.0
2025-01-18 19:11:00,0.109,0.109,0.109,0.109,0.0
2025-01-18 19:12:00,0.109,0.109,0.1089,0.1089,14680.0
2025-01-18 19:13:00,0.1087,0.1087,0.1087,0.1087,7429.0
2025-01-18 19:14:00,0.1088,0.1088,0.1088,0.1088,5351.0
2025-01-18 19:15:00,0.1089,0.109,0.1089,0.1089,9070.0
2025-01-18 19:16:00,0.109,0.1092,0.109,0.1092,1713.0
2025-01-18 19:17:00,0.1092,0.1093,0.1092,0.1093,12627.0
2025-01-18 19:18:00,0.1093,0.1103,0.1093,0.11,760785.0
2025-01-18 19:19:00,0.1099,0.1099,0.1097,0.1098,79471.0
2025-01-18 19:20:00,0.1099,0.1099,0.1097,0.1098,46507.0
2025-01-18 19:21:00,0.1098,0.1099,0.1097,0.1097,101442.0
2025-01-18 19:22:00,0.1098,0.1099,0.1098,0.1098,13469.0
2025-01-18 19:23:00,0.1098,0.1098,0.1098,0.1098,39996.0
2025-01-18 19:24:00,0.1097,0.1097,0.1097,0.1097,4863.0
2025-01-18 19:25:00,0.1097,0.1098,0.1097,0.1098,9567.0
2025-01-18 19:26:00,0.1098,0.1098,0.1097,0.1097,2940.0
2025-01-18 19:27:00,0.1097,0.1097,0.1097,0.1097,1227.0
2025-01-18 19:28:00,0.1098,0.1098,0.1095,0.1095,26038.0
2025-01-18 19:29:00,0.1096,0.1099,0.1096,0.1096,20223.0
2025-01-18 19:30:00,0.1096,0.1096,0.1096,0.1096,0.0
2025-01-18 19:31:00,0.1098,0.1098,0.1098,0.1098,239.0
2025-01-18 19:32:00,0.1099,0.1099,0.1099,0.1099,732.0
2025-01-18 19:33:00,0.1098,0.1098,0.1098,0.1098,4585.0
2025-01-18 19:34:00,0.1098,0.1098,0.1098,0.1098,184.0
2025-01-18 19:35:00,0.1096,0.1096,0.1095,0.1095,3417.0
2025-01-18 19:36:00,0.1095,0.1096,0.1095,0.1096,2865.0
2025-01-18 19:37:00,0.1097,0.1097,0.1097,0.1097,5291.0
2025-01-18 19:38:00,0.1097,0.1099,0.1097,0.1098,2371.0
2025-01-18 19:39:00,0.1097,0.1098,0.1096,0.1098,2178.0
2025-01-18 19:40:00,0.1098,0.1098,0.1098,0.1098,500.0
2025-01-18 19:41:00,0.1096,0.1096,0.1096,0.1096,2814.0
2025-01-18 19:42:00,0.1096,0.1096,0.1096,0.1096,0.0
2025-01-18 19:43:00,0.1097,0.1098,0.1097,0.1098,7313.0
2025-01-18 19:44:00,0.1098,0.1098,0.1098,0.1098,0.0
2025-01-18 19:45:00,0.1098,0.1098,0.1098,0.1098,0.0
2025-01-18 19:46:00,0.11,0.11,0.11,0.11,1074.0
2025-01-18 19:47:00,0.1101,0.1102,0.11,0.1101,6668.0
2025-01-18 19:48:00,0.1101,0.1101,0.1101,0.1101,0.0
2025-01-18 19:49:00,0.1101,0.1101,0.1099,0.11,3098.0
2025-01-18 19:50:00,0.1101,0.1101,0.1099,0.1099,3758.0
2025-01-18 19:51:00,0.1102,0.1102,0.1102,0.1102,62.0
2025-01-18 19:52:00,0.1103,0.1103,0.1102,0.1102,204.0
2025-01-18 19:53:00,0.1102,0.1102,0.1102,0.1102,0.0
2025-01-18 19:54:00,0.1101,0.1102,0.1101,0.1102,2804.0
2025-01-18 19:55:00,0.1102,0.1102,0.1102,0.1102,4880.0
2025-01-18 19:56:00,0.11,0.11,0.11,0.11,5962.0
2025-01-18 19:57:00,0.11,0.11,0.11,0.11,496.0
2025-01-18 19:58:00,0.1101,0.1102,0.1101,0.1102,13445.0
2025-01-18 19:59:00,0.1102,0.1102,0.1101,0.1102,4901.0
2025-01-18 20:00:00,0.1103,0.1103,0.1103,0.1103,5216.0
2025-01-18 20:01:00,0.1101,0.1101,0.11,0.11,1491.0
2025-01-18 20:02:00,0.1102,0.1102,0.1101,0.1101,1937.0
2025-01-18 20:03:00,0.11,0.11,0.1099,0.1099,7448.0
2025-01-18 20:04:00,0.11,0.11,0.11,0.11,8753.0
2025-01-18 20:05:00,0.11,0.11,0.11,0.11,0.0
2025-01-18 20:06:00,0.1098,0.1098,0.1091,0.1092,157265.0
2025-01-18 20:07:00,0.1094,0.1094,0.1094,0.1094,6467.0
2025-01-18 20:08:00,0.1094,0.1094,0.1093,0.1093,5496.0
2025-01-18 20:09:00,0.1093,0.1093,0.1092,0.1092,8960.0
2025-01-18 20:10:00,0.1093,0.1094,0.1092,0.1094,11074.0
2025-01-18 20:11:00,0.1093,0.1093,0.1093,0.1093,4288.0
2025-01-18 20:12:00,0.1093,0.1093,0.1093,0.1093,0.0
2025-01-18 20:13:00,0.1092,0.1092,0.1091,0.1091,12479.0
2025-01-18 20:14:00,0.1091,0.1092,0.1091,0.1092,7610.0
2025-01-18 20:15:00,0.1092,0.1092,0.109,0.109,15986.0
2025-01-18 20:16:00,0.109,0.109,0.1089,0.1089,11976.0
2025-01-18 20:17:00,0.1089,0.1089,0.1089,0.1089,0.0
2025-01-18 20:18:00,0.109,0.109,0.1088,0.1089,8316.0
2025-01-18 20:19:00,0.1089,0.1089,0.1088,0.1088,3001.0
2025-01-18 20:20:00,0.1088,0.1089,0.1088,0.1089,1272.0
2025-01-18 20:21:00,0.1088,0.1088,0.1087,0.1087,3395.0
2025-01-18 20:22:00,0.1086,0.1088,0.1086,0.1087,9472.0
2025-01-18 20:23:00,0.1087,0.1087,0.1087,0.1087,0.0
2025-01-18 20:24:00,0.1087,0.1087,0.1087,0.1087,0.0
2025-01-18 20:25:00,0.1088,0.1088,0.1084,0.1084,8305.0
2025-01-18 20:26:00,0.1084,0.1085,0.1084,0.1084,21204.0
2025-01-18 20:27:00,0.1084,0.1084,0.1084,0.1084,2024.0
2025-01-18 20:28:00,0.1084,0.1084,0.1084,0.1084,0.0
2025-01-18 20:29:00,0.1086,0.1087,0.1086,0.1087,3735.0
2025-01-18 20:30:00,0.1088,0.1088,0.1088,0.1088,1378.0
2025-01-18 20:31:00,0.109,0.109,0.109,0.109,1074.0
2025-01-18 20:32:00,0.109,0.1091,0.109,0.1091,8397.0
2025-01-18 20:33:00,0.1091,0.1091,0.109,0.1091,7522.0
2025-01-18 20:34:00,0.1091,0.1092,0.1091,0.1092,2757.0
2025-01-18 20:35:00,0.1091,0.1092,0.1091,0.1092,6310.0
2025-01-18 20:36:00,0.1091,0.1091,0.109,0.1091,1885.0
2025-01-18 20:37:00,0.109,0.109,0.1087,0.1088,12110.0
2025-01-18 20:38:00,0.1088,0.1088,0.1088,0.1088,3960.0
2025-01-18 20:39:00,0.109,0.109,0.1089,0.1089,238.0
2025-01-18 20:40:00,0.1089,0.109,0.1089,0.109,2968.0
2025-01-18 20:41:00,0.1091,0.1091,0.1091,0.1091,95.0
2025-01-18 20:42:00,0.1091,0.1091,0.1091,0.1091,3941.0
2025-01-18 20:43:00,0.1091,0.1091,0.1091,0.1091,0.0
2025-01-18 20:44:00,0.1089,0.1089,0.1089,0.1089,6308.0
2025-01-18 20:45:00,0.109,0.109,0.1089,0.1089,3136.0
2025-01-18 20:46:00,0.1088,0.1088,0.1086,0.1086,32862.0
2025-01-18 20:47:00,0.1086,0.1086,0.1085,0.1085,2831.0
2025-01-18 20:48:00,0.1086,0.1086,0.1085,0.1085,15752.0
2025-01-18 20:49:00,0.1086,0.1086,0.1085,0.1086,1638.0
2025-01-18 20:50:00,0.1089,0.1089,0.1089,0.1089,7722.0
2025-01-18 20:51:00,0.1088,0.1089,0.1088,0.1088,13905.0
2025-01-18 20:52:00,0.1088,0.1088,0.1087,0.1087,1173.0
2025-01-18 20:53:00,0.1086,0.1086,0.1084,0.1084,1966.0
2025-01-18 20:54:00,0.1083,0.1083,0.1083,0.1083,4827.0
2025-01-18 20:55:00,0.1083,0.1085,0.1083,0.1085,9818.0
2025-01-18 20:56:00,0.1084,0.1084,0.1084,0.1084,10289.0
2025-01-18 20:57:00,0.1085,0.1085,0.1084,0.1084,4511.0
2025-01-18 20:58:00,0.1085,0.1085,0.1085,0.1085,1026.0
2025-01-18 20:59:00,0.1085,0.1085,0.1085,0.1085,0.0
2025-01-18 21:00:00,0.1087,0.1087,0.1087,0.1087,550.0
2025-01-18 21:01:00,0.1089,0.1089,0.1087,0.1087,2307.0
2025-01-18 21:02:00,0.1087,0.1087,0.1087,0.1087,0.0
2025-01-18 21:03:00,0.1086,0.1087,0.1086,0.1087,352.0
2025-01-18 21:04:00,0.1087,0.1087,0.1087,0.1087,0.0
2025-01-18 21:05:00,0.1088,0.1089,0.1088,0.1089,7127.0
2025-01-18 21:06:00,0.1089,0.1089,0.1089,0.1089,56.0
2025-01-18 21:07:00,0.109,0.1091,0.109,0.109,6153.0
2025-01-18 21:08:00,0.109,0.109,0.109,0.109,0.0
2025-01-18 21:09:00,0.1091,0.1091,0.1089,0.1089,20373.0
2025-01-18 21:10:00,0.1091,0.1091,0.1091,0.1091,129.0
2025-01-18 21:11:00,0.1092,0.1093,0.1091,0.1091,2329.0
2025-01-18 21:12:00,0.1092,0.1092,0.1092,0.1092,231.0
2025-01-18 21:13:00,0.1091,0.1091,0.1091,0.1091,909.0
2025-01-18 21:14:00,0.1091,0.1091,0.1091,0.1091,2232.0
2025-01-18 21:15:00,0.1093,0.1094,0.1093,0.1094,2706.0
2025-01-18 21:16:00,0.1095,0.1095,0.1095,0.1095,1322.0
2025-01-18 21:17:00,0.1095,0.1095,0.1095,0.1095,4642.0
2025-01-18 21:18:00,0.1096,0.1096,0.1095,0.1095,200.0
2025-01-18 21:19:00,0.1093,0.1093,0.1093,0.1093,10731.0
2025-01-18 21:20:00,0.1095,0.1095,0.1094,0.1094,7812.0
2025-01-18 21:21:00,0.1094,0.1094,0.1094,0.1094,13948.0
2025-01-18 21:22:00,0.1094,0.1095,0.1094,0.1095,7562.0
2025-01-18 21:23:00,0.1094,0.1094,0.1094,0.1094,2045.0
2025-01-18 21:24:00,0.1094,0.1094,0.1094,0.1094,3260.0
2025-01-18 21:25:00,0.1095,0.1095,0.1095,0.1095,2554.0
2025-01-18 21:26:00,0.1095,0.1096,0.1095,0.1096,3963.0
2025-01-18 21:27:00,0.1095,0.1096,0.1095,0.1096,857.0
2025-01-18 21:28:00,0.1095,0.1095,0.1095,0.1095,2745.0
2025-01-18 21:29:00,0.1095,0.1096,0.1095,0.1095,4179.0
2025-01-18 21:30:00,0.1095,0.1095,0.1094,0.1094,5463.0
2025-01-18 21:31:00,0.1092,0.1092,0.1092,0.1092,55.0
2025-01-18 21:32:00,0.1092,0.1092,0.1092,0.1092,1892.0
2025-01-18 21:33:00,0.1091,0.1091,0.109,0.109,1212.0
2025-01-18 21:34:00,0.109,0.1091,0.109,0.1091,7391.0
2025-01-18 21:35:00,0.1092,0.1092,0.1092,0.1092,6046.0
2025-01-18 21:36:00,0.1092,0.1092,0.1092,0.1092,547.0
2025-01-18 21:37:00,0.1092,0.1092,0.1091,0.1091,27733.0
2025-01-18 21:38:00,0.1092,0.1093,0.1092,0.1093,12209.0
2025-01-18 21:39:00,0.1094,0.1094,0.1093,0.1093,6594.0
2025-01-18 21:40:00,0.1093,0.1093,0.1093,0.1093,5110.0
2025-01-18 21:41:00,0.1094,0.1094,0.1093,0.1093,2703.0
2025-01-18 21:42:00,0.1094,0.1094,0.1094,0.1094,832.0
2025-01-18 21:43:00,0.1094,0.1094,0.1094,0.1094,0.0
2025-01-18 21:44:00,0.1094,0.1094,0.1094,0.1094,100.0
2025-01-18 21:45:00,0.1093,0.1093,0.1091,0.1091,1722.0
2025-01-18 21:46:00,0.1091,0.1092,0.109,0.1092,1101.0
2025-01-18 21:47:00,0.1093,0.1093,0.1093,0.1093,124.0
2025-01-18 21:48:00,0.1093,0.1093,0.1093,0.1093,0.0
2025-01-18 21:49:00,0.1094,0.1094,0.1094,0.1094,2001.0
2025-01-18 21:50:00,0.1094,0.1094,0.1093,0.1093,2497.0
2025-01-18 21:51:00,0.1093,0.1093,0.1093,0.1093,894.0
2025-01-18 21:52:00,0.1092,0.1092,0.1092,0.1092,1914.0
2025-01-18 21:53:00,0.1092,0.1092,0.1092,0.1092,203.0
2025-01-18 21:54:00,0.1092,0.1092,0.1092,0.1092,0.0
2025-01-18 21:55:00,0.109,0.109,0.109,0.109,1342.0
2025-01-18 21:56:00,0.109,0.109,0.1089,0.1089,10278.0
2025-01-18 21:57:00,0.1089,0.1089,0.1089,0.1089,8045.0
2025-01-18 21:58:00,0.109,0.109,0.109,0.109,96.0
2025-01-18 21:59:00,0.109,0.109,0.109,0.109,0.0
2025-01-18 22:00:00,0.1089,0.1089,0.1088,0.1088,16092.0
2025-01-18 22:01:00,0.1087,0.1087,0.1087,0.1087,6836.0
2025-01-18 22:02:00,0.1087,0.1088,0.1087,0.1088,2229.0
2025-01-18 22:03:00,0.1088,0.1088,0.1088,0.1088,424.0
2025-01-18 22:04:00,0.1088,0.1088,0.1086,0.1086,2839.0
2025-01-18 22:05:00,0.1087,0.1087,0.1087,0.1087,601.0
2025-01-18 22:06:00,0.1089,0.109,0.1089,0.109,2710.0
2025-01-18 22:07:00,0.109,0.109,0.109,0.109,92.0
2025-01-18 22:08:00,0.109,0.1091,0.109,0.1091,2301.0
2025-01-18 22:09:00,0.1091,0.1091,0.1091,0.1091,406.0
2025-01-18 22:10:00,0.1092,0.1092,0.1092,0.1092,4800.0
2025-01-18 22:11:00,0.1091,0.1092,0.1091,0.1092,4634.0
2025-01-18 22:12:00,0.1093,0.1094,0.1093,0.1093,8417.0
2025-01-18 22:13:00,0.1093,0.1093,0.1093,0.1093,0.0
2025-01-18 22:14:00,0.1094,0.1095,0.1094,0.1095,2813.0
2025-01-18 22:15:00,0.1097,0.1097,0.1097,0.1097,13422.0
2025-01-18 22:16:00,0.1098,0.1098,0.1098,0.1098,6291.0
2025-01-18 22:17:00,0.1098,0.1098,0.1098,0.1098,0.0
2025-01-18 22:18:00,0.1098,0.1098,0.1098,0.1098,6827.0
2025-01-18 22:19:00,0.1098,0.1098,0.1098,0.1098,2965.0
2025-01-18 22:20:00,0.1097,0.1097,0.1096,0.1096,16059.0
2025-01-18 22:21:00,0.1096,0.1096,0.1096,0.1096,1851.0
2025-01-18 22:22:00,0.1096,0.1096,0.1096,0.1096,0.0
2025-01-18 22:23:00,0.1095,0.1096,0.1095,0.1096,4980.0
2025-01-18 22:24:00,0.1096,0.1096,0.1096,0.1096,0.0
2025-01-18 22:25:00,0.1093,0.1093,0.1093,0.1093,548.0
2025-01-18 22:26:00,0.1095,0.1095,0.1095,0.1095,137.0
2025-01-18 22:27:00,0.1095,0.1096,0.1095,0.1095,1256.0
2025-01-18 22:28:00,0.1095,0.1096,0.1095,0.1096,4990.0
2025-01-18 22:29:00,0.1096,0.1096,0.1096,0.1096,4647.0
2025-01-18 22:30:00,0.1096,0.1096,0.1096,0.1096,0.0
2025-01-18 22:31:00,0.1098,0.1098,0.1096,0.1096,298.0
2025-01-18 22:32:00,0.1096,0.1097,0.1096,0.1097,10602.0
2025-01-18 22:33:00,0.1097,0.1099,0.1096,0.1096,700.0
2025-01-18 22:34:00,0.1096,0.1096,0.1095,0.1095,511.0
2025-01-18 22:35:00,0.1096,0.1096,0.1095,0.1095,500.0
2025-01-18 22:36:00,0.1097,0.1097,0.1097,0.1097,207.0
2025-01-18 22:37:00,0.1097,0.1097,0.1097,0.1097,0.0
2025-01-18 22:38:00,0.1097,0.1097,0.1097,0.1097,0.0
2025-01-18 22:39:00,0.1097,0.1097,0.1096,0.1096,780.0
2025-01-18 22:40:00,0.1096,0.1096,0.1096,0.1096,0.0
2025-01-18 22:41:00,0.1096,0.1096,0.1096,0.1096,7136.0
2025-01-18 22:42:00,0.1096,0.1096,0.1096,0.1096,0.0
2025-01-18 22:43:00,0.1096,0.1097,0.1096,0.1097,13773.0
2025-01-18 22:44:00,0.1097,0.1097,0.1097,0.1097,0.0
2025-01-18 22:45:00,0.1095,0.1095,0.1095,0.1095,25607.0
2025-01-18 22:46:00,0.1095,0.1095,0.1095,0.1095,0.0
2025-01-18 22:47:00,0.1095,0.1095,0.1095,0.1095,0.0
2025-01-18 22:48:00,0.1095,0.1095,0.1095,0.1095,0.0
2025-01-18 22:49:00,0.1095,0.1095,0.1095,0.1095,0.0
2025-01-18 22:50:00,0.1095,0.1095,0.1095,0.1095,0.0
2025-01-18 22:51:00,0.1096,0.1097,0.1096,0.1097,321.0
2025-01-18 22:52:00,0.1097,0.1097,0.1095,0.1095,914.0
2025-01-18 22:53:00,0.1097,0.1097,0.1097,0.1097,181.0
2025-01-18 22:54:00,0.1097,0.1097,0.1097,0.1097,0.0
2025-01-18 22:55:00,0.1097,0.1097,0.1097,0.1097,0.0
2025-01-18 22:56:00,0.1097,0.1097,0.1097,0.1097,0.0
2025-01-18 22:57:00,0.1097,0.1097,0.1097,0.1097,0.0
2025-01-18 22:58:00,0.1095,0.1095,0.1094,0.1094,1788.0
2025-01-18 22:59:00,0.1093,0.1093,0.1092,0.1092,6676.0
2025-01-18 23:00:00,0.1093,0.1094,0.1093,0.1094,6938.0
2025-01-18 23:01:00,0.1095,0.1095,0.1095,0.1095,72.0
2025-01-18 23:02:00,0.1095,0.1095,0.1095,0.1095,0.0
2025-01-18 23:03:00,0.1093,0.1093,0.1093,0.1093,499.0
2025-01-18 23:04:00,0.1093,0.1093,0.1091,0.1091,20145.0
2025-01-18 23:05:00,0.1091,0.1091,0.1091,0.1091,0.0
2025-01-18 23:06:00,0.1093,0.1094,0.1093,0.1094,989.0
2025-01-18 23:07:00,0.1093,0.1093,0.1092,0.1092,3328.0
2025-01-18 23:08:00,0.1092,0.1092,0.1092,0.1092,849.0
2025-01-18 23:09:00,0.1092,0.1092,0.1092,0.1092,14251.0
2025-01-18 23:10:00,0.1094,0.1094,0.1094,0.1094,230.0
2025-01-18 23:11:00,0.1094,0.1094,0.1094,0.1094,0.0
2025-01-18 23:12:00,0.1092,0.1092,0.1092,0.1092,712.0
2025-01-18 23:13:00,0.1092,0.1092,0.1092,0.1092,0.0
2025-01-18 23:14:00,0.1092,0.1092,0.1092,0.1092,2201.0
2025-01-18 23:15:00,0.1092,0.1092,0.1091,0.1092,9585.0
2025-01-18 23:16:00,0.1093,0.1095,0.1093,0.1095,1800.0
2025-01-18 23:17:00,0.1095,0.1095,0.1095,0.1095,0.0
2025-01-18 23:18:00,0.1095,0.1095,0.1095,0.1095,0.0
2025-01-18 23:19:00,0.1097,0.1097,0.1096,0.1096,3974.0
2025-01-18 23:20:00,0.1099,0.1101,0.1099,0.1101,5449.0
2025-01-18 23:21:00,0.1101,0.1101,0.1101,0.1101,0.0
2025-01-18 23:22:00,0.1102,0.1103,0.1102,0.1103,21525.0
2025-01-18 23:23:00,0.1104,0.1104,0.1104,0.1104,1378.0
2025-01-18 23:24:00,0.1104,0.1104,0.1102,0.1102,7432.0
2025-01-18 23:25:00,0.1102,0.1103,0.1102,0.1103,4575.0
2025-01-18 23:26:00,0.1103,0.1103,0.1103,0.1103,11166.0
2025-01-18 23:27:00,0.1103,0.1105,0.1103,0.1105,663.0
2025-01-18 23:28:00,0.1105,0.1105,0.1105,0.1105,0.0
2025-01-18 23:29:00,0.1105,0.1106,0.1105,0.1106,5232.0
2025-01-18 23:30:00,0.1106,0.1106,0.1105,0.1105,15442.0
2025-01-18 23:31:00,0.1107,0.1107,0.1107,0.1107,4860.0
2025-01-18 23:32:00,0.1108,0.1109,0.1108,0.1109,18372.0
2025-01-18 23:33:00,0.1109,0.1111,0.1108,0.1111,15717.0
2025-01-18 23:34:00,0.111,0.111,0.111,0.111,6111.0
2025-01-18 23:35:00,0.1109,0.1109,0.1107,0.1108,8485.0
2025-01-18 23:36:00,0.1107,0.1109,0.1107,0.1109,10929.0
2025-01-18 23:37:00,0.1108,0.1108,0.1107,0.1107,2160.0
2025-01-18 23:38:00,0.1108,0.1108,0.1108,0.1108,3721.0
2025-01-18 23:39:00,0.1108,0.1108,0.1108,0.1108,9727.0
2025-01-18 23:40:00,0.1109,0.111,0.1109,0.111,728.0
2025-01-18 23:41:00,0.1109,0.1109,0.1105,0.1105,20295.0
2025-01-18 23:42:00,0.1105,0.1105,0.1105,0.1105,0.0
2025-01-18 23:43:00,0.1107,0.1108,0.1107,0.1108,366.0
2025-01-18 23:44:00,0.1107,0.1107,0.1107,0.1107,9156.0
2025-01-18 23:45:00,0.1108,0.1108,0.1107,0.1107,389.0
2025-01-18 23:46:00,0.1107,0.1107,0.1107,0.1107,4374.0
2025-01-18 23:47:00,0.1107,0.1107,0.1107,0.1107,69.0
2025-01-18 23:48:00,0.1107,0.1107,0.1106,0.1106,6440.0
2025-01-18 23:49:00,0.1107,0.1107,0.1107,0.1107,225.0
2025-01-18 23:50:00,0.1107,0.1107,0.1107,0.1107,0.0
2025-01-18 23:51:00,0.1104,0.1106,0.1104,0.1106,12137.0
2025-01-18 23:52:00,0.1106,0.1106,0.1106,0.1106,2833.0
2025-01-18 23:53:00,0.1106,0.1106,0.1106,0.1106,411.0
2025-01-18 23:54:00,0.1105,0.1105,0.1105,0.1105,200.0
2025-01-18 23:55:00,0.1106,0.1106,0.1105,0.1105,915.0
2025-01-18 23:56:00,0.1105,0.1105,0.1105,0.1105,0.0
2025-01-18 23:57:00,0.1105,0.1105,0.1105,0.1105,2047.0
2025-01-18 23:58:00,0.1106,0.1106,0.1105,0.1105,914.0
2025-01-18 23:59:00,0.1105,0.1105,0.1105,0.1105,2000.0
2025-01-19 00:00:00,0.1104,0.1104,0.1103,0.1103,27126.0
2025-01-19 00:01:00,0.1103,0.1105,0.1103,0.1103,17207.0
2025-01-19 00:02:00,0.1103,0.1103,0.1103,0.1103,0.0
2025-01-19 00:03:00,0.1103,0.1103,0.1101,0.1102,23825.0
2025-01-19 00:04:00,0.1102,0.1102,0.1101,0.1101,10576.0
2025-01-19 00:05:00,0.1102,0.1104,0.1102,0.1104,4146.0
2025-01-19 00:06:00,0.1106,0.1108,0.1105,0.1105,3626.0
2025-01-19 00:07:00,0.1105,0.1105,0.1105,0.1105,183.0
2025-01-19 00:08:00,0.1107,0.1107,0.1106,0.1107,2632.0
2025-01-19 00:09:00,0.1107,0.1108,0.1107,0.1108,5508.0
2025-01-19 00:10:00,0.1106,0.1107,0.1106,0.1107,3019.0
2025-01-19 00:11:00,0.1107,0.1107,0.1107,0.1107,0.0
2025-01-19 00:12:00,0.1106,0.1107,0.1106,0.1107,970.0
2025-01-19 00:13:00,0.1107,0.1107,0.1107,0.1107,135.0
2025-01-19 00:14:00,0.1105,0.1105,0.1104,0.1104,34107.0
2025-01-19 00:15:00,0.1105,0.1106,0.1105,0.1106,11885.0
2025-01-19 00:16:00,0.1109,0.1109,0.1109,0.1109,3000.0
2025-01-19 00:17:00,0.1109,0.111,0.1109,0.111,6165.0
2025-01-19 00:18:00,0.111,0.111,0.1109,0.111,15265.0
2025-01-19 00:19:00,0.1111,0.1112,0.1111,0.1112,12729.0
2025-01-19 00:20:00,0.1111,0.1111,0.111,0.1111,20302.0
2025-01-19 00:21:00,0.1111,0.1111,0.111,0.111,182.0
2025-01-19 00:22:00,0.111,0.111,0.111,0.111,0.0
2025-01-19 00:23:00,0.111,0.111,0.111,0.111,4351.0
2025-01-19 00:24:00,0.1111,0.1111,0.1107,0.1107,1841.0
2025-01-19 00:25:00,0.1107,0.1107,0.1105,0.1106,36311.0
2025-01-19 00:26:00,0.1106,0.1107,0.1106,0.1107,2828.0
2025-01-19 00:27:00,0.1106,0.1107,0.1105,0.1107,10487.0
2025-01-19 00:28:00,0.1107,0.1107,0.1106,0.1106,2737.0
2025-01-19 00:29:00,0.1106,0.1106,0.1106,0.1106,0.0
2025-01-19 00:30:00,0.1109,0.1109,0.1109,0.1109,3107.0
2025-01-19 00:31:00,0.111,0.111,0.111,0.111,14348.0
2025-01-19 00:32:00,0.111,0.111,0.111,0.111,0.0
2025-01-19 00:33:00,0.1109,0.1109,0.1109,0.1109,2254.0
2025-01-19 00:34:00,0.1109,0.1109,0.1109,0.1109,0.0
2025-01-19 00:35:00,0.1109,0.1109,0.1108,0.1108,182.0
2025-01-19 00:36:00,0.1107,0.1107,0.1106,0.1106,199.0
2025-01-19 00:37:00,0.1106,0.1106,0.1106,0.1106,95.0
2025-01-19 00:38:00,0.1106,0.1106,0.1106,0.1106,0.0
2025-01-19 00:39:00,0.1107,0.1107,0.1107,0.1107,4738.0
2025-01-19 00:40:00,0.1106,0.1106,0.1106,0.1106,5821.0
2025-01-19 00:41:00,0.1106,0.1106,0.1106,0.1106,4860.0
2025-01-19 00:42:00,0.1106,0.1106,0.1106,0.1106,1446.0
2025-01-19 00:43:00,0.1106,0.1106,0.1106,0.1106,0.0
2025-01-19 00:44:00,0.1107,0.1107,0.1106,0.1106,2296.0
2025-01-19 00:45:00,0.1107,0.1107,0.1107,0.1107,195.0
2025-01-19 00:46:00,0.1109,0.1109,0.1109,0.1109,3329.0
2025-01-19 00:47:00,0.111,0.111,0.111,0.111,4326.0
2025-01-19 00:48:00,0.111,0.111,0.1109,0.1109,1600.0
2025-01-19 00:49:00,0.1107,0.1107,0.1107,0.1107,1918.0
2025-01-19 00:50:00,0.1109,0.1109,0.1109,0.1109,1209.0
2025-01-19 00:51:00,0.1109,0.1109,0.1108,0.1108,1483.0
2025-01-19 00:52:00,0.1107,0.1107,0.1107,0.1107,370.0
2025-01-19 00:53:00,0.1108,0.1108,0.1108,0.1108,100.0
2025-01-19 00:54:00,0.1107,0.1107,0.1107,0.1107,196.0
2025-01-19 00:55:00,0.1107,0.1108,0.1107,0.1108,2208.0
2025-01-19 00:56:00,0.1108,0.1108,0.1108,0.1108,0.0
2025-01-19 00:57:00,0.1106,0.1106,0.1106,0.1106,187.0
2025-01-19 00:58:00,0.1106,0.1106,0.1106,0.1106,8726.0
2025-01-19 00:59:00,0.1107,0.1107,0.1107,0.1107,4585.0
2025-01-19 01:00:00,0.1107,0.1108,0.1107,0.1108,3784.0
2025-01-19 01:01:00,0.1107,0.1107,0.1107,0.1107,563.0
2025-01-19 01:02:00,0.1107,0.111,0.1107,0.111,6448.0
2025-01-19 01:03:00,0.111,0.111,0.111,0.111,9297.0
2025-01-19 01:04:00,0.111,0.111,0.111,0.111,7136.0
2025-01-19 01:05:00,0.1109,0.1109,0.1109,0.1109,1789.0
2025-01-19 01:06:00,0.1109,0.1109,0.1109,0.1109,1352.0
2025-01-19 01:07:00,0.1111,0.1111,0.1111,0.1111,4585.0
2025-01-19 01:08:00,0.1111,0.1112,0.1111,0.1112,18980.0
2025-01-19 01:09:00,0.1113,0.1114,0.1113,0.1114,30618.0
2025-01-19 01:10:00,0.1114,0.1116,0.1114,0.1116,31449.0
2025-01-19 01:11:00,0.1117,0.1118,0.1117,0.1117,11586.0
2025-01-19 01:12:00,0.1117,0.1119,0.1117,0.1118,47008.0
2025-01-19 01:13:00,0.1118,0.1118,0.1118,0.1118,1804.0
2025-01-19 01:14:00,0.1118,0.1118,0.1117,0.1117,10786.0
2025-01-19 01:15:00,0.1117,0.1118,0.1117,0.1118,866.0
2025-01-19 01:16:00,0.1117,0.1117,0.1115,0.1115,6866.0
2025-01-19 01:17:00,0.1115,0.1115,0.1115,0.1115,1454.0
2025-01-19 01:18:00,0.1116,0.1116,0.1115,0.1115,4259.0
2025-01-19 01:19:00,0.1116,0.1116,0.1116,0.1116,7953.0
2025-01-19 01:20:00,0.1116,0.1116,0.1116,0.1116,4886.0
2025-01-19 01:21:00,0.1115,0.1115,0.1115,0.1115,24372.0
2025-01-19 01:22:00,0.1115,0.1115,0.1115,0.1115,3066.0
2025-01-19 01:23:00,0.1115,0.1115,0.1115,0.1115,0.0
2025-01-19 01:24:00,0.1114,0.1114,0.1114,0.1114,7273.0
2025-01-19 01:25:00,0.1113,0.1115,0.1112,0.1115,50892.0
2025-01-19 01:26:00,0.1114,0.1114,0.1114,0.1114,1139.0
2025-01-19 01:27:00,0.1114,0.1114,0.1114,0.1114,27860.0
2025-01-19 01:28:00,0.1114,0.1114,0.1114,0.1114,313.0
2025-01-19 01:29:00,0.1114,0.1114,0.1114,0.1114,5382.0
2025-01-19 01:30:00,0.1115,0.1116,0.1115,0.1116,272.0
2025-01-19 01:31:00,0.1115,0.1115,0.1113,0.1113,13642.0
2025-01-19 01:32:00,0.1114,0.1114,0.1113,0.1113,2805.0
2025-01-19 01:33:00,0.1114,0.1114,0.1114,0.1114,3989.0
2025-01-19 01:34:00,0.1113,0.1115,0.1112,0.1114,12493.0
2025-01-19 01:35:00,0.1114,0.1114,0.1114,0.1114,53.0
2025-01-19 01:36:00,0.1114,0.1114,0.1114,0.1114,0.0
2025-01-19 01:37:00,0.1113,0.1113,0.1113,0.1113,5394.0
2025-01-19 01:38:00,0.1113,0.1113,0.1113,0.1113,0.0
2025-01-19 01:39:00,0.1117,0.1117,0.1117,0.1117,699.0
2025-01-19 01:40:00,0.1118,0.1119,0.1118,0.1119,11871.0
2025-01-19 01:41:00,0.1119,0.1119,0.1119,0.1119,20543.0
2025-01-19 01:42:00,0.1119,0.1119,0.1119,0.1119,9330.0
2025-01-19 01:43:00,0.1119,0.1119,0.1119,0.1119,0.0
2025-01-19 01:44:00,0.1119,0.1119,0.1119,0.1119,216.0
2025-01-19 01:45:00,0.1119,0.112,0.1119,0.112,23227.0
2025-01-19 01:46:00,0.1121,0.1121,0.1121,0.1121,8920.0
2025-01-19 01:47:00,0.1122,0.1123,0.1122,0.1122,16583.0
2025-01-19 01:48:00,0.1122,0.1123,0.1122,0.1123,11679.0
2025-01-19 01:49:00,0.1122,0.1123,0.1122,0.1123,1353.0
2025-01-19 01:50:00,0.1122,0.1123,0.1122,0.1123,341.0
2025-01-19 01:51:00,0.1122,0.1123,0.1122,0.1122,366.0
2025-01-19 01:52:00,0.1122,0.1123,0.1122,0.1123,1401.0
2025-01-19 01:53:00,0.1123,0.1123,0.1123,0.1123,1506.0
2025-01-19 01:54:00,0.1123,0.1123,0.1123,0.1123,173.0
2025-01-19 01:55:00,0.1122,0.1122,0.1122,0.1122,9445.0
2025-01-19 01:56:00,0.1123,0.1123,0.1123,0.1123,45.0
2025-01-19 01:57:00,0.1123,0.1123,0.1123,0.1123,0.0
2025-01-19 01:58:00,0.1122,0.1122,0.1122,0.1122,872.0
2025-01-19 01:59:00,0.1122,0.1122,0.1122,0.1122,0.0
2025-01-19 02:00:00,0.1123,0.1124,0.1123,0.1123,5915.0
2025-01-19 02:01:00,0.1123,0.1123,0.1123,0.1123,0.0
2025-01-19 02:02:00,0.1123,0.1123,0.1123,0.1123,0.0
2025-01-19 02:03:00,0.1121,0.1122,0.1121,0.1122,252.0
2025-01-19 02:04:00,0.1123,0.1124,0.1123,0.1123,25856.0
2025-01-19 02:05:00,0.1123,0.1123,0.1123,0.1123,0.0
2025-01-19 02:06:00,0.1124,0.1124,0.1124,0.1124,1624.0
2025-01-19 02:07:00,0.1125,0.1126,0.1125,0.1126,17124.0
2025-01-19 02:08:00,0.1125,0.1125,0.1125,0.1125,98.0
2025-01-19 02:09:00,0.1127,0.1127,0.1127,0.1127,443.0
2025-01-19 02:10:00,0.1123,0.1124,0.1123,0.1124,528.0
2025-01-19 02:11:00,0.1124,0.1124,0.1124,0.1124,1358.0
2025-01-19 02:12:00,0.1124,0.1124,0.1124,0.1124,0.0
2025-01-19 02:13:00,0.1124,0.1125,0.1124,0.1125,5500.0
2025-01-19 02:14:00,0.1126,0.1127,0.1126,0.1127,11776.0
2025-01-19 02:15:00,0.1126,0.1126,0.1125,0.1125,376.0
2025-01-19 02:16:00,0.1125,0.1126,0.1125,0.1126,5358.0
2025-01-19 02:17:00,0.1126,0.1126,0.1125,0.1125,3953.0
2025-01-19 02:18:00,0.1125,0.1125,0.1125,0.1125,0.0
2025-01-19 02:19:00,0.1125,0.1125,0.1125,0.1125,2433.0
2025-01-19 02:20:00,0.1125,0.1125,0.1125,0.1125,0.0
2025-01-19 02:21:00,0.1126,0.1126,0.1126,0.1126,2258.0
2025-01-19 02:22:00,0.1127,0.1127,0.1127,0.1127,9563.0
2025-01-19 02:23:00,0.1127,0.1128,0.1127,0.1128,6510.0
2025-01-19 02:24:00,0.1128,0.1128,0.1128,0.1128,0.0
2025-01-19 02:25:00,0.1128,0.1128,0.1128,0.1128,5010.0
2025-01-19 02:26:00,0.1129,0.1129,0.1129,0.1129,2555.0
2025-01-19 02:27:00,0.1127,0.1127,0.1127,0.1127,200.0
2025-01-19 02:28:00,0.1128,0.1128,0.1128,0.1128,1487.0
2025-01-19 02:29:00,0.1128,0.1128,0.1128,0.1128,3130.0
2025-01-19 02:30:00,0.1128,0.1128,0.1128,0.1128,93.0
2025-01-19 02:31:00,0.1129,0.1129,0.1129,0.1129,3657.0
2025-01-19 02:32:00,0.1128,0.1128,0.1128,0.1128,153.0
2025-01-19 02:33:00,0.1126,0.1126,0.1124,0.1124,44883.0
2025-01-19 02:34:00,0.1125,0.1125,0.1125,0.1125,6238.0
2025-01-19 02:35:00,0.1126,0.1126,0.1126,0.1126,1474.0
2025-01-19 02:36:00,0.1126,0.1127,0.1126,0.1127,8159.0
2025-01-19 02:37:00,0.1127,0.1127,0.1127,0.1127,0.0
2025-01-19 02:38:00,0.1128,0.1128,0.1128,0.1128,948.0
2025-01-19 02:39:00,0.113,0.113,0.113,0.113,128.0
2025-01-19 02:40:00,0.113,0.113,0.113,0.113,5648.0
2025-01-19 02:41:00,0.113,0.113,0.113,0.113,0.0
2025-01-19 02:42:00,0.1132,0.1132,0.1131,0.1132,12588.0
2025-01-19 02:43:00,0.1132,0.1132,0.1132,0.1132,0.0
2025-01-19 02:44:00,0.1132,0.1132,0.1132,0.1132,2430.0
2025-01-19 02:45:00,0.1129,0.1129,0.1129,0.1129,3982.0
2025-01-19 02:46:00,0.113,0.113,0.113,0.113,3701.0
2025-01-19 02:47:00,0.1129,0.1129,0.1129,0.1129,11887.0
2025-01-19 02:48:00,0.1128,0.1128,0.1126,0.1126,22749.0
2025-01-19 02:49:00,0.1126,0.1126,0.1125,0.1125,6368.0
2025-01-19 02:50:00,0.1124,0.1125,0.1124,0.1124,3679.0
2025-01-19 02:51:00,0.1124,0.1124,0.1124,0.1124,193.0
2025-01-19 02:52:00,0.1124,0.1124,0.1124,0.1124,0.0
2025-01-19 02:53:00,0.1126,0.1127,0.1126,0.1126,820.0
2025-01-19 02:54:00,0.1125,0.1125,0.1125,0.1125,779.0
2025-01-19 02:55:00,0.1125,0.1125,0.1125,0.1125,0.0
2025-01-19 02:56:00,0.1125,0.1125,0.1125,0.1125,424.0
2025-01-19 02:57:00,0.1124,0.1124,0.1124,0.1124,94.0
2025-01-19 02:58:00,0.1123,0.1123,0.1122,0.1122,11328.0
2025-01-19 02:59:00,0.1121,0.1121,0.1121,0.1121,628.0
2025-01-19 03:00:00,0.1122,0.1123,0.1121,0.1121,10830.0
2025-01-19 03:01:00,0.1121,0.1121,0.1121,0.1121,3201.0
2025-01-19 03:02:00,0.1121,0.1122,0.1121,0.1122,2744.0
2025-01-19 03:03:00,0.1123,0.1123,0.1122,0.1122,2529.0
2025-01-19 03:04:00,0.1122,0.1122,0.1122,0.1122,0.0
2025-01-19 03:05:00,0.1123,0.1125,0.1123,0.1124,2883.0
2025-01-19 03:06:00,0.1124,0.1124,0.1124,0.1124,0.0
2025-01-19 03:07:00,0.1124,0.1124,0.1124,0.1124,0.0
2025-01-19 03:08:00,0.1121,0.1121,0.112,0.112,30606.0
2025-01-19 03:09:00,0.1119,0.1119,0.1119,0.1119,50.0
2025-01-19 03:10:00,0.1117,0.1117,0.1116,0.1116,10032.0
2025-01-19 03:11:00,0.1116,0.1116,0.1116,0.1116,99.0
2025-01-19 03:12:00,0.1116,0.1116,0.1116,0.1116,0.0
2025-01-19 03:13:00,0.1116,0.1116,0.1116,0.1116,1226.0
2025-01-19 03:14:00,0.1115,0.1115,0.1115,0.1115,2811.0
2025-01-19 03:15:00,0.1116,0.1116,0.1115,0.1115,6038.0
2025-01-19 03:16:00,0.1115,0.1115,0.1115,0.1115,188.0
2025-01-19 03:17:00,0.1115,0.1115,0.1115,0.1115,0.0
2025-01-19 03:18:00,0.1118,0.1118,0.1118,0.1118,7015.0
2025-01-19 03:19:00,0.1119,0.1119,0.1119,0.1119,470.0
2025-01-19 03:20:00,0.112,0.112,0.1119,0.1119,20335.0
2025-01-19 03:21:00,0.1119,0.1119,0.1119,0.1119,0.0
2025-01-19 03:22:00,0.1117,0.1117,0.1117,0.1117,2386.0
2025-01-19 03:23:00,0.1117,0.1117,0.1117,0.1117,4506.0
2025-01-19 03:24:00,0.1116,0.1116,0.1114,0.1114,9733.0
2025-01-19 03:25:00,0.1114,0.1114,0.1113,0.1113,3993.0
2025-01-19 03:26:00,0.1112,0.1112,0.1112,0.1112,2466.0
2025-01-19 03:27:00,0.1112,0.1112,0.1112,0.1112,617.0
2025-01-19 03:28:00,0.1112,0.1112,0.1112,0.1112,726.0
2025-01-19 03:29:00,0.1113,0.1113,0.1113,0.1113,36283.0
2025-01-19 03:30:00,0.1115,0.1115,0.1115,0.1115,102.0
2025-01-19 03:31:00,0.1117,0.1117,0.1116,0.1116,5544.0
2025-01-19 03:32:00,0.1115,0.1115,0.1115,0.1115,187.0
2025-01-19 03:33:00,0.1115,0.1115,0.1115,0.1115,0.0
2025-01-19 03:34:00,0.1115,0.1115,0.1115,0.1115,0.0
2025-01-19 03:35:00,0.1115,0.1115,0.1115,0.1115,0.0
2025-01-19 03:36:00,0.1113,0.1115,0.1113,0.1115,907.0
2025-01-19 03:37:00,0.1113,0.1113,0.1113,0.1113,333.0
2025-01-19 03:38:00,0.1114,0.1114,0.1114,0.1114,223.0
2025-01-19 03:39:00,0.1113,0.1113,0.1113,0.1113,8176.0
2025-01-19 03:40:00,0.1113,0.1113,0.1113,0.1113,0.0
2025-01-19 03:41:00,0.1113,0.1114,0.1113,0.1114,346.0
2025-01-19 03:42:00,0.1112,0.1112,0.1112,0.1112,188.0
2025-01-19 03:43:00,0.1113,0.1113,0.1112,0.1112,1689.0
2025-01-19 03:44:00,0.1113,0.1113,0.1113,0.1113,629.0
2025-01-19 03:45:00,0.1113,0.1113,0.1113,0.1113,0.0
2025-01-19 03:46:00,0.1113,0.1113,0.1113,0.1113,0.0
2025-01-19 03:47:00,0.1114,0.1119,0.1114,0.1119,57662.0
2025-01-19 03:48:00,0.1119,0.1119,0.1119,0.1119,0.0
2025-01-19 03:49:00,0.1119,0.1119,0.1119,0.1119,0.0
2025-01-19 03:50:00,0.112,0.1121,0.112,0.1121,2402.0
2025-01-19 03:51:00,0.1121,0.1121,0.1121,0.1121,1378.0
2025-01-19 03:52:00,0.112,0.112,0.112,0.112,1378.0
2025-01-19 03:53:00,0.1119,0.1119,0.1118,0.1118,1683.0
2025-01-19 03:54:00,0.1118,0.1118,0.1118,0.1118,0.0
2025-01-19 03:55:00,0.1119,0.1119,0.1119,0.1119,5160.0
2025-01-19 03:56:00,0.1119,0.1119,0.1119,0.1119,0.0
2025-01-19 03:57:00,0.1116,0.1116,0.1115,0.1116,20126.0
2025-01-19 03:58:00,0.1115,0.1115,0.1115,0.1115,5705.0
2025-01-19 03:59:00,0.1114,0.1114,0.1114,0.1114,16400.0
2025-01-19 04:00:00,0.1112,0.1113,0.1112,0.1113,2746.0
2025-01-19 04:01:00,0.1112,0.1112,0.1109,0.1109,7124.0
2025-01-19 04:02:00,0.1109,0.1109,0.1109,0.1109,541.0
2025-01-19 04:03:00,0.111,0.111,0.111,0.111,130.0
2025-01-19 04:04:00,0.1108,0.1108,0.1108,0.1108,761.0
2025-01-19 04:05:00,0.1108,0.111,0.1107,0.111,8635.0
2025-01-19 04:06:00,0.111,0.111,0.111,0.111,74.0
2025-01-19 04:07:00,0.111,0.111,0.111,0.111,0.0
2025-01-19 04:08:00,0.111,0.111,0.111,0.111,0.0
2025-01-19 04:09:00,0.111,0.111,0.111,0.111,2764.0
2025-01-19 04:10:00,0.111,0.111,0.111,0.111,0.0
2025-01-19 04:11:00,0.1107,0.1117,0.1107,0.1111,585973.0
2025-01-19 04:12:00,0.111,0.111,0.1108,0.1109,69395.0
2025-01-19 04:13:00,0.1109,0.1115,0.1109,0.1115,59238.0
2025-01-19 04:14:00,0.1116,0.1118,0.1116,0.1117,69820.0
2025-01-19 04:15:00,0.1116,0.1119,0.1116,0.1117,19963.0
2025-01-19 04:16:00,0.1116,0.1116,0.1111,0.1111,25270.0
2025-01-19 04:17:00,0.1113,0.1113,0.1107,0.1108,37877.0
2025-01-19 04:18:00,0.1108,0.1109,0.1103,0.1107,68104.0
2025-01-19 04:19:00,0.1107,0.111,0.1106,0.1107,19163.0
2025-01-19 04:20:00,0.1107,0.1109,0.1106,0.1106,47477.0
2025-01-19 04:21:00,0.1109,0.1114,0.1109,0.1112,46855.0
2025-01-19 04:22:00,0.1113,0.1114,0.1111,0.1112,20561.0
2025-01-19 04:23:00,0.111,0.1113,0.111,0.1113,7731.0
2025-01-19 04:24:00,0.1114,0.1115,0.1112,0.1112,74428.0
2025-01-19 04:25:00,0.1115,0.1117,0.1115,0.1117,3245.0
2025-01-19 04:26:00,0.1116,0.1116,0.1111,0.1111,8493.0
2025-01-19 04:27:00,0.1111,0.1111,0.1109,0.1109,13699.0
2025-01-19 04:28:00,0.1109,0.1111,0.1109,0.1111,10986.0
2025-01-19 04:29:00,0.1111,0.1112,0.1111,0.1111,355.0
2025-01-19 04:30:00,0.1108,0.1108,0.1104,0.1104,18684.0
2025-01-19 04:31:00,0.1103,0.1103,0.1102,0.1103,15399.0
2025-01-19 04:32:00,0.1103,0.1103,0.11,0.1102,9277.0
2025-01-19 04:33:00,0.1103,0.1103,0.1101,0.1101,27408.0
2025-01-19 04:34:00,0.1103,0.1103,0.1103,0.1103,1567.0
2025-01-19 04:35:00,0.1104,0.1105,0.1104,0.1105,3961.0
2025-01-19 04:36:00,0.1105,0.1107,0.1105,0.1106,9950.0
2025-01-19 04:37:00,0.1107,0.1109,0.1107,0.1108,1773.0
2025-01-19 04:38:00,0.1109,0.1109,0.1109,0.1109,74.0
2025-01-19 04:39:00,0.111,0.1111,0.111,0.1111,15836.0
2025-01-19 04:40:00,0.1112,0.1113,0.1109,0.1109,13586.0
2025-01-19 04:41:00,0.1108,0.1108,0.1106,0.1106,7045.0
2025-01-19 04:42:00,0.1106,0.1106,0.1105,0.1106,8102.0
2025-01-19 04:43:00,0.1108,0.1109,0.1107,0.1109,11651.0
2025-01-19 04:44:00,0.1108,0.1108,0.1106,0.1106,283.0
2025-01-19 04:45:00,0.1107,0.1107,0.1106,0.1106,1004.0
2025-01-19 04:46:00,0.1107,0.1108,0.1107,0.1108,1692.0
2025-01-19 04:47:00,0.1109,0.1112,0.1109,0.1112,13249.0
2025-01-19 04:48:00,0.1111,0.1112,0.1111,0.1111,27513.0
2025-01-19 04:49:00,0.1112,0.1112,0.1111,0.1111,7933.0
2025-01-19 04:50:00,0.1111,0.1113,0.1111,0.1112,128029.0
2025-01-19 04:51:00,0.1111,0.1111,0.1108,0.1108,37287.0
2025-01-19 04:52:00,0.1108,0.1112,0.1108,0.1112,6492.0
2025-01-19 04:53:00,0.1111,0.1111,0.111,0.1111,12217.0
2025-01-19 04:54:00,0.111,0.1111,0.1109,0.111,10418.0
2025-01-19 04:55:00,0.111,0.111,0.1108,0.1108,7761.0
2025-01-19 04:56:00,0.1109,0.1109,0.1107,0.1107,5936.0
2025-01-19 04:57:00,0.1108,0.1109,0.1108,0.1109,2215.0
2025-01-19 04:58:00,0.1108,0.1108,0.1108,0.1108,3950.0
2025-01-19 04:59:00,0.1107,0.1107,0.1107,0.1107,8147.0
2025-01-19 05:00:00,0.1106,0.1107,0.1104,0.1107,13877.0
2025-01-19 05:01:00,0.1108,0.1108,0.1106,0.1107,29869.0
2025-01-19 05:02:00,0.1106,0.1106,0.1104,0.1104,4582.0
2025-01-19 05:03:00,0.1106,0.1106,0.1105,0.1105,3617.0
2025-01-19 05:04:00,0.1105,0.1105,0.1103,0.1103,20020.0
2025-01-19 05:05:00,0.1102,0.1102,0.1101,0.1102,28560.0
2025-01-19 05:06:00,0.1102,0.1103,0.1101,0.1102,23206.0
2025-01-19 05:07:00,0.1105,0.1107,0.1105,0.1107,14087.0
2025-01-19 05:08:00,0.1107,0.1107,0.1104,0.1104,27932.0
2025-01-19 05:09:00,0.1104,0.1104,0.1101,0.1101,25759.0
2025-01-19 05:10:00,0.1103,0.1105,0.1103,0.1104,11571.0
2025-01-19 05:11:00,0.1101,0.1101,0.11,0.11,8224.0
2025-01-19 05:12:00,0.1102,0.1102,0.1101,0.1101,16048.0
2025-01-19 05:13:00,0.1101,0.1101,0.1097,0.1097,13817.0
2025-01-19 05:14:00,0.1097,0.1098,0.1097,0.1098,1056.0
2025-01-19 05:15:00,0.1098,0.1098,0.1097,0.1097,211.0
2025-01-19 05:16:00,0.1098,0.11,0.1098,0.11,10883.0
2025-01-19 05:17:00,0.1101,0.1101,0.11,0.11,5451.0
2025-01-19 05:18:00,0.1099,0.1099,0.1099,0.1099,7398.0
2025-01-19 05:19:00,0.1099,0.11,0.1098,0.11,2742.0
2025-01-19 05:20:00,0.1101,0.1102,0.1101,0.1102,11713.0
2025-01-19 05:21:00,0.1103,0.1106,0.1103,0.1106,10543.0
2025-01-19 05:22:00,0.1106,0.1108,0.1106,0.1107,845.0
2025-01-19 05:23:00,0.1107,0.1107,0.1107,0.1107,0.0
2025-01-19 05:24:00,0.1108,0.1108,0.1108,0.1108,7367.0
2025-01-19 05:25:00,0.1108,0.1109,0.1108,0.1109,1785.0
2025-01-19 05:26:00,0.1108,0.1108,0.1108,0.1108,1338.0
2025-01-19 05:27:00,0.1107,0.1107,0.1106,0.1107,30857.0
2025-01-19 05:28:00,0.1106,0.1106,0.1106,0.1106,4929.0
2025-01-19 05:29:00,0.1107,0.1107,0.1107,0.1107,3032.0
2025-01-19 05:30:00,0.1106,0.1106,0.1106,0.1106,167.0
2025-01-19 05:31:00,0.1105,0.1105,0.1103,0.1103,8565.0
2025-01-19 05:32:00,0.1102,0.1104,0.1102,0.1102,8860.0
2025-01-19 05:33:00,0.1102,0.1102,0.1102,0.1102,2830.0
2025-01-19 05:34:00,0.1102,0.1102,0.1101,0.1101,7116.0
2025-01-19 05:35:00,0.1101,0.1101,0.1101,0.1101,826.0
2025-01-19 05:36:00,0.1101,0.1101,0.1101,0.1101,80.0
2025-01-19 05:37:00,0.1103,0.1103,0.1102,0.1102,1265.0
2025-01-19 05:38:00,0.1103,0.1103,0.1103,0.1103,100.0
2025-01-19 05:39:00,0.1102,0.1102,0.1102,0.1102,75.0
2025-01-19 05:40:00,0.1101,0.1101,0.11,0.11,5127.0
2025-01-19 05:41:00,0.11,0.11,0.1099,0.1099,1577.0
2025-01-19 05:42:00,0.1098,0.1099,0.1098,0.1099,6931.0
2025-01-19 05:43:00,0.11,0.11,0.11,0.11,819.0
2025-01-19 05:44:00,0.1098,0.11,0.1098,0.11,5057.0
2025-01-19 05:45:00,0.11,0.11,0.11,0.11,2710.0
2025-01-19 05:46:00,0.1099,0.1099,0.1098,0.1098,4732.0
2025-01-19 05:47:00,0.1099,0.1099,0.1097,0.1097,6936.0
2025-01-19 05:48:00,0.1097,0.1097,0.1096,0.1097,29472.0
2025-01-19 05:49:00,0.1097,0.1097,0.1097,0.1097,0.0
2025-01-19 05:50:00,0.1102,0.1105,0.1102,0.1105,36049.0
2025-01-19 05:51:00,0.1104,0.1105,0.1104,0.1105,246.0
2025-01-19 05:52:00,0.1104,0.1104,0.1104,0.1104,192.0
2025-01-19 05:53:00,0.1105,0.1105,0.1104,0.1104,6568.0
2025-01-19 05:54:00,0.1104,0.1105,0.1104,0.1105,1863.0
2025-01-19 05:55:00,0.1105,0.1105,0.1105,0.1105,2028.0
2025-01-19 05:56:00,0.1106,0.1106,0.1106,0.1106,18067.0
2025-01-19 05:57:00,0.1106,0.1106,0.1106,0.1106,174.0
2025-01-19 05:58:00,0.1106,0.1106,0.1106,0.1106,0.0
2025-01-19 05:59:00,0.1106,0.1106,0.1106,0.1106,1578.0
2025-01-19 06:00:00,0.1106,0.1107,0.1106,0.1107,12956.0
