timestamp,open,high,low,close,volume
2025-01-13 00:00:00,2.11,2.111,2.104,2.108,8785.0
2025-01-13 00:01:00,2.109,2.109,2.102,2.105,8322.1
2025-01-13 00:02:00,2.106,2.108,2.106,2.106,1436.2
2025-01-13 00:03:00,2.107,2.11,2.107,2.108,7756.4
2025-01-13 00:04:00,2.108,2.109,2.105,2.109,16090.0
2025-01-13 00:05:00,2.108,2.11,2.106,2.108,3590.6
2025-01-13 00:06:00,2.106,2.112,2.105,2.109,5141.4
2025-01-13 00:07:00,2.11,2.112,2.11,2.111,1822.3
2025-01-13 00:08:00,2.111,2.112,2.111,2.112,700.4
2025-01-13 00:09:00,2.111,2.111,2.109,2.109,369.7
2025-01-13 00:10:00,2.109,2.111,2.109,2.11,545.5
2025-01-13 00:11:00,2.111,2.112,2.111,2.112,1081.5
2025-01-13 00:12:00,2.111,2.118,2.111,2.118,1752.2
2025-01-13 00:13:00,2.117,2.117,2.116,2.116,1339.7
2025-01-13 00:14:00,2.117,2.117,2.115,2.115,185.3
2025-01-13 00:15:00,2.117,2.12,2.117,2.118,3182.5
2025-01-13 00:16:00,2.118,2.124,2.117,2.123,7031.5
2025-01-13 00:17:00,2.122,2.123,2.119,2.119,3633.8
2025-01-13 00:18:00,2.12,2.121,2.118,2.119,5532.5
2025-01-13 00:19:00,2.119,2.119,2.116,2.116,1040.9
2025-01-13 00:20:00,2.117,2.118,2.114,2.114,1676.6
2025-01-13 00:21:00,2.113,2.113,2.111,2.111,2257.4
2025-01-13 00:22:00,2.112,2.116,2.112,2.116,6862.4
2025-01-13 00:23:00,2.116,2.118,2.116,2.118,377.3
2025-01-13 00:24:00,2.119,2.121,2.118,2.121,1095.5
2025-01-13 00:25:00,2.122,2.125,2.121,2.122,2494.9
2025-01-13 00:26:00,2.123,2.129,2.123,2.129,1383.5
2025-01-13 00:27:00,2.129,2.131,2.126,2.13,7753.1
2025-01-13 00:28:00,2.132,2.146,2.132,2.14,23095.8
2025-01-13 00:29:00,2.139,2.146,2.139,2.14,3699.2
2025-01-13 00:30:00,2.141,2.151,2.141,2.151,7864.2
2025-01-13 00:31:00,2.151,2.16,2.151,2.159,8155.1
2025-01-13 00:32:00,2.16,2.166,2.16,2.161,11524.2
2025-01-13 00:33:00,2.16,2.168,2.159,2.167,34696.5
2025-01-13 00:34:00,2.169,2.17,2.163,2.164,3503.4
2025-01-13 00:35:00,2.163,2.171,2.163,2.17,2179.5
2025-01-13 00:36:00,2.171,2.173,2.17,2.173,5608.5
2025-01-13 00:37:00,2.173,2.175,2.172,2.172,5407.4
2025-01-13 00:38:00,2.171,2.171,2.163,2.165,5172.1
2025-01-13 00:39:00,2.168,2.171,2.164,2.166,5936.8
2025-01-13 00:40:00,2.166,2.171,2.166,2.17,1763.9
2025-01-13 00:41:00,2.17,2.172,2.169,2.172,3624.0
2025-01-13 00:42:00,2.173,2.176,2.172,2.174,21738.8
2025-01-13 00:43:00,2.173,2.175,2.169,2.172,9842.8
2025-01-13 00:44:00,2.173,2.174,2.164,2.165,10010.3
2025-01-13 00:45:00,2.167,2.169,2.16,2.16,5342.8
2025-01-13 00:46:00,2.159,2.161,2.156,2.16,21870.5
2025-01-13 00:47:00,2.16,2.161,2.157,2.158,2810.6
2025-01-13 00:48:00,2.158,2.159,2.156,2.157,12922.9
2025-01-13 00:49:00,2.159,2.164,2.159,2.16,11569.3
2025-01-13 00:50:00,2.165,2.167,2.162,2.163,1880.7
2025-01-13 00:51:00,2.162,2.165,2.161,2.163,579.6
2025-01-13 00:52:00,2.161,2.162,2.156,2.158,3224.5
2025-01-13 00:53:00,2.159,2.159,2.157,2.157,336.4
2025-01-13 00:54:00,2.158,2.159,2.156,2.156,1520.3
2025-01-13 00:55:00,2.158,2.158,2.153,2.154,2079.5
2025-01-13 00:56:00,2.153,2.155,2.151,2.153,10008.7
2025-01-13 00:57:00,2.156,2.156,2.153,2.153,1411.6
2025-01-13 00:58:00,2.152,2.152,2.15,2.15,4796.0
2025-01-13 00:59:00,2.151,2.153,2.151,2.152,2154.3
2025-01-13 01:00:00,2.152,2.156,2.151,2.155,28418.6
2025-01-13 01:01:00,2.156,2.156,2.152,2.155,11989.4
2025-01-13 01:02:00,2.155,2.155,2.147,2.148,3516.2
2025-01-13 01:03:00,2.149,2.15,2.148,2.15,3036.7
2025-01-13 01:04:00,2.149,2.152,2.148,2.152,2684.0
2025-01-13 01:05:00,2.151,2.151,2.144,2.144,3084.1
2025-01-13 01:06:00,2.145,2.145,2.143,2.145,1076.6
2025-01-13 01:07:00,2.143,2.145,2.142,2.145,3883.5
2025-01-13 01:08:00,2.143,2.146,2.142,2.143,12509.6
2025-01-13 01:09:00,2.142,2.149,2.142,2.147,16616.9
2025-01-13 01:10:00,2.146,2.148,2.146,2.148,984.5
2025-01-13 01:11:00,2.149,2.149,2.145,2.145,10242.1
2025-01-13 01:12:00,2.144,2.148,2.144,2.146,1220.6
2025-01-13 01:13:00,2.146,2.146,2.142,2.142,687.9
2025-01-13 01:14:00,2.141,2.141,2.139,2.139,231.9
2025-01-13 01:15:00,2.141,2.141,2.135,2.137,1598.9
2025-01-13 01:16:00,2.139,2.141,2.131,2.131,3774.8
2025-01-13 01:17:00,2.131,2.134,2.131,2.132,834.1
2025-01-13 01:18:00,2.131,2.134,2.131,2.133,14008.5
2025-01-13 01:19:00,2.135,2.139,2.134,2.135,1468.9
2025-01-13 01:20:00,2.135,2.138,2.134,2.136,3873.7
2025-01-13 01:21:00,2.136,2.14,2.136,2.14,2464.7
2025-01-13 01:22:00,2.138,2.138,2.135,2.136,1910.4
2025-01-13 01:23:00,2.137,2.141,2.137,2.141,4092.4
2025-01-13 01:24:00,2.142,2.146,2.141,2.146,4456.5
2025-01-13 01:25:00,2.147,2.149,2.146,2.146,1508.0
2025-01-13 01:26:00,2.147,2.15,2.147,2.15,7134.3
2025-01-13 01:27:00,2.15,2.155,2.15,2.151,2109.3
2025-01-13 01:28:00,2.152,2.152,2.15,2.15,4263.0
2025-01-13 01:29:00,2.15,2.15,2.148,2.148,19471.3
2025-01-13 01:30:00,2.149,2.152,2.146,2.147,785.2
2025-01-13 01:31:00,2.148,2.148,2.144,2.147,2765.1
2025-01-13 01:32:00,2.148,2.153,2.148,2.15,3465.9
2025-01-13 01:33:00,2.151,2.155,2.15,2.154,6859.5
2025-01-13 01:34:00,2.153,2.153,2.15,2.15,4745.7
2025-01-13 01:35:00,2.15,2.152,2.149,2.149,635.8
2025-01-13 01:36:00,2.148,2.148,2.146,2.146,1299.0
2025-01-13 01:37:00,2.145,2.145,2.144,2.144,207.6
2025-01-13 01:38:00,2.144,2.144,2.138,2.142,1813.5
2025-01-13 01:39:00,2.143,2.143,2.142,2.143,2985.4
2025-01-13 01:40:00,2.141,2.141,2.137,2.137,6565.8
2025-01-13 01:41:00,2.137,2.137,2.134,2.135,15582.0
2025-01-13 01:42:00,2.134,2.135,2.134,2.135,3117.4
2025-01-13 01:43:00,2.136,2.137,2.134,2.134,2531.9
2025-01-13 01:44:00,2.135,2.136,2.134,2.134,689.2
2025-01-13 01:45:00,2.135,2.138,2.135,2.138,4085.7
2025-01-13 01:46:00,2.139,2.14,2.135,2.135,4478.3
2025-01-13 01:47:00,2.135,2.135,2.13,2.13,3477.6
2025-01-13 01:48:00,2.129,2.131,2.129,2.13,1488.8
2025-01-13 01:49:00,2.129,2.129,2.118,2.118,4844.2
2025-01-13 01:50:00,2.118,2.124,2.117,2.117,3591.8
2025-01-13 01:51:00,2.12,2.121,2.118,2.118,3907.8
2025-01-13 01:52:00,2.118,2.121,2.118,2.118,3291.5
2025-01-13 01:53:00,2.118,2.121,2.116,2.116,2850.5
2025-01-13 01:54:00,2.115,2.116,2.113,2.113,3343.9
2025-01-13 01:55:00,2.113,2.118,2.113,2.117,6104.8
2025-01-13 01:56:00,2.116,2.12,2.115,2.118,5532.1
2025-01-13 01:57:00,2.12,2.12,2.117,2.117,161.9
2025-01-13 01:58:00,2.116,2.117,2.116,2.117,281.4
2025-01-13 01:59:00,2.12,2.12,2.117,2.12,65.0
2025-01-13 02:00:00,2.12,2.126,2.12,2.122,4371.2
2025-01-13 02:01:00,2.124,2.124,2.122,2.123,127.8
2025-01-13 02:02:00,2.122,2.122,2.119,2.12,1088.8
2025-01-13 02:03:00,2.118,2.12,2.118,2.119,170.7
2025-01-13 02:04:00,2.12,2.12,2.117,2.118,620.1
2025-01-13 02:05:00,2.119,2.119,2.113,2.113,3376.4
2025-01-13 02:06:00,2.114,2.116,2.112,2.116,4498.1
2025-01-13 02:07:00,2.116,2.117,2.111,2.111,726.0
2025-01-13 02:08:00,2.111,2.112,2.11,2.111,944.1
2025-01-13 02:09:00,2.111,2.113,2.11,2.112,2524.4
2025-01-13 02:10:00,2.112,2.114,2.111,2.111,461.0
2025-01-13 02:11:00,2.111,2.111,2.11,2.11,365.9
2025-01-13 02:12:00,2.111,2.112,2.111,2.112,867.7
2025-01-13 02:13:00,2.113,2.114,2.112,2.113,2330.5
2025-01-13 02:14:00,2.114,2.117,2.113,2.114,2990.9
2025-01-13 02:15:00,2.112,2.114,2.11,2.114,37498.3
2025-01-13 02:16:00,2.115,2.119,2.115,2.118,2738.2
2025-01-13 02:17:00,2.118,2.118,2.116,2.116,6557.7
2025-01-13 02:18:00,2.116,2.116,2.113,2.113,1711.1
2025-01-13 02:19:00,2.114,2.114,2.111,2.111,4487.4
2025-01-13 02:20:00,2.11,2.11,2.108,2.108,3680.8
2025-01-13 02:21:00,2.109,2.109,2.105,2.105,2753.5
2025-01-13 02:22:00,2.104,2.104,2.103,2.103,384.7
2025-01-13 02:23:00,2.102,2.104,2.102,2.104,1684.0
2025-01-13 02:24:00,2.103,2.103,2.101,2.103,1764.0
2025-01-13 02:25:00,2.104,2.104,2.1,2.104,3331.8
2025-01-13 02:26:00,2.104,2.107,2.104,2.107,1113.2
2025-01-13 02:27:00,2.105,2.107,2.104,2.107,507.7
2025-01-13 02:28:00,2.106,2.106,2.104,2.106,1820.1
2025-01-13 02:29:00,2.106,2.106,2.103,2.103,348.0
2025-01-13 02:30:00,2.104,2.104,2.102,2.103,1174.5
2025-01-13 02:31:00,2.101,2.101,2.095,2.096,28572.4
2025-01-13 02:32:00,2.096,2.098,2.095,2.095,1029.3
2025-01-13 02:33:00,2.095,2.095,2.095,2.095,1293.7
2025-01-13 02:34:00,2.096,2.1,2.096,2.099,1847.7
2025-01-13 02:35:00,2.098,2.098,2.095,2.095,436.9
2025-01-13 02:36:00,2.096,2.096,2.093,2.094,917.8
2025-01-13 02:37:00,2.093,2.093,2.091,2.091,314.9
2025-01-13 02:38:00,2.091,2.092,2.088,2.09,5355.7
2025-01-13 02:39:00,2.091,2.091,2.089,2.089,438.4
2025-01-13 02:40:00,2.09,2.093,2.089,2.089,4759.4
2025-01-13 02:41:00,2.089,2.089,2.085,2.085,4538.0
2025-01-13 02:42:00,2.085,2.088,2.085,2.086,5497.3
2025-01-13 02:43:00,2.086,2.089,2.086,2.089,2390.7
2025-01-13 02:44:00,2.087,2.087,2.083,2.083,2456.2
2025-01-13 02:45:00,2.083,2.084,2.078,2.079,24533.8
2025-01-13 02:46:00,2.078,2.078,2.075,2.077,10380.3
2025-01-13 02:47:00,2.076,2.076,2.069,2.072,18631.5
2025-01-13 02:48:00,2.072,2.073,2.069,2.071,13343.0
2025-01-13 02:49:00,2.07,2.07,2.067,2.068,1679.5
2025-01-13 02:50:00,2.067,2.069,2.064,2.064,12119.2
2025-01-13 02:51:00,2.062,2.064,2.062,2.064,3798.5
2025-01-13 02:52:00,2.065,2.065,2.062,2.062,1192.5
2025-01-13 02:53:00,2.063,2.066,2.062,2.065,2932.8
2025-01-13 02:54:00,2.064,2.072,2.064,2.07,7130.4
2025-01-13 02:55:00,2.069,2.072,2.067,2.068,962.0
2025-01-13 02:56:00,2.066,2.072,2.066,2.071,4223.9
2025-01-13 02:57:00,2.073,2.078,2.072,2.076,5145.7
2025-01-13 02:58:00,2.077,2.08,2.077,2.079,1256.1
2025-01-13 02:59:00,2.078,2.079,2.078,2.078,1229.4
2025-01-13 03:00:00,2.079,2.083,2.078,2.078,3346.8
2025-01-13 03:01:00,2.079,2.087,2.079,2.086,2514.2
2025-01-13 03:02:00,2.087,2.087,2.085,2.087,1012.5
2025-01-13 03:03:00,2.087,2.092,2.086,2.092,2662.4
2025-01-13 03:04:00,2.093,2.094,2.092,2.093,4382.7
2025-01-13 03:05:00,2.092,2.092,2.09,2.09,1823.1
2025-01-13 03:06:00,2.091,2.093,2.089,2.093,2182.6
2025-01-13 03:07:00,2.092,2.092,2.091,2.091,437.0
2025-01-13 03:08:00,2.089,2.089,2.088,2.089,956.3
2025-01-13 03:09:00,2.089,2.089,2.085,2.088,7304.8
2025-01-13 03:10:00,2.088,2.089,2.082,2.083,4874.4
2025-01-13 03:11:00,2.081,2.081,2.08,2.081,562.8
2025-01-13 03:12:00,2.081,2.084,2.081,2.084,1819.4
2025-01-13 03:13:00,2.083,2.083,2.08,2.082,5477.5
2025-01-13 03:14:00,2.081,2.081,2.079,2.081,5076.8
2025-01-13 03:15:00,2.081,2.081,2.076,2.076,670.9
2025-01-13 03:16:00,2.074,2.077,2.073,2.077,1440.8
2025-01-13 03:17:00,2.079,2.082,2.079,2.08,2113.6
2025-01-13 03:18:00,2.08,2.08,2.076,2.076,1345.9
2025-01-13 03:19:00,2.075,2.079,2.075,2.078,1657.9
2025-01-13 03:20:00,2.076,2.076,2.074,2.076,4263.5
2025-01-13 03:21:00,2.078,2.078,2.073,2.073,1059.2
2025-01-13 03:22:00,2.073,2.073,2.066,2.067,17035.4
2025-01-13 03:23:00,2.068,2.07,2.066,2.067,2985.7
2025-01-13 03:24:00,2.067,2.071,2.067,2.07,4803.4
2025-01-13 03:25:00,2.068,2.069,2.068,2.068,575.0
2025-01-13 03:26:00,2.07,2.075,2.07,2.074,643.9
2025-01-13 03:27:00,2.075,2.077,2.075,2.077,1550.3
2025-01-13 03:28:00,2.075,2.075,2.074,2.074,269.2
2025-01-13 03:29:00,2.076,2.076,2.074,2.075,1352.6
2025-01-13 03:30:00,2.076,2.079,2.076,2.079,2387.3
2025-01-13 03:31:00,2.077,2.081,2.077,2.081,521.6
2025-01-13 03:32:00,2.079,2.079,2.07,2.073,28127.7
2025-01-13 03:33:00,2.072,2.072,2.07,2.071,3864.3
2025-01-13 03:34:00,2.073,2.077,2.073,2.077,3163.6
2025-01-13 03:35:00,2.075,2.075,2.069,2.072,72767.7
2025-01-13 03:36:00,2.072,2.072,2.07,2.07,2972.4
2025-01-13 03:37:00,2.071,2.071,2.07,2.07,1028.5
2025-01-13 03:38:00,2.071,2.071,2.07,2.07,3760.8
2025-01-13 03:39:00,2.071,2.072,2.068,2.072,1727.1
2025-01-13 03:40:00,2.072,2.072,2.07,2.07,340.3
2025-01-13 03:41:00,2.071,2.071,2.066,2.069,3915.9
2025-01-13 03:42:00,2.07,2.07,2.067,2.068,2048.0
2025-01-13 03:43:00,2.067,2.069,2.067,2.068,1750.0
2025-01-13 03:44:00,2.068,2.069,2.067,2.069,1129.1
2025-01-13 03:45:00,2.068,2.068,2.052,2.055,63955.7
2025-01-13 03:46:00,2.056,2.058,2.05,2.056,5448.0
2025-01-13 03:47:00,2.055,2.055,2.044,2.044,25209.1
2025-01-13 03:48:00,2.044,2.052,2.044,2.051,3274.2
2025-01-13 03:49:00,2.051,2.056,2.051,2.051,2955.7
2025-01-13 03:50:00,2.048,2.051,2.048,2.05,314.7
2025-01-13 03:51:00,2.049,2.052,2.048,2.052,157.8
2025-01-13 03:52:00,2.051,2.055,2.051,2.055,1022.2
2025-01-13 03:53:00,2.055,2.058,2.054,2.058,936.2
2025-01-13 03:54:00,2.057,2.058,2.055,2.057,6157.2
2025-01-13 03:55:00,2.055,2.055,2.052,2.054,1170.6
2025-01-13 03:56:00,2.054,2.054,2.051,2.053,8457.9
2025-01-13 03:57:00,2.053,2.053,2.05,2.052,1427.7
2025-01-13 03:58:00,2.052,2.054,2.051,2.052,2411.5
2025-01-13 03:59:00,2.054,2.054,2.048,2.049,22791.6
2025-01-13 04:00:00,2.049,2.049,2.045,2.046,5809.6
2025-01-13 04:01:00,2.047,2.049,2.045,2.045,2474.4
2025-01-13 04:02:00,2.045,2.052,2.045,2.052,3849.0
2025-01-13 04:03:00,2.052,2.056,2.052,2.056,4120.0
2025-01-13 04:04:00,2.053,2.055,2.051,2.051,3593.1
2025-01-13 04:05:00,2.054,2.055,2.054,2.054,1042.1
2025-01-13 04:06:00,2.053,2.053,2.051,2.052,473.4
2025-01-13 04:07:00,2.052,2.052,2.05,2.051,237.6
2025-01-13 04:08:00,2.054,2.055,2.053,2.053,2228.0
2025-01-13 04:09:00,2.053,2.056,2.053,2.056,3908.3
2025-01-13 04:10:00,2.056,2.057,2.052,2.053,3347.5
2025-01-13 04:11:00,2.057,2.06,2.056,2.06,4385.1
2025-01-13 04:12:00,2.06,2.062,2.059,2.059,2596.6
2025-01-13 04:13:00,2.059,2.061,2.059,2.06,843.4
2025-01-13 04:14:00,2.06,2.06,2.059,2.059,1553.4
2025-01-13 04:15:00,2.061,2.065,2.061,2.063,2453.8
2025-01-13 04:16:00,2.064,2.067,2.064,2.066,2921.2
2025-01-13 04:17:00,2.067,2.069,2.067,2.068,3059.5
2025-01-13 04:18:00,2.067,2.071,2.067,2.069,77.9
2025-01-13 04:19:00,2.069,2.07,2.068,2.068,2214.7
2025-01-13 04:20:00,2.069,2.069,2.068,2.069,112.5
2025-01-13 04:21:00,2.07,2.071,2.069,2.069,561.6
2025-01-13 04:22:00,2.069,2.07,2.067,2.067,1701.1
2025-01-13 04:23:00,2.068,2.07,2.068,2.07,228.9
2025-01-13 04:24:00,2.071,2.076,2.071,2.075,740.1
2025-01-13 04:25:00,2.076,2.082,2.076,2.082,1971.6
2025-01-13 04:26:00,2.083,2.084,2.08,2.083,4442.6
2025-01-13 04:27:00,2.083,2.084,2.081,2.081,873.3
2025-01-13 04:28:00,2.081,2.084,2.081,2.084,7975.2
2025-01-13 04:29:00,2.084,2.086,2.083,2.083,7627.4
2025-01-13 04:30:00,2.082,2.082,2.08,2.082,1938.3
2025-01-13 04:31:00,2.083,2.086,2.083,2.086,1227.0
2025-01-13 04:32:00,2.085,2.089,2.085,2.089,1572.6
2025-01-13 04:33:00,2.084,2.084,2.082,2.082,2428.2
2025-01-13 04:34:00,2.082,2.082,2.081,2.081,861.5
2025-01-13 04:35:00,2.081,2.081,2.075,2.077,333.7
2025-01-13 04:36:00,2.078,2.079,2.077,2.077,119.4
2025-01-13 04:37:00,2.076,2.076,2.073,2.073,1582.7
2025-01-13 04:38:00,2.073,2.074,2.072,2.073,1520.0
2025-01-13 04:39:00,2.074,2.075,2.072,2.075,1048.5
2025-01-13 04:40:00,2.076,2.078,2.076,2.077,1544.1
2025-01-13 04:41:00,2.077,2.077,2.075,2.075,1443.5
2025-01-13 04:42:00,2.077,2.077,2.071,2.072,54901.5
2025-01-13 04:43:00,2.072,2.072,2.07,2.071,3841.7
2025-01-13 04:44:00,2.07,2.071,2.069,2.069,3052.3
2025-01-13 04:45:00,2.068,2.069,2.066,2.066,1096.4
2025-01-13 04:46:00,2.068,2.071,2.068,2.07,2759.7
2025-01-13 04:47:00,2.069,2.069,2.067,2.067,343.8
2025-01-13 04:48:00,2.066,2.066,2.065,2.066,336.1
2025-01-13 04:49:00,2.066,2.067,2.066,2.067,493.4
2025-01-13 04:50:00,2.066,2.067,2.066,2.067,46.9
2025-01-13 04:51:00,2.067,2.07,2.067,2.07,993.5
2025-01-13 04:52:00,2.07,2.071,2.068,2.068,1153.1
2025-01-13 04:53:00,2.067,2.068,2.067,2.068,52.9
2025-01-13 04:54:00,2.069,2.069,2.068,2.068,1724.3
2025-01-13 04:55:00,2.067,2.067,2.066,2.067,168.0
2025-01-13 04:56:00,2.067,2.068,2.067,2.068,195.0
2025-01-13 04:57:00,2.07,2.071,2.07,2.071,84.2
2025-01-13 04:58:00,2.068,2.07,2.068,2.07,78.4
2025-01-13 04:59:00,2.071,2.072,2.07,2.071,2053.4
2025-01-13 05:00:00,2.069,2.071,2.069,2.071,724.9
2025-01-13 05:01:00,2.071,2.071,2.065,2.067,4735.5
2025-01-13 05:02:00,2.066,2.066,2.065,2.065,20.9
2025-01-13 05:03:00,2.063,2.063,2.062,2.062,138.3
2025-01-13 05:04:00,2.06,2.06,2.058,2.058,1259.1
2025-01-13 05:05:00,2.059,2.06,2.056,2.057,1836.8
2025-01-13 05:06:00,2.057,2.057,2.051,2.052,2764.7
2025-01-13 05:07:00,2.054,2.06,2.053,2.06,2637.2
2025-01-13 05:08:00,2.059,2.059,2.056,2.057,413.8
2025-01-13 05:09:00,2.058,2.059,2.054,2.056,8232.9
2025-01-13 05:10:00,2.056,2.056,2.055,2.056,2299.1
2025-01-13 05:11:00,2.055,2.057,2.055,2.056,1765.5
2025-01-13 05:12:00,2.056,2.058,2.055,2.057,2910.8
2025-01-13 05:13:00,2.057,2.059,2.055,2.055,12133.8
2025-01-13 05:14:00,2.055,2.058,2.055,2.056,875.8
2025-01-13 05:15:00,2.058,2.064,2.058,2.064,1145.8
2025-01-13 05:16:00,2.062,2.063,2.061,2.062,1275.6
2025-01-13 05:17:00,2.062,2.062,2.061,2.061,583.7
2025-01-13 05:18:00,2.061,2.061,2.058,2.06,4957.1
2025-01-13 05:19:00,2.06,2.066,2.06,2.064,2813.6
2025-01-13 05:20:00,2.06,2.063,2.059,2.062,1078.2
2025-01-13 05:21:00,2.062,2.067,2.062,2.065,1548.7
2025-01-13 05:22:00,2.065,2.067,2.065,2.066,7646.7
2025-01-13 05:23:00,2.064,2.066,2.062,2.062,1563.9
2025-01-13 05:24:00,2.063,2.063,2.061,2.061,125.6
2025-01-13 05:25:00,2.058,2.06,2.058,2.06,351.3
2025-01-13 05:26:00,2.06,2.06,2.056,2.056,616.6
2025-01-13 05:27:00,2.057,2.059,2.057,2.059,417.8
2025-01-13 05:28:00,2.059,2.06,2.059,2.06,362.4
2025-01-13 05:29:00,2.058,2.06,2.058,2.059,1385.9
2025-01-13 05:30:00,2.057,2.061,2.057,2.061,1195.4
2025-01-13 05:31:00,2.061,2.061,2.058,2.058,490.5
2025-01-13 05:32:00,2.057,2.057,2.053,2.055,2555.9
2025-01-13 05:33:00,2.055,2.055,2.054,2.054,2528.0
2025-01-13 05:34:00,2.054,2.054,2.053,2.053,770.5
2025-01-13 05:35:00,2.052,2.056,2.052,2.054,936.7
2025-01-13 05:36:00,2.054,2.055,2.052,2.053,5325.2
2025-01-13 05:37:00,2.053,2.053,2.051,2.051,785.8
2025-01-13 05:38:00,2.05,2.051,2.047,2.048,13513.5
2025-01-13 05:39:00,2.048,2.049,2.048,2.048,603.8
2025-01-13 05:40:00,2.048,2.05,2.047,2.047,1126.4
2025-01-13 05:41:00,2.048,2.054,2.048,2.054,1328.0
2025-01-13 05:42:00,2.054,2.056,2.053,2.053,2217.4
2025-01-13 05:43:00,2.052,2.052,2.05,2.051,171.4
2025-01-13 05:44:00,2.05,2.051,2.05,2.05,1226.5
2025-01-13 05:45:00,2.051,2.051,2.044,2.044,3459.0
2025-01-13 05:46:00,2.045,2.046,2.044,2.044,119.7
2025-01-13 05:47:00,2.045,2.046,2.038,2.041,19765.2
2025-01-13 05:48:00,2.04,2.042,2.038,2.039,4880.3
2025-01-13 05:49:00,2.039,2.039,2.037,2.039,913.5
2025-01-13 05:50:00,2.041,2.042,2.038,2.04,4194.1
2025-01-13 05:51:00,2.041,2.045,2.04,2.045,2141.1
2025-01-13 05:52:00,2.044,2.045,2.043,2.044,1739.1
2025-01-13 05:53:00,2.045,2.047,2.045,2.046,1980.2
2025-01-13 05:54:00,2.046,2.047,2.046,2.046,581.2
2025-01-13 05:55:00,2.047,2.048,2.046,2.046,596.9
2025-01-13 05:56:00,2.047,2.047,2.045,2.045,250.0
2025-01-13 05:57:00,2.045,2.045,2.043,2.043,1359.3
2025-01-13 05:58:00,2.045,2.045,2.044,2.044,573.1
2025-01-13 05:59:00,2.044,2.046,2.044,2.045,140.5
2025-01-13 06:00:00,2.046,2.05,2.046,2.048,9374.3
2025-01-13 06:01:00,2.047,2.047,2.046,2.046,1102.4
2025-01-13 06:02:00,2.045,2.045,2.043,2.044,1558.8
2025-01-13 06:03:00,2.043,2.047,2.041,2.046,1075.0
2025-01-13 06:04:00,2.043,2.046,2.042,2.046,2043.3
2025-01-13 06:05:00,2.051,2.054,2.051,2.054,1096.8
2025-01-13 06:06:00,2.053,2.056,2.052,2.054,5241.7
2025-01-13 06:07:00,2.054,2.057,2.054,2.057,183.1
2025-01-13 06:08:00,2.056,2.056,2.054,2.054,1323.2
2025-01-13 06:09:00,2.055,2.055,2.05,2.05,290.6
2025-01-13 06:10:00,2.052,2.055,2.052,2.055,817.5
2025-01-13 06:11:00,2.053,2.053,2.05,2.05,393.1
2025-01-13 06:12:00,2.051,2.053,2.051,2.052,130.0
2025-01-13 06:13:00,2.052,2.054,2.052,2.054,23.1
2025-01-13 06:14:00,2.054,2.055,2.054,2.054,281.4
2025-01-13 06:15:00,2.05,2.051,2.049,2.051,681.6
2025-01-13 06:16:00,2.047,2.047,2.046,2.046,658.3
2025-01-13 06:17:00,2.047,2.047,2.044,2.044,655.5
2025-01-13 06:18:00,2.044,2.045,2.044,2.044,1233.4
2025-01-13 06:19:00,2.047,2.049,2.045,2.045,2872.9
2025-01-13 06:20:00,2.045,2.045,2.043,2.044,420.5
2025-01-13 06:21:00,2.044,2.045,2.043,2.045,8922.4
2025-01-13 06:22:00,2.046,2.047,2.046,2.047,532.9
2025-01-13 06:23:00,2.047,2.047,2.047,2.047,749.1
2025-01-13 06:24:00,2.047,2.048,2.047,2.048,688.7
2025-01-13 06:25:00,2.049,2.049,2.045,2.045,3407.5
2025-01-13 06:26:00,2.045,2.045,2.044,2.044,909.2
2025-01-13 06:27:00,2.044,2.044,2.039,2.039,1144.5
2025-01-13 06:28:00,2.039,2.039,2.035,2.037,4808.3
2025-01-13 06:29:00,2.036,2.04,2.036,2.04,5076.7
2025-01-13 06:30:00,2.039,2.044,2.038,2.044,1600.2
2025-01-13 06:31:00,2.043,2.043,2.04,2.04,894.7
2025-01-13 06:32:00,2.038,2.038,2.035,2.036,1229.6
2025-01-13 06:33:00,2.036,2.037,2.036,2.037,162.8
2025-01-13 06:34:00,2.036,2.037,2.032,2.032,3701.0
2025-01-13 06:35:00,2.032,2.032,2.03,2.03,13227.0
2025-01-13 06:36:00,2.03,2.032,2.027,2.029,7348.0
2025-01-13 06:37:00,2.029,2.029,2.026,2.027,7116.7
2025-01-13 06:38:00,2.026,2.03,2.026,2.027,5146.6
2025-01-13 06:39:00,2.029,2.033,2.028,2.029,5646.6
2025-01-13 06:40:00,2.029,2.033,2.028,2.032,3484.4
2025-01-13 06:41:00,2.034,2.034,2.029,2.029,28885.1
2025-01-13 06:42:00,2.03,2.03,2.027,2.029,1220.8
2025-01-13 06:43:00,2.027,2.03,2.025,2.028,6936.3
2025-01-13 06:44:00,2.027,2.029,2.025,2.028,1892.0
2025-01-13 06:45:00,2.028,2.028,2.023,2.025,4138.0
2025-01-13 06:46:00,2.024,2.024,2.021,2.021,10615.2
2025-01-13 06:47:00,2.02,2.022,2.011,2.014,48054.8
2025-01-13 06:48:00,2.014,2.018,2.014,2.015,5142.2
2025-01-13 06:49:00,2.017,2.023,2.015,2.017,13097.6
2025-01-13 06:50:00,2.016,2.02,2.013,2.015,11868.8
2025-01-13 06:51:00,2.015,2.015,2.009,2.011,9258.6
2025-01-13 06:52:00,2.011,2.015,2.011,2.013,2915.7
2025-01-13 06:53:00,2.016,2.016,2.009,2.009,1930.1
2025-01-13 06:54:00,2.009,2.01,2.006,2.007,5121.1
2025-01-13 06:55:00,2.008,2.01,2.005,2.005,3121.0
2025-01-13 06:56:00,2.008,2.013,2.007,2.011,4070.6
2025-01-13 06:57:00,2.01,2.015,2.01,2.014,1730.3
2025-01-13 06:58:00,2.013,2.018,2.013,2.015,5122.6
2025-01-13 06:59:00,2.015,2.017,2.014,2.017,18728.9
2025-01-13 07:00:00,2.019,2.019,2.015,2.015,2720.9
2025-01-13 07:01:00,2.018,2.02,2.015,2.02,5091.3
2025-01-13 07:02:00,2.02,2.02,2.016,2.016,2631.0
2025-01-13 07:03:00,2.017,2.017,2.014,2.016,4024.7
2025-01-13 07:04:00,2.016,2.02,2.015,2.015,1116.4
2025-01-13 07:05:00,2.015,2.015,2.008,2.008,3215.1
2025-01-13 07:06:00,2.01,2.011,2.007,2.007,2045.5
2025-01-13 07:07:00,2.009,2.01,2.006,2.009,3587.6
2025-01-13 07:08:00,2.01,2.017,2.01,2.014,3602.2
2025-01-13 07:09:00,2.015,2.02,2.014,2.019,7995.6
2025-01-13 07:10:00,2.02,2.024,2.019,2.022,27540.5
2025-01-13 07:11:00,2.023,2.023,2.018,2.018,1947.9
2025-01-13 07:12:00,2.018,2.018,2.016,2.017,3677.5
2025-01-13 07:13:00,2.017,2.017,2.016,2.016,1534.5
2025-01-13 07:14:00,2.017,2.017,2.012,2.012,2751.4
2025-01-13 07:15:00,2.012,2.012,2.009,2.012,3540.2
2025-01-13 07:16:00,2.011,2.012,2.011,2.012,2117.0
2025-01-13 07:17:00,2.011,2.017,2.011,2.016,8855.5
2025-01-13 07:18:00,2.016,2.018,2.016,2.017,848.0
2025-01-13 07:19:00,2.018,2.02,2.017,2.017,799.6
2025-01-13 07:20:00,2.017,2.022,2.017,2.022,315.7
2025-01-13 07:21:00,2.022,2.023,2.02,2.023,765.1
2025-01-13 07:22:00,2.024,2.028,2.024,2.026,3514.4
2025-01-13 07:23:00,2.027,2.027,2.026,2.026,721.3
2025-01-13 07:24:00,2.024,2.026,2.024,2.026,1695.5
2025-01-13 07:25:00,2.026,2.026,2.025,2.025,798.6
2025-01-13 07:26:00,2.024,2.025,2.024,2.024,608.9
2025-01-13 07:27:00,2.024,2.025,2.024,2.024,573.2
2025-01-13 07:28:00,2.025,2.026,2.024,2.026,3006.3
2025-01-13 07:29:00,2.026,2.028,2.026,2.026,1370.4
2025-01-13 07:30:00,2.026,2.026,2.022,2.022,703.2
2025-01-13 07:31:00,2.021,2.022,2.019,2.019,318.6
2025-01-13 07:32:00,2.018,2.024,2.018,2.024,931.7
2025-01-13 07:33:00,2.024,2.027,2.024,2.025,152.7
2025-01-13 07:34:00,2.025,2.026,2.025,2.026,537.0
2025-01-13 07:35:00,2.025,2.029,2.025,2.029,9323.8
2025-01-13 07:36:00,2.03,2.033,2.03,2.031,1825.8
2025-01-13 07:37:00,2.03,2.031,2.029,2.029,112.5
2025-01-13 07:38:00,2.029,2.03,2.028,2.028,3527.4
2025-01-13 07:39:00,2.028,2.029,2.026,2.027,710.7
2025-01-13 07:40:00,2.027,2.027,2.024,2.025,4730.3
2025-01-13 07:41:00,2.028,2.029,2.025,2.029,1948.5
2025-01-13 07:42:00,2.029,2.03,2.029,2.029,393.3
2025-01-13 07:43:00,2.029,2.03,2.029,2.03,139.2
2025-01-13 07:44:00,2.03,2.03,2.028,2.028,57.3
2025-01-13 07:45:00,2.028,2.028,2.025,2.025,1726.9
2025-01-13 07:46:00,2.025,2.025,2.023,2.025,1495.6
2025-01-13 07:47:00,2.026,2.026,2.024,2.025,1047.8
2025-01-13 07:48:00,2.025,2.025,2.021,2.021,648.7
2025-01-13 07:49:00,2.021,2.021,2.018,2.019,930.6
2025-01-13 07:50:00,2.017,2.019,2.015,2.019,824.7
2025-01-13 07:51:00,2.021,2.021,2.018,2.019,1804.5
2025-01-13 07:52:00,2.018,2.019,2.018,2.019,1393.7
2025-01-13 07:53:00,2.018,2.018,2.018,2.018,662.5
2025-01-13 07:54:00,2.019,2.02,2.019,2.019,389.3
2025-01-13 07:55:00,2.019,2.02,2.019,2.02,1540.5
2025-01-13 07:56:00,2.018,2.02,2.018,2.019,3130.5
2025-01-13 07:57:00,2.022,2.022,2.021,2.021,16.5
2025-01-13 07:58:00,2.02,2.021,2.02,2.021,141.5
2025-01-13 07:59:00,2.022,2.023,2.022,2.023,1054.1
2025-01-13 08:00:00,2.024,2.026,2.021,2.022,3780.4
2025-01-13 08:01:00,2.02,2.02,2.018,2.019,705.4
2025-01-13 08:02:00,2.018,2.019,2.017,2.019,4678.8
2025-01-13 08:03:00,2.02,2.02,2.014,2.016,2700.6
2025-01-13 08:04:00,2.015,2.017,2.014,2.014,2527.5
2025-01-13 08:05:00,2.013,2.014,2.011,2.011,579.9
2025-01-13 08:06:00,2.01,2.011,2.008,2.008,4347.3
2025-01-13 08:07:00,2.008,2.008,2.006,2.006,1187.6
2025-01-13 08:08:00,2.006,2.006,2.001,2.002,26606.3
2025-01-13 08:09:00,2.003,2.004,2.003,2.004,2676.7
2025-01-13 08:10:00,2.004,2.005,2.0,2.0,19564.9
2025-01-13 08:11:00,2.001,2.002,1.998,1.999,30859.8
2025-01-13 08:12:00,1.998,2.0,1.998,1.999,4468.4
2025-01-13 08:13:00,2.0,2.004,2.0,2.001,29913.4
2025-01-13 08:14:00,2.002,2.009,2.002,2.007,52904.0
2025-01-13 08:15:00,2.008,2.014,2.006,2.009,41224.4
2025-01-13 08:16:00,2.007,2.008,2.006,2.006,1695.3
2025-01-13 08:17:00,2.004,2.004,2.0,2.0,2871.6
2025-01-13 08:18:00,2.001,2.001,1.997,1.999,8293.9
2025-01-13 08:19:00,1.999,2.0,1.995,1.997,15589.1
2025-01-13 08:20:00,1.997,2.001,1.996,2.0,3963.8
2025-01-13 08:21:00,1.998,1.998,1.998,1.998,18.4
2025-01-13 08:22:00,1.997,1.999,1.993,1.995,13092.1
2025-01-13 08:23:00,1.994,1.994,1.98,1.982,19387.2
2025-01-13 08:24:00,1.983,1.992,1.983,1.989,6534.9
2025-01-13 08:25:00,1.989,1.993,1.987,1.993,21784.7
2025-01-13 08:26:00,1.992,1.996,1.992,1.995,2304.2
2025-01-13 08:27:00,1.995,2.0,1.994,1.995,16503.0
2025-01-13 08:28:00,1.995,1.996,1.993,1.995,3018.9
2025-01-13 08:29:00,1.992,1.993,1.991,1.992,1743.5
2025-01-13 08:30:00,1.994,1.995,1.99,1.99,4832.1
2025-01-13 08:31:00,1.992,1.996,1.991,1.994,11502.4
2025-01-13 08:32:00,1.992,1.992,1.989,1.989,17056.7
2025-01-13 08:33:00,1.989,1.99,1.987,1.989,6070.6
2025-01-13 08:34:00,1.988,1.994,1.988,1.994,8574.4
2025-01-13 08:35:00,1.993,1.996,1.993,1.996,2212.3
2025-01-13 08:36:00,1.998,1.999,1.997,1.997,1682.2
2025-01-13 08:37:00,1.997,1.997,1.994,1.994,1268.2
2025-01-13 08:38:00,1.994,1.995,1.994,1.994,1603.7
2025-01-13 08:39:00,1.993,1.996,1.992,1.996,6611.4
2025-01-13 08:40:00,1.996,1.997,1.995,1.997,3687.1
2025-01-13 08:41:00,1.997,1.997,1.995,1.995,416.9
2025-01-13 08:42:00,1.997,1.998,1.995,1.995,3558.4
2025-01-13 08:43:00,1.995,1.999,1.995,1.999,1356.6
2025-01-13 08:44:00,1.999,1.999,1.998,1.998,3689.5
2025-01-13 08:45:00,1.999,1.999,1.995,1.998,3092.9
2025-01-13 08:46:00,1.998,1.999,1.994,1.995,3161.3
2025-01-13 08:47:00,1.994,1.995,1.992,1.995,2214.1
2025-01-13 08:48:00,1.991,1.993,1.991,1.993,1019.9
2025-01-13 08:49:00,1.992,1.992,1.99,1.99,1060.3
2025-01-13 08:50:00,1.99,1.99,1.989,1.989,557.3
2025-01-13 08:51:00,1.988,1.989,1.987,1.988,1730.3
2025-01-13 08:52:00,1.988,1.989,1.986,1.986,10811.4
2025-01-13 08:53:00,1.986,1.987,1.982,1.983,25482.4
2025-01-13 08:54:00,1.982,1.982,1.98,1.982,14271.0
2025-01-13 08:55:00,1.982,1.986,1.982,1.985,7301.8
2025-01-13 08:56:00,1.985,1.987,1.984,1.985,3221.6
2025-01-13 08:57:00,1.986,1.99,1.986,1.987,2477.0
2025-01-13 08:58:00,1.988,1.988,1.987,1.988,1134.3
2025-01-13 08:59:00,1.988,1.989,1.987,1.988,998.9
2025-01-13 09:00:00,1.988,1.993,1.988,1.992,10099.2
2025-01-13 09:01:00,1.991,1.994,1.991,1.993,7083.9
2025-01-13 09:02:00,1.993,2.001,1.992,2.001,5391.7
2025-01-13 09:03:00,1.999,2.002,1.997,1.997,3829.0
2025-01-13 09:04:00,1.997,1.997,1.99,1.993,12974.5
2025-01-13 09:05:00,1.993,1.997,1.993,1.997,2383.3
2025-01-13 09:06:00,1.998,1.998,1.99,1.99,1922.3
2025-01-13 09:07:00,1.992,1.992,1.987,1.987,5836.0
2025-01-13 09:08:00,1.986,1.986,1.98,1.98,5103.9
2025-01-13 09:09:00,1.98,1.993,1.98,1.993,9348.5
2025-01-13 09:10:00,1.994,1.995,1.991,1.993,2636.8
2025-01-13 09:11:00,1.993,1.996,1.992,1.992,1110.3
2025-01-13 09:12:00,1.992,1.993,1.989,1.99,4335.0
2025-01-13 09:13:00,1.992,1.992,1.989,1.989,1348.3
2025-01-13 09:14:00,1.989,1.989,1.984,1.986,664.4
2025-01-13 09:15:00,1.984,1.986,1.981,1.986,3565.4
2025-01-13 09:16:00,1.985,1.985,1.982,1.985,5290.5
2025-01-13 09:17:00,1.983,1.983,1.982,1.983,588.2
2025-01-13 09:18:00,1.981,1.987,1.981,1.984,2553.2
2025-01-13 09:19:00,1.984,1.985,1.981,1.982,664.8
2025-01-13 09:20:00,1.983,1.983,1.979,1.98,4240.1
2025-01-13 09:21:00,1.984,1.985,1.98,1.98,1069.6
2025-01-13 09:22:00,1.981,1.982,1.98,1.981,338.8
2025-01-13 09:23:00,1.981,1.982,1.979,1.979,387.6
2025-01-13 09:24:00,1.978,1.979,1.972,1.976,13338.1
2025-01-13 09:25:00,1.978,1.984,1.978,1.982,1953.5
2025-01-13 09:26:00,1.983,1.984,1.981,1.982,2606.7
2025-01-13 09:27:00,1.981,1.982,1.978,1.982,3511.0
2025-01-13 09:28:00,1.981,1.981,1.978,1.978,365.9
2025-01-13 09:29:00,1.977,1.977,1.972,1.974,3680.4
2025-01-13 09:30:00,1.975,1.977,1.973,1.973,2840.1
2025-01-13 09:31:00,1.974,1.98,1.974,1.975,18632.4
2025-01-13 09:32:00,1.977,1.978,1.972,1.975,2158.1
2025-01-13 09:33:00,1.977,1.977,1.966,1.968,36813.2
2025-01-13 09:34:00,1.968,1.975,1.968,1.969,7476.8
2025-01-13 09:35:00,1.97,1.979,1.97,1.979,3915.5
2025-01-13 09:36:00,1.979,1.981,1.977,1.979,1924.7
2025-01-13 09:37:00,1.979,1.985,1.979,1.985,9380.0
2025-01-13 09:38:00,1.985,1.989,1.985,1.987,2844.0
2025-01-13 09:39:00,1.987,1.987,1.985,1.986,3481.3
2025-01-13 09:40:00,1.988,1.988,1.985,1.986,423.6
2025-01-13 09:41:00,1.985,1.985,1.983,1.983,574.5
2025-01-13 09:42:00,1.983,1.983,1.98,1.982,3111.7
2025-01-13 09:43:00,1.98,1.98,1.978,1.978,3068.6
2025-01-13 09:44:00,1.978,1.98,1.978,1.979,594.5
2025-01-13 09:45:00,1.979,1.98,1.978,1.979,592.4
2025-01-13 09:46:00,1.978,1.981,1.976,1.981,1914.6
2025-01-13 09:47:00,1.982,1.983,1.982,1.983,5890.3
2025-01-13 09:48:00,1.983,1.986,1.983,1.985,5524.0
2025-01-13 09:49:00,1.984,1.985,1.982,1.985,659.9
2025-01-13 09:50:00,1.984,1.985,1.983,1.985,191.7
2025-01-13 09:51:00,1.983,1.983,1.981,1.981,53.5
2025-01-13 09:52:00,1.979,1.981,1.979,1.98,1232.6
2025-01-13 09:53:00,1.981,1.984,1.981,1.983,450.0
2025-01-13 09:54:00,1.983,1.983,1.978,1.978,2523.3
2025-01-13 09:55:00,1.977,1.977,1.974,1.976,2925.0
2025-01-13 09:56:00,1.976,1.977,1.974,1.974,2190.0
2025-01-13 09:57:00,1.974,1.977,1.974,1.975,958.3
2025-01-13 09:58:00,1.974,1.976,1.974,1.976,1879.8
2025-01-13 09:59:00,1.976,1.976,1.974,1.975,1089.3
2025-01-13 10:00:00,1.976,1.976,1.969,1.969,7175.1
2025-01-13 10:01:00,1.97,1.971,1.968,1.971,1957.7
2025-01-13 10:02:00,1.969,1.969,1.964,1.968,4362.5
2025-01-13 10:03:00,1.969,1.969,1.964,1.964,827.0
2025-01-13 10:04:00,1.964,1.969,1.964,1.969,4010.8
2025-01-13 10:05:00,1.97,1.972,1.968,1.968,1511.7
2025-01-13 10:06:00,1.968,1.973,1.967,1.969,782.9
2025-01-13 10:07:00,1.969,1.971,1.968,1.968,946.6
2025-01-13 10:08:00,1.97,1.972,1.968,1.968,14678.2
2025-01-13 10:09:00,1.968,1.972,1.966,1.972,27482.2
2025-01-13 10:10:00,1.974,1.976,1.973,1.974,1644.8
2025-01-13 10:11:00,1.974,1.976,1.973,1.975,1757.8
2025-01-13 10:12:00,1.975,1.975,1.972,1.974,774.9
2025-01-13 10:13:00,1.974,1.975,1.968,1.969,4175.5
2025-01-13 10:14:00,1.969,1.969,1.969,1.969,858.1
2025-01-13 10:15:00,1.968,1.968,1.965,1.966,8287.3
2025-01-13 10:16:00,1.967,1.972,1.967,1.972,3700.6
2025-01-13 10:17:00,1.972,1.973,1.968,1.969,8302.3
2025-01-13 10:18:00,1.969,1.974,1.969,1.97,6232.5
2025-01-13 10:19:00,1.969,1.974,1.969,1.974,4703.1
2025-01-13 10:20:00,1.974,1.974,1.971,1.971,1881.9
2025-01-13 10:21:00,1.973,1.974,1.97,1.972,2219.0
2025-01-13 10:22:00,1.971,1.971,1.966,1.967,12092.7
2025-01-13 10:23:00,1.967,1.967,1.964,1.964,2743.7
2025-01-13 10:24:00,1.963,1.963,1.957,1.957,15679.7
2025-01-13 10:25:00,1.957,1.96,1.955,1.956,3265.7
2025-01-13 10:26:00,1.956,1.958,1.954,1.954,7508.7
2025-01-13 10:27:00,1.955,1.958,1.954,1.956,4737.2
2025-01-13 10:28:00,1.956,1.959,1.952,1.953,10719.4
2025-01-13 10:29:00,1.953,1.955,1.95,1.953,31384.7
2025-01-13 10:30:00,1.954,1.954,1.947,1.948,9961.1
2025-01-13 10:31:00,1.951,1.955,1.95,1.955,4017.9
2025-01-13 10:32:00,1.953,1.954,1.948,1.948,4353.3
2025-01-13 10:33:00,1.949,1.951,1.948,1.949,4730.2
2025-01-13 10:34:00,1.949,1.955,1.948,1.954,7103.3
2025-01-13 10:35:00,1.954,1.957,1.952,1.955,11121.9
2025-01-13 10:36:00,1.953,1.961,1.953,1.956,7428.0
2025-01-13 10:37:00,1.96,1.961,1.958,1.959,1912.1
2025-01-13 10:38:00,1.959,1.959,1.954,1.955,2888.9
2025-01-13 10:39:00,1.954,1.956,1.953,1.955,5444.0
2025-01-13 10:40:00,1.955,1.959,1.955,1.958,1497.7
2025-01-13 10:41:00,1.958,1.958,1.953,1.953,1336.8
2025-01-13 10:42:00,1.953,1.954,1.951,1.953,3188.8
2025-01-13 10:43:00,1.953,1.954,1.952,1.952,5694.5
2025-01-13 10:44:00,1.952,1.954,1.951,1.953,3767.8
2025-01-13 10:45:00,1.951,1.953,1.951,1.952,808.2
2025-01-13 10:46:00,1.951,1.957,1.951,1.957,3878.4
2025-01-13 10:47:00,1.956,1.958,1.954,1.954,3153.7
2025-01-13 10:48:00,1.952,1.952,1.949,1.949,1679.7
2025-01-13 10:49:00,1.949,1.95,1.947,1.947,2833.0
2025-01-13 10:50:00,1.947,1.949,1.946,1.946,3434.5
2025-01-13 10:51:00,1.946,1.947,1.945,1.946,673.8
2025-01-13 10:52:00,1.945,1.945,1.943,1.944,9422.0
2025-01-13 10:53:00,1.943,1.945,1.943,1.943,4609.1
2025-01-13 10:54:00,1.943,1.943,1.94,1.94,17479.8
2025-01-13 10:55:00,1.941,1.943,1.94,1.942,4300.6
2025-01-13 10:56:00,1.941,1.947,1.941,1.946,25959.9
2025-01-13 10:57:00,1.946,1.951,1.944,1.951,3326.9
2025-01-13 10:58:00,1.951,1.953,1.95,1.95,789.6
2025-01-13 10:59:00,1.949,1.95,1.947,1.947,952.7
2025-01-13 11:00:00,1.946,1.948,1.941,1.942,4726.2
2025-01-13 11:01:00,1.942,1.946,1.942,1.944,1042.0
2025-01-13 11:02:00,1.943,1.947,1.943,1.945,635.0
2025-01-13 11:03:00,1.946,1.947,1.944,1.947,5472.8
2025-01-13 11:04:00,1.946,1.946,1.944,1.945,1168.7
2025-01-13 11:05:00,1.945,1.95,1.945,1.947,1311.5
2025-01-13 11:06:00,1.945,1.946,1.941,1.941,3491.5
2025-01-13 11:07:00,1.941,1.945,1.941,1.944,3412.5
2025-01-13 11:08:00,1.944,1.944,1.937,1.937,12253.3
2025-01-13 11:09:00,1.939,1.94,1.929,1.931,148457.8
2025-01-13 11:10:00,1.931,1.933,1.93,1.931,4933.8
2025-01-13 11:11:00,1.931,1.933,1.931,1.931,8049.2
2025-01-13 11:12:00,1.932,1.936,1.932,1.935,1838.2
2025-01-13 11:13:00,1.935,1.936,1.932,1.933,37765.6
2025-01-13 11:14:00,1.933,1.933,1.931,1.931,5801.1
2025-01-13 11:15:00,1.931,1.933,1.93,1.93,4624.1
2025-01-13 11:16:00,1.929,1.934,1.929,1.934,5354.2
2025-01-13 11:17:00,1.934,1.935,1.928,1.929,1691.9
2025-01-13 11:18:00,1.928,1.935,1.928,1.933,8554.1
2025-01-13 11:19:00,1.934,1.934,1.93,1.931,1816.3
2025-01-13 11:20:00,1.931,1.933,1.929,1.931,3504.4
2025-01-13 11:21:00,1.932,1.937,1.931,1.934,1339.0
2025-01-13 11:22:00,1.935,1.94,1.934,1.94,2918.5
2025-01-13 11:23:00,1.939,1.94,1.938,1.939,2077.1
2025-01-13 11:24:00,1.939,1.939,1.936,1.936,2417.2
2025-01-13 11:25:00,1.936,1.937,1.934,1.936,1548.7
2025-01-13 11:26:00,1.935,1.936,1.932,1.934,11727.8
2025-01-13 11:27:00,1.933,1.934,1.93,1.93,8049.2
2025-01-13 11:28:00,1.929,1.931,1.928,1.929,1790.4
2025-01-13 11:29:00,1.928,1.93,1.928,1.929,542.3
2025-01-13 11:30:00,1.93,1.936,1.93,1.934,3472.8
2025-01-13 11:31:00,1.934,1.937,1.932,1.932,3956.4
2025-01-13 11:32:00,1.934,1.935,1.927,1.929,17256.5
2025-01-13 11:33:00,1.929,1.931,1.925,1.927,32505.4
2025-01-13 11:34:00,1.928,1.93,1.927,1.927,4719.7
2025-01-13 11:35:00,1.927,1.934,1.922,1.933,13767.4
2025-01-13 11:36:00,1.933,1.933,1.923,1.927,7020.9
2025-01-13 11:37:00,1.927,1.93,1.922,1.922,3303.6
2025-01-13 11:38:00,1.923,1.923,1.918,1.921,4522.3
2025-01-13 11:39:00,1.92,1.923,1.918,1.918,5711.2
2025-01-13 11:40:00,1.918,1.919,1.908,1.91,42016.9
2025-01-13 11:41:00,1.91,1.913,1.909,1.91,13072.4
2025-01-13 11:42:00,1.911,1.911,1.906,1.909,8647.7
2025-01-13 11:43:00,1.908,1.913,1.907,1.908,15584.3
2025-01-13 11:44:00,1.908,1.913,1.907,1.912,9748.3
2025-01-13 11:45:00,1.912,1.92,1.912,1.916,19014.7
2025-01-13 11:46:00,1.915,1.921,1.915,1.919,10048.6
2025-01-13 11:47:00,1.918,1.923,1.917,1.922,4780.7
2025-01-13 11:48:00,1.921,1.921,1.917,1.917,5972.3
2025-01-13 11:49:00,1.917,1.918,1.915,1.917,3108.1
2025-01-13 11:50:00,1.916,1.921,1.914,1.917,22523.0
2025-01-13 11:51:00,1.917,1.92,1.915,1.917,4844.6
2025-01-13 11:52:00,1.917,1.92,1.916,1.917,1815.0
2025-01-13 11:53:00,1.917,1.917,1.911,1.911,2748.4
2025-01-13 11:54:00,1.91,1.913,1.909,1.91,1653.2
2025-01-13 11:55:00,1.909,1.91,1.906,1.906,1553.4
2025-01-13 11:56:00,1.907,1.909,1.906,1.908,3733.5
2025-01-13 11:57:00,1.908,1.91,1.904,1.906,3782.8
2025-01-13 11:58:00,1.905,1.906,1.901,1.901,4155.5
2025-01-13 11:59:00,1.902,1.903,1.9,1.901,6550.2
2025-01-13 12:00:00,1.901,1.909,1.9,1.907,7646.2
2025-01-13 12:01:00,1.906,1.911,1.904,1.91,4045.6
2025-01-13 12:02:00,1.91,1.91,1.903,1.903,11694.0
2025-01-13 12:03:00,1.905,1.906,1.9,1.9,15099.4
2025-01-13 12:04:00,1.9,1.903,1.896,1.896,10996.3
2025-01-13 12:05:00,1.896,1.903,1.896,1.9,6785.2
2025-01-13 12:06:00,1.9,1.906,1.9,1.906,5100.8
2025-01-13 12:07:00,1.907,1.915,1.906,1.913,22005.8
2025-01-13 12:08:00,1.912,1.921,1.912,1.917,15796.5
2025-01-13 12:09:00,1.916,1.919,1.914,1.919,6251.5
2025-01-13 12:10:00,1.92,1.925,1.919,1.922,7029.9
2025-01-13 12:11:00,1.923,1.927,1.921,1.925,4507.3
2025-01-13 12:12:00,1.923,1.925,1.921,1.922,2208.5
2025-01-13 12:13:00,1.922,1.928,1.92,1.924,82435.0
2025-01-13 12:14:00,1.924,1.924,1.914,1.915,9070.6
2025-01-13 12:15:00,1.915,1.918,1.912,1.916,4157.4
2025-01-13 12:16:00,1.917,1.918,1.911,1.911,16489.0
2025-01-13 12:17:00,1.911,1.912,1.908,1.91,1027.5
2025-01-13 12:18:00,1.91,1.912,1.908,1.909,5269.3
2025-01-13 12:19:00,1.911,1.918,1.911,1.917,2359.9
2025-01-13 12:20:00,1.918,1.924,1.918,1.924,1990.5
2025-01-13 12:21:00,1.925,1.927,1.924,1.927,2945.3
2025-01-13 12:22:00,1.928,1.928,1.924,1.924,538.1
2025-01-13 12:23:00,1.925,1.926,1.925,1.926,75.1
2025-01-13 12:24:00,1.925,1.925,1.92,1.921,3430.5
2025-01-13 12:25:00,1.92,1.921,1.918,1.921,3177.5
2025-01-13 12:26:00,1.92,1.923,1.919,1.921,4934.6
2025-01-13 12:27:00,1.92,1.92,1.917,1.917,4087.2
2025-01-13 12:28:00,1.917,1.925,1.917,1.923,3119.2
2025-01-13 12:29:00,1.923,1.924,1.921,1.921,4442.5
2025-01-13 12:30:00,1.923,1.923,1.921,1.923,4039.5
2025-01-13 12:31:00,1.923,1.924,1.92,1.923,1959.4
2025-01-13 12:32:00,1.922,1.923,1.919,1.92,3718.8
2025-01-13 12:33:00,1.921,1.921,1.914,1.914,561.7
2025-01-13 12:34:00,1.915,1.917,1.915,1.915,844.9
2025-01-13 12:35:00,1.916,1.918,1.915,1.915,2607.8
2025-01-13 12:36:00,1.915,1.915,1.911,1.912,1832.5
2025-01-13 12:37:00,1.912,1.912,1.908,1.908,10095.2
2025-01-13 12:38:00,1.907,1.91,1.904,1.91,10211.7
2025-01-13 12:39:00,1.907,1.909,1.905,1.905,2194.7
2025-01-13 12:40:00,1.908,1.908,1.905,1.906,2705.3
2025-01-13 12:41:00,1.906,1.91,1.906,1.907,3911.2
2025-01-13 12:42:00,1.906,1.914,1.905,1.914,11674.7
2025-01-13 12:43:00,1.914,1.919,1.911,1.919,2987.2
2025-01-13 12:44:00,1.921,1.923,1.917,1.923,4674.2
2025-01-13 12:45:00,1.922,1.924,1.92,1.921,1703.6
2025-01-13 12:46:00,1.917,1.921,1.917,1.919,3553.3
2025-01-13 12:47:00,1.919,1.919,1.911,1.913,5757.1
2025-01-13 12:48:00,1.911,1.916,1.911,1.914,5010.0
2025-01-13 12:49:00,1.917,1.918,1.912,1.912,905.3
2025-01-13 12:50:00,1.913,1.916,1.913,1.916,957.7
2025-01-13 12:51:00,1.917,1.918,1.916,1.916,3572.8
2025-01-13 12:52:00,1.915,1.916,1.914,1.914,3547.1
2025-01-13 12:53:00,1.915,1.919,1.915,1.919,6670.9
2025-01-13 12:54:00,1.922,1.922,1.917,1.918,4585.8
2025-01-13 12:55:00,1.918,1.919,1.915,1.915,2391.6
2025-01-13 12:56:00,1.914,1.917,1.913,1.917,2651.2
2025-01-13 12:57:00,1.919,1.921,1.919,1.921,458.5
2025-01-13 12:58:00,1.92,1.921,1.916,1.916,594.9
2025-01-13 12:59:00,1.916,1.918,1.915,1.917,1901.8
2025-01-13 13:00:00,1.916,1.919,1.914,1.914,6508.1
2025-01-13 13:01:00,1.912,1.914,1.91,1.91,3058.0
2025-01-13 13:02:00,1.909,1.911,1.909,1.911,2083.3
2025-01-13 13:03:00,1.913,1.916,1.913,1.915,2676.9
2025-01-13 13:04:00,1.917,1.921,1.917,1.921,1809.6
2025-01-13 13:05:00,1.921,1.928,1.92,1.928,4078.5
2025-01-13 13:06:00,1.928,1.929,1.926,1.929,3749.0
2025-01-13 13:07:00,1.929,1.934,1.929,1.934,9974.1
2025-01-13 13:08:00,1.933,1.938,1.933,1.938,4168.2
2025-01-13 13:09:00,1.939,1.946,1.939,1.945,7668.0
2025-01-13 13:10:00,1.947,1.948,1.942,1.943,9836.1
2025-01-13 13:11:00,1.941,1.944,1.941,1.943,2198.7
2025-01-13 13:12:00,1.943,1.943,1.941,1.942,1505.4
2025-01-13 13:13:00,1.941,1.943,1.94,1.942,938.5
2025-01-13 13:14:00,1.943,1.957,1.943,1.945,94719.1
2025-01-13 13:15:00,1.944,1.949,1.944,1.948,3530.4
2025-01-13 13:16:00,1.949,1.951,1.945,1.945,1488.6
2025-01-13 13:17:00,1.946,1.956,1.946,1.955,7873.5
2025-01-13 13:18:00,1.956,1.967,1.955,1.966,11119.7
2025-01-13 13:19:00,1.966,1.97,1.966,1.969,10586.7
2025-01-13 13:20:00,1.968,1.968,1.964,1.966,11860.7
2025-01-13 13:21:00,1.966,1.966,1.958,1.959,6242.3
2025-01-13 13:22:00,1.955,1.961,1.954,1.96,5546.3
2025-01-13 13:23:00,1.96,1.966,1.96,1.966,4452.4
2025-01-13 13:24:00,1.964,1.967,1.962,1.962,10320.9
2025-01-13 13:25:00,1.962,1.962,1.958,1.96,9736.6
2025-01-13 13:26:00,1.958,1.966,1.958,1.965,35171.1
2025-01-13 13:27:00,1.96,1.961,1.958,1.958,1105.4
2025-01-13 13:28:00,1.957,1.96,1.956,1.958,9861.5
2025-01-13 13:29:00,1.957,1.957,1.95,1.95,3363.7
2025-01-13 13:30:00,1.95,1.95,1.941,1.941,3973.4
2025-01-13 13:31:00,1.945,1.947,1.942,1.947,17257.8
2025-01-13 13:32:00,1.947,1.955,1.947,1.954,3193.9
2025-01-13 13:33:00,1.955,1.956,1.954,1.955,7011.3
2025-01-13 13:34:00,1.956,1.958,1.954,1.955,3584.8
2025-01-13 13:35:00,1.955,1.956,1.953,1.953,12660.1
2025-01-13 13:36:00,1.952,1.956,1.95,1.956,20877.5
2025-01-13 13:37:00,1.955,1.956,1.952,1.954,8261.3
2025-01-13 13:38:00,1.954,1.954,1.949,1.949,5789.2
2025-01-13 13:39:00,1.95,1.953,1.95,1.95,2384.0
2025-01-13 13:40:00,1.95,1.95,1.944,1.946,6670.0
2025-01-13 13:41:00,1.946,1.951,1.946,1.95,12508.6
2025-01-13 13:42:00,1.947,1.948,1.945,1.945,7483.8
2025-01-13 13:43:00,1.946,1.95,1.945,1.945,9147.5
2025-01-13 13:44:00,1.946,1.95,1.945,1.947,6590.7
2025-01-13 13:45:00,1.946,1.946,1.94,1.944,8590.6
2025-01-13 13:46:00,1.945,1.945,1.939,1.94,7634.2
2025-01-13 13:47:00,1.94,1.942,1.935,1.937,5203.7
2025-01-13 13:48:00,1.937,1.939,1.936,1.938,1695.2
2025-01-13 13:49:00,1.938,1.938,1.934,1.935,3762.4
2025-01-13 13:50:00,1.937,1.943,1.937,1.943,17916.6
2025-01-13 13:51:00,1.941,1.941,1.94,1.94,1798.3
2025-01-13 13:52:00,1.941,1.941,1.939,1.939,2737.2
2025-01-13 13:53:00,1.94,1.944,1.94,1.944,1730.0
2025-01-13 13:54:00,1.945,1.945,1.943,1.944,377.9
2025-01-13 13:55:00,1.943,1.945,1.943,1.945,615.4
2025-01-13 13:56:00,1.944,1.946,1.942,1.944,5387.4
2025-01-13 13:57:00,1.943,1.945,1.943,1.943,1450.1
2025-01-13 13:58:00,1.943,1.946,1.942,1.946,1370.4
2025-01-13 13:59:00,1.946,1.946,1.941,1.942,2042.5
2025-01-13 14:00:00,1.942,1.943,1.938,1.941,1502.3
2025-01-13 14:01:00,1.94,1.94,1.936,1.94,4595.2
2025-01-13 14:02:00,1.938,1.94,1.934,1.934,1610.8
2025-01-13 14:03:00,1.934,1.934,1.925,1.929,17019.1
2025-01-13 14:04:00,1.929,1.935,1.928,1.932,10112.2
2025-01-13 14:05:00,1.94,1.94,1.931,1.931,3169.6
2025-01-13 14:06:00,1.937,1.938,1.936,1.938,1140.3
2025-01-13 14:07:00,1.939,1.941,1.936,1.937,3781.8
2025-01-13 14:08:00,1.938,1.946,1.938,1.944,1904.4
2025-01-13 14:09:00,1.942,1.943,1.94,1.942,1877.6
2025-01-13 14:10:00,1.943,1.943,1.935,1.935,5178.9
2025-01-13 14:11:00,1.934,1.935,1.933,1.935,2181.5
2025-01-13 14:12:00,1.933,1.935,1.931,1.934,1147.9
2025-01-13 14:13:00,1.934,1.94,1.934,1.939,3002.2
2025-01-13 14:14:00,1.939,1.941,1.938,1.94,1412.3
2025-01-13 14:15:00,1.939,1.944,1.939,1.942,1555.6
2025-01-13 14:16:00,1.939,1.94,1.937,1.937,4191.5
2025-01-13 14:17:00,1.941,1.941,1.939,1.94,2068.9
2025-01-13 14:18:00,1.94,1.94,1.938,1.939,810.2
2025-01-13 14:19:00,1.939,1.94,1.937,1.937,3295.9
2025-01-13 14:20:00,1.938,1.942,1.936,1.942,12999.1
2025-01-13 14:21:00,1.942,1.942,1.934,1.934,2217.8
2025-01-13 14:22:00,1.936,1.937,1.934,1.934,1851.0
2025-01-13 14:23:00,1.935,1.935,1.935,1.935,3.2
2025-01-13 14:24:00,1.938,1.94,1.933,1.933,5832.8
2025-01-13 14:25:00,1.933,1.935,1.931,1.931,2094.8
2025-01-13 14:26:00,1.933,1.933,1.93,1.931,490.8
2025-01-13 14:27:00,1.931,1.933,1.929,1.933,327.0
2025-01-13 14:28:00,1.933,1.935,1.932,1.935,7722.8
2025-01-13 14:29:00,1.934,1.94,1.934,1.94,4448.9
2025-01-13 14:30:00,1.939,1.94,1.934,1.937,3336.2
2025-01-13 14:31:00,1.939,1.939,1.93,1.932,4260.7
2025-01-13 14:32:00,1.932,1.936,1.932,1.932,2792.6
2025-01-13 14:33:00,1.93,1.93,1.913,1.914,22479.3
2025-01-13 14:34:00,1.915,1.919,1.898,1.907,127255.2
2025-01-13 14:35:00,1.906,1.916,1.891,1.893,134768.5
2025-01-13 14:36:00,1.894,1.924,1.893,1.918,84091.3
2025-01-13 14:37:00,1.919,1.93,1.914,1.926,48444.5
2025-01-13 14:38:00,1.926,1.942,1.925,1.942,25208.9
2025-01-13 14:39:00,1.941,1.944,1.936,1.936,15519.7
2025-01-13 14:40:00,1.936,1.952,1.935,1.947,11569.0
2025-01-13 14:41:00,1.948,1.956,1.946,1.947,20849.8
2025-01-13 14:42:00,1.946,1.952,1.943,1.952,6826.7
2025-01-13 14:43:00,1.953,1.962,1.946,1.962,12731.8
2025-01-13 14:44:00,1.963,1.969,1.96,1.963,26498.7
2025-01-13 14:45:00,1.96,1.966,1.96,1.964,7562.0
2025-01-13 14:46:00,1.962,1.962,1.95,1.955,21683.1
2025-01-13 14:47:00,1.957,1.959,1.952,1.959,43340.8
2025-01-13 14:48:00,1.958,1.971,1.958,1.97,10886.0
2025-01-13 14:49:00,1.969,1.969,1.964,1.964,23464.9
2025-01-13 14:50:00,1.968,1.971,1.966,1.971,3625.0
2025-01-13 14:51:00,1.969,1.983,1.968,1.981,10317.9
2025-01-13 14:52:00,1.981,1.985,1.978,1.983,23746.4
2025-01-13 14:53:00,1.984,1.985,1.978,1.981,9843.1
2025-01-13 14:54:00,1.981,1.987,1.981,1.987,4586.7
2025-01-13 14:55:00,1.987,1.987,1.98,1.984,3377.2
2025-01-13 14:56:00,1.984,1.99,1.983,1.986,7588.1
2025-01-13 14:57:00,1.986,1.986,1.978,1.98,6264.8
2025-01-13 14:58:00,1.979,1.98,1.971,1.971,5397.0
2025-01-13 14:59:00,1.97,1.971,1.965,1.968,10156.0
2025-01-13 15:00:00,1.969,1.971,1.963,1.97,11391.9
2025-01-13 15:01:00,1.968,1.968,1.961,1.966,1952.8
2025-01-13 15:02:00,1.968,1.98,1.968,1.979,36729.5
2025-01-13 15:03:00,1.979,1.98,1.976,1.976,5001.6
2025-01-13 15:04:00,1.979,1.982,1.978,1.98,16205.8
2025-01-13 15:05:00,1.979,1.989,1.978,1.989,19748.0
2025-01-13 15:06:00,1.988,1.994,1.988,1.994,5289.5
2025-01-13 15:07:00,1.992,1.995,1.991,1.993,1919.6
2025-01-13 15:08:00,1.994,1.999,1.991,1.999,6419.1
2025-01-13 15:09:00,1.999,1.999,1.995,1.996,2992.6
2025-01-13 15:10:00,1.998,1.999,1.991,1.992,12286.8
2025-01-13 15:11:00,1.991,1.993,1.99,1.99,1866.8
2025-01-13 15:12:00,1.992,1.997,1.991,1.996,43999.0
2025-01-13 15:13:00,1.996,2.0,1.993,1.999,5812.1
2025-01-13 15:14:00,1.999,2.001,1.998,2.0,2797.6
2025-01-13 15:15:00,1.999,1.999,1.993,1.993,5058.4
2025-01-13 15:16:00,1.992,1.994,1.99,1.993,6444.3
2025-01-13 15:17:00,1.993,2.001,1.99,2.001,1700.6
2025-01-13 15:18:00,2.001,2.01,2.001,2.01,4090.5
2025-01-13 15:19:00,2.009,2.012,2.007,2.008,25389.6
2025-01-13 15:20:00,2.007,2.02,2.007,2.015,61500.7
2025-01-13 15:21:00,2.014,2.02,2.014,2.02,5035.2
2025-01-13 15:22:00,2.02,2.022,2.016,2.016,2302.7
2025-01-13 15:23:00,2.015,2.021,2.013,2.018,6217.4
2025-01-13 15:24:00,2.018,2.019,2.009,2.009,8336.5
2025-01-13 15:25:00,2.006,2.006,2.001,2.001,3807.1
2025-01-13 15:26:00,2.001,2.001,1.995,1.998,8820.4
2025-01-13 15:27:00,1.998,2.002,1.995,1.996,3148.2
2025-01-13 15:28:00,1.996,1.997,1.992,1.992,1664.5
2025-01-13 15:29:00,1.991,1.995,1.987,1.995,4139.0
2025-01-13 15:30:00,1.995,1.995,1.985,1.988,3799.2
2025-01-13 15:31:00,1.989,1.998,1.989,1.996,1754.0
2025-01-13 15:32:00,1.994,2.002,1.994,2.001,1501.0
2025-01-13 15:33:00,2.0,2.003,1.999,2.003,1187.4
2025-01-13 15:34:00,2.002,2.002,1.995,1.997,1899.8
2025-01-13 15:35:00,1.995,2.004,1.995,2.004,2141.2
2025-01-13 15:36:00,2.006,2.006,1.998,2.0,4899.1
2025-01-13 15:37:00,2.001,2.004,1.998,2.004,1723.7
2025-01-13 15:38:00,2.003,2.004,2.0,2.002,1903.2
2025-01-13 15:39:00,2.003,2.012,2.003,2.012,6952.8
2025-01-13 15:40:00,2.012,2.012,2.008,2.012,1320.1
2025-01-13 15:41:00,2.013,2.018,2.012,2.015,2360.9
2025-01-13 15:42:00,2.016,2.016,2.013,2.016,2572.7
2025-01-13 15:43:00,2.014,2.014,2.008,2.008,2912.8
2025-01-13 15:44:00,2.01,2.014,2.01,2.011,2067.8
2025-01-13 15:45:00,2.013,2.013,2.008,2.009,2791.5
2025-01-13 15:46:00,2.006,2.006,2.003,2.003,1253.3
2025-01-13 15:47:00,2.004,2.004,2.0,2.0,346.9
2025-01-13 15:48:00,2.0,2.001,1.997,1.999,1453.9
2025-01-13 15:49:00,2.0,2.0,1.998,1.999,1898.6
2025-01-13 15:50:00,2.001,2.003,2.0,2.002,2434.5
2025-01-13 15:51:00,2.003,2.003,2.0,2.001,668.9
2025-01-13 15:52:00,1.996,1.997,1.995,1.997,3476.5
2025-01-13 15:53:00,1.995,1.999,1.995,1.997,692.0
2025-01-13 15:54:00,1.996,1.997,1.993,1.993,849.6
2025-01-13 15:55:00,1.995,1.995,1.992,1.992,226.7
2025-01-13 15:56:00,1.992,1.995,1.991,1.993,884.4
2025-01-13 15:57:00,1.995,1.997,1.995,1.996,3390.7
2025-01-13 15:58:00,1.997,1.998,1.997,1.998,15121.2
2025-01-13 15:59:00,1.996,1.996,1.994,1.994,214.0
2025-01-13 16:00:00,1.994,1.994,1.983,1.986,21996.0
2025-01-13 16:01:00,1.987,1.992,1.986,1.991,2169.2
2025-01-13 16:02:00,1.995,1.996,1.99,1.992,1917.6
2025-01-13 16:03:00,1.996,1.997,1.992,1.995,1412.4
2025-01-13 16:04:00,1.996,1.996,1.99,1.991,2728.9
2025-01-13 16:05:00,1.993,1.999,1.993,1.995,2080.5
2025-01-13 16:06:00,1.994,1.994,1.99,1.993,3745.5
2025-01-13 16:07:00,1.996,2.0,1.994,1.999,1489.0
2025-01-13 16:08:00,1.999,2.001,1.996,1.996,355.1
2025-01-13 16:09:00,1.995,1.996,1.987,1.987,1898.6
2025-01-13 16:10:00,1.988,1.993,1.988,1.989,1754.2
2025-01-13 16:11:00,1.989,1.992,1.985,1.99,13625.6
2025-01-13 16:12:00,1.991,1.991,1.987,1.987,1534.0
2025-01-13 16:13:00,1.985,1.986,1.982,1.983,7258.9
2025-01-13 16:14:00,1.983,1.992,1.982,1.992,13469.2
2025-01-13 16:15:00,1.993,1.995,1.991,1.995,974.5
2025-01-13 16:16:00,1.995,1.995,1.992,1.995,740.8
2025-01-13 16:17:00,1.992,1.995,1.986,1.986,18573.2
2025-01-13 16:18:00,1.99,1.99,1.985,1.985,2427.8
2025-01-13 16:19:00,1.986,1.986,1.983,1.986,754.8
2025-01-13 16:20:00,1.983,1.986,1.982,1.984,1008.8
2025-01-13 16:21:00,1.984,1.984,1.977,1.979,3170.6
2025-01-13 16:22:00,1.978,1.978,1.974,1.975,3141.0
2025-01-13 16:23:00,1.978,1.98,1.975,1.978,1792.8
2025-01-13 16:24:00,1.978,1.98,1.976,1.978,2488.4
2025-01-13 16:25:00,1.978,1.986,1.978,1.986,1348.2
2025-01-13 16:26:00,1.986,1.986,1.98,1.98,82.8
2025-01-13 16:27:00,1.98,1.982,1.979,1.98,1439.4
2025-01-13 16:28:00,1.981,1.981,1.979,1.979,263.3
2025-01-13 16:29:00,1.977,1.979,1.977,1.978,1169.1
2025-01-13 16:30:00,1.977,1.986,1.976,1.986,7055.6
2025-01-13 16:31:00,1.985,1.989,1.985,1.989,1073.4
2025-01-13 16:32:00,1.99,1.99,1.986,1.986,322.7
2025-01-13 16:33:00,1.987,1.988,1.987,1.987,140.1
2025-01-13 16:34:00,1.986,1.988,1.985,1.986,198.5
2025-01-13 16:35:00,1.984,1.988,1.983,1.988,107.7
2025-01-13 16:36:00,1.987,1.987,1.985,1.985,183.4
2025-01-13 16:37:00,1.985,1.985,1.984,1.985,147.5
2025-01-13 16:38:00,1.985,1.985,1.983,1.983,863.8
2025-01-13 16:39:00,1.983,1.983,1.982,1.982,474.7
2025-01-13 16:40:00,1.983,1.988,1.982,1.982,548.0
2025-01-13 16:41:00,1.985,1.988,1.985,1.987,1252.0
2025-01-13 16:42:00,1.985,1.985,1.98,1.982,1134.4
2025-01-13 16:43:00,1.981,1.983,1.981,1.983,5191.8
2025-01-13 16:44:00,1.984,1.987,1.984,1.985,2082.8
2025-01-13 16:45:00,1.986,1.989,1.986,1.989,196.9
2025-01-13 16:46:00,1.992,1.992,1.989,1.989,2027.0
2025-01-13 16:47:00,1.987,1.99,1.987,1.989,436.1
2025-01-13 16:48:00,1.986,1.986,1.983,1.983,558.3
2025-01-13 16:49:00,1.984,1.984,1.981,1.984,1666.8
2025-01-13 16:50:00,1.981,1.982,1.977,1.977,1367.9
2025-01-13 16:51:00,1.976,1.978,1.976,1.978,17.6
2025-01-13 16:52:00,1.975,1.975,1.975,1.975,50.0
2025-01-13 16:53:00,1.974,1.974,1.97,1.971,1747.0
2025-01-13 16:54:00,1.971,1.971,1.969,1.969,992.4
2025-01-13 16:55:00,1.971,1.971,1.969,1.97,597.7
2025-01-13 16:56:00,1.97,1.97,1.967,1.968,1144.3
2025-01-13 16:57:00,1.967,1.967,1.966,1.966,1141.9
2025-01-13 16:58:00,1.966,1.966,1.962,1.963,2413.7
2025-01-13 16:59:00,1.963,1.964,1.962,1.963,785.5
2025-01-13 17:00:00,1.963,1.963,1.96,1.963,5199.0
2025-01-13 17:01:00,1.965,1.97,1.965,1.966,3176.5
2025-01-13 17:02:00,1.965,1.971,1.964,1.971,1247.8
2025-01-13 17:03:00,1.972,1.972,1.968,1.971,2213.6
2025-01-13 17:04:00,1.97,1.972,1.966,1.967,1478.0
2025-01-13 17:05:00,1.966,1.966,1.964,1.966,3732.4
2025-01-13 17:06:00,1.968,1.968,1.961,1.961,909.6
2025-01-13 17:07:00,1.961,1.963,1.96,1.963,6043.9
2025-01-13 17:08:00,1.963,1.97,1.963,1.967,2597.9
2025-01-13 17:09:00,1.967,1.975,1.967,1.975,1508.7
2025-01-13 17:10:00,1.975,1.977,1.974,1.977,291.4
2025-01-13 17:11:00,1.977,1.978,1.974,1.978,327.1
2025-01-13 17:12:00,1.979,1.981,1.976,1.976,10131.7
2025-01-13 17:13:00,1.974,1.974,1.968,1.97,16268.5
2025-01-13 17:14:00,1.97,1.974,1.97,1.972,118.9
2025-01-13 17:15:00,1.973,1.975,1.971,1.975,3008.4
2025-01-13 17:16:00,1.973,1.974,1.972,1.974,178.4
2025-01-13 17:17:00,1.98,1.983,1.978,1.983,2070.6
2025-01-13 17:18:00,1.981,1.981,1.975,1.975,1838.6
2025-01-13 17:19:00,1.976,1.981,1.976,1.98,1126.2
2025-01-13 17:20:00,1.982,1.982,1.976,1.976,1472.8
2025-01-13 17:21:00,1.976,1.979,1.974,1.978,735.0
2025-01-13 17:22:00,1.976,1.976,1.972,1.973,180.1
2025-01-13 17:23:00,1.977,1.977,1.976,1.977,579.7
2025-01-13 17:24:00,1.978,1.979,1.975,1.975,1751.9
2025-01-13 17:25:00,1.976,1.979,1.974,1.979,7779.2
2025-01-13 17:26:00,1.977,1.979,1.977,1.978,2152.7
2025-01-13 17:27:00,1.98,1.985,1.98,1.984,1931.6
2025-01-13 17:28:00,1.981,1.985,1.98,1.985,742.5
2025-01-13 17:29:00,1.986,1.987,1.986,1.987,978.5
2025-01-13 17:30:00,1.985,1.985,1.978,1.978,2382.7
2025-01-13 17:31:00,1.977,1.979,1.977,1.979,1067.4
2025-01-13 17:32:00,1.978,1.982,1.978,1.979,553.0
2025-01-13 17:33:00,1.98,1.988,1.98,1.988,1645.9
2025-01-13 17:34:00,1.989,1.989,1.985,1.988,11313.7
2025-01-13 17:35:00,1.989,1.989,1.985,1.985,1088.4
2025-01-13 17:36:00,1.985,1.986,1.984,1.985,546.9
2025-01-13 17:37:00,1.986,1.986,1.983,1.983,1840.1
2025-01-13 17:38:00,1.979,1.981,1.979,1.98,2706.0
2025-01-13 17:39:00,1.979,1.979,1.973,1.973,4666.2
2025-01-13 17:40:00,1.973,1.973,1.97,1.97,1340.3
2025-01-13 17:41:00,1.97,1.971,1.968,1.969,1104.2
2025-01-13 17:42:00,1.972,1.973,1.971,1.972,175.0
2025-01-13 17:43:00,1.972,1.972,1.967,1.967,180.1
2025-01-13 17:44:00,1.967,1.968,1.965,1.967,4387.8
2025-01-13 17:45:00,1.968,1.971,1.968,1.971,413.1
2025-01-13 17:46:00,1.971,1.973,1.971,1.973,1434.1
2025-01-13 17:47:00,1.975,1.975,1.972,1.972,2072.3
2025-01-13 17:48:00,1.973,1.973,1.968,1.969,30332.5
2025-01-13 17:49:00,1.969,1.969,1.963,1.963,2572.1
2025-01-13 17:50:00,1.962,1.965,1.962,1.965,691.9
2025-01-13 17:51:00,1.965,1.965,1.958,1.958,725.2
2025-01-13 17:52:00,1.959,1.96,1.957,1.958,712.4
2025-01-13 17:53:00,1.958,1.958,1.957,1.957,319.6
2025-01-13 17:54:00,1.958,1.959,1.957,1.959,3213.1
2025-01-13 17:55:00,1.959,1.961,1.959,1.961,1923.4
2025-01-13 17:56:00,1.96,1.96,1.957,1.959,4880.9
2025-01-13 17:57:00,1.959,1.963,1.959,1.962,1900.1
2025-01-13 17:58:00,1.961,1.963,1.96,1.963,404.1
2025-01-13 17:59:00,1.963,1.963,1.961,1.961,725.4
2025-01-13 18:00:00,1.964,1.97,1.962,1.969,26189.2
2025-01-13 18:01:00,1.971,1.974,1.971,1.974,1554.8
2025-01-13 18:02:00,1.974,1.976,1.971,1.976,307.5
2025-01-13 18:03:00,1.976,1.981,1.975,1.981,1355.1
2025-01-13 18:04:00,1.982,1.982,1.979,1.98,1105.9
2025-01-13 18:05:00,1.981,1.984,1.98,1.98,5208.2
2025-01-13 18:06:00,1.978,1.984,1.976,1.983,2432.6
2025-01-13 18:07:00,1.983,1.983,1.979,1.981,3732.2
2025-01-13 18:08:00,1.981,1.985,1.981,1.982,3437.8
2025-01-13 18:09:00,1.979,1.979,1.975,1.978,2035.3
2025-01-13 18:10:00,1.979,1.979,1.974,1.975,1412.7
2025-01-13 18:11:00,1.973,1.973,1.969,1.971,1044.1
2025-01-13 18:12:00,1.968,1.969,1.965,1.968,1299.8
2025-01-13 18:13:00,1.967,1.967,1.963,1.963,7817.8
2025-01-13 18:14:00,1.964,1.967,1.963,1.964,3239.3
2025-01-13 18:15:00,1.964,1.964,1.96,1.963,826.3
2025-01-13 18:16:00,1.961,1.961,1.958,1.958,694.9
2025-01-13 18:17:00,1.956,1.959,1.956,1.957,238.4
2025-01-13 18:18:00,1.956,1.956,1.95,1.951,16839.2
2025-01-13 18:19:00,1.949,1.952,1.948,1.948,1278.8
2025-01-13 18:20:00,1.948,1.948,1.944,1.944,1227.4
2025-01-13 18:21:00,1.945,1.945,1.94,1.941,14416.6
2025-01-13 18:22:00,1.942,1.942,1.941,1.941,474.9
2025-01-13 18:23:00,1.943,1.948,1.942,1.946,1803.0
2025-01-13 18:24:00,1.945,1.945,1.94,1.942,14133.7
2025-01-13 18:25:00,1.941,1.944,1.941,1.944,1382.3
2025-01-13 18:26:00,1.943,1.944,1.941,1.944,793.6
2025-01-13 18:27:00,1.944,1.945,1.938,1.938,2944.1
2025-01-13 18:28:00,1.938,1.94,1.937,1.938,4229.5
2025-01-13 18:29:00,1.939,1.94,1.935,1.935,1047.3
2025-01-13 18:30:00,1.936,1.948,1.936,1.948,3558.1
2025-01-13 18:31:00,1.946,1.948,1.943,1.945,896.6
2025-01-13 18:32:00,1.948,1.951,1.947,1.951,4692.9
2025-01-13 18:33:00,1.952,1.955,1.951,1.955,1571.4
2025-01-13 18:34:00,1.956,1.956,1.954,1.954,4471.5
2025-01-13 18:35:00,1.956,1.958,1.956,1.958,561.0
2025-01-13 18:36:00,1.958,1.962,1.957,1.962,2179.6
2025-01-13 18:37:00,1.963,1.965,1.958,1.958,5075.6
2025-01-13 18:38:00,1.96,1.96,1.957,1.958,201.6
2025-01-13 18:39:00,1.962,1.963,1.959,1.962,782.8
2025-01-13 18:40:00,1.961,1.965,1.961,1.964,2687.3
2025-01-13 18:41:00,1.961,1.961,1.955,1.955,3282.6
2025-01-13 18:42:00,1.955,1.956,1.953,1.954,1667.4
2025-01-13 18:43:00,1.952,1.954,1.952,1.954,1545.2
2025-01-13 18:44:00,1.953,1.957,1.953,1.954,779.9
2025-01-13 18:45:00,1.955,1.955,1.949,1.952,3221.7
2025-01-13 18:46:00,1.958,1.96,1.958,1.959,1585.8
2025-01-13 18:47:00,1.96,1.964,1.96,1.964,1808.2
2025-01-13 18:48:00,1.963,1.965,1.961,1.963,451.2
2025-01-13 18:49:00,1.964,1.971,1.964,1.97,2014.5
2025-01-13 18:50:00,1.97,1.972,1.966,1.966,5547.1
2025-01-13 18:51:00,1.966,1.969,1.965,1.968,1606.5
2025-01-13 18:52:00,1.966,1.966,1.962,1.962,1325.0
2025-01-13 18:53:00,1.964,1.965,1.961,1.963,3373.2
2025-01-13 18:54:00,1.961,1.961,1.957,1.958,1018.1
2025-01-13 18:55:00,1.961,1.965,1.959,1.965,1337.2
2025-01-13 18:56:00,1.966,1.967,1.964,1.964,1292.6
2025-01-13 18:57:00,1.967,1.969,1.967,1.969,1729.2
2025-01-13 18:58:00,1.967,1.967,1.965,1.965,1115.4
2025-01-13 18:59:00,1.965,1.967,1.964,1.967,100.0
2025-01-13 19:00:00,1.964,1.965,1.958,1.958,2623.0
2025-01-13 19:01:00,1.963,1.968,1.961,1.966,1744.3
2025-01-13 19:02:00,1.965,1.968,1.963,1.966,629.4
2025-01-13 19:03:00,1.967,1.971,1.967,1.97,1803.6
2025-01-13 19:04:00,1.971,1.973,1.971,1.971,1563.1
2025-01-13 19:05:00,1.974,1.978,1.974,1.978,5903.2
2025-01-13 19:06:00,1.979,1.982,1.974,1.974,4508.5
2025-01-13 19:07:00,1.974,1.981,1.974,1.98,802.4
2025-01-13 19:08:00,1.982,1.982,1.979,1.98,3471.5
2025-01-13 19:09:00,1.98,1.984,1.979,1.979,856.6
2025-01-13 19:10:00,1.98,1.982,1.978,1.982,1929.7
2025-01-13 19:11:00,1.98,1.98,1.978,1.978,1687.2
2025-01-13 19:12:00,1.978,1.979,1.975,1.975,884.9
2025-01-13 19:13:00,1.975,1.975,1.969,1.969,4790.6
2025-01-13 19:14:00,1.971,1.971,1.97,1.97,7097.2
2025-01-13 19:15:00,1.968,1.969,1.964,1.966,4133.2
2025-01-13 19:16:00,1.967,1.967,1.964,1.965,1203.0
2025-01-13 19:17:00,1.963,1.963,1.956,1.956,25087.9
2025-01-13 19:18:00,1.956,1.959,1.954,1.958,23368.1
2025-01-13 19:19:00,1.961,1.962,1.954,1.954,303.9
2025-01-13 19:20:00,1.954,1.954,1.948,1.95,3944.1
2025-01-13 19:21:00,1.951,1.951,1.949,1.95,221.2
2025-01-13 19:22:00,1.952,1.954,1.952,1.953,2460.5
2025-01-13 19:23:00,1.954,1.955,1.95,1.95,879.4
2025-01-13 19:24:00,1.951,1.953,1.951,1.953,4563.2
2025-01-13 19:25:00,1.954,1.957,1.954,1.956,7452.9
2025-01-13 19:26:00,1.957,1.959,1.957,1.958,5545.1
2025-01-13 19:27:00,1.959,1.962,1.958,1.961,6009.6
2025-01-13 19:28:00,1.961,1.961,1.959,1.959,963.2
2025-01-13 19:29:00,1.959,1.962,1.959,1.961,10027.4
2025-01-13 19:30:00,1.961,1.966,1.961,1.964,5546.6
2025-01-13 19:31:00,1.963,1.963,1.957,1.959,2076.4
2025-01-13 19:32:00,1.958,1.963,1.958,1.963,1693.9
2025-01-13 19:33:00,1.963,1.963,1.959,1.959,538.8
2025-01-13 19:34:00,1.958,1.963,1.958,1.963,373.2
2025-01-13 19:35:00,1.961,1.961,1.957,1.961,1061.0
2025-01-13 19:36:00,1.962,1.965,1.962,1.962,306.9
2025-01-13 19:37:00,1.96,1.965,1.96,1.965,709.6
2025-01-13 19:38:00,1.966,1.971,1.966,1.97,1032.4
2025-01-13 19:39:00,1.971,1.974,1.969,1.974,1069.0
2025-01-13 19:40:00,1.975,1.978,1.974,1.978,1658.7
2025-01-13 19:41:00,1.977,1.983,1.977,1.981,1905.1
2025-01-13 19:42:00,1.981,1.982,1.98,1.982,4869.1
2025-01-13 19:43:00,1.98,1.98,1.974,1.976,2366.9
2025-01-13 19:44:00,1.977,1.982,1.977,1.981,627.7
2025-01-13 19:45:00,1.979,1.985,1.979,1.984,402.3
2025-01-13 19:46:00,1.983,1.986,1.982,1.983,1292.4
2025-01-13 19:47:00,1.983,1.986,1.983,1.986,1495.8
2025-01-13 19:48:00,1.987,1.99,1.984,1.984,2329.1
2025-01-13 19:49:00,1.983,1.984,1.978,1.978,5034.4
2025-01-13 19:50:00,1.978,1.979,1.976,1.978,3118.7
2025-01-13 19:51:00,1.976,1.976,1.972,1.973,691.1
2025-01-13 19:52:00,1.974,1.974,1.968,1.969,1953.0
2025-01-13 19:53:00,1.969,1.969,1.966,1.966,1395.9
2025-01-13 19:54:00,1.968,1.969,1.968,1.969,433.7
2025-01-13 19:55:00,1.972,1.978,1.972,1.974,4349.5
2025-01-13 19:56:00,1.974,1.974,1.97,1.97,457.7
2025-01-13 19:57:00,1.973,1.977,1.972,1.974,524.9
2025-01-13 19:58:00,1.973,1.975,1.973,1.975,230.8
2025-01-13 19:59:00,1.973,1.974,1.972,1.974,800.1
2025-01-13 20:00:00,1.973,1.973,1.969,1.969,248.4
2025-01-13 20:01:00,1.968,1.969,1.966,1.967,2834.3
2025-01-13 20:02:00,1.966,1.972,1.966,1.972,1419.5
2025-01-13 20:03:00,1.974,1.974,1.967,1.968,1090.8
2025-01-13 20:04:00,1.969,1.969,1.962,1.962,348.3
2025-01-13 20:05:00,1.966,1.97,1.966,1.97,519.2
2025-01-13 20:06:00,1.965,1.965,1.963,1.963,1439.1
2025-01-13 20:07:00,1.962,1.963,1.961,1.962,1881.7
2025-01-13 20:08:00,1.964,1.969,1.964,1.968,2590.8
2025-01-13 20:09:00,1.967,1.967,1.966,1.966,511.1
2025-01-13 20:10:00,1.963,1.966,1.962,1.966,1246.0
2025-01-13 20:11:00,1.965,1.965,1.961,1.962,1653.4
2025-01-13 20:12:00,1.963,1.963,1.96,1.96,24.7
2025-01-13 20:13:00,1.961,1.966,1.959,1.965,5766.3
2025-01-13 20:14:00,1.965,1.966,1.963,1.963,1096.1
2025-01-13 20:15:00,1.962,1.966,1.961,1.966,3095.5
2025-01-13 20:16:00,1.965,1.966,1.963,1.965,875.6
2025-01-13 20:17:00,1.967,1.969,1.967,1.969,329.3
2025-01-13 20:18:00,1.969,1.969,1.967,1.967,528.9
2025-01-13 20:19:00,1.969,1.97,1.966,1.97,469.8
2025-01-13 20:20:00,1.969,1.971,1.968,1.971,1248.9
2025-01-13 20:21:00,1.971,1.971,1.97,1.971,469.2
2025-01-13 20:22:00,1.971,1.974,1.971,1.974,171.5
2025-01-13 20:23:00,1.973,1.973,1.965,1.965,1884.9
2025-01-13 20:24:00,1.964,1.965,1.964,1.965,80.9
2025-01-13 20:25:00,1.965,1.967,1.965,1.966,2700.8
2025-01-13 20:26:00,1.964,1.969,1.964,1.969,2986.9
2025-01-13 20:27:00,1.969,1.972,1.969,1.971,627.8
2025-01-13 20:28:00,1.971,1.971,1.968,1.968,3894.3
2025-01-13 20:29:00,1.966,1.969,1.966,1.969,400.3
2025-01-13 20:30:00,1.97,1.976,1.97,1.976,1089.6
2025-01-13 20:31:00,1.976,1.976,1.974,1.976,1426.4
2025-01-13 20:32:00,1.977,1.978,1.977,1.978,874.2
2025-01-13 20:33:00,1.978,1.98,1.978,1.98,507.8
2025-01-13 20:34:00,1.98,1.986,1.98,1.986,763.1
2025-01-13 20:35:00,1.985,1.988,1.985,1.988,1107.1
2025-01-13 20:36:00,1.99,1.993,1.989,1.992,3222.0
2025-01-13 20:37:00,1.991,1.994,1.99,1.994,2689.3
2025-01-13 20:38:00,1.992,1.996,1.992,1.995,774.9
2025-01-13 20:39:00,1.994,1.994,1.987,1.987,1147.9
2025-01-13 20:40:00,1.988,1.991,1.987,1.989,1771.2
2025-01-13 20:41:00,1.992,1.994,1.991,1.994,4070.1
2025-01-13 20:42:00,1.995,2.0,1.995,1.999,32298.7
2025-01-13 20:43:00,1.999,2.003,1.999,2.001,11188.3
2025-01-13 20:44:00,2.0,2.001,1.998,2.001,211.9
2025-01-13 20:45:00,2.001,2.014,2.001,2.014,8253.5
2025-01-13 20:46:00,2.014,2.016,2.01,2.012,2737.0
2025-01-13 20:47:00,2.009,2.015,2.006,2.015,2914.6
2025-01-13 20:48:00,2.016,2.017,2.016,2.016,299.5
2025-01-13 20:49:00,2.017,2.019,2.016,2.017,388.2
2025-01-13 20:50:00,2.017,2.017,2.011,2.014,9196.9
2025-01-13 20:51:00,2.015,2.032,2.014,2.031,44764.0
2025-01-13 20:52:00,2.032,2.037,2.029,2.035,21464.1
2025-01-13 20:53:00,2.037,2.038,2.029,2.03,3522.3
2025-01-13 20:54:00,2.029,2.034,2.028,2.034,4737.5
2025-01-13 20:55:00,2.035,2.038,2.035,2.037,1454.5
2025-01-13 20:56:00,2.036,2.038,2.032,2.032,7622.2
2025-01-13 20:57:00,2.032,2.037,2.032,2.035,1883.8
2025-01-13 20:58:00,2.037,2.037,2.032,2.035,1291.1
2025-01-13 20:59:00,2.034,2.035,2.031,2.031,5122.0
2025-01-13 21:00:00,2.033,2.034,2.029,2.034,5130.9
2025-01-13 21:01:00,2.031,2.034,2.028,2.033,6932.2
2025-01-13 21:02:00,2.035,2.037,2.031,2.032,3038.4
2025-01-13 21:03:00,2.034,2.034,2.025,2.026,2037.1
2025-01-13 21:04:00,2.021,2.023,2.02,2.022,1788.0
2025-01-13 21:05:00,2.026,2.033,2.026,2.033,3272.0
2025-01-13 21:06:00,2.035,2.035,2.025,2.025,3201.1
2025-01-13 21:07:00,2.025,2.025,2.022,2.023,4845.4
2025-01-13 21:08:00,2.023,2.028,2.022,2.028,5366.9
2025-01-13 21:09:00,2.029,2.034,2.028,2.028,1528.6
2025-01-13 21:10:00,2.028,2.031,2.027,2.031,460.5
2025-01-13 21:11:00,2.029,2.03,2.027,2.028,1307.1
2025-01-13 21:12:00,2.028,2.031,2.026,2.031,10118.2
2025-01-13 21:13:00,2.033,2.033,2.029,2.03,827.8
2025-01-13 21:14:00,2.031,2.032,2.027,2.029,13031.7
2025-01-13 21:15:00,2.027,2.031,2.026,2.031,3453.6
2025-01-13 21:16:00,2.031,2.034,2.027,2.027,3381.1
2025-01-13 21:17:00,2.028,2.028,2.024,2.025,5434.0
2025-01-13 21:18:00,2.023,2.026,2.023,2.026,1374.6
2025-01-13 21:19:00,2.026,2.026,2.021,2.022,359.6
2025-01-13 21:20:00,2.023,2.029,2.022,2.029,1099.1
2025-01-13 21:21:00,2.03,2.03,2.024,2.025,1384.3
2025-01-13 21:22:00,2.028,2.028,2.024,2.024,122.7
2025-01-13 21:23:00,2.025,2.026,2.024,2.025,780.5
2025-01-13 21:24:00,2.028,2.032,2.028,2.032,1144.5
2025-01-13 21:25:00,2.033,2.037,2.032,2.035,1397.7
2025-01-13 21:26:00,2.035,2.035,2.03,2.031,2197.7
2025-01-13 21:27:00,2.029,2.031,2.029,2.03,2732.5
2025-01-13 21:28:00,2.03,2.031,2.03,2.03,760.4
2025-01-13 21:29:00,2.031,2.032,2.031,2.032,1843.7
2025-01-13 21:30:00,2.032,2.038,2.032,2.038,1178.8
2025-01-13 21:31:00,2.039,2.042,2.035,2.036,13280.3
2025-01-13 21:32:00,2.036,2.036,2.029,2.03,8487.6
2025-01-13 21:33:00,2.029,2.03,2.028,2.028,1556.9
2025-01-13 21:34:00,2.029,2.033,2.028,2.03,6769.3
2025-01-13 21:35:00,2.029,2.032,2.027,2.032,7262.5
2025-01-13 21:36:00,2.03,2.03,2.027,2.027,6033.4
2025-01-13 21:37:00,2.029,2.038,2.029,2.038,5884.5
2025-01-13 21:38:00,2.038,2.039,2.037,2.037,10576.6
2025-01-13 21:39:00,2.041,2.049,2.041,2.049,2964.8
2025-01-13 21:40:00,2.049,2.056,2.049,2.051,14129.7
2025-01-13 21:41:00,2.054,2.056,2.053,2.056,4289.9
2025-01-13 21:42:00,2.055,2.055,2.048,2.05,12618.0
2025-01-13 21:43:00,2.049,2.054,2.049,2.052,1782.2
2025-01-13 21:44:00,2.052,2.055,2.052,2.054,835.6
2025-01-13 21:45:00,2.054,2.055,2.048,2.051,15634.4
2025-01-13 21:46:00,2.05,2.05,2.047,2.047,6239.2
2025-01-13 21:47:00,2.044,2.044,2.042,2.043,329.7
2025-01-13 21:48:00,2.043,2.046,2.042,2.046,974.9
2025-01-13 21:49:00,2.047,2.05,2.047,2.05,120.6
2025-01-13 21:50:00,2.048,2.051,2.048,2.049,1030.0
2025-01-13 21:51:00,2.048,2.049,2.047,2.049,928.8
2025-01-13 21:52:00,2.05,2.056,2.049,2.056,587.9
2025-01-13 21:53:00,2.055,2.057,2.05,2.05,1638.9
2025-01-13 21:54:00,2.049,2.052,2.049,2.05,437.7
2025-01-13 21:55:00,2.048,2.049,2.046,2.046,5570.5
2025-01-13 21:56:00,2.047,2.052,2.045,2.052,4809.4
2025-01-13 21:57:00,2.053,2.053,2.051,2.052,299.5
2025-01-13 21:58:00,2.052,2.054,2.051,2.052,2254.7
2025-01-13 21:59:00,2.053,2.054,2.051,2.054,92.0
2025-01-13 22:00:00,2.055,2.062,2.054,2.058,7528.7
2025-01-13 22:01:00,2.058,2.064,2.055,2.064,1447.1
2025-01-13 22:02:00,2.063,2.065,2.062,2.064,4102.4
2025-01-13 22:03:00,2.063,2.064,2.06,2.061,3002.3
2025-01-13 22:04:00,2.065,2.065,2.062,2.063,4020.7
2025-01-13 22:05:00,2.064,2.065,2.06,2.064,2951.0
2025-01-13 22:06:00,2.066,2.067,2.066,2.067,2772.0
2025-01-13 22:07:00,2.068,2.075,2.068,2.075,12085.8
2025-01-13 22:08:00,2.075,2.076,2.071,2.072,1865.7
2025-01-13 22:09:00,2.074,2.074,2.072,2.074,10152.8
2025-01-13 22:10:00,2.075,2.079,2.075,2.078,1350.5
2025-01-13 22:11:00,2.078,2.078,2.07,2.07,25422.2
2025-01-13 22:12:00,2.07,2.072,2.069,2.071,4558.8
2025-01-13 22:13:00,2.071,2.071,2.068,2.07,1968.1
2025-01-13 22:14:00,2.072,2.075,2.072,2.075,6764.7
2025-01-13 22:15:00,2.073,2.073,2.067,2.072,2852.5
2025-01-13 22:16:00,2.071,2.074,2.07,2.074,3745.2
2025-01-13 22:17:00,2.075,2.076,2.071,2.073,1645.4
2025-01-13 22:18:00,2.074,2.078,2.074,2.078,539.8
2025-01-13 22:19:00,2.077,2.081,2.077,2.079,6147.9
2025-01-13 22:20:00,2.082,2.084,2.082,2.083,1568.9
2025-01-13 22:21:00,2.082,2.083,2.077,2.078,9345.8
2025-01-13 22:22:00,2.081,2.083,2.081,2.083,2443.3
2025-01-13 22:23:00,2.083,2.085,2.081,2.084,1342.6
2025-01-13 22:24:00,2.085,2.086,2.083,2.084,1573.1
2025-01-13 22:25:00,2.083,2.085,2.083,2.084,469.5
2025-01-13 22:26:00,2.085,2.089,2.085,2.087,3005.2
2025-01-13 22:27:00,2.087,2.088,2.086,2.087,1154.9
2025-01-13 22:28:00,2.087,2.087,2.084,2.084,16465.3
2025-01-13 22:29:00,2.086,2.087,2.084,2.084,4280.8
2025-01-13 22:30:00,2.084,2.084,2.077,2.078,4776.3
2025-01-13 22:31:00,2.077,2.081,2.076,2.081,1100.1
2025-01-13 22:32:00,2.081,2.082,2.077,2.077,2759.4
2025-01-13 22:33:00,2.077,2.077,2.07,2.07,2296.3
2025-01-13 22:34:00,2.07,2.072,2.07,2.071,3547.1
2025-01-13 22:35:00,2.074,2.074,2.072,2.073,1553.5
2025-01-13 22:36:00,2.073,2.073,2.067,2.067,3848.2
2025-01-13 22:37:00,2.066,2.066,2.062,2.066,1909.3
2025-01-13 22:38:00,2.068,2.069,2.067,2.069,269.9
2025-01-13 22:39:00,2.071,2.071,2.067,2.068,276.4
2025-01-13 22:40:00,2.067,2.068,2.066,2.066,1203.7
2025-01-13 22:41:00,2.067,2.07,2.067,2.07,3102.6
2025-01-13 22:42:00,2.071,2.072,2.071,2.072,1781.8
2025-01-13 22:43:00,2.073,2.075,2.072,2.074,3251.8
2025-01-13 22:44:00,2.074,2.074,2.073,2.073,1318.1
2025-01-13 22:45:00,2.073,2.074,2.072,2.074,3163.3
2025-01-13 22:46:00,2.074,2.074,2.073,2.074,421.1
2025-01-13 22:47:00,2.074,2.074,2.074,2.074,0.0
2025-01-13 22:48:00,2.074,2.075,2.073,2.074,10321.7
2025-01-13 22:49:00,2.074,2.074,2.074,2.074,39.6
2025-01-13 22:50:00,2.072,2.072,2.07,2.07,3233.9
2025-01-13 22:51:00,2.07,2.07,2.066,2.066,553.5
2025-01-13 22:52:00,2.064,2.065,2.064,2.064,179.4
2025-01-13 22:53:00,2.064,2.064,2.063,2.064,405.9
2025-01-13 22:54:00,2.064,2.064,2.063,2.064,401.3
2025-01-13 22:55:00,2.064,2.068,2.063,2.068,5187.5
2025-01-13 22:56:00,2.068,2.068,2.065,2.065,6890.1
2025-01-13 22:57:00,2.065,2.065,2.065,2.065,230.4
2025-01-13 22:58:00,2.067,2.067,2.066,2.066,1022.1
2025-01-13 22:59:00,2.066,2.067,2.066,2.067,1349.8
2025-01-13 23:00:00,2.068,2.068,2.064,2.065,1012.1
2025-01-13 23:01:00,2.062,2.062,2.059,2.059,2565.2
2025-01-13 23:02:00,2.058,2.059,2.057,2.059,463.5
2025-01-13 23:03:00,2.058,2.06,2.057,2.06,2297.1
2025-01-13 23:04:00,2.06,2.063,2.06,2.063,2983.8
2025-01-13 23:05:00,2.063,2.063,2.06,2.06,772.4
2025-01-13 23:06:00,2.059,2.059,2.056,2.059,955.5
2025-01-13 23:07:00,2.058,2.058,2.056,2.058,2593.9
2025-01-13 23:08:00,2.056,2.059,2.056,2.059,4586.6
2025-01-13 23:09:00,2.059,2.059,2.058,2.058,638.7
2025-01-13 23:10:00,2.057,2.06,2.057,2.059,1690.2
2025-01-13 23:11:00,2.059,2.063,2.059,2.063,965.7
2025-01-13 23:12:00,2.062,2.062,2.057,2.057,28656.9
2025-01-13 23:13:00,2.057,2.06,2.057,2.059,4260.8
2025-01-13 23:14:00,2.059,2.059,2.059,2.059,9.1
2025-01-13 23:15:00,2.059,2.06,2.058,2.058,5785.9
2025-01-13 23:16:00,2.058,2.059,2.056,2.059,581.4
2025-01-13 23:17:00,2.059,2.059,2.058,2.058,381.1
2025-01-13 23:18:00,2.057,2.057,2.056,2.057,467.8
2025-01-13 23:19:00,2.057,2.057,2.055,2.056,3038.8
2025-01-13 23:20:00,2.057,2.058,2.057,2.058,1710.6
2025-01-13 23:21:00,2.058,2.059,2.057,2.058,1209.6
2025-01-13 23:22:00,2.059,2.059,2.056,2.058,26468.0
2025-01-13 23:23:00,2.057,2.057,2.057,2.057,264.4
2025-01-13 23:24:00,2.057,2.057,2.056,2.056,103.1
2025-01-13 23:25:00,2.054,2.054,2.051,2.051,1287.8
2025-01-13 23:26:00,2.051,2.051,2.05,2.05,501.7
2025-01-13 23:27:00,2.05,2.05,2.049,2.049,1048.8
2025-01-13 23:28:00,2.051,2.052,2.05,2.05,5381.0
2025-01-13 23:29:00,2.051,2.051,2.051,2.051,4.9
2025-01-13 23:30:00,2.052,2.056,2.052,2.056,630.1
2025-01-13 23:31:00,2.055,2.055,2.054,2.055,707.0
2025-01-13 23:32:00,2.055,2.056,2.054,2.054,1132.9
2025-01-13 23:33:00,2.053,2.055,2.053,2.055,272.4
2025-01-13 23:34:00,2.055,2.055,2.053,2.055,2132.2
2025-01-13 23:35:00,2.055,2.058,2.055,2.058,3402.6
2025-01-13 23:36:00,2.058,2.06,2.058,2.059,2703.9
2025-01-13 23:37:00,2.06,2.06,2.057,2.058,254.0
2025-01-13 23:38:00,2.056,2.057,2.056,2.057,1539.2
2025-01-13 23:39:00,2.056,2.059,2.056,2.059,858.6
2025-01-13 23:40:00,2.059,2.059,2.059,2.059,414.3
2025-01-13 23:41:00,2.059,2.059,2.057,2.058,467.1
2025-01-13 23:42:00,2.058,2.059,2.058,2.059,561.1
2025-01-13 23:43:00,2.06,2.06,2.06,2.06,517.4
2025-01-13 23:44:00,2.06,2.061,2.06,2.06,1077.3
2025-01-13 23:45:00,2.06,2.06,2.059,2.06,2408.2
2025-01-13 23:46:00,2.06,2.061,2.059,2.059,117.7
2025-01-13 23:47:00,2.06,2.06,2.057,2.057,891.5
2025-01-13 23:48:00,2.057,2.057,2.057,2.057,22.0
2025-01-13 23:49:00,2.057,2.057,2.057,2.057,50.0
2025-01-13 23:50:00,2.057,2.058,2.057,2.058,70.8
2025-01-13 23:51:00,2.057,2.062,2.056,2.061,1786.6
2025-01-13 23:52:00,2.062,2.062,2.059,2.061,269.8
2025-01-13 23:53:00,2.06,2.06,2.059,2.06,1294.7
2025-01-13 23:54:00,2.06,2.062,2.06,2.061,112.9
2025-01-13 23:55:00,2.062,2.062,2.06,2.062,1910.2
2025-01-13 23:56:00,2.062,2.064,2.062,2.063,1336.0
2025-01-13 23:57:00,2.063,2.063,2.062,2.062,334.1
2025-01-13 23:58:00,2.062,2.062,2.062,2.062,49.9
2025-01-13 23:59:00,2.061,2.061,2.06,2.061,442.7
2025-01-14 00:00:00,2.061,2.061,2.06,2.06,1961.9
2025-01-14 00:01:00,2.061,2.061,2.058,2.058,1135.9
2025-01-14 00:02:00,2.058,2.058,2.05,2.05,2517.4
2025-01-14 00:03:00,2.051,2.053,2.051,2.053,1237.2
2025-01-14 00:04:00,2.053,2.053,2.05,2.051,7984.0
2025-01-14 00:05:00,2.049,2.054,2.049,2.053,9962.3
2025-01-14 00:06:00,2.053,2.053,2.047,2.048,13873.3
2025-01-14 00:07:00,2.048,2.049,2.046,2.047,6901.0
2025-01-14 00:08:00,2.048,2.051,2.047,2.049,2726.4
2025-01-14 00:09:00,2.05,2.051,2.049,2.05,4506.4
2025-01-14 00:10:00,2.051,2.055,2.049,2.049,10725.2
2025-01-14 00:11:00,2.05,2.054,2.049,2.053,5485.0
2025-01-14 00:12:00,2.053,2.053,2.047,2.047,3833.2
2025-01-14 00:13:00,2.048,2.048,2.046,2.046,2482.6
2025-01-14 00:14:00,2.047,2.047,2.044,2.044,7377.3
2025-01-14 00:15:00,2.045,2.048,2.042,2.043,3177.3
2025-01-14 00:16:00,2.044,2.046,2.042,2.042,3111.8
2025-01-14 00:17:00,2.044,2.044,2.042,2.043,1516.7
2025-01-14 00:18:00,2.044,2.05,2.043,2.05,4019.9
2025-01-14 00:19:00,2.05,2.05,2.047,2.048,595.7
2025-01-14 00:20:00,2.05,2.057,2.05,2.057,2494.4
2025-01-14 00:21:00,2.056,2.059,2.053,2.059,2015.5
2025-01-14 00:22:00,2.059,2.061,2.058,2.058,275.2
2025-01-14 00:23:00,2.059,2.06,2.059,2.06,820.3
2025-01-14 00:24:00,2.06,2.06,2.058,2.058,458.9
2025-01-14 00:25:00,2.057,2.06,2.057,2.057,3178.9
2025-01-14 00:26:00,2.055,2.055,2.054,2.054,291.0
2025-01-14 00:27:00,2.054,2.054,2.053,2.053,262.2
2025-01-14 00:28:00,2.054,2.054,2.052,2.052,449.1
2025-01-14 00:29:00,2.053,2.053,2.053,2.053,459.7
2025-01-14 00:30:00,2.054,2.054,2.049,2.049,659.5
2025-01-14 00:31:00,2.048,2.048,2.044,2.045,1472.6
2025-01-14 00:32:00,2.044,2.047,2.044,2.044,24711.5
2025-01-14 00:33:00,2.044,2.044,2.044,2.044,0.0
2025-01-14 00:34:00,2.045,2.047,2.045,2.045,469.6
2025-01-14 00:35:00,2.044,2.047,2.044,2.046,1853.4
2025-01-14 00:36:00,2.047,2.047,2.045,2.045,260.9
2025-01-14 00:37:00,2.043,2.044,2.042,2.044,2047.5
2025-01-14 00:38:00,2.044,2.046,2.044,2.044,917.2
2025-01-14 00:39:00,2.042,2.044,2.042,2.044,342.5
2025-01-14 00:40:00,2.044,2.052,2.044,2.05,3183.9
2025-01-14 00:41:00,2.05,2.05,2.05,2.05,10.7
2025-01-14 00:42:00,2.05,2.05,2.049,2.05,304.7
2025-01-14 00:43:00,2.047,2.047,2.046,2.047,695.9
2025-01-14 00:44:00,2.047,2.048,2.043,2.043,1964.5
2025-01-14 00:45:00,2.044,2.045,2.042,2.043,2429.7
2025-01-14 00:46:00,2.044,2.045,2.042,2.043,2375.4
2025-01-14 00:47:00,2.044,2.044,2.042,2.042,619.5
2025-01-14 00:48:00,2.041,2.042,2.038,2.038,15714.8
2025-01-14 00:49:00,2.038,2.038,2.038,2.038,0.0
2025-01-14 00:50:00,2.04,2.047,2.04,2.047,1766.7
2025-01-14 00:51:00,2.049,2.049,2.048,2.048,80.1
2025-01-14 00:52:00,2.051,2.051,2.047,2.048,785.2
2025-01-14 00:53:00,2.048,2.048,2.048,2.048,50.0
2025-01-14 00:54:00,2.048,2.05,2.048,2.05,72.2
2025-01-14 00:55:00,2.049,2.049,2.049,2.049,541.0
2025-01-14 00:56:00,2.047,2.048,2.046,2.046,324.9
2025-01-14 00:57:00,2.045,2.045,2.043,2.043,607.2
2025-01-14 00:58:00,2.043,2.045,2.041,2.044,3876.7
2025-01-14 00:59:00,2.045,2.045,2.045,2.045,90.5
2025-01-14 01:00:00,2.046,2.054,2.046,2.054,2053.1
2025-01-14 01:01:00,2.054,2.06,2.054,2.056,6717.7
2025-01-14 01:02:00,2.057,2.059,2.057,2.059,961.3
2025-01-14 01:03:00,2.06,2.063,2.059,2.062,4996.8
2025-01-14 01:04:00,2.063,2.063,2.061,2.061,544.8
2025-01-14 01:05:00,2.06,2.062,2.06,2.06,912.8
2025-01-14 01:06:00,2.059,2.06,2.059,2.059,910.6
2025-01-14 01:07:00,2.062,2.064,2.062,2.064,4006.1
2025-01-14 01:08:00,2.066,2.071,2.066,2.069,1160.3
2025-01-14 01:09:00,2.066,2.068,2.064,2.066,3290.6
2025-01-14 01:10:00,2.068,2.069,2.067,2.067,1635.3
2025-01-14 01:11:00,2.068,2.069,2.065,2.065,2170.3
2025-01-14 01:12:00,2.066,2.071,2.066,2.071,3354.9
2025-01-14 01:13:00,2.07,2.071,2.07,2.071,977.4
2025-01-14 01:14:00,2.07,2.072,2.07,2.07,2436.9
2025-01-14 01:15:00,2.07,2.072,2.069,2.069,2048.4
2025-01-14 01:16:00,2.068,2.068,2.063,2.063,5972.9
2025-01-14 01:17:00,2.062,2.064,2.059,2.064,2098.9
2025-01-14 01:18:00,2.063,2.063,2.06,2.06,339.7
2025-01-14 01:19:00,2.061,2.062,2.06,2.06,1021.4
2025-01-14 01:20:00,2.059,2.06,2.059,2.059,645.0
2025-01-14 01:21:00,2.061,2.063,2.061,2.063,846.9
2025-01-14 01:22:00,2.061,2.062,2.06,2.061,2065.5
2025-01-14 01:23:00,2.062,2.062,2.059,2.059,1470.3
2025-01-14 01:24:00,2.058,2.061,2.057,2.06,1703.3
2025-01-14 01:25:00,2.062,2.062,2.062,2.062,201.5
2025-01-14 01:26:00,2.062,2.062,2.059,2.06,265.0
2025-01-14 01:27:00,2.059,2.061,2.059,2.06,501.5
2025-01-14 01:28:00,2.061,2.065,2.061,2.065,6508.1
2025-01-14 01:29:00,2.064,2.065,2.064,2.064,958.5
2025-01-14 01:30:00,2.061,2.061,2.061,2.061,702.3
2025-01-14 01:31:00,2.064,2.064,2.061,2.061,4224.6
2025-01-14 01:32:00,2.06,2.06,2.06,2.06,140.9
2025-01-14 01:33:00,2.059,2.059,2.055,2.055,5491.7
2025-01-14 01:34:00,2.055,2.055,2.055,2.055,573.8
2025-01-14 01:35:00,2.054,2.058,2.054,2.056,1580.5
2025-01-14 01:36:00,2.056,2.057,2.055,2.055,655.1
2025-01-14 01:37:00,2.057,2.057,2.057,2.057,876.1
2025-01-14 01:38:00,2.055,2.055,2.053,2.053,1441.3
2025-01-14 01:39:00,2.053,2.054,2.052,2.054,4079.2
2025-01-14 01:40:00,2.055,2.056,2.055,2.055,4833.1
2025-01-14 01:41:00,2.055,2.056,2.054,2.054,2066.8
2025-01-14 01:42:00,2.053,2.053,2.051,2.052,374.4
2025-01-14 01:43:00,2.052,2.052,2.051,2.052,498.7
2025-01-14 01:44:00,2.053,2.054,2.052,2.052,303.0
2025-01-14 01:45:00,2.052,2.054,2.052,2.054,831.2
2025-01-14 01:46:00,2.054,2.055,2.051,2.051,578.0
2025-01-14 01:47:00,2.05,2.05,2.048,2.048,78.9
2025-01-14 01:48:00,2.048,2.048,2.046,2.046,139.1
2025-01-14 01:49:00,2.046,2.049,2.046,2.049,4123.5
2025-01-14 01:50:00,2.048,2.051,2.047,2.051,250.1
2025-01-14 01:51:00,2.049,2.049,2.048,2.048,250.5
2025-01-14 01:52:00,2.049,2.049,2.047,2.047,491.0
2025-01-14 01:53:00,2.048,2.049,2.048,2.048,486.5
2025-01-14 01:54:00,2.047,2.048,2.047,2.047,1021.5
2025-01-14 01:55:00,2.047,2.047,2.045,2.045,2379.1
2025-01-14 01:56:00,2.045,2.046,2.045,2.046,3970.5
2025-01-14 01:57:00,2.046,2.046,2.045,2.046,956.6
2025-01-14 01:58:00,2.047,2.047,2.046,2.047,180.0
2025-01-14 01:59:00,2.05,2.051,2.05,2.051,92.5
2025-01-14 02:00:00,2.052,2.056,2.052,2.056,627.3
2025-01-14 02:01:00,2.057,2.059,2.055,2.057,11194.4
2025-01-14 02:02:00,2.058,2.058,2.055,2.055,1001.1
2025-01-14 02:03:00,2.053,2.055,2.053,2.054,1323.2
2025-01-14 02:04:00,2.055,2.055,2.054,2.054,663.1
2025-01-14 02:05:00,2.056,2.056,2.054,2.054,917.1
2025-01-14 02:06:00,2.051,2.051,2.05,2.051,704.9
2025-01-14 02:07:00,2.048,2.049,2.048,2.049,93.3
2025-01-14 02:08:00,2.05,2.052,2.05,2.051,665.4
2025-01-14 02:09:00,2.052,2.053,2.052,2.053,232.6
2025-01-14 02:10:00,2.052,2.054,2.052,2.054,441.0
2025-01-14 02:11:00,2.054,2.058,2.054,2.058,5691.3
2025-01-14 02:12:00,2.058,2.058,2.056,2.056,683.3
2025-01-14 02:13:00,2.056,2.058,2.056,2.057,1165.6
2025-01-14 02:14:00,2.057,2.057,2.055,2.056,7402.2
2025-01-14 02:15:00,2.057,2.057,2.056,2.056,797.1
2025-01-14 02:16:00,2.056,2.06,2.056,2.06,397.1
2025-01-14 02:17:00,2.061,2.063,2.061,2.061,1056.5
2025-01-14 02:18:00,2.06,2.06,2.06,2.06,48.6
2025-01-14 02:19:00,2.061,2.066,2.06,2.066,2308.0
2025-01-14 02:20:00,2.064,2.065,2.061,2.065,2584.8
2025-01-14 02:21:00,2.066,2.072,2.066,2.072,1238.0
2025-01-14 02:22:00,2.071,2.076,2.071,2.076,336.0
2025-01-14 02:23:00,2.076,2.077,2.074,2.074,3365.7
2025-01-14 02:24:00,2.073,2.076,2.073,2.074,1182.4
2025-01-14 02:25:00,2.075,2.076,2.075,2.076,472.0
2025-01-14 02:26:00,2.076,2.076,2.075,2.075,470.2
2025-01-14 02:27:00,2.072,2.072,2.071,2.071,569.0
2025-01-14 02:28:00,2.07,2.071,2.07,2.07,536.1
2025-01-14 02:29:00,2.069,2.069,2.068,2.068,2766.0
2025-01-14 02:30:00,2.069,2.069,2.061,2.061,18100.8
2025-01-14 02:31:00,2.062,2.066,2.061,2.061,10503.7
2025-01-14 02:32:00,2.061,2.062,2.059,2.061,1493.8
2025-01-14 02:33:00,2.06,2.06,2.057,2.058,903.6
2025-01-14 02:34:00,2.06,2.06,2.059,2.059,208.6
2025-01-14 02:35:00,2.059,2.062,2.059,2.062,1333.6
2025-01-14 02:36:00,2.062,2.063,2.057,2.058,17513.4
2025-01-14 02:37:00,2.057,2.06,2.056,2.056,5864.0
2025-01-14 02:38:00,2.059,2.063,2.059,2.062,4482.9
2025-01-14 02:39:00,2.062,2.062,2.06,2.06,483.9
2025-01-14 02:40:00,2.06,2.062,2.06,2.061,108.0
2025-01-14 02:41:00,2.062,2.062,2.058,2.059,763.1
2025-01-14 02:42:00,2.059,2.06,2.057,2.057,1781.7
2025-01-14 02:43:00,2.058,2.058,2.056,2.057,1003.8
2025-01-14 02:44:00,2.057,2.059,2.057,2.058,128.6
2025-01-14 02:45:00,2.058,2.061,2.058,2.058,132.5
2025-01-14 02:46:00,2.058,2.058,2.055,2.055,94.5
2025-01-14 02:47:00,2.054,2.057,2.054,2.057,1224.4
2025-01-14 02:48:00,2.057,2.057,2.055,2.055,193.4
2025-01-14 02:49:00,2.053,2.053,2.052,2.053,236.9
2025-01-14 02:50:00,2.053,2.054,2.053,2.054,396.4
2025-01-14 02:51:00,2.053,2.055,2.053,2.055,922.1
2025-01-14 02:52:00,2.055,2.056,2.053,2.055,930.7
2025-01-14 02:53:00,2.054,2.054,2.053,2.053,1187.6
2025-01-14 02:54:00,2.054,2.054,2.054,2.054,48.3
2025-01-14 02:55:00,2.054,2.054,2.053,2.053,440.3
2025-01-14 02:56:00,2.053,2.054,2.053,2.053,280.8
2025-01-14 02:57:00,2.056,2.057,2.056,2.057,238.7
2025-01-14 02:58:00,2.055,2.055,2.055,2.055,656.3
2025-01-14 02:59:00,2.055,2.056,2.055,2.055,641.7
2025-01-14 03:00:00,2.055,2.06,2.055,2.06,188.0
2025-01-14 03:01:00,2.059,2.062,2.059,2.06,4827.9
2025-01-14 03:02:00,2.06,2.06,2.056,2.056,1730.9
2025-01-14 03:03:00,2.054,2.054,2.054,2.054,6.8
2025-01-14 03:04:00,2.057,2.058,2.055,2.055,608.4
2025-01-14 03:05:00,2.054,2.056,2.054,2.056,1270.3
2025-01-14 03:06:00,2.057,2.057,2.056,2.056,874.0
2025-01-14 03:07:00,2.053,2.053,2.053,2.053,22.1
2025-01-14 03:08:00,2.055,2.056,2.054,2.054,879.4
2025-01-14 03:09:00,2.053,2.054,2.053,2.054,160.9
2025-01-14 03:10:00,2.054,2.056,2.054,2.056,1997.7
2025-01-14 03:11:00,2.059,2.059,2.058,2.058,1913.0
2025-01-14 03:12:00,2.056,2.057,2.055,2.057,371.5
2025-01-14 03:13:00,2.057,2.057,2.057,2.057,378.4
2025-01-14 03:14:00,2.056,2.057,2.056,2.057,564.7
2025-01-14 03:15:00,2.053,2.053,2.052,2.052,519.1
2025-01-14 03:16:00,2.055,2.055,2.051,2.051,231.5
2025-01-14 03:17:00,2.053,2.054,2.053,2.054,4.8
2025-01-14 03:18:00,2.054,2.054,2.053,2.053,41.9
2025-01-14 03:19:00,2.056,2.056,2.056,2.056,213.2
2025-01-14 03:20:00,2.057,2.06,2.057,2.06,688.7
2025-01-14 03:21:00,2.059,2.063,2.059,2.063,973.9
2025-01-14 03:22:00,2.062,2.062,2.062,2.062,1212.6
2025-01-14 03:23:00,2.061,2.061,2.059,2.059,1277.1
2025-01-14 03:24:00,2.059,2.06,2.059,2.059,760.4
2025-01-14 03:25:00,2.062,2.064,2.062,2.063,1044.6
2025-01-14 03:26:00,2.061,2.061,2.059,2.059,528.8
2025-01-14 03:27:00,2.06,2.06,2.059,2.059,804.0
2025-01-14 03:28:00,2.06,2.06,2.059,2.059,1742.4
2025-01-14 03:29:00,2.059,2.061,2.059,2.059,3889.9
2025-01-14 03:30:00,2.061,2.061,2.061,2.061,336.5
2025-01-14 03:31:00,2.061,2.061,2.06,2.061,522.7
2025-01-14 03:32:00,2.059,2.059,2.056,2.056,2778.1
2025-01-14 03:33:00,2.058,2.058,2.056,2.057,421.1
2025-01-14 03:34:00,2.055,2.056,2.055,2.056,236.4
2025-01-14 03:35:00,2.054,2.054,2.053,2.053,382.9
2025-01-14 03:36:00,2.054,2.056,2.053,2.054,167.8
2025-01-14 03:37:00,2.055,2.055,2.054,2.055,299.2
2025-01-14 03:38:00,2.055,2.055,2.055,2.055,0.0
2025-01-14 03:39:00,2.055,2.055,2.054,2.055,2164.3
2025-01-14 03:40:00,2.053,2.053,2.053,2.053,547.5
2025-01-14 03:41:00,2.054,2.054,2.053,2.053,150.0
2025-01-14 03:42:00,2.054,2.054,2.054,2.054,6.0
2025-01-14 03:43:00,2.053,2.055,2.053,2.055,2778.0
2025-01-14 03:44:00,2.055,2.056,2.055,2.056,962.7
2025-01-14 03:45:00,2.057,2.059,2.057,2.058,326.8
2025-01-14 03:46:00,2.058,2.058,2.056,2.056,2064.3
2025-01-14 03:47:00,2.055,2.055,2.053,2.053,3696.0
2025-01-14 03:48:00,2.053,2.055,2.053,2.054,681.9
2025-01-14 03:49:00,2.054,2.054,2.052,2.052,184.0
2025-01-14 03:50:00,2.052,2.052,2.051,2.052,810.6
2025-01-14 03:51:00,2.051,2.051,2.051,2.051,184.5
2025-01-14 03:52:00,2.05,2.05,2.049,2.049,669.0
2025-01-14 03:53:00,2.049,2.049,2.048,2.049,48.8
2025-01-14 03:54:00,2.049,2.05,2.049,2.049,745.0
2025-01-14 03:55:00,2.05,2.05,2.05,2.05,122.6
2025-01-14 03:56:00,2.05,2.051,2.048,2.05,1071.8
2025-01-14 03:57:00,2.05,2.051,2.05,2.05,136.4
2025-01-14 03:58:00,2.05,2.051,2.05,2.051,373.2
2025-01-14 03:59:00,2.053,2.053,2.052,2.053,6112.5
2025-01-14 04:00:00,2.053,2.06,2.053,2.058,2502.3
2025-01-14 04:01:00,2.059,2.06,2.058,2.06,252.8
2025-01-14 04:02:00,2.059,2.06,2.059,2.06,140.0
2025-01-14 04:03:00,2.056,2.056,2.055,2.055,341.1
2025-01-14 04:04:00,2.056,2.057,2.056,2.056,476.1
2025-01-14 04:05:00,2.057,2.057,2.056,2.056,982.9
2025-01-14 04:06:00,2.056,2.059,2.056,2.056,2686.1
2025-01-14 04:07:00,2.058,2.058,2.056,2.056,903.7
2025-01-14 04:08:00,2.057,2.058,2.055,2.055,1665.2
2025-01-14 04:09:00,2.055,2.055,2.055,2.055,0.0
2025-01-14 04:10:00,2.058,2.058,2.057,2.057,175.8
2025-01-14 04:11:00,2.056,2.056,2.056,2.056,48.0
2025-01-14 04:12:00,2.055,2.057,2.055,2.057,460.9
2025-01-14 04:13:00,2.059,2.059,2.059,2.059,103.9
2025-01-14 04:14:00,2.058,2.061,2.058,2.061,336.5
2025-01-14 04:15:00,2.062,2.064,2.062,2.063,2793.0
2025-01-14 04:16:00,2.063,2.063,2.063,2.063,8.8
2025-01-14 04:17:00,2.066,2.067,2.066,2.067,78.0
2025-01-14 04:18:00,2.067,2.067,2.064,2.064,2515.6
2025-01-14 04:19:00,2.064,2.064,2.062,2.062,546.7
2025-01-14 04:20:00,2.063,2.064,2.062,2.062,496.2
2025-01-14 04:21:00,2.062,2.063,2.062,2.062,611.2
2025-01-14 04:22:00,2.062,2.063,2.062,2.062,344.3
2025-01-14 04:23:00,2.064,2.064,2.062,2.063,167.1
2025-01-14 04:24:00,2.064,2.065,2.062,2.062,628.9
2025-01-14 04:25:00,2.062,2.062,2.062,2.062,293.7
2025-01-14 04:26:00,2.062,2.063,2.059,2.059,379.6
2025-01-14 04:27:00,2.061,2.061,2.061,2.061,67.3
2025-01-14 04:28:00,2.061,2.061,2.059,2.059,409.8
2025-01-14 04:29:00,2.06,2.061,2.06,2.061,3880.0
2025-01-14 04:30:00,2.059,2.059,2.056,2.056,1896.0
2025-01-14 04:31:00,2.056,2.056,2.056,2.056,0.0
2025-01-14 04:32:00,2.058,2.06,2.058,2.06,1157.4
2025-01-14 04:33:00,2.057,2.058,2.057,2.057,1116.0
2025-01-14 04:34:00,2.06,2.06,2.057,2.057,14096.2
2025-01-14 04:35:00,2.057,2.058,2.057,2.058,972.9
2025-01-14 04:36:00,2.057,2.057,2.056,2.056,538.0
2025-01-14 04:37:00,2.057,2.06,2.057,2.06,253.7
2025-01-14 04:38:00,2.061,2.061,2.061,2.061,3896.9
2025-01-14 04:39:00,2.061,2.061,2.061,2.061,276.4
2025-01-14 04:40:00,2.064,2.064,2.061,2.063,4093.0
2025-01-14 04:41:00,2.062,2.063,2.062,2.063,1002.0
2025-01-14 04:42:00,2.06,2.062,2.06,2.062,19.0
2025-01-14 04:43:00,2.061,2.061,2.061,2.061,411.9
2025-01-14 04:44:00,2.062,2.062,2.062,2.062,242.4
2025-01-14 04:45:00,2.065,2.065,2.063,2.063,963.1
2025-01-14 04:46:00,2.064,2.064,2.064,2.064,289.7
2025-01-14 04:47:00,2.064,2.064,2.064,2.064,0.0
2025-01-14 04:48:00,2.063,2.063,2.062,2.063,681.9
2025-01-14 04:49:00,2.062,2.063,2.062,2.062,1564.1
2025-01-14 04:50:00,2.062,2.062,2.062,2.062,365.4
2025-01-14 04:51:00,2.065,2.066,2.065,2.066,533.1
2025-01-14 04:52:00,2.066,2.066,2.066,2.066,0.0
2025-01-14 04:53:00,2.067,2.068,2.067,2.067,181.9
2025-01-14 04:54:00,2.068,2.07,2.068,2.07,316.5
2025-01-14 04:55:00,2.071,2.071,2.07,2.071,774.0
2025-01-14 04:56:00,2.072,2.072,2.072,2.072,34.0
2025-01-14 04:57:00,2.072,2.074,2.072,2.074,6106.5
2025-01-14 04:58:00,2.073,2.073,2.07,2.071,377.9
2025-01-14 04:59:00,2.07,2.071,2.07,2.071,135.1
2025-01-14 05:00:00,2.072,2.072,2.071,2.071,61.4
2025-01-14 05:01:00,2.07,2.078,2.07,2.078,1029.2
2025-01-14 05:02:00,2.078,2.078,2.078,2.078,68.4
2025-01-14 05:03:00,2.078,2.078,2.078,2.078,293.9
2025-01-14 05:04:00,2.078,2.08,2.078,2.078,919.2
2025-01-14 05:05:00,2.079,2.084,2.079,2.084,656.5
2025-01-14 05:06:00,2.084,2.085,2.083,2.083,381.5
2025-01-14 05:07:00,2.083,2.087,2.083,2.087,2037.3
2025-01-14 05:08:00,2.087,2.088,2.086,2.086,447.6
2025-01-14 05:09:00,2.086,2.087,2.086,2.086,1260.1
2025-01-14 05:10:00,2.087,2.087,2.082,2.084,2112.7
2025-01-14 05:11:00,2.083,2.083,2.083,2.083,197.6
2025-01-14 05:12:00,2.084,2.085,2.084,2.085,227.8
2025-01-14 05:13:00,2.085,2.086,2.084,2.084,687.5
2025-01-14 05:14:00,2.086,2.087,2.085,2.085,359.6
2025-01-14 05:15:00,2.085,2.09,2.085,2.09,3079.6
2025-01-14 05:16:00,2.086,2.086,2.085,2.085,1422.6
2025-01-14 05:17:00,2.087,2.087,2.082,2.082,1368.3
2025-01-14 05:18:00,2.08,2.082,2.079,2.079,554.8
2025-01-14 05:19:00,2.079,2.079,2.079,2.079,716.5
2025-01-14 05:20:00,2.08,2.08,2.075,2.075,1397.5
2025-01-14 05:21:00,2.075,2.076,2.075,2.076,67.0
2025-01-14 05:22:00,2.076,2.076,2.074,2.074,501.2
2025-01-14 05:23:00,2.073,2.074,2.072,2.072,2221.5
2025-01-14 05:24:00,2.073,2.073,2.072,2.072,2060.2
2025-01-14 05:25:00,2.073,2.075,2.073,2.075,1775.8
2025-01-14 05:26:00,2.074,2.074,2.072,2.073,2009.5
2025-01-14 05:27:00,2.074,2.074,2.074,2.074,56.2
2025-01-14 05:28:00,2.073,2.074,2.073,2.074,1123.2
2025-01-14 05:29:00,2.074,2.074,2.073,2.073,1375.7
2025-01-14 05:30:00,2.073,2.074,2.072,2.074,1511.0
2025-01-14 05:31:00,2.072,2.073,2.072,2.073,53.1
2025-01-14 05:32:00,2.073,2.073,2.069,2.069,1413.3
2025-01-14 05:33:00,2.069,2.069,2.067,2.067,254.4
2025-01-14 05:34:00,2.067,2.067,2.065,2.065,245.7
2025-01-14 05:35:00,2.065,2.066,2.063,2.063,978.5
2025-01-14 05:36:00,2.064,2.068,2.063,2.068,1661.1
2025-01-14 05:37:00,2.066,2.067,2.066,2.067,1957.6
2025-01-14 05:38:00,2.067,2.067,2.066,2.067,824.1
2025-01-14 05:39:00,2.068,2.07,2.068,2.07,1844.8
2025-01-14 05:40:00,2.068,2.074,2.068,2.074,1296.0
2025-01-14 05:41:00,2.072,2.072,2.072,2.072,270.3
2025-01-14 05:42:00,2.072,2.072,2.071,2.072,5390.9
2025-01-14 05:43:00,2.072,2.073,2.07,2.071,5531.0
2025-01-14 05:44:00,2.071,2.071,2.069,2.069,840.7
2025-01-14 05:45:00,2.069,2.069,2.067,2.068,1411.7
2025-01-14 05:46:00,2.066,2.066,2.064,2.064,1169.9
2025-01-14 05:47:00,2.066,2.066,2.065,2.066,71.9
2025-01-14 05:48:00,2.065,2.065,2.063,2.064,3154.0
2025-01-14 05:49:00,2.063,2.063,2.062,2.062,53.9
2025-01-14 05:50:00,2.062,2.062,2.056,2.056,14418.4
2025-01-14 05:51:00,2.057,2.059,2.057,2.058,599.3
2025-01-14 05:52:00,2.057,2.057,2.057,2.057,62.6
2025-01-14 05:53:00,2.062,2.062,2.06,2.06,178.3
2025-01-14 05:54:00,2.059,2.06,2.059,2.06,281.0
2025-01-14 05:55:00,2.059,2.059,2.059,2.059,45.7
2025-01-14 05:56:00,2.058,2.058,2.058,2.058,19.4
2025-01-14 05:57:00,2.058,2.06,2.058,2.06,1973.2
2025-01-14 05:58:00,2.059,2.061,2.059,2.061,972.9
2025-01-14 05:59:00,2.061,2.061,2.061,2.061,245.7
2025-01-14 06:00:00,2.064,2.067,2.064,2.065,7309.5
2025-01-14 06:01:00,2.064,2.064,2.06,2.06,8577.1
2025-01-14 06:02:00,2.06,2.06,2.058,2.059,4796.5
2025-01-14 06:03:00,2.058,2.058,2.054,2.058,13688.2
2025-01-14 06:04:00,2.057,2.057,2.056,2.056,4997.7
2025-01-14 06:05:00,2.056,2.058,2.055,2.057,6079.7
2025-01-14 06:06:00,2.056,2.057,2.055,2.056,5700.0
2025-01-14 06:07:00,2.056,2.057,2.055,2.055,1215.1
2025-01-14 06:08:00,2.056,2.056,2.055,2.055,284.7
2025-01-14 06:09:00,2.055,2.058,2.055,2.056,8681.2
2025-01-14 06:10:00,2.057,2.058,2.057,2.057,1822.1
2025-01-14 06:11:00,2.057,2.058,2.057,2.058,573.2
2025-01-14 06:12:00,2.059,2.059,2.058,2.058,2439.2
2025-01-14 06:13:00,2.058,2.058,2.058,2.058,21.0
2025-01-14 06:14:00,2.058,2.058,2.058,2.058,1085.8
2025-01-14 06:15:00,2.058,2.059,2.057,2.057,2536.3
2025-01-14 06:16:00,2.059,2.059,2.055,2.058,1521.8
2025-01-14 06:17:00,2.062,2.063,2.062,2.063,968.6
2025-01-14 06:18:00,2.063,2.065,2.063,2.065,463.8
2025-01-14 06:19:00,2.065,2.068,2.065,2.065,1488.7
2025-01-14 06:20:00,2.065,2.065,2.064,2.064,1023.4
2025-01-14 06:21:00,2.062,2.062,2.059,2.059,763.2
2025-01-14 06:22:00,2.059,2.06,2.059,2.06,101.7
2025-01-14 06:23:00,2.06,2.062,2.059,2.062,287.0
2025-01-14 06:24:00,2.062,2.063,2.062,2.063,100.7
2025-01-14 06:25:00,2.062,2.067,2.062,2.067,1352.9
2025-01-14 06:26:00,2.068,2.068,2.068,2.068,1083.5
2025-01-14 06:27:00,2.068,2.068,2.066,2.066,296.4
2025-01-14 06:28:00,2.065,2.065,2.065,2.065,593.2
2025-01-14 06:29:00,2.065,2.066,2.065,2.065,2911.1
2025-01-14 06:30:00,2.065,2.065,2.064,2.064,2373.5
2025-01-14 06:31:00,2.063,2.063,2.06,2.061,1868.1
2025-01-14 06:32:00,2.062,2.066,2.062,2.066,3936.5
2025-01-14 06:33:00,2.063,2.063,2.063,2.063,121.0
2025-01-14 06:34:00,2.064,2.065,2.064,2.065,166.0
2025-01-14 06:35:00,2.065,2.067,2.065,2.067,739.5
2025-01-14 06:36:00,2.068,2.068,2.067,2.067,676.5
2025-01-14 06:37:00,2.067,2.068,2.066,2.068,611.8
2025-01-14 06:38:00,2.068,2.07,2.068,2.07,1547.1
2025-01-14 06:39:00,2.07,2.07,2.07,2.07,164.0
2025-01-14 06:40:00,2.071,2.072,2.071,2.072,1643.3
2025-01-14 06:41:00,2.07,2.072,2.07,2.072,428.0
2025-01-14 06:42:00,2.071,2.072,2.07,2.07,448.7
2025-01-14 06:43:00,2.071,2.071,2.071,2.071,136.2
2025-01-14 06:44:00,2.069,2.069,2.069,2.069,800.2
2025-01-14 06:45:00,2.068,2.068,2.065,2.066,328.2
2025-01-14 06:46:00,2.066,2.066,2.064,2.064,1516.5
2025-01-14 06:47:00,2.065,2.065,2.065,2.065,840.3
2025-01-14 06:48:00,2.064,2.064,2.063,2.063,1346.0
2025-01-14 06:49:00,2.062,2.062,2.062,2.062,27.5
2025-01-14 06:50:00,2.063,2.063,2.063,2.063,12.1
2025-01-14 06:51:00,2.061,2.062,2.061,2.062,286.5
2025-01-14 06:52:00,2.062,2.062,2.061,2.062,384.9
2025-01-14 06:53:00,2.063,2.066,2.063,2.066,1283.8
2025-01-14 06:54:00,2.066,2.066,2.064,2.065,4052.3
2025-01-14 06:55:00,2.064,2.064,2.064,2.064,159.8
2025-01-14 06:56:00,2.065,2.066,2.065,2.066,492.2
2025-01-14 06:57:00,2.068,2.068,2.066,2.067,207.2
2025-01-14 06:58:00,2.068,2.069,2.068,2.069,32.4
2025-01-14 06:59:00,2.071,2.071,2.071,2.071,63.1
2025-01-14 07:00:00,2.072,2.076,2.072,2.075,1439.0
2025-01-14 07:01:00,2.077,2.077,2.074,2.074,1318.4
2025-01-14 07:02:00,2.072,2.074,2.072,2.074,1735.6
2025-01-14 07:03:00,2.074,2.075,2.071,2.071,1037.9
2025-01-14 07:04:00,2.074,2.075,2.074,2.075,736.3
2025-01-14 07:05:00,2.074,2.076,2.074,2.076,546.4
2025-01-14 07:06:00,2.075,2.075,2.075,2.075,791.4
2025-01-14 07:07:00,2.075,2.08,2.075,2.079,53938.2
2025-01-14 07:08:00,2.08,2.081,2.075,2.075,9766.5
2025-01-14 07:09:00,2.074,2.076,2.074,2.076,865.9
2025-01-14 07:10:00,2.077,2.08,2.077,2.078,11825.8
2025-01-14 07:11:00,2.076,2.077,2.076,2.077,739.8
2025-01-14 07:12:00,2.076,2.076,2.076,2.076,433.4
2025-01-14 07:13:00,2.077,2.077,2.077,2.077,329.4
2025-01-14 07:14:00,2.078,2.078,2.077,2.077,309.1
2025-01-14 07:15:00,2.077,2.077,2.075,2.076,141.5
2025-01-14 07:16:00,2.075,2.075,2.075,2.075,50.0
2025-01-14 07:17:00,2.074,2.074,2.073,2.073,1537.8
2025-01-14 07:18:00,2.073,2.073,2.072,2.073,1403.3
2025-01-14 07:19:00,2.073,2.073,2.071,2.071,13667.9
2025-01-14 07:20:00,2.07,2.072,2.07,2.072,997.7
2025-01-14 07:21:00,2.071,2.071,2.069,2.069,823.3
2025-01-14 07:22:00,2.069,2.07,2.069,2.069,873.9
2025-01-14 07:23:00,2.069,2.071,2.069,2.071,769.5
2025-01-14 07:24:00,2.071,2.072,2.071,2.072,166.3
2025-01-14 07:25:00,2.072,2.073,2.071,2.071,252.0
2025-01-14 07:26:00,2.071,2.071,2.071,2.071,406.8
2025-01-14 07:27:00,2.07,2.071,2.069,2.071,1510.7
2025-01-14 07:28:00,2.071,2.071,2.07,2.07,1238.5
2025-01-14 07:29:00,2.069,2.069,2.069,2.069,592.1
2025-01-14 07:30:00,2.07,2.071,2.07,2.071,342.5
2025-01-14 07:31:00,2.075,2.075,2.073,2.074,376.8
2025-01-14 07:32:00,2.074,2.075,2.074,2.075,2406.8
2025-01-14 07:33:00,2.073,2.073,2.07,2.07,717.2
2025-01-14 07:34:00,2.07,2.07,2.068,2.068,4046.0
2025-01-14 07:35:00,2.067,2.067,2.065,2.065,1611.9
2025-01-14 07:36:00,2.066,2.067,2.066,2.067,1145.6
2025-01-14 07:37:00,2.065,2.067,2.065,2.066,469.1
2025-01-14 07:38:00,2.067,2.067,2.065,2.065,384.3
2025-01-14 07:39:00,2.066,2.066,2.065,2.065,509.4
2025-01-14 07:40:00,2.065,2.066,2.064,2.064,848.4
2025-01-14 07:41:00,2.064,2.064,2.06,2.061,41519.9
2025-01-14 07:42:00,2.061,2.061,2.061,2.061,758.4
2025-01-14 07:43:00,2.062,2.062,2.061,2.061,229.0
2025-01-14 07:44:00,2.064,2.064,2.062,2.062,1099.6
2025-01-14 07:45:00,2.062,2.062,2.061,2.062,8851.4
2025-01-14 07:46:00,2.062,2.064,2.061,2.061,771.1
2025-01-14 07:47:00,2.062,2.062,2.06,2.06,3029.7
2025-01-14 07:48:00,2.06,2.062,2.059,2.062,1285.7
2025-01-14 07:49:00,2.062,2.062,2.062,2.062,0.0
2025-01-14 07:50:00,2.06,2.06,2.058,2.058,450.8
2025-01-14 07:51:00,2.058,2.059,2.058,2.058,1389.0
2025-01-14 07:52:00,2.057,2.057,2.057,2.057,7.6
2025-01-14 07:53:00,2.057,2.058,2.057,2.058,1217.3
2025-01-14 07:54:00,2.058,2.058,2.058,2.058,0.0
2025-01-14 07:55:00,2.06,2.06,2.06,2.06,58.8
2025-01-14 07:56:00,2.06,2.061,2.06,2.061,1185.1
2025-01-14 07:57:00,2.061,2.062,2.06,2.06,2834.2
2025-01-14 07:58:00,2.061,2.061,2.061,2.061,702.4
2025-01-14 07:59:00,2.059,2.059,2.058,2.059,1633.4
2025-01-14 08:00:00,2.059,2.065,2.059,2.065,2776.6
2025-01-14 08:01:00,2.065,2.066,2.065,2.066,548.6
2025-01-14 08:02:00,2.067,2.067,2.066,2.066,1382.3
2025-01-14 08:03:00,2.068,2.068,2.067,2.067,190.5
2025-01-14 08:04:00,2.066,2.067,2.066,2.067,981.8
2025-01-14 08:05:00,2.067,2.071,2.067,2.071,898.6
2025-01-14 08:06:00,2.072,2.072,2.07,2.07,274.7
2025-01-14 08:07:00,2.073,2.074,2.073,2.073,1224.4
2025-01-14 08:08:00,2.073,2.073,2.069,2.071,1630.0
2025-01-14 08:09:00,2.072,2.072,2.072,2.072,319.9
2025-01-14 08:10:00,2.072,2.074,2.072,2.074,953.4
2025-01-14 08:11:00,2.073,2.081,2.073,2.081,9788.0
2025-01-14 08:12:00,2.081,2.084,2.08,2.084,2656.5
2025-01-14 08:13:00,2.083,2.086,2.083,2.085,11571.2
2025-01-14 08:14:00,2.084,2.089,2.083,2.086,23257.4
2025-01-14 08:15:00,2.085,2.087,2.084,2.087,1099.9
2025-01-14 08:16:00,2.084,2.084,2.082,2.082,1133.4
2025-01-14 08:17:00,2.081,2.089,2.079,2.088,7612.2
2025-01-14 08:18:00,2.089,2.092,2.088,2.09,6719.2
2025-01-14 08:19:00,2.089,2.09,2.085,2.085,4053.1
2025-01-14 08:20:00,2.084,2.085,2.082,2.082,726.9
2025-01-14 08:21:00,2.082,2.082,2.08,2.08,1471.4
2025-01-14 08:22:00,2.08,2.081,2.078,2.078,1436.4
2025-01-14 08:23:00,2.077,2.079,2.076,2.077,4563.6
2025-01-14 08:24:00,2.077,2.077,2.073,2.074,2492.8
2025-01-14 08:25:00,2.074,2.075,2.072,2.072,11433.8
2025-01-14 08:26:00,2.073,2.073,2.073,2.073,497.8
2025-01-14 08:27:00,2.073,2.076,2.073,2.075,3131.8
2025-01-14 08:28:00,2.075,2.075,2.075,2.075,561.6
2025-01-14 08:29:00,2.075,2.076,2.074,2.076,351.8
2025-01-14 08:30:00,2.077,2.085,2.077,2.085,4145.7
2025-01-14 08:31:00,2.086,2.086,2.081,2.081,258.0
2025-01-14 08:32:00,2.082,2.082,2.078,2.078,3430.6
2025-01-14 08:33:00,2.078,2.078,2.077,2.078,1340.4
2025-01-14 08:34:00,2.08,2.08,2.078,2.078,4165.7
2025-01-14 08:35:00,2.079,2.081,2.079,2.081,5715.4
2025-01-14 08:36:00,2.08,2.082,2.077,2.081,199.4
2025-01-14 08:37:00,2.082,2.083,2.081,2.083,864.0
2025-01-14 08:38:00,2.084,2.085,2.083,2.084,908.5
2025-01-14 08:39:00,2.083,2.085,2.082,2.084,4605.6
2025-01-14 08:40:00,2.083,2.084,2.08,2.082,2485.4
2025-01-14 08:41:00,2.083,2.083,2.08,2.082,4402.0
2025-01-14 08:42:00,2.082,2.085,2.082,2.084,768.1
2025-01-14 08:43:00,2.084,2.085,2.084,2.085,103.4
2025-01-14 08:44:00,2.084,2.087,2.084,2.086,510.4
2025-01-14 08:45:00,2.087,2.087,2.085,2.086,1118.1
2025-01-14 08:46:00,2.087,2.087,2.084,2.084,1987.1
2025-01-14 08:47:00,2.084,2.091,2.084,2.09,4409.0
2025-01-14 08:48:00,2.09,2.092,2.088,2.091,1554.9
2025-01-14 08:49:00,2.088,2.089,2.088,2.088,449.9
2025-01-14 08:50:00,2.088,2.09,2.088,2.089,237.1
2025-01-14 08:51:00,2.089,2.089,2.087,2.089,860.0
2025-01-14 08:52:00,2.089,2.09,2.088,2.09,5969.3
2025-01-14 08:53:00,2.091,2.091,2.09,2.091,715.6
2025-01-14 08:54:00,2.09,2.09,2.087,2.088,3046.9
2025-01-14 08:55:00,2.088,2.088,2.087,2.087,7424.2
2025-01-14 08:56:00,2.088,2.088,2.085,2.086,905.9
2025-01-14 08:57:00,2.086,2.086,2.086,2.086,17.8
2025-01-14 08:58:00,2.086,2.087,2.086,2.086,954.2
2025-01-14 08:59:00,2.087,2.088,2.086,2.087,1908.4
2025-01-14 09:00:00,2.087,2.087,2.086,2.086,929.6
2025-01-14 09:01:00,2.088,2.088,2.086,2.086,386.0
2025-01-14 09:02:00,2.087,2.089,2.086,2.089,4835.3
2025-01-14 09:03:00,2.089,2.089,2.085,2.085,1292.5
2025-01-14 09:04:00,2.085,2.085,2.082,2.082,547.6
2025-01-14 09:05:00,2.082,2.084,2.081,2.084,4245.5
2025-01-14 09:06:00,2.085,2.085,2.079,2.079,1645.9
2025-01-14 09:07:00,2.08,2.083,2.08,2.082,3051.6
2025-01-14 09:08:00,2.082,2.084,2.08,2.084,6353.8
2025-01-14 09:09:00,2.084,2.085,2.08,2.083,4877.2
2025-01-14 09:10:00,2.084,2.085,2.084,2.085,666.8
2025-01-14 09:11:00,2.084,2.084,2.083,2.083,565.0
2025-01-14 09:12:00,2.085,2.088,2.084,2.087,8846.4
2025-01-14 09:13:00,2.088,2.092,2.088,2.092,2298.0
2025-01-14 09:14:00,2.093,2.094,2.092,2.094,3501.5
2025-01-14 09:15:00,2.093,2.093,2.089,2.091,2515.3
2025-01-14 09:16:00,2.09,2.091,2.087,2.087,2016.8
2025-01-14 09:17:00,2.088,2.089,2.087,2.089,4605.1
2025-01-14 09:18:00,2.088,2.095,2.087,2.095,4791.9
2025-01-14 09:19:00,2.095,2.099,2.095,2.098,16179.8
2025-01-14 09:20:00,2.099,2.1,2.098,2.099,3224.2
2025-01-14 09:21:00,2.1,2.1,2.098,2.1,1195.9
2025-01-14 09:22:00,2.1,2.105,2.099,2.103,6344.2
2025-01-14 09:23:00,2.103,2.108,2.103,2.108,4464.0
2025-01-14 09:24:00,2.107,2.117,2.107,2.117,10850.9
2025-01-14 09:25:00,2.116,2.123,2.116,2.12,17004.8
2025-01-14 09:26:00,2.122,2.122,2.119,2.121,5560.8
2025-01-14 09:27:00,2.122,2.124,2.12,2.124,7626.2
2025-01-14 09:28:00,2.125,2.126,2.119,2.119,3907.1
2025-01-14 09:29:00,2.121,2.124,2.119,2.12,51293.9
2025-01-14 09:30:00,2.12,2.12,2.113,2.114,7624.5
2025-01-14 09:31:00,2.113,2.118,2.112,2.118,3607.8
2025-01-14 09:32:00,2.118,2.122,2.115,2.122,5135.1
2025-01-14 09:33:00,2.122,2.124,2.121,2.123,3010.5
2025-01-14 09:34:00,2.122,2.129,2.121,2.128,8507.8
2025-01-14 09:35:00,2.128,2.133,2.125,2.128,6109.8
2025-01-14 09:36:00,2.128,2.131,2.126,2.131,2004.4
2025-01-14 09:37:00,2.132,2.133,2.129,2.132,5345.7
2025-01-14 09:38:00,2.132,2.135,2.132,2.134,11816.9
2025-01-14 09:39:00,2.134,2.134,2.127,2.131,7042.6
2025-01-14 09:40:00,2.134,2.137,2.133,2.135,4346.8
2025-01-14 09:41:00,2.134,2.152,2.134,2.143,104578.4
2025-01-14 09:42:00,2.143,2.158,2.139,2.14,81172.2
2025-01-14 09:43:00,2.139,2.153,2.139,2.146,83173.5
2025-01-14 09:44:00,2.147,2.155,2.145,2.146,26363.2
2025-01-14 09:45:00,2.145,2.154,2.143,2.147,57060.7
2025-01-14 09:46:00,2.148,2.153,2.146,2.15,83080.8
2025-01-14 09:47:00,2.151,2.161,2.151,2.157,52262.3
2025-01-14 09:48:00,2.158,2.167,2.157,2.163,69900.2
2025-01-14 09:49:00,2.164,2.169,2.162,2.167,53658.8
2025-01-14 09:50:00,2.168,2.17,2.163,2.163,9734.1
2025-01-14 09:51:00,2.163,2.169,2.161,2.166,15308.8
2025-01-14 09:52:00,2.166,2.182,2.163,2.165,51222.0
2025-01-14 09:53:00,2.164,2.165,2.156,2.159,12796.1
2025-01-14 09:54:00,2.158,2.162,2.155,2.16,17370.8
2025-01-14 09:55:00,2.16,2.162,2.16,2.16,6026.9
2025-01-14 09:56:00,2.159,2.162,2.157,2.16,6788.3
2025-01-14 09:57:00,2.16,2.162,2.16,2.16,4936.4
2025-01-14 09:58:00,2.161,2.163,2.159,2.16,4850.7
2025-01-14 09:59:00,2.16,2.16,2.158,2.16,4530.7
2025-01-14 10:00:00,2.16,2.163,2.157,2.159,16095.1
2025-01-14 10:01:00,2.157,2.157,2.151,2.151,3019.1
2025-01-14 10:02:00,2.151,2.152,2.149,2.15,12305.9
2025-01-14 10:03:00,2.148,2.15,2.147,2.149,2704.9
2025-01-14 10:04:00,2.15,2.151,2.146,2.147,11566.2
2025-01-14 10:05:00,2.147,2.148,2.144,2.145,2507.6
2025-01-14 10:06:00,2.144,2.144,2.141,2.143,3987.4
2025-01-14 10:07:00,2.144,2.145,2.141,2.142,6803.7
2025-01-14 10:08:00,2.141,2.142,2.138,2.139,3832.2
2025-01-14 10:09:00,2.139,2.14,2.138,2.139,1728.8
2025-01-14 10:10:00,2.139,2.139,2.135,2.138,7985.8
2025-01-14 10:11:00,2.139,2.14,2.135,2.135,4030.2
2025-01-14 10:12:00,2.136,2.139,2.135,2.135,2116.0
2025-01-14 10:13:00,2.135,2.138,2.135,2.138,4003.7
2025-01-14 10:14:00,2.134,2.139,2.134,2.139,802.0
2025-01-14 10:15:00,2.14,2.145,2.137,2.138,3689.2
2025-01-14 10:16:00,2.136,2.136,2.134,2.136,7931.6
2025-01-14 10:17:00,2.137,2.144,2.137,2.144,4319.7
2025-01-14 10:18:00,2.144,2.144,2.142,2.142,1984.0
2025-01-14 10:19:00,2.142,2.142,2.139,2.14,3242.7
2025-01-14 10:20:00,2.138,2.141,2.138,2.138,1701.0
2025-01-14 10:21:00,2.14,2.142,2.14,2.14,661.0
2025-01-14 10:22:00,2.14,2.143,2.14,2.142,986.3
2025-01-14 10:23:00,2.145,2.146,2.145,2.145,3558.0
2025-01-14 10:24:00,2.145,2.145,2.144,2.144,819.7
2025-01-14 10:25:00,2.145,2.146,2.143,2.143,1601.8
2025-01-14 10:26:00,2.144,2.144,2.142,2.142,1013.2
2025-01-14 10:27:00,2.143,2.144,2.143,2.143,1393.1
2025-01-14 10:28:00,2.142,2.144,2.142,2.143,4457.7
2025-01-14 10:29:00,2.143,2.144,2.143,2.144,1197.1
2025-01-14 10:30:00,2.143,2.143,2.138,2.138,962.4
2025-01-14 10:31:00,2.139,2.14,2.137,2.138,9765.1
2025-01-14 10:32:00,2.139,2.139,2.136,2.136,430.3
2025-01-14 10:33:00,2.138,2.145,2.136,2.144,17121.2
2025-01-14 10:34:00,2.143,2.144,2.14,2.141,2228.1
2025-01-14 10:35:00,2.14,2.142,2.139,2.142,1465.1
2025-01-14 10:36:00,2.143,2.143,2.14,2.14,2227.5
2025-01-14 10:37:00,2.141,2.141,2.138,2.138,998.6
2025-01-14 10:38:00,2.139,2.139,2.137,2.138,2355.1
2025-01-14 10:39:00,2.138,2.14,2.138,2.138,325.7
2025-01-14 10:40:00,2.137,2.139,2.136,2.139,1589.5
2025-01-14 10:41:00,2.137,2.137,2.135,2.135,3965.3
2025-01-14 10:42:00,2.134,2.134,2.134,2.134,272.7
2025-01-14 10:43:00,2.137,2.14,2.137,2.14,4546.1
2025-01-14 10:44:00,2.14,2.146,2.14,2.145,5973.2
2025-01-14 10:45:00,2.145,2.145,2.14,2.141,7279.3
2025-01-14 10:46:00,2.143,2.143,2.142,2.143,724.1
2025-01-14 10:47:00,2.143,2.144,2.143,2.144,76.8
2025-01-14 10:48:00,2.143,2.144,2.142,2.144,1598.3
2025-01-14 10:49:00,2.145,2.145,2.142,2.142,1242.4
2025-01-14 10:50:00,2.142,2.142,2.139,2.141,5675.0
2025-01-14 10:51:00,2.141,2.141,2.139,2.14,884.0
2025-01-14 10:52:00,2.141,2.141,2.14,2.14,1002.5
2025-01-14 10:53:00,2.141,2.142,2.141,2.142,331.9
2025-01-14 10:54:00,2.142,2.142,2.142,2.142,406.7
2025-01-14 10:55:00,2.14,2.14,2.137,2.137,2030.0
2025-01-14 10:56:00,2.138,2.139,2.138,2.138,2608.3
2025-01-14 10:57:00,2.137,2.137,2.134,2.136,2234.2
2025-01-14 10:58:00,2.136,2.136,2.136,2.136,1081.0
2025-01-14 10:59:00,2.136,2.143,2.136,2.143,17388.3
2025-01-14 11:00:00,2.145,2.145,2.141,2.142,1870.0
2025-01-14 11:01:00,2.141,2.141,2.14,2.141,20192.8
2025-01-14 11:02:00,2.142,2.145,2.142,2.145,1358.9
2025-01-14 11:03:00,2.143,2.143,2.14,2.14,747.6
2025-01-14 11:04:00,2.141,2.141,2.14,2.14,1565.4
2025-01-14 11:05:00,2.141,2.143,2.141,2.141,709.3
2025-01-14 11:06:00,2.142,2.142,2.139,2.139,4649.5
2025-01-14 11:07:00,2.138,2.138,2.136,2.137,2619.3
2025-01-14 11:08:00,2.136,2.136,2.133,2.133,8360.3
2025-01-14 11:09:00,2.133,2.134,2.133,2.134,2827.3
2025-01-14 11:10:00,2.133,2.133,2.132,2.132,2081.0
2025-01-14 11:11:00,2.133,2.135,2.132,2.135,2335.9
2025-01-14 11:12:00,2.134,2.134,2.133,2.133,132.3
2025-01-14 11:13:00,2.134,2.134,2.133,2.133,519.1
2025-01-14 11:14:00,2.133,2.133,2.131,2.132,905.9
2025-01-14 11:15:00,2.132,2.135,2.131,2.131,2293.1
2025-01-14 11:16:00,2.131,2.131,2.131,2.131,1073.5
2025-01-14 11:17:00,2.131,2.133,2.131,2.131,2977.1
2025-01-14 11:18:00,2.131,2.131,2.129,2.13,970.7
2025-01-14 11:19:00,2.131,2.131,2.127,2.127,280.4
2025-01-14 11:20:00,2.129,2.129,2.127,2.128,2559.1
2025-01-14 11:21:00,2.129,2.13,2.125,2.126,3584.6
2025-01-14 11:22:00,2.125,2.125,2.124,2.125,1850.5
2025-01-14 11:23:00,2.125,2.125,2.124,2.124,3271.7
2025-01-14 11:24:00,2.124,2.124,2.121,2.123,3299.8
2025-01-14 11:25:00,2.122,2.125,2.122,2.124,631.3
2025-01-14 11:26:00,2.127,2.129,2.127,2.129,191.0
2025-01-14 11:27:00,2.127,2.128,2.126,2.128,1824.2
2025-01-14 11:28:00,2.128,2.128,2.128,2.128,3.0
2025-01-14 11:29:00,2.128,2.129,2.128,2.129,127.1
2025-01-14 11:30:00,2.13,2.135,2.13,2.134,1259.9
2025-01-14 11:31:00,2.133,2.135,2.132,2.135,1809.5
2025-01-14 11:32:00,2.136,2.137,2.134,2.136,865.1
2025-01-14 11:33:00,2.136,2.137,2.135,2.135,2740.2
2025-01-14 11:34:00,2.134,2.135,2.133,2.134,354.5
2025-01-14 11:35:00,2.135,2.135,2.134,2.134,75.4
2025-01-14 11:36:00,2.135,2.137,2.133,2.133,1274.4
2025-01-14 11:37:00,2.134,2.134,2.133,2.134,779.3
2025-01-14 11:38:00,2.135,2.135,2.133,2.133,3106.8
2025-01-14 11:39:00,2.132,2.132,2.128,2.128,666.3
2025-01-14 11:40:00,2.127,2.127,2.124,2.124,2582.9
2025-01-14 11:41:00,2.125,2.125,2.12,2.12,3951.6
2025-01-14 11:42:00,2.12,2.125,2.12,2.125,3451.2
2025-01-14 11:43:00,2.126,2.126,2.124,2.124,3803.9
2025-01-14 11:44:00,2.126,2.128,2.126,2.128,980.5
2025-01-14 11:45:00,2.127,2.127,2.127,2.127,306.9
2025-01-14 11:46:00,2.126,2.126,2.124,2.126,1113.3
2025-01-14 11:47:00,2.126,2.127,2.124,2.127,1775.4
2025-01-14 11:48:00,2.127,2.127,2.126,2.126,51.9
2025-01-14 11:49:00,2.126,2.126,2.124,2.126,1519.3
2025-01-14 11:50:00,2.126,2.13,2.125,2.13,1630.9
2025-01-14 11:51:00,2.13,2.134,2.13,2.133,555.3
2025-01-14 11:52:00,2.133,2.133,2.133,2.133,75.8
2025-01-14 11:53:00,2.132,2.132,2.132,2.132,452.8
2025-01-14 11:54:00,2.132,2.133,2.132,2.133,556.1
2025-01-14 11:55:00,2.133,2.135,2.133,2.134,3773.9
2025-01-14 11:56:00,2.134,2.134,2.132,2.132,5058.7
2025-01-14 11:57:00,2.134,2.136,2.134,2.136,2896.2
2025-01-14 11:58:00,2.135,2.137,2.135,2.137,402.1
2025-01-14 11:59:00,2.137,2.138,2.137,2.138,1906.7
2025-01-14 12:00:00,2.138,2.143,2.137,2.141,4370.5
2025-01-14 12:01:00,2.143,2.143,2.139,2.139,2046.2
2025-01-14 12:02:00,2.139,2.14,2.137,2.139,1641.6
2025-01-14 12:03:00,2.137,2.138,2.134,2.135,4928.1
2025-01-14 12:04:00,2.135,2.136,2.132,2.134,4666.2
2025-01-14 12:05:00,2.133,2.134,2.132,2.133,617.3
2025-01-14 12:06:00,2.132,2.133,2.13,2.133,8826.4
2025-01-14 12:07:00,2.132,2.132,2.128,2.128,1519.8
2025-01-14 12:08:00,2.128,2.128,2.126,2.126,8380.2
2025-01-14 12:09:00,2.127,2.129,2.127,2.128,12355.4
2025-01-14 12:10:00,2.128,2.13,2.127,2.13,6241.7
2025-01-14 12:11:00,2.13,2.13,2.128,2.129,1520.8
2025-01-14 12:12:00,2.128,2.131,2.128,2.13,2689.2
2025-01-14 12:13:00,2.13,2.13,2.13,2.13,5.0
2025-01-14 12:14:00,2.129,2.132,2.128,2.132,615.6
2025-01-14 12:15:00,2.132,2.133,2.132,2.132,1428.6
2025-01-14 12:16:00,2.129,2.131,2.129,2.131,573.3
2025-01-14 12:17:00,2.131,2.132,2.13,2.131,506.9
2025-01-14 12:18:00,2.131,2.133,2.129,2.129,1273.0
2025-01-14 12:19:00,2.129,2.13,2.127,2.127,13055.9
2025-01-14 12:20:00,2.128,2.128,2.124,2.124,1212.6
2025-01-14 12:21:00,2.125,2.126,2.122,2.123,1286.8
2025-01-14 12:22:00,2.123,2.124,2.123,2.124,280.4
2025-01-14 12:23:00,2.123,2.123,2.121,2.122,2845.7
2025-01-14 12:24:00,2.121,2.121,2.117,2.117,1865.8
2025-01-14 12:25:00,2.117,2.12,2.117,2.12,380.3
2025-01-14 12:26:00,2.119,2.122,2.117,2.122,30374.9
2025-01-14 12:27:00,2.122,2.122,2.119,2.12,2193.9
2025-01-14 12:28:00,2.12,2.121,2.119,2.121,1706.6
2025-01-14 12:29:00,2.122,2.122,2.119,2.119,2999.3
2025-01-14 12:30:00,2.12,2.125,2.12,2.124,891.2
2025-01-14 12:31:00,2.123,2.125,2.122,2.123,2276.8
2025-01-14 12:32:00,2.124,2.125,2.123,2.123,2725.3
2025-01-14 12:33:00,2.123,2.123,2.12,2.121,1652.1
2025-01-14 12:34:00,2.123,2.123,2.123,2.123,1626.2
2025-01-14 12:35:00,2.127,2.127,2.126,2.126,1213.6
2025-01-14 12:36:00,2.127,2.127,2.124,2.126,970.5
2025-01-14 12:37:00,2.126,2.129,2.126,2.129,645.0
2025-01-14 12:38:00,2.13,2.131,2.13,2.131,1870.8
2025-01-14 12:39:00,2.132,2.133,2.132,2.133,6308.4
2025-01-14 12:40:00,2.133,2.138,2.133,2.138,1117.0
2025-01-14 12:41:00,2.138,2.139,2.136,2.136,3258.5
2025-01-14 12:42:00,2.135,2.135,2.135,2.135,338.4
2025-01-14 12:43:00,2.133,2.133,2.132,2.132,307.4
2025-01-14 12:44:00,2.132,2.132,2.13,2.13,1081.0
2025-01-14 12:45:00,2.13,2.131,2.13,2.131,688.2
2025-01-14 12:46:00,2.13,2.131,2.128,2.128,1053.8
2025-01-14 12:47:00,2.13,2.134,2.13,2.132,399.9
2025-01-14 12:48:00,2.134,2.134,2.134,2.134,1522.1
2025-01-14 12:49:00,2.137,2.138,2.137,2.138,382.8
2025-01-14 12:50:00,2.137,2.138,2.135,2.138,1776.2
2025-01-14 12:51:00,2.137,2.138,2.136,2.136,201.9
2025-01-14 12:52:00,2.136,2.136,2.135,2.136,759.6
2025-01-14 12:53:00,2.136,2.136,2.136,2.136,0.0
2025-01-14 12:54:00,2.137,2.137,2.135,2.135,388.2
2025-01-14 12:55:00,2.134,2.134,2.132,2.132,1041.9
2025-01-14 12:56:00,2.133,2.133,2.131,2.131,464.4
2025-01-14 12:57:00,2.13,2.13,2.129,2.129,1055.5
2025-01-14 12:58:00,2.129,2.131,2.127,2.127,5309.3
2025-01-14 12:59:00,2.128,2.131,2.128,2.13,4141.3
2025-01-14 13:00:00,2.131,2.135,2.131,2.134,3543.2
2025-01-14 13:01:00,2.134,2.136,2.132,2.132,1654.2
2025-01-14 13:02:00,2.132,2.132,2.13,2.13,2749.3
2025-01-14 13:03:00,2.129,2.137,2.129,2.136,1955.5
2025-01-14 13:04:00,2.135,2.138,2.134,2.138,1328.4
2025-01-14 13:05:00,2.138,2.141,2.138,2.141,4011.9
2025-01-14 13:06:00,2.141,2.141,2.137,2.138,1009.3
2025-01-14 13:07:00,2.139,2.139,2.135,2.135,2702.4
2025-01-14 13:08:00,2.135,2.136,2.133,2.135,1141.2
2025-01-14 13:09:00,2.134,2.134,2.131,2.132,2140.8
2025-01-14 13:10:00,2.132,2.132,2.13,2.13,528.6
2025-01-14 13:11:00,2.13,2.133,2.13,2.132,200.3
2025-01-14 13:12:00,2.135,2.135,2.133,2.133,1040.8
2025-01-14 13:13:00,2.135,2.135,2.134,2.134,196.3
2025-01-14 13:14:00,2.136,2.136,2.135,2.136,327.6
2025-01-14 13:15:00,2.135,2.138,2.135,2.138,108.9
2025-01-14 13:16:00,2.14,2.14,2.138,2.138,5139.3
2025-01-14 13:17:00,2.138,2.139,2.138,2.139,1444.2
2025-01-14 13:18:00,2.139,2.139,2.134,2.138,1361.0
2025-01-14 13:19:00,2.139,2.139,2.136,2.137,1551.8
2025-01-14 13:20:00,2.138,2.139,2.137,2.139,609.1
2025-01-14 13:21:00,2.14,2.141,2.139,2.141,5570.9
2025-01-14 13:22:00,2.141,2.141,2.14,2.14,821.3
2025-01-14 13:23:00,2.142,2.143,2.14,2.141,363.9
2025-01-14 13:24:00,2.141,2.141,2.139,2.139,1327.7
2025-01-14 13:25:00,2.139,2.14,2.139,2.14,267.3
2025-01-14 13:26:00,2.139,2.139,2.136,2.136,380.9
2025-01-14 13:27:00,2.136,2.136,2.133,2.133,6885.7
2025-01-14 13:28:00,2.133,2.134,2.132,2.134,620.5
2025-01-14 13:29:00,2.136,2.137,2.134,2.134,678.0
2025-01-14 13:30:00,2.136,2.181,2.136,2.173,145285.3
2025-01-14 13:31:00,2.173,2.181,2.169,2.174,68080.4
2025-01-14 13:32:00,2.174,2.179,2.168,2.17,22721.0
2025-01-14 13:33:00,2.17,2.18,2.166,2.167,32600.7
2025-01-14 13:34:00,2.166,2.168,2.162,2.162,12230.9
2025-01-14 13:35:00,2.161,2.161,2.154,2.157,4405.3
2025-01-14 13:36:00,2.157,2.165,2.157,2.159,6244.4
2025-01-14 13:37:00,2.16,2.164,2.158,2.162,3017.6
2025-01-14 13:38:00,2.16,2.16,2.156,2.158,2497.5
2025-01-14 13:39:00,2.158,2.165,2.158,2.165,7493.1
2025-01-14 13:40:00,2.168,2.169,2.162,2.162,5595.6
2025-01-14 13:41:00,2.159,2.168,2.159,2.168,6002.0
2025-01-14 13:42:00,2.167,2.168,2.164,2.164,3940.7
2025-01-14 13:43:00,2.163,2.169,2.162,2.166,5468.8
2025-01-14 13:44:00,2.164,2.166,2.162,2.162,3863.5
2025-01-14 13:45:00,2.163,2.171,2.163,2.171,2378.3
2025-01-14 13:46:00,2.173,2.175,2.169,2.175,994.5
2025-01-14 13:47:00,2.176,2.181,2.176,2.179,1778.1
2025-01-14 13:48:00,2.181,2.185,2.18,2.184,13602.7
2025-01-14 13:49:00,2.184,2.184,2.175,2.177,4220.5
2025-01-14 13:50:00,2.175,2.175,2.168,2.175,7634.8
2025-01-14 13:51:00,2.173,2.173,2.17,2.171,11822.6
2025-01-14 13:52:00,2.17,2.17,2.167,2.167,3832.7
2025-01-14 13:53:00,2.165,2.171,2.165,2.17,7868.6
2025-01-14 13:54:00,2.168,2.171,2.168,2.17,1597.9
2025-01-14 13:55:00,2.169,2.177,2.169,2.176,2443.0
2025-01-14 13:56:00,2.176,2.177,2.17,2.17,6380.0
2025-01-14 13:57:00,2.172,2.176,2.172,2.173,2757.7
2025-01-14 13:58:00,2.172,2.179,2.171,2.178,4647.1
2025-01-14 13:59:00,2.179,2.18,2.176,2.179,7501.1
2025-01-14 14:00:00,2.179,2.184,2.178,2.178,16188.1
2025-01-14 14:01:00,2.182,2.182,2.176,2.176,3261.6
2025-01-14 14:02:00,2.175,2.175,2.169,2.17,13658.8
2025-01-14 14:03:00,2.169,2.17,2.164,2.164,5858.9
2025-01-14 14:04:00,2.164,2.171,2.164,2.17,3057.8
2025-01-14 14:05:00,2.17,2.175,2.169,2.17,9171.1
2025-01-14 14:06:00,2.168,2.17,2.166,2.17,2622.9
2025-01-14 14:07:00,2.172,2.175,2.168,2.168,3612.3
2025-01-14 14:08:00,2.167,2.167,2.165,2.167,1339.1
2025-01-14 14:09:00,2.166,2.166,2.162,2.162,6136.3
2025-01-14 14:10:00,2.161,2.161,2.156,2.157,6230.1
2025-01-14 14:11:00,2.157,2.16,2.156,2.16,2874.6
2025-01-14 14:12:00,2.161,2.161,2.158,2.158,195.3
2025-01-14 14:13:00,2.158,2.161,2.158,2.161,1711.4
2025-01-14 14:14:00,2.162,2.162,2.161,2.161,2578.5
2025-01-14 14:15:00,2.163,2.165,2.163,2.165,3057.2
2025-01-14 14:16:00,2.167,2.17,2.167,2.168,253.4
2025-01-14 14:17:00,2.167,2.17,2.167,2.17,3690.4
2025-01-14 14:18:00,2.169,2.172,2.169,2.171,671.8
2025-01-14 14:19:00,2.173,2.174,2.172,2.173,781.8
2025-01-14 14:20:00,2.173,2.176,2.172,2.175,4086.9
2025-01-14 14:21:00,2.174,2.181,2.172,2.181,5080.0
2025-01-14 14:22:00,2.18,2.18,2.176,2.177,6915.4
2025-01-14 14:23:00,2.178,2.179,2.176,2.176,1481.3
2025-01-14 14:24:00,2.176,2.177,2.176,2.177,1196.1
2025-01-14 14:25:00,2.179,2.179,2.176,2.176,238.1
2025-01-14 14:26:00,2.179,2.181,2.178,2.178,21466.9
2025-01-14 14:27:00,2.179,2.18,2.179,2.179,1709.2
2025-01-14 14:28:00,2.179,2.181,2.179,2.181,1349.1
2025-01-14 14:29:00,2.182,2.184,2.181,2.182,10240.5
2025-01-14 14:30:00,2.182,2.186,2.18,2.186,37689.5
2025-01-14 14:31:00,2.187,2.188,2.185,2.188,2813.4
2025-01-14 14:32:00,2.187,2.187,2.177,2.178,5093.4
2025-01-14 14:33:00,2.179,2.18,2.175,2.18,4162.4
2025-01-14 14:34:00,2.182,2.189,2.182,2.186,6569.1
2025-01-14 14:35:00,2.188,2.19,2.185,2.189,2289.4
2025-01-14 14:36:00,2.188,2.188,2.185,2.188,281.8
2025-01-14 14:37:00,2.188,2.194,2.188,2.193,4042.1
2025-01-14 14:38:00,2.193,2.194,2.19,2.19,21371.3
2025-01-14 14:39:00,2.196,2.196,2.187,2.191,8972.5
2025-01-14 14:40:00,2.192,2.195,2.191,2.193,14825.3
2025-01-14 14:41:00,2.192,2.192,2.187,2.189,6583.7
2025-01-14 14:42:00,2.188,2.188,2.187,2.188,2370.7
2025-01-14 14:43:00,2.186,2.187,2.183,2.183,4162.4
2025-01-14 14:44:00,2.183,2.184,2.181,2.184,7508.9
2025-01-14 14:45:00,2.184,2.184,2.181,2.183,7668.1
2025-01-14 14:46:00,2.183,2.183,2.18,2.181,3745.9
2025-01-14 14:47:00,2.181,2.182,2.179,2.182,3344.7
2025-01-14 14:48:00,2.181,2.185,2.18,2.182,6321.7
2025-01-14 14:49:00,2.182,2.184,2.179,2.181,3989.5
2025-01-14 14:50:00,2.186,2.19,2.185,2.185,7694.4
2025-01-14 14:51:00,2.186,2.186,2.183,2.185,5560.9
2025-01-14 14:52:00,2.186,2.191,2.182,2.182,604.3
2025-01-14 14:53:00,2.182,2.182,2.179,2.181,10561.3
2025-01-14 14:54:00,2.178,2.178,2.172,2.173,11946.8
2025-01-14 14:55:00,2.174,2.175,2.171,2.171,12976.2
2025-01-14 14:56:00,2.17,2.176,2.169,2.174,17166.4
2025-01-14 14:57:00,2.173,2.173,2.171,2.171,8727.7
2025-01-14 14:58:00,2.17,2.173,2.17,2.173,4519.1
2025-01-14 14:59:00,2.172,2.172,2.171,2.171,1593.3
2025-01-14 15:00:00,2.174,2.177,2.169,2.169,719.3
2025-01-14 15:01:00,2.17,2.17,2.165,2.168,9413.5
2025-01-14 15:02:00,2.168,2.171,2.168,2.17,4799.8
2025-01-14 15:03:00,2.17,2.175,2.17,2.175,2473.5
2025-01-14 15:04:00,2.177,2.177,2.174,2.175,1372.7
2025-01-14 15:05:00,2.172,2.174,2.169,2.169,1002.7
2025-01-14 15:06:00,2.174,2.179,2.173,2.178,9350.7
2025-01-14 15:07:00,2.179,2.183,2.178,2.178,1218.9
2025-01-14 15:08:00,2.178,2.18,2.177,2.18,4625.4
2025-01-14 15:09:00,2.18,2.181,2.176,2.176,2814.5
2025-01-14 15:10:00,2.176,2.176,2.171,2.171,2020.7
2025-01-14 15:11:00,2.171,2.176,2.17,2.176,439.2
2025-01-14 15:12:00,2.176,2.177,2.176,2.176,2101.1
2025-01-14 15:13:00,2.177,2.177,2.174,2.175,6344.8
2025-01-14 15:14:00,2.175,2.176,2.175,2.176,3188.1
2025-01-14 15:15:00,2.176,2.178,2.172,2.172,9719.5
2025-01-14 15:16:00,2.173,2.177,2.173,2.177,841.7
2025-01-14 15:17:00,2.178,2.179,2.178,2.178,184.9
2025-01-14 15:18:00,2.176,2.177,2.174,2.174,1314.8
2025-01-14 15:19:00,2.173,2.175,2.172,2.174,783.2
2025-01-14 15:20:00,2.173,2.173,2.171,2.172,886.5
2025-01-14 15:21:00,2.172,2.175,2.17,2.174,5854.4
2025-01-14 15:22:00,2.171,2.171,2.166,2.166,2090.5
2025-01-14 15:23:00,2.166,2.17,2.165,2.17,2415.5
2025-01-14 15:24:00,2.17,2.171,2.168,2.169,594.9
2025-01-14 15:25:00,2.168,2.171,2.168,2.168,1734.1
2025-01-14 15:26:00,2.166,2.168,2.164,2.164,272.5
2025-01-14 15:27:00,2.164,2.164,2.162,2.162,1802.0
2025-01-14 15:28:00,2.162,2.165,2.162,2.165,121.6
2025-01-14 15:29:00,2.165,2.168,2.163,2.168,3488.0
2025-01-14 15:30:00,2.168,2.169,2.164,2.165,1109.9
2025-01-14 15:31:00,2.165,2.167,2.162,2.163,7534.6
2025-01-14 15:32:00,2.166,2.168,2.163,2.164,1373.5
2025-01-14 15:33:00,2.162,2.166,2.162,2.166,1500.3
2025-01-14 15:34:00,2.166,2.167,2.165,2.167,3609.4
2025-01-14 15:35:00,2.167,2.17,2.164,2.169,2536.2
2025-01-14 15:36:00,2.171,2.171,2.167,2.167,1344.3
2025-01-14 15:37:00,2.167,2.167,2.163,2.165,1560.5
2025-01-14 15:38:00,2.166,2.167,2.164,2.166,1331.1
2025-01-14 15:39:00,2.166,2.166,2.163,2.163,616.0
2025-01-14 15:40:00,2.164,2.169,2.164,2.169,367.8
2025-01-14 15:41:00,2.169,2.173,2.169,2.173,1147.6
2025-01-14 15:42:00,2.173,2.175,2.173,2.173,2592.7
2025-01-14 15:43:00,2.173,2.175,2.173,2.175,11485.9
2025-01-14 15:44:00,2.176,2.181,2.176,2.179,359.2
2025-01-14 15:45:00,2.179,2.179,2.171,2.171,5104.5
2025-01-14 15:46:00,2.17,2.17,2.169,2.169,2609.4
2025-01-14 15:47:00,2.168,2.174,2.168,2.173,5393.0
2025-01-14 15:48:00,2.172,2.173,2.169,2.172,2323.5
2025-01-14 15:49:00,2.171,2.171,2.17,2.171,257.4
2025-01-14 15:50:00,2.169,2.172,2.168,2.172,507.7
2025-01-14 15:51:00,2.172,2.173,2.17,2.173,62.1
2025-01-14 15:52:00,2.174,2.176,2.174,2.174,506.0
2025-01-14 15:53:00,2.172,2.173,2.171,2.172,484.8
2025-01-14 15:54:00,2.173,2.174,2.171,2.174,449.9
2025-01-14 15:55:00,2.174,2.174,2.171,2.171,893.3
2025-01-14 15:56:00,2.171,2.172,2.169,2.171,5711.4
2025-01-14 15:57:00,2.171,2.171,2.169,2.169,188.3
2025-01-14 15:58:00,2.17,2.17,2.167,2.167,533.0
2025-01-14 15:59:00,2.167,2.167,2.165,2.165,530.4
2025-01-14 16:00:00,2.165,2.169,2.164,2.167,4241.8
2025-01-14 16:01:00,2.166,2.166,2.159,2.161,11709.0
2025-01-14 16:02:00,2.159,2.159,2.149,2.149,5442.8
2025-01-14 16:03:00,2.149,2.149,2.144,2.149,2925.9
2025-01-14 16:04:00,2.147,2.149,2.143,2.144,6416.8
2025-01-14 16:05:00,2.143,2.145,2.142,2.143,1848.3
2025-01-14 16:06:00,2.142,2.152,2.142,2.148,11780.6
2025-01-14 16:07:00,2.153,2.155,2.151,2.151,14177.4
2025-01-14 16:08:00,2.15,2.158,2.149,2.156,4111.1
2025-01-14 16:09:00,2.157,2.157,2.153,2.153,2801.7
2025-01-14 16:10:00,2.151,2.152,2.147,2.148,1923.4
2025-01-14 16:11:00,2.146,2.151,2.146,2.149,2508.2
2025-01-14 16:12:00,2.149,2.15,2.148,2.149,1133.8
2025-01-14 16:13:00,2.148,2.149,2.146,2.146,803.1
2025-01-14 16:14:00,2.147,2.151,2.147,2.151,1567.0
2025-01-14 16:15:00,2.149,2.149,2.145,2.145,553.2
2025-01-14 16:16:00,2.145,2.153,2.145,2.153,2894.5
2025-01-14 16:17:00,2.152,2.156,2.152,2.154,3107.6
2025-01-14 16:18:00,2.154,2.155,2.15,2.151,3561.6
2025-01-14 16:19:00,2.15,2.152,2.149,2.152,1542.8
2025-01-14 16:20:00,2.153,2.154,2.153,2.154,1857.9
2025-01-14 16:21:00,2.155,2.157,2.155,2.157,778.6
2025-01-14 16:22:00,2.156,2.164,2.156,2.163,4289.7
2025-01-14 16:23:00,2.163,2.163,2.162,2.163,161.1
2025-01-14 16:24:00,2.162,2.162,2.161,2.161,494.1
2025-01-14 16:25:00,2.162,2.165,2.161,2.165,4108.9
2025-01-14 16:26:00,2.165,2.166,2.163,2.163,4509.5
2025-01-14 16:27:00,2.162,2.165,2.162,2.164,7840.0
2025-01-14 16:28:00,2.165,2.166,2.161,2.161,1165.5
2025-01-14 16:29:00,2.16,2.16,2.157,2.157,435.1
2025-01-14 16:30:00,2.156,2.156,2.153,2.154,2450.4
2025-01-14 16:31:00,2.155,2.155,2.154,2.154,321.8
2025-01-14 16:32:00,2.154,2.154,2.15,2.153,754.6
2025-01-14 16:33:00,2.155,2.155,2.152,2.152,918.6
2025-01-14 16:34:00,2.151,2.152,2.151,2.152,422.1
2025-01-14 16:35:00,2.152,2.153,2.151,2.153,129.9
2025-01-14 16:36:00,2.153,2.153,2.151,2.152,23.9
2025-01-14 16:37:00,2.151,2.152,2.151,2.151,185.1
2025-01-14 16:38:00,2.151,2.151,2.146,2.148,2520.2
2025-01-14 16:39:00,2.148,2.151,2.147,2.15,1695.2
2025-01-14 16:40:00,2.152,2.152,2.15,2.15,81.4
2025-01-14 16:41:00,2.152,2.155,2.151,2.155,89.9
2025-01-14 16:42:00,2.154,2.154,2.153,2.153,306.5
2025-01-14 16:43:00,2.152,2.152,2.151,2.151,972.9
2025-01-14 16:44:00,2.15,2.15,2.147,2.149,1873.0
2025-01-14 16:45:00,2.15,2.154,2.15,2.152,3252.1
2025-01-14 16:46:00,2.152,2.156,2.151,2.156,246.6
2025-01-14 16:47:00,2.155,2.155,2.155,2.155,458.2
2025-01-14 16:48:00,2.156,2.156,2.156,2.156,726.5
2025-01-14 16:49:00,2.154,2.158,2.154,2.155,4129.5
2025-01-14 16:50:00,2.156,2.156,2.155,2.155,2646.3
2025-01-14 16:51:00,2.155,2.157,2.154,2.157,1231.3
2025-01-14 16:52:00,2.155,2.157,2.155,2.157,765.5
2025-01-14 16:53:00,2.158,2.159,2.157,2.158,243.7
2025-01-14 16:54:00,2.157,2.159,2.157,2.157,1449.2
2025-01-14 16:55:00,2.16,2.16,2.16,2.16,8.5
2025-01-14 16:56:00,2.163,2.163,2.162,2.162,2843.7
2025-01-14 16:57:00,2.162,2.162,2.161,2.161,2034.8
2025-01-14 16:58:00,2.163,2.166,2.163,2.166,1136.4
2025-01-14 16:59:00,2.167,2.168,2.164,2.164,2206.7
2025-01-14 17:00:00,2.164,2.167,2.164,2.164,2198.6
2025-01-14 17:01:00,2.163,2.166,2.163,2.166,846.4
2025-01-14 17:02:00,2.166,2.166,2.165,2.165,524.1
2025-01-14 17:03:00,2.163,2.164,2.161,2.161,1087.3
2025-01-14 17:04:00,2.16,2.164,2.16,2.164,612.5
2025-01-14 17:05:00,2.164,2.166,2.164,2.164,1508.2
2025-01-14 17:06:00,2.164,2.167,2.164,2.167,1736.8
2025-01-14 17:07:00,2.169,2.176,2.169,2.175,3180.3
2025-01-14 17:08:00,2.174,2.174,2.171,2.171,2657.1
2025-01-14 17:09:00,2.171,2.176,2.171,2.175,10959.9
2025-01-14 17:10:00,2.175,2.175,2.17,2.17,17344.7
2025-01-14 17:11:00,2.172,2.173,2.171,2.173,1898.6
2025-01-14 17:12:00,2.174,2.176,2.173,2.174,2510.8
2025-01-14 17:13:00,2.174,2.178,2.173,2.178,1974.3
2025-01-14 17:14:00,2.177,2.177,2.174,2.175,6262.1
2025-01-14 17:15:00,2.175,2.175,2.173,2.173,1489.1
2025-01-14 17:16:00,2.173,2.179,2.172,2.176,6476.9
2025-01-14 17:17:00,2.178,2.179,2.178,2.178,7657.0
2025-01-14 17:18:00,2.178,2.185,2.178,2.183,3907.9
2025-01-14 17:19:00,2.182,2.182,2.179,2.18,2662.1
2025-01-14 17:20:00,2.181,2.181,2.177,2.177,2071.8
2025-01-14 17:21:00,2.175,2.175,2.17,2.17,2411.5
2025-01-14 17:22:00,2.17,2.171,2.169,2.171,3322.6
2025-01-14 17:23:00,2.172,2.173,2.172,2.172,1756.1
2025-01-14 17:24:00,2.174,2.176,2.173,2.176,1037.7
2025-01-14 17:25:00,2.176,2.177,2.174,2.174,1753.4
2025-01-14 17:26:00,2.178,2.179,2.178,2.178,520.9
2025-01-14 17:27:00,2.18,2.18,2.178,2.178,12809.9
2025-01-14 17:28:00,2.18,2.181,2.18,2.181,1303.4
2025-01-14 17:29:00,2.18,2.182,2.18,2.181,234.9
2025-01-14 17:30:00,2.182,2.184,2.181,2.181,4062.9
2025-01-14 17:31:00,2.181,2.181,2.179,2.18,2208.6
2025-01-14 17:32:00,2.181,2.182,2.179,2.18,7115.5
2025-01-14 17:33:00,2.181,2.184,2.18,2.18,2147.9
2025-01-14 17:34:00,2.181,2.181,2.176,2.176,1560.3
2025-01-14 17:35:00,2.176,2.176,2.169,2.169,10005.9
2025-01-14 17:36:00,2.173,2.174,2.173,2.174,1154.9
2025-01-14 17:37:00,2.174,2.174,2.172,2.174,2312.9
2025-01-14 17:38:00,2.173,2.173,2.172,2.172,86.1
2025-01-14 17:39:00,2.169,2.171,2.169,2.171,1758.4
2025-01-14 17:40:00,2.173,2.174,2.172,2.172,210.2
2025-01-14 17:41:00,2.17,2.174,2.17,2.171,472.2
2025-01-14 17:42:00,2.172,2.178,2.172,2.177,1354.2
2025-01-14 17:43:00,2.177,2.177,2.176,2.176,306.7
2025-01-14 17:44:00,2.176,2.176,2.176,2.176,724.1
2025-01-14 17:45:00,2.175,2.175,2.171,2.172,817.5
2025-01-14 17:46:00,2.175,2.18,2.175,2.179,5307.3
2025-01-14 17:47:00,2.181,2.181,2.18,2.18,451.5
2025-01-14 17:48:00,2.179,2.185,2.179,2.185,3868.7
2025-01-14 17:49:00,2.185,2.185,2.181,2.181,8075.0
2025-01-14 17:50:00,2.18,2.181,2.179,2.179,462.7
2025-01-14 17:51:00,2.18,2.181,2.179,2.179,1296.1
2025-01-14 17:52:00,2.179,2.179,2.178,2.179,874.2
2025-01-14 17:53:00,2.179,2.179,2.177,2.177,3207.9
2025-01-14 17:54:00,2.177,2.177,2.175,2.175,239.2
2025-01-14 17:55:00,2.176,2.176,2.173,2.175,3425.1
2025-01-14 17:56:00,2.174,2.174,2.172,2.172,808.3
2025-01-14 17:57:00,2.174,2.176,2.174,2.176,206.0
2025-01-14 17:58:00,2.176,2.179,2.176,2.177,2675.5
2025-01-14 17:59:00,2.178,2.18,2.178,2.18,235.2
2025-01-14 18:00:00,2.18,2.185,2.18,2.184,1661.4
2025-01-14 18:01:00,2.184,2.184,2.183,2.183,114.3
2025-01-14 18:02:00,2.182,2.182,2.181,2.181,268.2
2025-01-14 18:03:00,2.18,2.181,2.18,2.181,245.2
2025-01-14 18:04:00,2.18,2.18,2.177,2.177,375.8
2025-01-14 18:05:00,2.178,2.18,2.177,2.18,390.6
2025-01-14 18:06:00,2.18,2.181,2.179,2.181,6475.1
2025-01-14 18:07:00,2.183,2.187,2.183,2.185,3764.4
2025-01-14 18:08:00,2.185,2.186,2.183,2.186,251.8
2025-01-14 18:09:00,2.185,2.185,2.181,2.181,1722.2
2025-01-14 18:10:00,2.181,2.181,2.18,2.18,1125.5
2025-01-14 18:11:00,2.179,2.181,2.179,2.181,1812.4
2025-01-14 18:12:00,2.179,2.182,2.178,2.182,487.5
2025-01-14 18:13:00,2.182,2.185,2.182,2.184,9104.2
2025-01-14 18:14:00,2.183,2.183,2.182,2.182,258.8
2025-01-14 18:15:00,2.183,2.183,2.181,2.183,315.6
2025-01-14 18:16:00,2.183,2.186,2.183,2.186,695.4
2025-01-14 18:17:00,2.187,2.187,2.185,2.185,1075.4
2025-01-14 18:18:00,2.186,2.186,2.185,2.185,687.1
2025-01-14 18:19:00,2.184,2.184,2.18,2.18,2065.9
2025-01-14 18:20:00,2.18,2.182,2.179,2.181,1258.1
2025-01-14 18:21:00,2.183,2.184,2.183,2.183,1055.3
2025-01-14 18:22:00,2.183,2.184,2.181,2.184,2324.0
2025-01-14 18:23:00,2.184,2.187,2.183,2.186,2513.0
2025-01-14 18:24:00,2.186,2.186,2.183,2.185,1380.7
2025-01-14 18:25:00,2.184,2.187,2.184,2.187,8008.0
2025-01-14 18:26:00,2.186,2.186,2.184,2.186,7515.3
2025-01-14 18:27:00,2.186,2.186,2.184,2.184,1555.7
2025-01-14 18:28:00,2.184,2.184,2.184,2.184,624.5
2025-01-14 18:29:00,2.185,2.185,2.185,2.185,95.7
2025-01-14 18:30:00,2.185,2.185,2.182,2.182,1594.6
2025-01-14 18:31:00,2.183,2.186,2.181,2.186,2542.0
2025-01-14 18:32:00,2.186,2.188,2.184,2.184,6372.2
2025-01-14 18:33:00,2.185,2.185,2.184,2.185,1521.4
2025-01-14 18:34:00,2.186,2.186,2.183,2.183,729.6
2025-01-14 18:35:00,2.183,2.186,2.183,2.184,1308.9
2025-01-14 18:36:00,2.184,2.187,2.184,2.187,1143.6
2025-01-14 18:37:00,2.188,2.191,2.188,2.19,489.5
2025-01-14 18:38:00,2.19,2.191,2.19,2.19,570.6
2025-01-14 18:39:00,2.19,2.194,2.19,2.193,3109.8
2025-01-14 18:40:00,2.193,2.194,2.191,2.193,623.4
2025-01-14 18:41:00,2.192,2.193,2.189,2.189,1125.7
2025-01-14 18:42:00,2.19,2.19,2.184,2.186,2814.7
2025-01-14 18:43:00,2.187,2.189,2.187,2.189,374.3
2025-01-14 18:44:00,2.189,2.189,2.187,2.187,332.4
2025-01-14 18:45:00,2.185,2.187,2.184,2.185,2509.1
2025-01-14 18:46:00,2.183,2.186,2.183,2.186,1239.3
2025-01-14 18:47:00,2.185,2.188,2.185,2.188,134.4
2025-01-14 18:48:00,2.189,2.19,2.188,2.188,249.6
2025-01-14 18:49:00,2.189,2.189,2.188,2.189,956.5
2025-01-14 18:50:00,2.19,2.19,2.189,2.189,361.9
2025-01-14 18:51:00,2.188,2.188,2.185,2.187,1718.2
2025-01-14 18:52:00,2.187,2.187,2.185,2.187,185.7
2025-01-14 18:53:00,2.188,2.19,2.187,2.189,802.2
2025-01-14 18:54:00,2.19,2.19,2.189,2.189,32.3
2025-01-14 18:55:00,2.19,2.193,2.189,2.193,2408.1
2025-01-14 18:56:00,2.193,2.194,2.192,2.192,856.8
2025-01-14 18:57:00,2.192,2.192,2.19,2.191,731.4
2025-01-14 18:58:00,2.191,2.191,2.189,2.189,150.6
2025-01-14 18:59:00,2.189,2.189,2.189,2.189,168.3
2025-01-14 19:00:00,2.19,2.19,2.182,2.183,4195.3
2025-01-14 19:01:00,2.182,2.182,2.177,2.179,3734.5
2025-01-14 19:02:00,2.179,2.181,2.178,2.178,1478.2
2025-01-14 19:03:00,2.18,2.181,2.179,2.18,924.7
2025-01-14 19:04:00,2.178,2.183,2.177,2.182,1701.9
2025-01-14 19:05:00,2.185,2.185,2.178,2.178,5144.0
2025-01-14 19:06:00,2.181,2.181,2.18,2.18,1940.4
2025-01-14 19:07:00,2.182,2.182,2.18,2.18,573.8
2025-01-14 19:08:00,2.18,2.183,2.18,2.183,7332.9
2025-01-14 19:09:00,2.183,2.183,2.179,2.181,1730.4
2025-01-14 19:10:00,2.181,2.182,2.177,2.178,2207.7
2025-01-14 19:11:00,2.178,2.18,2.178,2.179,748.9
2025-01-14 19:12:00,2.18,2.181,2.177,2.179,2221.9
2025-01-14 19:13:00,2.178,2.182,2.178,2.182,613.2
2025-01-14 19:14:00,2.184,2.185,2.183,2.184,2049.7
2025-01-14 19:15:00,2.187,2.188,2.187,2.188,564.3
2025-01-14 19:16:00,2.187,2.187,2.184,2.184,152.3
2025-01-14 19:17:00,2.183,2.183,2.182,2.182,385.0
2025-01-14 19:18:00,2.182,2.184,2.181,2.184,617.0
2025-01-14 19:19:00,2.183,2.183,2.181,2.181,580.6
2025-01-14 19:20:00,2.181,2.182,2.181,2.182,35.0
2025-01-14 19:21:00,2.182,2.186,2.182,2.183,1791.3
2025-01-14 19:22:00,2.182,2.184,2.182,2.183,1547.2
2025-01-14 19:23:00,2.183,2.183,2.182,2.182,1174.3
2025-01-14 19:24:00,2.184,2.186,2.182,2.186,321.2
2025-01-14 19:25:00,2.185,2.185,2.183,2.183,455.4
2025-01-14 19:26:00,2.183,2.184,2.183,2.184,1494.6
2025-01-14 19:27:00,2.186,2.186,2.185,2.185,270.8
2025-01-14 19:28:00,2.188,2.188,2.186,2.186,1382.6
2025-01-14 19:29:00,2.186,2.186,2.186,2.186,0.0
2025-01-14 19:30:00,2.184,2.186,2.184,2.186,779.0
2025-01-14 19:31:00,2.186,2.187,2.184,2.184,348.4
2025-01-14 19:32:00,2.184,2.185,2.184,2.185,505.1
2025-01-14 19:33:00,2.185,2.19,2.185,2.189,856.1
2025-01-14 19:34:00,2.19,2.19,2.189,2.189,932.7
2025-01-14 19:35:00,2.191,2.191,2.19,2.19,259.7
2025-01-14 19:36:00,2.192,2.194,2.191,2.194,1584.8
2025-01-14 19:37:00,2.194,2.194,2.193,2.193,423.1
2025-01-14 19:38:00,2.192,2.192,2.192,2.192,114.7
2025-01-14 19:39:00,2.193,2.193,2.189,2.189,1648.9
2025-01-14 19:40:00,2.192,2.192,2.19,2.19,69.6
2025-01-14 19:41:00,2.19,2.195,2.19,2.193,775.4
2025-01-14 19:42:00,2.193,2.193,2.192,2.192,9.3
2025-01-14 19:43:00,2.192,2.193,2.192,2.193,146.1
2025-01-14 19:44:00,2.193,2.193,2.192,2.192,456.2
2025-01-14 19:45:00,2.191,2.191,2.187,2.187,1195.5
2025-01-14 19:46:00,2.188,2.188,2.185,2.185,1035.9
2025-01-14 19:47:00,2.186,2.187,2.186,2.187,458.8
2025-01-14 19:48:00,2.187,2.188,2.186,2.186,230.3
2025-01-14 19:49:00,2.185,2.186,2.185,2.186,818.1
2025-01-14 19:50:00,2.188,2.188,2.186,2.186,1137.2
2025-01-14 19:51:00,2.186,2.187,2.186,2.186,1564.2
2025-01-14 19:52:00,2.186,2.186,2.186,2.186,272.9
2025-01-14 19:53:00,2.186,2.187,2.185,2.186,358.6
2025-01-14 19:54:00,2.185,2.186,2.185,2.185,139.2
2025-01-14 19:55:00,2.187,2.187,2.186,2.186,141.4
2025-01-14 19:56:00,2.185,2.185,2.183,2.183,695.3
2025-01-14 19:57:00,2.184,2.184,2.182,2.183,358.4
2025-01-14 19:58:00,2.181,2.182,2.181,2.182,994.8
2025-01-14 19:59:00,2.181,2.182,2.181,2.182,222.6
2025-01-14 20:00:00,2.182,2.186,2.181,2.181,1649.8
2025-01-14 20:01:00,2.181,2.181,2.174,2.175,3869.7
2025-01-14 20:02:00,2.175,2.175,2.168,2.169,5763.9
2025-01-14 20:03:00,2.17,2.171,2.168,2.171,687.7
2025-01-14 20:04:00,2.169,2.169,2.165,2.168,1621.6
2025-01-14 20:05:00,2.165,2.169,2.165,2.168,2456.0
2025-01-14 20:06:00,2.168,2.169,2.167,2.168,1041.6
2025-01-14 20:07:00,2.166,2.169,2.165,2.169,2049.2
2025-01-14 20:08:00,2.171,2.175,2.17,2.173,12772.7
2025-01-14 20:09:00,2.174,2.174,2.172,2.172,1798.2
2025-01-14 20:10:00,2.171,2.171,2.169,2.169,1865.7
2025-01-14 20:11:00,2.168,2.169,2.167,2.167,614.8
2025-01-14 20:12:00,2.169,2.172,2.169,2.17,2007.7
2025-01-14 20:13:00,2.171,2.172,2.17,2.171,1464.3
2025-01-14 20:14:00,2.171,2.172,2.17,2.17,579.2
2025-01-14 20:15:00,2.17,2.176,2.17,2.176,4771.2
2025-01-14 20:16:00,2.177,2.178,2.172,2.176,4931.2
2025-01-14 20:17:00,2.176,2.182,2.176,2.18,3802.2
2025-01-14 20:18:00,2.18,2.182,2.18,2.181,534.7
2025-01-14 20:19:00,2.181,2.182,2.18,2.182,361.3
2025-01-14 20:20:00,2.183,2.186,2.183,2.183,641.3
2025-01-14 20:21:00,2.181,2.182,2.181,2.181,472.3
2025-01-14 20:22:00,2.181,2.183,2.18,2.181,833.5
2025-01-14 20:23:00,2.18,2.18,2.178,2.18,560.7
2025-01-14 20:24:00,2.181,2.184,2.181,2.184,1093.3
2025-01-14 20:25:00,2.186,2.186,2.184,2.184,635.6
2025-01-14 20:26:00,2.183,2.183,2.18,2.18,466.8
2025-01-14 20:27:00,2.179,2.179,2.179,2.179,1946.2
2025-01-14 20:28:00,2.18,2.182,2.18,2.182,17426.0
2025-01-14 20:29:00,2.181,2.182,2.181,2.181,356.0
2025-01-14 20:30:00,2.181,2.181,2.176,2.176,5901.4
2025-01-14 20:31:00,2.175,2.175,2.173,2.174,3760.3
2025-01-14 20:32:00,2.174,2.174,2.171,2.171,2043.9
2025-01-14 20:33:00,2.171,2.172,2.17,2.172,762.4
2025-01-14 20:34:00,2.171,2.172,2.171,2.172,98.1
2025-01-14 20:35:00,2.172,2.173,2.171,2.173,164.1
2025-01-14 20:36:00,2.171,2.174,2.171,2.173,2145.1
2025-01-14 20:37:00,2.173,2.174,2.172,2.174,527.9
2025-01-14 20:38:00,2.175,2.175,2.173,2.173,447.5
2025-01-14 20:39:00,2.171,2.172,2.171,2.171,141.9
2025-01-14 20:40:00,2.17,2.171,2.17,2.17,691.8
2025-01-14 20:41:00,2.171,2.173,2.171,2.173,602.0
2025-01-14 20:42:00,2.173,2.174,2.173,2.174,48.6
2025-01-14 20:43:00,2.171,2.172,2.171,2.171,216.1
2025-01-14 20:44:00,2.172,2.173,2.172,2.173,2524.5
2025-01-14 20:45:00,2.174,2.177,2.174,2.176,846.1
2025-01-14 20:46:00,2.174,2.176,2.173,2.173,121.8
2025-01-14 20:47:00,2.173,2.175,2.173,2.174,869.7
2025-01-14 20:48:00,2.174,2.176,2.174,2.175,791.0
2025-01-14 20:49:00,2.174,2.174,2.174,2.174,77.9
2025-01-14 20:50:00,2.174,2.176,2.174,2.175,2585.2
2025-01-14 20:51:00,2.175,2.175,2.173,2.173,467.1
2025-01-14 20:52:00,2.172,2.172,2.172,2.172,59.4
2025-01-14 20:53:00,2.173,2.173,2.172,2.172,159.5
2025-01-14 20:54:00,2.172,2.172,2.172,2.172,32.5
2025-01-14 20:55:00,2.173,2.173,2.173,2.173,34.2
2025-01-14 20:56:00,2.173,2.174,2.173,2.173,411.0
2025-01-14 20:57:00,2.174,2.174,2.173,2.173,35.4
2025-01-14 20:58:00,2.173,2.173,2.172,2.173,1371.8
2025-01-14 20:59:00,2.174,2.179,2.174,2.179,1568.5
2025-01-14 21:00:00,2.179,2.183,2.179,2.18,1273.5
2025-01-14 21:01:00,2.179,2.179,2.177,2.177,95.9
2025-01-14 21:02:00,2.178,2.18,2.178,2.18,712.2
2025-01-14 21:03:00,2.18,2.18,2.178,2.178,902.4
2025-01-14 21:04:00,2.179,2.19,2.179,2.187,1602.7
2025-01-14 21:05:00,2.186,2.186,2.182,2.183,696.0
2025-01-14 21:06:00,2.186,2.186,2.186,2.186,129.7
2025-01-14 21:07:00,2.186,2.186,2.185,2.186,424.6
2025-01-14 21:08:00,2.185,2.186,2.184,2.186,274.2
2025-01-14 21:09:00,2.186,2.186,2.184,2.186,1166.6
2025-01-14 21:10:00,2.183,2.183,2.181,2.181,395.6
2025-01-14 21:11:00,2.18,2.182,2.18,2.181,556.3
2025-01-14 21:12:00,2.181,2.183,2.181,2.183,117.7
2025-01-14 21:13:00,2.182,2.182,2.181,2.181,393.3
2025-01-14 21:14:00,2.18,2.183,2.18,2.183,1258.6
2025-01-14 21:15:00,2.182,2.184,2.182,2.182,347.1
2025-01-14 21:16:00,2.181,2.184,2.181,2.183,260.2
2025-01-14 21:17:00,2.184,2.187,2.184,2.187,129.4
2025-01-14 21:18:00,2.186,2.186,2.186,2.186,303.3
2025-01-14 21:19:00,2.187,2.189,2.187,2.188,1971.8
2025-01-14 21:20:00,2.189,2.189,2.188,2.188,390.2
2025-01-14 21:21:00,2.189,2.19,2.188,2.188,905.0
2025-01-14 21:22:00,2.188,2.189,2.187,2.187,1734.3
2025-01-14 21:23:00,2.186,2.187,2.186,2.186,17.6
2025-01-14 21:24:00,2.188,2.191,2.188,2.19,340.9
2025-01-14 21:25:00,2.19,2.192,2.19,2.191,2730.3
2025-01-14 21:26:00,2.19,2.19,2.189,2.189,179.2
2025-01-14 21:27:00,2.189,2.189,2.187,2.189,703.7
2025-01-14 21:28:00,2.189,2.191,2.189,2.191,535.0
2025-01-14 21:29:00,2.191,2.191,2.19,2.19,309.8
2025-01-14 21:30:00,2.189,2.19,2.185,2.185,690.3
2025-01-14 21:31:00,2.185,2.185,2.184,2.184,78.2
2025-01-14 21:32:00,2.184,2.185,2.182,2.182,1818.7
2025-01-14 21:33:00,2.182,2.184,2.182,2.183,267.6
2025-01-14 21:34:00,2.185,2.189,2.185,2.189,57.2
2025-01-14 21:35:00,2.188,2.188,2.187,2.187,291.4
2025-01-14 21:36:00,2.186,2.186,2.185,2.185,3521.0
2025-01-14 21:37:00,2.184,2.187,2.184,2.185,452.7
2025-01-14 21:38:00,2.186,2.186,2.184,2.184,1236.1
2025-01-14 21:39:00,2.184,2.185,2.184,2.184,477.4
2025-01-14 21:40:00,2.183,2.183,2.182,2.182,683.2
2025-01-14 21:41:00,2.183,2.184,2.182,2.182,456.5
2025-01-14 21:42:00,2.183,2.184,2.182,2.182,1116.0
2025-01-14 21:43:00,2.183,2.183,2.182,2.183,69.8
2025-01-14 21:44:00,2.182,2.183,2.181,2.182,3568.9
2025-01-14 21:45:00,2.183,2.184,2.182,2.182,299.6
2025-01-14 21:46:00,2.181,2.182,2.18,2.18,98.9
2025-01-14 21:47:00,2.182,2.182,2.179,2.179,3267.0
2025-01-14 21:48:00,2.18,2.18,2.18,2.18,708.8
2025-01-14 21:49:00,2.179,2.179,2.178,2.179,2220.8
2025-01-14 21:50:00,2.179,2.179,2.179,2.179,3802.1
2025-01-14 21:51:00,2.178,2.181,2.178,2.18,6532.4
2025-01-14 21:52:00,2.179,2.179,2.177,2.178,5973.6
2025-01-14 21:53:00,2.179,2.182,2.179,2.182,160.7
2025-01-14 21:54:00,2.183,2.183,2.181,2.181,196.2
2025-01-14 21:55:00,2.181,2.181,2.18,2.18,426.8
2025-01-14 21:56:00,2.179,2.181,2.179,2.181,824.2
2025-01-14 21:57:00,2.181,2.181,2.181,2.181,0.0
2025-01-14 21:58:00,2.182,2.183,2.182,2.183,1799.4
2025-01-14 21:59:00,2.183,2.183,2.183,2.183,0.0
2025-01-14 22:00:00,2.189,2.191,2.189,2.19,1413.6
2025-01-14 22:01:00,2.19,2.193,2.19,2.192,936.8
2025-01-14 22:02:00,2.192,2.193,2.189,2.189,2599.3
2025-01-14 22:03:00,2.189,2.189,2.188,2.189,1353.0
2025-01-14 22:04:00,2.19,2.191,2.19,2.191,506.4
2025-01-14 22:05:00,2.19,2.19,2.188,2.188,1971.0
2025-01-14 22:06:00,2.187,2.188,2.186,2.187,2511.3
2025-01-14 22:07:00,2.187,2.187,2.187,2.187,320.1
2025-01-14 22:08:00,2.186,2.186,2.186,2.186,10.0
2025-01-14 22:09:00,2.187,2.189,2.187,2.189,1748.3
2025-01-14 22:10:00,2.189,2.189,2.187,2.187,1673.2
2025-01-14 22:11:00,2.189,2.19,2.189,2.189,687.1
2025-01-14 22:12:00,2.188,2.189,2.187,2.188,1807.4
2025-01-14 22:13:00,2.189,2.19,2.189,2.19,476.1
2025-01-14 22:14:00,2.19,2.193,2.19,2.191,2061.7
2025-01-14 22:15:00,2.192,2.192,2.188,2.188,691.7
2025-01-14 22:16:00,2.187,2.189,2.186,2.187,5842.0
2025-01-14 22:17:00,2.188,2.188,2.188,2.188,432.5
2025-01-14 22:18:00,2.188,2.188,2.188,2.188,0.0
2025-01-14 22:19:00,2.19,2.19,2.189,2.189,217.9
2025-01-14 22:20:00,2.189,2.19,2.189,2.19,463.7
2025-01-14 22:21:00,2.191,2.192,2.191,2.192,1137.5
2025-01-14 22:22:00,2.191,2.191,2.19,2.191,406.0
2025-01-14 22:23:00,2.191,2.191,2.191,2.191,271.8
2025-01-14 22:24:00,2.19,2.19,2.189,2.19,1672.4
2025-01-14 22:25:00,2.19,2.192,2.19,2.192,1309.1
2025-01-14 22:26:00,2.191,2.191,2.183,2.183,77945.3
2025-01-14 22:27:00,2.183,2.184,2.183,2.184,2420.0
2025-01-14 22:28:00,2.184,2.184,2.184,2.184,918.2
2025-01-14 22:29:00,2.184,2.186,2.184,2.186,37177.7
2025-01-14 22:30:00,2.186,2.187,2.186,2.187,3135.3
2025-01-14 22:31:00,2.187,2.187,2.187,2.187,0.0
2025-01-14 22:32:00,2.186,2.186,2.186,2.186,455.8
2025-01-14 22:33:00,2.185,2.186,2.185,2.185,1205.1
2025-01-14 22:34:00,2.184,2.184,2.183,2.184,2156.1
2025-01-14 22:35:00,2.183,2.186,2.183,2.186,396.8
2025-01-14 22:36:00,2.186,2.188,2.186,2.187,717.5
2025-01-14 22:37:00,2.188,2.189,2.188,2.189,238.8
2025-01-14 22:38:00,2.189,2.189,2.189,2.189,166.3
2025-01-14 22:39:00,2.189,2.191,2.189,2.19,5494.3
2025-01-14 22:40:00,2.19,2.19,2.189,2.189,1727.8
2025-01-14 22:41:00,2.189,2.19,2.189,2.19,1470.7
2025-01-14 22:42:00,2.189,2.19,2.188,2.19,2414.9
2025-01-14 22:43:00,2.19,2.191,2.19,2.19,1632.1
2025-01-14 22:44:00,2.19,2.19,2.19,2.19,1518.1
2025-01-14 22:45:00,2.19,2.19,2.19,2.19,549.2
2025-01-14 22:46:00,2.19,2.191,2.19,2.191,721.8
2025-01-14 22:47:00,2.19,2.192,2.19,2.192,262.8
2025-01-14 22:48:00,2.192,2.192,2.192,2.192,6098.5
2025-01-14 22:49:00,2.193,2.194,2.193,2.194,42.1
2025-01-14 22:50:00,2.194,2.194,2.191,2.192,2007.5
2025-01-14 22:51:00,2.191,2.191,2.191,2.191,77.5
2025-01-14 22:52:00,2.192,2.192,2.192,2.192,13.8
2025-01-14 22:53:00,2.191,2.192,2.191,2.192,284.7
2025-01-14 22:54:00,2.192,2.194,2.192,2.194,1379.6
2025-01-14 22:55:00,2.192,2.193,2.192,2.192,166.2
2025-01-14 22:56:00,2.193,2.194,2.193,2.193,643.8
2025-01-14 22:57:00,2.194,2.195,2.191,2.191,1441.7
2025-01-14 22:58:00,2.191,2.192,2.191,2.192,963.9
2025-01-14 22:59:00,2.19,2.191,2.188,2.188,465.6
2025-01-14 23:00:00,2.189,2.191,2.187,2.189,1843.0
2025-01-14 23:01:00,2.189,2.19,2.188,2.189,722.3
2025-01-14 23:02:00,2.189,2.19,2.183,2.183,1358.6
2025-01-14 23:03:00,2.184,2.185,2.183,2.183,2511.5
2025-01-14 23:04:00,2.184,2.185,2.184,2.184,1457.3
2025-01-14 23:05:00,2.185,2.185,2.184,2.184,3160.7
2025-01-14 23:06:00,2.184,2.184,2.181,2.181,1292.1
2025-01-14 23:07:00,2.182,2.184,2.182,2.183,2310.8
2025-01-14 23:08:00,2.182,2.183,2.181,2.182,1612.6
2025-01-14 23:09:00,2.182,2.183,2.182,2.183,56.4
2025-01-14 23:10:00,2.183,2.184,2.183,2.184,586.2
2025-01-14 23:11:00,2.186,2.186,2.186,2.186,3739.9
2025-01-14 23:12:00,2.186,2.186,2.182,2.182,5030.6
2025-01-14 23:13:00,2.181,2.181,2.178,2.178,774.2
2025-01-14 23:14:00,2.18,2.18,2.179,2.179,436.8
2025-01-14 23:15:00,2.181,2.181,2.18,2.18,2496.9
2025-01-14 23:16:00,2.183,2.183,2.181,2.181,338.5
2025-01-14 23:17:00,2.181,2.181,2.18,2.181,388.9
2025-01-14 23:18:00,2.181,2.182,2.181,2.182,52.9
2025-01-14 23:19:00,2.183,2.185,2.183,2.185,3082.1
2025-01-14 23:20:00,2.184,2.186,2.184,2.185,2153.3
2025-01-14 23:21:00,2.184,2.184,2.183,2.183,4937.6
2025-01-14 23:22:00,2.183,2.183,2.182,2.183,1044.6
2025-01-14 23:23:00,2.182,2.182,2.181,2.181,15974.1
2025-01-14 23:24:00,2.181,2.181,2.18,2.18,1755.8
2025-01-14 23:25:00,2.18,2.18,2.179,2.179,1031.8
2025-01-14 23:26:00,2.179,2.18,2.179,2.179,1686.5
2025-01-14 23:27:00,2.179,2.179,2.176,2.176,1410.6
2025-01-14 23:28:00,2.176,2.177,2.175,2.176,2111.6
2025-01-14 23:29:00,2.176,2.177,2.176,2.177,108.8
2025-01-14 23:30:00,2.178,2.178,2.176,2.176,1318.7
2025-01-14 23:31:00,2.177,2.179,2.177,2.179,676.7
2025-01-14 23:32:00,2.18,2.18,2.179,2.179,819.8
2025-01-14 23:33:00,2.178,2.178,2.176,2.176,655.7
2025-01-14 23:34:00,2.176,2.176,2.176,2.176,796.3
2025-01-14 23:35:00,2.176,2.176,2.174,2.174,724.1
2025-01-14 23:36:00,2.174,2.174,2.171,2.171,1374.0
2025-01-14 23:37:00,2.172,2.173,2.172,2.172,1362.1
2025-01-14 23:38:00,2.173,2.174,2.173,2.174,929.1
2025-01-14 23:39:00,2.174,2.174,2.173,2.173,140.5
2025-01-14 23:40:00,2.173,2.178,2.173,2.177,14425.3
2025-01-14 23:41:00,2.179,2.18,2.179,2.18,17.8
2025-01-14 23:42:00,2.179,2.179,2.177,2.178,10451.7
2025-01-14 23:43:00,2.178,2.18,2.178,2.18,570.3
2025-01-14 23:44:00,2.181,2.182,2.179,2.179,1267.9
2025-01-14 23:45:00,2.178,2.181,2.177,2.177,7399.5
2025-01-14 23:46:00,2.178,2.178,2.176,2.176,196.1
2025-01-14 23:47:00,2.176,2.176,2.175,2.175,743.8
2025-01-14 23:48:00,2.175,2.175,2.174,2.174,295.8
2025-01-14 23:49:00,2.174,2.174,2.172,2.172,763.0
2025-01-14 23:50:00,2.173,2.173,2.173,2.173,182.4
2025-01-14 23:51:00,2.173,2.173,2.169,2.17,15340.0
2025-01-14 23:52:00,2.171,2.172,2.169,2.171,2335.7
2025-01-14 23:53:00,2.171,2.171,2.171,2.171,419.7
2025-01-14 23:54:00,2.171,2.172,2.168,2.17,8072.4
2025-01-14 23:55:00,2.17,2.17,2.168,2.169,5435.0
2025-01-14 23:56:00,2.168,2.169,2.168,2.168,906.1
2025-01-14 23:57:00,2.168,2.169,2.168,2.168,1418.8
2025-01-14 23:58:00,2.168,2.168,2.168,2.168,206.9
2025-01-14 23:59:00,2.168,2.168,2.167,2.168,1562.9
2025-01-15 00:00:00,2.17,2.18,2.17,2.176,4019.8
2025-01-15 00:01:00,2.172,2.176,2.171,2.171,4903.9
2025-01-15 00:02:00,2.17,2.17,2.167,2.167,2569.9
2025-01-15 00:03:00,2.168,2.168,2.164,2.164,6007.1
2025-01-15 00:04:00,2.165,2.165,2.16,2.161,8403.0
2025-01-15 00:05:00,2.162,2.164,2.161,2.162,5939.4
2025-01-15 00:06:00,2.162,2.164,2.16,2.162,7071.9
2025-01-15 00:07:00,2.161,2.168,2.161,2.164,5416.2
2025-01-15 00:08:00,2.166,2.172,2.165,2.172,4731.9
2025-01-15 00:09:00,2.172,2.173,2.169,2.17,2997.5
2025-01-15 00:10:00,2.171,2.172,2.167,2.168,1643.8
2025-01-15 00:11:00,2.168,2.169,2.165,2.169,1016.9
2025-01-15 00:12:00,2.171,2.173,2.169,2.173,1158.5
2025-01-15 00:13:00,2.172,2.175,2.172,2.175,644.6
2025-01-15 00:14:00,2.176,2.176,2.174,2.175,1416.6
2025-01-15 00:15:00,2.175,2.178,2.175,2.177,743.2
2025-01-15 00:16:00,2.177,2.177,2.175,2.175,6095.9
2025-01-15 00:17:00,2.175,2.177,2.174,2.174,1530.9
2025-01-15 00:18:00,2.172,2.18,2.172,2.18,6993.0
2025-01-15 00:19:00,2.181,2.181,2.179,2.179,201.6
2025-01-15 00:20:00,2.177,2.178,2.177,2.178,295.3
2025-01-15 00:21:00,2.178,2.179,2.178,2.179,418.8
2025-01-15 00:22:00,2.179,2.181,2.179,2.181,908.5
2025-01-15 00:23:00,2.181,2.182,2.18,2.181,499.6
2025-01-15 00:24:00,2.18,2.181,2.18,2.181,1405.6
2025-01-15 00:25:00,2.181,2.183,2.18,2.183,1969.9
2025-01-15 00:26:00,2.184,2.185,2.183,2.185,369.3
2025-01-15 00:27:00,2.184,2.184,2.18,2.18,5897.6
2025-01-15 00:28:00,2.18,2.18,2.178,2.178,1758.0
2025-01-15 00:29:00,2.178,2.181,2.178,2.181,5215.3
2025-01-15 00:30:00,2.182,2.184,2.179,2.184,3451.7
2025-01-15 00:31:00,2.185,2.187,2.185,2.186,2742.5
2025-01-15 00:32:00,2.185,2.185,2.183,2.183,223.1
2025-01-15 00:33:00,2.184,2.184,2.18,2.181,2558.0
2025-01-15 00:34:00,2.18,2.18,2.176,2.176,8286.8
2025-01-15 00:35:00,2.176,2.176,2.17,2.171,2237.5
2025-01-15 00:36:00,2.171,2.172,2.168,2.168,4425.0
2025-01-15 00:37:00,2.169,2.169,2.167,2.167,738.8
2025-01-15 00:38:00,2.171,2.173,2.17,2.172,1109.9
2025-01-15 00:39:00,2.172,2.172,2.17,2.17,322.9
2025-01-15 00:40:00,2.17,2.171,2.169,2.169,616.1
2025-01-15 00:41:00,2.169,2.169,2.167,2.167,686.1
2025-01-15 00:42:00,2.168,2.17,2.167,2.17,1090.3
2025-01-15 00:43:00,2.171,2.173,2.17,2.171,3019.2
2025-01-15 00:44:00,2.171,2.171,2.17,2.171,39.6
2025-01-15 00:45:00,2.171,2.171,2.165,2.166,516.3
2025-01-15 00:46:00,2.167,2.168,2.167,2.167,366.3
2025-01-15 00:47:00,2.169,2.17,2.169,2.17,720.7
2025-01-15 00:48:00,2.171,2.174,2.171,2.173,4031.1
2025-01-15 00:49:00,2.174,2.175,2.174,2.175,478.4
2025-01-15 00:50:00,2.175,2.176,2.174,2.176,162.9
2025-01-15 00:51:00,2.176,2.176,2.174,2.174,1289.5
2025-01-15 00:52:00,2.173,2.173,2.171,2.171,1144.2
2025-01-15 00:53:00,2.172,2.172,2.17,2.17,128.0
2025-01-15 00:54:00,2.17,2.172,2.17,2.171,628.1
2025-01-15 00:55:00,2.17,2.173,2.17,2.173,53.0
2025-01-15 00:56:00,2.171,2.172,2.17,2.17,278.5
2025-01-15 00:57:00,2.17,2.17,2.17,2.17,168.3
2025-01-15 00:58:00,2.172,2.173,2.171,2.171,385.5
2025-01-15 00:59:00,2.171,2.171,2.171,2.171,20.7
2025-01-15 01:00:00,2.169,2.169,2.164,2.165,1607.2
2025-01-15 01:01:00,2.166,2.167,2.166,2.167,710.7
2025-01-15 01:02:00,2.17,2.172,2.17,2.172,1251.6
2025-01-15 01:03:00,2.172,2.172,2.165,2.165,2097.6
2025-01-15 01:04:00,2.166,2.167,2.164,2.164,301.0
2025-01-15 01:05:00,2.164,2.167,2.164,2.167,342.4
2025-01-15 01:06:00,2.167,2.167,2.166,2.167,151.7
2025-01-15 01:07:00,2.167,2.169,2.167,2.168,752.1
2025-01-15 01:08:00,2.167,2.168,2.166,2.168,1631.2
2025-01-15 01:09:00,2.169,2.169,2.168,2.168,395.5
2025-01-15 01:10:00,2.168,2.172,2.168,2.17,278.1
2025-01-15 01:11:00,2.17,2.171,2.164,2.164,707.3
2025-01-15 01:12:00,2.165,2.165,2.164,2.164,450.8
2025-01-15 01:13:00,2.163,2.163,2.161,2.161,508.2
2025-01-15 01:14:00,2.161,2.161,2.16,2.16,223.1
2025-01-15 01:15:00,2.16,2.16,2.157,2.157,13509.3
2025-01-15 01:16:00,2.157,2.16,2.157,2.158,4720.5
2025-01-15 01:17:00,2.159,2.162,2.158,2.159,862.2
2025-01-15 01:18:00,2.157,2.159,2.157,2.159,115.2
2025-01-15 01:19:00,2.159,2.159,2.157,2.157,2063.0
2025-01-15 01:20:00,2.157,2.159,2.157,2.159,1276.9
2025-01-15 01:21:00,2.162,2.162,2.16,2.16,716.4
2025-01-15 01:22:00,2.163,2.165,2.163,2.164,912.2
2025-01-15 01:23:00,2.163,2.164,2.163,2.164,1078.0
2025-01-15 01:24:00,2.163,2.167,2.163,2.167,1758.0
2025-01-15 01:25:00,2.168,2.171,2.168,2.171,788.4
2025-01-15 01:26:00,2.172,2.172,2.17,2.171,2643.1
2025-01-15 01:27:00,2.172,2.172,2.17,2.17,2519.8
2025-01-15 01:28:00,2.171,2.171,2.168,2.168,967.7
2025-01-15 01:29:00,2.168,2.17,2.168,2.17,2585.2
2025-01-15 01:30:00,2.169,2.169,2.165,2.165,377.8
2025-01-15 01:31:00,2.165,2.169,2.164,2.169,2135.7
2025-01-15 01:32:00,2.17,2.172,2.168,2.171,3688.9
2025-01-15 01:33:00,2.172,2.179,2.172,2.177,4321.6
2025-01-15 01:34:00,2.179,2.184,2.179,2.182,3703.9
2025-01-15 01:35:00,2.181,2.182,2.177,2.179,3539.6
2025-01-15 01:36:00,2.18,2.183,2.18,2.181,5659.7
2025-01-15 01:37:00,2.18,2.18,2.175,2.176,1912.1
2025-01-15 01:38:00,2.178,2.178,2.17,2.172,8478.1
2025-01-15 01:39:00,2.172,2.172,2.169,2.169,966.8
2025-01-15 01:40:00,2.169,2.17,2.168,2.169,2768.8
2025-01-15 01:41:00,2.169,2.177,2.168,2.177,1809.0
2025-01-15 01:42:00,2.176,2.178,2.176,2.178,1149.6
2025-01-15 01:43:00,2.177,2.182,2.176,2.182,7173.5
2025-01-15 01:44:00,2.183,2.185,2.177,2.177,2534.8
2025-01-15 01:45:00,2.178,2.179,2.177,2.178,1676.0
2025-01-15 01:46:00,2.178,2.183,2.178,2.18,3368.8
2025-01-15 01:47:00,2.181,2.181,2.173,2.173,2899.1
2025-01-15 01:48:00,2.173,2.179,2.173,2.175,35040.1
2025-01-15 01:49:00,2.176,2.176,2.174,2.174,1445.0
2025-01-15 01:50:00,2.176,2.176,2.168,2.168,1187.4
2025-01-15 01:51:00,2.168,2.171,2.168,2.169,580.2
2025-01-15 01:52:00,2.168,2.171,2.167,2.17,2480.0
2025-01-15 01:53:00,2.17,2.17,2.17,2.17,56.2
2025-01-15 01:54:00,2.171,2.177,2.171,2.177,1695.0
2025-01-15 01:55:00,2.178,2.183,2.178,2.183,2472.2
2025-01-15 01:56:00,2.183,2.185,2.178,2.178,3687.8
2025-01-15 01:57:00,2.178,2.179,2.178,2.179,440.9
2025-01-15 01:58:00,2.18,2.18,2.175,2.177,10878.0
2025-01-15 01:59:00,2.176,2.176,2.172,2.172,1776.7
2025-01-15 02:00:00,2.176,2.177,2.173,2.173,1128.5
2025-01-15 02:01:00,2.176,2.178,2.174,2.175,6088.9
2025-01-15 02:02:00,2.175,2.175,2.174,2.175,1966.6
2025-01-15 02:03:00,2.177,2.177,2.172,2.173,2657.7
2025-01-15 02:04:00,2.174,2.184,2.174,2.183,2029.2
2025-01-15 02:05:00,2.184,2.192,2.184,2.19,30970.3
2025-01-15 02:06:00,2.19,2.192,2.188,2.189,5841.3
2025-01-15 02:07:00,2.19,2.192,2.185,2.185,5855.7
2025-01-15 02:08:00,2.184,2.186,2.18,2.182,25430.7
2025-01-15 02:09:00,2.184,2.184,2.18,2.181,1793.1
2025-01-15 02:10:00,2.181,2.181,2.174,2.174,1975.1
2025-01-15 02:11:00,2.176,2.176,2.174,2.174,527.1
2025-01-15 02:12:00,2.177,2.178,2.175,2.175,12365.5
2025-01-15 02:13:00,2.176,2.179,2.176,2.179,2390.8
2025-01-15 02:14:00,2.18,2.181,2.178,2.178,1617.9
2025-01-15 02:15:00,2.179,2.179,2.177,2.177,5894.9
2025-01-15 02:16:00,2.178,2.178,2.172,2.172,2288.4
2025-01-15 02:17:00,2.174,2.178,2.174,2.177,3419.9
2025-01-15 02:18:00,2.175,2.175,2.172,2.173,2057.4
2025-01-15 02:19:00,2.172,2.174,2.172,2.172,630.9
2025-01-15 02:20:00,2.171,2.173,2.169,2.172,1861.1
2025-01-15 02:21:00,2.172,2.172,2.169,2.169,293.3
2025-01-15 02:22:00,2.171,2.171,2.167,2.169,14598.1
2025-01-15 02:23:00,2.169,2.17,2.167,2.167,1147.8
2025-01-15 02:24:00,2.169,2.169,2.168,2.169,797.6
2025-01-15 02:25:00,2.169,2.169,2.168,2.168,1301.1
2025-01-15 02:26:00,2.17,2.171,2.169,2.171,1516.7
2025-01-15 02:27:00,2.173,2.175,2.173,2.173,3537.0
2025-01-15 02:28:00,2.173,2.173,2.17,2.17,5827.5
2025-01-15 02:29:00,2.172,2.172,2.17,2.17,126.4
2025-01-15 02:30:00,2.168,2.171,2.168,2.169,3374.9
2025-01-15 02:31:00,2.17,2.171,2.167,2.168,3250.6
2025-01-15 02:32:00,2.168,2.171,2.168,2.171,3026.7
2025-01-15 02:33:00,2.171,2.173,2.17,2.171,2687.3
2025-01-15 02:34:00,2.171,2.175,2.17,2.175,1214.8
2025-01-15 02:35:00,2.175,2.177,2.173,2.173,2235.7
2025-01-15 02:36:00,2.171,2.173,2.169,2.169,2449.3
2025-01-15 02:37:00,2.169,2.171,2.168,2.17,5652.6
2025-01-15 02:38:00,2.173,2.175,2.172,2.175,2810.1
2025-01-15 02:39:00,2.175,2.176,2.174,2.175,1876.0
2025-01-15 02:40:00,2.174,2.175,2.174,2.175,1780.1
2025-01-15 02:41:00,2.173,2.174,2.172,2.174,1268.1
2025-01-15 02:42:00,2.173,2.175,2.171,2.175,671.1
2025-01-15 02:43:00,2.174,2.176,2.174,2.175,1803.8
2025-01-15 02:44:00,2.173,2.173,2.171,2.171,3017.7
2025-01-15 02:45:00,2.171,2.171,2.169,2.17,2426.0
2025-01-15 02:46:00,2.171,2.176,2.171,2.176,22665.4
2025-01-15 02:47:00,2.175,2.188,2.175,2.188,9368.7
2025-01-15 02:48:00,2.187,2.19,2.185,2.19,6095.5
2025-01-15 02:49:00,2.19,2.19,2.187,2.189,956.7
2025-01-15 02:50:00,2.188,2.189,2.188,2.189,4402.3
2025-01-15 02:51:00,2.189,2.189,2.187,2.187,1463.4
2025-01-15 02:52:00,2.185,2.189,2.185,2.189,485.0
2025-01-15 02:53:00,2.189,2.19,2.187,2.19,9161.3
2025-01-15 02:54:00,2.189,2.19,2.184,2.184,7249.9
2025-01-15 02:55:00,2.185,2.189,2.185,2.188,2590.9
2025-01-15 02:56:00,2.189,2.19,2.187,2.187,28296.9
2025-01-15 02:57:00,2.186,2.187,2.183,2.183,10378.0
2025-01-15 02:58:00,2.186,2.186,2.184,2.184,2852.2
2025-01-15 02:59:00,2.184,2.184,2.176,2.177,4429.8
2025-01-15 03:00:00,2.178,2.183,2.178,2.181,1231.3
2025-01-15 03:01:00,2.181,2.184,2.18,2.184,1036.9
2025-01-15 03:02:00,2.183,2.183,2.179,2.179,890.6
2025-01-15 03:03:00,2.179,2.184,2.177,2.177,2276.0
2025-01-15 03:04:00,2.176,2.178,2.174,2.177,1737.2
2025-01-15 03:05:00,2.176,2.176,2.17,2.172,7670.8
2025-01-15 03:06:00,2.172,2.178,2.17,2.175,4938.9
2025-01-15 03:07:00,2.175,2.178,2.175,2.177,638.0
2025-01-15 03:08:00,2.176,2.178,2.176,2.177,3039.4
2025-01-15 03:09:00,2.177,2.179,2.177,2.179,1049.6
2025-01-15 03:10:00,2.18,2.185,2.18,2.185,4075.3
2025-01-15 03:11:00,2.186,2.188,2.186,2.187,904.4
2025-01-15 03:12:00,2.188,2.188,2.185,2.185,784.1
2025-01-15 03:13:00,2.185,2.185,2.182,2.183,1343.4
2025-01-15 03:14:00,2.182,2.183,2.182,2.183,2088.9
2025-01-15 03:15:00,2.184,2.186,2.183,2.184,3684.6
2025-01-15 03:16:00,2.183,2.186,2.182,2.186,394.5
2025-01-15 03:17:00,2.186,2.186,2.183,2.183,666.5
2025-01-15 03:18:00,2.184,2.184,2.179,2.179,6413.3
2025-01-15 03:19:00,2.178,2.178,2.176,2.176,3021.4
2025-01-15 03:20:00,2.175,2.175,2.173,2.173,1252.6
2025-01-15 03:21:00,2.175,2.175,2.173,2.173,2025.6
2025-01-15 03:22:00,2.174,2.175,2.174,2.175,220.8
2025-01-15 03:23:00,2.176,2.177,2.176,2.177,582.1
2025-01-15 03:24:00,2.179,2.18,2.178,2.179,1187.9
2025-01-15 03:25:00,2.178,2.179,2.178,2.179,101.5
2025-01-15 03:26:00,2.179,2.179,2.178,2.179,179.4
2025-01-15 03:27:00,2.178,2.178,2.178,2.178,184.0
2025-01-15 03:28:00,2.177,2.178,2.176,2.178,1488.6
2025-01-15 03:29:00,2.177,2.179,2.177,2.179,557.7
2025-01-15 03:30:00,2.18,2.184,2.18,2.182,4203.8
2025-01-15 03:31:00,2.185,2.185,2.182,2.182,4477.2
2025-01-15 03:32:00,2.183,2.185,2.181,2.184,35063.8
2025-01-15 03:33:00,2.183,2.184,2.182,2.184,1820.7
2025-01-15 03:34:00,2.185,2.185,2.184,2.184,1204.0
2025-01-15 03:35:00,2.183,2.183,2.182,2.182,675.3
2025-01-15 03:36:00,2.182,2.184,2.182,2.183,1061.8
2025-01-15 03:37:00,2.184,2.187,2.184,2.186,2730.1
2025-01-15 03:38:00,2.186,2.186,2.184,2.184,811.5
2025-01-15 03:39:00,2.183,2.183,2.181,2.181,1956.9
2025-01-15 03:40:00,2.181,2.182,2.181,2.182,865.3
2025-01-15 03:41:00,2.184,2.186,2.183,2.186,1509.0
2025-01-15 03:42:00,2.185,2.186,2.184,2.184,404.1
2025-01-15 03:43:00,2.183,2.183,2.18,2.18,2896.8
2025-01-15 03:44:00,2.18,2.181,2.178,2.181,2668.5
2025-01-15 03:45:00,2.182,2.182,2.176,2.176,2151.7
2025-01-15 03:46:00,2.176,2.176,2.174,2.174,6838.8
2025-01-15 03:47:00,2.174,2.176,2.174,2.175,2132.8
2025-01-15 03:48:00,2.175,2.175,2.172,2.174,8337.6
2025-01-15 03:49:00,2.175,2.177,2.175,2.175,1151.5
2025-01-15 03:50:00,2.176,2.177,2.176,2.177,830.6
2025-01-15 03:51:00,2.179,2.182,2.179,2.182,1721.2
2025-01-15 03:52:00,2.181,2.181,2.179,2.179,1429.2
2025-01-15 03:53:00,2.179,2.18,2.178,2.18,1564.1
2025-01-15 03:54:00,2.181,2.181,2.18,2.18,399.6
2025-01-15 03:55:00,2.18,2.184,2.18,2.184,2457.5
2025-01-15 03:56:00,2.184,2.187,2.184,2.187,1602.3
2025-01-15 03:57:00,2.188,2.188,2.187,2.187,3255.1
2025-01-15 03:58:00,2.187,2.188,2.186,2.188,687.6
2025-01-15 03:59:00,2.189,2.191,2.189,2.191,1763.8
2025-01-15 04:00:00,2.191,2.21,2.191,2.205,30184.7
2025-01-15 04:01:00,2.205,2.207,2.201,2.202,2811.6
2025-01-15 04:02:00,2.203,2.203,2.196,2.196,5968.4
2025-01-15 04:03:00,2.196,2.196,2.193,2.196,2481.4
2025-01-15 04:04:00,2.196,2.196,2.193,2.194,1881.6
2025-01-15 04:05:00,2.195,2.198,2.192,2.198,2255.7
2025-01-15 04:06:00,2.199,2.199,2.196,2.196,4060.0
2025-01-15 04:07:00,2.198,2.199,2.195,2.195,1048.3
2025-01-15 04:08:00,2.195,2.195,2.192,2.193,5379.2
2025-01-15 04:09:00,2.195,2.198,2.195,2.198,3860.5
2025-01-15 04:10:00,2.198,2.198,2.194,2.194,1861.9
2025-01-15 04:11:00,2.193,2.193,2.188,2.188,6923.2
2025-01-15 04:12:00,2.187,2.189,2.187,2.187,891.9
2025-01-15 04:13:00,2.186,2.188,2.186,2.186,142.1
2025-01-15 04:14:00,2.184,2.184,2.183,2.184,190.4
2025-01-15 04:15:00,2.184,2.184,2.18,2.181,10752.9
2025-01-15 04:16:00,2.181,2.181,2.18,2.18,1335.8
2025-01-15 04:17:00,2.18,2.182,2.179,2.18,1115.2
2025-01-15 04:18:00,2.18,2.183,2.179,2.179,1134.8
2025-01-15 04:19:00,2.178,2.178,2.178,2.178,1530.3
2025-01-15 04:20:00,2.178,2.179,2.178,2.179,2365.4
2025-01-15 04:21:00,2.179,2.18,2.178,2.18,618.5
2025-01-15 04:22:00,2.181,2.183,2.181,2.181,168.3
2025-01-15 04:23:00,2.181,2.182,2.181,2.181,606.6
2025-01-15 04:24:00,2.183,2.183,2.182,2.182,2030.8
2025-01-15 04:25:00,2.182,2.184,2.182,2.184,178.0
2025-01-15 04:26:00,2.182,2.188,2.182,2.187,875.3
2025-01-15 04:27:00,2.187,2.187,2.186,2.187,1508.0
2025-01-15 04:28:00,2.188,2.188,2.187,2.187,85.8
2025-01-15 04:29:00,2.186,2.186,2.185,2.185,559.4
2025-01-15 04:30:00,2.185,2.185,2.184,2.185,1290.9
2025-01-15 04:31:00,2.184,2.185,2.182,2.184,3233.8
2025-01-15 04:32:00,2.184,2.186,2.184,2.186,1262.8
2025-01-15 04:33:00,2.186,2.186,2.184,2.184,1592.6
2025-01-15 04:34:00,2.184,2.185,2.183,2.184,1114.0
2025-01-15 04:35:00,2.184,2.187,2.184,2.186,201.3
2025-01-15 04:36:00,2.185,2.185,2.185,2.185,351.9
2025-01-15 04:37:00,2.184,2.185,2.183,2.183,326.2
2025-01-15 04:38:00,2.184,2.185,2.184,2.185,76.2
2025-01-15 04:39:00,2.185,2.185,2.185,2.185,595.0
2025-01-15 04:40:00,2.183,2.186,2.183,2.186,459.3
2025-01-15 04:41:00,2.186,2.186,2.185,2.185,499.0
2025-01-15 04:42:00,2.185,2.186,2.184,2.184,2736.2
2025-01-15 04:43:00,2.183,2.183,2.181,2.181,1419.3
2025-01-15 04:44:00,2.182,2.183,2.182,2.183,159.6
2025-01-15 04:45:00,2.184,2.185,2.183,2.184,2420.5
2025-01-15 04:46:00,2.182,2.186,2.182,2.184,3929.5
2025-01-15 04:47:00,2.183,2.183,2.181,2.181,4028.1
2025-01-15 04:48:00,2.182,2.186,2.182,2.184,3899.9
2025-01-15 04:49:00,2.183,2.183,2.181,2.182,2157.0
2025-01-15 04:50:00,2.183,2.184,2.183,2.183,4000.1
2025-01-15 04:51:00,2.182,2.185,2.181,2.185,2569.4
2025-01-15 04:52:00,2.185,2.185,2.183,2.184,449.2
2025-01-15 04:53:00,2.182,2.184,2.182,2.183,1302.2
2025-01-15 04:54:00,2.184,2.185,2.183,2.185,1827.0
2025-01-15 04:55:00,2.185,2.186,2.185,2.185,630.1
2025-01-15 04:56:00,2.188,2.188,2.186,2.186,663.1
2025-01-15 04:57:00,2.185,2.185,2.184,2.184,59.5
2025-01-15 04:58:00,2.185,2.185,2.185,2.185,409.5
2025-01-15 04:59:00,2.185,2.186,2.185,2.185,418.2
2025-01-15 05:00:00,2.186,2.189,2.186,2.189,1061.8
2025-01-15 05:01:00,2.189,2.189,2.186,2.187,383.5
2025-01-15 05:02:00,2.186,2.191,2.186,2.191,900.4
2025-01-15 05:03:00,2.192,2.192,2.188,2.188,805.9
2025-01-15 05:04:00,2.188,2.188,2.188,2.188,3.3
2025-01-15 05:05:00,2.187,2.187,2.184,2.185,1285.7
2025-01-15 05:06:00,2.186,2.186,2.184,2.184,1173.1
2025-01-15 05:07:00,2.185,2.185,2.183,2.183,1293.7
2025-01-15 05:08:00,2.183,2.185,2.183,2.183,810.3
2025-01-15 05:09:00,2.182,2.182,2.179,2.18,3039.8
2025-01-15 05:10:00,2.181,2.181,2.179,2.18,868.6
2025-01-15 05:11:00,2.18,2.181,2.175,2.175,1534.2
2025-01-15 05:12:00,2.176,2.179,2.175,2.179,832.7
2025-01-15 05:13:00,2.179,2.182,2.179,2.182,735.6
2025-01-15 05:14:00,2.183,2.184,2.182,2.182,911.3
2025-01-15 05:15:00,2.183,2.183,2.18,2.18,1889.5
2025-01-15 05:16:00,2.181,2.183,2.179,2.179,700.4
2025-01-15 05:17:00,2.179,2.18,2.179,2.18,331.6
2025-01-15 05:18:00,2.179,2.179,2.178,2.179,1193.2
2025-01-15 05:19:00,2.18,2.182,2.18,2.181,2697.9
2025-01-15 05:20:00,2.182,2.182,2.182,2.182,26.2
2025-01-15 05:21:00,2.183,2.185,2.183,2.183,1371.2
2025-01-15 05:22:00,2.183,2.184,2.183,2.184,268.8
2025-01-15 05:23:00,2.184,2.188,2.184,2.186,3727.8
2025-01-15 05:24:00,2.185,2.187,2.185,2.186,9641.9
2025-01-15 05:25:00,2.186,2.186,2.186,2.186,42.0
2025-01-15 05:26:00,2.187,2.188,2.186,2.186,1034.4
2025-01-15 05:27:00,2.187,2.188,2.187,2.188,1195.6
2025-01-15 05:28:00,2.188,2.19,2.188,2.19,206.5
2025-01-15 05:29:00,2.19,2.194,2.19,2.193,4054.2
2025-01-15 05:30:00,2.192,2.192,2.19,2.192,1891.2
2025-01-15 05:31:00,2.191,2.192,2.191,2.192,386.4
2025-01-15 05:32:00,2.192,2.195,2.192,2.195,1622.9
2025-01-15 05:33:00,2.196,2.198,2.196,2.198,2477.8
2025-01-15 05:34:00,2.198,2.198,2.197,2.197,653.2
2025-01-15 05:35:00,2.197,2.197,2.194,2.194,352.6
2025-01-15 05:36:00,2.194,2.196,2.194,2.196,896.2
2025-01-15 05:37:00,2.196,2.204,2.196,2.203,6792.6
2025-01-15 05:38:00,2.203,2.203,2.2,2.2,355.3
2025-01-15 05:39:00,2.2,2.2,2.199,2.2,593.1
2025-01-15 05:40:00,2.2,2.202,2.2,2.2,982.5
2025-01-15 05:41:00,2.2,2.2,2.196,2.196,615.4
2025-01-15 05:42:00,2.196,2.198,2.196,2.198,1176.1
2025-01-15 05:43:00,2.198,2.198,2.197,2.197,216.3
2025-01-15 05:44:00,2.197,2.197,2.197,2.197,0.0
2025-01-15 05:45:00,2.199,2.2,2.198,2.2,842.4
2025-01-15 05:46:00,2.203,2.205,2.203,2.204,991.2
2025-01-15 05:47:00,2.205,2.205,2.204,2.205,3003.8
2025-01-15 05:48:00,2.206,2.208,2.206,2.208,994.1
2025-01-15 05:49:00,2.208,2.21,2.205,2.205,3678.2
2025-01-15 05:50:00,2.206,2.207,2.204,2.206,2977.3
2025-01-15 05:51:00,2.206,2.206,2.204,2.204,1411.1
2025-01-15 05:52:00,2.204,2.204,2.203,2.204,1055.3
2025-01-15 05:53:00,2.205,2.206,2.205,2.206,1270.5
2025-01-15 05:54:00,2.207,2.207,2.205,2.205,743.8
2025-01-15 05:55:00,2.205,2.206,2.203,2.203,4556.5
2025-01-15 05:56:00,2.204,2.206,2.204,2.206,1182.5
2025-01-15 05:57:00,2.205,2.205,2.202,2.202,1883.1
2025-01-15 05:58:00,2.202,2.203,2.202,2.203,1275.3
2025-01-15 05:59:00,2.204,2.204,2.204,2.204,392.7
2025-01-15 06:00:00,2.204,2.204,2.2,2.2,400.6
2025-01-15 06:01:00,2.2,2.202,2.2,2.201,5848.3
2025-01-15 06:02:00,2.2,2.201,2.2,2.201,1987.9
2025-01-15 06:03:00,2.201,2.201,2.198,2.2,3299.2
2025-01-15 06:04:00,2.2,2.2,2.197,2.198,3511.9
2025-01-15 06:05:00,2.197,2.2,2.197,2.199,3496.5
2025-01-15 06:06:00,2.199,2.199,2.198,2.198,147.2
2025-01-15 06:07:00,2.197,2.197,2.196,2.196,2513.6
2025-01-15 06:08:00,2.197,2.197,2.192,2.192,979.3
2025-01-15 06:09:00,2.19,2.192,2.19,2.192,1026.6
2025-01-15 06:10:00,2.192,2.194,2.192,2.194,1652.6
2025-01-15 06:11:00,2.193,2.193,2.192,2.193,748.9
2025-01-15 06:12:00,2.192,2.192,2.192,2.192,380.1
2025-01-15 06:13:00,2.192,2.192,2.189,2.19,1245.4
2025-01-15 06:14:00,2.19,2.19,2.187,2.189,2447.7
2025-01-15 06:15:00,2.189,2.191,2.189,2.191,783.9
2025-01-15 06:16:00,2.191,2.192,2.19,2.191,224.5
2025-01-15 06:17:00,2.191,2.193,2.19,2.19,2444.8
2025-01-15 06:18:00,2.19,2.19,2.186,2.186,1017.8
2025-01-15 06:19:00,2.185,2.185,2.182,2.184,6018.3
2025-01-15 06:20:00,2.184,2.184,2.183,2.183,1845.3
2025-01-15 06:21:00,2.184,2.184,2.184,2.184,134.9
2025-01-15 06:22:00,2.184,2.186,2.184,2.185,537.2
2025-01-15 06:23:00,2.185,2.188,2.185,2.187,813.8
2025-01-15 06:24:00,2.187,2.187,2.185,2.185,2351.9
2025-01-15 06:25:00,2.184,2.185,2.184,2.184,115.2
2025-01-15 06:26:00,2.184,2.185,2.184,2.184,1515.5
2025-01-15 06:27:00,2.185,2.185,2.184,2.185,1474.0
2025-01-15 06:28:00,2.185,2.185,2.184,2.185,1147.1
2025-01-15 06:29:00,2.184,2.184,2.182,2.182,463.2
2025-01-15 06:30:00,2.183,2.188,2.183,2.188,1861.4
2025-01-15 06:31:00,2.188,2.189,2.186,2.186,7013.8
2025-01-15 06:32:00,2.186,2.186,2.184,2.186,3743.1
2025-01-15 06:33:00,2.186,2.187,2.184,2.184,6302.2
2025-01-15 06:34:00,2.184,2.186,2.184,2.186,2960.4
2025-01-15 06:35:00,2.186,2.187,2.183,2.184,2624.7
2025-01-15 06:36:00,2.186,2.186,2.185,2.186,978.2
2025-01-15 06:37:00,2.185,2.186,2.184,2.185,301.4
2025-01-15 06:38:00,2.185,2.189,2.185,2.189,2134.4
2025-01-15 06:39:00,2.188,2.19,2.188,2.19,430.6
2025-01-15 06:40:00,2.19,2.193,2.19,2.192,1310.0
2025-01-15 06:41:00,2.192,2.194,2.192,2.192,1262.5
2025-01-15 06:42:00,2.191,2.191,2.19,2.191,382.4
2025-01-15 06:43:00,2.192,2.192,2.19,2.19,58.7
2025-01-15 06:44:00,2.191,2.191,2.191,2.191,507.5
2025-01-15 06:45:00,2.191,2.193,2.19,2.193,2499.7
2025-01-15 06:46:00,2.195,2.195,2.192,2.192,1465.4
2025-01-15 06:47:00,2.192,2.193,2.192,2.193,813.8
2025-01-15 06:48:00,2.193,2.193,2.193,2.193,0.0
2025-01-15 06:49:00,2.194,2.199,2.193,2.199,902.5
2025-01-15 06:50:00,2.199,2.202,2.199,2.202,2066.3
2025-01-15 06:51:00,2.202,2.203,2.202,2.203,127.3
2025-01-15 06:52:00,2.202,2.204,2.202,2.204,1832.6
2025-01-15 06:53:00,2.205,2.207,2.205,2.207,1999.1
2025-01-15 06:54:00,2.207,2.209,2.207,2.208,3888.2
2025-01-15 06:55:00,2.206,2.206,2.204,2.204,1721.1
2025-01-15 06:56:00,2.204,2.205,2.204,2.204,396.3
2025-01-15 06:57:00,2.204,2.204,2.203,2.203,507.5
2025-01-15 06:58:00,2.204,2.204,2.2,2.2,839.8
2025-01-15 06:59:00,2.2,2.202,2.2,2.201,569.6
2025-01-15 07:00:00,2.202,2.202,2.198,2.2,1486.7
2025-01-15 07:01:00,2.2,2.204,2.2,2.203,556.4
2025-01-15 07:02:00,2.204,2.205,2.204,2.205,1156.2
2025-01-15 07:03:00,2.206,2.208,2.206,2.207,1526.0
2025-01-15 07:04:00,2.207,2.207,2.204,2.204,522.2
2025-01-15 07:05:00,2.204,2.21,2.204,2.21,5619.0
2025-01-15 07:06:00,2.21,2.21,2.208,2.209,644.1
2025-01-15 07:07:00,2.21,2.211,2.209,2.209,8157.9
2025-01-15 07:08:00,2.21,2.21,2.209,2.21,832.0
2025-01-15 07:09:00,2.211,2.212,2.21,2.212,2228.7
2025-01-15 07:10:00,2.213,2.215,2.211,2.212,3889.5
2025-01-15 07:11:00,2.212,2.212,2.212,2.212,0.0
2025-01-15 07:12:00,2.212,2.214,2.211,2.211,3195.1
2025-01-15 07:13:00,2.212,2.215,2.212,2.214,3310.5
2025-01-15 07:14:00,2.215,2.215,2.214,2.214,1302.3
2025-01-15 07:15:00,2.214,2.218,2.214,2.218,7013.2
2025-01-15 07:16:00,2.219,2.224,2.219,2.221,49730.3
2025-01-15 07:17:00,2.22,2.222,2.218,2.221,6798.6
2025-01-15 07:18:00,2.22,2.222,2.22,2.222,1263.1
2025-01-15 07:19:00,2.222,2.223,2.221,2.222,3768.1
2025-01-15 07:20:00,2.222,2.223,2.22,2.22,2398.8
2025-01-15 07:21:00,2.219,2.224,2.219,2.224,1005.0
2025-01-15 07:22:00,2.225,2.226,2.225,2.225,1483.1
2025-01-15 07:23:00,2.225,2.226,2.223,2.223,1992.4
2025-01-15 07:24:00,2.224,2.224,2.223,2.223,398.9
2025-01-15 07:25:00,2.224,2.225,2.224,2.225,2069.4
2025-01-15 07:26:00,2.225,2.225,2.221,2.221,2009.2
2025-01-15 07:27:00,2.221,2.223,2.221,2.223,714.3
2025-01-15 07:28:00,2.222,2.226,2.221,2.226,3523.7
2025-01-15 07:29:00,2.225,2.226,2.224,2.226,1830.3
2025-01-15 07:30:00,2.226,2.229,2.226,2.226,2265.5
2025-01-15 07:31:00,2.226,2.226,2.22,2.221,5389.8
2025-01-15 07:32:00,2.222,2.223,2.221,2.221,2243.1
2025-01-15 07:33:00,2.221,2.222,2.221,2.221,444.3
2025-01-15 07:34:00,2.221,2.222,2.215,2.216,10339.2
2025-01-15 07:35:00,2.217,2.218,2.217,2.217,1534.0
2025-01-15 07:36:00,2.216,2.216,2.214,2.216,8935.5
2025-01-15 07:37:00,2.218,2.22,2.218,2.22,241.5
2025-01-15 07:38:00,2.218,2.219,2.218,2.219,53.4
2025-01-15 07:39:00,2.219,2.22,2.219,2.22,150.3
2025-01-15 07:40:00,2.22,2.221,2.216,2.216,3055.0
2025-01-15 07:41:00,2.216,2.223,2.216,2.223,7669.7
2025-01-15 07:42:00,2.223,2.226,2.223,2.225,6650.4
2025-01-15 07:43:00,2.223,2.223,2.222,2.223,107.9
2025-01-15 07:44:00,2.223,2.223,2.221,2.221,239.5
2025-01-15 07:45:00,2.221,2.221,2.219,2.221,435.5
2025-01-15 07:46:00,2.221,2.221,2.22,2.22,1704.7
2025-01-15 07:47:00,2.22,2.223,2.219,2.219,9220.1
2025-01-15 07:48:00,2.22,2.221,2.219,2.22,1317.0
2025-01-15 07:49:00,2.221,2.224,2.22,2.224,2301.3
2025-01-15 07:50:00,2.224,2.224,2.222,2.222,1699.5
2025-01-15 07:51:00,2.22,2.222,2.22,2.222,425.6
2025-01-15 07:52:00,2.22,2.22,2.219,2.219,1107.4
2025-01-15 07:53:00,2.218,2.219,2.216,2.217,1691.0
2025-01-15 07:54:00,2.216,2.216,2.213,2.213,994.4
2025-01-15 07:55:00,2.213,2.215,2.212,2.212,1317.8
2025-01-15 07:56:00,2.213,2.214,2.213,2.214,1025.7
2025-01-15 07:57:00,2.214,2.214,2.213,2.213,258.6
2025-01-15 07:58:00,2.212,2.212,2.21,2.211,6957.1
2025-01-15 07:59:00,2.21,2.211,2.21,2.211,255.9
2025-01-15 08:00:00,2.212,2.216,2.211,2.211,4498.2
2025-01-15 08:01:00,2.213,2.214,2.211,2.212,7487.4
2025-01-15 08:02:00,2.212,2.214,2.211,2.211,768.6
2025-01-15 08:03:00,2.211,2.215,2.211,2.212,1007.5
2025-01-15 08:04:00,2.211,2.211,2.21,2.211,306.0
2025-01-15 08:05:00,2.211,2.211,2.208,2.211,1876.1
2025-01-15 08:06:00,2.21,2.21,2.207,2.208,2710.8
2025-01-15 08:07:00,2.207,2.208,2.206,2.208,808.1
2025-01-15 08:08:00,2.207,2.212,2.206,2.212,1245.9
2025-01-15 08:09:00,2.211,2.217,2.211,2.216,6172.7
2025-01-15 08:10:00,2.216,2.216,2.214,2.214,920.3
2025-01-15 08:11:00,2.214,2.219,2.214,2.218,1037.2
2025-01-15 08:12:00,2.217,2.217,2.216,2.216,1179.3
2025-01-15 08:13:00,2.215,2.215,2.214,2.215,284.5
2025-01-15 08:14:00,2.214,2.216,2.213,2.215,1405.8
2025-01-15 08:15:00,2.216,2.218,2.213,2.213,324.9
2025-01-15 08:16:00,2.213,2.214,2.211,2.211,858.2
2025-01-15 08:17:00,2.211,2.214,2.21,2.213,984.0
2025-01-15 08:18:00,2.212,2.218,2.211,2.218,5767.5
2025-01-15 08:19:00,2.217,2.218,2.215,2.215,8308.2
2025-01-15 08:20:00,2.215,2.215,2.213,2.214,630.9
2025-01-15 08:21:00,2.213,2.216,2.213,2.215,895.0
2025-01-15 08:22:00,2.217,2.217,2.214,2.214,231.8
2025-01-15 08:23:00,2.213,2.213,2.21,2.211,429.9
2025-01-15 08:24:00,2.211,2.211,2.209,2.209,4912.7
2025-01-15 08:25:00,2.209,2.217,2.209,2.217,1086.1
2025-01-15 08:26:00,2.217,2.219,2.217,2.219,959.5
2025-01-15 08:27:00,2.219,2.223,2.219,2.223,1135.6
2025-01-15 08:28:00,2.223,2.224,2.222,2.224,1083.2
2025-01-15 08:29:00,2.224,2.227,2.224,2.227,698.9
2025-01-15 08:30:00,2.227,2.228,2.222,2.222,2386.2
2025-01-15 08:31:00,2.222,2.224,2.221,2.224,2586.3
2025-01-15 08:32:00,2.226,2.23,2.226,2.229,2292.6
2025-01-15 08:33:00,2.23,2.23,2.228,2.228,1975.8
2025-01-15 08:34:00,2.229,2.23,2.227,2.23,2134.6
2025-01-15 08:35:00,2.23,2.234,2.23,2.234,7009.0
2025-01-15 08:36:00,2.233,2.236,2.23,2.232,11791.6
2025-01-15 08:37:00,2.233,2.233,2.23,2.231,3851.7
2025-01-15 08:38:00,2.232,2.234,2.232,2.233,334.5
2025-01-15 08:39:00,2.234,2.235,2.234,2.234,1297.9
2025-01-15 08:40:00,2.235,2.235,2.23,2.23,1911.7
2025-01-15 08:41:00,2.233,2.233,2.231,2.231,176.6
2025-01-15 08:42:00,2.231,2.231,2.225,2.227,11020.1
2025-01-15 08:43:00,2.228,2.228,2.226,2.226,121.7
2025-01-15 08:44:00,2.228,2.23,2.228,2.23,1082.1
2025-01-15 08:45:00,2.229,2.229,2.223,2.226,1241.1
2025-01-15 08:46:00,2.226,2.226,2.222,2.222,1734.4
2025-01-15 08:47:00,2.221,2.225,2.219,2.225,1504.5
2025-01-15 08:48:00,2.225,2.225,2.221,2.222,1078.9
2025-01-15 08:49:00,2.222,2.222,2.218,2.219,1036.5
2025-01-15 08:50:00,2.218,2.219,2.217,2.218,396.3
2025-01-15 08:51:00,2.218,2.219,2.217,2.219,817.5
2025-01-15 08:52:00,2.219,2.22,2.219,2.22,1185.8
2025-01-15 08:53:00,2.219,2.219,2.217,2.218,1550.6
2025-01-15 08:54:00,2.217,2.217,2.216,2.216,122.3
2025-01-15 08:55:00,2.217,2.217,2.213,2.214,1003.0
2025-01-15 08:56:00,2.214,2.214,2.213,2.213,439.7
2025-01-15 08:57:00,2.213,2.217,2.212,2.215,993.5
2025-01-15 08:58:00,2.216,2.217,2.215,2.216,218.1
2025-01-15 08:59:00,2.216,2.216,2.213,2.214,326.4
2025-01-15 09:00:00,2.211,2.215,2.211,2.215,1450.8
2025-01-15 09:01:00,2.214,2.215,2.212,2.212,1043.6
2025-01-15 09:02:00,2.212,2.212,2.209,2.211,421.0
2025-01-15 09:03:00,2.209,2.218,2.208,2.218,2242.2
2025-01-15 09:04:00,2.217,2.217,2.211,2.211,1647.9
2025-01-15 09:05:00,2.21,2.21,2.203,2.204,4988.6
2025-01-15 09:06:00,2.205,2.21,2.204,2.209,1571.8
2025-01-15 09:07:00,2.208,2.208,2.203,2.203,1872.2
2025-01-15 09:08:00,2.203,2.205,2.203,2.205,6081.6
2025-01-15 09:09:00,2.206,2.207,2.203,2.203,4569.2
2025-01-15 09:10:00,2.202,2.208,2.202,2.207,2295.8
2025-01-15 09:11:00,2.207,2.211,2.207,2.211,1352.2
2025-01-15 09:12:00,2.21,2.21,2.207,2.207,2213.4
2025-01-15 09:13:00,2.207,2.207,2.205,2.205,1357.5
2025-01-15 09:14:00,2.206,2.206,2.205,2.205,93.7
2025-01-15 09:15:00,2.207,2.21,2.207,2.21,1805.7
2025-01-15 09:16:00,2.209,2.209,2.206,2.206,682.9
2025-01-15 09:17:00,2.207,2.207,2.206,2.207,3964.2
2025-01-15 09:18:00,2.205,2.205,2.204,2.204,806.5
2025-01-15 09:19:00,2.205,2.206,2.204,2.206,365.4
2025-01-15 09:20:00,2.204,2.207,2.204,2.207,956.0
2025-01-15 09:21:00,2.206,2.207,2.204,2.204,524.2
2025-01-15 09:22:00,2.204,2.205,2.202,2.205,843.3
2025-01-15 09:23:00,2.204,2.204,2.201,2.201,2586.8
2025-01-15 09:24:00,2.201,2.201,2.199,2.199,4274.4
2025-01-15 09:25:00,2.199,2.199,2.195,2.196,1567.1
2025-01-15 09:26:00,2.196,2.196,2.194,2.194,700.7
2025-01-15 09:27:00,2.195,2.195,2.192,2.194,675.3
2025-01-15 09:28:00,2.194,2.194,2.193,2.194,891.6
2025-01-15 09:29:00,2.196,2.196,2.193,2.193,2442.6
2025-01-15 09:30:00,2.192,2.192,2.188,2.189,12555.2
2025-01-15 09:31:00,2.189,2.189,2.185,2.187,4597.0
2025-01-15 09:32:00,2.189,2.192,2.188,2.189,2313.2
2025-01-15 09:33:00,2.189,2.19,2.188,2.188,659.1
2025-01-15 09:34:00,2.187,2.187,2.186,2.187,807.9
2025-01-15 09:35:00,2.188,2.189,2.186,2.189,1781.0
2025-01-15 09:36:00,2.187,2.188,2.185,2.185,1019.0
2025-01-15 09:37:00,2.185,2.185,2.18,2.181,5732.7
2025-01-15 09:38:00,2.18,2.182,2.179,2.18,4347.3
2025-01-15 09:39:00,2.18,2.18,2.179,2.179,803.3
2025-01-15 09:40:00,2.18,2.182,2.178,2.178,11439.8
2025-01-15 09:41:00,2.179,2.18,2.178,2.178,2318.4
2025-01-15 09:42:00,2.179,2.18,2.176,2.176,2866.9
2025-01-15 09:43:00,2.176,2.179,2.176,2.177,1636.2
2025-01-15 09:44:00,2.176,2.177,2.174,2.174,4156.3
2025-01-15 09:45:00,2.174,2.177,2.174,2.174,3769.2
2025-01-15 09:46:00,2.175,2.176,2.169,2.169,15282.2
2025-01-15 09:47:00,2.168,2.168,2.163,2.163,10400.7
2025-01-15 09:48:00,2.164,2.165,2.164,2.164,3092.3
2025-01-15 09:49:00,2.166,2.167,2.164,2.164,1866.1
2025-01-15 09:50:00,2.164,2.165,2.162,2.162,12680.4
2025-01-15 09:51:00,2.163,2.164,2.16,2.162,4328.8
2025-01-15 09:52:00,2.163,2.164,2.161,2.161,2951.0
2025-01-15 09:53:00,2.16,2.168,2.159,2.164,2199.5
2025-01-15 09:54:00,2.163,2.164,2.161,2.163,4999.4
2025-01-15 09:55:00,2.163,2.163,2.161,2.163,3147.0
2025-01-15 09:56:00,2.163,2.164,2.16,2.164,2689.3
2025-01-15 09:57:00,2.165,2.167,2.164,2.167,9174.3
2025-01-15 09:58:00,2.168,2.169,2.167,2.168,12147.5
2025-01-15 09:59:00,2.167,2.17,2.167,2.168,3296.6
2025-01-15 10:00:00,2.168,2.169,2.167,2.167,3185.0
2025-01-15 10:01:00,2.169,2.172,2.167,2.167,3479.5
2025-01-15 10:02:00,2.17,2.171,2.169,2.171,1396.6
2025-01-15 10:03:00,2.17,2.171,2.169,2.17,8102.8
2025-01-15 10:04:00,2.169,2.171,2.169,2.171,2219.8
2025-01-15 10:05:00,2.17,2.172,2.168,2.172,1512.5
2025-01-15 10:06:00,2.174,2.175,2.174,2.174,2209.7
2025-01-15 10:07:00,2.175,2.175,2.171,2.173,1518.3
2025-01-15 10:08:00,2.174,2.174,2.173,2.174,885.0
2025-01-15 10:09:00,2.175,2.175,2.175,2.175,540.1
2025-01-15 10:10:00,2.175,2.177,2.175,2.176,1226.0
2025-01-15 10:11:00,2.176,2.176,2.172,2.172,852.1
2025-01-15 10:12:00,2.174,2.174,2.174,2.174,32.6
2025-01-15 10:13:00,2.174,2.175,2.174,2.175,556.3
2025-01-15 10:14:00,2.175,2.175,2.171,2.172,594.0
2025-01-15 10:15:00,2.171,2.171,2.17,2.171,1776.8
2025-01-15 10:16:00,2.171,2.175,2.17,2.173,1725.6
2025-01-15 10:17:00,2.174,2.174,2.17,2.17,1216.5
2025-01-15 10:18:00,2.171,2.171,2.168,2.169,2992.7
2025-01-15 10:19:00,2.169,2.17,2.168,2.169,482.2
2025-01-15 10:20:00,2.17,2.175,2.17,2.174,3646.2
2025-01-15 10:21:00,2.176,2.177,2.176,2.177,577.6
2025-01-15 10:22:00,2.178,2.178,2.177,2.177,436.5
2025-01-15 10:23:00,2.179,2.18,2.179,2.18,50.4
2025-01-15 10:24:00,2.18,2.181,2.18,2.181,1238.1
2025-01-15 10:25:00,2.18,2.184,2.18,2.182,15084.3
2025-01-15 10:26:00,2.183,2.184,2.183,2.184,2076.1
2025-01-15 10:27:00,2.186,2.186,2.183,2.183,1923.0
2025-01-15 10:28:00,2.184,2.184,2.183,2.183,107.1
2025-01-15 10:29:00,2.184,2.188,2.184,2.188,538.5
2025-01-15 10:30:00,2.188,2.189,2.187,2.187,1701.8
2025-01-15 10:31:00,2.187,2.187,2.185,2.185,6900.5
2025-01-15 10:32:00,2.185,2.189,2.185,2.189,1060.0
2025-01-15 10:33:00,2.19,2.19,2.188,2.189,1774.6
2025-01-15 10:34:00,2.188,2.188,2.187,2.188,321.3
2025-01-15 10:35:00,2.188,2.188,2.181,2.181,2761.8
2025-01-15 10:36:00,2.182,2.183,2.182,2.182,2397.3
2025-01-15 10:37:00,2.182,2.183,2.18,2.182,904.2
2025-01-15 10:38:00,2.182,2.183,2.181,2.181,601.6
2025-01-15 10:39:00,2.181,2.182,2.181,2.182,511.3
2025-01-15 10:40:00,2.181,2.181,2.178,2.178,2525.8
2025-01-15 10:41:00,2.178,2.179,2.173,2.173,2031.5
2025-01-15 10:42:00,2.173,2.175,2.173,2.175,582.3
2025-01-15 10:43:00,2.175,2.176,2.174,2.175,1072.5
2025-01-15 10:44:00,2.176,2.176,2.176,2.176,414.4
2025-01-15 10:45:00,2.177,2.179,2.177,2.178,454.0
2025-01-15 10:46:00,2.178,2.178,2.177,2.178,332.9
2025-01-15 10:47:00,2.179,2.18,2.179,2.179,1745.1
2025-01-15 10:48:00,2.18,2.18,2.18,2.18,22.5
2025-01-15 10:49:00,2.178,2.178,2.177,2.177,134.7
2025-01-15 10:50:00,2.176,2.176,2.174,2.174,773.5
2025-01-15 10:51:00,2.175,2.175,2.173,2.174,415.0
2025-01-15 10:52:00,2.175,2.177,2.175,2.176,535.1
2025-01-15 10:53:00,2.176,2.177,2.176,2.177,180.2
2025-01-15 10:54:00,2.177,2.177,2.175,2.175,688.3
2025-01-15 10:55:00,2.175,2.177,2.175,2.175,1038.7
2025-01-15 10:56:00,2.176,2.176,2.172,2.172,1790.3
2025-01-15 10:57:00,2.172,2.172,2.17,2.171,664.6
2025-01-15 10:58:00,2.174,2.174,2.173,2.173,170.1
2025-01-15 10:59:00,2.173,2.173,2.171,2.172,1927.9
2025-01-15 11:00:00,2.172,2.173,2.172,2.173,231.1
2025-01-15 11:01:00,2.173,2.173,2.166,2.166,860.1
2025-01-15 11:02:00,2.166,2.166,2.163,2.163,1753.2
2025-01-15 11:03:00,2.164,2.165,2.164,2.164,394.8
2025-01-15 11:04:00,2.164,2.164,2.161,2.161,344.1
2025-01-15 11:05:00,2.163,2.167,2.163,2.167,154.7
2025-01-15 11:06:00,2.166,2.166,2.163,2.163,321.7
2025-01-15 11:07:00,2.165,2.165,2.16,2.16,311.0
2025-01-15 11:08:00,2.16,2.16,2.158,2.158,870.3
2025-01-15 11:09:00,2.158,2.158,2.152,2.154,5199.3
2025-01-15 11:10:00,2.153,2.158,2.153,2.158,1548.7
2025-01-15 11:11:00,2.158,2.161,2.156,2.156,3462.8
2025-01-15 11:12:00,2.155,2.156,2.153,2.155,11440.0
2025-01-15 11:13:00,2.155,2.155,2.154,2.154,3427.6
2025-01-15 11:14:00,2.155,2.158,2.155,2.157,3437.3
2025-01-15 11:15:00,2.157,2.158,2.152,2.152,2742.0
2025-01-15 11:16:00,2.153,2.153,2.146,2.147,29950.0
2025-01-15 11:17:00,2.149,2.152,2.148,2.148,1599.1
2025-01-15 11:18:00,2.147,2.148,2.145,2.148,5251.4
2025-01-15 11:19:00,2.149,2.149,2.144,2.145,5387.3
2025-01-15 11:20:00,2.147,2.148,2.145,2.146,404.1
2025-01-15 11:21:00,2.148,2.152,2.148,2.148,19131.0
2025-01-15 11:22:00,2.148,2.15,2.146,2.146,1062.7
2025-01-15 11:23:00,2.145,2.145,2.143,2.144,4841.8
2025-01-15 11:24:00,2.146,2.148,2.14,2.14,24128.2
2025-01-15 11:25:00,2.14,2.142,2.138,2.138,9536.7
2025-01-15 11:26:00,2.138,2.14,2.138,2.14,3300.6
2025-01-15 11:27:00,2.14,2.143,2.138,2.143,6658.1
2025-01-15 11:28:00,2.142,2.143,2.14,2.14,1047.3
2025-01-15 11:29:00,2.139,2.142,2.139,2.142,364.5
2025-01-15 11:30:00,2.143,2.147,2.142,2.144,5402.9
2025-01-15 11:31:00,2.145,2.15,2.145,2.15,1288.2
2025-01-15 11:32:00,2.149,2.149,2.142,2.143,742.9
2025-01-15 11:33:00,2.142,2.143,2.141,2.141,514.7
2025-01-15 11:34:00,2.141,2.15,2.141,2.148,2652.2
2025-01-15 11:35:00,2.149,2.149,2.145,2.147,2150.2
2025-01-15 11:36:00,2.148,2.155,2.148,2.154,4243.0
2025-01-15 11:37:00,2.153,2.154,2.153,2.153,316.9
2025-01-15 11:38:00,2.152,2.153,2.151,2.153,441.7
2025-01-15 11:39:00,2.153,2.154,2.152,2.154,2597.4
2025-01-15 11:40:00,2.154,2.155,2.153,2.153,990.2
2025-01-15 11:41:00,2.153,2.153,2.151,2.152,2887.4
2025-01-15 11:42:00,2.152,2.153,2.151,2.152,3705.9
2025-01-15 11:43:00,2.151,2.153,2.151,2.151,9825.6
2025-01-15 11:44:00,2.151,2.151,2.15,2.15,918.6
2025-01-15 11:45:00,2.149,2.152,2.147,2.151,3582.6
2025-01-15 11:46:00,2.153,2.155,2.153,2.154,1096.9
2025-01-15 11:47:00,2.155,2.164,2.154,2.163,38479.7
2025-01-15 11:48:00,2.163,2.163,2.159,2.159,1923.8
2025-01-15 11:49:00,2.158,2.159,2.158,2.159,229.8
2025-01-15 11:50:00,2.159,2.16,2.159,2.16,3169.1
2025-01-15 11:51:00,2.16,2.16,2.157,2.157,291.7
2025-01-15 11:52:00,2.157,2.161,2.157,2.161,840.9
2025-01-15 11:53:00,2.161,2.162,2.159,2.159,6755.3
2025-01-15 11:54:00,2.16,2.16,2.158,2.159,1772.1
2025-01-15 11:55:00,2.159,2.162,2.159,2.162,6578.2
2025-01-15 11:56:00,2.162,2.163,2.16,2.16,1404.2
2025-01-15 11:57:00,2.161,2.161,2.16,2.161,140.1
2025-01-15 11:58:00,2.161,2.162,2.161,2.162,552.4
2025-01-15 11:59:00,2.163,2.165,2.163,2.164,655.7
2025-01-15 12:00:00,2.165,2.172,2.165,2.169,12945.5
2025-01-15 12:01:00,2.167,2.167,2.164,2.164,981.4
2025-01-15 12:02:00,2.163,2.164,2.162,2.162,548.3
2025-01-15 12:03:00,2.162,2.162,2.157,2.157,2707.9
2025-01-15 12:04:00,2.159,2.159,2.158,2.159,467.9
2025-01-15 12:05:00,2.161,2.162,2.159,2.162,932.6
2025-01-15 12:06:00,2.162,2.163,2.161,2.161,3046.8
2025-01-15 12:07:00,2.161,2.165,2.161,2.163,2958.5
2025-01-15 12:08:00,2.163,2.163,2.16,2.161,3791.1
2025-01-15 12:09:00,2.158,2.159,2.158,2.159,287.3
2025-01-15 12:10:00,2.157,2.157,2.155,2.155,921.0
2025-01-15 12:11:00,2.155,2.157,2.155,2.157,1339.3
2025-01-15 12:12:00,2.157,2.157,2.157,2.157,4373.8
2025-01-15 12:13:00,2.157,2.158,2.157,2.158,684.3
2025-01-15 12:14:00,2.158,2.159,2.157,2.158,312.6
2025-01-15 12:15:00,2.158,2.158,2.152,2.152,2381.6
2025-01-15 12:16:00,2.153,2.155,2.153,2.155,251.6
2025-01-15 12:17:00,2.152,2.153,2.152,2.153,734.6
2025-01-15 12:18:00,2.154,2.154,2.152,2.152,1081.6
2025-01-15 12:19:00,2.152,2.154,2.152,2.154,1158.0
2025-01-15 12:20:00,2.155,2.158,2.155,2.158,773.1
2025-01-15 12:21:00,2.157,2.158,2.157,2.158,1624.5
2025-01-15 12:22:00,2.158,2.158,2.153,2.153,2000.5
2025-01-15 12:23:00,2.153,2.154,2.153,2.153,2113.1
2025-01-15 12:24:00,2.153,2.156,2.153,2.156,1907.1
2025-01-15 12:25:00,2.156,2.156,2.154,2.154,1021.1
2025-01-15 12:26:00,2.153,2.154,2.153,2.154,1386.8
2025-01-15 12:27:00,2.154,2.157,2.154,2.154,3441.8
2025-01-15 12:28:00,2.153,2.153,2.152,2.152,315.9
2025-01-15 12:29:00,2.152,2.154,2.151,2.154,1402.8
2025-01-15 12:30:00,2.155,2.156,2.154,2.155,2016.8
2025-01-15 12:31:00,2.156,2.157,2.155,2.155,1108.0
2025-01-15 12:32:00,2.158,2.162,2.157,2.161,6596.9
2025-01-15 12:33:00,2.162,2.163,2.161,2.163,1658.1
2025-01-15 12:34:00,2.163,2.163,2.16,2.16,1468.8
2025-01-15 12:35:00,2.16,2.164,2.16,2.164,8810.6
2025-01-15 12:36:00,2.165,2.17,2.165,2.17,916.0
2025-01-15 12:37:00,2.168,2.17,2.168,2.17,878.3
2025-01-15 12:38:00,2.169,2.169,2.168,2.169,1148.4
2025-01-15 12:39:00,2.17,2.17,2.17,2.17,978.4
2025-01-15 12:40:00,2.17,2.175,2.17,2.175,4915.2
2025-01-15 12:41:00,2.174,2.18,2.174,2.177,3085.9
2025-01-15 12:42:00,2.176,2.176,2.172,2.173,1515.9
2025-01-15 12:43:00,2.174,2.176,2.174,2.176,697.1
2025-01-15 12:44:00,2.175,2.176,2.173,2.173,370.2
2025-01-15 12:45:00,2.173,2.173,2.168,2.168,430.0
2025-01-15 12:46:00,2.169,2.169,2.167,2.167,631.3
2025-01-15 12:47:00,2.167,2.167,2.165,2.165,292.5
2025-01-15 12:48:00,2.166,2.166,2.164,2.165,608.8
2025-01-15 12:49:00,2.165,2.165,2.163,2.164,2530.4
2025-01-15 12:50:00,2.164,2.165,2.164,2.164,653.5
2025-01-15 12:51:00,2.164,2.165,2.163,2.163,427.2
2025-01-15 12:52:00,2.163,2.163,2.161,2.162,575.8
2025-01-15 12:53:00,2.162,2.163,2.162,2.163,814.3
2025-01-15 12:54:00,2.162,2.162,2.161,2.162,377.1
2025-01-15 12:55:00,2.162,2.163,2.161,2.163,1740.1
2025-01-15 12:56:00,2.163,2.164,2.161,2.161,3008.1
2025-01-15 12:57:00,2.16,2.16,2.159,2.159,499.8
2025-01-15 12:58:00,2.159,2.161,2.159,2.161,207.0
2025-01-15 12:59:00,2.161,2.161,2.159,2.159,3010.0
2025-01-15 13:00:00,2.16,2.163,2.159,2.162,785.1
2025-01-15 13:01:00,2.162,2.169,2.162,2.168,2413.4
2025-01-15 13:02:00,2.169,2.17,2.168,2.168,600.9
2025-01-15 13:03:00,2.169,2.172,2.169,2.172,510.1
2025-01-15 13:04:00,2.171,2.171,2.169,2.169,314.7
2025-01-15 13:05:00,2.169,2.169,2.167,2.168,2766.3
2025-01-15 13:06:00,2.167,2.167,2.165,2.166,642.1
2025-01-15 13:07:00,2.168,2.168,2.166,2.167,760.3
2025-01-15 13:08:00,2.166,2.166,2.166,2.166,53.3
2025-01-15 13:09:00,2.166,2.167,2.164,2.167,183.1
2025-01-15 13:10:00,2.169,2.171,2.168,2.171,1380.3
2025-01-15 13:11:00,2.171,2.171,2.17,2.17,627.9
2025-01-15 13:12:00,2.169,2.171,2.169,2.171,699.4
2025-01-15 13:13:00,2.171,2.172,2.171,2.172,674.7
2025-01-15 13:14:00,2.172,2.173,2.169,2.17,1084.1
2025-01-15 13:15:00,2.168,2.168,2.163,2.163,1072.5
2025-01-15 13:16:00,2.164,2.168,2.164,2.168,938.7
2025-01-15 13:17:00,2.17,2.17,2.167,2.167,1617.2
2025-01-15 13:18:00,2.168,2.17,2.167,2.17,628.3
2025-01-15 13:19:00,2.17,2.171,2.17,2.171,149.6
2025-01-15 13:20:00,2.171,2.173,2.171,2.172,5182.8
2025-01-15 13:21:00,2.172,2.172,2.17,2.17,284.4
2025-01-15 13:22:00,2.171,2.171,2.169,2.169,318.4
2025-01-15 13:23:00,2.169,2.175,2.169,2.175,719.3
2025-01-15 13:24:00,2.176,2.178,2.175,2.178,6083.7
2025-01-15 13:25:00,2.178,2.182,2.178,2.182,1527.5
2025-01-15 13:26:00,2.182,2.187,2.181,2.187,1784.6
2025-01-15 13:27:00,2.187,2.19,2.183,2.187,4754.2
2025-01-15 13:28:00,2.188,2.188,2.184,2.184,1677.0
2025-01-15 13:29:00,2.185,2.185,2.18,2.18,3778.6
2025-01-15 13:30:00,2.179,2.257,2.179,2.242,185951.1
2025-01-15 13:31:00,2.242,2.247,2.227,2.232,101857.2
2025-01-15 13:32:00,2.233,2.242,2.225,2.241,56228.6
2025-01-15 13:33:00,2.239,2.252,2.239,2.248,22275.3
2025-01-15 13:34:00,2.246,2.254,2.24,2.244,38998.7
2025-01-15 13:35:00,2.243,2.243,2.225,2.241,70998.7
2025-01-15 13:36:00,2.241,2.244,2.231,2.232,23418.0
2025-01-15 13:37:00,2.231,2.243,2.227,2.241,21304.6
2025-01-15 13:38:00,2.24,2.245,2.234,2.241,66763.7
2025-01-15 13:39:00,2.242,2.246,2.235,2.246,17101.3
2025-01-15 13:40:00,2.246,2.247,2.24,2.245,12388.8
2025-01-15 13:41:00,2.247,2.248,2.239,2.245,10280.9
2025-01-15 13:42:00,2.244,2.245,2.239,2.239,39936.9
2025-01-15 13:43:00,2.238,2.247,2.235,2.244,22186.9
2025-01-15 13:44:00,2.246,2.249,2.245,2.248,21345.8
2025-01-15 13:45:00,2.249,2.258,2.249,2.257,56787.1
2025-01-15 13:46:00,2.257,2.263,2.255,2.26,21027.2
2025-01-15 13:47:00,2.26,2.262,2.257,2.262,16005.2
2025-01-15 13:48:00,2.261,2.263,2.257,2.263,13557.8
2025-01-15 13:49:00,2.262,2.262,2.259,2.261,6679.1
2025-01-15 13:50:00,2.262,2.265,2.257,2.261,18606.5
2025-01-15 13:51:00,2.263,2.263,2.255,2.256,9107.4
2025-01-15 13:52:00,2.255,2.255,2.251,2.252,19325.8
2025-01-15 13:53:00,2.251,2.253,2.248,2.251,71784.9
2025-01-15 13:54:00,2.251,2.252,2.25,2.251,2681.2
2025-01-15 13:55:00,2.252,2.258,2.252,2.255,4354.1
2025-01-15 13:56:00,2.257,2.262,2.257,2.26,3755.9
2025-01-15 13:57:00,2.261,2.263,2.259,2.262,7246.2
2025-01-15 13:58:00,2.263,2.264,2.26,2.262,3752.6
2025-01-15 13:59:00,2.263,2.267,2.263,2.264,22575.1
2025-01-15 14:00:00,2.265,2.272,2.263,2.271,14586.5
2025-01-15 14:01:00,2.272,2.276,2.265,2.275,21525.3
2025-01-15 14:02:00,2.275,2.278,2.272,2.277,27419.9
2025-01-15 14:03:00,2.276,2.277,2.263,2.265,9899.8
2025-01-15 14:04:00,2.264,2.277,2.263,2.277,18333.4
2025-01-15 14:05:00,2.276,2.278,2.271,2.277,42301.2
2025-01-15 14:06:00,2.278,2.288,2.277,2.28,51641.3
2025-01-15 14:07:00,2.279,2.281,2.27,2.272,7180.4
2025-01-15 14:08:00,2.273,2.283,2.273,2.283,8717.8
2025-01-15 14:09:00,2.282,2.285,2.279,2.279,8804.5
2025-01-15 14:10:00,2.281,2.281,2.275,2.277,5403.7
2025-01-15 14:11:00,2.28,2.286,2.278,2.279,11998.7
2025-01-15 14:12:00,2.279,2.283,2.276,2.276,10965.1
2025-01-15 14:13:00,2.276,2.279,2.27,2.279,19751.4
2025-01-15 14:14:00,2.28,2.28,2.268,2.277,16287.9
2025-01-15 14:15:00,2.278,2.281,2.272,2.272,5132.6
2025-01-15 14:16:00,2.272,2.272,2.258,2.261,8242.0
2025-01-15 14:17:00,2.261,2.265,2.257,2.259,2712.1
2025-01-15 14:18:00,2.259,2.265,2.254,2.264,26799.1
2025-01-15 14:19:00,2.262,2.268,2.261,2.265,2641.3
2025-01-15 14:20:00,2.267,2.281,2.267,2.278,20428.7
2025-01-15 14:21:00,2.278,2.28,2.275,2.275,7008.1
2025-01-15 14:22:00,2.276,2.278,2.274,2.274,9000.5
2025-01-15 14:23:00,2.275,2.277,2.271,2.276,3409.4
2025-01-15 14:24:00,2.276,2.284,2.276,2.284,6843.4
2025-01-15 14:25:00,2.284,2.286,2.281,2.284,3984.4
2025-01-15 14:26:00,2.284,2.285,2.279,2.279,3832.6
2025-01-15 14:27:00,2.279,2.279,2.274,2.274,1094.3
2025-01-15 14:28:00,2.274,2.275,2.271,2.274,8636.2
2025-01-15 14:29:00,2.274,2.276,2.273,2.273,1716.7
2025-01-15 14:30:00,2.273,2.281,2.272,2.277,12900.9
2025-01-15 14:31:00,2.28,2.292,2.28,2.29,22053.5
2025-01-15 14:32:00,2.29,2.297,2.287,2.294,9912.3
2025-01-15 14:33:00,2.295,2.296,2.29,2.293,5613.7
2025-01-15 14:34:00,2.293,2.295,2.288,2.288,2225.8
2025-01-15 14:35:00,2.289,2.293,2.284,2.284,13068.6
2025-01-15 14:36:00,2.284,2.291,2.282,2.289,4779.0
2025-01-15 14:37:00,2.287,2.287,2.278,2.28,3999.8
2025-01-15 14:38:00,2.277,2.284,2.277,2.281,2604.4
2025-01-15 14:39:00,2.286,2.29,2.286,2.288,2512.9
2025-01-15 14:40:00,2.29,2.293,2.288,2.29,4431.2
2025-01-15 14:41:00,2.29,2.292,2.287,2.292,2874.1
2025-01-15 14:42:00,2.292,2.293,2.289,2.292,1773.0
2025-01-15 14:43:00,2.291,2.294,2.289,2.294,2272.3
2025-01-15 14:44:00,2.295,2.295,2.29,2.291,7701.1
2025-01-15 14:45:00,2.292,2.293,2.287,2.287,9714.5
2025-01-15 14:46:00,2.291,2.291,2.287,2.287,4236.9
2025-01-15 14:47:00,2.287,2.296,2.287,2.294,1724.1
2025-01-15 14:48:00,2.296,2.297,2.293,2.297,5486.1
2025-01-15 14:49:00,2.298,2.3,2.296,2.296,5909.8
2025-01-15 14:50:00,2.296,2.298,2.294,2.296,1383.7
2025-01-15 14:51:00,2.298,2.303,2.298,2.303,2681.4
2025-01-15 14:52:00,2.301,2.302,2.298,2.301,1792.3
2025-01-15 14:53:00,2.301,2.302,2.298,2.301,12310.9
2025-01-15 14:54:00,2.301,2.303,2.3,2.301,3356.8
2025-01-15 14:55:00,2.301,2.302,2.296,2.3,3759.3
2025-01-15 14:56:00,2.302,2.305,2.301,2.304,3063.8
2025-01-15 14:57:00,2.304,2.307,2.303,2.305,5713.7
2025-01-15 14:58:00,2.305,2.308,2.303,2.307,9553.0
2025-01-15 14:59:00,2.306,2.311,2.306,2.309,7876.0
2025-01-15 15:00:00,2.31,2.324,2.309,2.324,20616.0
2025-01-15 15:01:00,2.323,2.323,2.316,2.32,10809.2
2025-01-15 15:02:00,2.321,2.321,2.315,2.32,23835.8
2025-01-15 15:03:00,2.319,2.322,2.317,2.318,4271.8
2025-01-15 15:04:00,2.316,2.319,2.312,2.318,11305.2
2025-01-15 15:05:00,2.317,2.32,2.308,2.311,4345.9
2025-01-15 15:06:00,2.31,2.312,2.306,2.311,393.0
2025-01-15 15:07:00,2.308,2.312,2.306,2.309,7937.6
2025-01-15 15:08:00,2.309,2.319,2.309,2.317,10879.1
2025-01-15 15:09:00,2.318,2.319,2.313,2.313,1489.4
2025-01-15 15:10:00,2.313,2.325,2.31,2.324,12652.5
2025-01-15 15:11:00,2.325,2.328,2.323,2.327,20127.3
2025-01-15 15:12:00,2.325,2.33,2.322,2.323,5930.9
2025-01-15 15:13:00,2.324,2.33,2.324,2.328,6342.6
2025-01-15 15:14:00,2.327,2.33,2.325,2.328,2748.6
2025-01-15 15:15:00,2.326,2.336,2.325,2.336,17365.2
2025-01-15 15:16:00,2.337,2.339,2.331,2.332,11958.8
2025-01-15 15:17:00,2.332,2.334,2.328,2.334,3398.6
2025-01-15 15:18:00,2.333,2.333,2.324,2.327,7710.0
2025-01-15 15:19:00,2.327,2.329,2.322,2.326,15813.4
2025-01-15 15:20:00,2.326,2.329,2.324,2.328,4709.5
2025-01-15 15:21:00,2.328,2.337,2.327,2.337,2879.7
2025-01-15 15:22:00,2.336,2.338,2.333,2.335,16083.7
2025-01-15 15:23:00,2.334,2.344,2.334,2.341,27342.4
2025-01-15 15:24:00,2.342,2.351,2.342,2.344,23817.0
2025-01-15 15:25:00,2.345,2.345,2.339,2.345,47304.9
2025-01-15 15:26:00,2.345,2.347,2.344,2.344,16454.7
2025-01-15 15:27:00,2.344,2.352,2.344,2.351,15649.3
2025-01-15 15:28:00,2.351,2.353,2.349,2.351,15832.3
2025-01-15 15:29:00,2.352,2.355,2.351,2.354,13108.7
2025-01-15 15:30:00,2.354,2.354,2.34,2.347,36437.4
2025-01-15 15:31:00,2.345,2.349,2.341,2.348,6445.7
2025-01-15 15:32:00,2.349,2.356,2.346,2.356,9153.9
2025-01-15 15:33:00,2.355,2.357,2.351,2.354,8269.4
2025-01-15 15:34:00,2.355,2.361,2.355,2.36,27697.2
2025-01-15 15:35:00,2.36,2.367,2.359,2.359,12821.1
2025-01-15 15:36:00,2.359,2.359,2.354,2.354,6003.1
2025-01-15 15:37:00,2.354,2.364,2.352,2.362,14939.9
2025-01-15 15:38:00,2.364,2.366,2.363,2.365,5123.9
2025-01-15 15:39:00,2.365,2.375,2.365,2.365,82312.2
2025-01-15 15:40:00,2.365,2.367,2.362,2.364,8804.1
2025-01-15 15:41:00,2.366,2.368,2.363,2.365,8150.8
2025-01-15 15:42:00,2.366,2.372,2.365,2.372,4676.8
2025-01-15 15:43:00,2.372,2.375,2.368,2.372,11161.6
2025-01-15 15:44:00,2.371,2.375,2.37,2.375,11440.1
2025-01-15 15:45:00,2.374,2.376,2.368,2.37,11558.9
2025-01-15 15:46:00,2.367,2.373,2.367,2.37,2943.1
2025-01-15 15:47:00,2.369,2.369,2.363,2.363,16995.9
2025-01-15 15:48:00,2.365,2.369,2.363,2.367,3090.5
2025-01-15 15:49:00,2.367,2.367,2.36,2.36,6039.1
2025-01-15 15:50:00,2.361,2.361,2.352,2.357,20736.4
2025-01-15 15:51:00,2.356,2.358,2.352,2.355,26647.5
2025-01-15 15:52:00,2.354,2.356,2.348,2.355,23380.3
2025-01-15 15:53:00,2.356,2.356,2.351,2.354,1612.8
2025-01-15 15:54:00,2.354,2.357,2.35,2.35,8098.8
2025-01-15 15:55:00,2.351,2.361,2.35,2.36,7917.2
2025-01-15 15:56:00,2.361,2.364,2.358,2.358,4242.8
2025-01-15 15:57:00,2.358,2.359,2.358,2.358,2748.3
2025-01-15 15:58:00,2.359,2.359,2.354,2.356,4110.9
2025-01-15 15:59:00,2.357,2.357,2.354,2.357,2483.4
2025-01-15 16:00:00,2.357,2.372,2.357,2.369,15941.1
2025-01-15 16:01:00,2.367,2.367,2.36,2.364,6588.6
2025-01-15 16:02:00,2.363,2.371,2.363,2.371,7451.8
2025-01-15 16:03:00,2.372,2.376,2.371,2.371,3518.7
2025-01-15 16:04:00,2.373,2.377,2.37,2.377,2896.6
2025-01-15 16:05:00,2.377,2.384,2.376,2.384,7930.9
2025-01-15 16:06:00,2.384,2.384,2.38,2.381,7549.1
2025-01-15 16:07:00,2.38,2.38,2.374,2.376,16721.3
2025-01-15 16:08:00,2.376,2.376,2.363,2.367,11066.2
2025-01-15 16:09:00,2.367,2.375,2.367,2.375,2523.0
2025-01-15 16:10:00,2.376,2.378,2.373,2.378,8195.0
2025-01-15 16:11:00,2.38,2.383,2.374,2.374,6613.9
2025-01-15 16:12:00,2.375,2.375,2.372,2.374,6550.3
2025-01-15 16:13:00,2.373,2.379,2.373,2.379,12634.0
2025-01-15 16:14:00,2.379,2.38,2.377,2.379,4034.6
2025-01-15 16:15:00,2.379,2.385,2.378,2.385,11423.8
2025-01-15 16:16:00,2.383,2.383,2.379,2.379,9414.5
2025-01-15 16:17:00,2.381,2.383,2.375,2.379,44210.5
2025-01-15 16:18:00,2.381,2.381,2.372,2.373,17566.3
2025-01-15 16:19:00,2.374,2.374,2.355,2.361,12317.3
2025-01-15 16:20:00,2.358,2.359,2.354,2.359,3609.8
2025-01-15 16:21:00,2.36,2.364,2.358,2.363,12351.2
2025-01-15 16:22:00,2.363,2.368,2.362,2.368,4839.4
2025-01-15 16:23:00,2.368,2.372,2.368,2.37,4153.8
2025-01-15 16:24:00,2.369,2.371,2.367,2.37,8034.6
2025-01-15 16:25:00,2.369,2.369,2.366,2.369,5642.2
2025-01-15 16:26:00,2.369,2.371,2.368,2.37,3127.8
2025-01-15 16:27:00,2.37,2.373,2.368,2.368,5390.4
2025-01-15 16:28:00,2.367,2.369,2.365,2.369,3250.4
2025-01-15 16:29:00,2.369,2.372,2.368,2.369,3791.5
2025-01-15 16:30:00,2.368,2.369,2.362,2.364,4105.9
2025-01-15 16:31:00,2.365,2.365,2.362,2.362,2210.4
2025-01-15 16:32:00,2.361,2.361,2.355,2.357,8106.4
2025-01-15 16:33:00,2.357,2.363,2.357,2.362,13661.2
2025-01-15 16:34:00,2.363,2.363,2.359,2.359,6452.8
2025-01-15 16:35:00,2.359,2.361,2.356,2.356,7110.6
2025-01-15 16:36:00,2.356,2.364,2.355,2.362,7404.6
2025-01-15 16:37:00,2.361,2.361,2.356,2.356,1630.5
2025-01-15 16:38:00,2.357,2.362,2.357,2.36,2302.8
2025-01-15 16:39:00,2.36,2.364,2.36,2.364,2054.3
2025-01-15 16:40:00,2.364,2.366,2.361,2.361,1724.3
2025-01-15 16:41:00,2.361,2.361,2.357,2.36,3120.1
2025-01-15 16:42:00,2.359,2.359,2.357,2.358,1999.7
2025-01-15 16:43:00,2.359,2.363,2.359,2.36,4156.0
2025-01-15 16:44:00,2.361,2.363,2.355,2.359,4121.2
2025-01-15 16:45:00,2.36,2.362,2.359,2.36,1005.9
2025-01-15 16:46:00,2.357,2.357,2.351,2.353,2679.5
2025-01-15 16:47:00,2.353,2.355,2.351,2.355,3042.3
2025-01-15 16:48:00,2.356,2.356,2.354,2.355,3134.8
2025-01-15 16:49:00,2.356,2.358,2.355,2.358,2910.8
2025-01-15 16:50:00,2.358,2.359,2.352,2.353,13189.2
2025-01-15 16:51:00,2.351,2.351,2.346,2.349,7523.2
2025-01-15 16:52:00,2.349,2.349,2.343,2.346,4682.3
2025-01-15 16:53:00,2.345,2.347,2.342,2.342,2576.0
2025-01-15 16:54:00,2.343,2.346,2.343,2.346,2409.5
2025-01-15 16:55:00,2.345,2.345,2.342,2.344,2499.2
2025-01-15 16:56:00,2.342,2.342,2.34,2.34,3865.9
2025-01-15 16:57:00,2.341,2.344,2.34,2.343,6679.1
2025-01-15 16:58:00,2.343,2.346,2.343,2.344,6210.0
2025-01-15 16:59:00,2.343,2.343,2.335,2.336,8346.4
2025-01-15 17:00:00,2.336,2.338,2.332,2.332,2953.3
2025-01-15 17:01:00,2.331,2.344,2.331,2.344,13790.2
2025-01-15 17:02:00,2.343,2.345,2.343,2.345,1737.1
2025-01-15 17:03:00,2.344,2.344,2.339,2.343,5625.8
2025-01-15 17:04:00,2.34,2.345,2.34,2.344,4393.2
2025-01-15 17:05:00,2.344,2.346,2.341,2.346,3183.9
2025-01-15 17:06:00,2.345,2.35,2.343,2.348,5024.8
2025-01-15 17:07:00,2.348,2.348,2.34,2.342,10415.6
2025-01-15 17:08:00,2.342,2.347,2.34,2.346,6216.7
2025-01-15 17:09:00,2.347,2.352,2.346,2.351,3212.3
2025-01-15 17:10:00,2.352,2.357,2.352,2.355,12106.3
2025-01-15 17:11:00,2.354,2.36,2.352,2.36,8665.6
2025-01-15 17:12:00,2.358,2.361,2.358,2.358,1747.6
2025-01-15 17:13:00,2.358,2.361,2.356,2.356,1509.3
2025-01-15 17:14:00,2.354,2.356,2.354,2.355,361.5
2025-01-15 17:15:00,2.355,2.356,2.354,2.354,693.6
2025-01-15 17:16:00,2.352,2.353,2.351,2.351,2648.8
2025-01-15 17:17:00,2.35,2.35,2.346,2.346,1724.7
2025-01-15 17:18:00,2.346,2.35,2.346,2.349,1683.7
2025-01-15 17:19:00,2.349,2.349,2.347,2.348,481.9
2025-01-15 17:20:00,2.347,2.35,2.347,2.349,4392.6
2025-01-15 17:21:00,2.348,2.349,2.344,2.344,5121.6
2025-01-15 17:22:00,2.343,2.344,2.341,2.341,1531.5
2025-01-15 17:23:00,2.342,2.343,2.34,2.34,1851.6
2025-01-15 17:24:00,2.343,2.345,2.343,2.344,1039.2
2025-01-15 17:25:00,2.343,2.346,2.342,2.342,539.8
2025-01-15 17:26:00,2.342,2.345,2.342,2.345,555.4
2025-01-15 17:27:00,2.346,2.349,2.346,2.347,2432.6
2025-01-15 17:28:00,2.345,2.348,2.345,2.348,1465.2
2025-01-15 17:29:00,2.347,2.347,2.344,2.344,414.4
2025-01-15 17:30:00,2.345,2.345,2.34,2.34,5273.4
2025-01-15 17:31:00,2.339,2.344,2.339,2.343,6324.0
2025-01-15 17:32:00,2.344,2.35,2.344,2.35,3562.4
2025-01-15 17:33:00,2.35,2.357,2.35,2.353,17805.6
2025-01-15 17:34:00,2.354,2.355,2.352,2.354,1249.7
2025-01-15 17:35:00,2.353,2.355,2.352,2.352,2146.7
2025-01-15 17:36:00,2.353,2.354,2.352,2.353,423.6
2025-01-15 17:37:00,2.352,2.353,2.348,2.348,707.9
2025-01-15 17:38:00,2.348,2.348,2.346,2.346,437.8
2025-01-15 17:39:00,2.346,2.346,2.338,2.342,10237.3
2025-01-15 17:40:00,2.342,2.342,2.341,2.342,2366.3
2025-01-15 17:41:00,2.343,2.344,2.341,2.341,3225.9
2025-01-15 17:42:00,2.342,2.342,2.338,2.338,2779.5
2025-01-15 17:43:00,2.339,2.341,2.339,2.341,2039.0
2025-01-15 17:44:00,2.339,2.341,2.339,2.341,393.2
2025-01-15 17:45:00,2.341,2.346,2.341,2.345,1034.7
2025-01-15 17:46:00,2.343,2.343,2.339,2.339,395.3
2025-01-15 17:47:00,2.339,2.339,2.336,2.336,2230.6
2025-01-15 17:48:00,2.336,2.336,2.332,2.333,2001.7
2025-01-15 17:49:00,2.333,2.334,2.332,2.333,1621.8
2025-01-15 17:50:00,2.334,2.335,2.327,2.329,6256.4
2025-01-15 17:51:00,2.329,2.329,2.326,2.327,1383.9
2025-01-15 17:52:00,2.329,2.329,2.327,2.328,1929.9
2025-01-15 17:53:00,2.327,2.327,2.324,2.326,4415.5
2025-01-15 17:54:00,2.325,2.328,2.324,2.327,4348.6
2025-01-15 17:55:00,2.327,2.329,2.324,2.324,2067.2
2025-01-15 17:56:00,2.323,2.324,2.322,2.323,4155.7
2025-01-15 17:57:00,2.324,2.324,2.323,2.323,521.2
2025-01-15 17:58:00,2.324,2.328,2.323,2.326,13765.3
2025-01-15 17:59:00,2.326,2.326,2.325,2.325,4097.2
2025-01-15 18:00:00,2.327,2.332,2.327,2.331,2636.9
2025-01-15 18:01:00,2.332,2.338,2.332,2.337,8450.4
2025-01-15 18:02:00,2.339,2.34,2.338,2.339,1194.4
2025-01-15 18:03:00,2.339,2.339,2.337,2.338,9241.6
2025-01-15 18:04:00,2.339,2.339,2.334,2.338,4598.4
2025-01-15 18:05:00,2.338,2.345,2.338,2.341,3881.7
2025-01-15 18:06:00,2.341,2.342,2.341,2.341,732.5
2025-01-15 18:07:00,2.341,2.341,2.338,2.34,1995.9
2025-01-15 18:08:00,2.339,2.34,2.337,2.339,1726.1
2025-01-15 18:09:00,2.34,2.347,2.34,2.344,13279.5
2025-01-15 18:10:00,2.343,2.343,2.341,2.342,1285.3
2025-01-15 18:11:00,2.343,2.344,2.343,2.344,1413.7
2025-01-15 18:12:00,2.343,2.345,2.343,2.345,1595.2
2025-01-15 18:13:00,2.345,2.346,2.342,2.343,390.4
2025-01-15 18:14:00,2.343,2.344,2.342,2.344,1018.5
2025-01-15 18:15:00,2.344,2.353,2.344,2.353,3119.4
2025-01-15 18:16:00,2.352,2.354,2.351,2.353,1578.5
2025-01-15 18:17:00,2.353,2.355,2.353,2.353,551.9
2025-01-15 18:18:00,2.353,2.353,2.352,2.353,1298.1
2025-01-15 18:19:00,2.356,2.356,2.352,2.354,571.9
2025-01-15 18:20:00,2.354,2.354,2.351,2.351,2131.6
2025-01-15 18:21:00,2.352,2.354,2.352,2.354,345.3
2025-01-15 18:22:00,2.355,2.356,2.354,2.356,250.5
2025-01-15 18:23:00,2.356,2.359,2.356,2.359,3113.9
2025-01-15 18:24:00,2.358,2.359,2.358,2.359,1491.2
2025-01-15 18:25:00,2.359,2.361,2.359,2.361,573.4
2025-01-15 18:26:00,2.36,2.361,2.36,2.361,46.3
2025-01-15 18:27:00,2.361,2.367,2.361,2.365,1466.5
2025-01-15 18:28:00,2.365,2.366,2.364,2.365,3278.7
2025-01-15 18:29:00,2.365,2.367,2.365,2.365,4623.0
2025-01-15 18:30:00,2.366,2.367,2.365,2.366,2593.3
2025-01-15 18:31:00,2.364,2.367,2.362,2.366,2853.4
2025-01-15 18:32:00,2.366,2.369,2.366,2.366,5039.1
2025-01-15 18:33:00,2.366,2.366,2.361,2.363,3088.3
2025-01-15 18:34:00,2.364,2.367,2.364,2.367,149.2
2025-01-15 18:35:00,2.368,2.368,2.362,2.363,726.1
2025-01-15 18:36:00,2.363,2.363,2.36,2.36,4026.4
2025-01-15 18:37:00,2.361,2.362,2.36,2.362,2680.6
2025-01-15 18:38:00,2.361,2.362,2.359,2.359,1948.5
2025-01-15 18:39:00,2.359,2.36,2.358,2.359,1498.2
2025-01-15 18:40:00,2.358,2.361,2.357,2.361,10580.2
2025-01-15 18:41:00,2.36,2.364,2.36,2.362,5854.5
2025-01-15 18:42:00,2.364,2.367,2.364,2.367,533.1
2025-01-15 18:43:00,2.366,2.368,2.362,2.368,9236.0
2025-01-15 18:44:00,2.367,2.368,2.366,2.366,1590.4
2025-01-15 18:45:00,2.366,2.374,2.366,2.374,6439.8
2025-01-15 18:46:00,2.374,2.377,2.372,2.376,21982.4
2025-01-15 18:47:00,2.378,2.378,2.376,2.376,3384.3
2025-01-15 18:48:00,2.375,2.375,2.374,2.375,1630.8
2025-01-15 18:49:00,2.375,2.377,2.375,2.377,330.1
2025-01-15 18:50:00,2.378,2.381,2.378,2.378,3261.4
2025-01-15 18:51:00,2.378,2.378,2.375,2.378,4366.8
2025-01-15 18:52:00,2.379,2.381,2.379,2.381,565.3
2025-01-15 18:53:00,2.381,2.381,2.379,2.379,1993.5
2025-01-15 18:54:00,2.379,2.379,2.377,2.379,2149.0
2025-01-15 18:55:00,2.379,2.379,2.377,2.377,878.9
2025-01-15 18:56:00,2.378,2.379,2.377,2.377,687.8
2025-01-15 18:57:00,2.376,2.378,2.376,2.378,668.4
2025-01-15 18:58:00,2.38,2.381,2.379,2.38,1996.1
2025-01-15 18:59:00,2.379,2.379,2.378,2.379,745.9
2025-01-15 19:00:00,2.38,2.382,2.38,2.381,5174.9
2025-01-15 19:01:00,2.382,2.382,2.378,2.38,1436.8
2025-01-15 19:02:00,2.379,2.382,2.378,2.382,2298.3
2025-01-15 19:03:00,2.381,2.384,2.381,2.382,1028.0
2025-01-15 19:04:00,2.378,2.379,2.377,2.379,1775.8
2025-01-15 19:05:00,2.379,2.381,2.379,2.379,1649.5
2025-01-15 19:06:00,2.38,2.383,2.38,2.38,2419.0
2025-01-15 19:07:00,2.379,2.379,2.377,2.379,2133.2
2025-01-15 19:08:00,2.379,2.379,2.376,2.378,963.4
2025-01-15 19:09:00,2.378,2.378,2.375,2.376,294.5
2025-01-15 19:10:00,2.378,2.378,2.377,2.378,48.1
2025-01-15 19:11:00,2.378,2.379,2.376,2.376,8529.4
2025-01-15 19:12:00,2.376,2.378,2.376,2.377,715.2
2025-01-15 19:13:00,2.376,2.378,2.376,2.377,2289.1
2025-01-15 19:14:00,2.377,2.377,2.376,2.377,404.7
2025-01-15 19:15:00,2.376,2.379,2.376,2.378,1615.7
2025-01-15 19:16:00,2.377,2.377,2.376,2.376,2182.5
2025-01-15 19:17:00,2.376,2.377,2.374,2.374,1400.6
2025-01-15 19:18:00,2.375,2.375,2.375,2.375,205.4
2025-01-15 19:19:00,2.375,2.377,2.375,2.377,36.1
2025-01-15 19:20:00,2.376,2.377,2.376,2.376,687.0
2025-01-15 19:21:00,2.376,2.376,2.375,2.375,2120.2
2025-01-15 19:22:00,2.375,2.375,2.372,2.373,1896.0
2025-01-15 19:23:00,2.373,2.373,2.371,2.372,1425.8
2025-01-15 19:24:00,2.373,2.373,2.372,2.373,589.0
2025-01-15 19:25:00,2.373,2.373,2.372,2.373,312.9
2025-01-15 19:26:00,2.374,2.374,2.372,2.373,143.9
2025-01-15 19:27:00,2.373,2.373,2.371,2.371,1284.5
2025-01-15 19:28:00,2.372,2.375,2.372,2.374,9032.5
2025-01-15 19:29:00,2.374,2.375,2.372,2.372,3629.7
2025-01-15 19:30:00,2.372,2.372,2.368,2.37,2811.9
2025-01-15 19:31:00,2.37,2.371,2.369,2.369,613.0
2025-01-15 19:32:00,2.371,2.377,2.371,2.377,5187.0
2025-01-15 19:33:00,2.377,2.379,2.376,2.378,2256.2
2025-01-15 19:34:00,2.378,2.378,2.376,2.377,596.8
2025-01-15 19:35:00,2.376,2.379,2.376,2.378,2799.3
2025-01-15 19:36:00,2.38,2.387,2.379,2.387,21914.8
2025-01-15 19:37:00,2.387,2.387,2.384,2.385,3351.2
2025-01-15 19:38:00,2.384,2.386,2.383,2.385,2875.1
2025-01-15 19:39:00,2.384,2.384,2.38,2.381,1922.5
2025-01-15 19:40:00,2.38,2.382,2.379,2.381,1831.3
2025-01-15 19:41:00,2.382,2.382,2.381,2.381,344.4
2025-01-15 19:42:00,2.381,2.381,2.379,2.38,1732.5
2025-01-15 19:43:00,2.379,2.38,2.379,2.38,3001.9
2025-01-15 19:44:00,2.382,2.383,2.378,2.378,30990.5
2025-01-15 19:45:00,2.379,2.379,2.375,2.378,2571.5
2025-01-15 19:46:00,2.379,2.38,2.378,2.379,5715.3
2025-01-15 19:47:00,2.383,2.384,2.381,2.382,1172.8
2025-01-15 19:48:00,2.382,2.384,2.382,2.383,8320.6
2025-01-15 19:49:00,2.384,2.384,2.381,2.381,1144.1
2025-01-15 19:50:00,2.382,2.382,2.378,2.379,742.6
2025-01-15 19:51:00,2.381,2.381,2.378,2.378,963.6
2025-01-15 19:52:00,2.378,2.379,2.377,2.379,2299.6
2025-01-15 19:53:00,2.38,2.384,2.38,2.383,1052.1
2025-01-15 19:54:00,2.383,2.384,2.381,2.382,1212.5
2025-01-15 19:55:00,2.381,2.381,2.379,2.379,156.8
2025-01-15 19:56:00,2.379,2.382,2.379,2.382,511.8
2025-01-15 19:57:00,2.383,2.387,2.383,2.386,4991.1
2025-01-15 19:58:00,2.387,2.39,2.386,2.389,5250.3
2025-01-15 19:59:00,2.389,2.39,2.386,2.386,1495.5
2025-01-15 20:00:00,2.386,2.392,2.386,2.388,20089.9
2025-01-15 20:01:00,2.389,2.393,2.388,2.39,25458.3
2025-01-15 20:02:00,2.39,2.392,2.389,2.389,7306.8
2025-01-15 20:03:00,2.39,2.393,2.39,2.392,2296.5
2025-01-15 20:04:00,2.392,2.392,2.384,2.384,5304.9
2025-01-15 20:05:00,2.384,2.388,2.384,2.387,1990.4
2025-01-15 20:06:00,2.387,2.389,2.384,2.388,5337.8
2025-01-15 20:07:00,2.388,2.39,2.387,2.389,3603.4
2025-01-15 20:08:00,2.388,2.389,2.386,2.389,1112.9
2025-01-15 20:09:00,2.39,2.394,2.39,2.391,5354.7
2025-01-15 20:10:00,2.391,2.391,2.383,2.39,9284.0
2025-01-15 20:11:00,2.39,2.391,2.387,2.389,9930.0
2025-01-15 20:12:00,2.39,2.394,2.39,2.392,5562.9
2025-01-15 20:13:00,2.393,2.393,2.39,2.393,4960.8
2025-01-15 20:14:00,2.392,2.393,2.391,2.392,1438.7
2025-01-15 20:15:00,2.393,2.394,2.393,2.393,1969.8
2025-01-15 20:16:00,2.393,2.394,2.391,2.391,6289.0
2025-01-15 20:17:00,2.391,2.391,2.385,2.388,3340.3
2025-01-15 20:18:00,2.387,2.393,2.387,2.393,4892.3
2025-01-15 20:19:00,2.392,2.394,2.392,2.393,1190.5
2025-01-15 20:20:00,2.392,2.396,2.392,2.392,2790.1
2025-01-15 20:21:00,2.391,2.394,2.39,2.393,6292.8
2025-01-15 20:22:00,2.393,2.4,2.393,2.395,8366.4
2025-01-15 20:23:00,2.394,2.394,2.388,2.389,2356.2
2025-01-15 20:24:00,2.389,2.39,2.389,2.389,1571.2
2025-01-15 20:25:00,2.389,2.391,2.389,2.391,1677.2
2025-01-15 20:26:00,2.39,2.39,2.384,2.384,5462.4
2025-01-15 20:27:00,2.384,2.391,2.384,2.39,2487.8
2025-01-15 20:28:00,2.391,2.393,2.387,2.389,7866.9
2025-01-15 20:29:00,2.389,2.389,2.386,2.388,10138.3
2025-01-15 20:30:00,2.387,2.387,2.376,2.376,6066.0
2025-01-15 20:31:00,2.376,2.383,2.376,2.382,4064.7
2025-01-15 20:32:00,2.382,2.388,2.382,2.384,5295.0
2025-01-15 20:33:00,2.384,2.385,2.38,2.384,1902.7
2025-01-15 20:34:00,2.385,2.387,2.385,2.386,5378.9
2025-01-15 20:35:00,2.386,2.39,2.386,2.389,2945.4
2025-01-15 20:36:00,2.388,2.388,2.384,2.384,1251.2
2025-01-15 20:37:00,2.383,2.386,2.382,2.384,2913.6
2025-01-15 20:38:00,2.384,2.385,2.384,2.384,1595.2
2025-01-15 20:39:00,2.383,2.383,2.378,2.379,2327.0
2025-01-15 20:40:00,2.379,2.38,2.376,2.377,5496.1
2025-01-15 20:41:00,2.377,2.377,2.375,2.375,11217.9
2025-01-15 20:42:00,2.375,2.377,2.374,2.375,1606.5
2025-01-15 20:43:00,2.374,2.375,2.372,2.372,9412.8
2025-01-15 20:44:00,2.373,2.376,2.373,2.376,3480.2
2025-01-15 20:45:00,2.376,2.376,2.373,2.374,1056.7
2025-01-15 20:46:00,2.374,2.375,2.373,2.373,3345.6
2025-01-15 20:47:00,2.373,2.373,2.369,2.369,334.3
2025-01-15 20:48:00,2.368,2.368,2.365,2.365,4041.5
2025-01-15 20:49:00,2.365,2.365,2.363,2.365,1238.5
2025-01-15 20:50:00,2.364,2.366,2.363,2.363,4035.3
2025-01-15 20:51:00,2.364,2.369,2.364,2.369,2969.9
2025-01-15 20:52:00,2.369,2.373,2.369,2.371,2155.3
2025-01-15 20:53:00,2.37,2.372,2.37,2.372,722.8
2025-01-15 20:54:00,2.373,2.373,2.369,2.369,1810.5
2025-01-15 20:55:00,2.369,2.37,2.367,2.367,3893.6
2025-01-15 20:56:00,2.368,2.368,2.366,2.367,4686.9
2025-01-15 20:57:00,2.368,2.368,2.368,2.368,247.2
2025-01-15 20:58:00,2.368,2.368,2.366,2.367,1469.3
2025-01-15 20:59:00,2.367,2.372,2.367,2.371,3726.5
2025-01-15 21:00:00,2.372,2.375,2.372,2.375,1116.9
2025-01-15 21:01:00,2.375,2.375,2.372,2.375,4390.7
2025-01-15 21:02:00,2.377,2.377,2.374,2.374,852.2
2025-01-15 21:03:00,2.373,2.384,2.373,2.38,2977.2
2025-01-15 21:04:00,2.379,2.38,2.376,2.376,1377.4
2025-01-15 21:05:00,2.377,2.379,2.376,2.379,805.9
2025-01-15 21:06:00,2.379,2.379,2.373,2.374,1440.8
2025-01-15 21:07:00,2.375,2.376,2.375,2.375,531.2
2025-01-15 21:08:00,2.376,2.377,2.375,2.375,2301.5
2025-01-15 21:09:00,2.375,2.378,2.375,2.377,1136.4
2025-01-15 21:10:00,2.379,2.379,2.377,2.379,1119.8
2025-01-15 21:11:00,2.379,2.381,2.379,2.38,2844.4
2025-01-15 21:12:00,2.381,2.385,2.381,2.383,2287.1
2025-01-15 21:13:00,2.382,2.382,2.381,2.382,1910.1
2025-01-15 21:14:00,2.382,2.383,2.381,2.382,302.9
2025-01-15 21:15:00,2.381,2.382,2.38,2.382,2711.5
2025-01-15 21:16:00,2.381,2.381,2.379,2.38,4412.7
2025-01-15 21:17:00,2.379,2.379,2.375,2.375,1937.7
2025-01-15 21:18:00,2.374,2.376,2.373,2.376,900.8
2025-01-15 21:19:00,2.378,2.378,2.377,2.378,3779.7
2025-01-15 21:20:00,2.378,2.381,2.377,2.379,29749.6
2025-01-15 21:21:00,2.378,2.379,2.377,2.377,749.6
2025-01-15 21:22:00,2.378,2.38,2.377,2.377,5522.3
2025-01-15 21:23:00,2.377,2.377,2.375,2.377,1383.6
2025-01-15 21:24:00,2.376,2.377,2.375,2.375,727.9
2025-01-15 21:25:00,2.375,2.375,2.372,2.372,4987.3
2025-01-15 21:26:00,2.372,2.375,2.371,2.374,9528.6
2025-01-15 21:27:00,2.374,2.376,2.374,2.376,954.3
2025-01-15 21:28:00,2.376,2.376,2.372,2.373,20737.7
2025-01-15 21:29:00,2.373,2.373,2.371,2.371,4707.3
2025-01-15 21:30:00,2.374,2.374,2.37,2.371,1307.8
2025-01-15 21:31:00,2.371,2.371,2.369,2.369,6098.8
2025-01-15 21:32:00,2.371,2.372,2.369,2.369,1530.3
2025-01-15 21:33:00,2.37,2.371,2.37,2.37,2864.0
2025-01-15 21:34:00,2.37,2.37,2.369,2.37,3401.0
2025-01-15 21:35:00,2.37,2.372,2.37,2.371,3370.8
2025-01-15 21:36:00,2.371,2.371,2.368,2.369,5771.3
2025-01-15 21:37:00,2.37,2.37,2.368,2.369,2721.0
2025-01-15 21:38:00,2.369,2.372,2.369,2.371,1045.9
2025-01-15 21:39:00,2.371,2.371,2.37,2.37,1739.4
2025-01-15 21:40:00,2.369,2.369,2.367,2.367,73.0
2025-01-15 21:41:00,2.369,2.37,2.369,2.369,840.1
2025-01-15 21:42:00,2.37,2.37,2.368,2.368,522.4
2025-01-15 21:43:00,2.369,2.369,2.369,2.369,713.1
2025-01-15 21:44:00,2.369,2.369,2.367,2.368,1867.5
2025-01-15 21:45:00,2.368,2.368,2.367,2.368,2555.2
2025-01-15 21:46:00,2.368,2.37,2.368,2.369,7434.9
2025-01-15 21:47:00,2.368,2.368,2.366,2.366,1042.6
2025-01-15 21:48:00,2.368,2.371,2.368,2.371,294.4
2025-01-15 21:49:00,2.372,2.373,2.371,2.371,363.1
2025-01-15 21:50:00,2.372,2.376,2.372,2.375,2059.2
2025-01-15 21:51:00,2.374,2.381,2.374,2.381,2872.2
2025-01-15 21:52:00,2.381,2.383,2.379,2.379,11136.7
2025-01-15 21:53:00,2.38,2.38,2.378,2.378,2183.8
2025-01-15 21:54:00,2.378,2.378,2.377,2.378,1034.5
2025-01-15 21:55:00,2.379,2.382,2.379,2.379,5888.1
2025-01-15 21:56:00,2.379,2.379,2.374,2.374,1941.9
2025-01-15 21:57:00,2.375,2.376,2.375,2.375,2216.5
2025-01-15 21:58:00,2.376,2.376,2.374,2.374,2417.5
2025-01-15 21:59:00,2.374,2.374,2.371,2.373,797.1
2025-01-15 22:00:00,2.373,2.375,2.37,2.371,7914.1
2025-01-15 22:01:00,2.371,2.373,2.371,2.373,402.1
2025-01-15 22:02:00,2.373,2.375,2.372,2.375,658.0
2025-01-15 22:03:00,2.375,2.377,2.371,2.372,3712.3
2025-01-15 22:04:00,2.372,2.373,2.372,2.373,2497.7
2025-01-15 22:05:00,2.373,2.373,2.37,2.371,1821.4
2025-01-15 22:06:00,2.372,2.374,2.372,2.373,1549.0
2025-01-15 22:07:00,2.373,2.379,2.373,2.379,5676.5
2025-01-15 22:08:00,2.379,2.381,2.379,2.38,1183.4
2025-01-15 22:09:00,2.38,2.383,2.379,2.383,9151.6
2025-01-15 22:10:00,2.383,2.385,2.381,2.383,813.0
2025-01-15 22:11:00,2.383,2.385,2.382,2.385,6507.8
2025-01-15 22:12:00,2.386,2.387,2.386,2.387,1210.9
2025-01-15 22:13:00,2.387,2.387,2.383,2.384,2637.5
2025-01-15 22:14:00,2.384,2.389,2.384,2.388,1661.4
2025-01-15 22:15:00,2.389,2.391,2.387,2.391,4230.4
2025-01-15 22:16:00,2.391,2.391,2.388,2.388,1058.7
2025-01-15 22:17:00,2.387,2.387,2.385,2.386,2049.1
2025-01-15 22:18:00,2.385,2.386,2.383,2.385,2193.3
2025-01-15 22:19:00,2.386,2.386,2.385,2.385,2018.0
2025-01-15 22:20:00,2.384,2.386,2.379,2.379,7567.1
2025-01-15 22:21:00,2.379,2.384,2.379,2.383,3398.1
2025-01-15 22:22:00,2.383,2.383,2.381,2.381,1319.2
2025-01-15 22:23:00,2.38,2.382,2.38,2.382,247.6
2025-01-15 22:24:00,2.382,2.383,2.381,2.383,264.4
2025-01-15 22:25:00,2.382,2.383,2.38,2.383,2338.5
2025-01-15 22:26:00,2.383,2.383,2.381,2.382,424.6
2025-01-15 22:27:00,2.383,2.383,2.381,2.383,222.3
2025-01-15 22:28:00,2.382,2.383,2.381,2.383,7612.6
2025-01-15 22:29:00,2.383,2.386,2.382,2.386,4413.3
2025-01-15 22:30:00,2.386,2.39,2.386,2.389,1431.9
2025-01-15 22:31:00,2.388,2.391,2.388,2.391,3034.3
2025-01-15 22:32:00,2.391,2.394,2.391,2.393,1112.0
2025-01-15 22:33:00,2.393,2.393,2.392,2.392,4528.7
2025-01-15 22:34:00,2.391,2.391,2.39,2.391,112.9
2025-01-15 22:35:00,2.39,2.39,2.387,2.39,5861.3
2025-01-15 22:36:00,2.389,2.39,2.389,2.389,457.4
2025-01-15 22:37:00,2.389,2.39,2.389,2.39,834.0
2025-01-15 22:38:00,2.39,2.39,2.388,2.39,1694.8
2025-01-15 22:39:00,2.39,2.391,2.39,2.391,616.4
2025-01-15 22:40:00,2.39,2.392,2.39,2.392,2982.9
2025-01-15 22:41:00,2.391,2.393,2.391,2.392,1572.5
2025-01-15 22:42:00,2.392,2.393,2.392,2.392,152.0
2025-01-15 22:43:00,2.392,2.393,2.391,2.391,926.0
2025-01-15 22:44:00,2.391,2.394,2.391,2.394,1674.5
2025-01-15 22:45:00,2.394,2.395,2.393,2.395,276.5
2025-01-15 22:46:00,2.395,2.398,2.395,2.397,3602.5
2025-01-15 22:47:00,2.397,2.399,2.397,2.398,1865.8
2025-01-15 22:48:00,2.398,2.398,2.397,2.398,101.1
2025-01-15 22:49:00,2.398,2.398,2.395,2.396,2085.6
2025-01-15 22:50:00,2.396,2.396,2.394,2.395,841.0
2025-01-15 22:51:00,2.395,2.395,2.391,2.392,783.7
2025-01-15 22:52:00,2.391,2.392,2.389,2.39,4460.4
2025-01-15 22:53:00,2.39,2.39,2.389,2.389,530.6
2025-01-15 22:54:00,2.388,2.389,2.387,2.389,637.0
2025-01-15 22:55:00,2.388,2.388,2.386,2.386,2497.2
2025-01-15 22:56:00,2.386,2.386,2.384,2.385,925.9
2025-01-15 22:57:00,2.384,2.385,2.382,2.384,3890.4
2025-01-15 22:58:00,2.383,2.384,2.382,2.382,359.9
2025-01-15 22:59:00,2.384,2.384,2.383,2.384,773.9
2025-01-15 23:00:00,2.385,2.39,2.385,2.389,1456.0
2025-01-15 23:01:00,2.39,2.393,2.39,2.391,31832.4
2025-01-15 23:02:00,2.39,2.39,2.385,2.385,2244.7
2025-01-15 23:03:00,2.384,2.388,2.383,2.385,11272.8
2025-01-15 23:04:00,2.39,2.393,2.389,2.39,4949.1
2025-01-15 23:05:00,2.391,2.393,2.389,2.39,1149.6
2025-01-15 23:06:00,2.39,2.392,2.389,2.392,1101.4
2025-01-15 23:07:00,2.393,2.394,2.391,2.392,791.9
2025-01-15 23:08:00,2.392,2.392,2.39,2.39,129.9
2025-01-15 23:09:00,2.39,2.39,2.387,2.387,2976.0
2025-01-15 23:10:00,2.388,2.391,2.388,2.389,1764.9
2025-01-15 23:11:00,2.389,2.39,2.386,2.386,2220.4
2025-01-15 23:12:00,2.387,2.388,2.386,2.388,287.1
2025-01-15 23:13:00,2.389,2.391,2.389,2.391,2470.8
2025-01-15 23:14:00,2.392,2.395,2.392,2.392,2614.8
2025-01-15 23:15:00,2.392,2.397,2.392,2.397,2695.1
2025-01-15 23:16:00,2.396,2.396,2.394,2.396,766.5
2025-01-15 23:17:00,2.396,2.397,2.395,2.395,2356.7
2025-01-15 23:18:00,2.394,2.394,2.388,2.389,2090.3
2025-01-15 23:19:00,2.391,2.393,2.391,2.392,1582.5
2025-01-15 23:20:00,2.392,2.393,2.392,2.392,371.0
2025-01-15 23:21:00,2.391,2.393,2.391,2.391,727.5
2025-01-15 23:22:00,2.391,2.392,2.389,2.391,3830.7
2025-01-15 23:23:00,2.391,2.392,2.39,2.392,1642.8
2025-01-15 23:24:00,2.391,2.393,2.391,2.392,594.2
2025-01-15 23:25:00,2.392,2.397,2.392,2.396,1945.7
2025-01-15 23:26:00,2.396,2.396,2.393,2.393,1222.8
2025-01-15 23:27:00,2.393,2.393,2.392,2.392,1222.7
2025-01-15 23:28:00,2.392,2.394,2.391,2.394,5318.3
2025-01-15 23:29:00,2.394,2.396,2.393,2.396,3351.1
2025-01-15 23:30:00,2.396,2.397,2.392,2.393,3766.0
2025-01-15 23:31:00,2.393,2.393,2.392,2.392,571.0
2025-01-15 23:32:00,2.393,2.394,2.389,2.389,3713.9
2025-01-15 23:33:00,2.388,2.391,2.387,2.389,3571.9
2025-01-15 23:34:00,2.39,2.394,2.39,2.392,4598.2
2025-01-15 23:35:00,2.393,2.396,2.393,2.396,6535.5
2025-01-15 23:36:00,2.395,2.397,2.395,2.395,4109.8
2025-01-15 23:37:00,2.396,2.399,2.394,2.394,4921.2
2025-01-15 23:38:00,2.395,2.396,2.394,2.396,963.9
2025-01-15 23:39:00,2.396,2.398,2.396,2.397,3917.3
2025-01-15 23:40:00,2.397,2.399,2.396,2.398,1444.7
2025-01-15 23:41:00,2.399,2.399,2.398,2.399,1208.3
2025-01-15 23:42:00,2.4,2.4,2.398,2.4,3089.3
2025-01-15 23:43:00,2.4,2.404,2.4,2.404,17060.0
2025-01-15 23:44:00,2.404,2.404,2.403,2.403,2261.8
2025-01-15 23:45:00,2.403,2.403,2.4,2.4,6414.5
2025-01-15 23:46:00,2.401,2.402,2.398,2.399,4176.5
2025-01-15 23:47:00,2.399,2.4,2.398,2.4,320.9
2025-01-15 23:48:00,2.4,2.401,2.397,2.397,1434.2
2025-01-15 23:49:00,2.397,2.398,2.396,2.397,991.3
2025-01-15 23:50:00,2.397,2.397,2.394,2.394,865.6
2025-01-15 23:51:00,2.393,2.396,2.392,2.396,8708.0
2025-01-15 23:52:00,2.397,2.397,2.395,2.395,2027.3
2025-01-15 23:53:00,2.395,2.397,2.395,2.395,4099.2
2025-01-15 23:54:00,2.395,2.395,2.393,2.393,4763.7
2025-01-15 23:55:00,2.393,2.397,2.393,2.393,79426.4
2025-01-15 23:56:00,2.393,2.394,2.391,2.391,4706.3
2025-01-15 23:57:00,2.391,2.392,2.389,2.389,6372.3
2025-01-15 23:58:00,2.389,2.39,2.388,2.389,10843.2
2025-01-15 23:59:00,2.389,2.39,2.389,2.39,29110.1
2025-01-16 00:00:00,2.39,2.402,2.39,2.4,58817.5
2025-01-16 00:01:00,2.399,2.399,2.393,2.394,8270.5
2025-01-16 00:02:00,2.395,2.395,2.388,2.389,3192.5
2025-01-16 00:03:00,2.389,2.391,2.382,2.382,14520.7
2025-01-16 00:04:00,2.382,2.384,2.374,2.375,32330.8
2025-01-16 00:05:00,2.375,2.379,2.374,2.377,21325.7
2025-01-16 00:06:00,2.377,2.379,2.37,2.371,14631.9
2025-01-16 00:07:00,2.371,2.373,2.366,2.372,12224.1
2025-01-16 00:08:00,2.371,2.371,2.363,2.364,9884.0
2025-01-16 00:09:00,2.364,2.366,2.362,2.362,12947.2
2025-01-16 00:10:00,2.362,2.367,2.36,2.363,8562.8
2025-01-16 00:11:00,2.365,2.366,2.363,2.363,2463.7
2025-01-16 00:12:00,2.362,2.369,2.361,2.366,6601.5
2025-01-16 00:13:00,2.365,2.368,2.365,2.365,3393.2
2025-01-16 00:14:00,2.365,2.366,2.363,2.363,1964.9
2025-01-16 00:15:00,2.361,2.363,2.357,2.357,2712.9
2025-01-16 00:16:00,2.357,2.361,2.355,2.358,12371.9
2025-01-16 00:17:00,2.356,2.359,2.352,2.352,19321.7
2025-01-16 00:18:00,2.352,2.353,2.35,2.351,9211.5
2025-01-16 00:19:00,2.351,2.36,2.35,2.359,24531.8
2025-01-16 00:20:00,2.359,2.363,2.357,2.359,29194.4
2025-01-16 00:21:00,2.356,2.356,2.35,2.35,6510.8
2025-01-16 00:22:00,2.351,2.353,2.351,2.352,5226.2
2025-01-16 00:23:00,2.356,2.36,2.355,2.359,7647.7
2025-01-16 00:24:00,2.359,2.36,2.358,2.36,606.1
2025-01-16 00:25:00,2.36,2.363,2.359,2.362,2448.7
2025-01-16 00:26:00,2.361,2.361,2.357,2.359,446.8
2025-01-16 00:27:00,2.358,2.359,2.352,2.353,1551.2
2025-01-16 00:28:00,2.354,2.357,2.351,2.352,1666.2
2025-01-16 00:29:00,2.352,2.354,2.351,2.352,1426.4
2025-01-16 00:30:00,2.352,2.353,2.346,2.346,4179.5
2025-01-16 00:31:00,2.346,2.347,2.34,2.345,9919.8
2025-01-16 00:32:00,2.346,2.35,2.34,2.35,5238.2
2025-01-16 00:33:00,2.349,2.349,2.344,2.344,2466.2
2025-01-16 00:34:00,2.344,2.345,2.34,2.34,4117.9
2025-01-16 00:35:00,2.341,2.342,2.337,2.337,4569.7
2025-01-16 00:36:00,2.337,2.339,2.33,2.331,11779.9
2025-01-16 00:37:00,2.33,2.335,2.33,2.33,5203.7
2025-01-16 00:38:00,2.331,2.332,2.325,2.327,6116.1
2025-01-16 00:39:00,2.328,2.329,2.324,2.328,13484.3
2025-01-16 00:40:00,2.328,2.334,2.325,2.334,7145.6
2025-01-16 00:41:00,2.333,2.338,2.333,2.336,9588.3
2025-01-16 00:42:00,2.335,2.335,2.333,2.333,2118.6
2025-01-16 00:43:00,2.334,2.335,2.329,2.332,1405.0
2025-01-16 00:44:00,2.333,2.341,2.333,2.341,4394.7
2025-01-16 00:45:00,2.34,2.343,2.337,2.34,6424.3
2025-01-16 00:46:00,2.339,2.342,2.338,2.34,9791.4
2025-01-16 00:47:00,2.343,2.344,2.34,2.342,11044.6
2025-01-16 00:48:00,2.342,2.345,2.342,2.344,3031.3
2025-01-16 00:49:00,2.344,2.347,2.343,2.346,5515.2
2025-01-16 00:50:00,2.345,2.349,2.345,2.348,1669.4
2025-01-16 00:51:00,2.348,2.349,2.347,2.347,1562.8
2025-01-16 00:52:00,2.346,2.346,2.343,2.344,4241.1
2025-01-16 00:53:00,2.343,2.345,2.343,2.345,990.2
2025-01-16 00:54:00,2.346,2.346,2.343,2.345,5843.5
2025-01-16 00:55:00,2.346,2.347,2.345,2.345,4686.0
2025-01-16 00:56:00,2.345,2.346,2.344,2.345,479.4
2025-01-16 00:57:00,2.345,2.345,2.344,2.344,31.6
2025-01-16 00:58:00,2.344,2.346,2.344,2.346,11311.3
2025-01-16 00:59:00,2.347,2.349,2.344,2.345,927.3
2025-01-16 01:00:00,2.345,2.35,2.344,2.348,9696.7
2025-01-16 01:01:00,2.349,2.353,2.349,2.352,1325.7
2025-01-16 01:02:00,2.352,2.355,2.351,2.355,969.8
2025-01-16 01:03:00,2.355,2.359,2.355,2.359,1402.7
2025-01-16 01:04:00,2.359,2.36,2.358,2.359,2701.6
2025-01-16 01:05:00,2.36,2.364,2.36,2.364,1797.6
2025-01-16 01:06:00,2.365,2.366,2.361,2.363,8811.7
2025-01-16 01:07:00,2.364,2.371,2.364,2.371,34028.3
2025-01-16 01:08:00,2.371,2.375,2.371,2.372,9221.6
2025-01-16 01:09:00,2.372,2.373,2.37,2.371,1622.8
2025-01-16 01:10:00,2.371,2.373,2.371,2.372,456.7
2025-01-16 01:11:00,2.373,2.373,2.371,2.371,1483.7
2025-01-16 01:12:00,2.369,2.369,2.362,2.365,9092.5
2025-01-16 01:13:00,2.363,2.363,2.362,2.362,2946.8
2025-01-16 01:14:00,2.362,2.365,2.361,2.365,638.5
2025-01-16 01:15:00,2.365,2.368,2.363,2.368,1201.7
2025-01-16 01:16:00,2.368,2.369,2.362,2.362,731.3
2025-01-16 01:17:00,2.362,2.362,2.36,2.361,754.5
2025-01-16 01:18:00,2.361,2.361,2.36,2.36,202.9
2025-01-16 01:19:00,2.36,2.364,2.36,2.362,321.4
2025-01-16 01:20:00,2.362,2.362,2.353,2.353,1766.4
2025-01-16 01:21:00,2.353,2.355,2.353,2.354,2833.0
2025-01-16 01:22:00,2.356,2.357,2.354,2.357,248.0
2025-01-16 01:23:00,2.357,2.358,2.357,2.357,1580.9
2025-01-16 01:24:00,2.357,2.357,2.356,2.357,398.0
2025-01-16 01:25:00,2.357,2.361,2.357,2.359,1820.7
2025-01-16 01:26:00,2.36,2.36,2.358,2.358,457.8
2025-01-16 01:27:00,2.357,2.359,2.357,2.359,867.1
2025-01-16 01:28:00,2.359,2.36,2.359,2.359,308.6
2025-01-16 01:29:00,2.36,2.362,2.359,2.361,614.1
2025-01-16 01:30:00,2.361,2.361,2.358,2.359,1177.1
2025-01-16 01:31:00,2.359,2.359,2.355,2.355,735.2
2025-01-16 01:32:00,2.355,2.357,2.354,2.357,246.4
2025-01-16 01:33:00,2.357,2.359,2.357,2.359,300.4
2025-01-16 01:34:00,2.36,2.362,2.359,2.359,2059.1
2025-01-16 01:35:00,2.359,2.362,2.359,2.361,1374.3
2025-01-16 01:36:00,2.362,2.365,2.361,2.363,1531.8
2025-01-16 01:37:00,2.361,2.363,2.359,2.363,943.6
2025-01-16 01:38:00,2.363,2.365,2.363,2.363,1477.7
2025-01-16 01:39:00,2.365,2.365,2.36,2.36,3708.2
2025-01-16 01:40:00,2.36,2.36,2.355,2.357,4707.9
2025-01-16 01:41:00,2.357,2.358,2.357,2.358,197.1
2025-01-16 01:42:00,2.357,2.357,2.355,2.356,852.7
2025-01-16 01:43:00,2.356,2.356,2.354,2.354,1548.2
2025-01-16 01:44:00,2.355,2.357,2.355,2.355,6309.3
2025-01-16 01:45:00,2.356,2.36,2.356,2.359,5679.7
2025-01-16 01:46:00,2.359,2.366,2.359,2.364,1520.9
2025-01-16 01:47:00,2.364,2.364,2.355,2.356,6453.7
2025-01-16 01:48:00,2.355,2.359,2.354,2.359,18019.4
2025-01-16 01:49:00,2.359,2.36,2.359,2.36,250.0
2025-01-16 01:50:00,2.361,2.365,2.361,2.365,3741.4
2025-01-16 01:51:00,2.364,2.364,2.36,2.361,13366.1
2025-01-16 01:52:00,2.361,2.366,2.361,2.366,6129.5
2025-01-16 01:53:00,2.366,2.38,2.366,2.379,82045.5
2025-01-16 01:54:00,2.379,2.381,2.374,2.379,67936.6
2025-01-16 01:55:00,2.378,2.384,2.378,2.384,8178.0
2025-01-16 01:56:00,2.384,2.384,2.382,2.382,977.4
2025-01-16 01:57:00,2.382,2.382,2.379,2.382,2331.4
2025-01-16 01:58:00,2.383,2.384,2.38,2.38,895.1
2025-01-16 01:59:00,2.38,2.38,2.378,2.379,9386.8
2025-01-16 02:00:00,2.379,2.38,2.376,2.376,842.1
2025-01-16 02:01:00,2.375,2.375,2.371,2.372,1845.7
2025-01-16 02:02:00,2.373,2.376,2.373,2.374,7518.7
2025-01-16 02:03:00,2.374,2.374,2.369,2.369,5751.7
2025-01-16 02:04:00,2.37,2.375,2.37,2.375,2183.9
2025-01-16 02:05:00,2.375,2.378,2.375,2.378,3455.9
2025-01-16 02:06:00,2.378,2.382,2.378,2.381,2206.7
2025-01-16 02:07:00,2.381,2.382,2.381,2.382,156.5
2025-01-16 02:08:00,2.382,2.384,2.38,2.381,8959.1
2025-01-16 02:09:00,2.381,2.385,2.38,2.384,3716.9
2025-01-16 02:10:00,2.386,2.386,2.382,2.383,683.3
2025-01-16 02:11:00,2.384,2.388,2.382,2.387,1522.8
2025-01-16 02:12:00,2.387,2.388,2.386,2.387,4491.7
2025-01-16 02:13:00,2.385,2.385,2.382,2.384,254.3
2025-01-16 02:14:00,2.385,2.386,2.385,2.385,779.3
2025-01-16 02:15:00,2.385,2.385,2.382,2.384,986.5
2025-01-16 02:16:00,2.384,2.384,2.381,2.382,571.6
2025-01-16 02:17:00,2.381,2.383,2.377,2.378,15385.4
2025-01-16 02:18:00,2.377,2.378,2.376,2.377,613.3
2025-01-16 02:19:00,2.376,2.376,2.372,2.374,1365.9
2025-01-16 02:20:00,2.375,2.377,2.374,2.377,436.9
2025-01-16 02:21:00,2.377,2.383,2.377,2.382,648.1
2025-01-16 02:22:00,2.381,2.381,2.377,2.377,1711.3
2025-01-16 02:23:00,2.378,2.38,2.378,2.379,3259.3
2025-01-16 02:24:00,2.379,2.382,2.379,2.381,3203.3
2025-01-16 02:25:00,2.381,2.381,2.376,2.376,4775.1
2025-01-16 02:26:00,2.377,2.379,2.375,2.378,4598.3
2025-01-16 02:27:00,2.378,2.378,2.375,2.375,155.8
2025-01-16 02:28:00,2.375,2.375,2.373,2.374,342.9
2025-01-16 02:29:00,2.375,2.377,2.375,2.376,3840.5
2025-01-16 02:30:00,2.378,2.384,2.378,2.381,683.0
2025-01-16 02:31:00,2.381,2.384,2.38,2.383,752.3
2025-01-16 02:32:00,2.382,2.385,2.382,2.384,597.7
2025-01-16 02:33:00,2.384,2.387,2.384,2.385,2026.8
2025-01-16 02:34:00,2.385,2.385,2.382,2.384,1608.0
2025-01-16 02:35:00,2.382,2.383,2.381,2.382,430.8
2025-01-16 02:36:00,2.383,2.385,2.381,2.385,1286.8
2025-01-16 02:37:00,2.385,2.386,2.382,2.382,2626.6
2025-01-16 02:38:00,2.38,2.383,2.379,2.383,82.4
2025-01-16 02:39:00,2.382,2.384,2.381,2.384,381.9
2025-01-16 02:40:00,2.382,2.386,2.382,2.383,479.2
2025-01-16 02:41:00,2.383,2.385,2.383,2.384,248.5
2025-01-16 02:42:00,2.384,2.384,2.382,2.382,61.4
2025-01-16 02:43:00,2.382,2.383,2.382,2.382,78.7
2025-01-16 02:44:00,2.382,2.383,2.38,2.383,7056.9
2025-01-16 02:45:00,2.382,2.382,2.378,2.378,918.3
2025-01-16 02:46:00,2.377,2.38,2.376,2.379,851.5
2025-01-16 02:47:00,2.379,2.379,2.376,2.379,1675.9
2025-01-16 02:48:00,2.378,2.38,2.377,2.378,4559.2
2025-01-16 02:49:00,2.379,2.38,2.379,2.38,840.5
2025-01-16 02:50:00,2.379,2.379,2.375,2.377,847.4
2025-01-16 02:51:00,2.377,2.38,2.377,2.38,1914.6
2025-01-16 02:52:00,2.38,2.382,2.38,2.381,1211.1
2025-01-16 02:53:00,2.379,2.379,2.375,2.375,540.6
2025-01-16 02:54:00,2.376,2.376,2.375,2.376,925.4
2025-01-16 02:55:00,2.379,2.382,2.379,2.382,3083.6
2025-01-16 02:56:00,2.382,2.385,2.382,2.384,1381.7
2025-01-16 02:57:00,2.385,2.387,2.385,2.385,1398.3
2025-01-16 02:58:00,2.386,2.391,2.386,2.389,6437.7
2025-01-16 02:59:00,2.389,2.389,2.388,2.388,1338.8
2025-01-16 03:00:00,2.388,2.392,2.387,2.387,1783.8
2025-01-16 03:01:00,2.386,2.386,2.383,2.385,711.2
2025-01-16 03:02:00,2.384,2.387,2.384,2.385,4499.3
2025-01-16 03:03:00,2.385,2.388,2.382,2.382,2142.7
2025-01-16 03:04:00,2.382,2.385,2.382,2.383,283.9
2025-01-16 03:05:00,2.384,2.389,2.384,2.388,1070.3
2025-01-16 03:06:00,2.388,2.394,2.388,2.39,1156.9
2025-01-16 03:07:00,2.391,2.391,2.39,2.391,433.9
2025-01-16 03:08:00,2.391,2.394,2.39,2.394,753.6
2025-01-16 03:09:00,2.394,2.395,2.393,2.395,3607.2
2025-01-16 03:10:00,2.394,2.397,2.394,2.397,1921.0
2025-01-16 03:11:00,2.396,2.398,2.395,2.397,2215.4
2025-01-16 03:12:00,2.397,2.397,2.394,2.394,835.5
2025-01-16 03:13:00,2.395,2.395,2.39,2.391,6455.5
2025-01-16 03:14:00,2.392,2.393,2.392,2.393,921.7
2025-01-16 03:15:00,2.392,2.392,2.389,2.39,2836.5
2025-01-16 03:16:00,2.39,2.393,2.389,2.393,613.7
2025-01-16 03:17:00,2.393,2.398,2.393,2.397,3103.6
2025-01-16 03:18:00,2.397,2.4,2.393,2.393,2749.4
2025-01-16 03:19:00,2.391,2.391,2.389,2.39,320.2
2025-01-16 03:20:00,2.39,2.39,2.387,2.389,760.1
2025-01-16 03:21:00,2.39,2.403,2.39,2.397,30465.5
2025-01-16 03:22:00,2.397,2.4,2.396,2.396,6807.0
2025-01-16 03:23:00,2.398,2.4,2.397,2.397,1436.0
2025-01-16 03:24:00,2.396,2.398,2.394,2.394,1465.0
2025-01-16 03:25:00,2.394,2.398,2.394,2.398,2569.3
2025-01-16 03:26:00,2.4,2.402,2.399,2.4,2256.6
2025-01-16 03:27:00,2.401,2.401,2.399,2.399,2850.0
2025-01-16 03:28:00,2.401,2.401,2.397,2.397,446.0
2025-01-16 03:29:00,2.398,2.398,2.396,2.396,1606.6
2025-01-16 03:30:00,2.396,2.396,2.388,2.389,4277.6
2025-01-16 03:31:00,2.388,2.388,2.384,2.385,2393.5
2025-01-16 03:32:00,2.385,2.385,2.382,2.383,1720.6
2025-01-16 03:33:00,2.383,2.383,2.38,2.383,1912.2
2025-01-16 03:34:00,2.383,2.387,2.383,2.386,884.4
2025-01-16 03:35:00,2.387,2.388,2.382,2.382,1615.2
2025-01-16 03:36:00,2.382,2.384,2.381,2.382,4305.7
2025-01-16 03:37:00,2.38,2.381,2.378,2.381,1228.8
2025-01-16 03:38:00,2.385,2.387,2.384,2.387,595.0
2025-01-16 03:39:00,2.389,2.39,2.387,2.387,3159.7
2025-01-16 03:40:00,2.386,2.387,2.384,2.386,1539.8
2025-01-16 03:41:00,2.386,2.388,2.386,2.387,961.2
2025-01-16 03:42:00,2.388,2.39,2.388,2.389,1438.6
2025-01-16 03:43:00,2.39,2.39,2.389,2.39,2614.6
2025-01-16 03:44:00,2.391,2.392,2.389,2.391,441.0
2025-01-16 03:45:00,2.39,2.391,2.388,2.388,670.0
2025-01-16 03:46:00,2.389,2.391,2.389,2.389,727.9
2025-01-16 03:47:00,2.388,2.389,2.388,2.389,142.3
2025-01-16 03:48:00,2.389,2.389,2.387,2.387,268.6
2025-01-16 03:49:00,2.389,2.391,2.389,2.389,723.4
2025-01-16 03:50:00,2.39,2.392,2.389,2.391,3494.9
2025-01-16 03:51:00,2.39,2.39,2.388,2.389,3008.4
2025-01-16 03:52:00,2.388,2.389,2.388,2.389,717.9
2025-01-16 03:53:00,2.388,2.388,2.388,2.388,65.5
2025-01-16 03:54:00,2.388,2.392,2.388,2.391,3293.7
2025-01-16 03:55:00,2.39,2.393,2.39,2.393,475.3
2025-01-16 03:56:00,2.393,2.393,2.389,2.389,533.5
2025-01-16 03:57:00,2.39,2.39,2.388,2.388,388.6
2025-01-16 03:58:00,2.387,2.392,2.385,2.391,3937.0
2025-01-16 03:59:00,2.391,2.391,2.39,2.391,610.4
2025-01-16 04:00:00,2.392,2.398,2.392,2.395,7691.8
2025-01-16 04:01:00,2.393,2.395,2.391,2.391,1292.7
2025-01-16 04:02:00,2.391,2.391,2.388,2.389,1092.4
2025-01-16 04:03:00,2.389,2.389,2.386,2.386,1124.2
2025-01-16 04:04:00,2.388,2.39,2.386,2.388,4456.6
2025-01-16 04:05:00,2.388,2.388,2.385,2.387,490.6
2025-01-16 04:06:00,2.387,2.389,2.386,2.389,1117.5
2025-01-16 04:07:00,2.389,2.391,2.389,2.39,1164.2
2025-01-16 04:08:00,2.39,2.392,2.389,2.391,4259.2
2025-01-16 04:09:00,2.391,2.396,2.391,2.395,2995.8
2025-01-16 04:10:00,2.395,2.399,2.395,2.398,1205.3
2025-01-16 04:11:00,2.399,2.399,2.396,2.396,1577.9
2025-01-16 04:12:00,2.396,2.398,2.396,2.397,804.5
2025-01-16 04:13:00,2.397,2.4,2.397,2.4,863.9
2025-01-16 04:14:00,2.4,2.401,2.398,2.398,4899.5
2025-01-16 04:15:00,2.397,2.399,2.395,2.395,1066.5
2025-01-16 04:16:00,2.396,2.399,2.396,2.397,1186.5
2025-01-16 04:17:00,2.397,2.398,2.395,2.395,2092.1
2025-01-16 04:18:00,2.395,2.396,2.393,2.394,652.7
2025-01-16 04:19:00,2.394,2.396,2.393,2.394,2460.6
2025-01-16 04:20:00,2.393,2.396,2.393,2.395,3089.1
2025-01-16 04:21:00,2.394,2.395,2.391,2.391,3053.6
2025-01-16 04:22:00,2.392,2.394,2.391,2.391,3932.3
2025-01-16 04:23:00,2.392,2.393,2.389,2.389,3579.0
2025-01-16 04:24:00,2.389,2.389,2.386,2.387,2721.3
2025-01-16 04:25:00,2.387,2.387,2.382,2.382,1372.9
2025-01-16 04:26:00,2.383,2.386,2.382,2.382,5390.4
2025-01-16 04:27:00,2.383,2.386,2.383,2.385,4092.0
2025-01-16 04:28:00,2.386,2.39,2.386,2.388,2258.9
2025-01-16 04:29:00,2.389,2.389,2.387,2.387,2013.2
2025-01-16 04:30:00,2.387,2.39,2.387,2.39,524.9
2025-01-16 04:31:00,2.389,2.39,2.387,2.39,1872.7
2025-01-16 04:32:00,2.39,2.391,2.39,2.39,160.4
2025-01-16 04:33:00,2.391,2.394,2.391,2.394,783.4
2025-01-16 04:34:00,2.395,2.397,2.395,2.395,752.5
2025-01-16 04:35:00,2.396,2.396,2.394,2.395,2168.8
2025-01-16 04:36:00,2.395,2.398,2.393,2.397,1638.0
2025-01-16 04:37:00,2.398,2.4,2.396,2.4,9210.4
2025-01-16 04:38:00,2.401,2.403,2.399,2.4,4724.0
2025-01-16 04:39:00,2.4,2.403,2.4,2.402,1247.0
2025-01-16 04:40:00,2.4,2.401,2.399,2.399,417.5
2025-01-16 04:41:00,2.398,2.398,2.397,2.397,110.5
2025-01-16 04:42:00,2.398,2.4,2.398,2.4,1897.7
2025-01-16 04:43:00,2.399,2.4,2.399,2.4,101.3
2025-01-16 04:44:00,2.399,2.399,2.397,2.399,5172.4
2025-01-16 04:45:00,2.398,2.398,2.391,2.391,7625.8
2025-01-16 04:46:00,2.394,2.394,2.39,2.39,1430.8
2025-01-16 04:47:00,2.392,2.394,2.392,2.393,1332.9
2025-01-16 04:48:00,2.394,2.397,2.394,2.395,389.9
2025-01-16 04:49:00,2.396,2.397,2.396,2.397,1082.4
2025-01-16 04:50:00,2.397,2.4,2.397,2.4,1522.0
2025-01-16 04:51:00,2.401,2.403,2.399,2.399,1016.1
2025-01-16 04:52:00,2.398,2.398,2.396,2.397,287.0
2025-01-16 04:53:00,2.397,2.399,2.397,2.399,414.1
2025-01-16 04:54:00,2.399,2.402,2.399,2.401,135.5
2025-01-16 04:55:00,2.4,2.4,2.399,2.399,658.9
2025-01-16 04:56:00,2.4,2.4,2.398,2.398,280.1
2025-01-16 04:57:00,2.398,2.4,2.398,2.399,122.2
2025-01-16 04:58:00,2.399,2.399,2.397,2.397,8728.9
2025-01-16 04:59:00,2.397,2.397,2.396,2.397,716.6
2025-01-16 05:00:00,2.396,2.396,2.395,2.395,975.3
2025-01-16 05:01:00,2.394,2.394,2.391,2.391,1177.7
2025-01-16 05:02:00,2.391,2.392,2.391,2.392,289.6
2025-01-16 05:03:00,2.392,2.395,2.392,2.393,920.3
2025-01-16 05:04:00,2.393,2.393,2.393,2.393,340.9
2025-01-16 05:05:00,2.394,2.395,2.391,2.392,1539.9
2025-01-16 05:06:00,2.393,2.393,2.389,2.389,1205.1
2025-01-16 05:07:00,2.39,2.39,2.389,2.389,730.4
2025-01-16 05:08:00,2.39,2.395,2.39,2.394,5866.2
2025-01-16 05:09:00,2.394,2.399,2.393,2.399,1297.2
2025-01-16 05:10:00,2.399,2.399,2.395,2.395,9457.7
2025-01-16 05:11:00,2.395,2.396,2.39,2.39,2712.5
2025-01-16 05:12:00,2.391,2.391,2.39,2.39,1205.6
2025-01-16 05:13:00,2.391,2.391,2.389,2.389,2795.4
2025-01-16 05:14:00,2.389,2.391,2.388,2.391,452.7
2025-01-16 05:15:00,2.392,2.392,2.388,2.388,174.9
2025-01-16 05:16:00,2.388,2.39,2.388,2.39,769.3
2025-01-16 05:17:00,2.391,2.392,2.389,2.389,332.2
2025-01-16 05:18:00,2.387,2.387,2.384,2.384,296.8
2025-01-16 05:19:00,2.386,2.388,2.385,2.388,989.0
2025-01-16 05:20:00,2.391,2.396,2.388,2.396,9031.5
2025-01-16 05:21:00,2.397,2.398,2.39,2.391,24269.8
2025-01-16 05:22:00,2.391,2.393,2.391,2.393,944.1
2025-01-16 05:23:00,2.394,2.395,2.393,2.393,1172.0
2025-01-16 05:24:00,2.393,2.394,2.392,2.392,334.4
2025-01-16 05:25:00,2.393,2.395,2.392,2.395,279.4
2025-01-16 05:26:00,2.397,2.397,2.393,2.396,1370.4
2025-01-16 05:27:00,2.396,2.396,2.394,2.394,1306.2
2025-01-16 05:28:00,2.395,2.395,2.395,2.395,708.4
2025-01-16 05:29:00,2.396,2.397,2.396,2.397,82.0
2025-01-16 05:30:00,2.398,2.398,2.394,2.395,1647.2
2025-01-16 05:31:00,2.396,2.397,2.396,2.397,395.6
2025-01-16 05:32:00,2.396,2.397,2.395,2.396,2202.8
2025-01-16 05:33:00,2.397,2.397,2.395,2.397,2555.7
2025-01-16 05:34:00,2.396,2.403,2.396,2.402,29708.5
2025-01-16 05:35:00,2.401,2.401,2.397,2.397,1180.1
2025-01-16 05:36:00,2.397,2.397,2.397,2.397,684.4
2025-01-16 05:37:00,2.398,2.402,2.398,2.4,721.3
2025-01-16 05:38:00,2.402,2.402,2.4,2.401,459.1
2025-01-16 05:39:00,2.4,2.401,2.398,2.4,883.8
2025-01-16 05:40:00,2.399,2.4,2.398,2.398,2078.4
2025-01-16 05:41:00,2.4,2.4,2.398,2.4,1855.5
2025-01-16 05:42:00,2.399,2.399,2.393,2.393,3028.0
2025-01-16 05:43:00,2.395,2.396,2.395,2.395,7329.6
2025-01-16 05:44:00,2.395,2.398,2.393,2.398,6882.5
2025-01-16 05:45:00,2.399,2.401,2.399,2.399,4696.2
2025-01-16 05:46:00,2.4,2.402,2.398,2.399,6157.9
2025-01-16 05:47:00,2.398,2.403,2.398,2.402,3380.3
2025-01-16 05:48:00,2.404,2.404,2.402,2.403,4844.5
2025-01-16 05:49:00,2.403,2.403,2.4,2.4,5246.7
2025-01-16 05:50:00,2.4,2.402,2.398,2.4,1528.3
2025-01-16 05:51:00,2.401,2.401,2.398,2.398,643.9
2025-01-16 05:52:00,2.4,2.403,2.4,2.401,1505.0
2025-01-16 05:53:00,2.401,2.401,2.398,2.398,135.1
2025-01-16 05:54:00,2.398,2.398,2.396,2.398,520.6
2025-01-16 05:55:00,2.398,2.399,2.397,2.398,348.7
2025-01-16 05:56:00,2.398,2.398,2.394,2.395,10329.2
2025-01-16 05:57:00,2.397,2.397,2.395,2.395,206.1
2025-01-16 05:58:00,2.395,2.395,2.39,2.39,768.2
2025-01-16 05:59:00,2.39,2.39,2.389,2.389,1455.8
2025-01-16 06:00:00,2.39,2.393,2.39,2.39,7698.8
2025-01-16 06:01:00,2.39,2.391,2.388,2.389,5171.1
2025-01-16 06:02:00,2.388,2.389,2.386,2.388,2835.9
2025-01-16 06:03:00,2.388,2.39,2.388,2.389,760.0
2025-01-16 06:04:00,2.389,2.389,2.388,2.389,328.3
2025-01-16 06:05:00,2.389,2.392,2.389,2.391,282.7
2025-01-16 06:06:00,2.391,2.394,2.391,2.393,4531.8
2025-01-16 06:07:00,2.393,2.397,2.393,2.397,1370.0
2025-01-16 06:08:00,2.396,2.398,2.395,2.398,668.2
2025-01-16 06:09:00,2.398,2.4,2.397,2.397,2511.2
2025-01-16 06:10:00,2.396,2.399,2.394,2.398,2217.5
2025-01-16 06:11:00,2.398,2.398,2.398,2.398,141.0
2025-01-16 06:12:00,2.399,2.399,2.396,2.398,1845.4
2025-01-16 06:13:00,2.397,2.399,2.397,2.399,1308.3
2025-01-16 06:14:00,2.399,2.402,2.399,2.402,7333.0
2025-01-16 06:15:00,2.403,2.403,2.397,2.397,2510.2
2025-01-16 06:16:00,2.398,2.399,2.397,2.397,987.8
2025-01-16 06:17:00,2.398,2.401,2.398,2.4,669.5
2025-01-16 06:18:00,2.4,2.401,2.4,2.4,514.7
2025-01-16 06:19:00,2.4,2.403,2.399,2.402,1530.9
2025-01-16 06:20:00,2.404,2.404,2.4,2.402,461.4
2025-01-16 06:21:00,2.403,2.408,2.403,2.405,3234.5
2025-01-16 06:22:00,2.407,2.415,2.407,2.415,3927.1
2025-01-16 06:23:00,2.416,2.417,2.412,2.416,8974.3
2025-01-16 06:24:00,2.415,2.416,2.413,2.416,13241.6
2025-01-16 06:25:00,2.416,2.42,2.415,2.42,4083.3
2025-01-16 06:26:00,2.42,2.422,2.418,2.422,2524.3
2025-01-16 06:27:00,2.422,2.429,2.422,2.428,14831.4
2025-01-16 06:28:00,2.428,2.43,2.424,2.426,15418.5
2025-01-16 06:29:00,2.424,2.426,2.424,2.426,808.0
2025-01-16 06:30:00,2.426,2.426,2.423,2.424,1618.0
2025-01-16 06:31:00,2.424,2.424,2.421,2.422,3235.9
2025-01-16 06:32:00,2.422,2.423,2.419,2.419,1480.7
2025-01-16 06:33:00,2.419,2.42,2.418,2.418,883.5
2025-01-16 06:34:00,2.418,2.419,2.417,2.418,3951.0
2025-01-16 06:35:00,2.42,2.42,2.416,2.417,7588.6
2025-01-16 06:36:00,2.418,2.421,2.417,2.417,10205.9
2025-01-16 06:37:00,2.418,2.419,2.416,2.416,774.2
2025-01-16 06:38:00,2.417,2.417,2.416,2.416,257.6
2025-01-16 06:39:00,2.419,2.419,2.416,2.416,16138.5
2025-01-16 06:40:00,2.417,2.417,2.415,2.416,1592.3
2025-01-16 06:41:00,2.417,2.417,2.416,2.416,598.0
2025-01-16 06:42:00,2.415,2.416,2.414,2.415,2336.9
2025-01-16 06:43:00,2.414,2.415,2.414,2.414,931.3
2025-01-16 06:44:00,2.415,2.415,2.414,2.414,526.6
2025-01-16 06:45:00,2.415,2.415,2.406,2.407,4458.5
2025-01-16 06:46:00,2.408,2.408,2.407,2.407,334.2
2025-01-16 06:47:00,2.408,2.412,2.408,2.412,25202.3
2025-01-16 06:48:00,2.411,2.413,2.41,2.412,560.9
2025-01-16 06:49:00,2.413,2.413,2.411,2.412,163.3
2025-01-16 06:50:00,2.412,2.417,2.411,2.417,7169.3
2025-01-16 06:51:00,2.418,2.422,2.418,2.419,15401.0
2025-01-16 06:52:00,2.42,2.422,2.42,2.42,3043.4
2025-01-16 06:53:00,2.419,2.422,2.418,2.421,2316.7
2025-01-16 06:54:00,2.422,2.424,2.421,2.421,1056.6
2025-01-16 06:55:00,2.421,2.421,2.418,2.42,6463.2
2025-01-16 06:56:00,2.42,2.421,2.419,2.421,1793.5
2025-01-16 06:57:00,2.422,2.423,2.42,2.42,1192.1
2025-01-16 06:58:00,2.42,2.42,2.417,2.419,5824.2
2025-01-16 06:59:00,2.418,2.419,2.417,2.418,966.0
2025-01-16 07:00:00,2.418,2.42,2.415,2.417,5946.6
2025-01-16 07:01:00,2.415,2.418,2.415,2.417,2361.0
2025-01-16 07:02:00,2.416,2.422,2.416,2.422,5557.0
2025-01-16 07:03:00,2.422,2.428,2.422,2.423,22268.7
2025-01-16 07:04:00,2.424,2.425,2.421,2.421,2694.0
2025-01-16 07:05:00,2.421,2.425,2.421,2.423,3207.2
2025-01-16 07:06:00,2.422,2.424,2.419,2.42,3539.3
2025-01-16 07:07:00,2.421,2.421,2.418,2.419,276.7
2025-01-16 07:08:00,2.419,2.42,2.418,2.418,754.6
2025-01-16 07:09:00,2.419,2.42,2.418,2.42,570.4
2025-01-16 07:10:00,2.421,2.421,2.415,2.416,1401.0
2025-01-16 07:11:00,2.418,2.419,2.417,2.418,4848.7
2025-01-16 07:12:00,2.418,2.421,2.418,2.42,2404.1
2025-01-16 07:13:00,2.42,2.421,2.419,2.42,829.1
2025-01-16 07:14:00,2.42,2.423,2.417,2.417,1870.4
2025-01-16 07:15:00,2.416,2.419,2.416,2.416,1236.7
2025-01-16 07:16:00,2.416,2.419,2.416,2.418,997.6
2025-01-16 07:17:00,2.417,2.417,2.413,2.413,437.7
2025-01-16 07:18:00,2.414,2.416,2.413,2.413,630.2
2025-01-16 07:19:00,2.415,2.415,2.409,2.411,991.7
2025-01-16 07:20:00,2.412,2.412,2.409,2.409,315.6
2025-01-16 07:21:00,2.409,2.41,2.408,2.408,668.0
2025-01-16 07:22:00,2.407,2.409,2.406,2.407,599.1
2025-01-16 07:23:00,2.406,2.407,2.404,2.407,981.9
2025-01-16 07:24:00,2.407,2.408,2.406,2.406,2524.8
2025-01-16 07:25:00,2.406,2.408,2.405,2.406,1716.3
2025-01-16 07:26:00,2.406,2.407,2.406,2.407,321.4
2025-01-16 07:27:00,2.408,2.408,2.406,2.406,2226.0
2025-01-16 07:28:00,2.406,2.407,2.406,2.407,799.8
2025-01-16 07:29:00,2.408,2.409,2.406,2.409,3093.1
2025-01-16 07:30:00,2.409,2.414,2.409,2.412,1110.5
2025-01-16 07:31:00,2.41,2.41,2.404,2.404,1140.3
2025-01-16 07:32:00,2.404,2.404,2.4,2.401,2827.8
2025-01-16 07:33:00,2.402,2.402,2.401,2.401,1024.5
2025-01-16 07:34:00,2.401,2.407,2.401,2.406,723.2
2025-01-16 07:35:00,2.405,2.406,2.403,2.403,2185.6
2025-01-16 07:36:00,2.404,2.404,2.401,2.401,1806.2
2025-01-16 07:37:00,2.401,2.404,2.401,2.404,29.9
2025-01-16 07:38:00,2.403,2.403,2.4,2.402,1811.5
2025-01-16 07:39:00,2.403,2.404,2.402,2.402,595.5
2025-01-16 07:40:00,2.403,2.403,2.402,2.402,980.1
2025-01-16 07:41:00,2.402,2.405,2.402,2.405,528.5
2025-01-16 07:42:00,2.405,2.405,2.402,2.402,1857.8
2025-01-16 07:43:00,2.401,2.405,2.401,2.404,9847.1
2025-01-16 07:44:00,2.403,2.405,2.403,2.405,1586.2
2025-01-16 07:45:00,2.406,2.406,2.399,2.4,1325.8
2025-01-16 07:46:00,2.399,2.4,2.395,2.395,3037.7
2025-01-16 07:47:00,2.397,2.399,2.397,2.399,854.2
2025-01-16 07:48:00,2.4,2.4,2.396,2.396,15640.2
2025-01-16 07:49:00,2.395,2.397,2.395,2.397,26.0
2025-01-16 07:50:00,2.396,2.399,2.396,2.398,818.9
2025-01-16 07:51:00,2.396,2.396,2.396,2.396,31.6
2025-01-16 07:52:00,2.395,2.396,2.395,2.395,479.1
2025-01-16 07:53:00,2.396,2.397,2.395,2.396,2410.3
2025-01-16 07:54:00,2.396,2.399,2.396,2.399,781.7
2025-01-16 07:55:00,2.4,2.4,2.398,2.398,332.8
2025-01-16 07:56:00,2.397,2.398,2.396,2.396,2776.1
2025-01-16 07:57:00,2.395,2.396,2.394,2.394,896.9
2025-01-16 07:58:00,2.395,2.396,2.394,2.396,842.6
2025-01-16 07:59:00,2.396,2.396,2.395,2.395,53.7
2025-01-16 08:00:00,2.397,2.405,2.396,2.404,8904.1
2025-01-16 08:01:00,2.404,2.406,2.404,2.405,3933.0
2025-01-16 08:02:00,2.405,2.405,2.403,2.403,2189.7
2025-01-16 08:03:00,2.402,2.402,2.397,2.397,931.3
2025-01-16 08:04:00,2.397,2.398,2.395,2.398,209.6
2025-01-16 08:05:00,2.397,2.399,2.396,2.396,478.1
2025-01-16 08:06:00,2.397,2.397,2.396,2.396,876.4
2025-01-16 08:07:00,2.396,2.397,2.396,2.396,489.0
2025-01-16 08:08:00,2.396,2.397,2.395,2.395,315.8
2025-01-16 08:09:00,2.397,2.398,2.397,2.398,724.6
2025-01-16 08:10:00,2.4,2.4,2.396,2.397,1029.8
2025-01-16 08:11:00,2.398,2.398,2.398,2.398,63.5
2025-01-16 08:12:00,2.398,2.401,2.397,2.398,1382.8
2025-01-16 08:13:00,2.398,2.398,2.396,2.398,1206.1
2025-01-16 08:14:00,2.398,2.399,2.397,2.399,187.9
2025-01-16 08:15:00,2.4,2.4,2.4,2.4,662.0
2025-01-16 08:16:00,2.4,2.401,2.399,2.399,1143.0
2025-01-16 08:17:00,2.398,2.398,2.392,2.392,580.8
2025-01-16 08:18:00,2.392,2.394,2.389,2.389,4065.9
2025-01-16 08:19:00,2.388,2.389,2.386,2.388,3306.5
2025-01-16 08:20:00,2.387,2.387,2.38,2.381,5873.8
2025-01-16 08:21:00,2.382,2.385,2.38,2.384,4453.0
2025-01-16 08:22:00,2.385,2.386,2.381,2.381,1773.2
2025-01-16 08:23:00,2.381,2.381,2.378,2.378,6708.7
2025-01-16 08:24:00,2.379,2.381,2.379,2.379,4966.4
2025-01-16 08:25:00,2.381,2.388,2.381,2.387,1454.7
2025-01-16 08:26:00,2.386,2.386,2.385,2.385,1019.4
2025-01-16 08:27:00,2.387,2.388,2.386,2.386,235.9
2025-01-16 08:28:00,2.386,2.386,2.385,2.385,496.1
2025-01-16 08:29:00,2.386,2.386,2.384,2.385,414.7
2025-01-16 08:30:00,2.385,2.389,2.384,2.389,2352.2
2025-01-16 08:31:00,2.39,2.391,2.388,2.39,2108.1
2025-01-16 08:32:00,2.389,2.389,2.379,2.38,5457.1
2025-01-16 08:33:00,2.381,2.381,2.375,2.379,4993.1
2025-01-16 08:34:00,2.379,2.381,2.378,2.379,1483.3
2025-01-16 08:35:00,2.378,2.38,2.378,2.378,1495.0
2025-01-16 08:36:00,2.378,2.381,2.378,2.38,1474.5
2025-01-16 08:37:00,2.382,2.382,2.379,2.379,5367.4
2025-01-16 08:38:00,2.381,2.383,2.381,2.381,2267.3
2025-01-16 08:39:00,2.381,2.386,2.38,2.385,4137.7
2025-01-16 08:40:00,2.385,2.385,2.38,2.38,2035.4
2025-01-16 08:41:00,2.379,2.379,2.374,2.374,3868.2
2025-01-16 08:42:00,2.375,2.377,2.374,2.374,3764.4
2025-01-16 08:43:00,2.374,2.374,2.37,2.371,12113.6
2025-01-16 08:44:00,2.373,2.379,2.371,2.371,6108.6
2025-01-16 08:45:00,2.371,2.374,2.369,2.369,2143.2
2025-01-16 08:46:00,2.369,2.376,2.368,2.376,2947.0
2025-01-16 08:47:00,2.376,2.376,2.364,2.366,16672.8
2025-01-16 08:48:00,2.365,2.365,2.359,2.359,10816.5
2025-01-16 08:49:00,2.36,2.36,2.352,2.353,14846.5
2025-01-16 08:50:00,2.353,2.361,2.35,2.351,14270.5
2025-01-16 08:51:00,2.352,2.356,2.349,2.351,7757.6
2025-01-16 08:52:00,2.35,2.351,2.346,2.347,8489.2
2025-01-16 08:53:00,2.35,2.357,2.345,2.354,38344.7
2025-01-16 08:54:00,2.355,2.355,2.349,2.351,4830.5
2025-01-16 08:55:00,2.349,2.363,2.349,2.363,4518.6
2025-01-16 08:56:00,2.36,2.365,2.359,2.361,5714.8
2025-01-16 08:57:00,2.363,2.368,2.363,2.366,3637.4
2025-01-16 08:58:00,2.365,2.367,2.36,2.366,10898.4
2025-01-16 08:59:00,2.366,2.366,2.364,2.364,5784.6
2025-01-16 09:00:00,2.364,2.368,2.364,2.365,3060.8
2025-01-16 09:01:00,2.363,2.371,2.363,2.365,1934.8
2025-01-16 09:02:00,2.365,2.367,2.357,2.359,3676.3
2025-01-16 09:03:00,2.358,2.358,2.351,2.353,17275.4
2025-01-16 09:04:00,2.353,2.354,2.351,2.354,2866.3
2025-01-16 09:05:00,2.358,2.361,2.356,2.356,6900.6
2025-01-16 09:06:00,2.355,2.355,2.353,2.354,2914.8
2025-01-16 09:07:00,2.355,2.355,2.353,2.353,921.1
2025-01-16 09:08:00,2.352,2.364,2.352,2.364,3099.2
2025-01-16 09:09:00,2.364,2.366,2.361,2.365,5274.6
2025-01-16 09:10:00,2.366,2.366,2.364,2.364,536.1
2025-01-16 09:11:00,2.364,2.365,2.363,2.363,2288.8
2025-01-16 09:12:00,2.364,2.364,2.362,2.363,894.0
2025-01-16 09:13:00,2.363,2.364,2.361,2.363,2004.2
2025-01-16 09:14:00,2.363,2.365,2.363,2.364,408.0
2025-01-16 09:15:00,2.363,2.367,2.362,2.366,1378.5
2025-01-16 09:16:00,2.365,2.366,2.362,2.366,4032.8
2025-01-16 09:17:00,2.365,2.365,2.362,2.364,2525.4
2025-01-16 09:18:00,2.363,2.364,2.359,2.361,2545.7
2025-01-16 09:19:00,2.36,2.362,2.36,2.361,905.7
2025-01-16 09:20:00,2.361,2.362,2.355,2.355,1955.4
2025-01-16 09:21:00,2.356,2.356,2.356,2.356,57.3
2025-01-16 09:22:00,2.355,2.356,2.354,2.354,149.6
2025-01-16 09:23:00,2.354,2.355,2.354,2.355,3538.0
2025-01-16 09:24:00,2.355,2.358,2.354,2.357,3958.3
2025-01-16 09:25:00,2.358,2.362,2.358,2.361,1851.0
2025-01-16 09:26:00,2.361,2.362,2.36,2.362,1009.9
2025-01-16 09:27:00,2.364,2.37,2.364,2.37,8579.2
2025-01-16 09:28:00,2.369,2.369,2.367,2.367,529.6
2025-01-16 09:29:00,2.366,2.367,2.364,2.366,1101.5
2025-01-16 09:30:00,2.366,2.366,2.362,2.364,3013.0
2025-01-16 09:31:00,2.362,2.362,2.357,2.359,434.6
2025-01-16 09:32:00,2.357,2.358,2.357,2.358,930.6
2025-01-16 09:33:00,2.359,2.363,2.359,2.361,2330.1
2025-01-16 09:34:00,2.361,2.361,2.359,2.36,7590.9
2025-01-16 09:35:00,2.36,2.362,2.359,2.362,14659.6
2025-01-16 09:36:00,2.362,2.366,2.361,2.366,1165.6
2025-01-16 09:37:00,2.368,2.371,2.368,2.371,4298.9
2025-01-16 09:38:00,2.371,2.371,2.368,2.37,1623.8
2025-01-16 09:39:00,2.369,2.373,2.368,2.371,584.7
2025-01-16 09:40:00,2.372,2.373,2.372,2.373,49.7
2025-01-16 09:41:00,2.371,2.371,2.37,2.37,756.6
2025-01-16 09:42:00,2.37,2.37,2.365,2.368,9179.4
2025-01-16 09:43:00,2.365,2.368,2.365,2.368,1031.7
2025-01-16 09:44:00,2.368,2.368,2.366,2.368,1036.0
2025-01-16 09:45:00,2.368,2.37,2.368,2.368,699.0
2025-01-16 09:46:00,2.371,2.377,2.371,2.377,479.9
2025-01-16 09:47:00,2.377,2.38,2.376,2.379,3466.3
2025-01-16 09:48:00,2.377,2.379,2.376,2.379,5485.0
2025-01-16 09:49:00,2.379,2.38,2.378,2.379,5384.3
2025-01-16 09:50:00,2.38,2.381,2.378,2.381,4060.9
2025-01-16 09:51:00,2.381,2.381,2.377,2.377,3397.7
2025-01-16 09:52:00,2.378,2.378,2.378,2.378,464.7
2025-01-16 09:53:00,2.378,2.379,2.377,2.377,3958.5
2025-01-16 09:54:00,2.378,2.38,2.377,2.377,140.7
2025-01-16 09:55:00,2.376,2.376,2.375,2.376,3150.6
2025-01-16 09:56:00,2.376,2.379,2.376,2.379,687.7
2025-01-16 09:57:00,2.379,2.379,2.377,2.377,72.2
2025-01-16 09:58:00,2.378,2.379,2.378,2.379,1423.4
2025-01-16 09:59:00,2.378,2.38,2.378,2.38,155.9
2025-01-16 10:00:00,2.381,2.386,2.381,2.382,3393.2
2025-01-16 10:01:00,2.381,2.381,2.378,2.378,2618.4
2025-01-16 10:02:00,2.378,2.378,2.373,2.373,3497.4
2025-01-16 10:03:00,2.374,2.377,2.372,2.372,2367.3
2025-01-16 10:04:00,2.373,2.375,2.372,2.372,810.4
2025-01-16 10:05:00,2.372,2.372,2.37,2.37,505.2
2025-01-16 10:06:00,2.372,2.373,2.371,2.371,400.0
2025-01-16 10:07:00,2.371,2.372,2.37,2.372,524.9
2025-01-16 10:08:00,2.373,2.374,2.373,2.374,642.9
2025-01-16 10:09:00,2.375,2.378,2.375,2.378,2940.0
2025-01-16 10:10:00,2.377,2.377,2.373,2.373,1059.6
2025-01-16 10:11:00,2.374,2.377,2.374,2.375,1149.4
2025-01-16 10:12:00,2.374,2.376,2.373,2.373,5317.4
2025-01-16 10:13:00,2.374,2.374,2.374,2.374,112.9
2025-01-16 10:14:00,2.374,2.375,2.373,2.373,1861.5
2025-01-16 10:15:00,2.375,2.375,2.375,2.375,63.7
2025-01-16 10:16:00,2.375,2.376,2.375,2.375,36.0
2025-01-16 10:17:00,2.374,2.374,2.37,2.37,648.4
2025-01-16 10:18:00,2.37,2.37,2.368,2.37,5132.1
2025-01-16 10:19:00,2.373,2.373,2.373,2.373,4.3
2025-01-16 10:20:00,2.373,2.373,2.371,2.372,200.9
2025-01-16 10:21:00,2.373,2.373,2.372,2.373,232.7
2025-01-16 10:22:00,2.373,2.373,2.372,2.372,25.4
2025-01-16 10:23:00,2.372,2.376,2.372,2.375,1683.4
2025-01-16 10:24:00,2.374,2.376,2.374,2.375,439.5
2025-01-16 10:25:00,2.375,2.375,2.375,2.375,54.2
2025-01-16 10:26:00,2.375,2.378,2.375,2.378,559.0
2025-01-16 10:27:00,2.378,2.379,2.378,2.378,170.7
2025-01-16 10:28:00,2.377,2.378,2.376,2.376,759.5
2025-01-16 10:29:00,2.376,2.376,2.376,2.376,366.7
2025-01-16 10:30:00,2.375,2.376,2.374,2.376,1269.2
2025-01-16 10:31:00,2.377,2.379,2.377,2.378,957.8
2025-01-16 10:32:00,2.377,2.377,2.376,2.376,122.5
2025-01-16 10:33:00,2.376,2.376,2.373,2.374,1583.1
2025-01-16 10:34:00,2.376,2.377,2.376,2.376,321.3
2025-01-16 10:35:00,2.378,2.381,2.377,2.381,888.8
2025-01-16 10:36:00,2.38,2.38,2.377,2.38,3452.1
2025-01-16 10:37:00,2.379,2.379,2.378,2.379,964.7
2025-01-16 10:38:00,2.379,2.379,2.376,2.377,4382.0
2025-01-16 10:39:00,2.377,2.379,2.375,2.379,82.5
2025-01-16 10:40:00,2.378,2.378,2.377,2.377,1526.5
2025-01-16 10:41:00,2.377,2.377,2.377,2.377,337.8
2025-01-16 10:42:00,2.379,2.379,2.378,2.379,610.9
2025-01-16 10:43:00,2.379,2.38,2.377,2.377,2712.3
2025-01-16 10:44:00,2.376,2.376,2.373,2.373,1244.5
2025-01-16 10:45:00,2.375,2.376,2.37,2.371,3814.2
2025-01-16 10:46:00,2.371,2.374,2.371,2.374,1135.9
2025-01-16 10:47:00,2.375,2.375,2.374,2.375,578.3
2025-01-16 10:48:00,2.376,2.377,2.375,2.377,254.2
2025-01-16 10:49:00,2.377,2.377,2.376,2.377,423.6
2025-01-16 10:50:00,2.377,2.378,2.377,2.378,2189.0
2025-01-16 10:51:00,2.379,2.379,2.377,2.377,2697.6
2025-01-16 10:52:00,2.378,2.378,2.378,2.378,87.6
2025-01-16 10:53:00,2.378,2.381,2.378,2.381,625.4
2025-01-16 10:54:00,2.382,2.383,2.382,2.382,178.7
2025-01-16 10:55:00,2.381,2.381,2.38,2.38,1664.2
2025-01-16 10:56:00,2.38,2.382,2.38,2.382,294.8
2025-01-16 10:57:00,2.382,2.383,2.382,2.383,1409.5
2025-01-16 10:58:00,2.383,2.383,2.381,2.381,469.3
2025-01-16 10:59:00,2.38,2.382,2.38,2.382,390.9
2025-01-16 11:00:00,2.382,2.384,2.38,2.38,1969.8
2025-01-16 11:01:00,2.38,2.381,2.378,2.379,5143.2
2025-01-16 11:02:00,2.379,2.379,2.379,2.379,8.9
2025-01-16 11:03:00,2.379,2.379,2.378,2.378,1743.7
2025-01-16 11:04:00,2.376,2.376,2.374,2.375,834.7
2025-01-16 11:05:00,2.375,2.375,2.37,2.37,540.0
2025-01-16 11:06:00,2.372,2.372,2.368,2.368,1787.8
2025-01-16 11:07:00,2.368,2.369,2.367,2.368,1002.5
2025-01-16 11:08:00,2.368,2.368,2.366,2.366,487.2
2025-01-16 11:09:00,2.366,2.381,2.365,2.381,20320.0
2025-01-16 11:10:00,2.381,2.381,2.378,2.381,2814.8
2025-01-16 11:11:00,2.382,2.387,2.382,2.384,2269.8
2025-01-16 11:12:00,2.384,2.397,2.383,2.397,7380.3
2025-01-16 11:13:00,2.395,2.398,2.392,2.398,3881.7
2025-01-16 11:14:00,2.399,2.399,2.392,2.392,4433.1
2025-01-16 11:15:00,2.393,2.396,2.384,2.384,3730.9
2025-01-16 11:16:00,2.384,2.384,2.37,2.373,7588.6
2025-01-16 11:17:00,2.375,2.375,2.366,2.369,13548.9
2025-01-16 11:18:00,2.372,2.377,2.371,2.371,2907.0
2025-01-16 11:19:00,2.37,2.371,2.367,2.369,3553.9
2025-01-16 11:20:00,2.369,2.379,2.369,2.377,4601.6
2025-01-16 11:21:00,2.376,2.386,2.376,2.383,6860.7
2025-01-16 11:22:00,2.382,2.386,2.381,2.385,5799.9
2025-01-16 11:23:00,2.386,2.387,2.383,2.383,2221.5
2025-01-16 11:24:00,2.384,2.384,2.381,2.382,1278.0
2025-01-16 11:25:00,2.382,2.382,2.38,2.382,3405.7
2025-01-16 11:26:00,2.381,2.385,2.381,2.385,1933.5
2025-01-16 11:27:00,2.385,2.39,2.385,2.389,2746.4
2025-01-16 11:28:00,2.391,2.392,2.387,2.387,1080.7
2025-01-16 11:29:00,2.386,2.386,2.383,2.384,740.2
2025-01-16 11:30:00,2.384,2.387,2.383,2.386,4452.3
2025-01-16 11:31:00,2.386,2.391,2.386,2.39,1643.0
2025-01-16 11:32:00,2.388,2.392,2.387,2.392,2861.3
2025-01-16 11:33:00,2.392,2.394,2.39,2.392,9227.1
2025-01-16 11:34:00,2.392,2.394,2.39,2.39,6603.1
2025-01-16 11:35:00,2.39,2.392,2.387,2.387,2809.5
2025-01-16 11:36:00,2.387,2.388,2.384,2.384,16444.1
2025-01-16 11:37:00,2.383,2.384,2.38,2.383,702.2
2025-01-16 11:38:00,2.38,2.382,2.379,2.382,1912.4
2025-01-16 11:39:00,2.38,2.383,2.38,2.382,1282.5
2025-01-16 11:40:00,2.383,2.385,2.383,2.385,566.4
2025-01-16 11:41:00,2.384,2.385,2.383,2.384,216.2
2025-01-16 11:42:00,2.383,2.387,2.383,2.387,1961.1
2025-01-16 11:43:00,2.388,2.392,2.386,2.388,2572.3
2025-01-16 11:44:00,2.389,2.393,2.389,2.389,2447.7
2025-01-16 11:45:00,2.389,2.389,2.387,2.388,519.9
2025-01-16 11:46:00,2.387,2.39,2.384,2.389,4583.3
2025-01-16 11:47:00,2.389,2.394,2.389,2.392,3510.3
2025-01-16 11:48:00,2.393,2.395,2.391,2.395,3429.1
2025-01-16 11:49:00,2.394,2.399,2.393,2.399,9673.2
2025-01-16 11:50:00,2.399,2.403,2.399,2.402,4422.4
2025-01-16 11:51:00,2.402,2.402,2.398,2.399,16879.7
2025-01-16 11:52:00,2.4,2.402,2.399,2.4,4126.0
2025-01-16 11:53:00,2.4,2.404,2.4,2.404,19767.3
2025-01-16 11:54:00,2.404,2.413,2.403,2.412,19133.4
2025-01-16 11:55:00,2.411,2.415,2.41,2.415,17715.5
2025-01-16 11:56:00,2.415,2.42,2.415,2.415,25729.0
2025-01-16 11:57:00,2.414,2.414,2.408,2.408,4217.0
2025-01-16 11:58:00,2.409,2.413,2.407,2.413,7056.1
2025-01-16 11:59:00,2.413,2.414,2.412,2.413,10048.1
2025-01-16 12:00:00,2.412,2.412,2.402,2.405,3346.6
2025-01-16 12:01:00,2.403,2.412,2.399,2.407,33925.8
2025-01-16 12:02:00,2.406,2.406,2.402,2.406,8734.0
2025-01-16 12:03:00,2.405,2.412,2.404,2.412,8930.1
2025-01-16 12:04:00,2.413,2.415,2.408,2.408,4839.6
2025-01-16 12:05:00,2.408,2.408,2.401,2.407,3770.7
2025-01-16 12:06:00,2.409,2.411,2.406,2.409,3629.1
2025-01-16 12:07:00,2.41,2.416,2.41,2.415,10779.9
2025-01-16 12:08:00,2.416,2.416,2.412,2.412,1215.4
2025-01-16 12:09:00,2.41,2.413,2.409,2.41,4110.1
2025-01-16 12:10:00,2.409,2.412,2.409,2.41,1306.1
2025-01-16 12:11:00,2.41,2.42,2.41,2.42,2630.6
2025-01-16 12:12:00,2.418,2.424,2.417,2.424,24249.7
2025-01-16 12:13:00,2.424,2.427,2.422,2.426,826.0
2025-01-16 12:14:00,2.425,2.429,2.422,2.429,7760.3
2025-01-16 12:15:00,2.428,2.434,2.428,2.429,16195.0
2025-01-16 12:16:00,2.429,2.431,2.427,2.428,2809.0
2025-01-16 12:17:00,2.428,2.433,2.428,2.428,16353.1
2025-01-16 12:18:00,2.43,2.435,2.428,2.435,15259.0
2025-01-16 12:19:00,2.434,2.443,2.432,2.442,21171.4
2025-01-16 12:20:00,2.442,2.449,2.441,2.449,12044.2
2025-01-16 12:21:00,2.45,2.454,2.449,2.452,51292.6
2025-01-16 12:22:00,2.453,2.455,2.449,2.455,6852.7
2025-01-16 12:23:00,2.456,2.461,2.453,2.456,5903.6
2025-01-16 12:24:00,2.455,2.46,2.453,2.455,19334.9
2025-01-16 12:25:00,2.455,2.455,2.448,2.455,3955.2
2025-01-16 12:26:00,2.454,2.456,2.453,2.454,6760.8
2025-01-16 12:27:00,2.452,2.453,2.448,2.449,21505.2
2025-01-16 12:28:00,2.448,2.455,2.448,2.452,3265.0
2025-01-16 12:29:00,2.451,2.452,2.447,2.45,5054.0
2025-01-16 12:30:00,2.451,2.461,2.451,2.461,7238.4
2025-01-16 12:31:00,2.462,2.468,2.461,2.462,8423.5
2025-01-16 12:32:00,2.461,2.463,2.459,2.46,9918.7
2025-01-16 12:33:00,2.46,2.464,2.455,2.457,2782.5
2025-01-16 12:34:00,2.457,2.463,2.457,2.462,2927.6
2025-01-16 12:35:00,2.463,2.468,2.461,2.466,9994.3
2025-01-16 12:36:00,2.467,2.472,2.466,2.469,14602.3
2025-01-16 12:37:00,2.469,2.47,2.467,2.468,5185.8
2025-01-16 12:38:00,2.469,2.472,2.468,2.469,5730.5
2025-01-16 12:39:00,2.469,2.472,2.468,2.468,4654.6
2025-01-16 12:40:00,2.469,2.471,2.466,2.469,4913.0
2025-01-16 12:41:00,2.47,2.472,2.469,2.47,1811.3
2025-01-16 12:42:00,2.47,2.471,2.46,2.46,4340.2
2025-01-16 12:43:00,2.46,2.46,2.454,2.456,8632.7
2025-01-16 12:44:00,2.456,2.459,2.456,2.458,2100.2
2025-01-16 12:45:00,2.46,2.46,2.455,2.457,7712.2
2025-01-16 12:46:00,2.456,2.46,2.456,2.459,7468.7
2025-01-16 12:47:00,2.459,2.461,2.458,2.459,1590.8
2025-01-16 12:48:00,2.459,2.466,2.459,2.464,2026.8
2025-01-16 12:49:00,2.462,2.463,2.457,2.457,3123.8
2025-01-16 12:50:00,2.459,2.463,2.459,2.463,1214.5
2025-01-16 12:51:00,2.463,2.467,2.462,2.465,2067.9
2025-01-16 12:52:00,2.465,2.473,2.464,2.473,812.5
2025-01-16 12:53:00,2.473,2.476,2.473,2.475,4250.4
2025-01-16 12:54:00,2.476,2.477,2.473,2.474,11416.9
2025-01-16 12:55:00,2.475,2.475,2.469,2.469,6525.4
2025-01-16 12:56:00,2.469,2.471,2.469,2.469,1812.3
2025-01-16 12:57:00,2.469,2.472,2.467,2.472,2534.8
2025-01-16 12:58:00,2.472,2.482,2.472,2.482,38350.9
2025-01-16 12:59:00,2.482,2.483,2.477,2.478,2911.5
2025-01-16 13:00:00,2.477,2.478,2.475,2.476,4507.4
2025-01-16 13:01:00,2.475,2.481,2.473,2.478,19220.8
2025-01-16 13:02:00,2.474,2.484,2.473,2.48,3991.6
2025-01-16 13:03:00,2.481,2.487,2.48,2.482,2215.0
2025-01-16 13:04:00,2.481,2.481,2.467,2.467,8449.6
2025-01-16 13:05:00,2.467,2.467,2.456,2.459,9854.6
2025-01-16 13:06:00,2.459,2.464,2.452,2.452,5436.2
2025-01-16 13:07:00,2.454,2.456,2.446,2.447,3644.3
2025-01-16 13:08:00,2.447,2.454,2.443,2.453,23502.1
2025-01-16 13:09:00,2.45,2.45,2.445,2.446,6361.6
2025-01-16 13:10:00,2.447,2.454,2.441,2.454,4129.0
2025-01-16 13:11:00,2.454,2.455,2.443,2.444,6032.6
2025-01-16 13:12:00,2.443,2.445,2.431,2.432,9214.0
2025-01-16 13:13:00,2.43,2.439,2.426,2.429,8838.2
2025-01-16 13:14:00,2.43,2.435,2.427,2.43,8755.9
2025-01-16 13:15:00,2.43,2.438,2.426,2.437,8526.0
2025-01-16 13:16:00,2.438,2.442,2.437,2.437,6338.7
2025-01-16 13:17:00,2.438,2.444,2.438,2.444,2209.3
2025-01-16 13:18:00,2.443,2.45,2.441,2.447,3168.8
2025-01-16 13:19:00,2.446,2.452,2.443,2.443,6161.7
2025-01-16 13:20:00,2.444,2.444,2.434,2.434,7169.8
2025-01-16 13:21:00,2.435,2.443,2.433,2.442,9173.4
2025-01-16 13:22:00,2.443,2.451,2.443,2.446,6445.5
2025-01-16 13:23:00,2.448,2.455,2.447,2.455,2339.9
2025-01-16 13:24:00,2.456,2.459,2.454,2.459,4249.2
2025-01-16 13:25:00,2.459,2.467,2.458,2.458,4624.0
2025-01-16 13:26:00,2.456,2.458,2.454,2.458,1619.8
2025-01-16 13:27:00,2.458,2.459,2.455,2.455,4960.2
2025-01-16 13:28:00,2.455,2.455,2.448,2.45,6094.6
2025-01-16 13:29:00,2.451,2.451,2.43,2.431,18640.1
2025-01-16 13:30:00,2.432,2.455,2.432,2.455,46632.4
2025-01-16 13:31:00,2.455,2.466,2.451,2.451,24646.7
2025-01-16 13:32:00,2.45,2.454,2.442,2.453,12369.0
2025-01-16 13:33:00,2.454,2.458,2.445,2.457,4278.8
2025-01-16 13:34:00,2.458,2.46,2.446,2.451,16640.9
2025-01-16 13:35:00,2.45,2.456,2.445,2.456,7216.7
2025-01-16 13:36:00,2.455,2.455,2.441,2.443,3481.8
2025-01-16 13:37:00,2.444,2.447,2.436,2.446,11044.3
2025-01-16 13:38:00,2.445,2.459,2.444,2.457,6344.8
2025-01-16 13:39:00,2.454,2.454,2.445,2.449,7411.9
2025-01-16 13:40:00,2.45,2.456,2.442,2.442,7114.9
2025-01-16 13:41:00,2.443,2.455,2.439,2.455,12779.1
2025-01-16 13:42:00,2.455,2.462,2.451,2.462,23960.5
2025-01-16 13:43:00,2.458,2.459,2.448,2.448,4545.3
2025-01-16 13:44:00,2.454,2.455,2.451,2.451,4224.3
2025-01-16 13:45:00,2.451,2.453,2.443,2.443,7705.6
2025-01-16 13:46:00,2.444,2.448,2.441,2.447,2761.3
2025-01-16 13:47:00,2.447,2.459,2.446,2.459,6043.7
2025-01-16 13:48:00,2.46,2.46,2.45,2.45,2382.9
2025-01-16 13:49:00,2.45,2.45,2.444,2.446,3564.7
2025-01-16 13:50:00,2.445,2.446,2.442,2.442,5835.9
2025-01-16 13:51:00,2.443,2.447,2.44,2.441,2468.6
2025-01-16 13:52:00,2.442,2.453,2.442,2.45,3269.4
2025-01-16 13:53:00,2.45,2.454,2.449,2.454,5650.1
2025-01-16 13:54:00,2.455,2.455,2.448,2.448,2074.3
2025-01-16 13:55:00,2.447,2.448,2.442,2.444,9405.1
2025-01-16 13:56:00,2.444,2.452,2.44,2.451,2654.4
2025-01-16 13:57:00,2.451,2.451,2.446,2.448,2014.5
2025-01-16 13:58:00,2.449,2.449,2.442,2.442,1472.5
2025-01-16 13:59:00,2.444,2.446,2.443,2.444,7078.4
2025-01-16 14:00:00,2.444,2.451,2.444,2.45,7814.2
2025-01-16 14:01:00,2.451,2.456,2.448,2.448,7314.9
2025-01-16 14:02:00,2.447,2.448,2.441,2.445,7288.7
2025-01-16 14:03:00,2.446,2.446,2.437,2.438,2907.9
2025-01-16 14:04:00,2.44,2.442,2.437,2.442,2181.3
2025-01-16 14:05:00,2.441,2.454,2.439,2.451,6075.0
2025-01-16 14:06:00,2.453,2.454,2.447,2.447,6816.8
2025-01-16 14:07:00,2.448,2.448,2.442,2.442,1426.8
2025-01-16 14:08:00,2.441,2.449,2.438,2.447,3730.3
2025-01-16 14:09:00,2.447,2.449,2.444,2.447,2625.9
2025-01-16 14:10:00,2.447,2.455,2.447,2.454,5522.2
2025-01-16 14:11:00,2.455,2.457,2.452,2.452,2020.1
2025-01-16 14:12:00,2.453,2.456,2.452,2.455,2662.6
2025-01-16 14:13:00,2.454,2.46,2.454,2.458,7411.6
2025-01-16 14:14:00,2.458,2.458,2.452,2.453,6953.5
2025-01-16 14:15:00,2.452,2.461,2.452,2.461,3385.5
2025-01-16 14:16:00,2.462,2.463,2.457,2.457,1590.4
2025-01-16 14:17:00,2.456,2.458,2.455,2.458,882.8
2025-01-16 14:18:00,2.459,2.46,2.455,2.46,2737.9
2025-01-16 14:19:00,2.459,2.459,2.456,2.457,1116.3
2025-01-16 14:20:00,2.457,2.458,2.455,2.458,1988.7
2025-01-16 14:21:00,2.453,2.459,2.453,2.458,8148.1
2025-01-16 14:22:00,2.455,2.455,2.453,2.453,1622.0
2025-01-16 14:23:00,2.454,2.457,2.451,2.456,2100.7
2025-01-16 14:24:00,2.454,2.457,2.454,2.456,2595.0
2025-01-16 14:25:00,2.455,2.459,2.455,2.459,1919.6
2025-01-16 14:26:00,2.46,2.46,2.449,2.449,5511.6
2025-01-16 14:27:00,2.449,2.451,2.446,2.447,4679.9
2025-01-16 14:28:00,2.447,2.453,2.447,2.452,5048.7
2025-01-16 14:29:00,2.453,2.454,2.452,2.452,2024.8
2025-01-16 14:30:00,2.453,2.453,2.441,2.441,7044.2
2025-01-16 14:31:00,2.442,2.445,2.432,2.432,6716.7
2025-01-16 14:32:00,2.432,2.435,2.428,2.429,10192.6
2025-01-16 14:33:00,2.428,2.428,2.421,2.422,7228.8
2025-01-16 14:34:00,2.422,2.433,2.421,2.43,13397.8
2025-01-16 14:35:00,2.432,2.438,2.428,2.43,4166.8
2025-01-16 14:36:00,2.43,2.431,2.426,2.426,1891.8
2025-01-16 14:37:00,2.423,2.425,2.419,2.42,5711.4
2025-01-16 14:38:00,2.418,2.427,2.418,2.421,2374.3
2025-01-16 14:39:00,2.421,2.423,2.416,2.416,4346.5
2025-01-16 14:40:00,2.418,2.42,2.414,2.416,5088.6
2025-01-16 14:41:00,2.417,2.417,2.407,2.407,9325.2
2025-01-16 14:42:00,2.406,2.407,2.403,2.404,14113.0
2025-01-16 14:43:00,2.404,2.414,2.399,2.401,42143.9
2025-01-16 14:44:00,2.401,2.403,2.393,2.396,21392.5
2025-01-16 14:45:00,2.395,2.396,2.38,2.382,31866.4
2025-01-16 14:46:00,2.381,2.399,2.379,2.39,52027.3
2025-01-16 14:47:00,2.389,2.389,2.363,2.371,55212.7
2025-01-16 14:48:00,2.372,2.39,2.367,2.38,49935.4
2025-01-16 14:49:00,2.38,2.384,2.365,2.366,31872.1
2025-01-16 14:50:00,2.366,2.377,2.365,2.376,134421.9
2025-01-16 14:51:00,2.374,2.376,2.364,2.37,31955.2
2025-01-16 14:52:00,2.37,2.385,2.37,2.382,92880.9
2025-01-16 14:53:00,2.383,2.393,2.38,2.389,28672.8
2025-01-16 14:54:00,2.388,2.388,2.372,2.373,18919.0
2025-01-16 14:55:00,2.373,2.378,2.369,2.369,22327.1
2025-01-16 14:56:00,2.368,2.372,2.365,2.366,12721.1
2025-01-16 14:57:00,2.367,2.384,2.366,2.382,12921.0
2025-01-16 14:58:00,2.383,2.384,2.375,2.38,12456.5
2025-01-16 14:59:00,2.377,2.378,2.371,2.371,7863.8
2025-01-16 15:00:00,2.373,2.377,2.368,2.369,10362.9
2025-01-16 15:01:00,2.368,2.371,2.363,2.363,7903.3
2025-01-16 15:02:00,2.363,2.382,2.362,2.382,12100.2
2025-01-16 15:03:00,2.381,2.388,2.377,2.387,34040.1
2025-01-16 15:04:00,2.387,2.395,2.384,2.393,23644.3
2025-01-16 15:05:00,2.392,2.396,2.378,2.389,36558.6
2025-01-16 15:06:00,2.391,2.399,2.388,2.399,12988.2
2025-01-16 15:07:00,2.399,2.401,2.389,2.395,6549.0
2025-01-16 15:08:00,2.399,2.4,2.394,2.394,8838.4
2025-01-16 15:09:00,2.394,2.407,2.394,2.405,5984.2
2025-01-16 15:10:00,2.405,2.414,2.403,2.407,6384.4
2025-01-16 15:11:00,2.409,2.413,2.407,2.407,11733.6
2025-01-16 15:12:00,2.406,2.406,2.396,2.396,5799.0
2025-01-16 15:13:00,2.395,2.396,2.391,2.393,7074.3
2025-01-16 15:14:00,2.393,2.394,2.39,2.39,7005.5
2025-01-16 15:15:00,2.39,2.403,2.387,2.403,11923.5
2025-01-16 15:16:00,2.402,2.408,2.401,2.407,3925.5
2025-01-16 15:17:00,2.406,2.408,2.403,2.403,3954.5
2025-01-16 15:18:00,2.405,2.408,2.405,2.407,10787.2
2025-01-16 15:19:00,2.407,2.409,2.405,2.409,3387.8
2025-01-16 15:20:00,2.408,2.41,2.405,2.41,5769.7
2025-01-16 15:21:00,2.412,2.417,2.412,2.415,1922.2
2025-01-16 15:22:00,2.417,2.419,2.415,2.415,2268.5
2025-01-16 15:23:00,2.414,2.414,2.41,2.414,2886.9
2025-01-16 15:24:00,2.414,2.419,2.414,2.417,2775.2
2025-01-16 15:25:00,2.418,2.421,2.416,2.417,3519.7
2025-01-16 15:26:00,2.417,2.418,2.413,2.414,2911.6
2025-01-16 15:27:00,2.415,2.417,2.413,2.415,3262.6
2025-01-16 15:28:00,2.414,2.417,2.414,2.416,1930.7
2025-01-16 15:29:00,2.416,2.421,2.412,2.421,5521.8
2025-01-16 15:30:00,2.42,2.422,2.416,2.421,4465.5
2025-01-16 15:31:00,2.42,2.42,2.408,2.41,5363.0
2025-01-16 15:32:00,2.411,2.412,2.409,2.411,1575.0
2025-01-16 15:33:00,2.411,2.415,2.409,2.411,3025.7
2025-01-16 15:34:00,2.413,2.413,2.405,2.406,2519.0
2025-01-16 15:35:00,2.406,2.409,2.405,2.405,1827.6
2025-01-16 15:36:00,2.401,2.404,2.398,2.402,4926.7
2025-01-16 15:37:00,2.403,2.413,2.403,2.411,4016.5
2025-01-16 15:38:00,2.412,2.421,2.412,2.418,3858.1
2025-01-16 15:39:00,2.42,2.422,2.416,2.417,3582.0
2025-01-16 15:40:00,2.418,2.419,2.411,2.411,2402.1
2025-01-16 15:41:00,2.409,2.409,2.404,2.404,1045.5
2025-01-16 15:42:00,2.406,2.408,2.405,2.405,998.8
2025-01-16 15:43:00,2.405,2.41,2.405,2.409,4786.6
2025-01-16 15:44:00,2.41,2.413,2.409,2.409,2584.7
2025-01-16 15:45:00,2.409,2.409,2.403,2.403,3460.1
2025-01-16 15:46:00,2.403,2.407,2.403,2.407,3039.0
2025-01-16 15:47:00,2.407,2.407,2.405,2.405,997.2
2025-01-16 15:48:00,2.407,2.409,2.405,2.409,773.3
2025-01-16 15:49:00,2.41,2.413,2.41,2.413,806.5
2025-01-16 15:50:00,2.413,2.419,2.413,2.417,4257.7
2025-01-16 15:51:00,2.419,2.422,2.419,2.422,6596.6
2025-01-16 15:52:00,2.421,2.427,2.421,2.424,2262.9
2025-01-16 15:53:00,2.424,2.425,2.421,2.425,2241.1
2025-01-16 15:54:00,2.424,2.425,2.422,2.424,2337.7
2025-01-16 15:55:00,2.424,2.426,2.422,2.425,5136.0
2025-01-16 15:56:00,2.426,2.426,2.425,2.426,1213.7
2025-01-16 15:57:00,2.427,2.435,2.427,2.433,5492.4
2025-01-16 15:58:00,2.433,2.438,2.431,2.438,3784.1
2025-01-16 15:59:00,2.439,2.444,2.438,2.443,2907.5
2025-01-16 16:00:00,2.443,2.448,2.439,2.448,10043.9
2025-01-16 16:01:00,2.447,2.458,2.446,2.454,11171.1
2025-01-16 16:02:00,2.453,2.454,2.449,2.452,13742.5
2025-01-16 16:03:00,2.451,2.452,2.446,2.45,3909.2
2025-01-16 16:04:00,2.451,2.454,2.451,2.454,3128.2
2025-01-16 16:05:00,2.454,2.454,2.446,2.446,3164.0
2025-01-16 16:06:00,2.447,2.458,2.447,2.454,4641.6
2025-01-16 16:07:00,2.455,2.457,2.449,2.455,9587.5
2025-01-16 16:08:00,2.455,2.456,2.45,2.45,24421.5
2025-01-16 16:09:00,2.45,2.454,2.45,2.45,2888.1
2025-01-16 16:10:00,2.449,2.449,2.443,2.446,4002.5
2025-01-16 16:11:00,2.445,2.447,2.443,2.446,5883.1
2025-01-16 16:12:00,2.448,2.452,2.448,2.452,955.2
2025-01-16 16:13:00,2.45,2.451,2.448,2.448,1778.0
2025-01-16 16:14:00,2.447,2.447,2.44,2.44,5710.7
2025-01-16 16:15:00,2.44,2.444,2.436,2.438,2294.4
2025-01-16 16:16:00,2.438,2.438,2.433,2.434,2036.5
2025-01-16 16:17:00,2.433,2.434,2.426,2.428,4661.4
2025-01-16 16:18:00,2.427,2.432,2.426,2.428,5000.6
2025-01-16 16:19:00,2.432,2.439,2.432,2.439,1650.5
2025-01-16 16:20:00,2.437,2.441,2.432,2.432,5623.3
2025-01-16 16:21:00,2.43,2.434,2.428,2.433,2210.8
2025-01-16 16:22:00,2.433,2.438,2.433,2.438,3557.6
2025-01-16 16:23:00,2.436,2.441,2.436,2.441,1698.8
2025-01-16 16:24:00,2.441,2.442,2.438,2.439,1493.6
2025-01-16 16:25:00,2.439,2.44,2.439,2.44,1308.0
2025-01-16 16:26:00,2.441,2.448,2.441,2.447,6550.4
2025-01-16 16:27:00,2.447,2.448,2.445,2.446,2930.6
2025-01-16 16:28:00,2.445,2.452,2.445,2.452,15314.2
2025-01-16 16:29:00,2.452,2.453,2.449,2.449,5252.9
2025-01-16 16:30:00,2.449,2.45,2.445,2.448,4005.5
2025-01-16 16:31:00,2.448,2.45,2.447,2.45,1604.1
2025-01-16 16:32:00,2.45,2.45,2.442,2.444,3550.3
2025-01-16 16:33:00,2.445,2.449,2.444,2.449,1204.0
2025-01-16 16:34:00,2.451,2.451,2.446,2.446,1822.6
2025-01-16 16:35:00,2.446,2.446,2.439,2.44,2549.0
2025-01-16 16:36:00,2.439,2.443,2.439,2.439,4624.7
2025-01-16 16:37:00,2.444,2.453,2.444,2.45,5034.8
2025-01-16 16:38:00,2.45,2.452,2.446,2.446,1032.6
2025-01-16 16:39:00,2.444,2.446,2.441,2.445,2230.8
2025-01-16 16:40:00,2.451,2.453,2.45,2.45,7863.6
2025-01-16 16:41:00,2.449,2.453,2.444,2.444,1517.8
2025-01-16 16:42:00,2.445,2.445,2.438,2.439,4092.4
2025-01-16 16:43:00,2.439,2.442,2.439,2.441,1017.8
2025-01-16 16:44:00,2.44,2.444,2.44,2.442,1247.8
2025-01-16 16:45:00,2.441,2.45,2.441,2.448,974.1
2025-01-16 16:46:00,2.447,2.454,2.446,2.454,8994.9
2025-01-16 16:47:00,2.452,2.452,2.448,2.449,712.3
2025-01-16 16:48:00,2.448,2.452,2.442,2.442,5688.8
2025-01-16 16:49:00,2.442,2.448,2.442,2.447,1224.8
2025-01-16 16:50:00,2.446,2.447,2.442,2.443,1347.6
2025-01-16 16:51:00,2.441,2.445,2.438,2.445,3197.2
2025-01-16 16:52:00,2.443,2.445,2.442,2.444,1563.9
2025-01-16 16:53:00,2.445,2.45,2.445,2.449,4418.1
2025-01-16 16:54:00,2.449,2.449,2.444,2.445,1873.6
2025-01-16 16:55:00,2.445,2.445,2.441,2.442,994.8
2025-01-16 16:56:00,2.442,2.444,2.441,2.443,1170.4
2025-01-16 16:57:00,2.443,2.445,2.44,2.441,1661.2
2025-01-16 16:58:00,2.442,2.445,2.441,2.445,893.1
2025-01-16 16:59:00,2.444,2.445,2.443,2.445,438.7
2025-01-16 17:00:00,2.444,2.444,2.429,2.431,5399.0
2025-01-16 17:01:00,2.429,2.434,2.429,2.43,4712.9
2025-01-16 17:02:00,2.434,2.439,2.432,2.439,1065.5
2025-01-16 17:03:00,2.439,2.44,2.433,2.435,4744.8
2025-01-16 17:04:00,2.435,2.442,2.434,2.442,3735.9
2025-01-16 17:05:00,2.442,2.442,2.437,2.44,10830.3
2025-01-16 17:06:00,2.439,2.441,2.435,2.439,5146.5
2025-01-16 17:07:00,2.438,2.441,2.436,2.438,2939.5
2025-01-16 17:08:00,2.439,2.441,2.438,2.438,723.2
2025-01-16 17:09:00,2.438,2.438,2.435,2.437,2827.7
2025-01-16 17:10:00,2.435,2.438,2.432,2.432,2095.0
2025-01-16 17:11:00,2.432,2.435,2.431,2.433,1292.2
2025-01-16 17:12:00,2.432,2.439,2.432,2.438,5127.3
2025-01-16 17:13:00,2.437,2.437,2.432,2.435,1935.5
2025-01-16 17:14:00,2.435,2.435,2.432,2.432,103.7
2025-01-16 17:15:00,2.431,2.442,2.43,2.438,3245.2
2025-01-16 17:16:00,2.44,2.445,2.44,2.443,2203.0
2025-01-16 17:17:00,2.439,2.441,2.437,2.44,5869.8
2025-01-16 17:18:00,2.44,2.443,2.438,2.443,2111.9
2025-01-16 17:19:00,2.443,2.444,2.441,2.441,456.3
2025-01-16 17:20:00,2.446,2.446,2.445,2.445,164.1
2025-01-16 17:21:00,2.444,2.445,2.441,2.443,1491.3
2025-01-16 17:22:00,2.442,2.442,2.439,2.441,1702.0
2025-01-16 17:23:00,2.443,2.447,2.442,2.447,560.8
2025-01-16 17:24:00,2.447,2.449,2.446,2.449,2684.8
2025-01-16 17:25:00,2.45,2.452,2.45,2.45,2214.2
2025-01-16 17:26:00,2.45,2.452,2.45,2.451,4369.3
2025-01-16 17:27:00,2.451,2.453,2.45,2.45,1385.1
2025-01-16 17:28:00,2.45,2.451,2.448,2.448,1709.4
2025-01-16 17:29:00,2.448,2.452,2.448,2.452,3699.1
2025-01-16 17:30:00,2.452,2.459,2.452,2.455,4746.4
2025-01-16 17:31:00,2.456,2.457,2.45,2.45,4642.6
2025-01-16 17:32:00,2.452,2.457,2.452,2.456,7340.8
2025-01-16 17:33:00,2.455,2.456,2.453,2.454,2105.7
2025-01-16 17:34:00,2.454,2.459,2.454,2.458,4305.6
2025-01-16 17:35:00,2.457,2.46,2.456,2.46,6414.9
2025-01-16 17:36:00,2.46,2.463,2.459,2.459,5271.7
2025-01-16 17:37:00,2.46,2.463,2.46,2.461,3928.7
2025-01-16 17:38:00,2.462,2.464,2.461,2.462,4403.7
2025-01-16 17:39:00,2.464,2.464,2.451,2.451,12704.0
2025-01-16 17:40:00,2.45,2.452,2.448,2.45,4653.2
2025-01-16 17:41:00,2.451,2.452,2.449,2.451,1389.0
2025-01-16 17:42:00,2.453,2.454,2.449,2.45,5078.3
2025-01-16 17:43:00,2.451,2.452,2.447,2.448,3340.5
2025-01-16 17:44:00,2.448,2.449,2.448,2.449,361.7
2025-01-16 17:45:00,2.448,2.45,2.446,2.449,1143.0
2025-01-16 17:46:00,2.447,2.448,2.444,2.445,2589.8
2025-01-16 17:47:00,2.446,2.447,2.441,2.441,6883.1
2025-01-16 17:48:00,2.441,2.443,2.436,2.437,7360.4
2025-01-16 17:49:00,2.439,2.441,2.438,2.44,4766.5
2025-01-16 17:50:00,2.44,2.443,2.438,2.44,4370.0
2025-01-16 17:51:00,2.439,2.442,2.438,2.441,3470.8
2025-01-16 17:52:00,2.441,2.446,2.44,2.443,6051.8
2025-01-16 17:53:00,2.446,2.449,2.445,2.447,4479.5
2025-01-16 17:54:00,2.447,2.448,2.446,2.448,954.8
2025-01-16 17:55:00,2.448,2.455,2.448,2.453,3602.8
2025-01-16 17:56:00,2.452,2.46,2.452,2.458,3162.1
2025-01-16 17:57:00,2.458,2.459,2.455,2.459,5432.9
2025-01-16 17:58:00,2.458,2.46,2.457,2.457,9490.2
2025-01-16 17:59:00,2.456,2.458,2.452,2.452,2152.5
2025-01-16 18:00:00,2.455,2.456,2.454,2.454,2686.1
2025-01-16 18:01:00,2.454,2.456,2.451,2.456,3816.2
2025-01-16 18:02:00,2.454,2.455,2.453,2.455,2441.7
2025-01-16 18:03:00,2.455,2.457,2.455,2.456,2340.4
2025-01-16 18:04:00,2.455,2.459,2.455,2.458,6762.5
2025-01-16 18:05:00,2.459,2.466,2.459,2.464,14200.3
2025-01-16 18:06:00,2.464,2.467,2.461,2.467,8680.8
2025-01-16 18:07:00,2.465,2.466,2.464,2.464,1297.2
2025-01-16 18:08:00,2.465,2.468,2.465,2.466,1579.8
2025-01-16 18:09:00,2.466,2.467,2.463,2.464,3060.7
2025-01-16 18:10:00,2.463,2.463,2.461,2.463,1723.1
2025-01-16 18:11:00,2.463,2.463,2.458,2.458,3207.0
2025-01-16 18:12:00,2.459,2.463,2.458,2.459,6102.3
2025-01-16 18:13:00,2.459,2.46,2.459,2.459,1541.9
2025-01-16 18:14:00,2.459,2.459,2.458,2.458,1664.8
2025-01-16 18:15:00,2.459,2.461,2.458,2.458,1249.4
2025-01-16 18:16:00,2.457,2.457,2.454,2.454,2627.8
2025-01-16 18:17:00,2.453,2.453,2.451,2.451,2715.7
2025-01-16 18:18:00,2.452,2.452,2.45,2.452,3435.2
2025-01-16 18:19:00,2.454,2.455,2.451,2.451,1709.5
2025-01-16 18:20:00,2.452,2.458,2.452,2.456,2848.9
2025-01-16 18:21:00,2.456,2.458,2.455,2.457,3352.7
2025-01-16 18:22:00,2.459,2.459,2.455,2.458,1519.9
2025-01-16 18:23:00,2.458,2.46,2.457,2.46,2986.7
2025-01-16 18:24:00,2.46,2.46,2.457,2.458,3162.9
2025-01-16 18:25:00,2.459,2.46,2.456,2.457,1983.4
2025-01-16 18:26:00,2.457,2.457,2.455,2.455,2824.4
2025-01-16 18:27:00,2.453,2.453,2.449,2.45,1791.9
2025-01-16 18:28:00,2.449,2.45,2.448,2.449,5774.1
2025-01-16 18:29:00,2.449,2.449,2.445,2.447,3476.8
2025-01-16 18:30:00,2.447,2.447,2.442,2.446,2731.9
2025-01-16 18:31:00,2.447,2.449,2.445,2.447,3633.0
2025-01-16 18:32:00,2.446,2.446,2.444,2.444,2656.8
2025-01-16 18:33:00,2.443,2.448,2.442,2.448,2233.6
2025-01-16 18:34:00,2.448,2.449,2.443,2.449,3907.3
2025-01-16 18:35:00,2.446,2.453,2.446,2.451,7401.7
2025-01-16 18:36:00,2.451,2.452,2.447,2.447,5212.8
2025-01-16 18:37:00,2.447,2.449,2.445,2.448,1174.2
2025-01-16 18:38:00,2.447,2.447,2.443,2.443,421.6
2025-01-16 18:39:00,2.443,2.446,2.442,2.446,1319.4
2025-01-16 18:40:00,2.446,2.449,2.446,2.448,706.3
2025-01-16 18:41:00,2.45,2.451,2.447,2.447,395.3
2025-01-16 18:42:00,2.447,2.448,2.444,2.448,4825.8
2025-01-16 18:43:00,2.447,2.447,2.445,2.445,463.4
2025-01-16 18:44:00,2.445,2.446,2.445,2.446,453.6
2025-01-16 18:45:00,2.446,2.446,2.441,2.441,1087.9
2025-01-16 18:46:00,2.44,2.44,2.438,2.439,2758.2
2025-01-16 18:47:00,2.439,2.44,2.432,2.432,3351.7
2025-01-16 18:48:00,2.433,2.435,2.433,2.434,717.8
2025-01-16 18:49:00,2.434,2.439,2.434,2.439,3980.4
2025-01-16 18:50:00,2.438,2.44,2.435,2.435,2079.9
2025-01-16 18:51:00,2.435,2.437,2.435,2.435,522.9
2025-01-16 18:52:00,2.436,2.438,2.436,2.438,2471.1
2025-01-16 18:53:00,2.438,2.442,2.437,2.441,1417.5
2025-01-16 18:54:00,2.441,2.443,2.44,2.441,2682.4
2025-01-16 18:55:00,2.442,2.442,2.438,2.438,903.2
2025-01-16 18:56:00,2.439,2.439,2.437,2.438,2600.8
2025-01-16 18:57:00,2.438,2.438,2.437,2.438,382.5
2025-01-16 18:58:00,2.437,2.437,2.435,2.435,271.4
2025-01-16 18:59:00,2.436,2.438,2.433,2.433,1061.4
2025-01-16 19:00:00,2.432,2.432,2.424,2.424,3478.0
2025-01-16 19:01:00,2.425,2.427,2.424,2.424,4084.9
2025-01-16 19:02:00,2.426,2.428,2.423,2.425,16436.1
2025-01-16 19:03:00,2.424,2.427,2.424,2.427,2447.0
2025-01-16 19:04:00,2.428,2.428,2.425,2.428,2555.4
2025-01-16 19:05:00,2.428,2.43,2.425,2.425,3855.8
2025-01-16 19:06:00,2.426,2.43,2.426,2.429,3874.6
2025-01-16 19:07:00,2.429,2.43,2.428,2.43,1869.6
2025-01-16 19:08:00,2.431,2.431,2.429,2.429,1152.0
2025-01-16 19:09:00,2.428,2.43,2.428,2.429,1572.3
2025-01-16 19:10:00,2.431,2.434,2.431,2.433,510.9
2025-01-16 19:11:00,2.433,2.437,2.433,2.437,106.1
2025-01-16 19:12:00,2.437,2.438,2.436,2.438,1618.2
2025-01-16 19:13:00,2.438,2.442,2.438,2.441,1107.9
2025-01-16 19:14:00,2.442,2.442,2.44,2.44,2046.1
2025-01-16 19:15:00,2.441,2.441,2.438,2.439,1116.4
2025-01-16 19:16:00,2.438,2.438,2.436,2.437,5855.7
2025-01-16 19:17:00,2.441,2.441,2.439,2.44,3082.0
2025-01-16 19:18:00,2.439,2.44,2.438,2.44,761.2
2025-01-16 19:19:00,2.441,2.442,2.44,2.442,112.1
2025-01-16 19:20:00,2.441,2.442,2.441,2.442,553.5
2025-01-16 19:21:00,2.442,2.443,2.44,2.441,2283.2
2025-01-16 19:22:00,2.441,2.441,2.434,2.434,794.2
2025-01-16 19:23:00,2.435,2.435,2.433,2.434,654.3
2025-01-16 19:24:00,2.434,2.436,2.434,2.436,1094.8
2025-01-16 19:25:00,2.436,2.44,2.435,2.44,1942.4
2025-01-16 19:26:00,2.438,2.441,2.438,2.441,676.6
2025-01-16 19:27:00,2.44,2.442,2.44,2.442,2274.4
2025-01-16 19:28:00,2.44,2.44,2.439,2.439,1397.1
2025-01-16 19:29:00,2.44,2.441,2.44,2.44,979.9
2025-01-16 19:30:00,2.439,2.441,2.439,2.441,91.4
2025-01-16 19:31:00,2.44,2.442,2.439,2.442,214.6
2025-01-16 19:32:00,2.442,2.443,2.441,2.443,1630.0
2025-01-16 19:33:00,2.443,2.443,2.44,2.441,885.4
2025-01-16 19:34:00,2.442,2.445,2.442,2.445,2188.0
2025-01-16 19:35:00,2.445,2.445,2.442,2.442,250.6
2025-01-16 19:36:00,2.443,2.447,2.443,2.446,1540.9
2025-01-16 19:37:00,2.446,2.45,2.446,2.448,6482.2
2025-01-16 19:38:00,2.448,2.452,2.447,2.45,2354.3
2025-01-16 19:39:00,2.45,2.45,2.448,2.448,694.6
2025-01-16 19:40:00,2.447,2.449,2.446,2.449,960.3
2025-01-16 19:41:00,2.449,2.45,2.447,2.447,5276.4
2025-01-16 19:42:00,2.448,2.448,2.446,2.447,2795.3
2025-01-16 19:43:00,2.446,2.448,2.446,2.448,892.8
2025-01-16 19:44:00,2.449,2.45,2.449,2.449,5916.8
2025-01-16 19:45:00,2.448,2.451,2.448,2.451,2385.6
2025-01-16 19:46:00,2.45,2.453,2.45,2.453,775.2
2025-01-16 19:47:00,2.453,2.455,2.451,2.451,4882.8
2025-01-16 19:48:00,2.451,2.458,2.451,2.457,6145.9
2025-01-16 19:49:00,2.458,2.459,2.456,2.457,5769.7
2025-01-16 19:50:00,2.456,2.457,2.451,2.451,7167.7
2025-01-16 19:51:00,2.452,2.452,2.449,2.449,1254.3
2025-01-16 19:52:00,2.449,2.45,2.449,2.45,1632.1
2025-01-16 19:53:00,2.451,2.452,2.451,2.452,256.5
2025-01-16 19:54:00,2.452,2.452,2.452,2.452,429.5
2025-01-16 19:55:00,2.453,2.456,2.453,2.455,2204.8
2025-01-16 19:56:00,2.454,2.456,2.454,2.456,3959.3
2025-01-16 19:57:00,2.456,2.459,2.456,2.458,962.8
2025-01-16 19:58:00,2.458,2.461,2.458,2.461,1118.2
2025-01-16 19:59:00,2.462,2.464,2.462,2.462,1109.0
2025-01-16 20:00:00,2.461,2.467,2.461,2.464,4998.9
2025-01-16 20:01:00,2.464,2.464,2.462,2.463,6566.2
2025-01-16 20:02:00,2.462,2.462,2.46,2.46,3745.2
2025-01-16 20:03:00,2.46,2.464,2.46,2.462,5947.9
2025-01-16 20:04:00,2.462,2.462,2.45,2.451,29440.4
2025-01-16 20:05:00,2.451,2.454,2.448,2.448,6711.8
2025-01-16 20:06:00,2.447,2.45,2.445,2.445,9659.4
2025-01-16 20:07:00,2.445,2.447,2.444,2.445,10630.6
2025-01-16 20:08:00,2.446,2.449,2.445,2.447,19595.4
2025-01-16 20:09:00,2.448,2.452,2.448,2.45,1645.6
2025-01-16 20:10:00,2.449,2.449,2.446,2.447,9950.6
2025-01-16 20:11:00,2.446,2.451,2.446,2.451,11382.8
2025-01-16 20:12:00,2.45,2.453,2.449,2.449,4680.7
2025-01-16 20:13:00,2.451,2.451,2.449,2.45,649.2
2025-01-16 20:14:00,2.451,2.453,2.449,2.45,1389.0
2025-01-16 20:15:00,2.451,2.454,2.451,2.453,1068.0
2025-01-16 20:16:00,2.452,2.452,2.45,2.452,413.2
2025-01-16 20:17:00,2.451,2.451,2.446,2.448,10528.8
2025-01-16 20:18:00,2.449,2.449,2.444,2.444,7642.7
2025-01-16 20:19:00,2.445,2.446,2.444,2.446,3637.4
2025-01-16 20:20:00,2.446,2.449,2.446,2.448,3522.5
2025-01-16 20:21:00,2.448,2.452,2.448,2.452,3547.6
2025-01-16 20:22:00,2.451,2.451,2.445,2.449,17324.8
2025-01-16 20:23:00,2.448,2.448,2.444,2.445,40440.4
2025-01-16 20:24:00,2.446,2.447,2.445,2.445,4588.6
2025-01-16 20:25:00,2.445,2.446,2.445,2.445,8642.5
2025-01-16 20:26:00,2.445,2.45,2.445,2.45,9024.0
2025-01-16 20:27:00,2.448,2.449,2.447,2.448,2971.7
2025-01-16 20:28:00,2.449,2.454,2.449,2.454,5511.9
2025-01-16 20:29:00,2.455,2.457,2.455,2.457,1102.7
2025-01-16 20:30:00,2.458,2.46,2.458,2.46,903.9
2025-01-16 20:31:00,2.457,2.457,2.455,2.455,15036.6
2025-01-16 20:32:00,2.457,2.461,2.457,2.461,1783.8
2025-01-16 20:33:00,2.461,2.462,2.459,2.46,7172.2
2025-01-16 20:34:00,2.462,2.462,2.455,2.455,23423.7
2025-01-16 20:35:00,2.454,2.455,2.453,2.453,3853.4
2025-01-16 20:36:00,2.454,2.456,2.453,2.456,1041.2
2025-01-16 20:37:00,2.454,2.454,2.451,2.451,1612.9
2025-01-16 20:38:00,2.451,2.452,2.445,2.448,6084.9
2025-01-16 20:39:00,2.45,2.451,2.447,2.447,1004.8
2025-01-16 20:40:00,2.446,2.448,2.445,2.446,2148.5
2025-01-16 20:41:00,2.447,2.452,2.447,2.449,1244.9
2025-01-16 20:42:00,2.45,2.457,2.45,2.456,2981.3
2025-01-16 20:43:00,2.457,2.457,2.455,2.455,1445.8
2025-01-16 20:44:00,2.454,2.456,2.454,2.456,2102.0
2025-01-16 20:45:00,2.458,2.458,2.456,2.457,1332.7
2025-01-16 20:46:00,2.46,2.46,2.458,2.458,801.0
2025-01-16 20:47:00,2.455,2.455,2.454,2.454,938.9
2025-01-16 20:48:00,2.454,2.454,2.448,2.448,1155.6
2025-01-16 20:49:00,2.445,2.447,2.444,2.446,16621.4
2025-01-16 20:50:00,2.446,2.449,2.446,2.447,3891.7
2025-01-16 20:51:00,2.447,2.449,2.447,2.449,208.3
2025-01-16 20:52:00,2.449,2.451,2.448,2.45,1905.2
2025-01-16 20:53:00,2.45,2.45,2.445,2.446,3971.9
2025-01-16 20:54:00,2.446,2.446,2.444,2.446,1246.5
2025-01-16 20:55:00,2.446,2.446,2.441,2.441,1586.8
2025-01-16 20:56:00,2.442,2.445,2.442,2.445,1336.8
2025-01-16 20:57:00,2.443,2.443,2.442,2.443,503.7
2025-01-16 20:58:00,2.448,2.45,2.446,2.446,5168.8
2025-01-16 20:59:00,2.446,2.448,2.446,2.448,1298.9
2025-01-16 21:00:00,2.449,2.449,2.444,2.444,1603.4
2025-01-16 21:01:00,2.443,2.443,2.44,2.44,1002.6
2025-01-16 21:02:00,2.441,2.441,2.44,2.44,885.2
2025-01-16 21:03:00,2.442,2.442,2.436,2.436,267.2
2025-01-16 21:04:00,2.437,2.437,2.433,2.433,2265.4
2025-01-16 21:05:00,2.434,2.437,2.434,2.437,956.4
2025-01-16 21:06:00,2.436,2.437,2.433,2.434,1346.0
2025-01-16 21:07:00,2.435,2.439,2.434,2.437,2726.2
2025-01-16 21:08:00,2.437,2.439,2.437,2.439,301.6
2025-01-16 21:09:00,2.438,2.438,2.437,2.437,795.0
2025-01-16 21:10:00,2.437,2.438,2.437,2.438,364.3
2025-01-16 21:11:00,2.438,2.44,2.438,2.44,570.6
2025-01-16 21:12:00,2.443,2.444,2.443,2.444,343.6
2025-01-16 21:13:00,2.444,2.445,2.442,2.442,1518.2
2025-01-16 21:14:00,2.44,2.442,2.44,2.442,737.3
2025-01-16 21:15:00,2.443,2.443,2.439,2.439,7446.3
2025-01-16 21:16:00,2.44,2.441,2.439,2.44,752.1
2025-01-16 21:17:00,2.441,2.441,2.435,2.436,5651.8
2025-01-16 21:18:00,2.436,2.436,2.431,2.431,1706.5
2025-01-16 21:19:00,2.431,2.431,2.427,2.428,8170.5
2025-01-16 21:20:00,2.429,2.431,2.428,2.429,1994.4
2025-01-16 21:21:00,2.43,2.43,2.424,2.425,1790.4
2025-01-16 21:22:00,2.428,2.428,2.424,2.424,2980.9
2025-01-16 21:23:00,2.423,2.423,2.417,2.418,22005.7
2025-01-16 21:24:00,2.419,2.421,2.415,2.418,8265.2
2025-01-16 21:25:00,2.419,2.422,2.418,2.421,1697.2
2025-01-16 21:26:00,2.421,2.422,2.42,2.422,2085.0
2025-01-16 21:27:00,2.425,2.425,2.423,2.424,11483.4
2025-01-16 21:28:00,2.424,2.425,2.423,2.425,12109.5
2025-01-16 21:29:00,2.424,2.426,2.424,2.426,120.5
2025-01-16 21:30:00,2.428,2.428,2.425,2.426,2177.1
2025-01-16 21:31:00,2.426,2.43,2.425,2.43,2534.2
2025-01-16 21:32:00,2.43,2.431,2.428,2.43,1727.1
2025-01-16 21:33:00,2.43,2.43,2.427,2.427,543.3
2025-01-16 21:34:00,2.427,2.429,2.427,2.428,993.5
2025-01-16 21:35:00,2.425,2.426,2.424,2.424,1630.9
2025-01-16 21:36:00,2.424,2.427,2.424,2.426,836.5
2025-01-16 21:37:00,2.428,2.429,2.426,2.428,4288.0
2025-01-16 21:38:00,2.429,2.429,2.428,2.429,650.7
2025-01-16 21:39:00,2.429,2.43,2.429,2.43,1057.9
2025-01-16 21:40:00,2.43,2.431,2.43,2.431,2188.2
2025-01-16 21:41:00,2.43,2.432,2.43,2.43,330.5
2025-01-16 21:42:00,2.43,2.433,2.43,2.433,1165.0
2025-01-16 21:43:00,2.434,2.435,2.434,2.434,819.9
2025-01-16 21:44:00,2.434,2.434,2.433,2.433,454.9
2025-01-16 21:45:00,2.434,2.434,2.432,2.434,742.8
2025-01-16 21:46:00,2.434,2.435,2.434,2.434,198.2
2025-01-16 21:47:00,2.434,2.435,2.432,2.435,2106.3
2025-01-16 21:48:00,2.434,2.434,2.431,2.431,194.2
2025-01-16 21:49:00,2.431,2.433,2.43,2.43,3047.1
2025-01-16 21:50:00,2.43,2.43,2.425,2.427,6889.2
2025-01-16 21:51:00,2.425,2.427,2.424,2.424,4273.1
2025-01-16 21:52:00,2.423,2.426,2.423,2.426,687.5
2025-01-16 21:53:00,2.424,2.427,2.424,2.425,2969.3
2025-01-16 21:54:00,2.425,2.426,2.425,2.426,2827.2
2025-01-16 21:55:00,2.425,2.427,2.424,2.427,546.1
2025-01-16 21:56:00,2.429,2.429,2.427,2.428,2439.5
2025-01-16 21:57:00,2.43,2.43,2.428,2.43,363.8
2025-01-16 21:58:00,2.429,2.429,2.428,2.428,1179.1
2025-01-16 21:59:00,2.427,2.427,2.427,2.427,51.6
2025-01-16 22:00:00,2.427,2.431,2.427,2.428,2493.3
2025-01-16 22:01:00,2.428,2.428,2.425,2.425,1256.4
2025-01-16 22:02:00,2.425,2.425,2.423,2.423,1696.5
2025-01-16 22:03:00,2.42,2.423,2.418,2.421,12886.6
2025-01-16 22:04:00,2.421,2.424,2.42,2.424,3996.0
2025-01-16 22:05:00,2.424,2.425,2.422,2.424,6131.7
2025-01-16 22:06:00,2.421,2.422,2.42,2.422,370.5
2025-01-16 22:07:00,2.424,2.424,2.419,2.419,2430.1
2025-01-16 22:08:00,2.419,2.419,2.417,2.417,2742.7
2025-01-16 22:09:00,2.416,2.417,2.416,2.417,1322.9
2025-01-16 22:10:00,2.417,2.417,2.416,2.416,1994.3
2025-01-16 22:11:00,2.416,2.416,2.416,2.416,242.8
2025-01-16 22:12:00,2.415,2.415,2.413,2.415,3826.5
2025-01-16 22:13:00,2.415,2.418,2.415,2.417,209.9
2025-01-16 22:14:00,2.417,2.419,2.417,2.418,450.9
2025-01-16 22:15:00,2.42,2.421,2.419,2.419,602.4
2025-01-16 22:16:00,2.419,2.422,2.418,2.421,1676.5
2025-01-16 22:17:00,2.421,2.421,2.419,2.419,1686.9
2025-01-16 22:18:00,2.419,2.42,2.416,2.416,808.7
2025-01-16 22:19:00,2.414,2.414,2.411,2.411,310.9
2025-01-16 22:20:00,2.411,2.411,2.411,2.411,48.2
2025-01-16 22:21:00,2.41,2.41,2.406,2.406,4292.2
2025-01-16 22:22:00,2.405,2.406,2.405,2.405,221.9
2025-01-16 22:23:00,2.405,2.409,2.404,2.409,3236.3
2025-01-16 22:24:00,2.408,2.413,2.408,2.413,573.2
2025-01-16 22:25:00,2.412,2.412,2.41,2.411,5983.7
2025-01-16 22:26:00,2.41,2.41,2.408,2.408,890.9
2025-01-16 22:27:00,2.408,2.41,2.408,2.409,3631.2
2025-01-16 22:28:00,2.409,2.411,2.409,2.409,498.8
2025-01-16 22:29:00,2.41,2.41,2.409,2.409,2870.8
2025-01-16 22:30:00,2.408,2.409,2.406,2.406,563.0
2025-01-16 22:31:00,2.404,2.404,2.396,2.397,1903.8
2025-01-16 22:32:00,2.397,2.398,2.396,2.397,1503.8
2025-01-16 22:33:00,2.396,2.4,2.395,2.397,990.3
2025-01-16 22:34:00,2.398,2.398,2.394,2.394,1267.3
2025-01-16 22:35:00,2.394,2.396,2.39,2.393,2966.4
2025-01-16 22:36:00,2.393,2.394,2.393,2.393,431.3
2025-01-16 22:37:00,2.393,2.393,2.391,2.392,2621.3
2025-01-16 22:38:00,2.392,2.397,2.391,2.397,6666.1
2025-01-16 22:39:00,2.397,2.4,2.397,2.398,2366.1
2025-01-16 22:40:00,2.399,2.4,2.397,2.398,4887.0
2025-01-16 22:41:00,2.397,2.397,2.396,2.396,1410.1
2025-01-16 22:42:00,2.396,2.396,2.394,2.395,1688.5
2025-01-16 22:43:00,2.395,2.395,2.394,2.395,686.3
2025-01-16 22:44:00,2.395,2.395,2.393,2.393,1672.4
2025-01-16 22:45:00,2.394,2.394,2.392,2.392,542.5
2025-01-16 22:46:00,2.392,2.393,2.391,2.392,2935.7
2025-01-16 22:47:00,2.393,2.397,2.393,2.397,10810.9
2025-01-16 22:48:00,2.398,2.398,2.397,2.397,2367.7
2025-01-16 22:49:00,2.398,2.4,2.398,2.4,9001.3
2025-01-16 22:50:00,2.4,2.402,2.4,2.402,1740.7
2025-01-16 22:51:00,2.402,2.402,2.401,2.401,4757.1
2025-01-16 22:52:00,2.402,2.402,2.401,2.401,664.7
2025-01-16 22:53:00,2.4,2.401,2.4,2.4,4977.2
2025-01-16 22:54:00,2.4,2.402,2.4,2.402,270.9
2025-01-16 22:55:00,2.403,2.404,2.403,2.404,536.1
2025-01-16 22:56:00,2.404,2.404,2.401,2.402,3230.0
2025-01-16 22:57:00,2.4,2.401,2.398,2.401,2114.9
2025-01-16 22:58:00,2.398,2.4,2.398,2.4,463.7
2025-01-16 22:59:00,2.398,2.402,2.398,2.399,1649.3
2025-01-16 23:00:00,2.398,2.403,2.398,2.401,2068.4
2025-01-16 23:01:00,2.4,2.402,2.4,2.402,1603.9
2025-01-16 23:02:00,2.403,2.406,2.403,2.406,2860.7
2025-01-16 23:03:00,2.405,2.41,2.405,2.407,4294.6
2025-01-16 23:04:00,2.408,2.41,2.408,2.408,1484.8
2025-01-16 23:05:00,2.407,2.408,2.404,2.404,2523.8
2025-01-16 23:06:00,2.405,2.407,2.405,2.407,2656.2
2025-01-16 23:07:00,2.407,2.41,2.407,2.408,4621.1
2025-01-16 23:08:00,2.408,2.409,2.405,2.407,4034.7
2025-01-16 23:09:00,2.406,2.409,2.406,2.408,3570.1
2025-01-16 23:10:00,2.408,2.409,2.408,2.408,2647.9
2025-01-16 23:11:00,2.408,2.409,2.404,2.407,6166.7
2025-01-16 23:12:00,2.408,2.41,2.408,2.408,1762.5
2025-01-16 23:13:00,2.409,2.409,2.408,2.408,5960.6
2025-01-16 23:14:00,2.407,2.409,2.406,2.409,1234.0
2025-01-16 23:15:00,2.41,2.411,2.409,2.409,4105.0
2025-01-16 23:16:00,2.408,2.408,2.405,2.405,461.7
2025-01-16 23:17:00,2.406,2.411,2.406,2.408,1629.1
2025-01-16 23:18:00,2.408,2.409,2.407,2.407,2852.9
2025-01-16 23:19:00,2.408,2.408,2.405,2.405,1678.3
2025-01-16 23:20:00,2.406,2.406,2.402,2.403,451.9
2025-01-16 23:21:00,2.403,2.403,2.397,2.398,20032.6
2025-01-16 23:22:00,2.396,2.399,2.396,2.397,1883.0
2025-01-16 23:23:00,2.398,2.398,2.395,2.395,2023.9
2025-01-16 23:24:00,2.393,2.393,2.391,2.392,725.0
2025-01-16 23:25:00,2.392,2.392,2.389,2.39,1041.9
2025-01-16 23:26:00,2.391,2.392,2.39,2.392,531.3
2025-01-16 23:27:00,2.392,2.396,2.392,2.392,11814.5
2025-01-16 23:28:00,2.395,2.395,2.384,2.388,68874.1
2025-01-16 23:29:00,2.389,2.39,2.388,2.39,455.2
2025-01-16 23:30:00,2.391,2.392,2.39,2.391,3600.2
2025-01-16 23:31:00,2.392,2.394,2.391,2.393,6285.4
2025-01-16 23:32:00,2.394,2.401,2.394,2.401,5388.9
2025-01-16 23:33:00,2.4,2.4,2.397,2.4,2545.1
2025-01-16 23:34:00,2.4,2.401,2.393,2.401,13605.1
2025-01-16 23:35:00,2.401,2.402,2.4,2.402,2023.6
2025-01-16 23:36:00,2.402,2.402,2.401,2.401,4274.5
2025-01-16 23:37:00,2.401,2.405,2.401,2.405,1730.7
2025-01-16 23:38:00,2.405,2.406,2.405,2.405,1198.0
2025-01-16 23:39:00,2.404,2.406,2.404,2.406,1528.5
2025-01-16 23:40:00,2.405,2.405,2.405,2.405,505.2
2025-01-16 23:41:00,2.405,2.407,2.405,2.407,2531.8
2025-01-16 23:42:00,2.407,2.407,2.405,2.405,429.1
2025-01-16 23:43:00,2.406,2.407,2.406,2.407,52.7
2025-01-16 23:44:00,2.406,2.408,2.406,2.408,499.1
2025-01-16 23:45:00,2.407,2.407,2.405,2.405,575.7
2025-01-16 23:46:00,2.403,2.403,2.4,2.401,3528.2
2025-01-16 23:47:00,2.402,2.402,2.4,2.401,884.4
2025-01-16 23:48:00,2.4,2.4,2.398,2.398,2755.8
2025-01-16 23:49:00,2.398,2.401,2.398,2.401,1210.7
2025-01-16 23:50:00,2.401,2.401,2.4,2.401,1190.8
2025-01-16 23:51:00,2.4,2.402,2.4,2.4,1361.5
2025-01-16 23:52:00,2.401,2.401,2.4,2.401,207.6
2025-01-16 23:53:00,2.401,2.402,2.401,2.401,530.9
2025-01-16 23:54:00,2.401,2.401,2.399,2.399,119.6
2025-01-16 23:55:00,2.4,2.403,2.4,2.402,2502.5
2025-01-16 23:56:00,2.405,2.407,2.405,2.406,524.9
2025-01-16 23:57:00,2.404,2.404,2.403,2.403,198.6
2025-01-16 23:58:00,2.404,2.404,2.403,2.403,162.1
2025-01-16 23:59:00,2.403,2.405,2.402,2.405,667.9
2025-01-17 00:00:00,2.406,2.414,2.406,2.413,8259.4
2025-01-17 00:01:00,2.415,2.419,2.413,2.419,11968.1
2025-01-17 00:02:00,2.418,2.418,2.412,2.414,13677.4
2025-01-17 00:03:00,2.413,2.414,2.411,2.413,8676.8
2025-01-17 00:04:00,2.413,2.414,2.413,2.414,1557.7
2025-01-17 00:05:00,2.414,2.421,2.413,2.421,2479.6
2025-01-17 00:06:00,2.421,2.421,2.42,2.421,1241.2
2025-01-17 00:07:00,2.421,2.422,2.419,2.419,2738.3
2025-01-17 00:08:00,2.42,2.42,2.418,2.42,1010.2
2025-01-17 00:09:00,2.42,2.42,2.414,2.415,5395.5
2025-01-17 00:10:00,2.416,2.418,2.414,2.417,1355.8
2025-01-17 00:11:00,2.416,2.417,2.414,2.417,2971.5
2025-01-17 00:12:00,2.416,2.421,2.416,2.419,957.3
2025-01-17 00:13:00,2.42,2.421,2.419,2.421,1538.6
2025-01-17 00:14:00,2.423,2.423,2.422,2.422,859.0
2025-01-17 00:15:00,2.419,2.424,2.419,2.422,1558.6
2025-01-17 00:16:00,2.423,2.426,2.423,2.426,1001.6
2025-01-17 00:17:00,2.426,2.428,2.424,2.428,6404.5
2025-01-17 00:18:00,2.429,2.431,2.428,2.43,13455.0
2025-01-17 00:19:00,2.429,2.429,2.428,2.429,927.1
2025-01-17 00:20:00,2.431,2.432,2.43,2.43,636.8
2025-01-17 00:21:00,2.431,2.431,2.43,2.431,4267.0
2025-01-17 00:22:00,2.43,2.43,2.423,2.424,41883.4
2025-01-17 00:23:00,2.423,2.423,2.421,2.421,3966.1
2025-01-17 00:24:00,2.421,2.422,2.421,2.422,1423.4
2025-01-17 00:25:00,2.42,2.42,2.416,2.416,6298.4
2025-01-17 00:26:00,2.416,2.416,2.41,2.413,4283.5
2025-01-17 00:27:00,2.413,2.414,2.412,2.413,2764.7
2025-01-17 00:28:00,2.413,2.414,2.413,2.414,962.1
2025-01-17 00:29:00,2.418,2.418,2.416,2.417,156.5
2025-01-17 00:30:00,2.417,2.422,2.417,2.422,1663.4
2025-01-17 00:31:00,2.422,2.425,2.422,2.425,4353.0
2025-01-17 00:32:00,2.425,2.427,2.425,2.426,1522.6
2025-01-17 00:33:00,2.427,2.432,2.427,2.43,1252.0
2025-01-17 00:34:00,2.431,2.434,2.43,2.433,6560.0
2025-01-17 00:35:00,2.432,2.434,2.429,2.433,2637.0
2025-01-17 00:36:00,2.432,2.439,2.432,2.439,2431.8
2025-01-17 00:37:00,2.438,2.438,2.431,2.433,11578.1
2025-01-17 00:38:00,2.434,2.435,2.433,2.433,308.9
2025-01-17 00:39:00,2.432,2.437,2.432,2.437,1356.9
2025-01-17 00:40:00,2.437,2.438,2.435,2.435,1920.9
2025-01-17 00:41:00,2.436,2.439,2.436,2.439,1006.9
2025-01-17 00:42:00,2.438,2.439,2.434,2.436,1757.7
2025-01-17 00:43:00,2.436,2.442,2.436,2.442,4710.2
2025-01-17 00:44:00,2.441,2.445,2.44,2.443,7027.1
2025-01-17 00:45:00,2.443,2.444,2.44,2.441,1980.5
2025-01-17 00:46:00,2.442,2.445,2.441,2.441,8091.3
2025-01-17 00:47:00,2.44,2.44,2.434,2.434,1512.5
2025-01-17 00:48:00,2.434,2.437,2.434,2.435,1995.9
2025-01-17 00:49:00,2.435,2.435,2.434,2.435,822.9
2025-01-17 00:50:00,2.436,2.437,2.433,2.435,1057.0
2025-01-17 00:51:00,2.435,2.436,2.435,2.436,3786.8
2025-01-17 00:52:00,2.438,2.44,2.438,2.44,90.3
2025-01-17 00:53:00,2.439,2.441,2.438,2.441,3023.4
2025-01-17 00:54:00,2.442,2.449,2.442,2.448,21120.3
2025-01-17 00:55:00,2.449,2.45,2.447,2.449,9354.8
2025-01-17 00:56:00,2.449,2.45,2.448,2.449,724.4
2025-01-17 00:57:00,2.448,2.452,2.448,2.452,6271.0
2025-01-17 00:58:00,2.453,2.453,2.45,2.45,3324.3
2025-01-17 00:59:00,2.45,2.452,2.448,2.451,6149.4
2025-01-17 01:00:00,2.45,2.453,2.448,2.453,6952.1
2025-01-17 01:01:00,2.45,2.45,2.444,2.447,5093.0
2025-01-17 01:02:00,2.448,2.45,2.447,2.447,730.5
2025-01-17 01:03:00,2.446,2.448,2.444,2.446,2424.2
2025-01-17 01:04:00,2.445,2.447,2.445,2.446,878.9
2025-01-17 01:05:00,2.444,2.448,2.444,2.448,10466.6
2025-01-17 01:06:00,2.449,2.451,2.448,2.448,1661.7
2025-01-17 01:07:00,2.45,2.45,2.445,2.447,12849.0
2025-01-17 01:08:00,2.444,2.445,2.444,2.445,145.8
2025-01-17 01:09:00,2.447,2.45,2.447,2.449,4270.7
2025-01-17 01:10:00,2.45,2.453,2.449,2.45,4152.2
2025-01-17 01:11:00,2.449,2.45,2.448,2.448,1053.7
2025-01-17 01:12:00,2.448,2.448,2.445,2.446,10634.1
2025-01-17 01:13:00,2.446,2.446,2.442,2.444,2142.2
2025-01-17 01:14:00,2.445,2.446,2.445,2.446,294.7
2025-01-17 01:15:00,2.446,2.452,2.446,2.452,3028.1
2025-01-17 01:16:00,2.452,2.452,2.446,2.446,11062.6
2025-01-17 01:17:00,2.448,2.448,2.442,2.442,391.6
2025-01-17 01:18:00,2.442,2.442,2.439,2.442,3532.2
2025-01-17 01:19:00,2.444,2.446,2.444,2.446,7185.7
2025-01-17 01:20:00,2.444,2.446,2.443,2.446,3257.7
2025-01-17 01:21:00,2.445,2.445,2.44,2.44,6337.7
2025-01-17 01:22:00,2.44,2.441,2.44,2.441,816.5
2025-01-17 01:23:00,2.44,2.44,2.439,2.44,1678.1
2025-01-17 01:24:00,2.439,2.439,2.439,2.439,119.0
2025-01-17 01:25:00,2.44,2.444,2.438,2.444,7220.7
2025-01-17 01:26:00,2.445,2.449,2.445,2.449,1321.2
2025-01-17 01:27:00,2.448,2.451,2.447,2.449,1126.6
2025-01-17 01:28:00,2.448,2.453,2.448,2.451,23702.9
2025-01-17 01:29:00,2.452,2.453,2.451,2.453,880.9
2025-01-17 01:30:00,2.453,2.454,2.451,2.453,928.8
2025-01-17 01:31:00,2.453,2.454,2.452,2.453,2673.6
2025-01-17 01:32:00,2.452,2.456,2.451,2.456,3533.0
2025-01-17 01:33:00,2.457,2.46,2.457,2.459,1779.2
2025-01-17 01:34:00,2.459,2.465,2.459,2.465,12429.4
2025-01-17 01:35:00,2.465,2.474,2.465,2.474,7415.3
2025-01-17 01:36:00,2.474,2.48,2.472,2.477,16574.0
2025-01-17 01:37:00,2.477,2.479,2.471,2.474,19312.2
2025-01-17 01:38:00,2.475,2.477,2.469,2.475,13292.6
2025-01-17 01:39:00,2.475,2.475,2.47,2.472,5881.1
2025-01-17 01:40:00,2.473,2.477,2.472,2.472,13326.2
2025-01-17 01:41:00,2.472,2.479,2.471,2.474,24003.6
2025-01-17 01:42:00,2.476,2.476,2.468,2.473,6024.8
2025-01-17 01:43:00,2.472,2.473,2.468,2.473,5612.8
2025-01-17 01:44:00,2.472,2.473,2.466,2.466,10004.7
2025-01-17 01:45:00,2.466,2.469,2.462,2.468,6493.1
2025-01-17 01:46:00,2.47,2.476,2.469,2.476,6254.4
2025-01-17 01:47:00,2.473,2.476,2.471,2.471,3451.9
2025-01-17 01:48:00,2.474,2.476,2.465,2.466,21737.1
2025-01-17 01:49:00,2.467,2.473,2.467,2.472,2951.3
2025-01-17 01:50:00,2.472,2.472,2.468,2.471,4447.6
2025-01-17 01:51:00,2.468,2.473,2.467,2.472,19975.6
2025-01-17 01:52:00,2.472,2.475,2.469,2.47,24251.4
2025-01-17 01:53:00,2.469,2.469,2.466,2.468,12021.2
2025-01-17 01:54:00,2.468,2.471,2.463,2.467,72716.2
2025-01-17 01:55:00,2.467,2.471,2.467,2.471,4642.9
2025-01-17 01:56:00,2.47,2.471,2.47,2.47,1928.1
2025-01-17 01:57:00,2.469,2.469,2.466,2.467,2847.3
2025-01-17 01:58:00,2.467,2.47,2.465,2.468,12039.7
2025-01-17 01:59:00,2.468,2.468,2.466,2.467,1163.5
2025-01-17 02:00:00,2.466,2.47,2.466,2.47,2017.4
2025-01-17 02:01:00,2.471,2.474,2.469,2.47,1208.5
2025-01-17 02:02:00,2.471,2.473,2.467,2.467,2843.4
2025-01-17 02:03:00,2.468,2.472,2.468,2.472,2942.9
2025-01-17 02:04:00,2.471,2.471,2.459,2.46,30784.2
2025-01-17 02:05:00,2.46,2.462,2.456,2.456,6578.5
2025-01-17 02:06:00,2.456,2.46,2.456,2.458,4905.0
2025-01-17 02:07:00,2.457,2.461,2.457,2.459,3128.1
2025-01-17 02:08:00,2.458,2.459,2.45,2.452,18499.7
2025-01-17 02:09:00,2.452,2.454,2.448,2.45,28683.2
2025-01-17 02:10:00,2.45,2.452,2.449,2.451,8325.8
2025-01-17 02:11:00,2.45,2.455,2.45,2.453,4808.9
2025-01-17 02:12:00,2.456,2.459,2.454,2.457,4596.4
2025-01-17 02:13:00,2.454,2.459,2.454,2.456,11334.3
2025-01-17 02:14:00,2.455,2.456,2.453,2.456,12476.4
2025-01-17 02:15:00,2.457,2.464,2.457,2.461,7409.7
2025-01-17 02:16:00,2.46,2.464,2.458,2.458,3864.7
2025-01-17 02:17:00,2.458,2.461,2.456,2.461,7175.1
2025-01-17 02:18:00,2.461,2.461,2.458,2.459,1542.4
2025-01-17 02:19:00,2.46,2.46,2.457,2.46,3907.9
2025-01-17 02:20:00,2.458,2.459,2.454,2.457,11901.5
2025-01-17 02:21:00,2.455,2.458,2.454,2.457,7616.4
2025-01-17 02:22:00,2.457,2.461,2.456,2.46,4929.1
2025-01-17 02:23:00,2.46,2.462,2.46,2.462,3306.9
2025-01-17 02:24:00,2.462,2.464,2.462,2.464,10873.8
2025-01-17 02:25:00,2.464,2.465,2.463,2.463,7200.7
2025-01-17 02:26:00,2.463,2.466,2.459,2.459,5620.6
2025-01-17 02:27:00,2.459,2.461,2.459,2.46,1025.4
2025-01-17 02:28:00,2.46,2.46,2.459,2.459,1393.1
2025-01-17 02:29:00,2.46,2.46,2.457,2.457,2641.5
2025-01-17 02:30:00,2.459,2.459,2.456,2.458,2718.4
2025-01-17 02:31:00,2.458,2.458,2.454,2.456,602.3
2025-01-17 02:32:00,2.456,2.458,2.451,2.451,4157.9
2025-01-17 02:33:00,2.451,2.452,2.447,2.45,4134.7
2025-01-17 02:34:00,2.449,2.45,2.449,2.449,3612.1
2025-01-17 02:35:00,2.446,2.447,2.446,2.447,1830.7
2025-01-17 02:36:00,2.446,2.448,2.445,2.448,2727.2
2025-01-17 02:37:00,2.448,2.45,2.448,2.45,1951.9
2025-01-17 02:38:00,2.45,2.45,2.447,2.449,3825.6
2025-01-17 02:39:00,2.448,2.448,2.445,2.447,6577.6
2025-01-17 02:40:00,2.447,2.448,2.447,2.447,1696.3
2025-01-17 02:41:00,2.448,2.449,2.446,2.447,903.8
2025-01-17 02:42:00,2.446,2.446,2.442,2.444,5291.2
2025-01-17 02:43:00,2.444,2.444,2.441,2.443,8833.4
2025-01-17 02:44:00,2.443,2.443,2.44,2.442,3862.8
2025-01-17 02:45:00,2.441,2.441,2.434,2.435,28498.3
2025-01-17 02:46:00,2.435,2.436,2.432,2.433,4799.8
2025-01-17 02:47:00,2.432,2.433,2.43,2.431,2478.8
2025-01-17 02:48:00,2.432,2.436,2.428,2.43,3554.4
2025-01-17 02:49:00,2.434,2.434,2.425,2.428,3990.5
2025-01-17 02:50:00,2.428,2.433,2.426,2.431,3413.8
2025-01-17 02:51:00,2.427,2.428,2.424,2.425,7196.9
2025-01-17 02:52:00,2.423,2.429,2.423,2.428,1624.9
2025-01-17 02:53:00,2.425,2.429,2.424,2.429,2024.4
2025-01-17 02:54:00,2.428,2.432,2.428,2.429,6393.2
2025-01-17 02:55:00,2.427,2.428,2.425,2.426,4831.0
2025-01-17 02:56:00,2.426,2.427,2.426,2.426,1332.1
2025-01-17 02:57:00,2.426,2.43,2.426,2.429,2406.4
2025-01-17 02:58:00,2.428,2.431,2.428,2.43,3197.9
2025-01-17 02:59:00,2.43,2.433,2.43,2.43,1935.6
2025-01-17 03:00:00,2.43,2.435,2.43,2.433,7319.0
2025-01-17 03:01:00,2.435,2.437,2.435,2.435,2672.9
2025-01-17 03:02:00,2.436,2.438,2.436,2.437,1958.9
2025-01-17 03:03:00,2.436,2.438,2.436,2.438,833.6
2025-01-17 03:04:00,2.438,2.438,2.436,2.436,1289.9
2025-01-17 03:05:00,2.437,2.437,2.434,2.434,1084.4
2025-01-17 03:06:00,2.434,2.434,2.431,2.431,471.1
2025-01-17 03:07:00,2.431,2.433,2.431,2.432,1696.6
2025-01-17 03:08:00,2.433,2.435,2.433,2.434,482.0
2025-01-17 03:09:00,2.434,2.438,2.432,2.437,2282.0
2025-01-17 03:10:00,2.437,2.437,2.433,2.433,832.1
2025-01-17 03:11:00,2.434,2.434,2.429,2.429,2491.3
2025-01-17 03:12:00,2.43,2.43,2.428,2.428,1109.1
2025-01-17 03:13:00,2.428,2.428,2.425,2.426,846.7
2025-01-17 03:14:00,2.425,2.426,2.424,2.426,190.4
2025-01-17 03:15:00,2.426,2.427,2.423,2.423,5036.1
2025-01-17 03:16:00,2.423,2.425,2.423,2.423,1258.2
2025-01-17 03:17:00,2.425,2.426,2.424,2.425,3124.9
2025-01-17 03:18:00,2.426,2.43,2.426,2.429,5779.7
2025-01-17 03:19:00,2.428,2.43,2.427,2.429,5683.1
2025-01-17 03:20:00,2.429,2.432,2.429,2.432,1385.3
2025-01-17 03:21:00,2.433,2.434,2.431,2.431,2399.9
2025-01-17 03:22:00,2.431,2.432,2.429,2.432,1481.0
2025-01-17 03:23:00,2.432,2.433,2.431,2.432,804.7
2025-01-17 03:24:00,2.431,2.432,2.43,2.43,81.6
2025-01-17 03:25:00,2.431,2.433,2.431,2.432,1230.4
2025-01-17 03:26:00,2.432,2.432,2.43,2.43,542.4
2025-01-17 03:27:00,2.429,2.433,2.428,2.433,4284.8
2025-01-17 03:28:00,2.431,2.433,2.43,2.433,1088.0
2025-01-17 03:29:00,2.432,2.436,2.431,2.435,2026.7
2025-01-17 03:30:00,2.434,2.437,2.434,2.435,7546.5
2025-01-17 03:31:00,2.433,2.434,2.431,2.433,2638.1
2025-01-17 03:32:00,2.433,2.438,2.433,2.438,3707.7
2025-01-17 03:33:00,2.437,2.438,2.434,2.438,1800.7
2025-01-17 03:34:00,2.438,2.438,2.436,2.436,174.8
2025-01-17 03:35:00,2.436,2.437,2.436,2.436,377.1
2025-01-17 03:36:00,2.435,2.44,2.435,2.439,1547.0
2025-01-17 03:37:00,2.44,2.441,2.438,2.438,1593.0
2025-01-17 03:38:00,2.437,2.438,2.436,2.438,2396.2
2025-01-17 03:39:00,2.435,2.437,2.435,2.437,466.8
2025-01-17 03:40:00,2.436,2.437,2.435,2.435,706.3
2025-01-17 03:41:00,2.436,2.437,2.435,2.436,1794.4
2025-01-17 03:42:00,2.436,2.438,2.435,2.435,3115.8
2025-01-17 03:43:00,2.434,2.437,2.434,2.435,1189.2
2025-01-17 03:44:00,2.436,2.437,2.435,2.435,2092.0
2025-01-17 03:45:00,2.436,2.437,2.436,2.437,351.1
2025-01-17 03:46:00,2.436,2.436,2.431,2.432,4401.3
2025-01-17 03:47:00,2.43,2.43,2.427,2.428,450.9
2025-01-17 03:48:00,2.428,2.433,2.428,2.432,6207.0
2025-01-17 03:49:00,2.43,2.433,2.43,2.433,3002.1
2025-01-17 03:50:00,2.432,2.432,2.432,2.432,7.6
2025-01-17 03:51:00,2.428,2.431,2.427,2.431,1059.6
2025-01-17 03:52:00,2.431,2.432,2.431,2.432,351.2
2025-01-17 03:53:00,2.434,2.435,2.432,2.432,394.1
2025-01-17 03:54:00,2.432,2.435,2.432,2.435,805.5
2025-01-17 03:55:00,2.434,2.438,2.434,2.437,1090.9
2025-01-17 03:56:00,2.438,2.44,2.438,2.438,5876.0
2025-01-17 03:57:00,2.438,2.438,2.435,2.437,760.7
2025-01-17 03:58:00,2.436,2.438,2.436,2.437,215.2
2025-01-17 03:59:00,2.438,2.44,2.438,2.439,686.4
2025-01-17 04:00:00,2.439,2.442,2.439,2.442,304.4
2025-01-17 04:01:00,2.442,2.442,2.44,2.441,54.0
2025-01-17 04:02:00,2.442,2.446,2.442,2.445,10906.9
2025-01-17 04:03:00,2.445,2.447,2.444,2.445,758.3
2025-01-17 04:04:00,2.445,2.446,2.445,2.446,286.3
2025-01-17 04:05:00,2.446,2.446,2.441,2.442,658.2
2025-01-17 04:06:00,2.441,2.441,2.439,2.44,647.9
2025-01-17 04:07:00,2.44,2.441,2.439,2.439,110.3
2025-01-17 04:08:00,2.438,2.439,2.436,2.439,955.9
2025-01-17 04:09:00,2.438,2.438,2.435,2.435,820.2
2025-01-17 04:10:00,2.434,2.434,2.431,2.433,1304.6
2025-01-17 04:11:00,2.433,2.436,2.431,2.431,22147.7
2025-01-17 04:12:00,2.432,2.432,2.431,2.432,894.1
2025-01-17 04:13:00,2.432,2.435,2.432,2.435,1131.6
2025-01-17 04:14:00,2.435,2.437,2.434,2.434,647.9
2025-01-17 04:15:00,2.434,2.438,2.434,2.438,660.8
2025-01-17 04:16:00,2.438,2.439,2.437,2.437,863.6
2025-01-17 04:17:00,2.437,2.441,2.437,2.439,2590.2
2025-01-17 04:18:00,2.439,2.439,2.438,2.439,275.1
2025-01-17 04:19:00,2.436,2.436,2.436,2.436,430.5
2025-01-17 04:20:00,2.437,2.44,2.437,2.439,695.1
2025-01-17 04:21:00,2.439,2.444,2.439,2.444,1464.7
2025-01-17 04:22:00,2.443,2.45,2.443,2.448,4261.4
2025-01-17 04:23:00,2.446,2.447,2.444,2.446,665.1
2025-01-17 04:24:00,2.445,2.446,2.443,2.446,2105.6
2025-01-17 04:25:00,2.443,2.444,2.442,2.442,1450.7
2025-01-17 04:26:00,2.442,2.442,2.44,2.442,1441.8
2025-01-17 04:27:00,2.441,2.441,2.439,2.441,4542.4
2025-01-17 04:28:00,2.441,2.441,2.441,2.441,252.0
2025-01-17 04:29:00,2.441,2.443,2.441,2.443,3174.3
2025-01-17 04:30:00,2.441,2.441,2.441,2.441,1208.6
2025-01-17 04:31:00,2.44,2.442,2.438,2.438,1047.3
2025-01-17 04:32:00,2.439,2.439,2.438,2.439,682.9
2025-01-17 04:33:00,2.44,2.442,2.44,2.441,466.8
2025-01-17 04:34:00,2.441,2.442,2.439,2.44,924.1
2025-01-17 04:35:00,2.441,2.442,2.441,2.442,339.6
2025-01-17 04:36:00,2.443,2.446,2.442,2.446,2336.6
2025-01-17 04:37:00,2.445,2.445,2.444,2.444,976.4
2025-01-17 04:38:00,2.445,2.447,2.445,2.447,655.5
2025-01-17 04:39:00,2.446,2.447,2.445,2.445,3160.7
2025-01-17 04:40:00,2.445,2.447,2.445,2.446,2139.6
2025-01-17 04:41:00,2.444,2.449,2.444,2.446,7012.2
2025-01-17 04:42:00,2.446,2.447,2.442,2.446,14980.2
2025-01-17 04:43:00,2.447,2.447,2.445,2.445,1662.9
2025-01-17 04:44:00,2.446,2.448,2.446,2.448,1945.9
2025-01-17 04:45:00,2.448,2.449,2.448,2.449,111.6
2025-01-17 04:46:00,2.45,2.451,2.449,2.449,1149.1
2025-01-17 04:47:00,2.45,2.454,2.45,2.453,1274.9
2025-01-17 04:48:00,2.453,2.453,2.453,2.453,580.3
2025-01-17 04:49:00,2.452,2.453,2.452,2.452,299.5
2025-01-17 04:50:00,2.453,2.456,2.453,2.455,243.5
2025-01-17 04:51:00,2.456,2.458,2.456,2.458,1136.7
2025-01-17 04:52:00,2.459,2.461,2.458,2.461,2455.8
2025-01-17 04:53:00,2.461,2.463,2.461,2.461,894.2
2025-01-17 04:54:00,2.462,2.465,2.462,2.462,16426.0
2025-01-17 04:55:00,2.462,2.462,2.46,2.461,835.8
2025-01-17 04:56:00,2.462,2.463,2.461,2.463,1892.2
2025-01-17 04:57:00,2.464,2.464,2.463,2.463,248.2
2025-01-17 04:58:00,2.464,2.464,2.463,2.464,733.2
2025-01-17 04:59:00,2.463,2.463,2.462,2.462,200.2
2025-01-17 05:00:00,2.46,2.46,2.458,2.46,595.6
2025-01-17 05:01:00,2.46,2.464,2.46,2.461,1814.9
2025-01-17 05:02:00,2.461,2.461,2.459,2.46,528.1
2025-01-17 05:03:00,2.459,2.459,2.455,2.457,5627.0
2025-01-17 05:04:00,2.457,2.457,2.453,2.453,2183.6
2025-01-17 05:05:00,2.453,2.453,2.453,2.453,28.7
2025-01-17 05:06:00,2.453,2.455,2.453,2.453,739.6
2025-01-17 05:07:00,2.455,2.457,2.455,2.456,409.1
2025-01-17 05:08:00,2.455,2.457,2.455,2.455,2769.4
2025-01-17 05:09:00,2.453,2.454,2.453,2.453,704.8
2025-01-17 05:10:00,2.453,2.456,2.453,2.455,2561.5
2025-01-17 05:11:00,2.453,2.455,2.453,2.455,501.8
2025-01-17 05:12:00,2.454,2.456,2.454,2.456,6643.6
2025-01-17 05:13:00,2.454,2.456,2.454,2.456,1965.8
2025-01-17 05:14:00,2.457,2.458,2.455,2.455,3428.7
2025-01-17 05:15:00,2.457,2.46,2.457,2.46,1385.9
2025-01-17 05:16:00,2.461,2.461,2.452,2.454,7412.0
2025-01-17 05:17:00,2.453,2.453,2.452,2.452,859.5
2025-01-17 05:18:00,2.453,2.458,2.453,2.458,877.6
2025-01-17 05:19:00,2.459,2.46,2.457,2.457,545.2
2025-01-17 05:20:00,2.458,2.458,2.456,2.457,6919.8
2025-01-17 05:21:00,2.455,2.455,2.454,2.454,850.0
2025-01-17 05:22:00,2.454,2.46,2.454,2.46,1410.1
2025-01-17 05:23:00,2.459,2.461,2.457,2.459,4455.7
2025-01-17 05:24:00,2.459,2.46,2.456,2.456,20634.3
2025-01-17 05:25:00,2.456,2.457,2.456,2.457,774.9
2025-01-17 05:26:00,2.457,2.457,2.454,2.455,1981.6
2025-01-17 05:27:00,2.457,2.457,2.453,2.454,19336.2
2025-01-17 05:28:00,2.454,2.456,2.454,2.455,1785.4
2025-01-17 05:29:00,2.454,2.455,2.454,2.454,1179.1
2025-01-17 05:30:00,2.454,2.46,2.454,2.46,3240.4
2025-01-17 05:31:00,2.459,2.461,2.456,2.456,1441.1
2025-01-17 05:32:00,2.455,2.456,2.449,2.449,23527.3
2025-01-17 05:33:00,2.449,2.451,2.448,2.45,4182.9
2025-01-17 05:34:00,2.448,2.45,2.446,2.448,7916.9
2025-01-17 05:35:00,2.447,2.449,2.446,2.446,2771.2
2025-01-17 05:36:00,2.445,2.447,2.444,2.444,2113.2
2025-01-17 05:37:00,2.445,2.445,2.441,2.443,19257.5
2025-01-17 05:38:00,2.443,2.444,2.44,2.44,1557.1
2025-01-17 05:39:00,2.44,2.443,2.44,2.442,1884.4
2025-01-17 05:40:00,2.443,2.446,2.44,2.442,2969.8
2025-01-17 05:41:00,2.442,2.443,2.442,2.443,451.4
2025-01-17 05:42:00,2.445,2.445,2.444,2.444,1230.6
2025-01-17 05:43:00,2.443,2.445,2.442,2.444,847.6
2025-01-17 05:44:00,2.444,2.444,2.444,2.444,673.5
2025-01-17 05:45:00,2.444,2.451,2.444,2.45,8034.4
2025-01-17 05:46:00,2.451,2.451,2.449,2.449,507.7
2025-01-17 05:47:00,2.449,2.451,2.449,2.449,1740.8
2025-01-17 05:48:00,2.45,2.454,2.45,2.454,1914.3
2025-01-17 05:49:00,2.453,2.455,2.453,2.454,1413.1
2025-01-17 05:50:00,2.456,2.456,2.454,2.454,1138.9
2025-01-17 05:51:00,2.455,2.455,2.453,2.455,826.3
2025-01-17 05:52:00,2.455,2.455,2.454,2.455,561.3
2025-01-17 05:53:00,2.456,2.456,2.453,2.454,367.4
2025-01-17 05:54:00,2.455,2.456,2.454,2.455,993.1
2025-01-17 05:55:00,2.455,2.456,2.454,2.456,672.2
2025-01-17 05:56:00,2.456,2.457,2.454,2.454,2448.0
2025-01-17 05:57:00,2.452,2.455,2.452,2.455,1110.1
2025-01-17 05:58:00,2.455,2.456,2.454,2.455,731.8
2025-01-17 05:59:00,2.454,2.454,2.451,2.452,3118.2
2025-01-17 06:00:00,2.455,2.456,2.452,2.453,1538.1
2025-01-17 06:01:00,2.453,2.453,2.45,2.45,1305.3
2025-01-17 06:02:00,2.45,2.452,2.45,2.451,1811.7
2025-01-17 06:03:00,2.451,2.453,2.451,2.453,897.5
2025-01-17 06:04:00,2.453,2.454,2.452,2.453,1249.2
2025-01-17 06:05:00,2.45,2.454,2.45,2.452,3313.1
2025-01-17 06:06:00,2.45,2.453,2.449,2.452,1287.3
2025-01-17 06:07:00,2.451,2.452,2.451,2.452,225.9
2025-01-17 06:08:00,2.451,2.451,2.45,2.45,366.5
2025-01-17 06:09:00,2.448,2.45,2.448,2.448,264.6
2025-01-17 06:10:00,2.451,2.453,2.449,2.453,2798.4
2025-01-17 06:11:00,2.453,2.453,2.453,2.453,280.8
2025-01-17 06:12:00,2.454,2.456,2.453,2.456,3446.3
2025-01-17 06:13:00,2.457,2.459,2.457,2.458,192.1
2025-01-17 06:14:00,2.459,2.459,2.458,2.458,637.0
2025-01-17 06:15:00,2.458,2.461,2.458,2.461,264.3
2025-01-17 06:16:00,2.46,2.461,2.459,2.46,1313.8
2025-01-17 06:17:00,2.46,2.462,2.459,2.461,166.3
2025-01-17 06:18:00,2.459,2.461,2.459,2.461,464.6
2025-01-17 06:19:00,2.461,2.461,2.458,2.458,8750.2
2025-01-17 06:20:00,2.459,2.459,2.457,2.458,1338.6
2025-01-17 06:21:00,2.457,2.457,2.455,2.457,2956.5
2025-01-17 06:22:00,2.456,2.457,2.455,2.455,5068.9
2025-01-17 06:23:00,2.456,2.458,2.456,2.457,3111.6
2025-01-17 06:24:00,2.454,2.455,2.452,2.452,1715.3
2025-01-17 06:25:00,2.451,2.451,2.448,2.448,544.4
2025-01-17 06:26:00,2.449,2.451,2.449,2.451,2617.8
2025-01-17 06:27:00,2.452,2.453,2.451,2.452,300.3
2025-01-17 06:28:00,2.452,2.453,2.452,2.453,522.2
2025-01-17 06:29:00,2.453,2.455,2.453,2.453,792.1
2025-01-17 06:30:00,2.451,2.455,2.451,2.452,2068.5
2025-01-17 06:31:00,2.451,2.452,2.449,2.452,3022.1
2025-01-17 06:32:00,2.453,2.453,2.45,2.451,3654.1
2025-01-17 06:33:00,2.452,2.452,2.451,2.451,116.4
2025-01-17 06:34:00,2.45,2.452,2.449,2.451,1152.5
2025-01-17 06:35:00,2.449,2.449,2.447,2.448,705.4
2025-01-17 06:36:00,2.448,2.448,2.448,2.448,500.9
2025-01-17 06:37:00,2.447,2.448,2.447,2.448,803.2
2025-01-17 06:38:00,2.448,2.448,2.447,2.448,663.9
2025-01-17 06:39:00,2.449,2.45,2.448,2.448,1004.1
2025-01-17 06:40:00,2.448,2.449,2.448,2.449,25.7
2025-01-17 06:41:00,2.45,2.451,2.45,2.45,2641.3
2025-01-17 06:42:00,2.45,2.45,2.45,2.45,439.6
2025-01-17 06:43:00,2.45,2.45,2.449,2.449,3099.4
2025-01-17 06:44:00,2.449,2.451,2.448,2.451,2734.4
2025-01-17 06:45:00,2.448,2.448,2.447,2.447,19.0
2025-01-17 06:46:00,2.447,2.447,2.445,2.445,124.3
2025-01-17 06:47:00,2.445,2.445,2.439,2.439,829.0
2025-01-17 06:48:00,2.439,2.442,2.439,2.441,546.0
2025-01-17 06:49:00,2.443,2.443,2.441,2.441,1082.1
2025-01-17 06:50:00,2.441,2.443,2.441,2.443,35.0
2025-01-17 06:51:00,2.443,2.443,2.442,2.443,4121.3
2025-01-17 06:52:00,2.443,2.443,2.443,2.443,8.6
2025-01-17 06:53:00,2.444,2.445,2.444,2.445,1432.2
2025-01-17 06:54:00,2.446,2.448,2.446,2.448,45.9
2025-01-17 06:55:00,2.45,2.45,2.449,2.449,471.9
2025-01-17 06:56:00,2.448,2.448,2.446,2.446,909.4
2025-01-17 06:57:00,2.447,2.45,2.447,2.449,176.6
2025-01-17 06:58:00,2.45,2.451,2.45,2.451,492.5
2025-01-17 06:59:00,2.45,2.451,2.45,2.451,960.6
2025-01-17 07:00:00,2.451,2.454,2.451,2.454,13705.4
2025-01-17 07:01:00,2.454,2.456,2.453,2.454,5590.3
2025-01-17 07:02:00,2.455,2.455,2.451,2.451,870.0
2025-01-17 07:03:00,2.451,2.451,2.449,2.449,398.7
2025-01-17 07:04:00,2.449,2.451,2.449,2.451,1564.0
2025-01-17 07:05:00,2.45,2.453,2.449,2.452,2254.5
2025-01-17 07:06:00,2.452,2.452,2.451,2.451,816.7
2025-01-17 07:07:00,2.45,2.451,2.45,2.451,934.8
2025-01-17 07:08:00,2.451,2.454,2.451,2.453,3672.3
2025-01-17 07:09:00,2.454,2.454,2.452,2.452,761.4
2025-01-17 07:10:00,2.451,2.451,2.45,2.45,157.6
2025-01-17 07:11:00,2.451,2.453,2.451,2.453,431.5
2025-01-17 07:12:00,2.453,2.453,2.452,2.452,1083.5
2025-01-17 07:13:00,2.451,2.452,2.449,2.452,525.2
2025-01-17 07:14:00,2.453,2.455,2.453,2.454,772.8
2025-01-17 07:15:00,2.454,2.457,2.454,2.456,314.3
2025-01-17 07:16:00,2.456,2.456,2.454,2.454,986.0
2025-01-17 07:17:00,2.455,2.455,2.455,2.455,236.7
2025-01-17 07:18:00,2.455,2.456,2.455,2.456,1438.8
2025-01-17 07:19:00,2.456,2.457,2.456,2.457,326.2
2025-01-17 07:20:00,2.458,2.458,2.457,2.457,695.4
2025-01-17 07:21:00,2.458,2.459,2.457,2.458,1807.1
2025-01-17 07:22:00,2.457,2.458,2.457,2.458,228.9
2025-01-17 07:23:00,2.458,2.46,2.458,2.459,903.7
2025-01-17 07:24:00,2.459,2.46,2.457,2.46,546.1
2025-01-17 07:25:00,2.46,2.461,2.459,2.46,1041.4
2025-01-17 07:26:00,2.46,2.461,2.458,2.458,4654.6
2025-01-17 07:27:00,2.458,2.458,2.458,2.458,253.7
2025-01-17 07:28:00,2.457,2.46,2.457,2.46,7146.4
2025-01-17 07:29:00,2.46,2.46,2.459,2.459,322.1
2025-01-17 07:30:00,2.46,2.46,2.459,2.46,204.3
2025-01-17 07:31:00,2.461,2.461,2.459,2.461,1109.6
2025-01-17 07:32:00,2.46,2.462,2.46,2.462,1695.8
2025-01-17 07:33:00,2.462,2.465,2.461,2.465,2502.3
2025-01-17 07:34:00,2.465,2.466,2.461,2.461,560.1
2025-01-17 07:35:00,2.46,2.463,2.458,2.463,25557.3
2025-01-17 07:36:00,2.463,2.465,2.463,2.464,993.3
2025-01-17 07:37:00,2.461,2.461,2.46,2.46,407.2
2025-01-17 07:38:00,2.461,2.461,2.46,2.461,1520.0
2025-01-17 07:39:00,2.462,2.462,2.46,2.46,2405.8
2025-01-17 07:40:00,2.459,2.463,2.459,2.461,2172.4
2025-01-17 07:41:00,2.461,2.461,2.456,2.461,4338.2
2025-01-17 07:42:00,2.461,2.461,2.46,2.46,217.9
2025-01-17 07:43:00,2.46,2.46,2.458,2.46,841.1
2025-01-17 07:44:00,2.461,2.462,2.46,2.462,279.3
2025-01-17 07:45:00,2.463,2.463,2.462,2.463,806.7
2025-01-17 07:46:00,2.462,2.463,2.461,2.463,301.4
2025-01-17 07:47:00,2.461,2.461,2.461,2.461,895.3
2025-01-17 07:48:00,2.461,2.465,2.461,2.465,2843.9
2025-01-17 07:49:00,2.466,2.466,2.465,2.465,4764.2
2025-01-17 07:50:00,2.466,2.468,2.463,2.463,10509.3
2025-01-17 07:51:00,2.463,2.463,2.46,2.46,382.5
2025-01-17 07:52:00,2.459,2.459,2.458,2.458,344.3
2025-01-17 07:53:00,2.458,2.459,2.456,2.456,3209.9
2025-01-17 07:54:00,2.457,2.457,2.452,2.452,1149.2
2025-01-17 07:55:00,2.451,2.451,2.448,2.448,486.8
2025-01-17 07:56:00,2.448,2.451,2.448,2.451,1896.5
2025-01-17 07:57:00,2.451,2.451,2.449,2.451,3798.2
2025-01-17 07:58:00,2.451,2.451,2.448,2.448,1740.2
2025-01-17 07:59:00,2.447,2.451,2.447,2.45,286.6
2025-01-17 08:00:00,2.451,2.462,2.449,2.46,16349.5
2025-01-17 08:01:00,2.458,2.462,2.458,2.46,1572.8
2025-01-17 08:02:00,2.46,2.46,2.454,2.454,4671.3
2025-01-17 08:03:00,2.454,2.454,2.45,2.45,554.7
2025-01-17 08:04:00,2.451,2.452,2.45,2.451,778.5
2025-01-17 08:05:00,2.451,2.454,2.45,2.454,3293.9
2025-01-17 08:06:00,2.452,2.452,2.451,2.451,66.9
2025-01-17 08:07:00,2.453,2.453,2.449,2.452,6324.9
2025-01-17 08:08:00,2.451,2.451,2.446,2.446,1809.4
2025-01-17 08:09:00,2.446,2.446,2.442,2.442,873.7
2025-01-17 08:10:00,2.443,2.444,2.441,2.441,480.1
2025-01-17 08:11:00,2.44,2.443,2.44,2.443,949.8
2025-01-17 08:12:00,2.442,2.443,2.439,2.441,20305.9
2025-01-17 08:13:00,2.441,2.442,2.437,2.439,7587.1
2025-01-17 08:14:00,2.437,2.439,2.436,2.436,1886.9
2025-01-17 08:15:00,2.436,2.439,2.434,2.436,7081.3
2025-01-17 08:16:00,2.436,2.441,2.436,2.439,6209.6
2025-01-17 08:17:00,2.438,2.44,2.437,2.44,736.8
2025-01-17 08:18:00,2.441,2.443,2.44,2.44,1063.5
2025-01-17 08:19:00,2.44,2.44,2.438,2.439,537.2
2025-01-17 08:20:00,2.438,2.439,2.434,2.434,13222.0
2025-01-17 08:21:00,2.435,2.435,2.43,2.43,17719.7
2025-01-17 08:22:00,2.431,2.434,2.43,2.431,17606.1
2025-01-17 08:23:00,2.432,2.432,2.426,2.427,12730.5
2025-01-17 08:24:00,2.427,2.428,2.424,2.424,8553.6
2025-01-17 08:25:00,2.423,2.428,2.423,2.426,48167.7
2025-01-17 08:26:00,2.427,2.43,2.427,2.428,3646.5
2025-01-17 08:27:00,2.429,2.434,2.429,2.433,3640.3
2025-01-17 08:28:00,2.432,2.432,2.43,2.432,11195.1
2025-01-17 08:29:00,2.433,2.434,2.433,2.434,2275.7
2025-01-17 08:30:00,2.436,2.443,2.436,2.443,3399.5
2025-01-17 08:31:00,2.444,2.449,2.444,2.447,19723.9
2025-01-17 08:32:00,2.448,2.452,2.448,2.45,3501.6
2025-01-17 08:33:00,2.451,2.453,2.449,2.452,13681.5
2025-01-17 08:34:00,2.453,2.457,2.453,2.456,8148.0
2025-01-17 08:35:00,2.457,2.458,2.453,2.454,2679.1
2025-01-17 08:36:00,2.454,2.454,2.452,2.452,337.5
2025-01-17 08:37:00,2.453,2.454,2.45,2.45,6507.7
2025-01-17 08:38:00,2.45,2.45,2.443,2.443,2555.0
2025-01-17 08:39:00,2.445,2.446,2.442,2.442,588.7
2025-01-17 08:40:00,2.443,2.447,2.443,2.443,1977.1
2025-01-17 08:41:00,2.443,2.446,2.442,2.446,2210.5
2025-01-17 08:42:00,2.446,2.446,2.443,2.445,406.5
2025-01-17 08:43:00,2.446,2.449,2.445,2.445,14718.1
2025-01-17 08:44:00,2.445,2.446,2.442,2.443,3792.4
2025-01-17 08:45:00,2.443,2.445,2.434,2.434,26115.3
2025-01-17 08:46:00,2.435,2.439,2.434,2.434,9251.7
2025-01-17 08:47:00,2.433,2.434,2.427,2.432,24693.1
2025-01-17 08:48:00,2.432,2.433,2.429,2.433,11015.3
2025-01-17 08:49:00,2.432,2.436,2.43,2.436,2320.1
2025-01-17 08:50:00,2.435,2.437,2.434,2.437,748.5
2025-01-17 08:51:00,2.439,2.442,2.439,2.442,3460.4
2025-01-17 08:52:00,2.441,2.441,2.436,2.438,1157.4
2025-01-17 08:53:00,2.436,2.442,2.436,2.442,1470.7
2025-01-17 08:54:00,2.442,2.446,2.442,2.446,3262.9
2025-01-17 08:55:00,2.446,2.451,2.446,2.448,4397.3
2025-01-17 08:56:00,2.447,2.45,2.445,2.45,938.9
2025-01-17 08:57:00,2.449,2.449,2.446,2.446,712.0
2025-01-17 08:58:00,2.447,2.453,2.447,2.452,10868.5
2025-01-17 08:59:00,2.452,2.455,2.452,2.454,3063.0
2025-01-17 09:00:00,2.454,2.463,2.454,2.458,14712.4
2025-01-17 09:01:00,2.458,2.461,2.457,2.459,6299.8
2025-01-17 09:02:00,2.457,2.459,2.455,2.458,1751.1
2025-01-17 09:03:00,2.458,2.458,2.456,2.457,1879.2
2025-01-17 09:04:00,2.455,2.457,2.454,2.456,3270.1
2025-01-17 09:05:00,2.455,2.455,2.451,2.452,93.1
2025-01-17 09:06:00,2.452,2.452,2.449,2.452,4075.4
2025-01-17 09:07:00,2.454,2.454,2.454,2.454,1187.0
2025-01-17 09:08:00,2.454,2.457,2.454,2.454,4085.7
2025-01-17 09:09:00,2.454,2.456,2.452,2.454,4528.6
2025-01-17 09:10:00,2.454,2.454,2.451,2.453,1334.5
2025-01-17 09:11:00,2.455,2.455,2.447,2.447,8545.3
2025-01-17 09:12:00,2.447,2.452,2.447,2.45,4013.2
2025-01-17 09:13:00,2.45,2.452,2.449,2.451,782.3
2025-01-17 09:14:00,2.453,2.454,2.453,2.453,6058.7
2025-01-17 09:15:00,2.452,2.452,2.449,2.451,2799.2
2025-01-17 09:16:00,2.448,2.449,2.444,2.444,2359.8
2025-01-17 09:17:00,2.444,2.445,2.442,2.444,1017.3
2025-01-17 09:18:00,2.445,2.445,2.44,2.44,8879.5
2025-01-17 09:19:00,2.44,2.441,2.437,2.438,1871.9
2025-01-17 09:20:00,2.437,2.437,2.435,2.435,601.8
2025-01-17 09:21:00,2.434,2.438,2.434,2.438,1566.9
2025-01-17 09:22:00,2.439,2.442,2.439,2.44,6874.1
2025-01-17 09:23:00,2.438,2.44,2.438,2.439,1832.0
2025-01-17 09:24:00,2.437,2.437,2.436,2.437,836.7
2025-01-17 09:25:00,2.437,2.437,2.434,2.435,692.5
2025-01-17 09:26:00,2.434,2.436,2.433,2.433,3179.4
2025-01-17 09:27:00,2.434,2.436,2.433,2.435,9217.6
2025-01-17 09:28:00,2.434,2.438,2.434,2.438,2383.1
2025-01-17 09:29:00,2.437,2.44,2.437,2.44,1476.9
2025-01-17 09:30:00,2.442,2.444,2.44,2.442,1712.5
2025-01-17 09:31:00,2.442,2.445,2.442,2.445,23171.5
2025-01-17 09:32:00,2.445,2.447,2.444,2.444,5507.4
2025-01-17 09:33:00,2.444,2.444,2.442,2.443,9059.1
2025-01-17 09:34:00,2.442,2.443,2.441,2.443,3166.4
2025-01-17 09:35:00,2.444,2.445,2.444,2.444,1949.9
2025-01-17 09:36:00,2.445,2.448,2.444,2.448,2246.0
2025-01-17 09:37:00,2.448,2.449,2.442,2.442,6465.3
2025-01-17 09:38:00,2.442,2.446,2.442,2.444,490.3
2025-01-17 09:39:00,2.445,2.446,2.444,2.445,842.2
2025-01-17 09:40:00,2.446,2.446,2.443,2.444,1941.9
2025-01-17 09:41:00,2.444,2.446,2.444,2.446,3710.3
2025-01-17 09:42:00,2.446,2.446,2.444,2.444,4050.2
2025-01-17 09:43:00,2.442,2.442,2.44,2.44,254.6
2025-01-17 09:44:00,2.441,2.441,2.439,2.44,2100.1
2025-01-17 09:45:00,2.44,2.443,2.44,2.442,2377.7
2025-01-17 09:46:00,2.443,2.443,2.44,2.44,2122.4
2025-01-17 09:47:00,2.439,2.441,2.439,2.441,574.6
2025-01-17 09:48:00,2.441,2.441,2.44,2.44,3617.7
2025-01-17 09:49:00,2.44,2.441,2.439,2.441,15344.5
2025-01-17 09:50:00,2.441,2.443,2.441,2.442,595.0
2025-01-17 09:51:00,2.442,2.443,2.441,2.443,1237.1
2025-01-17 09:52:00,2.443,2.444,2.443,2.444,655.0
2025-01-17 09:53:00,2.444,2.444,2.442,2.443,5728.3
2025-01-17 09:54:00,2.443,2.445,2.442,2.444,2554.9
2025-01-17 09:55:00,2.443,2.443,2.44,2.443,3968.4
2025-01-17 09:56:00,2.442,2.442,2.441,2.442,4762.1
2025-01-17 09:57:00,2.442,2.443,2.442,2.443,545.8
2025-01-17 09:58:00,2.444,2.447,2.444,2.444,4104.9
2025-01-17 09:59:00,2.444,2.445,2.444,2.444,953.4
2025-01-17 10:00:00,2.443,2.445,2.442,2.443,2698.4
2025-01-17 10:01:00,2.442,2.442,2.44,2.44,8926.6
2025-01-17 10:02:00,2.44,2.44,2.439,2.439,2574.4
2025-01-17 10:03:00,2.44,2.442,2.44,2.442,11370.5
2025-01-17 10:04:00,2.442,2.442,2.442,2.442,0.0
2025-01-17 10:05:00,2.441,2.442,2.441,2.442,3177.1
2025-01-17 10:06:00,2.442,2.443,2.441,2.441,670.6
2025-01-17 10:07:00,2.44,2.442,2.439,2.442,8897.9
2025-01-17 10:08:00,2.44,2.44,2.439,2.44,553.1
2025-01-17 10:09:00,2.439,2.439,2.437,2.437,2228.8
2025-01-17 10:10:00,2.438,2.441,2.438,2.441,1503.6
2025-01-17 10:11:00,2.439,2.444,2.438,2.444,1174.2
2025-01-17 10:12:00,2.443,2.449,2.443,2.449,6085.6
2025-01-17 10:13:00,2.449,2.455,2.448,2.454,7274.6
2025-01-17 10:14:00,2.455,2.455,2.451,2.452,3857.1
2025-01-17 10:15:00,2.452,2.453,2.451,2.451,1593.4
2025-01-17 10:16:00,2.452,2.453,2.451,2.451,346.2
2025-01-17 10:17:00,2.452,2.456,2.45,2.454,1803.8
2025-01-17 10:18:00,2.456,2.456,2.449,2.449,6918.2
2025-01-17 10:19:00,2.449,2.451,2.447,2.451,5668.9
2025-01-17 10:20:00,2.453,2.453,2.45,2.452,2479.2
2025-01-17 10:21:00,2.451,2.451,2.446,2.446,11846.6
2025-01-17 10:22:00,2.445,2.448,2.444,2.447,9935.1
2025-01-17 10:23:00,2.447,2.448,2.447,2.448,11692.3
2025-01-17 10:24:00,2.447,2.448,2.446,2.446,1016.3
2025-01-17 10:25:00,2.445,2.447,2.445,2.447,766.8
2025-01-17 10:26:00,2.446,2.448,2.446,2.448,3859.5
2025-01-17 10:27:00,2.447,2.448,2.442,2.442,2650.1
2025-01-17 10:28:00,2.443,2.444,2.442,2.444,767.3
2025-01-17 10:29:00,2.444,2.446,2.442,2.444,4579.1
2025-01-17 10:30:00,2.444,2.444,2.441,2.441,1321.3
2025-01-17 10:31:00,2.441,2.442,2.441,2.442,769.3
2025-01-17 10:32:00,2.441,2.444,2.44,2.441,14401.8
2025-01-17 10:33:00,2.441,2.446,2.441,2.445,4720.7
2025-01-17 10:34:00,2.445,2.447,2.445,2.446,1626.4
2025-01-17 10:35:00,2.446,2.448,2.446,2.448,1393.8
2025-01-17 10:36:00,2.446,2.448,2.446,2.448,1598.5
2025-01-17 10:37:00,2.446,2.447,2.446,2.446,1443.9
2025-01-17 10:38:00,2.446,2.447,2.446,2.446,2702.7
2025-01-17 10:39:00,2.446,2.449,2.446,2.446,7418.7
2025-01-17 10:40:00,2.446,2.448,2.446,2.446,2416.8
2025-01-17 10:41:00,2.446,2.449,2.446,2.446,2661.2
2025-01-17 10:42:00,2.447,2.45,2.446,2.45,20065.9
2025-01-17 10:43:00,2.45,2.451,2.448,2.45,4487.8
2025-01-17 10:44:00,2.45,2.45,2.449,2.449,334.3
2025-01-17 10:45:00,2.448,2.449,2.447,2.448,8045.0
2025-01-17 10:46:00,2.45,2.45,2.449,2.449,2308.1
2025-01-17 10:47:00,2.451,2.452,2.45,2.451,822.1
2025-01-17 10:48:00,2.452,2.456,2.451,2.455,2245.3
2025-01-17 10:49:00,2.456,2.459,2.456,2.459,1858.1
2025-01-17 10:50:00,2.458,2.458,2.455,2.456,5110.0
2025-01-17 10:51:00,2.455,2.455,2.454,2.454,195.9
2025-01-17 10:52:00,2.453,2.454,2.452,2.454,1133.9
2025-01-17 10:53:00,2.455,2.458,2.454,2.458,6708.9
2025-01-17 10:54:00,2.459,2.459,2.457,2.458,1367.2
2025-01-17 10:55:00,2.459,2.459,2.456,2.458,2104.5
2025-01-17 10:56:00,2.458,2.46,2.458,2.46,1039.5
2025-01-17 10:57:00,2.459,2.459,2.457,2.457,572.0
2025-01-17 10:58:00,2.457,2.457,2.457,2.457,210.4
2025-01-17 10:59:00,2.457,2.459,2.457,2.459,292.5
2025-01-17 11:00:00,2.459,2.459,2.456,2.456,274.5
2025-01-17 11:01:00,2.457,2.457,2.451,2.451,2499.0
2025-01-17 11:02:00,2.453,2.454,2.449,2.451,3683.9
2025-01-17 11:03:00,2.449,2.45,2.448,2.449,1932.2
2025-01-17 11:04:00,2.45,2.45,2.449,2.45,884.0
2025-01-17 11:05:00,2.448,2.45,2.448,2.45,560.0
2025-01-17 11:06:00,2.45,2.45,2.449,2.449,899.6
2025-01-17 11:07:00,2.447,2.45,2.447,2.45,4413.5
2025-01-17 11:08:00,2.451,2.452,2.45,2.452,1196.1
2025-01-17 11:09:00,2.454,2.454,2.452,2.454,76.7
2025-01-17 11:10:00,2.453,2.453,2.451,2.453,1281.9
2025-01-17 11:11:00,2.452,2.452,2.452,2.452,131.0
2025-01-17 11:12:00,2.452,2.452,2.448,2.449,628.2
2025-01-17 11:13:00,2.45,2.45,2.45,2.45,381.3
2025-01-17 11:14:00,2.452,2.452,2.451,2.451,18.1
2025-01-17 11:15:00,2.451,2.452,2.451,2.452,506.2
2025-01-17 11:16:00,2.457,2.458,2.456,2.458,2215.3
2025-01-17 11:17:00,2.457,2.459,2.457,2.459,2292.3
2025-01-17 11:18:00,2.46,2.462,2.459,2.462,672.1
2025-01-17 11:19:00,2.462,2.463,2.462,2.462,11306.9
2025-01-17 11:20:00,2.461,2.464,2.461,2.464,1086.6
2025-01-17 11:21:00,2.464,2.471,2.464,2.471,11235.5
2025-01-17 11:22:00,2.471,2.471,2.469,2.469,3487.3
2025-01-17 11:23:00,2.469,2.471,2.469,2.471,13282.8
2025-01-17 11:24:00,2.47,2.472,2.469,2.471,1065.8
2025-01-17 11:25:00,2.472,2.472,2.472,2.472,4.1
2025-01-17 11:26:00,2.471,2.472,2.47,2.471,834.8
2025-01-17 11:27:00,2.471,2.471,2.47,2.47,500.0
2025-01-17 11:28:00,2.47,2.47,2.468,2.468,4175.9
2025-01-17 11:29:00,2.467,2.467,2.467,2.467,589.6
2025-01-17 11:30:00,2.468,2.469,2.466,2.468,5274.9
2025-01-17 11:31:00,2.468,2.468,2.465,2.465,532.2
2025-01-17 11:32:00,2.465,2.467,2.464,2.465,2285.0
2025-01-17 11:33:00,2.465,2.467,2.462,2.467,2810.4
2025-01-17 11:34:00,2.467,2.468,2.467,2.467,641.6
2025-01-17 11:35:00,2.466,2.468,2.466,2.467,367.5
2025-01-17 11:36:00,2.467,2.469,2.466,2.468,1215.1
2025-01-17 11:37:00,2.468,2.47,2.468,2.47,360.7
2025-01-17 11:38:00,2.469,2.47,2.469,2.47,6105.8
2025-01-17 11:39:00,2.47,2.47,2.467,2.468,1860.1
2025-01-17 11:40:00,2.467,2.467,2.463,2.466,914.3
2025-01-17 11:41:00,2.466,2.466,2.466,2.466,5.4
2025-01-17 11:42:00,2.467,2.468,2.467,2.467,358.9
2025-01-17 11:43:00,2.468,2.469,2.467,2.468,275.9
2025-01-17 11:44:00,2.468,2.468,2.467,2.467,100.6
2025-01-17 11:45:00,2.466,2.466,2.464,2.465,389.9
2025-01-17 11:46:00,2.464,2.464,2.46,2.46,463.9
2025-01-17 11:47:00,2.461,2.464,2.461,2.463,2329.4
2025-01-17 11:48:00,2.461,2.461,2.459,2.46,3085.7
2025-01-17 11:49:00,2.46,2.46,2.459,2.46,2822.9
2025-01-17 11:50:00,2.46,2.461,2.459,2.459,345.4
2025-01-17 11:51:00,2.459,2.462,2.459,2.462,111.2
2025-01-17 11:52:00,2.461,2.461,2.459,2.46,851.8
2025-01-17 11:53:00,2.46,2.46,2.457,2.458,1246.1
2025-01-17 11:54:00,2.457,2.457,2.456,2.456,431.5
2025-01-17 11:55:00,2.455,2.457,2.455,2.457,3861.8
2025-01-17 11:56:00,2.455,2.455,2.452,2.452,695.8
2025-01-17 11:57:00,2.452,2.455,2.452,2.455,8572.7
2025-01-17 11:58:00,2.453,2.453,2.45,2.451,794.0
2025-01-17 11:59:00,2.451,2.453,2.45,2.45,8381.1
2025-01-17 12:00:00,2.449,2.449,2.443,2.443,3172.0
2025-01-17 12:01:00,2.442,2.443,2.44,2.442,29189.3
2025-01-17 12:02:00,2.442,2.451,2.442,2.451,7168.1
2025-01-17 12:03:00,2.45,2.45,2.445,2.445,716.7
2025-01-17 12:04:00,2.447,2.449,2.447,2.448,1987.2
2025-01-17 12:05:00,2.447,2.447,2.445,2.446,1638.3
2025-01-17 12:06:00,2.448,2.448,2.444,2.445,515.4
2025-01-17 12:07:00,2.445,2.453,2.445,2.453,11299.6
2025-01-17 12:08:00,2.451,2.451,2.446,2.447,1951.7
2025-01-17 12:09:00,2.446,2.45,2.446,2.45,1809.7
2025-01-17 12:10:00,2.451,2.453,2.45,2.453,690.9
2025-01-17 12:11:00,2.453,2.453,2.45,2.452,1710.2
2025-01-17 12:12:00,2.452,2.455,2.452,2.455,6177.7
2025-01-17 12:13:00,2.457,2.458,2.456,2.458,1305.8
2025-01-17 12:14:00,2.458,2.462,2.458,2.462,2064.1
2025-01-17 12:15:00,2.461,2.466,2.459,2.46,3757.4
2025-01-17 12:16:00,2.457,2.459,2.456,2.458,7397.7
2025-01-17 12:17:00,2.457,2.457,2.456,2.457,573.4
2025-01-17 12:18:00,2.457,2.461,2.457,2.46,1599.7
2025-01-17 12:19:00,2.461,2.467,2.461,2.467,4261.0
2025-01-17 12:20:00,2.466,2.466,2.461,2.461,1056.3
2025-01-17 12:21:00,2.462,2.463,2.462,2.462,504.1
2025-01-17 12:22:00,2.461,2.461,2.455,2.458,24044.2
2025-01-17 12:23:00,2.457,2.457,2.455,2.455,204.4
2025-01-17 12:24:00,2.456,2.459,2.456,2.458,1306.2
2025-01-17 12:25:00,2.458,2.46,2.458,2.458,1425.7
2025-01-17 12:26:00,2.457,2.457,2.452,2.452,6848.9
2025-01-17 12:27:00,2.452,2.452,2.445,2.449,6117.4
2025-01-17 12:28:00,2.449,2.451,2.449,2.451,2590.4
2025-01-17 12:29:00,2.451,2.453,2.449,2.45,676.9
2025-01-17 12:30:00,2.451,2.452,2.445,2.445,15583.0
2025-01-17 12:31:00,2.445,2.445,2.443,2.443,3026.8
2025-01-17 12:32:00,2.444,2.446,2.442,2.442,4672.0
2025-01-17 12:33:00,2.441,2.442,2.441,2.441,1032.7
2025-01-17 12:34:00,2.441,2.442,2.436,2.437,8629.3
2025-01-17 12:35:00,2.435,2.439,2.431,2.439,47008.9
2025-01-17 12:36:00,2.438,2.438,2.434,2.435,2319.2
2025-01-17 12:37:00,2.434,2.436,2.433,2.434,3074.0
2025-01-17 12:38:00,2.435,2.439,2.435,2.438,466.6
2025-01-17 12:39:00,2.437,2.439,2.437,2.437,2118.1
2025-01-17 12:40:00,2.436,2.442,2.436,2.44,3697.1
2025-01-17 12:41:00,2.44,2.445,2.44,2.441,7350.2
2025-01-17 12:42:00,2.441,2.446,2.44,2.445,3663.1
2025-01-17 12:43:00,2.444,2.445,2.444,2.444,369.4
2025-01-17 12:44:00,2.445,2.447,2.444,2.445,5187.6
2025-01-17 12:45:00,2.446,2.448,2.445,2.448,2387.7
2025-01-17 12:46:00,2.447,2.454,2.447,2.452,4464.3
2025-01-17 12:47:00,2.452,2.457,2.452,2.453,3143.9
2025-01-17 12:48:00,2.452,2.453,2.449,2.449,7182.0
2025-01-17 12:49:00,2.449,2.449,2.447,2.448,4131.5
2025-01-17 12:50:00,2.448,2.448,2.446,2.446,450.3
2025-01-17 12:51:00,2.447,2.448,2.445,2.445,133.5
2025-01-17 12:52:00,2.445,2.448,2.444,2.448,2913.3
2025-01-17 12:53:00,2.447,2.447,2.445,2.445,4930.5
2025-01-17 12:54:00,2.445,2.446,2.443,2.443,927.2
2025-01-17 12:55:00,2.441,2.443,2.44,2.441,4551.4
2025-01-17 12:56:00,2.442,2.442,2.439,2.439,5356.5
2025-01-17 12:57:00,2.44,2.44,2.439,2.439,230.1
2025-01-17 12:58:00,2.439,2.439,2.438,2.438,1555.1
2025-01-17 12:59:00,2.441,2.443,2.44,2.441,5916.2
2025-01-17 13:00:00,2.444,2.449,2.444,2.448,1848.9
2025-01-17 13:01:00,2.449,2.453,2.449,2.452,4233.7
2025-01-17 13:02:00,2.453,2.455,2.453,2.455,515.2
2025-01-17 13:03:00,2.455,2.455,2.454,2.455,439.7
2025-01-17 13:04:00,2.455,2.457,2.455,2.457,2096.5
2025-01-17 13:05:00,2.458,2.46,2.458,2.459,3901.8
2025-01-17 13:06:00,2.459,2.459,2.456,2.458,1617.8
2025-01-17 13:07:00,2.459,2.465,2.459,2.465,4107.6
2025-01-17 13:08:00,2.463,2.465,2.463,2.465,617.8
2025-01-17 13:09:00,2.464,2.464,2.461,2.462,3298.1
2025-01-17 13:10:00,2.461,2.463,2.459,2.459,964.4
2025-01-17 13:11:00,2.461,2.463,2.46,2.463,764.2
2025-01-17 13:12:00,2.464,2.464,2.463,2.463,352.8
2025-01-17 13:13:00,2.463,2.464,2.463,2.463,206.7
2025-01-17 13:14:00,2.462,2.463,2.462,2.463,12.2
2025-01-17 13:15:00,2.464,2.466,2.464,2.466,373.3
2025-01-17 13:16:00,2.466,2.468,2.466,2.468,2546.0
2025-01-17 13:17:00,2.469,2.47,2.468,2.469,3686.1
2025-01-17 13:18:00,2.469,2.472,2.465,2.466,4718.6
2025-01-17 13:19:00,2.466,2.466,2.46,2.46,461.0
2025-01-17 13:20:00,2.459,2.461,2.458,2.461,7969.8
2025-01-17 13:21:00,2.46,2.462,2.456,2.457,12857.7
2025-01-17 13:22:00,2.457,2.461,2.457,2.461,3808.1
2025-01-17 13:23:00,2.462,2.466,2.462,2.464,15410.2
2025-01-17 13:24:00,2.462,2.465,2.462,2.464,1524.1
2025-01-17 13:25:00,2.463,2.466,2.461,2.466,1337.4
2025-01-17 13:26:00,2.465,2.469,2.465,2.469,8101.3
2025-01-17 13:27:00,2.47,2.471,2.467,2.467,1823.1
2025-01-17 13:28:00,2.467,2.467,2.466,2.467,1822.0
2025-01-17 13:29:00,2.466,2.467,2.466,2.467,1366.8
2025-01-17 13:30:00,2.465,2.465,2.464,2.464,269.9
2025-01-17 13:31:00,2.464,2.467,2.463,2.467,2380.6
2025-01-17 13:32:00,2.467,2.47,2.467,2.469,7418.3
2025-01-17 13:33:00,2.469,2.471,2.467,2.467,1157.4
2025-01-17 13:34:00,2.465,2.465,2.46,2.46,11633.7
2025-01-17 13:35:00,2.461,2.462,2.461,2.461,1708.0
2025-01-17 13:36:00,2.461,2.461,2.453,2.453,10753.0
2025-01-17 13:37:00,2.453,2.454,2.449,2.449,4109.3
2025-01-17 13:38:00,2.449,2.449,2.44,2.44,4292.3
2025-01-17 13:39:00,2.44,2.442,2.435,2.436,7427.6
2025-01-17 13:40:00,2.439,2.448,2.437,2.448,12874.7
2025-01-17 13:41:00,2.446,2.45,2.446,2.449,2787.1
2025-01-17 13:42:00,2.451,2.454,2.45,2.454,1448.5
2025-01-17 13:43:00,2.451,2.451,2.447,2.448,2576.4
2025-01-17 13:44:00,2.447,2.451,2.447,2.449,5062.6
2025-01-17 13:45:00,2.451,2.456,2.451,2.454,746.2
2025-01-17 13:46:00,2.454,2.454,2.451,2.451,6492.5
2025-01-17 13:47:00,2.452,2.456,2.451,2.454,2608.2
2025-01-17 13:48:00,2.453,2.453,2.446,2.446,346.9
2025-01-17 13:49:00,2.446,2.447,2.444,2.445,674.4
2025-01-17 13:50:00,2.445,2.445,2.442,2.442,809.6
2025-01-17 13:51:00,2.444,2.447,2.444,2.446,207.6
2025-01-17 13:52:00,2.443,2.444,2.443,2.443,108.8
2025-01-17 13:53:00,2.444,2.447,2.444,2.447,1419.8
2025-01-17 13:54:00,2.445,2.448,2.445,2.448,143.0
2025-01-17 13:55:00,2.447,2.45,2.447,2.449,3364.4
2025-01-17 13:56:00,2.449,2.452,2.449,2.452,579.4
2025-01-17 13:57:00,2.45,2.45,2.446,2.45,2333.1
2025-01-17 13:58:00,2.449,2.45,2.448,2.448,1041.9
2025-01-17 13:59:00,2.45,2.45,2.448,2.449,716.4
2025-01-17 14:00:00,2.448,2.456,2.448,2.456,9595.3
2025-01-17 14:01:00,2.456,2.46,2.456,2.46,1109.3
2025-01-17 14:02:00,2.459,2.465,2.459,2.465,3417.8
2025-01-17 14:03:00,2.465,2.466,2.463,2.466,2994.5
2025-01-17 14:04:00,2.464,2.469,2.464,2.465,7890.2
2025-01-17 14:05:00,2.466,2.466,2.462,2.463,2312.2
2025-01-17 14:06:00,2.465,2.465,2.462,2.463,2747.5
2025-01-17 14:07:00,2.463,2.466,2.462,2.464,7524.2
2025-01-17 14:08:00,2.466,2.466,2.461,2.462,2917.2
2025-01-17 14:09:00,2.463,2.464,2.461,2.462,1106.6
2025-01-17 14:10:00,2.462,2.464,2.462,2.463,1115.0
2025-01-17 14:11:00,2.467,2.47,2.467,2.469,3279.6
2025-01-17 14:12:00,2.469,2.469,2.467,2.467,4846.8
2025-01-17 14:13:00,2.465,2.465,2.46,2.462,8933.3
2025-01-17 14:14:00,2.463,2.465,2.462,2.465,278.2
2025-01-17 14:15:00,2.464,2.467,2.463,2.467,1917.4
2025-01-17 14:16:00,2.466,2.468,2.466,2.468,872.5
2025-01-17 14:17:00,2.467,2.472,2.467,2.471,5291.6
2025-01-17 14:18:00,2.47,2.47,2.468,2.469,1026.4
2025-01-17 14:19:00,2.468,2.469,2.467,2.469,533.3
2025-01-17 14:20:00,2.469,2.469,2.467,2.467,727.5
2025-01-17 14:21:00,2.468,2.468,2.464,2.465,2216.2
2025-01-17 14:22:00,2.466,2.468,2.466,2.467,727.2
2025-01-17 14:23:00,2.469,2.47,2.468,2.469,12182.9
2025-01-17 14:24:00,2.471,2.474,2.471,2.473,1888.1
2025-01-17 14:25:00,2.474,2.481,2.474,2.477,60272.0
2025-01-17 14:26:00,2.478,2.479,2.478,2.478,1838.9
2025-01-17 14:27:00,2.479,2.481,2.477,2.481,1332.0
2025-01-17 14:28:00,2.481,2.486,2.48,2.485,7145.6
2025-01-17 14:29:00,2.484,2.488,2.484,2.488,12327.1
2025-01-17 14:30:00,2.488,2.491,2.48,2.481,15627.6
2025-01-17 14:31:00,2.48,2.48,2.465,2.468,23929.8
2025-01-17 14:32:00,2.468,2.473,2.464,2.472,6742.9
2025-01-17 14:33:00,2.475,2.48,2.471,2.472,11805.4
2025-01-17 14:34:00,2.471,2.477,2.471,2.476,7440.0
2025-01-17 14:35:00,2.477,2.482,2.474,2.477,3945.9
2025-01-17 14:36:00,2.478,2.492,2.478,2.487,16361.9
2025-01-17 14:37:00,2.488,2.489,2.478,2.482,8079.0
2025-01-17 14:38:00,2.483,2.484,2.471,2.478,9146.1
2025-01-17 14:39:00,2.477,2.483,2.472,2.479,5718.7
2025-01-17 14:40:00,2.479,2.481,2.473,2.477,9878.5
2025-01-17 14:41:00,2.477,2.482,2.47,2.471,6136.6
2025-01-17 14:42:00,2.472,2.48,2.47,2.47,7141.2
2025-01-17 14:43:00,2.469,2.476,2.464,2.473,9284.1
2025-01-17 14:44:00,2.472,2.477,2.47,2.473,10718.7
2025-01-17 14:45:00,2.473,2.489,2.473,2.485,12722.2
2025-01-17 14:46:00,2.485,2.486,2.477,2.479,3099.4
2025-01-17 14:47:00,2.476,2.477,2.47,2.471,10424.9
2025-01-17 14:48:00,2.468,2.475,2.464,2.475,8706.0
2025-01-17 14:49:00,2.475,2.475,2.469,2.471,7694.5
2025-01-17 14:50:00,2.471,2.471,2.464,2.464,2677.0
2025-01-17 14:51:00,2.465,2.47,2.462,2.469,1614.7
2025-01-17 14:52:00,2.471,2.48,2.471,2.479,3538.3
2025-01-17 14:53:00,2.48,2.481,2.479,2.48,1380.5
2025-01-17 14:54:00,2.48,2.48,2.473,2.476,2182.9
2025-01-17 14:55:00,2.478,2.481,2.478,2.479,956.4
2025-01-17 14:56:00,2.479,2.485,2.478,2.485,4424.7
2025-01-17 14:57:00,2.484,2.485,2.481,2.484,3676.3
2025-01-17 14:58:00,2.485,2.485,2.478,2.48,3251.2
2025-01-17 14:59:00,2.475,2.479,2.475,2.479,1506.2
2025-01-17 15:00:00,2.481,2.487,2.481,2.487,10097.7
2025-01-17 15:01:00,2.486,2.486,2.482,2.484,6649.2
2025-01-17 15:02:00,2.483,2.487,2.481,2.485,4114.4
2025-01-17 15:03:00,2.487,2.488,2.479,2.481,6365.1
2025-01-17 15:04:00,2.481,2.486,2.48,2.484,4163.8
2025-01-17 15:05:00,2.485,2.491,2.485,2.489,3463.3
2025-01-17 15:06:00,2.49,2.494,2.487,2.488,2981.6
2025-01-17 15:07:00,2.489,2.492,2.488,2.491,1857.3
2025-01-17 15:08:00,2.492,2.502,2.488,2.497,170506.6
2025-01-17 15:09:00,2.497,2.508,2.496,2.504,77576.8
2025-01-17 15:10:00,2.505,2.508,2.503,2.504,64813.2
2025-01-17 15:11:00,2.504,2.504,2.496,2.504,15106.2
2025-01-17 15:12:00,2.503,2.507,2.503,2.507,16414.3
2025-01-17 15:13:00,2.507,2.507,2.499,2.5,9010.8
2025-01-17 15:14:00,2.499,2.503,2.499,2.502,4450.6
2025-01-17 15:15:00,2.502,2.508,2.502,2.505,18297.8
2025-01-17 15:16:00,2.504,2.504,2.5,2.5,4620.7
2025-01-17 15:17:00,2.501,2.503,2.499,2.501,8345.0
2025-01-17 15:18:00,2.502,2.502,2.497,2.499,4860.1
2025-01-17 15:19:00,2.499,2.501,2.498,2.501,7147.9
2025-01-17 15:20:00,2.502,2.503,2.493,2.498,17258.3
2025-01-17 15:21:00,2.498,2.498,2.488,2.488,8260.3
2025-01-17 15:22:00,2.488,2.496,2.488,2.491,20666.8
2025-01-17 15:23:00,2.492,2.496,2.487,2.496,3833.9
2025-01-17 15:24:00,2.497,2.497,2.489,2.49,3311.2
2025-01-17 15:25:00,2.49,2.496,2.487,2.492,9928.0
2025-01-17 15:26:00,2.49,2.493,2.478,2.479,15352.0
2025-01-17 15:27:00,2.479,2.479,2.466,2.466,12227.5
2025-01-17 15:28:00,2.465,2.475,2.465,2.469,9957.1
2025-01-17 15:29:00,2.468,2.47,2.466,2.47,3571.7
2025-01-17 15:30:00,2.472,2.479,2.472,2.479,6863.0
2025-01-17 15:31:00,2.477,2.482,2.476,2.478,2753.4
2025-01-17 15:32:00,2.477,2.477,2.466,2.466,2193.3
2025-01-17 15:33:00,2.466,2.468,2.461,2.468,8945.0
2025-01-17 15:34:00,2.466,2.466,2.458,2.463,16097.5
2025-01-17 15:35:00,2.464,2.473,2.463,2.47,10385.6
2025-01-17 15:36:00,2.469,2.477,2.466,2.477,7077.2
2025-01-17 15:37:00,2.477,2.481,2.477,2.48,4504.2
2025-01-17 15:38:00,2.48,2.48,2.478,2.48,839.3
2025-01-17 15:39:00,2.48,2.485,2.48,2.484,5873.7
2025-01-17 15:40:00,2.483,2.488,2.483,2.484,2886.4
2025-01-17 15:41:00,2.485,2.485,2.481,2.481,1145.2
2025-01-17 15:42:00,2.482,2.484,2.482,2.483,2470.4
2025-01-17 15:43:00,2.485,2.487,2.482,2.482,2795.2
2025-01-17 15:44:00,2.481,2.481,2.478,2.479,2478.4
2025-01-17 15:45:00,2.479,2.484,2.479,2.484,1745.2
2025-01-17 15:46:00,2.478,2.48,2.475,2.475,2200.0
2025-01-17 15:47:00,2.476,2.477,2.47,2.47,2721.4
2025-01-17 15:48:00,2.472,2.473,2.466,2.469,22183.4
2025-01-17 15:49:00,2.469,2.474,2.469,2.473,2309.9
2025-01-17 15:50:00,2.474,2.476,2.469,2.469,3684.3
2025-01-17 15:51:00,2.471,2.472,2.468,2.468,5536.5
2025-01-17 15:52:00,2.469,2.473,2.469,2.473,1296.5
2025-01-17 15:53:00,2.469,2.472,2.469,2.472,1281.7
2025-01-17 15:54:00,2.471,2.476,2.471,2.476,299.0
2025-01-17 15:55:00,2.478,2.478,2.476,2.476,1711.1
2025-01-17 15:56:00,2.478,2.478,2.474,2.476,343.7
2025-01-17 15:57:00,2.474,2.479,2.474,2.476,1481.3
2025-01-17 15:58:00,2.476,2.483,2.476,2.481,3463.8
2025-01-17 15:59:00,2.484,2.487,2.482,2.487,1815.9
2025-01-17 16:00:00,2.488,2.493,2.486,2.488,1708.5
2025-01-17 16:01:00,2.488,2.493,2.487,2.487,1439.3
2025-01-17 16:02:00,2.488,2.488,2.482,2.482,1826.3
2025-01-17 16:03:00,2.48,2.481,2.478,2.478,2380.4
2025-01-17 16:04:00,2.479,2.482,2.478,2.478,819.9
2025-01-17 16:05:00,2.48,2.48,2.478,2.478,481.1
2025-01-17 16:06:00,2.48,2.483,2.48,2.481,455.0
2025-01-17 16:07:00,2.481,2.483,2.478,2.479,7729.3
2025-01-17 16:08:00,2.479,2.482,2.479,2.48,833.1
2025-01-17 16:09:00,2.478,2.483,2.478,2.483,2342.1
2025-01-17 16:10:00,2.483,2.486,2.482,2.486,17601.6
2025-01-17 16:11:00,2.487,2.491,2.486,2.486,6881.8
2025-01-17 16:12:00,2.486,2.489,2.486,2.487,21522.3
2025-01-17 16:13:00,2.487,2.49,2.486,2.49,5049.5
2025-01-17 16:14:00,2.49,2.49,2.489,2.489,1842.7
2025-01-17 16:15:00,2.488,2.489,2.485,2.489,1617.6
2025-01-17 16:16:00,2.49,2.491,2.486,2.491,1432.9
2025-01-17 16:17:00,2.491,2.491,2.489,2.489,2076.2
2025-01-17 16:18:00,2.493,2.499,2.491,2.499,2320.2
2025-01-17 16:19:00,2.498,2.5,2.494,2.494,775.8
2025-01-17 16:20:00,2.494,2.496,2.492,2.493,7445.9
2025-01-17 16:21:00,2.493,2.494,2.491,2.494,656.7
2025-01-17 16:22:00,2.493,2.497,2.493,2.496,827.9
2025-01-17 16:23:00,2.495,2.496,2.486,2.487,4489.9
2025-01-17 16:24:00,2.485,2.489,2.485,2.489,1871.8
2025-01-17 16:25:00,2.489,2.492,2.489,2.491,547.1
2025-01-17 16:26:00,2.49,2.491,2.489,2.491,1390.4
2025-01-17 16:27:00,2.492,2.496,2.491,2.495,4734.1
2025-01-17 16:28:00,2.496,2.497,2.493,2.497,1027.1
2025-01-17 16:29:00,2.495,2.496,2.493,2.493,276.2
2025-01-17 16:30:00,2.493,2.493,2.488,2.488,2112.7
2025-01-17 16:31:00,2.488,2.492,2.486,2.489,1931.9
2025-01-17 16:32:00,2.488,2.496,2.487,2.494,1481.3
2025-01-17 16:33:00,2.493,2.494,2.491,2.494,923.5
2025-01-17 16:34:00,2.494,2.496,2.494,2.496,2512.7
2025-01-17 16:35:00,2.497,2.498,2.494,2.494,2550.0
2025-01-17 16:36:00,2.495,2.496,2.493,2.493,523.1
2025-01-17 16:37:00,2.495,2.495,2.491,2.492,854.6
2025-01-17 16:38:00,2.494,2.496,2.494,2.495,1418.2
2025-01-17 16:39:00,2.496,2.499,2.495,2.498,10539.0
2025-01-17 16:40:00,2.498,2.498,2.493,2.493,2702.7
2025-01-17 16:41:00,2.493,2.494,2.493,2.494,703.5
2025-01-17 16:42:00,2.493,2.501,2.493,2.498,36946.1
2025-01-17 16:43:00,2.499,2.502,2.498,2.498,9944.1
2025-01-17 16:44:00,2.498,2.498,2.496,2.496,208.6
2025-01-17 16:45:00,2.492,2.492,2.488,2.49,1463.3
2025-01-17 16:46:00,2.492,2.492,2.486,2.487,2569.8
2025-01-17 16:47:00,2.486,2.487,2.485,2.487,1102.9
2025-01-17 16:48:00,2.49,2.491,2.488,2.49,382.2
2025-01-17 16:49:00,2.492,2.493,2.49,2.491,2435.3
2025-01-17 16:50:00,2.49,2.492,2.488,2.488,7826.5
2025-01-17 16:51:00,2.489,2.492,2.488,2.491,1320.5
2025-01-17 16:52:00,2.492,2.492,2.491,2.491,1293.3
2025-01-17 16:53:00,2.491,2.492,2.49,2.491,429.2
2025-01-17 16:54:00,2.491,2.491,2.489,2.489,2292.8
2025-01-17 16:55:00,2.489,2.489,2.487,2.487,1594.7
2025-01-17 16:56:00,2.487,2.487,2.482,2.484,1054.7
2025-01-17 16:57:00,2.482,2.486,2.482,2.485,1709.6
2025-01-17 16:58:00,2.484,2.486,2.484,2.486,1362.2
2025-01-17 16:59:00,2.486,2.488,2.485,2.485,524.0
2025-01-17 17:00:00,2.487,2.487,2.482,2.483,14135.5
2025-01-17 17:01:00,2.482,2.482,2.475,2.478,21479.2
2025-01-17 17:02:00,2.479,2.479,2.477,2.479,2254.4
2025-01-17 17:03:00,2.479,2.48,2.477,2.48,2330.4
2025-01-17 17:04:00,2.48,2.48,2.478,2.479,6531.9
2025-01-17 17:05:00,2.478,2.485,2.478,2.484,48727.2
2025-01-17 17:06:00,2.482,2.482,2.477,2.477,3679.7
2025-01-17 17:07:00,2.477,2.48,2.477,2.478,11352.8
2025-01-17 17:08:00,2.479,2.481,2.478,2.478,6086.7
2025-01-17 17:09:00,2.479,2.479,2.475,2.475,7502.8
2025-01-17 17:10:00,2.475,2.476,2.473,2.475,4463.5
2025-01-17 17:11:00,2.477,2.48,2.477,2.479,920.6
2025-01-17 17:12:00,2.48,2.482,2.479,2.48,369.9
2025-01-17 17:13:00,2.478,2.482,2.478,2.481,3345.6
2025-01-17 17:14:00,2.482,2.482,2.479,2.479,1372.7
2025-01-17 17:15:00,2.479,2.482,2.476,2.476,2723.2
2025-01-17 17:16:00,2.475,2.476,2.474,2.475,3630.4
2025-01-17 17:17:00,2.474,2.474,2.469,2.47,2969.5
2025-01-17 17:18:00,2.469,2.469,2.466,2.469,9755.0
2025-01-17 17:19:00,2.468,2.469,2.467,2.467,2268.1
2025-01-17 17:20:00,2.466,2.467,2.466,2.467,889.6
2025-01-17 17:21:00,2.467,2.468,2.464,2.464,3466.2
2025-01-17 17:22:00,2.465,2.467,2.465,2.467,6592.1
2025-01-17 17:23:00,2.466,2.468,2.466,2.468,1246.5
2025-01-17 17:24:00,2.468,2.47,2.468,2.47,1420.0
2025-01-17 17:25:00,2.47,2.475,2.47,2.474,6212.3
2025-01-17 17:26:00,2.475,2.477,2.473,2.473,4285.1
2025-01-17 17:27:00,2.473,2.474,2.471,2.471,1360.9
2025-01-17 17:28:00,2.471,2.473,2.47,2.47,1326.8
2025-01-17 17:29:00,2.468,2.471,2.468,2.469,1931.0
2025-01-17 17:30:00,2.47,2.475,2.47,2.472,17352.5
2025-01-17 17:31:00,2.471,2.471,2.466,2.466,619.1
2025-01-17 17:32:00,2.465,2.465,2.461,2.461,2629.7
2025-01-17 17:33:00,2.463,2.464,2.46,2.461,1905.7
2025-01-17 17:34:00,2.459,2.459,2.456,2.456,8503.3
2025-01-17 17:35:00,2.456,2.456,2.451,2.451,17164.8
2025-01-17 17:36:00,2.451,2.452,2.446,2.447,18925.6
2025-01-17 17:37:00,2.447,2.447,2.44,2.444,17307.6
2025-01-17 17:38:00,2.443,2.445,2.442,2.443,6989.1
2025-01-17 17:39:00,2.444,2.446,2.443,2.445,2139.5
2025-01-17 17:40:00,2.447,2.45,2.447,2.448,1369.8
2025-01-17 17:41:00,2.446,2.448,2.446,2.447,4242.6
2025-01-17 17:42:00,2.448,2.448,2.445,2.445,2600.7
2025-01-17 17:43:00,2.444,2.446,2.442,2.446,938.1
2025-01-17 17:44:00,2.445,2.445,2.443,2.445,746.5
2025-01-17 17:45:00,2.444,2.449,2.444,2.449,2916.1
2025-01-17 17:46:00,2.45,2.454,2.449,2.449,5076.8
2025-01-17 17:47:00,2.451,2.452,2.451,2.452,404.4
2025-01-17 17:48:00,2.451,2.451,2.447,2.447,256.3
2025-01-17 17:49:00,2.447,2.449,2.443,2.445,7700.0
2025-01-17 17:50:00,2.446,2.448,2.441,2.442,5635.4
2025-01-17 17:51:00,2.442,2.447,2.442,2.445,3243.2
2025-01-17 17:52:00,2.445,2.446,2.442,2.443,5733.9
2025-01-17 17:53:00,2.44,2.44,2.439,2.439,5778.0
2025-01-17 17:54:00,2.441,2.446,2.441,2.444,1134.1
2025-01-17 17:55:00,2.444,2.444,2.44,2.441,5352.1
2025-01-17 17:56:00,2.439,2.442,2.439,2.44,2665.3
2025-01-17 17:57:00,2.438,2.442,2.438,2.442,770.1
2025-01-17 17:58:00,2.441,2.444,2.441,2.444,2485.3
2025-01-17 17:59:00,2.444,2.446,2.443,2.444,4103.9
2025-01-17 18:00:00,2.444,2.447,2.443,2.447,2789.8
2025-01-17 18:01:00,2.444,2.446,2.443,2.446,1358.0
2025-01-17 18:02:00,2.447,2.45,2.446,2.447,6742.0
2025-01-17 18:03:00,2.449,2.449,2.446,2.446,1590.1
2025-01-17 18:04:00,2.446,2.449,2.446,2.449,816.9
2025-01-17 18:05:00,2.45,2.453,2.45,2.451,819.1
2025-01-17 18:06:00,2.449,2.45,2.448,2.45,613.3
2025-01-17 18:07:00,2.447,2.448,2.447,2.447,876.5
2025-01-17 18:08:00,2.447,2.448,2.446,2.448,837.9
2025-01-17 18:09:00,2.447,2.447,2.443,2.443,1527.7
2025-01-17 18:10:00,2.444,2.445,2.438,2.44,1560.4
2025-01-17 18:11:00,2.439,2.444,2.438,2.443,2026.9
2025-01-17 18:12:00,2.444,2.446,2.444,2.446,13601.2
2025-01-17 18:13:00,2.446,2.448,2.446,2.448,371.2
2025-01-17 18:14:00,2.447,2.45,2.447,2.449,1872.2
2025-01-17 18:15:00,2.449,2.451,2.448,2.448,2088.0
2025-01-17 18:16:00,2.449,2.451,2.449,2.451,202.4
2025-01-17 18:17:00,2.453,2.455,2.45,2.45,1728.1
2025-01-17 18:18:00,2.451,2.454,2.451,2.454,569.2
2025-01-17 18:19:00,2.453,2.456,2.452,2.456,621.6
2025-01-17 18:20:00,2.457,2.457,2.456,2.457,933.8
2025-01-17 18:21:00,2.458,2.458,2.457,2.458,2327.6
2025-01-17 18:22:00,2.46,2.461,2.46,2.461,2485.3
2025-01-17 18:23:00,2.461,2.461,2.46,2.46,4337.2
2025-01-17 18:24:00,2.46,2.46,2.459,2.46,994.1
2025-01-17 18:25:00,2.461,2.463,2.461,2.463,1556.4
2025-01-17 18:26:00,2.463,2.467,2.463,2.465,4314.2
2025-01-17 18:27:00,2.464,2.464,2.462,2.462,1266.2
2025-01-17 18:28:00,2.462,2.463,2.46,2.46,3266.2
2025-01-17 18:29:00,2.461,2.461,2.46,2.46,205.7
2025-01-17 18:30:00,2.461,2.462,2.459,2.46,2442.9
2025-01-17 18:31:00,2.458,2.459,2.458,2.459,882.1
2025-01-17 18:32:00,2.459,2.46,2.458,2.459,490.7
2025-01-17 18:33:00,2.458,2.459,2.456,2.459,455.5
2025-01-17 18:34:00,2.459,2.459,2.458,2.458,142.0
2025-01-17 18:35:00,2.458,2.458,2.457,2.457,5217.6
2025-01-17 18:36:00,2.458,2.459,2.458,2.458,2472.0
2025-01-17 18:37:00,2.458,2.461,2.458,2.461,1833.3
2025-01-17 18:38:00,2.461,2.461,2.459,2.459,891.9
2025-01-17 18:39:00,2.459,2.46,2.459,2.46,793.3
2025-01-17 18:40:00,2.46,2.46,2.458,2.458,1906.5
2025-01-17 18:41:00,2.458,2.459,2.457,2.458,808.8
2025-01-17 18:42:00,2.457,2.457,2.455,2.455,43.9
2025-01-17 18:43:00,2.455,2.455,2.454,2.455,560.3
2025-01-17 18:44:00,2.455,2.455,2.453,2.453,430.5
2025-01-17 18:45:00,2.454,2.454,2.451,2.452,2287.1
2025-01-17 18:46:00,2.452,2.452,2.452,2.452,66.4
2025-01-17 18:47:00,2.453,2.454,2.452,2.452,322.6
2025-01-17 18:48:00,2.452,2.454,2.452,2.454,491.3
2025-01-17 18:49:00,2.452,2.452,2.452,2.452,770.6
2025-01-17 18:50:00,2.452,2.452,2.449,2.449,712.7
2025-01-17 18:51:00,2.448,2.449,2.448,2.449,1695.3
2025-01-17 18:52:00,2.45,2.451,2.448,2.45,117.1
2025-01-17 18:53:00,2.451,2.452,2.451,2.451,3537.7
2025-01-17 18:54:00,2.452,2.452,2.451,2.451,23.3
2025-01-17 18:55:00,2.45,2.45,2.446,2.446,1796.3
2025-01-17 18:56:00,2.447,2.447,2.445,2.445,1762.0
2025-01-17 18:57:00,2.445,2.447,2.445,2.446,1787.8
2025-01-17 18:58:00,2.445,2.445,2.444,2.445,1273.6
2025-01-17 18:59:00,2.445,2.446,2.444,2.445,1257.4
2025-01-17 19:00:00,2.444,2.449,2.444,2.448,1190.5
2025-01-17 19:01:00,2.448,2.45,2.447,2.45,2288.2
2025-01-17 19:02:00,2.45,2.451,2.448,2.449,3177.1
2025-01-17 19:03:00,2.45,2.452,2.449,2.452,739.2
2025-01-17 19:04:00,2.453,2.453,2.452,2.452,2038.2
2025-01-17 19:05:00,2.452,2.452,2.45,2.451,1590.1
2025-01-17 19:06:00,2.45,2.451,2.448,2.449,1661.0
2025-01-17 19:07:00,2.45,2.45,2.449,2.45,223.6
2025-01-17 19:08:00,2.45,2.451,2.45,2.451,868.5
2025-01-17 19:09:00,2.45,2.452,2.45,2.452,216.5
2025-01-17 19:10:00,2.452,2.454,2.452,2.454,251.6
2025-01-17 19:11:00,2.456,2.458,2.455,2.456,5003.1
2025-01-17 19:12:00,2.456,2.458,2.455,2.457,4239.5
2025-01-17 19:13:00,2.458,2.459,2.458,2.459,615.2
2025-01-17 19:14:00,2.459,2.461,2.459,2.46,666.4
2025-01-17 19:15:00,2.462,2.464,2.462,2.462,814.7
2025-01-17 19:16:00,2.462,2.463,2.461,2.462,193.3
2025-01-17 19:17:00,2.464,2.465,2.463,2.465,1502.9
2025-01-17 19:18:00,2.464,2.471,2.464,2.471,2751.7
2025-01-17 19:19:00,2.472,2.473,2.469,2.469,25457.7
2025-01-17 19:20:00,2.469,2.469,2.464,2.464,4917.7
2025-01-17 19:21:00,2.464,2.469,2.464,2.466,7455.8
2025-01-17 19:22:00,2.467,2.467,2.466,2.467,8816.4
2025-01-17 19:23:00,2.467,2.467,2.462,2.463,1761.8
2025-01-17 19:24:00,2.464,2.465,2.463,2.465,1571.3
2025-01-17 19:25:00,2.465,2.468,2.465,2.467,1282.5
2025-01-17 19:26:00,2.469,2.47,2.468,2.468,106.3
2025-01-17 19:27:00,2.468,2.468,2.466,2.467,1174.8
2025-01-17 19:28:00,2.466,2.467,2.462,2.462,1708.5
2025-01-17 19:29:00,2.463,2.463,2.463,2.463,320.5
2025-01-17 19:30:00,2.463,2.463,2.457,2.457,636.5
2025-01-17 19:31:00,2.457,2.457,2.455,2.456,263.8
2025-01-17 19:32:00,2.456,2.459,2.454,2.459,3997.8
2025-01-17 19:33:00,2.457,2.458,2.452,2.453,51212.3
2025-01-17 19:34:00,2.453,2.454,2.453,2.453,2336.8
2025-01-17 19:35:00,2.454,2.456,2.453,2.453,2810.2
2025-01-17 19:36:00,2.453,2.455,2.452,2.453,561.3
2025-01-17 19:37:00,2.453,2.454,2.453,2.454,595.9
2025-01-17 19:38:00,2.456,2.459,2.456,2.458,1691.2
2025-01-17 19:39:00,2.459,2.46,2.458,2.458,386.3
2025-01-17 19:40:00,2.458,2.459,2.457,2.458,1158.8
2025-01-17 19:41:00,2.459,2.46,2.459,2.46,447.6
2025-01-17 19:42:00,2.46,2.46,2.459,2.46,50.5
2025-01-17 19:43:00,2.459,2.459,2.459,2.459,69.0
2025-01-17 19:44:00,2.459,2.46,2.459,2.46,791.8
2025-01-17 19:45:00,2.46,2.46,2.456,2.457,4165.1
2025-01-17 19:46:00,2.457,2.458,2.455,2.456,14722.2
2025-01-17 19:47:00,2.456,2.456,2.455,2.456,2650.0
2025-01-17 19:48:00,2.456,2.458,2.456,2.458,185.9
2025-01-17 19:49:00,2.459,2.459,2.458,2.458,264.4
2025-01-17 19:50:00,2.458,2.458,2.458,2.458,12.5
2025-01-17 19:51:00,2.46,2.461,2.46,2.46,705.6
2025-01-17 19:52:00,2.459,2.46,2.458,2.458,633.4
2025-01-17 19:53:00,2.458,2.458,2.457,2.458,313.3
2025-01-17 19:54:00,2.457,2.459,2.457,2.459,238.6
2025-01-17 19:55:00,2.459,2.46,2.459,2.46,1175.1
2025-01-17 19:56:00,2.461,2.461,2.46,2.461,792.3
2025-01-17 19:57:00,2.46,2.461,2.46,2.46,89.4
2025-01-17 19:58:00,2.46,2.46,2.46,2.46,0.0
2025-01-17 19:59:00,2.46,2.46,2.46,2.46,689.2
2025-01-17 20:00:00,2.46,2.46,2.457,2.457,2351.7
2025-01-17 20:01:00,2.457,2.459,2.456,2.459,117.9
2025-01-17 20:02:00,2.458,2.46,2.456,2.46,2382.6
2025-01-17 20:03:00,2.46,2.461,2.459,2.461,793.1
2025-01-17 20:04:00,2.461,2.461,2.458,2.459,1077.2
2025-01-17 20:05:00,2.459,2.462,2.459,2.461,4730.0
2025-01-17 20:06:00,2.46,2.462,2.46,2.462,384.3
2025-01-17 20:07:00,2.462,2.466,2.461,2.466,1006.5
2025-01-17 20:08:00,2.467,2.468,2.467,2.467,933.9
2025-01-17 20:09:00,2.468,2.472,2.468,2.47,2283.8
2025-01-17 20:10:00,2.473,2.478,2.473,2.475,4911.8
2025-01-17 20:11:00,2.474,2.476,2.473,2.475,1253.5
2025-01-17 20:12:00,2.474,2.478,2.474,2.476,3473.0
2025-01-17 20:13:00,2.477,2.478,2.476,2.478,7891.1
2025-01-17 20:14:00,2.478,2.478,2.475,2.475,1338.5
2025-01-17 20:15:00,2.475,2.475,2.473,2.474,2451.7
2025-01-17 20:16:00,2.475,2.477,2.475,2.477,1538.1
2025-01-17 20:17:00,2.476,2.477,2.474,2.475,13186.6
2025-01-17 20:18:00,2.476,2.477,2.476,2.477,2616.9
2025-01-17 20:19:00,2.477,2.484,2.477,2.481,13596.0
2025-01-17 20:20:00,2.482,2.483,2.481,2.483,2044.9
2025-01-17 20:21:00,2.482,2.484,2.478,2.478,22210.8
2025-01-17 20:22:00,2.479,2.479,2.476,2.479,2643.8
2025-01-17 20:23:00,2.479,2.479,2.478,2.478,1703.0
2025-01-17 20:24:00,2.479,2.482,2.478,2.478,11530.9
2025-01-17 20:25:00,2.477,2.481,2.477,2.481,712.7
2025-01-17 20:26:00,2.481,2.485,2.481,2.485,610.8
2025-01-17 20:27:00,2.484,2.486,2.484,2.486,4884.9
2025-01-17 20:28:00,2.486,2.487,2.486,2.487,667.8
2025-01-17 20:29:00,2.486,2.491,2.485,2.491,4674.1
2025-01-17 20:30:00,2.492,2.492,2.488,2.488,3870.2
2025-01-17 20:31:00,2.489,2.491,2.487,2.489,1004.4
2025-01-17 20:32:00,2.491,2.491,2.489,2.49,1298.8
2025-01-17 20:33:00,2.49,2.494,2.49,2.494,4010.5
2025-01-17 20:34:00,2.494,2.497,2.493,2.496,3686.9
2025-01-17 20:35:00,2.496,2.5,2.496,2.498,2718.2
2025-01-17 20:36:00,2.499,2.499,2.494,2.498,3506.6
2025-01-17 20:37:00,2.495,2.499,2.495,2.497,5381.4
2025-01-17 20:38:00,2.498,2.5,2.498,2.499,4256.7
2025-01-17 20:39:00,2.498,2.5,2.498,2.499,3822.7
2025-01-17 20:40:00,2.499,2.501,2.499,2.501,5805.0
2025-01-17 20:41:00,2.501,2.502,2.501,2.501,1275.4
2025-01-17 20:42:00,2.502,2.503,2.501,2.502,2238.9
2025-01-17 20:43:00,2.501,2.501,2.498,2.5,2214.1
2025-01-17 20:44:00,2.5,2.505,2.5,2.502,13479.5
2025-01-17 20:45:00,2.503,2.508,2.503,2.505,14556.6
2025-01-17 20:46:00,2.503,2.505,2.503,2.504,1970.3
2025-01-17 20:47:00,2.504,2.505,2.504,2.505,804.1
2025-01-17 20:48:00,2.504,2.506,2.503,2.506,8522.2
2025-01-17 20:49:00,2.505,2.506,2.504,2.504,3044.1
2025-01-17 20:50:00,2.505,2.505,2.503,2.503,2533.4
2025-01-17 20:51:00,2.502,2.502,2.5,2.502,2871.0
2025-01-17 20:52:00,2.504,2.505,2.503,2.505,1434.1
2025-01-17 20:53:00,2.504,2.505,2.504,2.504,3061.6
2025-01-17 20:54:00,2.505,2.508,2.505,2.507,2752.1
2025-01-17 20:55:00,2.506,2.506,2.505,2.505,1333.5
2025-01-17 20:56:00,2.505,2.505,2.499,2.499,4379.2
2025-01-17 20:57:00,2.499,2.501,2.494,2.495,3280.3
2025-01-17 20:58:00,2.496,2.501,2.495,2.501,5688.8
2025-01-17 20:59:00,2.5,2.503,2.498,2.498,5528.2
2025-01-17 21:00:00,2.497,2.501,2.496,2.501,2064.1
2025-01-17 21:01:00,2.501,2.504,2.501,2.504,18452.6
2025-01-17 21:02:00,2.504,2.506,2.501,2.502,4991.9
2025-01-17 21:03:00,2.502,2.503,2.496,2.5,5659.8
2025-01-17 21:04:00,2.501,2.501,2.498,2.499,5899.8
2025-01-17 21:05:00,2.501,2.503,2.5,2.503,2713.8
2025-01-17 21:06:00,2.502,2.503,2.5,2.5,1542.1
2025-01-17 21:07:00,2.5,2.5,2.499,2.499,1769.1
2025-01-17 21:08:00,2.498,2.498,2.492,2.494,11141.5
2025-01-17 21:09:00,2.495,2.496,2.492,2.492,4614.1
2025-01-17 21:10:00,2.491,2.492,2.49,2.492,7948.1
2025-01-17 21:11:00,2.492,2.494,2.492,2.494,2381.1
2025-01-17 21:12:00,2.494,2.496,2.494,2.496,1295.4
2025-01-17 21:13:00,2.496,2.498,2.495,2.498,636.1
2025-01-17 21:14:00,2.498,2.501,2.498,2.499,687.6
2025-01-17 21:15:00,2.5,2.506,2.5,2.504,5394.4
2025-01-17 21:16:00,2.505,2.505,2.502,2.502,8136.1
2025-01-17 21:17:00,2.501,2.501,2.498,2.499,7256.0
2025-01-17 21:18:00,2.499,2.499,2.498,2.499,2100.5
2025-01-17 21:19:00,2.499,2.499,2.498,2.499,566.3
2025-01-17 21:20:00,2.499,2.499,2.496,2.496,8621.4
2025-01-17 21:21:00,2.497,2.5,2.495,2.499,6558.7
2025-01-17 21:22:00,2.5,2.5,2.497,2.499,2400.2
2025-01-17 21:23:00,2.5,2.5,2.499,2.5,180.6
2025-01-17 21:24:00,2.499,2.502,2.498,2.501,3176.4
2025-01-17 21:25:00,2.501,2.503,2.501,2.502,8224.0
2025-01-17 21:26:00,2.501,2.502,2.499,2.5,2591.3
2025-01-17 21:27:00,2.501,2.502,2.501,2.502,2333.9
2025-01-17 21:28:00,2.502,2.502,2.5,2.502,1042.3
2025-01-17 21:29:00,2.501,2.501,2.498,2.499,558.2
2025-01-17 21:30:00,2.498,2.499,2.495,2.495,1729.3
2025-01-17 21:31:00,2.494,2.495,2.493,2.495,1930.3
2025-01-17 21:32:00,2.495,2.497,2.495,2.497,4724.4
2025-01-17 21:33:00,2.496,2.496,2.491,2.492,4290.1
2025-01-17 21:34:00,2.491,2.492,2.49,2.491,5628.0
2025-01-17 21:35:00,2.491,2.493,2.491,2.492,13137.1
2025-01-17 21:36:00,2.493,2.495,2.491,2.491,1448.3
2025-01-17 21:37:00,2.49,2.49,2.488,2.488,5494.4
2025-01-17 21:38:00,2.487,2.488,2.483,2.484,6083.5
2025-01-17 21:39:00,2.484,2.484,2.481,2.483,4975.2
2025-01-17 21:40:00,2.484,2.486,2.483,2.484,7872.7
2025-01-17 21:41:00,2.484,2.484,2.482,2.484,966.3
2025-01-17 21:42:00,2.485,2.485,2.484,2.485,364.4
2025-01-17 21:43:00,2.485,2.487,2.485,2.487,1010.7
2025-01-17 21:44:00,2.486,2.486,2.486,2.486,580.3
2025-01-17 21:45:00,2.486,2.49,2.486,2.49,707.5
2025-01-17 21:46:00,2.489,2.49,2.489,2.49,603.9
2025-01-17 21:47:00,2.489,2.489,2.487,2.487,542.3
2025-01-17 21:48:00,2.487,2.489,2.486,2.489,1012.9
2025-01-17 21:49:00,2.489,2.489,2.488,2.489,1161.2
2025-01-17 21:50:00,2.488,2.49,2.488,2.489,1615.9
2025-01-17 21:51:00,2.487,2.487,2.483,2.483,318.8
2025-01-17 21:52:00,2.486,2.49,2.485,2.49,2449.3
2025-01-17 21:53:00,2.49,2.494,2.49,2.494,1315.7
2025-01-17 21:54:00,2.495,2.495,2.491,2.492,1427.2
2025-01-17 21:55:00,2.493,2.494,2.492,2.492,3970.4
2025-01-17 21:56:00,2.491,2.493,2.491,2.493,671.7
2025-01-17 21:57:00,2.493,2.495,2.493,2.495,4073.9
2025-01-17 21:58:00,2.495,2.497,2.495,2.496,1405.5
2025-01-17 21:59:00,2.496,2.496,2.495,2.496,745.8
2025-01-17 22:00:00,2.496,2.5,2.496,2.499,7963.4
2025-01-17 22:01:00,2.499,2.5,2.498,2.5,5498.4
2025-01-17 22:02:00,2.498,2.501,2.498,2.501,1492.6
2025-01-17 22:03:00,2.499,2.504,2.499,2.504,9976.4
2025-01-17 22:04:00,2.504,2.505,2.503,2.505,7263.9
2025-01-17 22:05:00,2.504,2.506,2.503,2.506,1783.7
2025-01-17 22:06:00,2.506,2.508,2.506,2.508,4091.6
2025-01-17 22:07:00,2.508,2.511,2.507,2.511,4888.8
2025-01-17 22:08:00,2.512,2.513,2.511,2.513,1784.1
2025-01-17 22:09:00,2.513,2.514,2.512,2.513,5538.2
2025-01-17 22:10:00,2.515,2.519,2.515,2.518,11025.5
2025-01-17 22:11:00,2.518,2.522,2.518,2.52,25954.1
2025-01-17 22:12:00,2.52,2.521,2.514,2.516,18623.7
2025-01-17 22:13:00,2.516,2.516,2.513,2.516,7415.9
2025-01-17 22:14:00,2.517,2.518,2.516,2.516,557.6
2025-01-17 22:15:00,2.516,2.517,2.514,2.514,11594.2
2025-01-17 22:16:00,2.514,2.517,2.514,2.517,9782.8
2025-01-17 22:17:00,2.517,2.517,2.515,2.517,2225.5
2025-01-17 22:18:00,2.517,2.52,2.516,2.517,3314.5
2025-01-17 22:19:00,2.517,2.517,2.516,2.517,1519.8
2025-01-17 22:20:00,2.516,2.518,2.515,2.518,1600.7
2025-01-17 22:21:00,2.518,2.518,2.517,2.517,2597.4
2025-01-17 22:22:00,2.518,2.518,2.517,2.517,5405.1
2025-01-17 22:23:00,2.518,2.52,2.518,2.52,3062.4
2025-01-17 22:24:00,2.519,2.519,2.517,2.517,787.4
2025-01-17 22:25:00,2.518,2.519,2.518,2.518,1094.2
2025-01-17 22:26:00,2.518,2.52,2.518,2.52,2395.1
2025-01-17 22:27:00,2.519,2.521,2.519,2.521,6941.4
2025-01-17 22:28:00,2.521,2.523,2.521,2.523,1621.2
2025-01-17 22:29:00,2.522,2.523,2.521,2.521,997.4
2025-01-17 22:30:00,2.521,2.524,2.521,2.522,3319.6
2025-01-17 22:31:00,2.521,2.521,2.517,2.517,5324.1
2025-01-17 22:32:00,2.517,2.517,2.514,2.516,995.0
2025-01-17 22:33:00,2.515,2.517,2.514,2.517,1953.4
2025-01-17 22:34:00,2.517,2.517,2.516,2.516,643.1
2025-01-17 22:35:00,2.517,2.518,2.516,2.516,4607.8
2025-01-17 22:36:00,2.517,2.517,2.515,2.515,1965.7
2025-01-17 22:37:00,2.517,2.517,2.514,2.515,2446.5
2025-01-17 22:38:00,2.516,2.516,2.514,2.515,196.6
2025-01-17 22:39:00,2.515,2.516,2.514,2.514,1499.5
2025-01-17 22:40:00,2.514,2.514,2.512,2.512,1327.2
2025-01-17 22:41:00,2.512,2.513,2.511,2.512,5657.5
2025-01-17 22:42:00,2.511,2.511,2.509,2.509,779.4
2025-01-17 22:43:00,2.509,2.511,2.508,2.509,14322.2
2025-01-17 22:44:00,2.509,2.51,2.508,2.508,631.2
2025-01-17 22:45:00,2.508,2.509,2.507,2.508,799.1
2025-01-17 22:46:00,2.507,2.507,2.504,2.504,870.6
2025-01-17 22:47:00,2.503,2.504,2.502,2.503,683.1
2025-01-17 22:48:00,2.503,2.503,2.502,2.502,498.7
2025-01-17 22:49:00,2.501,2.501,2.498,2.5,7315.6
2025-01-17 22:50:00,2.5,2.5,2.498,2.498,5201.0
2025-01-17 22:51:00,2.5,2.504,2.5,2.503,3820.4
2025-01-17 22:52:00,2.504,2.506,2.504,2.506,1020.6
2025-01-17 22:53:00,2.506,2.506,2.505,2.505,57.9
2025-01-17 22:54:00,2.506,2.507,2.506,2.507,518.7
2025-01-17 22:55:00,2.507,2.508,2.506,2.508,1850.7
2025-01-17 22:56:00,2.507,2.507,2.504,2.504,4988.8
2025-01-17 22:57:00,2.503,2.503,2.502,2.503,874.2
2025-01-17 22:58:00,2.503,2.503,2.501,2.501,791.5
2025-01-17 22:59:00,2.5,2.501,2.5,2.501,530.4
2025-01-17 23:00:00,2.5,2.502,2.499,2.499,1751.7
2025-01-17 23:01:00,2.498,2.498,2.494,2.496,1147.9
2025-01-17 23:02:00,2.499,2.499,2.498,2.499,1118.4
2025-01-17 23:03:00,2.498,2.499,2.497,2.497,1767.4
2025-01-17 23:04:00,2.498,2.501,2.497,2.501,1942.6
2025-01-17 23:05:00,2.5,2.5,2.497,2.499,1279.4
2025-01-17 23:06:00,2.497,2.498,2.495,2.497,629.8
2025-01-17 23:07:00,2.496,2.498,2.496,2.498,1678.7
2025-01-17 23:08:00,2.497,2.499,2.497,2.498,2216.7
2025-01-17 23:09:00,2.499,2.5,2.499,2.5,957.0
2025-01-17 23:10:00,2.499,2.501,2.498,2.498,1259.2
2025-01-17 23:11:00,2.497,2.497,2.495,2.495,554.3
2025-01-17 23:12:00,2.495,2.498,2.495,2.497,6349.2
2025-01-17 23:13:00,2.497,2.498,2.496,2.498,4073.1
2025-01-17 23:14:00,2.497,2.498,2.496,2.496,856.5
2025-01-17 23:15:00,2.497,2.501,2.497,2.5,941.2
2025-01-17 23:16:00,2.5,2.502,2.5,2.502,2257.2
2025-01-17 23:17:00,2.502,2.503,2.5,2.502,6494.7
2025-01-17 23:18:00,2.502,2.502,2.5,2.5,782.8
2025-01-17 23:19:00,2.5,2.5,2.498,2.5,1244.7
2025-01-17 23:20:00,2.5,2.502,2.5,2.502,341.6
2025-01-17 23:21:00,2.501,2.502,2.501,2.501,1423.8
2025-01-17 23:22:00,2.501,2.505,2.501,2.504,2786.5
2025-01-17 23:23:00,2.505,2.506,2.504,2.504,1915.6
2025-01-17 23:24:00,2.506,2.506,2.503,2.505,1117.1
2025-01-17 23:25:00,2.504,2.506,2.504,2.505,1994.5
2025-01-17 23:26:00,2.504,2.504,2.504,2.504,146.7
2025-01-17 23:27:00,2.502,2.505,2.502,2.504,3326.6
2025-01-17 23:28:00,2.504,2.504,2.504,2.504,2331.0
2025-01-17 23:29:00,2.503,2.503,2.502,2.502,1029.1
2025-01-17 23:30:00,2.503,2.505,2.503,2.504,1175.5
2025-01-17 23:31:00,2.503,2.504,2.502,2.503,1847.7
2025-01-17 23:32:00,2.503,2.505,2.503,2.504,722.5
2025-01-17 23:33:00,2.503,2.505,2.501,2.505,3853.0
2025-01-17 23:34:00,2.506,2.506,2.504,2.504,6195.3
2025-01-17 23:35:00,2.505,2.507,2.505,2.505,3680.5
2025-01-17 23:36:00,2.506,2.507,2.504,2.505,3696.7
2025-01-17 23:37:00,2.505,2.508,2.505,2.506,7278.7
2025-01-17 23:38:00,2.508,2.509,2.508,2.508,831.1
2025-01-17 23:39:00,2.507,2.507,2.506,2.507,2524.4
2025-01-17 23:40:00,2.507,2.508,2.507,2.507,862.7
2025-01-17 23:41:00,2.506,2.508,2.506,2.507,399.2
2025-01-17 23:42:00,2.508,2.513,2.508,2.513,6317.8
2025-01-17 23:43:00,2.513,2.514,2.512,2.514,715.5
2025-01-17 23:44:00,2.513,2.516,2.513,2.516,3719.0
2025-01-17 23:45:00,2.516,2.518,2.515,2.518,3574.7
2025-01-17 23:46:00,2.518,2.518,2.516,2.516,6287.8
2025-01-17 23:47:00,2.516,2.517,2.514,2.516,1352.6
2025-01-17 23:48:00,2.516,2.518,2.515,2.517,6019.9
2025-01-17 23:49:00,2.517,2.518,2.516,2.517,1472.6
2025-01-17 23:50:00,2.517,2.518,2.514,2.514,1815.0
2025-01-17 23:51:00,2.514,2.516,2.514,2.516,2089.8
2025-01-17 23:52:00,2.515,2.515,2.515,2.515,2417.5
2025-01-17 23:53:00,2.515,2.517,2.515,2.516,2570.8
2025-01-17 23:54:00,2.516,2.516,2.516,2.516,51.8
2025-01-17 23:55:00,2.516,2.516,2.516,2.516,1229.2
2025-01-17 23:56:00,2.514,2.514,2.512,2.514,1969.6
2025-01-17 23:57:00,2.513,2.514,2.513,2.514,1252.2
2025-01-17 23:58:00,2.514,2.514,2.514,2.514,144.2
2025-01-17 23:59:00,2.513,2.514,2.512,2.513,785.2
2025-01-18 00:00:00,2.514,2.516,2.514,2.516,2874.1
2025-01-18 00:01:00,2.514,2.526,2.514,2.525,17809.4
2025-01-18 00:02:00,2.526,2.534,2.525,2.525,11107.3
2025-01-18 00:03:00,2.527,2.527,2.523,2.523,10985.2
2025-01-18 00:04:00,2.522,2.524,2.522,2.522,2267.0
2025-01-18 00:05:00,2.522,2.524,2.52,2.521,6648.9
2025-01-18 00:06:00,2.519,2.519,2.515,2.515,1421.3
2025-01-18 00:07:00,2.514,2.514,2.512,2.513,696.6
2025-01-18 00:08:00,2.513,2.517,2.513,2.517,7560.0
2025-01-18 00:09:00,2.517,2.519,2.517,2.519,4487.1
2025-01-18 00:10:00,2.52,2.527,2.52,2.52,8404.5
2025-01-18 00:11:00,2.519,2.519,2.515,2.517,2589.7
2025-01-18 00:12:00,2.516,2.518,2.511,2.513,6782.1
2025-01-18 00:13:00,2.512,2.515,2.511,2.511,2347.0
2025-01-18 00:14:00,2.51,2.51,2.508,2.509,1250.3
2025-01-18 00:15:00,2.51,2.515,2.509,2.515,5674.2
2025-01-18 00:16:00,2.515,2.519,2.514,2.518,4551.3
2025-01-18 00:17:00,2.517,2.519,2.516,2.518,1386.2
2025-01-18 00:18:00,2.517,2.52,2.517,2.518,7224.8
2025-01-18 00:19:00,2.518,2.518,2.513,2.514,1233.0
2025-01-18 00:20:00,2.514,2.518,2.514,2.518,3209.6
2025-01-18 00:21:00,2.518,2.52,2.518,2.519,11621.5
2025-01-18 00:22:00,2.518,2.52,2.514,2.52,6616.1
2025-01-18 00:23:00,2.52,2.523,2.519,2.522,4867.6
2025-01-18 00:24:00,2.521,2.521,2.518,2.521,3245.3
2025-01-18 00:25:00,2.523,2.527,2.523,2.526,3281.0
2025-01-18 00:26:00,2.528,2.531,2.528,2.528,1629.2
2025-01-18 00:27:00,2.525,2.527,2.525,2.527,534.7
2025-01-18 00:28:00,2.526,2.526,2.525,2.526,262.3
2025-01-18 00:29:00,2.525,2.525,2.523,2.523,3666.2
2025-01-18 00:30:00,2.522,2.523,2.521,2.522,1289.1
2025-01-18 00:31:00,2.523,2.524,2.522,2.523,642.0
2025-01-18 00:32:00,2.524,2.525,2.52,2.521,2156.1
2025-01-18 00:33:00,2.522,2.523,2.521,2.522,690.3
2025-01-18 00:34:00,2.522,2.522,2.521,2.521,239.3
2025-01-18 00:35:00,2.52,2.523,2.519,2.519,1214.0
2025-01-18 00:36:00,2.52,2.521,2.519,2.519,2399.6
2025-01-18 00:37:00,2.519,2.523,2.518,2.521,2517.1
2025-01-18 00:38:00,2.522,2.527,2.522,2.526,3182.8
2025-01-18 00:39:00,2.527,2.529,2.527,2.527,2006.0
2025-01-18 00:40:00,2.527,2.53,2.527,2.53,262.9
2025-01-18 00:41:00,2.529,2.529,2.528,2.528,165.2
2025-01-18 00:42:00,2.528,2.528,2.525,2.526,794.8
2025-01-18 00:43:00,2.526,2.526,2.524,2.524,751.2
2025-01-18 00:44:00,2.524,2.526,2.523,2.526,1240.7
2025-01-18 00:45:00,2.528,2.529,2.524,2.524,786.6
2025-01-18 00:46:00,2.522,2.522,2.519,2.52,3210.9
2025-01-18 00:47:00,2.52,2.523,2.52,2.523,319.8
2025-01-18 00:48:00,2.523,2.523,2.52,2.52,2043.8
2025-01-18 00:49:00,2.52,2.522,2.519,2.52,2752.3
2025-01-18 00:50:00,2.519,2.521,2.519,2.519,207.1
2025-01-18 00:51:00,2.519,2.519,2.516,2.516,1753.2
2025-01-18 00:52:00,2.516,2.52,2.516,2.52,1943.0
2025-01-18 00:53:00,2.52,2.521,2.519,2.519,785.5
2025-01-18 00:54:00,2.519,2.519,2.516,2.516,3118.4
2025-01-18 00:55:00,2.516,2.519,2.516,2.517,2942.0
2025-01-18 00:56:00,2.518,2.519,2.516,2.519,1173.5
2025-01-18 00:57:00,2.52,2.523,2.52,2.52,2682.7
2025-01-18 00:58:00,2.52,2.523,2.52,2.522,1750.9
2025-01-18 00:59:00,2.522,2.522,2.521,2.522,281.3
2025-01-18 01:00:00,2.521,2.522,2.516,2.516,3371.4
2025-01-18 01:01:00,2.516,2.516,2.513,2.515,1423.6
2025-01-18 01:02:00,2.514,2.515,2.511,2.511,2552.0
2025-01-18 01:03:00,2.511,2.512,2.507,2.509,7901.9
2025-01-18 01:04:00,2.508,2.509,2.508,2.508,3773.5
2025-01-18 01:05:00,2.507,2.511,2.507,2.509,5481.4
2025-01-18 01:06:00,2.509,2.509,2.503,2.504,2958.8
2025-01-18 01:07:00,2.504,2.505,2.502,2.502,1632.3
2025-01-18 01:08:00,2.501,2.501,2.5,2.501,9707.2
2025-01-18 01:09:00,2.501,2.501,2.496,2.497,27606.6
2025-01-18 01:10:00,2.496,2.497,2.495,2.496,6426.1
2025-01-18 01:11:00,2.497,2.499,2.496,2.497,3213.0
2025-01-18 01:12:00,2.498,2.5,2.498,2.499,2135.5
2025-01-18 01:13:00,2.499,2.5,2.498,2.498,8561.4
2025-01-18 01:14:00,2.497,2.497,2.49,2.49,2497.1
2025-01-18 01:15:00,2.491,2.493,2.488,2.49,3151.4
2025-01-18 01:16:00,2.491,2.492,2.49,2.49,1274.0
2025-01-18 01:17:00,2.491,2.494,2.491,2.494,8915.8
2025-01-18 01:18:00,2.494,2.494,2.49,2.49,2112.1
2025-01-18 01:19:00,2.489,2.489,2.488,2.488,641.6
2025-01-18 01:20:00,2.491,2.491,2.479,2.483,95456.5
2025-01-18 01:21:00,2.483,2.484,2.478,2.48,31652.0
2025-01-18 01:22:00,2.481,2.481,2.479,2.479,3442.3
2025-01-18 01:23:00,2.48,2.481,2.48,2.481,97.1
2025-01-18 01:24:00,2.481,2.484,2.481,2.482,6277.5
2025-01-18 01:25:00,2.481,2.481,2.479,2.479,1962.3
2025-01-18 01:26:00,2.478,2.479,2.477,2.479,1755.8
2025-01-18 01:27:00,2.479,2.482,2.478,2.481,2361.3
2025-01-18 01:28:00,2.481,2.481,2.478,2.479,4648.6
2025-01-18 01:29:00,2.478,2.479,2.477,2.477,439.1
2025-01-18 01:30:00,2.477,2.479,2.474,2.475,3909.5
2025-01-18 01:31:00,2.474,2.475,2.473,2.474,799.9
2025-01-18 01:32:00,2.472,2.474,2.472,2.474,1014.7
2025-01-18 01:33:00,2.473,2.473,2.469,2.472,6196.8
2025-01-18 01:34:00,2.473,2.474,2.468,2.47,3130.1
2025-01-18 01:35:00,2.468,2.47,2.465,2.465,18378.3
2025-01-18 01:36:00,2.464,2.469,2.464,2.466,7534.9
2025-01-18 01:37:00,2.468,2.469,2.466,2.469,1512.0
2025-01-18 01:38:00,2.468,2.47,2.466,2.469,1556.1
2025-01-18 01:39:00,2.469,2.47,2.466,2.466,2029.7
2025-01-18 01:40:00,2.469,2.471,2.467,2.471,2706.8
2025-01-18 01:41:00,2.471,2.472,2.47,2.471,650.5
2025-01-18 01:42:00,2.473,2.481,2.473,2.479,26307.9
2025-01-18 01:43:00,2.478,2.479,2.478,2.478,1204.9
2025-01-18 01:44:00,2.476,2.479,2.476,2.476,5009.4
2025-01-18 01:45:00,2.476,2.476,2.473,2.473,143.2
2025-01-18 01:46:00,2.472,2.473,2.469,2.471,2210.3
2025-01-18 01:47:00,2.47,2.474,2.468,2.474,2733.4
2025-01-18 01:48:00,2.474,2.476,2.473,2.473,1219.6
2025-01-18 01:49:00,2.472,2.473,2.472,2.472,1231.3
2025-01-18 01:50:00,2.471,2.472,2.471,2.472,1444.4
2025-01-18 01:51:00,2.472,2.476,2.472,2.474,1805.2
2025-01-18 01:52:00,2.474,2.475,2.474,2.474,537.5
2025-01-18 01:53:00,2.474,2.475,2.473,2.473,927.5
2025-01-18 01:54:00,2.473,2.474,2.473,2.473,769.9
2025-01-18 01:55:00,2.473,2.476,2.473,2.476,765.0
2025-01-18 01:56:00,2.477,2.478,2.476,2.476,2561.4
2025-01-18 01:57:00,2.476,2.477,2.476,2.477,188.3
2025-01-18 01:58:00,2.476,2.478,2.476,2.476,5397.6
2025-01-18 01:59:00,2.476,2.477,2.475,2.475,1791.7
2025-01-18 02:00:00,2.476,2.476,2.473,2.474,448.7
2025-01-18 02:01:00,2.474,2.48,2.474,2.479,2789.7
2025-01-18 02:02:00,2.478,2.478,2.477,2.477,40.3
2025-01-18 02:03:00,2.478,2.479,2.478,2.478,329.7
2025-01-18 02:04:00,2.478,2.479,2.476,2.476,1180.1
2025-01-18 02:05:00,2.475,2.475,2.475,2.475,825.6
2025-01-18 02:06:00,2.475,2.475,2.469,2.471,7499.8
2025-01-18 02:07:00,2.471,2.472,2.468,2.468,907.9
2025-01-18 02:08:00,2.469,2.476,2.469,2.475,9005.6
2025-01-18 02:09:00,2.473,2.475,2.47,2.475,1190.9
2025-01-18 02:10:00,2.474,2.474,2.471,2.471,524.2
2025-01-18 02:11:00,2.471,2.478,2.471,2.476,1480.0
2025-01-18 02:12:00,2.476,2.476,2.476,2.476,0.0
2025-01-18 02:13:00,2.474,2.476,2.472,2.472,16983.3
2025-01-18 02:14:00,2.474,2.475,2.474,2.475,811.8
2025-01-18 02:15:00,2.476,2.48,2.476,2.478,158.6
2025-01-18 02:16:00,2.477,2.477,2.473,2.473,1817.5
2025-01-18 02:17:00,2.473,2.478,2.473,2.476,3332.7
2025-01-18 02:18:00,2.476,2.476,2.474,2.474,3957.5
2025-01-18 02:19:00,2.474,2.474,2.472,2.472,1165.4
2025-01-18 02:20:00,2.473,2.474,2.469,2.469,1189.3
2025-01-18 02:21:00,2.47,2.473,2.47,2.473,1442.5
2025-01-18 02:22:00,2.473,2.475,2.471,2.471,945.2
2025-01-18 02:23:00,2.471,2.471,2.468,2.471,1085.8
2025-01-18 02:24:00,2.471,2.471,2.47,2.471,353.8
2025-01-18 02:25:00,2.471,2.473,2.469,2.473,8845.8
2025-01-18 02:26:00,2.472,2.473,2.471,2.471,153.5
2025-01-18 02:27:00,2.471,2.472,2.471,2.471,388.2
2025-01-18 02:28:00,2.47,2.47,2.47,2.47,12029.5
2025-01-18 02:29:00,2.471,2.472,2.471,2.472,9487.7
2025-01-18 02:30:00,2.472,2.472,2.466,2.468,37433.5
2025-01-18 02:31:00,2.468,2.469,2.464,2.468,3594.5
2025-01-18 02:32:00,2.467,2.467,2.465,2.465,128.3
2025-01-18 02:33:00,2.465,2.468,2.465,2.467,2225.4
2025-01-18 02:34:00,2.467,2.468,2.467,2.468,1531.6
2025-01-18 02:35:00,2.468,2.469,2.467,2.469,859.6
2025-01-18 02:36:00,2.47,2.473,2.47,2.473,2378.5
2025-01-18 02:37:00,2.472,2.472,2.472,2.472,566.3
2025-01-18 02:38:00,2.468,2.469,2.468,2.468,1254.9
2025-01-18 02:39:00,2.467,2.467,2.463,2.464,686.4
2025-01-18 02:40:00,2.464,2.464,2.464,2.464,537.0
2025-01-18 02:41:00,2.464,2.466,2.464,2.466,4231.3
2025-01-18 02:42:00,2.466,2.467,2.465,2.467,1346.8
2025-01-18 02:43:00,2.468,2.468,2.468,2.468,215.0
2025-01-18 02:44:00,2.468,2.47,2.468,2.47,918.7
2025-01-18 02:45:00,2.471,2.474,2.471,2.474,1156.6
2025-01-18 02:46:00,2.472,2.472,2.471,2.471,3514.7
2025-01-18 02:47:00,2.47,2.47,2.468,2.47,4393.1
2025-01-18 02:48:00,2.469,2.469,2.465,2.465,2430.8
2025-01-18 02:49:00,2.466,2.466,2.466,2.466,79.0
2025-01-18 02:50:00,2.466,2.466,2.463,2.463,1220.9
2025-01-18 02:51:00,2.463,2.469,2.463,2.469,896.2
2025-01-18 02:52:00,2.467,2.467,2.463,2.466,632.1
2025-01-18 02:53:00,2.465,2.465,2.461,2.461,3411.4
2025-01-18 02:54:00,2.461,2.461,2.459,2.46,1726.3
2025-01-18 02:55:00,2.459,2.46,2.456,2.458,1101.3
2025-01-18 02:56:00,2.457,2.457,2.456,2.456,694.6
2025-01-18 02:57:00,2.456,2.459,2.455,2.458,1598.9
2025-01-18 02:58:00,2.458,2.458,2.456,2.456,1457.0
2025-01-18 02:59:00,2.458,2.462,2.457,2.462,3403.1
2025-01-18 03:00:00,2.463,2.468,2.463,2.467,2087.7
2025-01-18 03:01:00,2.466,2.47,2.466,2.468,7042.6
2025-01-18 03:02:00,2.468,2.471,2.468,2.47,3732.4
2025-01-18 03:03:00,2.466,2.466,2.466,2.466,571.9
2025-01-18 03:04:00,2.463,2.463,2.461,2.463,2227.3
2025-01-18 03:05:00,2.463,2.463,2.46,2.461,1538.8
2025-01-18 03:06:00,2.459,2.46,2.459,2.46,307.0
2025-01-18 03:07:00,2.461,2.467,2.46,2.467,4645.8
2025-01-18 03:08:00,2.467,2.467,2.465,2.465,231.8
2025-01-18 03:09:00,2.466,2.473,2.466,2.473,2994.2
2025-01-18 03:10:00,2.473,2.473,2.468,2.469,3096.8
2025-01-18 03:11:00,2.468,2.468,2.466,2.467,1158.4
2025-01-18 03:12:00,2.466,2.466,2.464,2.464,1054.8
2025-01-18 03:13:00,2.464,2.464,2.461,2.461,894.8
2025-01-18 03:14:00,2.461,2.463,2.46,2.463,13935.3
2025-01-18 03:15:00,2.462,2.465,2.462,2.465,411.5
2025-01-18 03:16:00,2.465,2.465,2.459,2.461,939.9
2025-01-18 03:17:00,2.462,2.462,2.459,2.459,2984.6
2025-01-18 03:18:00,2.46,2.46,2.456,2.456,2925.2
2025-01-18 03:19:00,2.455,2.455,2.451,2.451,21968.3
2025-01-18 03:20:00,2.452,2.452,2.448,2.452,9193.2
2025-01-18 03:21:00,2.449,2.451,2.446,2.446,3544.0
2025-01-18 03:22:00,2.447,2.451,2.446,2.447,2518.4
2025-01-18 03:23:00,2.448,2.449,2.446,2.447,4534.8
2025-01-18 03:24:00,2.447,2.448,2.445,2.447,1098.2
2025-01-18 03:25:00,2.445,2.448,2.443,2.448,1879.9
2025-01-18 03:26:00,2.448,2.448,2.444,2.445,730.1
2025-01-18 03:27:00,2.445,2.445,2.439,2.44,4820.2
2025-01-18 03:28:00,2.441,2.447,2.437,2.445,18885.2
2025-01-18 03:29:00,2.446,2.447,2.445,2.445,3788.1
2025-01-18 03:30:00,2.446,2.449,2.446,2.446,843.7
2025-01-18 03:31:00,2.445,2.445,2.44,2.444,5632.5
2025-01-18 03:32:00,2.442,2.445,2.44,2.445,898.8
2025-01-18 03:33:00,2.448,2.448,2.445,2.446,1545.8
2025-01-18 03:34:00,2.445,2.445,2.44,2.442,4729.2
2025-01-18 03:35:00,2.44,2.44,2.437,2.438,1604.8
2025-01-18 03:36:00,2.436,2.436,2.431,2.434,12651.1
2025-01-18 03:37:00,2.432,2.434,2.426,2.426,11442.7
2025-01-18 03:38:00,2.428,2.429,2.423,2.423,9986.6
2025-01-18 03:39:00,2.423,2.429,2.423,2.426,2371.5
2025-01-18 03:40:00,2.427,2.427,2.418,2.418,14623.4
2025-01-18 03:41:00,2.419,2.42,2.411,2.413,10022.2
2025-01-18 03:42:00,2.412,2.416,2.412,2.413,1342.7
2025-01-18 03:43:00,2.413,2.413,2.401,2.403,15824.2
2025-01-18 03:44:00,2.402,2.413,2.399,2.41,27200.8
2025-01-18 03:45:00,2.411,2.42,2.406,2.419,5290.3
2025-01-18 03:46:00,2.419,2.424,2.419,2.424,5324.4
2025-01-18 03:47:00,2.422,2.424,2.42,2.421,22593.5
2025-01-18 03:48:00,2.42,2.423,2.416,2.417,3152.3
2025-01-18 03:49:00,2.417,2.417,2.414,2.415,8429.2
2025-01-18 03:50:00,2.415,2.415,2.404,2.407,3310.6
2025-01-18 03:51:00,2.408,2.408,2.401,2.402,11386.6
2025-01-18 03:52:00,2.403,2.403,2.396,2.398,13832.1
2025-01-18 03:53:00,2.396,2.403,2.396,2.398,1654.5
2025-01-18 03:54:00,2.4,2.412,2.399,2.41,31135.3
2025-01-18 03:55:00,2.41,2.415,2.408,2.415,8265.4
2025-01-18 03:56:00,2.413,2.413,2.409,2.409,4487.4
2025-01-18 03:57:00,2.411,2.417,2.41,2.416,748.2
2025-01-18 03:58:00,2.411,2.414,2.411,2.414,602.8
2025-01-18 03:59:00,2.414,2.414,2.41,2.41,561.8
2025-01-18 04:00:00,2.409,2.412,2.408,2.412,14101.7
2025-01-18 04:01:00,2.412,2.417,2.411,2.416,1701.4
2025-01-18 04:02:00,2.415,2.419,2.415,2.417,1230.5
2025-01-18 04:03:00,2.415,2.416,2.41,2.414,6761.2
2025-01-18 04:04:00,2.41,2.419,2.41,2.418,3397.7
2025-01-18 04:05:00,2.418,2.422,2.418,2.421,3470.8
2025-01-18 04:06:00,2.421,2.424,2.418,2.424,8225.5
2025-01-18 04:07:00,2.424,2.425,2.423,2.424,1465.1
2025-01-18 04:08:00,2.424,2.43,2.424,2.426,1996.1
2025-01-18 04:09:00,2.424,2.424,2.419,2.422,1590.9
2025-01-18 04:10:00,2.421,2.423,2.419,2.42,6973.1
2025-01-18 04:11:00,2.421,2.422,2.42,2.42,6302.6
2025-01-18 04:12:00,2.418,2.423,2.417,2.423,1043.0
2025-01-18 04:13:00,2.421,2.422,2.419,2.421,1677.0
2025-01-18 04:14:00,2.423,2.424,2.418,2.418,928.0
2025-01-18 04:15:00,2.415,2.416,2.41,2.412,10499.9
2025-01-18 04:16:00,2.413,2.414,2.408,2.409,15026.3
2025-01-18 04:17:00,2.409,2.411,2.404,2.404,3790.5
2025-01-18 04:18:00,2.404,2.405,2.403,2.403,7939.2
2025-01-18 04:19:00,2.403,2.404,2.397,2.399,7103.1
2025-01-18 04:20:00,2.399,2.403,2.397,2.4,6910.3
2025-01-18 04:21:00,2.4,2.409,2.4,2.407,2234.5
2025-01-18 04:22:00,2.408,2.412,2.404,2.405,4546.6
2025-01-18 04:23:00,2.404,2.404,2.4,2.4,3047.7
2025-01-18 04:24:00,2.4,2.4,2.397,2.398,5070.9
2025-01-18 04:25:00,2.398,2.398,2.391,2.392,5661.8
2025-01-18 04:26:00,2.392,2.395,2.391,2.392,5076.8
2025-01-18 04:27:00,2.395,2.398,2.394,2.394,3810.3
2025-01-18 04:28:00,2.394,2.401,2.394,2.401,11584.4
2025-01-18 04:29:00,2.401,2.402,2.4,2.401,3675.8
2025-01-18 04:30:00,2.403,2.405,2.402,2.404,3266.3
2025-01-18 04:31:00,2.403,2.41,2.403,2.41,5691.4
2025-01-18 04:32:00,2.409,2.416,2.409,2.414,2986.6
2025-01-18 04:33:00,2.413,2.414,2.409,2.412,2158.7
2025-01-18 04:34:00,2.413,2.415,2.413,2.415,1517.5
2025-01-18 04:35:00,2.415,2.416,2.414,2.414,410.7
2025-01-18 04:36:00,2.417,2.422,2.417,2.42,3577.4
2025-01-18 04:37:00,2.418,2.421,2.417,2.418,3453.1
2025-01-18 04:38:00,2.418,2.42,2.418,2.42,1380.2
2025-01-18 04:39:00,2.419,2.419,2.416,2.416,1209.9
2025-01-18 04:40:00,2.416,2.417,2.414,2.414,1114.6
2025-01-18 04:41:00,2.415,2.417,2.415,2.417,604.4
2025-01-18 04:42:00,2.417,2.42,2.417,2.418,849.3
2025-01-18 04:43:00,2.418,2.418,2.414,2.414,2348.5
2025-01-18 04:44:00,2.414,2.419,2.414,2.415,4512.4
2025-01-18 04:45:00,2.414,2.416,2.409,2.411,7718.8
2025-01-18 04:46:00,2.409,2.409,2.401,2.406,7707.2
2025-01-18 04:47:00,2.405,2.408,2.404,2.404,5440.2
2025-01-18 04:48:00,2.403,2.403,2.399,2.401,7837.9
2025-01-18 04:49:00,2.4,2.402,2.399,2.4,1395.4
2025-01-18 04:50:00,2.398,2.398,2.393,2.395,1107.3
2025-01-18 04:51:00,2.396,2.403,2.395,2.403,3024.3
2025-01-18 04:52:00,2.404,2.405,2.403,2.403,2409.9
2025-01-18 04:53:00,2.402,2.406,2.401,2.406,2245.8
2025-01-18 04:54:00,2.405,2.405,2.402,2.404,3987.2
2025-01-18 04:55:00,2.403,2.404,2.403,2.404,3396.5
2025-01-18 04:56:00,2.405,2.409,2.405,2.408,1241.5
2025-01-18 04:57:00,2.408,2.409,2.407,2.409,804.3
2025-01-18 04:58:00,2.409,2.409,2.408,2.408,268.7
2025-01-18 04:59:00,2.407,2.41,2.407,2.41,145.6
2025-01-18 05:00:00,2.409,2.413,2.409,2.413,2295.7
2025-01-18 05:01:00,2.414,2.419,2.414,2.419,3180.0
2025-01-18 05:02:00,2.413,2.417,2.412,2.412,7667.5
2025-01-18 05:03:00,2.413,2.417,2.413,2.413,6526.3
2025-01-18 05:04:00,2.414,2.416,2.414,2.416,422.8
2025-01-18 05:05:00,2.416,2.419,2.414,2.415,1342.2
2025-01-18 05:06:00,2.415,2.415,2.412,2.413,277.5
2025-01-18 05:07:00,2.41,2.412,2.41,2.412,489.4
2025-01-18 05:08:00,2.412,2.412,2.407,2.409,1793.9
2025-01-18 05:09:00,2.407,2.409,2.405,2.406,1861.4
2025-01-18 05:10:00,2.406,2.406,2.4,2.4,4833.5
2025-01-18 05:11:00,2.399,2.4,2.394,2.395,4971.4
2025-01-18 05:12:00,2.394,2.394,2.39,2.392,8635.8
2025-01-18 05:13:00,2.392,2.394,2.387,2.387,12366.5
2025-01-18 05:14:00,2.389,2.39,2.35,2.352,192726.2
2025-01-18 05:15:00,2.353,2.354,2.337,2.352,47065.0
2025-01-18 05:16:00,2.35,2.353,2.35,2.352,20957.6
2025-01-18 05:17:00,2.353,2.361,2.353,2.356,17996.9
2025-01-18 05:18:00,2.356,2.364,2.356,2.364,8123.4
2025-01-18 05:19:00,2.364,2.367,2.363,2.363,14052.6
2025-01-18 05:20:00,2.363,2.366,2.363,2.366,3411.7
2025-01-18 05:21:00,2.366,2.367,2.362,2.364,6016.6
2025-01-18 05:22:00,2.366,2.366,2.366,2.366,2038.1
2025-01-18 05:23:00,2.365,2.366,2.362,2.362,3613.6
2025-01-18 05:24:00,2.363,2.369,2.363,2.369,3655.7
2025-01-18 05:25:00,2.369,2.37,2.364,2.367,4145.9
2025-01-18 05:26:00,2.367,2.367,2.36,2.36,487.4
2025-01-18 05:27:00,2.36,2.361,2.353,2.353,11711.4
2025-01-18 05:28:00,2.354,2.355,2.352,2.353,4210.6
2025-01-18 05:29:00,2.354,2.355,2.351,2.351,10879.9
2025-01-18 05:30:00,2.352,2.356,2.351,2.351,2037.8
2025-01-18 05:31:00,2.35,2.351,2.345,2.346,1819.7
2025-01-18 05:32:00,2.347,2.355,2.346,2.354,15027.6
2025-01-18 05:33:00,2.355,2.358,2.355,2.356,1808.5
2025-01-18 05:34:00,2.355,2.358,2.354,2.357,2252.1
2025-01-18 05:35:00,2.355,2.355,2.349,2.349,6649.7
2025-01-18 05:36:00,2.348,2.351,2.347,2.348,3031.0
2025-01-18 05:37:00,2.346,2.35,2.346,2.348,3489.4
2025-01-18 05:38:00,2.348,2.349,2.344,2.347,5459.9
2025-01-18 05:39:00,2.346,2.346,2.342,2.342,3380.5
2025-01-18 05:40:00,2.343,2.347,2.342,2.344,5359.2
2025-01-18 05:41:00,2.345,2.348,2.339,2.339,8945.4
2025-01-18 05:42:00,2.339,2.344,2.338,2.34,3521.2
2025-01-18 05:43:00,2.34,2.344,2.338,2.344,5265.3
2025-01-18 05:44:00,2.344,2.347,2.342,2.342,6558.1
2025-01-18 05:45:00,2.342,2.345,2.342,2.342,3201.6
2025-01-18 05:46:00,2.342,2.342,2.339,2.34,1522.9
2025-01-18 05:47:00,2.339,2.346,2.339,2.343,4002.0
2025-01-18 05:48:00,2.343,2.344,2.338,2.338,1462.4
2025-01-18 05:49:00,2.337,2.337,2.333,2.336,4124.2
2025-01-18 05:50:00,2.337,2.337,2.327,2.328,8459.1
2025-01-18 05:51:00,2.328,2.335,2.326,2.33,22026.3
2025-01-18 05:52:00,2.328,2.332,2.325,2.325,7234.0
2025-01-18 05:53:00,2.326,2.327,2.321,2.322,5224.2
2025-01-18 05:54:00,2.322,2.323,2.314,2.315,17781.4
2025-01-18 05:55:00,2.314,2.315,2.306,2.309,12455.1
2025-01-18 05:56:00,2.309,2.322,2.304,2.31,40919.3
2025-01-18 05:57:00,2.311,2.313,2.303,2.303,47282.1
2025-01-18 05:58:00,2.303,2.307,2.3,2.306,18928.0
2025-01-18 05:59:00,2.305,2.306,2.3,2.302,21681.5
2025-01-18 06:00:00,2.301,2.32,2.3,2.312,27763.3
2025-01-18 06:01:00,2.312,2.319,2.31,2.317,10255.4
2025-01-18 06:02:00,2.318,2.324,2.312,2.315,5622.5
2025-01-18 06:03:00,2.315,2.32,2.314,2.315,2302.0
2025-01-18 06:04:00,2.316,2.322,2.314,2.315,10093.0
2025-01-18 06:05:00,2.316,2.323,2.314,2.319,2791.0
2025-01-18 06:06:00,2.317,2.326,2.317,2.321,6749.9
2025-01-18 06:07:00,2.32,2.321,2.315,2.321,6153.3
2025-01-18 06:08:00,2.32,2.324,2.32,2.321,2047.0
2025-01-18 06:09:00,2.32,2.324,2.32,2.324,1827.2
2025-01-18 06:10:00,2.324,2.328,2.324,2.325,25883.6
2025-01-18 06:11:00,2.325,2.325,2.319,2.319,13710.1
2025-01-18 06:12:00,2.318,2.321,2.316,2.317,2667.9
2025-01-18 06:13:00,2.317,2.32,2.316,2.32,5457.6
2025-01-18 06:14:00,2.32,2.326,2.32,2.325,3081.1
2025-01-18 06:15:00,2.323,2.329,2.323,2.328,3779.8
2025-01-18 06:16:00,2.328,2.332,2.326,2.329,3569.8
2025-01-18 06:17:00,2.33,2.336,2.33,2.334,7372.4
2025-01-18 06:18:00,2.334,2.335,2.333,2.334,3416.2
2025-01-18 06:19:00,2.333,2.336,2.333,2.336,1203.2
2025-01-18 06:20:00,2.336,2.336,2.329,2.33,3323.6
2025-01-18 06:21:00,2.33,2.33,2.324,2.326,1968.8
2025-01-18 06:22:00,2.325,2.325,2.317,2.319,3775.4
2025-01-18 06:23:00,2.32,2.324,2.319,2.321,8091.1
2025-01-18 06:24:00,2.32,2.321,2.32,2.32,1706.9
2025-01-18 06:25:00,2.32,2.325,2.32,2.325,639.1
2025-01-18 06:26:00,2.325,2.327,2.324,2.325,1600.5
2025-01-18 06:27:00,2.325,2.327,2.325,2.326,3118.7
2025-01-18 06:28:00,2.326,2.326,2.324,2.325,1203.3
2025-01-18 06:29:00,2.326,2.328,2.326,2.327,469.2
2025-01-18 06:30:00,2.328,2.328,2.324,2.324,1814.5
2025-01-18 06:31:00,2.323,2.325,2.322,2.323,3290.3
2025-01-18 06:32:00,2.322,2.324,2.32,2.324,1215.6
2025-01-18 06:33:00,2.322,2.326,2.321,2.324,14126.6
2025-01-18 06:34:00,2.325,2.326,2.323,2.324,2259.3
2025-01-18 06:35:00,2.322,2.324,2.322,2.324,1162.8
2025-01-18 06:36:00,2.325,2.337,2.325,2.337,6108.2
2025-01-18 06:37:00,2.337,2.338,2.336,2.337,777.9
2025-01-18 06:38:00,2.337,2.337,2.333,2.335,3541.8
2025-01-18 06:39:00,2.333,2.336,2.332,2.335,6751.8
2025-01-18 06:40:00,2.334,2.334,2.332,2.333,3536.8
2025-01-18 06:41:00,2.332,2.334,2.331,2.334,2592.3
2025-01-18 06:42:00,2.333,2.333,2.33,2.33,1415.8
2025-01-18 06:43:00,2.331,2.332,2.33,2.332,2562.6
2025-01-18 06:44:00,2.331,2.331,2.328,2.328,3408.3
2025-01-18 06:45:00,2.33,2.334,2.33,2.334,2951.3
2025-01-18 06:46:00,2.335,2.335,2.335,2.335,3206.6
2025-01-18 06:47:00,2.335,2.336,2.333,2.335,9419.5
2025-01-18 06:48:00,2.336,2.338,2.334,2.336,6883.7
2025-01-18 06:49:00,2.338,2.34,2.337,2.34,3691.4
2025-01-18 06:50:00,2.338,2.338,2.337,2.338,2217.9
2025-01-18 06:51:00,2.337,2.338,2.333,2.334,2267.8
2025-01-18 06:52:00,2.334,2.336,2.334,2.335,1064.7
2025-01-18 06:53:00,2.336,2.337,2.335,2.337,576.5
2025-01-18 06:54:00,2.337,2.338,2.333,2.335,3471.8
2025-01-18 06:55:00,2.336,2.336,2.332,2.333,1703.0
2025-01-18 06:56:00,2.331,2.331,2.328,2.328,2119.1
2025-01-18 06:57:00,2.327,2.329,2.327,2.329,4184.3
2025-01-18 06:58:00,2.328,2.329,2.328,2.328,2495.6
2025-01-18 06:59:00,2.328,2.328,2.326,2.326,769.8
2025-01-18 07:00:00,2.327,2.327,2.325,2.325,7504.4
2025-01-18 07:01:00,2.327,2.328,2.326,2.327,3802.3
2025-01-18 07:02:00,2.328,2.329,2.326,2.326,2751.3
2025-01-18 07:03:00,2.321,2.324,2.32,2.322,3703.2
2025-01-18 07:04:00,2.321,2.324,2.319,2.319,4304.2
2025-01-18 07:05:00,2.319,2.322,2.318,2.321,1900.8
2025-01-18 07:06:00,2.321,2.322,2.316,2.319,5411.4
2025-01-18 07:07:00,2.318,2.321,2.318,2.32,13585.9
2025-01-18 07:08:00,2.321,2.321,2.319,2.32,833.7
2025-01-18 07:09:00,2.318,2.318,2.311,2.311,3969.4
2025-01-18 07:10:00,2.31,2.313,2.308,2.31,9200.6
2025-01-18 07:11:00,2.309,2.309,2.305,2.308,7255.6
2025-01-18 07:12:00,2.308,2.308,2.304,2.306,1078.8
2025-01-18 07:13:00,2.303,2.305,2.302,2.302,1898.9
2025-01-18 07:14:00,2.303,2.308,2.302,2.302,1803.8
2025-01-18 07:15:00,2.303,2.308,2.303,2.307,4190.5
2025-01-18 07:16:00,2.306,2.31,2.305,2.305,2126.0
2025-01-18 07:17:00,2.31,2.311,2.31,2.311,58.7
2025-01-18 07:18:00,2.31,2.31,2.308,2.309,3460.0
2025-01-18 07:19:00,2.307,2.309,2.304,2.304,1491.7
2025-01-18 07:20:00,2.305,2.313,2.305,2.313,475.2
2025-01-18 07:21:00,2.313,2.314,2.311,2.311,2093.9
2025-01-18 07:22:00,2.31,2.314,2.31,2.313,14344.7
2025-01-18 07:23:00,2.312,2.314,2.312,2.313,3089.3
2025-01-18 07:24:00,2.314,2.315,2.313,2.314,1430.6
2025-01-18 07:25:00,2.315,2.315,2.313,2.314,1749.1
2025-01-18 07:26:00,2.313,2.316,2.313,2.315,997.4
2025-01-18 07:27:00,2.315,2.315,2.311,2.311,1724.8
2025-01-18 07:28:00,2.312,2.312,2.311,2.311,1961.2
2025-01-18 07:29:00,2.313,2.314,2.313,2.314,1112.5
2025-01-18 07:30:00,2.313,2.313,2.309,2.309,3356.6
2025-01-18 07:31:00,2.308,2.31,2.304,2.304,2657.7
2025-01-18 07:32:00,2.306,2.306,2.304,2.304,2723.4
2025-01-18 07:33:00,2.304,2.304,2.301,2.303,6717.3
2025-01-18 07:34:00,2.303,2.307,2.303,2.307,3462.4
2025-01-18 07:35:00,2.307,2.312,2.307,2.312,3125.5
2025-01-18 07:36:00,2.311,2.311,2.308,2.308,2298.1
2025-01-18 07:37:00,2.308,2.309,2.308,2.308,1359.5
2025-01-18 07:38:00,2.308,2.314,2.308,2.314,2777.4
2025-01-18 07:39:00,2.314,2.314,2.312,2.313,977.7
2025-01-18 07:40:00,2.313,2.315,2.313,2.314,508.3
2025-01-18 07:41:00,2.312,2.312,2.309,2.31,1667.7
2025-01-18 07:42:00,2.31,2.312,2.31,2.311,1360.2
2025-01-18 07:43:00,2.311,2.311,2.307,2.307,1948.5
2025-01-18 07:44:00,2.308,2.308,2.306,2.308,6591.4
2025-01-18 07:45:00,2.308,2.308,2.301,2.302,6420.7
2025-01-18 07:46:00,2.302,2.302,2.299,2.301,7346.5
2025-01-18 07:47:00,2.301,2.302,2.297,2.298,21667.4
2025-01-18 07:48:00,2.297,2.297,2.294,2.294,4087.9
2025-01-18 07:49:00,2.295,2.296,2.293,2.293,1883.6
2025-01-18 07:50:00,2.293,2.294,2.289,2.289,5655.0
2025-01-18 07:51:00,2.289,2.294,2.289,2.29,4370.2
2025-01-18 07:52:00,2.29,2.292,2.29,2.292,1689.0
2025-01-18 07:53:00,2.293,2.297,2.293,2.297,2630.1
2025-01-18 07:54:00,2.296,2.301,2.296,2.3,1068.4
2025-01-18 07:55:00,2.301,2.304,2.301,2.302,2148.7
2025-01-18 07:56:00,2.301,2.301,2.299,2.3,1843.7
2025-01-18 07:57:00,2.299,2.299,2.297,2.299,1021.7
2025-01-18 07:58:00,2.299,2.299,2.298,2.298,222.0
2025-01-18 07:59:00,2.299,2.299,2.295,2.296,672.2
2025-01-18 08:00:00,2.296,2.296,2.288,2.289,8809.6
2025-01-18 08:01:00,2.29,2.29,2.287,2.288,3614.1
2025-01-18 08:02:00,2.288,2.288,2.284,2.285,4765.2
2025-01-18 08:03:00,2.285,2.286,2.284,2.286,3126.9
2025-01-18 08:04:00,2.285,2.285,2.28,2.28,2967.4
2025-01-18 08:05:00,2.281,2.286,2.279,2.279,7937.9
2025-01-18 08:06:00,2.278,2.284,2.276,2.278,9203.3
2025-01-18 08:07:00,2.276,2.277,2.272,2.273,8651.0
2025-01-18 08:08:00,2.273,2.273,2.265,2.268,21154.5
2025-01-18 08:09:00,2.268,2.272,2.264,2.27,15280.4
2025-01-18 08:10:00,2.268,2.275,2.266,2.272,8897.1
2025-01-18 08:11:00,2.274,2.286,2.274,2.285,3562.9
2025-01-18 08:12:00,2.285,2.287,2.282,2.284,5655.5
2025-01-18 08:13:00,2.285,2.288,2.283,2.288,1815.7
2025-01-18 08:14:00,2.286,2.286,2.281,2.284,5234.4
2025-01-18 08:15:00,2.284,2.289,2.284,2.286,5959.4
2025-01-18 08:16:00,2.285,2.286,2.284,2.286,1895.8
2025-01-18 08:17:00,2.287,2.287,2.279,2.279,4459.3
2025-01-18 08:18:00,2.278,2.278,2.274,2.274,7947.2
2025-01-18 08:19:00,2.274,2.275,2.272,2.273,2543.7
2025-01-18 08:20:00,2.272,2.272,2.265,2.267,7024.5
2025-01-18 08:21:00,2.266,2.271,2.266,2.267,4198.4
2025-01-18 08:22:00,2.266,2.27,2.265,2.266,2665.1
2025-01-18 08:23:00,2.266,2.268,2.261,2.262,939.6
2025-01-18 08:24:00,2.263,2.272,2.263,2.271,2086.0
2025-01-18 08:25:00,2.272,2.279,2.27,2.279,2653.0
2025-01-18 08:26:00,2.278,2.279,2.277,2.279,1287.5
2025-01-18 08:27:00,2.279,2.281,2.278,2.281,7461.9
2025-01-18 08:28:00,2.283,2.283,2.278,2.283,4663.2
2025-01-18 08:29:00,2.284,2.284,2.282,2.284,911.5
2025-01-18 08:30:00,2.284,2.29,2.284,2.29,6118.0
2025-01-18 08:31:00,2.29,2.29,2.287,2.287,1131.6
2025-01-18 08:32:00,2.287,2.288,2.286,2.286,744.9
2025-01-18 08:33:00,2.285,2.292,2.285,2.292,2026.5
2025-01-18 08:34:00,2.292,2.294,2.292,2.292,757.6
2025-01-18 08:35:00,2.291,2.297,2.291,2.297,2864.9
2025-01-18 08:36:00,2.296,2.297,2.294,2.294,3247.5
2025-01-18 08:37:00,2.293,2.298,2.292,2.296,3830.1
2025-01-18 08:38:00,2.296,2.299,2.296,2.299,877.6
2025-01-18 08:39:00,2.296,2.297,2.296,2.296,415.3
2025-01-18 08:40:00,2.296,2.296,2.293,2.294,2186.5
2025-01-18 08:41:00,2.295,2.298,2.295,2.298,113.2
2025-01-18 08:42:00,2.297,2.297,2.293,2.294,678.4
2025-01-18 08:43:00,2.295,2.296,2.295,2.296,455.0
2025-01-18 08:44:00,2.296,2.3,2.296,2.298,1605.9
2025-01-18 08:45:00,2.298,2.298,2.295,2.295,865.3
2025-01-18 08:46:00,2.293,2.293,2.292,2.293,291.3
2025-01-18 08:47:00,2.294,2.295,2.293,2.294,1303.4
2025-01-18 08:48:00,2.295,2.299,2.295,2.299,519.6
2025-01-18 08:49:00,2.299,2.301,2.296,2.299,2331.1
2025-01-18 08:50:00,2.3,2.3,2.296,2.296,610.3
2025-01-18 08:51:00,2.295,2.295,2.295,2.295,56.1
2025-01-18 08:52:00,2.296,2.299,2.296,2.299,510.5
2025-01-18 08:53:00,2.299,2.301,2.299,2.301,1336.1
2025-01-18 08:54:00,2.301,2.304,2.301,2.302,1265.2
2025-01-18 08:55:00,2.301,2.301,2.299,2.3,2028.3
2025-01-18 08:56:00,2.3,2.302,2.3,2.301,95.3
2025-01-18 08:57:00,2.302,2.302,2.299,2.299,405.2
2025-01-18 08:58:00,2.3,2.3,2.298,2.298,338.9
2025-01-18 08:59:00,2.297,2.297,2.296,2.297,420.6
2025-01-18 09:00:00,2.297,2.297,2.292,2.292,5415.5
2025-01-18 09:01:00,2.294,2.295,2.294,2.294,1522.1
2025-01-18 09:02:00,2.295,2.3,2.295,2.3,1567.1
2025-01-18 09:03:00,2.3,2.301,2.299,2.301,4613.8
2025-01-18 09:04:00,2.3,2.3,2.298,2.298,539.9
2025-01-18 09:05:00,2.298,2.299,2.295,2.299,2165.5
2025-01-18 09:06:00,2.297,2.298,2.295,2.295,1427.9
2025-01-18 09:07:00,2.295,2.295,2.291,2.291,9258.7
2025-01-18 09:08:00,2.291,2.291,2.289,2.289,2237.7
2025-01-18 09:09:00,2.287,2.288,2.287,2.288,259.3
2025-01-18 09:10:00,2.286,2.288,2.286,2.286,2286.0
2025-01-18 09:11:00,2.29,2.29,2.288,2.29,1327.8
2025-01-18 09:12:00,2.29,2.29,2.288,2.289,1625.7
2025-01-18 09:13:00,2.288,2.291,2.288,2.291,2385.6
2025-01-18 09:14:00,2.291,2.291,2.289,2.29,285.1
2025-01-18 09:15:00,2.29,2.291,2.289,2.29,1033.6
2025-01-18 09:16:00,2.288,2.292,2.288,2.291,1563.5
2025-01-18 09:17:00,2.291,2.293,2.291,2.293,2973.1
2025-01-18 09:18:00,2.291,2.293,2.291,2.293,1276.1
2025-01-18 09:19:00,2.293,2.294,2.292,2.293,5001.9
2025-01-18 09:20:00,2.292,2.292,2.289,2.29,1059.1
2025-01-18 09:21:00,2.289,2.29,2.285,2.285,5947.2
2025-01-18 09:22:00,2.286,2.286,2.283,2.283,1817.3
2025-01-18 09:23:00,2.283,2.283,2.277,2.279,18215.1
2025-01-18 09:24:00,2.279,2.28,2.279,2.28,16713.0
2025-01-18 09:25:00,2.28,2.283,2.28,2.283,2713.1
2025-01-18 09:26:00,2.283,2.287,2.283,2.286,1658.5
2025-01-18 09:27:00,2.286,2.289,2.284,2.286,17483.1
2025-01-18 09:28:00,2.287,2.288,2.286,2.287,3370.9
2025-01-18 09:29:00,2.288,2.289,2.288,2.289,655.0
2025-01-18 09:30:00,2.287,2.287,2.284,2.286,660.0
2025-01-18 09:31:00,2.285,2.285,2.284,2.284,549.2
2025-01-18 09:32:00,2.283,2.284,2.277,2.277,7084.8
2025-01-18 09:33:00,2.277,2.279,2.277,2.279,560.9
2025-01-18 09:34:00,2.279,2.279,2.278,2.278,148.5
2025-01-18 09:35:00,2.277,2.278,2.276,2.278,2010.2
2025-01-18 09:36:00,2.278,2.278,2.274,2.275,15620.7
2025-01-18 09:37:00,2.275,2.276,2.273,2.276,1810.5
2025-01-18 09:38:00,2.276,2.276,2.273,2.273,79.8
2025-01-18 09:39:00,2.272,2.272,2.268,2.269,1564.3
2025-01-18 09:40:00,2.268,2.27,2.266,2.267,2661.6
2025-01-18 09:41:00,2.268,2.271,2.268,2.269,506.7
2025-01-18 09:42:00,2.27,2.27,2.267,2.267,638.6
2025-01-18 09:43:00,2.268,2.271,2.268,2.27,880.8
2025-01-18 09:44:00,2.271,2.274,2.271,2.274,4118.3
2025-01-18 09:45:00,2.274,2.278,2.273,2.273,1181.7
2025-01-18 09:46:00,2.275,2.275,2.273,2.274,3582.9
2025-01-18 09:47:00,2.274,2.277,2.274,2.276,624.7
2025-01-18 09:48:00,2.275,2.277,2.275,2.276,431.3
2025-01-18 09:49:00,2.278,2.28,2.278,2.28,871.7
2025-01-18 09:50:00,2.28,2.282,2.28,2.28,85.9
2025-01-18 09:51:00,2.281,2.285,2.281,2.285,1606.1
2025-01-18 09:52:00,2.286,2.289,2.285,2.288,648.8
2025-01-18 09:53:00,2.288,2.289,2.286,2.286,948.6
2025-01-18 09:54:00,2.288,2.289,2.287,2.289,877.1
2025-01-18 09:55:00,2.288,2.288,2.287,2.287,764.7
2025-01-18 09:56:00,2.286,2.286,2.284,2.284,175.7
2025-01-18 09:57:00,2.283,2.284,2.283,2.284,560.5
2025-01-18 09:58:00,2.285,2.287,2.285,2.287,3727.4
2025-01-18 09:59:00,2.288,2.288,2.286,2.287,418.5
2025-01-18 10:00:00,2.287,2.287,2.285,2.285,5256.8
2025-01-18 10:01:00,2.284,2.286,2.283,2.284,6313.0
2025-01-18 10:02:00,2.283,2.288,2.283,2.288,925.4
2025-01-18 10:03:00,2.289,2.292,2.289,2.291,1592.8
2025-01-18 10:04:00,2.291,2.295,2.291,2.294,2145.2
2025-01-18 10:05:00,2.292,2.292,2.29,2.29,2684.5
2025-01-18 10:06:00,2.29,2.292,2.29,2.292,1335.9
2025-01-18 10:07:00,2.291,2.294,2.29,2.293,1702.5
2025-01-18 10:08:00,2.293,2.295,2.293,2.293,1609.7
2025-01-18 10:09:00,2.293,2.293,2.289,2.289,4681.5
2025-01-18 10:10:00,2.289,2.289,2.284,2.285,898.5
2025-01-18 10:11:00,2.283,2.283,2.281,2.281,642.9
2025-01-18 10:12:00,2.282,2.282,2.279,2.282,2582.3
2025-01-18 10:13:00,2.281,2.281,2.274,2.275,7702.7
2025-01-18 10:14:00,2.275,2.28,2.274,2.278,6742.1
2025-01-18 10:15:00,2.278,2.283,2.277,2.283,6864.8
2025-01-18 10:16:00,2.284,2.286,2.283,2.284,2301.6
2025-01-18 10:17:00,2.286,2.289,2.285,2.285,1086.9
2025-01-18 10:18:00,2.287,2.287,2.285,2.286,544.0
2025-01-18 10:19:00,2.283,2.283,2.278,2.278,161.6
2025-01-18 10:20:00,2.276,2.278,2.274,2.274,3847.7
2025-01-18 10:21:00,2.273,2.277,2.272,2.277,3517.9
2025-01-18 10:22:00,2.275,2.275,2.272,2.272,59.3
2025-01-18 10:23:00,2.274,2.279,2.274,2.279,609.0
2025-01-18 10:24:00,2.278,2.28,2.277,2.277,703.5
2025-01-18 10:25:00,2.279,2.285,2.279,2.284,1621.7
2025-01-18 10:26:00,2.285,2.285,2.283,2.283,861.0
2025-01-18 10:27:00,2.283,2.284,2.281,2.281,15292.6
2025-01-18 10:28:00,2.282,2.282,2.277,2.28,7464.9
2025-01-18 10:29:00,2.279,2.281,2.279,2.281,883.7
2025-01-18 10:30:00,2.281,2.282,2.278,2.281,4691.1
2025-01-18 10:31:00,2.278,2.278,2.275,2.275,347.7
2025-01-18 10:32:00,2.275,2.278,2.274,2.276,7170.0
2025-01-18 10:33:00,2.276,2.276,2.275,2.275,983.4
2025-01-18 10:34:00,2.275,2.279,2.275,2.279,2570.3
2025-01-18 10:35:00,2.28,2.281,2.278,2.279,3557.1
2025-01-18 10:36:00,2.276,2.278,2.272,2.274,1976.3
2025-01-18 10:37:00,2.276,2.277,2.273,2.273,1921.7
2025-01-18 10:38:00,2.271,2.271,2.27,2.27,384.9
2025-01-18 10:39:00,2.269,2.269,2.265,2.265,2071.2
2025-01-18 10:40:00,2.264,2.267,2.263,2.265,1429.8
2025-01-18 10:41:00,2.264,2.266,2.262,2.264,4972.0
2025-01-18 10:42:00,2.266,2.275,2.266,2.273,2065.8
2025-01-18 10:43:00,2.273,2.273,2.269,2.269,1935.3
2025-01-18 10:44:00,2.269,2.272,2.268,2.268,3220.0
2025-01-18 10:45:00,2.267,2.272,2.266,2.268,24078.6
2025-01-18 10:46:00,2.264,2.265,2.262,2.264,1624.0
2025-01-18 10:47:00,2.264,2.264,2.261,2.262,3975.2
2025-01-18 10:48:00,2.265,2.27,2.265,2.27,2336.1
2025-01-18 10:49:00,2.27,2.274,2.269,2.274,1978.6
2025-01-18 10:50:00,2.275,2.276,2.275,2.276,312.8
2025-01-18 10:51:00,2.281,2.282,2.28,2.281,3229.0
2025-01-18 10:52:00,2.28,2.281,2.28,2.281,633.8
2025-01-18 10:53:00,2.281,2.281,2.276,2.28,12085.8
2025-01-18 10:54:00,2.279,2.283,2.279,2.283,3945.9
2025-01-18 10:55:00,2.283,2.284,2.278,2.282,11352.5
2025-01-18 10:56:00,2.281,2.281,2.278,2.28,2063.9
2025-01-18 10:57:00,2.281,2.285,2.281,2.281,5353.4
2025-01-18 10:58:00,2.282,2.282,2.28,2.28,1372.3
2025-01-18 10:59:00,2.279,2.28,2.279,2.279,279.0
2025-01-18 11:00:00,2.276,2.276,2.273,2.274,1934.9
2025-01-18 11:01:00,2.275,2.277,2.273,2.277,2711.6
2025-01-18 11:02:00,2.277,2.279,2.277,2.278,122.4
2025-01-18 11:03:00,2.278,2.278,2.275,2.277,2519.0
2025-01-18 11:04:00,2.273,2.278,2.273,2.278,218.4
2025-01-18 11:05:00,2.275,2.275,2.269,2.271,613.5
2025-01-18 11:06:00,2.272,2.272,2.266,2.266,2842.4
2025-01-18 11:07:00,2.266,2.267,2.264,2.264,1737.3
2025-01-18 11:08:00,2.263,2.267,2.263,2.264,4733.6
2025-01-18 11:09:00,2.264,2.269,2.264,2.269,10241.5
2025-01-18 11:10:00,2.268,2.268,2.265,2.265,2249.5
2025-01-18 11:11:00,2.265,2.27,2.265,2.268,1265.3
2025-01-18 11:12:00,2.268,2.27,2.266,2.27,1027.6
2025-01-18 11:13:00,2.27,2.272,2.27,2.271,3591.4
2025-01-18 11:14:00,2.271,2.272,2.269,2.27,3799.7
2025-01-18 11:15:00,2.271,2.272,2.271,2.271,306.6
2025-01-18 11:16:00,2.272,2.272,2.27,2.27,615.7
2025-01-18 11:17:00,2.271,2.278,2.271,2.278,2288.0
2025-01-18 11:18:00,2.278,2.278,2.272,2.272,1366.9
2025-01-18 11:19:00,2.272,2.274,2.272,2.274,3255.7
2025-01-18 11:20:00,2.273,2.274,2.273,2.274,352.3
2025-01-18 11:21:00,2.275,2.276,2.273,2.276,2171.7
2025-01-18 11:22:00,2.277,2.279,2.277,2.277,580.4
2025-01-18 11:23:00,2.278,2.278,2.277,2.278,1110.0
2025-01-18 11:24:00,2.278,2.283,2.278,2.283,2260.5
2025-01-18 11:25:00,2.283,2.288,2.283,2.287,11112.5
2025-01-18 11:26:00,2.287,2.287,2.286,2.287,853.8
2025-01-18 11:27:00,2.285,2.286,2.283,2.283,991.0
2025-01-18 11:28:00,2.284,2.285,2.283,2.283,1827.5
2025-01-18 11:29:00,2.285,2.288,2.285,2.288,2525.0
2025-01-18 11:30:00,2.285,2.285,2.281,2.282,44.8
2025-01-18 11:31:00,2.282,2.283,2.28,2.281,1646.9
2025-01-18 11:32:00,2.281,2.283,2.281,2.282,2500.4
2025-01-18 11:33:00,2.283,2.285,2.282,2.284,2634.8
2025-01-18 11:34:00,2.285,2.285,2.284,2.285,1626.5
2025-01-18 11:35:00,2.285,2.285,2.283,2.283,1575.2
2025-01-18 11:36:00,2.284,2.29,2.284,2.29,5173.9
2025-01-18 11:37:00,2.29,2.294,2.29,2.294,3286.3
2025-01-18 11:38:00,2.294,2.296,2.294,2.296,10592.2
2025-01-18 11:39:00,2.297,2.297,2.295,2.297,2560.8
2025-01-18 11:40:00,2.298,2.298,2.295,2.297,890.2
2025-01-18 11:41:00,2.296,2.303,2.296,2.302,7564.7
2025-01-18 11:42:00,2.302,2.304,2.301,2.303,3253.6
2025-01-18 11:43:00,2.305,2.307,2.304,2.307,3802.9
2025-01-18 11:44:00,2.307,2.31,2.306,2.309,13756.0
2025-01-18 11:45:00,2.307,2.311,2.304,2.311,6218.4
2025-01-18 11:46:00,2.309,2.311,2.305,2.311,9870.1
2025-01-18 11:47:00,2.309,2.31,2.307,2.307,4487.5
2025-01-18 11:48:00,2.305,2.307,2.305,2.305,1014.3
2025-01-18 11:49:00,2.305,2.306,2.301,2.303,2600.0
2025-01-18 11:50:00,2.303,2.305,2.302,2.303,4056.2
2025-01-18 11:51:00,2.3,2.302,2.298,2.301,1810.9
2025-01-18 11:52:00,2.302,2.302,2.297,2.3,2867.3
2025-01-18 11:53:00,2.297,2.299,2.296,2.299,2428.8
2025-01-18 11:54:00,2.3,2.3,2.298,2.299,738.6
2025-01-18 11:55:00,2.299,2.302,2.299,2.302,4146.3
2025-01-18 11:56:00,2.301,2.304,2.301,2.304,1988.2
2025-01-18 11:57:00,2.304,2.306,2.304,2.305,1525.8
2025-01-18 11:58:00,2.306,2.306,2.301,2.302,1650.1
2025-01-18 11:59:00,2.303,2.305,2.303,2.305,2827.4
2025-01-18 12:00:00,2.305,2.305,2.301,2.301,3439.9
2025-01-18 12:01:00,2.3,2.3,2.295,2.296,3759.1
2025-01-18 12:02:00,2.294,2.297,2.294,2.295,1872.7
2025-01-18 12:03:00,2.298,2.299,2.297,2.299,523.1
2025-01-18 12:04:00,2.298,2.302,2.298,2.302,6257.0
2025-01-18 12:05:00,2.302,2.307,2.302,2.307,1506.4
2025-01-18 12:06:00,2.306,2.307,2.304,2.306,5994.9
2025-01-18 12:07:00,2.305,2.305,2.302,2.302,564.8
2025-01-18 12:08:00,2.301,2.302,2.301,2.302,700.2
2025-01-18 12:09:00,2.3,2.301,2.298,2.301,3507.4
2025-01-18 12:10:00,2.302,2.305,2.302,2.305,896.6
2025-01-18 12:11:00,2.305,2.305,2.3,2.3,1682.5
2025-01-18 12:12:00,2.299,2.303,2.299,2.301,17951.6
2025-01-18 12:13:00,2.297,2.3,2.297,2.299,793.2
2025-01-18 12:14:00,2.298,2.299,2.296,2.296,1650.6
2025-01-18 12:15:00,2.297,2.299,2.297,2.299,929.3
2025-01-18 12:16:00,2.299,2.299,2.297,2.298,2352.9
2025-01-18 12:17:00,2.298,2.3,2.297,2.298,2157.8
2025-01-18 12:18:00,2.297,2.298,2.297,2.298,659.4
2025-01-18 12:19:00,2.295,2.298,2.294,2.298,4578.7
2025-01-18 12:20:00,2.298,2.298,2.296,2.298,1805.3
2025-01-18 12:21:00,2.299,2.304,2.298,2.302,8369.9
2025-01-18 12:22:00,2.302,2.302,2.299,2.3,226.3
2025-01-18 12:23:00,2.3,2.301,2.299,2.299,3497.8
2025-01-18 12:24:00,2.3,2.302,2.3,2.301,1437.1
2025-01-18 12:25:00,2.3,2.301,2.298,2.298,3346.8
2025-01-18 12:26:00,2.297,2.298,2.293,2.297,1620.8
2025-01-18 12:27:00,2.298,2.298,2.293,2.293,5559.9
2025-01-18 12:28:00,2.293,2.293,2.291,2.291,376.0
2025-01-18 12:29:00,2.292,2.292,2.291,2.291,1224.2
2025-01-18 12:30:00,2.291,2.293,2.291,2.293,1059.9
2025-01-18 12:31:00,2.293,2.295,2.292,2.293,2893.5
2025-01-18 12:32:00,2.293,2.293,2.291,2.292,2087.2
2025-01-18 12:33:00,2.29,2.29,2.287,2.288,1455.5
2025-01-18 12:34:00,2.287,2.287,2.283,2.283,2172.8
2025-01-18 12:35:00,2.282,2.283,2.281,2.283,2052.5
2025-01-18 12:36:00,2.283,2.283,2.28,2.281,628.7
2025-01-18 12:37:00,2.28,2.282,2.279,2.282,1748.5
2025-01-18 12:38:00,2.28,2.281,2.279,2.279,1186.0
2025-01-18 12:39:00,2.281,2.284,2.279,2.283,3368.5
2025-01-18 12:40:00,2.284,2.289,2.284,2.288,1599.8
2025-01-18 12:41:00,2.288,2.29,2.287,2.288,15785.3
2025-01-18 12:42:00,2.287,2.287,2.287,2.287,1433.8
2025-01-18 12:43:00,2.286,2.287,2.284,2.285,15633.3
2025-01-18 12:44:00,2.287,2.287,2.286,2.286,1454.4
2025-01-18 12:45:00,2.286,2.289,2.286,2.289,777.4
2025-01-18 12:46:00,2.288,2.288,2.284,2.284,1724.3
2025-01-18 12:47:00,2.284,2.285,2.283,2.284,2973.3
2025-01-18 12:48:00,2.284,2.287,2.284,2.285,819.8
2025-01-18 12:49:00,2.285,2.286,2.285,2.285,1047.5
2025-01-18 12:50:00,2.286,2.29,2.286,2.29,717.1
2025-01-18 12:51:00,2.291,2.291,2.29,2.29,990.7
2025-01-18 12:52:00,2.29,2.291,2.288,2.291,3421.7
2025-01-18 12:53:00,2.291,2.292,2.291,2.291,1023.7
2025-01-18 12:54:00,2.29,2.29,2.288,2.289,595.1
2025-01-18 12:55:00,2.29,2.29,2.289,2.29,524.3
2025-01-18 12:56:00,2.289,2.291,2.289,2.29,537.2
2025-01-18 12:57:00,2.29,2.29,2.288,2.289,612.5
2025-01-18 12:58:00,2.287,2.289,2.287,2.289,728.9
2025-01-18 12:59:00,2.289,2.29,2.289,2.29,76.8
2025-01-18 13:00:00,2.292,2.293,2.291,2.292,255.1
2025-01-18 13:01:00,2.293,2.299,2.293,2.299,7709.9
2025-01-18 13:02:00,2.3,2.301,2.298,2.3,11150.0
2025-01-18 13:03:00,2.301,2.301,2.297,2.298,680.8
2025-01-18 13:04:00,2.298,2.302,2.297,2.297,10990.3
2025-01-18 13:05:00,2.297,2.297,2.292,2.292,3976.7
2025-01-18 13:06:00,2.291,2.291,2.29,2.29,1288.3
2025-01-18 13:07:00,2.29,2.291,2.289,2.29,1497.6
2025-01-18 13:08:00,2.289,2.289,2.287,2.289,2071.8
2025-01-18 13:09:00,2.286,2.288,2.286,2.286,775.7
2025-01-18 13:10:00,2.286,2.292,2.286,2.292,2446.4
2025-01-18 13:11:00,2.293,2.295,2.293,2.293,766.8
2025-01-18 13:12:00,2.293,2.294,2.293,2.294,739.8
2025-01-18 13:13:00,2.293,2.293,2.292,2.292,326.4
2025-01-18 13:14:00,2.291,2.291,2.29,2.29,671.0
2025-01-18 13:15:00,2.291,2.292,2.287,2.287,2397.6
2025-01-18 13:16:00,2.286,2.286,2.286,2.286,339.2
2025-01-18 13:17:00,2.287,2.289,2.287,2.289,267.6
2025-01-18 13:18:00,2.291,2.292,2.291,2.292,331.2
2025-01-18 13:19:00,2.292,2.294,2.291,2.291,606.3
2025-01-18 13:20:00,2.29,2.293,2.29,2.293,253.5
2025-01-18 13:21:00,2.297,2.298,2.296,2.296,631.8
2025-01-18 13:22:00,2.297,2.298,2.295,2.296,2832.0
2025-01-18 13:23:00,2.296,2.296,2.294,2.294,496.3
2025-01-18 13:24:00,2.295,2.298,2.293,2.297,4750.4
2025-01-18 13:25:00,2.297,2.3,2.297,2.3,4426.6
2025-01-18 13:26:00,2.3,2.3,2.297,2.297,1348.8
2025-01-18 13:27:00,2.297,2.298,2.296,2.298,1460.1
2025-01-18 13:28:00,2.298,2.298,2.296,2.298,1959.5
2025-01-18 13:29:00,2.298,2.298,2.297,2.297,377.2
2025-01-18 13:30:00,2.298,2.298,2.296,2.296,833.6
2025-01-18 13:31:00,2.295,2.302,2.295,2.302,1065.0
2025-01-18 13:32:00,2.303,2.311,2.303,2.308,22905.3
2025-01-18 13:33:00,2.309,2.312,2.308,2.308,830.1
2025-01-18 13:34:00,2.308,2.311,2.308,2.31,836.0
2025-01-18 13:35:00,2.311,2.312,2.311,2.312,1413.3
2025-01-18 13:36:00,2.312,2.313,2.309,2.309,3581.8
2025-01-18 13:37:00,2.311,2.313,2.311,2.313,2807.7
2025-01-18 13:38:00,2.312,2.316,2.31,2.311,1325.0
2025-01-18 13:39:00,2.311,2.313,2.311,2.313,988.9
2025-01-18 13:40:00,2.314,2.316,2.313,2.316,1317.8
2025-01-18 13:41:00,2.316,2.316,2.313,2.313,2473.0
2025-01-18 13:42:00,2.313,2.316,2.311,2.315,2170.7
2025-01-18 13:43:00,2.317,2.318,2.314,2.315,2868.4
2025-01-18 13:44:00,2.317,2.318,2.317,2.318,4349.1
2025-01-18 13:45:00,2.318,2.321,2.318,2.32,3989.6
2025-01-18 13:46:00,2.321,2.324,2.321,2.323,6174.1
2025-01-18 13:47:00,2.323,2.323,2.318,2.32,8813.6
2025-01-18 13:48:00,2.32,2.321,2.319,2.319,659.8
2025-01-18 13:49:00,2.32,2.322,2.319,2.319,2685.0
2025-01-18 13:50:00,2.319,2.319,2.313,2.316,4524.8
2025-01-18 13:51:00,2.315,2.317,2.313,2.313,605.1
2025-01-18 13:52:00,2.313,2.314,2.31,2.312,4241.3
2025-01-18 13:53:00,2.312,2.312,2.311,2.312,1602.9
2025-01-18 13:54:00,2.312,2.313,2.311,2.313,1630.0
2025-01-18 13:55:00,2.311,2.313,2.311,2.313,493.3
2025-01-18 13:56:00,2.315,2.317,2.314,2.317,3842.1
2025-01-18 13:57:00,2.318,2.324,2.318,2.323,4466.5
2025-01-18 13:58:00,2.324,2.327,2.324,2.327,2331.1
2025-01-18 13:59:00,2.327,2.329,2.326,2.329,802.0
2025-01-18 14:00:00,2.328,2.33,2.324,2.324,19987.0
2025-01-18 14:01:00,2.324,2.328,2.321,2.328,7361.6
2025-01-18 14:02:00,2.328,2.328,2.323,2.325,4862.6
2025-01-18 14:03:00,2.326,2.328,2.324,2.324,652.2
2025-01-18 14:04:00,2.325,2.325,2.321,2.322,3677.1
2025-01-18 14:05:00,2.322,2.326,2.321,2.324,865.9
2025-01-18 14:06:00,2.323,2.324,2.321,2.323,1439.4
2025-01-18 14:07:00,2.324,2.325,2.317,2.318,2347.8
2025-01-18 14:08:00,2.317,2.318,2.315,2.315,1658.4
2025-01-18 14:09:00,2.315,2.317,2.313,2.316,2384.3
2025-01-18 14:10:00,2.314,2.315,2.313,2.315,636.1
2025-01-18 14:11:00,2.317,2.317,2.314,2.317,3135.4
2025-01-18 14:12:00,2.316,2.316,2.314,2.316,1084.3
2025-01-18 14:13:00,2.315,2.315,2.313,2.313,295.7
2025-01-18 14:14:00,2.313,2.313,2.31,2.312,2185.0
2025-01-18 14:15:00,2.311,2.312,2.31,2.31,3326.5
2025-01-18 14:16:00,2.308,2.308,2.305,2.306,2004.7
2025-01-18 14:17:00,2.306,2.311,2.306,2.309,2701.5
2025-01-18 14:18:00,2.309,2.311,2.308,2.311,5157.3
2025-01-18 14:19:00,2.309,2.314,2.309,2.314,2577.1
2025-01-18 14:20:00,2.314,2.314,2.312,2.312,702.6
2025-01-18 14:21:00,2.312,2.312,2.309,2.309,515.1
2025-01-18 14:22:00,2.31,2.311,2.307,2.311,11045.9
2025-01-18 14:23:00,2.311,2.313,2.309,2.313,2264.9
2025-01-18 14:24:00,2.312,2.312,2.309,2.309,1354.9
2025-01-18 14:25:00,2.309,2.309,2.304,2.304,4420.2
2025-01-18 14:26:00,2.304,2.304,2.301,2.303,2479.6
2025-01-18 14:27:00,2.304,2.305,2.302,2.305,6909.1
2025-01-18 14:28:00,2.303,2.303,2.302,2.302,468.5
2025-01-18 14:29:00,2.302,2.302,2.301,2.302,5834.9
2025-01-18 14:30:00,2.303,2.304,2.302,2.302,1217.6
2025-01-18 14:31:00,2.303,2.303,2.299,2.3,7850.5
2025-01-18 14:32:00,2.299,2.302,2.299,2.3,1807.7
2025-01-18 14:33:00,2.299,2.3,2.297,2.299,3343.7
2025-01-18 14:34:00,2.298,2.3,2.292,2.295,21305.1
2025-01-18 14:35:00,2.294,2.294,2.291,2.293,3871.8
2025-01-18 14:36:00,2.294,2.294,2.29,2.29,3375.9
2025-01-18 14:37:00,2.29,2.294,2.29,2.291,2651.8
2025-01-18 14:38:00,2.29,2.292,2.288,2.288,3304.8
2025-01-18 14:39:00,2.288,2.288,2.282,2.283,4112.1
2025-01-18 14:40:00,2.283,2.287,2.283,2.285,1779.7
2025-01-18 14:41:00,2.285,2.288,2.284,2.284,12633.4
2025-01-18 14:42:00,2.284,2.286,2.284,2.286,1981.8
2025-01-18 14:43:00,2.285,2.285,2.284,2.284,586.6
2025-01-18 14:44:00,2.284,2.285,2.284,2.284,2811.7
2025-01-18 14:45:00,2.283,2.286,2.283,2.285,822.5
2025-01-18 14:46:00,2.288,2.291,2.288,2.291,279.9
2025-01-18 14:47:00,2.291,2.293,2.29,2.293,710.2
2025-01-18 14:48:00,2.292,2.293,2.292,2.292,418.9
2025-01-18 14:49:00,2.295,2.297,2.295,2.296,546.2
2025-01-18 14:50:00,2.294,2.294,2.292,2.292,2387.4
2025-01-18 14:51:00,2.292,2.292,2.29,2.29,2111.2
2025-01-18 14:52:00,2.29,2.29,2.284,2.284,13582.4
2025-01-18 14:53:00,2.285,2.286,2.284,2.284,799.8
2025-01-18 14:54:00,2.284,2.287,2.284,2.287,3339.6
2025-01-18 14:55:00,2.287,2.287,2.286,2.286,1345.5
2025-01-18 14:56:00,2.285,2.285,2.282,2.282,1867.3
2025-01-18 14:57:00,2.282,2.282,2.281,2.282,812.9
2025-01-18 14:58:00,2.284,2.285,2.284,2.284,1387.2
2025-01-18 14:59:00,2.285,2.286,2.283,2.283,905.9
2025-01-18 15:00:00,2.283,2.283,2.278,2.279,2528.3
2025-01-18 15:01:00,2.278,2.279,2.273,2.273,2229.6
2025-01-18 15:02:00,2.272,2.275,2.269,2.27,10375.0
2025-01-18 15:03:00,2.269,2.271,2.268,2.27,3923.0
2025-01-18 15:04:00,2.269,2.272,2.269,2.27,6067.2
2025-01-18 15:05:00,2.27,2.275,2.268,2.274,5136.2
2025-01-18 15:06:00,2.275,2.277,2.271,2.271,3283.6
2025-01-18 15:07:00,2.271,2.272,2.27,2.271,3378.0
2025-01-18 15:08:00,2.27,2.273,2.269,2.273,55244.1
2025-01-18 15:09:00,2.275,2.275,2.268,2.268,65974.2
2025-01-18 15:10:00,2.268,2.272,2.267,2.272,5182.7
2025-01-18 15:11:00,2.272,2.274,2.272,2.274,853.2
2025-01-18 15:12:00,2.273,2.277,2.273,2.277,5874.0
2025-01-18 15:13:00,2.277,2.281,2.277,2.278,7225.1
2025-01-18 15:14:00,2.277,2.28,2.277,2.28,16237.6
2025-01-18 15:15:00,2.281,2.283,2.279,2.282,4196.7
2025-01-18 15:16:00,2.281,2.283,2.281,2.281,4013.1
2025-01-18 15:17:00,2.282,2.291,2.282,2.287,15414.9
2025-01-18 15:18:00,2.288,2.288,2.285,2.286,5883.6
2025-01-18 15:19:00,2.286,2.291,2.284,2.291,5163.9
2025-01-18 15:20:00,2.292,2.301,2.292,2.296,13697.2
2025-01-18 15:21:00,2.295,2.297,2.293,2.296,18618.7
2025-01-18 15:22:00,2.295,2.295,2.292,2.294,6712.7
2025-01-18 15:23:00,2.294,2.294,2.287,2.287,6584.8
2025-01-18 15:24:00,2.287,2.29,2.287,2.29,4038.5
2025-01-18 15:25:00,2.291,2.295,2.291,2.295,1953.4
2025-01-18 15:26:00,2.293,2.298,2.292,2.295,4369.2
2025-01-18 15:27:00,2.296,2.298,2.295,2.295,736.8
2025-01-18 15:28:00,2.298,2.299,2.295,2.299,568.3
2025-01-18 15:29:00,2.3,2.3,2.295,2.296,3341.2
2025-01-18 15:30:00,2.295,2.296,2.294,2.294,516.9
2025-01-18 15:31:00,2.292,2.293,2.291,2.291,659.9
2025-01-18 15:32:00,2.29,2.295,2.29,2.294,1167.1
2025-01-18 15:33:00,2.298,2.299,2.298,2.299,249.5
2025-01-18 15:34:00,2.3,2.304,2.3,2.303,1865.0
2025-01-18 15:35:00,2.301,2.304,2.301,2.304,1238.6
2025-01-18 15:36:00,2.304,2.306,2.304,2.306,2373.0
2025-01-18 15:37:00,2.306,2.307,2.305,2.305,1737.2
2025-01-18 15:38:00,2.305,2.305,2.303,2.304,2487.0
2025-01-18 15:39:00,2.304,2.304,2.299,2.299,2375.0
2025-01-18 15:40:00,2.297,2.298,2.293,2.293,2015.8
2025-01-18 15:41:00,2.292,2.298,2.292,2.297,9155.9
2025-01-18 15:42:00,2.296,2.296,2.291,2.291,4070.8
2025-01-18 15:43:00,2.291,2.294,2.291,2.291,5429.3
2025-01-18 15:44:00,2.291,2.293,2.29,2.293,7876.9
2025-01-18 15:45:00,2.294,2.296,2.29,2.293,7538.6
2025-01-18 15:46:00,2.295,2.295,2.291,2.295,12835.2
2025-01-18 15:47:00,2.294,2.294,2.289,2.289,2789.8
2025-01-18 15:48:00,2.289,2.291,2.284,2.287,7112.5
2025-01-18 15:49:00,2.287,2.288,2.284,2.286,7237.1
2025-01-18 15:50:00,2.286,2.287,2.284,2.285,10590.9
2025-01-18 15:51:00,2.283,2.288,2.283,2.285,3837.8
2025-01-18 15:52:00,2.285,2.287,2.283,2.283,2210.4
2025-01-18 15:53:00,2.282,2.282,2.278,2.282,2735.2
2025-01-18 15:54:00,2.282,2.286,2.282,2.284,4797.5
2025-01-18 15:55:00,2.284,2.284,2.279,2.279,957.1
2025-01-18 15:56:00,2.278,2.279,2.27,2.272,70552.3
2025-01-18 15:57:00,2.273,2.274,2.265,2.269,65915.3
2025-01-18 15:58:00,2.268,2.27,2.268,2.269,2351.9
2025-01-18 15:59:00,2.269,2.27,2.266,2.266,9404.2
2025-01-18 16:00:00,2.267,2.275,2.267,2.272,21190.6
2025-01-18 16:01:00,2.271,2.275,2.271,2.272,11710.2
2025-01-18 16:02:00,2.272,2.273,2.264,2.266,9266.4
2025-01-18 16:03:00,2.265,2.275,2.262,2.275,17211.9
2025-01-18 16:04:00,2.275,2.278,2.272,2.274,5318.9
2025-01-18 16:05:00,2.273,2.276,2.272,2.272,10011.1
2025-01-18 16:06:00,2.272,2.276,2.272,2.275,27591.0
2025-01-18 16:07:00,2.274,2.274,2.267,2.269,10575.9
2025-01-18 16:08:00,2.27,2.274,2.265,2.274,8498.9
2025-01-18 16:09:00,2.275,2.277,2.264,2.264,12613.6
2025-01-18 16:10:00,2.265,2.265,2.255,2.258,29504.9
2025-01-18 16:11:00,2.258,2.259,2.254,2.256,10643.0
2025-01-18 16:12:00,2.256,2.258,2.251,2.255,12621.3
2025-01-18 16:13:00,2.255,2.258,2.25,2.252,9521.2
2025-01-18 16:14:00,2.251,2.264,2.251,2.259,8349.9
2025-01-18 16:15:00,2.259,2.259,2.255,2.257,8905.9
2025-01-18 16:16:00,2.255,2.255,2.246,2.247,16034.2
2025-01-18 16:17:00,2.245,2.246,2.239,2.243,24597.7
2025-01-18 16:18:00,2.243,2.243,2.236,2.237,15875.5
2025-01-18 16:19:00,2.236,2.251,2.235,2.244,22491.6
2025-01-18 16:20:00,2.246,2.246,2.237,2.242,13759.8
2025-01-18 16:21:00,2.245,2.255,2.244,2.255,7987.1
2025-01-18 16:22:00,2.256,2.261,2.255,2.256,6865.2
2025-01-18 16:23:00,2.256,2.264,2.256,2.263,8534.4
2025-01-18 16:24:00,2.264,2.264,2.261,2.263,6507.5
2025-01-18 16:25:00,2.263,2.263,2.258,2.261,7370.9
2025-01-18 16:26:00,2.261,2.261,2.256,2.26,8814.8
2025-01-18 16:27:00,2.261,2.261,2.258,2.258,1848.8
2025-01-18 16:28:00,2.258,2.261,2.256,2.26,4978.1
2025-01-18 16:29:00,2.259,2.259,2.256,2.257,9875.5
2025-01-18 16:30:00,2.259,2.262,2.256,2.262,12411.8
2025-01-18 16:31:00,2.263,2.268,2.263,2.268,10767.1
2025-01-18 16:32:00,2.266,2.269,2.266,2.269,3325.4
2025-01-18 16:33:00,2.267,2.274,2.267,2.274,6110.8
2025-01-18 16:34:00,2.274,2.274,2.269,2.271,11692.1
2025-01-18 16:35:00,2.27,2.27,2.264,2.264,4543.7
2025-01-18 16:36:00,2.264,2.264,2.259,2.261,11283.0
2025-01-18 16:37:00,2.262,2.262,2.259,2.26,5404.5
2025-01-18 16:38:00,2.259,2.26,2.252,2.253,14994.9
2025-01-18 16:39:00,2.253,2.254,2.245,2.245,4842.5
2025-01-18 16:40:00,2.244,2.249,2.242,2.248,16352.9
2025-01-18 16:41:00,2.25,2.251,2.244,2.251,8932.6
2025-01-18 16:42:00,2.25,2.254,2.25,2.252,4432.9
2025-01-18 16:43:00,2.252,2.257,2.252,2.252,2590.2
2025-01-18 16:44:00,2.252,2.254,2.25,2.25,1862.9
2025-01-18 16:45:00,2.251,2.259,2.25,2.259,2612.2
2025-01-18 16:46:00,2.258,2.259,2.255,2.255,2385.9
2025-01-18 16:47:00,2.255,2.255,2.252,2.252,2848.5
2025-01-18 16:48:00,2.252,2.253,2.246,2.248,10401.6
2025-01-18 16:49:00,2.247,2.249,2.244,2.245,2606.4
2025-01-18 16:50:00,2.245,2.247,2.243,2.243,335.4
2025-01-18 16:51:00,2.243,2.244,2.242,2.242,619.4
2025-01-18 16:52:00,2.243,2.245,2.239,2.239,3865.8
2025-01-18 16:53:00,2.238,2.242,2.238,2.24,3349.4
2025-01-18 16:54:00,2.239,2.239,2.236,2.238,2995.8
2025-01-18 16:55:00,2.239,2.247,2.239,2.246,6052.1
2025-01-18 16:56:00,2.246,2.246,2.243,2.244,2162.7
2025-01-18 16:57:00,2.243,2.243,2.239,2.239,3326.9
2025-01-18 16:58:00,2.239,2.239,2.237,2.239,937.8
2025-01-18 16:59:00,2.236,2.236,2.23,2.231,16180.5
2025-01-18 17:00:00,2.232,2.237,2.232,2.233,3085.0
2025-01-18 17:01:00,2.233,2.241,2.231,2.241,2635.4
2025-01-18 17:02:00,2.242,2.249,2.242,2.249,3618.1
2025-01-18 17:03:00,2.249,2.251,2.245,2.247,4609.1
2025-01-18 17:04:00,2.247,2.249,2.247,2.249,2609.1
2025-01-18 17:05:00,2.248,2.248,2.247,2.247,688.7
2025-01-18 17:06:00,2.248,2.251,2.248,2.248,3514.6
2025-01-18 17:07:00,2.247,2.248,2.246,2.246,1204.4
2025-01-18 17:08:00,2.246,2.249,2.241,2.242,3519.6
2025-01-18 17:09:00,2.242,2.242,2.233,2.234,5785.8
2025-01-18 17:10:00,2.234,2.237,2.234,2.235,3266.2
2025-01-18 17:11:00,2.235,2.247,2.235,2.247,4434.5
2025-01-18 17:12:00,2.247,2.25,2.247,2.248,2550.3
2025-01-18 17:13:00,2.25,2.255,2.25,2.255,4133.6
2025-01-18 17:14:00,2.255,2.256,2.255,2.256,613.8
2025-01-18 17:15:00,2.254,2.258,2.252,2.254,3492.1
2025-01-18 17:16:00,2.252,2.257,2.251,2.256,3635.3
2025-01-18 17:17:00,2.257,2.263,2.255,2.261,3246.8
2025-01-18 17:18:00,2.261,2.261,2.255,2.255,5432.4
2025-01-18 17:19:00,2.257,2.26,2.257,2.26,5509.8
2025-01-18 17:20:00,2.26,2.26,2.253,2.253,7830.1
2025-01-18 17:21:00,2.252,2.253,2.247,2.253,3827.4
2025-01-18 17:22:00,2.254,2.256,2.253,2.254,1723.3
2025-01-18 17:23:00,2.253,2.255,2.251,2.251,753.5
2025-01-18 17:24:00,2.251,2.251,2.248,2.248,285.0
2025-01-18 17:25:00,2.247,2.248,2.244,2.248,3725.7
2025-01-18 17:26:00,2.249,2.255,2.249,2.255,2111.8
2025-01-18 17:27:00,2.258,2.259,2.255,2.256,905.5
2025-01-18 17:28:00,2.255,2.255,2.252,2.252,937.7
2025-01-18 17:29:00,2.252,2.252,2.25,2.252,5905.4
2025-01-18 17:30:00,2.251,2.251,2.246,2.249,2026.5
2025-01-18 17:31:00,2.252,2.255,2.25,2.252,2675.7
2025-01-18 17:32:00,2.253,2.253,2.25,2.252,1576.6
2025-01-18 17:33:00,2.251,2.26,2.251,2.259,4163.1
2025-01-18 17:34:00,2.258,2.261,2.257,2.259,415.8
2025-01-18 17:35:00,2.257,2.261,2.254,2.261,878.6
2025-01-18 17:36:00,2.261,2.262,2.259,2.26,1848.1
2025-01-18 17:37:00,2.258,2.26,2.257,2.26,2552.6
2025-01-18 17:38:00,2.26,2.26,2.257,2.257,318.6
2025-01-18 17:39:00,2.254,2.257,2.254,2.257,922.3
2025-01-18 17:40:00,2.257,2.257,2.252,2.252,1440.4
2025-01-18 17:41:00,2.252,2.255,2.252,2.255,1794.7
2025-01-18 17:42:00,2.253,2.254,2.247,2.247,1845.1
2025-01-18 17:43:00,2.248,2.25,2.245,2.25,3526.8
2025-01-18 17:44:00,2.249,2.25,2.246,2.25,2067.0
2025-01-18 17:45:00,2.251,2.253,2.249,2.249,2243.2
2025-01-18 17:46:00,2.248,2.248,2.246,2.248,1337.5
2025-01-18 17:47:00,2.25,2.256,2.25,2.256,9857.0
2025-01-18 17:48:00,2.256,2.256,2.255,2.255,1130.8
2025-01-18 17:49:00,2.257,2.258,2.256,2.256,1090.2
2025-01-18 17:50:00,2.254,2.254,2.25,2.251,5642.5
2025-01-18 17:51:00,2.251,2.253,2.25,2.25,319.5
2025-01-18 17:52:00,2.251,2.251,2.249,2.249,494.2
2025-01-18 17:53:00,2.249,2.25,2.248,2.25,2387.3
2025-01-18 17:54:00,2.25,2.251,2.249,2.249,1204.2
2025-01-18 17:55:00,2.249,2.255,2.249,2.255,690.0
2025-01-18 17:56:00,2.254,2.254,2.252,2.254,3788.7
2025-01-18 17:57:00,2.253,2.253,2.249,2.249,1334.4
2025-01-18 17:58:00,2.25,2.25,2.244,2.245,1765.5
2025-01-18 17:59:00,2.244,2.245,2.242,2.242,468.3
2025-01-18 18:00:00,2.241,2.244,2.24,2.243,4331.8
2025-01-18 18:01:00,2.242,2.248,2.24,2.247,12449.8
2025-01-18 18:02:00,2.247,2.249,2.244,2.249,12304.4
2025-01-18 18:03:00,2.249,2.25,2.248,2.248,3457.1
2025-01-18 18:04:00,2.249,2.252,2.249,2.251,847.3
2025-01-18 18:05:00,2.252,2.255,2.252,2.253,1374.8
2025-01-18 18:06:00,2.254,2.254,2.249,2.252,5654.1
2025-01-18 18:07:00,2.253,2.253,2.249,2.249,1802.5
2025-01-18 18:08:00,2.25,2.251,2.249,2.249,2137.5
2025-01-18 18:09:00,2.246,2.248,2.241,2.246,4012.7
2025-01-18 18:10:00,2.248,2.249,2.246,2.246,6453.6
2025-01-18 18:11:00,2.246,2.248,2.245,2.248,5663.1
2025-01-18 18:12:00,2.248,2.248,2.242,2.243,5299.7
2025-01-18 18:13:00,2.243,2.247,2.243,2.247,265.1
2025-01-18 18:14:00,2.248,2.251,2.248,2.251,644.2
2025-01-18 18:15:00,2.251,2.253,2.251,2.252,1425.3
2025-01-18 18:16:00,2.251,2.251,2.247,2.247,213.5
2025-01-18 18:17:00,2.247,2.247,2.241,2.241,1054.7
2025-01-18 18:18:00,2.238,2.24,2.232,2.232,3016.8
2025-01-18 18:19:00,2.232,2.234,2.231,2.232,1372.6
2025-01-18 18:20:00,2.232,2.233,2.229,2.233,14912.4
2025-01-18 18:21:00,2.232,2.241,2.23,2.239,7025.4
2025-01-18 18:22:00,2.239,2.242,2.237,2.238,18076.5
2025-01-18 18:23:00,2.239,2.239,2.237,2.238,1175.8
2025-01-18 18:24:00,2.241,2.241,2.237,2.239,6455.5
2025-01-18 18:25:00,2.241,2.247,2.241,2.247,4777.7
2025-01-18 18:26:00,2.246,2.249,2.246,2.248,2082.9
2025-01-18 18:27:00,2.247,2.25,2.247,2.248,4723.2
2025-01-18 18:28:00,2.25,2.253,2.25,2.253,4272.2
2025-01-18 18:29:00,2.253,2.255,2.251,2.251,6870.4
2025-01-18 18:30:00,2.25,2.253,2.25,2.253,5482.7
2025-01-18 18:31:00,2.253,2.254,2.251,2.253,1684.2
2025-01-18 18:32:00,2.252,2.258,2.252,2.254,12988.9
2025-01-18 18:33:00,2.255,2.256,2.253,2.253,1763.2
2025-01-18 18:34:00,2.252,2.253,2.246,2.246,2978.5
2025-01-18 18:35:00,2.245,2.251,2.245,2.251,5581.3
2025-01-18 18:36:00,2.251,2.254,2.251,2.253,5628.4
2025-01-18 18:37:00,2.251,2.253,2.251,2.253,715.1
2025-01-18 18:38:00,2.253,2.255,2.252,2.252,6529.6
2025-01-18 18:39:00,2.253,2.253,2.25,2.251,1010.1
2025-01-18 18:40:00,2.251,2.254,2.251,2.252,2529.5
2025-01-18 18:41:00,2.254,2.254,2.253,2.254,548.2
2025-01-18 18:42:00,2.254,2.255,2.253,2.255,599.5
2025-01-18 18:43:00,2.254,2.254,2.249,2.249,1445.9
2025-01-18 18:44:00,2.25,2.251,2.25,2.251,1121.8
2025-01-18 18:45:00,2.252,2.252,2.247,2.247,1956.0
2025-01-18 18:46:00,2.246,2.251,2.246,2.249,4587.2
2025-01-18 18:47:00,2.25,2.253,2.25,2.253,1113.0
2025-01-18 18:48:00,2.252,2.252,2.248,2.249,1012.8
2025-01-18 18:49:00,2.248,2.249,2.245,2.249,19192.9
2025-01-18 18:50:00,2.25,2.253,2.25,2.252,3636.3
2025-01-18 18:51:00,2.252,2.252,2.251,2.251,4160.7
2025-01-18 18:52:00,2.25,2.251,2.244,2.244,4520.3
2025-01-18 18:53:00,2.245,2.245,2.239,2.239,1236.2
2025-01-18 18:54:00,2.238,2.238,2.234,2.234,313.3
2025-01-18 18:55:00,2.234,2.237,2.233,2.233,5150.0
2025-01-18 18:56:00,2.233,2.234,2.23,2.234,8623.4
2025-01-18 18:57:00,2.236,2.238,2.235,2.235,8472.8
2025-01-18 18:58:00,2.235,2.237,2.234,2.235,10626.8
2025-01-18 18:59:00,2.236,2.236,2.232,2.235,7446.6
2025-01-18 19:00:00,2.235,2.243,2.235,2.242,12594.4
2025-01-18 19:01:00,2.243,2.246,2.24,2.242,9642.7
2025-01-18 19:02:00,2.241,2.241,2.24,2.241,6930.8
2025-01-18 19:03:00,2.241,2.244,2.241,2.244,3971.6
2025-01-18 19:04:00,2.243,2.245,2.242,2.242,4050.4
2025-01-18 19:05:00,2.244,2.246,2.242,2.246,1374.7
2025-01-18 19:06:00,2.246,2.248,2.246,2.248,440.9
2025-01-18 19:07:00,2.249,2.25,2.248,2.248,730.3
2025-01-18 19:08:00,2.248,2.251,2.248,2.251,1704.5
2025-01-18 19:09:00,2.252,2.254,2.251,2.253,1541.4
2025-01-18 19:10:00,2.252,2.254,2.251,2.254,4802.3
2025-01-18 19:11:00,2.253,2.255,2.253,2.255,3486.5
2025-01-18 19:12:00,2.254,2.257,2.251,2.251,9732.9
2025-01-18 19:13:00,2.25,2.251,2.248,2.251,2637.3
2025-01-18 19:14:00,2.251,2.255,2.251,2.255,25642.4
2025-01-18 19:15:00,2.256,2.26,2.256,2.259,2582.4
2025-01-18 19:16:00,2.258,2.263,2.258,2.263,3958.2
2025-01-18 19:17:00,2.261,2.264,2.261,2.264,1813.0
2025-01-18 19:18:00,2.264,2.264,2.264,2.264,471.5
2025-01-18 19:19:00,2.264,2.265,2.264,2.264,341.7
2025-01-18 19:20:00,2.263,2.266,2.261,2.261,4851.4
2025-01-18 19:21:00,2.262,2.264,2.262,2.262,7140.1
2025-01-18 19:22:00,2.261,2.261,2.258,2.258,4289.5
2025-01-18 19:23:00,2.258,2.259,2.257,2.257,1991.0
2025-01-18 19:24:00,2.257,2.257,2.255,2.256,945.8
2025-01-18 19:25:00,2.257,2.26,2.257,2.259,721.6
2025-01-18 19:26:00,2.259,2.259,2.257,2.258,1973.3
2025-01-18 19:27:00,2.259,2.259,2.259,2.259,314.1
2025-01-18 19:28:00,2.259,2.259,2.258,2.258,482.3
2025-01-18 19:29:00,2.258,2.262,2.258,2.26,2542.1
2025-01-18 19:30:00,2.258,2.262,2.258,2.262,1510.1
2025-01-18 19:31:00,2.261,2.263,2.26,2.261,1650.9
2025-01-18 19:32:00,2.262,2.265,2.262,2.264,829.0
2025-01-18 19:33:00,2.263,2.264,2.261,2.261,1076.3
2025-01-18 19:34:00,2.263,2.263,2.263,2.263,109.2
2025-01-18 19:35:00,2.261,2.262,2.259,2.259,1992.6
2025-01-18 19:36:00,2.256,2.262,2.256,2.262,1953.9
2025-01-18 19:37:00,2.262,2.263,2.262,2.262,807.3
2025-01-18 19:38:00,2.264,2.268,2.264,2.266,14696.0
2025-01-18 19:39:00,2.265,2.268,2.264,2.268,5247.9
2025-01-18 19:40:00,2.269,2.271,2.269,2.27,1588.1
2025-01-18 19:41:00,2.268,2.268,2.266,2.266,1921.0
2025-01-18 19:42:00,2.267,2.267,2.267,2.267,935.0
2025-01-18 19:43:00,2.268,2.271,2.268,2.27,320.8
2025-01-18 19:44:00,2.27,2.271,2.268,2.268,1553.2
2025-01-18 19:45:00,2.269,2.27,2.267,2.267,770.2
2025-01-18 19:46:00,2.268,2.272,2.268,2.272,1973.4
2025-01-18 19:47:00,2.273,2.273,2.269,2.269,4735.3
2025-01-18 19:48:00,2.269,2.271,2.268,2.271,1031.1
2025-01-18 19:49:00,2.271,2.273,2.269,2.269,4951.0
2025-01-18 19:50:00,2.269,2.269,2.267,2.268,2579.9
2025-01-18 19:51:00,2.269,2.273,2.268,2.273,2347.7
2025-01-18 19:52:00,2.274,2.274,2.273,2.273,1576.7
2025-01-18 19:53:00,2.273,2.274,2.272,2.274,1176.2
2025-01-18 19:54:00,2.274,2.276,2.274,2.275,817.7
2025-01-18 19:55:00,2.276,2.277,2.272,2.273,2900.7
2025-01-18 19:56:00,2.273,2.274,2.273,2.273,2711.8
2025-01-18 19:57:00,2.273,2.274,2.272,2.273,4458.2
2025-01-18 19:58:00,2.273,2.275,2.273,2.274,1030.8
2025-01-18 19:59:00,2.272,2.274,2.272,2.274,1324.0
2025-01-18 20:00:00,2.275,2.28,2.275,2.278,5039.0
2025-01-18 20:01:00,2.277,2.278,2.275,2.275,3035.0
2025-01-18 20:02:00,2.275,2.275,2.27,2.271,2149.7
2025-01-18 20:03:00,2.272,2.272,2.27,2.27,1689.2
2025-01-18 20:04:00,2.271,2.272,2.27,2.27,2748.3
2025-01-18 20:05:00,2.273,2.273,2.269,2.271,728.0
2025-01-18 20:06:00,2.27,2.27,2.263,2.265,5603.0
2025-01-18 20:07:00,2.268,2.268,2.267,2.268,744.0
2025-01-18 20:08:00,2.268,2.268,2.267,2.267,578.9
2025-01-18 20:09:00,2.265,2.265,2.263,2.265,1689.4
2025-01-18 20:10:00,2.263,2.265,2.263,2.265,4908.2
2025-01-18 20:11:00,2.264,2.267,2.263,2.263,4254.4
2025-01-18 20:12:00,2.263,2.263,2.261,2.261,2362.9
2025-01-18 20:13:00,2.262,2.262,2.258,2.258,5436.9
2025-01-18 20:14:00,2.258,2.258,2.257,2.257,2490.4
2025-01-18 20:15:00,2.258,2.258,2.256,2.256,263.6
2025-01-18 20:16:00,2.257,2.258,2.255,2.256,6984.3
2025-01-18 20:17:00,2.255,2.256,2.254,2.256,4630.7
2025-01-18 20:18:00,2.256,2.256,2.253,2.254,722.0
2025-01-18 20:19:00,2.254,2.256,2.253,2.254,553.2
2025-01-18 20:20:00,2.253,2.255,2.253,2.254,326.3
2025-01-18 20:21:00,2.254,2.254,2.25,2.251,4710.4
2025-01-18 20:22:00,2.252,2.253,2.25,2.252,666.3
2025-01-18 20:23:00,2.251,2.253,2.251,2.253,338.9
2025-01-18 20:24:00,2.252,2.252,2.251,2.252,574.0
2025-01-18 20:25:00,2.251,2.251,2.244,2.245,5798.6
2025-01-18 20:26:00,2.244,2.246,2.243,2.243,2714.6
2025-01-18 20:27:00,2.243,2.244,2.242,2.244,1579.1
2025-01-18 20:28:00,2.244,2.246,2.244,2.246,1641.9
2025-01-18 20:29:00,2.247,2.249,2.247,2.249,620.5
2025-01-18 20:30:00,2.248,2.252,2.248,2.252,2788.0
2025-01-18 20:31:00,2.252,2.256,2.252,2.255,3795.9
2025-01-18 20:32:00,2.255,2.256,2.255,2.256,2477.8
2025-01-18 20:33:00,2.255,2.256,2.255,2.256,155.3
2025-01-18 20:34:00,2.258,2.258,2.255,2.257,1284.6
2025-01-18 20:35:00,2.257,2.259,2.257,2.259,1088.3
2025-01-18 20:36:00,2.259,2.259,2.257,2.258,900.5
2025-01-18 20:37:00,2.257,2.257,2.251,2.253,3074.6
2025-01-18 20:38:00,2.255,2.255,2.255,2.255,188.9
2025-01-18 20:39:00,2.255,2.255,2.255,2.255,0.0
2025-01-18 20:40:00,2.254,2.255,2.252,2.254,572.1
2025-01-18 20:41:00,2.255,2.256,2.253,2.255,381.4
2025-01-18 20:42:00,2.254,2.254,2.254,2.254,341.9
2025-01-18 20:43:00,2.253,2.253,2.251,2.253,866.5
2025-01-18 20:44:00,2.251,2.251,2.25,2.25,640.9
2025-01-18 20:45:00,2.252,2.252,2.249,2.25,121.2
2025-01-18 20:46:00,2.25,2.25,2.242,2.242,2340.7
2025-01-18 20:47:00,2.242,2.242,2.24,2.24,1581.0
2025-01-18 20:48:00,2.24,2.243,2.24,2.241,2084.4
2025-01-18 20:49:00,2.241,2.244,2.241,2.244,177.3
2025-01-18 20:50:00,2.245,2.249,2.245,2.249,1976.9
2025-01-18 20:51:00,2.249,2.25,2.249,2.25,2960.0
2025-01-18 20:52:00,2.25,2.252,2.245,2.245,4568.3
2025-01-18 20:53:00,2.245,2.246,2.244,2.245,151.8
2025-01-18 20:54:00,2.244,2.244,2.24,2.241,891.7
2025-01-18 20:55:00,2.241,2.244,2.24,2.241,1355.0
2025-01-18 20:56:00,2.241,2.242,2.239,2.242,1517.4
2025-01-18 20:57:00,2.243,2.243,2.242,2.243,1319.5
2025-01-18 20:58:00,2.243,2.246,2.243,2.245,4179.3
2025-01-18 20:59:00,2.246,2.246,2.245,2.245,380.2
2025-01-18 21:00:00,2.246,2.251,2.246,2.251,252.1
2025-01-18 21:01:00,2.25,2.252,2.248,2.248,4736.2
2025-01-18 21:02:00,2.247,2.251,2.245,2.251,5069.4
2025-01-18 21:03:00,2.249,2.249,2.246,2.248,1879.0
2025-01-18 21:04:00,2.248,2.251,2.247,2.251,1098.0
2025-01-18 21:05:00,2.252,2.254,2.25,2.254,680.3
2025-01-18 21:06:00,2.253,2.255,2.251,2.253,1691.7
2025-01-18 21:07:00,2.253,2.255,2.253,2.254,11949.0
2025-01-18 21:08:00,2.255,2.255,2.253,2.254,306.1
2025-01-18 21:09:00,2.255,2.257,2.254,2.254,2867.8
2025-01-18 21:10:00,2.254,2.254,2.253,2.254,683.7
2025-01-18 21:11:00,2.256,2.256,2.254,2.254,203.5
2025-01-18 21:12:00,2.255,2.255,2.253,2.254,828.3
2025-01-18 21:13:00,2.254,2.254,2.254,2.254,534.6
2025-01-18 21:14:00,2.254,2.255,2.254,2.255,912.7
2025-01-18 21:15:00,2.255,2.259,2.255,2.259,6171.6
2025-01-18 21:16:00,2.26,2.26,2.259,2.26,237.1
2025-01-18 21:17:00,2.259,2.26,2.259,2.26,1004.5
2025-01-18 21:18:00,2.26,2.26,2.257,2.258,5406.1
2025-01-18 21:19:00,2.257,2.258,2.256,2.257,2132.8
2025-01-18 21:20:00,2.258,2.258,2.255,2.257,6742.4
2025-01-18 21:21:00,2.256,2.256,2.252,2.255,45125.7
2025-01-18 21:22:00,2.253,2.254,2.252,2.253,2476.2
2025-01-18 21:23:00,2.254,2.254,2.252,2.253,323.5
2025-01-18 21:24:00,2.252,2.253,2.251,2.253,395.2
2025-01-18 21:25:00,2.252,2.253,2.251,2.252,1752.8
2025-01-18 21:26:00,2.252,2.254,2.252,2.254,186.4
2025-01-18 21:27:00,2.252,2.255,2.252,2.253,1550.7
2025-01-18 21:28:00,2.253,2.253,2.251,2.252,441.1
2025-01-18 21:29:00,2.251,2.252,2.251,2.251,393.3
2025-01-18 21:30:00,2.251,2.251,2.247,2.248,1524.4
2025-01-18 21:31:00,2.247,2.247,2.245,2.245,472.5
2025-01-18 21:32:00,2.245,2.246,2.244,2.246,6527.7
2025-01-18 21:33:00,2.245,2.245,2.241,2.241,2306.4
2025-01-18 21:34:00,2.242,2.245,2.242,2.243,2888.1
2025-01-18 21:35:00,2.245,2.247,2.245,2.247,348.9
2025-01-18 21:36:00,2.247,2.247,2.242,2.244,1922.6
2025-01-18 21:37:00,2.245,2.245,2.243,2.243,1375.8
2025-01-18 21:38:00,2.243,2.246,2.243,2.246,1622.6
2025-01-18 21:39:00,2.246,2.247,2.246,2.246,1101.7
2025-01-18 21:40:00,2.246,2.246,2.246,2.246,293.2
2025-01-18 21:41:00,2.247,2.247,2.246,2.246,654.8
2025-01-18 21:42:00,2.246,2.246,2.244,2.246,535.8
2025-01-18 21:43:00,2.245,2.246,2.244,2.246,728.2
2025-01-18 21:44:00,2.246,2.246,2.246,2.246,171.4
2025-01-18 21:45:00,2.246,2.246,2.242,2.242,2066.0
2025-01-18 21:46:00,2.241,2.244,2.24,2.244,1563.7
2025-01-18 21:47:00,2.244,2.246,2.244,2.244,512.0
2025-01-18 21:48:00,2.246,2.246,2.244,2.244,591.8
2025-01-18 21:49:00,2.245,2.246,2.245,2.245,262.2
2025-01-18 21:50:00,2.246,2.246,2.245,2.245,1317.8
2025-01-18 21:51:00,2.245,2.245,2.241,2.241,10757.4
2025-01-18 21:52:00,2.243,2.243,2.24,2.241,373.4
2025-01-18 21:53:00,2.243,2.244,2.243,2.243,845.5
2025-01-18 21:54:00,2.242,2.242,2.242,2.242,9.2
2025-01-18 21:55:00,2.241,2.241,2.238,2.239,1030.6
2025-01-18 21:56:00,2.24,2.24,2.238,2.238,846.0
2025-01-18 21:57:00,2.238,2.24,2.238,2.24,124.4
2025-01-18 21:58:00,2.239,2.241,2.239,2.241,1088.8
2025-01-18 21:59:00,2.241,2.242,2.241,2.242,243.5
2025-01-18 22:00:00,2.24,2.241,2.239,2.241,1098.2
2025-01-18 22:01:00,2.241,2.241,2.238,2.24,658.5
2025-01-18 22:02:00,2.24,2.243,2.24,2.243,1093.8
2025-01-18 22:03:00,2.243,2.243,2.241,2.241,2977.1
2025-01-18 22:04:00,2.242,2.243,2.239,2.239,1627.2
2025-01-18 22:05:00,2.241,2.245,2.241,2.245,222.3
2025-01-18 22:06:00,2.245,2.247,2.245,2.245,483.0
2025-01-18 22:07:00,2.246,2.247,2.245,2.246,916.2
2025-01-18 22:08:00,2.246,2.246,2.246,2.246,40.2
2025-01-18 22:09:00,2.246,2.246,2.246,2.246,0.0
2025-01-18 22:10:00,2.247,2.249,2.247,2.247,2728.3
2025-01-18 22:11:00,2.248,2.25,2.248,2.25,624.0
2025-01-18 22:12:00,2.25,2.25,2.25,2.25,1511.5
2025-01-18 22:13:00,2.251,2.251,2.251,2.251,46.7
2025-01-18 22:14:00,2.253,2.261,2.253,2.261,3320.7
2025-01-18 22:15:00,2.261,2.261,2.258,2.259,5561.0
2025-01-18 22:16:00,2.259,2.259,2.258,2.258,1237.7
2025-01-18 22:17:00,2.258,2.258,2.257,2.258,926.3
2025-01-18 22:18:00,2.257,2.261,2.257,2.261,502.3
2025-01-18 22:19:00,2.26,2.26,2.257,2.259,728.8
2025-01-18 22:20:00,2.259,2.259,2.257,2.257,344.8
2025-01-18 22:21:00,2.257,2.257,2.256,2.257,309.6
2025-01-18 22:22:00,2.257,2.257,2.257,2.257,38.4
2025-01-18 22:23:00,2.257,2.257,2.255,2.255,9403.7
2025-01-18 22:24:00,2.256,2.256,2.256,2.256,612.0
2025-01-18 22:25:00,2.255,2.255,2.254,2.255,4060.1
2025-01-18 22:26:00,2.255,2.257,2.255,2.257,221.1
2025-01-18 22:27:00,2.257,2.257,2.256,2.257,10888.3
2025-01-18 22:28:00,2.257,2.259,2.257,2.259,513.5
2025-01-18 22:29:00,2.259,2.261,2.259,2.261,450.2
2025-01-18 22:30:00,2.261,2.265,2.261,2.265,1929.6
2025-01-18 22:31:00,2.263,2.264,2.262,2.262,473.5
2025-01-18 22:32:00,2.263,2.264,2.263,2.264,119.5
2025-01-18 22:33:00,2.264,2.268,2.264,2.266,13666.0
2025-01-18 22:34:00,2.267,2.267,2.265,2.265,100.4
2025-01-18 22:35:00,2.265,2.265,2.265,2.265,332.3
2025-01-18 22:36:00,2.266,2.266,2.263,2.263,272.2
2025-01-18 22:37:00,2.264,2.264,2.264,2.264,1155.3
2025-01-18 22:38:00,2.265,2.267,2.265,2.267,2109.9
2025-01-18 22:39:00,2.268,2.268,2.268,2.268,252.9
2025-01-18 22:40:00,2.268,2.268,2.266,2.267,2674.2
2025-01-18 22:41:00,2.267,2.267,2.266,2.266,1168.5
2025-01-18 22:42:00,2.266,2.267,2.266,2.267,251.7
2025-01-18 22:43:00,2.266,2.267,2.266,2.267,582.3
2025-01-18 22:44:00,2.266,2.267,2.266,2.266,386.7
2025-01-18 22:45:00,2.266,2.267,2.266,2.267,258.3
2025-01-18 22:46:00,2.268,2.268,2.266,2.266,2180.5
2025-01-18 22:47:00,2.266,2.266,2.265,2.265,2434.7
2025-01-18 22:48:00,2.265,2.266,2.265,2.266,392.6
2025-01-18 22:49:00,2.266,2.266,2.266,2.266,1571.6
2025-01-18 22:50:00,2.266,2.267,2.265,2.265,1330.7
2025-01-18 22:51:00,2.265,2.266,2.265,2.266,412.7
2025-01-18 22:52:00,2.265,2.267,2.265,2.267,60.9
2025-01-18 22:53:00,2.267,2.267,2.265,2.265,539.5
2025-01-18 22:54:00,2.267,2.269,2.267,2.269,122.1
2025-01-18 22:55:00,2.269,2.269,2.266,2.267,3280.8
2025-01-18 22:56:00,2.267,2.267,2.265,2.265,153.9
2025-01-18 22:57:00,2.266,2.266,2.265,2.265,285.2
2025-01-18 22:58:00,2.265,2.265,2.263,2.264,5219.0
2025-01-18 22:59:00,2.263,2.263,2.262,2.262,166.1
2025-01-18 23:00:00,2.262,2.263,2.261,2.263,2731.0
2025-01-18 23:01:00,2.263,2.263,2.261,2.263,3135.2
2025-01-18 23:02:00,2.263,2.265,2.262,2.265,747.0
2025-01-18 23:03:00,2.264,2.265,2.264,2.264,367.8
2025-01-18 23:04:00,2.264,2.264,2.263,2.263,40.6
2025-01-18 23:05:00,2.261,2.263,2.261,2.263,769.2
2025-01-18 23:06:00,2.264,2.264,2.263,2.263,104.4
2025-01-18 23:07:00,2.262,2.262,2.261,2.261,285.5
2025-01-18 23:08:00,2.261,2.261,2.26,2.261,4391.7
2025-01-18 23:09:00,2.263,2.264,2.263,2.263,3219.9
2025-01-18 23:10:00,2.262,2.262,2.259,2.259,3525.8
2025-01-18 23:11:00,2.259,2.261,2.259,2.26,7047.5
2025-01-18 23:12:00,2.26,2.26,2.257,2.257,496.9
2025-01-18 23:13:00,2.257,2.259,2.257,2.258,74.5
2025-01-18 23:14:00,2.259,2.259,2.259,2.259,410.7
2025-01-18 23:15:00,2.257,2.257,2.256,2.257,726.4
2025-01-18 23:16:00,2.26,2.263,2.26,2.262,5764.7
2025-01-18 23:17:00,2.264,2.267,2.264,2.267,1066.7
2025-01-18 23:18:00,2.267,2.267,2.266,2.266,541.7
2025-01-18 23:19:00,2.267,2.267,2.265,2.267,669.4
2025-01-18 23:20:00,2.267,2.271,2.267,2.271,1241.8
2025-01-18 23:21:00,2.271,2.276,2.27,2.275,5519.5
2025-01-18 23:22:00,2.276,2.279,2.275,2.278,2255.0
2025-01-18 23:23:00,2.278,2.28,2.277,2.279,735.0
2025-01-18 23:24:00,2.279,2.279,2.275,2.275,4024.2
2025-01-18 23:25:00,2.275,2.277,2.275,2.277,721.7
2025-01-18 23:26:00,2.278,2.28,2.278,2.28,2119.3
2025-01-18 23:27:00,2.28,2.28,2.278,2.28,2416.1
2025-01-18 23:28:00,2.28,2.28,2.28,2.28,8090.1
2025-01-18 23:29:00,2.279,2.284,2.279,2.283,6813.7
2025-01-18 23:30:00,2.282,2.284,2.28,2.283,5028.6
2025-01-18 23:31:00,2.283,2.287,2.283,2.287,1458.2
2025-01-18 23:32:00,2.287,2.293,2.287,2.293,1815.1
2025-01-18 23:33:00,2.291,2.293,2.29,2.292,1523.4
2025-01-18 23:34:00,2.293,2.293,2.291,2.291,14148.7
2025-01-18 23:35:00,2.29,2.291,2.287,2.287,3635.0
2025-01-18 23:36:00,2.288,2.29,2.288,2.289,2760.0
2025-01-18 23:37:00,2.289,2.291,2.288,2.29,1377.6
2025-01-18 23:38:00,2.29,2.293,2.29,2.291,1559.8
2025-01-18 23:39:00,2.291,2.294,2.29,2.293,1315.9
2025-01-18 23:40:00,2.294,2.299,2.294,2.297,2312.0
2025-01-18 23:41:00,2.298,2.298,2.292,2.292,2297.8
2025-01-18 23:42:00,2.292,2.296,2.292,2.296,1153.9
2025-01-18 23:43:00,2.295,2.298,2.295,2.298,2861.2
2025-01-18 23:44:00,2.298,2.298,2.294,2.296,12110.6
2025-01-18 23:45:00,2.296,2.296,2.292,2.293,853.7
2025-01-18 23:46:00,2.292,2.295,2.291,2.294,1624.9
2025-01-18 23:47:00,2.293,2.294,2.293,2.293,299.8
2025-01-18 23:48:00,2.293,2.294,2.291,2.293,241.8
2025-01-18 23:49:00,2.292,2.294,2.291,2.293,968.5
2025-01-18 23:50:00,2.293,2.293,2.29,2.291,3436.7
2025-01-18 23:51:00,2.289,2.291,2.287,2.291,899.6
2025-01-18 23:52:00,2.291,2.291,2.288,2.29,752.7
2025-01-18 23:53:00,2.292,2.293,2.292,2.293,813.4
2025-01-18 23:54:00,2.291,2.293,2.291,2.293,662.4
2025-01-18 23:55:00,2.293,2.293,2.292,2.292,1747.5
2025-01-18 23:56:00,2.292,2.294,2.292,2.294,1126.0
2025-01-18 23:57:00,2.293,2.294,2.292,2.294,432.8
2025-01-18 23:58:00,2.293,2.293,2.292,2.292,2199.5
2025-01-18 23:59:00,2.292,2.292,2.291,2.291,1229.2
2025-01-19 00:00:00,2.291,2.291,2.282,2.285,4536.5
2025-01-19 00:01:00,2.284,2.287,2.284,2.284,1552.2
2025-01-19 00:02:00,2.283,2.285,2.281,2.281,2049.7
2025-01-19 00:03:00,2.282,2.284,2.281,2.283,2609.5
2025-01-19 00:04:00,2.283,2.285,2.28,2.285,1546.4
2025-01-19 00:05:00,2.285,2.291,2.285,2.289,4626.1
2025-01-19 00:06:00,2.29,2.293,2.287,2.287,1625.4
2025-01-19 00:07:00,2.288,2.288,2.287,2.288,5307.9
2025-01-19 00:08:00,2.288,2.292,2.288,2.29,5996.5
2025-01-19 00:09:00,2.291,2.293,2.29,2.29,1350.9
2025-01-19 00:10:00,2.289,2.289,2.285,2.287,1680.5
2025-01-19 00:11:00,2.287,2.288,2.285,2.285,2362.7
2025-01-19 00:12:00,2.285,2.285,2.282,2.283,4355.8
2025-01-19 00:13:00,2.283,2.291,2.283,2.291,13087.3
2025-01-19 00:14:00,2.29,2.29,2.288,2.29,7916.0
2025-01-19 00:15:00,2.291,2.307,2.291,2.307,24118.4
2025-01-19 00:16:00,2.306,2.316,2.306,2.311,29589.5
2025-01-19 00:17:00,2.311,2.324,2.311,2.32,20632.4
2025-01-19 00:18:00,2.319,2.328,2.316,2.328,8270.7
2025-01-19 00:19:00,2.327,2.332,2.318,2.321,33796.8
2025-01-19 00:20:00,2.321,2.322,2.314,2.317,8031.3
2025-01-19 00:21:00,2.315,2.316,2.314,2.316,1838.7
2025-01-19 00:22:00,2.315,2.315,2.311,2.312,5370.3
2025-01-19 00:23:00,2.312,2.32,2.312,2.318,7800.7
2025-01-19 00:24:00,2.317,2.322,2.317,2.319,7313.8
2025-01-19 00:25:00,2.317,2.324,2.315,2.323,10304.0
2025-01-19 00:26:00,2.324,2.337,2.324,2.336,24539.4
2025-01-19 00:27:00,2.337,2.337,2.33,2.331,28775.2
2025-01-19 00:28:00,2.332,2.333,2.324,2.332,5497.5
2025-01-19 00:29:00,2.331,2.342,2.331,2.337,37214.9
2025-01-19 00:30:00,2.337,2.358,2.336,2.358,74059.9
2025-01-19 00:31:00,2.357,2.366,2.338,2.339,120981.1
2025-01-19 00:32:00,2.339,2.357,2.339,2.35,38332.1
2025-01-19 00:33:00,2.35,2.356,2.346,2.347,55828.2
2025-01-19 00:34:00,2.347,2.359,2.346,2.357,29283.9
2025-01-19 00:35:00,2.356,2.363,2.351,2.359,29809.7
2025-01-19 00:36:00,2.359,2.359,2.313,2.313,109143.6
2025-01-19 00:37:00,2.314,2.314,2.304,2.306,32036.2
2025-01-19 00:38:00,2.306,2.307,2.297,2.298,24920.6
2025-01-19 00:39:00,2.299,2.303,2.296,2.296,15343.4
2025-01-19 00:40:00,2.298,2.298,2.287,2.29,23797.5
2025-01-19 00:41:00,2.29,2.291,2.286,2.287,7219.9
2025-01-19 00:42:00,2.287,2.289,2.283,2.289,7925.7
2025-01-19 00:43:00,2.289,2.293,2.289,2.29,1670.5
2025-01-19 00:44:00,2.291,2.293,2.288,2.289,4456.8
2025-01-19 00:45:00,2.289,2.291,2.288,2.29,6320.3
2025-01-19 00:46:00,2.29,2.292,2.289,2.291,6623.7
2025-01-19 00:47:00,2.292,2.293,2.29,2.293,4001.6
2025-01-19 00:48:00,2.292,2.294,2.289,2.289,8260.1
2025-01-19 00:49:00,2.29,2.293,2.289,2.293,5609.0
2025-01-19 00:50:00,2.292,2.299,2.291,2.299,7333.9
2025-01-19 00:51:00,2.299,2.3,2.296,2.296,3809.1
2025-01-19 00:52:00,2.296,2.297,2.293,2.296,1260.2
2025-01-19 00:53:00,2.296,2.297,2.293,2.293,3062.1
2025-01-19 00:54:00,2.293,2.293,2.288,2.292,12895.1
2025-01-19 00:55:00,2.292,2.296,2.292,2.294,1224.2
2025-01-19 00:56:00,2.294,2.294,2.291,2.292,1757.6
2025-01-19 00:57:00,2.291,2.291,2.286,2.289,3310.6
2025-01-19 00:58:00,2.289,2.296,2.289,2.293,1663.4
2025-01-19 00:59:00,2.291,2.291,2.288,2.29,5744.5
2025-01-19 01:00:00,2.29,2.291,2.289,2.289,8883.5
2025-01-19 01:01:00,2.289,2.29,2.286,2.289,4082.4
2025-01-19 01:02:00,2.29,2.298,2.29,2.298,2825.2
2025-01-19 01:03:00,2.298,2.3,2.297,2.3,2407.3
2025-01-19 01:04:00,2.299,2.299,2.297,2.298,2250.1
2025-01-19 01:05:00,2.298,2.298,2.296,2.297,1543.9
2025-01-19 01:06:00,2.296,2.297,2.294,2.297,3123.6
2025-01-19 01:07:00,2.298,2.299,2.298,2.298,3696.8
2025-01-19 01:08:00,2.297,2.301,2.296,2.3,9506.7
2025-01-19 01:09:00,2.3,2.302,2.3,2.302,4738.3
2025-01-19 01:10:00,2.302,2.309,2.302,2.308,5342.0
2025-01-19 01:11:00,2.308,2.309,2.308,2.309,1696.1
2025-01-19 01:12:00,2.309,2.31,2.307,2.309,597.1
2025-01-19 01:13:00,2.309,2.31,2.307,2.308,2754.6
2025-01-19 01:14:00,2.308,2.309,2.306,2.307,1701.3
2025-01-19 01:15:00,2.308,2.314,2.308,2.312,5880.4
2025-01-19 01:16:00,2.312,2.312,2.303,2.306,4504.2
2025-01-19 01:17:00,2.307,2.309,2.306,2.309,675.2
2025-01-19 01:18:00,2.31,2.311,2.307,2.308,3586.9
2025-01-19 01:19:00,2.309,2.312,2.309,2.311,3479.8
2025-01-19 01:20:00,2.309,2.312,2.309,2.312,945.2
2025-01-19 01:21:00,2.312,2.313,2.307,2.307,12358.0
2025-01-19 01:22:00,2.306,2.308,2.305,2.308,1865.2
2025-01-19 01:23:00,2.308,2.308,2.304,2.304,2763.2
2025-01-19 01:24:00,2.305,2.308,2.305,2.305,3482.6
2025-01-19 01:25:00,2.305,2.305,2.3,2.304,7539.2
2025-01-19 01:26:00,2.303,2.306,2.303,2.305,2964.9
2025-01-19 01:27:00,2.302,2.306,2.302,2.305,2002.3
2025-01-19 01:28:00,2.306,2.307,2.302,2.303,9680.0
2025-01-19 01:29:00,2.302,2.303,2.301,2.302,244.1
2025-01-19 01:30:00,2.303,2.307,2.303,2.303,3322.5
2025-01-19 01:31:00,2.302,2.302,2.297,2.298,3363.6
2025-01-19 01:32:00,2.298,2.303,2.298,2.303,2993.9
2025-01-19 01:33:00,2.302,2.302,2.3,2.301,845.6
2025-01-19 01:34:00,2.3,2.307,2.298,2.307,5020.4
2025-01-19 01:35:00,2.308,2.313,2.308,2.313,2007.5
2025-01-19 01:36:00,2.313,2.313,2.31,2.312,1541.4
2025-01-19 01:37:00,2.312,2.315,2.312,2.314,1620.7
2025-01-19 01:38:00,2.314,2.318,2.313,2.318,8181.1
2025-01-19 01:39:00,2.318,2.321,2.318,2.32,6151.1
2025-01-19 01:40:00,2.32,2.324,2.32,2.324,1784.8
2025-01-19 01:41:00,2.325,2.325,2.317,2.317,16204.4
2025-01-19 01:42:00,2.317,2.32,2.317,2.318,9718.4
2025-01-19 01:43:00,2.318,2.318,2.316,2.318,16019.6
2025-01-19 01:44:00,2.319,2.32,2.316,2.319,941.3
2025-01-19 01:45:00,2.319,2.322,2.319,2.321,3483.5
2025-01-19 01:46:00,2.321,2.324,2.32,2.324,1157.9
2025-01-19 01:47:00,2.324,2.325,2.324,2.324,1947.8
2025-01-19 01:48:00,2.326,2.327,2.322,2.323,1947.0
2025-01-19 01:49:00,2.321,2.321,2.319,2.319,843.8
2025-01-19 01:50:00,2.321,2.325,2.321,2.325,1344.3
2025-01-19 01:51:00,2.325,2.325,2.32,2.321,847.4
2025-01-19 01:52:00,2.321,2.321,2.317,2.32,975.6
2025-01-19 01:53:00,2.32,2.322,2.319,2.321,1640.4
2025-01-19 01:54:00,2.321,2.321,2.319,2.319,454.2
2025-01-19 01:55:00,2.319,2.32,2.318,2.318,1304.3
2025-01-19 01:56:00,2.318,2.321,2.318,2.32,1006.2
2025-01-19 01:57:00,2.32,2.32,2.317,2.317,471.7
2025-01-19 01:58:00,2.317,2.318,2.317,2.318,232.0
2025-01-19 01:59:00,2.317,2.32,2.316,2.32,314.5
2025-01-19 02:00:00,2.321,2.326,2.321,2.321,3436.6
2025-01-19 02:01:00,2.32,2.321,2.318,2.318,144.3
2025-01-19 02:02:00,2.317,2.318,2.316,2.318,752.0
2025-01-19 02:03:00,2.318,2.32,2.318,2.32,1173.6
2025-01-19 02:04:00,2.32,2.321,2.318,2.321,955.2
2025-01-19 02:05:00,2.321,2.322,2.319,2.32,2840.3
2025-01-19 02:06:00,2.32,2.32,2.317,2.317,2512.1
2025-01-19 02:07:00,2.317,2.321,2.317,2.321,851.4
2025-01-19 02:08:00,2.322,2.325,2.32,2.325,1117.0
2025-01-19 02:09:00,2.324,2.324,2.321,2.321,907.8
2025-01-19 02:10:00,2.322,2.323,2.321,2.321,1748.1
2025-01-19 02:11:00,2.322,2.323,2.32,2.32,1500.9
2025-01-19 02:12:00,2.321,2.324,2.318,2.318,23740.2
2025-01-19 02:13:00,2.317,2.319,2.317,2.318,12298.6
2025-01-19 02:14:00,2.319,2.323,2.319,2.322,1437.0
2025-01-19 02:15:00,2.323,2.323,2.322,2.322,2091.7
2025-01-19 02:16:00,2.318,2.319,2.317,2.318,1575.8
2025-01-19 02:17:00,2.318,2.318,2.313,2.313,3201.8
2025-01-19 02:18:00,2.313,2.314,2.313,2.314,920.4
2025-01-19 02:19:00,2.314,2.316,2.313,2.315,1675.1
2025-01-19 02:20:00,2.315,2.315,2.313,2.313,266.7
2025-01-19 02:21:00,2.314,2.316,2.313,2.315,3221.7
2025-01-19 02:22:00,2.314,2.316,2.314,2.315,1434.1
2025-01-19 02:23:00,2.317,2.322,2.317,2.32,5220.9
2025-01-19 02:24:00,2.319,2.32,2.319,2.319,953.6
2025-01-19 02:25:00,2.318,2.32,2.318,2.32,1131.6
2025-01-19 02:26:00,2.323,2.324,2.318,2.318,2950.0
2025-01-19 02:27:00,2.318,2.319,2.318,2.318,622.3
2025-01-19 02:28:00,2.318,2.32,2.318,2.319,444.7
2025-01-19 02:29:00,2.32,2.321,2.319,2.319,895.5
2025-01-19 02:30:00,2.319,2.323,2.319,2.322,1110.2
2025-01-19 02:31:00,2.321,2.322,2.32,2.321,2314.6
2025-01-19 02:32:00,2.318,2.318,2.313,2.313,2135.0
2025-01-19 02:33:00,2.312,2.314,2.311,2.312,1229.2
2025-01-19 02:34:00,2.312,2.316,2.312,2.315,7091.0
2025-01-19 02:35:00,2.313,2.313,2.312,2.312,1512.5
2025-01-19 02:36:00,2.313,2.32,2.311,2.32,2156.5
2025-01-19 02:37:00,2.319,2.319,2.318,2.318,467.1
2025-01-19 02:38:00,2.32,2.325,2.32,2.325,522.2
2025-01-19 02:39:00,2.326,2.326,2.325,2.326,315.1
2025-01-19 02:40:00,2.327,2.33,2.327,2.328,1521.1
2025-01-19 02:41:00,2.327,2.327,2.326,2.326,692.9
2025-01-19 02:42:00,2.325,2.329,2.325,2.327,2597.6
2025-01-19 02:43:00,2.327,2.328,2.326,2.327,178.4
2025-01-19 02:44:00,2.327,2.328,2.325,2.325,1356.7
2025-01-19 02:45:00,2.324,2.326,2.32,2.322,4393.1
2025-01-19 02:46:00,2.323,2.323,2.318,2.318,703.2
2025-01-19 02:47:00,2.32,2.321,2.32,2.32,494.8
2025-01-19 02:48:00,2.32,2.32,2.319,2.32,2011.5
2025-01-19 02:49:00,2.319,2.319,2.314,2.314,857.3
2025-01-19 02:50:00,2.314,2.315,2.31,2.315,4018.8
2025-01-19 02:51:00,2.314,2.314,2.312,2.313,719.1
2025-01-19 02:52:00,2.315,2.317,2.314,2.317,3885.8
2025-01-19 02:53:00,2.316,2.316,2.315,2.315,802.1
2025-01-19 02:54:00,2.315,2.316,2.314,2.316,2828.2
2025-01-19 02:55:00,2.315,2.316,2.315,2.315,216.3
2025-01-19 02:56:00,2.313,2.314,2.312,2.313,5995.2
2025-01-19 02:57:00,2.311,2.311,2.311,2.311,67.1
2025-01-19 02:58:00,2.311,2.311,2.306,2.306,10085.7
2025-01-19 02:59:00,2.306,2.306,2.302,2.306,5710.8
2025-01-19 03:00:00,2.306,2.307,2.302,2.302,685.9
2025-01-19 03:01:00,2.302,2.304,2.302,2.303,618.7
2025-01-19 03:02:00,2.303,2.307,2.302,2.307,3138.3
2025-01-19 03:03:00,2.308,2.308,2.304,2.304,2046.6
2025-01-19 03:04:00,2.304,2.306,2.304,2.306,486.7
2025-01-19 03:05:00,2.306,2.308,2.305,2.306,375.6
2025-01-19 03:06:00,2.306,2.306,2.304,2.304,426.2
2025-01-19 03:07:00,2.302,2.302,2.299,2.299,1966.3
2025-01-19 03:08:00,2.299,2.299,2.296,2.296,3471.3
2025-01-19 03:09:00,2.296,2.296,2.294,2.296,1079.0
2025-01-19 03:10:00,2.296,2.296,2.287,2.288,4721.9
2025-01-19 03:11:00,2.289,2.293,2.289,2.289,936.2
2025-01-19 03:12:00,2.29,2.29,2.287,2.288,549.7
2025-01-19 03:13:00,2.289,2.292,2.289,2.292,1036.3
2025-01-19 03:14:00,2.291,2.291,2.289,2.289,2063.3
2025-01-19 03:15:00,2.291,2.291,2.283,2.286,6789.2
2025-01-19 03:16:00,2.286,2.287,2.285,2.287,922.9
2025-01-19 03:17:00,2.286,2.287,2.284,2.286,7484.7
2025-01-19 03:18:00,2.287,2.289,2.286,2.288,4961.9
2025-01-19 03:19:00,2.287,2.289,2.286,2.287,2556.9
2025-01-19 03:20:00,2.288,2.291,2.288,2.29,746.0
2025-01-19 03:21:00,2.289,2.289,2.287,2.289,626.7
2025-01-19 03:22:00,2.287,2.287,2.284,2.285,2608.0
2025-01-19 03:23:00,2.283,2.285,2.283,2.284,1289.9
2025-01-19 03:24:00,2.283,2.283,2.278,2.279,5014.2
2025-01-19 03:25:00,2.279,2.279,2.276,2.279,7559.8
2025-01-19 03:26:00,2.278,2.28,2.277,2.28,1715.4
2025-01-19 03:27:00,2.279,2.279,2.277,2.278,2133.3
2025-01-19 03:28:00,2.278,2.279,2.278,2.278,1307.0
2025-01-19 03:29:00,2.278,2.281,2.278,2.281,1118.6
2025-01-19 03:30:00,2.281,2.283,2.28,2.283,25137.1
2025-01-19 03:31:00,2.282,2.283,2.28,2.28,832.8
2025-01-19 03:32:00,2.28,2.285,2.28,2.285,13466.8
2025-01-19 03:33:00,2.284,2.284,2.281,2.281,929.3
2025-01-19 03:34:00,2.279,2.281,2.278,2.281,1048.2
2025-01-19 03:35:00,2.281,2.281,2.278,2.278,3121.4
2025-01-19 03:36:00,2.277,2.282,2.277,2.282,1375.1
2025-01-19 03:37:00,2.28,2.28,2.278,2.279,251.6
2025-01-19 03:38:00,2.279,2.281,2.278,2.278,849.2
2025-01-19 03:39:00,2.277,2.277,2.276,2.277,718.9
2025-01-19 03:40:00,2.275,2.275,2.274,2.274,382.7
2025-01-19 03:41:00,2.274,2.274,2.273,2.273,140.9
2025-01-19 03:42:00,2.273,2.274,2.27,2.274,18857.2
2025-01-19 03:43:00,2.274,2.274,2.27,2.271,1557.4
2025-01-19 03:44:00,2.271,2.273,2.27,2.273,900.5
2025-01-19 03:45:00,2.273,2.274,2.272,2.274,482.2
2025-01-19 03:46:00,2.274,2.277,2.273,2.277,1524.3
2025-01-19 03:47:00,2.277,2.286,2.277,2.284,5925.2
2025-01-19 03:48:00,2.285,2.285,2.283,2.284,93.8
2025-01-19 03:49:00,2.285,2.289,2.285,2.289,277.1
2025-01-19 03:50:00,2.29,2.294,2.29,2.292,12083.5
2025-01-19 03:51:00,2.292,2.292,2.29,2.29,1413.0
2025-01-19 03:52:00,2.289,2.289,2.287,2.288,1726.0
2025-01-19 03:53:00,2.287,2.288,2.287,2.287,736.2
2025-01-19 03:54:00,2.287,2.287,2.286,2.286,4356.3
2025-01-19 03:55:00,2.286,2.289,2.286,2.287,829.1
2025-01-19 03:56:00,2.287,2.288,2.286,2.286,387.1
2025-01-19 03:57:00,2.285,2.285,2.28,2.28,1258.8
2025-01-19 03:58:00,2.278,2.278,2.277,2.278,860.2
2025-01-19 03:59:00,2.278,2.278,2.274,2.275,1021.0
2025-01-19 04:00:00,2.274,2.274,2.269,2.269,502.6
2025-01-19 04:01:00,2.269,2.269,2.263,2.265,6551.5
2025-01-19 04:02:00,2.265,2.272,2.264,2.272,2580.9
2025-01-19 04:03:00,2.272,2.272,2.268,2.268,524.0
2025-01-19 04:04:00,2.267,2.269,2.265,2.269,1513.0
2025-01-19 04:05:00,2.268,2.27,2.267,2.27,999.8
2025-01-19 04:06:00,2.271,2.274,2.271,2.271,1307.3
2025-01-19 04:07:00,2.272,2.275,2.272,2.275,2487.2
2025-01-19 04:08:00,2.275,2.275,2.272,2.273,5218.5
2025-01-19 04:09:00,2.273,2.273,2.269,2.269,2831.8
2025-01-19 04:10:00,2.266,2.268,2.264,2.264,8981.1
2025-01-19 04:11:00,2.263,2.263,2.26,2.26,4932.1
2025-01-19 04:12:00,2.261,2.263,2.261,2.262,664.7
2025-01-19 04:13:00,2.262,2.271,2.261,2.271,5366.6
2025-01-19 04:14:00,2.272,2.275,2.27,2.27,6021.2
2025-01-19 04:15:00,2.272,2.276,2.27,2.272,14232.0
2025-01-19 04:16:00,2.273,2.274,2.263,2.264,5035.3
2025-01-19 04:17:00,2.265,2.268,2.254,2.256,28850.2
2025-01-19 04:18:00,2.256,2.258,2.25,2.252,18928.2
2025-01-19 04:19:00,2.252,2.261,2.251,2.255,11443.6
2025-01-19 04:20:00,2.255,2.257,2.251,2.255,22712.4
2025-01-19 04:21:00,2.257,2.263,2.257,2.259,2119.7
2025-01-19 04:22:00,2.262,2.264,2.257,2.258,4042.0
2025-01-19 04:23:00,2.257,2.262,2.254,2.261,13228.4
2025-01-19 04:24:00,2.26,2.264,2.259,2.26,1762.6
2025-01-19 04:25:00,2.261,2.268,2.261,2.268,2438.8
2025-01-19 04:26:00,2.267,2.267,2.258,2.258,5246.4
2025-01-19 04:27:00,2.259,2.26,2.255,2.256,2470.7
2025-01-19 04:28:00,2.255,2.261,2.255,2.259,1981.3
2025-01-19 04:29:00,2.258,2.261,2.257,2.257,2361.6
2025-01-19 04:30:00,2.255,2.255,2.248,2.248,4968.4
2025-01-19 04:31:00,2.248,2.25,2.246,2.25,5024.9
2025-01-19 04:32:00,2.249,2.25,2.241,2.247,13236.9
2025-01-19 04:33:00,2.247,2.247,2.241,2.241,27577.6
2025-01-19 04:34:00,2.241,2.244,2.239,2.244,5132.0
2025-01-19 04:35:00,2.244,2.248,2.244,2.247,2002.0
2025-01-19 04:36:00,2.247,2.252,2.246,2.252,2762.6
2025-01-19 04:37:00,2.251,2.253,2.247,2.251,7495.0
2025-01-19 04:38:00,2.249,2.254,2.248,2.254,2968.7
2025-01-19 04:39:00,2.255,2.258,2.252,2.254,10203.7
2025-01-19 04:40:00,2.255,2.255,2.249,2.249,1390.2
2025-01-19 04:41:00,2.25,2.25,2.244,2.245,2410.9
2025-01-19 04:42:00,2.246,2.251,2.243,2.251,2289.2
2025-01-19 04:43:00,2.25,2.25,2.248,2.249,2947.4
2025-01-19 04:44:00,2.247,2.248,2.243,2.247,9579.1
2025-01-19 04:45:00,2.246,2.246,2.242,2.242,4352.5
2025-01-19 04:46:00,2.243,2.248,2.241,2.248,2174.2
2025-01-19 04:47:00,2.249,2.252,2.249,2.251,22358.1
2025-01-19 04:48:00,2.251,2.254,2.249,2.249,5593.4
2025-01-19 04:49:00,2.249,2.25,2.246,2.248,3630.5
2025-01-19 04:50:00,2.248,2.253,2.248,2.248,3915.8
2025-01-19 04:51:00,2.248,2.248,2.239,2.242,3881.1
2025-01-19 04:52:00,2.242,2.248,2.242,2.248,3112.0
2025-01-19 04:53:00,2.248,2.248,2.244,2.247,2358.2
2025-01-19 04:54:00,2.245,2.246,2.242,2.245,7487.9
2025-01-19 04:55:00,2.244,2.244,2.238,2.24,5136.1
2025-01-19 04:56:00,2.241,2.244,2.238,2.243,7901.0
2025-01-19 04:57:00,2.242,2.246,2.242,2.246,4033.8
2025-01-19 04:58:00,2.246,2.247,2.243,2.246,4154.6
2025-01-19 04:59:00,2.246,2.246,2.243,2.245,6765.1
2025-01-19 05:00:00,2.243,2.251,2.243,2.251,23746.1
2025-01-19 05:01:00,2.253,2.253,2.248,2.249,3660.6
2025-01-19 05:02:00,2.248,2.248,2.245,2.245,89970.5
2025-01-19 05:03:00,2.246,2.25,2.245,2.245,16662.8
2025-01-19 05:04:00,2.246,2.248,2.241,2.241,87917.8
2025-01-19 05:05:00,2.241,2.241,2.236,2.238,13302.4
2025-01-19 05:06:00,2.237,2.243,2.235,2.242,11202.6
2025-01-19 05:07:00,2.243,2.245,2.241,2.241,4095.2
2025-01-19 05:08:00,2.241,2.243,2.236,2.237,4405.6
2025-01-19 05:09:00,2.237,2.237,2.228,2.23,5798.7
2025-01-19 05:10:00,2.23,2.234,2.229,2.229,5142.5
2025-01-19 05:11:00,2.228,2.229,2.225,2.227,6950.4
2025-01-19 05:12:00,2.227,2.231,2.226,2.229,4595.0
2025-01-19 05:13:00,2.23,2.23,2.224,2.224,4244.8
2025-01-19 05:14:00,2.224,2.224,2.222,2.223,7826.2
2025-01-19 05:15:00,2.223,2.223,2.219,2.22,26187.8
2025-01-19 05:16:00,2.219,2.228,2.219,2.228,18312.1
2025-01-19 05:17:00,2.227,2.227,2.221,2.222,1988.2
2025-01-19 05:18:00,2.222,2.224,2.22,2.224,11295.6
2025-01-19 05:19:00,2.223,2.227,2.221,2.227,13145.6
2025-01-19 05:20:00,2.228,2.233,2.228,2.233,6221.5
2025-01-19 05:21:00,2.232,2.238,2.232,2.238,3985.0
2025-01-19 05:22:00,2.239,2.242,2.239,2.24,1160.3
2025-01-19 05:23:00,2.24,2.242,2.239,2.239,5329.4
2025-01-19 05:24:00,2.24,2.242,2.239,2.241,12131.6
2025-01-19 05:25:00,2.241,2.241,2.239,2.239,1010.7
2025-01-19 05:26:00,2.239,2.241,2.238,2.238,1524.8
2025-01-19 05:27:00,2.237,2.238,2.236,2.237,1666.2
2025-01-19 05:28:00,2.236,2.238,2.235,2.238,3552.6
2025-01-19 05:29:00,2.237,2.237,2.235,2.237,698.2
2025-01-19 05:30:00,2.237,2.238,2.237,2.238,2093.7
2025-01-19 05:31:00,2.239,2.239,2.233,2.233,919.4
2025-01-19 05:32:00,2.23,2.231,2.228,2.23,2292.2
2025-01-19 05:33:00,2.23,2.232,2.229,2.231,2247.3
2025-01-19 05:34:00,2.232,2.233,2.23,2.233,3766.0
2025-01-19 05:35:00,2.232,2.233,2.229,2.229,2506.0
2025-01-19 05:36:00,2.23,2.234,2.23,2.234,6077.3
2025-01-19 05:37:00,2.234,2.234,2.233,2.233,8248.7
2025-01-19 05:38:00,2.233,2.235,2.233,2.235,20911.4
2025-01-19 05:39:00,2.235,2.235,2.233,2.233,1860.6
2025-01-19 05:40:00,2.233,2.233,2.226,2.226,17516.6
2025-01-19 05:41:00,2.227,2.228,2.225,2.226,1596.3
2025-01-19 05:42:00,2.226,2.228,2.225,2.226,8357.6
2025-01-19 05:43:00,2.227,2.228,2.226,2.227,1694.7
2025-01-19 05:44:00,2.226,2.231,2.226,2.229,5693.2
2025-01-19 05:45:00,2.23,2.232,2.229,2.231,6012.6
2025-01-19 05:46:00,2.229,2.229,2.224,2.225,710.9
2025-01-19 05:47:00,2.225,2.225,2.219,2.221,3494.6
2025-01-19 05:48:00,2.222,2.222,2.219,2.221,4362.6
2025-01-19 05:49:00,2.223,2.227,2.223,2.227,3542.3
2025-01-19 05:50:00,2.229,2.236,2.228,2.235,3454.5
2025-01-19 05:51:00,2.234,2.236,2.234,2.236,165.7
2025-01-19 05:52:00,2.236,2.237,2.235,2.235,1062.5
2025-01-19 05:53:00,2.236,2.237,2.235,2.236,984.3
2025-01-19 05:54:00,2.237,2.238,2.236,2.237,450.3
2025-01-19 05:55:00,2.239,2.241,2.237,2.241,3466.9
2025-01-19 05:56:00,2.241,2.244,2.24,2.24,12574.9
2025-01-19 05:57:00,2.242,2.242,2.239,2.24,1434.1
